redundancy_cluster_id,direction,decision_tf,size,jaccard_threshold,representative_composite_id,alias_composite_ids,members,COMPOSITE_REDUNDANCY_METHOD
NR-000000,DOWN,15m,2,0.95,COMP|T5_ANCHOR_MICRO|DOWN|18d28ad866ee7ff1,"[""COMP|T5_ANCHOR_MICRO|DOWN|ae8038134d888eba""]","[""COMP|T5_ANCHOR_MICRO|DOWN|18d28ad866ee7ff1"", ""COMP|T5_ANCHOR_MICRO|DOWN|ae8038134d888eba""]",EVENT_STREAM_JACCARD
NR-000001,DOWN,15m,2,0.95,COMP|T5_ANCHOR_MICRO|DOWN|e610b774e4cd3ddb,"[""COMP|T5_ANCHOR_MICRO|DOWN|5d4483b9ac5c251b""]","[""COMP|T5_ANCHOR_MICRO|DOWN|5d4483b9ac5c251b"", ""COMP|T5_ANCHOR_MICRO|DOWN|e610b774e4cd3ddb""]",EVENT_STREAM_JACCARD
NR-000002,DOWN,15m,2,0.95,COMP|T5_ANCHOR_MICRO|DOWN|2119616714f6f183,"[""COMP|T5_ANCHOR_MICRO|DOWN|d3987b17970abe4b""]","[""COMP|T5_ANCHOR_MICRO|DOWN|2119616714f6f183"", ""COMP|T5_ANCHOR_MICRO|DOWN|d3987b17970abe4b""]",EVENT_STREAM_JACCARD
NR-000003,DOWN,15m,2,0.95,COMP|T5_ANCHOR_MICRO|DOWN|1c874ea1264301d7,"[""COMP|T5_ANCHOR_MICRO|DOWN|f6405bb2ee80606f""]","[""COMP|T5_ANCHOR_MICRO|DOWN|1c874ea1264301d7"", ""COMP|T5_ANCHOR_MICRO|DOWN|f6405bb2ee80606f""]",EVENT_STREAM_JACCARD
NR-000004,DOWN,15m,2,0.95,COMP|T5_ANCHOR_MICRO|DOWN|b5094f0563287d9e,"[""COMP|T5_ANCHOR_MICRO|DOWN|b2176aa500a0197e""]","[""COMP|T5_ANCHOR_MICRO|DOWN|b2176aa500a0197e"", ""COMP|T5_ANCHOR_MICRO|DOWN|b5094f0563287d9e""]",EVENT_STREAM_JACCARD
NR-000005,DOWN,15m,2,0.95,COMP|T5_ANCHOR_MICRO|DOWN|66184cb313325b79,"[""COMP|T5_ANCHOR_MICRO|DOWN|993b463433dfa049""]","[""COMP|T5_ANCHOR_MICRO|DOWN|66184cb313325b79"", ""COMP|T5_ANCHOR_MICRO|DOWN|993b463433dfa049""]",EVENT_STREAM_JACCARD
NR-000006,DOWN,15m,2,0.95,COMP|T5_ANCHOR_MICRO|DOWN|08d79fb5cfe423ea,"[""COMP|T5_ANCHOR_MICRO|DOWN|4ee6dd61dfc1e979""]","[""COMP|T5_ANCHOR_MICRO|DOWN|08d79fb5cfe423ea"", ""COMP|T5_ANCHOR_MICRO|DOWN|4ee6dd61dfc1e979""]",EVENT_STREAM_JACCARD
NR-000007,DOWN,15m,2,0.95,COMP|T5_ANCHOR_MICRO|DOWN|459dd3190ca342cf,"[""COMP|T5_ANCHOR_MICRO|DOWN|706cededf9faa605""]","[""COMP|T5_ANCHOR_MICRO|DOWN|459dd3190ca342cf"", ""COMP|T5_ANCHOR_MICRO|DOWN|706cededf9faa605""]",EVENT_STREAM_JACCARD
NR-000008,DOWN,1H,2,0.95,COMP|T1_DUAL_ANCHOR|DOWN|0234d2dd16fe641d,"[""COMP|T1_DUAL_ANCHOR|DOWN|b763f617a72fd4ef""]","[""COMP|T1_DUAL_ANCHOR|DOWN|0234d2dd16fe641d"", ""COMP|T1_DUAL_ANCHOR|DOWN|b763f617a72fd4ef""]",EVENT_STREAM_JACCARD
NR-000009,DOWN,1H,2,0.95,COMP|T6_CROSS_FAMILY_SAME_TF|DOWN|63189e74ff11409d,"[""COMP|T6_CROSS_FAMILY_SAME_TF|DOWN|c7611389b5d7dcdc""]","[""COMP|T6_CROSS_FAMILY_SAME_TF|DOWN|63189e74ff11409d"", ""COMP|T6_CROSS_FAMILY_SAME_TF|DOWN|c7611389b5d7dcdc""]",EVENT_STREAM_JACCARD
NR-000010,DOWN,1H,2,0.95,COMP|T6_CROSS_FAMILY_SAME_TF|DOWN|5358ddceba34289b,"[""COMP|T6_CROSS_FAMILY_SAME_TF|DOWN|efe0d226856d543e""]","[""COMP|T6_CROSS_FAMILY_SAME_TF|DOWN|5358ddceba34289b"", ""COMP|T6_CROSS_FAMILY_SAME_TF|DOWN|efe0d226856d543e""]",EVENT_STREAM_JACCARD
NR-000011,DOWN,1H,2,0.95,COMP|T6_CROSS_FAMILY_SAME_TF|DOWN|3c91daeba926aa53,"[""COMP|T6_CROSS_FAMILY_SAME_TF|DOWN|6cf8bb3845b41176""]","[""COMP|T6_CROSS_FAMILY_SAME_TF|DOWN|3c91daeba926aa53"", ""COMP|T6_CROSS_FAMILY_SAME_TF|DOWN|6cf8bb3845b41176""]",EVENT_STREAM_JACCARD
NR-000012,DOWN,1H,2,0.95,COMP|T1_DUAL_ANCHOR|DOWN|f80ab2f79f92ed78,"[""COMP|T1_DUAL_ANCHOR|DOWN|565e2480ca24d30c""]","[""COMP|T1_DUAL_ANCHOR|DOWN|565e2480ca24d30c"", ""COMP|T1_DUAL_ANCHOR|DOWN|f80ab2f79f92ed78""]",EVENT_STREAM_JACCARD
NR-000013,DOWN,1H,2,0.95,COMP|T6_CROSS_FAMILY_SAME_TF|DOWN|8bf5a0f489a430e2,"[""COMP|T6_CROSS_FAMILY_SAME_TF|DOWN|a9f5c7f510437ce4""]","[""COMP|T6_CROSS_FAMILY_SAME_TF|DOWN|8bf5a0f489a430e2"", ""COMP|T6_CROSS_FAMILY_SAME_TF|DOWN|a9f5c7f510437ce4""]",EVENT_STREAM_JACCARD
NR-000014,DOWN,1H,2,0.95,COMP|T1_DUAL_ANCHOR|DOWN|fc4238e272a23ad5,"[""COMP|T1_DUAL_ANCHOR|DOWN|3404168399320df5""]","[""COMP|T1_DUAL_ANCHOR|DOWN|3404168399320df5"", ""COMP|T1_DUAL_ANCHOR|DOWN|fc4238e272a23ad5""]",EVENT_STREAM_JACCARD
NR-000015,DOWN,1H,2,0.95,COMP|T6_CROSS_FAMILY_SAME_TF|DOWN|2c9e9637e247d178,"[""COMP|T6_CROSS_FAMILY_SAME_TF|DOWN|7b2f8bda28eee1fc""]","[""COMP|T6_CROSS_FAMILY_SAME_TF|DOWN|2c9e9637e247d178"", ""COMP|T6_CROSS_FAMILY_SAME_TF|DOWN|7b2f8bda28eee1fc""]",EVENT_STREAM_JACCARD
NR-000016,DOWN,1H,2,0.95,COMP|T6_CROSS_FAMILY_SAME_TF|DOWN|a046b6f0ff75c371,"[""COMP|T6_CROSS_FAMILY_SAME_TF|DOWN|220fb5364546fdc3""]","[""COMP|T6_CROSS_FAMILY_SAME_TF|DOWN|220fb5364546fdc3"", ""COMP|T6_CROSS_FAMILY_SAME_TF|DOWN|a046b6f0ff75c371""]",EVENT_STREAM_JACCARD
NR-000017,DOWN,1H,2,0.95,COMP|T1_DUAL_ANCHOR|DOWN|392e9cb3a79a500a,"[""COMP|T1_DUAL_ANCHOR|DOWN|99f062524495e644""]","[""COMP|T1_DUAL_ANCHOR|DOWN|392e9cb3a79a500a"", ""COMP|T1_DUAL_ANCHOR|DOWN|99f062524495e644""]",EVENT_STREAM_JACCARD
NR-000018,DOWN,1H,2,0.95,COMP|T1_DUAL_ANCHOR|DOWN|0aea849d678698e5,"[""COMP|T1_DUAL_ANCHOR|DOWN|a31342f19b548b67""]","[""COMP|T1_DUAL_ANCHOR|DOWN|0aea849d678698e5"", ""COMP|T1_DUAL_ANCHOR|DOWN|a31342f19b548b67""]",EVENT_STREAM_JACCARD
NR-000019,DOWN,1H,2,0.95,COMP|T1_DUAL_ANCHOR|DOWN|4365d8f2f5d65856,"[""COMP|T1_DUAL_ANCHOR|DOWN|b9ab3913b2378c86""]","[""COMP|T1_DUAL_ANCHOR|DOWN|4365d8f2f5d65856"", ""COMP|T1_DUAL_ANCHOR|DOWN|b9ab3913b2378c86""]",EVENT_STREAM_JACCARD
NR-000020,DOWN,1H,2,0.95,COMP|T1_DUAL_ANCHOR|DOWN|275a94cced10760a,"[""COMP|T1_DUAL_ANCHOR|DOWN|884c011f14e00ad9""]","[""COMP|T1_DUAL_ANCHOR|DOWN|275a94cced10760a"", ""COMP|T1_DUAL_ANCHOR|DOWN|884c011f14e00ad9""]",EVENT_STREAM_JACCARD
NR-000021,DOWN,1H,2,0.95,COMP|T6_CROSS_FAMILY_SAME_TF|DOWN|5b8f0b23c61e5e86,"[""COMP|T1_DUAL_ANCHOR|DOWN|da3232ca23f18c93""]","[""COMP|T1_DUAL_ANCHOR|DOWN|da3232ca23f18c93"", ""COMP|T6_CROSS_FAMILY_SAME_TF|DOWN|5b8f0b23c61e5e86""]",EVENT_STREAM_JACCARD
NR-000022,DOWN,1H,2,0.95,COMP|T6_CROSS_FAMILY_SAME_TF|DOWN|3d14f57c590d0c48,"[""COMP|T6_CROSS_FAMILY_SAME_TF|DOWN|b858dc1bd7defb0b""]","[""COMP|T6_CROSS_FAMILY_SAME_TF|DOWN|3d14f57c590d0c48"", ""COMP|T6_CROSS_FAMILY_SAME_TF|DOWN|b858dc1bd7defb0b""]",EVENT_STREAM_JACCARD
NR-000023,DOWN,1H,2,0.95,COMP|T6_CROSS_FAMILY_SAME_TF|DOWN|53d93d2e86189817,"[""COMP|T6_CROSS_FAMILY_SAME_TF|DOWN|89316b9243456140""]","[""COMP|T6_CROSS_FAMILY_SAME_TF|DOWN|53d93d2e86189817"", ""COMP|T6_CROSS_FAMILY_SAME_TF|DOWN|89316b9243456140""]",EVENT_STREAM_JACCARD
NR-000024,DOWN,1H,2,0.95,COMP|T6_CROSS_FAMILY_SAME_TF|DOWN|a25a6cfaf71f7e29,"[""COMP|T6_CROSS_FAMILY_SAME_TF|DOWN|055386798ae7db61""]","[""COMP|T6_CROSS_FAMILY_SAME_TF|DOWN|055386798ae7db61"", ""COMP|T6_CROSS_FAMILY_SAME_TF|DOWN|a25a6cfaf71f7e29""]",EVENT_STREAM_JACCARD
NR-000025,DOWN,1H,3,0.95,COMP|T6_CROSS_FAMILY_SAME_TF|DOWN|164b659ea734fa36,"[""COMP|T6_CROSS_FAMILY_SAME_TF|DOWN|a41004fca5801737"", ""COMP|T6_CROSS_FAMILY_SAME_TF|DOWN|c37735fa9270a7f9""]","[""COMP|T6_CROSS_FAMILY_SAME_TF|DOWN|164b659ea734fa36"", ""COMP|T6_CROSS_FAMILY_SAME_TF|DOWN|a41004fca5801737"", ""COMP|T6_CROSS_FAMILY_SAME_TF|DOWN|c37735fa9270a7f9""]",EVENT_STREAM_JACCARD
NR-000026,DOWN,2H,2,0.95,COMP|T6_CROSS_FAMILY_SAME_TF|DOWN|92ececed9d9fb192,"[""COMP|T6_CROSS_FAMILY_SAME_TF|DOWN|7147e70866d58678""]","[""COMP|T6_CROSS_FAMILY_SAME_TF|DOWN|7147e70866d58678"", ""COMP|T6_CROSS_FAMILY_SAME_TF|DOWN|92ececed9d9fb192""]",EVENT_STREAM_JACCARD
NR-000027,DOWN,2H,2,0.95,COMP|T6_CROSS_FAMILY_SAME_TF|DOWN|6e2a5f1ff9d28fb9,"[""COMP|T6_CROSS_FAMILY_SAME_TF|DOWN|3f051164528d2cdc""]","[""COMP|T6_CROSS_FAMILY_SAME_TF|DOWN|3f051164528d2cdc"", ""COMP|T6_CROSS_FAMILY_SAME_TF|DOWN|6e2a5f1ff9d28fb9""]",EVENT_STREAM_JACCARD
NR-000028,DOWN,2H,2,0.95,COMP|T6_CROSS_FAMILY_SAME_TF|DOWN|66429de19447db9c,"[""COMP|T6_CROSS_FAMILY_SAME_TF|DOWN|3baae8b679e91051""]","[""COMP|T6_CROSS_FAMILY_SAME_TF|DOWN|3baae8b679e91051"", ""COMP|T6_CROSS_FAMILY_SAME_TF|DOWN|66429de19447db9c""]",EVENT_STREAM_JACCARD
NR-000029,DOWN,2H,2,0.95,COMP|T6_CROSS_FAMILY_SAME_TF|DOWN|17f45aa32167a52d,"[""COMP|T6_CROSS_FAMILY_SAME_TF|DOWN|d6d128c5cfd67eb5""]","[""COMP|T6_CROSS_FAMILY_SAME_TF|DOWN|17f45aa32167a52d"", ""COMP|T6_CROSS_FAMILY_SAME_TF|DOWN|d6d128c5cfd67eb5""]",EVENT_STREAM_JACCARD
NR-000030,DOWN,2H,2,0.95,COMP|T2_REGIME_ANCHOR|DOWN|3ec1055582080b9e,"[""COMP|T2_REGIME_ANCHOR|DOWN|5ccf067d89c7dfd6""]","[""COMP|T2_REGIME_ANCHOR|DOWN|3ec1055582080b9e"", ""COMP|T2_REGIME_ANCHOR|DOWN|5ccf067d89c7dfd6""]",EVENT_STREAM_JACCARD
NR-000031,DOWN,2H,2,0.95,COMP|T2_REGIME_ANCHOR|DOWN|5050be6c99007467,"[""COMP|T2_REGIME_ANCHOR|DOWN|3bd6d523e3e9f574""]","[""COMP|T2_REGIME_ANCHOR|DOWN|3bd6d523e3e9f574"", ""COMP|T2_REGIME_ANCHOR|DOWN|5050be6c99007467""]",EVENT_STREAM_JACCARD
NR-000032,DOWN,2H,2,0.95,COMP|T2_REGIME_ANCHOR|DOWN|3f5f8feed3ff5db7,"[""COMP|T2_REGIME_ANCHOR|DOWN|a4cc822b3296629b""]","[""COMP|T2_REGIME_ANCHOR|DOWN|3f5f8feed3ff5db7"", ""COMP|T2_REGIME_ANCHOR|DOWN|a4cc822b3296629b""]",EVENT_STREAM_JACCARD
NR-000033,DOWN,2H,2,0.95,COMP|T2_REGIME_ANCHOR|DOWN|4bb4a8160d810691,"[""COMP|T2_REGIME_ANCHOR|DOWN|8204b999d779c887""]","[""COMP|T2_REGIME_ANCHOR|DOWN|4bb4a8160d810691"", ""COMP|T2_REGIME_ANCHOR|DOWN|8204b999d779c887""]",EVENT_STREAM_JACCARD
NR-000034,DOWN,2H,2,0.95,COMP|T6_CROSS_FAMILY_SAME_TF|DOWN|44c4522a7afcd5ae,"[""COMP|T6_CROSS_FAMILY_SAME_TF|DOWN|a62b09844906ec83""]","[""COMP|T6_CROSS_FAMILY_SAME_TF|DOWN|44c4522a7afcd5ae"", ""COMP|T6_CROSS_FAMILY_SAME_TF|DOWN|a62b09844906ec83""]",EVENT_STREAM_JACCARD
NR-000035,DOWN,2H,2,0.95,COMP|T6_CROSS_FAMILY_SAME_TF|DOWN|10db9bd3e43e20e9,"[""COMP|T6_CROSS_FAMILY_SAME_TF|DOWN|1a0ea06d8b0e865e""]","[""COMP|T6_CROSS_FAMILY_SAME_TF|DOWN|10db9bd3e43e20e9"", ""COMP|T6_CROSS_FAMILY_SAME_TF|DOWN|1a0ea06d8b0e865e""]",EVENT_STREAM_JACCARD
NR-000036,DOWN,2H,2,0.95,COMP|T6_CROSS_FAMILY_SAME_TF|DOWN|9a66c1c160146369,"[""COMP|T6_CROSS_FAMILY_SAME_TF|DOWN|2a9f41247ce6fe5b""]","[""COMP|T6_CROSS_FAMILY_SAME_TF|DOWN|2a9f41247ce6fe5b"", ""COMP|T6_CROSS_FAMILY_SAME_TF|DOWN|9a66c1c160146369""]",EVENT_STREAM_JACCARD
NR-000037,DOWN,2H,2,0.95,COMP|T6_CROSS_FAMILY_SAME_TF|DOWN|8252adeb88ae7639,"[""COMP|T6_CROSS_FAMILY_SAME_TF|DOWN|ca552e52ba73156c""]","[""COMP|T6_CROSS_FAMILY_SAME_TF|DOWN|8252adeb88ae7639"", ""COMP|T6_CROSS_FAMILY_SAME_TF|DOWN|ca552e52ba73156c""]",EVENT_STREAM_JACCARD
NR-000038,DOWN,30m,5,0.95,COMP|T4_REGIME_ANCHOR_TRANSITION|DOWN|a9e3ae3e61c36923,"[""COMP|T3_ANCHOR_TRANSITION|DOWN|28c0cb2ce3c274aa"", ""COMP|T4_REGIME_ANCHOR_TRANSITION|DOWN|13f694a2b96a4310"", ""COMP|T4_REGIME_ANCHOR_TRANSITION|DOWN|34129004f2054c05"", ""COMP|T4_REGIME_ANCHOR_TRANSITION|DOWN|f4d08180c5234b48""]","[""COMP|T3_ANCHOR_TRANSITION|DOWN|28c0cb2ce3c274aa"", ""COMP|T4_REGIME_ANCHOR_TRANSITION|DOWN|13f694a2b96a4310"", ""COMP|T4_REGIME_ANCHOR_TRANSITION|DOWN|34129004f2054c05"", ""COMP|T4_REGIME_ANCHOR_TRANSITION|DOWN|a9e3ae3e61c36923"", ""COMP|T4_REGIME_ANCHOR_TRANSITION|DOWN|f4d08180c5234b48""]",EVENT_STREAM_JACCARD
NR-000039,DOWN,30m,5,0.95,COMP|T4_REGIME_ANCHOR_TRANSITION|DOWN|318a181d6d18a2db,"[""COMP|T4_REGIME_ANCHOR_TRANSITION|DOWN|5708a63cb6dc7ca4"", ""COMP|T4_REGIME_ANCHOR_TRANSITION|DOWN|749a2c0092af021d"", ""COMP|T4_REGIME_ANCHOR_TRANSITION|DOWN|a4904e6c54b8e7e9"", ""COMP|T4_REGIME_ANCHOR_TRANSITION|DOWN|ef9d74930954ed4b""]","[""COMP|T4_REGIME_ANCHOR_TRANSITION|DOWN|318a181d6d18a2db"", ""COMP|T4_REGIME_ANCHOR_TRANSITION|DOWN|5708a63cb6dc7ca4"", ""COMP|T4_REGIME_ANCHOR_TRANSITION|DOWN|749a2c0092af021d"", ""COMP|T4_REGIME_ANCHOR_TRANSITION|DOWN|a4904e6c54b8e7e9"", ""COMP|T4_REGIME_ANCHOR_TRANSITION|DOWN|ef9d74930954ed4b""]",EVENT_STREAM_JACCARD
NR-000040,DOWN,30m,2,0.95,COMP|T4_REGIME_ANCHOR_TRANSITION|DOWN|70e2ac8aceb657c3,"[""COMP|T4_REGIME_ANCHOR_TRANSITION|DOWN|8fd2d8a5dc2421f8""]","[""COMP|T4_REGIME_ANCHOR_TRANSITION|DOWN|70e2ac8aceb657c3"", ""COMP|T4_REGIME_ANCHOR_TRANSITION|DOWN|8fd2d8a5dc2421f8""]",EVENT_STREAM_JACCARD
NR-000041,DOWN,30m,2,0.95,COMP|T4_REGIME_ANCHOR_TRANSITION|DOWN|1f70e759eed65d27,"[""COMP|T4_REGIME_ANCHOR_TRANSITION|DOWN|ec43ac98eada52a8""]","[""COMP|T4_REGIME_ANCHOR_TRANSITION|DOWN|1f70e759eed65d27"", ""COMP|T4_REGIME_ANCHOR_TRANSITION|DOWN|ec43ac98eada52a8""]",EVENT_STREAM_JACCARD
NR-000042,DOWN,30m,8,0.95,COMP|T4_REGIME_ANCHOR_TRANSITION|DOWN|2c37c5bfcc874c11,"[""COMP|T3_ANCHOR_TRANSITION|DOWN|637194ade9c07151"", ""COMP|T4_REGIME_ANCHOR_TRANSITION|DOWN|01db88e3523edb2d"", ""COMP|T4_REGIME_ANCHOR_TRANSITION|DOWN|2be0b675318e5acf"", ""COMP|T4_REGIME_ANCHOR_TRANSITION|DOWN|3092f658bd66031e"", ""COMP|T4_REGIME_ANCHOR_TRANSITION|DOWN|7f664063141469ee"", ""COMP|T4_REGIME_ANCHOR_TRANSITION|DOWN|e31088ddbcf6d296"", ""COMP|T4_REGIME_ANCHOR_TRANSITION|DOWN|e3311ae508b1e8d1""]","[""COMP|T3_ANCHOR_TRANSITION|DOWN|637194ade9c07151"", ""COMP|T4_REGIME_ANCHOR_TRANSITION|DOWN|01db88e3523edb2d"", ""COMP|T4_REGIME_ANCHOR_TRANSITION|DOWN|2be0b675318e5acf"", ""COMP|T4_REGIME_ANCHOR_TRANSITION|DOWN|2c37c5bfcc874c11"", ""COMP|T4_REGIME_ANCHOR_TRANSITION|DOWN|3092f658bd66031e"", ""COMP|T4_REGIME_ANCHOR_TRANSITION|DOWN|7f664063141469ee"", ""COMP|T4_REGIME_ANCHOR_TRANSITION|DOWN|e31088ddbcf6d296"", ""COMP|T4_REGIME_ANCHOR_TRANSITION|DOWN|e3311ae508b1e8d1""]",EVENT_STREAM_JACCARD
NR-000043,DOWN,30m,2,0.95,COMP|T4_REGIME_ANCHOR_TRANSITION|DOWN|5fc1af0dc7380364,"[""COMP|T4_REGIME_ANCHOR_TRANSITION|DOWN|43e54281bdd8c66e""]","[""COMP|T4_REGIME_ANCHOR_TRANSITION|DOWN|43e54281bdd8c66e"", ""COMP|T4_REGIME_ANCHOR_TRANSITION|DOWN|5fc1af0dc7380364""]",EVENT_STREAM_JACCARD
NR-000044,DOWN,30m,7,0.95,COMP|T4_REGIME_ANCHOR_TRANSITION|DOWN|3c7098385c1e4b28,"[""COMP|T3_ANCHOR_TRANSITION|DOWN|35d908b6e8c4ec65"", ""COMP|T4_REGIME_ANCHOR_TRANSITION|DOWN|125a01aeef0cb9c7"", ""COMP|T4_REGIME_ANCHOR_TRANSITION|DOWN|41ed4fd4116ec9b6"", ""COMP|T4_REGIME_ANCHOR_TRANSITION|DOWN|52ddc9f93fe7c530"", ""COMP|T4_REGIME_ANCHOR_TRANSITION|DOWN|5ed152c4ca502ab3"", ""COMP|T4_REGIME_ANCHOR_TRANSITION|DOWN|9e069922f6f8a54e""]","[""COMP|T3_ANCHOR_TRANSITION|DOWN|35d908b6e8c4ec65"", ""COMP|T4_REGIME_ANCHOR_TRANSITION|DOWN|125a01aeef0cb9c7"", ""COMP|T4_REGIME_ANCHOR_TRANSITION|DOWN|3c7098385c1e4b28"", ""COMP|T4_REGIME_ANCHOR_TRANSITION|DOWN|41ed4fd4116ec9b6"", ""COMP|T4_REGIME_ANCHOR_TRANSITION|DOWN|52ddc9f93fe7c530"", ""COMP|T4_REGIME_ANCHOR_TRANSITION|DOWN|5ed152c4ca502ab3"", ""COMP|T4_REGIME_ANCHOR_TRANSITION|DOWN|9e069922f6f8a54e""]",EVENT_STREAM_JACCARD
NR-000045,DOWN,30m,6,0.95,COMP|T4_REGIME_ANCHOR_TRANSITION|DOWN|1637652d6c0f69bb,"[""COMP|T3_ANCHOR_TRANSITION|DOWN|0853b91600572b36"", ""COMP|T4_REGIME_ANCHOR_TRANSITION|DOWN|1d64642e04e04c45"", ""COMP|T4_REGIME_ANCHOR_TRANSITION|DOWN|2afd6f267e33de4c"", ""COMP|T4_REGIME_ANCHOR_TRANSITION|DOWN|365ced578273efd3"", ""COMP|T4_REGIME_ANCHOR_TRANSITION|DOWN|4226ff14553c7ed5""]","[""COMP|T3_ANCHOR_TRANSITION|DOWN|0853b91600572b36"", ""COMP|T4_REGIME_ANCHOR_TRANSITION|DOWN|1637652d6c0f69bb"", ""COMP|T4_REGIME_ANCHOR_TRANSITION|DOWN|1d64642e04e04c45"", ""COMP|T4_REGIME_ANCHOR_TRANSITION|DOWN|2afd6f267e33de4c"", ""COMP|T4_REGIME_ANCHOR_TRANSITION|DOWN|365ced578273efd3"", ""COMP|T4_REGIME_ANCHOR_TRANSITION|DOWN|4226ff14553c7ed5""]",EVENT_STREAM_JACCARD
NR-000046,DOWN,30m,7,0.95,COMP|T4_REGIME_ANCHOR_TRANSITION|DOWN|7af448c17d8813d4,"[""COMP|T3_ANCHOR_TRANSITION|DOWN|4b741adc8b28fd87"", ""COMP|T4_REGIME_ANCHOR_TRANSITION|DOWN|1db8524ad65a9720"", ""COMP|T4_REGIME_ANCHOR_TRANSITION|DOWN|33dcf3a41f3c40a7"", ""COMP|T4_REGIME_ANCHOR_TRANSITION|DOWN|4f4abc7de4ca8d32"", ""COMP|T4_REGIME_ANCHOR_TRANSITION|DOWN|696cccf8c253b8b2"", ""COMP|T4_REGIME_ANCHOR_TRANSITION|DOWN|80093318510f0d4f""]","[""COMP|T3_ANCHOR_TRANSITION|DOWN|4b741adc8b28fd87"", ""COMP|T4_REGIME_ANCHOR_TRANSITION|DOWN|1db8524ad65a9720"", ""COMP|T4_REGIME_ANCHOR_TRANSITION|DOWN|33dcf3a41f3c40a7"", ""COMP|T4_REGIME_ANCHOR_TRANSITION|DOWN|4f4abc7de4ca8d32"", ""COMP|T4_REGIME_ANCHOR_TRANSITION|DOWN|696cccf8c253b8b2"", ""COMP|T4_REGIME_ANCHOR_TRANSITION|DOWN|7af448c17d8813d4"", ""COMP|T4_REGIME_ANCHOR_TRANSITION|DOWN|80093318510f0d4f""]",EVENT_STREAM_JACCARD
NR-000047,DOWN,30m,9,0.95,COMP|T4_REGIME_ANCHOR_TRANSITION|DOWN|d5c0a7ffecc929a4,"[""COMP|T3_ANCHOR_TRANSITION|DOWN|116a038968ef1ad2"", ""COMP|T4_REGIME_ANCHOR_TRANSITION|DOWN|337d435697546dad"", ""COMP|T4_REGIME_ANCHOR_TRANSITION|DOWN|575ecf622b0026ba"", ""COMP|T4_REGIME_ANCHOR_TRANSITION|DOWN|5eb3681bf9c9048f"", ""COMP|T4_REGIME_ANCHOR_TRANSITION|DOWN|700d6c470390c501"", ""COMP|T4_REGIME_ANCHOR_TRANSITION|DOWN|d85595e1cea36e9e"", ""COMP|T4_REGIME_ANCHOR_TRANSITION|DOWN|f6466fe58c9cc64e"", ""COMP|T4_REGIME_ANCHOR_TRANSITION|DOWN|fef4d6d40cddc8e5""]","[""COMP|T3_ANCHOR_TRANSITION|DOWN|116a038968ef1ad2"", ""COMP|T4_REGIME_ANCHOR_TRANSITION|DOWN|337d435697546dad"", ""COMP|T4_REGIME_ANCHOR_TRANSITION|DOWN|575ecf622b0026ba"", ""COMP|T4_REGIME_ANCHOR_TRANSITION|DOWN|5eb3681bf9c9048f"", ""COMP|T4_REGIME_ANCHOR_TRANSITION|DOWN|700d6c470390c501"", ""COMP|T4_REGIME_ANCHOR_TRANSITION|DOWN|d5c0a7ffecc929a4"", ""COMP|T4_REGIME_ANCHOR_TRANSITION|DOWN|d85595e1cea36e9e"", ""COMP|T4_REGIME_ANCHOR_TRANSITION|DOWN|f6466fe58c9cc64e"", ""COMP|T4_REGIME_ANCHOR_TRANSITION|DOWN|fef4d6d40cddc8e5""]",EVENT_STREAM_JACCARD
NR-000048,DOWN,30m,2,0.95,COMP|T4_REGIME_ANCHOR_TRANSITION|DOWN|bbe19d7baef31b79,"[""COMP|T4_REGIME_ANCHOR_TRANSITION|DOWN|b6f0f79e704be06b""]","[""COMP|T4_REGIME_ANCHOR_TRANSITION|DOWN|b6f0f79e704be06b"", ""COMP|T4_REGIME_ANCHOR_TRANSITION|DOWN|bbe19d7baef31b79""]",EVENT_STREAM_JACCARD
NR-000049,DOWN,30m,2,0.95,COMP|T4_REGIME_ANCHOR_TRANSITION|DOWN|b8efe11fb44681df,"[""COMP|T4_REGIME_ANCHOR_TRANSITION|DOWN|b489287a55e67955""]","[""COMP|T4_REGIME_ANCHOR_TRANSITION|DOWN|b489287a55e67955"", ""COMP|T4_REGIME_ANCHOR_TRANSITION|DOWN|b8efe11fb44681df""]",EVENT_STREAM_JACCARD
NR-000050,DOWN,30m,8,0.95,COMP|T4_REGIME_ANCHOR_TRANSITION|DOWN|899ef6e029030ae7,"[""COMP|T3_ANCHOR_TRANSITION|DOWN|6857171594e8fd4c"", ""COMP|T4_REGIME_ANCHOR_TRANSITION|DOWN|096839ac1d2caca4"", ""COMP|T4_REGIME_ANCHOR_TRANSITION|DOWN|0b6ddd72d313fc98"", ""COMP|T4_REGIME_ANCHOR_TRANSITION|DOWN|31f8ac6cb1d2e10a"", ""COMP|T4_REGIME_ANCHOR_TRANSITION|DOWN|3a2b31b0a6653054"", ""COMP|T4_REGIME_ANCHOR_TRANSITION|DOWN|7f6076f0c673fb81"", ""COMP|T4_REGIME_ANCHOR_TRANSITION|DOWN|fe6cff0d30078090""]","[""COMP|T3_ANCHOR_TRANSITION|DOWN|6857171594e8fd4c"", ""COMP|T4_REGIME_ANCHOR_TRANSITION|DOWN|096839ac1d2caca4"", ""COMP|T4_REGIME_ANCHOR_TRANSITION|DOWN|0b6ddd72d313fc98"", ""COMP|T4_REGIME_ANCHOR_TRANSITION|DOWN|31f8ac6cb1d2e10a"", ""COMP|T4_REGIME_ANCHOR_TRANSITION|DOWN|3a2b31b0a6653054"", ""COMP|T4_REGIME_ANCHOR_TRANSITION|DOWN|7f6076f0c673fb81"", ""COMP|T4_REGIME_ANCHOR_TRANSITION|DOWN|899ef6e029030ae7"", ""COMP|T4_REGIME_ANCHOR_TRANSITION|DOWN|fe6cff0d30078090""]",EVENT_STREAM_JACCARD
NR-000051,DOWN,30m,9,0.95,COMP|T4_REGIME_ANCHOR_TRANSITION|DOWN|519832526c85e01f,"[""COMP|T3_ANCHOR_TRANSITION|DOWN|beff1246f2ec74e8"", ""COMP|T4_REGIME_ANCHOR_TRANSITION|DOWN|3b192eafdf8e90f3"", ""COMP|T4_REGIME_ANCHOR_TRANSITION|DOWN|53c4bb782c6a0d37"", ""COMP|T4_REGIME_ANCHOR_TRANSITION|DOWN|5eaf315b471f55ab"", ""COMP|T4_REGIME_ANCHOR_TRANSITION|DOWN|78c38d5d2e4a8195"", ""COMP|T4_REGIME_ANCHOR_TRANSITION|DOWN|c92277b9ef7f3446"", ""COMP|T4_REGIME_ANCHOR_TRANSITION|DOWN|e2d3e8b21ec6ccf7"", ""COMP|T4_REGIME_ANCHOR_TRANSITION|DOWN|fe8380f63884104b""]","[""COMP|T3_ANCHOR_TRANSITION|DOWN|beff1246f2ec74e8"", ""COMP|T4_REGIME_ANCHOR_TRANSITION|DOWN|3b192eafdf8e90f3"", ""COMP|T4_REGIME_ANCHOR_TRANSITION|DOWN|519832526c85e01f"", ""COMP|T4_REGIME_ANCHOR_TRANSITION|DOWN|53c4bb782c6a0d37"", ""COMP|T4_REGIME_ANCHOR_TRANSITION|DOWN|5eaf315b471f55ab"", ""COMP|T4_REGIME_ANCHOR_TRANSITION|DOWN|78c38d5d2e4a8195"", ""COMP|T4_REGIME_ANCHOR_TRANSITION|DOWN|c92277b9ef7f3446"", ""COMP|T4_REGIME_ANCHOR_TRANSITION|DOWN|e2d3e8b21ec6ccf7"", ""COMP|T4_REGIME_ANCHOR_TRANSITION|DOWN|fe8380f63884104b""]",EVENT_STREAM_JACCARD
NR-000052,DOWN,30m,2,0.95,COMP|T4_REGIME_ANCHOR_TRANSITION|DOWN|d31964d4ae2c840b,"[""COMP|T4_REGIME_ANCHOR_TRANSITION|DOWN|f713d4e2a650e37e""]","[""COMP|T4_REGIME_ANCHOR_TRANSITION|DOWN|d31964d4ae2c840b"", ""COMP|T4_REGIME_ANCHOR_TRANSITION|DOWN|f713d4e2a650e37e""]",EVENT_STREAM_JACCARD
NR-000053,DOWN,30m,2,0.95,COMP|T4_REGIME_ANCHOR_TRANSITION|DOWN|d34b1b23c1bc8457,"[""COMP|T4_REGIME_ANCHOR_TRANSITION|DOWN|2401cdc04175faff""]","[""COMP|T4_REGIME_ANCHOR_TRANSITION|DOWN|2401cdc04175faff"", ""COMP|T4_REGIME_ANCHOR_TRANSITION|DOWN|d34b1b23c1bc8457""]",EVENT_STREAM_JACCARD
NR-000054,DOWN,30m,2,0.95,COMP|T4_REGIME_ANCHOR_TRANSITION|DOWN|fc59ac897ffc28a3,"[""COMP|T4_REGIME_ANCHOR_TRANSITION|DOWN|680ff04b774cf2fc""]","[""COMP|T4_REGIME_ANCHOR_TRANSITION|DOWN|680ff04b774cf2fc"", ""COMP|T4_REGIME_ANCHOR_TRANSITION|DOWN|fc59ac897ffc28a3""]",EVENT_STREAM_JACCARD
NR-000055,DOWN,30m,2,0.95,COMP|T4_REGIME_ANCHOR_TRANSITION|DOWN|b05a8a4fa6e319a5,"[""COMP|T4_REGIME_ANCHOR_TRANSITION|DOWN|1dd917702fc55d2d""]","[""COMP|T4_REGIME_ANCHOR_TRANSITION|DOWN|1dd917702fc55d2d"", ""COMP|T4_REGIME_ANCHOR_TRANSITION|DOWN|b05a8a4fa6e319a5""]",EVENT_STREAM_JACCARD
NR-000056,DOWN,30m,7,0.95,COMP|T4_REGIME_ANCHOR_TRANSITION|DOWN|8e7f31ac94c68583,"[""COMP|T3_ANCHOR_TRANSITION|DOWN|17c2f5ad59d7e261"", ""COMP|T4_REGIME_ANCHOR_TRANSITION|DOWN|14796cb2e43ad39f"", ""COMP|T4_REGIME_ANCHOR_TRANSITION|DOWN|234e4d5f76b67945"", ""COMP|T4_REGIME_ANCHOR_TRANSITION|DOWN|2696b1561ef10cec"", ""COMP|T4_REGIME_ANCHOR_TRANSITION|DOWN|755b30d0963f758c"", ""COMP|T4_REGIME_ANCHOR_TRANSITION|DOWN|873e55692f4599b0""]","[""COMP|T3_ANCHOR_TRANSITION|DOWN|17c2f5ad59d7e261"", ""COMP|T4_REGIME_ANCHOR_TRANSITION|DOWN|14796cb2e43ad39f"", ""COMP|T4_REGIME_ANCHOR_TRANSITION|DOWN|234e4d5f76b67945"", ""COMP|T4_REGIME_ANCHOR_TRANSITION|DOWN|2696b1561ef10cec"", ""COMP|T4_REGIME_ANCHOR_TRANSITION|DOWN|755b30d0963f758c"", ""COMP|T4_REGIME_ANCHOR_TRANSITION|DOWN|873e55692f4599b0"", ""COMP|T4_REGIME_ANCHOR_TRANSITION|DOWN|8e7f31ac94c68583""]",EVENT_STREAM_JACCARD
NR-000057,DOWN,30m,2,0.95,COMP|T4_REGIME_ANCHOR_TRANSITION|DOWN|7e390484d3f700a7,"[""COMP|T4_REGIME_ANCHOR_TRANSITION|DOWN|03e973ca2beebd5f""]","[""COMP|T4_REGIME_ANCHOR_TRANSITION|DOWN|03e973ca2beebd5f"", ""COMP|T4_REGIME_ANCHOR_TRANSITION|DOWN|7e390484d3f700a7""]",EVENT_STREAM_JACCARD
NR-000058,DOWN,30m,10,0.95,COMP|T4_REGIME_ANCHOR_TRANSITION|DOWN|b1855fa699c2c561,"[""COMP|T3_ANCHOR_TRANSITION|DOWN|2694cacd806d6295"", ""COMP|T3_ANCHOR_TRANSITION|DOWN|656b82544587cca9"", ""COMP|T4_REGIME_ANCHOR_TRANSITION|DOWN|04905dd54f94ec4b"", ""COMP|T4_REGIME_ANCHOR_TRANSITION|DOWN|4aeadae1d01fa4a1"", ""COMP|T4_REGIME_ANCHOR_TRANSITION|DOWN|4dbf3666520f5d94"", ""COMP|T4_REGIME_ANCHOR_TRANSITION|DOWN|805a40a7123f2854"", ""COMP|T4_REGIME_ANCHOR_TRANSITION|DOWN|923b7b0c31b59098"", ""COMP|T4_REGIME_ANCHOR_TRANSITION|DOWN|98e6e263c9fe2ebf"", ""COMP|T4_REGIME_ANCHOR_TRANSITION|DOWN|c2db3314d798d34c""]","[""COMP|T3_ANCHOR_TRANSITION|DOWN|2694cacd806d6295"", ""COMP|T3_ANCHOR_TRANSITION|DOWN|656b82544587cca9"", ""COMP|T4_REGIME_ANCHOR_TRANSITION|DOWN|04905dd54f94ec4b"", ""COMP|T4_REGIME_ANCHOR_TRANSITION|DOWN|4aeadae1d01fa4a1"", ""COMP|T4_REGIME_ANCHOR_TRANSITION|DOWN|4dbf3666520f5d94"", ""COMP|T4_REGIME_ANCHOR_TRANSITION|DOWN|805a40a7123f2854"", ""COMP|T4_REGIME_ANCHOR_TRANSITION|DOWN|923b7b0c31b59098"", ""COMP|T4_REGIME_ANCHOR_TRANSITION|DOWN|98e6e263c9fe2ebf"", ""COMP|T4_REGIME_ANCHOR_TRANSITION|DOWN|b1855fa699c2c561"", ""COMP|T4_REGIME_ANCHOR_TRANSITION|DOWN|c2db3314d798d34c""]",EVENT_STREAM_JACCARD
NR-000059,DOWN,30m,6,0.95,COMP|T4_REGIME_ANCHOR_TRANSITION|DOWN|2e74f2cc95ae305b,"[""COMP|T3_ANCHOR_TRANSITION|DOWN|857aaf1c1691d9ea"", ""COMP|T4_REGIME_ANCHOR_TRANSITION|DOWN|23360d5c3b13a705"", ""COMP|T4_REGIME_ANCHOR_TRANSITION|DOWN|5f257ca616e49c59"", ""COMP|T4_REGIME_ANCHOR_TRANSITION|DOWN|6866cb5fb855028e"", ""COMP|T4_REGIME_ANCHOR_TRANSITION|DOWN|ba0487ff491183f7""]","[""COMP|T3_ANCHOR_TRANSITION|DOWN|857aaf1c1691d9ea"", ""COMP|T4_REGIME_ANCHOR_TRANSITION|DOWN|23360d5c3b13a705"", ""COMP|T4_REGIME_ANCHOR_TRANSITION|DOWN|2e74f2cc95ae305b"", ""COMP|T4_REGIME_ANCHOR_TRANSITION|DOWN|5f257ca616e49c59"", ""COMP|T4_REGIME_ANCHOR_TRANSITION|DOWN|6866cb5fb855028e"", ""COMP|T4_REGIME_ANCHOR_TRANSITION|DOWN|ba0487ff491183f7""]",EVENT_STREAM_JACCARD
NR-000060,DOWN,30m,2,0.95,COMP|T4_REGIME_ANCHOR_TRANSITION|DOWN|421a269c6cb415b1,"[""COMP|T4_REGIME_ANCHOR_TRANSITION|DOWN|215124474554f7da""]","[""COMP|T4_REGIME_ANCHOR_TRANSITION|DOWN|215124474554f7da"", ""COMP|T4_REGIME_ANCHOR_TRANSITION|DOWN|421a269c6cb415b1""]",EVENT_STREAM_JACCARD
NR-000061,DOWN,30m,7,0.95,COMP|T4_REGIME_ANCHOR_TRANSITION|DOWN|641f5dfbba532ec4,"[""COMP|T3_ANCHOR_TRANSITION|DOWN|e110f18dc26bd6ee"", ""COMP|T4_REGIME_ANCHOR_TRANSITION|DOWN|3716075e9bee3495"", ""COMP|T4_REGIME_ANCHOR_TRANSITION|DOWN|4a7ac484cba1e7b3"", ""COMP|T4_REGIME_ANCHOR_TRANSITION|DOWN|4eb8cc5b7d174138"", ""COMP|T4_REGIME_ANCHOR_TRANSITION|DOWN|4f276dbe55afc338"", ""COMP|T4_REGIME_ANCHOR_TRANSITION|DOWN|9e548f5d872d712b""]","[""COMP|T3_ANCHOR_TRANSITION|DOWN|e110f18dc26bd6ee"", ""COMP|T4_REGIME_ANCHOR_TRANSITION|DOWN|3716075e9bee3495"", ""COMP|T4_REGIME_ANCHOR_TRANSITION|DOWN|4a7ac484cba1e7b3"", ""COMP|T4_REGIME_ANCHOR_TRANSITION|DOWN|4eb8cc5b7d174138"", ""COMP|T4_REGIME_ANCHOR_TRANSITION|DOWN|4f276dbe55afc338"", ""COMP|T4_REGIME_ANCHOR_TRANSITION|DOWN|641f5dfbba532ec4"", ""COMP|T4_REGIME_ANCHOR_TRANSITION|DOWN|9e548f5d872d712b""]",EVENT_STREAM_JACCARD
NR-000062,DOWN,30m,2,0.95,COMP|T4_REGIME_ANCHOR_TRANSITION|DOWN|0e4da47fde319b4f,"[""COMP|T4_REGIME_ANCHOR_TRANSITION|DOWN|1efbd1479473f5a5""]","[""COMP|T4_REGIME_ANCHOR_TRANSITION|DOWN|0e4da47fde319b4f"", ""COMP|T4_REGIME_ANCHOR_TRANSITION|DOWN|1efbd1479473f5a5""]",EVENT_STREAM_JACCARD
NR-000063,DOWN,30m,2,0.95,COMP|T4_REGIME_ANCHOR_TRANSITION|DOWN|3bb3ec77198aac9b,"[""COMP|T4_REGIME_ANCHOR_TRANSITION|DOWN|9bb1631ae7a1bfaa""]","[""COMP|T4_REGIME_ANCHOR_TRANSITION|DOWN|3bb3ec77198aac9b"", ""COMP|T4_REGIME_ANCHOR_TRANSITION|DOWN|9bb1631ae7a1bfaa""]",EVENT_STREAM_JACCARD
NR-000064,DOWN,30m,8,0.95,COMP|T4_REGIME_ANCHOR_TRANSITION|DOWN|f51afc76497c4c4d,"[""COMP|T3_ANCHOR_TRANSITION|DOWN|88bb9e4b8bb9c4ca"", ""COMP|T4_REGIME_ANCHOR_TRANSITION|DOWN|48bb98ad3eb4706d"", ""COMP|T4_REGIME_ANCHOR_TRANSITION|DOWN|4cd80f4d46ab608f"", ""COMP|T4_REGIME_ANCHOR_TRANSITION|DOWN|8535b2c382a92519"", ""COMP|T4_REGIME_ANCHOR_TRANSITION|DOWN|861d0a9a554af5c8"", ""COMP|T4_REGIME_ANCHOR_TRANSITION|DOWN|c8d9ab6420e31f37"", ""COMP|T4_REGIME_ANCHOR_TRANSITION|DOWN|d8db0e75ae67004e""]","[""COMP|T3_ANCHOR_TRANSITION|DOWN|88bb9e4b8bb9c4ca"", ""COMP|T4_REGIME_ANCHOR_TRANSITION|DOWN|48bb98ad3eb4706d"", ""COMP|T4_REGIME_ANCHOR_TRANSITION|DOWN|4cd80f4d46ab608f"", ""COMP|T4_REGIME_ANCHOR_TRANSITION|DOWN|8535b2c382a92519"", ""COMP|T4_REGIME_ANCHOR_TRANSITION|DOWN|861d0a9a554af5c8"", ""COMP|T4_REGIME_ANCHOR_TRANSITION|DOWN|c8d9ab6420e31f37"", ""COMP|T4_REGIME_ANCHOR_TRANSITION|DOWN|d8db0e75ae67004e"", ""COMP|T4_REGIME_ANCHOR_TRANSITION|DOWN|f51afc76497c4c4d""]",EVENT_STREAM_JACCARD
NR-000065,DOWN,30m,10,0.95,COMP|T4_REGIME_ANCHOR_TRANSITION|DOWN|2e43636d2a19fa8b,"[""COMP|T3_ANCHOR_TRANSITION|DOWN|5a4cc36bb73be8f2"", ""COMP|T4_REGIME_ANCHOR_TRANSITION|DOWN|1e1dc3752f7b5a47"", ""COMP|T4_REGIME_ANCHOR_TRANSITION|DOWN|43036e38a317feed"", ""COMP|T4_REGIME_ANCHOR_TRANSITION|DOWN|44fc8b6d88c96647"", ""COMP|T4_REGIME_ANCHOR_TRANSITION|DOWN|4b6f4b12b205a24f"", ""COMP|T4_REGIME_ANCHOR_TRANSITION|DOWN|69e3be20952b88f3"", ""COMP|T4_REGIME_ANCHOR_TRANSITION|DOWN|6d239c137d4d9d90"", ""COMP|T4_REGIME_ANCHOR_TRANSITION|DOWN|a7e1833933865559"", ""COMP|T4_REGIME_ANCHOR_TRANSITION|DOWN|c1c69b9d88b61176""]","[""COMP|T3_ANCHOR_TRANSITION|DOWN|5a4cc36bb73be8f2"", ""COMP|T4_REGIME_ANCHOR_TRANSITION|DOWN|1e1dc3752f7b5a47"", ""COMP|T4_REGIME_ANCHOR_TRANSITION|DOWN|2e43636d2a19fa8b"", ""COMP|T4_REGIME_ANCHOR_TRANSITION|DOWN|43036e38a317feed"", ""COMP|T4_REGIME_ANCHOR_TRANSITION|DOWN|44fc8b6d88c96647"", ""COMP|T4_REGIME_ANCHOR_TRANSITION|DOWN|4b6f4b12b205a24f"", ""COMP|T4_REGIME_ANCHOR_TRANSITION|DOWN|69e3be20952b88f3"", ""COMP|T4_REGIME_ANCHOR_TRANSITION|DOWN|6d239c137d4d9d90"", ""COMP|T4_REGIME_ANCHOR_TRANSITION|DOWN|a7e1833933865559"", ""COMP|T4_REGIME_ANCHOR_TRANSITION|DOWN|c1c69b9d88b61176""]",EVENT_STREAM_JACCARD
NR-000066,DOWN,30m,8,0.95,COMP|T4_REGIME_ANCHOR_TRANSITION|DOWN|7a2fb173927b0875,"[""COMP|T3_ANCHOR_TRANSITION|DOWN|35fb9223b2099e20"", ""COMP|T4_REGIME_ANCHOR_TRANSITION|DOWN|35cf1bf74187b5d3"", ""COMP|T4_REGIME_ANCHOR_TRANSITION|DOWN|36bc1282d3b16dad"", ""COMP|T4_REGIME_ANCHOR_TRANSITION|DOWN|4f73fc914d9b2ff7"", ""COMP|T4_REGIME_ANCHOR_TRANSITION|DOWN|5e50067760cfb5fa"", ""COMP|T4_REGIME_ANCHOR_TRANSITION|DOWN|95ef752eddb54032"", ""COMP|T4_REGIME_ANCHOR_TRANSITION|DOWN|cec8ff410c7b91ce""]","[""COMP|T3_ANCHOR_TRANSITION|DOWN|35fb9223b2099e20"", ""COMP|T4_REGIME_ANCHOR_TRANSITION|DOWN|35cf1bf74187b5d3"", ""COMP|T4_REGIME_ANCHOR_TRANSITION|DOWN|36bc1282d3b16dad"", ""COMP|T4_REGIME_ANCHOR_TRANSITION|DOWN|4f73fc914d9b2ff7"", ""COMP|T4_REGIME_ANCHOR_TRANSITION|DOWN|5e50067760cfb5fa"", ""COMP|T4_REGIME_ANCHOR_TRANSITION|DOWN|7a2fb173927b0875"", ""COMP|T4_REGIME_ANCHOR_TRANSITION|DOWN|95ef752eddb54032"", ""COMP|T4_REGIME_ANCHOR_TRANSITION|DOWN|cec8ff410c7b91ce""]",EVENT_STREAM_JACCARD
NR-000067,DOWN,30m,9,0.95,COMP|T4_REGIME_ANCHOR_TRANSITION|DOWN|aad5f65ef869329e,"[""COMP|T3_ANCHOR_TRANSITION|DOWN|6a2a9d2231c3be3e"", ""COMP|T4_REGIME_ANCHOR_TRANSITION|DOWN|0252a2dc65703ee0"", ""COMP|T4_REGIME_ANCHOR_TRANSITION|DOWN|40254d672e11e7b5"", ""COMP|T4_REGIME_ANCHOR_TRANSITION|DOWN|4b000e0fdef95953"", ""COMP|T4_REGIME_ANCHOR_TRANSITION|DOWN|52b710b64ec863d4"", ""COMP|T4_REGIME_ANCHOR_TRANSITION|DOWN|7ae43077cb7db14d"", ""COMP|T4_REGIME_ANCHOR_TRANSITION|DOWN|91f478162c299f61"", ""COMP|T4_REGIME_ANCHOR_TRANSITION|DOWN|ece461cf1da669b6""]","[""COMP|T3_ANCHOR_TRANSITION|DOWN|6a2a9d2231c3be3e"", ""COMP|T4_REGIME_ANCHOR_TRANSITION|DOWN|0252a2dc65703ee0"", ""COMP|T4_REGIME_ANCHOR_TRANSITION|DOWN|40254d672e11e7b5"", ""COMP|T4_REGIME_ANCHOR_TRANSITION|DOWN|4b000e0fdef95953"", ""COMP|T4_REGIME_ANCHOR_TRANSITION|DOWN|52b710b64ec863d4"", ""COMP|T4_REGIME_ANCHOR_TRANSITION|DOWN|7ae43077cb7db14d"", ""COMP|T4_REGIME_ANCHOR_TRANSITION|DOWN|91f478162c299f61"", ""COMP|T4_REGIME_ANCHOR_TRANSITION|DOWN|aad5f65ef869329e"", ""COMP|T4_REGIME_ANCHOR_TRANSITION|DOWN|ece461cf1da669b6""]",EVENT_STREAM_JACCARD
NR-000068,DOWN,30m,7,0.95,COMP|T4_REGIME_ANCHOR_TRANSITION|DOWN|3b1d9bf97f763e56,"[""COMP|T3_ANCHOR_TRANSITION|DOWN|1b1782a73cd5cddb"", ""COMP|T4_REGIME_ANCHOR_TRANSITION|DOWN|1f72bca060cd7665"", ""COMP|T4_REGIME_ANCHOR_TRANSITION|DOWN|5c34c34152822f9e"", ""COMP|T4_REGIME_ANCHOR_TRANSITION|DOWN|8b0f03a05ced049a"", ""COMP|T4_REGIME_ANCHOR_TRANSITION|DOWN|93df621a8a3540ce"", ""COMP|T4_REGIME_ANCHOR_TRANSITION|DOWN|95c5773ec25bbc3b""]","[""COMP|T3_ANCHOR_TRANSITION|DOWN|1b1782a73cd5cddb"", ""COMP|T4_REGIME_ANCHOR_TRANSITION|DOWN|1f72bca060cd7665"", ""COMP|T4_REGIME_ANCHOR_TRANSITION|DOWN|3b1d9bf97f763e56"", ""COMP|T4_REGIME_ANCHOR_TRANSITION|DOWN|5c34c34152822f9e"", ""COMP|T4_REGIME_ANCHOR_TRANSITION|DOWN|8b0f03a05ced049a"", ""COMP|T4_REGIME_ANCHOR_TRANSITION|DOWN|93df621a8a3540ce"", ""COMP|T4_REGIME_ANCHOR_TRANSITION|DOWN|95c5773ec25bbc3b""]",EVENT_STREAM_JACCARD
NR-000069,DOWN,30m,2,0.95,COMP|T4_REGIME_ANCHOR_TRANSITION|DOWN|ef60e876b9e80308,"[""COMP|T4_REGIME_ANCHOR_TRANSITION|DOWN|a27495c33dd27d82""]","[""COMP|T4_REGIME_ANCHOR_TRANSITION|DOWN|a27495c33dd27d82"", ""COMP|T4_REGIME_ANCHOR_TRANSITION|DOWN|ef60e876b9e80308""]",EVENT_STREAM_JACCARD
NR-000070,DOWN,30m,8,0.95,COMP|T4_REGIME_ANCHOR_TRANSITION|DOWN|ce2c6554b32a9389,"[""COMP|T3_ANCHOR_TRANSITION|DOWN|4b4812099a972e6f"", ""COMP|T4_REGIME_ANCHOR_TRANSITION|DOWN|0995bfb1e083e1a8"", ""COMP|T4_REGIME_ANCHOR_TRANSITION|DOWN|0f8a899f3fb15377"", ""COMP|T4_REGIME_ANCHOR_TRANSITION|DOWN|3ba27770bdfd3f18"", ""COMP|T4_REGIME_ANCHOR_TRANSITION|DOWN|3d70468238870ba4"", ""COMP|T4_REGIME_ANCHOR_TRANSITION|DOWN|a1094d1461991f36"", ""COMP|T4_REGIME_ANCHOR_TRANSITION|DOWN|e287dfd4437e24ce""]","[""COMP|T3_ANCHOR_TRANSITION|DOWN|4b4812099a972e6f"", ""COMP|T4_REGIME_ANCHOR_TRANSITION|DOWN|0995bfb1e083e1a8"", ""COMP|T4_REGIME_ANCHOR_TRANSITION|DOWN|0f8a899f3fb15377"", ""COMP|T4_REGIME_ANCHOR_TRANSITION|DOWN|3ba27770bdfd3f18"", ""COMP|T4_REGIME_ANCHOR_TRANSITION|DOWN|3d70468238870ba4"", ""COMP|T4_REGIME_ANCHOR_TRANSITION|DOWN|a1094d1461991f36"", ""COMP|T4_REGIME_ANCHOR_TRANSITION|DOWN|ce2c6554b32a9389"", ""COMP|T4_REGIME_ANCHOR_TRANSITION|DOWN|e287dfd4437e24ce""]",EVENT_STREAM_JACCARD
NR-000071,DOWN,30m,16,0.95,COMP|T4_REGIME_ANCHOR_TRANSITION|DOWN|add23760c62a0ef0,"[""COMP|T3_ANCHOR_TRANSITION|DOWN|2863aa21763504f3"", ""COMP|T3_ANCHOR_TRANSITION|DOWN|a4127ac45e10ea27"", ""COMP|T4_REGIME_ANCHOR_TRANSITION|DOWN|0c88fed5c77fd362"", ""COMP|T4_REGIME_ANCHOR_TRANSITION|DOWN|0e2ebc2ace5b529b"", ""COMP|T4_REGIME_ANCHOR_TRANSITION|DOWN|12baaad7fbb83900"", ""COMP|T4_REGIME_ANCHOR_TRANSITION|DOWN|2dcb68d78a220a3a"", ""COMP|T4_REGIME_ANCHOR_TRANSITION|DOWN|6fddc4517fd672a5"", ""COMP|T4_REGIME_ANCHOR_TRANSITION|DOWN|740d82f8d8e34416"", ""COMP|T4_REGIME_ANCHOR_TRANSITION|DOWN|825b4267fda24278"", ""COMP|T4_REGIME_ANCHOR_TRANSITION|DOWN|ab19ac0a8ade76ca"", ""COMP|T4_REGIME_ANCHOR_TRANSITION|DOWN|b0973ad5009ed967"", ""COMP|T4_REGIME_ANCHOR_TRANSITION|DOWN|b155d236fcdb28f0"", ""COMP|T4_REGIME_ANCHOR_TRANSITION|DOWN|c2663eb0b9c128d5"", ""COMP|T4_REGIME_ANCHOR_TRANSITION|DOWN|e37196aa24a3d8bf"", ""COMP|T4_REGIME_ANCHOR_TRANSITION|DOWN|ef033df869b66001""]","[""COMP|T3_ANCHOR_TRANSITION|DOWN|2863aa21763504f3"", ""COMP|T3_ANCHOR_TRANSITION|DOWN|a4127ac45e10ea27"", ""COMP|T4_REGIME_ANCHOR_TRANSITION|DOWN|0c88fed5c77fd362"", ""COMP|T4_REGIME_ANCHOR_TRANSITION|DOWN|0e2ebc2ace5b529b"", ""COMP|T4_REGIME_ANCHOR_TRANSITION|DOWN|12baaad7fbb83900"", ""COMP|T4_REGIME_ANCHOR_TRANSITION|DOWN|2dcb68d78a220a3a"", ""COMP|T4_REGIME_ANCHOR_TRANSITION|DOWN|6fddc4517fd672a5"", ""COMP|T4_REGIME_ANCHOR_TRANSITION|DOWN|740d82f8d8e34416"", ""COMP|T4_REGIME_ANCHOR_TRANSITION|DOWN|825b4267fda24278"", ""COMP|T4_REGIME_ANCHOR_TRANSITION|DOWN|ab19ac0a8ade76ca"", ""COMP|T4_REGIME_ANCHOR_TRANSITION|DOWN|add23760c62a0ef0"", ""COMP|T4_REGIME_ANCHOR_TRANSITION|DOWN|b0973ad5009ed967"", ""COMP|T4_REGIME_ANCHOR_TRANSITION|DOWN|b155d236fcdb28f0"", ""COMP|T4_REGIME_ANCHOR_TRANSITION|DOWN|c2663eb0b9c128d5"", ""COMP|T4_REGIME_ANCHOR_TRANSITION|DOWN|e37196aa24a3d8bf"", ""COMP|T4_REGIME_ANCHOR_TRANSITION|DOWN|ef033df869b66001""]",EVENT_STREAM_JACCARD
NR-000072,DOWN,30m,7,0.95,COMP|T4_REGIME_ANCHOR_TRANSITION|DOWN|062d125222a99f90,"[""COMP|T3_ANCHOR_TRANSITION|DOWN|163e5ae07a8ea432"", ""COMP|T4_REGIME_ANCHOR_TRANSITION|DOWN|06f197789440a36e"", ""COMP|T4_REGIME_ANCHOR_TRANSITION|DOWN|18e4182cee86bee0"", ""COMP|T4_REGIME_ANCHOR_TRANSITION|DOWN|2398fbba5831130e"", ""COMP|T4_REGIME_ANCHOR_TRANSITION|DOWN|99bb3b2e27e9efef"", ""COMP|T4_REGIME_ANCHOR_TRANSITION|DOWN|e90dae5f8e96cd92""]","[""COMP|T3_ANCHOR_TRANSITION|DOWN|163e5ae07a8ea432"", ""COMP|T4_REGIME_ANCHOR_TRANSITION|DOWN|062d125222a99f90"", ""COMP|T4_REGIME_ANCHOR_TRANSITION|DOWN|06f197789440a36e"", ""COMP|T4_REGIME_ANCHOR_TRANSITION|DOWN|18e4182cee86bee0"", ""COMP|T4_REGIME_ANCHOR_TRANSITION|DOWN|2398fbba5831130e"", ""COMP|T4_REGIME_ANCHOR_TRANSITION|DOWN|99bb3b2e27e9efef"", ""COMP|T4_REGIME_ANCHOR_TRANSITION|DOWN|e90dae5f8e96cd92""]",EVENT_STREAM_JACCARD
NR-000073,DOWN,30m,2,0.95,COMP|T4_REGIME_ANCHOR_TRANSITION|DOWN|217438a917d53d5a,"[""COMP|T4_REGIME_ANCHOR_TRANSITION|DOWN|2554bb22af3e75fb""]","[""COMP|T4_REGIME_ANCHOR_TRANSITION|DOWN|217438a917d53d5a"", ""COMP|T4_REGIME_ANCHOR_TRANSITION|DOWN|2554bb22af3e75fb""]",EVENT_STREAM_JACCARD
NR-000074,DOWN,30m,9,0.95,COMP|T4_REGIME_ANCHOR_TRANSITION|DOWN|5245c7a11c67dba0,"[""COMP|T3_ANCHOR_TRANSITION|DOWN|c2eb2877021ffdf6"", ""COMP|T4_REGIME_ANCHOR_TRANSITION|DOWN|03cf335a28507af3"", ""COMP|T4_REGIME_ANCHOR_TRANSITION|DOWN|1feea40489c02542"", ""COMP|T4_REGIME_ANCHOR_TRANSITION|DOWN|247e18029c0f9ca1"", ""COMP|T4_REGIME_ANCHOR_TRANSITION|DOWN|90890f1c1122d8d7"", ""COMP|T4_REGIME_ANCHOR_TRANSITION|DOWN|a19a5462a1f81067"", ""COMP|T4_REGIME_ANCHOR_TRANSITION|DOWN|e470c00be41f5068"", ""COMP|T4_REGIME_ANCHOR_TRANSITION|DOWN|e8ef3ae38e364ae0""]","[""COMP|T3_ANCHOR_TRANSITION|DOWN|c2eb2877021ffdf6"", ""COMP|T4_REGIME_ANCHOR_TRANSITION|DOWN|03cf335a28507af3"", ""COMP|T4_REGIME_ANCHOR_TRANSITION|DOWN|1feea40489c02542"", ""COMP|T4_REGIME_ANCHOR_TRANSITION|DOWN|247e18029c0f9ca1"", ""COMP|T4_REGIME_ANCHOR_TRANSITION|DOWN|5245c7a11c67dba0"", ""COMP|T4_REGIME_ANCHOR_TRANSITION|DOWN|90890f1c1122d8d7"", ""COMP|T4_REGIME_ANCHOR_TRANSITION|DOWN|a19a5462a1f81067"", ""COMP|T4_REGIME_ANCHOR_TRANSITION|DOWN|e470c00be41f5068"", ""COMP|T4_REGIME_ANCHOR_TRANSITION|DOWN|e8ef3ae38e364ae0""]",EVENT_STREAM_JACCARD
NR-000075,DOWN,30m,9,0.95,COMP|T4_REGIME_ANCHOR_TRANSITION|DOWN|22f6e9f77a59aa9b,"[""COMP|T3_ANCHOR_TRANSITION|DOWN|6d863ea062213508"", ""COMP|T4_REGIME_ANCHOR_TRANSITION|DOWN|1f86509348bc261b"", ""COMP|T4_REGIME_ANCHOR_TRANSITION|DOWN|3c319a9e1260e9b4"", ""COMP|T4_REGIME_ANCHOR_TRANSITION|DOWN|414c5a676e6d1a49"", ""COMP|T4_REGIME_ANCHOR_TRANSITION|DOWN|835b7517209093f0"", ""COMP|T4_REGIME_ANCHOR_TRANSITION|DOWN|c1bf862e5d8faeb7"", ""COMP|T4_REGIME_ANCHOR_TRANSITION|DOWN|d5018cd3fbf241ba"", ""COMP|T4_REGIME_ANCHOR_TRANSITION|DOWN|f9b55ec264853085""]","[""COMP|T3_ANCHOR_TRANSITION|DOWN|6d863ea062213508"", ""COMP|T4_REGIME_ANCHOR_TRANSITION|DOWN|1f86509348bc261b"", ""COMP|T4_REGIME_ANCHOR_TRANSITION|DOWN|22f6e9f77a59aa9b"", ""COMP|T4_REGIME_ANCHOR_TRANSITION|DOWN|3c319a9e1260e9b4"", ""COMP|T4_REGIME_ANCHOR_TRANSITION|DOWN|414c5a676e6d1a49"", ""COMP|T4_REGIME_ANCHOR_TRANSITION|DOWN|835b7517209093f0"", ""COMP|T4_REGIME_ANCHOR_TRANSITION|DOWN|c1bf862e5d8faeb7"", ""COMP|T4_REGIME_ANCHOR_TRANSITION|DOWN|d5018cd3fbf241ba"", ""COMP|T4_REGIME_ANCHOR_TRANSITION|DOWN|f9b55ec264853085""]",EVENT_STREAM_JACCARD
NR-000076,DOWN,30m,9,0.95,COMP|T4_REGIME_ANCHOR_TRANSITION|DOWN|81782f3935d74ebc,"[""COMP|T3_ANCHOR_TRANSITION|DOWN|b4ad7f5919f4029b"", ""COMP|T4_REGIME_ANCHOR_TRANSITION|DOWN|39f7997e502bbc74"", ""COMP|T4_REGIME_ANCHOR_TRANSITION|DOWN|4f27798bec18d881"", ""COMP|T4_REGIME_ANCHOR_TRANSITION|DOWN|57b5a8b5d0dc99a0"", ""COMP|T4_REGIME_ANCHOR_TRANSITION|DOWN|b63609c0f0224f98"", ""COMP|T4_REGIME_ANCHOR_TRANSITION|DOWN|beb4e6f1bb9aee30"", ""COMP|T4_REGIME_ANCHOR_TRANSITION|DOWN|d6ea9864af2dc03b"", ""COMP|T4_REGIME_ANCHOR_TRANSITION|DOWN|d7e89543b1565fa4""]","[""COMP|T3_ANCHOR_TRANSITION|DOWN|b4ad7f5919f4029b"", ""COMP|T4_REGIME_ANCHOR_TRANSITION|DOWN|39f7997e502bbc74"", ""COMP|T4_REGIME_ANCHOR_TRANSITION|DOWN|4f27798bec18d881"", ""COMP|T4_REGIME_ANCHOR_TRANSITION|DOWN|57b5a8b5d0dc99a0"", ""COMP|T4_REGIME_ANCHOR_TRANSITION|DOWN|81782f3935d74ebc"", ""COMP|T4_REGIME_ANCHOR_TRANSITION|DOWN|b63609c0f0224f98"", ""COMP|T4_REGIME_ANCHOR_TRANSITION|DOWN|beb4e6f1bb9aee30"", ""COMP|T4_REGIME_ANCHOR_TRANSITION|DOWN|d6ea9864af2dc03b"", ""COMP|T4_REGIME_ANCHOR_TRANSITION|DOWN|d7e89543b1565fa4""]",EVENT_STREAM_JACCARD
NR-000077,DOWN,30m,2,0.95,COMP|T4_REGIME_ANCHOR_TRANSITION|DOWN|d7be93124952f854,"[""COMP|T4_REGIME_ANCHOR_TRANSITION|DOWN|1d94fc3453294df1""]","[""COMP|T4_REGIME_ANCHOR_TRANSITION|DOWN|1d94fc3453294df1"", ""COMP|T4_REGIME_ANCHOR_TRANSITION|DOWN|d7be93124952f854""]",EVENT_STREAM_JACCARD
NR-000078,DOWN,30m,2,0.95,COMP|T4_REGIME_ANCHOR_TRANSITION|DOWN|f8aa207e239146ee,"[""COMP|T4_REGIME_ANCHOR_TRANSITION|DOWN|48bbcabf18b72eb5""]","[""COMP|T4_REGIME_ANCHOR_TRANSITION|DOWN|48bbcabf18b72eb5"", ""COMP|T4_REGIME_ANCHOR_TRANSITION|DOWN|f8aa207e239146ee""]",EVENT_STREAM_JACCARD
NR-000079,DOWN,30m,10,0.95,COMP|T4_REGIME_ANCHOR_TRANSITION|DOWN|6187c6aea02adaf2,"[""COMP|T3_ANCHOR_TRANSITION|DOWN|98a26bee9a4cf076"", ""COMP|T4_REGIME_ANCHOR_TRANSITION|DOWN|40c050208cc62366"", ""COMP|T4_REGIME_ANCHOR_TRANSITION|DOWN|532c5b3bb052531e"", ""COMP|T4_REGIME_ANCHOR_TRANSITION|DOWN|70ce414caf0da3db"", ""COMP|T4_REGIME_ANCHOR_TRANSITION|DOWN|a47fd980980dc889"", ""COMP|T4_REGIME_ANCHOR_TRANSITION|DOWN|cd59bf658461997b"", ""COMP|T4_REGIME_ANCHOR_TRANSITION|DOWN|dff893d7e473e4c9"", ""COMP|T4_REGIME_ANCHOR_TRANSITION|DOWN|ed5ee66a42fbb790"", ""COMP|T4_REGIME_ANCHOR_TRANSITION|DOWN|f42e53a370492909""]","[""COMP|T3_ANCHOR_TRANSITION|DOWN|98a26bee9a4cf076"", ""COMP|T4_REGIME_ANCHOR_TRANSITION|DOWN|40c050208cc62366"", ""COMP|T4_REGIME_ANCHOR_TRANSITION|DOWN|532c5b3bb052531e"", ""COMP|T4_REGIME_ANCHOR_TRANSITION|DOWN|6187c6aea02adaf2"", ""COMP|T4_REGIME_ANCHOR_TRANSITION|DOWN|70ce414caf0da3db"", ""COMP|T4_REGIME_ANCHOR_TRANSITION|DOWN|a47fd980980dc889"", ""COMP|T4_REGIME_ANCHOR_TRANSITION|DOWN|cd59bf658461997b"", ""COMP|T4_REGIME_ANCHOR_TRANSITION|DOWN|dff893d7e473e4c9"", ""COMP|T4_REGIME_ANCHOR_TRANSITION|DOWN|ed5ee66a42fbb790"", ""COMP|T4_REGIME_ANCHOR_TRANSITION|DOWN|f42e53a370492909""]",EVENT_STREAM_JACCARD
NR-000080,DOWN,30m,8,0.95,COMP|T4_REGIME_ANCHOR_TRANSITION|DOWN|1e3f03d5096ed984,"[""COMP|T3_ANCHOR_TRANSITION|DOWN|eb8a51fda5ba37d2"", ""COMP|T4_REGIME_ANCHOR_TRANSITION|DOWN|118cf19fbefd779f"", ""COMP|T4_REGIME_ANCHOR_TRANSITION|DOWN|38824e198e75bf6a"", ""COMP|T4_REGIME_ANCHOR_TRANSITION|DOWN|4cf85e2cfdd98f65"", ""COMP|T4_REGIME_ANCHOR_TRANSITION|DOWN|798e479f225ce2ef"", ""COMP|T4_REGIME_ANCHOR_TRANSITION|DOWN|9dfe16f0b4867f87"", ""COMP|T4_REGIME_ANCHOR_TRANSITION|DOWN|ed640672955d6fe0""]","[""COMP|T3_ANCHOR_TRANSITION|DOWN|eb8a51fda5ba37d2"", ""COMP|T4_REGIME_ANCHOR_TRANSITION|DOWN|118cf19fbefd779f"", ""COMP|T4_REGIME_ANCHOR_TRANSITION|DOWN|1e3f03d5096ed984"", ""COMP|T4_REGIME_ANCHOR_TRANSITION|DOWN|38824e198e75bf6a"", ""COMP|T4_REGIME_ANCHOR_TRANSITION|DOWN|4cf85e2cfdd98f65"", ""COMP|T4_REGIME_ANCHOR_TRANSITION|DOWN|798e479f225ce2ef"", ""COMP|T4_REGIME_ANCHOR_TRANSITION|DOWN|9dfe16f0b4867f87"", ""COMP|T4_REGIME_ANCHOR_TRANSITION|DOWN|ed640672955d6fe0""]",EVENT_STREAM_JACCARD
NR-000081,DOWN,30m,2,0.95,COMP|T4_REGIME_ANCHOR_TRANSITION|DOWN|711f2f26a06e60ae,"[""COMP|T4_REGIME_ANCHOR_TRANSITION|DOWN|be85ba9173a3ad54""]","[""COMP|T4_REGIME_ANCHOR_TRANSITION|DOWN|711f2f26a06e60ae"", ""COMP|T4_REGIME_ANCHOR_TRANSITION|DOWN|be85ba9173a3ad54""]",EVENT_STREAM_JACCARD
NR-000082,DOWN,30m,10,0.95,COMP|T4_REGIME_ANCHOR_TRANSITION|DOWN|6d83eb159c967526,"[""COMP|T3_ANCHOR_TRANSITION|DOWN|18a4c4061396b1e5"", ""COMP|T4_REGIME_ANCHOR_TRANSITION|DOWN|2efb90a903f1e7e7"", ""COMP|T4_REGIME_ANCHOR_TRANSITION|DOWN|3a1d46eb08f41bee"", ""COMP|T4_REGIME_ANCHOR_TRANSITION|DOWN|686d52271bcacd5e"", ""COMP|T4_REGIME_ANCHOR_TRANSITION|DOWN|69104bd66bcafb0f"", ""COMP|T4_REGIME_ANCHOR_TRANSITION|DOWN|74f2d81f2a8370c6"", ""COMP|T4_REGIME_ANCHOR_TRANSITION|DOWN|b67558fc4e075f17"", ""COMP|T4_REGIME_ANCHOR_TRANSITION|DOWN|f3e807db6f1108e0"", ""COMP|T4_REGIME_ANCHOR_TRANSITION|DOWN|f86ec45bf32eee7c""]","[""COMP|T3_ANCHOR_TRANSITION|DOWN|18a4c4061396b1e5"", ""COMP|T4_REGIME_ANCHOR_TRANSITION|DOWN|2efb90a903f1e7e7"", ""COMP|T4_REGIME_ANCHOR_TRANSITION|DOWN|3a1d46eb08f41bee"", ""COMP|T4_REGIME_ANCHOR_TRANSITION|DOWN|686d52271bcacd5e"", ""COMP|T4_REGIME_ANCHOR_TRANSITION|DOWN|69104bd66bcafb0f"", ""COMP|T4_REGIME_ANCHOR_TRANSITION|DOWN|6d83eb159c967526"", ""COMP|T4_REGIME_ANCHOR_TRANSITION|DOWN|74f2d81f2a8370c6"", ""COMP|T4_REGIME_ANCHOR_TRANSITION|DOWN|b67558fc4e075f17"", ""COMP|T4_REGIME_ANCHOR_TRANSITION|DOWN|f3e807db6f1108e0"", ""COMP|T4_REGIME_ANCHOR_TRANSITION|DOWN|f86ec45bf32eee7c""]",EVENT_STREAM_JACCARD
NR-000083,DOWN,30m,7,0.95,COMP|T4_REGIME_ANCHOR_TRANSITION|DOWN|0d22d90fabbc14e1,"[""COMP|T3_ANCHOR_TRANSITION|DOWN|e877d92181e329fd"", ""COMP|T4_REGIME_ANCHOR_TRANSITION|DOWN|1f4654e6d914602e"", ""COMP|T4_REGIME_ANCHOR_TRANSITION|DOWN|5aa9fbe01e8b7531"", ""COMP|T4_REGIME_ANCHOR_TRANSITION|DOWN|60dbc2ac4093d1ec"", ""COMP|T4_REGIME_ANCHOR_TRANSITION|DOWN|8f75dc3f4d923bca"", ""COMP|T4_REGIME_ANCHOR_TRANSITION|DOWN|b49d6aac88d54d3b""]","[""COMP|T3_ANCHOR_TRANSITION|DOWN|e877d92181e329fd"", ""COMP|T4_REGIME_ANCHOR_TRANSITION|DOWN|0d22d90fabbc14e1"", ""COMP|T4_REGIME_ANCHOR_TRANSITION|DOWN|1f4654e6d914602e"", ""COMP|T4_REGIME_ANCHOR_TRANSITION|DOWN|5aa9fbe01e8b7531"", ""COMP|T4_REGIME_ANCHOR_TRANSITION|DOWN|60dbc2ac4093d1ec"", ""COMP|T4_REGIME_ANCHOR_TRANSITION|DOWN|8f75dc3f4d923bca"", ""COMP|T4_REGIME_ANCHOR_TRANSITION|DOWN|b49d6aac88d54d3b""]",EVENT_STREAM_JACCARD
NR-000084,DOWN,30m,6,0.95,COMP|T4_REGIME_ANCHOR_TRANSITION|DOWN|0c911f96b4c64b2e,"[""COMP|T3_ANCHOR_TRANSITION|DOWN|983a5ac8af8357b5"", ""COMP|T4_REGIME_ANCHOR_TRANSITION|DOWN|2955a4ff54de76a4"", ""COMP|T4_REGIME_ANCHOR_TRANSITION|DOWN|4afaf7990c69001e"", ""COMP|T4_REGIME_ANCHOR_TRANSITION|DOWN|6311f34de1bc00b8"", ""COMP|T4_REGIME_ANCHOR_TRANSITION|DOWN|f5eb7f3c4943e803""]","[""COMP|T3_ANCHOR_TRANSITION|DOWN|983a5ac8af8357b5"", ""COMP|T4_REGIME_ANCHOR_TRANSITION|DOWN|0c911f96b4c64b2e"", ""COMP|T4_REGIME_ANCHOR_TRANSITION|DOWN|2955a4ff54de76a4"", ""COMP|T4_REGIME_ANCHOR_TRANSITION|DOWN|4afaf7990c69001e"", ""COMP|T4_REGIME_ANCHOR_TRANSITION|DOWN|6311f34de1bc00b8"", ""COMP|T4_REGIME_ANCHOR_TRANSITION|DOWN|f5eb7f3c4943e803""]",EVENT_STREAM_JACCARD
NR-000085,DOWN,30m,8,0.95,COMP|T4_REGIME_ANCHOR_TRANSITION|DOWN|a4de4c57c6e53eae,"[""COMP|T3_ANCHOR_TRANSITION|DOWN|3863d167f1368ad9"", ""COMP|T4_REGIME_ANCHOR_TRANSITION|DOWN|2a1ca4eb37d89026"", ""COMP|T4_REGIME_ANCHOR_TRANSITION|DOWN|8f91ec22539c0a8e"", ""COMP|T4_REGIME_ANCHOR_TRANSITION|DOWN|9954a847ba1c8100"", ""COMP|T4_REGIME_ANCHOR_TRANSITION|DOWN|a37f6a70245c933d"", ""COMP|T4_REGIME_ANCHOR_TRANSITION|DOWN|f02072968cd09d38"", ""COMP|T4_REGIME_ANCHOR_TRANSITION|DOWN|ff76644e8337a073""]","[""COMP|T3_ANCHOR_TRANSITION|DOWN|3863d167f1368ad9"", ""COMP|T4_REGIME_ANCHOR_TRANSITION|DOWN|2a1ca4eb37d89026"", ""COMP|T4_REGIME_ANCHOR_TRANSITION|DOWN|8f91ec22539c0a8e"", ""COMP|T4_REGIME_ANCHOR_TRANSITION|DOWN|9954a847ba1c8100"", ""COMP|T4_REGIME_ANCHOR_TRANSITION|DOWN|a37f6a70245c933d"", ""COMP|T4_REGIME_ANCHOR_TRANSITION|DOWN|a4de4c57c6e53eae"", ""COMP|T4_REGIME_ANCHOR_TRANSITION|DOWN|f02072968cd09d38"", ""COMP|T4_REGIME_ANCHOR_TRANSITION|DOWN|ff76644e8337a073""]",EVENT_STREAM_JACCARD
NR-000086,DOWN,30m,7,0.95,COMP|T4_REGIME_ANCHOR_TRANSITION|DOWN|07dfe8b0e2fbd146,"[""COMP|T3_ANCHOR_TRANSITION|DOWN|5b8b3645af3bdecd"", ""COMP|T4_REGIME_ANCHOR_TRANSITION|DOWN|4d1eb2256689c4fb"", ""COMP|T4_REGIME_ANCHOR_TRANSITION|DOWN|6d2fe6ad2f684ba6"", ""COMP|T4_REGIME_ANCHOR_TRANSITION|DOWN|90152fd7d6643e4f"", ""COMP|T4_REGIME_ANCHOR_TRANSITION|DOWN|c7c48172d046de72"", ""COMP|T4_REGIME_ANCHOR_TRANSITION|DOWN|f25a0c8683bbe719""]","[""COMP|T3_ANCHOR_TRANSITION|DOWN|5b8b3645af3bdecd"", ""COMP|T4_REGIME_ANCHOR_TRANSITION|DOWN|07dfe8b0e2fbd146"", ""COMP|T4_REGIME_ANCHOR_TRANSITION|DOWN|4d1eb2256689c4fb"", ""COMP|T4_REGIME_ANCHOR_TRANSITION|DOWN|6d2fe6ad2f684ba6"", ""COMP|T4_REGIME_ANCHOR_TRANSITION|DOWN|90152fd7d6643e4f"", ""COMP|T4_REGIME_ANCHOR_TRANSITION|DOWN|c7c48172d046de72"", ""COMP|T4_REGIME_ANCHOR_TRANSITION|DOWN|f25a0c8683bbe719""]",EVENT_STREAM_JACCARD
NR-000087,DOWN,30m,8,0.95,COMP|T4_REGIME_ANCHOR_TRANSITION|DOWN|07c6c5c81fa26abc,"[""COMP|T3_ANCHOR_TRANSITION|DOWN|fa886bf0241d7a6c"", ""COMP|T4_REGIME_ANCHOR_TRANSITION|DOWN|3975959710464c87"", ""COMP|T4_REGIME_ANCHOR_TRANSITION|DOWN|5634dcca0a1f5393"", ""COMP|T4_REGIME_ANCHOR_TRANSITION|DOWN|8a057ef9943670ed"", ""COMP|T4_REGIME_ANCHOR_TRANSITION|DOWN|8b7ec213294ef24c"", ""COMP|T4_REGIME_ANCHOR_TRANSITION|DOWN|de3c8ab9a1a1bf13"", ""COMP|T4_REGIME_ANCHOR_TRANSITION|DOWN|f0822f3eec23e369""]","[""COMP|T3_ANCHOR_TRANSITION|DOWN|fa886bf0241d7a6c"", ""COMP|T4_REGIME_ANCHOR_TRANSITION|DOWN|07c6c5c81fa26abc"", ""COMP|T4_REGIME_ANCHOR_TRANSITION|DOWN|3975959710464c87"", ""COMP|T4_REGIME_ANCHOR_TRANSITION|DOWN|5634dcca0a1f5393"", ""COMP|T4_REGIME_ANCHOR_TRANSITION|DOWN|8a057ef9943670ed"", ""COMP|T4_REGIME_ANCHOR_TRANSITION|DOWN|8b7ec213294ef24c"", ""COMP|T4_REGIME_ANCHOR_TRANSITION|DOWN|de3c8ab9a1a1bf13"", ""COMP|T4_REGIME_ANCHOR_TRANSITION|DOWN|f0822f3eec23e369""]",EVENT_STREAM_JACCARD
NR-000088,DOWN,30m,7,0.95,COMP|T4_REGIME_ANCHOR_TRANSITION|DOWN|cb74e2f31ef6a9b3,"[""COMP|T3_ANCHOR_TRANSITION|DOWN|9bb3d18f593b6f9e"", ""COMP|T4_REGIME_ANCHOR_TRANSITION|DOWN|05e444a145b98564"", ""COMP|T4_REGIME_ANCHOR_TRANSITION|DOWN|19d39370cea84514"", ""COMP|T4_REGIME_ANCHOR_TRANSITION|DOWN|5feab22dbdb5a81f"", ""COMP|T4_REGIME_ANCHOR_TRANSITION|DOWN|8897bf3a7441bfe0"", ""COMP|T4_REGIME_ANCHOR_TRANSITION|DOWN|c2cf383145c54bc7""]","[""COMP|T3_ANCHOR_TRANSITION|DOWN|9bb3d18f593b6f9e"", ""COMP|T4_REGIME_ANCHOR_TRANSITION|DOWN|05e444a145b98564"", ""COMP|T4_REGIME_ANCHOR_TRANSITION|DOWN|19d39370cea84514"", ""COMP|T4_REGIME_ANCHOR_TRANSITION|DOWN|5feab22dbdb5a81f"", ""COMP|T4_REGIME_ANCHOR_TRANSITION|DOWN|8897bf3a7441bfe0"", ""COMP|T4_REGIME_ANCHOR_TRANSITION|DOWN|c2cf383145c54bc7"", ""COMP|T4_REGIME_ANCHOR_TRANSITION|DOWN|cb74e2f31ef6a9b3""]",EVENT_STREAM_JACCARD
NR-000089,DOWN,30m,8,0.95,COMP|T4_REGIME_ANCHOR_TRANSITION|DOWN|f8919eb034bbdb1d,"[""COMP|T3_ANCHOR_TRANSITION|DOWN|114951ca3ad58595"", ""COMP|T4_REGIME_ANCHOR_TRANSITION|DOWN|457302b774185daf"", ""COMP|T4_REGIME_ANCHOR_TRANSITION|DOWN|8232e08853c2d34f"", ""COMP|T4_REGIME_ANCHOR_TRANSITION|DOWN|a787bbdc32b054fe"", ""COMP|T4_REGIME_ANCHOR_TRANSITION|DOWN|b07d8e93d00d0a74"", ""COMP|T4_REGIME_ANCHOR_TRANSITION|DOWN|e9201eebe5df6204"", ""COMP|T4_REGIME_ANCHOR_TRANSITION|DOWN|f02d4b55f1d88690""]","[""COMP|T3_ANCHOR_TRANSITION|DOWN|114951ca3ad58595"", ""COMP|T4_REGIME_ANCHOR_TRANSITION|DOWN|457302b774185daf"", ""COMP|T4_REGIME_ANCHOR_TRANSITION|DOWN|8232e08853c2d34f"", ""COMP|T4_REGIME_ANCHOR_TRANSITION|DOWN|a787bbdc32b054fe"", ""COMP|T4_REGIME_ANCHOR_TRANSITION|DOWN|b07d8e93d00d0a74"", ""COMP|T4_REGIME_ANCHOR_TRANSITION|DOWN|e9201eebe5df6204"", ""COMP|T4_REGIME_ANCHOR_TRANSITION|DOWN|f02d4b55f1d88690"", ""COMP|T4_REGIME_ANCHOR_TRANSITION|DOWN|f8919eb034bbdb1d""]",EVENT_STREAM_JACCARD
NR-000090,DOWN,30m,2,0.95,COMP|T4_REGIME_ANCHOR_TRANSITION|DOWN|0c4a332f0e3cfc2f,"[""COMP|T4_REGIME_ANCHOR_TRANSITION|DOWN|d49a8dfd457820de""]","[""COMP|T4_REGIME_ANCHOR_TRANSITION|DOWN|0c4a332f0e3cfc2f"", ""COMP|T4_REGIME_ANCHOR_TRANSITION|DOWN|d49a8dfd457820de""]",EVENT_STREAM_JACCARD
NR-000091,DOWN,30m,9,0.95,COMP|T4_REGIME_ANCHOR_TRANSITION|DOWN|bf34964f6fd62689,"[""COMP|T3_ANCHOR_TRANSITION|DOWN|8e169b1f3684a834"", ""COMP|T4_REGIME_ANCHOR_TRANSITION|DOWN|175f7e509607a933"", ""COMP|T4_REGIME_ANCHOR_TRANSITION|DOWN|343205b4782630b1"", ""COMP|T4_REGIME_ANCHOR_TRANSITION|DOWN|3e65b89c7f094012"", ""COMP|T4_REGIME_ANCHOR_TRANSITION|DOWN|437dc0a170f26373"", ""COMP|T4_REGIME_ANCHOR_TRANSITION|DOWN|89b3be0dd065dc10"", ""COMP|T4_REGIME_ANCHOR_TRANSITION|DOWN|b03d290a16419202"", ""COMP|T4_REGIME_ANCHOR_TRANSITION|DOWN|e3ebbad9d4832e57""]","[""COMP|T3_ANCHOR_TRANSITION|DOWN|8e169b1f3684a834"", ""COMP|T4_REGIME_ANCHOR_TRANSITION|DOWN|175f7e509607a933"", ""COMP|T4_REGIME_ANCHOR_TRANSITION|DOWN|343205b4782630b1"", ""COMP|T4_REGIME_ANCHOR_TRANSITION|DOWN|3e65b89c7f094012"", ""COMP|T4_REGIME_ANCHOR_TRANSITION|DOWN|437dc0a170f26373"", ""COMP|T4_REGIME_ANCHOR_TRANSITION|DOWN|89b3be0dd065dc10"", ""COMP|T4_REGIME_ANCHOR_TRANSITION|DOWN|b03d290a16419202"", ""COMP|T4_REGIME_ANCHOR_TRANSITION|DOWN|bf34964f6fd62689"", ""COMP|T4_REGIME_ANCHOR_TRANSITION|DOWN|e3ebbad9d4832e57""]",EVENT_STREAM_JACCARD
NR-000092,DOWN,30m,7,0.95,COMP|T4_REGIME_ANCHOR_TRANSITION|DOWN|54604f0f99702bd6,"[""COMP|T3_ANCHOR_TRANSITION|DOWN|285cdca91f0ac75d"", ""COMP|T4_REGIME_ANCHOR_TRANSITION|DOWN|2be537a358f0fe37"", ""COMP|T4_REGIME_ANCHOR_TRANSITION|DOWN|52cc95890fb91e01"", ""COMP|T4_REGIME_ANCHOR_TRANSITION|DOWN|9e5890e39e2ff492"", ""COMP|T4_REGIME_ANCHOR_TRANSITION|DOWN|bbca1dcbe45ccba4"", ""COMP|T4_REGIME_ANCHOR_TRANSITION|DOWN|c220977c9a859880""]","[""COMP|T3_ANCHOR_TRANSITION|DOWN|285cdca91f0ac75d"", ""COMP|T4_REGIME_ANCHOR_TRANSITION|DOWN|2be537a358f0fe37"", ""COMP|T4_REGIME_ANCHOR_TRANSITION|DOWN|52cc95890fb91e01"", ""COMP|T4_REGIME_ANCHOR_TRANSITION|DOWN|54604f0f99702bd6"", ""COMP|T4_REGIME_ANCHOR_TRANSITION|DOWN|9e5890e39e2ff492"", ""COMP|T4_REGIME_ANCHOR_TRANSITION|DOWN|bbca1dcbe45ccba4"", ""COMP|T4_REGIME_ANCHOR_TRANSITION|DOWN|c220977c9a859880""]",EVENT_STREAM_JACCARD
NR-000093,DOWN,30m,9,0.95,COMP|T4_REGIME_ANCHOR_TRANSITION|DOWN|ec549e51cd0859fd,"[""COMP|T3_ANCHOR_TRANSITION|DOWN|3c4e26706570ea52"", ""COMP|T4_REGIME_ANCHOR_TRANSITION|DOWN|04f176585709851c"", ""COMP|T4_REGIME_ANCHOR_TRANSITION|DOWN|281c6d03682a9689"", ""COMP|T4_REGIME_ANCHOR_TRANSITION|DOWN|5d7921476bb716b5"", ""COMP|T4_REGIME_ANCHOR_TRANSITION|DOWN|860709ad20ffb901"", ""COMP|T4_REGIME_ANCHOR_TRANSITION|DOWN|8fa4af5d3a994432"", ""COMP|T4_REGIME_ANCHOR_TRANSITION|DOWN|d9917fb2b3c85df6"", ""COMP|T4_REGIME_ANCHOR_TRANSITION|DOWN|e4b02172e1a2b162""]","[""COMP|T3_ANCHOR_TRANSITION|DOWN|3c4e26706570ea52"", ""COMP|T4_REGIME_ANCHOR_TRANSITION|DOWN|04f176585709851c"", ""COMP|T4_REGIME_ANCHOR_TRANSITION|DOWN|281c6d03682a9689"", ""COMP|T4_REGIME_ANCHOR_TRANSITION|DOWN|5d7921476bb716b5"", ""COMP|T4_REGIME_ANCHOR_TRANSITION|DOWN|860709ad20ffb901"", ""COMP|T4_REGIME_ANCHOR_TRANSITION|DOWN|8fa4af5d3a994432"", ""COMP|T4_REGIME_ANCHOR_TRANSITION|DOWN|d9917fb2b3c85df6"", ""COMP|T4_REGIME_ANCHOR_TRANSITION|DOWN|e4b02172e1a2b162"", ""COMP|T4_REGIME_ANCHOR_TRANSITION|DOWN|ec549e51cd0859fd""]",EVENT_STREAM_JACCARD
NR-000094,DOWN,30m,8,0.95,COMP|T4_REGIME_ANCHOR_TRANSITION|DOWN|912aa316c831979c,"[""COMP|T3_ANCHOR_TRANSITION|DOWN|81f4dc1c55a7712d"", ""COMP|T4_REGIME_ANCHOR_TRANSITION|DOWN|0cca489ad82a16a8"", ""COMP|T4_REGIME_ANCHOR_TRANSITION|DOWN|4f1e86d2db34649e"", ""COMP|T4_REGIME_ANCHOR_TRANSITION|DOWN|81e810be533c843b"", ""COMP|T4_REGIME_ANCHOR_TRANSITION|DOWN|9f7e922f04770200"", ""COMP|T4_REGIME_ANCHOR_TRANSITION|DOWN|caa7547f9057f9c5"", ""COMP|T4_REGIME_ANCHOR_TRANSITION|DOWN|d1e8c9ec4e823ed4""]","[""COMP|T3_ANCHOR_TRANSITION|DOWN|81f4dc1c55a7712d"", ""COMP|T4_REGIME_ANCHOR_TRANSITION|DOWN|0cca489ad82a16a8"", ""COMP|T4_REGIME_ANCHOR_TRANSITION|DOWN|4f1e86d2db34649e"", ""COMP|T4_REGIME_ANCHOR_TRANSITION|DOWN|81e810be533c843b"", ""COMP|T4_REGIME_ANCHOR_TRANSITION|DOWN|912aa316c831979c"", ""COMP|T4_REGIME_ANCHOR_TRANSITION|DOWN|9f7e922f04770200"", ""COMP|T4_REGIME_ANCHOR_TRANSITION|DOWN|caa7547f9057f9c5"", ""COMP|T4_REGIME_ANCHOR_TRANSITION|DOWN|d1e8c9ec4e823ed4""]",EVENT_STREAM_JACCARD
NR-000095,DOWN,30m,9,0.95,COMP|T4_REGIME_ANCHOR_TRANSITION|DOWN|bde9803170f5bd51,"[""COMP|T3_ANCHOR_TRANSITION|DOWN|d69c723ef60a9ba8"", ""COMP|T4_REGIME_ANCHOR_TRANSITION|DOWN|00113d739c80fb7e"", ""COMP|T4_REGIME_ANCHOR_TRANSITION|DOWN|12e802300c666fdd"", ""COMP|T4_REGIME_ANCHOR_TRANSITION|DOWN|2f2da2d865360c43"", ""COMP|T4_REGIME_ANCHOR_TRANSITION|DOWN|434854347aa61bbe"", ""COMP|T4_REGIME_ANCHOR_TRANSITION|DOWN|4c43f675790786f0"", ""COMP|T4_REGIME_ANCHOR_TRANSITION|DOWN|a3f8e0b618e2d6bc"", ""COMP|T4_REGIME_ANCHOR_TRANSITION|DOWN|c7eba3e576c94e14""]","[""COMP|T3_ANCHOR_TRANSITION|DOWN|d69c723ef60a9ba8"", ""COMP|T4_REGIME_ANCHOR_TRANSITION|DOWN|00113d739c80fb7e"", ""COMP|T4_REGIME_ANCHOR_TRANSITION|DOWN|12e802300c666fdd"", ""COMP|T4_REGIME_ANCHOR_TRANSITION|DOWN|2f2da2d865360c43"", ""COMP|T4_REGIME_ANCHOR_TRANSITION|DOWN|434854347aa61bbe"", ""COMP|T4_REGIME_ANCHOR_TRANSITION|DOWN|4c43f675790786f0"", ""COMP|T4_REGIME_ANCHOR_TRANSITION|DOWN|a3f8e0b618e2d6bc"", ""COMP|T4_REGIME_ANCHOR_TRANSITION|DOWN|bde9803170f5bd51"", ""COMP|T4_REGIME_ANCHOR_TRANSITION|DOWN|c7eba3e576c94e14""]",EVENT_STREAM_JACCARD
NR-000096,DOWN,30m,10,0.95,COMP|T4_REGIME_ANCHOR_TRANSITION|DOWN|afc8811baccd065c,"[""COMP|T3_ANCHOR_TRANSITION|DOWN|56a6eab850637bd2"", ""COMP|T4_REGIME_ANCHOR_TRANSITION|DOWN|1d5923baa8831898"", ""COMP|T4_REGIME_ANCHOR_TRANSITION|DOWN|25d3d337a8179a6d"", ""COMP|T4_REGIME_ANCHOR_TRANSITION|DOWN|45cb4b2f9461bb00"", ""COMP|T4_REGIME_ANCHOR_TRANSITION|DOWN|5cfdb5f0b627e85a"", ""COMP|T4_REGIME_ANCHOR_TRANSITION|DOWN|648a1a00b4684d2b"", ""COMP|T4_REGIME_ANCHOR_TRANSITION|DOWN|7100e708720c41d7"", ""COMP|T4_REGIME_ANCHOR_TRANSITION|DOWN|a66b6f9c1087d829"", ""COMP|T4_REGIME_ANCHOR_TRANSITION|DOWN|c845eeef042a83b5""]","[""COMP|T3_ANCHOR_TRANSITION|DOWN|56a6eab850637bd2"", ""COMP|T4_REGIME_ANCHOR_TRANSITION|DOWN|1d5923baa8831898"", ""COMP|T4_REGIME_ANCHOR_TRANSITION|DOWN|25d3d337a8179a6d"", ""COMP|T4_REGIME_ANCHOR_TRANSITION|DOWN|45cb4b2f9461bb00"", ""COMP|T4_REGIME_ANCHOR_TRANSITION|DOWN|5cfdb5f0b627e85a"", ""COMP|T4_REGIME_ANCHOR_TRANSITION|DOWN|648a1a00b4684d2b"", ""COMP|T4_REGIME_ANCHOR_TRANSITION|DOWN|7100e708720c41d7"", ""COMP|T4_REGIME_ANCHOR_TRANSITION|DOWN|a66b6f9c1087d829"", ""COMP|T4_REGIME_ANCHOR_TRANSITION|DOWN|afc8811baccd065c"", ""COMP|T4_REGIME_ANCHOR_TRANSITION|DOWN|c845eeef042a83b5""]",EVENT_STREAM_JACCARD
NR-000097,DOWN,30m,9,0.95,COMP|T4_REGIME_ANCHOR_TRANSITION|DOWN|f9a404b0f4b78f34,"[""COMP|T3_ANCHOR_TRANSITION|DOWN|701db2aa9d8b5f80"", ""COMP|T4_REGIME_ANCHOR_TRANSITION|DOWN|2ce8e44d2b77e52f"", ""COMP|T4_REGIME_ANCHOR_TRANSITION|DOWN|4ccb667e2dd7b7f8"", ""COMP|T4_REGIME_ANCHOR_TRANSITION|DOWN|6a7d5828796fa38d"", ""COMP|T4_REGIME_ANCHOR_TRANSITION|DOWN|99c3f6c3cc589af2"", ""COMP|T4_REGIME_ANCHOR_TRANSITION|DOWN|a3cdec7e1e54192e"", ""COMP|T4_REGIME_ANCHOR_TRANSITION|DOWN|b306d1ca11539268"", ""COMP|T4_REGIME_ANCHOR_TRANSITION|DOWN|b9245deb8e8e449a""]","[""COMP|T3_ANCHOR_TRANSITION|DOWN|701db2aa9d8b5f80"", ""COMP|T4_REGIME_ANCHOR_TRANSITION|DOWN|2ce8e44d2b77e52f"", ""COMP|T4_REGIME_ANCHOR_TRANSITION|DOWN|4ccb667e2dd7b7f8"", ""COMP|T4_REGIME_ANCHOR_TRANSITION|DOWN|6a7d5828796fa38d"", ""COMP|T4_REGIME_ANCHOR_TRANSITION|DOWN|99c3f6c3cc589af2"", ""COMP|T4_REGIME_ANCHOR_TRANSITION|DOWN|a3cdec7e1e54192e"", ""COMP|T4_REGIME_ANCHOR_TRANSITION|DOWN|b306d1ca11539268"", ""COMP|T4_REGIME_ANCHOR_TRANSITION|DOWN|b9245deb8e8e449a"", ""COMP|T4_REGIME_ANCHOR_TRANSITION|DOWN|f9a404b0f4b78f34""]",EVENT_STREAM_JACCARD
NR-000098,DOWN,30m,2,0.95,COMP|T4_REGIME_ANCHOR_TRANSITION|DOWN|ffd950c9ed2b5464,"[""COMP|T4_REGIME_ANCHOR_TRANSITION|DOWN|3745387a0c988e2e""]","[""COMP|T4_REGIME_ANCHOR_TRANSITION|DOWN|3745387a0c988e2e"", ""COMP|T4_REGIME_ANCHOR_TRANSITION|DOWN|ffd950c9ed2b5464""]",EVENT_STREAM_JACCARD
NR-000099,DOWN,30m,7,0.95,COMP|T4_REGIME_ANCHOR_TRANSITION|DOWN|2892c20915ddefb5,"[""COMP|T3_ANCHOR_TRANSITION|DOWN|521af81ceb7f0033"", ""COMP|T4_REGIME_ANCHOR_TRANSITION|DOWN|11c7856fcd961b30"", ""COMP|T4_REGIME_ANCHOR_TRANSITION|DOWN|34510530de20d416"", ""COMP|T4_REGIME_ANCHOR_TRANSITION|DOWN|719cc65d835b9e2c"", ""COMP|T4_REGIME_ANCHOR_TRANSITION|DOWN|ac3e3b5f6f6e87bf"", ""COMP|T4_REGIME_ANCHOR_TRANSITION|DOWN|ca3bf091fede16c1""]","[""COMP|T3_ANCHOR_TRANSITION|DOWN|521af81ceb7f0033"", ""COMP|T4_REGIME_ANCHOR_TRANSITION|DOWN|11c7856fcd961b30"", ""COMP|T4_REGIME_ANCHOR_TRANSITION|DOWN|2892c20915ddefb5"", ""COMP|T4_REGIME_ANCHOR_TRANSITION|DOWN|34510530de20d416"", ""COMP|T4_REGIME_ANCHOR_TRANSITION|DOWN|719cc65d835b9e2c"", ""COMP|T4_REGIME_ANCHOR_TRANSITION|DOWN|ac3e3b5f6f6e87bf"", ""COMP|T4_REGIME_ANCHOR_TRANSITION|DOWN|ca3bf091fede16c1""]",EVENT_STREAM_JACCARD
NR-000100,DOWN,30m,2,0.95,COMP|T4_REGIME_ANCHOR_TRANSITION|DOWN|f8851624bf5cfa83,"[""COMP|T4_REGIME_ANCHOR_TRANSITION|DOWN|c5f3143175598356""]","[""COMP|T4_REGIME_ANCHOR_TRANSITION|DOWN|c5f3143175598356"", ""COMP|T4_REGIME_ANCHOR_TRANSITION|DOWN|f8851624bf5cfa83""]",EVENT_STREAM_JACCARD
NR-000101,DOWN,30m,9,0.95,COMP|T4_REGIME_ANCHOR_TRANSITION|DOWN|73994c4d769f6193,"[""COMP|T3_ANCHOR_TRANSITION|DOWN|97c8b45ae0e99959"", ""COMP|T4_REGIME_ANCHOR_TRANSITION|DOWN|018c668f108a4f1d"", ""COMP|T4_REGIME_ANCHOR_TRANSITION|DOWN|455985fb6e0212f6"", ""COMP|T4_REGIME_ANCHOR_TRANSITION|DOWN|5b75d71ad5f62660"", ""COMP|T4_REGIME_ANCHOR_TRANSITION|DOWN|6a1dc5ce4ab773fc"", ""COMP|T4_REGIME_ANCHOR_TRANSITION|DOWN|7b2aba01bfa2e06d"", ""COMP|T4_REGIME_ANCHOR_TRANSITION|DOWN|a70e77f3b1ad9597"", ""COMP|T4_REGIME_ANCHOR_TRANSITION|DOWN|fb1425724242a1d5""]","[""COMP|T3_ANCHOR_TRANSITION|DOWN|97c8b45ae0e99959"", ""COMP|T4_REGIME_ANCHOR_TRANSITION|DOWN|018c668f108a4f1d"", ""COMP|T4_REGIME_ANCHOR_TRANSITION|DOWN|455985fb6e0212f6"", ""COMP|T4_REGIME_ANCHOR_TRANSITION|DOWN|5b75d71ad5f62660"", ""COMP|T4_REGIME_ANCHOR_TRANSITION|DOWN|6a1dc5ce4ab773fc"", ""COMP|T4_REGIME_ANCHOR_TRANSITION|DOWN|73994c4d769f6193"", ""COMP|T4_REGIME_ANCHOR_TRANSITION|DOWN|7b2aba01bfa2e06d"", ""COMP|T4_REGIME_ANCHOR_TRANSITION|DOWN|a70e77f3b1ad9597"", ""COMP|T4_REGIME_ANCHOR_TRANSITION|DOWN|fb1425724242a1d5""]",EVENT_STREAM_JACCARD
NR-000102,DOWN,30m,9,0.95,COMP|T4_REGIME_ANCHOR_TRANSITION|DOWN|019fbcccbf8543fa,"[""COMP|T3_ANCHOR_TRANSITION|DOWN|19031a2dd727a12e"", ""COMP|T4_REGIME_ANCHOR_TRANSITION|DOWN|0b8415b1741bd530"", ""COMP|T4_REGIME_ANCHOR_TRANSITION|DOWN|17788ae520048bed"", ""COMP|T4_REGIME_ANCHOR_TRANSITION|DOWN|1c58d2c053fd989d"", ""COMP|T4_REGIME_ANCHOR_TRANSITION|DOWN|8a7256b3006b7395"", ""COMP|T4_REGIME_ANCHOR_TRANSITION|DOWN|9bbed1df125f9ff7"", ""COMP|T4_REGIME_ANCHOR_TRANSITION|DOWN|a74b765bc1edf4d0"", ""COMP|T4_REGIME_ANCHOR_TRANSITION|DOWN|efc972c60ea3f8c3""]","[""COMP|T3_ANCHOR_TRANSITION|DOWN|19031a2dd727a12e"", ""COMP|T4_REGIME_ANCHOR_TRANSITION|DOWN|019fbcccbf8543fa"", ""COMP|T4_REGIME_ANCHOR_TRANSITION|DOWN|0b8415b1741bd530"", ""COMP|T4_REGIME_ANCHOR_TRANSITION|DOWN|17788ae520048bed"", ""COMP|T4_REGIME_ANCHOR_TRANSITION|DOWN|1c58d2c053fd989d"", ""COMP|T4_REGIME_ANCHOR_TRANSITION|DOWN|8a7256b3006b7395"", ""COMP|T4_REGIME_ANCHOR_TRANSITION|DOWN|9bbed1df125f9ff7"", ""COMP|T4_REGIME_ANCHOR_TRANSITION|DOWN|a74b765bc1edf4d0"", ""COMP|T4_REGIME_ANCHOR_TRANSITION|DOWN|efc972c60ea3f8c3""]",EVENT_STREAM_JACCARD
NR-000103,DOWN,30m,7,0.95,COMP|T4_REGIME_ANCHOR_TRANSITION|DOWN|6f704d3eaaf8afe1,"[""COMP|T3_ANCHOR_TRANSITION|DOWN|a3dbbda3100b2b4a"", ""COMP|T4_REGIME_ANCHOR_TRANSITION|DOWN|15ece103c77ef1b8"", ""COMP|T4_REGIME_ANCHOR_TRANSITION|DOWN|3d89a23e7b47c79e"", ""COMP|T4_REGIME_ANCHOR_TRANSITION|DOWN|861e47531a8692cc"", ""COMP|T4_REGIME_ANCHOR_TRANSITION|DOWN|bcd385ab96bb0c95"", ""COMP|T4_REGIME_ANCHOR_TRANSITION|DOWN|cd45a525b4fabedd""]","[""COMP|T3_ANCHOR_TRANSITION|DOWN|a3dbbda3100b2b4a"", ""COMP|T4_REGIME_ANCHOR_TRANSITION|DOWN|15ece103c77ef1b8"", ""COMP|T4_REGIME_ANCHOR_TRANSITION|DOWN|3d89a23e7b47c79e"", ""COMP|T4_REGIME_ANCHOR_TRANSITION|DOWN|6f704d3eaaf8afe1"", ""COMP|T4_REGIME_ANCHOR_TRANSITION|DOWN|861e47531a8692cc"", ""COMP|T4_REGIME_ANCHOR_TRANSITION|DOWN|bcd385ab96bb0c95"", ""COMP|T4_REGIME_ANCHOR_TRANSITION|DOWN|cd45a525b4fabedd""]",EVENT_STREAM_JACCARD
NR-000104,DOWN,30m,9,0.95,COMP|T4_REGIME_ANCHOR_TRANSITION|DOWN|94f279c80ee3425b,"[""COMP|T3_ANCHOR_TRANSITION|DOWN|44a5d7e0ddec0f1a"", ""COMP|T4_REGIME_ANCHOR_TRANSITION|DOWN|026dd8b19af623f3"", ""COMP|T4_REGIME_ANCHOR_TRANSITION|DOWN|32c2d06e8a8a5062"", ""COMP|T4_REGIME_ANCHOR_TRANSITION|DOWN|367c54f635f98803"", ""COMP|T4_REGIME_ANCHOR_TRANSITION|DOWN|7aa441039882628e"", ""COMP|T4_REGIME_ANCHOR_TRANSITION|DOWN|b3173f50c732f1eb"", ""COMP|T4_REGIME_ANCHOR_TRANSITION|DOWN|c351827f103137b8"", ""COMP|T4_REGIME_ANCHOR_TRANSITION|DOWN|e0007a9ed2f9ee9f""]","[""COMP|T3_ANCHOR_TRANSITION|DOWN|44a5d7e0ddec0f1a"", ""COMP|T4_REGIME_ANCHOR_TRANSITION|DOWN|026dd8b19af623f3"", ""COMP|T4_REGIME_ANCHOR_TRANSITION|DOWN|32c2d06e8a8a5062"", ""COMP|T4_REGIME_ANCHOR_TRANSITION|DOWN|367c54f635f98803"", ""COMP|T4_REGIME_ANCHOR_TRANSITION|DOWN|7aa441039882628e"", ""COMP|T4_REGIME_ANCHOR_TRANSITION|DOWN|94f279c80ee3425b"", ""COMP|T4_REGIME_ANCHOR_TRANSITION|DOWN|b3173f50c732f1eb"", ""COMP|T4_REGIME_ANCHOR_TRANSITION|DOWN|c351827f103137b8"", ""COMP|T4_REGIME_ANCHOR_TRANSITION|DOWN|e0007a9ed2f9ee9f""]",EVENT_STREAM_JACCARD
NR-000105,DOWN,30m,8,0.95,COMP|T4_REGIME_ANCHOR_TRANSITION|DOWN|05f6f74ef001f91c,"[""COMP|T3_ANCHOR_TRANSITION|DOWN|86a3a26d0aebfac2"", ""COMP|T4_REGIME_ANCHOR_TRANSITION|DOWN|0ac023e9658a33d4"", ""COMP|T4_REGIME_ANCHOR_TRANSITION|DOWN|46b52663b8f8dcaa"", ""COMP|T4_REGIME_ANCHOR_TRANSITION|DOWN|5347fa9b2fe5a4db"", ""COMP|T4_REGIME_ANCHOR_TRANSITION|DOWN|cee7c7a688f0cb57"", ""COMP|T4_REGIME_ANCHOR_TRANSITION|DOWN|d30937f4cd18dc4c"", ""COMP|T4_REGIME_ANCHOR_TRANSITION|DOWN|e32017fd39bb7c5e""]","[""COMP|T3_ANCHOR_TRANSITION|DOWN|86a3a26d0aebfac2"", ""COMP|T4_REGIME_ANCHOR_TRANSITION|DOWN|05f6f74ef001f91c"", ""COMP|T4_REGIME_ANCHOR_TRANSITION|DOWN|0ac023e9658a33d4"", ""COMP|T4_REGIME_ANCHOR_TRANSITION|DOWN|46b52663b8f8dcaa"", ""COMP|T4_REGIME_ANCHOR_TRANSITION|DOWN|5347fa9b2fe5a4db"", ""COMP|T4_REGIME_ANCHOR_TRANSITION|DOWN|cee7c7a688f0cb57"", ""COMP|T4_REGIME_ANCHOR_TRANSITION|DOWN|d30937f4cd18dc4c"", ""COMP|T4_REGIME_ANCHOR_TRANSITION|DOWN|e32017fd39bb7c5e""]",EVENT_STREAM_JACCARD
NR-000106,DOWN,30m,9,0.95,COMP|T4_REGIME_ANCHOR_TRANSITION|DOWN|a7aec676e4933a54,"[""COMP|T3_ANCHOR_TRANSITION|DOWN|06f2194c7fd85419"", ""COMP|T4_REGIME_ANCHOR_TRANSITION|DOWN|2bb8796c9f71a4f0"", ""COMP|T4_REGIME_ANCHOR_TRANSITION|DOWN|3bc0e7c649a8c559"", ""COMP|T4_REGIME_ANCHOR_TRANSITION|DOWN|40807a7bf4729250"", ""COMP|T4_REGIME_ANCHOR_TRANSITION|DOWN|a7c7a6786a6db3af"", ""COMP|T4_REGIME_ANCHOR_TRANSITION|DOWN|ab421226f91294f1"", ""COMP|T4_REGIME_ANCHOR_TRANSITION|DOWN|b399c0e1a28385b4"", ""COMP|T4_REGIME_ANCHOR_TRANSITION|DOWN|f41d9436b66954d7""]","[""COMP|T3_ANCHOR_TRANSITION|DOWN|06f2194c7fd85419"", ""COMP|T4_REGIME_ANCHOR_TRANSITION|DOWN|2bb8796c9f71a4f0"", ""COMP|T4_REGIME_ANCHOR_TRANSITION|DOWN|3bc0e7c649a8c559"", ""COMP|T4_REGIME_ANCHOR_TRANSITION|DOWN|40807a7bf4729250"", ""COMP|T4_REGIME_ANCHOR_TRANSITION|DOWN|a7aec676e4933a54"", ""COMP|T4_REGIME_ANCHOR_TRANSITION|DOWN|a7c7a6786a6db3af"", ""COMP|T4_REGIME_ANCHOR_TRANSITION|DOWN|ab421226f91294f1"", ""COMP|T4_REGIME_ANCHOR_TRANSITION|DOWN|b399c0e1a28385b4"", ""COMP|T4_REGIME_ANCHOR_TRANSITION|DOWN|f41d9436b66954d7""]",EVENT_STREAM_JACCARD
NR-000107,DOWN,30m,10,0.95,COMP|T4_REGIME_ANCHOR_TRANSITION|DOWN|bce62ba4e2997c8a,"[""COMP|T3_ANCHOR_TRANSITION|DOWN|c5b65995627c90d7"", ""COMP|T4_REGIME_ANCHOR_TRANSITION|DOWN|1ccf898640d7dabd"", ""COMP|T4_REGIME_ANCHOR_TRANSITION|DOWN|22956f3dd9a07bdd"", ""COMP|T4_REGIME_ANCHOR_TRANSITION|DOWN|3584f429be62dd68"", ""COMP|T4_REGIME_ANCHOR_TRANSITION|DOWN|3d5eef53f5d729c8"", ""COMP|T4_REGIME_ANCHOR_TRANSITION|DOWN|a282ea90ca991cf4"", ""COMP|T4_REGIME_ANCHOR_TRANSITION|DOWN|a65c191e2cdf5bb1"", ""COMP|T4_REGIME_ANCHOR_TRANSITION|DOWN|b89961188d8a80bc"", ""COMP|T4_REGIME_ANCHOR_TRANSITION|DOWN|c84537e1e73d35b5""]","[""COMP|T3_ANCHOR_TRANSITION|DOWN|c5b65995627c90d7"", ""COMP|T4_REGIME_ANCHOR_TRANSITION|DOWN|1ccf898640d7dabd"", ""COMP|T4_REGIME_ANCHOR_TRANSITION|DOWN|22956f3dd9a07bdd"", ""COMP|T4_REGIME_ANCHOR_TRANSITION|DOWN|3584f429be62dd68"", ""COMP|T4_REGIME_ANCHOR_TRANSITION|DOWN|3d5eef53f5d729c8"", ""COMP|T4_REGIME_ANCHOR_TRANSITION|DOWN|a282ea90ca991cf4"", ""COMP|T4_REGIME_ANCHOR_TRANSITION|DOWN|a65c191e2cdf5bb1"", ""COMP|T4_REGIME_ANCHOR_TRANSITION|DOWN|b89961188d8a80bc"", ""COMP|T4_REGIME_ANCHOR_TRANSITION|DOWN|bce62ba4e2997c8a"", ""COMP|T4_REGIME_ANCHOR_TRANSITION|DOWN|c84537e1e73d35b5""]",EVENT_STREAM_JACCARD
NR-000108,DOWN,30m,2,0.95,COMP|T4_REGIME_ANCHOR_TRANSITION|DOWN|0d9e22672951b04e,"[""COMP|T4_REGIME_ANCHOR_TRANSITION|DOWN|15c3ca96a5a2b096""]","[""COMP|T4_REGIME_ANCHOR_TRANSITION|DOWN|0d9e22672951b04e"", ""COMP|T4_REGIME_ANCHOR_TRANSITION|DOWN|15c3ca96a5a2b096""]",EVENT_STREAM_JACCARD
NR-000109,DOWN,30m,2,0.95,COMP|T4_REGIME_ANCHOR_TRANSITION|DOWN|2e112387c36c3717,"[""COMP|T4_REGIME_ANCHOR_TRANSITION|DOWN|d4871e69744e7995""]","[""COMP|T4_REGIME_ANCHOR_TRANSITION|DOWN|2e112387c36c3717"", ""COMP|T4_REGIME_ANCHOR_TRANSITION|DOWN|d4871e69744e7995""]",EVENT_STREAM_JACCARD
NR-000110,DOWN,30m,7,0.95,COMP|T4_REGIME_ANCHOR_TRANSITION|DOWN|5d3a35a7fe317875,"[""COMP|T3_ANCHOR_TRANSITION|DOWN|43d3f567c526c105"", ""COMP|T4_REGIME_ANCHOR_TRANSITION|DOWN|079d10e270750330"", ""COMP|T4_REGIME_ANCHOR_TRANSITION|DOWN|160131ea8a1d9498"", ""COMP|T4_REGIME_ANCHOR_TRANSITION|DOWN|2075ab30d620afab"", ""COMP|T4_REGIME_ANCHOR_TRANSITION|DOWN|3b4bb33fdff59c36"", ""COMP|T4_REGIME_ANCHOR_TRANSITION|DOWN|67cb989a15dafcb4""]","[""COMP|T3_ANCHOR_TRANSITION|DOWN|43d3f567c526c105"", ""COMP|T4_REGIME_ANCHOR_TRANSITION|DOWN|079d10e270750330"", ""COMP|T4_REGIME_ANCHOR_TRANSITION|DOWN|160131ea8a1d9498"", ""COMP|T4_REGIME_ANCHOR_TRANSITION|DOWN|2075ab30d620afab"", ""COMP|T4_REGIME_ANCHOR_TRANSITION|DOWN|3b4bb33fdff59c36"", ""COMP|T4_REGIME_ANCHOR_TRANSITION|DOWN|5d3a35a7fe317875"", ""COMP|T4_REGIME_ANCHOR_TRANSITION|DOWN|67cb989a15dafcb4""]",EVENT_STREAM_JACCARD
NR-000111,DOWN,30m,9,0.95,COMP|T4_REGIME_ANCHOR_TRANSITION|DOWN|186e46cc01397641,"[""COMP|T3_ANCHOR_TRANSITION|DOWN|adda3003581d95f0"", ""COMP|T4_REGIME_ANCHOR_TRANSITION|DOWN|03053a68079b9cf0"", ""COMP|T4_REGIME_ANCHOR_TRANSITION|DOWN|23eab38914cd44ad"", ""COMP|T4_REGIME_ANCHOR_TRANSITION|DOWN|4e5a0f3168ebcf8f"", ""COMP|T4_REGIME_ANCHOR_TRANSITION|DOWN|6b65016a45e24a63"", ""COMP|T4_REGIME_ANCHOR_TRANSITION|DOWN|7089f3ebb7bbced3"", ""COMP|T4_REGIME_ANCHOR_TRANSITION|DOWN|75ecb9e9e265d4c4"", ""COMP|T4_REGIME_ANCHOR_TRANSITION|DOWN|bae89fa77162801f""]","[""COMP|T3_ANCHOR_TRANSITION|DOWN|adda3003581d95f0"", ""COMP|T4_REGIME_ANCHOR_TRANSITION|DOWN|03053a68079b9cf0"", ""COMP|T4_REGIME_ANCHOR_TRANSITION|DOWN|186e46cc01397641"", ""COMP|T4_REGIME_ANCHOR_TRANSITION|DOWN|23eab38914cd44ad"", ""COMP|T4_REGIME_ANCHOR_TRANSITION|DOWN|4e5a0f3168ebcf8f"", ""COMP|T4_REGIME_ANCHOR_TRANSITION|DOWN|6b65016a45e24a63"", ""COMP|T4_REGIME_ANCHOR_TRANSITION|DOWN|7089f3ebb7bbced3"", ""COMP|T4_REGIME_ANCHOR_TRANSITION|DOWN|75ecb9e9e265d4c4"", ""COMP|T4_REGIME_ANCHOR_TRANSITION|DOWN|bae89fa77162801f""]",EVENT_STREAM_JACCARD
NR-000112,DOWN,30m,8,0.95,COMP|T4_REGIME_ANCHOR_TRANSITION|DOWN|deac52c605f8f2e2,"[""COMP|T3_ANCHOR_TRANSITION|DOWN|2aa9c9bee6ad0deb"", ""COMP|T4_REGIME_ANCHOR_TRANSITION|DOWN|05454594261d275f"", ""COMP|T4_REGIME_ANCHOR_TRANSITION|DOWN|2ccc433a44515a74"", ""COMP|T4_REGIME_ANCHOR_TRANSITION|DOWN|37a73925faca54d8"", ""COMP|T4_REGIME_ANCHOR_TRANSITION|DOWN|56942994b8e47dd1"", ""COMP|T4_REGIME_ANCHOR_TRANSITION|DOWN|740a53a264b6a38b"", ""COMP|T4_REGIME_ANCHOR_TRANSITION|DOWN|83e20f17c2c81355""]","[""COMP|T3_ANCHOR_TRANSITION|DOWN|2aa9c9bee6ad0deb"", ""COMP|T4_REGIME_ANCHOR_TRANSITION|DOWN|05454594261d275f"", ""COMP|T4_REGIME_ANCHOR_TRANSITION|DOWN|2ccc433a44515a74"", ""COMP|T4_REGIME_ANCHOR_TRANSITION|DOWN|37a73925faca54d8"", ""COMP|T4_REGIME_ANCHOR_TRANSITION|DOWN|56942994b8e47dd1"", ""COMP|T4_REGIME_ANCHOR_TRANSITION|DOWN|740a53a264b6a38b"", ""COMP|T4_REGIME_ANCHOR_TRANSITION|DOWN|83e20f17c2c81355"", ""COMP|T4_REGIME_ANCHOR_TRANSITION|DOWN|deac52c605f8f2e2""]",EVENT_STREAM_JACCARD
NR-000113,DOWN,30m,9,0.95,COMP|T4_REGIME_ANCHOR_TRANSITION|DOWN|ac53e6f92561a0f1,"[""COMP|T3_ANCHOR_TRANSITION|DOWN|ba3126a134a6055c"", ""COMP|T4_REGIME_ANCHOR_TRANSITION|DOWN|1a89a2dda9e4365d"", ""COMP|T4_REGIME_ANCHOR_TRANSITION|DOWN|238d70725b6c0b22"", ""COMP|T4_REGIME_ANCHOR_TRANSITION|DOWN|362d4b7ff36ed389"", ""COMP|T4_REGIME_ANCHOR_TRANSITION|DOWN|57a5f11bca76f791"", ""COMP|T4_REGIME_ANCHOR_TRANSITION|DOWN|5f85e052d0275589"", ""COMP|T4_REGIME_ANCHOR_TRANSITION|DOWN|6149d664ec336720"", ""COMP|T4_REGIME_ANCHOR_TRANSITION|DOWN|cd9ea53422e6c1be""]","[""COMP|T3_ANCHOR_TRANSITION|DOWN|ba3126a134a6055c"", ""COMP|T4_REGIME_ANCHOR_TRANSITION|DOWN|1a89a2dda9e4365d"", ""COMP|T4_REGIME_ANCHOR_TRANSITION|DOWN|238d70725b6c0b22"", ""COMP|T4_REGIME_ANCHOR_TRANSITION|DOWN|362d4b7ff36ed389"", ""COMP|T4_REGIME_ANCHOR_TRANSITION|DOWN|57a5f11bca76f791"", ""COMP|T4_REGIME_ANCHOR_TRANSITION|DOWN|5f85e052d0275589"", ""COMP|T4_REGIME_ANCHOR_TRANSITION|DOWN|6149d664ec336720"", ""COMP|T4_REGIME_ANCHOR_TRANSITION|DOWN|ac53e6f92561a0f1"", ""COMP|T4_REGIME_ANCHOR_TRANSITION|DOWN|cd9ea53422e6c1be""]",EVENT_STREAM_JACCARD
NR-000114,DOWN,30m,8,0.95,COMP|T4_REGIME_ANCHOR_TRANSITION|DOWN|ee8b31c926d86d02,"[""COMP|T3_ANCHOR_TRANSITION|DOWN|5027a6bef64f769b"", ""COMP|T4_REGIME_ANCHOR_TRANSITION|DOWN|5761ec621b558184"", ""COMP|T4_REGIME_ANCHOR_TRANSITION|DOWN|82e3d5c028a38c5e"", ""COMP|T4_REGIME_ANCHOR_TRANSITION|DOWN|94bb4003b15cfb81"", ""COMP|T4_REGIME_ANCHOR_TRANSITION|DOWN|be5ebe11d3ecc3dc"", ""COMP|T4_REGIME_ANCHOR_TRANSITION|DOWN|e8f0195603fab31e"", ""COMP|T4_REGIME_ANCHOR_TRANSITION|DOWN|fdc09ff32aa460bb""]","[""COMP|T3_ANCHOR_TRANSITION|DOWN|5027a6bef64f769b"", ""COMP|T4_REGIME_ANCHOR_TRANSITION|DOWN|5761ec621b558184"", ""COMP|T4_REGIME_ANCHOR_TRANSITION|DOWN|82e3d5c028a38c5e"", ""COMP|T4_REGIME_ANCHOR_TRANSITION|DOWN|94bb4003b15cfb81"", ""COMP|T4_REGIME_ANCHOR_TRANSITION|DOWN|be5ebe11d3ecc3dc"", ""COMP|T4_REGIME_ANCHOR_TRANSITION|DOWN|e8f0195603fab31e"", ""COMP|T4_REGIME_ANCHOR_TRANSITION|DOWN|ee8b31c926d86d02"", ""COMP|T4_REGIME_ANCHOR_TRANSITION|DOWN|fdc09ff32aa460bb""]",EVENT_STREAM_JACCARD
NR-000115,DOWN,30m,2,0.95,COMP|T4_REGIME_ANCHOR_TRANSITION|DOWN|3c7378000bc61002,"[""COMP|T4_REGIME_ANCHOR_TRANSITION|DOWN|21cf4cefab10f5ef""]","[""COMP|T4_REGIME_ANCHOR_TRANSITION|DOWN|21cf4cefab10f5ef"", ""COMP|T4_REGIME_ANCHOR_TRANSITION|DOWN|3c7378000bc61002""]",EVENT_STREAM_JACCARD
NR-000116,DOWN,30m,7,0.95,COMP|T4_REGIME_ANCHOR_TRANSITION|DOWN|d0d9ea4a75f68818,"[""COMP|T3_ANCHOR_TRANSITION|DOWN|311cec78fe15f6f3"", ""COMP|T3_ANCHOR_TRANSITION|DOWN|60076cd5dcd2d09f"", ""COMP|T4_REGIME_ANCHOR_TRANSITION|DOWN|5832d9aeea5fcac6"", ""COMP|T4_REGIME_ANCHOR_TRANSITION|DOWN|8cfed72b45ebb1d0"", ""COMP|T4_REGIME_ANCHOR_TRANSITION|DOWN|e5ca02f7a70b5839"", ""COMP|T4_REGIME_ANCHOR_TRANSITION|DOWN|ea9b8c1bcd8f479e""]","[""COMP|T3_ANCHOR_TRANSITION|DOWN|311cec78fe15f6f3"", ""COMP|T3_ANCHOR_TRANSITION|DOWN|60076cd5dcd2d09f"", ""COMP|T4_REGIME_ANCHOR_TRANSITION|DOWN|5832d9aeea5fcac6"", ""COMP|T4_REGIME_ANCHOR_TRANSITION|DOWN|8cfed72b45ebb1d0"", ""COMP|T4_REGIME_ANCHOR_TRANSITION|DOWN|d0d9ea4a75f68818"", ""COMP|T4_REGIME_ANCHOR_TRANSITION|DOWN|e5ca02f7a70b5839"", ""COMP|T4_REGIME_ANCHOR_TRANSITION|DOWN|ea9b8c1bcd8f479e""]",EVENT_STREAM_JACCARD
NR-000117,DOWN,30m,7,0.95,COMP|T4_REGIME_ANCHOR_TRANSITION|DOWN|89ef5871611d15ed,"[""COMP|T3_ANCHOR_TRANSITION|DOWN|04c801639ba33b67"", ""COMP|T4_REGIME_ANCHOR_TRANSITION|DOWN|3e52ebd09bad4af8"", ""COMP|T4_REGIME_ANCHOR_TRANSITION|DOWN|588eb93ac8789a24"", ""COMP|T4_REGIME_ANCHOR_TRANSITION|DOWN|6929e5705642bf13"", ""COMP|T4_REGIME_ANCHOR_TRANSITION|DOWN|79138fd2264b99c6"", ""COMP|T4_REGIME_ANCHOR_TRANSITION|DOWN|b3fe1d93d40ce6e4""]","[""COMP|T3_ANCHOR_TRANSITION|DOWN|04c801639ba33b67"", ""COMP|T4_REGIME_ANCHOR_TRANSITION|DOWN|3e52ebd09bad4af8"", ""COMP|T4_REGIME_ANCHOR_TRANSITION|DOWN|588eb93ac8789a24"", ""COMP|T4_REGIME_ANCHOR_TRANSITION|DOWN|6929e5705642bf13"", ""COMP|T4_REGIME_ANCHOR_TRANSITION|DOWN|79138fd2264b99c6"", ""COMP|T4_REGIME_ANCHOR_TRANSITION|DOWN|89ef5871611d15ed"", ""COMP|T4_REGIME_ANCHOR_TRANSITION|DOWN|b3fe1d93d40ce6e4""]",EVENT_STREAM_JACCARD
NR-000118,DOWN,30m,9,0.95,COMP|T4_REGIME_ANCHOR_TRANSITION|DOWN|c6dfb64c0a4f4067,"[""COMP|T3_ANCHOR_TRANSITION|DOWN|d02c39e78082bbee"", ""COMP|T4_REGIME_ANCHOR_TRANSITION|DOWN|236fdb3aeb923555"", ""COMP|T4_REGIME_ANCHOR_TRANSITION|DOWN|2bee56da8011954a"", ""COMP|T4_REGIME_ANCHOR_TRANSITION|DOWN|5114f58f4adfe719"", ""COMP|T4_REGIME_ANCHOR_TRANSITION|DOWN|67d6864590244ed3"", ""COMP|T4_REGIME_ANCHOR_TRANSITION|DOWN|dc41a6b9068bd4c8"", ""COMP|T4_REGIME_ANCHOR_TRANSITION|DOWN|e39e13b876cc395d"", ""COMP|T4_REGIME_ANCHOR_TRANSITION|DOWN|fe35533169689754""]","[""COMP|T3_ANCHOR_TRANSITION|DOWN|d02c39e78082bbee"", ""COMP|T4_REGIME_ANCHOR_TRANSITION|DOWN|236fdb3aeb923555"", ""COMP|T4_REGIME_ANCHOR_TRANSITION|DOWN|2bee56da8011954a"", ""COMP|T4_REGIME_ANCHOR_TRANSITION|DOWN|5114f58f4adfe719"", ""COMP|T4_REGIME_ANCHOR_TRANSITION|DOWN|67d6864590244ed3"", ""COMP|T4_REGIME_ANCHOR_TRANSITION|DOWN|c6dfb64c0a4f4067"", ""COMP|T4_REGIME_ANCHOR_TRANSITION|DOWN|dc41a6b9068bd4c8"", ""COMP|T4_REGIME_ANCHOR_TRANSITION|DOWN|e39e13b876cc395d"", ""COMP|T4_REGIME_ANCHOR_TRANSITION|DOWN|fe35533169689754""]",EVENT_STREAM_JACCARD
NR-000119,DOWN,30m,8,0.95,COMP|T4_REGIME_ANCHOR_TRANSITION|DOWN|640c1c1f7a86a4e5,"[""COMP|T3_ANCHOR_TRANSITION|DOWN|41466cd4548bf020"", ""COMP|T4_REGIME_ANCHOR_TRANSITION|DOWN|124d752eeb55f872"", ""COMP|T4_REGIME_ANCHOR_TRANSITION|DOWN|194bbeb74f3eb9d4"", ""COMP|T4_REGIME_ANCHOR_TRANSITION|DOWN|2ec859810980dab9"", ""COMP|T4_REGIME_ANCHOR_TRANSITION|DOWN|60df593f69801f8a"", ""COMP|T4_REGIME_ANCHOR_TRANSITION|DOWN|6308c4ed7eb30592"", ""COMP|T4_REGIME_ANCHOR_TRANSITION|DOWN|fc41b71d370f58bb""]","[""COMP|T3_ANCHOR_TRANSITION|DOWN|41466cd4548bf020"", ""COMP|T4_REGIME_ANCHOR_TRANSITION|DOWN|124d752eeb55f872"", ""COMP|T4_REGIME_ANCHOR_TRANSITION|DOWN|194bbeb74f3eb9d4"", ""COMP|T4_REGIME_ANCHOR_TRANSITION|DOWN|2ec859810980dab9"", ""COMP|T4_REGIME_ANCHOR_TRANSITION|DOWN|60df593f69801f8a"", ""COMP|T4_REGIME_ANCHOR_TRANSITION|DOWN|6308c4ed7eb30592"", ""COMP|T4_REGIME_ANCHOR_TRANSITION|DOWN|640c1c1f7a86a4e5"", ""COMP|T4_REGIME_ANCHOR_TRANSITION|DOWN|fc41b71d370f58bb""]",EVENT_STREAM_JACCARD
NR-000120,DOWN,30m,7,0.95,COMP|T4_REGIME_ANCHOR_TRANSITION|DOWN|e469abe19d845d90,"[""COMP|T3_ANCHOR_TRANSITION|DOWN|9b9cf41157b2ea9a"", ""COMP|T4_REGIME_ANCHOR_TRANSITION|DOWN|1d22be29de0e9de4"", ""COMP|T4_REGIME_ANCHOR_TRANSITION|DOWN|1f7bcee09a978156"", ""COMP|T4_REGIME_ANCHOR_TRANSITION|DOWN|76d9ac9c2706e77e"", ""COMP|T4_REGIME_ANCHOR_TRANSITION|DOWN|9689935a3bd50458"", ""COMP|T4_REGIME_ANCHOR_TRANSITION|DOWN|fc7c00fa5bd2e908""]","[""COMP|T3_ANCHOR_TRANSITION|DOWN|9b9cf41157b2ea9a"", ""COMP|T4_REGIME_ANCHOR_TRANSITION|DOWN|1d22be29de0e9de4"", ""COMP|T4_REGIME_ANCHOR_TRANSITION|DOWN|1f7bcee09a978156"", ""COMP|T4_REGIME_ANCHOR_TRANSITION|DOWN|76d9ac9c2706e77e"", ""COMP|T4_REGIME_ANCHOR_TRANSITION|DOWN|9689935a3bd50458"", ""COMP|T4_REGIME_ANCHOR_TRANSITION|DOWN|e469abe19d845d90"", ""COMP|T4_REGIME_ANCHOR_TRANSITION|DOWN|fc7c00fa5bd2e908""]",EVENT_STREAM_JACCARD
NR-000121,DOWN,30m,8,0.95,COMP|T4_REGIME_ANCHOR_TRANSITION|DOWN|faea0ae1732278c5,"[""COMP|T3_ANCHOR_TRANSITION|DOWN|c59b18b35fe2d7fc"", ""COMP|T4_REGIME_ANCHOR_TRANSITION|DOWN|19ccbfb38846c863"", ""COMP|T4_REGIME_ANCHOR_TRANSITION|DOWN|1d9dc7cbe1c01ac3"", ""COMP|T4_REGIME_ANCHOR_TRANSITION|DOWN|22e6d681b318adba"", ""COMP|T4_REGIME_ANCHOR_TRANSITION|DOWN|73ebebc87a4beaac"", ""COMP|T4_REGIME_ANCHOR_TRANSITION|DOWN|9bf4e8676e1f0912"", ""COMP|T4_REGIME_ANCHOR_TRANSITION|DOWN|a08bea123c33ba59""]","[""COMP|T3_ANCHOR_TRANSITION|DOWN|c59b18b35fe2d7fc"", ""COMP|T4_REGIME_ANCHOR_TRANSITION|DOWN|19ccbfb38846c863"", ""COMP|T4_REGIME_ANCHOR_TRANSITION|DOWN|1d9dc7cbe1c01ac3"", ""COMP|T4_REGIME_ANCHOR_TRANSITION|DOWN|22e6d681b318adba"", ""COMP|T4_REGIME_ANCHOR_TRANSITION|DOWN|73ebebc87a4beaac"", ""COMP|T4_REGIME_ANCHOR_TRANSITION|DOWN|9bf4e8676e1f0912"", ""COMP|T4_REGIME_ANCHOR_TRANSITION|DOWN|a08bea123c33ba59"", ""COMP|T4_REGIME_ANCHOR_TRANSITION|DOWN|faea0ae1732278c5""]",EVENT_STREAM_JACCARD
NR-000122,DOWN,30m,2,0.95,COMP|T4_REGIME_ANCHOR_TRANSITION|DOWN|8505cc10b9d8ab19,"[""COMP|T4_REGIME_ANCHOR_TRANSITION|DOWN|4711ab8c9a0f6a74""]","[""COMP|T4_REGIME_ANCHOR_TRANSITION|DOWN|4711ab8c9a0f6a74"", ""COMP|T4_REGIME_ANCHOR_TRANSITION|DOWN|8505cc10b9d8ab19""]",EVENT_STREAM_JACCARD
NR-000123,DOWN,30m,7,0.95,COMP|T4_REGIME_ANCHOR_TRANSITION|DOWN|e50dad05f78494a9,"[""COMP|T3_ANCHOR_TRANSITION|DOWN|f931db820641c34a"", ""COMP|T4_REGIME_ANCHOR_TRANSITION|DOWN|114bd65cdc35cee2"", ""COMP|T4_REGIME_ANCHOR_TRANSITION|DOWN|3548fb3ecc255c44"", ""COMP|T4_REGIME_ANCHOR_TRANSITION|DOWN|35f8229d200d61e4"", ""COMP|T4_REGIME_ANCHOR_TRANSITION|DOWN|a8d15ce87e2eb5e3"", ""COMP|T4_REGIME_ANCHOR_TRANSITION|DOWN|c6aa75358c7eee7c""]","[""COMP|T3_ANCHOR_TRANSITION|DOWN|f931db820641c34a"", ""COMP|T4_REGIME_ANCHOR_TRANSITION|DOWN|114bd65cdc35cee2"", ""COMP|T4_REGIME_ANCHOR_TRANSITION|DOWN|3548fb3ecc255c44"", ""COMP|T4_REGIME_ANCHOR_TRANSITION|DOWN|35f8229d200d61e4"", ""COMP|T4_REGIME_ANCHOR_TRANSITION|DOWN|a8d15ce87e2eb5e3"", ""COMP|T4_REGIME_ANCHOR_TRANSITION|DOWN|c6aa75358c7eee7c"", ""COMP|T4_REGIME_ANCHOR_TRANSITION|DOWN|e50dad05f78494a9""]",EVENT_STREAM_JACCARD
NR-000124,DOWN,30m,10,0.95,COMP|T4_REGIME_ANCHOR_TRANSITION|DOWN|1b5527dccb351128,"[""COMP|T3_ANCHOR_TRANSITION|DOWN|bac4e1514323a19a"", ""COMP|T4_REGIME_ANCHOR_TRANSITION|DOWN|2ec4f5cfd2444824"", ""COMP|T4_REGIME_ANCHOR_TRANSITION|DOWN|7b77f435b7a6f84e"", ""COMP|T4_REGIME_ANCHOR_TRANSITION|DOWN|b51838fa6b182802"", ""COMP|T4_REGIME_ANCHOR_TRANSITION|DOWN|ba78d525115c0fe4"", ""COMP|T4_REGIME_ANCHOR_TRANSITION|DOWN|c7dcb1b13b656ae8"", ""COMP|T4_REGIME_ANCHOR_TRANSITION|DOWN|d40f30d87f18b5e4"", ""COMP|T4_REGIME_ANCHOR_TRANSITION|DOWN|e4505ef1ed681ae9"", ""COMP|T4_REGIME_ANCHOR_TRANSITION|DOWN|e699cfe29c6a7b76""]","[""COMP|T3_ANCHOR_TRANSITION|DOWN|bac4e1514323a19a"", ""COMP|T4_REGIME_ANCHOR_TRANSITION|DOWN|1b5527dccb351128"", ""COMP|T4_REGIME_ANCHOR_TRANSITION|DOWN|2ec4f5cfd2444824"", ""COMP|T4_REGIME_ANCHOR_TRANSITION|DOWN|7b77f435b7a6f84e"", ""COMP|T4_REGIME_ANCHOR_TRANSITION|DOWN|b51838fa6b182802"", ""COMP|T4_REGIME_ANCHOR_TRANSITION|DOWN|ba78d525115c0fe4"", ""COMP|T4_REGIME_ANCHOR_TRANSITION|DOWN|c7dcb1b13b656ae8"", ""COMP|T4_REGIME_ANCHOR_TRANSITION|DOWN|d40f30d87f18b5e4"", ""COMP|T4_REGIME_ANCHOR_TRANSITION|DOWN|e4505ef1ed681ae9"", ""COMP|T4_REGIME_ANCHOR_TRANSITION|DOWN|e699cfe29c6a7b76""]",EVENT_STREAM_JACCARD
NR-000125,DOWN,30m,2,0.95,COMP|T4_REGIME_ANCHOR_TRANSITION|DOWN|e96c44201b152bb5,"[""COMP|T4_REGIME_ANCHOR_TRANSITION|DOWN|fb2ac4c7cc5e7682""]","[""COMP|T4_REGIME_ANCHOR_TRANSITION|DOWN|e96c44201b152bb5"", ""COMP|T4_REGIME_ANCHOR_TRANSITION|DOWN|fb2ac4c7cc5e7682""]",EVENT_STREAM_JACCARD
NR-000126,DOWN,30m,8,0.95,COMP|T4_REGIME_ANCHOR_TRANSITION|DOWN|864188fcba98257d,"[""COMP|T3_ANCHOR_TRANSITION|DOWN|9b8f34fc68bf629d"", ""COMP|T4_REGIME_ANCHOR_TRANSITION|DOWN|0a4c903663a09ffe"", ""COMP|T4_REGIME_ANCHOR_TRANSITION|DOWN|2b1192e04e8c42af"", ""COMP|T4_REGIME_ANCHOR_TRANSITION|DOWN|2e80aaa660226675"", ""COMP|T4_REGIME_ANCHOR_TRANSITION|DOWN|34a07b29ca05c323"", ""COMP|T4_REGIME_ANCHOR_TRANSITION|DOWN|ae059d70a1be1305"", ""COMP|T4_REGIME_ANCHOR_TRANSITION|DOWN|ecd09f791f0df6af""]","[""COMP|T3_ANCHOR_TRANSITION|DOWN|9b8f34fc68bf629d"", ""COMP|T4_REGIME_ANCHOR_TRANSITION|DOWN|0a4c903663a09ffe"", ""COMP|T4_REGIME_ANCHOR_TRANSITION|DOWN|2b1192e04e8c42af"", ""COMP|T4_REGIME_ANCHOR_TRANSITION|DOWN|2e80aaa660226675"", ""COMP|T4_REGIME_ANCHOR_TRANSITION|DOWN|34a07b29ca05c323"", ""COMP|T4_REGIME_ANCHOR_TRANSITION|DOWN|864188fcba98257d"", ""COMP|T4_REGIME_ANCHOR_TRANSITION|DOWN|ae059d70a1be1305"", ""COMP|T4_REGIME_ANCHOR_TRANSITION|DOWN|ecd09f791f0df6af""]",EVENT_STREAM_JACCARD
NR-000127,DOWN,30m,10,0.95,COMP|T4_REGIME_ANCHOR_TRANSITION|DOWN|4227153e84bed90e,"[""COMP|T3_ANCHOR_TRANSITION|DOWN|8260937d301cd425"", ""COMP|T4_REGIME_ANCHOR_TRANSITION|DOWN|08f8f958a82ee5bf"", ""COMP|T4_REGIME_ANCHOR_TRANSITION|DOWN|237c2bd5aa7d9a10"", ""COMP|T4_REGIME_ANCHOR_TRANSITION|DOWN|27efc4995e63c02d"", ""COMP|T4_REGIME_ANCHOR_TRANSITION|DOWN|386cc486e9e71a39"", ""COMP|T4_REGIME_ANCHOR_TRANSITION|DOWN|4e9fc02a105536d2"", ""COMP|T4_REGIME_ANCHOR_TRANSITION|DOWN|64618433defe5f1d"", ""COMP|T4_REGIME_ANCHOR_TRANSITION|DOWN|d3e441f7ed315940"", ""COMP|T4_REGIME_ANCHOR_TRANSITION|DOWN|de7522c381cfa49a""]","[""COMP|T3_ANCHOR_TRANSITION|DOWN|8260937d301cd425"", ""COMP|T4_REGIME_ANCHOR_TRANSITION|DOWN|08f8f958a82ee5bf"", ""COMP|T4_REGIME_ANCHOR_TRANSITION|DOWN|237c2bd5aa7d9a10"", ""COMP|T4_REGIME_ANCHOR_TRANSITION|DOWN|27efc4995e63c02d"", ""COMP|T4_REGIME_ANCHOR_TRANSITION|DOWN|386cc486e9e71a39"", ""COMP|T4_REGIME_ANCHOR_TRANSITION|DOWN|4227153e84bed90e"", ""COMP|T4_REGIME_ANCHOR_TRANSITION|DOWN|4e9fc02a105536d2"", ""COMP|T4_REGIME_ANCHOR_TRANSITION|DOWN|64618433defe5f1d"", ""COMP|T4_REGIME_ANCHOR_TRANSITION|DOWN|d3e441f7ed315940"", ""COMP|T4_REGIME_ANCHOR_TRANSITION|DOWN|de7522c381cfa49a""]",EVENT_STREAM_JACCARD
NR-000128,DOWN,30m,8,0.95,COMP|T4_REGIME_ANCHOR_TRANSITION|DOWN|a0244370cc1158e1,"[""COMP|T3_ANCHOR_TRANSITION|DOWN|47bb47f1aba87620"", ""COMP|T4_REGIME_ANCHOR_TRANSITION|DOWN|24eda755f99491ac"", ""COMP|T4_REGIME_ANCHOR_TRANSITION|DOWN|6ff68f944320c187"", ""COMP|T4_REGIME_ANCHOR_TRANSITION|DOWN|70ebed4491e7900c"", ""COMP|T4_REGIME_ANCHOR_TRANSITION|DOWN|accd1cb08bede560"", ""COMP|T4_REGIME_ANCHOR_TRANSITION|DOWN|b5352101ee107aa6"", ""COMP|T4_REGIME_ANCHOR_TRANSITION|DOWN|bda6936c28405d38""]","[""COMP|T3_ANCHOR_TRANSITION|DOWN|47bb47f1aba87620"", ""COMP|T4_REGIME_ANCHOR_TRANSITION|DOWN|24eda755f99491ac"", ""COMP|T4_REGIME_ANCHOR_TRANSITION|DOWN|6ff68f944320c187"", ""COMP|T4_REGIME_ANCHOR_TRANSITION|DOWN|70ebed4491e7900c"", ""COMP|T4_REGIME_ANCHOR_TRANSITION|DOWN|a0244370cc1158e1"", ""COMP|T4_REGIME_ANCHOR_TRANSITION|DOWN|accd1cb08bede560"", ""COMP|T4_REGIME_ANCHOR_TRANSITION|DOWN|b5352101ee107aa6"", ""COMP|T4_REGIME_ANCHOR_TRANSITION|DOWN|bda6936c28405d38""]",EVENT_STREAM_JACCARD
NR-000129,DOWN,30m,2,0.95,COMP|T4_REGIME_ANCHOR_TRANSITION|DOWN|1b5d39f1b280f30c,"[""COMP|T4_REGIME_ANCHOR_TRANSITION|DOWN|895334d82e4687fb""]","[""COMP|T4_REGIME_ANCHOR_TRANSITION|DOWN|1b5d39f1b280f30c"", ""COMP|T4_REGIME_ANCHOR_TRANSITION|DOWN|895334d82e4687fb""]",EVENT_STREAM_JACCARD
NR-000130,DOWN,30m,7,0.95,COMP|T4_REGIME_ANCHOR_TRANSITION|DOWN|7997e2f865dfda80,"[""COMP|T3_ANCHOR_TRANSITION|DOWN|481113899ce3a082"", ""COMP|T4_REGIME_ANCHOR_TRANSITION|DOWN|29052ccebfda4320"", ""COMP|T4_REGIME_ANCHOR_TRANSITION|DOWN|55776f69bbb30af0"", ""COMP|T4_REGIME_ANCHOR_TRANSITION|DOWN|8c72d741ad113cf0"", ""COMP|T4_REGIME_ANCHOR_TRANSITION|DOWN|c70548823b1070e7"", ""COMP|T4_REGIME_ANCHOR_TRANSITION|DOWN|d086df69c5e6ecbe""]","[""COMP|T3_ANCHOR_TRANSITION|DOWN|481113899ce3a082"", ""COMP|T4_REGIME_ANCHOR_TRANSITION|DOWN|29052ccebfda4320"", ""COMP|T4_REGIME_ANCHOR_TRANSITION|DOWN|55776f69bbb30af0"", ""COMP|T4_REGIME_ANCHOR_TRANSITION|DOWN|7997e2f865dfda80"", ""COMP|T4_REGIME_ANCHOR_TRANSITION|DOWN|8c72d741ad113cf0"", ""COMP|T4_REGIME_ANCHOR_TRANSITION|DOWN|c70548823b1070e7"", ""COMP|T4_REGIME_ANCHOR_TRANSITION|DOWN|d086df69c5e6ecbe""]",EVENT_STREAM_JACCARD
NR-000131,DOWN,30m,2,0.95,COMP|T4_REGIME_ANCHOR_TRANSITION|DOWN|1a3876a3ef7278ab,"[""COMP|T4_REGIME_ANCHOR_TRANSITION|DOWN|ab7fbda00c4f36dd""]","[""COMP|T4_REGIME_ANCHOR_TRANSITION|DOWN|1a3876a3ef7278ab"", ""COMP|T4_REGIME_ANCHOR_TRANSITION|DOWN|ab7fbda00c4f36dd""]",EVENT_STREAM_JACCARD
NR-000132,DOWN,30m,10,0.95,COMP|T4_REGIME_ANCHOR_TRANSITION|DOWN|e14d22ad45cb8585,"[""COMP|T3_ANCHOR_TRANSITION|DOWN|75e4b0ca7c86b063"", ""COMP|T4_REGIME_ANCHOR_TRANSITION|DOWN|0c1473b04d98e47d"", ""COMP|T4_REGIME_ANCHOR_TRANSITION|DOWN|1990c2acc39e6462"", ""COMP|T4_REGIME_ANCHOR_TRANSITION|DOWN|2de1d6dd7198ae80"", ""COMP|T4_REGIME_ANCHOR_TRANSITION|DOWN|3dbb3f5e81ea1bae"", ""COMP|T4_REGIME_ANCHOR_TRANSITION|DOWN|445120a6c00e8f7d"", ""COMP|T4_REGIME_ANCHOR_TRANSITION|DOWN|90e649d4051dbbb2"", ""COMP|T4_REGIME_ANCHOR_TRANSITION|DOWN|bc60c2c6e138fe5c"", ""COMP|T4_REGIME_ANCHOR_TRANSITION|DOWN|d816437cba3e707a""]","[""COMP|T3_ANCHOR_TRANSITION|DOWN|75e4b0ca7c86b063"", ""COMP|T4_REGIME_ANCHOR_TRANSITION|DOWN|0c1473b04d98e47d"", ""COMP|T4_REGIME_ANCHOR_TRANSITION|DOWN|1990c2acc39e6462"", ""COMP|T4_REGIME_ANCHOR_TRANSITION|DOWN|2de1d6dd7198ae80"", ""COMP|T4_REGIME_ANCHOR_TRANSITION|DOWN|3dbb3f5e81ea1bae"", ""COMP|T4_REGIME_ANCHOR_TRANSITION|DOWN|445120a6c00e8f7d"", ""COMP|T4_REGIME_ANCHOR_TRANSITION|DOWN|90e649d4051dbbb2"", ""COMP|T4_REGIME_ANCHOR_TRANSITION|DOWN|bc60c2c6e138fe5c"", ""COMP|T4_REGIME_ANCHOR_TRANSITION|DOWN|d816437cba3e707a"", ""COMP|T4_REGIME_ANCHOR_TRANSITION|DOWN|e14d22ad45cb8585""]",EVENT_STREAM_JACCARD
NR-000133,DOWN,30m,2,0.95,COMP|T4_REGIME_ANCHOR_TRANSITION|DOWN|fad747da8f43db44,"[""COMP|T4_REGIME_ANCHOR_TRANSITION|DOWN|64cbdf495494918b""]","[""COMP|T4_REGIME_ANCHOR_TRANSITION|DOWN|64cbdf495494918b"", ""COMP|T4_REGIME_ANCHOR_TRANSITION|DOWN|fad747da8f43db44""]",EVENT_STREAM_JACCARD
NR-000134,DOWN,30m,9,0.95,COMP|T4_REGIME_ANCHOR_TRANSITION|DOWN|e57dbb08de5c6d3b,"[""COMP|T3_ANCHOR_TRANSITION|DOWN|7166410928bd9797"", ""COMP|T4_REGIME_ANCHOR_TRANSITION|DOWN|3542b3d9d09696c9"", ""COMP|T4_REGIME_ANCHOR_TRANSITION|DOWN|5acc525867ec05aa"", ""COMP|T4_REGIME_ANCHOR_TRANSITION|DOWN|7b40ab198d5b2c14"", ""COMP|T4_REGIME_ANCHOR_TRANSITION|DOWN|9f3028bc592fcc5f"", ""COMP|T4_REGIME_ANCHOR_TRANSITION|DOWN|b2f1d57874ce843c"", ""COMP|T4_REGIME_ANCHOR_TRANSITION|DOWN|c90730a5752ce4b4"", ""COMP|T4_REGIME_ANCHOR_TRANSITION|DOWN|d26afed610e2f382""]","[""COMP|T3_ANCHOR_TRANSITION|DOWN|7166410928bd9797"", ""COMP|T4_REGIME_ANCHOR_TRANSITION|DOWN|3542b3d9d09696c9"", ""COMP|T4_REGIME_ANCHOR_TRANSITION|DOWN|5acc525867ec05aa"", ""COMP|T4_REGIME_ANCHOR_TRANSITION|DOWN|7b40ab198d5b2c14"", ""COMP|T4_REGIME_ANCHOR_TRANSITION|DOWN|9f3028bc592fcc5f"", ""COMP|T4_REGIME_ANCHOR_TRANSITION|DOWN|b2f1d57874ce843c"", ""COMP|T4_REGIME_ANCHOR_TRANSITION|DOWN|c90730a5752ce4b4"", ""COMP|T4_REGIME_ANCHOR_TRANSITION|DOWN|d26afed610e2f382"", ""COMP|T4_REGIME_ANCHOR_TRANSITION|DOWN|e57dbb08de5c6d3b""]",EVENT_STREAM_JACCARD
NR-000135,DOWN,30m,10,0.95,COMP|T4_REGIME_ANCHOR_TRANSITION|DOWN|c07b36c1ffdae0f7,"[""COMP|T3_ANCHOR_TRANSITION|DOWN|8d201c0c91222351"", ""COMP|T4_REGIME_ANCHOR_TRANSITION|DOWN|1039b084d7f8ed71"", ""COMP|T4_REGIME_ANCHOR_TRANSITION|DOWN|3903db3f3d78c26e"", ""COMP|T4_REGIME_ANCHOR_TRANSITION|DOWN|542cfdb952267953"", ""COMP|T4_REGIME_ANCHOR_TRANSITION|DOWN|66d14464068e79bd"", ""COMP|T4_REGIME_ANCHOR_TRANSITION|DOWN|7eb697688f5680a8"", ""COMP|T4_REGIME_ANCHOR_TRANSITION|DOWN|988abc82b590581e"", ""COMP|T4_REGIME_ANCHOR_TRANSITION|DOWN|a42dee9fee91ff5f"", ""COMP|T4_REGIME_ANCHOR_TRANSITION|DOWN|b71841f02455ec78""]","[""COMP|T3_ANCHOR_TRANSITION|DOWN|8d201c0c91222351"", ""COMP|T4_REGIME_ANCHOR_TRANSITION|DOWN|1039b084d7f8ed71"", ""COMP|T4_REGIME_ANCHOR_TRANSITION|DOWN|3903db3f3d78c26e"", ""COMP|T4_REGIME_ANCHOR_TRANSITION|DOWN|542cfdb952267953"", ""COMP|T4_REGIME_ANCHOR_TRANSITION|DOWN|66d14464068e79bd"", ""COMP|T4_REGIME_ANCHOR_TRANSITION|DOWN|7eb697688f5680a8"", ""COMP|T4_REGIME_ANCHOR_TRANSITION|DOWN|988abc82b590581e"", ""COMP|T4_REGIME_ANCHOR_TRANSITION|DOWN|a42dee9fee91ff5f"", ""COMP|T4_REGIME_ANCHOR_TRANSITION|DOWN|b71841f02455ec78"", ""COMP|T4_REGIME_ANCHOR_TRANSITION|DOWN|c07b36c1ffdae0f7""]",EVENT_STREAM_JACCARD
NR-000136,DOWN,30m,10,0.95,COMP|T4_REGIME_ANCHOR_TRANSITION|DOWN|5d08b3d302b2da8b,"[""COMP|T3_ANCHOR_TRANSITION|DOWN|c26eb6f121d98598"", ""COMP|T4_REGIME_ANCHOR_TRANSITION|DOWN|0f6aa74148c1db85"", ""COMP|T4_REGIME_ANCHOR_TRANSITION|DOWN|4e30519f747a899f"", ""COMP|T4_REGIME_ANCHOR_TRANSITION|DOWN|614dac66cc945e3f"", ""COMP|T4_REGIME_ANCHOR_TRANSITION|DOWN|7bab31c7ef670340"", ""COMP|T4_REGIME_ANCHOR_TRANSITION|DOWN|a27658de0e0c4b55"", ""COMP|T4_REGIME_ANCHOR_TRANSITION|DOWN|bcde90717f91fe94"", ""COMP|T4_REGIME_ANCHOR_TRANSITION|DOWN|fd50e83d7e9adfd4"", ""COMP|T4_REGIME_ANCHOR_TRANSITION|DOWN|fdcf82b8bc88f518""]","[""COMP|T3_ANCHOR_TRANSITION|DOWN|c26eb6f121d98598"", ""COMP|T4_REGIME_ANCHOR_TRANSITION|DOWN|0f6aa74148c1db85"", ""COMP|T4_REGIME_ANCHOR_TRANSITION|DOWN|4e30519f747a899f"", ""COMP|T4_REGIME_ANCHOR_TRANSITION|DOWN|5d08b3d302b2da8b"", ""COMP|T4_REGIME_ANCHOR_TRANSITION|DOWN|614dac66cc945e3f"", ""COMP|T4_REGIME_ANCHOR_TRANSITION|DOWN|7bab31c7ef670340"", ""COMP|T4_REGIME_ANCHOR_TRANSITION|DOWN|a27658de0e0c4b55"", ""COMP|T4_REGIME_ANCHOR_TRANSITION|DOWN|bcde90717f91fe94"", ""COMP|T4_REGIME_ANCHOR_TRANSITION|DOWN|fd50e83d7e9adfd4"", ""COMP|T4_REGIME_ANCHOR_TRANSITION|DOWN|fdcf82b8bc88f518""]",EVENT_STREAM_JACCARD
NR-000137,DOWN,30m,7,0.95,COMP|T4_REGIME_ANCHOR_TRANSITION|DOWN|bff69a70aebedc6b,"[""COMP|T3_ANCHOR_TRANSITION|DOWN|134dfede959ed277"", ""COMP|T4_REGIME_ANCHOR_TRANSITION|DOWN|023ce55d0334932a"", ""COMP|T4_REGIME_ANCHOR_TRANSITION|DOWN|6592771bc77c92a2"", ""COMP|T4_REGIME_ANCHOR_TRANSITION|DOWN|700ae38c3b357e84"", ""COMP|T4_REGIME_ANCHOR_TRANSITION|DOWN|be65b7b13eea6d45"", ""COMP|T4_REGIME_ANCHOR_TRANSITION|DOWN|e4ee46567826be36""]","[""COMP|T3_ANCHOR_TRANSITION|DOWN|134dfede959ed277"", ""COMP|T4_REGIME_ANCHOR_TRANSITION|DOWN|023ce55d0334932a"", ""COMP|T4_REGIME_ANCHOR_TRANSITION|DOWN|6592771bc77c92a2"", ""COMP|T4_REGIME_ANCHOR_TRANSITION|DOWN|700ae38c3b357e84"", ""COMP|T4_REGIME_ANCHOR_TRANSITION|DOWN|be65b7b13eea6d45"", ""COMP|T4_REGIME_ANCHOR_TRANSITION|DOWN|bff69a70aebedc6b"", ""COMP|T4_REGIME_ANCHOR_TRANSITION|DOWN|e4ee46567826be36""]",EVENT_STREAM_JACCARD
NR-000138,DOWN,30m,9,0.95,COMP|T4_REGIME_ANCHOR_TRANSITION|DOWN|9be60ca9fa4282d4,"[""COMP|T3_ANCHOR_TRANSITION|DOWN|836c4845c51d0cdf"", ""COMP|T4_REGIME_ANCHOR_TRANSITION|DOWN|1c875d1924263b0b"", ""COMP|T4_REGIME_ANCHOR_TRANSITION|DOWN|1f6fae71721fdc7f"", ""COMP|T4_REGIME_ANCHOR_TRANSITION|DOWN|26b4bfead6b1bed0"", ""COMP|T4_REGIME_ANCHOR_TRANSITION|DOWN|960cc7223a26da1a"", ""COMP|T4_REGIME_ANCHOR_TRANSITION|DOWN|9ab8ba200c2d226a"", ""COMP|T4_REGIME_ANCHOR_TRANSITION|DOWN|c73144bbcbbda40c"", ""COMP|T4_REGIME_ANCHOR_TRANSITION|DOWN|c8925317cc3883cb""]","[""COMP|T3_ANCHOR_TRANSITION|DOWN|836c4845c51d0cdf"", ""COMP|T4_REGIME_ANCHOR_TRANSITION|DOWN|1c875d1924263b0b"", ""COMP|T4_REGIME_ANCHOR_TRANSITION|DOWN|1f6fae71721fdc7f"", ""COMP|T4_REGIME_ANCHOR_TRANSITION|DOWN|26b4bfead6b1bed0"", ""COMP|T4_REGIME_ANCHOR_TRANSITION|DOWN|960cc7223a26da1a"", ""COMP|T4_REGIME_ANCHOR_TRANSITION|DOWN|9ab8ba200c2d226a"", ""COMP|T4_REGIME_ANCHOR_TRANSITION|DOWN|9be60ca9fa4282d4"", ""COMP|T4_REGIME_ANCHOR_TRANSITION|DOWN|c73144bbcbbda40c"", ""COMP|T4_REGIME_ANCHOR_TRANSITION|DOWN|c8925317cc3883cb""]",EVENT_STREAM_JACCARD
NR-000139,DOWN,30m,2,0.95,COMP|T4_REGIME_ANCHOR_TRANSITION|DOWN|74aabc2cc75ac4a2,"[""COMP|T4_REGIME_ANCHOR_TRANSITION|DOWN|da920258703be67b""]","[""COMP|T4_REGIME_ANCHOR_TRANSITION|DOWN|74aabc2cc75ac4a2"", ""COMP|T4_REGIME_ANCHOR_TRANSITION|DOWN|da920258703be67b""]",EVENT_STREAM_JACCARD
NR-000140,DOWN,30m,9,0.95,COMP|T4_REGIME_ANCHOR_TRANSITION|DOWN|dac0c15e890b1f27,"[""COMP|T3_ANCHOR_TRANSITION|DOWN|1c2cc50201f8a389"", ""COMP|T4_REGIME_ANCHOR_TRANSITION|DOWN|410f15d2aa83bc7e"", ""COMP|T4_REGIME_ANCHOR_TRANSITION|DOWN|5aa6392d9763ddaa"", ""COMP|T4_REGIME_ANCHOR_TRANSITION|DOWN|88bc09c0e9d785a2"", ""COMP|T4_REGIME_ANCHOR_TRANSITION|DOWN|a634d150a9eb1ad5"", ""COMP|T4_REGIME_ANCHOR_TRANSITION|DOWN|a859015d094ed177"", ""COMP|T4_REGIME_ANCHOR_TRANSITION|DOWN|d2bc0b9186441198"", ""COMP|T4_REGIME_ANCHOR_TRANSITION|DOWN|d4bb51a43fbba1a2""]","[""COMP|T3_ANCHOR_TRANSITION|DOWN|1c2cc50201f8a389"", ""COMP|T4_REGIME_ANCHOR_TRANSITION|DOWN|410f15d2aa83bc7e"", ""COMP|T4_REGIME_ANCHOR_TRANSITION|DOWN|5aa6392d9763ddaa"", ""COMP|T4_REGIME_ANCHOR_TRANSITION|DOWN|88bc09c0e9d785a2"", ""COMP|T4_REGIME_ANCHOR_TRANSITION|DOWN|a634d150a9eb1ad5"", ""COMP|T4_REGIME_ANCHOR_TRANSITION|DOWN|a859015d094ed177"", ""COMP|T4_REGIME_ANCHOR_TRANSITION|DOWN|d2bc0b9186441198"", ""COMP|T4_REGIME_ANCHOR_TRANSITION|DOWN|d4bb51a43fbba1a2"", ""COMP|T4_REGIME_ANCHOR_TRANSITION|DOWN|dac0c15e890b1f27""]",EVENT_STREAM_JACCARD
NR-000141,DOWN,30m,9,0.95,COMP|T4_REGIME_ANCHOR_TRANSITION|DOWN|bbcbcd7d539e0eeb,"[""COMP|T3_ANCHOR_TRANSITION|DOWN|c2bffa323ec4be0e"", ""COMP|T4_REGIME_ANCHOR_TRANSITION|DOWN|03d21b50ad761d4a"", ""COMP|T4_REGIME_ANCHOR_TRANSITION|DOWN|124c89767d3e7b46"", ""COMP|T4_REGIME_ANCHOR_TRANSITION|DOWN|2c201da7b8bc7493"", ""COMP|T4_REGIME_ANCHOR_TRANSITION|DOWN|31cc5022d9cc63b4"", ""COMP|T4_REGIME_ANCHOR_TRANSITION|DOWN|3b27332a8ecf5e46"", ""COMP|T4_REGIME_ANCHOR_TRANSITION|DOWN|857ad9947fcc5d80"", ""COMP|T4_REGIME_ANCHOR_TRANSITION|DOWN|9122e9dd6a3f1788""]","[""COMP|T3_ANCHOR_TRANSITION|DOWN|c2bffa323ec4be0e"", ""COMP|T4_REGIME_ANCHOR_TRANSITION|DOWN|03d21b50ad761d4a"", ""COMP|T4_REGIME_ANCHOR_TRANSITION|DOWN|124c89767d3e7b46"", ""COMP|T4_REGIME_ANCHOR_TRANSITION|DOWN|2c201da7b8bc7493"", ""COMP|T4_REGIME_ANCHOR_TRANSITION|DOWN|31cc5022d9cc63b4"", ""COMP|T4_REGIME_ANCHOR_TRANSITION|DOWN|3b27332a8ecf5e46"", ""COMP|T4_REGIME_ANCHOR_TRANSITION|DOWN|857ad9947fcc5d80"", ""COMP|T4_REGIME_ANCHOR_TRANSITION|DOWN|9122e9dd6a3f1788"", ""COMP|T4_REGIME_ANCHOR_TRANSITION|DOWN|bbcbcd7d539e0eeb""]",EVENT_STREAM_JACCARD
NR-000142,DOWN,30m,9,0.95,COMP|T4_REGIME_ANCHOR_TRANSITION|DOWN|76ab14b2d2bf206a,"[""COMP|T3_ANCHOR_TRANSITION|DOWN|d3eb51547c43ae67"", ""COMP|T4_REGIME_ANCHOR_TRANSITION|DOWN|13f099a221bc36f0"", ""COMP|T4_REGIME_ANCHOR_TRANSITION|DOWN|1da4ae93e7b79448"", ""COMP|T4_REGIME_ANCHOR_TRANSITION|DOWN|71c8fb2c50ed5fa5"", ""COMP|T4_REGIME_ANCHOR_TRANSITION|DOWN|7c4875e29e67be67"", ""COMP|T4_REGIME_ANCHOR_TRANSITION|DOWN|b9b08565c72f8a49"", ""COMP|T4_REGIME_ANCHOR_TRANSITION|DOWN|c9c2d5735ae99fc6"", ""COMP|T4_REGIME_ANCHOR_TRANSITION|DOWN|cae4cf4d41e3e2aa""]","[""COMP|T3_ANCHOR_TRANSITION|DOWN|d3eb51547c43ae67"", ""COMP|T4_REGIME_ANCHOR_TRANSITION|DOWN|13f099a221bc36f0"", ""COMP|T4_REGIME_ANCHOR_TRANSITION|DOWN|1da4ae93e7b79448"", ""COMP|T4_REGIME_ANCHOR_TRANSITION|DOWN|71c8fb2c50ed5fa5"", ""COMP|T4_REGIME_ANCHOR_TRANSITION|DOWN|76ab14b2d2bf206a"", ""COMP|T4_REGIME_ANCHOR_TRANSITION|DOWN|7c4875e29e67be67"", ""COMP|T4_REGIME_ANCHOR_TRANSITION|DOWN|b9b08565c72f8a49"", ""COMP|T4_REGIME_ANCHOR_TRANSITION|DOWN|c9c2d5735ae99fc6"", ""COMP|T4_REGIME_ANCHOR_TRANSITION|DOWN|cae4cf4d41e3e2aa""]",EVENT_STREAM_JACCARD
NR-000143,DOWN,30m,7,0.95,COMP|T4_REGIME_ANCHOR_TRANSITION|DOWN|e86c068d1c900d31,"[""COMP|T3_ANCHOR_TRANSITION|DOWN|5518a3c750389946"", ""COMP|T4_REGIME_ANCHOR_TRANSITION|DOWN|4d2d593848add995"", ""COMP|T4_REGIME_ANCHOR_TRANSITION|DOWN|99354cc56a44fa59"", ""COMP|T4_REGIME_ANCHOR_TRANSITION|DOWN|ab500d0c8cca25f5"", ""COMP|T4_REGIME_ANCHOR_TRANSITION|DOWN|d1edfe1d3735650b"", ""COMP|T4_REGIME_ANCHOR_TRANSITION|DOWN|d2444e9bdeb8c251""]","[""COMP|T3_ANCHOR_TRANSITION|DOWN|5518a3c750389946"", ""COMP|T4_REGIME_ANCHOR_TRANSITION|DOWN|4d2d593848add995"", ""COMP|T4_REGIME_ANCHOR_TRANSITION|DOWN|99354cc56a44fa59"", ""COMP|T4_REGIME_ANCHOR_TRANSITION|DOWN|ab500d0c8cca25f5"", ""COMP|T4_REGIME_ANCHOR_TRANSITION|DOWN|d1edfe1d3735650b"", ""COMP|T4_REGIME_ANCHOR_TRANSITION|DOWN|d2444e9bdeb8c251"", ""COMP|T4_REGIME_ANCHOR_TRANSITION|DOWN|e86c068d1c900d31""]",EVENT_STREAM_JACCARD
NR-000144,DOWN,30m,2,0.95,COMP|T4_REGIME_ANCHOR_TRANSITION|DOWN|b4f4f0c7b0f16852,"[""COMP|T4_REGIME_ANCHOR_TRANSITION|DOWN|83a045f7b433970c""]","[""COMP|T4_REGIME_ANCHOR_TRANSITION|DOWN|83a045f7b433970c"", ""COMP|T4_REGIME_ANCHOR_TRANSITION|DOWN|b4f4f0c7b0f16852""]",EVENT_STREAM_JACCARD
NR-000145,DOWN,30m,8,0.95,COMP|T4_REGIME_ANCHOR_TRANSITION|DOWN|0b6ee4bf678b9ae0,"[""COMP|T3_ANCHOR_TRANSITION|DOWN|3229755d10196a59"", ""COMP|T4_REGIME_ANCHOR_TRANSITION|DOWN|0cc889bac992649e"", ""COMP|T4_REGIME_ANCHOR_TRANSITION|DOWN|1c9d9ddeb341804a"", ""COMP|T4_REGIME_ANCHOR_TRANSITION|DOWN|371139e02b6f4050"", ""COMP|T4_REGIME_ANCHOR_TRANSITION|DOWN|44f6a82cf9bfde8d"", ""COMP|T4_REGIME_ANCHOR_TRANSITION|DOWN|9d3f245bcc415bca"", ""COMP|T4_REGIME_ANCHOR_TRANSITION|DOWN|ce9f1d0399e8937a""]","[""COMP|T3_ANCHOR_TRANSITION|DOWN|3229755d10196a59"", ""COMP|T4_REGIME_ANCHOR_TRANSITION|DOWN|0b6ee4bf678b9ae0"", ""COMP|T4_REGIME_ANCHOR_TRANSITION|DOWN|0cc889bac992649e"", ""COMP|T4_REGIME_ANCHOR_TRANSITION|DOWN|1c9d9ddeb341804a"", ""COMP|T4_REGIME_ANCHOR_TRANSITION|DOWN|371139e02b6f4050"", ""COMP|T4_REGIME_ANCHOR_TRANSITION|DOWN|44f6a82cf9bfde8d"", ""COMP|T4_REGIME_ANCHOR_TRANSITION|DOWN|9d3f245bcc415bca"", ""COMP|T4_REGIME_ANCHOR_TRANSITION|DOWN|ce9f1d0399e8937a""]",EVENT_STREAM_JACCARD
NR-000146,DOWN,30m,2,0.95,COMP|T4_REGIME_ANCHOR_TRANSITION|DOWN|89f8f571dc286201,"[""COMP|T4_REGIME_ANCHOR_TRANSITION|DOWN|aece17b7d4abbfa0""]","[""COMP|T4_REGIME_ANCHOR_TRANSITION|DOWN|89f8f571dc286201"", ""COMP|T4_REGIME_ANCHOR_TRANSITION|DOWN|aece17b7d4abbfa0""]",EVENT_STREAM_JACCARD
NR-000147,DOWN,30m,9,0.95,COMP|T4_REGIME_ANCHOR_TRANSITION|DOWN|6daa98de689aada6,"[""COMP|T3_ANCHOR_TRANSITION|DOWN|5de2b006ec2d303b"", ""COMP|T4_REGIME_ANCHOR_TRANSITION|DOWN|0d25f3c540ebe00b"", ""COMP|T4_REGIME_ANCHOR_TRANSITION|DOWN|0e1130676f3e6031"", ""COMP|T4_REGIME_ANCHOR_TRANSITION|DOWN|4b1aa98d6e87b5bd"", ""COMP|T4_REGIME_ANCHOR_TRANSITION|DOWN|755b34b4359c0c7a"", ""COMP|T4_REGIME_ANCHOR_TRANSITION|DOWN|7a129e363ae85d1a"", ""COMP|T4_REGIME_ANCHOR_TRANSITION|DOWN|940b1d8c94ac0038"", ""COMP|T4_REGIME_ANCHOR_TRANSITION|DOWN|b62140970c3ae4e6""]","[""COMP|T3_ANCHOR_TRANSITION|DOWN|5de2b006ec2d303b"", ""COMP|T4_REGIME_ANCHOR_TRANSITION|DOWN|0d25f3c540ebe00b"", ""COMP|T4_REGIME_ANCHOR_TRANSITION|DOWN|0e1130676f3e6031"", ""COMP|T4_REGIME_ANCHOR_TRANSITION|DOWN|4b1aa98d6e87b5bd"", ""COMP|T4_REGIME_ANCHOR_TRANSITION|DOWN|6daa98de689aada6"", ""COMP|T4_REGIME_ANCHOR_TRANSITION|DOWN|755b34b4359c0c7a"", ""COMP|T4_REGIME_ANCHOR_TRANSITION|DOWN|7a129e363ae85d1a"", ""COMP|T4_REGIME_ANCHOR_TRANSITION|DOWN|940b1d8c94ac0038"", ""COMP|T4_REGIME_ANCHOR_TRANSITION|DOWN|b62140970c3ae4e6""]",EVENT_STREAM_JACCARD
NR-000148,DOWN,30m,10,0.95,COMP|T4_REGIME_ANCHOR_TRANSITION|DOWN|a1f5066ce5d63ab5,"[""COMP|T3_ANCHOR_TRANSITION|DOWN|aa2c396e7b1454b6"", ""COMP|T4_REGIME_ANCHOR_TRANSITION|DOWN|0da192b78430cf67"", ""COMP|T4_REGIME_ANCHOR_TRANSITION|DOWN|596aefada29170f9"", ""COMP|T4_REGIME_ANCHOR_TRANSITION|DOWN|59cc3f638c946381"", ""COMP|T4_REGIME_ANCHOR_TRANSITION|DOWN|7343e44118119be9"", ""COMP|T4_REGIME_ANCHOR_TRANSITION|DOWN|76261787a31afdc3"", ""COMP|T4_REGIME_ANCHOR_TRANSITION|DOWN|a88f298e9d1aaca5"", ""COMP|T4_REGIME_ANCHOR_TRANSITION|DOWN|dea7121e824d187f"", ""COMP|T4_REGIME_ANCHOR_TRANSITION|DOWN|e7644285647771db""]","[""COMP|T3_ANCHOR_TRANSITION|DOWN|aa2c396e7b1454b6"", ""COMP|T4_REGIME_ANCHOR_TRANSITION|DOWN|0da192b78430cf67"", ""COMP|T4_REGIME_ANCHOR_TRANSITION|DOWN|596aefada29170f9"", ""COMP|T4_REGIME_ANCHOR_TRANSITION|DOWN|59cc3f638c946381"", ""COMP|T4_REGIME_ANCHOR_TRANSITION|DOWN|7343e44118119be9"", ""COMP|T4_REGIME_ANCHOR_TRANSITION|DOWN|76261787a31afdc3"", ""COMP|T4_REGIME_ANCHOR_TRANSITION|DOWN|a1f5066ce5d63ab5"", ""COMP|T4_REGIME_ANCHOR_TRANSITION|DOWN|a88f298e9d1aaca5"", ""COMP|T4_REGIME_ANCHOR_TRANSITION|DOWN|dea7121e824d187f"", ""COMP|T4_REGIME_ANCHOR_TRANSITION|DOWN|e7644285647771db""]",EVENT_STREAM_JACCARD
NR-000149,DOWN,30m,2,0.95,COMP|T4_REGIME_ANCHOR_TRANSITION|DOWN|3e3fbc01b98b7809,"[""COMP|T4_REGIME_ANCHOR_TRANSITION|DOWN|416b9eb8f154f0ff""]","[""COMP|T4_REGIME_ANCHOR_TRANSITION|DOWN|3e3fbc01b98b7809"", ""COMP|T4_REGIME_ANCHOR_TRANSITION|DOWN|416b9eb8f154f0ff""]",EVENT_STREAM_JACCARD
NR-000150,DOWN,30m,2,0.95,COMP|T4_REGIME_ANCHOR_TRANSITION|DOWN|79329468109a8a0c,"[""COMP|T4_REGIME_ANCHOR_TRANSITION|DOWN|c56e0eaba3a799c4""]","[""COMP|T4_REGIME_ANCHOR_TRANSITION|DOWN|79329468109a8a0c"", ""COMP|T4_REGIME_ANCHOR_TRANSITION|DOWN|c56e0eaba3a799c4""]",EVENT_STREAM_JACCARD
NR-000151,DOWN,30m,9,0.95,COMP|T4_REGIME_ANCHOR_TRANSITION|DOWN|828e70926e193f92,"[""COMP|T3_ANCHOR_TRANSITION|DOWN|e21fe944111144b2"", ""COMP|T4_REGIME_ANCHOR_TRANSITION|DOWN|0dcb5aa0cceb43a4"", ""COMP|T4_REGIME_ANCHOR_TRANSITION|DOWN|4b09ca86c53be564"", ""COMP|T4_REGIME_ANCHOR_TRANSITION|DOWN|8a3117106f39683d"", ""COMP|T4_REGIME_ANCHOR_TRANSITION|DOWN|a2dba61d655b6f4c"", ""COMP|T4_REGIME_ANCHOR_TRANSITION|DOWN|bc644df3fd758288"", ""COMP|T4_REGIME_ANCHOR_TRANSITION|DOWN|c3e458edaecf425c"", ""COMP|T4_REGIME_ANCHOR_TRANSITION|DOWN|d11ac9cc5b2b1960""]","[""COMP|T3_ANCHOR_TRANSITION|DOWN|e21fe944111144b2"", ""COMP|T4_REGIME_ANCHOR_TRANSITION|DOWN|0dcb5aa0cceb43a4"", ""COMP|T4_REGIME_ANCHOR_TRANSITION|DOWN|4b09ca86c53be564"", ""COMP|T4_REGIME_ANCHOR_TRANSITION|DOWN|828e70926e193f92"", ""COMP|T4_REGIME_ANCHOR_TRANSITION|DOWN|8a3117106f39683d"", ""COMP|T4_REGIME_ANCHOR_TRANSITION|DOWN|a2dba61d655b6f4c"", ""COMP|T4_REGIME_ANCHOR_TRANSITION|DOWN|bc644df3fd758288"", ""COMP|T4_REGIME_ANCHOR_TRANSITION|DOWN|c3e458edaecf425c"", ""COMP|T4_REGIME_ANCHOR_TRANSITION|DOWN|d11ac9cc5b2b1960""]",EVENT_STREAM_JACCARD
NR-000152,DOWN,30m,8,0.95,COMP|T4_REGIME_ANCHOR_TRANSITION|DOWN|23585844155b382f,"[""COMP|T3_ANCHOR_TRANSITION|DOWN|b362f703bca4ac65"", ""COMP|T4_REGIME_ANCHOR_TRANSITION|DOWN|318f92594fb376bd"", ""COMP|T4_REGIME_ANCHOR_TRANSITION|DOWN|44df27cacff804de"", ""COMP|T4_REGIME_ANCHOR_TRANSITION|DOWN|7dd2447c65005d4a"", ""COMP|T4_REGIME_ANCHOR_TRANSITION|DOWN|80d596a98d3ba9d4"", ""COMP|T4_REGIME_ANCHOR_TRANSITION|DOWN|8f5ee2c21e3a8212"", ""COMP|T4_REGIME_ANCHOR_TRANSITION|DOWN|d7b6e7718cd3d5bd""]","[""COMP|T3_ANCHOR_TRANSITION|DOWN|b362f703bca4ac65"", ""COMP|T4_REGIME_ANCHOR_TRANSITION|DOWN|23585844155b382f"", ""COMP|T4_REGIME_ANCHOR_TRANSITION|DOWN|318f92594fb376bd"", ""COMP|T4_REGIME_ANCHOR_TRANSITION|DOWN|44df27cacff804de"", ""COMP|T4_REGIME_ANCHOR_TRANSITION|DOWN|7dd2447c65005d4a"", ""COMP|T4_REGIME_ANCHOR_TRANSITION|DOWN|80d596a98d3ba9d4"", ""COMP|T4_REGIME_ANCHOR_TRANSITION|DOWN|8f5ee2c21e3a8212"", ""COMP|T4_REGIME_ANCHOR_TRANSITION|DOWN|d7b6e7718cd3d5bd""]",EVENT_STREAM_JACCARD
NR-000153,DOWN,30m,7,0.95,COMP|T4_REGIME_ANCHOR_TRANSITION|DOWN|5be5efd5489df763,"[""COMP|T3_ANCHOR_TRANSITION|DOWN|6040dee56fd4f5c8"", ""COMP|T4_REGIME_ANCHOR_TRANSITION|DOWN|0711ca9a92bdaee0"", ""COMP|T4_REGIME_ANCHOR_TRANSITION|DOWN|1de200958bf7d71e"", ""COMP|T4_REGIME_ANCHOR_TRANSITION|DOWN|25556cb4e8b2b65b"", ""COMP|T4_REGIME_ANCHOR_TRANSITION|DOWN|7b16db9f003a0534"", ""COMP|T4_REGIME_ANCHOR_TRANSITION|DOWN|8021b8b5a5a7749b""]","[""COMP|T3_ANCHOR_TRANSITION|DOWN|6040dee56fd4f5c8"", ""COMP|T4_REGIME_ANCHOR_TRANSITION|DOWN|0711ca9a92bdaee0"", ""COMP|T4_REGIME_ANCHOR_TRANSITION|DOWN|1de200958bf7d71e"", ""COMP|T4_REGIME_ANCHOR_TRANSITION|DOWN|25556cb4e8b2b65b"", ""COMP|T4_REGIME_ANCHOR_TRANSITION|DOWN|5be5efd5489df763"", ""COMP|T4_REGIME_ANCHOR_TRANSITION|DOWN|7b16db9f003a0534"", ""COMP|T4_REGIME_ANCHOR_TRANSITION|DOWN|8021b8b5a5a7749b""]",EVENT_STREAM_JACCARD
NR-000154,DOWN,30m,6,0.95,COMP|T4_REGIME_ANCHOR_TRANSITION|DOWN|6f03f0577bdaa4cc,"[""COMP|T3_ANCHOR_TRANSITION|DOWN|0f569eb5e498cdb5"", ""COMP|T4_REGIME_ANCHOR_TRANSITION|DOWN|0f4655f4ba355d54"", ""COMP|T4_REGIME_ANCHOR_TRANSITION|DOWN|3149fa8047e08fd5"", ""COMP|T4_REGIME_ANCHOR_TRANSITION|DOWN|886ea60c48daeb99"", ""COMP|T4_REGIME_ANCHOR_TRANSITION|DOWN|f0f46f15bc38bbce""]","[""COMP|T3_ANCHOR_TRANSITION|DOWN|0f569eb5e498cdb5"", ""COMP|T4_REGIME_ANCHOR_TRANSITION|DOWN|0f4655f4ba355d54"", ""COMP|T4_REGIME_ANCHOR_TRANSITION|DOWN|3149fa8047e08fd5"", ""COMP|T4_REGIME_ANCHOR_TRANSITION|DOWN|6f03f0577bdaa4cc"", ""COMP|T4_REGIME_ANCHOR_TRANSITION|DOWN|886ea60c48daeb99"", ""COMP|T4_REGIME_ANCHOR_TRANSITION|DOWN|f0f46f15bc38bbce""]",EVENT_STREAM_JACCARD
NR-000155,DOWN,30m,2,0.95,COMP|T4_REGIME_ANCHOR_TRANSITION|DOWN|d5bd82021a8af3dc,"[""COMP|T4_REGIME_ANCHOR_TRANSITION|DOWN|55945ae7270cdf1c""]","[""COMP|T4_REGIME_ANCHOR_TRANSITION|DOWN|55945ae7270cdf1c"", ""COMP|T4_REGIME_ANCHOR_TRANSITION|DOWN|d5bd82021a8af3dc""]",EVENT_STREAM_JACCARD
NR-000156,DOWN,30m,10,0.95,COMP|T4_REGIME_ANCHOR_TRANSITION|DOWN|6c34d421ce363510,"[""COMP|T3_ANCHOR_TRANSITION|DOWN|5e5b10966fd02893"", ""COMP|T4_REGIME_ANCHOR_TRANSITION|DOWN|2d348f3ec5d696dd"", ""COMP|T4_REGIME_ANCHOR_TRANSITION|DOWN|4260bf99ad530cb0"", ""COMP|T4_REGIME_ANCHOR_TRANSITION|DOWN|5e945b6ed17ba395"", ""COMP|T4_REGIME_ANCHOR_TRANSITION|DOWN|66f8330035328603"", ""COMP|T4_REGIME_ANCHOR_TRANSITION|DOWN|87ecbd5be132c151"", ""COMP|T4_REGIME_ANCHOR_TRANSITION|DOWN|c139703e87131f29"", ""COMP|T4_REGIME_ANCHOR_TRANSITION|DOWN|dd93329808b86a8e"", ""COMP|T4_REGIME_ANCHOR_TRANSITION|DOWN|f79457ee146e545f""]","[""COMP|T3_ANCHOR_TRANSITION|DOWN|5e5b10966fd02893"", ""COMP|T4_REGIME_ANCHOR_TRANSITION|DOWN|2d348f3ec5d696dd"", ""COMP|T4_REGIME_ANCHOR_TRANSITION|DOWN|4260bf99ad530cb0"", ""COMP|T4_REGIME_ANCHOR_TRANSITION|DOWN|5e945b6ed17ba395"", ""COMP|T4_REGIME_ANCHOR_TRANSITION|DOWN|66f8330035328603"", ""COMP|T4_REGIME_ANCHOR_TRANSITION|DOWN|6c34d421ce363510"", ""COMP|T4_REGIME_ANCHOR_TRANSITION|DOWN|87ecbd5be132c151"", ""COMP|T4_REGIME_ANCHOR_TRANSITION|DOWN|c139703e87131f29"", ""COMP|T4_REGIME_ANCHOR_TRANSITION|DOWN|dd93329808b86a8e"", ""COMP|T4_REGIME_ANCHOR_TRANSITION|DOWN|f79457ee146e545f""]",EVENT_STREAM_JACCARD
NR-000157,DOWN,30m,8,0.95,COMP|T4_REGIME_ANCHOR_TRANSITION|DOWN|2df137c891955463,"[""COMP|T3_ANCHOR_TRANSITION|DOWN|0afb9e90796d329b"", ""COMP|T4_REGIME_ANCHOR_TRANSITION|DOWN|3ca861c1fc9df9c1"", ""COMP|T4_REGIME_ANCHOR_TRANSITION|DOWN|419f6a6edd0214e2"", ""COMP|T4_REGIME_ANCHOR_TRANSITION|DOWN|69f884759a46ba6c"", ""COMP|T4_REGIME_ANCHOR_TRANSITION|DOWN|7c0a70a79019c6a1"", ""COMP|T4_REGIME_ANCHOR_TRANSITION|DOWN|890fae52b23707b3"", ""COMP|T4_REGIME_ANCHOR_TRANSITION|DOWN|9b02e7d1ceb9c58d""]","[""COMP|T3_ANCHOR_TRANSITION|DOWN|0afb9e90796d329b"", ""COMP|T4_REGIME_ANCHOR_TRANSITION|DOWN|2df137c891955463"", ""COMP|T4_REGIME_ANCHOR_TRANSITION|DOWN|3ca861c1fc9df9c1"", ""COMP|T4_REGIME_ANCHOR_TRANSITION|DOWN|419f6a6edd0214e2"", ""COMP|T4_REGIME_ANCHOR_TRANSITION|DOWN|69f884759a46ba6c"", ""COMP|T4_REGIME_ANCHOR_TRANSITION|DOWN|7c0a70a79019c6a1"", ""COMP|T4_REGIME_ANCHOR_TRANSITION|DOWN|890fae52b23707b3"", ""COMP|T4_REGIME_ANCHOR_TRANSITION|DOWN|9b02e7d1ceb9c58d""]",EVENT_STREAM_JACCARD
NR-000158,DOWN,30m,8,0.95,COMP|T4_REGIME_ANCHOR_TRANSITION|DOWN|5ef7ae58baf62245,"[""COMP|T3_ANCHOR_TRANSITION|DOWN|9672b8a98bc13993"", ""COMP|T4_REGIME_ANCHOR_TRANSITION|DOWN|0aabc38748d721b5"", ""COMP|T4_REGIME_ANCHOR_TRANSITION|DOWN|1071bd44a0d02579"", ""COMP|T4_REGIME_ANCHOR_TRANSITION|DOWN|4c9e7d62734d423d"", ""COMP|T4_REGIME_ANCHOR_TRANSITION|DOWN|63e164ffa0ae84ce"", ""COMP|T4_REGIME_ANCHOR_TRANSITION|DOWN|b2ef933ca86d1a3d"", ""COMP|T4_REGIME_ANCHOR_TRANSITION|DOWN|c48541142e24538c""]","[""COMP|T3_ANCHOR_TRANSITION|DOWN|9672b8a98bc13993"", ""COMP|T4_REGIME_ANCHOR_TRANSITION|DOWN|0aabc38748d721b5"", ""COMP|T4_REGIME_ANCHOR_TRANSITION|DOWN|1071bd44a0d02579"", ""COMP|T4_REGIME_ANCHOR_TRANSITION|DOWN|4c9e7d62734d423d"", ""COMP|T4_REGIME_ANCHOR_TRANSITION|DOWN|5ef7ae58baf62245"", ""COMP|T4_REGIME_ANCHOR_TRANSITION|DOWN|63e164ffa0ae84ce"", ""COMP|T4_REGIME_ANCHOR_TRANSITION|DOWN|b2ef933ca86d1a3d"", ""COMP|T4_REGIME_ANCHOR_TRANSITION|DOWN|c48541142e24538c""]",EVENT_STREAM_JACCARD
NR-000159,DOWN,30m,7,0.95,COMP|T4_REGIME_ANCHOR_TRANSITION|DOWN|041ece1d02a2131a,"[""COMP|T3_ANCHOR_TRANSITION|DOWN|5d3c6cbe6901729d"", ""COMP|T4_REGIME_ANCHOR_TRANSITION|DOWN|319f2640449753be"", ""COMP|T4_REGIME_ANCHOR_TRANSITION|DOWN|396e170e00d64578"", ""COMP|T4_REGIME_ANCHOR_TRANSITION|DOWN|4d46e708f638db30"", ""COMP|T4_REGIME_ANCHOR_TRANSITION|DOWN|5a30d8112a4de42b"", ""COMP|T4_REGIME_ANCHOR_TRANSITION|DOWN|cb4856ab52dceecb""]","[""COMP|T3_ANCHOR_TRANSITION|DOWN|5d3c6cbe6901729d"", ""COMP|T4_REGIME_ANCHOR_TRANSITION|DOWN|041ece1d02a2131a"", ""COMP|T4_REGIME_ANCHOR_TRANSITION|DOWN|319f2640449753be"", ""COMP|T4_REGIME_ANCHOR_TRANSITION|DOWN|396e170e00d64578"", ""COMP|T4_REGIME_ANCHOR_TRANSITION|DOWN|4d46e708f638db30"", ""COMP|T4_REGIME_ANCHOR_TRANSITION|DOWN|5a30d8112a4de42b"", ""COMP|T4_REGIME_ANCHOR_TRANSITION|DOWN|cb4856ab52dceecb""]",EVENT_STREAM_JACCARD
NR-000160,DOWN,30m,7,0.95,COMP|T4_REGIME_ANCHOR_TRANSITION|DOWN|0423844ca984abba,"[""COMP|T3_ANCHOR_TRANSITION|DOWN|0f6a1a86289392f8"", ""COMP|T4_REGIME_ANCHOR_TRANSITION|DOWN|39aade71c243c54b"", ""COMP|T4_REGIME_ANCHOR_TRANSITION|DOWN|67fd03a60415aecd"", ""COMP|T4_REGIME_ANCHOR_TRANSITION|DOWN|9335032c2e936398"", ""COMP|T4_REGIME_ANCHOR_TRANSITION|DOWN|c507c22a60c434b2"", ""COMP|T4_REGIME_ANCHOR_TRANSITION|DOWN|e3ca6910914859b1""]","[""COMP|T3_ANCHOR_TRANSITION|DOWN|0f6a1a86289392f8"", ""COMP|T4_REGIME_ANCHOR_TRANSITION|DOWN|0423844ca984abba"", ""COMP|T4_REGIME_ANCHOR_TRANSITION|DOWN|39aade71c243c54b"", ""COMP|T4_REGIME_ANCHOR_TRANSITION|DOWN|67fd03a60415aecd"", ""COMP|T4_REGIME_ANCHOR_TRANSITION|DOWN|9335032c2e936398"", ""COMP|T4_REGIME_ANCHOR_TRANSITION|DOWN|c507c22a60c434b2"", ""COMP|T4_REGIME_ANCHOR_TRANSITION|DOWN|e3ca6910914859b1""]",EVENT_STREAM_JACCARD
NR-000161,DOWN,30m,7,0.95,COMP|T4_REGIME_ANCHOR_TRANSITION|DOWN|e51e3c307d8b8368,"[""COMP|T3_ANCHOR_TRANSITION|DOWN|ee93106656c38b63"", ""COMP|T4_REGIME_ANCHOR_TRANSITION|DOWN|5181cc966f38d14e"", ""COMP|T4_REGIME_ANCHOR_TRANSITION|DOWN|a19af552a481cfaa"", ""COMP|T4_REGIME_ANCHOR_TRANSITION|DOWN|af2234158560e8f5"", ""COMP|T4_REGIME_ANCHOR_TRANSITION|DOWN|c9595727b3bdb9f0"", ""COMP|T4_REGIME_ANCHOR_TRANSITION|DOWN|f00b0c8250051407""]","[""COMP|T3_ANCHOR_TRANSITION|DOWN|ee93106656c38b63"", ""COMP|T4_REGIME_ANCHOR_TRANSITION|DOWN|5181cc966f38d14e"", ""COMP|T4_REGIME_ANCHOR_TRANSITION|DOWN|a19af552a481cfaa"", ""COMP|T4_REGIME_ANCHOR_TRANSITION|DOWN|af2234158560e8f5"", ""COMP|T4_REGIME_ANCHOR_TRANSITION|DOWN|c9595727b3bdb9f0"", ""COMP|T4_REGIME_ANCHOR_TRANSITION|DOWN|e51e3c307d8b8368"", ""COMP|T4_REGIME_ANCHOR_TRANSITION|DOWN|f00b0c8250051407""]",EVENT_STREAM_JACCARD
NR-000162,DOWN,30m,2,0.95,COMP|T4_REGIME_ANCHOR_TRANSITION|DOWN|2b34ca5f2617c5c3,"[""COMP|T4_REGIME_ANCHOR_TRANSITION|DOWN|755052acd609c4b0""]","[""COMP|T4_REGIME_ANCHOR_TRANSITION|DOWN|2b34ca5f2617c5c3"", ""COMP|T4_REGIME_ANCHOR_TRANSITION|DOWN|755052acd609c4b0""]",EVENT_STREAM_JACCARD
NR-000163,DOWN,30m,8,0.95,COMP|T4_REGIME_ANCHOR_TRANSITION|DOWN|c47ad6e2346b8722,"[""COMP|T3_ANCHOR_TRANSITION|DOWN|3f192be6d9cfb07b"", ""COMP|T4_REGIME_ANCHOR_TRANSITION|DOWN|051d66c412dfe968"", ""COMP|T4_REGIME_ANCHOR_TRANSITION|DOWN|0ff94cd8fe081737"", ""COMP|T4_REGIME_ANCHOR_TRANSITION|DOWN|537bea0adbc0ac1b"", ""COMP|T4_REGIME_ANCHOR_TRANSITION|DOWN|57c5047458a11b43"", ""COMP|T4_REGIME_ANCHOR_TRANSITION|DOWN|98a52b23ae0d1acd"", ""COMP|T4_REGIME_ANCHOR_TRANSITION|DOWN|c7520c3ad2ee59c4""]","[""COMP|T3_ANCHOR_TRANSITION|DOWN|3f192be6d9cfb07b"", ""COMP|T4_REGIME_ANCHOR_TRANSITION|DOWN|051d66c412dfe968"", ""COMP|T4_REGIME_ANCHOR_TRANSITION|DOWN|0ff94cd8fe081737"", ""COMP|T4_REGIME_ANCHOR_TRANSITION|DOWN|537bea0adbc0ac1b"", ""COMP|T4_REGIME_ANCHOR_TRANSITION|DOWN|57c5047458a11b43"", ""COMP|T4_REGIME_ANCHOR_TRANSITION|DOWN|98a52b23ae0d1acd"", ""COMP|T4_REGIME_ANCHOR_TRANSITION|DOWN|c47ad6e2346b8722"", ""COMP|T4_REGIME_ANCHOR_TRANSITION|DOWN|c7520c3ad2ee59c4""]",EVENT_STREAM_JACCARD
NR-000164,DOWN,30m,2,0.95,COMP|T4_REGIME_ANCHOR_TRANSITION|DOWN|fba76449e55805b0,"[""COMP|T4_REGIME_ANCHOR_TRANSITION|DOWN|4c9c0e20d004450b""]","[""COMP|T4_REGIME_ANCHOR_TRANSITION|DOWN|4c9c0e20d004450b"", ""COMP|T4_REGIME_ANCHOR_TRANSITION|DOWN|fba76449e55805b0""]",EVENT_STREAM_JACCARD
NR-000165,DOWN,30m,2,0.95,COMP|T4_REGIME_ANCHOR_TRANSITION|DOWN|50e670b003a32366,"[""COMP|T4_REGIME_ANCHOR_TRANSITION|DOWN|011bfa8d32900909""]","[""COMP|T4_REGIME_ANCHOR_TRANSITION|DOWN|011bfa8d32900909"", ""COMP|T4_REGIME_ANCHOR_TRANSITION|DOWN|50e670b003a32366""]",EVENT_STREAM_JACCARD
NR-000166,DOWN,30m,2,0.95,COMP|T4_REGIME_ANCHOR_TRANSITION|DOWN|dac010a795e1b831,"[""COMP|T4_REGIME_ANCHOR_TRANSITION|DOWN|7ed808c9bacd5efd""]","[""COMP|T4_REGIME_ANCHOR_TRANSITION|DOWN|7ed808c9bacd5efd"", ""COMP|T4_REGIME_ANCHOR_TRANSITION|DOWN|dac010a795e1b831""]",EVENT_STREAM_JACCARD
NR-000167,DOWN,30m,7,0.95,COMP|T4_REGIME_ANCHOR_TRANSITION|DOWN|ce3e9317b74d8012,"[""COMP|T3_ANCHOR_TRANSITION|DOWN|95ca11d41a033358"", ""COMP|T4_REGIME_ANCHOR_TRANSITION|DOWN|14bc00ef6333b0a3"", ""COMP|T4_REGIME_ANCHOR_TRANSITION|DOWN|1d2e9061477388aa"", ""COMP|T4_REGIME_ANCHOR_TRANSITION|DOWN|2b9ccbf03ff9a897"", ""COMP|T4_REGIME_ANCHOR_TRANSITION|DOWN|3a99cc79a8615ee4"", ""COMP|T4_REGIME_ANCHOR_TRANSITION|DOWN|6bff7ac9383a5f2c""]","[""COMP|T3_ANCHOR_TRANSITION|DOWN|95ca11d41a033358"", ""COMP|T4_REGIME_ANCHOR_TRANSITION|DOWN|14bc00ef6333b0a3"", ""COMP|T4_REGIME_ANCHOR_TRANSITION|DOWN|1d2e9061477388aa"", ""COMP|T4_REGIME_ANCHOR_TRANSITION|DOWN|2b9ccbf03ff9a897"", ""COMP|T4_REGIME_ANCHOR_TRANSITION|DOWN|3a99cc79a8615ee4"", ""COMP|T4_REGIME_ANCHOR_TRANSITION|DOWN|6bff7ac9383a5f2c"", ""COMP|T4_REGIME_ANCHOR_TRANSITION|DOWN|ce3e9317b74d8012""]",EVENT_STREAM_JACCARD
NR-000168,DOWN,30m,8,0.95,COMP|T4_REGIME_ANCHOR_TRANSITION|DOWN|7aa4d318ce90ae67,"[""COMP|T3_ANCHOR_TRANSITION|DOWN|4297414ff95253d5"", ""COMP|T4_REGIME_ANCHOR_TRANSITION|DOWN|01cbca82053d3610"", ""COMP|T4_REGIME_ANCHOR_TRANSITION|DOWN|55f26934c18c0d88"", ""COMP|T4_REGIME_ANCHOR_TRANSITION|DOWN|6cb5caada5260e3c"", ""COMP|T4_REGIME_ANCHOR_TRANSITION|DOWN|6f017bd7daddf1ce"", ""COMP|T4_REGIME_ANCHOR_TRANSITION|DOWN|8b36e6de1b955ae7"", ""COMP|T4_REGIME_ANCHOR_TRANSITION|DOWN|b7329dfec2b3ee93""]","[""COMP|T3_ANCHOR_TRANSITION|DOWN|4297414ff95253d5"", ""COMP|T4_REGIME_ANCHOR_TRANSITION|DOWN|01cbca82053d3610"", ""COMP|T4_REGIME_ANCHOR_TRANSITION|DOWN|55f26934c18c0d88"", ""COMP|T4_REGIME_ANCHOR_TRANSITION|DOWN|6cb5caada5260e3c"", ""COMP|T4_REGIME_ANCHOR_TRANSITION|DOWN|6f017bd7daddf1ce"", ""COMP|T4_REGIME_ANCHOR_TRANSITION|DOWN|7aa4d318ce90ae67"", ""COMP|T4_REGIME_ANCHOR_TRANSITION|DOWN|8b36e6de1b955ae7"", ""COMP|T4_REGIME_ANCHOR_TRANSITION|DOWN|b7329dfec2b3ee93""]",EVENT_STREAM_JACCARD
NR-000169,DOWN,30m,6,0.95,COMP|T4_REGIME_ANCHOR_TRANSITION|DOWN|11317313c403e6e1,"[""COMP|T3_ANCHOR_TRANSITION|DOWN|aee188894cdf1c34"", ""COMP|T4_REGIME_ANCHOR_TRANSITION|DOWN|04d550efdbfa8e08"", ""COMP|T4_REGIME_ANCHOR_TRANSITION|DOWN|481d9878404c2453"", ""COMP|T4_REGIME_ANCHOR_TRANSITION|DOWN|d4f5a568d99925d8"", ""COMP|T4_REGIME_ANCHOR_TRANSITION|DOWN|d6b2bc47ea204a5a""]","[""COMP|T3_ANCHOR_TRANSITION|DOWN|aee188894cdf1c34"", ""COMP|T4_REGIME_ANCHOR_TRANSITION|DOWN|04d550efdbfa8e08"", ""COMP|T4_REGIME_ANCHOR_TRANSITION|DOWN|11317313c403e6e1"", ""COMP|T4_REGIME_ANCHOR_TRANSITION|DOWN|481d9878404c2453"", ""COMP|T4_REGIME_ANCHOR_TRANSITION|DOWN|d4f5a568d99925d8"", ""COMP|T4_REGIME_ANCHOR_TRANSITION|DOWN|d6b2bc47ea204a5a""]",EVENT_STREAM_JACCARD
NR-000170,DOWN,30m,7,0.95,COMP|T4_REGIME_ANCHOR_TRANSITION|DOWN|1028c9755754118d,"[""COMP|T3_ANCHOR_TRANSITION|DOWN|65fe258851cfeb25"", ""COMP|T4_REGIME_ANCHOR_TRANSITION|DOWN|0b145335f9e73930"", ""COMP|T4_REGIME_ANCHOR_TRANSITION|DOWN|a5ae6e488bee2248"", ""COMP|T4_REGIME_ANCHOR_TRANSITION|DOWN|f0324375b30f887c"", ""COMP|T4_REGIME_ANCHOR_TRANSITION|DOWN|fb8faed7d9fea4a0"", ""COMP|T4_REGIME_ANCHOR_TRANSITION|DOWN|fe3baa656ca9a1ca""]","[""COMP|T3_ANCHOR_TRANSITION|DOWN|65fe258851cfeb25"", ""COMP|T4_REGIME_ANCHOR_TRANSITION|DOWN|0b145335f9e73930"", ""COMP|T4_REGIME_ANCHOR_TRANSITION|DOWN|1028c9755754118d"", ""COMP|T4_REGIME_ANCHOR_TRANSITION|DOWN|a5ae6e488bee2248"", ""COMP|T4_REGIME_ANCHOR_TRANSITION|DOWN|f0324375b30f887c"", ""COMP|T4_REGIME_ANCHOR_TRANSITION|DOWN|fb8faed7d9fea4a0"", ""COMP|T4_REGIME_ANCHOR_TRANSITION|DOWN|fe3baa656ca9a1ca""]",EVENT_STREAM_JACCARD
NR-000171,DOWN,30m,2,0.95,COMP|T4_REGIME_ANCHOR_TRANSITION|DOWN|287c7fe777ced937,"[""COMP|T4_REGIME_ANCHOR_TRANSITION|DOWN|4285163c7c2510d8""]","[""COMP|T4_REGIME_ANCHOR_TRANSITION|DOWN|287c7fe777ced937"", ""COMP|T4_REGIME_ANCHOR_TRANSITION|DOWN|4285163c7c2510d8""]",EVENT_STREAM_JACCARD
NR-000172,DOWN,30m,9,0.95,COMP|T4_REGIME_ANCHOR_TRANSITION|DOWN|f65c4500a927b8c9,"[""COMP|T3_ANCHOR_TRANSITION|DOWN|06a82e8ae8020119"", ""COMP|T4_REGIME_ANCHOR_TRANSITION|DOWN|23ddf3a303430f10"", ""COMP|T4_REGIME_ANCHOR_TRANSITION|DOWN|640d0cb3f1ca2e5a"", ""COMP|T4_REGIME_ANCHOR_TRANSITION|DOWN|66d0745b9f6fe975"", ""COMP|T4_REGIME_ANCHOR_TRANSITION|DOWN|816ac2e454775580"", ""COMP|T4_REGIME_ANCHOR_TRANSITION|DOWN|a36986581ae15b00"", ""COMP|T4_REGIME_ANCHOR_TRANSITION|DOWN|a9f7d2918b7efb11"", ""COMP|T4_REGIME_ANCHOR_TRANSITION|DOWN|c89f57f9bb503137""]","[""COMP|T3_ANCHOR_TRANSITION|DOWN|06a82e8ae8020119"", ""COMP|T4_REGIME_ANCHOR_TRANSITION|DOWN|23ddf3a303430f10"", ""COMP|T4_REGIME_ANCHOR_TRANSITION|DOWN|640d0cb3f1ca2e5a"", ""COMP|T4_REGIME_ANCHOR_TRANSITION|DOWN|66d0745b9f6fe975"", ""COMP|T4_REGIME_ANCHOR_TRANSITION|DOWN|816ac2e454775580"", ""COMP|T4_REGIME_ANCHOR_TRANSITION|DOWN|a36986581ae15b00"", ""COMP|T4_REGIME_ANCHOR_TRANSITION|DOWN|a9f7d2918b7efb11"", ""COMP|T4_REGIME_ANCHOR_TRANSITION|DOWN|c89f57f9bb503137"", ""COMP|T4_REGIME_ANCHOR_TRANSITION|DOWN|f65c4500a927b8c9""]",EVENT_STREAM_JACCARD
NR-000173,DOWN,30m,6,0.95,COMP|T4_REGIME_ANCHOR_TRANSITION|DOWN|55af599b7e45453a,"[""COMP|T3_ANCHOR_TRANSITION|DOWN|80a3d73fccb844c0"", ""COMP|T4_REGIME_ANCHOR_TRANSITION|DOWN|15fce29f4989870f"", ""COMP|T4_REGIME_ANCHOR_TRANSITION|DOWN|9ef42bd624170c2b"", ""COMP|T4_REGIME_ANCHOR_TRANSITION|DOWN|c16d71c4c8192401"", ""COMP|T4_REGIME_ANCHOR_TRANSITION|DOWN|d213687022b1ace4""]","[""COMP|T3_ANCHOR_TRANSITION|DOWN|80a3d73fccb844c0"", ""COMP|T4_REGIME_ANCHOR_TRANSITION|DOWN|15fce29f4989870f"", ""COMP|T4_REGIME_ANCHOR_TRANSITION|DOWN|55af599b7e45453a"", ""COMP|T4_REGIME_ANCHOR_TRANSITION|DOWN|9ef42bd624170c2b"", ""COMP|T4_REGIME_ANCHOR_TRANSITION|DOWN|c16d71c4c8192401"", ""COMP|T4_REGIME_ANCHOR_TRANSITION|DOWN|d213687022b1ace4""]",EVENT_STREAM_JACCARD
NR-000174,DOWN,30m,8,0.95,COMP|T4_REGIME_ANCHOR_TRANSITION|DOWN|b6c6373e81b09528,"[""COMP|T3_ANCHOR_TRANSITION|DOWN|78388227f172a324"", ""COMP|T4_REGIME_ANCHOR_TRANSITION|DOWN|056e1816245ffca2"", ""COMP|T4_REGIME_ANCHOR_TRANSITION|DOWN|0b023684865dd949"", ""COMP|T4_REGIME_ANCHOR_TRANSITION|DOWN|0f392cf5bc08a94b"", ""COMP|T4_REGIME_ANCHOR_TRANSITION|DOWN|6f1ad6f473c65cc6"", ""COMP|T4_REGIME_ANCHOR_TRANSITION|DOWN|7984f883a7551d0f"", ""COMP|T4_REGIME_ANCHOR_TRANSITION|DOWN|c1a44233f18cb357""]","[""COMP|T3_ANCHOR_TRANSITION|DOWN|78388227f172a324"", ""COMP|T4_REGIME_ANCHOR_TRANSITION|DOWN|056e1816245ffca2"", ""COMP|T4_REGIME_ANCHOR_TRANSITION|DOWN|0b023684865dd949"", ""COMP|T4_REGIME_ANCHOR_TRANSITION|DOWN|0f392cf5bc08a94b"", ""COMP|T4_REGIME_ANCHOR_TRANSITION|DOWN|6f1ad6f473c65cc6"", ""COMP|T4_REGIME_ANCHOR_TRANSITION|DOWN|7984f883a7551d0f"", ""COMP|T4_REGIME_ANCHOR_TRANSITION|DOWN|b6c6373e81b09528"", ""COMP|T4_REGIME_ANCHOR_TRANSITION|DOWN|c1a44233f18cb357""]",EVENT_STREAM_JACCARD
NR-000175,DOWN,30m,8,0.95,COMP|T4_REGIME_ANCHOR_TRANSITION|DOWN|ed20d193995fbfac,"[""COMP|T3_ANCHOR_TRANSITION|DOWN|d666fc1a861f1608"", ""COMP|T4_REGIME_ANCHOR_TRANSITION|DOWN|09231cb8654b236c"", ""COMP|T4_REGIME_ANCHOR_TRANSITION|DOWN|1c0c5f89d5d8b018"", ""COMP|T4_REGIME_ANCHOR_TRANSITION|DOWN|1d4d314707f31a09"", ""COMP|T4_REGIME_ANCHOR_TRANSITION|DOWN|5be49068677de3b2"", ""COMP|T4_REGIME_ANCHOR_TRANSITION|DOWN|7eaf5eec4efff2e1"", ""COMP|T4_REGIME_ANCHOR_TRANSITION|DOWN|9881ababfa43180d""]","[""COMP|T3_ANCHOR_TRANSITION|DOWN|d666fc1a861f1608"", ""COMP|T4_REGIME_ANCHOR_TRANSITION|DOWN|09231cb8654b236c"", ""COMP|T4_REGIME_ANCHOR_TRANSITION|DOWN|1c0c5f89d5d8b018"", ""COMP|T4_REGIME_ANCHOR_TRANSITION|DOWN|1d4d314707f31a09"", ""COMP|T4_REGIME_ANCHOR_TRANSITION|DOWN|5be49068677de3b2"", ""COMP|T4_REGIME_ANCHOR_TRANSITION|DOWN|7eaf5eec4efff2e1"", ""COMP|T4_REGIME_ANCHOR_TRANSITION|DOWN|9881ababfa43180d"", ""COMP|T4_REGIME_ANCHOR_TRANSITION|DOWN|ed20d193995fbfac""]",EVENT_STREAM_JACCARD
NR-000176,DOWN,30m,8,0.95,COMP|T4_REGIME_ANCHOR_TRANSITION|DOWN|559fb6f11c724ca7,"[""COMP|T3_ANCHOR_TRANSITION|DOWN|eda674da1695982a"", ""COMP|T4_REGIME_ANCHOR_TRANSITION|DOWN|2c240d9d45f18aee"", ""COMP|T4_REGIME_ANCHOR_TRANSITION|DOWN|3e946facec61aef6"", ""COMP|T4_REGIME_ANCHOR_TRANSITION|DOWN|578f6cc2104f60e6"", ""COMP|T4_REGIME_ANCHOR_TRANSITION|DOWN|5b4c6d4619d9fba1"", ""COMP|T4_REGIME_ANCHOR_TRANSITION|DOWN|5c8f2bec92729c20"", ""COMP|T4_REGIME_ANCHOR_TRANSITION|DOWN|944842881435b433""]","[""COMP|T3_ANCHOR_TRANSITION|DOWN|eda674da1695982a"", ""COMP|T4_REGIME_ANCHOR_TRANSITION|DOWN|2c240d9d45f18aee"", ""COMP|T4_REGIME_ANCHOR_TRANSITION|DOWN|3e946facec61aef6"", ""COMP|T4_REGIME_ANCHOR_TRANSITION|DOWN|559fb6f11c724ca7"", ""COMP|T4_REGIME_ANCHOR_TRANSITION|DOWN|578f6cc2104f60e6"", ""COMP|T4_REGIME_ANCHOR_TRANSITION|DOWN|5b4c6d4619d9fba1"", ""COMP|T4_REGIME_ANCHOR_TRANSITION|DOWN|5c8f2bec92729c20"", ""COMP|T4_REGIME_ANCHOR_TRANSITION|DOWN|944842881435b433""]",EVENT_STREAM_JACCARD
NR-000177,DOWN,30m,8,0.95,COMP|T4_REGIME_ANCHOR_TRANSITION|DOWN|c03e51e0444d8214,"[""COMP|T3_ANCHOR_TRANSITION|DOWN|0da756023f9fa3e4"", ""COMP|T4_REGIME_ANCHOR_TRANSITION|DOWN|1891b20632dd6f86"", ""COMP|T4_REGIME_ANCHOR_TRANSITION|DOWN|394588b2c321b38b"", ""COMP|T4_REGIME_ANCHOR_TRANSITION|DOWN|3a06096027720d97"", ""COMP|T4_REGIME_ANCHOR_TRANSITION|DOWN|7673f405b157884b"", ""COMP|T4_REGIME_ANCHOR_TRANSITION|DOWN|7eb1626fc4a0c9b4"", ""COMP|T4_REGIME_ANCHOR_TRANSITION|DOWN|9e6617f8a6c3af45""]","[""COMP|T3_ANCHOR_TRANSITION|DOWN|0da756023f9fa3e4"", ""COMP|T4_REGIME_ANCHOR_TRANSITION|DOWN|1891b20632dd6f86"", ""COMP|T4_REGIME_ANCHOR_TRANSITION|DOWN|394588b2c321b38b"", ""COMP|T4_REGIME_ANCHOR_TRANSITION|DOWN|3a06096027720d97"", ""COMP|T4_REGIME_ANCHOR_TRANSITION|DOWN|7673f405b157884b"", ""COMP|T4_REGIME_ANCHOR_TRANSITION|DOWN|7eb1626fc4a0c9b4"", ""COMP|T4_REGIME_ANCHOR_TRANSITION|DOWN|9e6617f8a6c3af45"", ""COMP|T4_REGIME_ANCHOR_TRANSITION|DOWN|c03e51e0444d8214""]",EVENT_STREAM_JACCARD
NR-000178,DOWN,30m,8,0.95,COMP|T4_REGIME_ANCHOR_TRANSITION|DOWN|eb901591c4b1ea3b,"[""COMP|T3_ANCHOR_TRANSITION|DOWN|6378348e98e0119f"", ""COMP|T4_REGIME_ANCHOR_TRANSITION|DOWN|0508048f0b8b825a"", ""COMP|T4_REGIME_ANCHOR_TRANSITION|DOWN|1ea645a60ac8b40e"", ""COMP|T4_REGIME_ANCHOR_TRANSITION|DOWN|47f3c558dabed08a"", ""COMP|T4_REGIME_ANCHOR_TRANSITION|DOWN|8ae865706eb58351"", ""COMP|T4_REGIME_ANCHOR_TRANSITION|DOWN|d7052633585f5865"", ""COMP|T4_REGIME_ANCHOR_TRANSITION|DOWN|ffb757ae04e3ca84""]","[""COMP|T3_ANCHOR_TRANSITION|DOWN|6378348e98e0119f"", ""COMP|T4_REGIME_ANCHOR_TRANSITION|DOWN|0508048f0b8b825a"", ""COMP|T4_REGIME_ANCHOR_TRANSITION|DOWN|1ea645a60ac8b40e"", ""COMP|T4_REGIME_ANCHOR_TRANSITION|DOWN|47f3c558dabed08a"", ""COMP|T4_REGIME_ANCHOR_TRANSITION|DOWN|8ae865706eb58351"", ""COMP|T4_REGIME_ANCHOR_TRANSITION|DOWN|d7052633585f5865"", ""COMP|T4_REGIME_ANCHOR_TRANSITION|DOWN|eb901591c4b1ea3b"", ""COMP|T4_REGIME_ANCHOR_TRANSITION|DOWN|ffb757ae04e3ca84""]",EVENT_STREAM_JACCARD
NR-000179,DOWN,30m,2,0.95,COMP|T4_REGIME_ANCHOR_TRANSITION|DOWN|fa1642abf99cd437,"[""COMP|T4_REGIME_ANCHOR_TRANSITION|DOWN|bda8c729f50a2a5a""]","[""COMP|T4_REGIME_ANCHOR_TRANSITION|DOWN|bda8c729f50a2a5a"", ""COMP|T4_REGIME_ANCHOR_TRANSITION|DOWN|fa1642abf99cd437""]",EVENT_STREAM_JACCARD
NR-000180,DOWN,30m,9,0.95,COMP|T4_REGIME_ANCHOR_TRANSITION|DOWN|dc0304a8b5edcf1b,"[""COMP|T3_ANCHOR_TRANSITION|DOWN|1bfed2cff1f2fa81"", ""COMP|T4_REGIME_ANCHOR_TRANSITION|DOWN|67a8f0501ac142eb"", ""COMP|T4_REGIME_ANCHOR_TRANSITION|DOWN|83b99f4f3905b5b7"", ""COMP|T4_REGIME_ANCHOR_TRANSITION|DOWN|96f6de8d3c855a81"", ""COMP|T4_REGIME_ANCHOR_TRANSITION|DOWN|97e869a6ec556e62"", ""COMP|T4_REGIME_ANCHOR_TRANSITION|DOWN|b5a0cd828031183a"", ""COMP|T4_REGIME_ANCHOR_TRANSITION|DOWN|ecc1999b1fa2dc51"", ""COMP|T4_REGIME_ANCHOR_TRANSITION|DOWN|fc950c88cb659ead""]","[""COMP|T3_ANCHOR_TRANSITION|DOWN|1bfed2cff1f2fa81"", ""COMP|T4_REGIME_ANCHOR_TRANSITION|DOWN|67a8f0501ac142eb"", ""COMP|T4_REGIME_ANCHOR_TRANSITION|DOWN|83b99f4f3905b5b7"", ""COMP|T4_REGIME_ANCHOR_TRANSITION|DOWN|96f6de8d3c855a81"", ""COMP|T4_REGIME_ANCHOR_TRANSITION|DOWN|97e869a6ec556e62"", ""COMP|T4_REGIME_ANCHOR_TRANSITION|DOWN|b5a0cd828031183a"", ""COMP|T4_REGIME_ANCHOR_TRANSITION|DOWN|dc0304a8b5edcf1b"", ""COMP|T4_REGIME_ANCHOR_TRANSITION|DOWN|ecc1999b1fa2dc51"", ""COMP|T4_REGIME_ANCHOR_TRANSITION|DOWN|fc950c88cb659ead""]",EVENT_STREAM_JACCARD
NR-000181,DOWN,30m,2,0.95,COMP|T4_REGIME_ANCHOR_TRANSITION|DOWN|a158dd96ca7cdbc0,"[""COMP|T4_REGIME_ANCHOR_TRANSITION|DOWN|af90f3e611ac5c11""]","[""COMP|T4_REGIME_ANCHOR_TRANSITION|DOWN|a158dd96ca7cdbc0"", ""COMP|T4_REGIME_ANCHOR_TRANSITION|DOWN|af90f3e611ac5c11""]",EVENT_STREAM_JACCARD
NR-000182,DOWN,30m,9,0.95,COMP|T4_REGIME_ANCHOR_TRANSITION|DOWN|fbdf9ae62766c6e1,"[""COMP|T3_ANCHOR_TRANSITION|DOWN|f0d537bb68c16eb5"", ""COMP|T4_REGIME_ANCHOR_TRANSITION|DOWN|1897db1a82362ac5"", ""COMP|T4_REGIME_ANCHOR_TRANSITION|DOWN|45e42b35d2378cb0"", ""COMP|T4_REGIME_ANCHOR_TRANSITION|DOWN|62014a25dcdaad8d"", ""COMP|T4_REGIME_ANCHOR_TRANSITION|DOWN|6fcfe04b3b52d192"", ""COMP|T4_REGIME_ANCHOR_TRANSITION|DOWN|89244ca66624e20d"", ""COMP|T4_REGIME_ANCHOR_TRANSITION|DOWN|b3925d21c54466fd"", ""COMP|T4_REGIME_ANCHOR_TRANSITION|DOWN|f08b39cb8f10b201""]","[""COMP|T3_ANCHOR_TRANSITION|DOWN|f0d537bb68c16eb5"", ""COMP|T4_REGIME_ANCHOR_TRANSITION|DOWN|1897db1a82362ac5"", ""COMP|T4_REGIME_ANCHOR_TRANSITION|DOWN|45e42b35d2378cb0"", ""COMP|T4_REGIME_ANCHOR_TRANSITION|DOWN|62014a25dcdaad8d"", ""COMP|T4_REGIME_ANCHOR_TRANSITION|DOWN|6fcfe04b3b52d192"", ""COMP|T4_REGIME_ANCHOR_TRANSITION|DOWN|89244ca66624e20d"", ""COMP|T4_REGIME_ANCHOR_TRANSITION|DOWN|b3925d21c54466fd"", ""COMP|T4_REGIME_ANCHOR_TRANSITION|DOWN|f08b39cb8f10b201"", ""COMP|T4_REGIME_ANCHOR_TRANSITION|DOWN|fbdf9ae62766c6e1""]",EVENT_STREAM_JACCARD
NR-000183,DOWN,30m,10,0.95,COMP|T4_REGIME_ANCHOR_TRANSITION|DOWN|b503158224a34682,"[""COMP|T3_ANCHOR_TRANSITION|DOWN|cabd4aa112c894c8"", ""COMP|T4_REGIME_ANCHOR_TRANSITION|DOWN|033f3e5f1f6fd1bb"", ""COMP|T4_REGIME_ANCHOR_TRANSITION|DOWN|09a333b597f502a0"", ""COMP|T4_REGIME_ANCHOR_TRANSITION|DOWN|0f4f882535c48f14"", ""COMP|T4_REGIME_ANCHOR_TRANSITION|DOWN|40af854962521706"", ""COMP|T4_REGIME_ANCHOR_TRANSITION|DOWN|623b0ba33ff75446"", ""COMP|T4_REGIME_ANCHOR_TRANSITION|DOWN|a33a16d9cdcceead"", ""COMP|T4_REGIME_ANCHOR_TRANSITION|DOWN|a9e2c6abfa1a97d5"", ""COMP|T4_REGIME_ANCHOR_TRANSITION|DOWN|d6f4f3295b63199b""]","[""COMP|T3_ANCHOR_TRANSITION|DOWN|cabd4aa112c894c8"", ""COMP|T4_REGIME_ANCHOR_TRANSITION|DOWN|033f3e5f1f6fd1bb"", ""COMP|T4_REGIME_ANCHOR_TRANSITION|DOWN|09a333b597f502a0"", ""COMP|T4_REGIME_ANCHOR_TRANSITION|DOWN|0f4f882535c48f14"", ""COMP|T4_REGIME_ANCHOR_TRANSITION|DOWN|40af854962521706"", ""COMP|T4_REGIME_ANCHOR_TRANSITION|DOWN|623b0ba33ff75446"", ""COMP|T4_REGIME_ANCHOR_TRANSITION|DOWN|a33a16d9cdcceead"", ""COMP|T4_REGIME_ANCHOR_TRANSITION|DOWN|a9e2c6abfa1a97d5"", ""COMP|T4_REGIME_ANCHOR_TRANSITION|DOWN|b503158224a34682"", ""COMP|T4_REGIME_ANCHOR_TRANSITION|DOWN|d6f4f3295b63199b""]",EVENT_STREAM_JACCARD
NR-000184,DOWN,30m,6,0.95,COMP|T4_REGIME_ANCHOR_TRANSITION|DOWN|d219cdd92c1e567c,"[""COMP|T3_ANCHOR_TRANSITION|DOWN|ec18fd1b68139a4a"", ""COMP|T4_REGIME_ANCHOR_TRANSITION|DOWN|05a3dcc3013d35ce"", ""COMP|T4_REGIME_ANCHOR_TRANSITION|DOWN|1cc31fd3bffcf3be"", ""COMP|T4_REGIME_ANCHOR_TRANSITION|DOWN|38452adfd5edd0be"", ""COMP|T4_REGIME_ANCHOR_TRANSITION|DOWN|bd789adb977d895c""]","[""COMP|T3_ANCHOR_TRANSITION|DOWN|ec18fd1b68139a4a"", ""COMP|T4_REGIME_ANCHOR_TRANSITION|DOWN|05a3dcc3013d35ce"", ""COMP|T4_REGIME_ANCHOR_TRANSITION|DOWN|1cc31fd3bffcf3be"", ""COMP|T4_REGIME_ANCHOR_TRANSITION|DOWN|38452adfd5edd0be"", ""COMP|T4_REGIME_ANCHOR_TRANSITION|DOWN|bd789adb977d895c"", ""COMP|T4_REGIME_ANCHOR_TRANSITION|DOWN|d219cdd92c1e567c""]",EVENT_STREAM_JACCARD
NR-000185,DOWN,30m,10,0.95,COMP|T4_REGIME_ANCHOR_TRANSITION|DOWN|e3b79b303ff97186,"[""COMP|T3_ANCHOR_TRANSITION|DOWN|8c7c10823657d08f"", ""COMP|T4_REGIME_ANCHOR_TRANSITION|DOWN|069126f1540c74ff"", ""COMP|T4_REGIME_ANCHOR_TRANSITION|DOWN|17fc356e6a390fc6"", ""COMP|T4_REGIME_ANCHOR_TRANSITION|DOWN|204785796b799a2c"", ""COMP|T4_REGIME_ANCHOR_TRANSITION|DOWN|80ecab097aeb71ca"", ""COMP|T4_REGIME_ANCHOR_TRANSITION|DOWN|945dd28a85081388"", ""COMP|T4_REGIME_ANCHOR_TRANSITION|DOWN|a6709c3cdc482016"", ""COMP|T4_REGIME_ANCHOR_TRANSITION|DOWN|afaa4c6d9b8d70f9"", ""COMP|T4_REGIME_ANCHOR_TRANSITION|DOWN|f147d808097a7cdc""]","[""COMP|T3_ANCHOR_TRANSITION|DOWN|8c7c10823657d08f"", ""COMP|T4_REGIME_ANCHOR_TRANSITION|DOWN|069126f1540c74ff"", ""COMP|T4_REGIME_ANCHOR_TRANSITION|DOWN|17fc356e6a390fc6"", ""COMP|T4_REGIME_ANCHOR_TRANSITION|DOWN|204785796b799a2c"", ""COMP|T4_REGIME_ANCHOR_TRANSITION|DOWN|80ecab097aeb71ca"", ""COMP|T4_REGIME_ANCHOR_TRANSITION|DOWN|945dd28a85081388"", ""COMP|T4_REGIME_ANCHOR_TRANSITION|DOWN|a6709c3cdc482016"", ""COMP|T4_REGIME_ANCHOR_TRANSITION|DOWN|afaa4c6d9b8d70f9"", ""COMP|T4_REGIME_ANCHOR_TRANSITION|DOWN|e3b79b303ff97186"", ""COMP|T4_REGIME_ANCHOR_TRANSITION|DOWN|f147d808097a7cdc""]",EVENT_STREAM_JACCARD
NR-000186,DOWN,30m,7,0.95,COMP|T4_REGIME_ANCHOR_TRANSITION|DOWN|95947898de5a5f7a,"[""COMP|T3_ANCHOR_TRANSITION|DOWN|8aaf8686a1c2e612"", ""COMP|T4_REGIME_ANCHOR_TRANSITION|DOWN|0499e9366f6dedd1"", ""COMP|T4_REGIME_ANCHOR_TRANSITION|DOWN|28f36509627d998d"", ""COMP|T4_REGIME_ANCHOR_TRANSITION|DOWN|74ba07fa140876e2"", ""COMP|T4_REGIME_ANCHOR_TRANSITION|DOWN|a3d8a5da3cd253dd"", ""COMP|T4_REGIME_ANCHOR_TRANSITION|DOWN|cdeb0561121965c4""]","[""COMP|T3_ANCHOR_TRANSITION|DOWN|8aaf8686a1c2e612"", ""COMP|T4_REGIME_ANCHOR_TRANSITION|DOWN|0499e9366f6dedd1"", ""COMP|T4_REGIME_ANCHOR_TRANSITION|DOWN|28f36509627d998d"", ""COMP|T4_REGIME_ANCHOR_TRANSITION|DOWN|74ba07fa140876e2"", ""COMP|T4_REGIME_ANCHOR_TRANSITION|DOWN|95947898de5a5f7a"", ""COMP|T4_REGIME_ANCHOR_TRANSITION|DOWN|a3d8a5da3cd253dd"", ""COMP|T4_REGIME_ANCHOR_TRANSITION|DOWN|cdeb0561121965c4""]",EVENT_STREAM_JACCARD
NR-000187,DOWN,30m,9,0.95,COMP|T4_REGIME_ANCHOR_TRANSITION|DOWN|533f2d3afb3797ad,"[""COMP|T3_ANCHOR_TRANSITION|DOWN|0ed59df7edb49918"", ""COMP|T4_REGIME_ANCHOR_TRANSITION|DOWN|00101a2273f9b6d4"", ""COMP|T4_REGIME_ANCHOR_TRANSITION|DOWN|094efb3f99a53e87"", ""COMP|T4_REGIME_ANCHOR_TRANSITION|DOWN|143e7b4bc4a2438d"", ""COMP|T4_REGIME_ANCHOR_TRANSITION|DOWN|4a6e9560ec641be5"", ""COMP|T4_REGIME_ANCHOR_TRANSITION|DOWN|61c677e235e024b4"", ""COMP|T4_REGIME_ANCHOR_TRANSITION|DOWN|c14823a12bb02086"", ""COMP|T4_REGIME_ANCHOR_TRANSITION|DOWN|fed1a7ecce9c2721""]","[""COMP|T3_ANCHOR_TRANSITION|DOWN|0ed59df7edb49918"", ""COMP|T4_REGIME_ANCHOR_TRANSITION|DOWN|00101a2273f9b6d4"", ""COMP|T4_REGIME_ANCHOR_TRANSITION|DOWN|094efb3f99a53e87"", ""COMP|T4_REGIME_ANCHOR_TRANSITION|DOWN|143e7b4bc4a2438d"", ""COMP|T4_REGIME_ANCHOR_TRANSITION|DOWN|4a6e9560ec641be5"", ""COMP|T4_REGIME_ANCHOR_TRANSITION|DOWN|533f2d3afb3797ad"", ""COMP|T4_REGIME_ANCHOR_TRANSITION|DOWN|61c677e235e024b4"", ""COMP|T4_REGIME_ANCHOR_TRANSITION|DOWN|c14823a12bb02086"", ""COMP|T4_REGIME_ANCHOR_TRANSITION|DOWN|fed1a7ecce9c2721""]",EVENT_STREAM_JACCARD
NR-000188,DOWN,30m,4,0.95,COMP|T4_REGIME_ANCHOR_TRANSITION|DOWN|730ee249168664b9,"[""COMP|T3_ANCHOR_TRANSITION|DOWN|9e2228af740dd3df"", ""COMP|T4_REGIME_ANCHOR_TRANSITION|DOWN|2d9e48cc62684c45"", ""COMP|T4_REGIME_ANCHOR_TRANSITION|DOWN|d0809332f9bde975""]","[""COMP|T3_ANCHOR_TRANSITION|DOWN|9e2228af740dd3df"", ""COMP|T4_REGIME_ANCHOR_TRANSITION|DOWN|2d9e48cc62684c45"", ""COMP|T4_REGIME_ANCHOR_TRANSITION|DOWN|730ee249168664b9"", ""COMP|T4_REGIME_ANCHOR_TRANSITION|DOWN|d0809332f9bde975""]",EVENT_STREAM_JACCARD
NR-000189,DOWN,30m,10,0.95,COMP|T4_REGIME_ANCHOR_TRANSITION|DOWN|7f181d3645294432,"[""COMP|T3_ANCHOR_TRANSITION|DOWN|1326bb8271ac5e32"", ""COMP|T4_REGIME_ANCHOR_TRANSITION|DOWN|04df4099a3d5ae50"", ""COMP|T4_REGIME_ANCHOR_TRANSITION|DOWN|1998a2f95517cf93"", ""COMP|T4_REGIME_ANCHOR_TRANSITION|DOWN|5ee770b9cff63b30"", ""COMP|T4_REGIME_ANCHOR_TRANSITION|DOWN|5f04a10de490f42d"", ""COMP|T4_REGIME_ANCHOR_TRANSITION|DOWN|83a33ce141a9d9ca"", ""COMP|T4_REGIME_ANCHOR_TRANSITION|DOWN|8b5d841dc6884d12"", ""COMP|T4_REGIME_ANCHOR_TRANSITION|DOWN|92c52b6b7e6462fc"", ""COMP|T4_REGIME_ANCHOR_TRANSITION|DOWN|b728f08dc15ed1e0""]","[""COMP|T3_ANCHOR_TRANSITION|DOWN|1326bb8271ac5e32"", ""COMP|T4_REGIME_ANCHOR_TRANSITION|DOWN|04df4099a3d5ae50"", ""COMP|T4_REGIME_ANCHOR_TRANSITION|DOWN|1998a2f95517cf93"", ""COMP|T4_REGIME_ANCHOR_TRANSITION|DOWN|5ee770b9cff63b30"", ""COMP|T4_REGIME_ANCHOR_TRANSITION|DOWN|5f04a10de490f42d"", ""COMP|T4_REGIME_ANCHOR_TRANSITION|DOWN|7f181d3645294432"", ""COMP|T4_REGIME_ANCHOR_TRANSITION|DOWN|83a33ce141a9d9ca"", ""COMP|T4_REGIME_ANCHOR_TRANSITION|DOWN|8b5d841dc6884d12"", ""COMP|T4_REGIME_ANCHOR_TRANSITION|DOWN|92c52b6b7e6462fc"", ""COMP|T4_REGIME_ANCHOR_TRANSITION|DOWN|b728f08dc15ed1e0""]",EVENT_STREAM_JACCARD
NR-000190,DOWN,30m,8,0.95,COMP|T4_REGIME_ANCHOR_TRANSITION|DOWN|5667e6d71a0f2920,"[""COMP|T3_ANCHOR_TRANSITION|DOWN|89a594a84c132f40"", ""COMP|T4_REGIME_ANCHOR_TRANSITION|DOWN|389feb119851fa37"", ""COMP|T4_REGIME_ANCHOR_TRANSITION|DOWN|3ef570abdb1014c4"", ""COMP|T4_REGIME_ANCHOR_TRANSITION|DOWN|48a7671adad5389e"", ""COMP|T4_REGIME_ANCHOR_TRANSITION|DOWN|bd00d94ebac6f191"", ""COMP|T4_REGIME_ANCHOR_TRANSITION|DOWN|c20c01d02ae75a41"", ""COMP|T4_REGIME_ANCHOR_TRANSITION|DOWN|dcf881d1154850d8""]","[""COMP|T3_ANCHOR_TRANSITION|DOWN|89a594a84c132f40"", ""COMP|T4_REGIME_ANCHOR_TRANSITION|DOWN|389feb119851fa37"", ""COMP|T4_REGIME_ANCHOR_TRANSITION|DOWN|3ef570abdb1014c4"", ""COMP|T4_REGIME_ANCHOR_TRANSITION|DOWN|48a7671adad5389e"", ""COMP|T4_REGIME_ANCHOR_TRANSITION|DOWN|5667e6d71a0f2920"", ""COMP|T4_REGIME_ANCHOR_TRANSITION|DOWN|bd00d94ebac6f191"", ""COMP|T4_REGIME_ANCHOR_TRANSITION|DOWN|c20c01d02ae75a41"", ""COMP|T4_REGIME_ANCHOR_TRANSITION|DOWN|dcf881d1154850d8""]",EVENT_STREAM_JACCARD
NR-000191,DOWN,30m,2,0.95,COMP|T4_REGIME_ANCHOR_TRANSITION|DOWN|0e314646b0aaa19a,"[""COMP|T4_REGIME_ANCHOR_TRANSITION|DOWN|e1baa653075a1c67""]","[""COMP|T4_REGIME_ANCHOR_TRANSITION|DOWN|0e314646b0aaa19a"", ""COMP|T4_REGIME_ANCHOR_TRANSITION|DOWN|e1baa653075a1c67""]",EVENT_STREAM_JACCARD
NR-000192,DOWN,30m,2,0.95,COMP|T4_REGIME_ANCHOR_TRANSITION|DOWN|523698a6274db61d,"[""COMP|T4_REGIME_ANCHOR_TRANSITION|DOWN|29fecba942b700eb""]","[""COMP|T4_REGIME_ANCHOR_TRANSITION|DOWN|29fecba942b700eb"", ""COMP|T4_REGIME_ANCHOR_TRANSITION|DOWN|523698a6274db61d""]",EVENT_STREAM_JACCARD
NR-000193,DOWN,30m,9,0.95,COMP|T4_REGIME_ANCHOR_TRANSITION|DOWN|23ffe9ea2b20bf7c,"[""COMP|T3_ANCHOR_TRANSITION|DOWN|d58526d94460667d"", ""COMP|T4_REGIME_ANCHOR_TRANSITION|DOWN|1158175be3477203"", ""COMP|T4_REGIME_ANCHOR_TRANSITION|DOWN|53978053f7d9fd9b"", ""COMP|T4_REGIME_ANCHOR_TRANSITION|DOWN|62703332a2b5e9ba"", ""COMP|T4_REGIME_ANCHOR_TRANSITION|DOWN|972cf18a63910d49"", ""COMP|T4_REGIME_ANCHOR_TRANSITION|DOWN|b9758be53823c951"", ""COMP|T4_REGIME_ANCHOR_TRANSITION|DOWN|dd878e1f4b96be4e"", ""COMP|T4_REGIME_ANCHOR_TRANSITION|DOWN|fefae5aa9a6c1bfa""]","[""COMP|T3_ANCHOR_TRANSITION|DOWN|d58526d94460667d"", ""COMP|T4_REGIME_ANCHOR_TRANSITION|DOWN|1158175be3477203"", ""COMP|T4_REGIME_ANCHOR_TRANSITION|DOWN|23ffe9ea2b20bf7c"", ""COMP|T4_REGIME_ANCHOR_TRANSITION|DOWN|53978053f7d9fd9b"", ""COMP|T4_REGIME_ANCHOR_TRANSITION|DOWN|62703332a2b5e9ba"", ""COMP|T4_REGIME_ANCHOR_TRANSITION|DOWN|972cf18a63910d49"", ""COMP|T4_REGIME_ANCHOR_TRANSITION|DOWN|b9758be53823c951"", ""COMP|T4_REGIME_ANCHOR_TRANSITION|DOWN|dd878e1f4b96be4e"", ""COMP|T4_REGIME_ANCHOR_TRANSITION|DOWN|fefae5aa9a6c1bfa""]",EVENT_STREAM_JACCARD
NR-000194,DOWN,30m,11,0.95,COMP|T4_REGIME_ANCHOR_TRANSITION|DOWN|a42358fadc3a8b22,"[""COMP|T3_ANCHOR_TRANSITION|DOWN|37e846a1ebf0caad"", ""COMP|T4_REGIME_ANCHOR_TRANSITION|DOWN|0b2bab3ed2fad320"", ""COMP|T4_REGIME_ANCHOR_TRANSITION|DOWN|15a513d234cef22d"", ""COMP|T4_REGIME_ANCHOR_TRANSITION|DOWN|5967025c2e1f1d51"", ""COMP|T4_REGIME_ANCHOR_TRANSITION|DOWN|6669fbdcd1ce58b1"", ""COMP|T4_REGIME_ANCHOR_TRANSITION|DOWN|7f8e6a3b2094ee13"", ""COMP|T4_REGIME_ANCHOR_TRANSITION|DOWN|7ff9574529b874f5"", ""COMP|T4_REGIME_ANCHOR_TRANSITION|DOWN|980436daf24e19a0"", ""COMP|T4_REGIME_ANCHOR_TRANSITION|DOWN|c11ebb343d9d12d0"", ""COMP|T4_REGIME_ANCHOR_TRANSITION|DOWN|ee0c5a1a37fca981""]","[""COMP|T3_ANCHOR_TRANSITION|DOWN|37e846a1ebf0caad"", ""COMP|T4_REGIME_ANCHOR_TRANSITION|DOWN|0b2bab3ed2fad320"", ""COMP|T4_REGIME_ANCHOR_TRANSITION|DOWN|15a513d234cef22d"", ""COMP|T4_REGIME_ANCHOR_TRANSITION|DOWN|5967025c2e1f1d51"", ""COMP|T4_REGIME_ANCHOR_TRANSITION|DOWN|6669fbdcd1ce58b1"", ""COMP|T4_REGIME_ANCHOR_TRANSITION|DOWN|7f8e6a3b2094ee13"", ""COMP|T4_REGIME_ANCHOR_TRANSITION|DOWN|7ff9574529b874f5"", ""COMP|T4_REGIME_ANCHOR_TRANSITION|DOWN|980436daf24e19a0"", ""COMP|T4_REGIME_ANCHOR_TRANSITION|DOWN|a42358fadc3a8b22"", ""COMP|T4_REGIME_ANCHOR_TRANSITION|DOWN|c11ebb343d9d12d0"", ""COMP|T4_REGIME_ANCHOR_TRANSITION|DOWN|ee0c5a1a37fca981""]",EVENT_STREAM_JACCARD
NR-000195,DOWN,30m,9,0.95,COMP|T4_REGIME_ANCHOR_TRANSITION|DOWN|97fd3cb805caff52,"[""COMP|T3_ANCHOR_TRANSITION|DOWN|a6fd594df5bb05f3"", ""COMP|T4_REGIME_ANCHOR_TRANSITION|DOWN|042399ac57fc7b8f"", ""COMP|T4_REGIME_ANCHOR_TRANSITION|DOWN|09ffad90745d96c3"", ""COMP|T4_REGIME_ANCHOR_TRANSITION|DOWN|3b736cc45462d094"", ""COMP|T4_REGIME_ANCHOR_TRANSITION|DOWN|6be049963479b703"", ""COMP|T4_REGIME_ANCHOR_TRANSITION|DOWN|8d655334984e478c"", ""COMP|T4_REGIME_ANCHOR_TRANSITION|DOWN|abd73319e1d868ba"", ""COMP|T4_REGIME_ANCHOR_TRANSITION|DOWN|ac367083da03e966""]","[""COMP|T3_ANCHOR_TRANSITION|DOWN|a6fd594df5bb05f3"", ""COMP|T4_REGIME_ANCHOR_TRANSITION|DOWN|042399ac57fc7b8f"", ""COMP|T4_REGIME_ANCHOR_TRANSITION|DOWN|09ffad90745d96c3"", ""COMP|T4_REGIME_ANCHOR_TRANSITION|DOWN|3b736cc45462d094"", ""COMP|T4_REGIME_ANCHOR_TRANSITION|DOWN|6be049963479b703"", ""COMP|T4_REGIME_ANCHOR_TRANSITION|DOWN|8d655334984e478c"", ""COMP|T4_REGIME_ANCHOR_TRANSITION|DOWN|97fd3cb805caff52"", ""COMP|T4_REGIME_ANCHOR_TRANSITION|DOWN|abd73319e1d868ba"", ""COMP|T4_REGIME_ANCHOR_TRANSITION|DOWN|ac367083da03e966""]",EVENT_STREAM_JACCARD
NR-000196,DOWN,30m,2,0.95,COMP|T4_REGIME_ANCHOR_TRANSITION|DOWN|d4c416bd09e1f9b5,"[""COMP|T4_REGIME_ANCHOR_TRANSITION|DOWN|97098a27f66b778f""]","[""COMP|T4_REGIME_ANCHOR_TRANSITION|DOWN|97098a27f66b778f"", ""COMP|T4_REGIME_ANCHOR_TRANSITION|DOWN|d4c416bd09e1f9b5""]",EVENT_STREAM_JACCARD
NR-000197,DOWN,30m,8,0.95,COMP|T4_REGIME_ANCHOR_TRANSITION|DOWN|3fd78cf82cec5fac,"[""COMP|T3_ANCHOR_TRANSITION|DOWN|349df9399c4902eb"", ""COMP|T4_REGIME_ANCHOR_TRANSITION|DOWN|140accba51d369bb"", ""COMP|T4_REGIME_ANCHOR_TRANSITION|DOWN|1783a75c91e024ac"", ""COMP|T4_REGIME_ANCHOR_TRANSITION|DOWN|3da7d088e406167e"", ""COMP|T4_REGIME_ANCHOR_TRANSITION|DOWN|527ddcb419e29f34"", ""COMP|T4_REGIME_ANCHOR_TRANSITION|DOWN|54ae562d6a8d7d51"", ""COMP|T4_REGIME_ANCHOR_TRANSITION|DOWN|6f6989150d10eaff""]","[""COMP|T3_ANCHOR_TRANSITION|DOWN|349df9399c4902eb"", ""COMP|T4_REGIME_ANCHOR_TRANSITION|DOWN|140accba51d369bb"", ""COMP|T4_REGIME_ANCHOR_TRANSITION|DOWN|1783a75c91e024ac"", ""COMP|T4_REGIME_ANCHOR_TRANSITION|DOWN|3da7d088e406167e"", ""COMP|T4_REGIME_ANCHOR_TRANSITION|DOWN|3fd78cf82cec5fac"", ""COMP|T4_REGIME_ANCHOR_TRANSITION|DOWN|527ddcb419e29f34"", ""COMP|T4_REGIME_ANCHOR_TRANSITION|DOWN|54ae562d6a8d7d51"", ""COMP|T4_REGIME_ANCHOR_TRANSITION|DOWN|6f6989150d10eaff""]",EVENT_STREAM_JACCARD
NR-000198,DOWN,30m,2,0.95,COMP|T4_REGIME_ANCHOR_TRANSITION|DOWN|4bb9abebfb9884d8,"[""COMP|T4_REGIME_ANCHOR_TRANSITION|DOWN|9e97cf23ae9c19f3""]","[""COMP|T4_REGIME_ANCHOR_TRANSITION|DOWN|4bb9abebfb9884d8"", ""COMP|T4_REGIME_ANCHOR_TRANSITION|DOWN|9e97cf23ae9c19f3""]",EVENT_STREAM_JACCARD
NR-000199,DOWN,30m,10,0.95,COMP|T4_REGIME_ANCHOR_TRANSITION|DOWN|d61109c3e7a467c3,"[""COMP|T3_ANCHOR_TRANSITION|DOWN|dec5028fd307d933"", ""COMP|T4_REGIME_ANCHOR_TRANSITION|DOWN|13281ac4e711da76"", ""COMP|T4_REGIME_ANCHOR_TRANSITION|DOWN|394e8c17e87bf688"", ""COMP|T4_REGIME_ANCHOR_TRANSITION|DOWN|41c3ebd4a2a65b59"", ""COMP|T4_REGIME_ANCHOR_TRANSITION|DOWN|59021ad5a4b421d6"", ""COMP|T4_REGIME_ANCHOR_TRANSITION|DOWN|84b8907e44b094e9"", ""COMP|T4_REGIME_ANCHOR_TRANSITION|DOWN|a3691c4c0dc7c214"", ""COMP|T4_REGIME_ANCHOR_TRANSITION|DOWN|e3c16d1695b51b77"", ""COMP|T4_REGIME_ANCHOR_TRANSITION|DOWN|fe5a9361116b3567""]","[""COMP|T3_ANCHOR_TRANSITION|DOWN|dec5028fd307d933"", ""COMP|T4_REGIME_ANCHOR_TRANSITION|DOWN|13281ac4e711da76"", ""COMP|T4_REGIME_ANCHOR_TRANSITION|DOWN|394e8c17e87bf688"", ""COMP|T4_REGIME_ANCHOR_TRANSITION|DOWN|41c3ebd4a2a65b59"", ""COMP|T4_REGIME_ANCHOR_TRANSITION|DOWN|59021ad5a4b421d6"", ""COMP|T4_REGIME_ANCHOR_TRANSITION|DOWN|84b8907e44b094e9"", ""COMP|T4_REGIME_ANCHOR_TRANSITION|DOWN|a3691c4c0dc7c214"", ""COMP|T4_REGIME_ANCHOR_TRANSITION|DOWN|d61109c3e7a467c3"", ""COMP|T4_REGIME_ANCHOR_TRANSITION|DOWN|e3c16d1695b51b77"", ""COMP|T4_REGIME_ANCHOR_TRANSITION|DOWN|fe5a9361116b3567""]",EVENT_STREAM_JACCARD
NR-000200,DOWN,30m,9,0.95,COMP|T4_REGIME_ANCHOR_TRANSITION|DOWN|922c0ed22e246b93,"[""COMP|T3_ANCHOR_TRANSITION|DOWN|36b120d5abe07fe4"", ""COMP|T4_REGIME_ANCHOR_TRANSITION|DOWN|0651270b111facee"", ""COMP|T4_REGIME_ANCHOR_TRANSITION|DOWN|1c0a33fc6707f935"", ""COMP|T4_REGIME_ANCHOR_TRANSITION|DOWN|367aedddccaeed18"", ""COMP|T4_REGIME_ANCHOR_TRANSITION|DOWN|63af5c235387977a"", ""COMP|T4_REGIME_ANCHOR_TRANSITION|DOWN|bffbdc093f90dedf"", ""COMP|T4_REGIME_ANCHOR_TRANSITION|DOWN|c4850e34845a4186"", ""COMP|T4_REGIME_ANCHOR_TRANSITION|DOWN|dade74539242b213""]","[""COMP|T3_ANCHOR_TRANSITION|DOWN|36b120d5abe07fe4"", ""COMP|T4_REGIME_ANCHOR_TRANSITION|DOWN|0651270b111facee"", ""COMP|T4_REGIME_ANCHOR_TRANSITION|DOWN|1c0a33fc6707f935"", ""COMP|T4_REGIME_ANCHOR_TRANSITION|DOWN|367aedddccaeed18"", ""COMP|T4_REGIME_ANCHOR_TRANSITION|DOWN|63af5c235387977a"", ""COMP|T4_REGIME_ANCHOR_TRANSITION|DOWN|922c0ed22e246b93"", ""COMP|T4_REGIME_ANCHOR_TRANSITION|DOWN|bffbdc093f90dedf"", ""COMP|T4_REGIME_ANCHOR_TRANSITION|DOWN|c4850e34845a4186"", ""COMP|T4_REGIME_ANCHOR_TRANSITION|DOWN|dade74539242b213""]",EVENT_STREAM_JACCARD
NR-000201,DOWN,30m,2,0.95,COMP|T4_REGIME_ANCHOR_TRANSITION|DOWN|6ff20ef30d997eb7,"[""COMP|T4_REGIME_ANCHOR_TRANSITION|DOWN|0677bd55a5b7438d""]","[""COMP|T4_REGIME_ANCHOR_TRANSITION|DOWN|0677bd55a5b7438d"", ""COMP|T4_REGIME_ANCHOR_TRANSITION|DOWN|6ff20ef30d997eb7""]",EVENT_STREAM_JACCARD
NR-000202,DOWN,30m,2,0.95,COMP|T4_REGIME_ANCHOR_TRANSITION|DOWN|0348b7ea92c05a89,"[""COMP|T4_REGIME_ANCHOR_TRANSITION|DOWN|006d451923bad81e""]","[""COMP|T4_REGIME_ANCHOR_TRANSITION|DOWN|006d451923bad81e"", ""COMP|T4_REGIME_ANCHOR_TRANSITION|DOWN|0348b7ea92c05a89""]",EVENT_STREAM_JACCARD
NR-000203,DOWN,30m,20,0.95,COMP|T4_REGIME_ANCHOR_TRANSITION|DOWN|cf5dcfaeba66d095,"[""COMP|T3_ANCHOR_TRANSITION|DOWN|646d2756bdd174f6"", ""COMP|T3_ANCHOR_TRANSITION|DOWN|6ed5da3cf6486b29"", ""COMP|T4_REGIME_ANCHOR_TRANSITION|DOWN|0785aa4721e1663d"", ""COMP|T4_REGIME_ANCHOR_TRANSITION|DOWN|171dd25315a4c8b4"", ""COMP|T4_REGIME_ANCHOR_TRANSITION|DOWN|1e79e78788426581"", ""COMP|T4_REGIME_ANCHOR_TRANSITION|DOWN|2b6554ce232c0b3e"", ""COMP|T4_REGIME_ANCHOR_TRANSITION|DOWN|3e3e9b240cb3a632"", ""COMP|T4_REGIME_ANCHOR_TRANSITION|DOWN|5494f83dbd549788"", ""COMP|T4_REGIME_ANCHOR_TRANSITION|DOWN|54b11cf6ac688642"", ""COMP|T4_REGIME_ANCHOR_TRANSITION|DOWN|58c412d999e4ab2c"", ""COMP|T4_REGIME_ANCHOR_TRANSITION|DOWN|7efb3e1d6bb0c184"", ""COMP|T4_REGIME_ANCHOR_TRANSITION|DOWN|868d1c8ded50dbe1"", ""COMP|T4_REGIME_ANCHOR_TRANSITION|DOWN|8c62399d7cb5dc1d"", ""COMP|T4_REGIME_ANCHOR_TRANSITION|DOWN|96aed4ae618b8485"", ""COMP|T4_REGIME_ANCHOR_TRANSITION|DOWN|b72dfcdadc24a866"", ""COMP|T4_REGIME_ANCHOR_TRANSITION|DOWN|bb1e53c056fe9557"", ""COMP|T4_REGIME_ANCHOR_TRANSITION|DOWN|c416daf34e5a4ed0"", ""COMP|T4_REGIME_ANCHOR_TRANSITION|DOWN|cfe343b7ac8eaaf0"", ""COMP|T4_REGIME_ANCHOR_TRANSITION|DOWN|f97b1bc4b1fb4a3b""]","[""COMP|T3_ANCHOR_TRANSITION|DOWN|646d2756bdd174f6"", ""COMP|T3_ANCHOR_TRANSITION|DOWN|6ed5da3cf6486b29"", ""COMP|T4_REGIME_ANCHOR_TRANSITION|DOWN|0785aa4721e1663d"", ""COMP|T4_REGIME_ANCHOR_TRANSITION|DOWN|171dd25315a4c8b4"", ""COMP|T4_REGIME_ANCHOR_TRANSITION|DOWN|1e79e78788426581"", ""COMP|T4_REGIME_ANCHOR_TRANSITION|DOWN|2b6554ce232c0b3e"", ""COMP|T4_REGIME_ANCHOR_TRANSITION|DOWN|3e3e9b240cb3a632"", ""COMP|T4_REGIME_ANCHOR_TRANSITION|DOWN|5494f83dbd549788"", ""COMP|T4_REGIME_ANCHOR_TRANSITION|DOWN|54b11cf6ac688642"", ""COMP|T4_REGIME_ANCHOR_TRANSITION|DOWN|58c412d999e4ab2c"", ""COMP|T4_REGIME_ANCHOR_TRANSITION|DOWN|7efb3e1d6bb0c184"", ""COMP|T4_REGIME_ANCHOR_TRANSITION|DOWN|868d1c8ded50dbe1"", ""COMP|T4_REGIME_ANCHOR_TRANSITION|DOWN|8c62399d7cb5dc1d"", ""COMP|T4_REGIME_ANCHOR_TRANSITION|DOWN|96aed4ae618b8485"", ""COMP|T4_REGIME_ANCHOR_TRANSITION|DOWN|b72dfcdadc24a866"", ""COMP|T4_REGIME_ANCHOR_TRANSITION|DOWN|bb1e53c056fe9557"", ""COMP|T4_REGIME_ANCHOR_TRANSITION|DOWN|c416daf34e5a4ed0"", ""COMP|T4_REGIME_ANCHOR_TRANSITION|DOWN|cf5dcfaeba66d095"", ""COMP|T4_REGIME_ANCHOR_TRANSITION|DOWN|cfe343b7ac8eaaf0"", ""COMP|T4_REGIME_ANCHOR_TRANSITION|DOWN|f97b1bc4b1fb4a3b""]",EVENT_STREAM_JACCARD
NR-000204,DOWN,30m,10,0.95,COMP|T4_REGIME_ANCHOR_TRANSITION|DOWN|e38a05636694f998,"[""COMP|T3_ANCHOR_TRANSITION|DOWN|a6d64b8cc90b65f3"", ""COMP|T4_REGIME_ANCHOR_TRANSITION|DOWN|27a7cfdbeb742171"", ""COMP|T4_REGIME_ANCHOR_TRANSITION|DOWN|377be3683635c613"", ""COMP|T4_REGIME_ANCHOR_TRANSITION|DOWN|44b22e75362df005"", ""COMP|T4_REGIME_ANCHOR_TRANSITION|DOWN|46a4aece013c84e9"", ""COMP|T4_REGIME_ANCHOR_TRANSITION|DOWN|a1851e7ce581d61a"", ""COMP|T4_REGIME_ANCHOR_TRANSITION|DOWN|b6eb377d7b5d76bc"", ""COMP|T4_REGIME_ANCHOR_TRANSITION|DOWN|d660249af59512f8"", ""COMP|T4_REGIME_ANCHOR_TRANSITION|DOWN|e90b210ed9c54ff5""]","[""COMP|T3_ANCHOR_TRANSITION|DOWN|a6d64b8cc90b65f3"", ""COMP|T4_REGIME_ANCHOR_TRANSITION|DOWN|27a7cfdbeb742171"", ""COMP|T4_REGIME_ANCHOR_TRANSITION|DOWN|377be3683635c613"", ""COMP|T4_REGIME_ANCHOR_TRANSITION|DOWN|44b22e75362df005"", ""COMP|T4_REGIME_ANCHOR_TRANSITION|DOWN|46a4aece013c84e9"", ""COMP|T4_REGIME_ANCHOR_TRANSITION|DOWN|a1851e7ce581d61a"", ""COMP|T4_REGIME_ANCHOR_TRANSITION|DOWN|b6eb377d7b5d76bc"", ""COMP|T4_REGIME_ANCHOR_TRANSITION|DOWN|d660249af59512f8"", ""COMP|T4_REGIME_ANCHOR_TRANSITION|DOWN|e38a05636694f998"", ""COMP|T4_REGIME_ANCHOR_TRANSITION|DOWN|e90b210ed9c54ff5""]",EVENT_STREAM_JACCARD
NR-000205,DOWN,30m,6,0.95,COMP|T4_REGIME_ANCHOR_TRANSITION|DOWN|b17f68c07c6fee6e,"[""COMP|T3_ANCHOR_TRANSITION|DOWN|1ca6e9e31d193906"", ""COMP|T4_REGIME_ANCHOR_TRANSITION|DOWN|0fcf979c2ddae76c"", ""COMP|T4_REGIME_ANCHOR_TRANSITION|DOWN|a5935a99b52caf20"", ""COMP|T4_REGIME_ANCHOR_TRANSITION|DOWN|c2df1fbf7b4e4ebe"", ""COMP|T4_REGIME_ANCHOR_TRANSITION|DOWN|d863cf8bad300441""]","[""COMP|T3_ANCHOR_TRANSITION|DOWN|1ca6e9e31d193906"", ""COMP|T4_REGIME_ANCHOR_TRANSITION|DOWN|0fcf979c2ddae76c"", ""COMP|T4_REGIME_ANCHOR_TRANSITION|DOWN|a5935a99b52caf20"", ""COMP|T4_REGIME_ANCHOR_TRANSITION|DOWN|b17f68c07c6fee6e"", ""COMP|T4_REGIME_ANCHOR_TRANSITION|DOWN|c2df1fbf7b4e4ebe"", ""COMP|T4_REGIME_ANCHOR_TRANSITION|DOWN|d863cf8bad300441""]",EVENT_STREAM_JACCARD
NR-000206,DOWN,30m,8,0.95,COMP|T4_REGIME_ANCHOR_TRANSITION|DOWN|e183aef96aa15f4f,"[""COMP|T3_ANCHOR_TRANSITION|DOWN|c587e058e346ea47"", ""COMP|T4_REGIME_ANCHOR_TRANSITION|DOWN|21df466475fdc8b8"", ""COMP|T4_REGIME_ANCHOR_TRANSITION|DOWN|5e90f8d35c089c11"", ""COMP|T4_REGIME_ANCHOR_TRANSITION|DOWN|5f185e5aeae5b9bf"", ""COMP|T4_REGIME_ANCHOR_TRANSITION|DOWN|6f722078baf1d74f"", ""COMP|T4_REGIME_ANCHOR_TRANSITION|DOWN|915562b548fb012d"", ""COMP|T4_REGIME_ANCHOR_TRANSITION|DOWN|a687c63f3b5b0bd2""]","[""COMP|T3_ANCHOR_TRANSITION|DOWN|c587e058e346ea47"", ""COMP|T4_REGIME_ANCHOR_TRANSITION|DOWN|21df466475fdc8b8"", ""COMP|T4_REGIME_ANCHOR_TRANSITION|DOWN|5e90f8d35c089c11"", ""COMP|T4_REGIME_ANCHOR_TRANSITION|DOWN|5f185e5aeae5b9bf"", ""COMP|T4_REGIME_ANCHOR_TRANSITION|DOWN|6f722078baf1d74f"", ""COMP|T4_REGIME_ANCHOR_TRANSITION|DOWN|915562b548fb012d"", ""COMP|T4_REGIME_ANCHOR_TRANSITION|DOWN|a687c63f3b5b0bd2"", ""COMP|T4_REGIME_ANCHOR_TRANSITION|DOWN|e183aef96aa15f4f""]",EVENT_STREAM_JACCARD
NR-000207,DOWN,30m,2,0.95,COMP|T4_REGIME_ANCHOR_TRANSITION|DOWN|a76e49b42090c737,"[""COMP|T4_REGIME_ANCHOR_TRANSITION|DOWN|e370bd00b4feded1""]","[""COMP|T4_REGIME_ANCHOR_TRANSITION|DOWN|a76e49b42090c737"", ""COMP|T4_REGIME_ANCHOR_TRANSITION|DOWN|e370bd00b4feded1""]",EVENT_STREAM_JACCARD
NR-000208,DOWN,30m,2,0.95,COMP|T4_REGIME_ANCHOR_TRANSITION|DOWN|d52fa935a829b4d5,"[""COMP|T4_REGIME_ANCHOR_TRANSITION|DOWN|ee3baad40811b5ee""]","[""COMP|T4_REGIME_ANCHOR_TRANSITION|DOWN|d52fa935a829b4d5"", ""COMP|T4_REGIME_ANCHOR_TRANSITION|DOWN|ee3baad40811b5ee""]",EVENT_STREAM_JACCARD
NR-000209,DOWN,30m,8,0.95,COMP|T4_REGIME_ANCHOR_TRANSITION|DOWN|76d421166063ac16,"[""COMP|T3_ANCHOR_TRANSITION|DOWN|024d0a77257ca9ce"", ""COMP|T4_REGIME_ANCHOR_TRANSITION|DOWN|088d5759105eb079"", ""COMP|T4_REGIME_ANCHOR_TRANSITION|DOWN|0a0fbdab2acb47e4"", ""COMP|T4_REGIME_ANCHOR_TRANSITION|DOWN|55585c1efb22c841"", ""COMP|T4_REGIME_ANCHOR_TRANSITION|DOWN|5aa136589b9ab79a"", ""COMP|T4_REGIME_ANCHOR_TRANSITION|DOWN|981246647260d073"", ""COMP|T4_REGIME_ANCHOR_TRANSITION|DOWN|a811d5bfc71e3222""]","[""COMP|T3_ANCHOR_TRANSITION|DOWN|024d0a77257ca9ce"", ""COMP|T4_REGIME_ANCHOR_TRANSITION|DOWN|088d5759105eb079"", ""COMP|T4_REGIME_ANCHOR_TRANSITION|DOWN|0a0fbdab2acb47e4"", ""COMP|T4_REGIME_ANCHOR_TRANSITION|DOWN|55585c1efb22c841"", ""COMP|T4_REGIME_ANCHOR_TRANSITION|DOWN|5aa136589b9ab79a"", ""COMP|T4_REGIME_ANCHOR_TRANSITION|DOWN|76d421166063ac16"", ""COMP|T4_REGIME_ANCHOR_TRANSITION|DOWN|981246647260d073"", ""COMP|T4_REGIME_ANCHOR_TRANSITION|DOWN|a811d5bfc71e3222""]",EVENT_STREAM_JACCARD
NR-000210,DOWN,30m,7,0.95,COMP|T4_REGIME_ANCHOR_TRANSITION|DOWN|34c58ff362f6c815,"[""COMP|T3_ANCHOR_TRANSITION|DOWN|2903a52ae0e6210b"", ""COMP|T4_REGIME_ANCHOR_TRANSITION|DOWN|053197e6f430984b"", ""COMP|T4_REGIME_ANCHOR_TRANSITION|DOWN|07810a8c2a4797bd"", ""COMP|T4_REGIME_ANCHOR_TRANSITION|DOWN|21ca4ba5250fdd29"", ""COMP|T4_REGIME_ANCHOR_TRANSITION|DOWN|9fc5bf9d8bdf8486"", ""COMP|T4_REGIME_ANCHOR_TRANSITION|DOWN|d90b7da35a951bc3""]","[""COMP|T3_ANCHOR_TRANSITION|DOWN|2903a52ae0e6210b"", ""COMP|T4_REGIME_ANCHOR_TRANSITION|DOWN|053197e6f430984b"", ""COMP|T4_REGIME_ANCHOR_TRANSITION|DOWN|07810a8c2a4797bd"", ""COMP|T4_REGIME_ANCHOR_TRANSITION|DOWN|21ca4ba5250fdd29"", ""COMP|T4_REGIME_ANCHOR_TRANSITION|DOWN|34c58ff362f6c815"", ""COMP|T4_REGIME_ANCHOR_TRANSITION|DOWN|9fc5bf9d8bdf8486"", ""COMP|T4_REGIME_ANCHOR_TRANSITION|DOWN|d90b7da35a951bc3""]",EVENT_STREAM_JACCARD
NR-000211,DOWN,30m,8,0.95,COMP|T4_REGIME_ANCHOR_TRANSITION|DOWN|177274e0c1a9f5b2,"[""COMP|T3_ANCHOR_TRANSITION|DOWN|8011782c6e3dd0bc"", ""COMP|T4_REGIME_ANCHOR_TRANSITION|DOWN|063020ebd3097676"", ""COMP|T4_REGIME_ANCHOR_TRANSITION|DOWN|5489474dc7926329"", ""COMP|T4_REGIME_ANCHOR_TRANSITION|DOWN|714382ac84307f62"", ""COMP|T4_REGIME_ANCHOR_TRANSITION|DOWN|aec76beb1a4b1021"", ""COMP|T4_REGIME_ANCHOR_TRANSITION|DOWN|bfe88d8e0abe2165"", ""COMP|T4_REGIME_ANCHOR_TRANSITION|DOWN|f615045b980ea130""]","[""COMP|T3_ANCHOR_TRANSITION|DOWN|8011782c6e3dd0bc"", ""COMP|T4_REGIME_ANCHOR_TRANSITION|DOWN|063020ebd3097676"", ""COMP|T4_REGIME_ANCHOR_TRANSITION|DOWN|177274e0c1a9f5b2"", ""COMP|T4_REGIME_ANCHOR_TRANSITION|DOWN|5489474dc7926329"", ""COMP|T4_REGIME_ANCHOR_TRANSITION|DOWN|714382ac84307f62"", ""COMP|T4_REGIME_ANCHOR_TRANSITION|DOWN|aec76beb1a4b1021"", ""COMP|T4_REGIME_ANCHOR_TRANSITION|DOWN|bfe88d8e0abe2165"", ""COMP|T4_REGIME_ANCHOR_TRANSITION|DOWN|f615045b980ea130""]",EVENT_STREAM_JACCARD
NR-000212,DOWN,30m,2,0.95,COMP|T4_REGIME_ANCHOR_TRANSITION|DOWN|70992c078e1761b0,"[""COMP|T4_REGIME_ANCHOR_TRANSITION|DOWN|7926b7419c48742e""]","[""COMP|T4_REGIME_ANCHOR_TRANSITION|DOWN|70992c078e1761b0"", ""COMP|T4_REGIME_ANCHOR_TRANSITION|DOWN|7926b7419c48742e""]",EVENT_STREAM_JACCARD
NR-000213,DOWN,30m,8,0.95,COMP|T4_REGIME_ANCHOR_TRANSITION|DOWN|703458ec42708f2c,"[""COMP|T3_ANCHOR_TRANSITION|DOWN|4fc19e4a11c6ae2e"", ""COMP|T4_REGIME_ANCHOR_TRANSITION|DOWN|1ad9d970eee8d3c8"", ""COMP|T4_REGIME_ANCHOR_TRANSITION|DOWN|37af451231fae9ad"", ""COMP|T4_REGIME_ANCHOR_TRANSITION|DOWN|aea76fd78a7f397a"", ""COMP|T4_REGIME_ANCHOR_TRANSITION|DOWN|d0b0e8e5ec683277"", ""COMP|T4_REGIME_ANCHOR_TRANSITION|DOWN|d60745961c17a138"", ""COMP|T4_REGIME_ANCHOR_TRANSITION|DOWN|e901fc5bca9336bb""]","[""COMP|T3_ANCHOR_TRANSITION|DOWN|4fc19e4a11c6ae2e"", ""COMP|T4_REGIME_ANCHOR_TRANSITION|DOWN|1ad9d970eee8d3c8"", ""COMP|T4_REGIME_ANCHOR_TRANSITION|DOWN|37af451231fae9ad"", ""COMP|T4_REGIME_ANCHOR_TRANSITION|DOWN|703458ec42708f2c"", ""COMP|T4_REGIME_ANCHOR_TRANSITION|DOWN|aea76fd78a7f397a"", ""COMP|T4_REGIME_ANCHOR_TRANSITION|DOWN|d0b0e8e5ec683277"", ""COMP|T4_REGIME_ANCHOR_TRANSITION|DOWN|d60745961c17a138"", ""COMP|T4_REGIME_ANCHOR_TRANSITION|DOWN|e901fc5bca9336bb""]",EVENT_STREAM_JACCARD
NR-000214,DOWN,30m,9,0.95,COMP|T4_REGIME_ANCHOR_TRANSITION|DOWN|dfc379d6c1de906e,"[""COMP|T3_ANCHOR_TRANSITION|DOWN|695db07cb61873ca"", ""COMP|T4_REGIME_ANCHOR_TRANSITION|DOWN|62ccc4871cda67f0"", ""COMP|T4_REGIME_ANCHOR_TRANSITION|DOWN|64ee80c8fe9acbb1"", ""COMP|T4_REGIME_ANCHOR_TRANSITION|DOWN|6715871ccfcf51ea"", ""COMP|T4_REGIME_ANCHOR_TRANSITION|DOWN|78f0ef5d3f746d9b"", ""COMP|T4_REGIME_ANCHOR_TRANSITION|DOWN|7db179175c1349d0"", ""COMP|T4_REGIME_ANCHOR_TRANSITION|DOWN|9b57d82dad305bf9"", ""COMP|T4_REGIME_ANCHOR_TRANSITION|DOWN|cecb4863a0471240""]","[""COMP|T3_ANCHOR_TRANSITION|DOWN|695db07cb61873ca"", ""COMP|T4_REGIME_ANCHOR_TRANSITION|DOWN|62ccc4871cda67f0"", ""COMP|T4_REGIME_ANCHOR_TRANSITION|DOWN|64ee80c8fe9acbb1"", ""COMP|T4_REGIME_ANCHOR_TRANSITION|DOWN|6715871ccfcf51ea"", ""COMP|T4_REGIME_ANCHOR_TRANSITION|DOWN|78f0ef5d3f746d9b"", ""COMP|T4_REGIME_ANCHOR_TRANSITION|DOWN|7db179175c1349d0"", ""COMP|T4_REGIME_ANCHOR_TRANSITION|DOWN|9b57d82dad305bf9"", ""COMP|T4_REGIME_ANCHOR_TRANSITION|DOWN|cecb4863a0471240"", ""COMP|T4_REGIME_ANCHOR_TRANSITION|DOWN|dfc379d6c1de906e""]",EVENT_STREAM_JACCARD
NR-000215,DOWN,30m,8,0.95,COMP|T4_REGIME_ANCHOR_TRANSITION|DOWN|02ea784e7d3f6f87,"[""COMP|T3_ANCHOR_TRANSITION|DOWN|3d5df0c2e28c2bc9"", ""COMP|T4_REGIME_ANCHOR_TRANSITION|DOWN|0d71bfdbd7f80604"", ""COMP|T4_REGIME_ANCHOR_TRANSITION|DOWN|1a758900b8fca1ce"", ""COMP|T4_REGIME_ANCHOR_TRANSITION|DOWN|68b3439c388bd640"", ""COMP|T4_REGIME_ANCHOR_TRANSITION|DOWN|9291c404a6b6800d"", ""COMP|T4_REGIME_ANCHOR_TRANSITION|DOWN|cd0d57ddfc7e1970"", ""COMP|T4_REGIME_ANCHOR_TRANSITION|DOWN|d57fbafd0edb1ec1""]","[""COMP|T3_ANCHOR_TRANSITION|DOWN|3d5df0c2e28c2bc9"", ""COMP|T4_REGIME_ANCHOR_TRANSITION|DOWN|02ea784e7d3f6f87"", ""COMP|T4_REGIME_ANCHOR_TRANSITION|DOWN|0d71bfdbd7f80604"", ""COMP|T4_REGIME_ANCHOR_TRANSITION|DOWN|1a758900b8fca1ce"", ""COMP|T4_REGIME_ANCHOR_TRANSITION|DOWN|68b3439c388bd640"", ""COMP|T4_REGIME_ANCHOR_TRANSITION|DOWN|9291c404a6b6800d"", ""COMP|T4_REGIME_ANCHOR_TRANSITION|DOWN|cd0d57ddfc7e1970"", ""COMP|T4_REGIME_ANCHOR_TRANSITION|DOWN|d57fbafd0edb1ec1""]",EVENT_STREAM_JACCARD
NR-000216,DOWN,30m,7,0.95,COMP|T4_REGIME_ANCHOR_TRANSITION|DOWN|ae755b37f9b67678,"[""COMP|T3_ANCHOR_TRANSITION|DOWN|a841752958a03c8f"", ""COMP|T4_REGIME_ANCHOR_TRANSITION|DOWN|158b1f9badb89207"", ""COMP|T4_REGIME_ANCHOR_TRANSITION|DOWN|2036812665c8937f"", ""COMP|T4_REGIME_ANCHOR_TRANSITION|DOWN|27ef85ebbfdb5263"", ""COMP|T4_REGIME_ANCHOR_TRANSITION|DOWN|3c27545605a205d4"", ""COMP|T4_REGIME_ANCHOR_TRANSITION|DOWN|bf24dc664697a7b4""]","[""COMP|T3_ANCHOR_TRANSITION|DOWN|a841752958a03c8f"", ""COMP|T4_REGIME_ANCHOR_TRANSITION|DOWN|158b1f9badb89207"", ""COMP|T4_REGIME_ANCHOR_TRANSITION|DOWN|2036812665c8937f"", ""COMP|T4_REGIME_ANCHOR_TRANSITION|DOWN|27ef85ebbfdb5263"", ""COMP|T4_REGIME_ANCHOR_TRANSITION|DOWN|3c27545605a205d4"", ""COMP|T4_REGIME_ANCHOR_TRANSITION|DOWN|ae755b37f9b67678"", ""COMP|T4_REGIME_ANCHOR_TRANSITION|DOWN|bf24dc664697a7b4""]",EVENT_STREAM_JACCARD
NR-000217,DOWN,30m,7,0.95,COMP|T4_REGIME_ANCHOR_TRANSITION|DOWN|e286934fc620d5b9,"[""COMP|T4_REGIME_ANCHOR_TRANSITION|DOWN|038b787c590b37eb"", ""COMP|T4_REGIME_ANCHOR_TRANSITION|DOWN|17b9742e0f21abdb"", ""COMP|T4_REGIME_ANCHOR_TRANSITION|DOWN|27e07010a1abc545"", ""COMP|T4_REGIME_ANCHOR_TRANSITION|DOWN|c0dfe2ad8ddffc4d"", ""COMP|T4_REGIME_ANCHOR_TRANSITION|DOWN|da55924a641f59e5"", ""COMP|T4_REGIME_ANCHOR_TRANSITION|DOWN|ef76f1c2aeb411bc""]","[""COMP|T4_REGIME_ANCHOR_TRANSITION|DOWN|038b787c590b37eb"", ""COMP|T4_REGIME_ANCHOR_TRANSITION|DOWN|17b9742e0f21abdb"", ""COMP|T4_REGIME_ANCHOR_TRANSITION|DOWN|27e07010a1abc545"", ""COMP|T4_REGIME_ANCHOR_TRANSITION|DOWN|c0dfe2ad8ddffc4d"", ""COMP|T4_REGIME_ANCHOR_TRANSITION|DOWN|da55924a641f59e5"", ""COMP|T4_REGIME_ANCHOR_TRANSITION|DOWN|e286934fc620d5b9"", ""COMP|T4_REGIME_ANCHOR_TRANSITION|DOWN|ef76f1c2aeb411bc""]",EVENT_STREAM_JACCARD
NR-000218,DOWN,30m,2,0.95,COMP|T4_REGIME_ANCHOR_TRANSITION|DOWN|066d60ea85476e62,"[""COMP|T4_REGIME_ANCHOR_TRANSITION|DOWN|2e22e4fe1160373b""]","[""COMP|T4_REGIME_ANCHOR_TRANSITION|DOWN|066d60ea85476e62"", ""COMP|T4_REGIME_ANCHOR_TRANSITION|DOWN|2e22e4fe1160373b""]",EVENT_STREAM_JACCARD
NR-000219,DOWN,30m,2,0.95,COMP|T4_REGIME_ANCHOR_TRANSITION|DOWN|47774ad350c75c62,"[""COMP|T4_REGIME_ANCHOR_TRANSITION|DOWN|f773d1c353d725d8""]","[""COMP|T4_REGIME_ANCHOR_TRANSITION|DOWN|47774ad350c75c62"", ""COMP|T4_REGIME_ANCHOR_TRANSITION|DOWN|f773d1c353d725d8""]",EVENT_STREAM_JACCARD
NR-000220,DOWN,30m,8,0.95,COMP|T4_REGIME_ANCHOR_TRANSITION|DOWN|cc0827fc2c5e169b,"[""COMP|T3_ANCHOR_TRANSITION|DOWN|61b84f1bc82ace39"", ""COMP|T4_REGIME_ANCHOR_TRANSITION|DOWN|477d5f85f68b4fc5"", ""COMP|T4_REGIME_ANCHOR_TRANSITION|DOWN|4c33171d449352d0"", ""COMP|T4_REGIME_ANCHOR_TRANSITION|DOWN|5d5d13287de7135b"", ""COMP|T4_REGIME_ANCHOR_TRANSITION|DOWN|93843759e448ed13"", ""COMP|T4_REGIME_ANCHOR_TRANSITION|DOWN|97400501c1549e11"", ""COMP|T4_REGIME_ANCHOR_TRANSITION|DOWN|fb1c42d2eee62457""]","[""COMP|T3_ANCHOR_TRANSITION|DOWN|61b84f1bc82ace39"", ""COMP|T4_REGIME_ANCHOR_TRANSITION|DOWN|477d5f85f68b4fc5"", ""COMP|T4_REGIME_ANCHOR_TRANSITION|DOWN|4c33171d449352d0"", ""COMP|T4_REGIME_ANCHOR_TRANSITION|DOWN|5d5d13287de7135b"", ""COMP|T4_REGIME_ANCHOR_TRANSITION|DOWN|93843759e448ed13"", ""COMP|T4_REGIME_ANCHOR_TRANSITION|DOWN|97400501c1549e11"", ""COMP|T4_REGIME_ANCHOR_TRANSITION|DOWN|cc0827fc2c5e169b"", ""COMP|T4_REGIME_ANCHOR_TRANSITION|DOWN|fb1c42d2eee62457""]",EVENT_STREAM_JACCARD
NR-000221,DOWN,30m,8,0.95,COMP|T4_REGIME_ANCHOR_TRANSITION|DOWN|dee9c8861b50ef88,"[""COMP|T3_ANCHOR_TRANSITION|DOWN|3dfbdc6bd311c78d"", ""COMP|T4_REGIME_ANCHOR_TRANSITION|DOWN|176073076dc43044"", ""COMP|T4_REGIME_ANCHOR_TRANSITION|DOWN|7e19e63d33619ea4"", ""COMP|T4_REGIME_ANCHOR_TRANSITION|DOWN|802d09c5c712eb5e"", ""COMP|T4_REGIME_ANCHOR_TRANSITION|DOWN|97262d5495a39e9f"", ""COMP|T4_REGIME_ANCHOR_TRANSITION|DOWN|ab3d1b80d38e50c1"", ""COMP|T4_REGIME_ANCHOR_TRANSITION|DOWN|ccab79bc4df19122""]","[""COMP|T3_ANCHOR_TRANSITION|DOWN|3dfbdc6bd311c78d"", ""COMP|T4_REGIME_ANCHOR_TRANSITION|DOWN|176073076dc43044"", ""COMP|T4_REGIME_ANCHOR_TRANSITION|DOWN|7e19e63d33619ea4"", ""COMP|T4_REGIME_ANCHOR_TRANSITION|DOWN|802d09c5c712eb5e"", ""COMP|T4_REGIME_ANCHOR_TRANSITION|DOWN|97262d5495a39e9f"", ""COMP|T4_REGIME_ANCHOR_TRANSITION|DOWN|ab3d1b80d38e50c1"", ""COMP|T4_REGIME_ANCHOR_TRANSITION|DOWN|ccab79bc4df19122"", ""COMP|T4_REGIME_ANCHOR_TRANSITION|DOWN|dee9c8861b50ef88""]",EVENT_STREAM_JACCARD
NR-000222,DOWN,30m,9,0.95,COMP|T4_REGIME_ANCHOR_TRANSITION|DOWN|423846988ccb4aa0,"[""COMP|T3_ANCHOR_TRANSITION|DOWN|4a072e6843a15462"", ""COMP|T4_REGIME_ANCHOR_TRANSITION|DOWN|0ab4ad276089e65d"", ""COMP|T4_REGIME_ANCHOR_TRANSITION|DOWN|20fb635f11fd1cdb"", ""COMP|T4_REGIME_ANCHOR_TRANSITION|DOWN|562d939f19d8d03a"", ""COMP|T4_REGIME_ANCHOR_TRANSITION|DOWN|587c12bb03df95af"", ""COMP|T4_REGIME_ANCHOR_TRANSITION|DOWN|7f98b0ecc12822be"", ""COMP|T4_REGIME_ANCHOR_TRANSITION|DOWN|9bb095dae343bcea"", ""COMP|T4_REGIME_ANCHOR_TRANSITION|DOWN|b5f59f278701e0ac""]","[""COMP|T3_ANCHOR_TRANSITION|DOWN|4a072e6843a15462"", ""COMP|T4_REGIME_ANCHOR_TRANSITION|DOWN|0ab4ad276089e65d"", ""COMP|T4_REGIME_ANCHOR_TRANSITION|DOWN|20fb635f11fd1cdb"", ""COMP|T4_REGIME_ANCHOR_TRANSITION|DOWN|423846988ccb4aa0"", ""COMP|T4_REGIME_ANCHOR_TRANSITION|DOWN|562d939f19d8d03a"", ""COMP|T4_REGIME_ANCHOR_TRANSITION|DOWN|587c12bb03df95af"", ""COMP|T4_REGIME_ANCHOR_TRANSITION|DOWN|7f98b0ecc12822be"", ""COMP|T4_REGIME_ANCHOR_TRANSITION|DOWN|9bb095dae343bcea"", ""COMP|T4_REGIME_ANCHOR_TRANSITION|DOWN|b5f59f278701e0ac""]",EVENT_STREAM_JACCARD
NR-000223,DOWN,30m,2,0.95,COMP|T4_REGIME_ANCHOR_TRANSITION|DOWN|234e108a16042087,"[""COMP|T4_REGIME_ANCHOR_TRANSITION|DOWN|0f9a8c61c0b5d52c""]","[""COMP|T4_REGIME_ANCHOR_TRANSITION|DOWN|0f9a8c61c0b5d52c"", ""COMP|T4_REGIME_ANCHOR_TRANSITION|DOWN|234e108a16042087""]",EVENT_STREAM_JACCARD
NR-000224,DOWN,30m,2,0.95,COMP|T4_REGIME_ANCHOR_TRANSITION|DOWN|aa8456cd574319bf,"[""COMP|T4_REGIME_ANCHOR_TRANSITION|DOWN|dc2d81f24ff121c8""]","[""COMP|T4_REGIME_ANCHOR_TRANSITION|DOWN|aa8456cd574319bf"", ""COMP|T4_REGIME_ANCHOR_TRANSITION|DOWN|dc2d81f24ff121c8""]",EVENT_STREAM_JACCARD
NR-000225,DOWN,30m,10,0.95,COMP|T4_REGIME_ANCHOR_TRANSITION|DOWN|6c313ddd1dbeab6d,"[""COMP|T3_ANCHOR_TRANSITION|DOWN|d750b3232035f15e"", ""COMP|T4_REGIME_ANCHOR_TRANSITION|DOWN|013319ed13fb1564"", ""COMP|T4_REGIME_ANCHOR_TRANSITION|DOWN|2065558ac8e5c7f6"", ""COMP|T4_REGIME_ANCHOR_TRANSITION|DOWN|432b01b73bff7d56"", ""COMP|T4_REGIME_ANCHOR_TRANSITION|DOWN|94ee4be49df9847a"", ""COMP|T4_REGIME_ANCHOR_TRANSITION|DOWN|96075433cb465c09"", ""COMP|T4_REGIME_ANCHOR_TRANSITION|DOWN|9fd4045541ddf1c7"", ""COMP|T4_REGIME_ANCHOR_TRANSITION|DOWN|ab6ccad02e4764cc"", ""COMP|T4_REGIME_ANCHOR_TRANSITION|DOWN|bbe765f8d541b2fe""]","[""COMP|T3_ANCHOR_TRANSITION|DOWN|d750b3232035f15e"", ""COMP|T4_REGIME_ANCHOR_TRANSITION|DOWN|013319ed13fb1564"", ""COMP|T4_REGIME_ANCHOR_TRANSITION|DOWN|2065558ac8e5c7f6"", ""COMP|T4_REGIME_ANCHOR_TRANSITION|DOWN|432b01b73bff7d56"", ""COMP|T4_REGIME_ANCHOR_TRANSITION|DOWN|6c313ddd1dbeab6d"", ""COMP|T4_REGIME_ANCHOR_TRANSITION|DOWN|94ee4be49df9847a"", ""COMP|T4_REGIME_ANCHOR_TRANSITION|DOWN|96075433cb465c09"", ""COMP|T4_REGIME_ANCHOR_TRANSITION|DOWN|9fd4045541ddf1c7"", ""COMP|T4_REGIME_ANCHOR_TRANSITION|DOWN|ab6ccad02e4764cc"", ""COMP|T4_REGIME_ANCHOR_TRANSITION|DOWN|bbe765f8d541b2fe""]",EVENT_STREAM_JACCARD
NR-000226,DOWN,30m,10,0.95,COMP|T4_REGIME_ANCHOR_TRANSITION|DOWN|ab2298da9bbadb10,"[""COMP|T3_ANCHOR_TRANSITION|DOWN|5f6f72c420121b36"", ""COMP|T4_REGIME_ANCHOR_TRANSITION|DOWN|134025f3a30a5c27"", ""COMP|T4_REGIME_ANCHOR_TRANSITION|DOWN|28a519c9b7d40d74"", ""COMP|T4_REGIME_ANCHOR_TRANSITION|DOWN|2f1b7381aeee29ab"", ""COMP|T4_REGIME_ANCHOR_TRANSITION|DOWN|30719b1b13f8c61b"", ""COMP|T4_REGIME_ANCHOR_TRANSITION|DOWN|aaceae4a238dd473"", ""COMP|T4_REGIME_ANCHOR_TRANSITION|DOWN|d25f7c3eca67d6fa"", ""COMP|T4_REGIME_ANCHOR_TRANSITION|DOWN|d969e3b3cb7170e3"", ""COMP|T4_REGIME_ANCHOR_TRANSITION|DOWN|fae2357af1bb0323""]","[""COMP|T3_ANCHOR_TRANSITION|DOWN|5f6f72c420121b36"", ""COMP|T4_REGIME_ANCHOR_TRANSITION|DOWN|134025f3a30a5c27"", ""COMP|T4_REGIME_ANCHOR_TRANSITION|DOWN|28a519c9b7d40d74"", ""COMP|T4_REGIME_ANCHOR_TRANSITION|DOWN|2f1b7381aeee29ab"", ""COMP|T4_REGIME_ANCHOR_TRANSITION|DOWN|30719b1b13f8c61b"", ""COMP|T4_REGIME_ANCHOR_TRANSITION|DOWN|aaceae4a238dd473"", ""COMP|T4_REGIME_ANCHOR_TRANSITION|DOWN|ab2298da9bbadb10"", ""COMP|T4_REGIME_ANCHOR_TRANSITION|DOWN|d25f7c3eca67d6fa"", ""COMP|T4_REGIME_ANCHOR_TRANSITION|DOWN|d969e3b3cb7170e3"", ""COMP|T4_REGIME_ANCHOR_TRANSITION|DOWN|fae2357af1bb0323""]",EVENT_STREAM_JACCARD
NR-000227,DOWN,30m,5,0.95,COMP|T4_REGIME_ANCHOR_TRANSITION|DOWN|f55343f806305803,"[""COMP|T3_ANCHOR_TRANSITION|DOWN|f27625af2cdc7641"", ""COMP|T4_REGIME_ANCHOR_TRANSITION|DOWN|22c954f0ca362d62"", ""COMP|T4_REGIME_ANCHOR_TRANSITION|DOWN|4fc557551b8bb41a"", ""COMP|T4_REGIME_ANCHOR_TRANSITION|DOWN|591c6bfc30ea71a4""]","[""COMP|T3_ANCHOR_TRANSITION|DOWN|f27625af2cdc7641"", ""COMP|T4_REGIME_ANCHOR_TRANSITION|DOWN|22c954f0ca362d62"", ""COMP|T4_REGIME_ANCHOR_TRANSITION|DOWN|4fc557551b8bb41a"", ""COMP|T4_REGIME_ANCHOR_TRANSITION|DOWN|591c6bfc30ea71a4"", ""COMP|T4_REGIME_ANCHOR_TRANSITION|DOWN|f55343f806305803""]",EVENT_STREAM_JACCARD
NR-000228,DOWN,30m,9,0.95,COMP|T4_REGIME_ANCHOR_TRANSITION|DOWN|98de5c2b24a5a270,"[""COMP|T3_ANCHOR_TRANSITION|DOWN|b62902bd2d83ecc1"", ""COMP|T4_REGIME_ANCHOR_TRANSITION|DOWN|067b00d391aea4fd"", ""COMP|T4_REGIME_ANCHOR_TRANSITION|DOWN|298c0b11b15a984d"", ""COMP|T4_REGIME_ANCHOR_TRANSITION|DOWN|3c718e1f1dc80e8d"", ""COMP|T4_REGIME_ANCHOR_TRANSITION|DOWN|79ceb81043ec44a9"", ""COMP|T4_REGIME_ANCHOR_TRANSITION|DOWN|9c37f38ff75987b5"", ""COMP|T4_REGIME_ANCHOR_TRANSITION|DOWN|ecc829a630230ac2"", ""COMP|T4_REGIME_ANCHOR_TRANSITION|DOWN|ff869d3d430094ac""]","[""COMP|T3_ANCHOR_TRANSITION|DOWN|b62902bd2d83ecc1"", ""COMP|T4_REGIME_ANCHOR_TRANSITION|DOWN|067b00d391aea4fd"", ""COMP|T4_REGIME_ANCHOR_TRANSITION|DOWN|298c0b11b15a984d"", ""COMP|T4_REGIME_ANCHOR_TRANSITION|DOWN|3c718e1f1dc80e8d"", ""COMP|T4_REGIME_ANCHOR_TRANSITION|DOWN|79ceb81043ec44a9"", ""COMP|T4_REGIME_ANCHOR_TRANSITION|DOWN|98de5c2b24a5a270"", ""COMP|T4_REGIME_ANCHOR_TRANSITION|DOWN|9c37f38ff75987b5"", ""COMP|T4_REGIME_ANCHOR_TRANSITION|DOWN|ecc829a630230ac2"", ""COMP|T4_REGIME_ANCHOR_TRANSITION|DOWN|ff869d3d430094ac""]",EVENT_STREAM_JACCARD
NR-000229,DOWN,30m,10,0.95,COMP|T4_REGIME_ANCHOR_TRANSITION|DOWN|7e7b7c1dcc109b7c,"[""COMP|T3_ANCHOR_TRANSITION|DOWN|c0fab65992357c12"", ""COMP|T4_REGIME_ANCHOR_TRANSITION|DOWN|0d215d8c00e1125e"", ""COMP|T4_REGIME_ANCHOR_TRANSITION|DOWN|3f0353555eabed8b"", ""COMP|T4_REGIME_ANCHOR_TRANSITION|DOWN|4781c05b2191b931"", ""COMP|T4_REGIME_ANCHOR_TRANSITION|DOWN|91bf65ed8a6a7c96"", ""COMP|T4_REGIME_ANCHOR_TRANSITION|DOWN|9229707673ebef64"", ""COMP|T4_REGIME_ANCHOR_TRANSITION|DOWN|b632ee2c5a66b669"", ""COMP|T4_REGIME_ANCHOR_TRANSITION|DOWN|d036b83fed4b7606"", ""COMP|T4_REGIME_ANCHOR_TRANSITION|DOWN|d3a9abc04e0d2218""]","[""COMP|T3_ANCHOR_TRANSITION|DOWN|c0fab65992357c12"", ""COMP|T4_REGIME_ANCHOR_TRANSITION|DOWN|0d215d8c00e1125e"", ""COMP|T4_REGIME_ANCHOR_TRANSITION|DOWN|3f0353555eabed8b"", ""COMP|T4_REGIME_ANCHOR_TRANSITION|DOWN|4781c05b2191b931"", ""COMP|T4_REGIME_ANCHOR_TRANSITION|DOWN|7e7b7c1dcc109b7c"", ""COMP|T4_REGIME_ANCHOR_TRANSITION|DOWN|91bf65ed8a6a7c96"", ""COMP|T4_REGIME_ANCHOR_TRANSITION|DOWN|9229707673ebef64"", ""COMP|T4_REGIME_ANCHOR_TRANSITION|DOWN|b632ee2c5a66b669"", ""COMP|T4_REGIME_ANCHOR_TRANSITION|DOWN|d036b83fed4b7606"", ""COMP|T4_REGIME_ANCHOR_TRANSITION|DOWN|d3a9abc04e0d2218""]",EVENT_STREAM_JACCARD
NR-000230,DOWN,30m,2,0.95,COMP|T4_REGIME_ANCHOR_TRANSITION|DOWN|86bfbd430a081ba7,"[""COMP|T4_REGIME_ANCHOR_TRANSITION|DOWN|5d227aab03a0ae6c""]","[""COMP|T4_REGIME_ANCHOR_TRANSITION|DOWN|5d227aab03a0ae6c"", ""COMP|T4_REGIME_ANCHOR_TRANSITION|DOWN|86bfbd430a081ba7""]",EVENT_STREAM_JACCARD
NR-000231,DOWN,30m,2,0.95,COMP|T4_REGIME_ANCHOR_TRANSITION|DOWN|e7100f6b73e1b082,"[""COMP|T4_REGIME_ANCHOR_TRANSITION|DOWN|d2af068c0e705e47""]","[""COMP|T4_REGIME_ANCHOR_TRANSITION|DOWN|d2af068c0e705e47"", ""COMP|T4_REGIME_ANCHOR_TRANSITION|DOWN|e7100f6b73e1b082""]",EVENT_STREAM_JACCARD
NR-000232,DOWN,30m,9,0.95,COMP|T4_REGIME_ANCHOR_TRANSITION|DOWN|17f3fb8446b53d4c,"[""COMP|T3_ANCHOR_TRANSITION|DOWN|d3cc9e77a7025130"", ""COMP|T4_REGIME_ANCHOR_TRANSITION|DOWN|10aa4398dc9423a8"", ""COMP|T4_REGIME_ANCHOR_TRANSITION|DOWN|1c113787322d3c31"", ""COMP|T4_REGIME_ANCHOR_TRANSITION|DOWN|53d6898f66dcc00d"", ""COMP|T4_REGIME_ANCHOR_TRANSITION|DOWN|659d37b6738befc9"", ""COMP|T4_REGIME_ANCHOR_TRANSITION|DOWN|a33866f8e3f0b423"", ""COMP|T4_REGIME_ANCHOR_TRANSITION|DOWN|dfd38afc30f5c02e"", ""COMP|T4_REGIME_ANCHOR_TRANSITION|DOWN|f8708756974b01bd""]","[""COMP|T3_ANCHOR_TRANSITION|DOWN|d3cc9e77a7025130"", ""COMP|T4_REGIME_ANCHOR_TRANSITION|DOWN|10aa4398dc9423a8"", ""COMP|T4_REGIME_ANCHOR_TRANSITION|DOWN|17f3fb8446b53d4c"", ""COMP|T4_REGIME_ANCHOR_TRANSITION|DOWN|1c113787322d3c31"", ""COMP|T4_REGIME_ANCHOR_TRANSITION|DOWN|53d6898f66dcc00d"", ""COMP|T4_REGIME_ANCHOR_TRANSITION|DOWN|659d37b6738befc9"", ""COMP|T4_REGIME_ANCHOR_TRANSITION|DOWN|a33866f8e3f0b423"", ""COMP|T4_REGIME_ANCHOR_TRANSITION|DOWN|dfd38afc30f5c02e"", ""COMP|T4_REGIME_ANCHOR_TRANSITION|DOWN|f8708756974b01bd""]",EVENT_STREAM_JACCARD
NR-000233,DOWN,30m,9,0.95,COMP|T4_REGIME_ANCHOR_TRANSITION|DOWN|b505c85f984b1fcc,"[""COMP|T3_ANCHOR_TRANSITION|DOWN|612bc216906dd25b"", ""COMP|T4_REGIME_ANCHOR_TRANSITION|DOWN|0673eee8e85475bc"", ""COMP|T4_REGIME_ANCHOR_TRANSITION|DOWN|1daed3fa40171a87"", ""COMP|T4_REGIME_ANCHOR_TRANSITION|DOWN|27dc8a6455465ae0"", ""COMP|T4_REGIME_ANCHOR_TRANSITION|DOWN|76ddc8099f30c9ae"", ""COMP|T4_REGIME_ANCHOR_TRANSITION|DOWN|96309ab187a8161e"", ""COMP|T4_REGIME_ANCHOR_TRANSITION|DOWN|96fb3067338efa64"", ""COMP|T4_REGIME_ANCHOR_TRANSITION|DOWN|f4a929d9e67bb007""]","[""COMP|T3_ANCHOR_TRANSITION|DOWN|612bc216906dd25b"", ""COMP|T4_REGIME_ANCHOR_TRANSITION|DOWN|0673eee8e85475bc"", ""COMP|T4_REGIME_ANCHOR_TRANSITION|DOWN|1daed3fa40171a87"", ""COMP|T4_REGIME_ANCHOR_TRANSITION|DOWN|27dc8a6455465ae0"", ""COMP|T4_REGIME_ANCHOR_TRANSITION|DOWN|76ddc8099f30c9ae"", ""COMP|T4_REGIME_ANCHOR_TRANSITION|DOWN|96309ab187a8161e"", ""COMP|T4_REGIME_ANCHOR_TRANSITION|DOWN|96fb3067338efa64"", ""COMP|T4_REGIME_ANCHOR_TRANSITION|DOWN|b505c85f984b1fcc"", ""COMP|T4_REGIME_ANCHOR_TRANSITION|DOWN|f4a929d9e67bb007""]",EVENT_STREAM_JACCARD
NR-000234,DOWN,30m,9,0.95,COMP|T4_REGIME_ANCHOR_TRANSITION|DOWN|517f4f9947047024,"[""COMP|T3_ANCHOR_TRANSITION|DOWN|c36f75e3ca7105bd"", ""COMP|T4_REGIME_ANCHOR_TRANSITION|DOWN|12c7d3a48d8ab048"", ""COMP|T4_REGIME_ANCHOR_TRANSITION|DOWN|179ffdbbb1874609"", ""COMP|T4_REGIME_ANCHOR_TRANSITION|DOWN|1f7cd817d54bd4e2"", ""COMP|T4_REGIME_ANCHOR_TRANSITION|DOWN|2262c9a5a60e3928"", ""COMP|T4_REGIME_ANCHOR_TRANSITION|DOWN|806aa689dec2211b"", ""COMP|T4_REGIME_ANCHOR_TRANSITION|DOWN|81788179a44a6332"", ""COMP|T4_REGIME_ANCHOR_TRANSITION|DOWN|8cc15f4639fdc680""]","[""COMP|T3_ANCHOR_TRANSITION|DOWN|c36f75e3ca7105bd"", ""COMP|T4_REGIME_ANCHOR_TRANSITION|DOWN|12c7d3a48d8ab048"", ""COMP|T4_REGIME_ANCHOR_TRANSITION|DOWN|179ffdbbb1874609"", ""COMP|T4_REGIME_ANCHOR_TRANSITION|DOWN|1f7cd817d54bd4e2"", ""COMP|T4_REGIME_ANCHOR_TRANSITION|DOWN|2262c9a5a60e3928"", ""COMP|T4_REGIME_ANCHOR_TRANSITION|DOWN|517f4f9947047024"", ""COMP|T4_REGIME_ANCHOR_TRANSITION|DOWN|806aa689dec2211b"", ""COMP|T4_REGIME_ANCHOR_TRANSITION|DOWN|81788179a44a6332"", ""COMP|T4_REGIME_ANCHOR_TRANSITION|DOWN|8cc15f4639fdc680""]",EVENT_STREAM_JACCARD
NR-000235,DOWN,30m,2,0.95,COMP|T4_REGIME_ANCHOR_TRANSITION|DOWN|95a1d85ca9ebfe6d,"[""COMP|T4_REGIME_ANCHOR_TRANSITION|DOWN|0bce1c0799459026""]","[""COMP|T4_REGIME_ANCHOR_TRANSITION|DOWN|0bce1c0799459026"", ""COMP|T4_REGIME_ANCHOR_TRANSITION|DOWN|95a1d85ca9ebfe6d""]",EVENT_STREAM_JACCARD
NR-000236,DOWN,30m,8,0.95,COMP|T4_REGIME_ANCHOR_TRANSITION|DOWN|d250fa7013d28ad6,"[""COMP|T3_ANCHOR_TRANSITION|DOWN|b862903a23b6fb2a"", ""COMP|T4_REGIME_ANCHOR_TRANSITION|DOWN|007b9fa7b7e20eb5"", ""COMP|T4_REGIME_ANCHOR_TRANSITION|DOWN|042c08bf4f8fc312"", ""COMP|T4_REGIME_ANCHOR_TRANSITION|DOWN|10e0b98ece2768f3"", ""COMP|T4_REGIME_ANCHOR_TRANSITION|DOWN|23d67d21ed1e636f"", ""COMP|T4_REGIME_ANCHOR_TRANSITION|DOWN|41ae83411fa13731"", ""COMP|T4_REGIME_ANCHOR_TRANSITION|DOWN|a1942b5e6bd1b782""]","[""COMP|T3_ANCHOR_TRANSITION|DOWN|b862903a23b6fb2a"", ""COMP|T4_REGIME_ANCHOR_TRANSITION|DOWN|007b9fa7b7e20eb5"", ""COMP|T4_REGIME_ANCHOR_TRANSITION|DOWN|042c08bf4f8fc312"", ""COMP|T4_REGIME_ANCHOR_TRANSITION|DOWN|10e0b98ece2768f3"", ""COMP|T4_REGIME_ANCHOR_TRANSITION|DOWN|23d67d21ed1e636f"", ""COMP|T4_REGIME_ANCHOR_TRANSITION|DOWN|41ae83411fa13731"", ""COMP|T4_REGIME_ANCHOR_TRANSITION|DOWN|a1942b5e6bd1b782"", ""COMP|T4_REGIME_ANCHOR_TRANSITION|DOWN|d250fa7013d28ad6""]",EVENT_STREAM_JACCARD
NR-000237,DOWN,30m,2,0.95,COMP|T4_REGIME_ANCHOR_TRANSITION|DOWN|f8993aa3fd91b402,"[""COMP|T4_REGIME_ANCHOR_TRANSITION|DOWN|5266cda5f8be8e47""]","[""COMP|T4_REGIME_ANCHOR_TRANSITION|DOWN|5266cda5f8be8e47"", ""COMP|T4_REGIME_ANCHOR_TRANSITION|DOWN|f8993aa3fd91b402""]",EVENT_STREAM_JACCARD
NR-000238,DOWN,30m,9,0.95,COMP|T4_REGIME_ANCHOR_TRANSITION|DOWN|b1f4c6d57bfb90d4,"[""COMP|T3_ANCHOR_TRANSITION|DOWN|6fd1bbcc634bfa08"", ""COMP|T4_REGIME_ANCHOR_TRANSITION|DOWN|0a7b5a3478e0595a"", ""COMP|T4_REGIME_ANCHOR_TRANSITION|DOWN|21d7822d6632363e"", ""COMP|T4_REGIME_ANCHOR_TRANSITION|DOWN|4435824caeb2dd4e"", ""COMP|T4_REGIME_ANCHOR_TRANSITION|DOWN|489ef79ed21df5d8"", ""COMP|T4_REGIME_ANCHOR_TRANSITION|DOWN|59cdad5a8b60b50d"", ""COMP|T4_REGIME_ANCHOR_TRANSITION|DOWN|737277d8c3c63dbc"", ""COMP|T4_REGIME_ANCHOR_TRANSITION|DOWN|de29eb19d742546d""]","[""COMP|T3_ANCHOR_TRANSITION|DOWN|6fd1bbcc634bfa08"", ""COMP|T4_REGIME_ANCHOR_TRANSITION|DOWN|0a7b5a3478e0595a"", ""COMP|T4_REGIME_ANCHOR_TRANSITION|DOWN|21d7822d6632363e"", ""COMP|T4_REGIME_ANCHOR_TRANSITION|DOWN|4435824caeb2dd4e"", ""COMP|T4_REGIME_ANCHOR_TRANSITION|DOWN|489ef79ed21df5d8"", ""COMP|T4_REGIME_ANCHOR_TRANSITION|DOWN|59cdad5a8b60b50d"", ""COMP|T4_REGIME_ANCHOR_TRANSITION|DOWN|737277d8c3c63dbc"", ""COMP|T4_REGIME_ANCHOR_TRANSITION|DOWN|b1f4c6d57bfb90d4"", ""COMP|T4_REGIME_ANCHOR_TRANSITION|DOWN|de29eb19d742546d""]",EVENT_STREAM_JACCARD
NR-000239,DOWN,30m,9,0.95,COMP|T4_REGIME_ANCHOR_TRANSITION|DOWN|7fdf22833b3d7b8d,"[""COMP|T3_ANCHOR_TRANSITION|DOWN|85e07cdaba5f8a68"", ""COMP|T4_REGIME_ANCHOR_TRANSITION|DOWN|0816e24ca7f22871"", ""COMP|T4_REGIME_ANCHOR_TRANSITION|DOWN|108482711578b820"", ""COMP|T4_REGIME_ANCHOR_TRANSITION|DOWN|170816e345376880"", ""COMP|T4_REGIME_ANCHOR_TRANSITION|DOWN|36e544731be73a4f"", ""COMP|T4_REGIME_ANCHOR_TRANSITION|DOWN|778c2e6cde090ac8"", ""COMP|T4_REGIME_ANCHOR_TRANSITION|DOWN|7f08261385bf513c"", ""COMP|T4_REGIME_ANCHOR_TRANSITION|DOWN|a3b615eac980c637""]","[""COMP|T3_ANCHOR_TRANSITION|DOWN|85e07cdaba5f8a68"", ""COMP|T4_REGIME_ANCHOR_TRANSITION|DOWN|0816e24ca7f22871"", ""COMP|T4_REGIME_ANCHOR_TRANSITION|DOWN|108482711578b820"", ""COMP|T4_REGIME_ANCHOR_TRANSITION|DOWN|170816e345376880"", ""COMP|T4_REGIME_ANCHOR_TRANSITION|DOWN|36e544731be73a4f"", ""COMP|T4_REGIME_ANCHOR_TRANSITION|DOWN|778c2e6cde090ac8"", ""COMP|T4_REGIME_ANCHOR_TRANSITION|DOWN|7f08261385bf513c"", ""COMP|T4_REGIME_ANCHOR_TRANSITION|DOWN|7fdf22833b3d7b8d"", ""COMP|T4_REGIME_ANCHOR_TRANSITION|DOWN|a3b615eac980c637""]",EVENT_STREAM_JACCARD
NR-000240,DOWN,30m,8,0.95,COMP|T4_REGIME_ANCHOR_TRANSITION|DOWN|77156e63f03de5dd,"[""COMP|T3_ANCHOR_TRANSITION|DOWN|9ef4be466a1afd64"", ""COMP|T4_REGIME_ANCHOR_TRANSITION|DOWN|0cbfa61444effafb"", ""COMP|T4_REGIME_ANCHOR_TRANSITION|DOWN|24dc28b3ef11550b"", ""COMP|T4_REGIME_ANCHOR_TRANSITION|DOWN|5484060373d67341"", ""COMP|T4_REGIME_ANCHOR_TRANSITION|DOWN|81fe912d8181864f"", ""COMP|T4_REGIME_ANCHOR_TRANSITION|DOWN|945703e3ed66e412"", ""COMP|T4_REGIME_ANCHOR_TRANSITION|DOWN|98cb6246972d59b9""]","[""COMP|T3_ANCHOR_TRANSITION|DOWN|9ef4be466a1afd64"", ""COMP|T4_REGIME_ANCHOR_TRANSITION|DOWN|0cbfa61444effafb"", ""COMP|T4_REGIME_ANCHOR_TRANSITION|DOWN|24dc28b3ef11550b"", ""COMP|T4_REGIME_ANCHOR_TRANSITION|DOWN|5484060373d67341"", ""COMP|T4_REGIME_ANCHOR_TRANSITION|DOWN|77156e63f03de5dd"", ""COMP|T4_REGIME_ANCHOR_TRANSITION|DOWN|81fe912d8181864f"", ""COMP|T4_REGIME_ANCHOR_TRANSITION|DOWN|945703e3ed66e412"", ""COMP|T4_REGIME_ANCHOR_TRANSITION|DOWN|98cb6246972d59b9""]",EVENT_STREAM_JACCARD
NR-000241,DOWN,30m,8,0.95,COMP|T4_REGIME_ANCHOR_TRANSITION|DOWN|b6d01c57c72d9b07,"[""COMP|T3_ANCHOR_TRANSITION|DOWN|0fc2afe347f8a813"", ""COMP|T4_REGIME_ANCHOR_TRANSITION|DOWN|1585366ecdbaee1f"", ""COMP|T4_REGIME_ANCHOR_TRANSITION|DOWN|25f9440058ab3251"", ""COMP|T4_REGIME_ANCHOR_TRANSITION|DOWN|2de154484aa80188"", ""COMP|T4_REGIME_ANCHOR_TRANSITION|DOWN|6118ad88882ea9f1"", ""COMP|T4_REGIME_ANCHOR_TRANSITION|DOWN|6c087c4d6faa244f"", ""COMP|T4_REGIME_ANCHOR_TRANSITION|DOWN|91f4467f3b008b6a""]","[""COMP|T3_ANCHOR_TRANSITION|DOWN|0fc2afe347f8a813"", ""COMP|T4_REGIME_ANCHOR_TRANSITION|DOWN|1585366ecdbaee1f"", ""COMP|T4_REGIME_ANCHOR_TRANSITION|DOWN|25f9440058ab3251"", ""COMP|T4_REGIME_ANCHOR_TRANSITION|DOWN|2de154484aa80188"", ""COMP|T4_REGIME_ANCHOR_TRANSITION|DOWN|6118ad88882ea9f1"", ""COMP|T4_REGIME_ANCHOR_TRANSITION|DOWN|6c087c4d6faa244f"", ""COMP|T4_REGIME_ANCHOR_TRANSITION|DOWN|91f4467f3b008b6a"", ""COMP|T4_REGIME_ANCHOR_TRANSITION|DOWN|b6d01c57c72d9b07""]",EVENT_STREAM_JACCARD
NR-000242,DOWN,30m,2,0.95,COMP|T4_REGIME_ANCHOR_TRANSITION|DOWN|151205c679a08a1b,"[""COMP|T4_REGIME_ANCHOR_TRANSITION|DOWN|3af1030049270aed""]","[""COMP|T4_REGIME_ANCHOR_TRANSITION|DOWN|151205c679a08a1b"", ""COMP|T4_REGIME_ANCHOR_TRANSITION|DOWN|3af1030049270aed""]",EVENT_STREAM_JACCARD
NR-000243,DOWN,30m,9,0.95,COMP|T4_REGIME_ANCHOR_TRANSITION|DOWN|eae6d25e50d91d88,"[""COMP|T3_ANCHOR_TRANSITION|DOWN|f1e9b0aec60e163b"", ""COMP|T4_REGIME_ANCHOR_TRANSITION|DOWN|0134fbde5223deec"", ""COMP|T4_REGIME_ANCHOR_TRANSITION|DOWN|06c21f0ba80b4714"", ""COMP|T4_REGIME_ANCHOR_TRANSITION|DOWN|08550e95ac9a7993"", ""COMP|T4_REGIME_ANCHOR_TRANSITION|DOWN|14fbc7cecf5dce4c"", ""COMP|T4_REGIME_ANCHOR_TRANSITION|DOWN|729ea94fbe0386c4"", ""COMP|T4_REGIME_ANCHOR_TRANSITION|DOWN|b86fa4bda407259c"", ""COMP|T4_REGIME_ANCHOR_TRANSITION|DOWN|c489d8f06ef1cc1d""]","[""COMP|T3_ANCHOR_TRANSITION|DOWN|f1e9b0aec60e163b"", ""COMP|T4_REGIME_ANCHOR_TRANSITION|DOWN|0134fbde5223deec"", ""COMP|T4_REGIME_ANCHOR_TRANSITION|DOWN|06c21f0ba80b4714"", ""COMP|T4_REGIME_ANCHOR_TRANSITION|DOWN|08550e95ac9a7993"", ""COMP|T4_REGIME_ANCHOR_TRANSITION|DOWN|14fbc7cecf5dce4c"", ""COMP|T4_REGIME_ANCHOR_TRANSITION|DOWN|729ea94fbe0386c4"", ""COMP|T4_REGIME_ANCHOR_TRANSITION|DOWN|b86fa4bda407259c"", ""COMP|T4_REGIME_ANCHOR_TRANSITION|DOWN|c489d8f06ef1cc1d"", ""COMP|T4_REGIME_ANCHOR_TRANSITION|DOWN|eae6d25e50d91d88""]",EVENT_STREAM_JACCARD
NR-000244,DOWN,30m,10,0.95,COMP|T4_REGIME_ANCHOR_TRANSITION|DOWN|6fb0d652fdfdd45f,"[""COMP|T3_ANCHOR_TRANSITION|DOWN|2eff6d394e25a069"", ""COMP|T4_REGIME_ANCHOR_TRANSITION|DOWN|1846d824e7dd5109"", ""COMP|T4_REGIME_ANCHOR_TRANSITION|DOWN|2256caaa45d7484d"", ""COMP|T4_REGIME_ANCHOR_TRANSITION|DOWN|42c4a9e8b44961df"", ""COMP|T4_REGIME_ANCHOR_TRANSITION|DOWN|4f96e133acab2b5c"", ""COMP|T4_REGIME_ANCHOR_TRANSITION|DOWN|6319479c9438f623"", ""COMP|T4_REGIME_ANCHOR_TRANSITION|DOWN|6936c5b31beecddb"", ""COMP|T4_REGIME_ANCHOR_TRANSITION|DOWN|77d5f51bee3052f4"", ""COMP|T4_REGIME_ANCHOR_TRANSITION|DOWN|8b56ba2114545a34""]","[""COMP|T3_ANCHOR_TRANSITION|DOWN|2eff6d394e25a069"", ""COMP|T4_REGIME_ANCHOR_TRANSITION|DOWN|1846d824e7dd5109"", ""COMP|T4_REGIME_ANCHOR_TRANSITION|DOWN|2256caaa45d7484d"", ""COMP|T4_REGIME_ANCHOR_TRANSITION|DOWN|42c4a9e8b44961df"", ""COMP|T4_REGIME_ANCHOR_TRANSITION|DOWN|4f96e133acab2b5c"", ""COMP|T4_REGIME_ANCHOR_TRANSITION|DOWN|6319479c9438f623"", ""COMP|T4_REGIME_ANCHOR_TRANSITION|DOWN|6936c5b31beecddb"", ""COMP|T4_REGIME_ANCHOR_TRANSITION|DOWN|6fb0d652fdfdd45f"", ""COMP|T4_REGIME_ANCHOR_TRANSITION|DOWN|77d5f51bee3052f4"", ""COMP|T4_REGIME_ANCHOR_TRANSITION|DOWN|8b56ba2114545a34""]",EVENT_STREAM_JACCARD
NR-000245,DOWN,30m,9,0.95,COMP|T4_REGIME_ANCHOR_TRANSITION|DOWN|adf4ca02ec9aa383,"[""COMP|T3_ANCHOR_TRANSITION|DOWN|9c53f980d5f5b3e6"", ""COMP|T4_REGIME_ANCHOR_TRANSITION|DOWN|0d820612d88d78f5"", ""COMP|T4_REGIME_ANCHOR_TRANSITION|DOWN|21d365c101875156"", ""COMP|T4_REGIME_ANCHOR_TRANSITION|DOWN|50969b71d615d6ac"", ""COMP|T4_REGIME_ANCHOR_TRANSITION|DOWN|5c9bdf89b774943d"", ""COMP|T4_REGIME_ANCHOR_TRANSITION|DOWN|7c162cce03417ba6"", ""COMP|T4_REGIME_ANCHOR_TRANSITION|DOWN|8eb6b97c56a2c6af"", ""COMP|T4_REGIME_ANCHOR_TRANSITION|DOWN|9975de878d822a7d""]","[""COMP|T3_ANCHOR_TRANSITION|DOWN|9c53f980d5f5b3e6"", ""COMP|T4_REGIME_ANCHOR_TRANSITION|DOWN|0d820612d88d78f5"", ""COMP|T4_REGIME_ANCHOR_TRANSITION|DOWN|21d365c101875156"", ""COMP|T4_REGIME_ANCHOR_TRANSITION|DOWN|50969b71d615d6ac"", ""COMP|T4_REGIME_ANCHOR_TRANSITION|DOWN|5c9bdf89b774943d"", ""COMP|T4_REGIME_ANCHOR_TRANSITION|DOWN|7c162cce03417ba6"", ""COMP|T4_REGIME_ANCHOR_TRANSITION|DOWN|8eb6b97c56a2c6af"", ""COMP|T4_REGIME_ANCHOR_TRANSITION|DOWN|9975de878d822a7d"", ""COMP|T4_REGIME_ANCHOR_TRANSITION|DOWN|adf4ca02ec9aa383""]",EVENT_STREAM_JACCARD
NR-000246,DOWN,30m,7,0.95,COMP|T4_REGIME_ANCHOR_TRANSITION|DOWN|df383c5c6254956a,"[""COMP|T3_ANCHOR_TRANSITION|DOWN|b2b43e615acc628a"", ""COMP|T4_REGIME_ANCHOR_TRANSITION|DOWN|283e6480bab1e6ac"", ""COMP|T4_REGIME_ANCHOR_TRANSITION|DOWN|5e710281a95521e7"", ""COMP|T4_REGIME_ANCHOR_TRANSITION|DOWN|8629e05ebf8974b5"", ""COMP|T4_REGIME_ANCHOR_TRANSITION|DOWN|d49c9a15257e536b"", ""COMP|T4_REGIME_ANCHOR_TRANSITION|DOWN|f9cc57a1a270a381""]","[""COMP|T3_ANCHOR_TRANSITION|DOWN|b2b43e615acc628a"", ""COMP|T4_REGIME_ANCHOR_TRANSITION|DOWN|283e6480bab1e6ac"", ""COMP|T4_REGIME_ANCHOR_TRANSITION|DOWN|5e710281a95521e7"", ""COMP|T4_REGIME_ANCHOR_TRANSITION|DOWN|8629e05ebf8974b5"", ""COMP|T4_REGIME_ANCHOR_TRANSITION|DOWN|d49c9a15257e536b"", ""COMP|T4_REGIME_ANCHOR_TRANSITION|DOWN|df383c5c6254956a"", ""COMP|T4_REGIME_ANCHOR_TRANSITION|DOWN|f9cc57a1a270a381""]",EVENT_STREAM_JACCARD
NR-000247,DOWN,30m,10,0.95,COMP|T4_REGIME_ANCHOR_TRANSITION|DOWN|9810c595865a2d94,"[""COMP|T3_ANCHOR_TRANSITION|DOWN|19f99c2c4cca579e"", ""COMP|T4_REGIME_ANCHOR_TRANSITION|DOWN|02bb766e41fc7738"", ""COMP|T4_REGIME_ANCHOR_TRANSITION|DOWN|09b7769bfd73bdad"", ""COMP|T4_REGIME_ANCHOR_TRANSITION|DOWN|30afda1908b922a8"", ""COMP|T4_REGIME_ANCHOR_TRANSITION|DOWN|44fa2be289dee027"", ""COMP|T4_REGIME_ANCHOR_TRANSITION|DOWN|88014dc43d330060"", ""COMP|T4_REGIME_ANCHOR_TRANSITION|DOWN|8df39e2b04972588"", ""COMP|T4_REGIME_ANCHOR_TRANSITION|DOWN|aafdca1417926f79"", ""COMP|T4_REGIME_ANCHOR_TRANSITION|DOWN|ae3dc94cc05d332a""]","[""COMP|T3_ANCHOR_TRANSITION|DOWN|19f99c2c4cca579e"", ""COMP|T4_REGIME_ANCHOR_TRANSITION|DOWN|02bb766e41fc7738"", ""COMP|T4_REGIME_ANCHOR_TRANSITION|DOWN|09b7769bfd73bdad"", ""COMP|T4_REGIME_ANCHOR_TRANSITION|DOWN|30afda1908b922a8"", ""COMP|T4_REGIME_ANCHOR_TRANSITION|DOWN|44fa2be289dee027"", ""COMP|T4_REGIME_ANCHOR_TRANSITION|DOWN|88014dc43d330060"", ""COMP|T4_REGIME_ANCHOR_TRANSITION|DOWN|8df39e2b04972588"", ""COMP|T4_REGIME_ANCHOR_TRANSITION|DOWN|9810c595865a2d94"", ""COMP|T4_REGIME_ANCHOR_TRANSITION|DOWN|aafdca1417926f79"", ""COMP|T4_REGIME_ANCHOR_TRANSITION|DOWN|ae3dc94cc05d332a""]",EVENT_STREAM_JACCARD
NR-000248,DOWN,30m,9,0.95,COMP|T4_REGIME_ANCHOR_TRANSITION|DOWN|f7d86d631073e45c,"[""COMP|T3_ANCHOR_TRANSITION|DOWN|f637663a83c12c66"", ""COMP|T4_REGIME_ANCHOR_TRANSITION|DOWN|04a223bd72460e42"", ""COMP|T4_REGIME_ANCHOR_TRANSITION|DOWN|0cc6e8d328205edd"", ""COMP|T4_REGIME_ANCHOR_TRANSITION|DOWN|2433a9933203f984"", ""COMP|T4_REGIME_ANCHOR_TRANSITION|DOWN|65ee73faa2011a04"", ""COMP|T4_REGIME_ANCHOR_TRANSITION|DOWN|70d189b2650e2fad"", ""COMP|T4_REGIME_ANCHOR_TRANSITION|DOWN|9fb40968a4c4350f"", ""COMP|T4_REGIME_ANCHOR_TRANSITION|DOWN|dfb236ec2599e3e9""]","[""COMP|T3_ANCHOR_TRANSITION|DOWN|f637663a83c12c66"", ""COMP|T4_REGIME_ANCHOR_TRANSITION|DOWN|04a223bd72460e42"", ""COMP|T4_REGIME_ANCHOR_TRANSITION|DOWN|0cc6e8d328205edd"", ""COMP|T4_REGIME_ANCHOR_TRANSITION|DOWN|2433a9933203f984"", ""COMP|T4_REGIME_ANCHOR_TRANSITION|DOWN|65ee73faa2011a04"", ""COMP|T4_REGIME_ANCHOR_TRANSITION|DOWN|70d189b2650e2fad"", ""COMP|T4_REGIME_ANCHOR_TRANSITION|DOWN|9fb40968a4c4350f"", ""COMP|T4_REGIME_ANCHOR_TRANSITION|DOWN|dfb236ec2599e3e9"", ""COMP|T4_REGIME_ANCHOR_TRANSITION|DOWN|f7d86d631073e45c""]",EVENT_STREAM_JACCARD
NR-000249,DOWN,30m,2,0.95,COMP|T4_REGIME_ANCHOR_TRANSITION|DOWN|352ed574f77f405d,"[""COMP|T4_REGIME_ANCHOR_TRANSITION|DOWN|dc0ab0bbbe4be045""]","[""COMP|T4_REGIME_ANCHOR_TRANSITION|DOWN|352ed574f77f405d"", ""COMP|T4_REGIME_ANCHOR_TRANSITION|DOWN|dc0ab0bbbe4be045""]",EVENT_STREAM_JACCARD
NR-000250,DOWN,30m,2,0.95,COMP|T4_REGIME_ANCHOR_TRANSITION|DOWN|06c6123cfd78ad46,"[""COMP|T4_REGIME_ANCHOR_TRANSITION|DOWN|f35fa23820ed9328""]","[""COMP|T4_REGIME_ANCHOR_TRANSITION|DOWN|06c6123cfd78ad46"", ""COMP|T4_REGIME_ANCHOR_TRANSITION|DOWN|f35fa23820ed9328""]",EVENT_STREAM_JACCARD
NR-000251,DOWN,30m,11,0.95,COMP|T4_REGIME_ANCHOR_TRANSITION|DOWN|2c3ec0a82b8408ca,"[""COMP|T3_ANCHOR_TRANSITION|DOWN|d15878512d14b18f"", ""COMP|T4_REGIME_ANCHOR_TRANSITION|DOWN|240fef5b3d2f5275"", ""COMP|T4_REGIME_ANCHOR_TRANSITION|DOWN|438fc41e6a0ecffe"", ""COMP|T4_REGIME_ANCHOR_TRANSITION|DOWN|5a57b2329dfa3a2d"", ""COMP|T4_REGIME_ANCHOR_TRANSITION|DOWN|7abd8f622f8978a0"", ""COMP|T4_REGIME_ANCHOR_TRANSITION|DOWN|83c6115b506fea69"", ""COMP|T4_REGIME_ANCHOR_TRANSITION|DOWN|86f1f0f7fa2a4600"", ""COMP|T4_REGIME_ANCHOR_TRANSITION|DOWN|905488c33769d95c"", ""COMP|T4_REGIME_ANCHOR_TRANSITION|DOWN|c53230933cbcc65f"", ""COMP|T4_REGIME_ANCHOR_TRANSITION|DOWN|f14728ccf6a2e12b""]","[""COMP|T3_ANCHOR_TRANSITION|DOWN|d15878512d14b18f"", ""COMP|T4_REGIME_ANCHOR_TRANSITION|DOWN|240fef5b3d2f5275"", ""COMP|T4_REGIME_ANCHOR_TRANSITION|DOWN|2c3ec0a82b8408ca"", ""COMP|T4_REGIME_ANCHOR_TRANSITION|DOWN|438fc41e6a0ecffe"", ""COMP|T4_REGIME_ANCHOR_TRANSITION|DOWN|5a57b2329dfa3a2d"", ""COMP|T4_REGIME_ANCHOR_TRANSITION|DOWN|7abd8f622f8978a0"", ""COMP|T4_REGIME_ANCHOR_TRANSITION|DOWN|83c6115b506fea69"", ""COMP|T4_REGIME_ANCHOR_TRANSITION|DOWN|86f1f0f7fa2a4600"", ""COMP|T4_REGIME_ANCHOR_TRANSITION|DOWN|905488c33769d95c"", ""COMP|T4_REGIME_ANCHOR_TRANSITION|DOWN|c53230933cbcc65f"", ""COMP|T4_REGIME_ANCHOR_TRANSITION|DOWN|f14728ccf6a2e12b""]",EVENT_STREAM_JACCARD
NR-000252,DOWN,30m,9,0.95,COMP|T4_REGIME_ANCHOR_TRANSITION|DOWN|434c83e58ddbe8be,"[""COMP|T3_ANCHOR_TRANSITION|DOWN|7013793ec2e7536c"", ""COMP|T4_REGIME_ANCHOR_TRANSITION|DOWN|081dd00bff9c08c1"", ""COMP|T4_REGIME_ANCHOR_TRANSITION|DOWN|437cd9c7fb77c96e"", ""COMP|T4_REGIME_ANCHOR_TRANSITION|DOWN|69380df04409f758"", ""COMP|T4_REGIME_ANCHOR_TRANSITION|DOWN|7f9497d1545c5bac"", ""COMP|T4_REGIME_ANCHOR_TRANSITION|DOWN|83986f05d45481ae"", ""COMP|T4_REGIME_ANCHOR_TRANSITION|DOWN|c28ae9c886de7c15"", ""COMP|T4_REGIME_ANCHOR_TRANSITION|DOWN|ed7cea62ea4b8830""]","[""COMP|T3_ANCHOR_TRANSITION|DOWN|7013793ec2e7536c"", ""COMP|T4_REGIME_ANCHOR_TRANSITION|DOWN|081dd00bff9c08c1"", ""COMP|T4_REGIME_ANCHOR_TRANSITION|DOWN|434c83e58ddbe8be"", ""COMP|T4_REGIME_ANCHOR_TRANSITION|DOWN|437cd9c7fb77c96e"", ""COMP|T4_REGIME_ANCHOR_TRANSITION|DOWN|69380df04409f758"", ""COMP|T4_REGIME_ANCHOR_TRANSITION|DOWN|7f9497d1545c5bac"", ""COMP|T4_REGIME_ANCHOR_TRANSITION|DOWN|83986f05d45481ae"", ""COMP|T4_REGIME_ANCHOR_TRANSITION|DOWN|c28ae9c886de7c15"", ""COMP|T4_REGIME_ANCHOR_TRANSITION|DOWN|ed7cea62ea4b8830""]",EVENT_STREAM_JACCARD
NR-000253,DOWN,30m,9,0.95,COMP|T4_REGIME_ANCHOR_TRANSITION|DOWN|1798d67924316a8e,"[""COMP|T3_ANCHOR_TRANSITION|DOWN|2313d755a4d29863"", ""COMP|T4_REGIME_ANCHOR_TRANSITION|DOWN|3c44e7faa3039b27"", ""COMP|T4_REGIME_ANCHOR_TRANSITION|DOWN|4b5ce41436870703"", ""COMP|T4_REGIME_ANCHOR_TRANSITION|DOWN|6744f2e4fdc679f1"", ""COMP|T4_REGIME_ANCHOR_TRANSITION|DOWN|79ed99ade17f0fe7"", ""COMP|T4_REGIME_ANCHOR_TRANSITION|DOWN|9052664417131da4"", ""COMP|T4_REGIME_ANCHOR_TRANSITION|DOWN|a0882187c7d31271"", ""COMP|T4_REGIME_ANCHOR_TRANSITION|DOWN|fd0cf763e12eddaa""]","[""COMP|T3_ANCHOR_TRANSITION|DOWN|2313d755a4d29863"", ""COMP|T4_REGIME_ANCHOR_TRANSITION|DOWN|1798d67924316a8e"", ""COMP|T4_REGIME_ANCHOR_TRANSITION|DOWN|3c44e7faa3039b27"", ""COMP|T4_REGIME_ANCHOR_TRANSITION|DOWN|4b5ce41436870703"", ""COMP|T4_REGIME_ANCHOR_TRANSITION|DOWN|6744f2e4fdc679f1"", ""COMP|T4_REGIME_ANCHOR_TRANSITION|DOWN|79ed99ade17f0fe7"", ""COMP|T4_REGIME_ANCHOR_TRANSITION|DOWN|9052664417131da4"", ""COMP|T4_REGIME_ANCHOR_TRANSITION|DOWN|a0882187c7d31271"", ""COMP|T4_REGIME_ANCHOR_TRANSITION|DOWN|fd0cf763e12eddaa""]",EVENT_STREAM_JACCARD
NR-000254,DOWN,30m,9,0.95,COMP|T4_REGIME_ANCHOR_TRANSITION|DOWN|6afa5552f590555a,"[""COMP|T3_ANCHOR_TRANSITION|DOWN|413b47f82aec7d65"", ""COMP|T4_REGIME_ANCHOR_TRANSITION|DOWN|04bea39465430e99"", ""COMP|T4_REGIME_ANCHOR_TRANSITION|DOWN|1830e5551325cb4f"", ""COMP|T4_REGIME_ANCHOR_TRANSITION|DOWN|1da3f151f13b2bc5"", ""COMP|T4_REGIME_ANCHOR_TRANSITION|DOWN|336170ae87794484"", ""COMP|T4_REGIME_ANCHOR_TRANSITION|DOWN|4b99319793f22d9f"", ""COMP|T4_REGIME_ANCHOR_TRANSITION|DOWN|4e275c066faa9c17"", ""COMP|T4_REGIME_ANCHOR_TRANSITION|DOWN|9e359dbe19c99474""]","[""COMP|T3_ANCHOR_TRANSITION|DOWN|413b47f82aec7d65"", ""COMP|T4_REGIME_ANCHOR_TRANSITION|DOWN|04bea39465430e99"", ""COMP|T4_REGIME_ANCHOR_TRANSITION|DOWN|1830e5551325cb4f"", ""COMP|T4_REGIME_ANCHOR_TRANSITION|DOWN|1da3f151f13b2bc5"", ""COMP|T4_REGIME_ANCHOR_TRANSITION|DOWN|336170ae87794484"", ""COMP|T4_REGIME_ANCHOR_TRANSITION|DOWN|4b99319793f22d9f"", ""COMP|T4_REGIME_ANCHOR_TRANSITION|DOWN|4e275c066faa9c17"", ""COMP|T4_REGIME_ANCHOR_TRANSITION|DOWN|6afa5552f590555a"", ""COMP|T4_REGIME_ANCHOR_TRANSITION|DOWN|9e359dbe19c99474""]",EVENT_STREAM_JACCARD
NR-000255,DOWN,30m,8,0.95,COMP|T4_REGIME_ANCHOR_TRANSITION|DOWN|1ac4b91de0488528,"[""COMP|T3_ANCHOR_TRANSITION|DOWN|9abbf5c49b7afbba"", ""COMP|T4_REGIME_ANCHOR_TRANSITION|DOWN|3b9b4e591ad02581"", ""COMP|T4_REGIME_ANCHOR_TRANSITION|DOWN|6ac559c3d5dc284c"", ""COMP|T4_REGIME_ANCHOR_TRANSITION|DOWN|6f8468bfe8a0a26f"", ""COMP|T4_REGIME_ANCHOR_TRANSITION|DOWN|7caffbd0783cab4f"", ""COMP|T4_REGIME_ANCHOR_TRANSITION|DOWN|9005b5b1fed30d80"", ""COMP|T4_REGIME_ANCHOR_TRANSITION|DOWN|a4a3212ddc39affd""]","[""COMP|T3_ANCHOR_TRANSITION|DOWN|9abbf5c49b7afbba"", ""COMP|T4_REGIME_ANCHOR_TRANSITION|DOWN|1ac4b91de0488528"", ""COMP|T4_REGIME_ANCHOR_TRANSITION|DOWN|3b9b4e591ad02581"", ""COMP|T4_REGIME_ANCHOR_TRANSITION|DOWN|6ac559c3d5dc284c"", ""COMP|T4_REGIME_ANCHOR_TRANSITION|DOWN|6f8468bfe8a0a26f"", ""COMP|T4_REGIME_ANCHOR_TRANSITION|DOWN|7caffbd0783cab4f"", ""COMP|T4_REGIME_ANCHOR_TRANSITION|DOWN|9005b5b1fed30d80"", ""COMP|T4_REGIME_ANCHOR_TRANSITION|DOWN|a4a3212ddc39affd""]",EVENT_STREAM_JACCARD
NR-000256,DOWN,30m,2,0.95,COMP|T4_REGIME_ANCHOR_TRANSITION|DOWN|03555dcf8b6cba27,"[""COMP|T4_REGIME_ANCHOR_TRANSITION|DOWN|f6f127ee76540d9d""]","[""COMP|T4_REGIME_ANCHOR_TRANSITION|DOWN|03555dcf8b6cba27"", ""COMP|T4_REGIME_ANCHOR_TRANSITION|DOWN|f6f127ee76540d9d""]",EVENT_STREAM_JACCARD
NR-000257,DOWN,30m,9,0.95,COMP|T4_REGIME_ANCHOR_TRANSITION|DOWN|f5559b541699fe2c,"[""COMP|T3_ANCHOR_TRANSITION|DOWN|bc27b69070ecd19c"", ""COMP|T4_REGIME_ANCHOR_TRANSITION|DOWN|205e3956d813f160"", ""COMP|T4_REGIME_ANCHOR_TRANSITION|DOWN|24863cf5ce9b3b63"", ""COMP|T4_REGIME_ANCHOR_TRANSITION|DOWN|7e939c57ad940ee6"", ""COMP|T4_REGIME_ANCHOR_TRANSITION|DOWN|b148791b82d67c51"", ""COMP|T4_REGIME_ANCHOR_TRANSITION|DOWN|e555a5b86ea6b4ae"", ""COMP|T4_REGIME_ANCHOR_TRANSITION|DOWN|f2d4288aeb87872a"", ""COMP|T4_REGIME_ANCHOR_TRANSITION|DOWN|fb975b637e9fa4a3""]","[""COMP|T3_ANCHOR_TRANSITION|DOWN|bc27b69070ecd19c"", ""COMP|T4_REGIME_ANCHOR_TRANSITION|DOWN|205e3956d813f160"", ""COMP|T4_REGIME_ANCHOR_TRANSITION|DOWN|24863cf5ce9b3b63"", ""COMP|T4_REGIME_ANCHOR_TRANSITION|DOWN|7e939c57ad940ee6"", ""COMP|T4_REGIME_ANCHOR_TRANSITION|DOWN|b148791b82d67c51"", ""COMP|T4_REGIME_ANCHOR_TRANSITION|DOWN|e555a5b86ea6b4ae"", ""COMP|T4_REGIME_ANCHOR_TRANSITION|DOWN|f2d4288aeb87872a"", ""COMP|T4_REGIME_ANCHOR_TRANSITION|DOWN|f5559b541699fe2c"", ""COMP|T4_REGIME_ANCHOR_TRANSITION|DOWN|fb975b637e9fa4a3""]",EVENT_STREAM_JACCARD
NR-000258,DOWN,30m,2,0.95,COMP|T4_REGIME_ANCHOR_TRANSITION|DOWN|d8eeaca6ac5ada38,"[""COMP|T4_REGIME_ANCHOR_TRANSITION|DOWN|bc41f3a775fc241f""]","[""COMP|T4_REGIME_ANCHOR_TRANSITION|DOWN|bc41f3a775fc241f"", ""COMP|T4_REGIME_ANCHOR_TRANSITION|DOWN|d8eeaca6ac5ada38""]",EVENT_STREAM_JACCARD
NR-000259,DOWN,30m,2,0.95,COMP|T4_REGIME_ANCHOR_TRANSITION|DOWN|2c0e7e3c3539565c,"[""COMP|T4_REGIME_ANCHOR_TRANSITION|DOWN|82571d76040026b8""]","[""COMP|T4_REGIME_ANCHOR_TRANSITION|DOWN|2c0e7e3c3539565c"", ""COMP|T4_REGIME_ANCHOR_TRANSITION|DOWN|82571d76040026b8""]",EVENT_STREAM_JACCARD
NR-000260,DOWN,30m,9,0.95,COMP|T4_REGIME_ANCHOR_TRANSITION|DOWN|6f484cc00335ff94,"[""COMP|T3_ANCHOR_TRANSITION|DOWN|c3582737b29deb1b"", ""COMP|T4_REGIME_ANCHOR_TRANSITION|DOWN|062d458e6b0b2d2f"", ""COMP|T4_REGIME_ANCHOR_TRANSITION|DOWN|2b61c7b99d855a0d"", ""COMP|T4_REGIME_ANCHOR_TRANSITION|DOWN|9bb028bc1d972f56"", ""COMP|T4_REGIME_ANCHOR_TRANSITION|DOWN|b6e715aa5476fc21"", ""COMP|T4_REGIME_ANCHOR_TRANSITION|DOWN|bc504c8ed3ff3211"", ""COMP|T4_REGIME_ANCHOR_TRANSITION|DOWN|d0eea70898f47fba"", ""COMP|T4_REGIME_ANCHOR_TRANSITION|DOWN|d4c9085f09505ae3""]","[""COMP|T3_ANCHOR_TRANSITION|DOWN|c3582737b29deb1b"", ""COMP|T4_REGIME_ANCHOR_TRANSITION|DOWN|062d458e6b0b2d2f"", ""COMP|T4_REGIME_ANCHOR_TRANSITION|DOWN|2b61c7b99d855a0d"", ""COMP|T4_REGIME_ANCHOR_TRANSITION|DOWN|6f484cc00335ff94"", ""COMP|T4_REGIME_ANCHOR_TRANSITION|DOWN|9bb028bc1d972f56"", ""COMP|T4_REGIME_ANCHOR_TRANSITION|DOWN|b6e715aa5476fc21"", ""COMP|T4_REGIME_ANCHOR_TRANSITION|DOWN|bc504c8ed3ff3211"", ""COMP|T4_REGIME_ANCHOR_TRANSITION|DOWN|d0eea70898f47fba"", ""COMP|T4_REGIME_ANCHOR_TRANSITION|DOWN|d4c9085f09505ae3""]",EVENT_STREAM_JACCARD
NR-000261,DOWN,30m,9,0.95,COMP|T4_REGIME_ANCHOR_TRANSITION|DOWN|285451d6481d4380,"[""COMP|T3_ANCHOR_TRANSITION|DOWN|72eff1bc958c8014"", ""COMP|T4_REGIME_ANCHOR_TRANSITION|DOWN|1d66931f2e824879"", ""COMP|T4_REGIME_ANCHOR_TRANSITION|DOWN|4737f0930c7dc57f"", ""COMP|T4_REGIME_ANCHOR_TRANSITION|DOWN|51b22bb0326ebaa4"", ""COMP|T4_REGIME_ANCHOR_TRANSITION|DOWN|5b9ba5e7ddd07a2c"", ""COMP|T4_REGIME_ANCHOR_TRANSITION|DOWN|9a37d88e4ea63adb"", ""COMP|T4_REGIME_ANCHOR_TRANSITION|DOWN|a5bb24d1d83aca11"", ""COMP|T4_REGIME_ANCHOR_TRANSITION|DOWN|b0da2935fb00c812""]","[""COMP|T3_ANCHOR_TRANSITION|DOWN|72eff1bc958c8014"", ""COMP|T4_REGIME_ANCHOR_TRANSITION|DOWN|1d66931f2e824879"", ""COMP|T4_REGIME_ANCHOR_TRANSITION|DOWN|285451d6481d4380"", ""COMP|T4_REGIME_ANCHOR_TRANSITION|DOWN|4737f0930c7dc57f"", ""COMP|T4_REGIME_ANCHOR_TRANSITION|DOWN|51b22bb0326ebaa4"", ""COMP|T4_REGIME_ANCHOR_TRANSITION|DOWN|5b9ba5e7ddd07a2c"", ""COMP|T4_REGIME_ANCHOR_TRANSITION|DOWN|9a37d88e4ea63adb"", ""COMP|T4_REGIME_ANCHOR_TRANSITION|DOWN|a5bb24d1d83aca11"", ""COMP|T4_REGIME_ANCHOR_TRANSITION|DOWN|b0da2935fb00c812""]",EVENT_STREAM_JACCARD
NR-000262,DOWN,30m,11,0.95,COMP|T4_REGIME_ANCHOR_TRANSITION|DOWN|7ced8cd36d687ac3,"[""COMP|T3_ANCHOR_TRANSITION|DOWN|3b8543fe203b7b01"", ""COMP|T4_REGIME_ANCHOR_TRANSITION|DOWN|03e6cc2fae795701"", ""COMP|T4_REGIME_ANCHOR_TRANSITION|DOWN|50f769790277be33"", ""COMP|T4_REGIME_ANCHOR_TRANSITION|DOWN|6dbcfbc01a469545"", ""COMP|T4_REGIME_ANCHOR_TRANSITION|DOWN|985e39ec7c1b65c7"", ""COMP|T4_REGIME_ANCHOR_TRANSITION|DOWN|c2d8e00bb9b46a56"", ""COMP|T4_REGIME_ANCHOR_TRANSITION|DOWN|d69b4f493818f2af"", ""COMP|T4_REGIME_ANCHOR_TRANSITION|DOWN|df3ccd2b5467fcad"", ""COMP|T4_REGIME_ANCHOR_TRANSITION|DOWN|e521df887db64c8b"", ""COMP|T4_REGIME_ANCHOR_TRANSITION|DOWN|f8851ae0eec1d90a""]","[""COMP|T3_ANCHOR_TRANSITION|DOWN|3b8543fe203b7b01"", ""COMP|T4_REGIME_ANCHOR_TRANSITION|DOWN|03e6cc2fae795701"", ""COMP|T4_REGIME_ANCHOR_TRANSITION|DOWN|50f769790277be33"", ""COMP|T4_REGIME_ANCHOR_TRANSITION|DOWN|6dbcfbc01a469545"", ""COMP|T4_REGIME_ANCHOR_TRANSITION|DOWN|7ced8cd36d687ac3"", ""COMP|T4_REGIME_ANCHOR_TRANSITION|DOWN|985e39ec7c1b65c7"", ""COMP|T4_REGIME_ANCHOR_TRANSITION|DOWN|c2d8e00bb9b46a56"", ""COMP|T4_REGIME_ANCHOR_TRANSITION|DOWN|d69b4f493818f2af"", ""COMP|T4_REGIME_ANCHOR_TRANSITION|DOWN|df3ccd2b5467fcad"", ""COMP|T4_REGIME_ANCHOR_TRANSITION|DOWN|e521df887db64c8b"", ""COMP|T4_REGIME_ANCHOR_TRANSITION|DOWN|f8851ae0eec1d90a""]",EVENT_STREAM_JACCARD
NR-000263,DOWN,30m,8,0.95,COMP|T4_REGIME_ANCHOR_TRANSITION|DOWN|2c83b2d455eb1a78,"[""COMP|T3_ANCHOR_TRANSITION|DOWN|51f619b4bc89a136"", ""COMP|T4_REGIME_ANCHOR_TRANSITION|DOWN|00c09e49d4c077e2"", ""COMP|T4_REGIME_ANCHOR_TRANSITION|DOWN|28c9a12f65602a8c"", ""COMP|T4_REGIME_ANCHOR_TRANSITION|DOWN|388f987924d482e8"", ""COMP|T4_REGIME_ANCHOR_TRANSITION|DOWN|628be9b8444fa07e"", ""COMP|T4_REGIME_ANCHOR_TRANSITION|DOWN|77965010d87f65c8"", ""COMP|T4_REGIME_ANCHOR_TRANSITION|DOWN|daa66257e3f77ca2""]","[""COMP|T3_ANCHOR_TRANSITION|DOWN|51f619b4bc89a136"", ""COMP|T4_REGIME_ANCHOR_TRANSITION|DOWN|00c09e49d4c077e2"", ""COMP|T4_REGIME_ANCHOR_TRANSITION|DOWN|28c9a12f65602a8c"", ""COMP|T4_REGIME_ANCHOR_TRANSITION|DOWN|2c83b2d455eb1a78"", ""COMP|T4_REGIME_ANCHOR_TRANSITION|DOWN|388f987924d482e8"", ""COMP|T4_REGIME_ANCHOR_TRANSITION|DOWN|628be9b8444fa07e"", ""COMP|T4_REGIME_ANCHOR_TRANSITION|DOWN|77965010d87f65c8"", ""COMP|T4_REGIME_ANCHOR_TRANSITION|DOWN|daa66257e3f77ca2""]",EVENT_STREAM_JACCARD
NR-000264,DOWN,30m,9,0.95,COMP|T4_REGIME_ANCHOR_TRANSITION|DOWN|6a550c3994bf600a,"[""COMP|T3_ANCHOR_TRANSITION|DOWN|f4aa9a46b9c8123d"", ""COMP|T4_REGIME_ANCHOR_TRANSITION|DOWN|1fdc8bd1811ad0f9"", ""COMP|T4_REGIME_ANCHOR_TRANSITION|DOWN|27e03cc314e312f2"", ""COMP|T4_REGIME_ANCHOR_TRANSITION|DOWN|5a08b283c5005d0e"", ""COMP|T4_REGIME_ANCHOR_TRANSITION|DOWN|713f3bdd05a3bf64"", ""COMP|T4_REGIME_ANCHOR_TRANSITION|DOWN|85161af43bb6533c"", ""COMP|T4_REGIME_ANCHOR_TRANSITION|DOWN|b9bbeb31dfb5f9d1"", ""COMP|T4_REGIME_ANCHOR_TRANSITION|DOWN|e17310599b5ac04c""]","[""COMP|T3_ANCHOR_TRANSITION|DOWN|f4aa9a46b9c8123d"", ""COMP|T4_REGIME_ANCHOR_TRANSITION|DOWN|1fdc8bd1811ad0f9"", ""COMP|T4_REGIME_ANCHOR_TRANSITION|DOWN|27e03cc314e312f2"", ""COMP|T4_REGIME_ANCHOR_TRANSITION|DOWN|5a08b283c5005d0e"", ""COMP|T4_REGIME_ANCHOR_TRANSITION|DOWN|6a550c3994bf600a"", ""COMP|T4_REGIME_ANCHOR_TRANSITION|DOWN|713f3bdd05a3bf64"", ""COMP|T4_REGIME_ANCHOR_TRANSITION|DOWN|85161af43bb6533c"", ""COMP|T4_REGIME_ANCHOR_TRANSITION|DOWN|b9bbeb31dfb5f9d1"", ""COMP|T4_REGIME_ANCHOR_TRANSITION|DOWN|e17310599b5ac04c""]",EVENT_STREAM_JACCARD
NR-000265,DOWN,30m,2,0.95,COMP|T4_REGIME_ANCHOR_TRANSITION|DOWN|007ed68ed563025e,"[""COMP|T4_REGIME_ANCHOR_TRANSITION|DOWN|69110c1165e9048d""]","[""COMP|T4_REGIME_ANCHOR_TRANSITION|DOWN|007ed68ed563025e"", ""COMP|T4_REGIME_ANCHOR_TRANSITION|DOWN|69110c1165e9048d""]",EVENT_STREAM_JACCARD
NR-000266,DOWN,30m,10,0.95,COMP|T4_REGIME_ANCHOR_TRANSITION|DOWN|2440e09665c40545,"[""COMP|T3_ANCHOR_TRANSITION|DOWN|b57cca5bf7ef0bc3"", ""COMP|T4_REGIME_ANCHOR_TRANSITION|DOWN|0196b3eb8b518f65"", ""COMP|T4_REGIME_ANCHOR_TRANSITION|DOWN|21b4aca68ef8fead"", ""COMP|T4_REGIME_ANCHOR_TRANSITION|DOWN|35e16cd0fe4ac375"", ""COMP|T4_REGIME_ANCHOR_TRANSITION|DOWN|57ceeecd21a87c4b"", ""COMP|T4_REGIME_ANCHOR_TRANSITION|DOWN|6e46126649e44ca8"", ""COMP|T4_REGIME_ANCHOR_TRANSITION|DOWN|82d42da3aa2593ca"", ""COMP|T4_REGIME_ANCHOR_TRANSITION|DOWN|c6cca0a7d1ef40b0"", ""COMP|T4_REGIME_ANCHOR_TRANSITION|DOWN|f4be8ea168267542""]","[""COMP|T3_ANCHOR_TRANSITION|DOWN|b57cca5bf7ef0bc3"", ""COMP|T4_REGIME_ANCHOR_TRANSITION|DOWN|0196b3eb8b518f65"", ""COMP|T4_REGIME_ANCHOR_TRANSITION|DOWN|21b4aca68ef8fead"", ""COMP|T4_REGIME_ANCHOR_TRANSITION|DOWN|2440e09665c40545"", ""COMP|T4_REGIME_ANCHOR_TRANSITION|DOWN|35e16cd0fe4ac375"", ""COMP|T4_REGIME_ANCHOR_TRANSITION|DOWN|57ceeecd21a87c4b"", ""COMP|T4_REGIME_ANCHOR_TRANSITION|DOWN|6e46126649e44ca8"", ""COMP|T4_REGIME_ANCHOR_TRANSITION|DOWN|82d42da3aa2593ca"", ""COMP|T4_REGIME_ANCHOR_TRANSITION|DOWN|c6cca0a7d1ef40b0"", ""COMP|T4_REGIME_ANCHOR_TRANSITION|DOWN|f4be8ea168267542""]",EVENT_STREAM_JACCARD
NR-000267,DOWN,30m,10,0.95,COMP|T4_REGIME_ANCHOR_TRANSITION|DOWN|4cfc136913179724,"[""COMP|T3_ANCHOR_TRANSITION|DOWN|4291d22800f32896"", ""COMP|T4_REGIME_ANCHOR_TRANSITION|DOWN|03ace9af6e94a748"", ""COMP|T4_REGIME_ANCHOR_TRANSITION|DOWN|09820927e17dcbe5"", ""COMP|T4_REGIME_ANCHOR_TRANSITION|DOWN|17537d26bdc06493"", ""COMP|T4_REGIME_ANCHOR_TRANSITION|DOWN|39179391266ee261"", ""COMP|T4_REGIME_ANCHOR_TRANSITION|DOWN|93ced6fe63e5f767"", ""COMP|T4_REGIME_ANCHOR_TRANSITION|DOWN|9fabfbfcb228761d"", ""COMP|T4_REGIME_ANCHOR_TRANSITION|DOWN|c8ed64713b0939e2"", ""COMP|T4_REGIME_ANCHOR_TRANSITION|DOWN|cf18c2b2ca5a4171""]","[""COMP|T3_ANCHOR_TRANSITION|DOWN|4291d22800f32896"", ""COMP|T4_REGIME_ANCHOR_TRANSITION|DOWN|03ace9af6e94a748"", ""COMP|T4_REGIME_ANCHOR_TRANSITION|DOWN|09820927e17dcbe5"", ""COMP|T4_REGIME_ANCHOR_TRANSITION|DOWN|17537d26bdc06493"", ""COMP|T4_REGIME_ANCHOR_TRANSITION|DOWN|39179391266ee261"", ""COMP|T4_REGIME_ANCHOR_TRANSITION|DOWN|4cfc136913179724"", ""COMP|T4_REGIME_ANCHOR_TRANSITION|DOWN|93ced6fe63e5f767"", ""COMP|T4_REGIME_ANCHOR_TRANSITION|DOWN|9fabfbfcb228761d"", ""COMP|T4_REGIME_ANCHOR_TRANSITION|DOWN|c8ed64713b0939e2"", ""COMP|T4_REGIME_ANCHOR_TRANSITION|DOWN|cf18c2b2ca5a4171""]",EVENT_STREAM_JACCARD
NR-000268,DOWN,30m,2,0.95,COMP|T4_REGIME_ANCHOR_TRANSITION|DOWN|e1dfc3d67d0c9dd0,"[""COMP|T4_REGIME_ANCHOR_TRANSITION|DOWN|0d29b229e1c22f9d""]","[""COMP|T4_REGIME_ANCHOR_TRANSITION|DOWN|0d29b229e1c22f9d"", ""COMP|T4_REGIME_ANCHOR_TRANSITION|DOWN|e1dfc3d67d0c9dd0""]",EVENT_STREAM_JACCARD
NR-000269,DOWN,30m,8,0.95,COMP|T4_REGIME_ANCHOR_TRANSITION|DOWN|fa81a27f003b0368,"[""COMP|T3_ANCHOR_TRANSITION|DOWN|8e4b4f07dcee9f3c"", ""COMP|T4_REGIME_ANCHOR_TRANSITION|DOWN|3db211cce8b16728"", ""COMP|T4_REGIME_ANCHOR_TRANSITION|DOWN|580cd658a59ecbdf"", ""COMP|T4_REGIME_ANCHOR_TRANSITION|DOWN|b0e66e9a1da5cc93"", ""COMP|T4_REGIME_ANCHOR_TRANSITION|DOWN|bbe00a69bf935f56"", ""COMP|T4_REGIME_ANCHOR_TRANSITION|DOWN|e090bd6eb43cb6ca"", ""COMP|T4_REGIME_ANCHOR_TRANSITION|DOWN|e15557d208489986""]","[""COMP|T3_ANCHOR_TRANSITION|DOWN|8e4b4f07dcee9f3c"", ""COMP|T4_REGIME_ANCHOR_TRANSITION|DOWN|3db211cce8b16728"", ""COMP|T4_REGIME_ANCHOR_TRANSITION|DOWN|580cd658a59ecbdf"", ""COMP|T4_REGIME_ANCHOR_TRANSITION|DOWN|b0e66e9a1da5cc93"", ""COMP|T4_REGIME_ANCHOR_TRANSITION|DOWN|bbe00a69bf935f56"", ""COMP|T4_REGIME_ANCHOR_TRANSITION|DOWN|e090bd6eb43cb6ca"", ""COMP|T4_REGIME_ANCHOR_TRANSITION|DOWN|e15557d208489986"", ""COMP|T4_REGIME_ANCHOR_TRANSITION|DOWN|fa81a27f003b0368""]",EVENT_STREAM_JACCARD
NR-000270,DOWN,30m,9,0.95,COMP|T4_REGIME_ANCHOR_TRANSITION|DOWN|a11d07b46a96a58a,"[""COMP|T3_ANCHOR_TRANSITION|DOWN|834314a5c942968a"", ""COMP|T4_REGIME_ANCHOR_TRANSITION|DOWN|3aa8702cc7ffe30f"", ""COMP|T4_REGIME_ANCHOR_TRANSITION|DOWN|64ce45d2c3e3d793"", ""COMP|T4_REGIME_ANCHOR_TRANSITION|DOWN|8e483c3934a504bc"", ""COMP|T4_REGIME_ANCHOR_TRANSITION|DOWN|92a94a5fe5352d62"", ""COMP|T4_REGIME_ANCHOR_TRANSITION|DOWN|a9ca5252b0f509b9"", ""COMP|T4_REGIME_ANCHOR_TRANSITION|DOWN|b13af996f72a5b3e"", ""COMP|T4_REGIME_ANCHOR_TRANSITION|DOWN|fdebf05c445d76f5""]","[""COMP|T3_ANCHOR_TRANSITION|DOWN|834314a5c942968a"", ""COMP|T4_REGIME_ANCHOR_TRANSITION|DOWN|3aa8702cc7ffe30f"", ""COMP|T4_REGIME_ANCHOR_TRANSITION|DOWN|64ce45d2c3e3d793"", ""COMP|T4_REGIME_ANCHOR_TRANSITION|DOWN|8e483c3934a504bc"", ""COMP|T4_REGIME_ANCHOR_TRANSITION|DOWN|92a94a5fe5352d62"", ""COMP|T4_REGIME_ANCHOR_TRANSITION|DOWN|a11d07b46a96a58a"", ""COMP|T4_REGIME_ANCHOR_TRANSITION|DOWN|a9ca5252b0f509b9"", ""COMP|T4_REGIME_ANCHOR_TRANSITION|DOWN|b13af996f72a5b3e"", ""COMP|T4_REGIME_ANCHOR_TRANSITION|DOWN|fdebf05c445d76f5""]",EVENT_STREAM_JACCARD
NR-000271,DOWN,30m,8,0.95,COMP|T4_REGIME_ANCHOR_TRANSITION|DOWN|d963a4336f53d4da,"[""COMP|T3_ANCHOR_TRANSITION|DOWN|99ec3c9a2a10f709"", ""COMP|T4_REGIME_ANCHOR_TRANSITION|DOWN|01c7c085967b6af7"", ""COMP|T4_REGIME_ANCHOR_TRANSITION|DOWN|1b219bab3475395d"", ""COMP|T4_REGIME_ANCHOR_TRANSITION|DOWN|29002c172fced0fa"", ""COMP|T4_REGIME_ANCHOR_TRANSITION|DOWN|42541a30ee8e2db7"", ""COMP|T4_REGIME_ANCHOR_TRANSITION|DOWN|6f6c87212e1bf535"", ""COMP|T4_REGIME_ANCHOR_TRANSITION|DOWN|9a78713e7d1a6391""]","[""COMP|T3_ANCHOR_TRANSITION|DOWN|99ec3c9a2a10f709"", ""COMP|T4_REGIME_ANCHOR_TRANSITION|DOWN|01c7c085967b6af7"", ""COMP|T4_REGIME_ANCHOR_TRANSITION|DOWN|1b219bab3475395d"", ""COMP|T4_REGIME_ANCHOR_TRANSITION|DOWN|29002c172fced0fa"", ""COMP|T4_REGIME_ANCHOR_TRANSITION|DOWN|42541a30ee8e2db7"", ""COMP|T4_REGIME_ANCHOR_TRANSITION|DOWN|6f6c87212e1bf535"", ""COMP|T4_REGIME_ANCHOR_TRANSITION|DOWN|9a78713e7d1a6391"", ""COMP|T4_REGIME_ANCHOR_TRANSITION|DOWN|d963a4336f53d4da""]",EVENT_STREAM_JACCARD
NR-000272,DOWN,30m,10,0.95,COMP|T4_REGIME_ANCHOR_TRANSITION|DOWN|f9a09e82d4022121,"[""COMP|T3_ANCHOR_TRANSITION|DOWN|67105fb429933be1"", ""COMP|T4_REGIME_ANCHOR_TRANSITION|DOWN|065ca04a73bd2744"", ""COMP|T4_REGIME_ANCHOR_TRANSITION|DOWN|1b9a2994c3280536"", ""COMP|T4_REGIME_ANCHOR_TRANSITION|DOWN|55f8b9b18959433e"", ""COMP|T4_REGIME_ANCHOR_TRANSITION|DOWN|6509df59e120a180"", ""COMP|T4_REGIME_ANCHOR_TRANSITION|DOWN|7f4200cd5d848e8c"", ""COMP|T4_REGIME_ANCHOR_TRANSITION|DOWN|97fe58f8fcbcbed4"", ""COMP|T4_REGIME_ANCHOR_TRANSITION|DOWN|a102158ff4dbb295"", ""COMP|T4_REGIME_ANCHOR_TRANSITION|DOWN|a1d362dca005e6a1""]","[""COMP|T3_ANCHOR_TRANSITION|DOWN|67105fb429933be1"", ""COMP|T4_REGIME_ANCHOR_TRANSITION|DOWN|065ca04a73bd2744"", ""COMP|T4_REGIME_ANCHOR_TRANSITION|DOWN|1b9a2994c3280536"", ""COMP|T4_REGIME_ANCHOR_TRANSITION|DOWN|55f8b9b18959433e"", ""COMP|T4_REGIME_ANCHOR_TRANSITION|DOWN|6509df59e120a180"", ""COMP|T4_REGIME_ANCHOR_TRANSITION|DOWN|7f4200cd5d848e8c"", ""COMP|T4_REGIME_ANCHOR_TRANSITION|DOWN|97fe58f8fcbcbed4"", ""COMP|T4_REGIME_ANCHOR_TRANSITION|DOWN|a102158ff4dbb295"", ""COMP|T4_REGIME_ANCHOR_TRANSITION|DOWN|a1d362dca005e6a1"", ""COMP|T4_REGIME_ANCHOR_TRANSITION|DOWN|f9a09e82d4022121""]",EVENT_STREAM_JACCARD
NR-000273,DOWN,30m,2,0.95,COMP|T4_REGIME_ANCHOR_TRANSITION|DOWN|d5c503b6e1007a06,"[""COMP|T4_REGIME_ANCHOR_TRANSITION|DOWN|ef57c41b75aac845""]","[""COMP|T4_REGIME_ANCHOR_TRANSITION|DOWN|d5c503b6e1007a06"", ""COMP|T4_REGIME_ANCHOR_TRANSITION|DOWN|ef57c41b75aac845""]",EVENT_STREAM_JACCARD
NR-000274,DOWN,30m,9,0.95,COMP|T4_REGIME_ANCHOR_TRANSITION|DOWN|f4b64f9a4064dc7a,"[""COMP|T3_ANCHOR_TRANSITION|DOWN|886fc7e510b8fe66"", ""COMP|T4_REGIME_ANCHOR_TRANSITION|DOWN|05a371539b1d727a"", ""COMP|T4_REGIME_ANCHOR_TRANSITION|DOWN|0a63dc4a9a8da6ca"", ""COMP|T4_REGIME_ANCHOR_TRANSITION|DOWN|193fff2a0c829852"", ""COMP|T4_REGIME_ANCHOR_TRANSITION|DOWN|29fdb8d14bd8cd40"", ""COMP|T4_REGIME_ANCHOR_TRANSITION|DOWN|44c29bc4f194e40e"", ""COMP|T4_REGIME_ANCHOR_TRANSITION|DOWN|6f7977092cfad705"", ""COMP|T4_REGIME_ANCHOR_TRANSITION|DOWN|cff3a30e45aef3ea""]","[""COMP|T3_ANCHOR_TRANSITION|DOWN|886fc7e510b8fe66"", ""COMP|T4_REGIME_ANCHOR_TRANSITION|DOWN|05a371539b1d727a"", ""COMP|T4_REGIME_ANCHOR_TRANSITION|DOWN|0a63dc4a9a8da6ca"", ""COMP|T4_REGIME_ANCHOR_TRANSITION|DOWN|193fff2a0c829852"", ""COMP|T4_REGIME_ANCHOR_TRANSITION|DOWN|29fdb8d14bd8cd40"", ""COMP|T4_REGIME_ANCHOR_TRANSITION|DOWN|44c29bc4f194e40e"", ""COMP|T4_REGIME_ANCHOR_TRANSITION|DOWN|6f7977092cfad705"", ""COMP|T4_REGIME_ANCHOR_TRANSITION|DOWN|cff3a30e45aef3ea"", ""COMP|T4_REGIME_ANCHOR_TRANSITION|DOWN|f4b64f9a4064dc7a""]",EVENT_STREAM_JACCARD
NR-000275,DOWN,30m,7,0.95,COMP|T4_REGIME_ANCHOR_TRANSITION|DOWN|4e7976e2b7cdd061,"[""COMP|T3_ANCHOR_TRANSITION|DOWN|ade11e16c9bb4cbf"", ""COMP|T4_REGIME_ANCHOR_TRANSITION|DOWN|18f9bcb63424a128"", ""COMP|T4_REGIME_ANCHOR_TRANSITION|DOWN|521cbece663e0e11"", ""COMP|T4_REGIME_ANCHOR_TRANSITION|DOWN|d4ab7e9c65b610b4"", ""COMP|T4_REGIME_ANCHOR_TRANSITION|DOWN|f4cff7dde6669753"", ""COMP|T4_REGIME_ANCHOR_TRANSITION|DOWN|f7611b463da07932""]","[""COMP|T3_ANCHOR_TRANSITION|DOWN|ade11e16c9bb4cbf"", ""COMP|T4_REGIME_ANCHOR_TRANSITION|DOWN|18f9bcb63424a128"", ""COMP|T4_REGIME_ANCHOR_TRANSITION|DOWN|4e7976e2b7cdd061"", ""COMP|T4_REGIME_ANCHOR_TRANSITION|DOWN|521cbece663e0e11"", ""COMP|T4_REGIME_ANCHOR_TRANSITION|DOWN|d4ab7e9c65b610b4"", ""COMP|T4_REGIME_ANCHOR_TRANSITION|DOWN|f4cff7dde6669753"", ""COMP|T4_REGIME_ANCHOR_TRANSITION|DOWN|f7611b463da07932""]",EVENT_STREAM_JACCARD
NR-000276,DOWN,30m,9,0.95,COMP|T4_REGIME_ANCHOR_TRANSITION|DOWN|43f30e440015498a,"[""COMP|T3_ANCHOR_TRANSITION|DOWN|f4c3626774d72d61"", ""COMP|T4_REGIME_ANCHOR_TRANSITION|DOWN|653a36d79b0a22f2"", ""COMP|T4_REGIME_ANCHOR_TRANSITION|DOWN|723ad62111bfa9be"", ""COMP|T4_REGIME_ANCHOR_TRANSITION|DOWN|7bbba9842521da59"", ""COMP|T4_REGIME_ANCHOR_TRANSITION|DOWN|8f12e31b724bcc5d"", ""COMP|T4_REGIME_ANCHOR_TRANSITION|DOWN|a51ebd135b9a7841"", ""COMP|T4_REGIME_ANCHOR_TRANSITION|DOWN|caff85079a1af0e2"", ""COMP|T4_REGIME_ANCHOR_TRANSITION|DOWN|edf589930d45c3fc""]","[""COMP|T3_ANCHOR_TRANSITION|DOWN|f4c3626774d72d61"", ""COMP|T4_REGIME_ANCHOR_TRANSITION|DOWN|43f30e440015498a"", ""COMP|T4_REGIME_ANCHOR_TRANSITION|DOWN|653a36d79b0a22f2"", ""COMP|T4_REGIME_ANCHOR_TRANSITION|DOWN|723ad62111bfa9be"", ""COMP|T4_REGIME_ANCHOR_TRANSITION|DOWN|7bbba9842521da59"", ""COMP|T4_REGIME_ANCHOR_TRANSITION|DOWN|8f12e31b724bcc5d"", ""COMP|T4_REGIME_ANCHOR_TRANSITION|DOWN|a51ebd135b9a7841"", ""COMP|T4_REGIME_ANCHOR_TRANSITION|DOWN|caff85079a1af0e2"", ""COMP|T4_REGIME_ANCHOR_TRANSITION|DOWN|edf589930d45c3fc""]",EVENT_STREAM_JACCARD
NR-000277,DOWN,30m,2,0.95,COMP|T4_REGIME_ANCHOR_TRANSITION|DOWN|ef88d949ff5774dc,"[""COMP|T4_REGIME_ANCHOR_TRANSITION|DOWN|0ea40f3e1e11748d""]","[""COMP|T4_REGIME_ANCHOR_TRANSITION|DOWN|0ea40f3e1e11748d"", ""COMP|T4_REGIME_ANCHOR_TRANSITION|DOWN|ef88d949ff5774dc""]",EVENT_STREAM_JACCARD
NR-000278,DOWN,30m,9,0.95,COMP|T4_REGIME_ANCHOR_TRANSITION|DOWN|54844da1ddd417ab,"[""COMP|T3_ANCHOR_TRANSITION|DOWN|6cd85423d5a3d137"", ""COMP|T4_REGIME_ANCHOR_TRANSITION|DOWN|05891a8afdcee9b4"", ""COMP|T4_REGIME_ANCHOR_TRANSITION|DOWN|53fbaff7001fa815"", ""COMP|T4_REGIME_ANCHOR_TRANSITION|DOWN|5eb36bc96973648c"", ""COMP|T4_REGIME_ANCHOR_TRANSITION|DOWN|5fad342f36e5bbae"", ""COMP|T4_REGIME_ANCHOR_TRANSITION|DOWN|972193e9289cf827"", ""COMP|T4_REGIME_ANCHOR_TRANSITION|DOWN|ea3728d3badcf161"", ""COMP|T4_REGIME_ANCHOR_TRANSITION|DOWN|fa04cd2092302f5c""]","[""COMP|T3_ANCHOR_TRANSITION|DOWN|6cd85423d5a3d137"", ""COMP|T4_REGIME_ANCHOR_TRANSITION|DOWN|05891a8afdcee9b4"", ""COMP|T4_REGIME_ANCHOR_TRANSITION|DOWN|53fbaff7001fa815"", ""COMP|T4_REGIME_ANCHOR_TRANSITION|DOWN|54844da1ddd417ab"", ""COMP|T4_REGIME_ANCHOR_TRANSITION|DOWN|5eb36bc96973648c"", ""COMP|T4_REGIME_ANCHOR_TRANSITION|DOWN|5fad342f36e5bbae"", ""COMP|T4_REGIME_ANCHOR_TRANSITION|DOWN|972193e9289cf827"", ""COMP|T4_REGIME_ANCHOR_TRANSITION|DOWN|ea3728d3badcf161"", ""COMP|T4_REGIME_ANCHOR_TRANSITION|DOWN|fa04cd2092302f5c""]",EVENT_STREAM_JACCARD
NR-000279,DOWN,30m,8,0.95,COMP|T4_REGIME_ANCHOR_TRANSITION|DOWN|d76203185b29474a,"[""COMP|T3_ANCHOR_TRANSITION|DOWN|63510976ae02a0c4"", ""COMP|T4_REGIME_ANCHOR_TRANSITION|DOWN|4747c9d5e03675e8"", ""COMP|T4_REGIME_ANCHOR_TRANSITION|DOWN|5e2646761a48eae3"", ""COMP|T4_REGIME_ANCHOR_TRANSITION|DOWN|823e2e7726131a12"", ""COMP|T4_REGIME_ANCHOR_TRANSITION|DOWN|8444c344857396a5"", ""COMP|T4_REGIME_ANCHOR_TRANSITION|DOWN|99788aa4a8274a90"", ""COMP|T4_REGIME_ANCHOR_TRANSITION|DOWN|bc92359c0e65a48f""]","[""COMP|T3_ANCHOR_TRANSITION|DOWN|63510976ae02a0c4"", ""COMP|T4_REGIME_ANCHOR_TRANSITION|DOWN|4747c9d5e03675e8"", ""COMP|T4_REGIME_ANCHOR_TRANSITION|DOWN|5e2646761a48eae3"", ""COMP|T4_REGIME_ANCHOR_TRANSITION|DOWN|823e2e7726131a12"", ""COMP|T4_REGIME_ANCHOR_TRANSITION|DOWN|8444c344857396a5"", ""COMP|T4_REGIME_ANCHOR_TRANSITION|DOWN|99788aa4a8274a90"", ""COMP|T4_REGIME_ANCHOR_TRANSITION|DOWN|bc92359c0e65a48f"", ""COMP|T4_REGIME_ANCHOR_TRANSITION|DOWN|d76203185b29474a""]",EVENT_STREAM_JACCARD
NR-000280,DOWN,30m,2,0.95,COMP|T4_REGIME_ANCHOR_TRANSITION|DOWN|3e44e0b319ae3791,"[""COMP|T4_REGIME_ANCHOR_TRANSITION|DOWN|89f064b7d693115f""]","[""COMP|T4_REGIME_ANCHOR_TRANSITION|DOWN|3e44e0b319ae3791"", ""COMP|T4_REGIME_ANCHOR_TRANSITION|DOWN|89f064b7d693115f""]",EVENT_STREAM_JACCARD
NR-000281,DOWN,30m,10,0.95,COMP|T4_REGIME_ANCHOR_TRANSITION|DOWN|8f40d2a7e2a357f1,"[""COMP|T3_ANCHOR_TRANSITION|DOWN|8e61d341c7a82c21"", ""COMP|T4_REGIME_ANCHOR_TRANSITION|DOWN|0ba67e91a4f4f6fd"", ""COMP|T4_REGIME_ANCHOR_TRANSITION|DOWN|246c69b2bc47fbc0"", ""COMP|T4_REGIME_ANCHOR_TRANSITION|DOWN|25ab48917395c799"", ""COMP|T4_REGIME_ANCHOR_TRANSITION|DOWN|2643473146e23b92"", ""COMP|T4_REGIME_ANCHOR_TRANSITION|DOWN|27af1b22c1ad51a5"", ""COMP|T4_REGIME_ANCHOR_TRANSITION|DOWN|b8b2269d8dfee4af"", ""COMP|T4_REGIME_ANCHOR_TRANSITION|DOWN|e0444baf156c4322"", ""COMP|T4_REGIME_ANCHOR_TRANSITION|DOWN|e303e66eb11ed226""]","[""COMP|T3_ANCHOR_TRANSITION|DOWN|8e61d341c7a82c21"", ""COMP|T4_REGIME_ANCHOR_TRANSITION|DOWN|0ba67e91a4f4f6fd"", ""COMP|T4_REGIME_ANCHOR_TRANSITION|DOWN|246c69b2bc47fbc0"", ""COMP|T4_REGIME_ANCHOR_TRANSITION|DOWN|25ab48917395c799"", ""COMP|T4_REGIME_ANCHOR_TRANSITION|DOWN|2643473146e23b92"", ""COMP|T4_REGIME_ANCHOR_TRANSITION|DOWN|27af1b22c1ad51a5"", ""COMP|T4_REGIME_ANCHOR_TRANSITION|DOWN|8f40d2a7e2a357f1"", ""COMP|T4_REGIME_ANCHOR_TRANSITION|DOWN|b8b2269d8dfee4af"", ""COMP|T4_REGIME_ANCHOR_TRANSITION|DOWN|e0444baf156c4322"", ""COMP|T4_REGIME_ANCHOR_TRANSITION|DOWN|e303e66eb11ed226""]",EVENT_STREAM_JACCARD
NR-000282,DOWN,30m,9,0.95,COMP|T4_REGIME_ANCHOR_TRANSITION|DOWN|9521b752dd31d2c6,"[""COMP|T3_ANCHOR_TRANSITION|DOWN|1d2c8e2bf7e16987"", ""COMP|T4_REGIME_ANCHOR_TRANSITION|DOWN|26a382dd1e77b2cf"", ""COMP|T4_REGIME_ANCHOR_TRANSITION|DOWN|4dafb7aae1c76610"", ""COMP|T4_REGIME_ANCHOR_TRANSITION|DOWN|6898e13006780658"", ""COMP|T4_REGIME_ANCHOR_TRANSITION|DOWN|8190e8f9c1f2b6b7"", ""COMP|T4_REGIME_ANCHOR_TRANSITION|DOWN|81ca87f407d3a80c"", ""COMP|T4_REGIME_ANCHOR_TRANSITION|DOWN|a3debad8f12d8ad8"", ""COMP|T4_REGIME_ANCHOR_TRANSITION|DOWN|a828861e746d0b00""]","[""COMP|T3_ANCHOR_TRANSITION|DOWN|1d2c8e2bf7e16987"", ""COMP|T4_REGIME_ANCHOR_TRANSITION|DOWN|26a382dd1e77b2cf"", ""COMP|T4_REGIME_ANCHOR_TRANSITION|DOWN|4dafb7aae1c76610"", ""COMP|T4_REGIME_ANCHOR_TRANSITION|DOWN|6898e13006780658"", ""COMP|T4_REGIME_ANCHOR_TRANSITION|DOWN|8190e8f9c1f2b6b7"", ""COMP|T4_REGIME_ANCHOR_TRANSITION|DOWN|81ca87f407d3a80c"", ""COMP|T4_REGIME_ANCHOR_TRANSITION|DOWN|9521b752dd31d2c6"", ""COMP|T4_REGIME_ANCHOR_TRANSITION|DOWN|a3debad8f12d8ad8"", ""COMP|T4_REGIME_ANCHOR_TRANSITION|DOWN|a828861e746d0b00""]",EVENT_STREAM_JACCARD
NR-000283,DOWN,30m,7,0.95,COMP|T4_REGIME_ANCHOR_TRANSITION|DOWN|def63979a74f145d,"[""COMP|T3_ANCHOR_TRANSITION|DOWN|c37827558ab1987c"", ""COMP|T4_REGIME_ANCHOR_TRANSITION|DOWN|6812c811a6746614"", ""COMP|T4_REGIME_ANCHOR_TRANSITION|DOWN|9c071c7a3a6e65ca"", ""COMP|T4_REGIME_ANCHOR_TRANSITION|DOWN|cdd8dc6dd2f5c90b"", ""COMP|T4_REGIME_ANCHOR_TRANSITION|DOWN|d8aab30f3a594f55"", ""COMP|T4_REGIME_ANCHOR_TRANSITION|DOWN|e936f5ae684c1a85""]","[""COMP|T3_ANCHOR_TRANSITION|DOWN|c37827558ab1987c"", ""COMP|T4_REGIME_ANCHOR_TRANSITION|DOWN|6812c811a6746614"", ""COMP|T4_REGIME_ANCHOR_TRANSITION|DOWN|9c071c7a3a6e65ca"", ""COMP|T4_REGIME_ANCHOR_TRANSITION|DOWN|cdd8dc6dd2f5c90b"", ""COMP|T4_REGIME_ANCHOR_TRANSITION|DOWN|d8aab30f3a594f55"", ""COMP|T4_REGIME_ANCHOR_TRANSITION|DOWN|def63979a74f145d"", ""COMP|T4_REGIME_ANCHOR_TRANSITION|DOWN|e936f5ae684c1a85""]",EVENT_STREAM_JACCARD
NR-000284,DOWN,30m,2,0.95,COMP|T4_REGIME_ANCHOR_TRANSITION|DOWN|6c991c83fac7e11c,"[""COMP|T4_REGIME_ANCHOR_TRANSITION|DOWN|aa1aa18453442cdc""]","[""COMP|T4_REGIME_ANCHOR_TRANSITION|DOWN|6c991c83fac7e11c"", ""COMP|T4_REGIME_ANCHOR_TRANSITION|DOWN|aa1aa18453442cdc""]",EVENT_STREAM_JACCARD
NR-000285,DOWN,30m,8,0.95,COMP|T4_REGIME_ANCHOR_TRANSITION|DOWN|24a7b0b16dfcb4a4,"[""COMP|T3_ANCHOR_TRANSITION|DOWN|c69d6dfdd77977d7"", ""COMP|T4_REGIME_ANCHOR_TRANSITION|DOWN|297f349e73c68c68"", ""COMP|T4_REGIME_ANCHOR_TRANSITION|DOWN|36b0b84b1db5bf0f"", ""COMP|T4_REGIME_ANCHOR_TRANSITION|DOWN|3ecddb98749b1b28"", ""COMP|T4_REGIME_ANCHOR_TRANSITION|DOWN|6af367c3e80ac59c"", ""COMP|T4_REGIME_ANCHOR_TRANSITION|DOWN|d5805201d38e9c0a"", ""COMP|T4_REGIME_ANCHOR_TRANSITION|DOWN|dc15a50a9adbb8d0""]","[""COMP|T3_ANCHOR_TRANSITION|DOWN|c69d6dfdd77977d7"", ""COMP|T4_REGIME_ANCHOR_TRANSITION|DOWN|24a7b0b16dfcb4a4"", ""COMP|T4_REGIME_ANCHOR_TRANSITION|DOWN|297f349e73c68c68"", ""COMP|T4_REGIME_ANCHOR_TRANSITION|DOWN|36b0b84b1db5bf0f"", ""COMP|T4_REGIME_ANCHOR_TRANSITION|DOWN|3ecddb98749b1b28"", ""COMP|T4_REGIME_ANCHOR_TRANSITION|DOWN|6af367c3e80ac59c"", ""COMP|T4_REGIME_ANCHOR_TRANSITION|DOWN|d5805201d38e9c0a"", ""COMP|T4_REGIME_ANCHOR_TRANSITION|DOWN|dc15a50a9adbb8d0""]",EVENT_STREAM_JACCARD
NR-000286,DOWN,30m,2,0.95,COMP|T4_REGIME_ANCHOR_TRANSITION|DOWN|12b5140b91907bfb,"[""COMP|T4_REGIME_ANCHOR_TRANSITION|DOWN|bee1a352fd4b0300""]","[""COMP|T4_REGIME_ANCHOR_TRANSITION|DOWN|12b5140b91907bfb"", ""COMP|T4_REGIME_ANCHOR_TRANSITION|DOWN|bee1a352fd4b0300""]",EVENT_STREAM_JACCARD
NR-000287,DOWN,30m,9,0.95,COMP|T4_REGIME_ANCHOR_TRANSITION|DOWN|aa69a3883f3fdd5b,"[""COMP|T3_ANCHOR_TRANSITION|DOWN|3c1af4a0c79efd6d"", ""COMP|T4_REGIME_ANCHOR_TRANSITION|DOWN|1561a2aaa6238f7e"", ""COMP|T4_REGIME_ANCHOR_TRANSITION|DOWN|2c80be8270e22e1c"", ""COMP|T4_REGIME_ANCHOR_TRANSITION|DOWN|5073c6620b71e165"", ""COMP|T4_REGIME_ANCHOR_TRANSITION|DOWN|61c30d66bdaa80de"", ""COMP|T4_REGIME_ANCHOR_TRANSITION|DOWN|9047f994fd31daf0"", ""COMP|T4_REGIME_ANCHOR_TRANSITION|DOWN|a2565606e7131e38"", ""COMP|T4_REGIME_ANCHOR_TRANSITION|DOWN|ab2566e0d1ffa5e4""]","[""COMP|T3_ANCHOR_TRANSITION|DOWN|3c1af4a0c79efd6d"", ""COMP|T4_REGIME_ANCHOR_TRANSITION|DOWN|1561a2aaa6238f7e"", ""COMP|T4_REGIME_ANCHOR_TRANSITION|DOWN|2c80be8270e22e1c"", ""COMP|T4_REGIME_ANCHOR_TRANSITION|DOWN|5073c6620b71e165"", ""COMP|T4_REGIME_ANCHOR_TRANSITION|DOWN|61c30d66bdaa80de"", ""COMP|T4_REGIME_ANCHOR_TRANSITION|DOWN|9047f994fd31daf0"", ""COMP|T4_REGIME_ANCHOR_TRANSITION|DOWN|a2565606e7131e38"", ""COMP|T4_REGIME_ANCHOR_TRANSITION|DOWN|aa69a3883f3fdd5b"", ""COMP|T4_REGIME_ANCHOR_TRANSITION|DOWN|ab2566e0d1ffa5e4""]",EVENT_STREAM_JACCARD
NR-000288,DOWN,30m,9,0.95,COMP|T4_REGIME_ANCHOR_TRANSITION|DOWN|3cfc3fb21ea116c2,"[""COMP|T3_ANCHOR_TRANSITION|DOWN|60c47a2899c32fcc"", ""COMP|T4_REGIME_ANCHOR_TRANSITION|DOWN|068379f99ffb097d"", ""COMP|T4_REGIME_ANCHOR_TRANSITION|DOWN|532d1fa32ed33cda"", ""COMP|T4_REGIME_ANCHOR_TRANSITION|DOWN|683f25d47ac2f368"", ""COMP|T4_REGIME_ANCHOR_TRANSITION|DOWN|8f749692a4820909"", ""COMP|T4_REGIME_ANCHOR_TRANSITION|DOWN|b6c8a6e4b2204e0e"", ""COMP|T4_REGIME_ANCHOR_TRANSITION|DOWN|d303a55a6eacf3e3"", ""COMP|T4_REGIME_ANCHOR_TRANSITION|DOWN|ddf0522bf853a861""]","[""COMP|T3_ANCHOR_TRANSITION|DOWN|60c47a2899c32fcc"", ""COMP|T4_REGIME_ANCHOR_TRANSITION|DOWN|068379f99ffb097d"", ""COMP|T4_REGIME_ANCHOR_TRANSITION|DOWN|3cfc3fb21ea116c2"", ""COMP|T4_REGIME_ANCHOR_TRANSITION|DOWN|532d1fa32ed33cda"", ""COMP|T4_REGIME_ANCHOR_TRANSITION|DOWN|683f25d47ac2f368"", ""COMP|T4_REGIME_ANCHOR_TRANSITION|DOWN|8f749692a4820909"", ""COMP|T4_REGIME_ANCHOR_TRANSITION|DOWN|b6c8a6e4b2204e0e"", ""COMP|T4_REGIME_ANCHOR_TRANSITION|DOWN|d303a55a6eacf3e3"", ""COMP|T4_REGIME_ANCHOR_TRANSITION|DOWN|ddf0522bf853a861""]",EVENT_STREAM_JACCARD
NR-000289,DOWN,30m,8,0.95,COMP|T4_REGIME_ANCHOR_TRANSITION|DOWN|db7dc9fe3af76729,"[""COMP|T3_ANCHOR_TRANSITION|DOWN|dab7119144cca014"", ""COMP|T4_REGIME_ANCHOR_TRANSITION|DOWN|01cd19331982f01c"", ""COMP|T4_REGIME_ANCHOR_TRANSITION|DOWN|40bac1386e414cbf"", ""COMP|T4_REGIME_ANCHOR_TRANSITION|DOWN|81cbbb79e7cc8d25"", ""COMP|T4_REGIME_ANCHOR_TRANSITION|DOWN|a6c2949315069217"", ""COMP|T4_REGIME_ANCHOR_TRANSITION|DOWN|b8c572f04074a627"", ""COMP|T4_REGIME_ANCHOR_TRANSITION|DOWN|e67c3ec3bc820731""]","[""COMP|T3_ANCHOR_TRANSITION|DOWN|dab7119144cca014"", ""COMP|T4_REGIME_ANCHOR_TRANSITION|DOWN|01cd19331982f01c"", ""COMP|T4_REGIME_ANCHOR_TRANSITION|DOWN|40bac1386e414cbf"", ""COMP|T4_REGIME_ANCHOR_TRANSITION|DOWN|81cbbb79e7cc8d25"", ""COMP|T4_REGIME_ANCHOR_TRANSITION|DOWN|a6c2949315069217"", ""COMP|T4_REGIME_ANCHOR_TRANSITION|DOWN|b8c572f04074a627"", ""COMP|T4_REGIME_ANCHOR_TRANSITION|DOWN|db7dc9fe3af76729"", ""COMP|T4_REGIME_ANCHOR_TRANSITION|DOWN|e67c3ec3bc820731""]",EVENT_STREAM_JACCARD
NR-000290,DOWN,30m,9,0.95,COMP|T4_REGIME_ANCHOR_TRANSITION|DOWN|c8464258e8b491e5,"[""COMP|T3_ANCHOR_TRANSITION|DOWN|3ffc4a27016444b7"", ""COMP|T4_REGIME_ANCHOR_TRANSITION|DOWN|0677d88c9f20224d"", ""COMP|T4_REGIME_ANCHOR_TRANSITION|DOWN|320424b6812a5e5d"", ""COMP|T4_REGIME_ANCHOR_TRANSITION|DOWN|5275bdd07fe57b56"", ""COMP|T4_REGIME_ANCHOR_TRANSITION|DOWN|547a76188a09c656"", ""COMP|T4_REGIME_ANCHOR_TRANSITION|DOWN|f56672c11fb7ae91"", ""COMP|T4_REGIME_ANCHOR_TRANSITION|DOWN|f94cf1ad2a83a39f"", ""COMP|T4_REGIME_ANCHOR_TRANSITION|DOWN|fce2c31f4765c32c""]","[""COMP|T3_ANCHOR_TRANSITION|DOWN|3ffc4a27016444b7"", ""COMP|T4_REGIME_ANCHOR_TRANSITION|DOWN|0677d88c9f20224d"", ""COMP|T4_REGIME_ANCHOR_TRANSITION|DOWN|320424b6812a5e5d"", ""COMP|T4_REGIME_ANCHOR_TRANSITION|DOWN|5275bdd07fe57b56"", ""COMP|T4_REGIME_ANCHOR_TRANSITION|DOWN|547a76188a09c656"", ""COMP|T4_REGIME_ANCHOR_TRANSITION|DOWN|c8464258e8b491e5"", ""COMP|T4_REGIME_ANCHOR_TRANSITION|DOWN|f56672c11fb7ae91"", ""COMP|T4_REGIME_ANCHOR_TRANSITION|DOWN|f94cf1ad2a83a39f"", ""COMP|T4_REGIME_ANCHOR_TRANSITION|DOWN|fce2c31f4765c32c""]",EVENT_STREAM_JACCARD
NR-000291,DOWN,30m,8,0.95,COMP|T4_REGIME_ANCHOR_TRANSITION|DOWN|5ff1e0d57ee6a23b,"[""COMP|T3_ANCHOR_TRANSITION|DOWN|14171a2af3233436"", ""COMP|T4_REGIME_ANCHOR_TRANSITION|DOWN|117dff8a20fe422e"", ""COMP|T4_REGIME_ANCHOR_TRANSITION|DOWN|175545887c805947"", ""COMP|T4_REGIME_ANCHOR_TRANSITION|DOWN|2b76eab70b77206c"", ""COMP|T4_REGIME_ANCHOR_TRANSITION|DOWN|4cfaf11634aab3b0"", ""COMP|T4_REGIME_ANCHOR_TRANSITION|DOWN|dfa0c490fec756a5"", ""COMP|T4_REGIME_ANCHOR_TRANSITION|DOWN|f774835da761447c""]","[""COMP|T3_ANCHOR_TRANSITION|DOWN|14171a2af3233436"", ""COMP|T4_REGIME_ANCHOR_TRANSITION|DOWN|117dff8a20fe422e"", ""COMP|T4_REGIME_ANCHOR_TRANSITION|DOWN|175545887c805947"", ""COMP|T4_REGIME_ANCHOR_TRANSITION|DOWN|2b76eab70b77206c"", ""COMP|T4_REGIME_ANCHOR_TRANSITION|DOWN|4cfaf11634aab3b0"", ""COMP|T4_REGIME_ANCHOR_TRANSITION|DOWN|5ff1e0d57ee6a23b"", ""COMP|T4_REGIME_ANCHOR_TRANSITION|DOWN|dfa0c490fec756a5"", ""COMP|T4_REGIME_ANCHOR_TRANSITION|DOWN|f774835da761447c""]",EVENT_STREAM_JACCARD
NR-000292,DOWN,30m,9,0.95,COMP|T4_REGIME_ANCHOR_TRANSITION|DOWN|6c70ace64888143a,"[""COMP|T3_ANCHOR_TRANSITION|DOWN|7affac60951f7e09"", ""COMP|T4_REGIME_ANCHOR_TRANSITION|DOWN|17367edf79c806e5"", ""COMP|T4_REGIME_ANCHOR_TRANSITION|DOWN|4b601b2482e3b5ee"", ""COMP|T4_REGIME_ANCHOR_TRANSITION|DOWN|4e7dda58a85ab4c3"", ""COMP|T4_REGIME_ANCHOR_TRANSITION|DOWN|4e918e0780bb4dd4"", ""COMP|T4_REGIME_ANCHOR_TRANSITION|DOWN|74be813917a2d417"", ""COMP|T4_REGIME_ANCHOR_TRANSITION|DOWN|8bb1cbc900c0e65f"", ""COMP|T4_REGIME_ANCHOR_TRANSITION|DOWN|9e0e57bc97dae0fd""]","[""COMP|T3_ANCHOR_TRANSITION|DOWN|7affac60951f7e09"", ""COMP|T4_REGIME_ANCHOR_TRANSITION|DOWN|17367edf79c806e5"", ""COMP|T4_REGIME_ANCHOR_TRANSITION|DOWN|4b601b2482e3b5ee"", ""COMP|T4_REGIME_ANCHOR_TRANSITION|DOWN|4e7dda58a85ab4c3"", ""COMP|T4_REGIME_ANCHOR_TRANSITION|DOWN|4e918e0780bb4dd4"", ""COMP|T4_REGIME_ANCHOR_TRANSITION|DOWN|6c70ace64888143a"", ""COMP|T4_REGIME_ANCHOR_TRANSITION|DOWN|74be813917a2d417"", ""COMP|T4_REGIME_ANCHOR_TRANSITION|DOWN|8bb1cbc900c0e65f"", ""COMP|T4_REGIME_ANCHOR_TRANSITION|DOWN|9e0e57bc97dae0fd""]",EVENT_STREAM_JACCARD
NR-000293,DOWN,30m,9,0.95,COMP|T4_REGIME_ANCHOR_TRANSITION|DOWN|d1cb175b10044c7a,"[""COMP|T3_ANCHOR_TRANSITION|DOWN|e7d0a8cf02bba69b"", ""COMP|T4_REGIME_ANCHOR_TRANSITION|DOWN|037098c932d80063"", ""COMP|T4_REGIME_ANCHOR_TRANSITION|DOWN|1690204bb4a53a5b"", ""COMP|T4_REGIME_ANCHOR_TRANSITION|DOWN|3f4b7dbaadf2e4ac"", ""COMP|T4_REGIME_ANCHOR_TRANSITION|DOWN|4e237093ffeaf7d9"", ""COMP|T4_REGIME_ANCHOR_TRANSITION|DOWN|726f401c49d66856"", ""COMP|T4_REGIME_ANCHOR_TRANSITION|DOWN|d53a42cf9c814bde"", ""COMP|T4_REGIME_ANCHOR_TRANSITION|DOWN|f559352e69984abe""]","[""COMP|T3_ANCHOR_TRANSITION|DOWN|e7d0a8cf02bba69b"", ""COMP|T4_REGIME_ANCHOR_TRANSITION|DOWN|037098c932d80063"", ""COMP|T4_REGIME_ANCHOR_TRANSITION|DOWN|1690204bb4a53a5b"", ""COMP|T4_REGIME_ANCHOR_TRANSITION|DOWN|3f4b7dbaadf2e4ac"", ""COMP|T4_REGIME_ANCHOR_TRANSITION|DOWN|4e237093ffeaf7d9"", ""COMP|T4_REGIME_ANCHOR_TRANSITION|DOWN|726f401c49d66856"", ""COMP|T4_REGIME_ANCHOR_TRANSITION|DOWN|d1cb175b10044c7a"", ""COMP|T4_REGIME_ANCHOR_TRANSITION|DOWN|d53a42cf9c814bde"", ""COMP|T4_REGIME_ANCHOR_TRANSITION|DOWN|f559352e69984abe""]",EVENT_STREAM_JACCARD
NR-000294,DOWN,30m,2,0.95,COMP|T4_REGIME_ANCHOR_TRANSITION|DOWN|81f8bfe508c6881e,"[""COMP|T4_REGIME_ANCHOR_TRANSITION|DOWN|5c981ada0097f8c5""]","[""COMP|T4_REGIME_ANCHOR_TRANSITION|DOWN|5c981ada0097f8c5"", ""COMP|T4_REGIME_ANCHOR_TRANSITION|DOWN|81f8bfe508c6881e""]",EVENT_STREAM_JACCARD
NR-000295,DOWN,30m,9,0.95,COMP|T4_REGIME_ANCHOR_TRANSITION|DOWN|215573420315650f,"[""COMP|T3_ANCHOR_TRANSITION|DOWN|02a08ef471e664db"", ""COMP|T4_REGIME_ANCHOR_TRANSITION|DOWN|02aa39d60fdaea91"", ""COMP|T4_REGIME_ANCHOR_TRANSITION|DOWN|10008bb929f5c727"", ""COMP|T4_REGIME_ANCHOR_TRANSITION|DOWN|26a04f321b2fb16e"", ""COMP|T4_REGIME_ANCHOR_TRANSITION|DOWN|44a9e21aad9ea6b6"", ""COMP|T4_REGIME_ANCHOR_TRANSITION|DOWN|b9180d781b984cf5"", ""COMP|T4_REGIME_ANCHOR_TRANSITION|DOWN|c5eb97489d0da64a"", ""COMP|T4_REGIME_ANCHOR_TRANSITION|DOWN|df1ad9bd7bbd654e""]","[""COMP|T3_ANCHOR_TRANSITION|DOWN|02a08ef471e664db"", ""COMP|T4_REGIME_ANCHOR_TRANSITION|DOWN|02aa39d60fdaea91"", ""COMP|T4_REGIME_ANCHOR_TRANSITION|DOWN|10008bb929f5c727"", ""COMP|T4_REGIME_ANCHOR_TRANSITION|DOWN|215573420315650f"", ""COMP|T4_REGIME_ANCHOR_TRANSITION|DOWN|26a04f321b2fb16e"", ""COMP|T4_REGIME_ANCHOR_TRANSITION|DOWN|44a9e21aad9ea6b6"", ""COMP|T4_REGIME_ANCHOR_TRANSITION|DOWN|b9180d781b984cf5"", ""COMP|T4_REGIME_ANCHOR_TRANSITION|DOWN|c5eb97489d0da64a"", ""COMP|T4_REGIME_ANCHOR_TRANSITION|DOWN|df1ad9bd7bbd654e""]",EVENT_STREAM_JACCARD
NR-000296,DOWN,30m,8,0.95,COMP|T4_REGIME_ANCHOR_TRANSITION|DOWN|5fb2bbe75113a3bc,"[""COMP|T3_ANCHOR_TRANSITION|DOWN|261a6d21841db703"", ""COMP|T4_REGIME_ANCHOR_TRANSITION|DOWN|1c342b835079b315"", ""COMP|T4_REGIME_ANCHOR_TRANSITION|DOWN|4de3268b4eb627cf"", ""COMP|T4_REGIME_ANCHOR_TRANSITION|DOWN|80d1874b82e8a98e"", ""COMP|T4_REGIME_ANCHOR_TRANSITION|DOWN|c32e8f3dc49e6c5f"", ""COMP|T4_REGIME_ANCHOR_TRANSITION|DOWN|c5cdca9261a230c9"", ""COMP|T4_REGIME_ANCHOR_TRANSITION|DOWN|d374380d6c260def""]","[""COMP|T3_ANCHOR_TRANSITION|DOWN|261a6d21841db703"", ""COMP|T4_REGIME_ANCHOR_TRANSITION|DOWN|1c342b835079b315"", ""COMP|T4_REGIME_ANCHOR_TRANSITION|DOWN|4de3268b4eb627cf"", ""COMP|T4_REGIME_ANCHOR_TRANSITION|DOWN|5fb2bbe75113a3bc"", ""COMP|T4_REGIME_ANCHOR_TRANSITION|DOWN|80d1874b82e8a98e"", ""COMP|T4_REGIME_ANCHOR_TRANSITION|DOWN|c32e8f3dc49e6c5f"", ""COMP|T4_REGIME_ANCHOR_TRANSITION|DOWN|c5cdca9261a230c9"", ""COMP|T4_REGIME_ANCHOR_TRANSITION|DOWN|d374380d6c260def""]",EVENT_STREAM_JACCARD
NR-000297,DOWN,30m,2,0.95,COMP|T4_REGIME_ANCHOR_TRANSITION|DOWN|b37b4a688cf755d1,"[""COMP|T4_REGIME_ANCHOR_TRANSITION|DOWN|b142038607b8a5e9""]","[""COMP|T4_REGIME_ANCHOR_TRANSITION|DOWN|b142038607b8a5e9"", ""COMP|T4_REGIME_ANCHOR_TRANSITION|DOWN|b37b4a688cf755d1""]",EVENT_STREAM_JACCARD
NR-000298,DOWN,30m,9,0.95,COMP|T4_REGIME_ANCHOR_TRANSITION|DOWN|3f88b7bcb304a10b,"[""COMP|T3_ANCHOR_TRANSITION|DOWN|c258d95f9fb6288a"", ""COMP|T4_REGIME_ANCHOR_TRANSITION|DOWN|10cc7c27b31cf89e"", ""COMP|T4_REGIME_ANCHOR_TRANSITION|DOWN|24af63b2f6afe231"", ""COMP|T4_REGIME_ANCHOR_TRANSITION|DOWN|31e5913ef24c7fad"", ""COMP|T4_REGIME_ANCHOR_TRANSITION|DOWN|37e28497c86e8033"", ""COMP|T4_REGIME_ANCHOR_TRANSITION|DOWN|46bfcdf5b7614897"", ""COMP|T4_REGIME_ANCHOR_TRANSITION|DOWN|53b652e656726ab5"", ""COMP|T4_REGIME_ANCHOR_TRANSITION|DOWN|74f98a52b6eda477""]","[""COMP|T3_ANCHOR_TRANSITION|DOWN|c258d95f9fb6288a"", ""COMP|T4_REGIME_ANCHOR_TRANSITION|DOWN|10cc7c27b31cf89e"", ""COMP|T4_REGIME_ANCHOR_TRANSITION|DOWN|24af63b2f6afe231"", ""COMP|T4_REGIME_ANCHOR_TRANSITION|DOWN|31e5913ef24c7fad"", ""COMP|T4_REGIME_ANCHOR_TRANSITION|DOWN|37e28497c86e8033"", ""COMP|T4_REGIME_ANCHOR_TRANSITION|DOWN|3f88b7bcb304a10b"", ""COMP|T4_REGIME_ANCHOR_TRANSITION|DOWN|46bfcdf5b7614897"", ""COMP|T4_REGIME_ANCHOR_TRANSITION|DOWN|53b652e656726ab5"", ""COMP|T4_REGIME_ANCHOR_TRANSITION|DOWN|74f98a52b6eda477""]",EVENT_STREAM_JACCARD
NR-000299,DOWN,30m,8,0.95,COMP|T4_REGIME_ANCHOR_TRANSITION|DOWN|ccd781e079fae1ab,"[""COMP|T3_ANCHOR_TRANSITION|DOWN|c8bab9361dd7d18b"", ""COMP|T4_REGIME_ANCHOR_TRANSITION|DOWN|3c855797090847ba"", ""COMP|T4_REGIME_ANCHOR_TRANSITION|DOWN|3ec2fe26aa9f93b8"", ""COMP|T4_REGIME_ANCHOR_TRANSITION|DOWN|45247eed7f238369"", ""COMP|T4_REGIME_ANCHOR_TRANSITION|DOWN|9f1efd7b41cd1b9c"", ""COMP|T4_REGIME_ANCHOR_TRANSITION|DOWN|e9a0b64214da59ea"", ""COMP|T4_REGIME_ANCHOR_TRANSITION|DOWN|f4c2b4200ac59413""]","[""COMP|T3_ANCHOR_TRANSITION|DOWN|c8bab9361dd7d18b"", ""COMP|T4_REGIME_ANCHOR_TRANSITION|DOWN|3c855797090847ba"", ""COMP|T4_REGIME_ANCHOR_TRANSITION|DOWN|3ec2fe26aa9f93b8"", ""COMP|T4_REGIME_ANCHOR_TRANSITION|DOWN|45247eed7f238369"", ""COMP|T4_REGIME_ANCHOR_TRANSITION|DOWN|9f1efd7b41cd1b9c"", ""COMP|T4_REGIME_ANCHOR_TRANSITION|DOWN|ccd781e079fae1ab"", ""COMP|T4_REGIME_ANCHOR_TRANSITION|DOWN|e9a0b64214da59ea"", ""COMP|T4_REGIME_ANCHOR_TRANSITION|DOWN|f4c2b4200ac59413""]",EVENT_STREAM_JACCARD
NR-000300,DOWN,30m,9,0.95,COMP|T4_REGIME_ANCHOR_TRANSITION|DOWN|366a697c90086588,"[""COMP|T3_ANCHOR_TRANSITION|DOWN|bd373b3a49dfb6c4"", ""COMP|T4_REGIME_ANCHOR_TRANSITION|DOWN|0bd9f23988ec95b7"", ""COMP|T4_REGIME_ANCHOR_TRANSITION|DOWN|1727fc431a2c55d7"", ""COMP|T4_REGIME_ANCHOR_TRANSITION|DOWN|898aea28a97187e2"", ""COMP|T4_REGIME_ANCHOR_TRANSITION|DOWN|90fd9e76e7189d75"", ""COMP|T4_REGIME_ANCHOR_TRANSITION|DOWN|9836935e41521593"", ""COMP|T4_REGIME_ANCHOR_TRANSITION|DOWN|98aec4d002c0ea7a"", ""COMP|T4_REGIME_ANCHOR_TRANSITION|DOWN|da4020eaa69d479a""]","[""COMP|T3_ANCHOR_TRANSITION|DOWN|bd373b3a49dfb6c4"", ""COMP|T4_REGIME_ANCHOR_TRANSITION|DOWN|0bd9f23988ec95b7"", ""COMP|T4_REGIME_ANCHOR_TRANSITION|DOWN|1727fc431a2c55d7"", ""COMP|T4_REGIME_ANCHOR_TRANSITION|DOWN|366a697c90086588"", ""COMP|T4_REGIME_ANCHOR_TRANSITION|DOWN|898aea28a97187e2"", ""COMP|T4_REGIME_ANCHOR_TRANSITION|DOWN|90fd9e76e7189d75"", ""COMP|T4_REGIME_ANCHOR_TRANSITION|DOWN|9836935e41521593"", ""COMP|T4_REGIME_ANCHOR_TRANSITION|DOWN|98aec4d002c0ea7a"", ""COMP|T4_REGIME_ANCHOR_TRANSITION|DOWN|da4020eaa69d479a""]",EVENT_STREAM_JACCARD
NR-000301,DOWN,30m,2,0.95,COMP|T4_REGIME_ANCHOR_TRANSITION|DOWN|5438f3e1559673a6,"[""COMP|T4_REGIME_ANCHOR_TRANSITION|DOWN|ff4f4543f04f4228""]","[""COMP|T4_REGIME_ANCHOR_TRANSITION|DOWN|5438f3e1559673a6"", ""COMP|T4_REGIME_ANCHOR_TRANSITION|DOWN|ff4f4543f04f4228""]",EVENT_STREAM_JACCARD
NR-000302,DOWN,30m,9,0.95,COMP|T4_REGIME_ANCHOR_TRANSITION|DOWN|3041c2e06752f2fd,"[""COMP|T3_ANCHOR_TRANSITION|DOWN|9d811c4db0dd044e"", ""COMP|T4_REGIME_ANCHOR_TRANSITION|DOWN|0ff5edeb7aec0c06"", ""COMP|T4_REGIME_ANCHOR_TRANSITION|DOWN|1975c0e83711b398"", ""COMP|T4_REGIME_ANCHOR_TRANSITION|DOWN|336e8660b657d2c5"", ""COMP|T4_REGIME_ANCHOR_TRANSITION|DOWN|3ed3a9a929a30447"", ""COMP|T4_REGIME_ANCHOR_TRANSITION|DOWN|4d5329122b4a413f"", ""COMP|T4_REGIME_ANCHOR_TRANSITION|DOWN|9a539fbe389974a7"", ""COMP|T4_REGIME_ANCHOR_TRANSITION|DOWN|c46864f49ade04aa""]","[""COMP|T3_ANCHOR_TRANSITION|DOWN|9d811c4db0dd044e"", ""COMP|T4_REGIME_ANCHOR_TRANSITION|DOWN|0ff5edeb7aec0c06"", ""COMP|T4_REGIME_ANCHOR_TRANSITION|DOWN|1975c0e83711b398"", ""COMP|T4_REGIME_ANCHOR_TRANSITION|DOWN|3041c2e06752f2fd"", ""COMP|T4_REGIME_ANCHOR_TRANSITION|DOWN|336e8660b657d2c5"", ""COMP|T4_REGIME_ANCHOR_TRANSITION|DOWN|3ed3a9a929a30447"", ""COMP|T4_REGIME_ANCHOR_TRANSITION|DOWN|4d5329122b4a413f"", ""COMP|T4_REGIME_ANCHOR_TRANSITION|DOWN|9a539fbe389974a7"", ""COMP|T4_REGIME_ANCHOR_TRANSITION|DOWN|c46864f49ade04aa""]",EVENT_STREAM_JACCARD
NR-000303,DOWN,30m,7,0.95,COMP|T4_REGIME_ANCHOR_TRANSITION|DOWN|533a15d9ca4e56dd,"[""COMP|T3_ANCHOR_TRANSITION|DOWN|44c2c5c918bf8c57"", ""COMP|T4_REGIME_ANCHOR_TRANSITION|DOWN|1b6af6d897e0c5f0"", ""COMP|T4_REGIME_ANCHOR_TRANSITION|DOWN|3579548c0b3f3415"", ""COMP|T4_REGIME_ANCHOR_TRANSITION|DOWN|372cf0895c27f0be"", ""COMP|T4_REGIME_ANCHOR_TRANSITION|DOWN|9ff18326ca7c4c50"", ""COMP|T4_REGIME_ANCHOR_TRANSITION|DOWN|bc900d6d83dd187b""]","[""COMP|T3_ANCHOR_TRANSITION|DOWN|44c2c5c918bf8c57"", ""COMP|T4_REGIME_ANCHOR_TRANSITION|DOWN|1b6af6d897e0c5f0"", ""COMP|T4_REGIME_ANCHOR_TRANSITION|DOWN|3579548c0b3f3415"", ""COMP|T4_REGIME_ANCHOR_TRANSITION|DOWN|372cf0895c27f0be"", ""COMP|T4_REGIME_ANCHOR_TRANSITION|DOWN|533a15d9ca4e56dd"", ""COMP|T4_REGIME_ANCHOR_TRANSITION|DOWN|9ff18326ca7c4c50"", ""COMP|T4_REGIME_ANCHOR_TRANSITION|DOWN|bc900d6d83dd187b""]",EVENT_STREAM_JACCARD
NR-000304,DOWN,30m,2,0.95,COMP|T4_REGIME_ANCHOR_TRANSITION|DOWN|5d6203a29bf2f1f8,"[""COMP|T4_REGIME_ANCHOR_TRANSITION|DOWN|6ea896fc40625275""]","[""COMP|T4_REGIME_ANCHOR_TRANSITION|DOWN|5d6203a29bf2f1f8"", ""COMP|T4_REGIME_ANCHOR_TRANSITION|DOWN|6ea896fc40625275""]",EVENT_STREAM_JACCARD
NR-000305,DOWN,30m,2,0.95,COMP|T4_REGIME_ANCHOR_TRANSITION|DOWN|5e077fd9a20f5796,"[""COMP|T4_REGIME_ANCHOR_TRANSITION|DOWN|17bb484408de8505""]","[""COMP|T4_REGIME_ANCHOR_TRANSITION|DOWN|17bb484408de8505"", ""COMP|T4_REGIME_ANCHOR_TRANSITION|DOWN|5e077fd9a20f5796""]",EVENT_STREAM_JACCARD
NR-000306,DOWN,30m,2,0.95,COMP|T4_REGIME_ANCHOR_TRANSITION|DOWN|a2138ab26f6492e7,"[""COMP|T4_REGIME_ANCHOR_TRANSITION|DOWN|35a6511fb9e7598e""]","[""COMP|T4_REGIME_ANCHOR_TRANSITION|DOWN|35a6511fb9e7598e"", ""COMP|T4_REGIME_ANCHOR_TRANSITION|DOWN|a2138ab26f6492e7""]",EVENT_STREAM_JACCARD
NR-000307,DOWN,30m,8,0.95,COMP|T4_REGIME_ANCHOR_TRANSITION|DOWN|26ef98dce224e716,"[""COMP|T3_ANCHOR_TRANSITION|DOWN|ed107f6f21c7f6ec"", ""COMP|T4_REGIME_ANCHOR_TRANSITION|DOWN|013ba7477546b197"", ""COMP|T4_REGIME_ANCHOR_TRANSITION|DOWN|1271f675ef4c1457"", ""COMP|T4_REGIME_ANCHOR_TRANSITION|DOWN|13d78219e94d4411"", ""COMP|T4_REGIME_ANCHOR_TRANSITION|DOWN|54b464f8b1dcf897"", ""COMP|T4_REGIME_ANCHOR_TRANSITION|DOWN|580b36d6f6a72372"", ""COMP|T4_REGIME_ANCHOR_TRANSITION|DOWN|718da2e46b99faa8""]","[""COMP|T3_ANCHOR_TRANSITION|DOWN|ed107f6f21c7f6ec"", ""COMP|T4_REGIME_ANCHOR_TRANSITION|DOWN|013ba7477546b197"", ""COMP|T4_REGIME_ANCHOR_TRANSITION|DOWN|1271f675ef4c1457"", ""COMP|T4_REGIME_ANCHOR_TRANSITION|DOWN|13d78219e94d4411"", ""COMP|T4_REGIME_ANCHOR_TRANSITION|DOWN|26ef98dce224e716"", ""COMP|T4_REGIME_ANCHOR_TRANSITION|DOWN|54b464f8b1dcf897"", ""COMP|T4_REGIME_ANCHOR_TRANSITION|DOWN|580b36d6f6a72372"", ""COMP|T4_REGIME_ANCHOR_TRANSITION|DOWN|718da2e46b99faa8""]",EVENT_STREAM_JACCARD
NR-000308,DOWN,30m,9,0.95,COMP|T4_REGIME_ANCHOR_TRANSITION|DOWN|bfd334d96c7a2739,"[""COMP|T3_ANCHOR_TRANSITION|DOWN|31ba31a8aa9cf1bc"", ""COMP|T4_REGIME_ANCHOR_TRANSITION|DOWN|1a711a7f0a42a3d2"", ""COMP|T4_REGIME_ANCHOR_TRANSITION|DOWN|2607ba791a98beb8"", ""COMP|T4_REGIME_ANCHOR_TRANSITION|DOWN|333052930fcd5227"", ""COMP|T4_REGIME_ANCHOR_TRANSITION|DOWN|4d1f5980b0748093"", ""COMP|T4_REGIME_ANCHOR_TRANSITION|DOWN|7fc83e20c05ef370"", ""COMP|T4_REGIME_ANCHOR_TRANSITION|DOWN|a38a40835e064c89"", ""COMP|T4_REGIME_ANCHOR_TRANSITION|DOWN|d50ae446488a4b5a""]","[""COMP|T3_ANCHOR_TRANSITION|DOWN|31ba31a8aa9cf1bc"", ""COMP|T4_REGIME_ANCHOR_TRANSITION|DOWN|1a711a7f0a42a3d2"", ""COMP|T4_REGIME_ANCHOR_TRANSITION|DOWN|2607ba791a98beb8"", ""COMP|T4_REGIME_ANCHOR_TRANSITION|DOWN|333052930fcd5227"", ""COMP|T4_REGIME_ANCHOR_TRANSITION|DOWN|4d1f5980b0748093"", ""COMP|T4_REGIME_ANCHOR_TRANSITION|DOWN|7fc83e20c05ef370"", ""COMP|T4_REGIME_ANCHOR_TRANSITION|DOWN|a38a40835e064c89"", ""COMP|T4_REGIME_ANCHOR_TRANSITION|DOWN|bfd334d96c7a2739"", ""COMP|T4_REGIME_ANCHOR_TRANSITION|DOWN|d50ae446488a4b5a""]",EVENT_STREAM_JACCARD
NR-000309,DOWN,30m,8,0.95,COMP|T4_REGIME_ANCHOR_TRANSITION|DOWN|b4f75448d4799b77,"[""COMP|T3_ANCHOR_TRANSITION|DOWN|9f5d00ca2209c702"", ""COMP|T4_REGIME_ANCHOR_TRANSITION|DOWN|0a25b3990b77804c"", ""COMP|T4_REGIME_ANCHOR_TRANSITION|DOWN|4c89f1960e16e082"", ""COMP|T4_REGIME_ANCHOR_TRANSITION|DOWN|54e4c0b17274a8d6"", ""COMP|T4_REGIME_ANCHOR_TRANSITION|DOWN|9698fcc075255a17"", ""COMP|T4_REGIME_ANCHOR_TRANSITION|DOWN|9eaacad58d9b095c"", ""COMP|T4_REGIME_ANCHOR_TRANSITION|DOWN|cac323c8186efd66""]","[""COMP|T3_ANCHOR_TRANSITION|DOWN|9f5d00ca2209c702"", ""COMP|T4_REGIME_ANCHOR_TRANSITION|DOWN|0a25b3990b77804c"", ""COMP|T4_REGIME_ANCHOR_TRANSITION|DOWN|4c89f1960e16e082"", ""COMP|T4_REGIME_ANCHOR_TRANSITION|DOWN|54e4c0b17274a8d6"", ""COMP|T4_REGIME_ANCHOR_TRANSITION|DOWN|9698fcc075255a17"", ""COMP|T4_REGIME_ANCHOR_TRANSITION|DOWN|9eaacad58d9b095c"", ""COMP|T4_REGIME_ANCHOR_TRANSITION|DOWN|b4f75448d4799b77"", ""COMP|T4_REGIME_ANCHOR_TRANSITION|DOWN|cac323c8186efd66""]",EVENT_STREAM_JACCARD
NR-000310,DOWN,30m,8,0.95,COMP|T4_REGIME_ANCHOR_TRANSITION|DOWN|303acbaa0f24500d,"[""COMP|T3_ANCHOR_TRANSITION|DOWN|3e773080c76b2e14"", ""COMP|T4_REGIME_ANCHOR_TRANSITION|DOWN|5482b50f20205f89"", ""COMP|T4_REGIME_ANCHOR_TRANSITION|DOWN|7e70020dbc224737"", ""COMP|T4_REGIME_ANCHOR_TRANSITION|DOWN|84a33b9a43c990ec"", ""COMP|T4_REGIME_ANCHOR_TRANSITION|DOWN|a3068f2d52dbcb3b"", ""COMP|T4_REGIME_ANCHOR_TRANSITION|DOWN|c2c723861e3ba44a"", ""COMP|T4_REGIME_ANCHOR_TRANSITION|DOWN|cf2ab12a5dceb2c1""]","[""COMP|T3_ANCHOR_TRANSITION|DOWN|3e773080c76b2e14"", ""COMP|T4_REGIME_ANCHOR_TRANSITION|DOWN|303acbaa0f24500d"", ""COMP|T4_REGIME_ANCHOR_TRANSITION|DOWN|5482b50f20205f89"", ""COMP|T4_REGIME_ANCHOR_TRANSITION|DOWN|7e70020dbc224737"", ""COMP|T4_REGIME_ANCHOR_TRANSITION|DOWN|84a33b9a43c990ec"", ""COMP|T4_REGIME_ANCHOR_TRANSITION|DOWN|a3068f2d52dbcb3b"", ""COMP|T4_REGIME_ANCHOR_TRANSITION|DOWN|c2c723861e3ba44a"", ""COMP|T4_REGIME_ANCHOR_TRANSITION|DOWN|cf2ab12a5dceb2c1""]",EVENT_STREAM_JACCARD
NR-000311,DOWN,30m,9,0.95,COMP|T4_REGIME_ANCHOR_TRANSITION|DOWN|6b99a1696f08110b,"[""COMP|T3_ANCHOR_TRANSITION|DOWN|c73a965a749a1c6a"", ""COMP|T4_REGIME_ANCHOR_TRANSITION|DOWN|01944bf6647ee905"", ""COMP|T4_REGIME_ANCHOR_TRANSITION|DOWN|0be5b1065fe0df3a"", ""COMP|T4_REGIME_ANCHOR_TRANSITION|DOWN|179e5a05e97ab98b"", ""COMP|T4_REGIME_ANCHOR_TRANSITION|DOWN|6e06beb604a8ce3d"", ""COMP|T4_REGIME_ANCHOR_TRANSITION|DOWN|7748c66a8971f0d3"", ""COMP|T4_REGIME_ANCHOR_TRANSITION|DOWN|bc1591849f450690"", ""COMP|T4_REGIME_ANCHOR_TRANSITION|DOWN|c439d3d439b3566a""]","[""COMP|T3_ANCHOR_TRANSITION|DOWN|c73a965a749a1c6a"", ""COMP|T4_REGIME_ANCHOR_TRANSITION|DOWN|01944bf6647ee905"", ""COMP|T4_REGIME_ANCHOR_TRANSITION|DOWN|0be5b1065fe0df3a"", ""COMP|T4_REGIME_ANCHOR_TRANSITION|DOWN|179e5a05e97ab98b"", ""COMP|T4_REGIME_ANCHOR_TRANSITION|DOWN|6b99a1696f08110b"", ""COMP|T4_REGIME_ANCHOR_TRANSITION|DOWN|6e06beb604a8ce3d"", ""COMP|T4_REGIME_ANCHOR_TRANSITION|DOWN|7748c66a8971f0d3"", ""COMP|T4_REGIME_ANCHOR_TRANSITION|DOWN|bc1591849f450690"", ""COMP|T4_REGIME_ANCHOR_TRANSITION|DOWN|c439d3d439b3566a""]",EVENT_STREAM_JACCARD
NR-000312,DOWN,30m,2,0.95,COMP|T4_REGIME_ANCHOR_TRANSITION|DOWN|03d197db10eaa9dc,"[""COMP|T4_REGIME_ANCHOR_TRANSITION|DOWN|9d5973adfb2214bc""]","[""COMP|T4_REGIME_ANCHOR_TRANSITION|DOWN|03d197db10eaa9dc"", ""COMP|T4_REGIME_ANCHOR_TRANSITION|DOWN|9d5973adfb2214bc""]",EVENT_STREAM_JACCARD
NR-000313,DOWN,30m,9,0.95,COMP|T4_REGIME_ANCHOR_TRANSITION|DOWN|8744540f65802ddf,"[""COMP|T3_ANCHOR_TRANSITION|DOWN|69b6300743584a0c"", ""COMP|T4_REGIME_ANCHOR_TRANSITION|DOWN|3709dc21e43220a0"", ""COMP|T4_REGIME_ANCHOR_TRANSITION|DOWN|5aa89515a5c81a99"", ""COMP|T4_REGIME_ANCHOR_TRANSITION|DOWN|803374551a03e02c"", ""COMP|T4_REGIME_ANCHOR_TRANSITION|DOWN|902deca10bd8eeb6"", ""COMP|T4_REGIME_ANCHOR_TRANSITION|DOWN|9b41e4b5b64b3e1f"", ""COMP|T4_REGIME_ANCHOR_TRANSITION|DOWN|a3f5cd9b7a6a8776"", ""COMP|T4_REGIME_ANCHOR_TRANSITION|DOWN|bb7ca61d9e381822""]","[""COMP|T3_ANCHOR_TRANSITION|DOWN|69b6300743584a0c"", ""COMP|T4_REGIME_ANCHOR_TRANSITION|DOWN|3709dc21e43220a0"", ""COMP|T4_REGIME_ANCHOR_TRANSITION|DOWN|5aa89515a5c81a99"", ""COMP|T4_REGIME_ANCHOR_TRANSITION|DOWN|803374551a03e02c"", ""COMP|T4_REGIME_ANCHOR_TRANSITION|DOWN|8744540f65802ddf"", ""COMP|T4_REGIME_ANCHOR_TRANSITION|DOWN|902deca10bd8eeb6"", ""COMP|T4_REGIME_ANCHOR_TRANSITION|DOWN|9b41e4b5b64b3e1f"", ""COMP|T4_REGIME_ANCHOR_TRANSITION|DOWN|a3f5cd9b7a6a8776"", ""COMP|T4_REGIME_ANCHOR_TRANSITION|DOWN|bb7ca61d9e381822""]",EVENT_STREAM_JACCARD
NR-000314,DOWN,30m,2,0.95,COMP|T4_REGIME_ANCHOR_TRANSITION|DOWN|57067ea2f5023066,"[""COMP|T4_REGIME_ANCHOR_TRANSITION|DOWN|c87054af8e4997fe""]","[""COMP|T4_REGIME_ANCHOR_TRANSITION|DOWN|57067ea2f5023066"", ""COMP|T4_REGIME_ANCHOR_TRANSITION|DOWN|c87054af8e4997fe""]",EVENT_STREAM_JACCARD
NR-000315,DOWN,30m,9,0.95,COMP|T4_REGIME_ANCHOR_TRANSITION|DOWN|d0185ef16dbe0058,"[""COMP|T3_ANCHOR_TRANSITION|DOWN|465db56da232d1f9"", ""COMP|T4_REGIME_ANCHOR_TRANSITION|DOWN|168ba72cc05f81e9"", ""COMP|T4_REGIME_ANCHOR_TRANSITION|DOWN|1c93076bb01c0b48"", ""COMP|T4_REGIME_ANCHOR_TRANSITION|DOWN|30168d1b3211df0c"", ""COMP|T4_REGIME_ANCHOR_TRANSITION|DOWN|5db4ac8c9e446589"", ""COMP|T4_REGIME_ANCHOR_TRANSITION|DOWN|78a8b8cb08f5ebb6"", ""COMP|T4_REGIME_ANCHOR_TRANSITION|DOWN|9e153fa29eeea0b3"", ""COMP|T4_REGIME_ANCHOR_TRANSITION|DOWN|df70f0a13a3b8b92""]","[""COMP|T3_ANCHOR_TRANSITION|DOWN|465db56da232d1f9"", ""COMP|T4_REGIME_ANCHOR_TRANSITION|DOWN|168ba72cc05f81e9"", ""COMP|T4_REGIME_ANCHOR_TRANSITION|DOWN|1c93076bb01c0b48"", ""COMP|T4_REGIME_ANCHOR_TRANSITION|DOWN|30168d1b3211df0c"", ""COMP|T4_REGIME_ANCHOR_TRANSITION|DOWN|5db4ac8c9e446589"", ""COMP|T4_REGIME_ANCHOR_TRANSITION|DOWN|78a8b8cb08f5ebb6"", ""COMP|T4_REGIME_ANCHOR_TRANSITION|DOWN|9e153fa29eeea0b3"", ""COMP|T4_REGIME_ANCHOR_TRANSITION|DOWN|d0185ef16dbe0058"", ""COMP|T4_REGIME_ANCHOR_TRANSITION|DOWN|df70f0a13a3b8b92""]",EVENT_STREAM_JACCARD
NR-000316,DOWN,30m,10,0.95,COMP|T4_REGIME_ANCHOR_TRANSITION|DOWN|a68da5a93159e646,"[""COMP|T3_ANCHOR_TRANSITION|DOWN|13633359c2029b20"", ""COMP|T4_REGIME_ANCHOR_TRANSITION|DOWN|2c510880605836cf"", ""COMP|T4_REGIME_ANCHOR_TRANSITION|DOWN|2f38c875e9f3fa7b"", ""COMP|T4_REGIME_ANCHOR_TRANSITION|DOWN|598dcd8a66540303"", ""COMP|T4_REGIME_ANCHOR_TRANSITION|DOWN|865ecc06918b89eb"", ""COMP|T4_REGIME_ANCHOR_TRANSITION|DOWN|a2cfe7b4045455a0"", ""COMP|T4_REGIME_ANCHOR_TRANSITION|DOWN|c5f4b640e7002b3c"", ""COMP|T4_REGIME_ANCHOR_TRANSITION|DOWN|d29c8c88d8dade02"", ""COMP|T4_REGIME_ANCHOR_TRANSITION|DOWN|e9817648612b43e2""]","[""COMP|T3_ANCHOR_TRANSITION|DOWN|13633359c2029b20"", ""COMP|T4_REGIME_ANCHOR_TRANSITION|DOWN|2c510880605836cf"", ""COMP|T4_REGIME_ANCHOR_TRANSITION|DOWN|2f38c875e9f3fa7b"", ""COMP|T4_REGIME_ANCHOR_TRANSITION|DOWN|598dcd8a66540303"", ""COMP|T4_REGIME_ANCHOR_TRANSITION|DOWN|865ecc06918b89eb"", ""COMP|T4_REGIME_ANCHOR_TRANSITION|DOWN|a2cfe7b4045455a0"", ""COMP|T4_REGIME_ANCHOR_TRANSITION|DOWN|a68da5a93159e646"", ""COMP|T4_REGIME_ANCHOR_TRANSITION|DOWN|c5f4b640e7002b3c"", ""COMP|T4_REGIME_ANCHOR_TRANSITION|DOWN|d29c8c88d8dade02"", ""COMP|T4_REGIME_ANCHOR_TRANSITION|DOWN|e9817648612b43e2""]",EVENT_STREAM_JACCARD
NR-000317,DOWN,30m,8,0.95,COMP|T4_REGIME_ANCHOR_TRANSITION|DOWN|2d1122c5ce3b898a,"[""COMP|T3_ANCHOR_TRANSITION|DOWN|d06b20adb327e687"", ""COMP|T4_REGIME_ANCHOR_TRANSITION|DOWN|1af699630745b5cf"", ""COMP|T4_REGIME_ANCHOR_TRANSITION|DOWN|2575117b43ec1abb"", ""COMP|T4_REGIME_ANCHOR_TRANSITION|DOWN|6cdfd7811657b4a5"", ""COMP|T4_REGIME_ANCHOR_TRANSITION|DOWN|a55c2254e61fe775"", ""COMP|T4_REGIME_ANCHOR_TRANSITION|DOWN|aa8d471cea082311"", ""COMP|T4_REGIME_ANCHOR_TRANSITION|DOWN|c62dcd8e0106337d""]","[""COMP|T3_ANCHOR_TRANSITION|DOWN|d06b20adb327e687"", ""COMP|T4_REGIME_ANCHOR_TRANSITION|DOWN|1af699630745b5cf"", ""COMP|T4_REGIME_ANCHOR_TRANSITION|DOWN|2575117b43ec1abb"", ""COMP|T4_REGIME_ANCHOR_TRANSITION|DOWN|2d1122c5ce3b898a"", ""COMP|T4_REGIME_ANCHOR_TRANSITION|DOWN|6cdfd7811657b4a5"", ""COMP|T4_REGIME_ANCHOR_TRANSITION|DOWN|a55c2254e61fe775"", ""COMP|T4_REGIME_ANCHOR_TRANSITION|DOWN|aa8d471cea082311"", ""COMP|T4_REGIME_ANCHOR_TRANSITION|DOWN|c62dcd8e0106337d""]",EVENT_STREAM_JACCARD
NR-000318,DOWN,30m,2,0.95,COMP|T4_REGIME_ANCHOR_TRANSITION|DOWN|77857fa0edf4c609,"[""COMP|T4_REGIME_ANCHOR_TRANSITION|DOWN|a90de26a1d60d2e3""]","[""COMP|T4_REGIME_ANCHOR_TRANSITION|DOWN|77857fa0edf4c609"", ""COMP|T4_REGIME_ANCHOR_TRANSITION|DOWN|a90de26a1d60d2e3""]",EVENT_STREAM_JACCARD
NR-000319,DOWN,30m,12,0.95,COMP|T4_REGIME_ANCHOR_TRANSITION|DOWN|759d38043d083b88,"[""COMP|T3_ANCHOR_TRANSITION|DOWN|3c1cf1da8a96e4f0"", ""COMP|T4_REGIME_ANCHOR_TRANSITION|DOWN|0d71ec8f5479246c"", ""COMP|T4_REGIME_ANCHOR_TRANSITION|DOWN|19c1b16315dcf88b"", ""COMP|T4_REGIME_ANCHOR_TRANSITION|DOWN|49de5b5de78400b0"", ""COMP|T4_REGIME_ANCHOR_TRANSITION|DOWN|5ca0149294bb5d08"", ""COMP|T4_REGIME_ANCHOR_TRANSITION|DOWN|89e0708a902cbc5d"", ""COMP|T4_REGIME_ANCHOR_TRANSITION|DOWN|bceace638500c044"", ""COMP|T4_REGIME_ANCHOR_TRANSITION|DOWN|cb145c444048862e"", ""COMP|T4_REGIME_ANCHOR_TRANSITION|DOWN|cfb3ab6b48cc7140"", ""COMP|T4_REGIME_ANCHOR_TRANSITION|DOWN|dbc31b11d375f56b"", ""COMP|T4_REGIME_ANCHOR_TRANSITION|DOWN|ddeec1ef011bd8a0""]","[""COMP|T3_ANCHOR_TRANSITION|DOWN|3c1cf1da8a96e4f0"", ""COMP|T4_REGIME_ANCHOR_TRANSITION|DOWN|0d71ec8f5479246c"", ""COMP|T4_REGIME_ANCHOR_TRANSITION|DOWN|19c1b16315dcf88b"", ""COMP|T4_REGIME_ANCHOR_TRANSITION|DOWN|49de5b5de78400b0"", ""COMP|T4_REGIME_ANCHOR_TRANSITION|DOWN|5ca0149294bb5d08"", ""COMP|T4_REGIME_ANCHOR_TRANSITION|DOWN|759d38043d083b88"", ""COMP|T4_REGIME_ANCHOR_TRANSITION|DOWN|89e0708a902cbc5d"", ""COMP|T4_REGIME_ANCHOR_TRANSITION|DOWN|bceace638500c044"", ""COMP|T4_REGIME_ANCHOR_TRANSITION|DOWN|cb145c444048862e"", ""COMP|T4_REGIME_ANCHOR_TRANSITION|DOWN|cfb3ab6b48cc7140"", ""COMP|T4_REGIME_ANCHOR_TRANSITION|DOWN|dbc31b11d375f56b"", ""COMP|T4_REGIME_ANCHOR_TRANSITION|DOWN|ddeec1ef011bd8a0""]",EVENT_STREAM_JACCARD
NR-000320,DOWN,30m,10,0.95,COMP|T4_REGIME_ANCHOR_TRANSITION|DOWN|e5edf84ebde162b8,"[""COMP|T3_ANCHOR_TRANSITION|DOWN|b86694b7c1d4bdff"", ""COMP|T4_REGIME_ANCHOR_TRANSITION|DOWN|0e94f38cd48722f9"", ""COMP|T4_REGIME_ANCHOR_TRANSITION|DOWN|121f068d50e44826"", ""COMP|T4_REGIME_ANCHOR_TRANSITION|DOWN|2371488268a53f56"", ""COMP|T4_REGIME_ANCHOR_TRANSITION|DOWN|253d40b418beeb72"", ""COMP|T4_REGIME_ANCHOR_TRANSITION|DOWN|551289fe0894cbca"", ""COMP|T4_REGIME_ANCHOR_TRANSITION|DOWN|656c4819e8f7ebde"", ""COMP|T4_REGIME_ANCHOR_TRANSITION|DOWN|cfda4873ada85a0b"", ""COMP|T4_REGIME_ANCHOR_TRANSITION|DOWN|f80d2d3d9fc3e198""]","[""COMP|T3_ANCHOR_TRANSITION|DOWN|b86694b7c1d4bdff"", ""COMP|T4_REGIME_ANCHOR_TRANSITION|DOWN|0e94f38cd48722f9"", ""COMP|T4_REGIME_ANCHOR_TRANSITION|DOWN|121f068d50e44826"", ""COMP|T4_REGIME_ANCHOR_TRANSITION|DOWN|2371488268a53f56"", ""COMP|T4_REGIME_ANCHOR_TRANSITION|DOWN|253d40b418beeb72"", ""COMP|T4_REGIME_ANCHOR_TRANSITION|DOWN|551289fe0894cbca"", ""COMP|T4_REGIME_ANCHOR_TRANSITION|DOWN|656c4819e8f7ebde"", ""COMP|T4_REGIME_ANCHOR_TRANSITION|DOWN|cfda4873ada85a0b"", ""COMP|T4_REGIME_ANCHOR_TRANSITION|DOWN|e5edf84ebde162b8"", ""COMP|T4_REGIME_ANCHOR_TRANSITION|DOWN|f80d2d3d9fc3e198""]",EVENT_STREAM_JACCARD
NR-000321,DOWN,30m,10,0.95,COMP|T4_REGIME_ANCHOR_TRANSITION|DOWN|8969d81c26093fcf,"[""COMP|T3_ANCHOR_TRANSITION|DOWN|ef6cd8636542b93a"", ""COMP|T4_REGIME_ANCHOR_TRANSITION|DOWN|22085a89bae60ff3"", ""COMP|T4_REGIME_ANCHOR_TRANSITION|DOWN|254cd09ec347eadf"", ""COMP|T4_REGIME_ANCHOR_TRANSITION|DOWN|3e63edadc20511ad"", ""COMP|T4_REGIME_ANCHOR_TRANSITION|DOWN|527219dcf670274a"", ""COMP|T4_REGIME_ANCHOR_TRANSITION|DOWN|5671441220113cec"", ""COMP|T4_REGIME_ANCHOR_TRANSITION|DOWN|695c66cc5ba8b4d7"", ""COMP|T4_REGIME_ANCHOR_TRANSITION|DOWN|8079332a3b699297"", ""COMP|T4_REGIME_ANCHOR_TRANSITION|DOWN|d633485a292676d8""]","[""COMP|T3_ANCHOR_TRANSITION|DOWN|ef6cd8636542b93a"", ""COMP|T4_REGIME_ANCHOR_TRANSITION|DOWN|22085a89bae60ff3"", ""COMP|T4_REGIME_ANCHOR_TRANSITION|DOWN|254cd09ec347eadf"", ""COMP|T4_REGIME_ANCHOR_TRANSITION|DOWN|3e63edadc20511ad"", ""COMP|T4_REGIME_ANCHOR_TRANSITION|DOWN|527219dcf670274a"", ""COMP|T4_REGIME_ANCHOR_TRANSITION|DOWN|5671441220113cec"", ""COMP|T4_REGIME_ANCHOR_TRANSITION|DOWN|695c66cc5ba8b4d7"", ""COMP|T4_REGIME_ANCHOR_TRANSITION|DOWN|8079332a3b699297"", ""COMP|T4_REGIME_ANCHOR_TRANSITION|DOWN|8969d81c26093fcf"", ""COMP|T4_REGIME_ANCHOR_TRANSITION|DOWN|d633485a292676d8""]",EVENT_STREAM_JACCARD
NR-000322,DOWN,30m,8,0.95,COMP|T4_REGIME_ANCHOR_TRANSITION|DOWN|e6b597bdbb403972,"[""COMP|T3_ANCHOR_TRANSITION|DOWN|f6ccc4470ada6206"", ""COMP|T4_REGIME_ANCHOR_TRANSITION|DOWN|0c32bfd7bb2f1f8e"", ""COMP|T4_REGIME_ANCHOR_TRANSITION|DOWN|0c6ef94af5f02eda"", ""COMP|T4_REGIME_ANCHOR_TRANSITION|DOWN|68737f6c852be2a9"", ""COMP|T4_REGIME_ANCHOR_TRANSITION|DOWN|6acdf3dd06fe1d22"", ""COMP|T4_REGIME_ANCHOR_TRANSITION|DOWN|81605f7168c1ae2e"", ""COMP|T4_REGIME_ANCHOR_TRANSITION|DOWN|feb7dd3e9eaaf6ef""]","[""COMP|T3_ANCHOR_TRANSITION|DOWN|f6ccc4470ada6206"", ""COMP|T4_REGIME_ANCHOR_TRANSITION|DOWN|0c32bfd7bb2f1f8e"", ""COMP|T4_REGIME_ANCHOR_TRANSITION|DOWN|0c6ef94af5f02eda"", ""COMP|T4_REGIME_ANCHOR_TRANSITION|DOWN|68737f6c852be2a9"", ""COMP|T4_REGIME_ANCHOR_TRANSITION|DOWN|6acdf3dd06fe1d22"", ""COMP|T4_REGIME_ANCHOR_TRANSITION|DOWN|81605f7168c1ae2e"", ""COMP|T4_REGIME_ANCHOR_TRANSITION|DOWN|e6b597bdbb403972"", ""COMP|T4_REGIME_ANCHOR_TRANSITION|DOWN|feb7dd3e9eaaf6ef""]",EVENT_STREAM_JACCARD
NR-000323,DOWN,30m,2,0.95,COMP|T4_REGIME_ANCHOR_TRANSITION|DOWN|254999dee7a3d594,"[""COMP|T4_REGIME_ANCHOR_TRANSITION|DOWN|1536f321d5e17647""]","[""COMP|T4_REGIME_ANCHOR_TRANSITION|DOWN|1536f321d5e17647"", ""COMP|T4_REGIME_ANCHOR_TRANSITION|DOWN|254999dee7a3d594""]",EVENT_STREAM_JACCARD
NR-000324,DOWN,30m,9,0.95,COMP|T4_REGIME_ANCHOR_TRANSITION|DOWN|dfde26d25d6b835d,"[""COMP|T3_ANCHOR_TRANSITION|DOWN|1d60fc3413f885c6"", ""COMP|T4_REGIME_ANCHOR_TRANSITION|DOWN|08e14bfd47cba4ee"", ""COMP|T4_REGIME_ANCHOR_TRANSITION|DOWN|131a13ff27724a6f"", ""COMP|T4_REGIME_ANCHOR_TRANSITION|DOWN|1bd5ecf08393ed33"", ""COMP|T4_REGIME_ANCHOR_TRANSITION|DOWN|23c1a85cfc8ec56b"", ""COMP|T4_REGIME_ANCHOR_TRANSITION|DOWN|42ff305643dca160"", ""COMP|T4_REGIME_ANCHOR_TRANSITION|DOWN|aade65e39ed284df"", ""COMP|T4_REGIME_ANCHOR_TRANSITION|DOWN|e356f3e8b969a520""]","[""COMP|T3_ANCHOR_TRANSITION|DOWN|1d60fc3413f885c6"", ""COMP|T4_REGIME_ANCHOR_TRANSITION|DOWN|08e14bfd47cba4ee"", ""COMP|T4_REGIME_ANCHOR_TRANSITION|DOWN|131a13ff27724a6f"", ""COMP|T4_REGIME_ANCHOR_TRANSITION|DOWN|1bd5ecf08393ed33"", ""COMP|T4_REGIME_ANCHOR_TRANSITION|DOWN|23c1a85cfc8ec56b"", ""COMP|T4_REGIME_ANCHOR_TRANSITION|DOWN|42ff305643dca160"", ""COMP|T4_REGIME_ANCHOR_TRANSITION|DOWN|aade65e39ed284df"", ""COMP|T4_REGIME_ANCHOR_TRANSITION|DOWN|dfde26d25d6b835d"", ""COMP|T4_REGIME_ANCHOR_TRANSITION|DOWN|e356f3e8b969a520""]",EVENT_STREAM_JACCARD
NR-000325,DOWN,30m,2,0.95,COMP|T4_REGIME_ANCHOR_TRANSITION|DOWN|7522a010476b7a55,"[""COMP|T4_REGIME_ANCHOR_TRANSITION|DOWN|bf29e63dfed5607e""]","[""COMP|T4_REGIME_ANCHOR_TRANSITION|DOWN|7522a010476b7a55"", ""COMP|T4_REGIME_ANCHOR_TRANSITION|DOWN|bf29e63dfed5607e""]",EVENT_STREAM_JACCARD
NR-000326,DOWN,30m,9,0.95,COMP|T4_REGIME_ANCHOR_TRANSITION|DOWN|28b169b132e3c490,"[""COMP|T3_ANCHOR_TRANSITION|DOWN|bfc6630c3e2734a9"", ""COMP|T4_REGIME_ANCHOR_TRANSITION|DOWN|076a07036922cee8"", ""COMP|T4_REGIME_ANCHOR_TRANSITION|DOWN|1b6a2b8e67c9db3b"", ""COMP|T4_REGIME_ANCHOR_TRANSITION|DOWN|3918e1cd21bfa688"", ""COMP|T4_REGIME_ANCHOR_TRANSITION|DOWN|4f404777726a6b86"", ""COMP|T4_REGIME_ANCHOR_TRANSITION|DOWN|58cc3e2e0f344383"", ""COMP|T4_REGIME_ANCHOR_TRANSITION|DOWN|b84fd67635373311"", ""COMP|T4_REGIME_ANCHOR_TRANSITION|DOWN|d966dd618e09241c""]","[""COMP|T3_ANCHOR_TRANSITION|DOWN|bfc6630c3e2734a9"", ""COMP|T4_REGIME_ANCHOR_TRANSITION|DOWN|076a07036922cee8"", ""COMP|T4_REGIME_ANCHOR_TRANSITION|DOWN|1b6a2b8e67c9db3b"", ""COMP|T4_REGIME_ANCHOR_TRANSITION|DOWN|28b169b132e3c490"", ""COMP|T4_REGIME_ANCHOR_TRANSITION|DOWN|3918e1cd21bfa688"", ""COMP|T4_REGIME_ANCHOR_TRANSITION|DOWN|4f404777726a6b86"", ""COMP|T4_REGIME_ANCHOR_TRANSITION|DOWN|58cc3e2e0f344383"", ""COMP|T4_REGIME_ANCHOR_TRANSITION|DOWN|b84fd67635373311"", ""COMP|T4_REGIME_ANCHOR_TRANSITION|DOWN|d966dd618e09241c""]",EVENT_STREAM_JACCARD
NR-000327,DOWN,30m,7,0.95,COMP|T4_REGIME_ANCHOR_TRANSITION|DOWN|5f7112c932fa3e56,"[""COMP|T3_ANCHOR_TRANSITION|DOWN|d22099d1d94ca2a5"", ""COMP|T4_REGIME_ANCHOR_TRANSITION|DOWN|12ebc9715aece378"", ""COMP|T4_REGIME_ANCHOR_TRANSITION|DOWN|5d19431d58716e5c"", ""COMP|T4_REGIME_ANCHOR_TRANSITION|DOWN|719196acb9adfdef"", ""COMP|T4_REGIME_ANCHOR_TRANSITION|DOWN|a5ee00e6f5b426db"", ""COMP|T4_REGIME_ANCHOR_TRANSITION|DOWN|e6984989175aab15""]","[""COMP|T3_ANCHOR_TRANSITION|DOWN|d22099d1d94ca2a5"", ""COMP|T4_REGIME_ANCHOR_TRANSITION|DOWN|12ebc9715aece378"", ""COMP|T4_REGIME_ANCHOR_TRANSITION|DOWN|5d19431d58716e5c"", ""COMP|T4_REGIME_ANCHOR_TRANSITION|DOWN|5f7112c932fa3e56"", ""COMP|T4_REGIME_ANCHOR_TRANSITION|DOWN|719196acb9adfdef"", ""COMP|T4_REGIME_ANCHOR_TRANSITION|DOWN|a5ee00e6f5b426db"", ""COMP|T4_REGIME_ANCHOR_TRANSITION|DOWN|e6984989175aab15""]",EVENT_STREAM_JACCARD
NR-000328,DOWN,30m,9,0.95,COMP|T4_REGIME_ANCHOR_TRANSITION|DOWN|9111e1af781c0506,"[""COMP|T3_ANCHOR_TRANSITION|DOWN|4480e290f09cd5cf"", ""COMP|T4_REGIME_ANCHOR_TRANSITION|DOWN|0debbe7d4c8e6926"", ""COMP|T4_REGIME_ANCHOR_TRANSITION|DOWN|1396209ada0aceb8"", ""COMP|T4_REGIME_ANCHOR_TRANSITION|DOWN|24facf70e609c797"", ""COMP|T4_REGIME_ANCHOR_TRANSITION|DOWN|26e6a7901faebff2"", ""COMP|T4_REGIME_ANCHOR_TRANSITION|DOWN|3bb672cfc576f522"", ""COMP|T4_REGIME_ANCHOR_TRANSITION|DOWN|6f8c46cdae197f3f"", ""COMP|T4_REGIME_ANCHOR_TRANSITION|DOWN|bd3a3ce3a87ed976""]","[""COMP|T3_ANCHOR_TRANSITION|DOWN|4480e290f09cd5cf"", ""COMP|T4_REGIME_ANCHOR_TRANSITION|DOWN|0debbe7d4c8e6926"", ""COMP|T4_REGIME_ANCHOR_TRANSITION|DOWN|1396209ada0aceb8"", ""COMP|T4_REGIME_ANCHOR_TRANSITION|DOWN|24facf70e609c797"", ""COMP|T4_REGIME_ANCHOR_TRANSITION|DOWN|26e6a7901faebff2"", ""COMP|T4_REGIME_ANCHOR_TRANSITION|DOWN|3bb672cfc576f522"", ""COMP|T4_REGIME_ANCHOR_TRANSITION|DOWN|6f8c46cdae197f3f"", ""COMP|T4_REGIME_ANCHOR_TRANSITION|DOWN|9111e1af781c0506"", ""COMP|T4_REGIME_ANCHOR_TRANSITION|DOWN|bd3a3ce3a87ed976""]",EVENT_STREAM_JACCARD
NR-000329,DOWN,30m,2,0.95,COMP|T4_REGIME_ANCHOR_TRANSITION|DOWN|a6640a15538c125d,"[""COMP|T4_REGIME_ANCHOR_TRANSITION|DOWN|c462dc5bf1277fb5""]","[""COMP|T4_REGIME_ANCHOR_TRANSITION|DOWN|a6640a15538c125d"", ""COMP|T4_REGIME_ANCHOR_TRANSITION|DOWN|c462dc5bf1277fb5""]",EVENT_STREAM_JACCARD
NR-000330,DOWN,30m,11,0.95,COMP|T4_REGIME_ANCHOR_TRANSITION|DOWN|9601f578d04c8c5f,"[""COMP|T3_ANCHOR_TRANSITION|DOWN|c54801aeecefd2b8"", ""COMP|T4_REGIME_ANCHOR_TRANSITION|DOWN|1dbf606d6d1b7d33"", ""COMP|T4_REGIME_ANCHOR_TRANSITION|DOWN|2257a06a3d545054"", ""COMP|T4_REGIME_ANCHOR_TRANSITION|DOWN|359040bdf536f9d0"", ""COMP|T4_REGIME_ANCHOR_TRANSITION|DOWN|3a133e3edf6bca8c"", ""COMP|T4_REGIME_ANCHOR_TRANSITION|DOWN|41405320e8e6df6b"", ""COMP|T4_REGIME_ANCHOR_TRANSITION|DOWN|b49161bd56f9408d"", ""COMP|T4_REGIME_ANCHOR_TRANSITION|DOWN|d27f89dd28655670"", ""COMP|T4_REGIME_ANCHOR_TRANSITION|DOWN|e8fc0d8d5a1e48b6"", ""COMP|T4_REGIME_ANCHOR_TRANSITION|DOWN|f29c5c2cfe7247e2""]","[""COMP|T3_ANCHOR_TRANSITION|DOWN|c54801aeecefd2b8"", ""COMP|T4_REGIME_ANCHOR_TRANSITION|DOWN|1dbf606d6d1b7d33"", ""COMP|T4_REGIME_ANCHOR_TRANSITION|DOWN|2257a06a3d545054"", ""COMP|T4_REGIME_ANCHOR_TRANSITION|DOWN|359040bdf536f9d0"", ""COMP|T4_REGIME_ANCHOR_TRANSITION|DOWN|3a133e3edf6bca8c"", ""COMP|T4_REGIME_ANCHOR_TRANSITION|DOWN|41405320e8e6df6b"", ""COMP|T4_REGIME_ANCHOR_TRANSITION|DOWN|9601f578d04c8c5f"", ""COMP|T4_REGIME_ANCHOR_TRANSITION|DOWN|b49161bd56f9408d"", ""COMP|T4_REGIME_ANCHOR_TRANSITION|DOWN|d27f89dd28655670"", ""COMP|T4_REGIME_ANCHOR_TRANSITION|DOWN|e8fc0d8d5a1e48b6"", ""COMP|T4_REGIME_ANCHOR_TRANSITION|DOWN|f29c5c2cfe7247e2""]",EVENT_STREAM_JACCARD
NR-000331,DOWN,30m,8,0.95,COMP|T4_REGIME_ANCHOR_TRANSITION|DOWN|bd049b1911fe52ce,"[""COMP|T3_ANCHOR_TRANSITION|DOWN|8075082719f069bb"", ""COMP|T4_REGIME_ANCHOR_TRANSITION|DOWN|0507980ff37300d4"", ""COMP|T4_REGIME_ANCHOR_TRANSITION|DOWN|0f4ccdfe135638d1"", ""COMP|T4_REGIME_ANCHOR_TRANSITION|DOWN|338cbdac54e2811d"", ""COMP|T4_REGIME_ANCHOR_TRANSITION|DOWN|4f76d6bdccc53823"", ""COMP|T4_REGIME_ANCHOR_TRANSITION|DOWN|5c0ed3a2f5e984f4"", ""COMP|T4_REGIME_ANCHOR_TRANSITION|DOWN|b2940de8650d7a41""]","[""COMP|T3_ANCHOR_TRANSITION|DOWN|8075082719f069bb"", ""COMP|T4_REGIME_ANCHOR_TRANSITION|DOWN|0507980ff37300d4"", ""COMP|T4_REGIME_ANCHOR_TRANSITION|DOWN|0f4ccdfe135638d1"", ""COMP|T4_REGIME_ANCHOR_TRANSITION|DOWN|338cbdac54e2811d"", ""COMP|T4_REGIME_ANCHOR_TRANSITION|DOWN|4f76d6bdccc53823"", ""COMP|T4_REGIME_ANCHOR_TRANSITION|DOWN|5c0ed3a2f5e984f4"", ""COMP|T4_REGIME_ANCHOR_TRANSITION|DOWN|b2940de8650d7a41"", ""COMP|T4_REGIME_ANCHOR_TRANSITION|DOWN|bd049b1911fe52ce""]",EVENT_STREAM_JACCARD
NR-000332,DOWN,30m,2,0.95,COMP|T4_REGIME_ANCHOR_TRANSITION|DOWN|8970c069c99bbf87,"[""COMP|T4_REGIME_ANCHOR_TRANSITION|DOWN|0364fd2570920a23""]","[""COMP|T4_REGIME_ANCHOR_TRANSITION|DOWN|0364fd2570920a23"", ""COMP|T4_REGIME_ANCHOR_TRANSITION|DOWN|8970c069c99bbf87""]",EVENT_STREAM_JACCARD
NR-000333,DOWN,30m,2,0.95,COMP|T4_REGIME_ANCHOR_TRANSITION|DOWN|d35a4bb128654bd5,"[""COMP|T4_REGIME_ANCHOR_TRANSITION|DOWN|e69dfb054cdfb86f""]","[""COMP|T4_REGIME_ANCHOR_TRANSITION|DOWN|d35a4bb128654bd5"", ""COMP|T4_REGIME_ANCHOR_TRANSITION|DOWN|e69dfb054cdfb86f""]",EVENT_STREAM_JACCARD
NR-000334,DOWN,30m,8,0.95,COMP|T4_REGIME_ANCHOR_TRANSITION|DOWN|51fc5b864e116a54,"[""COMP|T3_ANCHOR_TRANSITION|DOWN|fb7870ec01e80db0"", ""COMP|T4_REGIME_ANCHOR_TRANSITION|DOWN|790bb00f2a4d9411"", ""COMP|T4_REGIME_ANCHOR_TRANSITION|DOWN|89be9954f060e114"", ""COMP|T4_REGIME_ANCHOR_TRANSITION|DOWN|956782cd6cacef24"", ""COMP|T4_REGIME_ANCHOR_TRANSITION|DOWN|9a3248db89d56d1a"", ""COMP|T4_REGIME_ANCHOR_TRANSITION|DOWN|9e6a03f2378c0f05"", ""COMP|T4_REGIME_ANCHOR_TRANSITION|DOWN|c53fb22381a8a8b5""]","[""COMP|T3_ANCHOR_TRANSITION|DOWN|fb7870ec01e80db0"", ""COMP|T4_REGIME_ANCHOR_TRANSITION|DOWN|51fc5b864e116a54"", ""COMP|T4_REGIME_ANCHOR_TRANSITION|DOWN|790bb00f2a4d9411"", ""COMP|T4_REGIME_ANCHOR_TRANSITION|DOWN|89be9954f060e114"", ""COMP|T4_REGIME_ANCHOR_TRANSITION|DOWN|956782cd6cacef24"", ""COMP|T4_REGIME_ANCHOR_TRANSITION|DOWN|9a3248db89d56d1a"", ""COMP|T4_REGIME_ANCHOR_TRANSITION|DOWN|9e6a03f2378c0f05"", ""COMP|T4_REGIME_ANCHOR_TRANSITION|DOWN|c53fb22381a8a8b5""]",EVENT_STREAM_JACCARD
NR-000335,DOWN,30m,9,0.95,COMP|T4_REGIME_ANCHOR_TRANSITION|DOWN|5a6d8760feb1aa70,"[""COMP|T3_ANCHOR_TRANSITION|DOWN|d287103c9c37390b"", ""COMP|T4_REGIME_ANCHOR_TRANSITION|DOWN|076722bfa7beb5e5"", ""COMP|T4_REGIME_ANCHOR_TRANSITION|DOWN|1aee7df2cd0006a3"", ""COMP|T4_REGIME_ANCHOR_TRANSITION|DOWN|277498fae4103946"", ""COMP|T4_REGIME_ANCHOR_TRANSITION|DOWN|289c2097ae8c6c27"", ""COMP|T4_REGIME_ANCHOR_TRANSITION|DOWN|475ed05dd8a1cc7d"", ""COMP|T4_REGIME_ANCHOR_TRANSITION|DOWN|d5382ac662d727e8"", ""COMP|T4_REGIME_ANCHOR_TRANSITION|DOWN|d704a833d0a7819b""]","[""COMP|T3_ANCHOR_TRANSITION|DOWN|d287103c9c37390b"", ""COMP|T4_REGIME_ANCHOR_TRANSITION|DOWN|076722bfa7beb5e5"", ""COMP|T4_REGIME_ANCHOR_TRANSITION|DOWN|1aee7df2cd0006a3"", ""COMP|T4_REGIME_ANCHOR_TRANSITION|DOWN|277498fae4103946"", ""COMP|T4_REGIME_ANCHOR_TRANSITION|DOWN|289c2097ae8c6c27"", ""COMP|T4_REGIME_ANCHOR_TRANSITION|DOWN|475ed05dd8a1cc7d"", ""COMP|T4_REGIME_ANCHOR_TRANSITION|DOWN|5a6d8760feb1aa70"", ""COMP|T4_REGIME_ANCHOR_TRANSITION|DOWN|d5382ac662d727e8"", ""COMP|T4_REGIME_ANCHOR_TRANSITION|DOWN|d704a833d0a7819b""]",EVENT_STREAM_JACCARD
NR-000336,DOWN,30m,10,0.95,COMP|T4_REGIME_ANCHOR_TRANSITION|DOWN|06fda4d5b8dc284a,"[""COMP|T3_ANCHOR_TRANSITION|DOWN|7f6368c28e807690"", ""COMP|T4_REGIME_ANCHOR_TRANSITION|DOWN|0bc7652945458354"", ""COMP|T4_REGIME_ANCHOR_TRANSITION|DOWN|182c700ac2c046d0"", ""COMP|T4_REGIME_ANCHOR_TRANSITION|DOWN|1f61205b80d93c9b"", ""COMP|T4_REGIME_ANCHOR_TRANSITION|DOWN|60c0eb066064af12"", ""COMP|T4_REGIME_ANCHOR_TRANSITION|DOWN|71b6611538ed7204"", ""COMP|T4_REGIME_ANCHOR_TRANSITION|DOWN|a6538c62773580ec"", ""COMP|T4_REGIME_ANCHOR_TRANSITION|DOWN|df7d8648bea04ca7"", ""COMP|T4_REGIME_ANCHOR_TRANSITION|DOWN|fea4624db8550dab""]","[""COMP|T3_ANCHOR_TRANSITION|DOWN|7f6368c28e807690"", ""COMP|T4_REGIME_ANCHOR_TRANSITION|DOWN|06fda4d5b8dc284a"", ""COMP|T4_REGIME_ANCHOR_TRANSITION|DOWN|0bc7652945458354"", ""COMP|T4_REGIME_ANCHOR_TRANSITION|DOWN|182c700ac2c046d0"", ""COMP|T4_REGIME_ANCHOR_TRANSITION|DOWN|1f61205b80d93c9b"", ""COMP|T4_REGIME_ANCHOR_TRANSITION|DOWN|60c0eb066064af12"", ""COMP|T4_REGIME_ANCHOR_TRANSITION|DOWN|71b6611538ed7204"", ""COMP|T4_REGIME_ANCHOR_TRANSITION|DOWN|a6538c62773580ec"", ""COMP|T4_REGIME_ANCHOR_TRANSITION|DOWN|df7d8648bea04ca7"", ""COMP|T4_REGIME_ANCHOR_TRANSITION|DOWN|fea4624db8550dab""]",EVENT_STREAM_JACCARD
NR-000337,DOWN,30m,2,0.95,COMP|T4_REGIME_ANCHOR_TRANSITION|DOWN|3f9074ca1c0a5ce3,"[""COMP|T4_REGIME_ANCHOR_TRANSITION|DOWN|8e7a9ec8dc4c00ef""]","[""COMP|T4_REGIME_ANCHOR_TRANSITION|DOWN|3f9074ca1c0a5ce3"", ""COMP|T4_REGIME_ANCHOR_TRANSITION|DOWN|8e7a9ec8dc4c00ef""]",EVENT_STREAM_JACCARD
NR-000338,DOWN,30m,2,0.95,COMP|T4_REGIME_ANCHOR_TRANSITION|DOWN|56c199502eb18604,"[""COMP|T4_REGIME_ANCHOR_TRANSITION|DOWN|4e2536dd08ad39f3""]","[""COMP|T4_REGIME_ANCHOR_TRANSITION|DOWN|4e2536dd08ad39f3"", ""COMP|T4_REGIME_ANCHOR_TRANSITION|DOWN|56c199502eb18604""]",EVENT_STREAM_JACCARD
NR-000339,DOWN,30m,11,0.95,COMP|T4_REGIME_ANCHOR_TRANSITION|DOWN|20573bd174c83c07,"[""COMP|T3_ANCHOR_TRANSITION|DOWN|eebbb26ee56b853b"", ""COMP|T4_REGIME_ANCHOR_TRANSITION|DOWN|0e34f72421e1e683"", ""COMP|T4_REGIME_ANCHOR_TRANSITION|DOWN|173b7bcfaa792522"", ""COMP|T4_REGIME_ANCHOR_TRANSITION|DOWN|4b65b9fe1f071c68"", ""COMP|T4_REGIME_ANCHOR_TRANSITION|DOWN|5882a6220d96788f"", ""COMP|T4_REGIME_ANCHOR_TRANSITION|DOWN|62f38f0407cc9a38"", ""COMP|T4_REGIME_ANCHOR_TRANSITION|DOWN|82a84d406f3c94da"", ""COMP|T4_REGIME_ANCHOR_TRANSITION|DOWN|a6d7b9178479a196"", ""COMP|T4_REGIME_ANCHOR_TRANSITION|DOWN|af6ba48adf9bac89"", ""COMP|T4_REGIME_ANCHOR_TRANSITION|DOWN|efce90895544814f""]","[""COMP|T3_ANCHOR_TRANSITION|DOWN|eebbb26ee56b853b"", ""COMP|T4_REGIME_ANCHOR_TRANSITION|DOWN|0e34f72421e1e683"", ""COMP|T4_REGIME_ANCHOR_TRANSITION|DOWN|173b7bcfaa792522"", ""COMP|T4_REGIME_ANCHOR_TRANSITION|DOWN|20573bd174c83c07"", ""COMP|T4_REGIME_ANCHOR_TRANSITION|DOWN|4b65b9fe1f071c68"", ""COMP|T4_REGIME_ANCHOR_TRANSITION|DOWN|5882a6220d96788f"", ""COMP|T4_REGIME_ANCHOR_TRANSITION|DOWN|62f38f0407cc9a38"", ""COMP|T4_REGIME_ANCHOR_TRANSITION|DOWN|82a84d406f3c94da"", ""COMP|T4_REGIME_ANCHOR_TRANSITION|DOWN|a6d7b9178479a196"", ""COMP|T4_REGIME_ANCHOR_TRANSITION|DOWN|af6ba48adf9bac89"", ""COMP|T4_REGIME_ANCHOR_TRANSITION|DOWN|efce90895544814f""]",EVENT_STREAM_JACCARD
NR-000340,DOWN,30m,8,0.95,COMP|T4_REGIME_ANCHOR_TRANSITION|DOWN|f963da0f1eaac941,"[""COMP|T3_ANCHOR_TRANSITION|DOWN|a1cc7f38a60a3f0f"", ""COMP|T4_REGIME_ANCHOR_TRANSITION|DOWN|4bbbee41161fafd4"", ""COMP|T4_REGIME_ANCHOR_TRANSITION|DOWN|500a182f32bcd91f"", ""COMP|T4_REGIME_ANCHOR_TRANSITION|DOWN|9ebfdfe80807326d"", ""COMP|T4_REGIME_ANCHOR_TRANSITION|DOWN|cf1df8a86c99caf1"", ""COMP|T4_REGIME_ANCHOR_TRANSITION|DOWN|f0b018f7c521332e"", ""COMP|T4_REGIME_ANCHOR_TRANSITION|DOWN|fc86bb09b0b4297c""]","[""COMP|T3_ANCHOR_TRANSITION|DOWN|a1cc7f38a60a3f0f"", ""COMP|T4_REGIME_ANCHOR_TRANSITION|DOWN|4bbbee41161fafd4"", ""COMP|T4_REGIME_ANCHOR_TRANSITION|DOWN|500a182f32bcd91f"", ""COMP|T4_REGIME_ANCHOR_TRANSITION|DOWN|9ebfdfe80807326d"", ""COMP|T4_REGIME_ANCHOR_TRANSITION|DOWN|cf1df8a86c99caf1"", ""COMP|T4_REGIME_ANCHOR_TRANSITION|DOWN|f0b018f7c521332e"", ""COMP|T4_REGIME_ANCHOR_TRANSITION|DOWN|f963da0f1eaac941"", ""COMP|T4_REGIME_ANCHOR_TRANSITION|DOWN|fc86bb09b0b4297c""]",EVENT_STREAM_JACCARD
NR-000341,DOWN,30m,9,0.95,COMP|T4_REGIME_ANCHOR_TRANSITION|DOWN|0ceb65358db4988e,"[""COMP|T3_ANCHOR_TRANSITION|DOWN|1b2ff5072042af80"", ""COMP|T4_REGIME_ANCHOR_TRANSITION|DOWN|213172326cb7fe79"", ""COMP|T4_REGIME_ANCHOR_TRANSITION|DOWN|344ba1725ddf99cc"", ""COMP|T4_REGIME_ANCHOR_TRANSITION|DOWN|3bcb0f3109e4e4da"", ""COMP|T4_REGIME_ANCHOR_TRANSITION|DOWN|3ea0da277f03a7d2"", ""COMP|T4_REGIME_ANCHOR_TRANSITION|DOWN|519d370a9ec08885"", ""COMP|T4_REGIME_ANCHOR_TRANSITION|DOWN|7f32d12a786d67cf"", ""COMP|T4_REGIME_ANCHOR_TRANSITION|DOWN|efb5bd657036793a""]","[""COMP|T3_ANCHOR_TRANSITION|DOWN|1b2ff5072042af80"", ""COMP|T4_REGIME_ANCHOR_TRANSITION|DOWN|0ceb65358db4988e"", ""COMP|T4_REGIME_ANCHOR_TRANSITION|DOWN|213172326cb7fe79"", ""COMP|T4_REGIME_ANCHOR_TRANSITION|DOWN|344ba1725ddf99cc"", ""COMP|T4_REGIME_ANCHOR_TRANSITION|DOWN|3bcb0f3109e4e4da"", ""COMP|T4_REGIME_ANCHOR_TRANSITION|DOWN|3ea0da277f03a7d2"", ""COMP|T4_REGIME_ANCHOR_TRANSITION|DOWN|519d370a9ec08885"", ""COMP|T4_REGIME_ANCHOR_TRANSITION|DOWN|7f32d12a786d67cf"", ""COMP|T4_REGIME_ANCHOR_TRANSITION|DOWN|efb5bd657036793a""]",EVENT_STREAM_JACCARD
NR-000342,DOWN,30m,2,0.95,COMP|T4_REGIME_ANCHOR_TRANSITION|DOWN|ce5d967f344c96c0,"[""COMP|T4_REGIME_ANCHOR_TRANSITION|DOWN|b240f59e8a8762e1""]","[""COMP|T4_REGIME_ANCHOR_TRANSITION|DOWN|b240f59e8a8762e1"", ""COMP|T4_REGIME_ANCHOR_TRANSITION|DOWN|ce5d967f344c96c0""]",EVENT_STREAM_JACCARD
NR-000343,DOWN,30m,12,0.95,COMP|T4_REGIME_ANCHOR_TRANSITION|DOWN|8006e1955682d29d,"[""COMP|T3_ANCHOR_TRANSITION|DOWN|d2e2b4a7e04b08dc"", ""COMP|T4_REGIME_ANCHOR_TRANSITION|DOWN|1332e7e36c15761b"", ""COMP|T4_REGIME_ANCHOR_TRANSITION|DOWN|1edb58ca00bf2295"", ""COMP|T4_REGIME_ANCHOR_TRANSITION|DOWN|2af56f28f6d28c48"", ""COMP|T4_REGIME_ANCHOR_TRANSITION|DOWN|36c6b07c459745c8"", ""COMP|T4_REGIME_ANCHOR_TRANSITION|DOWN|3833f0f74293bd44"", ""COMP|T4_REGIME_ANCHOR_TRANSITION|DOWN|477556af38dd2fbe"", ""COMP|T4_REGIME_ANCHOR_TRANSITION|DOWN|733c48feeb0b5b44"", ""COMP|T4_REGIME_ANCHOR_TRANSITION|DOWN|c571206c0988e921"", ""COMP|T4_REGIME_ANCHOR_TRANSITION|DOWN|c669e7a1730c0db6"", ""COMP|T4_REGIME_ANCHOR_TRANSITION|DOWN|dfa7bbce0d671dfb""]","[""COMP|T3_ANCHOR_TRANSITION|DOWN|d2e2b4a7e04b08dc"", ""COMP|T4_REGIME_ANCHOR_TRANSITION|DOWN|1332e7e36c15761b"", ""COMP|T4_REGIME_ANCHOR_TRANSITION|DOWN|1edb58ca00bf2295"", ""COMP|T4_REGIME_ANCHOR_TRANSITION|DOWN|2af56f28f6d28c48"", ""COMP|T4_REGIME_ANCHOR_TRANSITION|DOWN|36c6b07c459745c8"", ""COMP|T4_REGIME_ANCHOR_TRANSITION|DOWN|3833f0f74293bd44"", ""COMP|T4_REGIME_ANCHOR_TRANSITION|DOWN|477556af38dd2fbe"", ""COMP|T4_REGIME_ANCHOR_TRANSITION|DOWN|733c48feeb0b5b44"", ""COMP|T4_REGIME_ANCHOR_TRANSITION|DOWN|8006e1955682d29d"", ""COMP|T4_REGIME_ANCHOR_TRANSITION|DOWN|c571206c0988e921"", ""COMP|T4_REGIME_ANCHOR_TRANSITION|DOWN|c669e7a1730c0db6"", ""COMP|T4_REGIME_ANCHOR_TRANSITION|DOWN|dfa7bbce0d671dfb""]",EVENT_STREAM_JACCARD
NR-000344,DOWN,30m,9,0.95,COMP|T4_REGIME_ANCHOR_TRANSITION|DOWN|88dbd0eb5ad61938,"[""COMP|T3_ANCHOR_TRANSITION|DOWN|e0ef2c408a17f54d"", ""COMP|T4_REGIME_ANCHOR_TRANSITION|DOWN|13eac69de82218ed"", ""COMP|T4_REGIME_ANCHOR_TRANSITION|DOWN|2c6a260807f22a9e"", ""COMP|T4_REGIME_ANCHOR_TRANSITION|DOWN|402dbd0c7da344a4"", ""COMP|T4_REGIME_ANCHOR_TRANSITION|DOWN|67aa2ba4c36c87a6"", ""COMP|T4_REGIME_ANCHOR_TRANSITION|DOWN|8bb913c4dce210cd"", ""COMP|T4_REGIME_ANCHOR_TRANSITION|DOWN|93de534c6a80ab01"", ""COMP|T4_REGIME_ANCHOR_TRANSITION|DOWN|d30399d6431adcd1""]","[""COMP|T3_ANCHOR_TRANSITION|DOWN|e0ef2c408a17f54d"", ""COMP|T4_REGIME_ANCHOR_TRANSITION|DOWN|13eac69de82218ed"", ""COMP|T4_REGIME_ANCHOR_TRANSITION|DOWN|2c6a260807f22a9e"", ""COMP|T4_REGIME_ANCHOR_TRANSITION|DOWN|402dbd0c7da344a4"", ""COMP|T4_REGIME_ANCHOR_TRANSITION|DOWN|67aa2ba4c36c87a6"", ""COMP|T4_REGIME_ANCHOR_TRANSITION|DOWN|88dbd0eb5ad61938"", ""COMP|T4_REGIME_ANCHOR_TRANSITION|DOWN|8bb913c4dce210cd"", ""COMP|T4_REGIME_ANCHOR_TRANSITION|DOWN|93de534c6a80ab01"", ""COMP|T4_REGIME_ANCHOR_TRANSITION|DOWN|d30399d6431adcd1""]",EVENT_STREAM_JACCARD
NR-000345,DOWN,30m,2,0.95,COMP|T4_REGIME_ANCHOR_TRANSITION|DOWN|672f6191cbb5257a,"[""COMP|T4_REGIME_ANCHOR_TRANSITION|DOWN|a478a699778cf64e""]","[""COMP|T4_REGIME_ANCHOR_TRANSITION|DOWN|672f6191cbb5257a"", ""COMP|T4_REGIME_ANCHOR_TRANSITION|DOWN|a478a699778cf64e""]",EVENT_STREAM_JACCARD
NR-000346,DOWN,30m,11,0.95,COMP|T4_REGIME_ANCHOR_TRANSITION|DOWN|da84a56132ad5f23,"[""COMP|T3_ANCHOR_TRANSITION|DOWN|e766e41489e57569"", ""COMP|T4_REGIME_ANCHOR_TRANSITION|DOWN|0b6eb2c9cfb5429e"", ""COMP|T4_REGIME_ANCHOR_TRANSITION|DOWN|1fdcc0c7635605ce"", ""COMP|T4_REGIME_ANCHOR_TRANSITION|DOWN|3d51e163851a2fe7"", ""COMP|T4_REGIME_ANCHOR_TRANSITION|DOWN|5ccfcde7e867e7bc"", ""COMP|T4_REGIME_ANCHOR_TRANSITION|DOWN|627a3f9f11b5dc9c"", ""COMP|T4_REGIME_ANCHOR_TRANSITION|DOWN|756b5c7b03355549"", ""COMP|T4_REGIME_ANCHOR_TRANSITION|DOWN|7b1283926a754a62"", ""COMP|T4_REGIME_ANCHOR_TRANSITION|DOWN|9c1845384b14a819"", ""COMP|T4_REGIME_ANCHOR_TRANSITION|DOWN|f3beceff0c862f99""]","[""COMP|T3_ANCHOR_TRANSITION|DOWN|e766e41489e57569"", ""COMP|T4_REGIME_ANCHOR_TRANSITION|DOWN|0b6eb2c9cfb5429e"", ""COMP|T4_REGIME_ANCHOR_TRANSITION|DOWN|1fdcc0c7635605ce"", ""COMP|T4_REGIME_ANCHOR_TRANSITION|DOWN|3d51e163851a2fe7"", ""COMP|T4_REGIME_ANCHOR_TRANSITION|DOWN|5ccfcde7e867e7bc"", ""COMP|T4_REGIME_ANCHOR_TRANSITION|DOWN|627a3f9f11b5dc9c"", ""COMP|T4_REGIME_ANCHOR_TRANSITION|DOWN|756b5c7b03355549"", ""COMP|T4_REGIME_ANCHOR_TRANSITION|DOWN|7b1283926a754a62"", ""COMP|T4_REGIME_ANCHOR_TRANSITION|DOWN|9c1845384b14a819"", ""COMP|T4_REGIME_ANCHOR_TRANSITION|DOWN|da84a56132ad5f23"", ""COMP|T4_REGIME_ANCHOR_TRANSITION|DOWN|f3beceff0c862f99""]",EVENT_STREAM_JACCARD
NR-000347,DOWN,30m,9,0.95,COMP|T4_REGIME_ANCHOR_TRANSITION|DOWN|0ba604697f5a50ca,"[""COMP|T3_ANCHOR_TRANSITION|DOWN|69714a94e184dd2a"", ""COMP|T4_REGIME_ANCHOR_TRANSITION|DOWN|19d8a6f91f3f868b"", ""COMP|T4_REGIME_ANCHOR_TRANSITION|DOWN|24501fb75a9f9dad"", ""COMP|T4_REGIME_ANCHOR_TRANSITION|DOWN|5b6e667267da76d6"", ""COMP|T4_REGIME_ANCHOR_TRANSITION|DOWN|c19e1f4cddd5da15"", ""COMP|T4_REGIME_ANCHOR_TRANSITION|DOWN|ccda38d73ee56fef"", ""COMP|T4_REGIME_ANCHOR_TRANSITION|DOWN|d0dd200526037cac"", ""COMP|T4_REGIME_ANCHOR_TRANSITION|DOWN|daf297845884d0c7""]","[""COMP|T3_ANCHOR_TRANSITION|DOWN|69714a94e184dd2a"", ""COMP|T4_REGIME_ANCHOR_TRANSITION|DOWN|0ba604697f5a50ca"", ""COMP|T4_REGIME_ANCHOR_TRANSITION|DOWN|19d8a6f91f3f868b"", ""COMP|T4_REGIME_ANCHOR_TRANSITION|DOWN|24501fb75a9f9dad"", ""COMP|T4_REGIME_ANCHOR_TRANSITION|DOWN|5b6e667267da76d6"", ""COMP|T4_REGIME_ANCHOR_TRANSITION|DOWN|c19e1f4cddd5da15"", ""COMP|T4_REGIME_ANCHOR_TRANSITION|DOWN|ccda38d73ee56fef"", ""COMP|T4_REGIME_ANCHOR_TRANSITION|DOWN|d0dd200526037cac"", ""COMP|T4_REGIME_ANCHOR_TRANSITION|DOWN|daf297845884d0c7""]",EVENT_STREAM_JACCARD
NR-000348,DOWN,30m,2,0.95,COMP|T4_REGIME_ANCHOR_TRANSITION|DOWN|2d2bfa1ab721388c,"[""COMP|T4_REGIME_ANCHOR_TRANSITION|DOWN|827ed8280800812a""]","[""COMP|T4_REGIME_ANCHOR_TRANSITION|DOWN|2d2bfa1ab721388c"", ""COMP|T4_REGIME_ANCHOR_TRANSITION|DOWN|827ed8280800812a""]",EVENT_STREAM_JACCARD
NR-000349,DOWN,30m,2,0.95,COMP|T4_REGIME_ANCHOR_TRANSITION|DOWN|eca560cb4b60188b,"[""COMP|T4_REGIME_ANCHOR_TRANSITION|DOWN|e739c41cc36fa581""]","[""COMP|T4_REGIME_ANCHOR_TRANSITION|DOWN|e739c41cc36fa581"", ""COMP|T4_REGIME_ANCHOR_TRANSITION|DOWN|eca560cb4b60188b""]",EVENT_STREAM_JACCARD
NR-000350,DOWN,30m,8,0.95,COMP|T4_REGIME_ANCHOR_TRANSITION|DOWN|0f81d44aa5abceb3,"[""COMP|T3_ANCHOR_TRANSITION|DOWN|48156718969562c9"", ""COMP|T4_REGIME_ANCHOR_TRANSITION|DOWN|256796c04e7718f9"", ""COMP|T4_REGIME_ANCHOR_TRANSITION|DOWN|28130c3c95df987d"", ""COMP|T4_REGIME_ANCHOR_TRANSITION|DOWN|3beb958684fc71b0"", ""COMP|T4_REGIME_ANCHOR_TRANSITION|DOWN|3d4e5ba82461346f"", ""COMP|T4_REGIME_ANCHOR_TRANSITION|DOWN|7a946e5dbb23b46d"", ""COMP|T4_REGIME_ANCHOR_TRANSITION|DOWN|b5241d50c7db0a37""]","[""COMP|T3_ANCHOR_TRANSITION|DOWN|48156718969562c9"", ""COMP|T4_REGIME_ANCHOR_TRANSITION|DOWN|0f81d44aa5abceb3"", ""COMP|T4_REGIME_ANCHOR_TRANSITION|DOWN|256796c04e7718f9"", ""COMP|T4_REGIME_ANCHOR_TRANSITION|DOWN|28130c3c95df987d"", ""COMP|T4_REGIME_ANCHOR_TRANSITION|DOWN|3beb958684fc71b0"", ""COMP|T4_REGIME_ANCHOR_TRANSITION|DOWN|3d4e5ba82461346f"", ""COMP|T4_REGIME_ANCHOR_TRANSITION|DOWN|7a946e5dbb23b46d"", ""COMP|T4_REGIME_ANCHOR_TRANSITION|DOWN|b5241d50c7db0a37""]",EVENT_STREAM_JACCARD
NR-000351,DOWN,30m,8,0.95,COMP|T4_REGIME_ANCHOR_TRANSITION|DOWN|68908bcaf5acc73d,"[""COMP|T3_ANCHOR_TRANSITION|DOWN|69e904ddee79905b"", ""COMP|T4_REGIME_ANCHOR_TRANSITION|DOWN|0a7dbee8475e44ae"", ""COMP|T4_REGIME_ANCHOR_TRANSITION|DOWN|155ccd3a3a5fc501"", ""COMP|T4_REGIME_ANCHOR_TRANSITION|DOWN|4d7a000b3ea09cf1"", ""COMP|T4_REGIME_ANCHOR_TRANSITION|DOWN|80817a1841e5d3b8"", ""COMP|T4_REGIME_ANCHOR_TRANSITION|DOWN|8823e877904ec2ec"", ""COMP|T4_REGIME_ANCHOR_TRANSITION|DOWN|e35d82db49090431""]","[""COMP|T3_ANCHOR_TRANSITION|DOWN|69e904ddee79905b"", ""COMP|T4_REGIME_ANCHOR_TRANSITION|DOWN|0a7dbee8475e44ae"", ""COMP|T4_REGIME_ANCHOR_TRANSITION|DOWN|155ccd3a3a5fc501"", ""COMP|T4_REGIME_ANCHOR_TRANSITION|DOWN|4d7a000b3ea09cf1"", ""COMP|T4_REGIME_ANCHOR_TRANSITION|DOWN|68908bcaf5acc73d"", ""COMP|T4_REGIME_ANCHOR_TRANSITION|DOWN|80817a1841e5d3b8"", ""COMP|T4_REGIME_ANCHOR_TRANSITION|DOWN|8823e877904ec2ec"", ""COMP|T4_REGIME_ANCHOR_TRANSITION|DOWN|e35d82db49090431""]",EVENT_STREAM_JACCARD
NR-000352,DOWN,30m,10,0.95,COMP|T4_REGIME_ANCHOR_TRANSITION|DOWN|cc32d90fb85d0544,"[""COMP|T3_ANCHOR_TRANSITION|DOWN|2ce9f207b403d624"", ""COMP|T4_REGIME_ANCHOR_TRANSITION|DOWN|14806d1651c8d85e"", ""COMP|T4_REGIME_ANCHOR_TRANSITION|DOWN|15a6d8c990e0e72e"", ""COMP|T4_REGIME_ANCHOR_TRANSITION|DOWN|15fb7d2b14af12db"", ""COMP|T4_REGIME_ANCHOR_TRANSITION|DOWN|2dd61a96d80ffc51"", ""COMP|T4_REGIME_ANCHOR_TRANSITION|DOWN|87de51e227f2fd79"", ""COMP|T4_REGIME_ANCHOR_TRANSITION|DOWN|9cc6e7bcaecfeee9"", ""COMP|T4_REGIME_ANCHOR_TRANSITION|DOWN|ce4abfc45ac1575f"", ""COMP|T4_REGIME_ANCHOR_TRANSITION|DOWN|db022337edd3c7ff""]","[""COMP|T3_ANCHOR_TRANSITION|DOWN|2ce9f207b403d624"", ""COMP|T4_REGIME_ANCHOR_TRANSITION|DOWN|14806d1651c8d85e"", ""COMP|T4_REGIME_ANCHOR_TRANSITION|DOWN|15a6d8c990e0e72e"", ""COMP|T4_REGIME_ANCHOR_TRANSITION|DOWN|15fb7d2b14af12db"", ""COMP|T4_REGIME_ANCHOR_TRANSITION|DOWN|2dd61a96d80ffc51"", ""COMP|T4_REGIME_ANCHOR_TRANSITION|DOWN|87de51e227f2fd79"", ""COMP|T4_REGIME_ANCHOR_TRANSITION|DOWN|9cc6e7bcaecfeee9"", ""COMP|T4_REGIME_ANCHOR_TRANSITION|DOWN|cc32d90fb85d0544"", ""COMP|T4_REGIME_ANCHOR_TRANSITION|DOWN|ce4abfc45ac1575f"", ""COMP|T4_REGIME_ANCHOR_TRANSITION|DOWN|db022337edd3c7ff""]",EVENT_STREAM_JACCARD
NR-000353,DOWN,30m,8,0.95,COMP|T4_REGIME_ANCHOR_TRANSITION|DOWN|646ef707ecf8de80,"[""COMP|T3_ANCHOR_TRANSITION|DOWN|b9e3530c9aa3db6d"", ""COMP|T4_REGIME_ANCHOR_TRANSITION|DOWN|1b204af4bf1dc268"", ""COMP|T4_REGIME_ANCHOR_TRANSITION|DOWN|210701635e228ca6"", ""COMP|T4_REGIME_ANCHOR_TRANSITION|DOWN|5a1f1a984ad589d0"", ""COMP|T4_REGIME_ANCHOR_TRANSITION|DOWN|6bc1e8e7a5368120"", ""COMP|T4_REGIME_ANCHOR_TRANSITION|DOWN|e1dae48aa39cd966"", ""COMP|T4_REGIME_ANCHOR_TRANSITION|DOWN|ead90cb206c881ee""]","[""COMP|T3_ANCHOR_TRANSITION|DOWN|b9e3530c9aa3db6d"", ""COMP|T4_REGIME_ANCHOR_TRANSITION|DOWN|1b204af4bf1dc268"", ""COMP|T4_REGIME_ANCHOR_TRANSITION|DOWN|210701635e228ca6"", ""COMP|T4_REGIME_ANCHOR_TRANSITION|DOWN|5a1f1a984ad589d0"", ""COMP|T4_REGIME_ANCHOR_TRANSITION|DOWN|646ef707ecf8de80"", ""COMP|T4_REGIME_ANCHOR_TRANSITION|DOWN|6bc1e8e7a5368120"", ""COMP|T4_REGIME_ANCHOR_TRANSITION|DOWN|e1dae48aa39cd966"", ""COMP|T4_REGIME_ANCHOR_TRANSITION|DOWN|ead90cb206c881ee""]",EVENT_STREAM_JACCARD
NR-000354,DOWN,30m,10,0.95,COMP|T4_REGIME_ANCHOR_TRANSITION|DOWN|9064e39237c844c6,"[""COMP|T3_ANCHOR_TRANSITION|DOWN|399a24adea58951d"", ""COMP|T4_REGIME_ANCHOR_TRANSITION|DOWN|20304e9f90590862"", ""COMP|T4_REGIME_ANCHOR_TRANSITION|DOWN|2b86382f51006796"", ""COMP|T4_REGIME_ANCHOR_TRANSITION|DOWN|42f576b1b01bcdee"", ""COMP|T4_REGIME_ANCHOR_TRANSITION|DOWN|4c3cc663d0404873"", ""COMP|T4_REGIME_ANCHOR_TRANSITION|DOWN|5bd9f05ece35f7f8"", ""COMP|T4_REGIME_ANCHOR_TRANSITION|DOWN|a5cb5a35d345c7eb"", ""COMP|T4_REGIME_ANCHOR_TRANSITION|DOWN|f790d34bd2db20d5"", ""COMP|T4_REGIME_ANCHOR_TRANSITION|DOWN|fa7d6201ae6bfc0c""]","[""COMP|T3_ANCHOR_TRANSITION|DOWN|399a24adea58951d"", ""COMP|T4_REGIME_ANCHOR_TRANSITION|DOWN|20304e9f90590862"", ""COMP|T4_REGIME_ANCHOR_TRANSITION|DOWN|2b86382f51006796"", ""COMP|T4_REGIME_ANCHOR_TRANSITION|DOWN|42f576b1b01bcdee"", ""COMP|T4_REGIME_ANCHOR_TRANSITION|DOWN|4c3cc663d0404873"", ""COMP|T4_REGIME_ANCHOR_TRANSITION|DOWN|5bd9f05ece35f7f8"", ""COMP|T4_REGIME_ANCHOR_TRANSITION|DOWN|9064e39237c844c6"", ""COMP|T4_REGIME_ANCHOR_TRANSITION|DOWN|a5cb5a35d345c7eb"", ""COMP|T4_REGIME_ANCHOR_TRANSITION|DOWN|f790d34bd2db20d5"", ""COMP|T4_REGIME_ANCHOR_TRANSITION|DOWN|fa7d6201ae6bfc0c""]",EVENT_STREAM_JACCARD
NR-000355,DOWN,30m,9,0.95,COMP|T4_REGIME_ANCHOR_TRANSITION|DOWN|7723d79aa2229061,"[""COMP|T3_ANCHOR_TRANSITION|DOWN|28427a399653b3ab"", ""COMP|T4_REGIME_ANCHOR_TRANSITION|DOWN|26cb7136c199ee16"", ""COMP|T4_REGIME_ANCHOR_TRANSITION|DOWN|40d2ddad143920d3"", ""COMP|T4_REGIME_ANCHOR_TRANSITION|DOWN|6464e26c79cd7650"", ""COMP|T4_REGIME_ANCHOR_TRANSITION|DOWN|75d89847733a1971"", ""COMP|T4_REGIME_ANCHOR_TRANSITION|DOWN|870c1df798023333"", ""COMP|T4_REGIME_ANCHOR_TRANSITION|DOWN|8d563c4d014dac2a"", ""COMP|T4_REGIME_ANCHOR_TRANSITION|DOWN|95f95cf30aedb1b5""]","[""COMP|T3_ANCHOR_TRANSITION|DOWN|28427a399653b3ab"", ""COMP|T4_REGIME_ANCHOR_TRANSITION|DOWN|26cb7136c199ee16"", ""COMP|T4_REGIME_ANCHOR_TRANSITION|DOWN|40d2ddad143920d3"", ""COMP|T4_REGIME_ANCHOR_TRANSITION|DOWN|6464e26c79cd7650"", ""COMP|T4_REGIME_ANCHOR_TRANSITION|DOWN|75d89847733a1971"", ""COMP|T4_REGIME_ANCHOR_TRANSITION|DOWN|7723d79aa2229061"", ""COMP|T4_REGIME_ANCHOR_TRANSITION|DOWN|870c1df798023333"", ""COMP|T4_REGIME_ANCHOR_TRANSITION|DOWN|8d563c4d014dac2a"", ""COMP|T4_REGIME_ANCHOR_TRANSITION|DOWN|95f95cf30aedb1b5""]",EVENT_STREAM_JACCARD
NR-000356,DOWN,30m,9,0.95,COMP|T4_REGIME_ANCHOR_TRANSITION|DOWN|cb480b3c3e83bd23,"[""COMP|T3_ANCHOR_TRANSITION|DOWN|46e686f5d0e39d33"", ""COMP|T4_REGIME_ANCHOR_TRANSITION|DOWN|15fe3096ea390724"", ""COMP|T4_REGIME_ANCHOR_TRANSITION|DOWN|2d8192988a46812e"", ""COMP|T4_REGIME_ANCHOR_TRANSITION|DOWN|4da4b05aed7e4c5c"", ""COMP|T4_REGIME_ANCHOR_TRANSITION|DOWN|8ef64676962aa6e9"", ""COMP|T4_REGIME_ANCHOR_TRANSITION|DOWN|cb8fba0ad9da0ac8"", ""COMP|T4_REGIME_ANCHOR_TRANSITION|DOWN|cda31958df958061"", ""COMP|T4_REGIME_ANCHOR_TRANSITION|DOWN|ce256aed4ee86ee5""]","[""COMP|T3_ANCHOR_TRANSITION|DOWN|46e686f5d0e39d33"", ""COMP|T4_REGIME_ANCHOR_TRANSITION|DOWN|15fe3096ea390724"", ""COMP|T4_REGIME_ANCHOR_TRANSITION|DOWN|2d8192988a46812e"", ""COMP|T4_REGIME_ANCHOR_TRANSITION|DOWN|4da4b05aed7e4c5c"", ""COMP|T4_REGIME_ANCHOR_TRANSITION|DOWN|8ef64676962aa6e9"", ""COMP|T4_REGIME_ANCHOR_TRANSITION|DOWN|cb480b3c3e83bd23"", ""COMP|T4_REGIME_ANCHOR_TRANSITION|DOWN|cb8fba0ad9da0ac8"", ""COMP|T4_REGIME_ANCHOR_TRANSITION|DOWN|cda31958df958061"", ""COMP|T4_REGIME_ANCHOR_TRANSITION|DOWN|ce256aed4ee86ee5""]",EVENT_STREAM_JACCARD
NR-000357,DOWN,30m,15,0.95,COMP|T4_REGIME_ANCHOR_TRANSITION|DOWN|e59cc8cfc101f4ff,"[""COMP|T3_ANCHOR_TRANSITION|DOWN|79d83b1624d2675e"", ""COMP|T3_ANCHOR_TRANSITION|DOWN|f57d81ccf90c710c"", ""COMP|T4_REGIME_ANCHOR_TRANSITION|DOWN|08db6c5e518ae52b"", ""COMP|T4_REGIME_ANCHOR_TRANSITION|DOWN|1e91fa423d7f72d5"", ""COMP|T4_REGIME_ANCHOR_TRANSITION|DOWN|2286435aa871ee68"", ""COMP|T4_REGIME_ANCHOR_TRANSITION|DOWN|27913c5f3e27a221"", ""COMP|T4_REGIME_ANCHOR_TRANSITION|DOWN|4e02f2bb07b32255"", ""COMP|T4_REGIME_ANCHOR_TRANSITION|DOWN|4f301728369988a8"", ""COMP|T4_REGIME_ANCHOR_TRANSITION|DOWN|861ae7bdc9c67691"", ""COMP|T4_REGIME_ANCHOR_TRANSITION|DOWN|8daee839ae7b62d9"", ""COMP|T4_REGIME_ANCHOR_TRANSITION|DOWN|8fbb5376cc85fcbe"", ""COMP|T4_REGIME_ANCHOR_TRANSITION|DOWN|bcd62f5f765df628"", ""COMP|T4_REGIME_ANCHOR_TRANSITION|DOWN|d587837c3f03bd5f"", ""COMP|T4_REGIME_ANCHOR_TRANSITION|DOWN|f4c64f0fede73f3c""]","[""COMP|T3_ANCHOR_TRANSITION|DOWN|79d83b1624d2675e"", ""COMP|T3_ANCHOR_TRANSITION|DOWN|f57d81ccf90c710c"", ""COMP|T4_REGIME_ANCHOR_TRANSITION|DOWN|08db6c5e518ae52b"", ""COMP|T4_REGIME_ANCHOR_TRANSITION|DOWN|1e91fa423d7f72d5"", ""COMP|T4_REGIME_ANCHOR_TRANSITION|DOWN|2286435aa871ee68"", ""COMP|T4_REGIME_ANCHOR_TRANSITION|DOWN|27913c5f3e27a221"", ""COMP|T4_REGIME_ANCHOR_TRANSITION|DOWN|4e02f2bb07b32255"", ""COMP|T4_REGIME_ANCHOR_TRANSITION|DOWN|4f301728369988a8"", ""COMP|T4_REGIME_ANCHOR_TRANSITION|DOWN|861ae7bdc9c67691"", ""COMP|T4_REGIME_ANCHOR_TRANSITION|DOWN|8daee839ae7b62d9"", ""COMP|T4_REGIME_ANCHOR_TRANSITION|DOWN|8fbb5376cc85fcbe"", ""COMP|T4_REGIME_ANCHOR_TRANSITION|DOWN|bcd62f5f765df628"", ""COMP|T4_REGIME_ANCHOR_TRANSITION|DOWN|d587837c3f03bd5f"", ""COMP|T4_REGIME_ANCHOR_TRANSITION|DOWN|e59cc8cfc101f4ff"", ""COMP|T4_REGIME_ANCHOR_TRANSITION|DOWN|f4c64f0fede73f3c""]",EVENT_STREAM_JACCARD
NR-000358,DOWN,30m,7,0.95,COMP|T4_REGIME_ANCHOR_TRANSITION|DOWN|806daea57daabc48,"[""COMP|T3_ANCHOR_TRANSITION|DOWN|495ad8a1efe93871"", ""COMP|T4_REGIME_ANCHOR_TRANSITION|DOWN|11cdbebdeab1907a"", ""COMP|T4_REGIME_ANCHOR_TRANSITION|DOWN|5b1be81b9102ed63"", ""COMP|T4_REGIME_ANCHOR_TRANSITION|DOWN|a4ed365b1b6b491f"", ""COMP|T4_REGIME_ANCHOR_TRANSITION|DOWN|e38e99a600f55d34"", ""COMP|T4_REGIME_ANCHOR_TRANSITION|DOWN|ffa1ef21cd0977c1""]","[""COMP|T3_ANCHOR_TRANSITION|DOWN|495ad8a1efe93871"", ""COMP|T4_REGIME_ANCHOR_TRANSITION|DOWN|11cdbebdeab1907a"", ""COMP|T4_REGIME_ANCHOR_TRANSITION|DOWN|5b1be81b9102ed63"", ""COMP|T4_REGIME_ANCHOR_TRANSITION|DOWN|806daea57daabc48"", ""COMP|T4_REGIME_ANCHOR_TRANSITION|DOWN|a4ed365b1b6b491f"", ""COMP|T4_REGIME_ANCHOR_TRANSITION|DOWN|e38e99a600f55d34"", ""COMP|T4_REGIME_ANCHOR_TRANSITION|DOWN|ffa1ef21cd0977c1""]",EVENT_STREAM_JACCARD
NR-000359,DOWN,30m,17,0.95,COMP|T4_REGIME_ANCHOR_TRANSITION|DOWN|cbf9eb15c55edfd9,"[""COMP|T3_ANCHOR_TRANSITION|DOWN|7bd3d276f33225e7"", ""COMP|T3_ANCHOR_TRANSITION|DOWN|9f27e57d96350d16"", ""COMP|T4_REGIME_ANCHOR_TRANSITION|DOWN|005389a6a3946a13"", ""COMP|T4_REGIME_ANCHOR_TRANSITION|DOWN|0354ca6678b5a628"", ""COMP|T4_REGIME_ANCHOR_TRANSITION|DOWN|05ee332657652626"", ""COMP|T4_REGIME_ANCHOR_TRANSITION|DOWN|0b3df23a6dfab683"", ""COMP|T4_REGIME_ANCHOR_TRANSITION|DOWN|174817ec7c8141cd"", ""COMP|T4_REGIME_ANCHOR_TRANSITION|DOWN|1ec848e9c2777f16"", ""COMP|T4_REGIME_ANCHOR_TRANSITION|DOWN|399a34766ecb703a"", ""COMP|T4_REGIME_ANCHOR_TRANSITION|DOWN|3a4b97b272eded5c"", ""COMP|T4_REGIME_ANCHOR_TRANSITION|DOWN|3fbfc484501b8cf5"", ""COMP|T4_REGIME_ANCHOR_TRANSITION|DOWN|a5ca0c7376121afd"", ""COMP|T4_REGIME_ANCHOR_TRANSITION|DOWN|a5e9cd4bbe9f7260"", ""COMP|T4_REGIME_ANCHOR_TRANSITION|DOWN|b0d48b1429863011"", ""COMP|T4_REGIME_ANCHOR_TRANSITION|DOWN|c05a4beb54d8fe1f"", ""COMP|T4_REGIME_ANCHOR_TRANSITION|DOWN|e933dfbc91d9dc4e""]","[""COMP|T3_ANCHOR_TRANSITION|DOWN|7bd3d276f33225e7"", ""COMP|T3_ANCHOR_TRANSITION|DOWN|9f27e57d96350d16"", ""COMP|T4_REGIME_ANCHOR_TRANSITION|DOWN|005389a6a3946a13"", ""COMP|T4_REGIME_ANCHOR_TRANSITION|DOWN|0354ca6678b5a628"", ""COMP|T4_REGIME_ANCHOR_TRANSITION|DOWN|05ee332657652626"", ""COMP|T4_REGIME_ANCHOR_TRANSITION|DOWN|0b3df23a6dfab683"", ""COMP|T4_REGIME_ANCHOR_TRANSITION|DOWN|174817ec7c8141cd"", ""COMP|T4_REGIME_ANCHOR_TRANSITION|DOWN|1ec848e9c2777f16"", ""COMP|T4_REGIME_ANCHOR_TRANSITION|DOWN|399a34766ecb703a"", ""COMP|T4_REGIME_ANCHOR_TRANSITION|DOWN|3a4b97b272eded5c"", ""COMP|T4_REGIME_ANCHOR_TRANSITION|DOWN|3fbfc484501b8cf5"", ""COMP|T4_REGIME_ANCHOR_TRANSITION|DOWN|a5ca0c7376121afd"", ""COMP|T4_REGIME_ANCHOR_TRANSITION|DOWN|a5e9cd4bbe9f7260"", ""COMP|T4_REGIME_ANCHOR_TRANSITION|DOWN|b0d48b1429863011"", ""COMP|T4_REGIME_ANCHOR_TRANSITION|DOWN|c05a4beb54d8fe1f"", ""COMP|T4_REGIME_ANCHOR_TRANSITION|DOWN|cbf9eb15c55edfd9"", ""COMP|T4_REGIME_ANCHOR_TRANSITION|DOWN|e933dfbc91d9dc4e""]",EVENT_STREAM_JACCARD
NR-000360,DOWN,30m,2,0.95,COMP|T4_REGIME_ANCHOR_TRANSITION|DOWN|2755a6c04d65606c,"[""COMP|T4_REGIME_ANCHOR_TRANSITION|DOWN|d53b9bea090f480e""]","[""COMP|T4_REGIME_ANCHOR_TRANSITION|DOWN|2755a6c04d65606c"", ""COMP|T4_REGIME_ANCHOR_TRANSITION|DOWN|d53b9bea090f480e""]",EVENT_STREAM_JACCARD
NR-000361,DOWN,30m,2,0.95,COMP|T4_REGIME_ANCHOR_TRANSITION|DOWN|d65806358ee75507,"[""COMP|T4_REGIME_ANCHOR_TRANSITION|DOWN|a847d14d3f155bf7""]","[""COMP|T4_REGIME_ANCHOR_TRANSITION|DOWN|a847d14d3f155bf7"", ""COMP|T4_REGIME_ANCHOR_TRANSITION|DOWN|d65806358ee75507""]",EVENT_STREAM_JACCARD
NR-000362,DOWN,30m,8,0.95,COMP|T4_REGIME_ANCHOR_TRANSITION|DOWN|cefca9b2e12a459b,"[""COMP|T3_ANCHOR_TRANSITION|DOWN|60699983c7d82c06"", ""COMP|T4_REGIME_ANCHOR_TRANSITION|DOWN|17e656641be4ba9b"", ""COMP|T4_REGIME_ANCHOR_TRANSITION|DOWN|1e68c1ef399bbaa8"", ""COMP|T4_REGIME_ANCHOR_TRANSITION|DOWN|5ac912d9d6ea7825"", ""COMP|T4_REGIME_ANCHOR_TRANSITION|DOWN|646261d26895b2bd"", ""COMP|T4_REGIME_ANCHOR_TRANSITION|DOWN|a9dbecf530174f88"", ""COMP|T4_REGIME_ANCHOR_TRANSITION|DOWN|bac0977ce44209cd""]","[""COMP|T3_ANCHOR_TRANSITION|DOWN|60699983c7d82c06"", ""COMP|T4_REGIME_ANCHOR_TRANSITION|DOWN|17e656641be4ba9b"", ""COMP|T4_REGIME_ANCHOR_TRANSITION|DOWN|1e68c1ef399bbaa8"", ""COMP|T4_REGIME_ANCHOR_TRANSITION|DOWN|5ac912d9d6ea7825"", ""COMP|T4_REGIME_ANCHOR_TRANSITION|DOWN|646261d26895b2bd"", ""COMP|T4_REGIME_ANCHOR_TRANSITION|DOWN|a9dbecf530174f88"", ""COMP|T4_REGIME_ANCHOR_TRANSITION|DOWN|bac0977ce44209cd"", ""COMP|T4_REGIME_ANCHOR_TRANSITION|DOWN|cefca9b2e12a459b""]",EVENT_STREAM_JACCARD
NR-000363,DOWN,30m,10,0.95,COMP|T4_REGIME_ANCHOR_TRANSITION|DOWN|8a1587ffbfb104a1,"[""COMP|T3_ANCHOR_TRANSITION|DOWN|567e41b190acf7b7"", ""COMP|T4_REGIME_ANCHOR_TRANSITION|DOWN|038685d163aa5425"", ""COMP|T4_REGIME_ANCHOR_TRANSITION|DOWN|152e0b925b9ca109"", ""COMP|T4_REGIME_ANCHOR_TRANSITION|DOWN|3fa3b68f2f3d79db"", ""COMP|T4_REGIME_ANCHOR_TRANSITION|DOWN|48680648a5c0d884"", ""COMP|T4_REGIME_ANCHOR_TRANSITION|DOWN|52f19f7edf98d830"", ""COMP|T4_REGIME_ANCHOR_TRANSITION|DOWN|86c61f968cf39a81"", ""COMP|T4_REGIME_ANCHOR_TRANSITION|DOWN|939e4a88c6f84abe"", ""COMP|T4_REGIME_ANCHOR_TRANSITION|DOWN|d2ea32daf0a5fae4""]","[""COMP|T3_ANCHOR_TRANSITION|DOWN|567e41b190acf7b7"", ""COMP|T4_REGIME_ANCHOR_TRANSITION|DOWN|038685d163aa5425"", ""COMP|T4_REGIME_ANCHOR_TRANSITION|DOWN|152e0b925b9ca109"", ""COMP|T4_REGIME_ANCHOR_TRANSITION|DOWN|3fa3b68f2f3d79db"", ""COMP|T4_REGIME_ANCHOR_TRANSITION|DOWN|48680648a5c0d884"", ""COMP|T4_REGIME_ANCHOR_TRANSITION|DOWN|52f19f7edf98d830"", ""COMP|T4_REGIME_ANCHOR_TRANSITION|DOWN|86c61f968cf39a81"", ""COMP|T4_REGIME_ANCHOR_TRANSITION|DOWN|8a1587ffbfb104a1"", ""COMP|T4_REGIME_ANCHOR_TRANSITION|DOWN|939e4a88c6f84abe"", ""COMP|T4_REGIME_ANCHOR_TRANSITION|DOWN|d2ea32daf0a5fae4""]",EVENT_STREAM_JACCARD
NR-000364,DOWN,30m,2,0.95,COMP|T4_REGIME_ANCHOR_TRANSITION|DOWN|cb1f068bdfb5c3dd,"[""COMP|T4_REGIME_ANCHOR_TRANSITION|DOWN|63fce52381ed28a0""]","[""COMP|T4_REGIME_ANCHOR_TRANSITION|DOWN|63fce52381ed28a0"", ""COMP|T4_REGIME_ANCHOR_TRANSITION|DOWN|cb1f068bdfb5c3dd""]",EVENT_STREAM_JACCARD
NR-000365,DOWN,30m,11,0.95,COMP|T4_REGIME_ANCHOR_TRANSITION|DOWN|230d697cfb071fa7,"[""COMP|T3_ANCHOR_TRANSITION|DOWN|7484bd7b3eb0a794"", ""COMP|T4_REGIME_ANCHOR_TRANSITION|DOWN|3c0d8cd6121bc829"", ""COMP|T4_REGIME_ANCHOR_TRANSITION|DOWN|68a1f4698e1d7dbe"", ""COMP|T4_REGIME_ANCHOR_TRANSITION|DOWN|6b271d64587e9551"", ""COMP|T4_REGIME_ANCHOR_TRANSITION|DOWN|903898d2e9631046"", ""COMP|T4_REGIME_ANCHOR_TRANSITION|DOWN|a6c6786ec5ff70fa"", ""COMP|T4_REGIME_ANCHOR_TRANSITION|DOWN|c24418382b53dcf6"", ""COMP|T4_REGIME_ANCHOR_TRANSITION|DOWN|c90bd85d7c971840"", ""COMP|T4_REGIME_ANCHOR_TRANSITION|DOWN|d067d5de8899f095"", ""COMP|T4_REGIME_ANCHOR_TRANSITION|DOWN|d0ccd2fcb24a9ecc""]","[""COMP|T3_ANCHOR_TRANSITION|DOWN|7484bd7b3eb0a794"", ""COMP|T4_REGIME_ANCHOR_TRANSITION|DOWN|230d697cfb071fa7"", ""COMP|T4_REGIME_ANCHOR_TRANSITION|DOWN|3c0d8cd6121bc829"", ""COMP|T4_REGIME_ANCHOR_TRANSITION|DOWN|68a1f4698e1d7dbe"", ""COMP|T4_REGIME_ANCHOR_TRANSITION|DOWN|6b271d64587e9551"", ""COMP|T4_REGIME_ANCHOR_TRANSITION|DOWN|903898d2e9631046"", ""COMP|T4_REGIME_ANCHOR_TRANSITION|DOWN|a6c6786ec5ff70fa"", ""COMP|T4_REGIME_ANCHOR_TRANSITION|DOWN|c24418382b53dcf6"", ""COMP|T4_REGIME_ANCHOR_TRANSITION|DOWN|c90bd85d7c971840"", ""COMP|T4_REGIME_ANCHOR_TRANSITION|DOWN|d067d5de8899f095"", ""COMP|T4_REGIME_ANCHOR_TRANSITION|DOWN|d0ccd2fcb24a9ecc""]",EVENT_STREAM_JACCARD
NR-000366,DOWN,30m,2,0.95,COMP|T4_REGIME_ANCHOR_TRANSITION|DOWN|17c76a396fa50d3f,"[""COMP|T4_REGIME_ANCHOR_TRANSITION|DOWN|053bdd0271b74a40""]","[""COMP|T4_REGIME_ANCHOR_TRANSITION|DOWN|053bdd0271b74a40"", ""COMP|T4_REGIME_ANCHOR_TRANSITION|DOWN|17c76a396fa50d3f""]",EVENT_STREAM_JACCARD
NR-000367,DOWN,30m,8,0.95,COMP|T4_REGIME_ANCHOR_TRANSITION|DOWN|ad159b5ce3b334a1,"[""COMP|T3_ANCHOR_TRANSITION|DOWN|215e1c39d7f4ae81"", ""COMP|T4_REGIME_ANCHOR_TRANSITION|DOWN|2a183e81b2976739"", ""COMP|T4_REGIME_ANCHOR_TRANSITION|DOWN|3992dce55bb35cef"", ""COMP|T4_REGIME_ANCHOR_TRANSITION|DOWN|414e04fdb6609610"", ""COMP|T4_REGIME_ANCHOR_TRANSITION|DOWN|55dbbd1ab12a6910"", ""COMP|T4_REGIME_ANCHOR_TRANSITION|DOWN|5c677b08b3fbb214"", ""COMP|T4_REGIME_ANCHOR_TRANSITION|DOWN|93ce8c17859dad31""]","[""COMP|T3_ANCHOR_TRANSITION|DOWN|215e1c39d7f4ae81"", ""COMP|T4_REGIME_ANCHOR_TRANSITION|DOWN|2a183e81b2976739"", ""COMP|T4_REGIME_ANCHOR_TRANSITION|DOWN|3992dce55bb35cef"", ""COMP|T4_REGIME_ANCHOR_TRANSITION|DOWN|414e04fdb6609610"", ""COMP|T4_REGIME_ANCHOR_TRANSITION|DOWN|55dbbd1ab12a6910"", ""COMP|T4_REGIME_ANCHOR_TRANSITION|DOWN|5c677b08b3fbb214"", ""COMP|T4_REGIME_ANCHOR_TRANSITION|DOWN|93ce8c17859dad31"", ""COMP|T4_REGIME_ANCHOR_TRANSITION|DOWN|ad159b5ce3b334a1""]",EVENT_STREAM_JACCARD
NR-000368,DOWN,30m,11,0.95,COMP|T4_REGIME_ANCHOR_TRANSITION|DOWN|32cb1cff17f06938,"[""COMP|T3_ANCHOR_TRANSITION|DOWN|5628584f23e048f5"", ""COMP|T4_REGIME_ANCHOR_TRANSITION|DOWN|022648d91925ea04"", ""COMP|T4_REGIME_ANCHOR_TRANSITION|DOWN|2c80080434e0b330"", ""COMP|T4_REGIME_ANCHOR_TRANSITION|DOWN|37e59ff1f6d518cc"", ""COMP|T4_REGIME_ANCHOR_TRANSITION|DOWN|53ad45247035c508"", ""COMP|T4_REGIME_ANCHOR_TRANSITION|DOWN|53e4263e830f58df"", ""COMP|T4_REGIME_ANCHOR_TRANSITION|DOWN|67a6234bfcd78cca"", ""COMP|T4_REGIME_ANCHOR_TRANSITION|DOWN|78c06f0e60a8014c"", ""COMP|T4_REGIME_ANCHOR_TRANSITION|DOWN|7ebae1e68d09fb2d"", ""COMP|T4_REGIME_ANCHOR_TRANSITION|DOWN|cc258a784afeb9eb""]","[""COMP|T3_ANCHOR_TRANSITION|DOWN|5628584f23e048f5"", ""COMP|T4_REGIME_ANCHOR_TRANSITION|DOWN|022648d91925ea04"", ""COMP|T4_REGIME_ANCHOR_TRANSITION|DOWN|2c80080434e0b330"", ""COMP|T4_REGIME_ANCHOR_TRANSITION|DOWN|32cb1cff17f06938"", ""COMP|T4_REGIME_ANCHOR_TRANSITION|DOWN|37e59ff1f6d518cc"", ""COMP|T4_REGIME_ANCHOR_TRANSITION|DOWN|53ad45247035c508"", ""COMP|T4_REGIME_ANCHOR_TRANSITION|DOWN|53e4263e830f58df"", ""COMP|T4_REGIME_ANCHOR_TRANSITION|DOWN|67a6234bfcd78cca"", ""COMP|T4_REGIME_ANCHOR_TRANSITION|DOWN|78c06f0e60a8014c"", ""COMP|T4_REGIME_ANCHOR_TRANSITION|DOWN|7ebae1e68d09fb2d"", ""COMP|T4_REGIME_ANCHOR_TRANSITION|DOWN|cc258a784afeb9eb""]",EVENT_STREAM_JACCARD
NR-000369,DOWN,30m,2,0.95,COMP|T4_REGIME_ANCHOR_TRANSITION|DOWN|3d839935a23a2ea5,"[""COMP|T4_REGIME_ANCHOR_TRANSITION|DOWN|37a470596ff714f6""]","[""COMP|T4_REGIME_ANCHOR_TRANSITION|DOWN|37a470596ff714f6"", ""COMP|T4_REGIME_ANCHOR_TRANSITION|DOWN|3d839935a23a2ea5""]",EVENT_STREAM_JACCARD
NR-000370,DOWN,30m,8,0.95,COMP|T4_REGIME_ANCHOR_TRANSITION|DOWN|2e642b342ace1c2f,"[""COMP|T3_ANCHOR_TRANSITION|DOWN|6c4c5ef54d5bb0a0"", ""COMP|T4_REGIME_ANCHOR_TRANSITION|DOWN|065108ef5cd8b46f"", ""COMP|T4_REGIME_ANCHOR_TRANSITION|DOWN|0c6c51b953703e54"", ""COMP|T4_REGIME_ANCHOR_TRANSITION|DOWN|5dcbaead5bb71841"", ""COMP|T4_REGIME_ANCHOR_TRANSITION|DOWN|9afb24953340dad3"", ""COMP|T4_REGIME_ANCHOR_TRANSITION|DOWN|b059fc96bd43fc7e"", ""COMP|T4_REGIME_ANCHOR_TRANSITION|DOWN|dfc4a8437a0bbce5""]","[""COMP|T3_ANCHOR_TRANSITION|DOWN|6c4c5ef54d5bb0a0"", ""COMP|T4_REGIME_ANCHOR_TRANSITION|DOWN|065108ef5cd8b46f"", ""COMP|T4_REGIME_ANCHOR_TRANSITION|DOWN|0c6c51b953703e54"", ""COMP|T4_REGIME_ANCHOR_TRANSITION|DOWN|2e642b342ace1c2f"", ""COMP|T4_REGIME_ANCHOR_TRANSITION|DOWN|5dcbaead5bb71841"", ""COMP|T4_REGIME_ANCHOR_TRANSITION|DOWN|9afb24953340dad3"", ""COMP|T4_REGIME_ANCHOR_TRANSITION|DOWN|b059fc96bd43fc7e"", ""COMP|T4_REGIME_ANCHOR_TRANSITION|DOWN|dfc4a8437a0bbce5""]",EVENT_STREAM_JACCARD
NR-000371,DOWN,30m,8,0.95,COMP|T4_REGIME_ANCHOR_TRANSITION|DOWN|0a646dbf3b5d2380,"[""COMP|T3_ANCHOR_TRANSITION|DOWN|6e58002e5c556ac1"", ""COMP|T4_REGIME_ANCHOR_TRANSITION|DOWN|0f360bb557d0e3ea"", ""COMP|T4_REGIME_ANCHOR_TRANSITION|DOWN|1821a88027353913"", ""COMP|T4_REGIME_ANCHOR_TRANSITION|DOWN|50e60c632bc79fdd"", ""COMP|T4_REGIME_ANCHOR_TRANSITION|DOWN|51effde1d06f47be"", ""COMP|T4_REGIME_ANCHOR_TRANSITION|DOWN|836a3ae511e83088"", ""COMP|T4_REGIME_ANCHOR_TRANSITION|DOWN|85fd0a3d87809305""]","[""COMP|T3_ANCHOR_TRANSITION|DOWN|6e58002e5c556ac1"", ""COMP|T4_REGIME_ANCHOR_TRANSITION|DOWN|0a646dbf3b5d2380"", ""COMP|T4_REGIME_ANCHOR_TRANSITION|DOWN|0f360bb557d0e3ea"", ""COMP|T4_REGIME_ANCHOR_TRANSITION|DOWN|1821a88027353913"", ""COMP|T4_REGIME_ANCHOR_TRANSITION|DOWN|50e60c632bc79fdd"", ""COMP|T4_REGIME_ANCHOR_TRANSITION|DOWN|51effde1d06f47be"", ""COMP|T4_REGIME_ANCHOR_TRANSITION|DOWN|836a3ae511e83088"", ""COMP|T4_REGIME_ANCHOR_TRANSITION|DOWN|85fd0a3d87809305""]",EVENT_STREAM_JACCARD
NR-000372,DOWN,30m,4,0.95,COMP|T4_REGIME_ANCHOR_TRANSITION|DOWN|4586263e666dad3f,"[""COMP|T4_REGIME_ANCHOR_TRANSITION|DOWN|65214d10c0d7ab0e"", ""COMP|T4_REGIME_ANCHOR_TRANSITION|DOWN|84b129dba754007a"", ""COMP|T4_REGIME_ANCHOR_TRANSITION|DOWN|faf56f96de170ebf""]","[""COMP|T4_REGIME_ANCHOR_TRANSITION|DOWN|4586263e666dad3f"", ""COMP|T4_REGIME_ANCHOR_TRANSITION|DOWN|65214d10c0d7ab0e"", ""COMP|T4_REGIME_ANCHOR_TRANSITION|DOWN|84b129dba754007a"", ""COMP|T4_REGIME_ANCHOR_TRANSITION|DOWN|faf56f96de170ebf""]",EVENT_STREAM_JACCARD
NR-000373,DOWN,30m,8,0.95,COMP|T4_REGIME_ANCHOR_TRANSITION|DOWN|7a1f490a977724b0,"[""COMP|T3_ANCHOR_TRANSITION|DOWN|81b2271528c041e7"", ""COMP|T4_REGIME_ANCHOR_TRANSITION|DOWN|0e5deccd731b96a5"", ""COMP|T4_REGIME_ANCHOR_TRANSITION|DOWN|464eb46eedb4b40b"", ""COMP|T4_REGIME_ANCHOR_TRANSITION|DOWN|ae9c7b8a7487d127"", ""COMP|T4_REGIME_ANCHOR_TRANSITION|DOWN|b0f1ed103701e071"", ""COMP|T4_REGIME_ANCHOR_TRANSITION|DOWN|bc59bf7303263255"", ""COMP|T4_REGIME_ANCHOR_TRANSITION|DOWN|d3d2b20343055fa6""]","[""COMP|T3_ANCHOR_TRANSITION|DOWN|81b2271528c041e7"", ""COMP|T4_REGIME_ANCHOR_TRANSITION|DOWN|0e5deccd731b96a5"", ""COMP|T4_REGIME_ANCHOR_TRANSITION|DOWN|464eb46eedb4b40b"", ""COMP|T4_REGIME_ANCHOR_TRANSITION|DOWN|7a1f490a977724b0"", ""COMP|T4_REGIME_ANCHOR_TRANSITION|DOWN|ae9c7b8a7487d127"", ""COMP|T4_REGIME_ANCHOR_TRANSITION|DOWN|b0f1ed103701e071"", ""COMP|T4_REGIME_ANCHOR_TRANSITION|DOWN|bc59bf7303263255"", ""COMP|T4_REGIME_ANCHOR_TRANSITION|DOWN|d3d2b20343055fa6""]",EVENT_STREAM_JACCARD
NR-000374,DOWN,30m,7,0.95,COMP|T4_REGIME_ANCHOR_TRANSITION|DOWN|a3292aa2046ebea8,"[""COMP|T3_ANCHOR_TRANSITION|DOWN|808c0e4fa9535ad1"", ""COMP|T4_REGIME_ANCHOR_TRANSITION|DOWN|04875839b19e449c"", ""COMP|T4_REGIME_ANCHOR_TRANSITION|DOWN|5e51c8b46513b0c2"", ""COMP|T4_REGIME_ANCHOR_TRANSITION|DOWN|754000523959bfad"", ""COMP|T4_REGIME_ANCHOR_TRANSITION|DOWN|ae5306b560e5574f"", ""COMP|T4_REGIME_ANCHOR_TRANSITION|DOWN|b35895b3a688cd2a""]","[""COMP|T3_ANCHOR_TRANSITION|DOWN|808c0e4fa9535ad1"", ""COMP|T4_REGIME_ANCHOR_TRANSITION|DOWN|04875839b19e449c"", ""COMP|T4_REGIME_ANCHOR_TRANSITION|DOWN|5e51c8b46513b0c2"", ""COMP|T4_REGIME_ANCHOR_TRANSITION|DOWN|754000523959bfad"", ""COMP|T4_REGIME_ANCHOR_TRANSITION|DOWN|a3292aa2046ebea8"", ""COMP|T4_REGIME_ANCHOR_TRANSITION|DOWN|ae5306b560e5574f"", ""COMP|T4_REGIME_ANCHOR_TRANSITION|DOWN|b35895b3a688cd2a""]",EVENT_STREAM_JACCARD
NR-000375,DOWN,30m,10,0.95,COMP|T4_REGIME_ANCHOR_TRANSITION|DOWN|420fc327d91e8828,"[""COMP|T3_ANCHOR_TRANSITION|DOWN|908dd28588a04748"", ""COMP|T4_REGIME_ANCHOR_TRANSITION|DOWN|0b5b83cd0677a2d7"", ""COMP|T4_REGIME_ANCHOR_TRANSITION|DOWN|1209e17d8a0c3a61"", ""COMP|T4_REGIME_ANCHOR_TRANSITION|DOWN|2c223686a0ab1765"", ""COMP|T4_REGIME_ANCHOR_TRANSITION|DOWN|375792bc271c516f"", ""COMP|T4_REGIME_ANCHOR_TRANSITION|DOWN|3e192fd170c2442f"", ""COMP|T4_REGIME_ANCHOR_TRANSITION|DOWN|5e00c1947d25a80e"", ""COMP|T4_REGIME_ANCHOR_TRANSITION|DOWN|6065562541b2c2bd"", ""COMP|T4_REGIME_ANCHOR_TRANSITION|DOWN|f37ce0daba4d3adc""]","[""COMP|T3_ANCHOR_TRANSITION|DOWN|908dd28588a04748"", ""COMP|T4_REGIME_ANCHOR_TRANSITION|DOWN|0b5b83cd0677a2d7"", ""COMP|T4_REGIME_ANCHOR_TRANSITION|DOWN|1209e17d8a0c3a61"", ""COMP|T4_REGIME_ANCHOR_TRANSITION|DOWN|2c223686a0ab1765"", ""COMP|T4_REGIME_ANCHOR_TRANSITION|DOWN|375792bc271c516f"", ""COMP|T4_REGIME_ANCHOR_TRANSITION|DOWN|3e192fd170c2442f"", ""COMP|T4_REGIME_ANCHOR_TRANSITION|DOWN|420fc327d91e8828"", ""COMP|T4_REGIME_ANCHOR_TRANSITION|DOWN|5e00c1947d25a80e"", ""COMP|T4_REGIME_ANCHOR_TRANSITION|DOWN|6065562541b2c2bd"", ""COMP|T4_REGIME_ANCHOR_TRANSITION|DOWN|f37ce0daba4d3adc""]",EVENT_STREAM_JACCARD
NR-000376,DOWN,30m,4,0.95,COMP|T4_REGIME_ANCHOR_TRANSITION|DOWN|5d8dd0545ce3fb9e,"[""COMP|T4_REGIME_ANCHOR_TRANSITION|DOWN|27af5fce571aa549"", ""COMP|T4_REGIME_ANCHOR_TRANSITION|DOWN|2f78b926f7ddd9d2"", ""COMP|T4_REGIME_ANCHOR_TRANSITION|DOWN|55269c6de3b9d368""]","[""COMP|T4_REGIME_ANCHOR_TRANSITION|DOWN|27af5fce571aa549"", ""COMP|T4_REGIME_ANCHOR_TRANSITION|DOWN|2f78b926f7ddd9d2"", ""COMP|T4_REGIME_ANCHOR_TRANSITION|DOWN|55269c6de3b9d368"", ""COMP|T4_REGIME_ANCHOR_TRANSITION|DOWN|5d8dd0545ce3fb9e""]",EVENT_STREAM_JACCARD
NR-000377,DOWN,30m,2,0.95,COMP|T4_REGIME_ANCHOR_TRANSITION|DOWN|197fc9fdbd6b0ae3,"[""COMP|T4_REGIME_ANCHOR_TRANSITION|DOWN|4ae2a14ee2b25ef9""]","[""COMP|T4_REGIME_ANCHOR_TRANSITION|DOWN|197fc9fdbd6b0ae3"", ""COMP|T4_REGIME_ANCHOR_TRANSITION|DOWN|4ae2a14ee2b25ef9""]",EVENT_STREAM_JACCARD
NR-000378,DOWN,30m,9,0.95,COMP|T4_REGIME_ANCHOR_TRANSITION|DOWN|4d49e130fe38f999,"[""COMP|T3_ANCHOR_TRANSITION|DOWN|efbc7db7ab7a065b"", ""COMP|T4_REGIME_ANCHOR_TRANSITION|DOWN|1d734c2878dd1846"", ""COMP|T4_REGIME_ANCHOR_TRANSITION|DOWN|3e265b387a0c0e2e"", ""COMP|T4_REGIME_ANCHOR_TRANSITION|DOWN|705acb21befed3b5"", ""COMP|T4_REGIME_ANCHOR_TRANSITION|DOWN|7e320f7412f1f18f"", ""COMP|T4_REGIME_ANCHOR_TRANSITION|DOWN|a317fff92926909f"", ""COMP|T4_REGIME_ANCHOR_TRANSITION|DOWN|c29523a48b1724d9"", ""COMP|T4_REGIME_ANCHOR_TRANSITION|DOWN|df200ba055c8db6a""]","[""COMP|T3_ANCHOR_TRANSITION|DOWN|efbc7db7ab7a065b"", ""COMP|T4_REGIME_ANCHOR_TRANSITION|DOWN|1d734c2878dd1846"", ""COMP|T4_REGIME_ANCHOR_TRANSITION|DOWN|3e265b387a0c0e2e"", ""COMP|T4_REGIME_ANCHOR_TRANSITION|DOWN|4d49e130fe38f999"", ""COMP|T4_REGIME_ANCHOR_TRANSITION|DOWN|705acb21befed3b5"", ""COMP|T4_REGIME_ANCHOR_TRANSITION|DOWN|7e320f7412f1f18f"", ""COMP|T4_REGIME_ANCHOR_TRANSITION|DOWN|a317fff92926909f"", ""COMP|T4_REGIME_ANCHOR_TRANSITION|DOWN|c29523a48b1724d9"", ""COMP|T4_REGIME_ANCHOR_TRANSITION|DOWN|df200ba055c8db6a""]",EVENT_STREAM_JACCARD
NR-000379,DOWN,30m,9,0.95,COMP|T4_REGIME_ANCHOR_TRANSITION|DOWN|b78c6980a703d69b,"[""COMP|T3_ANCHOR_TRANSITION|DOWN|4ae7e3f94354be5f"", ""COMP|T4_REGIME_ANCHOR_TRANSITION|DOWN|0de893d18e79b3f6"", ""COMP|T4_REGIME_ANCHOR_TRANSITION|DOWN|115f86a30bb27f23"", ""COMP|T4_REGIME_ANCHOR_TRANSITION|DOWN|45cb93fd060121b8"", ""COMP|T4_REGIME_ANCHOR_TRANSITION|DOWN|47788e97da6a3a81"", ""COMP|T4_REGIME_ANCHOR_TRANSITION|DOWN|5d4f53d433ff499d"", ""COMP|T4_REGIME_ANCHOR_TRANSITION|DOWN|aea8fa5adacd4471"", ""COMP|T4_REGIME_ANCHOR_TRANSITION|DOWN|c6a3a19b929dbda5""]","[""COMP|T3_ANCHOR_TRANSITION|DOWN|4ae7e3f94354be5f"", ""COMP|T4_REGIME_ANCHOR_TRANSITION|DOWN|0de893d18e79b3f6"", ""COMP|T4_REGIME_ANCHOR_TRANSITION|DOWN|115f86a30bb27f23"", ""COMP|T4_REGIME_ANCHOR_TRANSITION|DOWN|45cb93fd060121b8"", ""COMP|T4_REGIME_ANCHOR_TRANSITION|DOWN|47788e97da6a3a81"", ""COMP|T4_REGIME_ANCHOR_TRANSITION|DOWN|5d4f53d433ff499d"", ""COMP|T4_REGIME_ANCHOR_TRANSITION|DOWN|aea8fa5adacd4471"", ""COMP|T4_REGIME_ANCHOR_TRANSITION|DOWN|b78c6980a703d69b"", ""COMP|T4_REGIME_ANCHOR_TRANSITION|DOWN|c6a3a19b929dbda5""]",EVENT_STREAM_JACCARD
NR-000380,DOWN,30m,9,0.95,COMP|T4_REGIME_ANCHOR_TRANSITION|DOWN|2bd30f375d6b827f,"[""COMP|T3_ANCHOR_TRANSITION|DOWN|a763e62a9fc4a20b"", ""COMP|T4_REGIME_ANCHOR_TRANSITION|DOWN|2485f578db900590"", ""COMP|T4_REGIME_ANCHOR_TRANSITION|DOWN|34f7f684f343b40d"", ""COMP|T4_REGIME_ANCHOR_TRANSITION|DOWN|58219877a60ca265"", ""COMP|T4_REGIME_ANCHOR_TRANSITION|DOWN|59d70be7a9ad893c"", ""COMP|T4_REGIME_ANCHOR_TRANSITION|DOWN|5ea71ad252e8b54f"", ""COMP|T4_REGIME_ANCHOR_TRANSITION|DOWN|90a1882dbc20d679"", ""COMP|T4_REGIME_ANCHOR_TRANSITION|DOWN|d98d87920b9d1c96""]","[""COMP|T3_ANCHOR_TRANSITION|DOWN|a763e62a9fc4a20b"", ""COMP|T4_REGIME_ANCHOR_TRANSITION|DOWN|2485f578db900590"", ""COMP|T4_REGIME_ANCHOR_TRANSITION|DOWN|2bd30f375d6b827f"", ""COMP|T4_REGIME_ANCHOR_TRANSITION|DOWN|34f7f684f343b40d"", ""COMP|T4_REGIME_ANCHOR_TRANSITION|DOWN|58219877a60ca265"", ""COMP|T4_REGIME_ANCHOR_TRANSITION|DOWN|59d70be7a9ad893c"", ""COMP|T4_REGIME_ANCHOR_TRANSITION|DOWN|5ea71ad252e8b54f"", ""COMP|T4_REGIME_ANCHOR_TRANSITION|DOWN|90a1882dbc20d679"", ""COMP|T4_REGIME_ANCHOR_TRANSITION|DOWN|d98d87920b9d1c96""]",EVENT_STREAM_JACCARD
NR-000381,DOWN,30m,11,0.95,COMP|T4_REGIME_ANCHOR_TRANSITION|DOWN|8eaf10eb15444e1f,"[""COMP|T3_ANCHOR_TRANSITION|DOWN|fc1a2724a0fa9bd5"", ""COMP|T4_REGIME_ANCHOR_TRANSITION|DOWN|3570fda72f8f0d7d"", ""COMP|T4_REGIME_ANCHOR_TRANSITION|DOWN|5408e3f0b36d6f83"", ""COMP|T4_REGIME_ANCHOR_TRANSITION|DOWN|55bd9a3611c85008"", ""COMP|T4_REGIME_ANCHOR_TRANSITION|DOWN|648b40ce3cbd35d6"", ""COMP|T4_REGIME_ANCHOR_TRANSITION|DOWN|7fb46e7e279ba64b"", ""COMP|T4_REGIME_ANCHOR_TRANSITION|DOWN|abfd56eab1966e1f"", ""COMP|T4_REGIME_ANCHOR_TRANSITION|DOWN|b126f7b717ca9a79"", ""COMP|T4_REGIME_ANCHOR_TRANSITION|DOWN|b9442a92f0fde642"", ""COMP|T4_REGIME_ANCHOR_TRANSITION|DOWN|e7e7040a569681ad""]","[""COMP|T3_ANCHOR_TRANSITION|DOWN|fc1a2724a0fa9bd5"", ""COMP|T4_REGIME_ANCHOR_TRANSITION|DOWN|3570fda72f8f0d7d"", ""COMP|T4_REGIME_ANCHOR_TRANSITION|DOWN|5408e3f0b36d6f83"", ""COMP|T4_REGIME_ANCHOR_TRANSITION|DOWN|55bd9a3611c85008"", ""COMP|T4_REGIME_ANCHOR_TRANSITION|DOWN|648b40ce3cbd35d6"", ""COMP|T4_REGIME_ANCHOR_TRANSITION|DOWN|7fb46e7e279ba64b"", ""COMP|T4_REGIME_ANCHOR_TRANSITION|DOWN|8eaf10eb15444e1f"", ""COMP|T4_REGIME_ANCHOR_TRANSITION|DOWN|abfd56eab1966e1f"", ""COMP|T4_REGIME_ANCHOR_TRANSITION|DOWN|b126f7b717ca9a79"", ""COMP|T4_REGIME_ANCHOR_TRANSITION|DOWN|b9442a92f0fde642"", ""COMP|T4_REGIME_ANCHOR_TRANSITION|DOWN|e7e7040a569681ad""]",EVENT_STREAM_JACCARD
NR-000382,DOWN,30m,10,0.95,COMP|T4_REGIME_ANCHOR_TRANSITION|DOWN|36e477c9f4be28cd,"[""COMP|T3_ANCHOR_TRANSITION|DOWN|3a372d9139d9891f"", ""COMP|T4_REGIME_ANCHOR_TRANSITION|DOWN|25f12e426b8058a2"", ""COMP|T4_REGIME_ANCHOR_TRANSITION|DOWN|37f7a2085339c8bd"", ""COMP|T4_REGIME_ANCHOR_TRANSITION|DOWN|4824010fbf218d25"", ""COMP|T4_REGIME_ANCHOR_TRANSITION|DOWN|509b16fc3efa5e7c"", ""COMP|T4_REGIME_ANCHOR_TRANSITION|DOWN|67e0dcb0086ddee4"", ""COMP|T4_REGIME_ANCHOR_TRANSITION|DOWN|92fec88b45011c55"", ""COMP|T4_REGIME_ANCHOR_TRANSITION|DOWN|ab7cb548320dae81"", ""COMP|T4_REGIME_ANCHOR_TRANSITION|DOWN|fe42d950a06c294c""]","[""COMP|T3_ANCHOR_TRANSITION|DOWN|3a372d9139d9891f"", ""COMP|T4_REGIME_ANCHOR_TRANSITION|DOWN|25f12e426b8058a2"", ""COMP|T4_REGIME_ANCHOR_TRANSITION|DOWN|36e477c9f4be28cd"", ""COMP|T4_REGIME_ANCHOR_TRANSITION|DOWN|37f7a2085339c8bd"", ""COMP|T4_REGIME_ANCHOR_TRANSITION|DOWN|4824010fbf218d25"", ""COMP|T4_REGIME_ANCHOR_TRANSITION|DOWN|509b16fc3efa5e7c"", ""COMP|T4_REGIME_ANCHOR_TRANSITION|DOWN|67e0dcb0086ddee4"", ""COMP|T4_REGIME_ANCHOR_TRANSITION|DOWN|92fec88b45011c55"", ""COMP|T4_REGIME_ANCHOR_TRANSITION|DOWN|ab7cb548320dae81"", ""COMP|T4_REGIME_ANCHOR_TRANSITION|DOWN|fe42d950a06c294c""]",EVENT_STREAM_JACCARD
NR-000383,DOWN,30m,11,0.95,COMP|T4_REGIME_ANCHOR_TRANSITION|DOWN|14ea0ee54dc8b25f,"[""COMP|T3_ANCHOR_TRANSITION|DOWN|023cc42f159b7627"", ""COMP|T4_REGIME_ANCHOR_TRANSITION|DOWN|297dfcbde2c0b260"", ""COMP|T4_REGIME_ANCHOR_TRANSITION|DOWN|3625f28ea0533e0f"", ""COMP|T4_REGIME_ANCHOR_TRANSITION|DOWN|539203694622b445"", ""COMP|T4_REGIME_ANCHOR_TRANSITION|DOWN|5ccba85eccfbe141"", ""COMP|T4_REGIME_ANCHOR_TRANSITION|DOWN|888eaf7b9d8e1ae6"", ""COMP|T4_REGIME_ANCHOR_TRANSITION|DOWN|91eb6552e522b450"", ""COMP|T4_REGIME_ANCHOR_TRANSITION|DOWN|9eb74599bb382d15"", ""COMP|T4_REGIME_ANCHOR_TRANSITION|DOWN|ace15f0b7ffc83ac"", ""COMP|T4_REGIME_ANCHOR_TRANSITION|DOWN|df2433df4753472e""]","[""COMP|T3_ANCHOR_TRANSITION|DOWN|023cc42f159b7627"", ""COMP|T4_REGIME_ANCHOR_TRANSITION|DOWN|14ea0ee54dc8b25f"", ""COMP|T4_REGIME_ANCHOR_TRANSITION|DOWN|297dfcbde2c0b260"", ""COMP|T4_REGIME_ANCHOR_TRANSITION|DOWN|3625f28ea0533e0f"", ""COMP|T4_REGIME_ANCHOR_TRANSITION|DOWN|539203694622b445"", ""COMP|T4_REGIME_ANCHOR_TRANSITION|DOWN|5ccba85eccfbe141"", ""COMP|T4_REGIME_ANCHOR_TRANSITION|DOWN|888eaf7b9d8e1ae6"", ""COMP|T4_REGIME_ANCHOR_TRANSITION|DOWN|91eb6552e522b450"", ""COMP|T4_REGIME_ANCHOR_TRANSITION|DOWN|9eb74599bb382d15"", ""COMP|T4_REGIME_ANCHOR_TRANSITION|DOWN|ace15f0b7ffc83ac"", ""COMP|T4_REGIME_ANCHOR_TRANSITION|DOWN|df2433df4753472e""]",EVENT_STREAM_JACCARD
NR-000384,DOWN,30m,9,0.95,COMP|T4_REGIME_ANCHOR_TRANSITION|DOWN|7fb6cd6b2cced850,"[""COMP|T3_ANCHOR_TRANSITION|DOWN|c298ada296e61f2e"", ""COMP|T4_REGIME_ANCHOR_TRANSITION|DOWN|1836fd786bd1905a"", ""COMP|T4_REGIME_ANCHOR_TRANSITION|DOWN|21197880c3fc3a0e"", ""COMP|T4_REGIME_ANCHOR_TRANSITION|DOWN|3ccc64de351364ed"", ""COMP|T4_REGIME_ANCHOR_TRANSITION|DOWN|7c53a7a6f4418bf5"", ""COMP|T4_REGIME_ANCHOR_TRANSITION|DOWN|ac40e3561d74c768"", ""COMP|T4_REGIME_ANCHOR_TRANSITION|DOWN|b1d93ea8cb79bd4a"", ""COMP|T4_REGIME_ANCHOR_TRANSITION|DOWN|d034e15472c24418""]","[""COMP|T3_ANCHOR_TRANSITION|DOWN|c298ada296e61f2e"", ""COMP|T4_REGIME_ANCHOR_TRANSITION|DOWN|1836fd786bd1905a"", ""COMP|T4_REGIME_ANCHOR_TRANSITION|DOWN|21197880c3fc3a0e"", ""COMP|T4_REGIME_ANCHOR_TRANSITION|DOWN|3ccc64de351364ed"", ""COMP|T4_REGIME_ANCHOR_TRANSITION|DOWN|7c53a7a6f4418bf5"", ""COMP|T4_REGIME_ANCHOR_TRANSITION|DOWN|7fb6cd6b2cced850"", ""COMP|T4_REGIME_ANCHOR_TRANSITION|DOWN|ac40e3561d74c768"", ""COMP|T4_REGIME_ANCHOR_TRANSITION|DOWN|b1d93ea8cb79bd4a"", ""COMP|T4_REGIME_ANCHOR_TRANSITION|DOWN|d034e15472c24418""]",EVENT_STREAM_JACCARD
NR-000385,DOWN,30m,2,0.95,COMP|T4_REGIME_ANCHOR_TRANSITION|DOWN|f203198def4709cf,"[""COMP|T4_REGIME_ANCHOR_TRANSITION|DOWN|b3044f9d3d7d328a""]","[""COMP|T4_REGIME_ANCHOR_TRANSITION|DOWN|b3044f9d3d7d328a"", ""COMP|T4_REGIME_ANCHOR_TRANSITION|DOWN|f203198def4709cf""]",EVENT_STREAM_JACCARD
NR-000386,DOWN,30m,8,0.95,COMP|T4_REGIME_ANCHOR_TRANSITION|DOWN|5a872468845b2dda,"[""COMP|T3_ANCHOR_TRANSITION|DOWN|5a757261b7cbdbb0"", ""COMP|T4_REGIME_ANCHOR_TRANSITION|DOWN|2321e4fda7c47a89"", ""COMP|T4_REGIME_ANCHOR_TRANSITION|DOWN|3870617385c53c5a"", ""COMP|T4_REGIME_ANCHOR_TRANSITION|DOWN|429d7876f4c4138b"", ""COMP|T4_REGIME_ANCHOR_TRANSITION|DOWN|5c8eccf53757e3ea"", ""COMP|T4_REGIME_ANCHOR_TRANSITION|DOWN|7327b6a1756f182b"", ""COMP|T4_REGIME_ANCHOR_TRANSITION|DOWN|8dd81ed258a47f0b""]","[""COMP|T3_ANCHOR_TRANSITION|DOWN|5a757261b7cbdbb0"", ""COMP|T4_REGIME_ANCHOR_TRANSITION|DOWN|2321e4fda7c47a89"", ""COMP|T4_REGIME_ANCHOR_TRANSITION|DOWN|3870617385c53c5a"", ""COMP|T4_REGIME_ANCHOR_TRANSITION|DOWN|429d7876f4c4138b"", ""COMP|T4_REGIME_ANCHOR_TRANSITION|DOWN|5a872468845b2dda"", ""COMP|T4_REGIME_ANCHOR_TRANSITION|DOWN|5c8eccf53757e3ea"", ""COMP|T4_REGIME_ANCHOR_TRANSITION|DOWN|7327b6a1756f182b"", ""COMP|T4_REGIME_ANCHOR_TRANSITION|DOWN|8dd81ed258a47f0b""]",EVENT_STREAM_JACCARD
NR-000387,DOWN,30m,10,0.95,COMP|T4_REGIME_ANCHOR_TRANSITION|DOWN|19527b91443032cb,"[""COMP|T3_ANCHOR_TRANSITION|DOWN|e9bac8dfefef26f8"", ""COMP|T4_REGIME_ANCHOR_TRANSITION|DOWN|1a0ecf01c11e1bc0"", ""COMP|T4_REGIME_ANCHOR_TRANSITION|DOWN|425a8be85fab6312"", ""COMP|T4_REGIME_ANCHOR_TRANSITION|DOWN|477c6b8166fa0556"", ""COMP|T4_REGIME_ANCHOR_TRANSITION|DOWN|513bab4fa3370d8b"", ""COMP|T4_REGIME_ANCHOR_TRANSITION|DOWN|7ce6db7774c755d1"", ""COMP|T4_REGIME_ANCHOR_TRANSITION|DOWN|bac09012720f97ba"", ""COMP|T4_REGIME_ANCHOR_TRANSITION|DOWN|d41cb48cb09c5aa8"", ""COMP|T4_REGIME_ANCHOR_TRANSITION|DOWN|fecff188025367cb""]","[""COMP|T3_ANCHOR_TRANSITION|DOWN|e9bac8dfefef26f8"", ""COMP|T4_REGIME_ANCHOR_TRANSITION|DOWN|19527b91443032cb"", ""COMP|T4_REGIME_ANCHOR_TRANSITION|DOWN|1a0ecf01c11e1bc0"", ""COMP|T4_REGIME_ANCHOR_TRANSITION|DOWN|425a8be85fab6312"", ""COMP|T4_REGIME_ANCHOR_TRANSITION|DOWN|477c6b8166fa0556"", ""COMP|T4_REGIME_ANCHOR_TRANSITION|DOWN|513bab4fa3370d8b"", ""COMP|T4_REGIME_ANCHOR_TRANSITION|DOWN|7ce6db7774c755d1"", ""COMP|T4_REGIME_ANCHOR_TRANSITION|DOWN|bac09012720f97ba"", ""COMP|T4_REGIME_ANCHOR_TRANSITION|DOWN|d41cb48cb09c5aa8"", ""COMP|T4_REGIME_ANCHOR_TRANSITION|DOWN|fecff188025367cb""]",EVENT_STREAM_JACCARD
NR-000388,DOWN,30m,8,0.95,COMP|T4_REGIME_ANCHOR_TRANSITION|DOWN|ffd815f2d0072469,"[""COMP|T3_ANCHOR_TRANSITION|DOWN|d0bcc630a1ea2d1f"", ""COMP|T4_REGIME_ANCHOR_TRANSITION|DOWN|2ffc0a3ce5332684"", ""COMP|T4_REGIME_ANCHOR_TRANSITION|DOWN|35d85cae2e80a9b8"", ""COMP|T4_REGIME_ANCHOR_TRANSITION|DOWN|883f6a938783681e"", ""COMP|T4_REGIME_ANCHOR_TRANSITION|DOWN|8a641f89b2894c31"", ""COMP|T4_REGIME_ANCHOR_TRANSITION|DOWN|9e1816e59850c65c"", ""COMP|T4_REGIME_ANCHOR_TRANSITION|DOWN|ecade14d955b8cae""]","[""COMP|T3_ANCHOR_TRANSITION|DOWN|d0bcc630a1ea2d1f"", ""COMP|T4_REGIME_ANCHOR_TRANSITION|DOWN|2ffc0a3ce5332684"", ""COMP|T4_REGIME_ANCHOR_TRANSITION|DOWN|35d85cae2e80a9b8"", ""COMP|T4_REGIME_ANCHOR_TRANSITION|DOWN|883f6a938783681e"", ""COMP|T4_REGIME_ANCHOR_TRANSITION|DOWN|8a641f89b2894c31"", ""COMP|T4_REGIME_ANCHOR_TRANSITION|DOWN|9e1816e59850c65c"", ""COMP|T4_REGIME_ANCHOR_TRANSITION|DOWN|ecade14d955b8cae"", ""COMP|T4_REGIME_ANCHOR_TRANSITION|DOWN|ffd815f2d0072469""]",EVENT_STREAM_JACCARD
NR-000389,DOWN,30m,15,0.95,COMP|T4_REGIME_ANCHOR_TRANSITION|DOWN|157b8e0fa7e82705,"[""COMP|T3_ANCHOR_TRANSITION|DOWN|e1ed203beba804c6"", ""COMP|T3_ANCHOR_TRANSITION|DOWN|f3c9e73716c89567"", ""COMP|T4_REGIME_ANCHOR_TRANSITION|DOWN|023ba8d7c418004c"", ""COMP|T4_REGIME_ANCHOR_TRANSITION|DOWN|086ff85ecaa15189"", ""COMP|T4_REGIME_ANCHOR_TRANSITION|DOWN|09bfb93c0b94eb53"", ""COMP|T4_REGIME_ANCHOR_TRANSITION|DOWN|39fb300e64cfcaf0"", ""COMP|T4_REGIME_ANCHOR_TRANSITION|DOWN|47ea662adde4dc59"", ""COMP|T4_REGIME_ANCHOR_TRANSITION|DOWN|5ab8255bece82993"", ""COMP|T4_REGIME_ANCHOR_TRANSITION|DOWN|6a6d33f29b538693"", ""COMP|T4_REGIME_ANCHOR_TRANSITION|DOWN|7b3cacbcc995a59d"", ""COMP|T4_REGIME_ANCHOR_TRANSITION|DOWN|7f6c484aa65147c8"", ""COMP|T4_REGIME_ANCHOR_TRANSITION|DOWN|a20554c1aea1fbd8"", ""COMP|T4_REGIME_ANCHOR_TRANSITION|DOWN|d37ee329394a8a8e"", ""COMP|T4_REGIME_ANCHOR_TRANSITION|DOWN|f1f6a88b667480fc""]","[""COMP|T3_ANCHOR_TRANSITION|DOWN|e1ed203beba804c6"", ""COMP|T3_ANCHOR_TRANSITION|DOWN|f3c9e73716c89567"", ""COMP|T4_REGIME_ANCHOR_TRANSITION|DOWN|023ba8d7c418004c"", ""COMP|T4_REGIME_ANCHOR_TRANSITION|DOWN|086ff85ecaa15189"", ""COMP|T4_REGIME_ANCHOR_TRANSITION|DOWN|09bfb93c0b94eb53"", ""COMP|T4_REGIME_ANCHOR_TRANSITION|DOWN|157b8e0fa7e82705"", ""COMP|T4_REGIME_ANCHOR_TRANSITION|DOWN|39fb300e64cfcaf0"", ""COMP|T4_REGIME_ANCHOR_TRANSITION|DOWN|47ea662adde4dc59"", ""COMP|T4_REGIME_ANCHOR_TRANSITION|DOWN|5ab8255bece82993"", ""COMP|T4_REGIME_ANCHOR_TRANSITION|DOWN|6a6d33f29b538693"", ""COMP|T4_REGIME_ANCHOR_TRANSITION|DOWN|7b3cacbcc995a59d"", ""COMP|T4_REGIME_ANCHOR_TRANSITION|DOWN|7f6c484aa65147c8"", ""COMP|T4_REGIME_ANCHOR_TRANSITION|DOWN|a20554c1aea1fbd8"", ""COMP|T4_REGIME_ANCHOR_TRANSITION|DOWN|d37ee329394a8a8e"", ""COMP|T4_REGIME_ANCHOR_TRANSITION|DOWN|f1f6a88b667480fc""]",EVENT_STREAM_JACCARD
NR-000390,DOWN,30m,12,0.95,COMP|T4_REGIME_ANCHOR_TRANSITION|DOWN|f23897108deb2e3a,"[""COMP|T3_ANCHOR_TRANSITION|DOWN|af8e5c09b13d9925"", ""COMP|T4_REGIME_ANCHOR_TRANSITION|DOWN|08bca3662f182717"", ""COMP|T4_REGIME_ANCHOR_TRANSITION|DOWN|380fdad29149d2fd"", ""COMP|T4_REGIME_ANCHOR_TRANSITION|DOWN|3944cff8c54b743d"", ""COMP|T4_REGIME_ANCHOR_TRANSITION|DOWN|6776c1170131febe"", ""COMP|T4_REGIME_ANCHOR_TRANSITION|DOWN|a263a51d8860b7c3"", ""COMP|T4_REGIME_ANCHOR_TRANSITION|DOWN|adf9311295e125d8"", ""COMP|T4_REGIME_ANCHOR_TRANSITION|DOWN|bd774c056f816567"", ""COMP|T4_REGIME_ANCHOR_TRANSITION|DOWN|ef548656aef471b1"", ""COMP|T4_REGIME_ANCHOR_TRANSITION|DOWN|f100706d66763ca5"", ""COMP|T4_REGIME_ANCHOR_TRANSITION|DOWN|fd73f588cacf2519""]","[""COMP|T3_ANCHOR_TRANSITION|DOWN|af8e5c09b13d9925"", ""COMP|T4_REGIME_ANCHOR_TRANSITION|DOWN|08bca3662f182717"", ""COMP|T4_REGIME_ANCHOR_TRANSITION|DOWN|380fdad29149d2fd"", ""COMP|T4_REGIME_ANCHOR_TRANSITION|DOWN|3944cff8c54b743d"", ""COMP|T4_REGIME_ANCHOR_TRANSITION|DOWN|6776c1170131febe"", ""COMP|T4_REGIME_ANCHOR_TRANSITION|DOWN|a263a51d8860b7c3"", ""COMP|T4_REGIME_ANCHOR_TRANSITION|DOWN|adf9311295e125d8"", ""COMP|T4_REGIME_ANCHOR_TRANSITION|DOWN|bd774c056f816567"", ""COMP|T4_REGIME_ANCHOR_TRANSITION|DOWN|ef548656aef471b1"", ""COMP|T4_REGIME_ANCHOR_TRANSITION|DOWN|f100706d66763ca5"", ""COMP|T4_REGIME_ANCHOR_TRANSITION|DOWN|f23897108deb2e3a"", ""COMP|T4_REGIME_ANCHOR_TRANSITION|DOWN|fd73f588cacf2519""]",EVENT_STREAM_JACCARD
NR-000391,DOWN,30m,11,0.95,COMP|T4_REGIME_ANCHOR_TRANSITION|DOWN|9a9e4928a9e3ab1a,"[""COMP|T3_ANCHOR_TRANSITION|DOWN|9d2a00ddf91e12a4"", ""COMP|T4_REGIME_ANCHOR_TRANSITION|DOWN|02019cc572fdafec"", ""COMP|T4_REGIME_ANCHOR_TRANSITION|DOWN|2fa9e02a9183855d"", ""COMP|T4_REGIME_ANCHOR_TRANSITION|DOWN|31d601aac9462578"", ""COMP|T4_REGIME_ANCHOR_TRANSITION|DOWN|6e872e3ae3227ebe"", ""COMP|T4_REGIME_ANCHOR_TRANSITION|DOWN|885dc0df8eb08046"", ""COMP|T4_REGIME_ANCHOR_TRANSITION|DOWN|8d0d6b03f6ad5e37"", ""COMP|T4_REGIME_ANCHOR_TRANSITION|DOWN|8d1aad0392158d07"", ""COMP|T4_REGIME_ANCHOR_TRANSITION|DOWN|b99aa9d4c98e3f55"", ""COMP|T4_REGIME_ANCHOR_TRANSITION|DOWN|fb7d29073aec3fdd""]","[""COMP|T3_ANCHOR_TRANSITION|DOWN|9d2a00ddf91e12a4"", ""COMP|T4_REGIME_ANCHOR_TRANSITION|DOWN|02019cc572fdafec"", ""COMP|T4_REGIME_ANCHOR_TRANSITION|DOWN|2fa9e02a9183855d"", ""COMP|T4_REGIME_ANCHOR_TRANSITION|DOWN|31d601aac9462578"", ""COMP|T4_REGIME_ANCHOR_TRANSITION|DOWN|6e872e3ae3227ebe"", ""COMP|T4_REGIME_ANCHOR_TRANSITION|DOWN|885dc0df8eb08046"", ""COMP|T4_REGIME_ANCHOR_TRANSITION|DOWN|8d0d6b03f6ad5e37"", ""COMP|T4_REGIME_ANCHOR_TRANSITION|DOWN|8d1aad0392158d07"", ""COMP|T4_REGIME_ANCHOR_TRANSITION|DOWN|9a9e4928a9e3ab1a"", ""COMP|T4_REGIME_ANCHOR_TRANSITION|DOWN|b99aa9d4c98e3f55"", ""COMP|T4_REGIME_ANCHOR_TRANSITION|DOWN|fb7d29073aec3fdd""]",EVENT_STREAM_JACCARD
NR-000392,DOWN,30m,10,0.95,COMP|T4_REGIME_ANCHOR_TRANSITION|DOWN|d2576c50dcefa912,"[""COMP|T3_ANCHOR_TRANSITION|DOWN|b1041ce6fa05a887"", ""COMP|T4_REGIME_ANCHOR_TRANSITION|DOWN|1090fc3ad9e0c997"", ""COMP|T4_REGIME_ANCHOR_TRANSITION|DOWN|19d9bfd2d0ed1a04"", ""COMP|T4_REGIME_ANCHOR_TRANSITION|DOWN|40950db6f478af90"", ""COMP|T4_REGIME_ANCHOR_TRANSITION|DOWN|4b6f63b1af499f92"", ""COMP|T4_REGIME_ANCHOR_TRANSITION|DOWN|5687f942453185a1"", ""COMP|T4_REGIME_ANCHOR_TRANSITION|DOWN|5b277a427467f7bd"", ""COMP|T4_REGIME_ANCHOR_TRANSITION|DOWN|92dcc81524f8cc09"", ""COMP|T4_REGIME_ANCHOR_TRANSITION|DOWN|d26b94d6a721e088""]","[""COMP|T3_ANCHOR_TRANSITION|DOWN|b1041ce6fa05a887"", ""COMP|T4_REGIME_ANCHOR_TRANSITION|DOWN|1090fc3ad9e0c997"", ""COMP|T4_REGIME_ANCHOR_TRANSITION|DOWN|19d9bfd2d0ed1a04"", ""COMP|T4_REGIME_ANCHOR_TRANSITION|DOWN|40950db6f478af90"", ""COMP|T4_REGIME_ANCHOR_TRANSITION|DOWN|4b6f63b1af499f92"", ""COMP|T4_REGIME_ANCHOR_TRANSITION|DOWN|5687f942453185a1"", ""COMP|T4_REGIME_ANCHOR_TRANSITION|DOWN|5b277a427467f7bd"", ""COMP|T4_REGIME_ANCHOR_TRANSITION|DOWN|92dcc81524f8cc09"", ""COMP|T4_REGIME_ANCHOR_TRANSITION|DOWN|d2576c50dcefa912"", ""COMP|T4_REGIME_ANCHOR_TRANSITION|DOWN|d26b94d6a721e088""]",EVENT_STREAM_JACCARD
NR-000393,DOWN,30m,9,0.95,COMP|T4_REGIME_ANCHOR_TRANSITION|DOWN|ceaa2ed9650f80c2,"[""COMP|T3_ANCHOR_TRANSITION|DOWN|3c23d58625a5a962"", ""COMP|T4_REGIME_ANCHOR_TRANSITION|DOWN|869bcb304882b7bb"", ""COMP|T4_REGIME_ANCHOR_TRANSITION|DOWN|8b0886128862c983"", ""COMP|T4_REGIME_ANCHOR_TRANSITION|DOWN|8d9fa228e8dc44a6"", ""COMP|T4_REGIME_ANCHOR_TRANSITION|DOWN|996ceee98a566882"", ""COMP|T4_REGIME_ANCHOR_TRANSITION|DOWN|bdc8ec146e879ee6"", ""COMP|T4_REGIME_ANCHOR_TRANSITION|DOWN|ea8803ada4cc37aa"", ""COMP|T4_REGIME_ANCHOR_TRANSITION|DOWN|f21577a6a6950f01""]","[""COMP|T3_ANCHOR_TRANSITION|DOWN|3c23d58625a5a962"", ""COMP|T4_REGIME_ANCHOR_TRANSITION|DOWN|869bcb304882b7bb"", ""COMP|T4_REGIME_ANCHOR_TRANSITION|DOWN|8b0886128862c983"", ""COMP|T4_REGIME_ANCHOR_TRANSITION|DOWN|8d9fa228e8dc44a6"", ""COMP|T4_REGIME_ANCHOR_TRANSITION|DOWN|996ceee98a566882"", ""COMP|T4_REGIME_ANCHOR_TRANSITION|DOWN|bdc8ec146e879ee6"", ""COMP|T4_REGIME_ANCHOR_TRANSITION|DOWN|ceaa2ed9650f80c2"", ""COMP|T4_REGIME_ANCHOR_TRANSITION|DOWN|ea8803ada4cc37aa"", ""COMP|T4_REGIME_ANCHOR_TRANSITION|DOWN|f21577a6a6950f01""]",EVENT_STREAM_JACCARD
NR-000394,DOWN,30m,8,0.95,COMP|T4_REGIME_ANCHOR_TRANSITION|DOWN|e277abb621c3286d,"[""COMP|T3_ANCHOR_TRANSITION|DOWN|491f30e3c07458e5"", ""COMP|T4_REGIME_ANCHOR_TRANSITION|DOWN|07303c486fe94721"", ""COMP|T4_REGIME_ANCHOR_TRANSITION|DOWN|178e7be96b9e2b14"", ""COMP|T4_REGIME_ANCHOR_TRANSITION|DOWN|9bde90f6248ce9d7"", ""COMP|T4_REGIME_ANCHOR_TRANSITION|DOWN|be822c2b2e3ca7aa"", ""COMP|T4_REGIME_ANCHOR_TRANSITION|DOWN|f6014b45d920cc3c"", ""COMP|T4_REGIME_ANCHOR_TRANSITION|DOWN|f78d5cfac4998748""]","[""COMP|T3_ANCHOR_TRANSITION|DOWN|491f30e3c07458e5"", ""COMP|T4_REGIME_ANCHOR_TRANSITION|DOWN|07303c486fe94721"", ""COMP|T4_REGIME_ANCHOR_TRANSITION|DOWN|178e7be96b9e2b14"", ""COMP|T4_REGIME_ANCHOR_TRANSITION|DOWN|9bde90f6248ce9d7"", ""COMP|T4_REGIME_ANCHOR_TRANSITION|DOWN|be822c2b2e3ca7aa"", ""COMP|T4_REGIME_ANCHOR_TRANSITION|DOWN|e277abb621c3286d"", ""COMP|T4_REGIME_ANCHOR_TRANSITION|DOWN|f6014b45d920cc3c"", ""COMP|T4_REGIME_ANCHOR_TRANSITION|DOWN|f78d5cfac4998748""]",EVENT_STREAM_JACCARD
NR-000395,DOWN,30m,9,0.95,COMP|T4_REGIME_ANCHOR_TRANSITION|DOWN|7cfd2da42f6c2792,"[""COMP|T3_ANCHOR_TRANSITION|DOWN|a10039a11bec1e40"", ""COMP|T4_REGIME_ANCHOR_TRANSITION|DOWN|305f5394de766ff2"", ""COMP|T4_REGIME_ANCHOR_TRANSITION|DOWN|38334b3d77a007fe"", ""COMP|T4_REGIME_ANCHOR_TRANSITION|DOWN|8fa8bcdc60c6c4c7"", ""COMP|T4_REGIME_ANCHOR_TRANSITION|DOWN|8ffcf1d61b9b994c"", ""COMP|T4_REGIME_ANCHOR_TRANSITION|DOWN|ad6b4d00d412a888"", ""COMP|T4_REGIME_ANCHOR_TRANSITION|DOWN|d79c486e41d125be"", ""COMP|T4_REGIME_ANCHOR_TRANSITION|DOWN|e0ecbc44a53f62fd""]","[""COMP|T3_ANCHOR_TRANSITION|DOWN|a10039a11bec1e40"", ""COMP|T4_REGIME_ANCHOR_TRANSITION|DOWN|305f5394de766ff2"", ""COMP|T4_REGIME_ANCHOR_TRANSITION|DOWN|38334b3d77a007fe"", ""COMP|T4_REGIME_ANCHOR_TRANSITION|DOWN|7cfd2da42f6c2792"", ""COMP|T4_REGIME_ANCHOR_TRANSITION|DOWN|8fa8bcdc60c6c4c7"", ""COMP|T4_REGIME_ANCHOR_TRANSITION|DOWN|8ffcf1d61b9b994c"", ""COMP|T4_REGIME_ANCHOR_TRANSITION|DOWN|ad6b4d00d412a888"", ""COMP|T4_REGIME_ANCHOR_TRANSITION|DOWN|d79c486e41d125be"", ""COMP|T4_REGIME_ANCHOR_TRANSITION|DOWN|e0ecbc44a53f62fd""]",EVENT_STREAM_JACCARD
NR-000396,DOWN,30m,9,0.95,COMP|T4_REGIME_ANCHOR_TRANSITION|DOWN|b1abdee88e82c525,"[""COMP|T3_ANCHOR_TRANSITION|DOWN|75285a406b8aa572"", ""COMP|T4_REGIME_ANCHOR_TRANSITION|DOWN|08113cf1b19b69e8"", ""COMP|T4_REGIME_ANCHOR_TRANSITION|DOWN|189f8cf1a7dafbfb"", ""COMP|T4_REGIME_ANCHOR_TRANSITION|DOWN|1a18c780214164ab"", ""COMP|T4_REGIME_ANCHOR_TRANSITION|DOWN|8c3a707c2a15f80a"", ""COMP|T4_REGIME_ANCHOR_TRANSITION|DOWN|8dc8ff694838a996"", ""COMP|T4_REGIME_ANCHOR_TRANSITION|DOWN|a2f8f092c04db8df"", ""COMP|T4_REGIME_ANCHOR_TRANSITION|DOWN|b928083bbc1744cc""]","[""COMP|T3_ANCHOR_TRANSITION|DOWN|75285a406b8aa572"", ""COMP|T4_REGIME_ANCHOR_TRANSITION|DOWN|08113cf1b19b69e8"", ""COMP|T4_REGIME_ANCHOR_TRANSITION|DOWN|189f8cf1a7dafbfb"", ""COMP|T4_REGIME_ANCHOR_TRANSITION|DOWN|1a18c780214164ab"", ""COMP|T4_REGIME_ANCHOR_TRANSITION|DOWN|8c3a707c2a15f80a"", ""COMP|T4_REGIME_ANCHOR_TRANSITION|DOWN|8dc8ff694838a996"", ""COMP|T4_REGIME_ANCHOR_TRANSITION|DOWN|a2f8f092c04db8df"", ""COMP|T4_REGIME_ANCHOR_TRANSITION|DOWN|b1abdee88e82c525"", ""COMP|T4_REGIME_ANCHOR_TRANSITION|DOWN|b928083bbc1744cc""]",EVENT_STREAM_JACCARD
NR-000397,DOWN,30m,11,0.95,COMP|T4_REGIME_ANCHOR_TRANSITION|DOWN|318c21aa399b1f08,"[""COMP|T3_ANCHOR_TRANSITION|DOWN|0e3b18130e072989"", ""COMP|T4_REGIME_ANCHOR_TRANSITION|DOWN|421c8fad11f23761"", ""COMP|T4_REGIME_ANCHOR_TRANSITION|DOWN|53e16bd36244ca43"", ""COMP|T4_REGIME_ANCHOR_TRANSITION|DOWN|5ff04d048974aced"", ""COMP|T4_REGIME_ANCHOR_TRANSITION|DOWN|77ab10a5063a761e"", ""COMP|T4_REGIME_ANCHOR_TRANSITION|DOWN|9417ba623bfc1c34"", ""COMP|T4_REGIME_ANCHOR_TRANSITION|DOWN|9ae797529239ab50"", ""COMP|T4_REGIME_ANCHOR_TRANSITION|DOWN|a21f9e0c07dd8aea"", ""COMP|T4_REGIME_ANCHOR_TRANSITION|DOWN|b09dc0f7c0a94d51"", ""COMP|T4_REGIME_ANCHOR_TRANSITION|DOWN|d498ffca6f4ddcac""]","[""COMP|T3_ANCHOR_TRANSITION|DOWN|0e3b18130e072989"", ""COMP|T4_REGIME_ANCHOR_TRANSITION|DOWN|318c21aa399b1f08"", ""COMP|T4_REGIME_ANCHOR_TRANSITION|DOWN|421c8fad11f23761"", ""COMP|T4_REGIME_ANCHOR_TRANSITION|DOWN|53e16bd36244ca43"", ""COMP|T4_REGIME_ANCHOR_TRANSITION|DOWN|5ff04d048974aced"", ""COMP|T4_REGIME_ANCHOR_TRANSITION|DOWN|77ab10a5063a761e"", ""COMP|T4_REGIME_ANCHOR_TRANSITION|DOWN|9417ba623bfc1c34"", ""COMP|T4_REGIME_ANCHOR_TRANSITION|DOWN|9ae797529239ab50"", ""COMP|T4_REGIME_ANCHOR_TRANSITION|DOWN|a21f9e0c07dd8aea"", ""COMP|T4_REGIME_ANCHOR_TRANSITION|DOWN|b09dc0f7c0a94d51"", ""COMP|T4_REGIME_ANCHOR_TRANSITION|DOWN|d498ffca6f4ddcac""]",EVENT_STREAM_JACCARD
NR-000398,DOWN,30m,10,0.95,COMP|T4_REGIME_ANCHOR_TRANSITION|DOWN|523d9cab4a3e7c5f,"[""COMP|T3_ANCHOR_TRANSITION|DOWN|d7cfda129a5f94a7"", ""COMP|T4_REGIME_ANCHOR_TRANSITION|DOWN|08e1a98c370bf4c2"", ""COMP|T4_REGIME_ANCHOR_TRANSITION|DOWN|2ce895fcd9031e11"", ""COMP|T4_REGIME_ANCHOR_TRANSITION|DOWN|4f8dff9ca6ffff3c"", ""COMP|T4_REGIME_ANCHOR_TRANSITION|DOWN|52996ac9ac4b6d5a"", ""COMP|T4_REGIME_ANCHOR_TRANSITION|DOWN|8dc21ace55b7bde9"", ""COMP|T4_REGIME_ANCHOR_TRANSITION|DOWN|bab4f60a9097ef6a"", ""COMP|T4_REGIME_ANCHOR_TRANSITION|DOWN|bee2e94a5c7c91fe"", ""COMP|T4_REGIME_ANCHOR_TRANSITION|DOWN|fdf41cf5c101be6e""]","[""COMP|T3_ANCHOR_TRANSITION|DOWN|d7cfda129a5f94a7"", ""COMP|T4_REGIME_ANCHOR_TRANSITION|DOWN|08e1a98c370bf4c2"", ""COMP|T4_REGIME_ANCHOR_TRANSITION|DOWN|2ce895fcd9031e11"", ""COMP|T4_REGIME_ANCHOR_TRANSITION|DOWN|4f8dff9ca6ffff3c"", ""COMP|T4_REGIME_ANCHOR_TRANSITION|DOWN|523d9cab4a3e7c5f"", ""COMP|T4_REGIME_ANCHOR_TRANSITION|DOWN|52996ac9ac4b6d5a"", ""COMP|T4_REGIME_ANCHOR_TRANSITION|DOWN|8dc21ace55b7bde9"", ""COMP|T4_REGIME_ANCHOR_TRANSITION|DOWN|bab4f60a9097ef6a"", ""COMP|T4_REGIME_ANCHOR_TRANSITION|DOWN|bee2e94a5c7c91fe"", ""COMP|T4_REGIME_ANCHOR_TRANSITION|DOWN|fdf41cf5c101be6e""]",EVENT_STREAM_JACCARD
NR-000399,DOWN,30m,2,0.95,COMP|T4_REGIME_ANCHOR_TRANSITION|DOWN|f5f7870fa211f2ea,"[""COMP|T4_REGIME_ANCHOR_TRANSITION|DOWN|62fe3e7d5748e251""]","[""COMP|T4_REGIME_ANCHOR_TRANSITION|DOWN|62fe3e7d5748e251"", ""COMP|T4_REGIME_ANCHOR_TRANSITION|DOWN|f5f7870fa211f2ea""]",EVENT_STREAM_JACCARD
NR-000400,DOWN,30m,8,0.95,COMP|T4_REGIME_ANCHOR_TRANSITION|DOWN|329f003b89bed2a1,"[""COMP|T3_ANCHOR_TRANSITION|DOWN|e02173dde251fa75"", ""COMP|T4_REGIME_ANCHOR_TRANSITION|DOWN|02631ff127e381ad"", ""COMP|T4_REGIME_ANCHOR_TRANSITION|DOWN|49cb6e189cd8ce5e"", ""COMP|T4_REGIME_ANCHOR_TRANSITION|DOWN|57da30d3718c02da"", ""COMP|T4_REGIME_ANCHOR_TRANSITION|DOWN|7ad2488850c65906"", ""COMP|T4_REGIME_ANCHOR_TRANSITION|DOWN|be0ab9a44bf10a8f"", ""COMP|T4_REGIME_ANCHOR_TRANSITION|DOWN|e8084da6938d54a7""]","[""COMP|T3_ANCHOR_TRANSITION|DOWN|e02173dde251fa75"", ""COMP|T4_REGIME_ANCHOR_TRANSITION|DOWN|02631ff127e381ad"", ""COMP|T4_REGIME_ANCHOR_TRANSITION|DOWN|329f003b89bed2a1"", ""COMP|T4_REGIME_ANCHOR_TRANSITION|DOWN|49cb6e189cd8ce5e"", ""COMP|T4_REGIME_ANCHOR_TRANSITION|DOWN|57da30d3718c02da"", ""COMP|T4_REGIME_ANCHOR_TRANSITION|DOWN|7ad2488850c65906"", ""COMP|T4_REGIME_ANCHOR_TRANSITION|DOWN|be0ab9a44bf10a8f"", ""COMP|T4_REGIME_ANCHOR_TRANSITION|DOWN|e8084da6938d54a7""]",EVENT_STREAM_JACCARD
NR-000401,DOWN,30m,2,0.95,COMP|T4_REGIME_ANCHOR_TRANSITION|DOWN|d1cb12161c33334b,"[""COMP|T4_REGIME_ANCHOR_TRANSITION|DOWN|acc8c60dc9737b6e""]","[""COMP|T4_REGIME_ANCHOR_TRANSITION|DOWN|acc8c60dc9737b6e"", ""COMP|T4_REGIME_ANCHOR_TRANSITION|DOWN|d1cb12161c33334b""]",EVENT_STREAM_JACCARD
NR-000402,DOWN,30m,11,0.95,COMP|T4_REGIME_ANCHOR_TRANSITION|DOWN|ea6042822a96bf9b,"[""COMP|T3_ANCHOR_TRANSITION|DOWN|b8a2e88d6a67d643"", ""COMP|T4_REGIME_ANCHOR_TRANSITION|DOWN|0030fc7c103dd9ab"", ""COMP|T4_REGIME_ANCHOR_TRANSITION|DOWN|14aeb283199b69b3"", ""COMP|T4_REGIME_ANCHOR_TRANSITION|DOWN|6c953a23ef04915f"", ""COMP|T4_REGIME_ANCHOR_TRANSITION|DOWN|717c8207b51154f9"", ""COMP|T4_REGIME_ANCHOR_TRANSITION|DOWN|7639a32088cb670a"", ""COMP|T4_REGIME_ANCHOR_TRANSITION|DOWN|8a12163625dee7a0"", ""COMP|T4_REGIME_ANCHOR_TRANSITION|DOWN|af9d76c18dcda619"", ""COMP|T4_REGIME_ANCHOR_TRANSITION|DOWN|ef19dbfb780dfb00"", ""COMP|T4_REGIME_ANCHOR_TRANSITION|DOWN|f11ad290621c5b0b""]","[""COMP|T3_ANCHOR_TRANSITION|DOWN|b8a2e88d6a67d643"", ""COMP|T4_REGIME_ANCHOR_TRANSITION|DOWN|0030fc7c103dd9ab"", ""COMP|T4_REGIME_ANCHOR_TRANSITION|DOWN|14aeb283199b69b3"", ""COMP|T4_REGIME_ANCHOR_TRANSITION|DOWN|6c953a23ef04915f"", ""COMP|T4_REGIME_ANCHOR_TRANSITION|DOWN|717c8207b51154f9"", ""COMP|T4_REGIME_ANCHOR_TRANSITION|DOWN|7639a32088cb670a"", ""COMP|T4_REGIME_ANCHOR_TRANSITION|DOWN|8a12163625dee7a0"", ""COMP|T4_REGIME_ANCHOR_TRANSITION|DOWN|af9d76c18dcda619"", ""COMP|T4_REGIME_ANCHOR_TRANSITION|DOWN|ea6042822a96bf9b"", ""COMP|T4_REGIME_ANCHOR_TRANSITION|DOWN|ef19dbfb780dfb00"", ""COMP|T4_REGIME_ANCHOR_TRANSITION|DOWN|f11ad290621c5b0b""]",EVENT_STREAM_JACCARD
NR-000403,DOWN,30m,21,0.95,COMP|T4_REGIME_ANCHOR_TRANSITION|DOWN|afc7f64ce7bc3428,"[""COMP|T3_ANCHOR_TRANSITION|DOWN|a224f5497408ab30"", ""COMP|T3_ANCHOR_TRANSITION|DOWN|e39dd507ade10b25"", ""COMP|T4_REGIME_ANCHOR_TRANSITION|DOWN|06bafcc997aa16ae"", ""COMP|T4_REGIME_ANCHOR_TRANSITION|DOWN|1aaf308bdd878dde"", ""COMP|T4_REGIME_ANCHOR_TRANSITION|DOWN|40b2a9e225bc258e"", ""COMP|T4_REGIME_ANCHOR_TRANSITION|DOWN|57823901fbcc9016"", ""COMP|T4_REGIME_ANCHOR_TRANSITION|DOWN|5967a192bc8fccf8"", ""COMP|T4_REGIME_ANCHOR_TRANSITION|DOWN|6ee5476b77c36990"", ""COMP|T4_REGIME_ANCHOR_TRANSITION|DOWN|71da53431637a54d"", ""COMP|T4_REGIME_ANCHOR_TRANSITION|DOWN|7aa064a23a461fdf"", ""COMP|T4_REGIME_ANCHOR_TRANSITION|DOWN|81df350cda9bc2dd"", ""COMP|T4_REGIME_ANCHOR_TRANSITION|DOWN|89ca73c85ac93f14"", ""COMP|T4_REGIME_ANCHOR_TRANSITION|DOWN|9b9eb69dfb315e1f"", ""COMP|T4_REGIME_ANCHOR_TRANSITION|DOWN|b1746e9c0a400b08"", ""COMP|T4_REGIME_ANCHOR_TRANSITION|DOWN|b99c104e25032040"", ""COMP|T4_REGIME_ANCHOR_TRANSITION|DOWN|ba59e381d0b42d8e"", ""COMP|T4_REGIME_ANCHOR_TRANSITION|DOWN|c88131fe2b31d0d2"", ""COMP|T4_REGIME_ANCHOR_TRANSITION|DOWN|dc7493b26053d731"", ""COMP|T4_REGIME_ANCHOR_TRANSITION|DOWN|efea3068f43c915c"", ""COMP|T4_REGIME_ANCHOR_TRANSITION|DOWN|f54f64c79a5897a2""]","[""COMP|T3_ANCHOR_TRANSITION|DOWN|a224f5497408ab30"", ""COMP|T3_ANCHOR_TRANSITION|DOWN|e39dd507ade10b25"", ""COMP|T4_REGIME_ANCHOR_TRANSITION|DOWN|06bafcc997aa16ae"", ""COMP|T4_REGIME_ANCHOR_TRANSITION|DOWN|1aaf308bdd878dde"", ""COMP|T4_REGIME_ANCHOR_TRANSITION|DOWN|40b2a9e225bc258e"", ""COMP|T4_REGIME_ANCHOR_TRANSITION|DOWN|57823901fbcc9016"", ""COMP|T4_REGIME_ANCHOR_TRANSITION|DOWN|5967a192bc8fccf8"", ""COMP|T4_REGIME_ANCHOR_TRANSITION|DOWN|6ee5476b77c36990"", ""COMP|T4_REGIME_ANCHOR_TRANSITION|DOWN|71da53431637a54d"", ""COMP|T4_REGIME_ANCHOR_TRANSITION|DOWN|7aa064a23a461fdf"", ""COMP|T4_REGIME_ANCHOR_TRANSITION|DOWN|81df350cda9bc2dd"", ""COMP|T4_REGIME_ANCHOR_TRANSITION|DOWN|89ca73c85ac93f14"", ""COMP|T4_REGIME_ANCHOR_TRANSITION|DOWN|9b9eb69dfb315e1f"", ""COMP|T4_REGIME_ANCHOR_TRANSITION|DOWN|afc7f64ce7bc3428"", ""COMP|T4_REGIME_ANCHOR_TRANSITION|DOWN|b1746e9c0a400b08"", ""COMP|T4_REGIME_ANCHOR_TRANSITION|DOWN|b99c104e25032040"", ""COMP|T4_REGIME_ANCHOR_TRANSITION|DOWN|ba59e381d0b42d8e"", ""COMP|T4_REGIME_ANCHOR_TRANSITION|DOWN|c88131fe2b31d0d2"", ""COMP|T4_REGIME_ANCHOR_TRANSITION|DOWN|dc7493b26053d731"", ""COMP|T4_REGIME_ANCHOR_TRANSITION|DOWN|efea3068f43c915c"", ""COMP|T4_REGIME_ANCHOR_TRANSITION|DOWN|f54f64c79a5897a2""]",EVENT_STREAM_JACCARD
NR-000404,DOWN,30m,8,0.95,COMP|T4_REGIME_ANCHOR_TRANSITION|DOWN|425fa71b96cb1370,"[""COMP|T3_ANCHOR_TRANSITION|DOWN|c672a8999471f02e"", ""COMP|T4_REGIME_ANCHOR_TRANSITION|DOWN|0ab489529979e97b"", ""COMP|T4_REGIME_ANCHOR_TRANSITION|DOWN|284a7f1b0fe6513c"", ""COMP|T4_REGIME_ANCHOR_TRANSITION|DOWN|8b4608cfcc4acbc0"", ""COMP|T4_REGIME_ANCHOR_TRANSITION|DOWN|8c04c6a7ef5843d8"", ""COMP|T4_REGIME_ANCHOR_TRANSITION|DOWN|a6e3c49ea53e3fd1"", ""COMP|T4_REGIME_ANCHOR_TRANSITION|DOWN|c14b2248140f7ccd""]","[""COMP|T3_ANCHOR_TRANSITION|DOWN|c672a8999471f02e"", ""COMP|T4_REGIME_ANCHOR_TRANSITION|DOWN|0ab489529979e97b"", ""COMP|T4_REGIME_ANCHOR_TRANSITION|DOWN|284a7f1b0fe6513c"", ""COMP|T4_REGIME_ANCHOR_TRANSITION|DOWN|425fa71b96cb1370"", ""COMP|T4_REGIME_ANCHOR_TRANSITION|DOWN|8b4608cfcc4acbc0"", ""COMP|T4_REGIME_ANCHOR_TRANSITION|DOWN|8c04c6a7ef5843d8"", ""COMP|T4_REGIME_ANCHOR_TRANSITION|DOWN|a6e3c49ea53e3fd1"", ""COMP|T4_REGIME_ANCHOR_TRANSITION|DOWN|c14b2248140f7ccd""]",EVENT_STREAM_JACCARD
NR-000405,DOWN,30m,2,0.95,COMP|T4_REGIME_ANCHOR_TRANSITION|DOWN|4780f6ff58f40c15,"[""COMP|T4_REGIME_ANCHOR_TRANSITION|DOWN|ebf19f0114a4f0d5""]","[""COMP|T4_REGIME_ANCHOR_TRANSITION|DOWN|4780f6ff58f40c15"", ""COMP|T4_REGIME_ANCHOR_TRANSITION|DOWN|ebf19f0114a4f0d5""]",EVENT_STREAM_JACCARD
NR-000406,DOWN,30m,4,0.95,COMP|T4_REGIME_ANCHOR_TRANSITION|DOWN|e2ecb299786bdfa4,"[""COMP|T4_REGIME_ANCHOR_TRANSITION|DOWN|59ee6031d74c7397"", ""COMP|T4_REGIME_ANCHOR_TRANSITION|DOWN|6eaf9a5c95d95634"", ""COMP|T4_REGIME_ANCHOR_TRANSITION|DOWN|ca8e960f551cf66e""]","[""COMP|T4_REGIME_ANCHOR_TRANSITION|DOWN|59ee6031d74c7397"", ""COMP|T4_REGIME_ANCHOR_TRANSITION|DOWN|6eaf9a5c95d95634"", ""COMP|T4_REGIME_ANCHOR_TRANSITION|DOWN|ca8e960f551cf66e"", ""COMP|T4_REGIME_ANCHOR_TRANSITION|DOWN|e2ecb299786bdfa4""]",EVENT_STREAM_JACCARD
NR-000407,DOWN,30m,10,0.95,COMP|T4_REGIME_ANCHOR_TRANSITION|DOWN|a2994304eb18567f,"[""COMP|T3_ANCHOR_TRANSITION|DOWN|4eb999428f149b15"", ""COMP|T4_REGIME_ANCHOR_TRANSITION|DOWN|11dc2531831955a4"", ""COMP|T4_REGIME_ANCHOR_TRANSITION|DOWN|16b618f3da0b1e29"", ""COMP|T4_REGIME_ANCHOR_TRANSITION|DOWN|287b8c7478ef7175"", ""COMP|T4_REGIME_ANCHOR_TRANSITION|DOWN|3265659838de3a70"", ""COMP|T4_REGIME_ANCHOR_TRANSITION|DOWN|37b2c439511492c9"", ""COMP|T4_REGIME_ANCHOR_TRANSITION|DOWN|5acd028698d912a9"", ""COMP|T4_REGIME_ANCHOR_TRANSITION|DOWN|8b7a045988731a94"", ""COMP|T4_REGIME_ANCHOR_TRANSITION|DOWN|c6e316af1c9ff80d""]","[""COMP|T3_ANCHOR_TRANSITION|DOWN|4eb999428f149b15"", ""COMP|T4_REGIME_ANCHOR_TRANSITION|DOWN|11dc2531831955a4"", ""COMP|T4_REGIME_ANCHOR_TRANSITION|DOWN|16b618f3da0b1e29"", ""COMP|T4_REGIME_ANCHOR_TRANSITION|DOWN|287b8c7478ef7175"", ""COMP|T4_REGIME_ANCHOR_TRANSITION|DOWN|3265659838de3a70"", ""COMP|T4_REGIME_ANCHOR_TRANSITION|DOWN|37b2c439511492c9"", ""COMP|T4_REGIME_ANCHOR_TRANSITION|DOWN|5acd028698d912a9"", ""COMP|T4_REGIME_ANCHOR_TRANSITION|DOWN|8b7a045988731a94"", ""COMP|T4_REGIME_ANCHOR_TRANSITION|DOWN|a2994304eb18567f"", ""COMP|T4_REGIME_ANCHOR_TRANSITION|DOWN|c6e316af1c9ff80d""]",EVENT_STREAM_JACCARD
NR-000408,DOWN,30m,12,0.95,COMP|T4_REGIME_ANCHOR_TRANSITION|DOWN|e6d7c1ee0a93dc42,"[""COMP|T3_ANCHOR_TRANSITION|DOWN|7003cc22e8c45a43"", ""COMP|T4_REGIME_ANCHOR_TRANSITION|DOWN|1ceb1d0c4c809791"", ""COMP|T4_REGIME_ANCHOR_TRANSITION|DOWN|23e72d5fc0d27659"", ""COMP|T4_REGIME_ANCHOR_TRANSITION|DOWN|54a187a673d6cf4f"", ""COMP|T4_REGIME_ANCHOR_TRANSITION|DOWN|6c90f94091e3246a"", ""COMP|T4_REGIME_ANCHOR_TRANSITION|DOWN|6f136d9152c14716"", ""COMP|T4_REGIME_ANCHOR_TRANSITION|DOWN|be46a50edd4fcec5"", ""COMP|T4_REGIME_ANCHOR_TRANSITION|DOWN|c27033ba1bbb8209"", ""COMP|T4_REGIME_ANCHOR_TRANSITION|DOWN|c35b587f5e117383"", ""COMP|T4_REGIME_ANCHOR_TRANSITION|DOWN|e07e405e2f266de2"", ""COMP|T4_REGIME_ANCHOR_TRANSITION|DOWN|e8806287bd7aa309""]","[""COMP|T3_ANCHOR_TRANSITION|DOWN|7003cc22e8c45a43"", ""COMP|T4_REGIME_ANCHOR_TRANSITION|DOWN|1ceb1d0c4c809791"", ""COMP|T4_REGIME_ANCHOR_TRANSITION|DOWN|23e72d5fc0d27659"", ""COMP|T4_REGIME_ANCHOR_TRANSITION|DOWN|54a187a673d6cf4f"", ""COMP|T4_REGIME_ANCHOR_TRANSITION|DOWN|6c90f94091e3246a"", ""COMP|T4_REGIME_ANCHOR_TRANSITION|DOWN|6f136d9152c14716"", ""COMP|T4_REGIME_ANCHOR_TRANSITION|DOWN|be46a50edd4fcec5"", ""COMP|T4_REGIME_ANCHOR_TRANSITION|DOWN|c27033ba1bbb8209"", ""COMP|T4_REGIME_ANCHOR_TRANSITION|DOWN|c35b587f5e117383"", ""COMP|T4_REGIME_ANCHOR_TRANSITION|DOWN|e07e405e2f266de2"", ""COMP|T4_REGIME_ANCHOR_TRANSITION|DOWN|e6d7c1ee0a93dc42"", ""COMP|T4_REGIME_ANCHOR_TRANSITION|DOWN|e8806287bd7aa309""]",EVENT_STREAM_JACCARD
NR-000409,DOWN,30m,22,0.95,COMP|T4_REGIME_ANCHOR_TRANSITION|DOWN|95fc9ef23b71dd1c,"[""COMP|T3_ANCHOR_TRANSITION|DOWN|0e4753ad644f6746"", ""COMP|T3_ANCHOR_TRANSITION|DOWN|41821640b4918be7"", ""COMP|T4_REGIME_ANCHOR_TRANSITION|DOWN|1991343867d1da91"", ""COMP|T4_REGIME_ANCHOR_TRANSITION|DOWN|25ae00f08786f287"", ""COMP|T4_REGIME_ANCHOR_TRANSITION|DOWN|28863d11fbbbfed1"", ""COMP|T4_REGIME_ANCHOR_TRANSITION|DOWN|3358533d54a7dde1"", ""COMP|T4_REGIME_ANCHOR_TRANSITION|DOWN|34aed0e65c6d5723"", ""COMP|T4_REGIME_ANCHOR_TRANSITION|DOWN|37eb38d23e04af73"", ""COMP|T4_REGIME_ANCHOR_TRANSITION|DOWN|85deaaf6f7fbb588"", ""COMP|T4_REGIME_ANCHOR_TRANSITION|DOWN|872ad5e8ce23799b"", ""COMP|T4_REGIME_ANCHOR_TRANSITION|DOWN|956d8ac37ee45376"", ""COMP|T4_REGIME_ANCHOR_TRANSITION|DOWN|a5a0fb7e58bd69f9"", ""COMP|T4_REGIME_ANCHOR_TRANSITION|DOWN|b6a80ed2d77beffd"", ""COMP|T4_REGIME_ANCHOR_TRANSITION|DOWN|c0dfceb4178fa910"", ""COMP|T4_REGIME_ANCHOR_TRANSITION|DOWN|d0acbe379ede266f"", ""COMP|T4_REGIME_ANCHOR_TRANSITION|DOWN|d3d2504c35bcfae4"", ""COMP|T4_REGIME_ANCHOR_TRANSITION|DOWN|d406efd0cf844325"", ""COMP|T4_REGIME_ANCHOR_TRANSITION|DOWN|e07a1cae80da9bca"", ""COMP|T4_REGIME_ANCHOR_TRANSITION|DOWN|f32f4ee9f4ae1559"", ""COMP|T4_REGIME_ANCHOR_TRANSITION|DOWN|f52462939cf278ac"", ""COMP|T4_REGIME_ANCHOR_TRANSITION|DOWN|fb2c9e656234c12b""]","[""COMP|T3_ANCHOR_TRANSITION|DOWN|0e4753ad644f6746"", ""COMP|T3_ANCHOR_TRANSITION|DOWN|41821640b4918be7"", ""COMP|T4_REGIME_ANCHOR_TRANSITION|DOWN|1991343867d1da91"", ""COMP|T4_REGIME_ANCHOR_TRANSITION|DOWN|25ae00f08786f287"", ""COMP|T4_REGIME_ANCHOR_TRANSITION|DOWN|28863d11fbbbfed1"", ""COMP|T4_REGIME_ANCHOR_TRANSITION|DOWN|3358533d54a7dde1"", ""COMP|T4_REGIME_ANCHOR_TRANSITION|DOWN|34aed0e65c6d5723"", ""COMP|T4_REGIME_ANCHOR_TRANSITION|DOWN|37eb38d23e04af73"", ""COMP|T4_REGIME_ANCHOR_TRANSITION|DOWN|85deaaf6f7fbb588"", ""COMP|T4_REGIME_ANCHOR_TRANSITION|DOWN|872ad5e8ce23799b"", ""COMP|T4_REGIME_ANCHOR_TRANSITION|DOWN|956d8ac37ee45376"", ""COMP|T4_REGIME_ANCHOR_TRANSITION|DOWN|95fc9ef23b71dd1c"", ""COMP|T4_REGIME_ANCHOR_TRANSITION|DOWN|a5a0fb7e58bd69f9"", ""COMP|T4_REGIME_ANCHOR_TRANSITION|DOWN|b6a80ed2d77beffd"", ""COMP|T4_REGIME_ANCHOR_TRANSITION|DOWN|c0dfceb4178fa910"", ""COMP|T4_REGIME_ANCHOR_TRANSITION|DOWN|d0acbe379ede266f"", ""COMP|T4_REGIME_ANCHOR_TRANSITION|DOWN|d3d2504c35bcfae4"", ""COMP|T4_REGIME_ANCHOR_TRANSITION|DOWN|d406efd0cf844325"", ""COMP|T4_REGIME_ANCHOR_TRANSITION|DOWN|e07a1cae80da9bca"", ""COMP|T4_REGIME_ANCHOR_TRANSITION|DOWN|f32f4ee9f4ae1559"", ""COMP|T4_REGIME_ANCHOR_TRANSITION|DOWN|f52462939cf278ac"", ""COMP|T4_REGIME_ANCHOR_TRANSITION|DOWN|fb2c9e656234c12b""]",EVENT_STREAM_JACCARD
NR-000410,DOWN,30m,8,0.95,COMP|T4_REGIME_ANCHOR_TRANSITION|DOWN|b7955748b4cad5f8,"[""COMP|T3_ANCHOR_TRANSITION|DOWN|c4bbe2ebbdd65e4d"", ""COMP|T4_REGIME_ANCHOR_TRANSITION|DOWN|04a08bbabc36573f"", ""COMP|T4_REGIME_ANCHOR_TRANSITION|DOWN|04e472b0c454191f"", ""COMP|T4_REGIME_ANCHOR_TRANSITION|DOWN|37ecd583a25791da"", ""COMP|T4_REGIME_ANCHOR_TRANSITION|DOWN|5f49a0a02928e0ed"", ""COMP|T4_REGIME_ANCHOR_TRANSITION|DOWN|9f05d6a25f71a83c"", ""COMP|T4_REGIME_ANCHOR_TRANSITION|DOWN|c34b9633ff27a91b""]","[""COMP|T3_ANCHOR_TRANSITION|DOWN|c4bbe2ebbdd65e4d"", ""COMP|T4_REGIME_ANCHOR_TRANSITION|DOWN|04a08bbabc36573f"", ""COMP|T4_REGIME_ANCHOR_TRANSITION|DOWN|04e472b0c454191f"", ""COMP|T4_REGIME_ANCHOR_TRANSITION|DOWN|37ecd583a25791da"", ""COMP|T4_REGIME_ANCHOR_TRANSITION|DOWN|5f49a0a02928e0ed"", ""COMP|T4_REGIME_ANCHOR_TRANSITION|DOWN|9f05d6a25f71a83c"", ""COMP|T4_REGIME_ANCHOR_TRANSITION|DOWN|b7955748b4cad5f8"", ""COMP|T4_REGIME_ANCHOR_TRANSITION|DOWN|c34b9633ff27a91b""]",EVENT_STREAM_JACCARD
NR-000411,DOWN,30m,9,0.95,COMP|T4_REGIME_ANCHOR_TRANSITION|DOWN|97efa28f1a5fc0c3,"[""COMP|T3_ANCHOR_TRANSITION|DOWN|cb7419b6982ea14a"", ""COMP|T4_REGIME_ANCHOR_TRANSITION|DOWN|09e1bcd85e48c553"", ""COMP|T4_REGIME_ANCHOR_TRANSITION|DOWN|25e7acbe3458e1f4"", ""COMP|T4_REGIME_ANCHOR_TRANSITION|DOWN|4990b984f23d637d"", ""COMP|T4_REGIME_ANCHOR_TRANSITION|DOWN|5ad9f10da7c96802"", ""COMP|T4_REGIME_ANCHOR_TRANSITION|DOWN|aebca772b83c8142"", ""COMP|T4_REGIME_ANCHOR_TRANSITION|DOWN|c8e175d9de57b866"", ""COMP|T4_REGIME_ANCHOR_TRANSITION|DOWN|f9c5340ab8103788""]","[""COMP|T3_ANCHOR_TRANSITION|DOWN|cb7419b6982ea14a"", ""COMP|T4_REGIME_ANCHOR_TRANSITION|DOWN|09e1bcd85e48c553"", ""COMP|T4_REGIME_ANCHOR_TRANSITION|DOWN|25e7acbe3458e1f4"", ""COMP|T4_REGIME_ANCHOR_TRANSITION|DOWN|4990b984f23d637d"", ""COMP|T4_REGIME_ANCHOR_TRANSITION|DOWN|5ad9f10da7c96802"", ""COMP|T4_REGIME_ANCHOR_TRANSITION|DOWN|97efa28f1a5fc0c3"", ""COMP|T4_REGIME_ANCHOR_TRANSITION|DOWN|aebca772b83c8142"", ""COMP|T4_REGIME_ANCHOR_TRANSITION|DOWN|c8e175d9de57b866"", ""COMP|T4_REGIME_ANCHOR_TRANSITION|DOWN|f9c5340ab8103788""]",EVENT_STREAM_JACCARD
NR-000412,DOWN,30m,11,0.95,COMP|T4_REGIME_ANCHOR_TRANSITION|DOWN|3878b7cced63b59e,"[""COMP|T3_ANCHOR_TRANSITION|DOWN|61542c7fca83333f"", ""COMP|T4_REGIME_ANCHOR_TRANSITION|DOWN|0d03ce483bba4bbe"", ""COMP|T4_REGIME_ANCHOR_TRANSITION|DOWN|0edfb5acbbe7fd01"", ""COMP|T4_REGIME_ANCHOR_TRANSITION|DOWN|1a313acc1782bfc1"", ""COMP|T4_REGIME_ANCHOR_TRANSITION|DOWN|2092042a1d6e8878"", ""COMP|T4_REGIME_ANCHOR_TRANSITION|DOWN|3847d16dbac09092"", ""COMP|T4_REGIME_ANCHOR_TRANSITION|DOWN|75105ce1fac7e5c3"", ""COMP|T4_REGIME_ANCHOR_TRANSITION|DOWN|9b43051c372b6efc"", ""COMP|T4_REGIME_ANCHOR_TRANSITION|DOWN|c049cdc3c6a42fbc"", ""COMP|T4_REGIME_ANCHOR_TRANSITION|DOWN|c62d60f7160011d4""]","[""COMP|T3_ANCHOR_TRANSITION|DOWN|61542c7fca83333f"", ""COMP|T4_REGIME_ANCHOR_TRANSITION|DOWN|0d03ce483bba4bbe"", ""COMP|T4_REGIME_ANCHOR_TRANSITION|DOWN|0edfb5acbbe7fd01"", ""COMP|T4_REGIME_ANCHOR_TRANSITION|DOWN|1a313acc1782bfc1"", ""COMP|T4_REGIME_ANCHOR_TRANSITION|DOWN|2092042a1d6e8878"", ""COMP|T4_REGIME_ANCHOR_TRANSITION|DOWN|3847d16dbac09092"", ""COMP|T4_REGIME_ANCHOR_TRANSITION|DOWN|3878b7cced63b59e"", ""COMP|T4_REGIME_ANCHOR_TRANSITION|DOWN|75105ce1fac7e5c3"", ""COMP|T4_REGIME_ANCHOR_TRANSITION|DOWN|9b43051c372b6efc"", ""COMP|T4_REGIME_ANCHOR_TRANSITION|DOWN|c049cdc3c6a42fbc"", ""COMP|T4_REGIME_ANCHOR_TRANSITION|DOWN|c62d60f7160011d4""]",EVENT_STREAM_JACCARD
NR-000413,DOWN,30m,10,0.95,COMP|T4_REGIME_ANCHOR_TRANSITION|DOWN|b91e959a147f7283,"[""COMP|T3_ANCHOR_TRANSITION|DOWN|41838e50e7f3ceac"", ""COMP|T4_REGIME_ANCHOR_TRANSITION|DOWN|028618ee0951ee9b"", ""COMP|T4_REGIME_ANCHOR_TRANSITION|DOWN|0da46a973595323e"", ""COMP|T4_REGIME_ANCHOR_TRANSITION|DOWN|155337a717f58a57"", ""COMP|T4_REGIME_ANCHOR_TRANSITION|DOWN|33213fb9b6835466"", ""COMP|T4_REGIME_ANCHOR_TRANSITION|DOWN|58276831ee863237"", ""COMP|T4_REGIME_ANCHOR_TRANSITION|DOWN|8a577e705aaf427e"", ""COMP|T4_REGIME_ANCHOR_TRANSITION|DOWN|8e6d8f3d308acc3c"", ""COMP|T4_REGIME_ANCHOR_TRANSITION|DOWN|c43f5be6744ab255""]","[""COMP|T3_ANCHOR_TRANSITION|DOWN|41838e50e7f3ceac"", ""COMP|T4_REGIME_ANCHOR_TRANSITION|DOWN|028618ee0951ee9b"", ""COMP|T4_REGIME_ANCHOR_TRANSITION|DOWN|0da46a973595323e"", ""COMP|T4_REGIME_ANCHOR_TRANSITION|DOWN|155337a717f58a57"", ""COMP|T4_REGIME_ANCHOR_TRANSITION|DOWN|33213fb9b6835466"", ""COMP|T4_REGIME_ANCHOR_TRANSITION|DOWN|58276831ee863237"", ""COMP|T4_REGIME_ANCHOR_TRANSITION|DOWN|8a577e705aaf427e"", ""COMP|T4_REGIME_ANCHOR_TRANSITION|DOWN|8e6d8f3d308acc3c"", ""COMP|T4_REGIME_ANCHOR_TRANSITION|DOWN|b91e959a147f7283"", ""COMP|T4_REGIME_ANCHOR_TRANSITION|DOWN|c43f5be6744ab255""]",EVENT_STREAM_JACCARD
NR-000414,DOWN,30m,11,0.95,COMP|T4_REGIME_ANCHOR_TRANSITION|DOWN|5c7ff63c03cfd6c0,"[""COMP|T3_ANCHOR_TRANSITION|DOWN|7e33e62da4582dd7"", ""COMP|T4_REGIME_ANCHOR_TRANSITION|DOWN|0aecf5c67d4cf373"", ""COMP|T4_REGIME_ANCHOR_TRANSITION|DOWN|18450d82d72bfc06"", ""COMP|T4_REGIME_ANCHOR_TRANSITION|DOWN|333e3fcfef69f0f0"", ""COMP|T4_REGIME_ANCHOR_TRANSITION|DOWN|3c688401ad2d81e4"", ""COMP|T4_REGIME_ANCHOR_TRANSITION|DOWN|419be7d0b294af3c"", ""COMP|T4_REGIME_ANCHOR_TRANSITION|DOWN|580176eb2dc0f562"", ""COMP|T4_REGIME_ANCHOR_TRANSITION|DOWN|66ce5b3c81eb0340"", ""COMP|T4_REGIME_ANCHOR_TRANSITION|DOWN|af583e194a91eab3"", ""COMP|T4_REGIME_ANCHOR_TRANSITION|DOWN|bbe33e75aadcf20f""]","[""COMP|T3_ANCHOR_TRANSITION|DOWN|7e33e62da4582dd7"", ""COMP|T4_REGIME_ANCHOR_TRANSITION|DOWN|0aecf5c67d4cf373"", ""COMP|T4_REGIME_ANCHOR_TRANSITION|DOWN|18450d82d72bfc06"", ""COMP|T4_REGIME_ANCHOR_TRANSITION|DOWN|333e3fcfef69f0f0"", ""COMP|T4_REGIME_ANCHOR_TRANSITION|DOWN|3c688401ad2d81e4"", ""COMP|T4_REGIME_ANCHOR_TRANSITION|DOWN|419be7d0b294af3c"", ""COMP|T4_REGIME_ANCHOR_TRANSITION|DOWN|580176eb2dc0f562"", ""COMP|T4_REGIME_ANCHOR_TRANSITION|DOWN|5c7ff63c03cfd6c0"", ""COMP|T4_REGIME_ANCHOR_TRANSITION|DOWN|66ce5b3c81eb0340"", ""COMP|T4_REGIME_ANCHOR_TRANSITION|DOWN|af583e194a91eab3"", ""COMP|T4_REGIME_ANCHOR_TRANSITION|DOWN|bbe33e75aadcf20f""]",EVENT_STREAM_JACCARD
NR-000415,DOWN,30m,9,0.95,COMP|T4_REGIME_ANCHOR_TRANSITION|DOWN|5c9f5ccfac178be4,"[""COMP|T3_ANCHOR_TRANSITION|DOWN|474bef29870eac20"", ""COMP|T4_REGIME_ANCHOR_TRANSITION|DOWN|0afa1f0ccd8db109"", ""COMP|T4_REGIME_ANCHOR_TRANSITION|DOWN|25eadaadb117045d"", ""COMP|T4_REGIME_ANCHOR_TRANSITION|DOWN|4d469b2edb7079e5"", ""COMP|T4_REGIME_ANCHOR_TRANSITION|DOWN|4dd5ffaa91ae9ae2"", ""COMP|T4_REGIME_ANCHOR_TRANSITION|DOWN|512b55e19a35c5c5"", ""COMP|T4_REGIME_ANCHOR_TRANSITION|DOWN|929a3451bb7f7621"", ""COMP|T4_REGIME_ANCHOR_TRANSITION|DOWN|f93baddc646b858f""]","[""COMP|T3_ANCHOR_TRANSITION|DOWN|474bef29870eac20"", ""COMP|T4_REGIME_ANCHOR_TRANSITION|DOWN|0afa1f0ccd8db109"", ""COMP|T4_REGIME_ANCHOR_TRANSITION|DOWN|25eadaadb117045d"", ""COMP|T4_REGIME_ANCHOR_TRANSITION|DOWN|4d469b2edb7079e5"", ""COMP|T4_REGIME_ANCHOR_TRANSITION|DOWN|4dd5ffaa91ae9ae2"", ""COMP|T4_REGIME_ANCHOR_TRANSITION|DOWN|512b55e19a35c5c5"", ""COMP|T4_REGIME_ANCHOR_TRANSITION|DOWN|5c9f5ccfac178be4"", ""COMP|T4_REGIME_ANCHOR_TRANSITION|DOWN|929a3451bb7f7621"", ""COMP|T4_REGIME_ANCHOR_TRANSITION|DOWN|f93baddc646b858f""]",EVENT_STREAM_JACCARD
NR-000416,DOWN,30m,21,0.95,COMP|T4_REGIME_ANCHOR_TRANSITION|DOWN|5fa72dda53344cb5,"[""COMP|T3_ANCHOR_TRANSITION|DOWN|48e5606f5c53c935"", ""COMP|T3_ANCHOR_TRANSITION|DOWN|dc3c15f2c3b3cd48"", ""COMP|T4_REGIME_ANCHOR_TRANSITION|DOWN|0087a4dda637d3b2"", ""COMP|T4_REGIME_ANCHOR_TRANSITION|DOWN|21acce00b0a03219"", ""COMP|T4_REGIME_ANCHOR_TRANSITION|DOWN|2a05b9c74c2ab9bf"", ""COMP|T4_REGIME_ANCHOR_TRANSITION|DOWN|2d7aebf42a9f10db"", ""COMP|T4_REGIME_ANCHOR_TRANSITION|DOWN|42248aad5383fa0e"", ""COMP|T4_REGIME_ANCHOR_TRANSITION|DOWN|472b007cd84edeb5"", ""COMP|T4_REGIME_ANCHOR_TRANSITION|DOWN|49617b9c78f30e2e"", ""COMP|T4_REGIME_ANCHOR_TRANSITION|DOWN|51bd4e69b610566e"", ""COMP|T4_REGIME_ANCHOR_TRANSITION|DOWN|539bf1a4f208e534"", ""COMP|T4_REGIME_ANCHOR_TRANSITION|DOWN|6022fdd47d309bc5"", ""COMP|T4_REGIME_ANCHOR_TRANSITION|DOWN|66150cd720436e1b"", ""COMP|T4_REGIME_ANCHOR_TRANSITION|DOWN|8110b719d7fb5104"", ""COMP|T4_REGIME_ANCHOR_TRANSITION|DOWN|af59043023aaf9ba"", ""COMP|T4_REGIME_ANCHOR_TRANSITION|DOWN|b695f74ab91f49bc"", ""COMP|T4_REGIME_ANCHOR_TRANSITION|DOWN|c8d573b269c4eb06"", ""COMP|T4_REGIME_ANCHOR_TRANSITION|DOWN|cb944ccd170bc447"", ""COMP|T4_REGIME_ANCHOR_TRANSITION|DOWN|d23403be06e45d1d"", ""COMP|T4_REGIME_ANCHOR_TRANSITION|DOWN|e69fd85c1fb5a8a5""]","[""COMP|T3_ANCHOR_TRANSITION|DOWN|48e5606f5c53c935"", ""COMP|T3_ANCHOR_TRANSITION|DOWN|dc3c15f2c3b3cd48"", ""COMP|T4_REGIME_ANCHOR_TRANSITION|DOWN|0087a4dda637d3b2"", ""COMP|T4_REGIME_ANCHOR_TRANSITION|DOWN|21acce00b0a03219"", ""COMP|T4_REGIME_ANCHOR_TRANSITION|DOWN|2a05b9c74c2ab9bf"", ""COMP|T4_REGIME_ANCHOR_TRANSITION|DOWN|2d7aebf42a9f10db"", ""COMP|T4_REGIME_ANCHOR_TRANSITION|DOWN|42248aad5383fa0e"", ""COMP|T4_REGIME_ANCHOR_TRANSITION|DOWN|472b007cd84edeb5"", ""COMP|T4_REGIME_ANCHOR_TRANSITION|DOWN|49617b9c78f30e2e"", ""COMP|T4_REGIME_ANCHOR_TRANSITION|DOWN|51bd4e69b610566e"", ""COMP|T4_REGIME_ANCHOR_TRANSITION|DOWN|539bf1a4f208e534"", ""COMP|T4_REGIME_ANCHOR_TRANSITION|DOWN|5fa72dda53344cb5"", ""COMP|T4_REGIME_ANCHOR_TRANSITION|DOWN|6022fdd47d309bc5"", ""COMP|T4_REGIME_ANCHOR_TRANSITION|DOWN|66150cd720436e1b"", ""COMP|T4_REGIME_ANCHOR_TRANSITION|DOWN|8110b719d7fb5104"", ""COMP|T4_REGIME_ANCHOR_TRANSITION|DOWN|af59043023aaf9ba"", ""COMP|T4_REGIME_ANCHOR_TRANSITION|DOWN|b695f74ab91f49bc"", ""COMP|T4_REGIME_ANCHOR_TRANSITION|DOWN|c8d573b269c4eb06"", ""COMP|T4_REGIME_ANCHOR_TRANSITION|DOWN|cb944ccd170bc447"", ""COMP|T4_REGIME_ANCHOR_TRANSITION|DOWN|d23403be06e45d1d"", ""COMP|T4_REGIME_ANCHOR_TRANSITION|DOWN|e69fd85c1fb5a8a5""]",EVENT_STREAM_JACCARD
NR-000417,DOWN,30m,9,0.95,COMP|T4_REGIME_ANCHOR_TRANSITION|DOWN|ac33f992f3f1c6bf,"[""COMP|T3_ANCHOR_TRANSITION|DOWN|0b86f5694f907e9b"", ""COMP|T4_REGIME_ANCHOR_TRANSITION|DOWN|30a479ef37253d5e"", ""COMP|T4_REGIME_ANCHOR_TRANSITION|DOWN|36c69c0ae03ec6e1"", ""COMP|T4_REGIME_ANCHOR_TRANSITION|DOWN|4055dec620b7c585"", ""COMP|T4_REGIME_ANCHOR_TRANSITION|DOWN|5872237044fe5c4e"", ""COMP|T4_REGIME_ANCHOR_TRANSITION|DOWN|8e9e1e65cb786b09"", ""COMP|T4_REGIME_ANCHOR_TRANSITION|DOWN|a244f7b7ed90c9db"", ""COMP|T4_REGIME_ANCHOR_TRANSITION|DOWN|fb6a70bd086aa317""]","[""COMP|T3_ANCHOR_TRANSITION|DOWN|0b86f5694f907e9b"", ""COMP|T4_REGIME_ANCHOR_TRANSITION|DOWN|30a479ef37253d5e"", ""COMP|T4_REGIME_ANCHOR_TRANSITION|DOWN|36c69c0ae03ec6e1"", ""COMP|T4_REGIME_ANCHOR_TRANSITION|DOWN|4055dec620b7c585"", ""COMP|T4_REGIME_ANCHOR_TRANSITION|DOWN|5872237044fe5c4e"", ""COMP|T4_REGIME_ANCHOR_TRANSITION|DOWN|8e9e1e65cb786b09"", ""COMP|T4_REGIME_ANCHOR_TRANSITION|DOWN|a244f7b7ed90c9db"", ""COMP|T4_REGIME_ANCHOR_TRANSITION|DOWN|ac33f992f3f1c6bf"", ""COMP|T4_REGIME_ANCHOR_TRANSITION|DOWN|fb6a70bd086aa317""]",EVENT_STREAM_JACCARD
NR-000418,DOWN,30m,2,0.95,COMP|T4_REGIME_ANCHOR_TRANSITION|DOWN|2c8819276b710edb,"[""COMP|T4_REGIME_ANCHOR_TRANSITION|DOWN|7c415a7b2c0c75fa""]","[""COMP|T4_REGIME_ANCHOR_TRANSITION|DOWN|2c8819276b710edb"", ""COMP|T4_REGIME_ANCHOR_TRANSITION|DOWN|7c415a7b2c0c75fa""]",EVENT_STREAM_JACCARD
NR-000419,DOWN,30m,8,0.95,COMP|T4_REGIME_ANCHOR_TRANSITION|DOWN|92562f326e1b7cd0,"[""COMP|T3_ANCHOR_TRANSITION|DOWN|75fbfe2a3be6d5c4"", ""COMP|T4_REGIME_ANCHOR_TRANSITION|DOWN|2b4eeeeb8ea62a0b"", ""COMP|T4_REGIME_ANCHOR_TRANSITION|DOWN|477dd48c98be4fd6"", ""COMP|T4_REGIME_ANCHOR_TRANSITION|DOWN|48c71a60a2ccf79b"", ""COMP|T4_REGIME_ANCHOR_TRANSITION|DOWN|5ccf81b5ddaf2a4f"", ""COMP|T4_REGIME_ANCHOR_TRANSITION|DOWN|8a8da6cef12261f9"", ""COMP|T4_REGIME_ANCHOR_TRANSITION|DOWN|d23e30e1265ea050""]","[""COMP|T3_ANCHOR_TRANSITION|DOWN|75fbfe2a3be6d5c4"", ""COMP|T4_REGIME_ANCHOR_TRANSITION|DOWN|2b4eeeeb8ea62a0b"", ""COMP|T4_REGIME_ANCHOR_TRANSITION|DOWN|477dd48c98be4fd6"", ""COMP|T4_REGIME_ANCHOR_TRANSITION|DOWN|48c71a60a2ccf79b"", ""COMP|T4_REGIME_ANCHOR_TRANSITION|DOWN|5ccf81b5ddaf2a4f"", ""COMP|T4_REGIME_ANCHOR_TRANSITION|DOWN|8a8da6cef12261f9"", ""COMP|T4_REGIME_ANCHOR_TRANSITION|DOWN|92562f326e1b7cd0"", ""COMP|T4_REGIME_ANCHOR_TRANSITION|DOWN|d23e30e1265ea050""]",EVENT_STREAM_JACCARD
NR-000420,DOWN,30m,9,0.95,COMP|T4_REGIME_ANCHOR_TRANSITION|DOWN|5f2b4f14abc80d68,"[""COMP|T3_ANCHOR_TRANSITION|DOWN|558cd9ba06571bbd"", ""COMP|T4_REGIME_ANCHOR_TRANSITION|DOWN|0c41d4d03ab6a7a7"", ""COMP|T4_REGIME_ANCHOR_TRANSITION|DOWN|2651963f2eef8331"", ""COMP|T4_REGIME_ANCHOR_TRANSITION|DOWN|292a0e03ec133b70"", ""COMP|T4_REGIME_ANCHOR_TRANSITION|DOWN|31672f373766f48f"", ""COMP|T4_REGIME_ANCHOR_TRANSITION|DOWN|76991bb66e430a0b"", ""COMP|T4_REGIME_ANCHOR_TRANSITION|DOWN|922e403ca3f5bb26"", ""COMP|T4_REGIME_ANCHOR_TRANSITION|DOWN|e97b6327a0df3589""]","[""COMP|T3_ANCHOR_TRANSITION|DOWN|558cd9ba06571bbd"", ""COMP|T4_REGIME_ANCHOR_TRANSITION|DOWN|0c41d4d03ab6a7a7"", ""COMP|T4_REGIME_ANCHOR_TRANSITION|DOWN|2651963f2eef8331"", ""COMP|T4_REGIME_ANCHOR_TRANSITION|DOWN|292a0e03ec133b70"", ""COMP|T4_REGIME_ANCHOR_TRANSITION|DOWN|31672f373766f48f"", ""COMP|T4_REGIME_ANCHOR_TRANSITION|DOWN|5f2b4f14abc80d68"", ""COMP|T4_REGIME_ANCHOR_TRANSITION|DOWN|76991bb66e430a0b"", ""COMP|T4_REGIME_ANCHOR_TRANSITION|DOWN|922e403ca3f5bb26"", ""COMP|T4_REGIME_ANCHOR_TRANSITION|DOWN|e97b6327a0df3589""]",EVENT_STREAM_JACCARD
NR-000421,DOWN,30m,12,0.95,COMP|T4_REGIME_ANCHOR_TRANSITION|DOWN|b573744eef6e816f,"[""COMP|T3_ANCHOR_TRANSITION|DOWN|34170f2e905a7c42"", ""COMP|T4_REGIME_ANCHOR_TRANSITION|DOWN|0c13b4d15055fc08"", ""COMP|T4_REGIME_ANCHOR_TRANSITION|DOWN|22417744eb05f1de"", ""COMP|T4_REGIME_ANCHOR_TRANSITION|DOWN|3e488aa7c5321196"", ""COMP|T4_REGIME_ANCHOR_TRANSITION|DOWN|7cbd32fe6f907d09"", ""COMP|T4_REGIME_ANCHOR_TRANSITION|DOWN|86fe647cb9e6403b"", ""COMP|T4_REGIME_ANCHOR_TRANSITION|DOWN|98dac0ccf5c5151d"", ""COMP|T4_REGIME_ANCHOR_TRANSITION|DOWN|b042da378ff6eb9d"", ""COMP|T4_REGIME_ANCHOR_TRANSITION|DOWN|c5ef7c277656ce7d"", ""COMP|T4_REGIME_ANCHOR_TRANSITION|DOWN|c7c704b01868cf33"", ""COMP|T4_REGIME_ANCHOR_TRANSITION|DOWN|d35da192b9448c7e""]","[""COMP|T3_ANCHOR_TRANSITION|DOWN|34170f2e905a7c42"", ""COMP|T4_REGIME_ANCHOR_TRANSITION|DOWN|0c13b4d15055fc08"", ""COMP|T4_REGIME_ANCHOR_TRANSITION|DOWN|22417744eb05f1de"", ""COMP|T4_REGIME_ANCHOR_TRANSITION|DOWN|3e488aa7c5321196"", ""COMP|T4_REGIME_ANCHOR_TRANSITION|DOWN|7cbd32fe6f907d09"", ""COMP|T4_REGIME_ANCHOR_TRANSITION|DOWN|86fe647cb9e6403b"", ""COMP|T4_REGIME_ANCHOR_TRANSITION|DOWN|98dac0ccf5c5151d"", ""COMP|T4_REGIME_ANCHOR_TRANSITION|DOWN|b042da378ff6eb9d"", ""COMP|T4_REGIME_ANCHOR_TRANSITION|DOWN|b573744eef6e816f"", ""COMP|T4_REGIME_ANCHOR_TRANSITION|DOWN|c5ef7c277656ce7d"", ""COMP|T4_REGIME_ANCHOR_TRANSITION|DOWN|c7c704b01868cf33"", ""COMP|T4_REGIME_ANCHOR_TRANSITION|DOWN|d35da192b9448c7e""]",EVENT_STREAM_JACCARD
NR-000422,DOWN,30m,12,0.95,COMP|T4_REGIME_ANCHOR_TRANSITION|DOWN|3c4cc14a3029f922,"[""COMP|T3_ANCHOR_TRANSITION|DOWN|c6e5ca5d73ad038c"", ""COMP|T4_REGIME_ANCHOR_TRANSITION|DOWN|025a4e6b799bc77d"", ""COMP|T4_REGIME_ANCHOR_TRANSITION|DOWN|03e40f0a8277992e"", ""COMP|T4_REGIME_ANCHOR_TRANSITION|DOWN|396c4a71831bc7b6"", ""COMP|T4_REGIME_ANCHOR_TRANSITION|DOWN|3f23c318246ea7ad"", ""COMP|T4_REGIME_ANCHOR_TRANSITION|DOWN|5f8271f50423cfe8"", ""COMP|T4_REGIME_ANCHOR_TRANSITION|DOWN|98cf745b982d66eb"", ""COMP|T4_REGIME_ANCHOR_TRANSITION|DOWN|9b4b53378237fcb7"", ""COMP|T4_REGIME_ANCHOR_TRANSITION|DOWN|c4abfcad3bd4e6a6"", ""COMP|T4_REGIME_ANCHOR_TRANSITION|DOWN|debab55703528d51"", ""COMP|T4_REGIME_ANCHOR_TRANSITION|DOWN|fe0483fa7bbe7557""]","[""COMP|T3_ANCHOR_TRANSITION|DOWN|c6e5ca5d73ad038c"", ""COMP|T4_REGIME_ANCHOR_TRANSITION|DOWN|025a4e6b799bc77d"", ""COMP|T4_REGIME_ANCHOR_TRANSITION|DOWN|03e40f0a8277992e"", ""COMP|T4_REGIME_ANCHOR_TRANSITION|DOWN|396c4a71831bc7b6"", ""COMP|T4_REGIME_ANCHOR_TRANSITION|DOWN|3c4cc14a3029f922"", ""COMP|T4_REGIME_ANCHOR_TRANSITION|DOWN|3f23c318246ea7ad"", ""COMP|T4_REGIME_ANCHOR_TRANSITION|DOWN|5f8271f50423cfe8"", ""COMP|T4_REGIME_ANCHOR_TRANSITION|DOWN|98cf745b982d66eb"", ""COMP|T4_REGIME_ANCHOR_TRANSITION|DOWN|9b4b53378237fcb7"", ""COMP|T4_REGIME_ANCHOR_TRANSITION|DOWN|c4abfcad3bd4e6a6"", ""COMP|T4_REGIME_ANCHOR_TRANSITION|DOWN|debab55703528d51"", ""COMP|T4_REGIME_ANCHOR_TRANSITION|DOWN|fe0483fa7bbe7557""]",EVENT_STREAM_JACCARD
NR-000423,DOWN,30m,13,0.95,COMP|T4_REGIME_ANCHOR_TRANSITION|DOWN|d1141c33d45a085f,"[""COMP|T3_ANCHOR_TRANSITION|DOWN|0717a94e67132b9b"", ""COMP|T3_ANCHOR_TRANSITION|DOWN|8dcbf632f71a1462"", ""COMP|T4_REGIME_ANCHOR_TRANSITION|DOWN|4c93118078c74be1"", ""COMP|T4_REGIME_ANCHOR_TRANSITION|DOWN|553326a65ee21393"", ""COMP|T4_REGIME_ANCHOR_TRANSITION|DOWN|596f5792c2d846da"", ""COMP|T4_REGIME_ANCHOR_TRANSITION|DOWN|640f770a42cd4d66"", ""COMP|T4_REGIME_ANCHOR_TRANSITION|DOWN|85b024f873b5d5da"", ""COMP|T4_REGIME_ANCHOR_TRANSITION|DOWN|8b93508c036cc623"", ""COMP|T4_REGIME_ANCHOR_TRANSITION|DOWN|94e75411f37b4a69"", ""COMP|T4_REGIME_ANCHOR_TRANSITION|DOWN|950293de7711eb9a"", ""COMP|T4_REGIME_ANCHOR_TRANSITION|DOWN|b95ef89ba89ca9fb"", ""COMP|T4_REGIME_ANCHOR_TRANSITION|DOWN|ecfac9c1e9a4bf39""]","[""COMP|T3_ANCHOR_TRANSITION|DOWN|0717a94e67132b9b"", ""COMP|T3_ANCHOR_TRANSITION|DOWN|8dcbf632f71a1462"", ""COMP|T4_REGIME_ANCHOR_TRANSITION|DOWN|4c93118078c74be1"", ""COMP|T4_REGIME_ANCHOR_TRANSITION|DOWN|553326a65ee21393"", ""COMP|T4_REGIME_ANCHOR_TRANSITION|DOWN|596f5792c2d846da"", ""COMP|T4_REGIME_ANCHOR_TRANSITION|DOWN|640f770a42cd4d66"", ""COMP|T4_REGIME_ANCHOR_TRANSITION|DOWN|85b024f873b5d5da"", ""COMP|T4_REGIME_ANCHOR_TRANSITION|DOWN|8b93508c036cc623"", ""COMP|T4_REGIME_ANCHOR_TRANSITION|DOWN|94e75411f37b4a69"", ""COMP|T4_REGIME_ANCHOR_TRANSITION|DOWN|950293de7711eb9a"", ""COMP|T4_REGIME_ANCHOR_TRANSITION|DOWN|b95ef89ba89ca9fb"", ""COMP|T4_REGIME_ANCHOR_TRANSITION|DOWN|d1141c33d45a085f"", ""COMP|T4_REGIME_ANCHOR_TRANSITION|DOWN|ecfac9c1e9a4bf39""]",EVENT_STREAM_JACCARD
NR-000424,DOWN,30m,9,0.95,COMP|T4_REGIME_ANCHOR_TRANSITION|DOWN|a70f6234c85032ff,"[""COMP|T3_ANCHOR_TRANSITION|DOWN|dac585790d6247b2"", ""COMP|T4_REGIME_ANCHOR_TRANSITION|DOWN|04fe6708924526e9"", ""COMP|T4_REGIME_ANCHOR_TRANSITION|DOWN|36231d433f3cfcec"", ""COMP|T4_REGIME_ANCHOR_TRANSITION|DOWN|3a68190c3c726902"", ""COMP|T4_REGIME_ANCHOR_TRANSITION|DOWN|7415b2d3891227df"", ""COMP|T4_REGIME_ANCHOR_TRANSITION|DOWN|851c3f8197724882"", ""COMP|T4_REGIME_ANCHOR_TRANSITION|DOWN|b3d2b8608183a17a"", ""COMP|T4_REGIME_ANCHOR_TRANSITION|DOWN|d3933808382e3d3d""]","[""COMP|T3_ANCHOR_TRANSITION|DOWN|dac585790d6247b2"", ""COMP|T4_REGIME_ANCHOR_TRANSITION|DOWN|04fe6708924526e9"", ""COMP|T4_REGIME_ANCHOR_TRANSITION|DOWN|36231d433f3cfcec"", ""COMP|T4_REGIME_ANCHOR_TRANSITION|DOWN|3a68190c3c726902"", ""COMP|T4_REGIME_ANCHOR_TRANSITION|DOWN|7415b2d3891227df"", ""COMP|T4_REGIME_ANCHOR_TRANSITION|DOWN|851c3f8197724882"", ""COMP|T4_REGIME_ANCHOR_TRANSITION|DOWN|a70f6234c85032ff"", ""COMP|T4_REGIME_ANCHOR_TRANSITION|DOWN|b3d2b8608183a17a"", ""COMP|T4_REGIME_ANCHOR_TRANSITION|DOWN|d3933808382e3d3d""]",EVENT_STREAM_JACCARD
NR-000425,DOWN,30m,2,0.95,COMP|T4_REGIME_ANCHOR_TRANSITION|DOWN|28ef27f93a220810,"[""COMP|T4_REGIME_ANCHOR_TRANSITION|DOWN|14b949d03c32a40b""]","[""COMP|T4_REGIME_ANCHOR_TRANSITION|DOWN|14b949d03c32a40b"", ""COMP|T4_REGIME_ANCHOR_TRANSITION|DOWN|28ef27f93a220810""]",EVENT_STREAM_JACCARD
NR-000426,DOWN,30m,9,0.95,COMP|T4_REGIME_ANCHOR_TRANSITION|DOWN|292e3449261d1b6c,"[""COMP|T3_ANCHOR_TRANSITION|DOWN|d635a6a2a7421abc"", ""COMP|T4_REGIME_ANCHOR_TRANSITION|DOWN|0770d3b5eb48a839"", ""COMP|T4_REGIME_ANCHOR_TRANSITION|DOWN|29c8ac429c6385ff"", ""COMP|T4_REGIME_ANCHOR_TRANSITION|DOWN|6305b7384f19c5b5"", ""COMP|T4_REGIME_ANCHOR_TRANSITION|DOWN|63919b396122a464"", ""COMP|T4_REGIME_ANCHOR_TRANSITION|DOWN|98728372242da4da"", ""COMP|T4_REGIME_ANCHOR_TRANSITION|DOWN|bbfef5027e350c36"", ""COMP|T4_REGIME_ANCHOR_TRANSITION|DOWN|d4cb537410b7b9d4""]","[""COMP|T3_ANCHOR_TRANSITION|DOWN|d635a6a2a7421abc"", ""COMP|T4_REGIME_ANCHOR_TRANSITION|DOWN|0770d3b5eb48a839"", ""COMP|T4_REGIME_ANCHOR_TRANSITION|DOWN|292e3449261d1b6c"", ""COMP|T4_REGIME_ANCHOR_TRANSITION|DOWN|29c8ac429c6385ff"", ""COMP|T4_REGIME_ANCHOR_TRANSITION|DOWN|6305b7384f19c5b5"", ""COMP|T4_REGIME_ANCHOR_TRANSITION|DOWN|63919b396122a464"", ""COMP|T4_REGIME_ANCHOR_TRANSITION|DOWN|98728372242da4da"", ""COMP|T4_REGIME_ANCHOR_TRANSITION|DOWN|bbfef5027e350c36"", ""COMP|T4_REGIME_ANCHOR_TRANSITION|DOWN|d4cb537410b7b9d4""]",EVENT_STREAM_JACCARD
NR-000427,DOWN,30m,9,0.95,COMP|T4_REGIME_ANCHOR_TRANSITION|DOWN|10bf20cca0ebaa51,"[""COMP|T3_ANCHOR_TRANSITION|DOWN|dd89175ba091fe30"", ""COMP|T4_REGIME_ANCHOR_TRANSITION|DOWN|0a85635b477181f7"", ""COMP|T4_REGIME_ANCHOR_TRANSITION|DOWN|274168b7d2736393"", ""COMP|T4_REGIME_ANCHOR_TRANSITION|DOWN|9003de318fccfbd2"", ""COMP|T4_REGIME_ANCHOR_TRANSITION|DOWN|93af0cded000eec4"", ""COMP|T4_REGIME_ANCHOR_TRANSITION|DOWN|b7fcdeb6e08c8347"", ""COMP|T4_REGIME_ANCHOR_TRANSITION|DOWN|c0fbc246dd3061e6"", ""COMP|T4_REGIME_ANCHOR_TRANSITION|DOWN|f9d607657f03fb35""]","[""COMP|T3_ANCHOR_TRANSITION|DOWN|dd89175ba091fe30"", ""COMP|T4_REGIME_ANCHOR_TRANSITION|DOWN|0a85635b477181f7"", ""COMP|T4_REGIME_ANCHOR_TRANSITION|DOWN|10bf20cca0ebaa51"", ""COMP|T4_REGIME_ANCHOR_TRANSITION|DOWN|274168b7d2736393"", ""COMP|T4_REGIME_ANCHOR_TRANSITION|DOWN|9003de318fccfbd2"", ""COMP|T4_REGIME_ANCHOR_TRANSITION|DOWN|93af0cded000eec4"", ""COMP|T4_REGIME_ANCHOR_TRANSITION|DOWN|b7fcdeb6e08c8347"", ""COMP|T4_REGIME_ANCHOR_TRANSITION|DOWN|c0fbc246dd3061e6"", ""COMP|T4_REGIME_ANCHOR_TRANSITION|DOWN|f9d607657f03fb35""]",EVENT_STREAM_JACCARD
NR-000428,DOWN,30m,9,0.95,COMP|T4_REGIME_ANCHOR_TRANSITION|DOWN|7d13a86c4b7c3010,"[""COMP|T3_ANCHOR_TRANSITION|DOWN|1a49bd15a7284355"", ""COMP|T4_REGIME_ANCHOR_TRANSITION|DOWN|254f23a264ed3d5a"", ""COMP|T4_REGIME_ANCHOR_TRANSITION|DOWN|5688486ec9f82d47"", ""COMP|T4_REGIME_ANCHOR_TRANSITION|DOWN|660985f5eecc27b0"", ""COMP|T4_REGIME_ANCHOR_TRANSITION|DOWN|89d7a186528427ea"", ""COMP|T4_REGIME_ANCHOR_TRANSITION|DOWN|99bb46886c3cb8fd"", ""COMP|T4_REGIME_ANCHOR_TRANSITION|DOWN|d1b1bcbf28c641e6"", ""COMP|T4_REGIME_ANCHOR_TRANSITION|DOWN|d7f4d8823ff0de2d""]","[""COMP|T3_ANCHOR_TRANSITION|DOWN|1a49bd15a7284355"", ""COMP|T4_REGIME_ANCHOR_TRANSITION|DOWN|254f23a264ed3d5a"", ""COMP|T4_REGIME_ANCHOR_TRANSITION|DOWN|5688486ec9f82d47"", ""COMP|T4_REGIME_ANCHOR_TRANSITION|DOWN|660985f5eecc27b0"", ""COMP|T4_REGIME_ANCHOR_TRANSITION|DOWN|7d13a86c4b7c3010"", ""COMP|T4_REGIME_ANCHOR_TRANSITION|DOWN|89d7a186528427ea"", ""COMP|T4_REGIME_ANCHOR_TRANSITION|DOWN|99bb46886c3cb8fd"", ""COMP|T4_REGIME_ANCHOR_TRANSITION|DOWN|d1b1bcbf28c641e6"", ""COMP|T4_REGIME_ANCHOR_TRANSITION|DOWN|d7f4d8823ff0de2d""]",EVENT_STREAM_JACCARD
NR-000429,DOWN,30m,4,0.95,COMP|T4_REGIME_ANCHOR_TRANSITION|DOWN|53c0e478f37d96ab,"[""COMP|T4_REGIME_ANCHOR_TRANSITION|DOWN|ae3e3410dcb22cfa"", ""COMP|T4_REGIME_ANCHOR_TRANSITION|DOWN|af145f161ee46281"", ""COMP|T4_REGIME_ANCHOR_TRANSITION|DOWN|e2f98d27d3ca6afc""]","[""COMP|T4_REGIME_ANCHOR_TRANSITION|DOWN|53c0e478f37d96ab"", ""COMP|T4_REGIME_ANCHOR_TRANSITION|DOWN|ae3e3410dcb22cfa"", ""COMP|T4_REGIME_ANCHOR_TRANSITION|DOWN|af145f161ee46281"", ""COMP|T4_REGIME_ANCHOR_TRANSITION|DOWN|e2f98d27d3ca6afc""]",EVENT_STREAM_JACCARD
NR-000430,DOWN,30m,9,0.95,COMP|T4_REGIME_ANCHOR_TRANSITION|DOWN|25ff23231c53a5c2,"[""COMP|T3_ANCHOR_TRANSITION|DOWN|5a287434aaad79b9"", ""COMP|T4_REGIME_ANCHOR_TRANSITION|DOWN|089dcdb3028de965"", ""COMP|T4_REGIME_ANCHOR_TRANSITION|DOWN|0af73ec0b7614665"", ""COMP|T4_REGIME_ANCHOR_TRANSITION|DOWN|39396cc394edfc83"", ""COMP|T4_REGIME_ANCHOR_TRANSITION|DOWN|48b54aee522465fb"", ""COMP|T4_REGIME_ANCHOR_TRANSITION|DOWN|4af6a5df96411ca1"", ""COMP|T4_REGIME_ANCHOR_TRANSITION|DOWN|5127d31e7a6260ba"", ""COMP|T4_REGIME_ANCHOR_TRANSITION|DOWN|9d936a4e638363ac""]","[""COMP|T3_ANCHOR_TRANSITION|DOWN|5a287434aaad79b9"", ""COMP|T4_REGIME_ANCHOR_TRANSITION|DOWN|089dcdb3028de965"", ""COMP|T4_REGIME_ANCHOR_TRANSITION|DOWN|0af73ec0b7614665"", ""COMP|T4_REGIME_ANCHOR_TRANSITION|DOWN|25ff23231c53a5c2"", ""COMP|T4_REGIME_ANCHOR_TRANSITION|DOWN|39396cc394edfc83"", ""COMP|T4_REGIME_ANCHOR_TRANSITION|DOWN|48b54aee522465fb"", ""COMP|T4_REGIME_ANCHOR_TRANSITION|DOWN|4af6a5df96411ca1"", ""COMP|T4_REGIME_ANCHOR_TRANSITION|DOWN|5127d31e7a6260ba"", ""COMP|T4_REGIME_ANCHOR_TRANSITION|DOWN|9d936a4e638363ac""]",EVENT_STREAM_JACCARD
NR-000431,DOWN,30m,9,0.95,COMP|T4_REGIME_ANCHOR_TRANSITION|DOWN|777d3661da26a410,"[""COMP|T3_ANCHOR_TRANSITION|DOWN|d53e01e28ea51a94"", ""COMP|T4_REGIME_ANCHOR_TRANSITION|DOWN|49135d0d9234aa59"", ""COMP|T4_REGIME_ANCHOR_TRANSITION|DOWN|602780231dc4b867"", ""COMP|T4_REGIME_ANCHOR_TRANSITION|DOWN|7c3faa20b6d4e602"", ""COMP|T4_REGIME_ANCHOR_TRANSITION|DOWN|988496bfee7b3b64"", ""COMP|T4_REGIME_ANCHOR_TRANSITION|DOWN|bc4aaad8760c7304"", ""COMP|T4_REGIME_ANCHOR_TRANSITION|DOWN|d63d7a2bb2d9a12b"", ""COMP|T4_REGIME_ANCHOR_TRANSITION|DOWN|fcd62f8415f987eb""]","[""COMP|T3_ANCHOR_TRANSITION|DOWN|d53e01e28ea51a94"", ""COMP|T4_REGIME_ANCHOR_TRANSITION|DOWN|49135d0d9234aa59"", ""COMP|T4_REGIME_ANCHOR_TRANSITION|DOWN|602780231dc4b867"", ""COMP|T4_REGIME_ANCHOR_TRANSITION|DOWN|777d3661da26a410"", ""COMP|T4_REGIME_ANCHOR_TRANSITION|DOWN|7c3faa20b6d4e602"", ""COMP|T4_REGIME_ANCHOR_TRANSITION|DOWN|988496bfee7b3b64"", ""COMP|T4_REGIME_ANCHOR_TRANSITION|DOWN|bc4aaad8760c7304"", ""COMP|T4_REGIME_ANCHOR_TRANSITION|DOWN|d63d7a2bb2d9a12b"", ""COMP|T4_REGIME_ANCHOR_TRANSITION|DOWN|fcd62f8415f987eb""]",EVENT_STREAM_JACCARD
NR-000432,DOWN,30m,8,0.95,COMP|T4_REGIME_ANCHOR_TRANSITION|DOWN|2e93e29bf9a677a3,"[""COMP|T3_ANCHOR_TRANSITION|DOWN|ed6358af94d5ce05"", ""COMP|T4_REGIME_ANCHOR_TRANSITION|DOWN|01023cce3ec94608"", ""COMP|T4_REGIME_ANCHOR_TRANSITION|DOWN|13731ba30310517d"", ""COMP|T4_REGIME_ANCHOR_TRANSITION|DOWN|3cf13456e4881c67"", ""COMP|T4_REGIME_ANCHOR_TRANSITION|DOWN|42d99ecab16aba78"", ""COMP|T4_REGIME_ANCHOR_TRANSITION|DOWN|c77841d8eb6a5921"", ""COMP|T4_REGIME_ANCHOR_TRANSITION|DOWN|f4b796bd8b85376b""]","[""COMP|T3_ANCHOR_TRANSITION|DOWN|ed6358af94d5ce05"", ""COMP|T4_REGIME_ANCHOR_TRANSITION|DOWN|01023cce3ec94608"", ""COMP|T4_REGIME_ANCHOR_TRANSITION|DOWN|13731ba30310517d"", ""COMP|T4_REGIME_ANCHOR_TRANSITION|DOWN|2e93e29bf9a677a3"", ""COMP|T4_REGIME_ANCHOR_TRANSITION|DOWN|3cf13456e4881c67"", ""COMP|T4_REGIME_ANCHOR_TRANSITION|DOWN|42d99ecab16aba78"", ""COMP|T4_REGIME_ANCHOR_TRANSITION|DOWN|c77841d8eb6a5921"", ""COMP|T4_REGIME_ANCHOR_TRANSITION|DOWN|f4b796bd8b85376b""]",EVENT_STREAM_JACCARD
NR-000433,DOWN,30m,8,0.95,COMP|T4_REGIME_ANCHOR_TRANSITION|DOWN|8f434d6c457c32f4,"[""COMP|T3_ANCHOR_TRANSITION|DOWN|f761c4d8de49ad00"", ""COMP|T4_REGIME_ANCHOR_TRANSITION|DOWN|0035551ddc50f69f"", ""COMP|T4_REGIME_ANCHOR_TRANSITION|DOWN|554478030c62b7ad"", ""COMP|T4_REGIME_ANCHOR_TRANSITION|DOWN|66f857ad2878b29d"", ""COMP|T4_REGIME_ANCHOR_TRANSITION|DOWN|cd6a7ac1de3e9fb8"", ""COMP|T4_REGIME_ANCHOR_TRANSITION|DOWN|d0173bcfd0525325"", ""COMP|T4_REGIME_ANCHOR_TRANSITION|DOWN|f00ff4b8109914f2""]","[""COMP|T3_ANCHOR_TRANSITION|DOWN|f761c4d8de49ad00"", ""COMP|T4_REGIME_ANCHOR_TRANSITION|DOWN|0035551ddc50f69f"", ""COMP|T4_REGIME_ANCHOR_TRANSITION|DOWN|554478030c62b7ad"", ""COMP|T4_REGIME_ANCHOR_TRANSITION|DOWN|66f857ad2878b29d"", ""COMP|T4_REGIME_ANCHOR_TRANSITION|DOWN|8f434d6c457c32f4"", ""COMP|T4_REGIME_ANCHOR_TRANSITION|DOWN|cd6a7ac1de3e9fb8"", ""COMP|T4_REGIME_ANCHOR_TRANSITION|DOWN|d0173bcfd0525325"", ""COMP|T4_REGIME_ANCHOR_TRANSITION|DOWN|f00ff4b8109914f2""]",EVENT_STREAM_JACCARD
NR-000434,DOWN,30m,2,0.95,COMP|T4_REGIME_ANCHOR_TRANSITION|DOWN|409bd77ddc6231fd,"[""COMP|T4_REGIME_ANCHOR_TRANSITION|DOWN|55659fd3012dcf3d""]","[""COMP|T4_REGIME_ANCHOR_TRANSITION|DOWN|409bd77ddc6231fd"", ""COMP|T4_REGIME_ANCHOR_TRANSITION|DOWN|55659fd3012dcf3d""]",EVENT_STREAM_JACCARD
NR-000435,DOWN,30m,11,0.95,COMP|T4_REGIME_ANCHOR_TRANSITION|DOWN|1339951c33249463,"[""COMP|T3_ANCHOR_TRANSITION|DOWN|b150eaaa9e7b3593"", ""COMP|T4_REGIME_ANCHOR_TRANSITION|DOWN|08f00459ca801efe"", ""COMP|T4_REGIME_ANCHOR_TRANSITION|DOWN|32a8110002bf3c5a"", ""COMP|T4_REGIME_ANCHOR_TRANSITION|DOWN|4906c12a3755ce00"", ""COMP|T4_REGIME_ANCHOR_TRANSITION|DOWN|645e1627f97c8d08"", ""COMP|T4_REGIME_ANCHOR_TRANSITION|DOWN|9a57315c8133612f"", ""COMP|T4_REGIME_ANCHOR_TRANSITION|DOWN|a29e0d64eedaf731"", ""COMP|T4_REGIME_ANCHOR_TRANSITION|DOWN|b1482aedeb87b97d"", ""COMP|T4_REGIME_ANCHOR_TRANSITION|DOWN|db8940aa1a28f0c7"", ""COMP|T4_REGIME_ANCHOR_TRANSITION|DOWN|f8aab8b824960b42""]","[""COMP|T3_ANCHOR_TRANSITION|DOWN|b150eaaa9e7b3593"", ""COMP|T4_REGIME_ANCHOR_TRANSITION|DOWN|08f00459ca801efe"", ""COMP|T4_REGIME_ANCHOR_TRANSITION|DOWN|1339951c33249463"", ""COMP|T4_REGIME_ANCHOR_TRANSITION|DOWN|32a8110002bf3c5a"", ""COMP|T4_REGIME_ANCHOR_TRANSITION|DOWN|4906c12a3755ce00"", ""COMP|T4_REGIME_ANCHOR_TRANSITION|DOWN|645e1627f97c8d08"", ""COMP|T4_REGIME_ANCHOR_TRANSITION|DOWN|9a57315c8133612f"", ""COMP|T4_REGIME_ANCHOR_TRANSITION|DOWN|a29e0d64eedaf731"", ""COMP|T4_REGIME_ANCHOR_TRANSITION|DOWN|b1482aedeb87b97d"", ""COMP|T4_REGIME_ANCHOR_TRANSITION|DOWN|db8940aa1a28f0c7"", ""COMP|T4_REGIME_ANCHOR_TRANSITION|DOWN|f8aab8b824960b42""]",EVENT_STREAM_JACCARD
NR-000436,DOWN,30m,2,0.95,COMP|T4_REGIME_ANCHOR_TRANSITION|DOWN|0cf024f3b1515192,"[""COMP|T4_REGIME_ANCHOR_TRANSITION|DOWN|a027022234247447""]","[""COMP|T4_REGIME_ANCHOR_TRANSITION|DOWN|0cf024f3b1515192"", ""COMP|T4_REGIME_ANCHOR_TRANSITION|DOWN|a027022234247447""]",EVENT_STREAM_JACCARD
NR-000437,DOWN,30m,2,0.95,COMP|T4_REGIME_ANCHOR_TRANSITION|DOWN|224d3dbf1f27f548,"[""COMP|T4_REGIME_ANCHOR_TRANSITION|DOWN|6dea358feb7d753b""]","[""COMP|T4_REGIME_ANCHOR_TRANSITION|DOWN|224d3dbf1f27f548"", ""COMP|T4_REGIME_ANCHOR_TRANSITION|DOWN|6dea358feb7d753b""]",EVENT_STREAM_JACCARD
NR-000438,DOWN,30m,8,0.95,COMP|T4_REGIME_ANCHOR_TRANSITION|DOWN|1438372842cfa4d4,"[""COMP|T4_REGIME_ANCHOR_TRANSITION|DOWN|06668f88ee692bb4"", ""COMP|T4_REGIME_ANCHOR_TRANSITION|DOWN|36f9c173f668773a"", ""COMP|T4_REGIME_ANCHOR_TRANSITION|DOWN|63ffd2635a360f37"", ""COMP|T4_REGIME_ANCHOR_TRANSITION|DOWN|6a03fd14ff92d950"", ""COMP|T4_REGIME_ANCHOR_TRANSITION|DOWN|9a447bb749d92280"", ""COMP|T4_REGIME_ANCHOR_TRANSITION|DOWN|a5908a9ca1193682"", ""COMP|T4_REGIME_ANCHOR_TRANSITION|DOWN|e71f56be6d49b9e2""]","[""COMP|T4_REGIME_ANCHOR_TRANSITION|DOWN|06668f88ee692bb4"", ""COMP|T4_REGIME_ANCHOR_TRANSITION|DOWN|1438372842cfa4d4"", ""COMP|T4_REGIME_ANCHOR_TRANSITION|DOWN|36f9c173f668773a"", ""COMP|T4_REGIME_ANCHOR_TRANSITION|DOWN|63ffd2635a360f37"", ""COMP|T4_REGIME_ANCHOR_TRANSITION|DOWN|6a03fd14ff92d950"", ""COMP|T4_REGIME_ANCHOR_TRANSITION|DOWN|9a447bb749d92280"", ""COMP|T4_REGIME_ANCHOR_TRANSITION|DOWN|a5908a9ca1193682"", ""COMP|T4_REGIME_ANCHOR_TRANSITION|DOWN|e71f56be6d49b9e2""]",EVENT_STREAM_JACCARD
NR-000439,DOWN,30m,8,0.95,COMP|T4_REGIME_ANCHOR_TRANSITION|DOWN|4384d6cdaa904509,"[""COMP|T3_ANCHOR_TRANSITION|DOWN|6c4282b3a2cea6ce"", ""COMP|T4_REGIME_ANCHOR_TRANSITION|DOWN|1de896a28f580aa6"", ""COMP|T4_REGIME_ANCHOR_TRANSITION|DOWN|39275f50d909e2ba"", ""COMP|T4_REGIME_ANCHOR_TRANSITION|DOWN|3e4d7e144d47912a"", ""COMP|T4_REGIME_ANCHOR_TRANSITION|DOWN|72ab9995d6636d1f"", ""COMP|T4_REGIME_ANCHOR_TRANSITION|DOWN|9fd11456a891c601"", ""COMP|T4_REGIME_ANCHOR_TRANSITION|DOWN|9ffd7c3d62db0fd5""]","[""COMP|T3_ANCHOR_TRANSITION|DOWN|6c4282b3a2cea6ce"", ""COMP|T4_REGIME_ANCHOR_TRANSITION|DOWN|1de896a28f580aa6"", ""COMP|T4_REGIME_ANCHOR_TRANSITION|DOWN|39275f50d909e2ba"", ""COMP|T4_REGIME_ANCHOR_TRANSITION|DOWN|3e4d7e144d47912a"", ""COMP|T4_REGIME_ANCHOR_TRANSITION|DOWN|4384d6cdaa904509"", ""COMP|T4_REGIME_ANCHOR_TRANSITION|DOWN|72ab9995d6636d1f"", ""COMP|T4_REGIME_ANCHOR_TRANSITION|DOWN|9fd11456a891c601"", ""COMP|T4_REGIME_ANCHOR_TRANSITION|DOWN|9ffd7c3d62db0fd5""]",EVENT_STREAM_JACCARD
NR-000440,DOWN,30m,2,0.95,COMP|T4_REGIME_ANCHOR_TRANSITION|DOWN|048e03fc92df5113,"[""COMP|T4_REGIME_ANCHOR_TRANSITION|DOWN|a6fe5cf2bc12f5bb""]","[""COMP|T4_REGIME_ANCHOR_TRANSITION|DOWN|048e03fc92df5113"", ""COMP|T4_REGIME_ANCHOR_TRANSITION|DOWN|a6fe5cf2bc12f5bb""]",EVENT_STREAM_JACCARD
NR-000441,DOWN,30m,10,0.95,COMP|T4_REGIME_ANCHOR_TRANSITION|DOWN|28b1dfb9cb468fe2,"[""COMP|T3_ANCHOR_TRANSITION|DOWN|bd2bdfcfeaf504dd"", ""COMP|T4_REGIME_ANCHOR_TRANSITION|DOWN|23f61c6adf96fa80"", ""COMP|T4_REGIME_ANCHOR_TRANSITION|DOWN|38ece2d3f838ae90"", ""COMP|T4_REGIME_ANCHOR_TRANSITION|DOWN|5c0c2cd403d95fa2"", ""COMP|T4_REGIME_ANCHOR_TRANSITION|DOWN|6f683f1cd41d9866"", ""COMP|T4_REGIME_ANCHOR_TRANSITION|DOWN|7f500b4ac72ecba3"", ""COMP|T4_REGIME_ANCHOR_TRANSITION|DOWN|81a0b2795eee3478"", ""COMP|T4_REGIME_ANCHOR_TRANSITION|DOWN|bd68bc818d4cc959"", ""COMP|T4_REGIME_ANCHOR_TRANSITION|DOWN|da52915c29191754""]","[""COMP|T3_ANCHOR_TRANSITION|DOWN|bd2bdfcfeaf504dd"", ""COMP|T4_REGIME_ANCHOR_TRANSITION|DOWN|23f61c6adf96fa80"", ""COMP|T4_REGIME_ANCHOR_TRANSITION|DOWN|28b1dfb9cb468fe2"", ""COMP|T4_REGIME_ANCHOR_TRANSITION|DOWN|38ece2d3f838ae90"", ""COMP|T4_REGIME_ANCHOR_TRANSITION|DOWN|5c0c2cd403d95fa2"", ""COMP|T4_REGIME_ANCHOR_TRANSITION|DOWN|6f683f1cd41d9866"", ""COMP|T4_REGIME_ANCHOR_TRANSITION|DOWN|7f500b4ac72ecba3"", ""COMP|T4_REGIME_ANCHOR_TRANSITION|DOWN|81a0b2795eee3478"", ""COMP|T4_REGIME_ANCHOR_TRANSITION|DOWN|bd68bc818d4cc959"", ""COMP|T4_REGIME_ANCHOR_TRANSITION|DOWN|da52915c29191754""]",EVENT_STREAM_JACCARD
NR-000442,DOWN,30m,10,0.95,COMP|T4_REGIME_ANCHOR_TRANSITION|DOWN|768f993fae121d0d,"[""COMP|T3_ANCHOR_TRANSITION|DOWN|b610913319e11cdd"", ""COMP|T4_REGIME_ANCHOR_TRANSITION|DOWN|22d50ffaa1d5ccf7"", ""COMP|T4_REGIME_ANCHOR_TRANSITION|DOWN|38f357ba490fe3b4"", ""COMP|T4_REGIME_ANCHOR_TRANSITION|DOWN|5fd0e054fb509e01"", ""COMP|T4_REGIME_ANCHOR_TRANSITION|DOWN|c566ff60c2b1add8"", ""COMP|T4_REGIME_ANCHOR_TRANSITION|DOWN|c8ecf20018ec8c56"", ""COMP|T4_REGIME_ANCHOR_TRANSITION|DOWN|e97020c5f252f56b"", ""COMP|T4_REGIME_ANCHOR_TRANSITION|DOWN|eb8d18c98547434b"", ""COMP|T4_REGIME_ANCHOR_TRANSITION|DOWN|f9723d75797f6f8b""]","[""COMP|T3_ANCHOR_TRANSITION|DOWN|b610913319e11cdd"", ""COMP|T4_REGIME_ANCHOR_TRANSITION|DOWN|22d50ffaa1d5ccf7"", ""COMP|T4_REGIME_ANCHOR_TRANSITION|DOWN|38f357ba490fe3b4"", ""COMP|T4_REGIME_ANCHOR_TRANSITION|DOWN|5fd0e054fb509e01"", ""COMP|T4_REGIME_ANCHOR_TRANSITION|DOWN|768f993fae121d0d"", ""COMP|T4_REGIME_ANCHOR_TRANSITION|DOWN|c566ff60c2b1add8"", ""COMP|T4_REGIME_ANCHOR_TRANSITION|DOWN|c8ecf20018ec8c56"", ""COMP|T4_REGIME_ANCHOR_TRANSITION|DOWN|e97020c5f252f56b"", ""COMP|T4_REGIME_ANCHOR_TRANSITION|DOWN|eb8d18c98547434b"", ""COMP|T4_REGIME_ANCHOR_TRANSITION|DOWN|f9723d75797f6f8b""]",EVENT_STREAM_JACCARD
NR-000443,DOWN,30m,12,0.95,COMP|T4_REGIME_ANCHOR_TRANSITION|DOWN|599dfddee7f123bc,"[""COMP|T3_ANCHOR_TRANSITION|DOWN|2cf33359a38cc811"", ""COMP|T4_REGIME_ANCHOR_TRANSITION|DOWN|2a0c82fa2da3bec9"", ""COMP|T4_REGIME_ANCHOR_TRANSITION|DOWN|4ae6386cefecdf0b"", ""COMP|T4_REGIME_ANCHOR_TRANSITION|DOWN|65f5b6828730cb0f"", ""COMP|T4_REGIME_ANCHOR_TRANSITION|DOWN|78ad0db90a1c042f"", ""COMP|T4_REGIME_ANCHOR_TRANSITION|DOWN|a14439a0b84f8a9a"", ""COMP|T4_REGIME_ANCHOR_TRANSITION|DOWN|a5c62a3bc01ca2be"", ""COMP|T4_REGIME_ANCHOR_TRANSITION|DOWN|c681b6be81ed0f6d"", ""COMP|T4_REGIME_ANCHOR_TRANSITION|DOWN|d868dae50966d020"", ""COMP|T4_REGIME_ANCHOR_TRANSITION|DOWN|eb3ed749c242d844"", ""COMP|T4_REGIME_ANCHOR_TRANSITION|DOWN|fb323001d02dcc59""]","[""COMP|T3_ANCHOR_TRANSITION|DOWN|2cf33359a38cc811"", ""COMP|T4_REGIME_ANCHOR_TRANSITION|DOWN|2a0c82fa2da3bec9"", ""COMP|T4_REGIME_ANCHOR_TRANSITION|DOWN|4ae6386cefecdf0b"", ""COMP|T4_REGIME_ANCHOR_TRANSITION|DOWN|599dfddee7f123bc"", ""COMP|T4_REGIME_ANCHOR_TRANSITION|DOWN|65f5b6828730cb0f"", ""COMP|T4_REGIME_ANCHOR_TRANSITION|DOWN|78ad0db90a1c042f"", ""COMP|T4_REGIME_ANCHOR_TRANSITION|DOWN|a14439a0b84f8a9a"", ""COMP|T4_REGIME_ANCHOR_TRANSITION|DOWN|a5c62a3bc01ca2be"", ""COMP|T4_REGIME_ANCHOR_TRANSITION|DOWN|c681b6be81ed0f6d"", ""COMP|T4_REGIME_ANCHOR_TRANSITION|DOWN|d868dae50966d020"", ""COMP|T4_REGIME_ANCHOR_TRANSITION|DOWN|eb3ed749c242d844"", ""COMP|T4_REGIME_ANCHOR_TRANSITION|DOWN|fb323001d02dcc59""]",EVENT_STREAM_JACCARD
NR-000444,DOWN,30m,2,0.95,COMP|T4_REGIME_ANCHOR_TRANSITION|DOWN|a3849c97c0a5195f,"[""COMP|T4_REGIME_ANCHOR_TRANSITION|DOWN|d18c8e1a425b2406""]","[""COMP|T4_REGIME_ANCHOR_TRANSITION|DOWN|a3849c97c0a5195f"", ""COMP|T4_REGIME_ANCHOR_TRANSITION|DOWN|d18c8e1a425b2406""]",EVENT_STREAM_JACCARD
NR-000445,DOWN,30m,12,0.95,COMP|T4_REGIME_ANCHOR_TRANSITION|DOWN|50f11024ee7d1273,"[""COMP|T3_ANCHOR_TRANSITION|DOWN|d1daad5d3377ed4e"", ""COMP|T4_REGIME_ANCHOR_TRANSITION|DOWN|24a861d69040b7ce"", ""COMP|T4_REGIME_ANCHOR_TRANSITION|DOWN|29db1850c3319600"", ""COMP|T4_REGIME_ANCHOR_TRANSITION|DOWN|38810666076d3648"", ""COMP|T4_REGIME_ANCHOR_TRANSITION|DOWN|388b43cfe6848ba2"", ""COMP|T4_REGIME_ANCHOR_TRANSITION|DOWN|5620f2ba35053185"", ""COMP|T4_REGIME_ANCHOR_TRANSITION|DOWN|754a41761dfcb8d6"", ""COMP|T4_REGIME_ANCHOR_TRANSITION|DOWN|962bf0df2d03bf0e"", ""COMP|T4_REGIME_ANCHOR_TRANSITION|DOWN|cc69f9b4631a33b6"", ""COMP|T4_REGIME_ANCHOR_TRANSITION|DOWN|e762d631d13df03a"", ""COMP|T4_REGIME_ANCHOR_TRANSITION|DOWN|fa511cc41394c11d""]","[""COMP|T3_ANCHOR_TRANSITION|DOWN|d1daad5d3377ed4e"", ""COMP|T4_REGIME_ANCHOR_TRANSITION|DOWN|24a861d69040b7ce"", ""COMP|T4_REGIME_ANCHOR_TRANSITION|DOWN|29db1850c3319600"", ""COMP|T4_REGIME_ANCHOR_TRANSITION|DOWN|38810666076d3648"", ""COMP|T4_REGIME_ANCHOR_TRANSITION|DOWN|388b43cfe6848ba2"", ""COMP|T4_REGIME_ANCHOR_TRANSITION|DOWN|50f11024ee7d1273"", ""COMP|T4_REGIME_ANCHOR_TRANSITION|DOWN|5620f2ba35053185"", ""COMP|T4_REGIME_ANCHOR_TRANSITION|DOWN|754a41761dfcb8d6"", ""COMP|T4_REGIME_ANCHOR_TRANSITION|DOWN|962bf0df2d03bf0e"", ""COMP|T4_REGIME_ANCHOR_TRANSITION|DOWN|cc69f9b4631a33b6"", ""COMP|T4_REGIME_ANCHOR_TRANSITION|DOWN|e762d631d13df03a"", ""COMP|T4_REGIME_ANCHOR_TRANSITION|DOWN|fa511cc41394c11d""]",EVENT_STREAM_JACCARD
NR-000446,DOWN,30m,2,0.95,COMP|T4_REGIME_ANCHOR_TRANSITION|DOWN|bedf2eb879bec217,"[""COMP|T4_REGIME_ANCHOR_TRANSITION|DOWN|fa410e36a056e5a7""]","[""COMP|T4_REGIME_ANCHOR_TRANSITION|DOWN|bedf2eb879bec217"", ""COMP|T4_REGIME_ANCHOR_TRANSITION|DOWN|fa410e36a056e5a7""]",EVENT_STREAM_JACCARD
NR-000447,DOWN,30m,24,0.95,COMP|T4_REGIME_ANCHOR_TRANSITION|DOWN|e01f2a54ff611b39,"[""COMP|T3_ANCHOR_TRANSITION|DOWN|374b199eb963dc3a"", ""COMP|T3_ANCHOR_TRANSITION|DOWN|d279da5ab1942b48"", ""COMP|T4_REGIME_ANCHOR_TRANSITION|DOWN|0a3d6d6ea73f88ab"", ""COMP|T4_REGIME_ANCHOR_TRANSITION|DOWN|1428f235a922d915"", ""COMP|T4_REGIME_ANCHOR_TRANSITION|DOWN|2d214635281cb03a"", ""COMP|T4_REGIME_ANCHOR_TRANSITION|DOWN|30fd7c970b987823"", ""COMP|T4_REGIME_ANCHOR_TRANSITION|DOWN|433b9bbfbf48ec5c"", ""COMP|T4_REGIME_ANCHOR_TRANSITION|DOWN|4497c9156e471a8e"", ""COMP|T4_REGIME_ANCHOR_TRANSITION|DOWN|61d18b83502d0ea0"", ""COMP|T4_REGIME_ANCHOR_TRANSITION|DOWN|6f7f5e4ee85be7f1"", ""COMP|T4_REGIME_ANCHOR_TRANSITION|DOWN|8cc200ec224f9870"", ""COMP|T4_REGIME_ANCHOR_TRANSITION|DOWN|91daf54366299410"", ""COMP|T4_REGIME_ANCHOR_TRANSITION|DOWN|95adcb3a482b4aa4"", ""COMP|T4_REGIME_ANCHOR_TRANSITION|DOWN|a238c8c0b4bfe100"", ""COMP|T4_REGIME_ANCHOR_TRANSITION|DOWN|a46fc9854c9ead91"", ""COMP|T4_REGIME_ANCHOR_TRANSITION|DOWN|b3d8e75f96aa8ed5"", ""COMP|T4_REGIME_ANCHOR_TRANSITION|DOWN|d46bc0af6b638f81"", ""COMP|T4_REGIME_ANCHOR_TRANSITION|DOWN|d7ba32029cd73840"", ""COMP|T4_REGIME_ANCHOR_TRANSITION|DOWN|df924d3b511f28fa"", ""COMP|T4_REGIME_ANCHOR_TRANSITION|DOWN|e78664b4549c34c7"", ""COMP|T4_REGIME_ANCHOR_TRANSITION|DOWN|ef70580b71602616"", ""COMP|T4_REGIME_ANCHOR_TRANSITION|DOWN|effd4fadeae1d09d"", ""COMP|T4_REGIME_ANCHOR_TRANSITION|DOWN|f235bc1ff1c3271f""]","[""COMP|T3_ANCHOR_TRANSITION|DOWN|374b199eb963dc3a"", ""COMP|T3_ANCHOR_TRANSITION|DOWN|d279da5ab1942b48"", ""COMP|T4_REGIME_ANCHOR_TRANSITION|DOWN|0a3d6d6ea73f88ab"", ""COMP|T4_REGIME_ANCHOR_TRANSITION|DOWN|1428f235a922d915"", ""COMP|T4_REGIME_ANCHOR_TRANSITION|DOWN|2d214635281cb03a"", ""COMP|T4_REGIME_ANCHOR_TRANSITION|DOWN|30fd7c970b987823"", ""COMP|T4_REGIME_ANCHOR_TRANSITION|DOWN|433b9bbfbf48ec5c"", ""COMP|T4_REGIME_ANCHOR_TRANSITION|DOWN|4497c9156e471a8e"", ""COMP|T4_REGIME_ANCHOR_TRANSITION|DOWN|61d18b83502d0ea0"", ""COMP|T4_REGIME_ANCHOR_TRANSITION|DOWN|6f7f5e4ee85be7f1"", ""COMP|T4_REGIME_ANCHOR_TRANSITION|DOWN|8cc200ec224f9870"", ""COMP|T4_REGIME_ANCHOR_TRANSITION|DOWN|91daf54366299410"", ""COMP|T4_REGIME_ANCHOR_TRANSITION|DOWN|95adcb3a482b4aa4"", ""COMP|T4_REGIME_ANCHOR_TRANSITION|DOWN|a238c8c0b4bfe100"", ""COMP|T4_REGIME_ANCHOR_TRANSITION|DOWN|a46fc9854c9ead91"", ""COMP|T4_REGIME_ANCHOR_TRANSITION|DOWN|b3d8e75f96aa8ed5"", ""COMP|T4_REGIME_ANCHOR_TRANSITION|DOWN|d46bc0af6b638f81"", ""COMP|T4_REGIME_ANCHOR_TRANSITION|DOWN|d7ba32029cd73840"", ""COMP|T4_REGIME_ANCHOR_TRANSITION|DOWN|df924d3b511f28fa"", ""COMP|T4_REGIME_ANCHOR_TRANSITION|DOWN|e01f2a54ff611b39"", ""COMP|T4_REGIME_ANCHOR_TRANSITION|DOWN|e78664b4549c34c7"", ""COMP|T4_REGIME_ANCHOR_TRANSITION|DOWN|ef70580b71602616"", ""COMP|T4_REGIME_ANCHOR_TRANSITION|DOWN|effd4fadeae1d09d"", ""COMP|T4_REGIME_ANCHOR_TRANSITION|DOWN|f235bc1ff1c3271f""]",EVENT_STREAM_JACCARD
NR-000448,DOWN,30m,8,0.95,COMP|T4_REGIME_ANCHOR_TRANSITION|DOWN|c3515d5f4bf75f01,"[""COMP|T3_ANCHOR_TRANSITION|DOWN|3f9532be571f6ea9"", ""COMP|T4_REGIME_ANCHOR_TRANSITION|DOWN|303604c72fe80aff"", ""COMP|T4_REGIME_ANCHOR_TRANSITION|DOWN|52ecfbcc1c3257dc"", ""COMP|T4_REGIME_ANCHOR_TRANSITION|DOWN|95dfdbe57e2b0135"", ""COMP|T4_REGIME_ANCHOR_TRANSITION|DOWN|a02cb2e6e6d09a36"", ""COMP|T4_REGIME_ANCHOR_TRANSITION|DOWN|a90a5dbda6a62919"", ""COMP|T4_REGIME_ANCHOR_TRANSITION|DOWN|bafd0af022f72b0d""]","[""COMP|T3_ANCHOR_TRANSITION|DOWN|3f9532be571f6ea9"", ""COMP|T4_REGIME_ANCHOR_TRANSITION|DOWN|303604c72fe80aff"", ""COMP|T4_REGIME_ANCHOR_TRANSITION|DOWN|52ecfbcc1c3257dc"", ""COMP|T4_REGIME_ANCHOR_TRANSITION|DOWN|95dfdbe57e2b0135"", ""COMP|T4_REGIME_ANCHOR_TRANSITION|DOWN|a02cb2e6e6d09a36"", ""COMP|T4_REGIME_ANCHOR_TRANSITION|DOWN|a90a5dbda6a62919"", ""COMP|T4_REGIME_ANCHOR_TRANSITION|DOWN|bafd0af022f72b0d"", ""COMP|T4_REGIME_ANCHOR_TRANSITION|DOWN|c3515d5f4bf75f01""]",EVENT_STREAM_JACCARD
NR-000449,DOWN,30m,9,0.95,COMP|T4_REGIME_ANCHOR_TRANSITION|DOWN|e7c038190d83582f,"[""COMP|T3_ANCHOR_TRANSITION|DOWN|b91c422eca2b0ba5"", ""COMP|T4_REGIME_ANCHOR_TRANSITION|DOWN|0a8d7a9ae67ca6b0"", ""COMP|T4_REGIME_ANCHOR_TRANSITION|DOWN|1a5408fba56beac9"", ""COMP|T4_REGIME_ANCHOR_TRANSITION|DOWN|41ff455f42ae633a"", ""COMP|T4_REGIME_ANCHOR_TRANSITION|DOWN|c3af21992d78369f"", ""COMP|T4_REGIME_ANCHOR_TRANSITION|DOWN|d0f4bda699add5cf"", ""COMP|T4_REGIME_ANCHOR_TRANSITION|DOWN|d2751b14c33fdb2b"", ""COMP|T4_REGIME_ANCHOR_TRANSITION|DOWN|ef3bd741c78d991b""]","[""COMP|T3_ANCHOR_TRANSITION|DOWN|b91c422eca2b0ba5"", ""COMP|T4_REGIME_ANCHOR_TRANSITION|DOWN|0a8d7a9ae67ca6b0"", ""COMP|T4_REGIME_ANCHOR_TRANSITION|DOWN|1a5408fba56beac9"", ""COMP|T4_REGIME_ANCHOR_TRANSITION|DOWN|41ff455f42ae633a"", ""COMP|T4_REGIME_ANCHOR_TRANSITION|DOWN|c3af21992d78369f"", ""COMP|T4_REGIME_ANCHOR_TRANSITION|DOWN|d0f4bda699add5cf"", ""COMP|T4_REGIME_ANCHOR_TRANSITION|DOWN|d2751b14c33fdb2b"", ""COMP|T4_REGIME_ANCHOR_TRANSITION|DOWN|e7c038190d83582f"", ""COMP|T4_REGIME_ANCHOR_TRANSITION|DOWN|ef3bd741c78d991b""]",EVENT_STREAM_JACCARD
NR-000450,DOWN,30m,12,0.95,COMP|T4_REGIME_ANCHOR_TRANSITION|DOWN|4cbe796203be5155,"[""COMP|T3_ANCHOR_TRANSITION|DOWN|df57ded391169946"", ""COMP|T4_REGIME_ANCHOR_TRANSITION|DOWN|04b0209794617583"", ""COMP|T4_REGIME_ANCHOR_TRANSITION|DOWN|0f094b793ec6482e"", ""COMP|T4_REGIME_ANCHOR_TRANSITION|DOWN|1346cee57436b9b0"", ""COMP|T4_REGIME_ANCHOR_TRANSITION|DOWN|25651f7f43d547f9"", ""COMP|T4_REGIME_ANCHOR_TRANSITION|DOWN|423ba8ec62cac729"", ""COMP|T4_REGIME_ANCHOR_TRANSITION|DOWN|52c4ffed53bdacf3"", ""COMP|T4_REGIME_ANCHOR_TRANSITION|DOWN|8daacf8b8cbde4a1"", ""COMP|T4_REGIME_ANCHOR_TRANSITION|DOWN|8f64b4593a2b80c7"", ""COMP|T4_REGIME_ANCHOR_TRANSITION|DOWN|a33a66339346770f"", ""COMP|T4_REGIME_ANCHOR_TRANSITION|DOWN|cefe3872429f3741""]","[""COMP|T3_ANCHOR_TRANSITION|DOWN|df57ded391169946"", ""COMP|T4_REGIME_ANCHOR_TRANSITION|DOWN|04b0209794617583"", ""COMP|T4_REGIME_ANCHOR_TRANSITION|DOWN|0f094b793ec6482e"", ""COMP|T4_REGIME_ANCHOR_TRANSITION|DOWN|1346cee57436b9b0"", ""COMP|T4_REGIME_ANCHOR_TRANSITION|DOWN|25651f7f43d547f9"", ""COMP|T4_REGIME_ANCHOR_TRANSITION|DOWN|423ba8ec62cac729"", ""COMP|T4_REGIME_ANCHOR_TRANSITION|DOWN|4cbe796203be5155"", ""COMP|T4_REGIME_ANCHOR_TRANSITION|DOWN|52c4ffed53bdacf3"", ""COMP|T4_REGIME_ANCHOR_TRANSITION|DOWN|8daacf8b8cbde4a1"", ""COMP|T4_REGIME_ANCHOR_TRANSITION|DOWN|8f64b4593a2b80c7"", ""COMP|T4_REGIME_ANCHOR_TRANSITION|DOWN|a33a66339346770f"", ""COMP|T4_REGIME_ANCHOR_TRANSITION|DOWN|cefe3872429f3741""]",EVENT_STREAM_JACCARD
NR-000451,DOWN,30m,12,0.95,COMP|T4_REGIME_ANCHOR_TRANSITION|DOWN|2e425ba0da64fd51,"[""COMP|T3_ANCHOR_TRANSITION|DOWN|2cd85ae26f92cd37"", ""COMP|T4_REGIME_ANCHOR_TRANSITION|DOWN|161b1ce03373d3d4"", ""COMP|T4_REGIME_ANCHOR_TRANSITION|DOWN|6125ef868d6794c4"", ""COMP|T4_REGIME_ANCHOR_TRANSITION|DOWN|7f5e1e3bc7d8f3f6"", ""COMP|T4_REGIME_ANCHOR_TRANSITION|DOWN|806abd415137da3f"", ""COMP|T4_REGIME_ANCHOR_TRANSITION|DOWN|8dce11a3764c0860"", ""COMP|T4_REGIME_ANCHOR_TRANSITION|DOWN|9c8d6b7c1ab9dbf2"", ""COMP|T4_REGIME_ANCHOR_TRANSITION|DOWN|a48c96d1596ea0e0"", ""COMP|T4_REGIME_ANCHOR_TRANSITION|DOWN|bacc71f7c79c6126"", ""COMP|T4_REGIME_ANCHOR_TRANSITION|DOWN|d1fe3c64555525d0"", ""COMP|T4_REGIME_ANCHOR_TRANSITION|DOWN|feed5968d7e23e75""]","[""COMP|T3_ANCHOR_TRANSITION|DOWN|2cd85ae26f92cd37"", ""COMP|T4_REGIME_ANCHOR_TRANSITION|DOWN|161b1ce03373d3d4"", ""COMP|T4_REGIME_ANCHOR_TRANSITION|DOWN|2e425ba0da64fd51"", ""COMP|T4_REGIME_ANCHOR_TRANSITION|DOWN|6125ef868d6794c4"", ""COMP|T4_REGIME_ANCHOR_TRANSITION|DOWN|7f5e1e3bc7d8f3f6"", ""COMP|T4_REGIME_ANCHOR_TRANSITION|DOWN|806abd415137da3f"", ""COMP|T4_REGIME_ANCHOR_TRANSITION|DOWN|8dce11a3764c0860"", ""COMP|T4_REGIME_ANCHOR_TRANSITION|DOWN|9c8d6b7c1ab9dbf2"", ""COMP|T4_REGIME_ANCHOR_TRANSITION|DOWN|a48c96d1596ea0e0"", ""COMP|T4_REGIME_ANCHOR_TRANSITION|DOWN|bacc71f7c79c6126"", ""COMP|T4_REGIME_ANCHOR_TRANSITION|DOWN|d1fe3c64555525d0"", ""COMP|T4_REGIME_ANCHOR_TRANSITION|DOWN|feed5968d7e23e75""]",EVENT_STREAM_JACCARD
NR-000452,DOWN,30m,2,0.95,COMP|T4_REGIME_ANCHOR_TRANSITION|DOWN|d379cb5f720f8aae,"[""COMP|T4_REGIME_ANCHOR_TRANSITION|DOWN|a5a0c8d938d0f68c""]","[""COMP|T4_REGIME_ANCHOR_TRANSITION|DOWN|a5a0c8d938d0f68c"", ""COMP|T4_REGIME_ANCHOR_TRANSITION|DOWN|d379cb5f720f8aae""]",EVENT_STREAM_JACCARD
NR-000453,DOWN,30m,2,0.95,COMP|T4_REGIME_ANCHOR_TRANSITION|DOWN|f1619b1205c359b0,"[""COMP|T4_REGIME_ANCHOR_TRANSITION|DOWN|0d5a4ba09b6a671c""]","[""COMP|T4_REGIME_ANCHOR_TRANSITION|DOWN|0d5a4ba09b6a671c"", ""COMP|T4_REGIME_ANCHOR_TRANSITION|DOWN|f1619b1205c359b0""]",EVENT_STREAM_JACCARD
NR-000454,DOWN,30m,4,0.95,COMP|T4_REGIME_ANCHOR_TRANSITION|DOWN|47c5cf7e28646e94,"[""COMP|T4_REGIME_ANCHOR_TRANSITION|DOWN|0ef78606ffa6c3d1"", ""COMP|T4_REGIME_ANCHOR_TRANSITION|DOWN|1ee42b99deb7e95d"", ""COMP|T4_REGIME_ANCHOR_TRANSITION|DOWN|e572d0ee646910c2""]","[""COMP|T4_REGIME_ANCHOR_TRANSITION|DOWN|0ef78606ffa6c3d1"", ""COMP|T4_REGIME_ANCHOR_TRANSITION|DOWN|1ee42b99deb7e95d"", ""COMP|T4_REGIME_ANCHOR_TRANSITION|DOWN|47c5cf7e28646e94"", ""COMP|T4_REGIME_ANCHOR_TRANSITION|DOWN|e572d0ee646910c2""]",EVENT_STREAM_JACCARD
NR-000455,DOWN,30m,2,0.95,COMP|T4_REGIME_ANCHOR_TRANSITION|DOWN|a336b0ae2cd3ca58,"[""COMP|T4_REGIME_ANCHOR_TRANSITION|DOWN|1d4c4857c6d55cba""]","[""COMP|T4_REGIME_ANCHOR_TRANSITION|DOWN|1d4c4857c6d55cba"", ""COMP|T4_REGIME_ANCHOR_TRANSITION|DOWN|a336b0ae2cd3ca58""]",EVENT_STREAM_JACCARD
NR-000456,DOWN,30m,12,0.95,COMP|T4_REGIME_ANCHOR_TRANSITION|DOWN|4aa0f605fdc465e7,"[""COMP|T3_ANCHOR_TRANSITION|DOWN|19363dd95a598fae"", ""COMP|T4_REGIME_ANCHOR_TRANSITION|DOWN|00e1987f11f36c28"", ""COMP|T4_REGIME_ANCHOR_TRANSITION|DOWN|11643117b99a78c2"", ""COMP|T4_REGIME_ANCHOR_TRANSITION|DOWN|4431e34fdd1d4f7c"", ""COMP|T4_REGIME_ANCHOR_TRANSITION|DOWN|54102dc1798b221c"", ""COMP|T4_REGIME_ANCHOR_TRANSITION|DOWN|5e2c249b4c28f4aa"", ""COMP|T4_REGIME_ANCHOR_TRANSITION|DOWN|80e70c25cb3c8f81"", ""COMP|T4_REGIME_ANCHOR_TRANSITION|DOWN|84aa4125d80e3ae0"", ""COMP|T4_REGIME_ANCHOR_TRANSITION|DOWN|a3c4d2032a11a78c"", ""COMP|T4_REGIME_ANCHOR_TRANSITION|DOWN|eb022a54edae54ca"", ""COMP|T4_REGIME_ANCHOR_TRANSITION|DOWN|f5d9649563534665""]","[""COMP|T3_ANCHOR_TRANSITION|DOWN|19363dd95a598fae"", ""COMP|T4_REGIME_ANCHOR_TRANSITION|DOWN|00e1987f11f36c28"", ""COMP|T4_REGIME_ANCHOR_TRANSITION|DOWN|11643117b99a78c2"", ""COMP|T4_REGIME_ANCHOR_TRANSITION|DOWN|4431e34fdd1d4f7c"", ""COMP|T4_REGIME_ANCHOR_TRANSITION|DOWN|4aa0f605fdc465e7"", ""COMP|T4_REGIME_ANCHOR_TRANSITION|DOWN|54102dc1798b221c"", ""COMP|T4_REGIME_ANCHOR_TRANSITION|DOWN|5e2c249b4c28f4aa"", ""COMP|T4_REGIME_ANCHOR_TRANSITION|DOWN|80e70c25cb3c8f81"", ""COMP|T4_REGIME_ANCHOR_TRANSITION|DOWN|84aa4125d80e3ae0"", ""COMP|T4_REGIME_ANCHOR_TRANSITION|DOWN|a3c4d2032a11a78c"", ""COMP|T4_REGIME_ANCHOR_TRANSITION|DOWN|eb022a54edae54ca"", ""COMP|T4_REGIME_ANCHOR_TRANSITION|DOWN|f5d9649563534665""]",EVENT_STREAM_JACCARD
NR-000457,DOWN,30m,11,0.95,COMP|T4_REGIME_ANCHOR_TRANSITION|DOWN|2b3ef03b9e7141cf,"[""COMP|T3_ANCHOR_TRANSITION|DOWN|6bdb8525e39f560f"", ""COMP|T4_REGIME_ANCHOR_TRANSITION|DOWN|16979efa1cd11dc9"", ""COMP|T4_REGIME_ANCHOR_TRANSITION|DOWN|16b605a8ea349816"", ""COMP|T4_REGIME_ANCHOR_TRANSITION|DOWN|2aed1a8e9f80d2bf"", ""COMP|T4_REGIME_ANCHOR_TRANSITION|DOWN|4968a36e6f0f35a8"", ""COMP|T4_REGIME_ANCHOR_TRANSITION|DOWN|60449168acea751a"", ""COMP|T4_REGIME_ANCHOR_TRANSITION|DOWN|709e47cddaefb47b"", ""COMP|T4_REGIME_ANCHOR_TRANSITION|DOWN|a31591a477e6efb4"", ""COMP|T4_REGIME_ANCHOR_TRANSITION|DOWN|ba9956256ef4116d"", ""COMP|T4_REGIME_ANCHOR_TRANSITION|DOWN|c8ca342e22607639""]","[""COMP|T3_ANCHOR_TRANSITION|DOWN|6bdb8525e39f560f"", ""COMP|T4_REGIME_ANCHOR_TRANSITION|DOWN|16979efa1cd11dc9"", ""COMP|T4_REGIME_ANCHOR_TRANSITION|DOWN|16b605a8ea349816"", ""COMP|T4_REGIME_ANCHOR_TRANSITION|DOWN|2aed1a8e9f80d2bf"", ""COMP|T4_REGIME_ANCHOR_TRANSITION|DOWN|2b3ef03b9e7141cf"", ""COMP|T4_REGIME_ANCHOR_TRANSITION|DOWN|4968a36e6f0f35a8"", ""COMP|T4_REGIME_ANCHOR_TRANSITION|DOWN|60449168acea751a"", ""COMP|T4_REGIME_ANCHOR_TRANSITION|DOWN|709e47cddaefb47b"", ""COMP|T4_REGIME_ANCHOR_TRANSITION|DOWN|a31591a477e6efb4"", ""COMP|T4_REGIME_ANCHOR_TRANSITION|DOWN|ba9956256ef4116d"", ""COMP|T4_REGIME_ANCHOR_TRANSITION|DOWN|c8ca342e22607639""]",EVENT_STREAM_JACCARD
NR-000458,DOWN,30m,11,0.95,COMP|T4_REGIME_ANCHOR_TRANSITION|DOWN|b1734b45ad8c0f81,"[""COMP|T3_ANCHOR_TRANSITION|DOWN|7ea2e0dbc03eab7e"", ""COMP|T4_REGIME_ANCHOR_TRANSITION|DOWN|19d69888a5de1f5b"", ""COMP|T4_REGIME_ANCHOR_TRANSITION|DOWN|2111bad94a4c15c3"", ""COMP|T4_REGIME_ANCHOR_TRANSITION|DOWN|298cdbade8292b57"", ""COMP|T4_REGIME_ANCHOR_TRANSITION|DOWN|4337c02fcb58f935"", ""COMP|T4_REGIME_ANCHOR_TRANSITION|DOWN|47441f3d222e03cb"", ""COMP|T4_REGIME_ANCHOR_TRANSITION|DOWN|78b7a56c3a424f1c"", ""COMP|T4_REGIME_ANCHOR_TRANSITION|DOWN|7cc262ff9bfff903"", ""COMP|T4_REGIME_ANCHOR_TRANSITION|DOWN|8e0b8d9f39e5bf70"", ""COMP|T4_REGIME_ANCHOR_TRANSITION|DOWN|bab9285e7d0aa53d""]","[""COMP|T3_ANCHOR_TRANSITION|DOWN|7ea2e0dbc03eab7e"", ""COMP|T4_REGIME_ANCHOR_TRANSITION|DOWN|19d69888a5de1f5b"", ""COMP|T4_REGIME_ANCHOR_TRANSITION|DOWN|2111bad94a4c15c3"", ""COMP|T4_REGIME_ANCHOR_TRANSITION|DOWN|298cdbade8292b57"", ""COMP|T4_REGIME_ANCHOR_TRANSITION|DOWN|4337c02fcb58f935"", ""COMP|T4_REGIME_ANCHOR_TRANSITION|DOWN|47441f3d222e03cb"", ""COMP|T4_REGIME_ANCHOR_TRANSITION|DOWN|78b7a56c3a424f1c"", ""COMP|T4_REGIME_ANCHOR_TRANSITION|DOWN|7cc262ff9bfff903"", ""COMP|T4_REGIME_ANCHOR_TRANSITION|DOWN|8e0b8d9f39e5bf70"", ""COMP|T4_REGIME_ANCHOR_TRANSITION|DOWN|b1734b45ad8c0f81"", ""COMP|T4_REGIME_ANCHOR_TRANSITION|DOWN|bab9285e7d0aa53d""]",EVENT_STREAM_JACCARD
NR-000459,DOWN,30m,11,0.95,COMP|T4_REGIME_ANCHOR_TRANSITION|DOWN|82c17552010a3adc,"[""COMP|T3_ANCHOR_TRANSITION|DOWN|31f149bb70643c8d"", ""COMP|T4_REGIME_ANCHOR_TRANSITION|DOWN|3b7d004fccaed393"", ""COMP|T4_REGIME_ANCHOR_TRANSITION|DOWN|4d61243092ffbbd9"", ""COMP|T4_REGIME_ANCHOR_TRANSITION|DOWN|50b95bcb153794d9"", ""COMP|T4_REGIME_ANCHOR_TRANSITION|DOWN|6408888904ffe0d1"", ""COMP|T4_REGIME_ANCHOR_TRANSITION|DOWN|7db03345123524b7"", ""COMP|T4_REGIME_ANCHOR_TRANSITION|DOWN|d4c4f2120c0c5b33"", ""COMP|T4_REGIME_ANCHOR_TRANSITION|DOWN|f09e199324fa3c7a"", ""COMP|T4_REGIME_ANCHOR_TRANSITION|DOWN|fd531705082fc143"", ""COMP|T4_REGIME_ANCHOR_TRANSITION|DOWN|fd5dcbd08a3d5d3d""]","[""COMP|T3_ANCHOR_TRANSITION|DOWN|31f149bb70643c8d"", ""COMP|T4_REGIME_ANCHOR_TRANSITION|DOWN|3b7d004fccaed393"", ""COMP|T4_REGIME_ANCHOR_TRANSITION|DOWN|4d61243092ffbbd9"", ""COMP|T4_REGIME_ANCHOR_TRANSITION|DOWN|50b95bcb153794d9"", ""COMP|T4_REGIME_ANCHOR_TRANSITION|DOWN|6408888904ffe0d1"", ""COMP|T4_REGIME_ANCHOR_TRANSITION|DOWN|7db03345123524b7"", ""COMP|T4_REGIME_ANCHOR_TRANSITION|DOWN|82c17552010a3adc"", ""COMP|T4_REGIME_ANCHOR_TRANSITION|DOWN|d4c4f2120c0c5b33"", ""COMP|T4_REGIME_ANCHOR_TRANSITION|DOWN|f09e199324fa3c7a"", ""COMP|T4_REGIME_ANCHOR_TRANSITION|DOWN|fd531705082fc143"", ""COMP|T4_REGIME_ANCHOR_TRANSITION|DOWN|fd5dcbd08a3d5d3d""]",EVENT_STREAM_JACCARD
NR-000460,DOWN,30m,12,0.95,COMP|T4_REGIME_ANCHOR_TRANSITION|DOWN|3dcd696f45237aa2,"[""COMP|T3_ANCHOR_TRANSITION|DOWN|a68490b5cba4e81a"", ""COMP|T4_REGIME_ANCHOR_TRANSITION|DOWN|17ed853038afbdd6"", ""COMP|T4_REGIME_ANCHOR_TRANSITION|DOWN|234341282c777d9e"", ""COMP|T4_REGIME_ANCHOR_TRANSITION|DOWN|3e2cdd49418a9740"", ""COMP|T4_REGIME_ANCHOR_TRANSITION|DOWN|450302bde518a54c"", ""COMP|T4_REGIME_ANCHOR_TRANSITION|DOWN|506890fa6714e649"", ""COMP|T4_REGIME_ANCHOR_TRANSITION|DOWN|5c4d17ffcfab6316"", ""COMP|T4_REGIME_ANCHOR_TRANSITION|DOWN|68500bdaf1229547"", ""COMP|T4_REGIME_ANCHOR_TRANSITION|DOWN|88953aa1bca25003"", ""COMP|T4_REGIME_ANCHOR_TRANSITION|DOWN|8a90baf94c840168"", ""COMP|T4_REGIME_ANCHOR_TRANSITION|DOWN|c63aeb960818a867""]","[""COMP|T3_ANCHOR_TRANSITION|DOWN|a68490b5cba4e81a"", ""COMP|T4_REGIME_ANCHOR_TRANSITION|DOWN|17ed853038afbdd6"", ""COMP|T4_REGIME_ANCHOR_TRANSITION|DOWN|234341282c777d9e"", ""COMP|T4_REGIME_ANCHOR_TRANSITION|DOWN|3dcd696f45237aa2"", ""COMP|T4_REGIME_ANCHOR_TRANSITION|DOWN|3e2cdd49418a9740"", ""COMP|T4_REGIME_ANCHOR_TRANSITION|DOWN|450302bde518a54c"", ""COMP|T4_REGIME_ANCHOR_TRANSITION|DOWN|506890fa6714e649"", ""COMP|T4_REGIME_ANCHOR_TRANSITION|DOWN|5c4d17ffcfab6316"", ""COMP|T4_REGIME_ANCHOR_TRANSITION|DOWN|68500bdaf1229547"", ""COMP|T4_REGIME_ANCHOR_TRANSITION|DOWN|88953aa1bca25003"", ""COMP|T4_REGIME_ANCHOR_TRANSITION|DOWN|8a90baf94c840168"", ""COMP|T4_REGIME_ANCHOR_TRANSITION|DOWN|c63aeb960818a867""]",EVENT_STREAM_JACCARD
NR-000461,DOWN,30m,10,0.95,COMP|T4_REGIME_ANCHOR_TRANSITION|DOWN|8939c9e0baf48291,"[""COMP|T3_ANCHOR_TRANSITION|DOWN|603c622a304bf0d2"", ""COMP|T4_REGIME_ANCHOR_TRANSITION|DOWN|53906d19de7a91a6"", ""COMP|T4_REGIME_ANCHOR_TRANSITION|DOWN|7d6a2c5648d440e0"", ""COMP|T4_REGIME_ANCHOR_TRANSITION|DOWN|cc4eb51198adc9ab"", ""COMP|T4_REGIME_ANCHOR_TRANSITION|DOWN|d2e6c57a5b337fff"", ""COMP|T4_REGIME_ANCHOR_TRANSITION|DOWN|dc876791a77df5ea"", ""COMP|T4_REGIME_ANCHOR_TRANSITION|DOWN|df74c93afbfdd6ec"", ""COMP|T4_REGIME_ANCHOR_TRANSITION|DOWN|f2a94d413aa3003e"", ""COMP|T4_REGIME_ANCHOR_TRANSITION|DOWN|f37d55677085da19""]","[""COMP|T3_ANCHOR_TRANSITION|DOWN|603c622a304bf0d2"", ""COMP|T4_REGIME_ANCHOR_TRANSITION|DOWN|53906d19de7a91a6"", ""COMP|T4_REGIME_ANCHOR_TRANSITION|DOWN|7d6a2c5648d440e0"", ""COMP|T4_REGIME_ANCHOR_TRANSITION|DOWN|8939c9e0baf48291"", ""COMP|T4_REGIME_ANCHOR_TRANSITION|DOWN|cc4eb51198adc9ab"", ""COMP|T4_REGIME_ANCHOR_TRANSITION|DOWN|d2e6c57a5b337fff"", ""COMP|T4_REGIME_ANCHOR_TRANSITION|DOWN|dc876791a77df5ea"", ""COMP|T4_REGIME_ANCHOR_TRANSITION|DOWN|df74c93afbfdd6ec"", ""COMP|T4_REGIME_ANCHOR_TRANSITION|DOWN|f2a94d413aa3003e"", ""COMP|T4_REGIME_ANCHOR_TRANSITION|DOWN|f37d55677085da19""]",EVENT_STREAM_JACCARD
NR-000462,DOWN,30m,11,0.95,COMP|T4_REGIME_ANCHOR_TRANSITION|DOWN|1530d181aa2a6a69,"[""COMP|T3_ANCHOR_TRANSITION|DOWN|380fe7c98fd87782"", ""COMP|T4_REGIME_ANCHOR_TRANSITION|DOWN|09196df872ebef06"", ""COMP|T4_REGIME_ANCHOR_TRANSITION|DOWN|313a836aa6a35b2e"", ""COMP|T4_REGIME_ANCHOR_TRANSITION|DOWN|4c7f9b1286361f02"", ""COMP|T4_REGIME_ANCHOR_TRANSITION|DOWN|4f1b55a38e2a6c6b"", ""COMP|T4_REGIME_ANCHOR_TRANSITION|DOWN|8d900a2e43360de8"", ""COMP|T4_REGIME_ANCHOR_TRANSITION|DOWN|acb2329cf6498e36"", ""COMP|T4_REGIME_ANCHOR_TRANSITION|DOWN|d3e6ce95bccfedc4"", ""COMP|T4_REGIME_ANCHOR_TRANSITION|DOWN|e670db1a9aef225a"", ""COMP|T4_REGIME_ANCHOR_TRANSITION|DOWN|f7c708e5f397616d""]","[""COMP|T3_ANCHOR_TRANSITION|DOWN|380fe7c98fd87782"", ""COMP|T4_REGIME_ANCHOR_TRANSITION|DOWN|09196df872ebef06"", ""COMP|T4_REGIME_ANCHOR_TRANSITION|DOWN|1530d181aa2a6a69"", ""COMP|T4_REGIME_ANCHOR_TRANSITION|DOWN|313a836aa6a35b2e"", ""COMP|T4_REGIME_ANCHOR_TRANSITION|DOWN|4c7f9b1286361f02"", ""COMP|T4_REGIME_ANCHOR_TRANSITION|DOWN|4f1b55a38e2a6c6b"", ""COMP|T4_REGIME_ANCHOR_TRANSITION|DOWN|8d900a2e43360de8"", ""COMP|T4_REGIME_ANCHOR_TRANSITION|DOWN|acb2329cf6498e36"", ""COMP|T4_REGIME_ANCHOR_TRANSITION|DOWN|d3e6ce95bccfedc4"", ""COMP|T4_REGIME_ANCHOR_TRANSITION|DOWN|e670db1a9aef225a"", ""COMP|T4_REGIME_ANCHOR_TRANSITION|DOWN|f7c708e5f397616d""]",EVENT_STREAM_JACCARD
NR-000463,DOWN,30m,9,0.95,COMP|T4_REGIME_ANCHOR_TRANSITION|DOWN|d198dfee862ed735,"[""COMP|T3_ANCHOR_TRANSITION|DOWN|df3a5477133e01c9"", ""COMP|T4_REGIME_ANCHOR_TRANSITION|DOWN|0a17f2554a2b5d7f"", ""COMP|T4_REGIME_ANCHOR_TRANSITION|DOWN|676f4b552354622f"", ""COMP|T4_REGIME_ANCHOR_TRANSITION|DOWN|7461037a39a259e5"", ""COMP|T4_REGIME_ANCHOR_TRANSITION|DOWN|9a0d83f50869c11b"", ""COMP|T4_REGIME_ANCHOR_TRANSITION|DOWN|9fd32e5ad5a9fd7f"", ""COMP|T4_REGIME_ANCHOR_TRANSITION|DOWN|c087554b8d2ede87"", ""COMP|T4_REGIME_ANCHOR_TRANSITION|DOWN|fb8911b77be72760""]","[""COMP|T3_ANCHOR_TRANSITION|DOWN|df3a5477133e01c9"", ""COMP|T4_REGIME_ANCHOR_TRANSITION|DOWN|0a17f2554a2b5d7f"", ""COMP|T4_REGIME_ANCHOR_TRANSITION|DOWN|676f4b552354622f"", ""COMP|T4_REGIME_ANCHOR_TRANSITION|DOWN|7461037a39a259e5"", ""COMP|T4_REGIME_ANCHOR_TRANSITION|DOWN|9a0d83f50869c11b"", ""COMP|T4_REGIME_ANCHOR_TRANSITION|DOWN|9fd32e5ad5a9fd7f"", ""COMP|T4_REGIME_ANCHOR_TRANSITION|DOWN|c087554b8d2ede87"", ""COMP|T4_REGIME_ANCHOR_TRANSITION|DOWN|d198dfee862ed735"", ""COMP|T4_REGIME_ANCHOR_TRANSITION|DOWN|fb8911b77be72760""]",EVENT_STREAM_JACCARD
NR-000464,DOWN,30m,8,0.95,COMP|T4_REGIME_ANCHOR_TRANSITION|DOWN|5462ef47b59e6175,"[""COMP|T3_ANCHOR_TRANSITION|DOWN|a10a493d9ca93abd"", ""COMP|T4_REGIME_ANCHOR_TRANSITION|DOWN|484a7be9ee8fee71"", ""COMP|T4_REGIME_ANCHOR_TRANSITION|DOWN|4ddec71aa84bb2be"", ""COMP|T4_REGIME_ANCHOR_TRANSITION|DOWN|4ef2ed79b08bfca2"", ""COMP|T4_REGIME_ANCHOR_TRANSITION|DOWN|7b17cd00740d2f46"", ""COMP|T4_REGIME_ANCHOR_TRANSITION|DOWN|b4f1ce411540e465"", ""COMP|T4_REGIME_ANCHOR_TRANSITION|DOWN|ca2d19aa86224787""]","[""COMP|T3_ANCHOR_TRANSITION|DOWN|a10a493d9ca93abd"", ""COMP|T4_REGIME_ANCHOR_TRANSITION|DOWN|484a7be9ee8fee71"", ""COMP|T4_REGIME_ANCHOR_TRANSITION|DOWN|4ddec71aa84bb2be"", ""COMP|T4_REGIME_ANCHOR_TRANSITION|DOWN|4ef2ed79b08bfca2"", ""COMP|T4_REGIME_ANCHOR_TRANSITION|DOWN|5462ef47b59e6175"", ""COMP|T4_REGIME_ANCHOR_TRANSITION|DOWN|7b17cd00740d2f46"", ""COMP|T4_REGIME_ANCHOR_TRANSITION|DOWN|b4f1ce411540e465"", ""COMP|T4_REGIME_ANCHOR_TRANSITION|DOWN|ca2d19aa86224787""]",EVENT_STREAM_JACCARD
NR-000465,DOWN,30m,8,0.95,COMP|T4_REGIME_ANCHOR_TRANSITION|DOWN|dfe06ddcf7761557,"[""COMP|T3_ANCHOR_TRANSITION|DOWN|f214a4f18bdbbc74"", ""COMP|T4_REGIME_ANCHOR_TRANSITION|DOWN|1a46cee76e04c545"", ""COMP|T4_REGIME_ANCHOR_TRANSITION|DOWN|50bb4abf640b8c05"", ""COMP|T4_REGIME_ANCHOR_TRANSITION|DOWN|5334ccc1307a846f"", ""COMP|T4_REGIME_ANCHOR_TRANSITION|DOWN|7208244e3291a81e"", ""COMP|T4_REGIME_ANCHOR_TRANSITION|DOWN|d681ebfff0599d0f"", ""COMP|T4_REGIME_ANCHOR_TRANSITION|DOWN|e5999302c9c9d635""]","[""COMP|T3_ANCHOR_TRANSITION|DOWN|f214a4f18bdbbc74"", ""COMP|T4_REGIME_ANCHOR_TRANSITION|DOWN|1a46cee76e04c545"", ""COMP|T4_REGIME_ANCHOR_TRANSITION|DOWN|50bb4abf640b8c05"", ""COMP|T4_REGIME_ANCHOR_TRANSITION|DOWN|5334ccc1307a846f"", ""COMP|T4_REGIME_ANCHOR_TRANSITION|DOWN|7208244e3291a81e"", ""COMP|T4_REGIME_ANCHOR_TRANSITION|DOWN|d681ebfff0599d0f"", ""COMP|T4_REGIME_ANCHOR_TRANSITION|DOWN|dfe06ddcf7761557"", ""COMP|T4_REGIME_ANCHOR_TRANSITION|DOWN|e5999302c9c9d635""]",EVENT_STREAM_JACCARD
NR-000466,DOWN,30m,10,0.95,COMP|T4_REGIME_ANCHOR_TRANSITION|DOWN|323c0776113174bd,"[""COMP|T3_ANCHOR_TRANSITION|DOWN|2bc7d309915e3d91"", ""COMP|T4_REGIME_ANCHOR_TRANSITION|DOWN|0c62f327491640ae"", ""COMP|T4_REGIME_ANCHOR_TRANSITION|DOWN|0e2f03dc14cf6bdb"", ""COMP|T4_REGIME_ANCHOR_TRANSITION|DOWN|12ce04d0859a5ebe"", ""COMP|T4_REGIME_ANCHOR_TRANSITION|DOWN|3051e5e9c7a67ef3"", ""COMP|T4_REGIME_ANCHOR_TRANSITION|DOWN|549e2f76a9e455d8"", ""COMP|T4_REGIME_ANCHOR_TRANSITION|DOWN|5ed55855ddb1c199"", ""COMP|T4_REGIME_ANCHOR_TRANSITION|DOWN|60859d74ee0fab96"", ""COMP|T4_REGIME_ANCHOR_TRANSITION|DOWN|b3ec30c861832849""]","[""COMP|T3_ANCHOR_TRANSITION|DOWN|2bc7d309915e3d91"", ""COMP|T4_REGIME_ANCHOR_TRANSITION|DOWN|0c62f327491640ae"", ""COMP|T4_REGIME_ANCHOR_TRANSITION|DOWN|0e2f03dc14cf6bdb"", ""COMP|T4_REGIME_ANCHOR_TRANSITION|DOWN|12ce04d0859a5ebe"", ""COMP|T4_REGIME_ANCHOR_TRANSITION|DOWN|3051e5e9c7a67ef3"", ""COMP|T4_REGIME_ANCHOR_TRANSITION|DOWN|323c0776113174bd"", ""COMP|T4_REGIME_ANCHOR_TRANSITION|DOWN|549e2f76a9e455d8"", ""COMP|T4_REGIME_ANCHOR_TRANSITION|DOWN|5ed55855ddb1c199"", ""COMP|T4_REGIME_ANCHOR_TRANSITION|DOWN|60859d74ee0fab96"", ""COMP|T4_REGIME_ANCHOR_TRANSITION|DOWN|b3ec30c861832849""]",EVENT_STREAM_JACCARD
NR-000467,DOWN,30m,10,0.95,COMP|T4_REGIME_ANCHOR_TRANSITION|DOWN|292a8abca060644c,"[""COMP|T3_ANCHOR_TRANSITION|DOWN|ce33661c936208b7"", ""COMP|T4_REGIME_ANCHOR_TRANSITION|DOWN|0c051761bb3d661c"", ""COMP|T4_REGIME_ANCHOR_TRANSITION|DOWN|17e01025a8ed277a"", ""COMP|T4_REGIME_ANCHOR_TRANSITION|DOWN|1d8cb3aa210f9ef7"", ""COMP|T4_REGIME_ANCHOR_TRANSITION|DOWN|31369d5c76f5ecf8"", ""COMP|T4_REGIME_ANCHOR_TRANSITION|DOWN|49e0bb8dd28ea2d0"", ""COMP|T4_REGIME_ANCHOR_TRANSITION|DOWN|71bb4c0cdf023dd6"", ""COMP|T4_REGIME_ANCHOR_TRANSITION|DOWN|73641a4f213ceb7e"", ""COMP|T4_REGIME_ANCHOR_TRANSITION|DOWN|c985b3f21d7f018d""]","[""COMP|T3_ANCHOR_TRANSITION|DOWN|ce33661c936208b7"", ""COMP|T4_REGIME_ANCHOR_TRANSITION|DOWN|0c051761bb3d661c"", ""COMP|T4_REGIME_ANCHOR_TRANSITION|DOWN|17e01025a8ed277a"", ""COMP|T4_REGIME_ANCHOR_TRANSITION|DOWN|1d8cb3aa210f9ef7"", ""COMP|T4_REGIME_ANCHOR_TRANSITION|DOWN|292a8abca060644c"", ""COMP|T4_REGIME_ANCHOR_TRANSITION|DOWN|31369d5c76f5ecf8"", ""COMP|T4_REGIME_ANCHOR_TRANSITION|DOWN|49e0bb8dd28ea2d0"", ""COMP|T4_REGIME_ANCHOR_TRANSITION|DOWN|71bb4c0cdf023dd6"", ""COMP|T4_REGIME_ANCHOR_TRANSITION|DOWN|73641a4f213ceb7e"", ""COMP|T4_REGIME_ANCHOR_TRANSITION|DOWN|c985b3f21d7f018d""]",EVENT_STREAM_JACCARD
NR-000468,DOWN,30m,10,0.95,COMP|T4_REGIME_ANCHOR_TRANSITION|DOWN|7b13ac68f29ea9e6,"[""COMP|T3_ANCHOR_TRANSITION|DOWN|3a341d2b70f56593"", ""COMP|T4_REGIME_ANCHOR_TRANSITION|DOWN|0383c0e5aa2ea3e0"", ""COMP|T4_REGIME_ANCHOR_TRANSITION|DOWN|3082cedd40499726"", ""COMP|T4_REGIME_ANCHOR_TRANSITION|DOWN|6d0dde31c7f98523"", ""COMP|T4_REGIME_ANCHOR_TRANSITION|DOWN|a9599916409ee911"", ""COMP|T4_REGIME_ANCHOR_TRANSITION|DOWN|abcaa71bab3a6b44"", ""COMP|T4_REGIME_ANCHOR_TRANSITION|DOWN|bf32dadf6b98250a"", ""COMP|T4_REGIME_ANCHOR_TRANSITION|DOWN|d5ecc69b0ce1fba2"", ""COMP|T4_REGIME_ANCHOR_TRANSITION|DOWN|e04a13112b6b604d""]","[""COMP|T3_ANCHOR_TRANSITION|DOWN|3a341d2b70f56593"", ""COMP|T4_REGIME_ANCHOR_TRANSITION|DOWN|0383c0e5aa2ea3e0"", ""COMP|T4_REGIME_ANCHOR_TRANSITION|DOWN|3082cedd40499726"", ""COMP|T4_REGIME_ANCHOR_TRANSITION|DOWN|6d0dde31c7f98523"", ""COMP|T4_REGIME_ANCHOR_TRANSITION|DOWN|7b13ac68f29ea9e6"", ""COMP|T4_REGIME_ANCHOR_TRANSITION|DOWN|a9599916409ee911"", ""COMP|T4_REGIME_ANCHOR_TRANSITION|DOWN|abcaa71bab3a6b44"", ""COMP|T4_REGIME_ANCHOR_TRANSITION|DOWN|bf32dadf6b98250a"", ""COMP|T4_REGIME_ANCHOR_TRANSITION|DOWN|d5ecc69b0ce1fba2"", ""COMP|T4_REGIME_ANCHOR_TRANSITION|DOWN|e04a13112b6b604d""]",EVENT_STREAM_JACCARD
NR-000469,DOWN,30m,11,0.95,COMP|T4_REGIME_ANCHOR_TRANSITION|DOWN|4f35874cc2f778ac,"[""COMP|T3_ANCHOR_TRANSITION|DOWN|d99c34bef9d12593"", ""COMP|T4_REGIME_ANCHOR_TRANSITION|DOWN|1ee1a5feaaae6f38"", ""COMP|T4_REGIME_ANCHOR_TRANSITION|DOWN|58f9c911577f494d"", ""COMP|T4_REGIME_ANCHOR_TRANSITION|DOWN|6005864cc3ee6f07"", ""COMP|T4_REGIME_ANCHOR_TRANSITION|DOWN|64ef4a38dd11cb91"", ""COMP|T4_REGIME_ANCHOR_TRANSITION|DOWN|70b995b0291e75b9"", ""COMP|T4_REGIME_ANCHOR_TRANSITION|DOWN|7ada654b7b12faa6"", ""COMP|T4_REGIME_ANCHOR_TRANSITION|DOWN|c46f8e858b5d9e8b"", ""COMP|T4_REGIME_ANCHOR_TRANSITION|DOWN|ca3fbbece1a06e0c"", ""COMP|T4_REGIME_ANCHOR_TRANSITION|DOWN|e5021fc2580616a5""]","[""COMP|T3_ANCHOR_TRANSITION|DOWN|d99c34bef9d12593"", ""COMP|T4_REGIME_ANCHOR_TRANSITION|DOWN|1ee1a5feaaae6f38"", ""COMP|T4_REGIME_ANCHOR_TRANSITION|DOWN|4f35874cc2f778ac"", ""COMP|T4_REGIME_ANCHOR_TRANSITION|DOWN|58f9c911577f494d"", ""COMP|T4_REGIME_ANCHOR_TRANSITION|DOWN|6005864cc3ee6f07"", ""COMP|T4_REGIME_ANCHOR_TRANSITION|DOWN|64ef4a38dd11cb91"", ""COMP|T4_REGIME_ANCHOR_TRANSITION|DOWN|70b995b0291e75b9"", ""COMP|T4_REGIME_ANCHOR_TRANSITION|DOWN|7ada654b7b12faa6"", ""COMP|T4_REGIME_ANCHOR_TRANSITION|DOWN|c46f8e858b5d9e8b"", ""COMP|T4_REGIME_ANCHOR_TRANSITION|DOWN|ca3fbbece1a06e0c"", ""COMP|T4_REGIME_ANCHOR_TRANSITION|DOWN|e5021fc2580616a5""]",EVENT_STREAM_JACCARD
NR-000470,DOWN,30m,11,0.95,COMP|T4_REGIME_ANCHOR_TRANSITION|DOWN|96988170d7aa9c0c,"[""COMP|T3_ANCHOR_TRANSITION|DOWN|7c4f51ab6d50cd6f"", ""COMP|T4_REGIME_ANCHOR_TRANSITION|DOWN|04cb530135f8c23b"", ""COMP|T4_REGIME_ANCHOR_TRANSITION|DOWN|158255b6a58c5eb2"", ""COMP|T4_REGIME_ANCHOR_TRANSITION|DOWN|1a0b8403e9fde8b4"", ""COMP|T4_REGIME_ANCHOR_TRANSITION|DOWN|41a1be450fb5301b"", ""COMP|T4_REGIME_ANCHOR_TRANSITION|DOWN|465e1a2cbe8521f3"", ""COMP|T4_REGIME_ANCHOR_TRANSITION|DOWN|96c0b4ba68634476"", ""COMP|T4_REGIME_ANCHOR_TRANSITION|DOWN|bf2a7b208e806214"", ""COMP|T4_REGIME_ANCHOR_TRANSITION|DOWN|f2f35b8b331cb1bb"", ""COMP|T4_REGIME_ANCHOR_TRANSITION|DOWN|fdbba406077f9077""]","[""COMP|T3_ANCHOR_TRANSITION|DOWN|7c4f51ab6d50cd6f"", ""COMP|T4_REGIME_ANCHOR_TRANSITION|DOWN|04cb530135f8c23b"", ""COMP|T4_REGIME_ANCHOR_TRANSITION|DOWN|158255b6a58c5eb2"", ""COMP|T4_REGIME_ANCHOR_TRANSITION|DOWN|1a0b8403e9fde8b4"", ""COMP|T4_REGIME_ANCHOR_TRANSITION|DOWN|41a1be450fb5301b"", ""COMP|T4_REGIME_ANCHOR_TRANSITION|DOWN|465e1a2cbe8521f3"", ""COMP|T4_REGIME_ANCHOR_TRANSITION|DOWN|96988170d7aa9c0c"", ""COMP|T4_REGIME_ANCHOR_TRANSITION|DOWN|96c0b4ba68634476"", ""COMP|T4_REGIME_ANCHOR_TRANSITION|DOWN|bf2a7b208e806214"", ""COMP|T4_REGIME_ANCHOR_TRANSITION|DOWN|f2f35b8b331cb1bb"", ""COMP|T4_REGIME_ANCHOR_TRANSITION|DOWN|fdbba406077f9077""]",EVENT_STREAM_JACCARD
NR-000471,DOWN,30m,9,0.95,COMP|T4_REGIME_ANCHOR_TRANSITION|DOWN|e3065217ad29d334,"[""COMP|T3_ANCHOR_TRANSITION|DOWN|366fa0b6f65010b8"", ""COMP|T4_REGIME_ANCHOR_TRANSITION|DOWN|0051576fd899b8fd"", ""COMP|T4_REGIME_ANCHOR_TRANSITION|DOWN|08634299ff98d152"", ""COMP|T4_REGIME_ANCHOR_TRANSITION|DOWN|138099aa9a629d24"", ""COMP|T4_REGIME_ANCHOR_TRANSITION|DOWN|312e5d915fa39c79"", ""COMP|T4_REGIME_ANCHOR_TRANSITION|DOWN|5f5fa771193dde04"", ""COMP|T4_REGIME_ANCHOR_TRANSITION|DOWN|72ab08b43f83905f"", ""COMP|T4_REGIME_ANCHOR_TRANSITION|DOWN|8d03178ce6a1f05e""]","[""COMP|T3_ANCHOR_TRANSITION|DOWN|366fa0b6f65010b8"", ""COMP|T4_REGIME_ANCHOR_TRANSITION|DOWN|0051576fd899b8fd"", ""COMP|T4_REGIME_ANCHOR_TRANSITION|DOWN|08634299ff98d152"", ""COMP|T4_REGIME_ANCHOR_TRANSITION|DOWN|138099aa9a629d24"", ""COMP|T4_REGIME_ANCHOR_TRANSITION|DOWN|312e5d915fa39c79"", ""COMP|T4_REGIME_ANCHOR_TRANSITION|DOWN|5f5fa771193dde04"", ""COMP|T4_REGIME_ANCHOR_TRANSITION|DOWN|72ab08b43f83905f"", ""COMP|T4_REGIME_ANCHOR_TRANSITION|DOWN|8d03178ce6a1f05e"", ""COMP|T4_REGIME_ANCHOR_TRANSITION|DOWN|e3065217ad29d334""]",EVENT_STREAM_JACCARD
NR-000472,DOWN,30m,11,0.95,COMP|T4_REGIME_ANCHOR_TRANSITION|DOWN|45a303e9b7efc79a,"[""COMP|T3_ANCHOR_TRANSITION|DOWN|a696af44fdc822f6"", ""COMP|T4_REGIME_ANCHOR_TRANSITION|DOWN|1f22283f12e97d89"", ""COMP|T4_REGIME_ANCHOR_TRANSITION|DOWN|3fa1d752ff0e29b1"", ""COMP|T4_REGIME_ANCHOR_TRANSITION|DOWN|5b2ac4eace755e71"", ""COMP|T4_REGIME_ANCHOR_TRANSITION|DOWN|aa1c841aa1a0682b"", ""COMP|T4_REGIME_ANCHOR_TRANSITION|DOWN|abd9aaa526dfca2e"", ""COMP|T4_REGIME_ANCHOR_TRANSITION|DOWN|bf16e26cf747874f"", ""COMP|T4_REGIME_ANCHOR_TRANSITION|DOWN|c66879d673be1ede"", ""COMP|T4_REGIME_ANCHOR_TRANSITION|DOWN|cfe7791fb50bc36b"", ""COMP|T4_REGIME_ANCHOR_TRANSITION|DOWN|e6c2527367ba4049""]","[""COMP|T3_ANCHOR_TRANSITION|DOWN|a696af44fdc822f6"", ""COMP|T4_REGIME_ANCHOR_TRANSITION|DOWN|1f22283f12e97d89"", ""COMP|T4_REGIME_ANCHOR_TRANSITION|DOWN|3fa1d752ff0e29b1"", ""COMP|T4_REGIME_ANCHOR_TRANSITION|DOWN|45a303e9b7efc79a"", ""COMP|T4_REGIME_ANCHOR_TRANSITION|DOWN|5b2ac4eace755e71"", ""COMP|T4_REGIME_ANCHOR_TRANSITION|DOWN|aa1c841aa1a0682b"", ""COMP|T4_REGIME_ANCHOR_TRANSITION|DOWN|abd9aaa526dfca2e"", ""COMP|T4_REGIME_ANCHOR_TRANSITION|DOWN|bf16e26cf747874f"", ""COMP|T4_REGIME_ANCHOR_TRANSITION|DOWN|c66879d673be1ede"", ""COMP|T4_REGIME_ANCHOR_TRANSITION|DOWN|cfe7791fb50bc36b"", ""COMP|T4_REGIME_ANCHOR_TRANSITION|DOWN|e6c2527367ba4049""]",EVENT_STREAM_JACCARD
NR-000473,DOWN,30m,10,0.95,COMP|T4_REGIME_ANCHOR_TRANSITION|DOWN|5f1288b7a535c00b,"[""COMP|T3_ANCHOR_TRANSITION|DOWN|d3e624afdeacae22"", ""COMP|T4_REGIME_ANCHOR_TRANSITION|DOWN|073b138fb9057d47"", ""COMP|T4_REGIME_ANCHOR_TRANSITION|DOWN|41311bab089832f8"", ""COMP|T4_REGIME_ANCHOR_TRANSITION|DOWN|4f46b079f672bdb8"", ""COMP|T4_REGIME_ANCHOR_TRANSITION|DOWN|63c023eb38a111f0"", ""COMP|T4_REGIME_ANCHOR_TRANSITION|DOWN|d6074a3fecd92084"", ""COMP|T4_REGIME_ANCHOR_TRANSITION|DOWN|de87845366513379"", ""COMP|T4_REGIME_ANCHOR_TRANSITION|DOWN|f68ffed8de79c630"", ""COMP|T4_REGIME_ANCHOR_TRANSITION|DOWN|faa4987cb4076e5a""]","[""COMP|T3_ANCHOR_TRANSITION|DOWN|d3e624afdeacae22"", ""COMP|T4_REGIME_ANCHOR_TRANSITION|DOWN|073b138fb9057d47"", ""COMP|T4_REGIME_ANCHOR_TRANSITION|DOWN|41311bab089832f8"", ""COMP|T4_REGIME_ANCHOR_TRANSITION|DOWN|4f46b079f672bdb8"", ""COMP|T4_REGIME_ANCHOR_TRANSITION|DOWN|5f1288b7a535c00b"", ""COMP|T4_REGIME_ANCHOR_TRANSITION|DOWN|63c023eb38a111f0"", ""COMP|T4_REGIME_ANCHOR_TRANSITION|DOWN|d6074a3fecd92084"", ""COMP|T4_REGIME_ANCHOR_TRANSITION|DOWN|de87845366513379"", ""COMP|T4_REGIME_ANCHOR_TRANSITION|DOWN|f68ffed8de79c630"", ""COMP|T4_REGIME_ANCHOR_TRANSITION|DOWN|faa4987cb4076e5a""]",EVENT_STREAM_JACCARD
NR-000474,DOWN,30m,8,0.95,COMP|T4_REGIME_ANCHOR_TRANSITION|DOWN|934a82a9e05026a9,"[""COMP|T3_ANCHOR_TRANSITION|DOWN|748f779894b2da0f"", ""COMP|T4_REGIME_ANCHOR_TRANSITION|DOWN|0cbf6a0c593cf337"", ""COMP|T4_REGIME_ANCHOR_TRANSITION|DOWN|3dccc263b2dc2e2b"", ""COMP|T4_REGIME_ANCHOR_TRANSITION|DOWN|514860fd8f4822b1"", ""COMP|T4_REGIME_ANCHOR_TRANSITION|DOWN|860afd24058fa181"", ""COMP|T4_REGIME_ANCHOR_TRANSITION|DOWN|c422601a32202fa7"", ""COMP|T4_REGIME_ANCHOR_TRANSITION|DOWN|f68d2f825e211147""]","[""COMP|T3_ANCHOR_TRANSITION|DOWN|748f779894b2da0f"", ""COMP|T4_REGIME_ANCHOR_TRANSITION|DOWN|0cbf6a0c593cf337"", ""COMP|T4_REGIME_ANCHOR_TRANSITION|DOWN|3dccc263b2dc2e2b"", ""COMP|T4_REGIME_ANCHOR_TRANSITION|DOWN|514860fd8f4822b1"", ""COMP|T4_REGIME_ANCHOR_TRANSITION|DOWN|860afd24058fa181"", ""COMP|T4_REGIME_ANCHOR_TRANSITION|DOWN|934a82a9e05026a9"", ""COMP|T4_REGIME_ANCHOR_TRANSITION|DOWN|c422601a32202fa7"", ""COMP|T4_REGIME_ANCHOR_TRANSITION|DOWN|f68d2f825e211147""]",EVENT_STREAM_JACCARD
NR-000475,DOWN,30m,11,0.95,COMP|T4_REGIME_ANCHOR_TRANSITION|DOWN|a1c7f325875d0d88,"[""COMP|T3_ANCHOR_TRANSITION|DOWN|3bb0ca2c15bbc366"", ""COMP|T4_REGIME_ANCHOR_TRANSITION|DOWN|0492e289ed977fa8"", ""COMP|T4_REGIME_ANCHOR_TRANSITION|DOWN|1cecca4e7e51da63"", ""COMP|T4_REGIME_ANCHOR_TRANSITION|DOWN|28209535ee598f7d"", ""COMP|T4_REGIME_ANCHOR_TRANSITION|DOWN|4c9dc2272a183c03"", ""COMP|T4_REGIME_ANCHOR_TRANSITION|DOWN|5d860848322abd81"", ""COMP|T4_REGIME_ANCHOR_TRANSITION|DOWN|7eb4dc393001ac06"", ""COMP|T4_REGIME_ANCHOR_TRANSITION|DOWN|dbd5dc665bb1306b"", ""COMP|T4_REGIME_ANCHOR_TRANSITION|DOWN|f60ff20a779b6923"", ""COMP|T4_REGIME_ANCHOR_TRANSITION|DOWN|f88a9651b9709479""]","[""COMP|T3_ANCHOR_TRANSITION|DOWN|3bb0ca2c15bbc366"", ""COMP|T4_REGIME_ANCHOR_TRANSITION|DOWN|0492e289ed977fa8"", ""COMP|T4_REGIME_ANCHOR_TRANSITION|DOWN|1cecca4e7e51da63"", ""COMP|T4_REGIME_ANCHOR_TRANSITION|DOWN|28209535ee598f7d"", ""COMP|T4_REGIME_ANCHOR_TRANSITION|DOWN|4c9dc2272a183c03"", ""COMP|T4_REGIME_ANCHOR_TRANSITION|DOWN|5d860848322abd81"", ""COMP|T4_REGIME_ANCHOR_TRANSITION|DOWN|7eb4dc393001ac06"", ""COMP|T4_REGIME_ANCHOR_TRANSITION|DOWN|a1c7f325875d0d88"", ""COMP|T4_REGIME_ANCHOR_TRANSITION|DOWN|dbd5dc665bb1306b"", ""COMP|T4_REGIME_ANCHOR_TRANSITION|DOWN|f60ff20a779b6923"", ""COMP|T4_REGIME_ANCHOR_TRANSITION|DOWN|f88a9651b9709479""]",EVENT_STREAM_JACCARD
NR-000476,DOWN,30m,8,0.95,COMP|T4_REGIME_ANCHOR_TRANSITION|DOWN|228a432443be94b2,"[""COMP|T3_ANCHOR_TRANSITION|DOWN|55ee348cf00f0072"", ""COMP|T4_REGIME_ANCHOR_TRANSITION|DOWN|211a32a52febeaea"", ""COMP|T4_REGIME_ANCHOR_TRANSITION|DOWN|47aec31e03ecc6dc"", ""COMP|T4_REGIME_ANCHOR_TRANSITION|DOWN|6beb26266ffcce26"", ""COMP|T4_REGIME_ANCHOR_TRANSITION|DOWN|a209bb70cb672a88"", ""COMP|T4_REGIME_ANCHOR_TRANSITION|DOWN|b38394eb0b314ee1"", ""COMP|T4_REGIME_ANCHOR_TRANSITION|DOWN|fdea0f01690ebee7""]","[""COMP|T3_ANCHOR_TRANSITION|DOWN|55ee348cf00f0072"", ""COMP|T4_REGIME_ANCHOR_TRANSITION|DOWN|211a32a52febeaea"", ""COMP|T4_REGIME_ANCHOR_TRANSITION|DOWN|228a432443be94b2"", ""COMP|T4_REGIME_ANCHOR_TRANSITION|DOWN|47aec31e03ecc6dc"", ""COMP|T4_REGIME_ANCHOR_TRANSITION|DOWN|6beb26266ffcce26"", ""COMP|T4_REGIME_ANCHOR_TRANSITION|DOWN|a209bb70cb672a88"", ""COMP|T4_REGIME_ANCHOR_TRANSITION|DOWN|b38394eb0b314ee1"", ""COMP|T4_REGIME_ANCHOR_TRANSITION|DOWN|fdea0f01690ebee7""]",EVENT_STREAM_JACCARD
NR-000477,DOWN,30m,12,0.95,COMP|T4_REGIME_ANCHOR_TRANSITION|DOWN|9978aa4b22d8f5fe,"[""COMP|T3_ANCHOR_TRANSITION|DOWN|980896029b91afae"", ""COMP|T4_REGIME_ANCHOR_TRANSITION|DOWN|0551ec55c42a322d"", ""COMP|T4_REGIME_ANCHOR_TRANSITION|DOWN|235d23079ecfddd3"", ""COMP|T4_REGIME_ANCHOR_TRANSITION|DOWN|34c2a151ccbe8098"", ""COMP|T4_REGIME_ANCHOR_TRANSITION|DOWN|874f68b49c1a29a2"", ""COMP|T4_REGIME_ANCHOR_TRANSITION|DOWN|8d2b51e71a226079"", ""COMP|T4_REGIME_ANCHOR_TRANSITION|DOWN|93a4d91b8ee11b66"", ""COMP|T4_REGIME_ANCHOR_TRANSITION|DOWN|d26274c3613fe1ef"", ""COMP|T4_REGIME_ANCHOR_TRANSITION|DOWN|e660131e452f2ccd"", ""COMP|T4_REGIME_ANCHOR_TRANSITION|DOWN|f6732a7ec2a246c2"", ""COMP|T4_REGIME_ANCHOR_TRANSITION|DOWN|feecd7c43ec5ec48""]","[""COMP|T3_ANCHOR_TRANSITION|DOWN|980896029b91afae"", ""COMP|T4_REGIME_ANCHOR_TRANSITION|DOWN|0551ec55c42a322d"", ""COMP|T4_REGIME_ANCHOR_TRANSITION|DOWN|235d23079ecfddd3"", ""COMP|T4_REGIME_ANCHOR_TRANSITION|DOWN|34c2a151ccbe8098"", ""COMP|T4_REGIME_ANCHOR_TRANSITION|DOWN|874f68b49c1a29a2"", ""COMP|T4_REGIME_ANCHOR_TRANSITION|DOWN|8d2b51e71a226079"", ""COMP|T4_REGIME_ANCHOR_TRANSITION|DOWN|93a4d91b8ee11b66"", ""COMP|T4_REGIME_ANCHOR_TRANSITION|DOWN|9978aa4b22d8f5fe"", ""COMP|T4_REGIME_ANCHOR_TRANSITION|DOWN|d26274c3613fe1ef"", ""COMP|T4_REGIME_ANCHOR_TRANSITION|DOWN|e660131e452f2ccd"", ""COMP|T4_REGIME_ANCHOR_TRANSITION|DOWN|f6732a7ec2a246c2"", ""COMP|T4_REGIME_ANCHOR_TRANSITION|DOWN|feecd7c43ec5ec48""]",EVENT_STREAM_JACCARD
NR-000478,DOWN,30m,2,0.95,COMP|T4_REGIME_ANCHOR_TRANSITION|DOWN|9655ebd888de3c82,"[""COMP|T4_REGIME_ANCHOR_TRANSITION|DOWN|02211814d059edb9""]","[""COMP|T4_REGIME_ANCHOR_TRANSITION|DOWN|02211814d059edb9"", ""COMP|T4_REGIME_ANCHOR_TRANSITION|DOWN|9655ebd888de3c82""]",EVENT_STREAM_JACCARD
NR-000479,DOWN,30m,12,0.95,COMP|T4_REGIME_ANCHOR_TRANSITION|DOWN|84420333a3605781,"[""COMP|T3_ANCHOR_TRANSITION|DOWN|d7a56f3a0713a705"", ""COMP|T4_REGIME_ANCHOR_TRANSITION|DOWN|42c1f835b706aae1"", ""COMP|T4_REGIME_ANCHOR_TRANSITION|DOWN|61b843460f86491f"", ""COMP|T4_REGIME_ANCHOR_TRANSITION|DOWN|76c5dfafe8bb4e58"", ""COMP|T4_REGIME_ANCHOR_TRANSITION|DOWN|899125de2373fd9a"", ""COMP|T4_REGIME_ANCHOR_TRANSITION|DOWN|8d5a3e6a47a3d399"", ""COMP|T4_REGIME_ANCHOR_TRANSITION|DOWN|9fb94684dfd9660a"", ""COMP|T4_REGIME_ANCHOR_TRANSITION|DOWN|bfb350ac317df442"", ""COMP|T4_REGIME_ANCHOR_TRANSITION|DOWN|f94e7f4b6e717993"", ""COMP|T4_REGIME_ANCHOR_TRANSITION|DOWN|fb8dde7e4d9c5133"", ""COMP|T4_REGIME_ANCHOR_TRANSITION|DOWN|fedbef307a090529""]","[""COMP|T3_ANCHOR_TRANSITION|DOWN|d7a56f3a0713a705"", ""COMP|T4_REGIME_ANCHOR_TRANSITION|DOWN|42c1f835b706aae1"", ""COMP|T4_REGIME_ANCHOR_TRANSITION|DOWN|61b843460f86491f"", ""COMP|T4_REGIME_ANCHOR_TRANSITION|DOWN|76c5dfafe8bb4e58"", ""COMP|T4_REGIME_ANCHOR_TRANSITION|DOWN|84420333a3605781"", ""COMP|T4_REGIME_ANCHOR_TRANSITION|DOWN|899125de2373fd9a"", ""COMP|T4_REGIME_ANCHOR_TRANSITION|DOWN|8d5a3e6a47a3d399"", ""COMP|T4_REGIME_ANCHOR_TRANSITION|DOWN|9fb94684dfd9660a"", ""COMP|T4_REGIME_ANCHOR_TRANSITION|DOWN|bfb350ac317df442"", ""COMP|T4_REGIME_ANCHOR_TRANSITION|DOWN|f94e7f4b6e717993"", ""COMP|T4_REGIME_ANCHOR_TRANSITION|DOWN|fb8dde7e4d9c5133"", ""COMP|T4_REGIME_ANCHOR_TRANSITION|DOWN|fedbef307a090529""]",EVENT_STREAM_JACCARD
NR-000480,DOWN,30m,9,0.95,COMP|T4_REGIME_ANCHOR_TRANSITION|DOWN|398865c52556e0cf,"[""COMP|T3_ANCHOR_TRANSITION|DOWN|29c24fce54753d12"", ""COMP|T4_REGIME_ANCHOR_TRANSITION|DOWN|142a616c0eec60dd"", ""COMP|T4_REGIME_ANCHOR_TRANSITION|DOWN|28a524bdc976b125"", ""COMP|T4_REGIME_ANCHOR_TRANSITION|DOWN|3a683b42841ebe8b"", ""COMP|T4_REGIME_ANCHOR_TRANSITION|DOWN|5b90f36475028ca3"", ""COMP|T4_REGIME_ANCHOR_TRANSITION|DOWN|c6b73f1f4e71050e"", ""COMP|T4_REGIME_ANCHOR_TRANSITION|DOWN|d070542d6c74627d"", ""COMP|T4_REGIME_ANCHOR_TRANSITION|DOWN|f6a00e3f00129269""]","[""COMP|T3_ANCHOR_TRANSITION|DOWN|29c24fce54753d12"", ""COMP|T4_REGIME_ANCHOR_TRANSITION|DOWN|142a616c0eec60dd"", ""COMP|T4_REGIME_ANCHOR_TRANSITION|DOWN|28a524bdc976b125"", ""COMP|T4_REGIME_ANCHOR_TRANSITION|DOWN|398865c52556e0cf"", ""COMP|T4_REGIME_ANCHOR_TRANSITION|DOWN|3a683b42841ebe8b"", ""COMP|T4_REGIME_ANCHOR_TRANSITION|DOWN|5b90f36475028ca3"", ""COMP|T4_REGIME_ANCHOR_TRANSITION|DOWN|c6b73f1f4e71050e"", ""COMP|T4_REGIME_ANCHOR_TRANSITION|DOWN|d070542d6c74627d"", ""COMP|T4_REGIME_ANCHOR_TRANSITION|DOWN|f6a00e3f00129269""]",EVENT_STREAM_JACCARD
NR-000481,DOWN,30m,2,0.95,COMP|T4_REGIME_ANCHOR_TRANSITION|DOWN|a6c17a752a072970,"[""COMP|T4_REGIME_ANCHOR_TRANSITION|DOWN|5e2bc87b17d3bad8""]","[""COMP|T4_REGIME_ANCHOR_TRANSITION|DOWN|5e2bc87b17d3bad8"", ""COMP|T4_REGIME_ANCHOR_TRANSITION|DOWN|a6c17a752a072970""]",EVENT_STREAM_JACCARD
NR-000482,DOWN,30m,8,0.95,COMP|T4_REGIME_ANCHOR_TRANSITION|DOWN|15d8cd2805685b28,"[""COMP|T3_ANCHOR_TRANSITION|DOWN|96473027f525341e"", ""COMP|T4_REGIME_ANCHOR_TRANSITION|DOWN|54241d04f5406e18"", ""COMP|T4_REGIME_ANCHOR_TRANSITION|DOWN|59c4f190419e1ddb"", ""COMP|T4_REGIME_ANCHOR_TRANSITION|DOWN|5a2560e5138e6b25"", ""COMP|T4_REGIME_ANCHOR_TRANSITION|DOWN|8f6e8bd141e5144e"", ""COMP|T4_REGIME_ANCHOR_TRANSITION|DOWN|9a023aea82dd6af5"", ""COMP|T4_REGIME_ANCHOR_TRANSITION|DOWN|e197cd78f7d21870""]","[""COMP|T3_ANCHOR_TRANSITION|DOWN|96473027f525341e"", ""COMP|T4_REGIME_ANCHOR_TRANSITION|DOWN|15d8cd2805685b28"", ""COMP|T4_REGIME_ANCHOR_TRANSITION|DOWN|54241d04f5406e18"", ""COMP|T4_REGIME_ANCHOR_TRANSITION|DOWN|59c4f190419e1ddb"", ""COMP|T4_REGIME_ANCHOR_TRANSITION|DOWN|5a2560e5138e6b25"", ""COMP|T4_REGIME_ANCHOR_TRANSITION|DOWN|8f6e8bd141e5144e"", ""COMP|T4_REGIME_ANCHOR_TRANSITION|DOWN|9a023aea82dd6af5"", ""COMP|T4_REGIME_ANCHOR_TRANSITION|DOWN|e197cd78f7d21870""]",EVENT_STREAM_JACCARD
NR-000483,DOWN,30m,2,0.95,COMP|T4_REGIME_ANCHOR_TRANSITION|DOWN|b94c71d83a44657f,"[""COMP|T4_REGIME_ANCHOR_TRANSITION|DOWN|3c97a4c316640b55""]","[""COMP|T4_REGIME_ANCHOR_TRANSITION|DOWN|3c97a4c316640b55"", ""COMP|T4_REGIME_ANCHOR_TRANSITION|DOWN|b94c71d83a44657f""]",EVENT_STREAM_JACCARD
NR-000484,DOWN,30m,9,0.95,COMP|T4_REGIME_ANCHOR_TRANSITION|DOWN|d44cedfd9795e1d6,"[""COMP|T3_ANCHOR_TRANSITION|DOWN|711e499a82e945ae"", ""COMP|T4_REGIME_ANCHOR_TRANSITION|DOWN|0c1de2f58b06259a"", ""COMP|T4_REGIME_ANCHOR_TRANSITION|DOWN|313af25f145db0f1"", ""COMP|T4_REGIME_ANCHOR_TRANSITION|DOWN|6e00f9467dc337be"", ""COMP|T4_REGIME_ANCHOR_TRANSITION|DOWN|916249ffe80c42fc"", ""COMP|T4_REGIME_ANCHOR_TRANSITION|DOWN|a74669aff7d08f68"", ""COMP|T4_REGIME_ANCHOR_TRANSITION|DOWN|adc016480ad16283"", ""COMP|T4_REGIME_ANCHOR_TRANSITION|DOWN|cef6e0773316f632""]","[""COMP|T3_ANCHOR_TRANSITION|DOWN|711e499a82e945ae"", ""COMP|T4_REGIME_ANCHOR_TRANSITION|DOWN|0c1de2f58b06259a"", ""COMP|T4_REGIME_ANCHOR_TRANSITION|DOWN|313af25f145db0f1"", ""COMP|T4_REGIME_ANCHOR_TRANSITION|DOWN|6e00f9467dc337be"", ""COMP|T4_REGIME_ANCHOR_TRANSITION|DOWN|916249ffe80c42fc"", ""COMP|T4_REGIME_ANCHOR_TRANSITION|DOWN|a74669aff7d08f68"", ""COMP|T4_REGIME_ANCHOR_TRANSITION|DOWN|adc016480ad16283"", ""COMP|T4_REGIME_ANCHOR_TRANSITION|DOWN|cef6e0773316f632"", ""COMP|T4_REGIME_ANCHOR_TRANSITION|DOWN|d44cedfd9795e1d6""]",EVENT_STREAM_JACCARD
NR-000485,DOWN,30m,2,0.95,COMP|T4_REGIME_ANCHOR_TRANSITION|DOWN|472c5d2ac43706b2,"[""COMP|T4_REGIME_ANCHOR_TRANSITION|DOWN|4404b9f366802013""]","[""COMP|T4_REGIME_ANCHOR_TRANSITION|DOWN|4404b9f366802013"", ""COMP|T4_REGIME_ANCHOR_TRANSITION|DOWN|472c5d2ac43706b2""]",EVENT_STREAM_JACCARD
NR-000486,DOWN,30m,9,0.95,COMP|T4_REGIME_ANCHOR_TRANSITION|DOWN|ecd34747beef5714,"[""COMP|T3_ANCHOR_TRANSITION|DOWN|a4af5e69dea784eb"", ""COMP|T4_REGIME_ANCHOR_TRANSITION|DOWN|0b2d51f591e2ab1a"", ""COMP|T4_REGIME_ANCHOR_TRANSITION|DOWN|1f9459925e430423"", ""COMP|T4_REGIME_ANCHOR_TRANSITION|DOWN|46734b41b34f34c1"", ""COMP|T4_REGIME_ANCHOR_TRANSITION|DOWN|5120910559f7f67b"", ""COMP|T4_REGIME_ANCHOR_TRANSITION|DOWN|97f51236e3fb84af"", ""COMP|T4_REGIME_ANCHOR_TRANSITION|DOWN|c9292ef4702112f8"", ""COMP|T4_REGIME_ANCHOR_TRANSITION|DOWN|e45e02f2b35ee378""]","[""COMP|T3_ANCHOR_TRANSITION|DOWN|a4af5e69dea784eb"", ""COMP|T4_REGIME_ANCHOR_TRANSITION|DOWN|0b2d51f591e2ab1a"", ""COMP|T4_REGIME_ANCHOR_TRANSITION|DOWN|1f9459925e430423"", ""COMP|T4_REGIME_ANCHOR_TRANSITION|DOWN|46734b41b34f34c1"", ""COMP|T4_REGIME_ANCHOR_TRANSITION|DOWN|5120910559f7f67b"", ""COMP|T4_REGIME_ANCHOR_TRANSITION|DOWN|97f51236e3fb84af"", ""COMP|T4_REGIME_ANCHOR_TRANSITION|DOWN|c9292ef4702112f8"", ""COMP|T4_REGIME_ANCHOR_TRANSITION|DOWN|e45e02f2b35ee378"", ""COMP|T4_REGIME_ANCHOR_TRANSITION|DOWN|ecd34747beef5714""]",EVENT_STREAM_JACCARD
NR-000487,DOWN,30m,2,0.95,COMP|T4_REGIME_ANCHOR_TRANSITION|DOWN|56b72b2c9dc096e4,"[""COMP|T4_REGIME_ANCHOR_TRANSITION|DOWN|414c91f52d711072""]","[""COMP|T4_REGIME_ANCHOR_TRANSITION|DOWN|414c91f52d711072"", ""COMP|T4_REGIME_ANCHOR_TRANSITION|DOWN|56b72b2c9dc096e4""]",EVENT_STREAM_JACCARD
NR-000488,DOWN,30m,2,0.95,COMP|T4_REGIME_ANCHOR_TRANSITION|DOWN|78dc69a7a99fa836,"[""COMP|T4_REGIME_ANCHOR_TRANSITION|DOWN|d12f877cce027c0e""]","[""COMP|T4_REGIME_ANCHOR_TRANSITION|DOWN|78dc69a7a99fa836"", ""COMP|T4_REGIME_ANCHOR_TRANSITION|DOWN|d12f877cce027c0e""]",EVENT_STREAM_JACCARD
NR-000489,DOWN,4H,2,0.95,COMP|T6_CROSS_FAMILY_SAME_TF|DOWN|1f1c164805debdad,"[""COMP|T6_CROSS_FAMILY_SAME_TF|DOWN|e1564c0ff3578563""]","[""COMP|T6_CROSS_FAMILY_SAME_TF|DOWN|1f1c164805debdad"", ""COMP|T6_CROSS_FAMILY_SAME_TF|DOWN|e1564c0ff3578563""]",EVENT_STREAM_JACCARD
NR-000490,DOWN,4H,2,0.95,COMP|T6_CROSS_FAMILY_SAME_TF|DOWN|cdc20d282b3c45ee,"[""COMP|T6_CROSS_FAMILY_SAME_TF|DOWN|0b43916878d92c43""]","[""COMP|T6_CROSS_FAMILY_SAME_TF|DOWN|0b43916878d92c43"", ""COMP|T6_CROSS_FAMILY_SAME_TF|DOWN|cdc20d282b3c45ee""]",EVENT_STREAM_JACCARD
NR-000491,UP,15m,2,0.95,COMP|T5_ANCHOR_MICRO|UP|824d9355496d2c09,"[""COMP|T5_ANCHOR_MICRO|UP|d778e0968c92cc50""]","[""COMP|T5_ANCHOR_MICRO|UP|824d9355496d2c09"", ""COMP|T5_ANCHOR_MICRO|UP|d778e0968c92cc50""]",EVENT_STREAM_JACCARD
NR-000492,UP,15m,2,0.95,COMP|T5_ANCHOR_MICRO|UP|cd3db76310a23753,"[""COMP|T5_ANCHOR_MICRO|UP|942ae461619c94de""]","[""COMP|T5_ANCHOR_MICRO|UP|942ae461619c94de"", ""COMP|T5_ANCHOR_MICRO|UP|cd3db76310a23753""]",EVENT_STREAM_JACCARD
NR-000493,UP,1H,2,0.95,COMP|T1_DUAL_ANCHOR|UP|b27200d6b05a61c9,"[""COMP|T1_DUAL_ANCHOR|UP|d16409d1f863dfca""]","[""COMP|T1_DUAL_ANCHOR|UP|b27200d6b05a61c9"", ""COMP|T1_DUAL_ANCHOR|UP|d16409d1f863dfca""]",EVENT_STREAM_JACCARD
NR-000494,UP,1H,2,0.95,COMP|T1_DUAL_ANCHOR|UP|90a54cfa8b2987db,"[""COMP|T1_DUAL_ANCHOR|UP|b8d113c10eee3aed""]","[""COMP|T1_DUAL_ANCHOR|UP|90a54cfa8b2987db"", ""COMP|T1_DUAL_ANCHOR|UP|b8d113c10eee3aed""]",EVENT_STREAM_JACCARD
NR-000495,UP,1H,2,0.95,COMP|T1_DUAL_ANCHOR|UP|0b31b590a665210e,"[""COMP|T1_DUAL_ANCHOR|UP|fa7e4f1b744c6e46""]","[""COMP|T1_DUAL_ANCHOR|UP|0b31b590a665210e"", ""COMP|T1_DUAL_ANCHOR|UP|fa7e4f1b744c6e46""]",EVENT_STREAM_JACCARD
NR-000496,UP,1H,2,0.95,COMP|T1_DUAL_ANCHOR|UP|21ef361635938958,"[""COMP|T1_DUAL_ANCHOR|UP|e24024485e05c81e""]","[""COMP|T1_DUAL_ANCHOR|UP|21ef361635938958"", ""COMP|T1_DUAL_ANCHOR|UP|e24024485e05c81e""]",EVENT_STREAM_JACCARD
NR-000497,UP,1H,2,0.95,COMP|T6_CROSS_FAMILY_SAME_TF|UP|3ce722fff8743e2c,"[""COMP|T6_CROSS_FAMILY_SAME_TF|UP|09280e6a41f814e3""]","[""COMP|T6_CROSS_FAMILY_SAME_TF|UP|09280e6a41f814e3"", ""COMP|T6_CROSS_FAMILY_SAME_TF|UP|3ce722fff8743e2c""]",EVENT_STREAM_JACCARD
NR-000498,UP,1H,2,0.95,COMP|T1_DUAL_ANCHOR|UP|db2abe5575c73891,"[""COMP|T1_DUAL_ANCHOR|UP|be7fce1882b3c914""]","[""COMP|T1_DUAL_ANCHOR|UP|be7fce1882b3c914"", ""COMP|T1_DUAL_ANCHOR|UP|db2abe5575c73891""]",EVENT_STREAM_JACCARD
NR-000499,UP,1H,2,0.95,COMP|T1_DUAL_ANCHOR|UP|6140989b862d896b,"[""COMP|T1_DUAL_ANCHOR|UP|8904997b0d993e68""]","[""COMP|T1_DUAL_ANCHOR|UP|6140989b862d896b"", ""COMP|T1_DUAL_ANCHOR|UP|8904997b0d993e68""]",EVENT_STREAM_JACCARD
NR-000500,UP,1H,2,0.95,COMP|T1_DUAL_ANCHOR|UP|6e056d9ef6b5fa42,"[""COMP|T1_DUAL_ANCHOR|UP|6f298b29169bf1c3""]","[""COMP|T1_DUAL_ANCHOR|UP|6e056d9ef6b5fa42"", ""COMP|T1_DUAL_ANCHOR|UP|6f298b29169bf1c3""]",EVENT_STREAM_JACCARD
NR-000501,UP,1H,2,0.95,COMP|T1_DUAL_ANCHOR|UP|64e021abf33c898a,"[""COMP|T1_DUAL_ANCHOR|UP|468e4a9eacd465c7""]","[""COMP|T1_DUAL_ANCHOR|UP|468e4a9eacd465c7"", ""COMP|T1_DUAL_ANCHOR|UP|64e021abf33c898a""]",EVENT_STREAM_JACCARD
NR-000502,UP,2H,2,0.95,COMP|T6_CROSS_FAMILY_SAME_TF|UP|3df8106229092c87,"[""COMP|T6_CROSS_FAMILY_SAME_TF|UP|0f957a86dc09b9f0""]","[""COMP|T6_CROSS_FAMILY_SAME_TF|UP|0f957a86dc09b9f0"", ""COMP|T6_CROSS_FAMILY_SAME_TF|UP|3df8106229092c87""]",EVENT_STREAM_JACCARD
NR-000503,UP,2H,2,0.95,COMP|T6_CROSS_FAMILY_SAME_TF|UP|05e4987ff623dd9a,"[""COMP|T6_CROSS_FAMILY_SAME_TF|UP|802bbefc3112173b""]","[""COMP|T6_CROSS_FAMILY_SAME_TF|UP|05e4987ff623dd9a"", ""COMP|T6_CROSS_FAMILY_SAME_TF|UP|802bbefc3112173b""]",EVENT_STREAM_JACCARD
NR-000504,UP,2H,2,0.95,COMP|T6_CROSS_FAMILY_SAME_TF|UP|7461e41a378a3311,"[""COMP|T6_CROSS_FAMILY_SAME_TF|UP|7ea5e605cd3da529""]","[""COMP|T6_CROSS_FAMILY_SAME_TF|UP|7461e41a378a3311"", ""COMP|T6_CROSS_FAMILY_SAME_TF|UP|7ea5e605cd3da529""]",EVENT_STREAM_JACCARD
NR-000505,UP,30m,2,0.95,COMP|T4_REGIME_ANCHOR_TRANSITION|UP|9487388dfb5f77ec,"[""COMP|T4_REGIME_ANCHOR_TRANSITION|UP|16dbe98ac1a2e5e8""]","[""COMP|T4_REGIME_ANCHOR_TRANSITION|UP|16dbe98ac1a2e5e8"", ""COMP|T4_REGIME_ANCHOR_TRANSITION|UP|9487388dfb5f77ec""]",EVENT_STREAM_JACCARD
NR-000506,UP,30m,2,0.95,COMP|T4_REGIME_ANCHOR_TRANSITION|UP|49e6b05b3dd8f8ba,"[""COMP|T4_REGIME_ANCHOR_TRANSITION|UP|84d23e4c904712c7""]","[""COMP|T4_REGIME_ANCHOR_TRANSITION|UP|49e6b05b3dd8f8ba"", ""COMP|T4_REGIME_ANCHOR_TRANSITION|UP|84d23e4c904712c7""]",EVENT_STREAM_JACCARD
NR-000507,UP,30m,2,0.95,COMP|T4_REGIME_ANCHOR_TRANSITION|UP|4f981494053c241d,"[""COMP|T4_REGIME_ANCHOR_TRANSITION|UP|7baf6b315606ff5e""]","[""COMP|T4_REGIME_ANCHOR_TRANSITION|UP|4f981494053c241d"", ""COMP|T4_REGIME_ANCHOR_TRANSITION|UP|7baf6b315606ff5e""]",EVENT_STREAM_JACCARD
NR-000508,UP,30m,8,0.95,COMP|T4_REGIME_ANCHOR_TRANSITION|UP|505bc2e775997a20,"[""COMP|T3_ANCHOR_TRANSITION|UP|512a499251f233a7"", ""COMP|T4_REGIME_ANCHOR_TRANSITION|UP|0c729bcf5c116d89"", ""COMP|T4_REGIME_ANCHOR_TRANSITION|UP|7d8038c0d9eca80d"", ""COMP|T4_REGIME_ANCHOR_TRANSITION|UP|874dab47bb77e767"", ""COMP|T4_REGIME_ANCHOR_TRANSITION|UP|996f90d8702b029c"", ""COMP|T4_REGIME_ANCHOR_TRANSITION|UP|befe5d525a77519e"", ""COMP|T4_REGIME_ANCHOR_TRANSITION|UP|df0646253a05291a""]","[""COMP|T3_ANCHOR_TRANSITION|UP|512a499251f233a7"", ""COMP|T4_REGIME_ANCHOR_TRANSITION|UP|0c729bcf5c116d89"", ""COMP|T4_REGIME_ANCHOR_TRANSITION|UP|505bc2e775997a20"", ""COMP|T4_REGIME_ANCHOR_TRANSITION|UP|7d8038c0d9eca80d"", ""COMP|T4_REGIME_ANCHOR_TRANSITION|UP|874dab47bb77e767"", ""COMP|T4_REGIME_ANCHOR_TRANSITION|UP|996f90d8702b029c"", ""COMP|T4_REGIME_ANCHOR_TRANSITION|UP|befe5d525a77519e"", ""COMP|T4_REGIME_ANCHOR_TRANSITION|UP|df0646253a05291a""]",EVENT_STREAM_JACCARD
NR-000509,UP,30m,8,0.95,COMP|T4_REGIME_ANCHOR_TRANSITION|UP|7347ab85e5ebf061,"[""COMP|T3_ANCHOR_TRANSITION|UP|1118770a9254f009"", ""COMP|T4_REGIME_ANCHOR_TRANSITION|UP|1517e2f7325178c8"", ""COMP|T4_REGIME_ANCHOR_TRANSITION|UP|3c15ea3c24977e3f"", ""COMP|T4_REGIME_ANCHOR_TRANSITION|UP|41215906fdd50b0f"", ""COMP|T4_REGIME_ANCHOR_TRANSITION|UP|45a68118ea1821fd"", ""COMP|T4_REGIME_ANCHOR_TRANSITION|UP|8040c1cf7353c1d6"", ""COMP|T4_REGIME_ANCHOR_TRANSITION|UP|ea7aef4a8038218a""]","[""COMP|T3_ANCHOR_TRANSITION|UP|1118770a9254f009"", ""COMP|T4_REGIME_ANCHOR_TRANSITION|UP|1517e2f7325178c8"", ""COMP|T4_REGIME_ANCHOR_TRANSITION|UP|3c15ea3c24977e3f"", ""COMP|T4_REGIME_ANCHOR_TRANSITION|UP|41215906fdd50b0f"", ""COMP|T4_REGIME_ANCHOR_TRANSITION|UP|45a68118ea1821fd"", ""COMP|T4_REGIME_ANCHOR_TRANSITION|UP|7347ab85e5ebf061"", ""COMP|T4_REGIME_ANCHOR_TRANSITION|UP|8040c1cf7353c1d6"", ""COMP|T4_REGIME_ANCHOR_TRANSITION|UP|ea7aef4a8038218a""]",EVENT_STREAM_JACCARD
NR-000510,UP,30m,7,0.95,COMP|T4_REGIME_ANCHOR_TRANSITION|UP|6b8ebf951f80467a,"[""COMP|T3_ANCHOR_TRANSITION|UP|3ce9ac13c59bb755"", ""COMP|T4_REGIME_ANCHOR_TRANSITION|UP|384124d7bf23e0f0"", ""COMP|T4_REGIME_ANCHOR_TRANSITION|UP|711342cafdd8acbb"", ""COMP|T4_REGIME_ANCHOR_TRANSITION|UP|8a92d62206c85fc9"", ""COMP|T4_REGIME_ANCHOR_TRANSITION|UP|97b05e62609a1a07"", ""COMP|T4_REGIME_ANCHOR_TRANSITION|UP|ce52e0a2b45ccf27""]","[""COMP|T3_ANCHOR_TRANSITION|UP|3ce9ac13c59bb755"", ""COMP|T4_REGIME_ANCHOR_TRANSITION|UP|384124d7bf23e0f0"", ""COMP|T4_REGIME_ANCHOR_TRANSITION|UP|6b8ebf951f80467a"", ""COMP|T4_REGIME_ANCHOR_TRANSITION|UP|711342cafdd8acbb"", ""COMP|T4_REGIME_ANCHOR_TRANSITION|UP|8a92d62206c85fc9"", ""COMP|T4_REGIME_ANCHOR_TRANSITION|UP|97b05e62609a1a07"", ""COMP|T4_REGIME_ANCHOR_TRANSITION|UP|ce52e0a2b45ccf27""]",EVENT_STREAM_JACCARD
NR-000511,UP,30m,8,0.95,COMP|T4_REGIME_ANCHOR_TRANSITION|UP|e8b766ce88b66597,"[""COMP|T3_ANCHOR_TRANSITION|UP|823063d935185836"", ""COMP|T4_REGIME_ANCHOR_TRANSITION|UP|1796cbb8288e20e0"", ""COMP|T4_REGIME_ANCHOR_TRANSITION|UP|2a71a70333a0f662"", ""COMP|T4_REGIME_ANCHOR_TRANSITION|UP|2ea9674a910f62f6"", ""COMP|T4_REGIME_ANCHOR_TRANSITION|UP|65706ef3e0933c2d"", ""COMP|T4_REGIME_ANCHOR_TRANSITION|UP|d1c6433ee7f4fe8b"", ""COMP|T4_REGIME_ANCHOR_TRANSITION|UP|fafcef97044cb73a""]","[""COMP|T3_ANCHOR_TRANSITION|UP|823063d935185836"", ""COMP|T4_REGIME_ANCHOR_TRANSITION|UP|1796cbb8288e20e0"", ""COMP|T4_REGIME_ANCHOR_TRANSITION|UP|2a71a70333a0f662"", ""COMP|T4_REGIME_ANCHOR_TRANSITION|UP|2ea9674a910f62f6"", ""COMP|T4_REGIME_ANCHOR_TRANSITION|UP|65706ef3e0933c2d"", ""COMP|T4_REGIME_ANCHOR_TRANSITION|UP|d1c6433ee7f4fe8b"", ""COMP|T4_REGIME_ANCHOR_TRANSITION|UP|e8b766ce88b66597"", ""COMP|T4_REGIME_ANCHOR_TRANSITION|UP|fafcef97044cb73a""]",EVENT_STREAM_JACCARD
NR-000512,UP,30m,7,0.95,COMP|T4_REGIME_ANCHOR_TRANSITION|UP|dfee167a49f92e14,"[""COMP|T3_ANCHOR_TRANSITION|UP|87854451df650f55"", ""COMP|T4_REGIME_ANCHOR_TRANSITION|UP|66f126b15482fa3d"", ""COMP|T4_REGIME_ANCHOR_TRANSITION|UP|82d738e0b006f4cb"", ""COMP|T4_REGIME_ANCHOR_TRANSITION|UP|9a26cb0250012a7c"", ""COMP|T4_REGIME_ANCHOR_TRANSITION|UP|b765ddf63be469b5"", ""COMP|T4_REGIME_ANCHOR_TRANSITION|UP|f5d627292932f0b6""]","[""COMP|T3_ANCHOR_TRANSITION|UP|87854451df650f55"", ""COMP|T4_REGIME_ANCHOR_TRANSITION|UP|66f126b15482fa3d"", ""COMP|T4_REGIME_ANCHOR_TRANSITION|UP|82d738e0b006f4cb"", ""COMP|T4_REGIME_ANCHOR_TRANSITION|UP|9a26cb0250012a7c"", ""COMP|T4_REGIME_ANCHOR_TRANSITION|UP|b765ddf63be469b5"", ""COMP|T4_REGIME_ANCHOR_TRANSITION|UP|dfee167a49f92e14"", ""COMP|T4_REGIME_ANCHOR_TRANSITION|UP|f5d627292932f0b6""]",EVENT_STREAM_JACCARD
NR-000513,UP,30m,8,0.95,COMP|T4_REGIME_ANCHOR_TRANSITION|UP|2060f1f2d8ad6d00,"[""COMP|T3_ANCHOR_TRANSITION|UP|7cb96c148d340523"", ""COMP|T4_REGIME_ANCHOR_TRANSITION|UP|48d216ad6fd46e13"", ""COMP|T4_REGIME_ANCHOR_TRANSITION|UP|69662168cc803288"", ""COMP|T4_REGIME_ANCHOR_TRANSITION|UP|7c16f5abf056ed77"", ""COMP|T4_REGIME_ANCHOR_TRANSITION|UP|9bc8165c40148fa0"", ""COMP|T4_REGIME_ANCHOR_TRANSITION|UP|c116b2a449f83913"", ""COMP|T4_REGIME_ANCHOR_TRANSITION|UP|cfd07ffd4f29eeff""]","[""COMP|T3_ANCHOR_TRANSITION|UP|7cb96c148d340523"", ""COMP|T4_REGIME_ANCHOR_TRANSITION|UP|2060f1f2d8ad6d00"", ""COMP|T4_REGIME_ANCHOR_TRANSITION|UP|48d216ad6fd46e13"", ""COMP|T4_REGIME_ANCHOR_TRANSITION|UP|69662168cc803288"", ""COMP|T4_REGIME_ANCHOR_TRANSITION|UP|7c16f5abf056ed77"", ""COMP|T4_REGIME_ANCHOR_TRANSITION|UP|9bc8165c40148fa0"", ""COMP|T4_REGIME_ANCHOR_TRANSITION|UP|c116b2a449f83913"", ""COMP|T4_REGIME_ANCHOR_TRANSITION|UP|cfd07ffd4f29eeff""]",EVENT_STREAM_JACCARD
NR-000514,UP,30m,2,0.95,COMP|T4_REGIME_ANCHOR_TRANSITION|UP|49a7f45724581de4,"[""COMP|T4_REGIME_ANCHOR_TRANSITION|UP|86442d0bb68ecc10""]","[""COMP|T4_REGIME_ANCHOR_TRANSITION|UP|49a7f45724581de4"", ""COMP|T4_REGIME_ANCHOR_TRANSITION|UP|86442d0bb68ecc10""]",EVENT_STREAM_JACCARD
NR-000515,UP,30m,2,0.95,COMP|T4_REGIME_ANCHOR_TRANSITION|UP|1f5c04dc0e8ac75c,"[""COMP|T4_REGIME_ANCHOR_TRANSITION|UP|93b9e6ad5570c501""]","[""COMP|T4_REGIME_ANCHOR_TRANSITION|UP|1f5c04dc0e8ac75c"", ""COMP|T4_REGIME_ANCHOR_TRANSITION|UP|93b9e6ad5570c501""]",EVENT_STREAM_JACCARD
NR-000516,UP,30m,8,0.95,COMP|T4_REGIME_ANCHOR_TRANSITION|UP|29570b0ed6fe6396,"[""COMP|T3_ANCHOR_TRANSITION|UP|9e054a7173d25419"", ""COMP|T4_REGIME_ANCHOR_TRANSITION|UP|0f732971ec54f9c8"", ""COMP|T4_REGIME_ANCHOR_TRANSITION|UP|6c174d4cec9899bd"", ""COMP|T4_REGIME_ANCHOR_TRANSITION|UP|7db58b44bc95702b"", ""COMP|T4_REGIME_ANCHOR_TRANSITION|UP|7eb7ba5518b0ad0c"", ""COMP|T4_REGIME_ANCHOR_TRANSITION|UP|8961c33362163b16"", ""COMP|T4_REGIME_ANCHOR_TRANSITION|UP|a51dcfa0f7eace62""]","[""COMP|T3_ANCHOR_TRANSITION|UP|9e054a7173d25419"", ""COMP|T4_REGIME_ANCHOR_TRANSITION|UP|0f732971ec54f9c8"", ""COMP|T4_REGIME_ANCHOR_TRANSITION|UP|29570b0ed6fe6396"", ""COMP|T4_REGIME_ANCHOR_TRANSITION|UP|6c174d4cec9899bd"", ""COMP|T4_REGIME_ANCHOR_TRANSITION|UP|7db58b44bc95702b"", ""COMP|T4_REGIME_ANCHOR_TRANSITION|UP|7eb7ba5518b0ad0c"", ""COMP|T4_REGIME_ANCHOR_TRANSITION|UP|8961c33362163b16"", ""COMP|T4_REGIME_ANCHOR_TRANSITION|UP|a51dcfa0f7eace62""]",EVENT_STREAM_JACCARD
NR-000517,UP,30m,8,0.95,COMP|T4_REGIME_ANCHOR_TRANSITION|UP|80511b7c2d2d6549,"[""COMP|T3_ANCHOR_TRANSITION|UP|d2b2a12ca71d7643"", ""COMP|T4_REGIME_ANCHOR_TRANSITION|UP|494b9f63f4cc3f3b"", ""COMP|T4_REGIME_ANCHOR_TRANSITION|UP|6d16dabb238aaa8e"", ""COMP|T4_REGIME_ANCHOR_TRANSITION|UP|79b51d4008b48188"", ""COMP|T4_REGIME_ANCHOR_TRANSITION|UP|9d0869b74ece74bc"", ""COMP|T4_REGIME_ANCHOR_TRANSITION|UP|b90b1f99c980e4c0"", ""COMP|T4_REGIME_ANCHOR_TRANSITION|UP|f75754c5009087a8""]","[""COMP|T3_ANCHOR_TRANSITION|UP|d2b2a12ca71d7643"", ""COMP|T4_REGIME_ANCHOR_TRANSITION|UP|494b9f63f4cc3f3b"", ""COMP|T4_REGIME_ANCHOR_TRANSITION|UP|6d16dabb238aaa8e"", ""COMP|T4_REGIME_ANCHOR_TRANSITION|UP|79b51d4008b48188"", ""COMP|T4_REGIME_ANCHOR_TRANSITION|UP|80511b7c2d2d6549"", ""COMP|T4_REGIME_ANCHOR_TRANSITION|UP|9d0869b74ece74bc"", ""COMP|T4_REGIME_ANCHOR_TRANSITION|UP|b90b1f99c980e4c0"", ""COMP|T4_REGIME_ANCHOR_TRANSITION|UP|f75754c5009087a8""]",EVENT_STREAM_JACCARD
NR-000518,UP,30m,7,0.95,COMP|T4_REGIME_ANCHOR_TRANSITION|UP|2dfd5e46cb7cb802,"[""COMP|T3_ANCHOR_TRANSITION|UP|75b44f101c852d47"", ""COMP|T4_REGIME_ANCHOR_TRANSITION|UP|032957d6187e2eb2"", ""COMP|T4_REGIME_ANCHOR_TRANSITION|UP|38a5524705aa6c0f"", ""COMP|T4_REGIME_ANCHOR_TRANSITION|UP|82a23008ad040f4b"", ""COMP|T4_REGIME_ANCHOR_TRANSITION|UP|a4f10a697c86fe25"", ""COMP|T4_REGIME_ANCHOR_TRANSITION|UP|ae6fa20a69086802""]","[""COMP|T3_ANCHOR_TRANSITION|UP|75b44f101c852d47"", ""COMP|T4_REGIME_ANCHOR_TRANSITION|UP|032957d6187e2eb2"", ""COMP|T4_REGIME_ANCHOR_TRANSITION|UP|2dfd5e46cb7cb802"", ""COMP|T4_REGIME_ANCHOR_TRANSITION|UP|38a5524705aa6c0f"", ""COMP|T4_REGIME_ANCHOR_TRANSITION|UP|82a23008ad040f4b"", ""COMP|T4_REGIME_ANCHOR_TRANSITION|UP|a4f10a697c86fe25"", ""COMP|T4_REGIME_ANCHOR_TRANSITION|UP|ae6fa20a69086802""]",EVENT_STREAM_JACCARD
NR-000519,UP,30m,2,0.95,COMP|T4_REGIME_ANCHOR_TRANSITION|UP|a392994f33c5dcb9,"[""COMP|T4_REGIME_ANCHOR_TRANSITION|UP|4232e0e5712d5687""]","[""COMP|T4_REGIME_ANCHOR_TRANSITION|UP|4232e0e5712d5687"", ""COMP|T4_REGIME_ANCHOR_TRANSITION|UP|a392994f33c5dcb9""]",EVENT_STREAM_JACCARD
NR-000520,UP,30m,2,0.95,COMP|T4_REGIME_ANCHOR_TRANSITION|UP|b2f1ab696bd8cc53,"[""COMP|T4_REGIME_ANCHOR_TRANSITION|UP|b2ec7a4c4e34b20e""]","[""COMP|T4_REGIME_ANCHOR_TRANSITION|UP|b2ec7a4c4e34b20e"", ""COMP|T4_REGIME_ANCHOR_TRANSITION|UP|b2f1ab696bd8cc53""]",EVENT_STREAM_JACCARD
NR-000521,UP,30m,2,0.95,COMP|T4_REGIME_ANCHOR_TRANSITION|UP|c3370e995f830e8e,"[""COMP|T4_REGIME_ANCHOR_TRANSITION|UP|93b90780dd2378e6""]","[""COMP|T4_REGIME_ANCHOR_TRANSITION|UP|93b90780dd2378e6"", ""COMP|T4_REGIME_ANCHOR_TRANSITION|UP|c3370e995f830e8e""]",EVENT_STREAM_JACCARD
NR-000522,UP,30m,2,0.95,COMP|T4_REGIME_ANCHOR_TRANSITION|UP|ef77edd4d18873b9,"[""COMP|T4_REGIME_ANCHOR_TRANSITION|UP|542caf2cc57eaf2b""]","[""COMP|T4_REGIME_ANCHOR_TRANSITION|UP|542caf2cc57eaf2b"", ""COMP|T4_REGIME_ANCHOR_TRANSITION|UP|ef77edd4d18873b9""]",EVENT_STREAM_JACCARD
NR-000523,UP,30m,2,0.95,COMP|T4_REGIME_ANCHOR_TRANSITION|UP|b2323f60d241623d,"[""COMP|T4_REGIME_ANCHOR_TRANSITION|UP|90eaa6744056935d""]","[""COMP|T4_REGIME_ANCHOR_TRANSITION|UP|90eaa6744056935d"", ""COMP|T4_REGIME_ANCHOR_TRANSITION|UP|b2323f60d241623d""]",EVENT_STREAM_JACCARD
NR-000524,UP,30m,2,0.95,COMP|T4_REGIME_ANCHOR_TRANSITION|UP|bed67eb59765176b,"[""COMP|T4_REGIME_ANCHOR_TRANSITION|UP|26868287d0baca57""]","[""COMP|T4_REGIME_ANCHOR_TRANSITION|UP|26868287d0baca57"", ""COMP|T4_REGIME_ANCHOR_TRANSITION|UP|bed67eb59765176b""]",EVENT_STREAM_JACCARD
NR-000525,UP,30m,2,0.95,COMP|T4_REGIME_ANCHOR_TRANSITION|UP|8f00545965947305,"[""COMP|T4_REGIME_ANCHOR_TRANSITION|UP|f6b60e1f0e0924a4""]","[""COMP|T4_REGIME_ANCHOR_TRANSITION|UP|8f00545965947305"", ""COMP|T4_REGIME_ANCHOR_TRANSITION|UP|f6b60e1f0e0924a4""]",EVENT_STREAM_JACCARD
NR-000526,UP,30m,2,0.95,COMP|T4_REGIME_ANCHOR_TRANSITION|UP|32f1193b2cf04dc3,"[""COMP|T4_REGIME_ANCHOR_TRANSITION|UP|521635f16baa2af9""]","[""COMP|T4_REGIME_ANCHOR_TRANSITION|UP|32f1193b2cf04dc3"", ""COMP|T4_REGIME_ANCHOR_TRANSITION|UP|521635f16baa2af9""]",EVENT_STREAM_JACCARD
NR-000527,UP,30m,2,0.95,COMP|T4_REGIME_ANCHOR_TRANSITION|UP|677b3a88da6640f6,"[""COMP|T4_REGIME_ANCHOR_TRANSITION|UP|3b04615b6d6c23de""]","[""COMP|T4_REGIME_ANCHOR_TRANSITION|UP|3b04615b6d6c23de"", ""COMP|T4_REGIME_ANCHOR_TRANSITION|UP|677b3a88da6640f6""]",EVENT_STREAM_JACCARD
NR-000528,UP,30m,7,0.95,COMP|T4_REGIME_ANCHOR_TRANSITION|UP|67bd7db8bd404f82,"[""COMP|T3_ANCHOR_TRANSITION|UP|1c75e1348c75b904"", ""COMP|T4_REGIME_ANCHOR_TRANSITION|UP|2fdefc75ace667ae"", ""COMP|T4_REGIME_ANCHOR_TRANSITION|UP|3630205c5eee4a95"", ""COMP|T4_REGIME_ANCHOR_TRANSITION|UP|52da6f1744c21b74"", ""COMP|T4_REGIME_ANCHOR_TRANSITION|UP|b5426d88c38728f8"", ""COMP|T4_REGIME_ANCHOR_TRANSITION|UP|d7a368fa67792165""]","[""COMP|T3_ANCHOR_TRANSITION|UP|1c75e1348c75b904"", ""COMP|T4_REGIME_ANCHOR_TRANSITION|UP|2fdefc75ace667ae"", ""COMP|T4_REGIME_ANCHOR_TRANSITION|UP|3630205c5eee4a95"", ""COMP|T4_REGIME_ANCHOR_TRANSITION|UP|52da6f1744c21b74"", ""COMP|T4_REGIME_ANCHOR_TRANSITION|UP|67bd7db8bd404f82"", ""COMP|T4_REGIME_ANCHOR_TRANSITION|UP|b5426d88c38728f8"", ""COMP|T4_REGIME_ANCHOR_TRANSITION|UP|d7a368fa67792165""]",EVENT_STREAM_JACCARD
NR-000529,UP,30m,2,0.95,COMP|T4_REGIME_ANCHOR_TRANSITION|UP|11615d67047dc2bf,"[""COMP|T4_REGIME_ANCHOR_TRANSITION|UP|a3edf81d8a6e42fe""]","[""COMP|T4_REGIME_ANCHOR_TRANSITION|UP|11615d67047dc2bf"", ""COMP|T4_REGIME_ANCHOR_TRANSITION|UP|a3edf81d8a6e42fe""]",EVENT_STREAM_JACCARD
NR-000530,UP,30m,2,0.95,COMP|T4_REGIME_ANCHOR_TRANSITION|UP|da7c41e4972ed64e,"[""COMP|T4_REGIME_ANCHOR_TRANSITION|UP|e2f5d5c10ab40f4f""]","[""COMP|T4_REGIME_ANCHOR_TRANSITION|UP|da7c41e4972ed64e"", ""COMP|T4_REGIME_ANCHOR_TRANSITION|UP|e2f5d5c10ab40f4f""]",EVENT_STREAM_JACCARD
NR-000531,UP,30m,2,0.95,COMP|T4_REGIME_ANCHOR_TRANSITION|UP|329b32ce98c0e140,"[""COMP|T4_REGIME_ANCHOR_TRANSITION|UP|3de465f460bc7bb9""]","[""COMP|T4_REGIME_ANCHOR_TRANSITION|UP|329b32ce98c0e140"", ""COMP|T4_REGIME_ANCHOR_TRANSITION|UP|3de465f460bc7bb9""]",EVENT_STREAM_JACCARD
NR-000532,UP,30m,8,0.95,COMP|T4_REGIME_ANCHOR_TRANSITION|UP|efdc43fa6dbcd814,"[""COMP|T3_ANCHOR_TRANSITION|UP|8002c917f6a4ad64"", ""COMP|T4_REGIME_ANCHOR_TRANSITION|UP|04fc841bc133403f"", ""COMP|T4_REGIME_ANCHOR_TRANSITION|UP|0862ba7ffd858afb"", ""COMP|T4_REGIME_ANCHOR_TRANSITION|UP|1d77100e7084247b"", ""COMP|T4_REGIME_ANCHOR_TRANSITION|UP|4bb7520140a75302"", ""COMP|T4_REGIME_ANCHOR_TRANSITION|UP|9d4bdedad8cae655"", ""COMP|T4_REGIME_ANCHOR_TRANSITION|UP|c3b323a1bca093fe""]","[""COMP|T3_ANCHOR_TRANSITION|UP|8002c917f6a4ad64"", ""COMP|T4_REGIME_ANCHOR_TRANSITION|UP|04fc841bc133403f"", ""COMP|T4_REGIME_ANCHOR_TRANSITION|UP|0862ba7ffd858afb"", ""COMP|T4_REGIME_ANCHOR_TRANSITION|UP|1d77100e7084247b"", ""COMP|T4_REGIME_ANCHOR_TRANSITION|UP|4bb7520140a75302"", ""COMP|T4_REGIME_ANCHOR_TRANSITION|UP|9d4bdedad8cae655"", ""COMP|T4_REGIME_ANCHOR_TRANSITION|UP|c3b323a1bca093fe"", ""COMP|T4_REGIME_ANCHOR_TRANSITION|UP|efdc43fa6dbcd814""]",EVENT_STREAM_JACCARD
NR-000533,UP,30m,8,0.95,COMP|T4_REGIME_ANCHOR_TRANSITION|UP|a2485cdb5d55c482,"[""COMP|T3_ANCHOR_TRANSITION|UP|dc676372928e3c60"", ""COMP|T4_REGIME_ANCHOR_TRANSITION|UP|4fa348ec2140af26"", ""COMP|T4_REGIME_ANCHOR_TRANSITION|UP|7b06c675b7683e5c"", ""COMP|T4_REGIME_ANCHOR_TRANSITION|UP|947da913c8173293"", ""COMP|T4_REGIME_ANCHOR_TRANSITION|UP|9d6b2ad45faedaa5"", ""COMP|T4_REGIME_ANCHOR_TRANSITION|UP|a2bc409cc63d7a0b"", ""COMP|T4_REGIME_ANCHOR_TRANSITION|UP|c8e526bf214e45ba""]","[""COMP|T3_ANCHOR_TRANSITION|UP|dc676372928e3c60"", ""COMP|T4_REGIME_ANCHOR_TRANSITION|UP|4fa348ec2140af26"", ""COMP|T4_REGIME_ANCHOR_TRANSITION|UP|7b06c675b7683e5c"", ""COMP|T4_REGIME_ANCHOR_TRANSITION|UP|947da913c8173293"", ""COMP|T4_REGIME_ANCHOR_TRANSITION|UP|9d6b2ad45faedaa5"", ""COMP|T4_REGIME_ANCHOR_TRANSITION|UP|a2485cdb5d55c482"", ""COMP|T4_REGIME_ANCHOR_TRANSITION|UP|a2bc409cc63d7a0b"", ""COMP|T4_REGIME_ANCHOR_TRANSITION|UP|c8e526bf214e45ba""]",EVENT_STREAM_JACCARD
NR-000534,UP,30m,2,0.95,COMP|T4_REGIME_ANCHOR_TRANSITION|UP|364cec94271e7a07,"[""COMP|T4_REGIME_ANCHOR_TRANSITION|UP|dcf53fd91be0c596""]","[""COMP|T4_REGIME_ANCHOR_TRANSITION|UP|364cec94271e7a07"", ""COMP|T4_REGIME_ANCHOR_TRANSITION|UP|dcf53fd91be0c596""]",EVENT_STREAM_JACCARD
NR-000535,UP,30m,2,0.95,COMP|T4_REGIME_ANCHOR_TRANSITION|UP|bc477ef424b40647,"[""COMP|T4_REGIME_ANCHOR_TRANSITION|UP|18517b2ca684059d""]","[""COMP|T4_REGIME_ANCHOR_TRANSITION|UP|18517b2ca684059d"", ""COMP|T4_REGIME_ANCHOR_TRANSITION|UP|bc477ef424b40647""]",EVENT_STREAM_JACCARD
NR-000536,UP,30m,7,0.95,COMP|T4_REGIME_ANCHOR_TRANSITION|UP|d961f11a14a962d8,"[""COMP|T3_ANCHOR_TRANSITION|UP|976fee25146b6920"", ""COMP|T4_REGIME_ANCHOR_TRANSITION|UP|122afa943d640714"", ""COMP|T4_REGIME_ANCHOR_TRANSITION|UP|29e0b0de2d9f15fa"", ""COMP|T4_REGIME_ANCHOR_TRANSITION|UP|433779cb6eb3b024"", ""COMP|T4_REGIME_ANCHOR_TRANSITION|UP|5dbce4d2be754c51"", ""COMP|T4_REGIME_ANCHOR_TRANSITION|UP|72378870069c9fcc""]","[""COMP|T3_ANCHOR_TRANSITION|UP|976fee25146b6920"", ""COMP|T4_REGIME_ANCHOR_TRANSITION|UP|122afa943d640714"", ""COMP|T4_REGIME_ANCHOR_TRANSITION|UP|29e0b0de2d9f15fa"", ""COMP|T4_REGIME_ANCHOR_TRANSITION|UP|433779cb6eb3b024"", ""COMP|T4_REGIME_ANCHOR_TRANSITION|UP|5dbce4d2be754c51"", ""COMP|T4_REGIME_ANCHOR_TRANSITION|UP|72378870069c9fcc"", ""COMP|T4_REGIME_ANCHOR_TRANSITION|UP|d961f11a14a962d8""]",EVENT_STREAM_JACCARD
NR-000537,UP,30m,8,0.95,COMP|T4_REGIME_ANCHOR_TRANSITION|UP|147486486d4a9d83,"[""COMP|T3_ANCHOR_TRANSITION|UP|26b1cd290cc12e92"", ""COMP|T4_REGIME_ANCHOR_TRANSITION|UP|00965533d8fee25b"", ""COMP|T4_REGIME_ANCHOR_TRANSITION|UP|0e1ab72e6bf0db7f"", ""COMP|T4_REGIME_ANCHOR_TRANSITION|UP|30aaca135a24d2af"", ""COMP|T4_REGIME_ANCHOR_TRANSITION|UP|45c8d0b69b61b5ca"", ""COMP|T4_REGIME_ANCHOR_TRANSITION|UP|4e0b6d8f95d73cf5"", ""COMP|T4_REGIME_ANCHOR_TRANSITION|UP|c1d0cdab5698f443""]","[""COMP|T3_ANCHOR_TRANSITION|UP|26b1cd290cc12e92"", ""COMP|T4_REGIME_ANCHOR_TRANSITION|UP|00965533d8fee25b"", ""COMP|T4_REGIME_ANCHOR_TRANSITION|UP|0e1ab72e6bf0db7f"", ""COMP|T4_REGIME_ANCHOR_TRANSITION|UP|147486486d4a9d83"", ""COMP|T4_REGIME_ANCHOR_TRANSITION|UP|30aaca135a24d2af"", ""COMP|T4_REGIME_ANCHOR_TRANSITION|UP|45c8d0b69b61b5ca"", ""COMP|T4_REGIME_ANCHOR_TRANSITION|UP|4e0b6d8f95d73cf5"", ""COMP|T4_REGIME_ANCHOR_TRANSITION|UP|c1d0cdab5698f443""]",EVENT_STREAM_JACCARD
NR-000538,UP,30m,8,0.95,COMP|T4_REGIME_ANCHOR_TRANSITION|UP|32f9b912ec0e720a,"[""COMP|T3_ANCHOR_TRANSITION|UP|14c7aebe4edcdd34"", ""COMP|T4_REGIME_ANCHOR_TRANSITION|UP|1efccc610382942f"", ""COMP|T4_REGIME_ANCHOR_TRANSITION|UP|314209c3e1dad15f"", ""COMP|T4_REGIME_ANCHOR_TRANSITION|UP|45ea206e07461461"", ""COMP|T4_REGIME_ANCHOR_TRANSITION|UP|5f587e41db6fd099"", ""COMP|T4_REGIME_ANCHOR_TRANSITION|UP|5fdab27a6bab5ad5"", ""COMP|T4_REGIME_ANCHOR_TRANSITION|UP|dba3c7c4fbfa12f4""]","[""COMP|T3_ANCHOR_TRANSITION|UP|14c7aebe4edcdd34"", ""COMP|T4_REGIME_ANCHOR_TRANSITION|UP|1efccc610382942f"", ""COMP|T4_REGIME_ANCHOR_TRANSITION|UP|314209c3e1dad15f"", ""COMP|T4_REGIME_ANCHOR_TRANSITION|UP|32f9b912ec0e720a"", ""COMP|T4_REGIME_ANCHOR_TRANSITION|UP|45ea206e07461461"", ""COMP|T4_REGIME_ANCHOR_TRANSITION|UP|5f587e41db6fd099"", ""COMP|T4_REGIME_ANCHOR_TRANSITION|UP|5fdab27a6bab5ad5"", ""COMP|T4_REGIME_ANCHOR_TRANSITION|UP|dba3c7c4fbfa12f4""]",EVENT_STREAM_JACCARD
NR-000539,UP,30m,8,0.95,COMP|T4_REGIME_ANCHOR_TRANSITION|UP|33aed756c7ea2261,"[""COMP|T3_ANCHOR_TRANSITION|UP|7b41b4f3a2cd2620"", ""COMP|T4_REGIME_ANCHOR_TRANSITION|UP|327ae0d34d9769fa"", ""COMP|T4_REGIME_ANCHOR_TRANSITION|UP|957368aee7d6a225"", ""COMP|T4_REGIME_ANCHOR_TRANSITION|UP|9e299b73ff169263"", ""COMP|T4_REGIME_ANCHOR_TRANSITION|UP|d7922d2dc3238c7e"", ""COMP|T4_REGIME_ANCHOR_TRANSITION|UP|e30bbbf2deb05e1f"", ""COMP|T4_REGIME_ANCHOR_TRANSITION|UP|e78947086acd8d47""]","[""COMP|T3_ANCHOR_TRANSITION|UP|7b41b4f3a2cd2620"", ""COMP|T4_REGIME_ANCHOR_TRANSITION|UP|327ae0d34d9769fa"", ""COMP|T4_REGIME_ANCHOR_TRANSITION|UP|33aed756c7ea2261"", ""COMP|T4_REGIME_ANCHOR_TRANSITION|UP|957368aee7d6a225"", ""COMP|T4_REGIME_ANCHOR_TRANSITION|UP|9e299b73ff169263"", ""COMP|T4_REGIME_ANCHOR_TRANSITION|UP|d7922d2dc3238c7e"", ""COMP|T4_REGIME_ANCHOR_TRANSITION|UP|e30bbbf2deb05e1f"", ""COMP|T4_REGIME_ANCHOR_TRANSITION|UP|e78947086acd8d47""]",EVENT_STREAM_JACCARD
NR-000540,UP,30m,8,0.95,COMP|T4_REGIME_ANCHOR_TRANSITION|UP|18f989248c1c7f34,"[""COMP|T3_ANCHOR_TRANSITION|UP|750ed6354ad126e4"", ""COMP|T4_REGIME_ANCHOR_TRANSITION|UP|3eb712b6db109f5b"", ""COMP|T4_REGIME_ANCHOR_TRANSITION|UP|4fc9c084601da609"", ""COMP|T4_REGIME_ANCHOR_TRANSITION|UP|6273cd0128669c27"", ""COMP|T4_REGIME_ANCHOR_TRANSITION|UP|b00ac8f0b2cb51f0"", ""COMP|T4_REGIME_ANCHOR_TRANSITION|UP|c4b913a17b3cf8d9"", ""COMP|T4_REGIME_ANCHOR_TRANSITION|UP|fb3bd019e9449b37""]","[""COMP|T3_ANCHOR_TRANSITION|UP|750ed6354ad126e4"", ""COMP|T4_REGIME_ANCHOR_TRANSITION|UP|18f989248c1c7f34"", ""COMP|T4_REGIME_ANCHOR_TRANSITION|UP|3eb712b6db109f5b"", ""COMP|T4_REGIME_ANCHOR_TRANSITION|UP|4fc9c084601da609"", ""COMP|T4_REGIME_ANCHOR_TRANSITION|UP|6273cd0128669c27"", ""COMP|T4_REGIME_ANCHOR_TRANSITION|UP|b00ac8f0b2cb51f0"", ""COMP|T4_REGIME_ANCHOR_TRANSITION|UP|c4b913a17b3cf8d9"", ""COMP|T4_REGIME_ANCHOR_TRANSITION|UP|fb3bd019e9449b37""]",EVENT_STREAM_JACCARD
NR-000541,UP,30m,2,0.95,COMP|T4_REGIME_ANCHOR_TRANSITION|UP|2f64cb90804f8f45,"[""COMP|T4_REGIME_ANCHOR_TRANSITION|UP|4020096cfaeb7bc8""]","[""COMP|T4_REGIME_ANCHOR_TRANSITION|UP|2f64cb90804f8f45"", ""COMP|T4_REGIME_ANCHOR_TRANSITION|UP|4020096cfaeb7bc8""]",EVENT_STREAM_JACCARD
NR-000542,UP,30m,2,0.95,COMP|T4_REGIME_ANCHOR_TRANSITION|UP|12b3c1f295b3cd7c,"[""COMP|T4_REGIME_ANCHOR_TRANSITION|UP|161aa92bd9b93d10""]","[""COMP|T4_REGIME_ANCHOR_TRANSITION|UP|12b3c1f295b3cd7c"", ""COMP|T4_REGIME_ANCHOR_TRANSITION|UP|161aa92bd9b93d10""]",EVENT_STREAM_JACCARD
NR-000543,UP,30m,7,0.95,COMP|T4_REGIME_ANCHOR_TRANSITION|UP|a0e1bea41b55e226,"[""COMP|T3_ANCHOR_TRANSITION|UP|98cb709cfff85394"", ""COMP|T4_REGIME_ANCHOR_TRANSITION|UP|034df3c1df2c5c4f"", ""COMP|T4_REGIME_ANCHOR_TRANSITION|UP|695f398e26230ae0"", ""COMP|T4_REGIME_ANCHOR_TRANSITION|UP|823c67b3fa76c94c"", ""COMP|T4_REGIME_ANCHOR_TRANSITION|UP|ae2d3c15957f32b7"", ""COMP|T4_REGIME_ANCHOR_TRANSITION|UP|c3bc37f1f4596016""]","[""COMP|T3_ANCHOR_TRANSITION|UP|98cb709cfff85394"", ""COMP|T4_REGIME_ANCHOR_TRANSITION|UP|034df3c1df2c5c4f"", ""COMP|T4_REGIME_ANCHOR_TRANSITION|UP|695f398e26230ae0"", ""COMP|T4_REGIME_ANCHOR_TRANSITION|UP|823c67b3fa76c94c"", ""COMP|T4_REGIME_ANCHOR_TRANSITION|UP|a0e1bea41b55e226"", ""COMP|T4_REGIME_ANCHOR_TRANSITION|UP|ae2d3c15957f32b7"", ""COMP|T4_REGIME_ANCHOR_TRANSITION|UP|c3bc37f1f4596016""]",EVENT_STREAM_JACCARD
NR-000544,UP,30m,2,0.95,COMP|T4_REGIME_ANCHOR_TRANSITION|UP|513c3ef5c5e3af4e,"[""COMP|T4_REGIME_ANCHOR_TRANSITION|UP|ca6346fea93fa138""]","[""COMP|T4_REGIME_ANCHOR_TRANSITION|UP|513c3ef5c5e3af4e"", ""COMP|T4_REGIME_ANCHOR_TRANSITION|UP|ca6346fea93fa138""]",EVENT_STREAM_JACCARD
NR-000545,UP,30m,8,0.95,COMP|T4_REGIME_ANCHOR_TRANSITION|UP|5890bc9b584b4e6e,"[""COMP|T3_ANCHOR_TRANSITION|UP|80ccafe54f7ef672"", ""COMP|T4_REGIME_ANCHOR_TRANSITION|UP|278444c2cd41c116"", ""COMP|T4_REGIME_ANCHOR_TRANSITION|UP|826c4f55fbed3826"", ""COMP|T4_REGIME_ANCHOR_TRANSITION|UP|82858319f1a3d888"", ""COMP|T4_REGIME_ANCHOR_TRANSITION|UP|d5a011e04cd1a23b"", ""COMP|T4_REGIME_ANCHOR_TRANSITION|UP|f5f5a8fd8b4c005c"", ""COMP|T4_REGIME_ANCHOR_TRANSITION|UP|ff41a122fa0de8fd""]","[""COMP|T3_ANCHOR_TRANSITION|UP|80ccafe54f7ef672"", ""COMP|T4_REGIME_ANCHOR_TRANSITION|UP|278444c2cd41c116"", ""COMP|T4_REGIME_ANCHOR_TRANSITION|UP|5890bc9b584b4e6e"", ""COMP|T4_REGIME_ANCHOR_TRANSITION|UP|826c4f55fbed3826"", ""COMP|T4_REGIME_ANCHOR_TRANSITION|UP|82858319f1a3d888"", ""COMP|T4_REGIME_ANCHOR_TRANSITION|UP|d5a011e04cd1a23b"", ""COMP|T4_REGIME_ANCHOR_TRANSITION|UP|f5f5a8fd8b4c005c"", ""COMP|T4_REGIME_ANCHOR_TRANSITION|UP|ff41a122fa0de8fd""]",EVENT_STREAM_JACCARD
NR-000546,UP,30m,6,0.95,COMP|T4_REGIME_ANCHOR_TRANSITION|UP|53f9a0e10065d0c3,"[""COMP|T3_ANCHOR_TRANSITION|UP|855b2cfa692f833e"", ""COMP|T4_REGIME_ANCHOR_TRANSITION|UP|0a68fa35361189ca"", ""COMP|T4_REGIME_ANCHOR_TRANSITION|UP|9a1da4bbe2de98ad"", ""COMP|T4_REGIME_ANCHOR_TRANSITION|UP|c2d5b69bc5cc5642"", ""COMP|T4_REGIME_ANCHOR_TRANSITION|UP|c44e3e09c9feccee""]","[""COMP|T3_ANCHOR_TRANSITION|UP|855b2cfa692f833e"", ""COMP|T4_REGIME_ANCHOR_TRANSITION|UP|0a68fa35361189ca"", ""COMP|T4_REGIME_ANCHOR_TRANSITION|UP|53f9a0e10065d0c3"", ""COMP|T4_REGIME_ANCHOR_TRANSITION|UP|9a1da4bbe2de98ad"", ""COMP|T4_REGIME_ANCHOR_TRANSITION|UP|c2d5b69bc5cc5642"", ""COMP|T4_REGIME_ANCHOR_TRANSITION|UP|c44e3e09c9feccee""]",EVENT_STREAM_JACCARD
NR-000547,UP,30m,7,0.95,COMP|T4_REGIME_ANCHOR_TRANSITION|UP|0d2630942ab433fa,"[""COMP|T3_ANCHOR_TRANSITION|UP|cbbb9059b23d91e6"", ""COMP|T4_REGIME_ANCHOR_TRANSITION|UP|040f7f03391330f6"", ""COMP|T4_REGIME_ANCHOR_TRANSITION|UP|07d5554c6913d22e"", ""COMP|T4_REGIME_ANCHOR_TRANSITION|UP|1b4a90aeacd7b811"", ""COMP|T4_REGIME_ANCHOR_TRANSITION|UP|c4e539d5cec7adbe"", ""COMP|T4_REGIME_ANCHOR_TRANSITION|UP|ee431df5d751a654""]","[""COMP|T3_ANCHOR_TRANSITION|UP|cbbb9059b23d91e6"", ""COMP|T4_REGIME_ANCHOR_TRANSITION|UP|040f7f03391330f6"", ""COMP|T4_REGIME_ANCHOR_TRANSITION|UP|07d5554c6913d22e"", ""COMP|T4_REGIME_ANCHOR_TRANSITION|UP|0d2630942ab433fa"", ""COMP|T4_REGIME_ANCHOR_TRANSITION|UP|1b4a90aeacd7b811"", ""COMP|T4_REGIME_ANCHOR_TRANSITION|UP|c4e539d5cec7adbe"", ""COMP|T4_REGIME_ANCHOR_TRANSITION|UP|ee431df5d751a654""]",EVENT_STREAM_JACCARD
NR-000548,UP,30m,8,0.95,COMP|T4_REGIME_ANCHOR_TRANSITION|UP|0edefed672cbb6df,"[""COMP|T3_ANCHOR_TRANSITION|UP|bf2547de8d5cd076"", ""COMP|T4_REGIME_ANCHOR_TRANSITION|UP|4b12dd2f48fe7dac"", ""COMP|T4_REGIME_ANCHOR_TRANSITION|UP|53042fc3d92761cd"", ""COMP|T4_REGIME_ANCHOR_TRANSITION|UP|670ad918b1103c05"", ""COMP|T4_REGIME_ANCHOR_TRANSITION|UP|8fc10aaf0bb30dba"", ""COMP|T4_REGIME_ANCHOR_TRANSITION|UP|9054ca5f8001c30f"", ""COMP|T4_REGIME_ANCHOR_TRANSITION|UP|dafc698a6659c2e4""]","[""COMP|T3_ANCHOR_TRANSITION|UP|bf2547de8d5cd076"", ""COMP|T4_REGIME_ANCHOR_TRANSITION|UP|0edefed672cbb6df"", ""COMP|T4_REGIME_ANCHOR_TRANSITION|UP|4b12dd2f48fe7dac"", ""COMP|T4_REGIME_ANCHOR_TRANSITION|UP|53042fc3d92761cd"", ""COMP|T4_REGIME_ANCHOR_TRANSITION|UP|670ad918b1103c05"", ""COMP|T4_REGIME_ANCHOR_TRANSITION|UP|8fc10aaf0bb30dba"", ""COMP|T4_REGIME_ANCHOR_TRANSITION|UP|9054ca5f8001c30f"", ""COMP|T4_REGIME_ANCHOR_TRANSITION|UP|dafc698a6659c2e4""]",EVENT_STREAM_JACCARD
NR-000549,UP,30m,8,0.95,COMP|T4_REGIME_ANCHOR_TRANSITION|UP|dac16c9ffb7f88bf,"[""COMP|T3_ANCHOR_TRANSITION|UP|a2b2d9308fe1701b"", ""COMP|T4_REGIME_ANCHOR_TRANSITION|UP|3eeb5645bda1c186"", ""COMP|T4_REGIME_ANCHOR_TRANSITION|UP|587babad12c32913"", ""COMP|T4_REGIME_ANCHOR_TRANSITION|UP|959810a8864c87a6"", ""COMP|T4_REGIME_ANCHOR_TRANSITION|UP|9885869dfb93e734"", ""COMP|T4_REGIME_ANCHOR_TRANSITION|UP|ab9b6ee0da22d701"", ""COMP|T4_REGIME_ANCHOR_TRANSITION|UP|f55abaf554b0dbeb""]","[""COMP|T3_ANCHOR_TRANSITION|UP|a2b2d9308fe1701b"", ""COMP|T4_REGIME_ANCHOR_TRANSITION|UP|3eeb5645bda1c186"", ""COMP|T4_REGIME_ANCHOR_TRANSITION|UP|587babad12c32913"", ""COMP|T4_REGIME_ANCHOR_TRANSITION|UP|959810a8864c87a6"", ""COMP|T4_REGIME_ANCHOR_TRANSITION|UP|9885869dfb93e734"", ""COMP|T4_REGIME_ANCHOR_TRANSITION|UP|ab9b6ee0da22d701"", ""COMP|T4_REGIME_ANCHOR_TRANSITION|UP|dac16c9ffb7f88bf"", ""COMP|T4_REGIME_ANCHOR_TRANSITION|UP|f55abaf554b0dbeb""]",EVENT_STREAM_JACCARD
NR-000550,UP,30m,2,0.95,COMP|T4_REGIME_ANCHOR_TRANSITION|UP|d2eee0c3d57fe68c,"[""COMP|T4_REGIME_ANCHOR_TRANSITION|UP|7fa36909abd475f9""]","[""COMP|T4_REGIME_ANCHOR_TRANSITION|UP|7fa36909abd475f9"", ""COMP|T4_REGIME_ANCHOR_TRANSITION|UP|d2eee0c3d57fe68c""]",EVENT_STREAM_JACCARD
NR-000551,UP,30m,8,0.95,COMP|T4_REGIME_ANCHOR_TRANSITION|UP|03f37cfa9fcc627b,"[""COMP|T3_ANCHOR_TRANSITION|UP|d48396fa3582433c"", ""COMP|T4_REGIME_ANCHOR_TRANSITION|UP|07482f8183c13ddf"", ""COMP|T4_REGIME_ANCHOR_TRANSITION|UP|196e74dd170b87a1"", ""COMP|T4_REGIME_ANCHOR_TRANSITION|UP|8695fb08efd3a202"", ""COMP|T4_REGIME_ANCHOR_TRANSITION|UP|9369633fe624ae6a"", ""COMP|T4_REGIME_ANCHOR_TRANSITION|UP|ae6c2e6f49625316"", ""COMP|T4_REGIME_ANCHOR_TRANSITION|UP|b90087015c0d1085""]","[""COMP|T3_ANCHOR_TRANSITION|UP|d48396fa3582433c"", ""COMP|T4_REGIME_ANCHOR_TRANSITION|UP|03f37cfa9fcc627b"", ""COMP|T4_REGIME_ANCHOR_TRANSITION|UP|07482f8183c13ddf"", ""COMP|T4_REGIME_ANCHOR_TRANSITION|UP|196e74dd170b87a1"", ""COMP|T4_REGIME_ANCHOR_TRANSITION|UP|8695fb08efd3a202"", ""COMP|T4_REGIME_ANCHOR_TRANSITION|UP|9369633fe624ae6a"", ""COMP|T4_REGIME_ANCHOR_TRANSITION|UP|ae6c2e6f49625316"", ""COMP|T4_REGIME_ANCHOR_TRANSITION|UP|b90087015c0d1085""]",EVENT_STREAM_JACCARD
NR-000552,UP,30m,7,0.95,COMP|T4_REGIME_ANCHOR_TRANSITION|UP|8de07773b8b725dd,"[""COMP|T3_ANCHOR_TRANSITION|UP|b08a68b20d5510df"", ""COMP|T4_REGIME_ANCHOR_TRANSITION|UP|018a7a235629537a"", ""COMP|T4_REGIME_ANCHOR_TRANSITION|UP|96e864292e15b4f0"", ""COMP|T4_REGIME_ANCHOR_TRANSITION|UP|bcd7107e736141b1"", ""COMP|T4_REGIME_ANCHOR_TRANSITION|UP|c0d20fd74f86a211"", ""COMP|T4_REGIME_ANCHOR_TRANSITION|UP|cb02dde0f5d628c6""]","[""COMP|T3_ANCHOR_TRANSITION|UP|b08a68b20d5510df"", ""COMP|T4_REGIME_ANCHOR_TRANSITION|UP|018a7a235629537a"", ""COMP|T4_REGIME_ANCHOR_TRANSITION|UP|8de07773b8b725dd"", ""COMP|T4_REGIME_ANCHOR_TRANSITION|UP|96e864292e15b4f0"", ""COMP|T4_REGIME_ANCHOR_TRANSITION|UP|bcd7107e736141b1"", ""COMP|T4_REGIME_ANCHOR_TRANSITION|UP|c0d20fd74f86a211"", ""COMP|T4_REGIME_ANCHOR_TRANSITION|UP|cb02dde0f5d628c6""]",EVENT_STREAM_JACCARD
NR-000553,UP,30m,6,0.95,COMP|T4_REGIME_ANCHOR_TRANSITION|UP|cee6c6671e91685f,"[""COMP|T3_ANCHOR_TRANSITION|UP|a1207ae1f969e74a"", ""COMP|T4_REGIME_ANCHOR_TRANSITION|UP|516eb8cd6e6519c7"", ""COMP|T4_REGIME_ANCHOR_TRANSITION|UP|592a8dad30ea837c"", ""COMP|T4_REGIME_ANCHOR_TRANSITION|UP|d3bbe8e6ce5e4133"", ""COMP|T4_REGIME_ANCHOR_TRANSITION|UP|d8d8be9d0434793a""]","[""COMP|T3_ANCHOR_TRANSITION|UP|a1207ae1f969e74a"", ""COMP|T4_REGIME_ANCHOR_TRANSITION|UP|516eb8cd6e6519c7"", ""COMP|T4_REGIME_ANCHOR_TRANSITION|UP|592a8dad30ea837c"", ""COMP|T4_REGIME_ANCHOR_TRANSITION|UP|cee6c6671e91685f"", ""COMP|T4_REGIME_ANCHOR_TRANSITION|UP|d3bbe8e6ce5e4133"", ""COMP|T4_REGIME_ANCHOR_TRANSITION|UP|d8d8be9d0434793a""]",EVENT_STREAM_JACCARD
NR-000554,UP,30m,7,0.95,COMP|T4_REGIME_ANCHOR_TRANSITION|UP|f7ab5ede8feab068,"[""COMP|T3_ANCHOR_TRANSITION|UP|6c7e832d97368e88"", ""COMP|T4_REGIME_ANCHOR_TRANSITION|UP|1510e261115cfbbe"", ""COMP|T4_REGIME_ANCHOR_TRANSITION|UP|1f5f9c296b3a27de"", ""COMP|T4_REGIME_ANCHOR_TRANSITION|UP|55885c4040c77a52"", ""COMP|T4_REGIME_ANCHOR_TRANSITION|UP|94a2a00b417a4aa5"", ""COMP|T4_REGIME_ANCHOR_TRANSITION|UP|e6cda6f45939f6c3""]","[""COMP|T3_ANCHOR_TRANSITION|UP|6c7e832d97368e88"", ""COMP|T4_REGIME_ANCHOR_TRANSITION|UP|1510e261115cfbbe"", ""COMP|T4_REGIME_ANCHOR_TRANSITION|UP|1f5f9c296b3a27de"", ""COMP|T4_REGIME_ANCHOR_TRANSITION|UP|55885c4040c77a52"", ""COMP|T4_REGIME_ANCHOR_TRANSITION|UP|94a2a00b417a4aa5"", ""COMP|T4_REGIME_ANCHOR_TRANSITION|UP|e6cda6f45939f6c3"", ""COMP|T4_REGIME_ANCHOR_TRANSITION|UP|f7ab5ede8feab068""]",EVENT_STREAM_JACCARD
NR-000555,UP,30m,2,0.95,COMP|T4_REGIME_ANCHOR_TRANSITION|UP|858e24674c9366c1,"[""COMP|T4_REGIME_ANCHOR_TRANSITION|UP|58e49f0bccbbdf21""]","[""COMP|T4_REGIME_ANCHOR_TRANSITION|UP|58e49f0bccbbdf21"", ""COMP|T4_REGIME_ANCHOR_TRANSITION|UP|858e24674c9366c1""]",EVENT_STREAM_JACCARD
NR-000556,UP,30m,2,0.95,COMP|T4_REGIME_ANCHOR_TRANSITION|UP|afd75a4a148e4e65,"[""COMP|T4_REGIME_ANCHOR_TRANSITION|UP|7c4c9672f903ba09""]","[""COMP|T4_REGIME_ANCHOR_TRANSITION|UP|7c4c9672f903ba09"", ""COMP|T4_REGIME_ANCHOR_TRANSITION|UP|afd75a4a148e4e65""]",EVENT_STREAM_JACCARD
NR-000557,UP,30m,8,0.95,COMP|T4_REGIME_ANCHOR_TRANSITION|UP|e617b033917c35fd,"[""COMP|T3_ANCHOR_TRANSITION|UP|8e9f1868b5f2d3b2"", ""COMP|T4_REGIME_ANCHOR_TRANSITION|UP|39b4ba2fd424312c"", ""COMP|T4_REGIME_ANCHOR_TRANSITION|UP|4c8958c49e122b20"", ""COMP|T4_REGIME_ANCHOR_TRANSITION|UP|662fd61729ddbb85"", ""COMP|T4_REGIME_ANCHOR_TRANSITION|UP|6a736136ae79c50a"", ""COMP|T4_REGIME_ANCHOR_TRANSITION|UP|93406dd4120347c1"", ""COMP|T4_REGIME_ANCHOR_TRANSITION|UP|ce1ec15f027a6967""]","[""COMP|T3_ANCHOR_TRANSITION|UP|8e9f1868b5f2d3b2"", ""COMP|T4_REGIME_ANCHOR_TRANSITION|UP|39b4ba2fd424312c"", ""COMP|T4_REGIME_ANCHOR_TRANSITION|UP|4c8958c49e122b20"", ""COMP|T4_REGIME_ANCHOR_TRANSITION|UP|662fd61729ddbb85"", ""COMP|T4_REGIME_ANCHOR_TRANSITION|UP|6a736136ae79c50a"", ""COMP|T4_REGIME_ANCHOR_TRANSITION|UP|93406dd4120347c1"", ""COMP|T4_REGIME_ANCHOR_TRANSITION|UP|ce1ec15f027a6967"", ""COMP|T4_REGIME_ANCHOR_TRANSITION|UP|e617b033917c35fd""]",EVENT_STREAM_JACCARD
NR-000558,UP,30m,7,0.95,COMP|T4_REGIME_ANCHOR_TRANSITION|UP|bed30447618d7dfd,"[""COMP|T3_ANCHOR_TRANSITION|UP|206ee52d9ff02121"", ""COMP|T4_REGIME_ANCHOR_TRANSITION|UP|4c68a77d56a999c7"", ""COMP|T4_REGIME_ANCHOR_TRANSITION|UP|a42fe30f7936e6e5"", ""COMP|T4_REGIME_ANCHOR_TRANSITION|UP|b66adb7f984ebab1"", ""COMP|T4_REGIME_ANCHOR_TRANSITION|UP|e084e0050e6bd34f"", ""COMP|T4_REGIME_ANCHOR_TRANSITION|UP|e6beaee613a5766f""]","[""COMP|T3_ANCHOR_TRANSITION|UP|206ee52d9ff02121"", ""COMP|T4_REGIME_ANCHOR_TRANSITION|UP|4c68a77d56a999c7"", ""COMP|T4_REGIME_ANCHOR_TRANSITION|UP|a42fe30f7936e6e5"", ""COMP|T4_REGIME_ANCHOR_TRANSITION|UP|b66adb7f984ebab1"", ""COMP|T4_REGIME_ANCHOR_TRANSITION|UP|bed30447618d7dfd"", ""COMP|T4_REGIME_ANCHOR_TRANSITION|UP|e084e0050e6bd34f"", ""COMP|T4_REGIME_ANCHOR_TRANSITION|UP|e6beaee613a5766f""]",EVENT_STREAM_JACCARD
NR-000559,UP,30m,2,0.95,COMP|T4_REGIME_ANCHOR_TRANSITION|UP|6df67af6eb57c861,"[""COMP|T4_REGIME_ANCHOR_TRANSITION|UP|2191d34650fc87ab""]","[""COMP|T4_REGIME_ANCHOR_TRANSITION|UP|2191d34650fc87ab"", ""COMP|T4_REGIME_ANCHOR_TRANSITION|UP|6df67af6eb57c861""]",EVENT_STREAM_JACCARD
NR-000560,UP,30m,8,0.95,COMP|T4_REGIME_ANCHOR_TRANSITION|UP|50e772bfa0954ac5,"[""COMP|T3_ANCHOR_TRANSITION|UP|0f29efc736db1a7e"", ""COMP|T4_REGIME_ANCHOR_TRANSITION|UP|2933bc907bc49c7e"", ""COMP|T4_REGIME_ANCHOR_TRANSITION|UP|5e2e3433bc07d187"", ""COMP|T4_REGIME_ANCHOR_TRANSITION|UP|c641b0294c129352"", ""COMP|T4_REGIME_ANCHOR_TRANSITION|UP|c82ec63d0c658872"", ""COMP|T4_REGIME_ANCHOR_TRANSITION|UP|f5171d48769f6f7e"", ""COMP|T4_REGIME_ANCHOR_TRANSITION|UP|fea775ff6430a367""]","[""COMP|T3_ANCHOR_TRANSITION|UP|0f29efc736db1a7e"", ""COMP|T4_REGIME_ANCHOR_TRANSITION|UP|2933bc907bc49c7e"", ""COMP|T4_REGIME_ANCHOR_TRANSITION|UP|50e772bfa0954ac5"", ""COMP|T4_REGIME_ANCHOR_TRANSITION|UP|5e2e3433bc07d187"", ""COMP|T4_REGIME_ANCHOR_TRANSITION|UP|c641b0294c129352"", ""COMP|T4_REGIME_ANCHOR_TRANSITION|UP|c82ec63d0c658872"", ""COMP|T4_REGIME_ANCHOR_TRANSITION|UP|f5171d48769f6f7e"", ""COMP|T4_REGIME_ANCHOR_TRANSITION|UP|fea775ff6430a367""]",EVENT_STREAM_JACCARD
NR-000561,UP,30m,8,0.95,COMP|T4_REGIME_ANCHOR_TRANSITION|UP|b78f439be3b1c6c4,"[""COMP|T3_ANCHOR_TRANSITION|UP|907531794c679e0f"", ""COMP|T4_REGIME_ANCHOR_TRANSITION|UP|030e2c420fe6b0d2"", ""COMP|T4_REGIME_ANCHOR_TRANSITION|UP|248e427aa2d573ca"", ""COMP|T4_REGIME_ANCHOR_TRANSITION|UP|54b7c68cf771a98c"", ""COMP|T4_REGIME_ANCHOR_TRANSITION|UP|5b0074ef8527800c"", ""COMP|T4_REGIME_ANCHOR_TRANSITION|UP|8edc47ad5a2e1aa6"", ""COMP|T4_REGIME_ANCHOR_TRANSITION|UP|f0472e1030cdfdb5""]","[""COMP|T3_ANCHOR_TRANSITION|UP|907531794c679e0f"", ""COMP|T4_REGIME_ANCHOR_TRANSITION|UP|030e2c420fe6b0d2"", ""COMP|T4_REGIME_ANCHOR_TRANSITION|UP|248e427aa2d573ca"", ""COMP|T4_REGIME_ANCHOR_TRANSITION|UP|54b7c68cf771a98c"", ""COMP|T4_REGIME_ANCHOR_TRANSITION|UP|5b0074ef8527800c"", ""COMP|T4_REGIME_ANCHOR_TRANSITION|UP|8edc47ad5a2e1aa6"", ""COMP|T4_REGIME_ANCHOR_TRANSITION|UP|b78f439be3b1c6c4"", ""COMP|T4_REGIME_ANCHOR_TRANSITION|UP|f0472e1030cdfdb5""]",EVENT_STREAM_JACCARD
NR-000562,UP,30m,8,0.95,COMP|T4_REGIME_ANCHOR_TRANSITION|UP|178513f923e0cd06,"[""COMP|T3_ANCHOR_TRANSITION|UP|881f61a69b5f3a7a"", ""COMP|T4_REGIME_ANCHOR_TRANSITION|UP|1bf766b1ed818604"", ""COMP|T4_REGIME_ANCHOR_TRANSITION|UP|1df9813845e621e9"", ""COMP|T4_REGIME_ANCHOR_TRANSITION|UP|8cf1cdca819b0adf"", ""COMP|T4_REGIME_ANCHOR_TRANSITION|UP|bf1b0067afdff131"", ""COMP|T4_REGIME_ANCHOR_TRANSITION|UP|e0b437572ef828ac"", ""COMP|T4_REGIME_ANCHOR_TRANSITION|UP|e3512e7849173b89""]","[""COMP|T3_ANCHOR_TRANSITION|UP|881f61a69b5f3a7a"", ""COMP|T4_REGIME_ANCHOR_TRANSITION|UP|178513f923e0cd06"", ""COMP|T4_REGIME_ANCHOR_TRANSITION|UP|1bf766b1ed818604"", ""COMP|T4_REGIME_ANCHOR_TRANSITION|UP|1df9813845e621e9"", ""COMP|T4_REGIME_ANCHOR_TRANSITION|UP|8cf1cdca819b0adf"", ""COMP|T4_REGIME_ANCHOR_TRANSITION|UP|bf1b0067afdff131"", ""COMP|T4_REGIME_ANCHOR_TRANSITION|UP|e0b437572ef828ac"", ""COMP|T4_REGIME_ANCHOR_TRANSITION|UP|e3512e7849173b89""]",EVENT_STREAM_JACCARD
NR-000563,UP,30m,7,0.95,COMP|T4_REGIME_ANCHOR_TRANSITION|UP|7e361761284a6cc1,"[""COMP|T3_ANCHOR_TRANSITION|UP|6d837510b901835b"", ""COMP|T4_REGIME_ANCHOR_TRANSITION|UP|5b542d195c5d3678"", ""COMP|T4_REGIME_ANCHOR_TRANSITION|UP|65a1c4a3cdca49dd"", ""COMP|T4_REGIME_ANCHOR_TRANSITION|UP|70f117b59af64103"", ""COMP|T4_REGIME_ANCHOR_TRANSITION|UP|7e738ddadd6d7f52"", ""COMP|T4_REGIME_ANCHOR_TRANSITION|UP|937aafd41315e07d""]","[""COMP|T3_ANCHOR_TRANSITION|UP|6d837510b901835b"", ""COMP|T4_REGIME_ANCHOR_TRANSITION|UP|5b542d195c5d3678"", ""COMP|T4_REGIME_ANCHOR_TRANSITION|UP|65a1c4a3cdca49dd"", ""COMP|T4_REGIME_ANCHOR_TRANSITION|UP|70f117b59af64103"", ""COMP|T4_REGIME_ANCHOR_TRANSITION|UP|7e361761284a6cc1"", ""COMP|T4_REGIME_ANCHOR_TRANSITION|UP|7e738ddadd6d7f52"", ""COMP|T4_REGIME_ANCHOR_TRANSITION|UP|937aafd41315e07d""]",EVENT_STREAM_JACCARD
NR-000564,UP,30m,2,0.95,COMP|T4_REGIME_ANCHOR_TRANSITION|UP|3314f3c3a4bd226e,"[""COMP|T4_REGIME_ANCHOR_TRANSITION|UP|ffa3b47843763784""]","[""COMP|T4_REGIME_ANCHOR_TRANSITION|UP|3314f3c3a4bd226e"", ""COMP|T4_REGIME_ANCHOR_TRANSITION|UP|ffa3b47843763784""]",EVENT_STREAM_JACCARD
NR-000565,UP,30m,8,0.95,COMP|T4_REGIME_ANCHOR_TRANSITION|UP|86c7a530d0026d4f,"[""COMP|T3_ANCHOR_TRANSITION|UP|42dc6348b26125c8"", ""COMP|T4_REGIME_ANCHOR_TRANSITION|UP|051aacb534a671c9"", ""COMP|T4_REGIME_ANCHOR_TRANSITION|UP|0551b478c2ee3630"", ""COMP|T4_REGIME_ANCHOR_TRANSITION|UP|814f81bb97789ef3"", ""COMP|T4_REGIME_ANCHOR_TRANSITION|UP|9ca4a2d4e83b8f78"", ""COMP|T4_REGIME_ANCHOR_TRANSITION|UP|bd1e314f09ec6fd1"", ""COMP|T4_REGIME_ANCHOR_TRANSITION|UP|e5bb083d7766ac89""]","[""COMP|T3_ANCHOR_TRANSITION|UP|42dc6348b26125c8"", ""COMP|T4_REGIME_ANCHOR_TRANSITION|UP|051aacb534a671c9"", ""COMP|T4_REGIME_ANCHOR_TRANSITION|UP|0551b478c2ee3630"", ""COMP|T4_REGIME_ANCHOR_TRANSITION|UP|814f81bb97789ef3"", ""COMP|T4_REGIME_ANCHOR_TRANSITION|UP|86c7a530d0026d4f"", ""COMP|T4_REGIME_ANCHOR_TRANSITION|UP|9ca4a2d4e83b8f78"", ""COMP|T4_REGIME_ANCHOR_TRANSITION|UP|bd1e314f09ec6fd1"", ""COMP|T4_REGIME_ANCHOR_TRANSITION|UP|e5bb083d7766ac89""]",EVENT_STREAM_JACCARD
NR-000566,UP,30m,8,0.95,COMP|T4_REGIME_ANCHOR_TRANSITION|UP|69bff6795881800b,"[""COMP|T3_ANCHOR_TRANSITION|UP|8d2d4f353f6364e2"", ""COMP|T4_REGIME_ANCHOR_TRANSITION|UP|4352009803831ced"", ""COMP|T4_REGIME_ANCHOR_TRANSITION|UP|55ba60434c64b966"", ""COMP|T4_REGIME_ANCHOR_TRANSITION|UP|91e7c078f6e95c25"", ""COMP|T4_REGIME_ANCHOR_TRANSITION|UP|b1afc3fcd9e65f34"", ""COMP|T4_REGIME_ANCHOR_TRANSITION|UP|d9094b653c7e2873"", ""COMP|T4_REGIME_ANCHOR_TRANSITION|UP|eaf98ba984dbf466""]","[""COMP|T3_ANCHOR_TRANSITION|UP|8d2d4f353f6364e2"", ""COMP|T4_REGIME_ANCHOR_TRANSITION|UP|4352009803831ced"", ""COMP|T4_REGIME_ANCHOR_TRANSITION|UP|55ba60434c64b966"", ""COMP|T4_REGIME_ANCHOR_TRANSITION|UP|69bff6795881800b"", ""COMP|T4_REGIME_ANCHOR_TRANSITION|UP|91e7c078f6e95c25"", ""COMP|T4_REGIME_ANCHOR_TRANSITION|UP|b1afc3fcd9e65f34"", ""COMP|T4_REGIME_ANCHOR_TRANSITION|UP|d9094b653c7e2873"", ""COMP|T4_REGIME_ANCHOR_TRANSITION|UP|eaf98ba984dbf466""]",EVENT_STREAM_JACCARD
NR-000567,UP,30m,8,0.95,COMP|T4_REGIME_ANCHOR_TRANSITION|UP|7bfcce6a10f87209,"[""COMP|T3_ANCHOR_TRANSITION|UP|f95f4172f806e2e2"", ""COMP|T4_REGIME_ANCHOR_TRANSITION|UP|1b2e307762ea099d"", ""COMP|T4_REGIME_ANCHOR_TRANSITION|UP|2f0ebeae86b5ebc6"", ""COMP|T4_REGIME_ANCHOR_TRANSITION|UP|53251c1b2a3de29e"", ""COMP|T4_REGIME_ANCHOR_TRANSITION|UP|992b887df371f2c3"", ""COMP|T4_REGIME_ANCHOR_TRANSITION|UP|a599f26f8c094b2f"", ""COMP|T4_REGIME_ANCHOR_TRANSITION|UP|db6e01be197b8aff""]","[""COMP|T3_ANCHOR_TRANSITION|UP|f95f4172f806e2e2"", ""COMP|T4_REGIME_ANCHOR_TRANSITION|UP|1b2e307762ea099d"", ""COMP|T4_REGIME_ANCHOR_TRANSITION|UP|2f0ebeae86b5ebc6"", ""COMP|T4_REGIME_ANCHOR_TRANSITION|UP|53251c1b2a3de29e"", ""COMP|T4_REGIME_ANCHOR_TRANSITION|UP|7bfcce6a10f87209"", ""COMP|T4_REGIME_ANCHOR_TRANSITION|UP|992b887df371f2c3"", ""COMP|T4_REGIME_ANCHOR_TRANSITION|UP|a599f26f8c094b2f"", ""COMP|T4_REGIME_ANCHOR_TRANSITION|UP|db6e01be197b8aff""]",EVENT_STREAM_JACCARD
NR-000568,UP,30m,8,0.95,COMP|T4_REGIME_ANCHOR_TRANSITION|UP|725933638fef54dd,"[""COMP|T3_ANCHOR_TRANSITION|UP|2ff2f10b2291b0d3"", ""COMP|T4_REGIME_ANCHOR_TRANSITION|UP|5ac7930aaaf63834"", ""COMP|T4_REGIME_ANCHOR_TRANSITION|UP|7218c1e61ffa1187"", ""COMP|T4_REGIME_ANCHOR_TRANSITION|UP|76c687d751b987be"", ""COMP|T4_REGIME_ANCHOR_TRANSITION|UP|a966837992f288c0"", ""COMP|T4_REGIME_ANCHOR_TRANSITION|UP|bcb85c2d5a1f40ad"", ""COMP|T4_REGIME_ANCHOR_TRANSITION|UP|bd8de9bdd5fd098c""]","[""COMP|T3_ANCHOR_TRANSITION|UP|2ff2f10b2291b0d3"", ""COMP|T4_REGIME_ANCHOR_TRANSITION|UP|5ac7930aaaf63834"", ""COMP|T4_REGIME_ANCHOR_TRANSITION|UP|7218c1e61ffa1187"", ""COMP|T4_REGIME_ANCHOR_TRANSITION|UP|725933638fef54dd"", ""COMP|T4_REGIME_ANCHOR_TRANSITION|UP|76c687d751b987be"", ""COMP|T4_REGIME_ANCHOR_TRANSITION|UP|a966837992f288c0"", ""COMP|T4_REGIME_ANCHOR_TRANSITION|UP|bcb85c2d5a1f40ad"", ""COMP|T4_REGIME_ANCHOR_TRANSITION|UP|bd8de9bdd5fd098c""]",EVENT_STREAM_JACCARD
NR-000569,UP,30m,8,0.95,COMP|T4_REGIME_ANCHOR_TRANSITION|UP|9c6904d452a7eab4,"[""COMP|T3_ANCHOR_TRANSITION|UP|09fe898708af9e31"", ""COMP|T4_REGIME_ANCHOR_TRANSITION|UP|0b71627765c0be55"", ""COMP|T4_REGIME_ANCHOR_TRANSITION|UP|3e99273b6f8858fb"", ""COMP|T4_REGIME_ANCHOR_TRANSITION|UP|a1f8049e3b398942"", ""COMP|T4_REGIME_ANCHOR_TRANSITION|UP|a925248a94af304c"", ""COMP|T4_REGIME_ANCHOR_TRANSITION|UP|aeaa8fd899394cb4"", ""COMP|T4_REGIME_ANCHOR_TRANSITION|UP|c08fee4520ab8bf4""]","[""COMP|T3_ANCHOR_TRANSITION|UP|09fe898708af9e31"", ""COMP|T4_REGIME_ANCHOR_TRANSITION|UP|0b71627765c0be55"", ""COMP|T4_REGIME_ANCHOR_TRANSITION|UP|3e99273b6f8858fb"", ""COMP|T4_REGIME_ANCHOR_TRANSITION|UP|9c6904d452a7eab4"", ""COMP|T4_REGIME_ANCHOR_TRANSITION|UP|a1f8049e3b398942"", ""COMP|T4_REGIME_ANCHOR_TRANSITION|UP|a925248a94af304c"", ""COMP|T4_REGIME_ANCHOR_TRANSITION|UP|aeaa8fd899394cb4"", ""COMP|T4_REGIME_ANCHOR_TRANSITION|UP|c08fee4520ab8bf4""]",EVENT_STREAM_JACCARD
NR-000570,UP,30m,8,0.95,COMP|T4_REGIME_ANCHOR_TRANSITION|UP|a9855120583752cf,"[""COMP|T3_ANCHOR_TRANSITION|UP|15e1ac4dd32291ed"", ""COMP|T4_REGIME_ANCHOR_TRANSITION|UP|310aee854eb207bb"", ""COMP|T4_REGIME_ANCHOR_TRANSITION|UP|4b592d34a9b26192"", ""COMP|T4_REGIME_ANCHOR_TRANSITION|UP|8895b4fb1a1cb457"", ""COMP|T4_REGIME_ANCHOR_TRANSITION|UP|8f0e6629b997aaa2"", ""COMP|T4_REGIME_ANCHOR_TRANSITION|UP|9c79097629ae234a"", ""COMP|T4_REGIME_ANCHOR_TRANSITION|UP|e3383dd93e496968""]","[""COMP|T3_ANCHOR_TRANSITION|UP|15e1ac4dd32291ed"", ""COMP|T4_REGIME_ANCHOR_TRANSITION|UP|310aee854eb207bb"", ""COMP|T4_REGIME_ANCHOR_TRANSITION|UP|4b592d34a9b26192"", ""COMP|T4_REGIME_ANCHOR_TRANSITION|UP|8895b4fb1a1cb457"", ""COMP|T4_REGIME_ANCHOR_TRANSITION|UP|8f0e6629b997aaa2"", ""COMP|T4_REGIME_ANCHOR_TRANSITION|UP|9c79097629ae234a"", ""COMP|T4_REGIME_ANCHOR_TRANSITION|UP|a9855120583752cf"", ""COMP|T4_REGIME_ANCHOR_TRANSITION|UP|e3383dd93e496968""]",EVENT_STREAM_JACCARD
NR-000571,UP,30m,8,0.95,COMP|T4_REGIME_ANCHOR_TRANSITION|UP|1943c57e43a562a2,"[""COMP|T3_ANCHOR_TRANSITION|UP|0e18e27118b9e00f"", ""COMP|T4_REGIME_ANCHOR_TRANSITION|UP|2f2610db39939b09"", ""COMP|T4_REGIME_ANCHOR_TRANSITION|UP|480abbc0f027fc88"", ""COMP|T4_REGIME_ANCHOR_TRANSITION|UP|9033734d026680b2"", ""COMP|T4_REGIME_ANCHOR_TRANSITION|UP|a46bc2d1c6a9e528"", ""COMP|T4_REGIME_ANCHOR_TRANSITION|UP|c9f66f72cbd6135f"", ""COMP|T4_REGIME_ANCHOR_TRANSITION|UP|cd23626883c90394""]","[""COMP|T3_ANCHOR_TRANSITION|UP|0e18e27118b9e00f"", ""COMP|T4_REGIME_ANCHOR_TRANSITION|UP|1943c57e43a562a2"", ""COMP|T4_REGIME_ANCHOR_TRANSITION|UP|2f2610db39939b09"", ""COMP|T4_REGIME_ANCHOR_TRANSITION|UP|480abbc0f027fc88"", ""COMP|T4_REGIME_ANCHOR_TRANSITION|UP|9033734d026680b2"", ""COMP|T4_REGIME_ANCHOR_TRANSITION|UP|a46bc2d1c6a9e528"", ""COMP|T4_REGIME_ANCHOR_TRANSITION|UP|c9f66f72cbd6135f"", ""COMP|T4_REGIME_ANCHOR_TRANSITION|UP|cd23626883c90394""]",EVENT_STREAM_JACCARD
NR-000572,UP,30m,8,0.95,COMP|T4_REGIME_ANCHOR_TRANSITION|UP|b611bdfc0af40f6d,"[""COMP|T3_ANCHOR_TRANSITION|UP|5c5d76bc5193907e"", ""COMP|T4_REGIME_ANCHOR_TRANSITION|UP|385d0f421886f4aa"", ""COMP|T4_REGIME_ANCHOR_TRANSITION|UP|78975179483ec402"", ""COMP|T4_REGIME_ANCHOR_TRANSITION|UP|90da32327a5d8196"", ""COMP|T4_REGIME_ANCHOR_TRANSITION|UP|96af3f7ecb0c82f9"", ""COMP|T4_REGIME_ANCHOR_TRANSITION|UP|d0c5a92fd1df84eb"", ""COMP|T4_REGIME_ANCHOR_TRANSITION|UP|ea566c7fbdd6d0e4""]","[""COMP|T3_ANCHOR_TRANSITION|UP|5c5d76bc5193907e"", ""COMP|T4_REGIME_ANCHOR_TRANSITION|UP|385d0f421886f4aa"", ""COMP|T4_REGIME_ANCHOR_TRANSITION|UP|78975179483ec402"", ""COMP|T4_REGIME_ANCHOR_TRANSITION|UP|90da32327a5d8196"", ""COMP|T4_REGIME_ANCHOR_TRANSITION|UP|96af3f7ecb0c82f9"", ""COMP|T4_REGIME_ANCHOR_TRANSITION|UP|b611bdfc0af40f6d"", ""COMP|T4_REGIME_ANCHOR_TRANSITION|UP|d0c5a92fd1df84eb"", ""COMP|T4_REGIME_ANCHOR_TRANSITION|UP|ea566c7fbdd6d0e4""]",EVENT_STREAM_JACCARD
NR-000573,UP,30m,8,0.95,COMP|T4_REGIME_ANCHOR_TRANSITION|UP|90dceb061075633a,"[""COMP|T3_ANCHOR_TRANSITION|UP|472973c21de2b0c5"", ""COMP|T4_REGIME_ANCHOR_TRANSITION|UP|0d02ac3ef368443a"", ""COMP|T4_REGIME_ANCHOR_TRANSITION|UP|265bceed5c12f573"", ""COMP|T4_REGIME_ANCHOR_TRANSITION|UP|37da2e4182c65625"", ""COMP|T4_REGIME_ANCHOR_TRANSITION|UP|5cfc7d5a5e7de509"", ""COMP|T4_REGIME_ANCHOR_TRANSITION|UP|7eb8d0610d69a2a0"", ""COMP|T4_REGIME_ANCHOR_TRANSITION|UP|caed39587a07793c""]","[""COMP|T3_ANCHOR_TRANSITION|UP|472973c21de2b0c5"", ""COMP|T4_REGIME_ANCHOR_TRANSITION|UP|0d02ac3ef368443a"", ""COMP|T4_REGIME_ANCHOR_TRANSITION|UP|265bceed5c12f573"", ""COMP|T4_REGIME_ANCHOR_TRANSITION|UP|37da2e4182c65625"", ""COMP|T4_REGIME_ANCHOR_TRANSITION|UP|5cfc7d5a5e7de509"", ""COMP|T4_REGIME_ANCHOR_TRANSITION|UP|7eb8d0610d69a2a0"", ""COMP|T4_REGIME_ANCHOR_TRANSITION|UP|90dceb061075633a"", ""COMP|T4_REGIME_ANCHOR_TRANSITION|UP|caed39587a07793c""]",EVENT_STREAM_JACCARD
NR-000574,UP,30m,8,0.95,COMP|T4_REGIME_ANCHOR_TRANSITION|UP|57e6fc8d8a03126a,"[""COMP|T3_ANCHOR_TRANSITION|UP|ecbc858a92bdc270"", ""COMP|T4_REGIME_ANCHOR_TRANSITION|UP|14ff7513a21bb9a3"", ""COMP|T4_REGIME_ANCHOR_TRANSITION|UP|3efd32dc6cb46861"", ""COMP|T4_REGIME_ANCHOR_TRANSITION|UP|3fdf9655db8484c5"", ""COMP|T4_REGIME_ANCHOR_TRANSITION|UP|8d69d5957c430349"", ""COMP|T4_REGIME_ANCHOR_TRANSITION|UP|8f339c6cf250daf7"", ""COMP|T4_REGIME_ANCHOR_TRANSITION|UP|b3498e702d033918""]","[""COMP|T3_ANCHOR_TRANSITION|UP|ecbc858a92bdc270"", ""COMP|T4_REGIME_ANCHOR_TRANSITION|UP|14ff7513a21bb9a3"", ""COMP|T4_REGIME_ANCHOR_TRANSITION|UP|3efd32dc6cb46861"", ""COMP|T4_REGIME_ANCHOR_TRANSITION|UP|3fdf9655db8484c5"", ""COMP|T4_REGIME_ANCHOR_TRANSITION|UP|57e6fc8d8a03126a"", ""COMP|T4_REGIME_ANCHOR_TRANSITION|UP|8d69d5957c430349"", ""COMP|T4_REGIME_ANCHOR_TRANSITION|UP|8f339c6cf250daf7"", ""COMP|T4_REGIME_ANCHOR_TRANSITION|UP|b3498e702d033918""]",EVENT_STREAM_JACCARD
NR-000575,UP,30m,8,0.95,COMP|T4_REGIME_ANCHOR_TRANSITION|UP|3f1671b4d2f00c7a,"[""COMP|T3_ANCHOR_TRANSITION|UP|4718a379ea5542dc"", ""COMP|T4_REGIME_ANCHOR_TRANSITION|UP|13af4d02fa7bfa56"", ""COMP|T4_REGIME_ANCHOR_TRANSITION|UP|18ca0aa231e7b416"", ""COMP|T4_REGIME_ANCHOR_TRANSITION|UP|353efe58fbc9d320"", ""COMP|T4_REGIME_ANCHOR_TRANSITION|UP|4d7712191c0ecd83"", ""COMP|T4_REGIME_ANCHOR_TRANSITION|UP|6627c875455c6b74"", ""COMP|T4_REGIME_ANCHOR_TRANSITION|UP|b3ff3e6817d3c8f0""]","[""COMP|T3_ANCHOR_TRANSITION|UP|4718a379ea5542dc"", ""COMP|T4_REGIME_ANCHOR_TRANSITION|UP|13af4d02fa7bfa56"", ""COMP|T4_REGIME_ANCHOR_TRANSITION|UP|18ca0aa231e7b416"", ""COMP|T4_REGIME_ANCHOR_TRANSITION|UP|353efe58fbc9d320"", ""COMP|T4_REGIME_ANCHOR_TRANSITION|UP|3f1671b4d2f00c7a"", ""COMP|T4_REGIME_ANCHOR_TRANSITION|UP|4d7712191c0ecd83"", ""COMP|T4_REGIME_ANCHOR_TRANSITION|UP|6627c875455c6b74"", ""COMP|T4_REGIME_ANCHOR_TRANSITION|UP|b3ff3e6817d3c8f0""]",EVENT_STREAM_JACCARD
NR-000576,UP,30m,8,0.95,COMP|T4_REGIME_ANCHOR_TRANSITION|UP|f8c713dcbbda6fd5,"[""COMP|T3_ANCHOR_TRANSITION|UP|d4494e8ff7c56b6f"", ""COMP|T4_REGIME_ANCHOR_TRANSITION|UP|0c8bd96261679a0c"", ""COMP|T4_REGIME_ANCHOR_TRANSITION|UP|2e50171f88b8fc8c"", ""COMP|T4_REGIME_ANCHOR_TRANSITION|UP|44d86e8d825daa06"", ""COMP|T4_REGIME_ANCHOR_TRANSITION|UP|930ce64c7369b3fb"", ""COMP|T4_REGIME_ANCHOR_TRANSITION|UP|d51bfd992e44326f"", ""COMP|T4_REGIME_ANCHOR_TRANSITION|UP|e9efffdb95427725""]","[""COMP|T3_ANCHOR_TRANSITION|UP|d4494e8ff7c56b6f"", ""COMP|T4_REGIME_ANCHOR_TRANSITION|UP|0c8bd96261679a0c"", ""COMP|T4_REGIME_ANCHOR_TRANSITION|UP|2e50171f88b8fc8c"", ""COMP|T4_REGIME_ANCHOR_TRANSITION|UP|44d86e8d825daa06"", ""COMP|T4_REGIME_ANCHOR_TRANSITION|UP|930ce64c7369b3fb"", ""COMP|T4_REGIME_ANCHOR_TRANSITION|UP|d51bfd992e44326f"", ""COMP|T4_REGIME_ANCHOR_TRANSITION|UP|e9efffdb95427725"", ""COMP|T4_REGIME_ANCHOR_TRANSITION|UP|f8c713dcbbda6fd5""]",EVENT_STREAM_JACCARD
NR-000577,UP,30m,8,0.95,COMP|T4_REGIME_ANCHOR_TRANSITION|UP|560258d5e881afe6,"[""COMP|T3_ANCHOR_TRANSITION|UP|b82e144c7c0d9c00"", ""COMP|T4_REGIME_ANCHOR_TRANSITION|UP|3468429059953fca"", ""COMP|T4_REGIME_ANCHOR_TRANSITION|UP|92123b90e03f6a28"", ""COMP|T4_REGIME_ANCHOR_TRANSITION|UP|9997d35ab87dffaf"", ""COMP|T4_REGIME_ANCHOR_TRANSITION|UP|9a7ec14149737446"", ""COMP|T4_REGIME_ANCHOR_TRANSITION|UP|aaf8a4fb7a612efc"", ""COMP|T4_REGIME_ANCHOR_TRANSITION|UP|ed8ed86b09d13f93""]","[""COMP|T3_ANCHOR_TRANSITION|UP|b82e144c7c0d9c00"", ""COMP|T4_REGIME_ANCHOR_TRANSITION|UP|3468429059953fca"", ""COMP|T4_REGIME_ANCHOR_TRANSITION|UP|560258d5e881afe6"", ""COMP|T4_REGIME_ANCHOR_TRANSITION|UP|92123b90e03f6a28"", ""COMP|T4_REGIME_ANCHOR_TRANSITION|UP|9997d35ab87dffaf"", ""COMP|T4_REGIME_ANCHOR_TRANSITION|UP|9a7ec14149737446"", ""COMP|T4_REGIME_ANCHOR_TRANSITION|UP|aaf8a4fb7a612efc"", ""COMP|T4_REGIME_ANCHOR_TRANSITION|UP|ed8ed86b09d13f93""]",EVENT_STREAM_JACCARD
NR-000578,UP,30m,8,0.95,COMP|T4_REGIME_ANCHOR_TRANSITION|UP|fe21cc9550d552ec,"[""COMP|T3_ANCHOR_TRANSITION|UP|0129e8e025fb6ca2"", ""COMP|T4_REGIME_ANCHOR_TRANSITION|UP|53f6e96967b42b92"", ""COMP|T4_REGIME_ANCHOR_TRANSITION|UP|613a7b2cc08f3c58"", ""COMP|T4_REGIME_ANCHOR_TRANSITION|UP|9180e9764782c243"", ""COMP|T4_REGIME_ANCHOR_TRANSITION|UP|ce6c7e08caa9ea4e"", ""COMP|T4_REGIME_ANCHOR_TRANSITION|UP|ddb3c55f34524f26"", ""COMP|T4_REGIME_ANCHOR_TRANSITION|UP|ee199bf872c18558""]","[""COMP|T3_ANCHOR_TRANSITION|UP|0129e8e025fb6ca2"", ""COMP|T4_REGIME_ANCHOR_TRANSITION|UP|53f6e96967b42b92"", ""COMP|T4_REGIME_ANCHOR_TRANSITION|UP|613a7b2cc08f3c58"", ""COMP|T4_REGIME_ANCHOR_TRANSITION|UP|9180e9764782c243"", ""COMP|T4_REGIME_ANCHOR_TRANSITION|UP|ce6c7e08caa9ea4e"", ""COMP|T4_REGIME_ANCHOR_TRANSITION|UP|ddb3c55f34524f26"", ""COMP|T4_REGIME_ANCHOR_TRANSITION|UP|ee199bf872c18558"", ""COMP|T4_REGIME_ANCHOR_TRANSITION|UP|fe21cc9550d552ec""]",EVENT_STREAM_JACCARD
NR-000579,UP,30m,8,0.95,COMP|T4_REGIME_ANCHOR_TRANSITION|UP|731c40e348b5351b,"[""COMP|T3_ANCHOR_TRANSITION|UP|77bea8b1e4f9d884"", ""COMP|T4_REGIME_ANCHOR_TRANSITION|UP|0114d52cf2af9ee1"", ""COMP|T4_REGIME_ANCHOR_TRANSITION|UP|4255efabc168e329"", ""COMP|T4_REGIME_ANCHOR_TRANSITION|UP|5f87b2cd5ab39de8"", ""COMP|T4_REGIME_ANCHOR_TRANSITION|UP|794e91b1f9ce61b8"", ""COMP|T4_REGIME_ANCHOR_TRANSITION|UP|f552bc0e23aba3f9"", ""COMP|T4_REGIME_ANCHOR_TRANSITION|UP|fbac56fc1211442a""]","[""COMP|T3_ANCHOR_TRANSITION|UP|77bea8b1e4f9d884"", ""COMP|T4_REGIME_ANCHOR_TRANSITION|UP|0114d52cf2af9ee1"", ""COMP|T4_REGIME_ANCHOR_TRANSITION|UP|4255efabc168e329"", ""COMP|T4_REGIME_ANCHOR_TRANSITION|UP|5f87b2cd5ab39de8"", ""COMP|T4_REGIME_ANCHOR_TRANSITION|UP|731c40e348b5351b"", ""COMP|T4_REGIME_ANCHOR_TRANSITION|UP|794e91b1f9ce61b8"", ""COMP|T4_REGIME_ANCHOR_TRANSITION|UP|f552bc0e23aba3f9"", ""COMP|T4_REGIME_ANCHOR_TRANSITION|UP|fbac56fc1211442a""]",EVENT_STREAM_JACCARD
NR-000580,UP,30m,8,0.95,COMP|T4_REGIME_ANCHOR_TRANSITION|UP|7d60b5fb78df93fe,"[""COMP|T3_ANCHOR_TRANSITION|UP|18d61adbce12d5c5"", ""COMP|T4_REGIME_ANCHOR_TRANSITION|UP|33ce219eb7e68379"", ""COMP|T4_REGIME_ANCHOR_TRANSITION|UP|4cad09a6b092bb24"", ""COMP|T4_REGIME_ANCHOR_TRANSITION|UP|4e4f3d3fee1b0cec"", ""COMP|T4_REGIME_ANCHOR_TRANSITION|UP|50ae9c6c61a51de4"", ""COMP|T4_REGIME_ANCHOR_TRANSITION|UP|64da390e4106cf31"", ""COMP|T4_REGIME_ANCHOR_TRANSITION|UP|73bbd7d26c486444""]","[""COMP|T3_ANCHOR_TRANSITION|UP|18d61adbce12d5c5"", ""COMP|T4_REGIME_ANCHOR_TRANSITION|UP|33ce219eb7e68379"", ""COMP|T4_REGIME_ANCHOR_TRANSITION|UP|4cad09a6b092bb24"", ""COMP|T4_REGIME_ANCHOR_TRANSITION|UP|4e4f3d3fee1b0cec"", ""COMP|T4_REGIME_ANCHOR_TRANSITION|UP|50ae9c6c61a51de4"", ""COMP|T4_REGIME_ANCHOR_TRANSITION|UP|64da390e4106cf31"", ""COMP|T4_REGIME_ANCHOR_TRANSITION|UP|73bbd7d26c486444"", ""COMP|T4_REGIME_ANCHOR_TRANSITION|UP|7d60b5fb78df93fe""]",EVENT_STREAM_JACCARD
NR-000581,UP,30m,8,0.95,COMP|T4_REGIME_ANCHOR_TRANSITION|UP|73ede3d884a82ca3,"[""COMP|T3_ANCHOR_TRANSITION|UP|397b0fd63c3cb588"", ""COMP|T4_REGIME_ANCHOR_TRANSITION|UP|1d982c9bc80dc066"", ""COMP|T4_REGIME_ANCHOR_TRANSITION|UP|58bcfffe1f6bb99e"", ""COMP|T4_REGIME_ANCHOR_TRANSITION|UP|5dafaee7b40dcad7"", ""COMP|T4_REGIME_ANCHOR_TRANSITION|UP|9c01152ba75098fb"", ""COMP|T4_REGIME_ANCHOR_TRANSITION|UP|b234d56b4e49f58a"", ""COMP|T4_REGIME_ANCHOR_TRANSITION|UP|bdbd94fd87097b3b""]","[""COMP|T3_ANCHOR_TRANSITION|UP|397b0fd63c3cb588"", ""COMP|T4_REGIME_ANCHOR_TRANSITION|UP|1d982c9bc80dc066"", ""COMP|T4_REGIME_ANCHOR_TRANSITION|UP|58bcfffe1f6bb99e"", ""COMP|T4_REGIME_ANCHOR_TRANSITION|UP|5dafaee7b40dcad7"", ""COMP|T4_REGIME_ANCHOR_TRANSITION|UP|73ede3d884a82ca3"", ""COMP|T4_REGIME_ANCHOR_TRANSITION|UP|9c01152ba75098fb"", ""COMP|T4_REGIME_ANCHOR_TRANSITION|UP|b234d56b4e49f58a"", ""COMP|T4_REGIME_ANCHOR_TRANSITION|UP|bdbd94fd87097b3b""]",EVENT_STREAM_JACCARD
NR-000582,UP,30m,8,0.95,COMP|T4_REGIME_ANCHOR_TRANSITION|UP|d0265f19463d8fec,"[""COMP|T3_ANCHOR_TRANSITION|UP|970add3df779f7f8"", ""COMP|T4_REGIME_ANCHOR_TRANSITION|UP|4d3e02a89d50ee16"", ""COMP|T4_REGIME_ANCHOR_TRANSITION|UP|6bcc31c9c9885565"", ""COMP|T4_REGIME_ANCHOR_TRANSITION|UP|7fc165888a3045ae"", ""COMP|T4_REGIME_ANCHOR_TRANSITION|UP|976a74f032b805d1"", ""COMP|T4_REGIME_ANCHOR_TRANSITION|UP|a39ef3bf01be0e0b"", ""COMP|T4_REGIME_ANCHOR_TRANSITION|UP|c6c374402d9d9b9b""]","[""COMP|T3_ANCHOR_TRANSITION|UP|970add3df779f7f8"", ""COMP|T4_REGIME_ANCHOR_TRANSITION|UP|4d3e02a89d50ee16"", ""COMP|T4_REGIME_ANCHOR_TRANSITION|UP|6bcc31c9c9885565"", ""COMP|T4_REGIME_ANCHOR_TRANSITION|UP|7fc165888a3045ae"", ""COMP|T4_REGIME_ANCHOR_TRANSITION|UP|976a74f032b805d1"", ""COMP|T4_REGIME_ANCHOR_TRANSITION|UP|a39ef3bf01be0e0b"", ""COMP|T4_REGIME_ANCHOR_TRANSITION|UP|c6c374402d9d9b9b"", ""COMP|T4_REGIME_ANCHOR_TRANSITION|UP|d0265f19463d8fec""]",EVENT_STREAM_JACCARD
NR-000583,UP,30m,2,0.95,COMP|T4_REGIME_ANCHOR_TRANSITION|UP|fe183ce2a49f17a3,"[""COMP|T4_REGIME_ANCHOR_TRANSITION|UP|3f8f48efe33f7fc6""]","[""COMP|T4_REGIME_ANCHOR_TRANSITION|UP|3f8f48efe33f7fc6"", ""COMP|T4_REGIME_ANCHOR_TRANSITION|UP|fe183ce2a49f17a3""]",EVENT_STREAM_JACCARD
NR-000584,UP,30m,2,0.95,COMP|T4_REGIME_ANCHOR_TRANSITION|UP|58a7a1c01303869f,"[""COMP|T4_REGIME_ANCHOR_TRANSITION|UP|3e0ecdf61a4f8765""]","[""COMP|T4_REGIME_ANCHOR_TRANSITION|UP|3e0ecdf61a4f8765"", ""COMP|T4_REGIME_ANCHOR_TRANSITION|UP|58a7a1c01303869f""]",EVENT_STREAM_JACCARD
NR-000585,UP,30m,8,0.95,COMP|T4_REGIME_ANCHOR_TRANSITION|UP|3159c6e25bfcd5c6,"[""COMP|T3_ANCHOR_TRANSITION|UP|deb675d310cd8ecb"", ""COMP|T4_REGIME_ANCHOR_TRANSITION|UP|6b52a26307bb69d3"", ""COMP|T4_REGIME_ANCHOR_TRANSITION|UP|6f2ff0f9cbc72c43"", ""COMP|T4_REGIME_ANCHOR_TRANSITION|UP|7913b9d0a498db47"", ""COMP|T4_REGIME_ANCHOR_TRANSITION|UP|9bf291a9ea0d31a9"", ""COMP|T4_REGIME_ANCHOR_TRANSITION|UP|9d6a2f514b490e05"", ""COMP|T4_REGIME_ANCHOR_TRANSITION|UP|d514bb9c025479e8""]","[""COMP|T3_ANCHOR_TRANSITION|UP|deb675d310cd8ecb"", ""COMP|T4_REGIME_ANCHOR_TRANSITION|UP|3159c6e25bfcd5c6"", ""COMP|T4_REGIME_ANCHOR_TRANSITION|UP|6b52a26307bb69d3"", ""COMP|T4_REGIME_ANCHOR_TRANSITION|UP|6f2ff0f9cbc72c43"", ""COMP|T4_REGIME_ANCHOR_TRANSITION|UP|7913b9d0a498db47"", ""COMP|T4_REGIME_ANCHOR_TRANSITION|UP|9bf291a9ea0d31a9"", ""COMP|T4_REGIME_ANCHOR_TRANSITION|UP|9d6a2f514b490e05"", ""COMP|T4_REGIME_ANCHOR_TRANSITION|UP|d514bb9c025479e8""]",EVENT_STREAM_JACCARD
NR-000586,UP,30m,8,0.95,COMP|T4_REGIME_ANCHOR_TRANSITION|UP|459eda2f892c97f3,"[""COMP|T3_ANCHOR_TRANSITION|UP|8c85dd968a7f66ff"", ""COMP|T4_REGIME_ANCHOR_TRANSITION|UP|07b0bc52dd746023"", ""COMP|T4_REGIME_ANCHOR_TRANSITION|UP|0c5279aa48fa89c4"", ""COMP|T4_REGIME_ANCHOR_TRANSITION|UP|a4a79a9f81ce0d9c"", ""COMP|T4_REGIME_ANCHOR_TRANSITION|UP|a922fbc28007faad"", ""COMP|T4_REGIME_ANCHOR_TRANSITION|UP|ebb16c7ed9c7b8d1"", ""COMP|T4_REGIME_ANCHOR_TRANSITION|UP|f4e25c35621ebd6e""]","[""COMP|T3_ANCHOR_TRANSITION|UP|8c85dd968a7f66ff"", ""COMP|T4_REGIME_ANCHOR_TRANSITION|UP|07b0bc52dd746023"", ""COMP|T4_REGIME_ANCHOR_TRANSITION|UP|0c5279aa48fa89c4"", ""COMP|T4_REGIME_ANCHOR_TRANSITION|UP|459eda2f892c97f3"", ""COMP|T4_REGIME_ANCHOR_TRANSITION|UP|a4a79a9f81ce0d9c"", ""COMP|T4_REGIME_ANCHOR_TRANSITION|UP|a922fbc28007faad"", ""COMP|T4_REGIME_ANCHOR_TRANSITION|UP|ebb16c7ed9c7b8d1"", ""COMP|T4_REGIME_ANCHOR_TRANSITION|UP|f4e25c35621ebd6e""]",EVENT_STREAM_JACCARD
NR-000587,UP,30m,2,0.95,COMP|T4_REGIME_ANCHOR_TRANSITION|UP|1bcb86bf418d4049,"[""COMP|T4_REGIME_ANCHOR_TRANSITION|UP|ce82faad0afa1223""]","[""COMP|T4_REGIME_ANCHOR_TRANSITION|UP|1bcb86bf418d4049"", ""COMP|T4_REGIME_ANCHOR_TRANSITION|UP|ce82faad0afa1223""]",EVENT_STREAM_JACCARD
NR-000588,UP,30m,2,0.95,COMP|T4_REGIME_ANCHOR_TRANSITION|UP|9d93487a0c319e32,"[""COMP|T4_REGIME_ANCHOR_TRANSITION|UP|ee368c333a0001d1""]","[""COMP|T4_REGIME_ANCHOR_TRANSITION|UP|9d93487a0c319e32"", ""COMP|T4_REGIME_ANCHOR_TRANSITION|UP|ee368c333a0001d1""]",EVENT_STREAM_JACCARD
NR-000589,UP,30m,8,0.95,COMP|T4_REGIME_ANCHOR_TRANSITION|UP|dd401f38275b6851,"[""COMP|T3_ANCHOR_TRANSITION|UP|bac8a723cc2c6c01"", ""COMP|T4_REGIME_ANCHOR_TRANSITION|UP|04f92fe124e8170c"", ""COMP|T4_REGIME_ANCHOR_TRANSITION|UP|16f159a6f7f63fcc"", ""COMP|T4_REGIME_ANCHOR_TRANSITION|UP|1b7f402758725cf8"", ""COMP|T4_REGIME_ANCHOR_TRANSITION|UP|1cbb452d4ed6189e"", ""COMP|T4_REGIME_ANCHOR_TRANSITION|UP|458069f86e3687e8"", ""COMP|T4_REGIME_ANCHOR_TRANSITION|UP|b6188af9ae89987d""]","[""COMP|T3_ANCHOR_TRANSITION|UP|bac8a723cc2c6c01"", ""COMP|T4_REGIME_ANCHOR_TRANSITION|UP|04f92fe124e8170c"", ""COMP|T4_REGIME_ANCHOR_TRANSITION|UP|16f159a6f7f63fcc"", ""COMP|T4_REGIME_ANCHOR_TRANSITION|UP|1b7f402758725cf8"", ""COMP|T4_REGIME_ANCHOR_TRANSITION|UP|1cbb452d4ed6189e"", ""COMP|T4_REGIME_ANCHOR_TRANSITION|UP|458069f86e3687e8"", ""COMP|T4_REGIME_ANCHOR_TRANSITION|UP|b6188af9ae89987d"", ""COMP|T4_REGIME_ANCHOR_TRANSITION|UP|dd401f38275b6851""]",EVENT_STREAM_JACCARD
NR-000590,UP,30m,2,0.95,COMP|T4_REGIME_ANCHOR_TRANSITION|UP|a65de9c1c0c8f5d1,"[""COMP|T4_REGIME_ANCHOR_TRANSITION|UP|fef371667e85f2a4""]","[""COMP|T4_REGIME_ANCHOR_TRANSITION|UP|a65de9c1c0c8f5d1"", ""COMP|T4_REGIME_ANCHOR_TRANSITION|UP|fef371667e85f2a4""]",EVENT_STREAM_JACCARD
NR-000591,UP,30m,2,0.95,COMP|T4_REGIME_ANCHOR_TRANSITION|UP|19149fc2a57b2992,"[""COMP|T4_REGIME_ANCHOR_TRANSITION|UP|9df12734055db5fa""]","[""COMP|T4_REGIME_ANCHOR_TRANSITION|UP|19149fc2a57b2992"", ""COMP|T4_REGIME_ANCHOR_TRANSITION|UP|9df12734055db5fa""]",EVENT_STREAM_JACCARD
NR-000592,UP,30m,8,0.95,COMP|T4_REGIME_ANCHOR_TRANSITION|UP|1de6ec600ec9142b,"[""COMP|T3_ANCHOR_TRANSITION|UP|51290f45688d7a5b"", ""COMP|T4_REGIME_ANCHOR_TRANSITION|UP|365bacb828626a48"", ""COMP|T4_REGIME_ANCHOR_TRANSITION|UP|5f4ed147c0585642"", ""COMP|T4_REGIME_ANCHOR_TRANSITION|UP|8f920e02df825212"", ""COMP|T4_REGIME_ANCHOR_TRANSITION|UP|9c1b160297415d5c"", ""COMP|T4_REGIME_ANCHOR_TRANSITION|UP|b265f7c9c06d0d3e"", ""COMP|T4_REGIME_ANCHOR_TRANSITION|UP|b34e64c7d72eee84""]","[""COMP|T3_ANCHOR_TRANSITION|UP|51290f45688d7a5b"", ""COMP|T4_REGIME_ANCHOR_TRANSITION|UP|1de6ec600ec9142b"", ""COMP|T4_REGIME_ANCHOR_TRANSITION|UP|365bacb828626a48"", ""COMP|T4_REGIME_ANCHOR_TRANSITION|UP|5f4ed147c0585642"", ""COMP|T4_REGIME_ANCHOR_TRANSITION|UP|8f920e02df825212"", ""COMP|T4_REGIME_ANCHOR_TRANSITION|UP|9c1b160297415d5c"", ""COMP|T4_REGIME_ANCHOR_TRANSITION|UP|b265f7c9c06d0d3e"", ""COMP|T4_REGIME_ANCHOR_TRANSITION|UP|b34e64c7d72eee84""]",EVENT_STREAM_JACCARD
NR-000593,UP,30m,8,0.95,COMP|T4_REGIME_ANCHOR_TRANSITION|UP|a8e3df6d7eed0ac7,"[""COMP|T3_ANCHOR_TRANSITION|UP|cbf536254aaa35a6"", ""COMP|T4_REGIME_ANCHOR_TRANSITION|UP|152b538db4f4e924"", ""COMP|T4_REGIME_ANCHOR_TRANSITION|UP|4baa43e01b431e15"", ""COMP|T4_REGIME_ANCHOR_TRANSITION|UP|9187936595b210cf"", ""COMP|T4_REGIME_ANCHOR_TRANSITION|UP|c061155a2b2c2534"", ""COMP|T4_REGIME_ANCHOR_TRANSITION|UP|d9c589170907dd2c"", ""COMP|T4_REGIME_ANCHOR_TRANSITION|UP|f7cc2f97315435e1""]","[""COMP|T3_ANCHOR_TRANSITION|UP|cbf536254aaa35a6"", ""COMP|T4_REGIME_ANCHOR_TRANSITION|UP|152b538db4f4e924"", ""COMP|T4_REGIME_ANCHOR_TRANSITION|UP|4baa43e01b431e15"", ""COMP|T4_REGIME_ANCHOR_TRANSITION|UP|9187936595b210cf"", ""COMP|T4_REGIME_ANCHOR_TRANSITION|UP|a8e3df6d7eed0ac7"", ""COMP|T4_REGIME_ANCHOR_TRANSITION|UP|c061155a2b2c2534"", ""COMP|T4_REGIME_ANCHOR_TRANSITION|UP|d9c589170907dd2c"", ""COMP|T4_REGIME_ANCHOR_TRANSITION|UP|f7cc2f97315435e1""]",EVENT_STREAM_JACCARD
NR-000594,UP,30m,8,0.95,COMP|T4_REGIME_ANCHOR_TRANSITION|UP|d0990d29e1a06dad,"[""COMP|T3_ANCHOR_TRANSITION|UP|56a13588133afba3"", ""COMP|T4_REGIME_ANCHOR_TRANSITION|UP|441bba5d3934f09c"", ""COMP|T4_REGIME_ANCHOR_TRANSITION|UP|5c7759d23cbb82be"", ""COMP|T4_REGIME_ANCHOR_TRANSITION|UP|610401643e68c408"", ""COMP|T4_REGIME_ANCHOR_TRANSITION|UP|75856ba67d51fa98"", ""COMP|T4_REGIME_ANCHOR_TRANSITION|UP|b1f87bfd403d5ed0"", ""COMP|T4_REGIME_ANCHOR_TRANSITION|UP|d9618e513d63ba85""]","[""COMP|T3_ANCHOR_TRANSITION|UP|56a13588133afba3"", ""COMP|T4_REGIME_ANCHOR_TRANSITION|UP|441bba5d3934f09c"", ""COMP|T4_REGIME_ANCHOR_TRANSITION|UP|5c7759d23cbb82be"", ""COMP|T4_REGIME_ANCHOR_TRANSITION|UP|610401643e68c408"", ""COMP|T4_REGIME_ANCHOR_TRANSITION|UP|75856ba67d51fa98"", ""COMP|T4_REGIME_ANCHOR_TRANSITION|UP|b1f87bfd403d5ed0"", ""COMP|T4_REGIME_ANCHOR_TRANSITION|UP|d0990d29e1a06dad"", ""COMP|T4_REGIME_ANCHOR_TRANSITION|UP|d9618e513d63ba85""]",EVENT_STREAM_JACCARD
NR-000595,UP,30m,7,0.95,COMP|T4_REGIME_ANCHOR_TRANSITION|UP|68cc9e7febe943e4,"[""COMP|T3_ANCHOR_TRANSITION|UP|ca7d7da060f852e9"", ""COMP|T4_REGIME_ANCHOR_TRANSITION|UP|0ece5c75f6c10919"", ""COMP|T4_REGIME_ANCHOR_TRANSITION|UP|291d2a3860fad46a"", ""COMP|T4_REGIME_ANCHOR_TRANSITION|UP|30d070d52607b01d"", ""COMP|T4_REGIME_ANCHOR_TRANSITION|UP|3543b7f0f32c4f7e"", ""COMP|T4_REGIME_ANCHOR_TRANSITION|UP|7ebb8efc1817329d""]","[""COMP|T3_ANCHOR_TRANSITION|UP|ca7d7da060f852e9"", ""COMP|T4_REGIME_ANCHOR_TRANSITION|UP|0ece5c75f6c10919"", ""COMP|T4_REGIME_ANCHOR_TRANSITION|UP|291d2a3860fad46a"", ""COMP|T4_REGIME_ANCHOR_TRANSITION|UP|30d070d52607b01d"", ""COMP|T4_REGIME_ANCHOR_TRANSITION|UP|3543b7f0f32c4f7e"", ""COMP|T4_REGIME_ANCHOR_TRANSITION|UP|68cc9e7febe943e4"", ""COMP|T4_REGIME_ANCHOR_TRANSITION|UP|7ebb8efc1817329d""]",EVENT_STREAM_JACCARD
NR-000596,UP,30m,8,0.95,COMP|T4_REGIME_ANCHOR_TRANSITION|UP|202dd994a3e61ff0,"[""COMP|T3_ANCHOR_TRANSITION|UP|0fdf7c32c8cf2ea7"", ""COMP|T4_REGIME_ANCHOR_TRANSITION|UP|063d1e9059ec69ae"", ""COMP|T4_REGIME_ANCHOR_TRANSITION|UP|0e91e1a09a1d8f05"", ""COMP|T4_REGIME_ANCHOR_TRANSITION|UP|59036485e94c11a0"", ""COMP|T4_REGIME_ANCHOR_TRANSITION|UP|7f48d125d107b41e"", ""COMP|T4_REGIME_ANCHOR_TRANSITION|UP|8a52de0f31c169d5"", ""COMP|T4_REGIME_ANCHOR_TRANSITION|UP|d05501e3eab7153f""]","[""COMP|T3_ANCHOR_TRANSITION|UP|0fdf7c32c8cf2ea7"", ""COMP|T4_REGIME_ANCHOR_TRANSITION|UP|063d1e9059ec69ae"", ""COMP|T4_REGIME_ANCHOR_TRANSITION|UP|0e91e1a09a1d8f05"", ""COMP|T4_REGIME_ANCHOR_TRANSITION|UP|202dd994a3e61ff0"", ""COMP|T4_REGIME_ANCHOR_TRANSITION|UP|59036485e94c11a0"", ""COMP|T4_REGIME_ANCHOR_TRANSITION|UP|7f48d125d107b41e"", ""COMP|T4_REGIME_ANCHOR_TRANSITION|UP|8a52de0f31c169d5"", ""COMP|T4_REGIME_ANCHOR_TRANSITION|UP|d05501e3eab7153f""]",EVENT_STREAM_JACCARD
NR-000597,UP,30m,8,0.95,COMP|T4_REGIME_ANCHOR_TRANSITION|UP|be2fda282bf1a091,"[""COMP|T3_ANCHOR_TRANSITION|UP|3bd0047da6445747"", ""COMP|T4_REGIME_ANCHOR_TRANSITION|UP|069b2bdbfa569992"", ""COMP|T4_REGIME_ANCHOR_TRANSITION|UP|3edb4dc8b505bd60"", ""COMP|T4_REGIME_ANCHOR_TRANSITION|UP|4f94aefa06855c48"", ""COMP|T4_REGIME_ANCHOR_TRANSITION|UP|54dd93d55415c140"", ""COMP|T4_REGIME_ANCHOR_TRANSITION|UP|924c503acaa78a35"", ""COMP|T4_REGIME_ANCHOR_TRANSITION|UP|93c94624b518777b""]","[""COMP|T3_ANCHOR_TRANSITION|UP|3bd0047da6445747"", ""COMP|T4_REGIME_ANCHOR_TRANSITION|UP|069b2bdbfa569992"", ""COMP|T4_REGIME_ANCHOR_TRANSITION|UP|3edb4dc8b505bd60"", ""COMP|T4_REGIME_ANCHOR_TRANSITION|UP|4f94aefa06855c48"", ""COMP|T4_REGIME_ANCHOR_TRANSITION|UP|54dd93d55415c140"", ""COMP|T4_REGIME_ANCHOR_TRANSITION|UP|924c503acaa78a35"", ""COMP|T4_REGIME_ANCHOR_TRANSITION|UP|93c94624b518777b"", ""COMP|T4_REGIME_ANCHOR_TRANSITION|UP|be2fda282bf1a091""]",EVENT_STREAM_JACCARD
NR-000598,UP,30m,7,0.95,COMP|T4_REGIME_ANCHOR_TRANSITION|UP|2f899b1e7588a142,"[""COMP|T3_ANCHOR_TRANSITION|UP|06bdd30bf3c99c8f"", ""COMP|T4_REGIME_ANCHOR_TRANSITION|UP|0f2381779aab3961"", ""COMP|T4_REGIME_ANCHOR_TRANSITION|UP|65abecb3650f926b"", ""COMP|T4_REGIME_ANCHOR_TRANSITION|UP|b4eb4428cb300335"", ""COMP|T4_REGIME_ANCHOR_TRANSITION|UP|b701d26687fee414"", ""COMP|T4_REGIME_ANCHOR_TRANSITION|UP|e5e7ee451b0d77ae""]","[""COMP|T3_ANCHOR_TRANSITION|UP|06bdd30bf3c99c8f"", ""COMP|T4_REGIME_ANCHOR_TRANSITION|UP|0f2381779aab3961"", ""COMP|T4_REGIME_ANCHOR_TRANSITION|UP|2f899b1e7588a142"", ""COMP|T4_REGIME_ANCHOR_TRANSITION|UP|65abecb3650f926b"", ""COMP|T4_REGIME_ANCHOR_TRANSITION|UP|b4eb4428cb300335"", ""COMP|T4_REGIME_ANCHOR_TRANSITION|UP|b701d26687fee414"", ""COMP|T4_REGIME_ANCHOR_TRANSITION|UP|e5e7ee451b0d77ae""]",EVENT_STREAM_JACCARD
NR-000599,UP,30m,4,0.95,COMP|T4_REGIME_ANCHOR_TRANSITION|UP|661e0d9fd0207411,"[""COMP|T4_REGIME_ANCHOR_TRANSITION|UP|6ec61d32fdc3ff6f"", ""COMP|T4_REGIME_ANCHOR_TRANSITION|UP|7c83da6d8b7c73b7"", ""COMP|T4_REGIME_ANCHOR_TRANSITION|UP|8c96a27455bca717""]","[""COMP|T4_REGIME_ANCHOR_TRANSITION|UP|661e0d9fd0207411"", ""COMP|T4_REGIME_ANCHOR_TRANSITION|UP|6ec61d32fdc3ff6f"", ""COMP|T4_REGIME_ANCHOR_TRANSITION|UP|7c83da6d8b7c73b7"", ""COMP|T4_REGIME_ANCHOR_TRANSITION|UP|8c96a27455bca717""]",EVENT_STREAM_JACCARD
NR-000600,UP,30m,8,0.95,COMP|T4_REGIME_ANCHOR_TRANSITION|UP|886aecf72402e2e2,"[""COMP|T3_ANCHOR_TRANSITION|UP|878864708d462ba1"", ""COMP|T4_REGIME_ANCHOR_TRANSITION|UP|15e2abb97fd3a108"", ""COMP|T4_REGIME_ANCHOR_TRANSITION|UP|1e2f5de9c3d4dfd1"", ""COMP|T4_REGIME_ANCHOR_TRANSITION|UP|74404af525845a1d"", ""COMP|T4_REGIME_ANCHOR_TRANSITION|UP|8434d21781285756"", ""COMP|T4_REGIME_ANCHOR_TRANSITION|UP|abec83d5c2401ce3"", ""COMP|T4_REGIME_ANCHOR_TRANSITION|UP|e6eab831acfdd8e2""]","[""COMP|T3_ANCHOR_TRANSITION|UP|878864708d462ba1"", ""COMP|T4_REGIME_ANCHOR_TRANSITION|UP|15e2abb97fd3a108"", ""COMP|T4_REGIME_ANCHOR_TRANSITION|UP|1e2f5de9c3d4dfd1"", ""COMP|T4_REGIME_ANCHOR_TRANSITION|UP|74404af525845a1d"", ""COMP|T4_REGIME_ANCHOR_TRANSITION|UP|8434d21781285756"", ""COMP|T4_REGIME_ANCHOR_TRANSITION|UP|886aecf72402e2e2"", ""COMP|T4_REGIME_ANCHOR_TRANSITION|UP|abec83d5c2401ce3"", ""COMP|T4_REGIME_ANCHOR_TRANSITION|UP|e6eab831acfdd8e2""]",EVENT_STREAM_JACCARD
NR-000601,UP,30m,8,0.95,COMP|T4_REGIME_ANCHOR_TRANSITION|UP|d6bc5813b336710a,"[""COMP|T3_ANCHOR_TRANSITION|UP|e0759a0fecb8ef3b"", ""COMP|T4_REGIME_ANCHOR_TRANSITION|UP|0401c3e82bc3a9cd"", ""COMP|T4_REGIME_ANCHOR_TRANSITION|UP|1bb4c1d0e4e6ad7d"", ""COMP|T4_REGIME_ANCHOR_TRANSITION|UP|3757445ff05102b7"", ""COMP|T4_REGIME_ANCHOR_TRANSITION|UP|5dbb4cfbceece2d8"", ""COMP|T4_REGIME_ANCHOR_TRANSITION|UP|5e3521c45e7639f7"", ""COMP|T4_REGIME_ANCHOR_TRANSITION|UP|73b0a6c396f22d4f""]","[""COMP|T3_ANCHOR_TRANSITION|UP|e0759a0fecb8ef3b"", ""COMP|T4_REGIME_ANCHOR_TRANSITION|UP|0401c3e82bc3a9cd"", ""COMP|T4_REGIME_ANCHOR_TRANSITION|UP|1bb4c1d0e4e6ad7d"", ""COMP|T4_REGIME_ANCHOR_TRANSITION|UP|3757445ff05102b7"", ""COMP|T4_REGIME_ANCHOR_TRANSITION|UP|5dbb4cfbceece2d8"", ""COMP|T4_REGIME_ANCHOR_TRANSITION|UP|5e3521c45e7639f7"", ""COMP|T4_REGIME_ANCHOR_TRANSITION|UP|73b0a6c396f22d4f"", ""COMP|T4_REGIME_ANCHOR_TRANSITION|UP|d6bc5813b336710a""]",EVENT_STREAM_JACCARD
NR-000602,UP,30m,7,0.95,COMP|T4_REGIME_ANCHOR_TRANSITION|UP|014f10e75cbbb42e,"[""COMP|T3_ANCHOR_TRANSITION|UP|f3915e5a0614e77d"", ""COMP|T4_REGIME_ANCHOR_TRANSITION|UP|782335ebd53a1ba3"", ""COMP|T4_REGIME_ANCHOR_TRANSITION|UP|8ffafd6aa5a3fd29"", ""COMP|T4_REGIME_ANCHOR_TRANSITION|UP|d95da9c4f13a80a3"", ""COMP|T4_REGIME_ANCHOR_TRANSITION|UP|d9d5c8a11562501e"", ""COMP|T4_REGIME_ANCHOR_TRANSITION|UP|e385071b007adcb9""]","[""COMP|T3_ANCHOR_TRANSITION|UP|f3915e5a0614e77d"", ""COMP|T4_REGIME_ANCHOR_TRANSITION|UP|014f10e75cbbb42e"", ""COMP|T4_REGIME_ANCHOR_TRANSITION|UP|782335ebd53a1ba3"", ""COMP|T4_REGIME_ANCHOR_TRANSITION|UP|8ffafd6aa5a3fd29"", ""COMP|T4_REGIME_ANCHOR_TRANSITION|UP|d95da9c4f13a80a3"", ""COMP|T4_REGIME_ANCHOR_TRANSITION|UP|d9d5c8a11562501e"", ""COMP|T4_REGIME_ANCHOR_TRANSITION|UP|e385071b007adcb9""]",EVENT_STREAM_JACCARD
NR-000603,UP,30m,7,0.95,COMP|T4_REGIME_ANCHOR_TRANSITION|UP|59b47e5867ba7e98,"[""COMP|T3_ANCHOR_TRANSITION|UP|56f8fc5ed66bccb6"", ""COMP|T4_REGIME_ANCHOR_TRANSITION|UP|311f7f3fe50404c6"", ""COMP|T4_REGIME_ANCHOR_TRANSITION|UP|441ebd693a5e3fce"", ""COMP|T4_REGIME_ANCHOR_TRANSITION|UP|6da754cb2c3d4ec2"", ""COMP|T4_REGIME_ANCHOR_TRANSITION|UP|a11d15cc5335b919"", ""COMP|T4_REGIME_ANCHOR_TRANSITION|UP|e037f9dd198337d7""]","[""COMP|T3_ANCHOR_TRANSITION|UP|56f8fc5ed66bccb6"", ""COMP|T4_REGIME_ANCHOR_TRANSITION|UP|311f7f3fe50404c6"", ""COMP|T4_REGIME_ANCHOR_TRANSITION|UP|441ebd693a5e3fce"", ""COMP|T4_REGIME_ANCHOR_TRANSITION|UP|59b47e5867ba7e98"", ""COMP|T4_REGIME_ANCHOR_TRANSITION|UP|6da754cb2c3d4ec2"", ""COMP|T4_REGIME_ANCHOR_TRANSITION|UP|a11d15cc5335b919"", ""COMP|T4_REGIME_ANCHOR_TRANSITION|UP|e037f9dd198337d7""]",EVENT_STREAM_JACCARD
NR-000604,UP,30m,8,0.95,COMP|T4_REGIME_ANCHOR_TRANSITION|UP|f62d1a2cce0221ac,"[""COMP|T3_ANCHOR_TRANSITION|UP|6b0e362fd14fa2bf"", ""COMP|T4_REGIME_ANCHOR_TRANSITION|UP|44c5361c88b5ef10"", ""COMP|T4_REGIME_ANCHOR_TRANSITION|UP|4f548341a2b01413"", ""COMP|T4_REGIME_ANCHOR_TRANSITION|UP|671672adc8fe9aa2"", ""COMP|T4_REGIME_ANCHOR_TRANSITION|UP|6ef6b59303025c03"", ""COMP|T4_REGIME_ANCHOR_TRANSITION|UP|875b86b13083c6dc"", ""COMP|T4_REGIME_ANCHOR_TRANSITION|UP|9d65954a1063d475""]","[""COMP|T3_ANCHOR_TRANSITION|UP|6b0e362fd14fa2bf"", ""COMP|T4_REGIME_ANCHOR_TRANSITION|UP|44c5361c88b5ef10"", ""COMP|T4_REGIME_ANCHOR_TRANSITION|UP|4f548341a2b01413"", ""COMP|T4_REGIME_ANCHOR_TRANSITION|UP|671672adc8fe9aa2"", ""COMP|T4_REGIME_ANCHOR_TRANSITION|UP|6ef6b59303025c03"", ""COMP|T4_REGIME_ANCHOR_TRANSITION|UP|875b86b13083c6dc"", ""COMP|T4_REGIME_ANCHOR_TRANSITION|UP|9d65954a1063d475"", ""COMP|T4_REGIME_ANCHOR_TRANSITION|UP|f62d1a2cce0221ac""]",EVENT_STREAM_JACCARD
NR-000605,UP,30m,8,0.95,COMP|T4_REGIME_ANCHOR_TRANSITION|UP|32bbd670d08c303c,"[""COMP|T3_ANCHOR_TRANSITION|UP|824ee1ca5291e43a"", ""COMP|T4_REGIME_ANCHOR_TRANSITION|UP|16fb139263780e7c"", ""COMP|T4_REGIME_ANCHOR_TRANSITION|UP|179fc57e2d0f2142"", ""COMP|T4_REGIME_ANCHOR_TRANSITION|UP|26cfe43257336ceb"", ""COMP|T4_REGIME_ANCHOR_TRANSITION|UP|52bdb7dbd1b896c0"", ""COMP|T4_REGIME_ANCHOR_TRANSITION|UP|5e9715059fc7102d"", ""COMP|T4_REGIME_ANCHOR_TRANSITION|UP|823da61d205dd93f""]","[""COMP|T3_ANCHOR_TRANSITION|UP|824ee1ca5291e43a"", ""COMP|T4_REGIME_ANCHOR_TRANSITION|UP|16fb139263780e7c"", ""COMP|T4_REGIME_ANCHOR_TRANSITION|UP|179fc57e2d0f2142"", ""COMP|T4_REGIME_ANCHOR_TRANSITION|UP|26cfe43257336ceb"", ""COMP|T4_REGIME_ANCHOR_TRANSITION|UP|32bbd670d08c303c"", ""COMP|T4_REGIME_ANCHOR_TRANSITION|UP|52bdb7dbd1b896c0"", ""COMP|T4_REGIME_ANCHOR_TRANSITION|UP|5e9715059fc7102d"", ""COMP|T4_REGIME_ANCHOR_TRANSITION|UP|823da61d205dd93f""]",EVENT_STREAM_JACCARD
NR-000606,UP,30m,7,0.95,COMP|T4_REGIME_ANCHOR_TRANSITION|UP|0b93ff1976fbe3a3,"[""COMP|T3_ANCHOR_TRANSITION|UP|04220083936c17b1"", ""COMP|T4_REGIME_ANCHOR_TRANSITION|UP|23a7c4b4ceaff651"", ""COMP|T4_REGIME_ANCHOR_TRANSITION|UP|2d56649bc557b5a8"", ""COMP|T4_REGIME_ANCHOR_TRANSITION|UP|6c4b06d7e4956465"", ""COMP|T4_REGIME_ANCHOR_TRANSITION|UP|9c2c013659ff8ea8"", ""COMP|T4_REGIME_ANCHOR_TRANSITION|UP|b1f2d4d2ac8d06ff""]","[""COMP|T3_ANCHOR_TRANSITION|UP|04220083936c17b1"", ""COMP|T4_REGIME_ANCHOR_TRANSITION|UP|0b93ff1976fbe3a3"", ""COMP|T4_REGIME_ANCHOR_TRANSITION|UP|23a7c4b4ceaff651"", ""COMP|T4_REGIME_ANCHOR_TRANSITION|UP|2d56649bc557b5a8"", ""COMP|T4_REGIME_ANCHOR_TRANSITION|UP|6c4b06d7e4956465"", ""COMP|T4_REGIME_ANCHOR_TRANSITION|UP|9c2c013659ff8ea8"", ""COMP|T4_REGIME_ANCHOR_TRANSITION|UP|b1f2d4d2ac8d06ff""]",EVENT_STREAM_JACCARD
NR-000607,UP,30m,8,0.95,COMP|T4_REGIME_ANCHOR_TRANSITION|UP|b02643b11eb16adf,"[""COMP|T3_ANCHOR_TRANSITION|UP|340bcc4b7885ffc9"", ""COMP|T4_REGIME_ANCHOR_TRANSITION|UP|073330ad80cfaf8f"", ""COMP|T4_REGIME_ANCHOR_TRANSITION|UP|3369220933a90376"", ""COMP|T4_REGIME_ANCHOR_TRANSITION|UP|48fbd458fea0fda9"", ""COMP|T4_REGIME_ANCHOR_TRANSITION|UP|86eb1af058bbc14e"", ""COMP|T4_REGIME_ANCHOR_TRANSITION|UP|a7b4958ffd897a9c"", ""COMP|T4_REGIME_ANCHOR_TRANSITION|UP|c0cd5e739743bf2d""]","[""COMP|T3_ANCHOR_TRANSITION|UP|340bcc4b7885ffc9"", ""COMP|T4_REGIME_ANCHOR_TRANSITION|UP|073330ad80cfaf8f"", ""COMP|T4_REGIME_ANCHOR_TRANSITION|UP|3369220933a90376"", ""COMP|T4_REGIME_ANCHOR_TRANSITION|UP|48fbd458fea0fda9"", ""COMP|T4_REGIME_ANCHOR_TRANSITION|UP|86eb1af058bbc14e"", ""COMP|T4_REGIME_ANCHOR_TRANSITION|UP|a7b4958ffd897a9c"", ""COMP|T4_REGIME_ANCHOR_TRANSITION|UP|b02643b11eb16adf"", ""COMP|T4_REGIME_ANCHOR_TRANSITION|UP|c0cd5e739743bf2d""]",EVENT_STREAM_JACCARD
NR-000608,UP,30m,8,0.95,COMP|T4_REGIME_ANCHOR_TRANSITION|UP|bb9e28fd9dbfa488,"[""COMP|T3_ANCHOR_TRANSITION|UP|213d14bd25df5a8b"", ""COMP|T4_REGIME_ANCHOR_TRANSITION|UP|3de2fa5f6298f61b"", ""COMP|T4_REGIME_ANCHOR_TRANSITION|UP|7793fd800b07ffbc"", ""COMP|T4_REGIME_ANCHOR_TRANSITION|UP|77a41646df0a19a1"", ""COMP|T4_REGIME_ANCHOR_TRANSITION|UP|aac260641edb7c01"", ""COMP|T4_REGIME_ANCHOR_TRANSITION|UP|e6e155f4a2ad6e54"", ""COMP|T4_REGIME_ANCHOR_TRANSITION|UP|f7e5eb7f4a6be10e""]","[""COMP|T3_ANCHOR_TRANSITION|UP|213d14bd25df5a8b"", ""COMP|T4_REGIME_ANCHOR_TRANSITION|UP|3de2fa5f6298f61b"", ""COMP|T4_REGIME_ANCHOR_TRANSITION|UP|7793fd800b07ffbc"", ""COMP|T4_REGIME_ANCHOR_TRANSITION|UP|77a41646df0a19a1"", ""COMP|T4_REGIME_ANCHOR_TRANSITION|UP|aac260641edb7c01"", ""COMP|T4_REGIME_ANCHOR_TRANSITION|UP|bb9e28fd9dbfa488"", ""COMP|T4_REGIME_ANCHOR_TRANSITION|UP|e6e155f4a2ad6e54"", ""COMP|T4_REGIME_ANCHOR_TRANSITION|UP|f7e5eb7f4a6be10e""]",EVENT_STREAM_JACCARD
NR-000609,UP,30m,8,0.95,COMP|T4_REGIME_ANCHOR_TRANSITION|UP|1674f6fabfe9177f,"[""COMP|T3_ANCHOR_TRANSITION|UP|9d3434a35325556c"", ""COMP|T4_REGIME_ANCHOR_TRANSITION|UP|176dbd146a6d06ef"", ""COMP|T4_REGIME_ANCHOR_TRANSITION|UP|43ae5389ad6f95e5"", ""COMP|T4_REGIME_ANCHOR_TRANSITION|UP|97a5901da474f73f"", ""COMP|T4_REGIME_ANCHOR_TRANSITION|UP|c5fe10ad91df7fef"", ""COMP|T4_REGIME_ANCHOR_TRANSITION|UP|e917f14d58ac940c"", ""COMP|T4_REGIME_ANCHOR_TRANSITION|UP|f0c6ce6241863a06""]","[""COMP|T3_ANCHOR_TRANSITION|UP|9d3434a35325556c"", ""COMP|T4_REGIME_ANCHOR_TRANSITION|UP|1674f6fabfe9177f"", ""COMP|T4_REGIME_ANCHOR_TRANSITION|UP|176dbd146a6d06ef"", ""COMP|T4_REGIME_ANCHOR_TRANSITION|UP|43ae5389ad6f95e5"", ""COMP|T4_REGIME_ANCHOR_TRANSITION|UP|97a5901da474f73f"", ""COMP|T4_REGIME_ANCHOR_TRANSITION|UP|c5fe10ad91df7fef"", ""COMP|T4_REGIME_ANCHOR_TRANSITION|UP|e917f14d58ac940c"", ""COMP|T4_REGIME_ANCHOR_TRANSITION|UP|f0c6ce6241863a06""]",EVENT_STREAM_JACCARD
NR-000610,UP,30m,4,0.95,COMP|T4_REGIME_ANCHOR_TRANSITION|UP|f05b196cf5151fcd,"[""COMP|T4_REGIME_ANCHOR_TRANSITION|UP|a7614ace258c0365"", ""COMP|T4_REGIME_ANCHOR_TRANSITION|UP|e27e5697317b3002"", ""COMP|T4_REGIME_ANCHOR_TRANSITION|UP|f13a2c00cdab3ffc""]","[""COMP|T4_REGIME_ANCHOR_TRANSITION|UP|a7614ace258c0365"", ""COMP|T4_REGIME_ANCHOR_TRANSITION|UP|e27e5697317b3002"", ""COMP|T4_REGIME_ANCHOR_TRANSITION|UP|f05b196cf5151fcd"", ""COMP|T4_REGIME_ANCHOR_TRANSITION|UP|f13a2c00cdab3ffc""]",EVENT_STREAM_JACCARD
NR-000611,UP,30m,8,0.95,COMP|T4_REGIME_ANCHOR_TRANSITION|UP|907c625a75d76251,"[""COMP|T3_ANCHOR_TRANSITION|UP|3d79525b9c7d9315"", ""COMP|T4_REGIME_ANCHOR_TRANSITION|UP|117848c7ce75a286"", ""COMP|T4_REGIME_ANCHOR_TRANSITION|UP|1241dfe282006fdd"", ""COMP|T4_REGIME_ANCHOR_TRANSITION|UP|385a65b2f8c382c0"", ""COMP|T4_REGIME_ANCHOR_TRANSITION|UP|8d795f161cea485e"", ""COMP|T4_REGIME_ANCHOR_TRANSITION|UP|9f4f0deac1982436"", ""COMP|T4_REGIME_ANCHOR_TRANSITION|UP|b241cf98e21c9e3b""]","[""COMP|T3_ANCHOR_TRANSITION|UP|3d79525b9c7d9315"", ""COMP|T4_REGIME_ANCHOR_TRANSITION|UP|117848c7ce75a286"", ""COMP|T4_REGIME_ANCHOR_TRANSITION|UP|1241dfe282006fdd"", ""COMP|T4_REGIME_ANCHOR_TRANSITION|UP|385a65b2f8c382c0"", ""COMP|T4_REGIME_ANCHOR_TRANSITION|UP|8d795f161cea485e"", ""COMP|T4_REGIME_ANCHOR_TRANSITION|UP|907c625a75d76251"", ""COMP|T4_REGIME_ANCHOR_TRANSITION|UP|9f4f0deac1982436"", ""COMP|T4_REGIME_ANCHOR_TRANSITION|UP|b241cf98e21c9e3b""]",EVENT_STREAM_JACCARD
NR-000612,UP,30m,8,0.95,COMP|T4_REGIME_ANCHOR_TRANSITION|UP|3a93d5105a7edbf0,"[""COMP|T3_ANCHOR_TRANSITION|UP|6c6202959c2408ac"", ""COMP|T4_REGIME_ANCHOR_TRANSITION|UP|2d7bddb547c7f4ac"", ""COMP|T4_REGIME_ANCHOR_TRANSITION|UP|52868ff7ae6bb08a"", ""COMP|T4_REGIME_ANCHOR_TRANSITION|UP|80659800aa8a9234"", ""COMP|T4_REGIME_ANCHOR_TRANSITION|UP|be19dd662b3ff8ca"", ""COMP|T4_REGIME_ANCHOR_TRANSITION|UP|d95dc87bddf46fcd"", ""COMP|T4_REGIME_ANCHOR_TRANSITION|UP|f635966a8d779059""]","[""COMP|T3_ANCHOR_TRANSITION|UP|6c6202959c2408ac"", ""COMP|T4_REGIME_ANCHOR_TRANSITION|UP|2d7bddb547c7f4ac"", ""COMP|T4_REGIME_ANCHOR_TRANSITION|UP|3a93d5105a7edbf0"", ""COMP|T4_REGIME_ANCHOR_TRANSITION|UP|52868ff7ae6bb08a"", ""COMP|T4_REGIME_ANCHOR_TRANSITION|UP|80659800aa8a9234"", ""COMP|T4_REGIME_ANCHOR_TRANSITION|UP|be19dd662b3ff8ca"", ""COMP|T4_REGIME_ANCHOR_TRANSITION|UP|d95dc87bddf46fcd"", ""COMP|T4_REGIME_ANCHOR_TRANSITION|UP|f635966a8d779059""]",EVENT_STREAM_JACCARD
NR-000613,UP,30m,8,0.95,COMP|T4_REGIME_ANCHOR_TRANSITION|UP|a08dc2404af8e3a1,"[""COMP|T3_ANCHOR_TRANSITION|UP|43f5620bca0107b6"", ""COMP|T4_REGIME_ANCHOR_TRANSITION|UP|0a1b911a9d7926f2"", ""COMP|T4_REGIME_ANCHOR_TRANSITION|UP|4de55a03bbb0b7d0"", ""COMP|T4_REGIME_ANCHOR_TRANSITION|UP|a47106f5f1cf8fb0"", ""COMP|T4_REGIME_ANCHOR_TRANSITION|UP|b456af8ffffb1ee4"", ""COMP|T4_REGIME_ANCHOR_TRANSITION|UP|d0e3f0d1f5455aa8"", ""COMP|T4_REGIME_ANCHOR_TRANSITION|UP|fad8f3e6da172855""]","[""COMP|T3_ANCHOR_TRANSITION|UP|43f5620bca0107b6"", ""COMP|T4_REGIME_ANCHOR_TRANSITION|UP|0a1b911a9d7926f2"", ""COMP|T4_REGIME_ANCHOR_TRANSITION|UP|4de55a03bbb0b7d0"", ""COMP|T4_REGIME_ANCHOR_TRANSITION|UP|a08dc2404af8e3a1"", ""COMP|T4_REGIME_ANCHOR_TRANSITION|UP|a47106f5f1cf8fb0"", ""COMP|T4_REGIME_ANCHOR_TRANSITION|UP|b456af8ffffb1ee4"", ""COMP|T4_REGIME_ANCHOR_TRANSITION|UP|d0e3f0d1f5455aa8"", ""COMP|T4_REGIME_ANCHOR_TRANSITION|UP|fad8f3e6da172855""]",EVENT_STREAM_JACCARD
NR-000614,UP,30m,8,0.95,COMP|T4_REGIME_ANCHOR_TRANSITION|UP|c99ad394b4dd3ce2,"[""COMP|T3_ANCHOR_TRANSITION|UP|16948c6f3328bb60"", ""COMP|T4_REGIME_ANCHOR_TRANSITION|UP|0f36e66323500f1b"", ""COMP|T4_REGIME_ANCHOR_TRANSITION|UP|16ad767fed533e79"", ""COMP|T4_REGIME_ANCHOR_TRANSITION|UP|38f1dac473817dad"", ""COMP|T4_REGIME_ANCHOR_TRANSITION|UP|4113156dfb504e0c"", ""COMP|T4_REGIME_ANCHOR_TRANSITION|UP|75b55b6e961e17c6"", ""COMP|T4_REGIME_ANCHOR_TRANSITION|UP|d9f4141434e08c5d""]","[""COMP|T3_ANCHOR_TRANSITION|UP|16948c6f3328bb60"", ""COMP|T4_REGIME_ANCHOR_TRANSITION|UP|0f36e66323500f1b"", ""COMP|T4_REGIME_ANCHOR_TRANSITION|UP|16ad767fed533e79"", ""COMP|T4_REGIME_ANCHOR_TRANSITION|UP|38f1dac473817dad"", ""COMP|T4_REGIME_ANCHOR_TRANSITION|UP|4113156dfb504e0c"", ""COMP|T4_REGIME_ANCHOR_TRANSITION|UP|75b55b6e961e17c6"", ""COMP|T4_REGIME_ANCHOR_TRANSITION|UP|c99ad394b4dd3ce2"", ""COMP|T4_REGIME_ANCHOR_TRANSITION|UP|d9f4141434e08c5d""]",EVENT_STREAM_JACCARD
NR-000615,UP,30m,7,0.95,COMP|T4_REGIME_ANCHOR_TRANSITION|UP|082e65fc4f4f4286,"[""COMP|T3_ANCHOR_TRANSITION|UP|179a63f9b13e50c7"", ""COMP|T4_REGIME_ANCHOR_TRANSITION|UP|27f7f8f71f319221"", ""COMP|T4_REGIME_ANCHOR_TRANSITION|UP|52b268d564972c9d"", ""COMP|T4_REGIME_ANCHOR_TRANSITION|UP|7114acb59df2b049"", ""COMP|T4_REGIME_ANCHOR_TRANSITION|UP|71a77446943f142a"", ""COMP|T4_REGIME_ANCHOR_TRANSITION|UP|da3fd68db5b81467""]","[""COMP|T3_ANCHOR_TRANSITION|UP|179a63f9b13e50c7"", ""COMP|T4_REGIME_ANCHOR_TRANSITION|UP|082e65fc4f4f4286"", ""COMP|T4_REGIME_ANCHOR_TRANSITION|UP|27f7f8f71f319221"", ""COMP|T4_REGIME_ANCHOR_TRANSITION|UP|52b268d564972c9d"", ""COMP|T4_REGIME_ANCHOR_TRANSITION|UP|7114acb59df2b049"", ""COMP|T4_REGIME_ANCHOR_TRANSITION|UP|71a77446943f142a"", ""COMP|T4_REGIME_ANCHOR_TRANSITION|UP|da3fd68db5b81467""]",EVENT_STREAM_JACCARD
NR-000616,UP,30m,8,0.95,COMP|T4_REGIME_ANCHOR_TRANSITION|UP|8a0b50e9951ee426,"[""COMP|T3_ANCHOR_TRANSITION|UP|a58ea7044323a26a"", ""COMP|T4_REGIME_ANCHOR_TRANSITION|UP|0ecdc3dce49ccedf"", ""COMP|T4_REGIME_ANCHOR_TRANSITION|UP|38661a91b1e9a8f8"", ""COMP|T4_REGIME_ANCHOR_TRANSITION|UP|48b6747701d84172"", ""COMP|T4_REGIME_ANCHOR_TRANSITION|UP|5012a0c127c318d7"", ""COMP|T4_REGIME_ANCHOR_TRANSITION|UP|d5131530aeefe3bc"", ""COMP|T4_REGIME_ANCHOR_TRANSITION|UP|f9b50cb01828fc40""]","[""COMP|T3_ANCHOR_TRANSITION|UP|a58ea7044323a26a"", ""COMP|T4_REGIME_ANCHOR_TRANSITION|UP|0ecdc3dce49ccedf"", ""COMP|T4_REGIME_ANCHOR_TRANSITION|UP|38661a91b1e9a8f8"", ""COMP|T4_REGIME_ANCHOR_TRANSITION|UP|48b6747701d84172"", ""COMP|T4_REGIME_ANCHOR_TRANSITION|UP|5012a0c127c318d7"", ""COMP|T4_REGIME_ANCHOR_TRANSITION|UP|8a0b50e9951ee426"", ""COMP|T4_REGIME_ANCHOR_TRANSITION|UP|d5131530aeefe3bc"", ""COMP|T4_REGIME_ANCHOR_TRANSITION|UP|f9b50cb01828fc40""]",EVENT_STREAM_JACCARD
NR-000617,UP,30m,8,0.95,COMP|T4_REGIME_ANCHOR_TRANSITION|UP|3d27be163ab02698,"[""COMP|T3_ANCHOR_TRANSITION|UP|5ab80902cfbc4d09"", ""COMP|T4_REGIME_ANCHOR_TRANSITION|UP|159017d388a90855"", ""COMP|T4_REGIME_ANCHOR_TRANSITION|UP|16492c64a299c416"", ""COMP|T4_REGIME_ANCHOR_TRANSITION|UP|4b79eafe1347ae9b"", ""COMP|T4_REGIME_ANCHOR_TRANSITION|UP|c61467c2563f2c63"", ""COMP|T4_REGIME_ANCHOR_TRANSITION|UP|de73a5502ee8df2a"", ""COMP|T4_REGIME_ANCHOR_TRANSITION|UP|ea782d42b2a09f7c""]","[""COMP|T3_ANCHOR_TRANSITION|UP|5ab80902cfbc4d09"", ""COMP|T4_REGIME_ANCHOR_TRANSITION|UP|159017d388a90855"", ""COMP|T4_REGIME_ANCHOR_TRANSITION|UP|16492c64a299c416"", ""COMP|T4_REGIME_ANCHOR_TRANSITION|UP|3d27be163ab02698"", ""COMP|T4_REGIME_ANCHOR_TRANSITION|UP|4b79eafe1347ae9b"", ""COMP|T4_REGIME_ANCHOR_TRANSITION|UP|c61467c2563f2c63"", ""COMP|T4_REGIME_ANCHOR_TRANSITION|UP|de73a5502ee8df2a"", ""COMP|T4_REGIME_ANCHOR_TRANSITION|UP|ea782d42b2a09f7c""]",EVENT_STREAM_JACCARD
NR-000618,UP,30m,8,0.95,COMP|T4_REGIME_ANCHOR_TRANSITION|UP|1cbc68797d68ac40,"[""COMP|T3_ANCHOR_TRANSITION|UP|abd5a41d14dbb660"", ""COMP|T4_REGIME_ANCHOR_TRANSITION|UP|054ac564b35fa61e"", ""COMP|T4_REGIME_ANCHOR_TRANSITION|UP|17bcb1b872a378d5"", ""COMP|T4_REGIME_ANCHOR_TRANSITION|UP|62c627ff3cec4035"", ""COMP|T4_REGIME_ANCHOR_TRANSITION|UP|71029712dcbca8f9"", ""COMP|T4_REGIME_ANCHOR_TRANSITION|UP|7f1a0515c840b786"", ""COMP|T4_REGIME_ANCHOR_TRANSITION|UP|ba0920e63d756334""]","[""COMP|T3_ANCHOR_TRANSITION|UP|abd5a41d14dbb660"", ""COMP|T4_REGIME_ANCHOR_TRANSITION|UP|054ac564b35fa61e"", ""COMP|T4_REGIME_ANCHOR_TRANSITION|UP|17bcb1b872a378d5"", ""COMP|T4_REGIME_ANCHOR_TRANSITION|UP|1cbc68797d68ac40"", ""COMP|T4_REGIME_ANCHOR_TRANSITION|UP|62c627ff3cec4035"", ""COMP|T4_REGIME_ANCHOR_TRANSITION|UP|71029712dcbca8f9"", ""COMP|T4_REGIME_ANCHOR_TRANSITION|UP|7f1a0515c840b786"", ""COMP|T4_REGIME_ANCHOR_TRANSITION|UP|ba0920e63d756334""]",EVENT_STREAM_JACCARD
NR-000619,UP,30m,8,0.95,COMP|T4_REGIME_ANCHOR_TRANSITION|UP|c8282079df1d5aea,"[""COMP|T3_ANCHOR_TRANSITION|UP|7c212ad7272254ea"", ""COMP|T4_REGIME_ANCHOR_TRANSITION|UP|5d35f969cbeccd21"", ""COMP|T4_REGIME_ANCHOR_TRANSITION|UP|5e75eb009a698785"", ""COMP|T4_REGIME_ANCHOR_TRANSITION|UP|87b6ef955ec51971"", ""COMP|T4_REGIME_ANCHOR_TRANSITION|UP|908be9551363fdf9"", ""COMP|T4_REGIME_ANCHOR_TRANSITION|UP|9485ca78667feb1c"", ""COMP|T4_REGIME_ANCHOR_TRANSITION|UP|cc84dfd197b865e7""]","[""COMP|T3_ANCHOR_TRANSITION|UP|7c212ad7272254ea"", ""COMP|T4_REGIME_ANCHOR_TRANSITION|UP|5d35f969cbeccd21"", ""COMP|T4_REGIME_ANCHOR_TRANSITION|UP|5e75eb009a698785"", ""COMP|T4_REGIME_ANCHOR_TRANSITION|UP|87b6ef955ec51971"", ""COMP|T4_REGIME_ANCHOR_TRANSITION|UP|908be9551363fdf9"", ""COMP|T4_REGIME_ANCHOR_TRANSITION|UP|9485ca78667feb1c"", ""COMP|T4_REGIME_ANCHOR_TRANSITION|UP|c8282079df1d5aea"", ""COMP|T4_REGIME_ANCHOR_TRANSITION|UP|cc84dfd197b865e7""]",EVENT_STREAM_JACCARD
NR-000620,UP,30m,2,0.95,COMP|T4_REGIME_ANCHOR_TRANSITION|UP|5113af790fe37800,"[""COMP|T4_REGIME_ANCHOR_TRANSITION|UP|7b4e1d148e3d5558""]","[""COMP|T4_REGIME_ANCHOR_TRANSITION|UP|5113af790fe37800"", ""COMP|T4_REGIME_ANCHOR_TRANSITION|UP|7b4e1d148e3d5558""]",EVENT_STREAM_JACCARD
NR-000621,UP,30m,2,0.95,COMP|T4_REGIME_ANCHOR_TRANSITION|UP|4439958f154d7a81,"[""COMP|T4_REGIME_ANCHOR_TRANSITION|UP|1191a9f5ad898952""]","[""COMP|T4_REGIME_ANCHOR_TRANSITION|UP|1191a9f5ad898952"", ""COMP|T4_REGIME_ANCHOR_TRANSITION|UP|4439958f154d7a81""]",EVENT_STREAM_JACCARD
NR-000622,UP,30m,8,0.95,COMP|T4_REGIME_ANCHOR_TRANSITION|UP|9cba2b22bfbec4a0,"[""COMP|T3_ANCHOR_TRANSITION|UP|a054a7f45c22987b"", ""COMP|T4_REGIME_ANCHOR_TRANSITION|UP|13aa74e3b0aaa9bc"", ""COMP|T4_REGIME_ANCHOR_TRANSITION|UP|5ba205f7ff2b8162"", ""COMP|T4_REGIME_ANCHOR_TRANSITION|UP|6001001641d690e2"", ""COMP|T4_REGIME_ANCHOR_TRANSITION|UP|a8c15cd6c2a2e978"", ""COMP|T4_REGIME_ANCHOR_TRANSITION|UP|e2d13cad0d5e8285"", ""COMP|T4_REGIME_ANCHOR_TRANSITION|UP|f0503e68cafb30aa""]","[""COMP|T3_ANCHOR_TRANSITION|UP|a054a7f45c22987b"", ""COMP|T4_REGIME_ANCHOR_TRANSITION|UP|13aa74e3b0aaa9bc"", ""COMP|T4_REGIME_ANCHOR_TRANSITION|UP|5ba205f7ff2b8162"", ""COMP|T4_REGIME_ANCHOR_TRANSITION|UP|6001001641d690e2"", ""COMP|T4_REGIME_ANCHOR_TRANSITION|UP|9cba2b22bfbec4a0"", ""COMP|T4_REGIME_ANCHOR_TRANSITION|UP|a8c15cd6c2a2e978"", ""COMP|T4_REGIME_ANCHOR_TRANSITION|UP|e2d13cad0d5e8285"", ""COMP|T4_REGIME_ANCHOR_TRANSITION|UP|f0503e68cafb30aa""]",EVENT_STREAM_JACCARD
NR-000623,UP,30m,7,0.95,COMP|T4_REGIME_ANCHOR_TRANSITION|UP|17615cef023ca2b5,"[""COMP|T3_ANCHOR_TRANSITION|UP|32c779905c77e38e"", ""COMP|T4_REGIME_ANCHOR_TRANSITION|UP|2b52604719e00307"", ""COMP|T4_REGIME_ANCHOR_TRANSITION|UP|2bb95201ea42f782"", ""COMP|T4_REGIME_ANCHOR_TRANSITION|UP|9c1fc7c5eb4ece85"", ""COMP|T4_REGIME_ANCHOR_TRANSITION|UP|b1bee4ed5dcf6db6"", ""COMP|T4_REGIME_ANCHOR_TRANSITION|UP|fbc8479769d2f51f""]","[""COMP|T3_ANCHOR_TRANSITION|UP|32c779905c77e38e"", ""COMP|T4_REGIME_ANCHOR_TRANSITION|UP|17615cef023ca2b5"", ""COMP|T4_REGIME_ANCHOR_TRANSITION|UP|2b52604719e00307"", ""COMP|T4_REGIME_ANCHOR_TRANSITION|UP|2bb95201ea42f782"", ""COMP|T4_REGIME_ANCHOR_TRANSITION|UP|9c1fc7c5eb4ece85"", ""COMP|T4_REGIME_ANCHOR_TRANSITION|UP|b1bee4ed5dcf6db6"", ""COMP|T4_REGIME_ANCHOR_TRANSITION|UP|fbc8479769d2f51f""]",EVENT_STREAM_JACCARD
NR-000624,UP,30m,7,0.95,COMP|T4_REGIME_ANCHOR_TRANSITION|UP|93e5058f9a3d42c1,"[""COMP|T3_ANCHOR_TRANSITION|UP|6e0b8cc3ace2c0f1"", ""COMP|T4_REGIME_ANCHOR_TRANSITION|UP|13fc22fb4492fc92"", ""COMP|T4_REGIME_ANCHOR_TRANSITION|UP|27db6c1780b2c44d"", ""COMP|T4_REGIME_ANCHOR_TRANSITION|UP|71f2841d6be44023"", ""COMP|T4_REGIME_ANCHOR_TRANSITION|UP|9f462eb62fa629d2"", ""COMP|T4_REGIME_ANCHOR_TRANSITION|UP|e3e34378193dd233""]","[""COMP|T3_ANCHOR_TRANSITION|UP|6e0b8cc3ace2c0f1"", ""COMP|T4_REGIME_ANCHOR_TRANSITION|UP|13fc22fb4492fc92"", ""COMP|T4_REGIME_ANCHOR_TRANSITION|UP|27db6c1780b2c44d"", ""COMP|T4_REGIME_ANCHOR_TRANSITION|UP|71f2841d6be44023"", ""COMP|T4_REGIME_ANCHOR_TRANSITION|UP|93e5058f9a3d42c1"", ""COMP|T4_REGIME_ANCHOR_TRANSITION|UP|9f462eb62fa629d2"", ""COMP|T4_REGIME_ANCHOR_TRANSITION|UP|e3e34378193dd233""]",EVENT_STREAM_JACCARD
NR-000625,UP,30m,6,0.95,COMP|T4_REGIME_ANCHOR_TRANSITION|UP|5f5a931dd2cd33a6,"[""COMP|T3_ANCHOR_TRANSITION|UP|e5027211a53189b3"", ""COMP|T4_REGIME_ANCHOR_TRANSITION|UP|08845f8657598171"", ""COMP|T4_REGIME_ANCHOR_TRANSITION|UP|0a40b7c611ff2a88"", ""COMP|T4_REGIME_ANCHOR_TRANSITION|UP|3aa130f78cbaf2f2"", ""COMP|T4_REGIME_ANCHOR_TRANSITION|UP|46614ce9f8f66ef6""]","[""COMP|T3_ANCHOR_TRANSITION|UP|e5027211a53189b3"", ""COMP|T4_REGIME_ANCHOR_TRANSITION|UP|08845f8657598171"", ""COMP|T4_REGIME_ANCHOR_TRANSITION|UP|0a40b7c611ff2a88"", ""COMP|T4_REGIME_ANCHOR_TRANSITION|UP|3aa130f78cbaf2f2"", ""COMP|T4_REGIME_ANCHOR_TRANSITION|UP|46614ce9f8f66ef6"", ""COMP|T4_REGIME_ANCHOR_TRANSITION|UP|5f5a931dd2cd33a6""]",EVENT_STREAM_JACCARD
NR-000626,UP,30m,8,0.95,COMP|T4_REGIME_ANCHOR_TRANSITION|UP|d2e864ab6de9686d,"[""COMP|T3_ANCHOR_TRANSITION|UP|6cf08cc37e360f2b"", ""COMP|T4_REGIME_ANCHOR_TRANSITION|UP|08c675de01a211ff"", ""COMP|T4_REGIME_ANCHOR_TRANSITION|UP|4546c8915cc9e13d"", ""COMP|T4_REGIME_ANCHOR_TRANSITION|UP|6fa00c4a8c1a0037"", ""COMP|T4_REGIME_ANCHOR_TRANSITION|UP|809f137a26cac35a"", ""COMP|T4_REGIME_ANCHOR_TRANSITION|UP|876b6e4446973f6f"", ""COMP|T4_REGIME_ANCHOR_TRANSITION|UP|f85bb083d8d2ae42""]","[""COMP|T3_ANCHOR_TRANSITION|UP|6cf08cc37e360f2b"", ""COMP|T4_REGIME_ANCHOR_TRANSITION|UP|08c675de01a211ff"", ""COMP|T4_REGIME_ANCHOR_TRANSITION|UP|4546c8915cc9e13d"", ""COMP|T4_REGIME_ANCHOR_TRANSITION|UP|6fa00c4a8c1a0037"", ""COMP|T4_REGIME_ANCHOR_TRANSITION|UP|809f137a26cac35a"", ""COMP|T4_REGIME_ANCHOR_TRANSITION|UP|876b6e4446973f6f"", ""COMP|T4_REGIME_ANCHOR_TRANSITION|UP|d2e864ab6de9686d"", ""COMP|T4_REGIME_ANCHOR_TRANSITION|UP|f85bb083d8d2ae42""]",EVENT_STREAM_JACCARD
NR-000627,UP,30m,8,0.95,COMP|T4_REGIME_ANCHOR_TRANSITION|UP|d25cd22e60afd617,"[""COMP|T3_ANCHOR_TRANSITION|UP|2ca06bb27311f72d"", ""COMP|T4_REGIME_ANCHOR_TRANSITION|UP|14b9ee5703c50a4f"", ""COMP|T4_REGIME_ANCHOR_TRANSITION|UP|367e0ea8a84998cd"", ""COMP|T4_REGIME_ANCHOR_TRANSITION|UP|4b6168776cd9b524"", ""COMP|T4_REGIME_ANCHOR_TRANSITION|UP|58a4912e8f6068f6"", ""COMP|T4_REGIME_ANCHOR_TRANSITION|UP|820956d21f034627"", ""COMP|T4_REGIME_ANCHOR_TRANSITION|UP|f229ddaa0b135ab6""]","[""COMP|T3_ANCHOR_TRANSITION|UP|2ca06bb27311f72d"", ""COMP|T4_REGIME_ANCHOR_TRANSITION|UP|14b9ee5703c50a4f"", ""COMP|T4_REGIME_ANCHOR_TRANSITION|UP|367e0ea8a84998cd"", ""COMP|T4_REGIME_ANCHOR_TRANSITION|UP|4b6168776cd9b524"", ""COMP|T4_REGIME_ANCHOR_TRANSITION|UP|58a4912e8f6068f6"", ""COMP|T4_REGIME_ANCHOR_TRANSITION|UP|820956d21f034627"", ""COMP|T4_REGIME_ANCHOR_TRANSITION|UP|d25cd22e60afd617"", ""COMP|T4_REGIME_ANCHOR_TRANSITION|UP|f229ddaa0b135ab6""]",EVENT_STREAM_JACCARD
NR-000628,UP,30m,8,0.95,COMP|T4_REGIME_ANCHOR_TRANSITION|UP|d0e9626685eb625a,"[""COMP|T3_ANCHOR_TRANSITION|UP|d304f40b1fa67d8d"", ""COMP|T4_REGIME_ANCHOR_TRANSITION|UP|1837f92250342fea"", ""COMP|T4_REGIME_ANCHOR_TRANSITION|UP|3b6c98b05dd8edd0"", ""COMP|T4_REGIME_ANCHOR_TRANSITION|UP|3ce9214634e333f6"", ""COMP|T4_REGIME_ANCHOR_TRANSITION|UP|6b1e4bfc68e40bfb"", ""COMP|T4_REGIME_ANCHOR_TRANSITION|UP|93e5463c031c1f01"", ""COMP|T4_REGIME_ANCHOR_TRANSITION|UP|db036a0cd18c254d""]","[""COMP|T3_ANCHOR_TRANSITION|UP|d304f40b1fa67d8d"", ""COMP|T4_REGIME_ANCHOR_TRANSITION|UP|1837f92250342fea"", ""COMP|T4_REGIME_ANCHOR_TRANSITION|UP|3b6c98b05dd8edd0"", ""COMP|T4_REGIME_ANCHOR_TRANSITION|UP|3ce9214634e333f6"", ""COMP|T4_REGIME_ANCHOR_TRANSITION|UP|6b1e4bfc68e40bfb"", ""COMP|T4_REGIME_ANCHOR_TRANSITION|UP|93e5463c031c1f01"", ""COMP|T4_REGIME_ANCHOR_TRANSITION|UP|d0e9626685eb625a"", ""COMP|T4_REGIME_ANCHOR_TRANSITION|UP|db036a0cd18c254d""]",EVENT_STREAM_JACCARD
NR-000629,UP,30m,8,0.95,COMP|T4_REGIME_ANCHOR_TRANSITION|UP|60adfadef6ea3312,"[""COMP|T3_ANCHOR_TRANSITION|UP|56c86378c18a5d92"", ""COMP|T4_REGIME_ANCHOR_TRANSITION|UP|2d317898dd4a4370"", ""COMP|T4_REGIME_ANCHOR_TRANSITION|UP|341f66b136d80b4f"", ""COMP|T4_REGIME_ANCHOR_TRANSITION|UP|4f3ac7d72153ac14"", ""COMP|T4_REGIME_ANCHOR_TRANSITION|UP|de6675ab134edacb"", ""COMP|T4_REGIME_ANCHOR_TRANSITION|UP|ebc31217c9847140"", ""COMP|T4_REGIME_ANCHOR_TRANSITION|UP|eec8d3e9b5cfa05a""]","[""COMP|T3_ANCHOR_TRANSITION|UP|56c86378c18a5d92"", ""COMP|T4_REGIME_ANCHOR_TRANSITION|UP|2d317898dd4a4370"", ""COMP|T4_REGIME_ANCHOR_TRANSITION|UP|341f66b136d80b4f"", ""COMP|T4_REGIME_ANCHOR_TRANSITION|UP|4f3ac7d72153ac14"", ""COMP|T4_REGIME_ANCHOR_TRANSITION|UP|60adfadef6ea3312"", ""COMP|T4_REGIME_ANCHOR_TRANSITION|UP|de6675ab134edacb"", ""COMP|T4_REGIME_ANCHOR_TRANSITION|UP|ebc31217c9847140"", ""COMP|T4_REGIME_ANCHOR_TRANSITION|UP|eec8d3e9b5cfa05a""]",EVENT_STREAM_JACCARD
NR-000630,UP,30m,2,0.95,COMP|T4_REGIME_ANCHOR_TRANSITION|UP|018e0c44f49a516b,"[""COMP|T4_REGIME_ANCHOR_TRANSITION|UP|6166be246801110e""]","[""COMP|T4_REGIME_ANCHOR_TRANSITION|UP|018e0c44f49a516b"", ""COMP|T4_REGIME_ANCHOR_TRANSITION|UP|6166be246801110e""]",EVENT_STREAM_JACCARD
NR-000631,UP,30m,8,0.95,COMP|T4_REGIME_ANCHOR_TRANSITION|UP|1fa773ab100b2441,"[""COMP|T3_ANCHOR_TRANSITION|UP|922d15f27038d4c3"", ""COMP|T4_REGIME_ANCHOR_TRANSITION|UP|038e1636df29b621"", ""COMP|T4_REGIME_ANCHOR_TRANSITION|UP|088d0d433a38054e"", ""COMP|T4_REGIME_ANCHOR_TRANSITION|UP|35dfc9fb292a5e60"", ""COMP|T4_REGIME_ANCHOR_TRANSITION|UP|3ef9fdadd035d89e"", ""COMP|T4_REGIME_ANCHOR_TRANSITION|UP|bb1c0ff3c353310f"", ""COMP|T4_REGIME_ANCHOR_TRANSITION|UP|d232c8ea8afafe5c""]","[""COMP|T3_ANCHOR_TRANSITION|UP|922d15f27038d4c3"", ""COMP|T4_REGIME_ANCHOR_TRANSITION|UP|038e1636df29b621"", ""COMP|T4_REGIME_ANCHOR_TRANSITION|UP|088d0d433a38054e"", ""COMP|T4_REGIME_ANCHOR_TRANSITION|UP|1fa773ab100b2441"", ""COMP|T4_REGIME_ANCHOR_TRANSITION|UP|35dfc9fb292a5e60"", ""COMP|T4_REGIME_ANCHOR_TRANSITION|UP|3ef9fdadd035d89e"", ""COMP|T4_REGIME_ANCHOR_TRANSITION|UP|bb1c0ff3c353310f"", ""COMP|T4_REGIME_ANCHOR_TRANSITION|UP|d232c8ea8afafe5c""]",EVENT_STREAM_JACCARD
NR-000632,UP,30m,8,0.95,COMP|T4_REGIME_ANCHOR_TRANSITION|UP|3f7c96d598954285,"[""COMP|T3_ANCHOR_TRANSITION|UP|bdd710a828328b20"", ""COMP|T4_REGIME_ANCHOR_TRANSITION|UP|1423da11df1830a2"", ""COMP|T4_REGIME_ANCHOR_TRANSITION|UP|2a3ef5ba1c9bc7ce"", ""COMP|T4_REGIME_ANCHOR_TRANSITION|UP|2cd45f40a4cd45e4"", ""COMP|T4_REGIME_ANCHOR_TRANSITION|UP|4de602cc8a87790c"", ""COMP|T4_REGIME_ANCHOR_TRANSITION|UP|8635067fe022d327"", ""COMP|T4_REGIME_ANCHOR_TRANSITION|UP|db714cdc70279488""]","[""COMP|T3_ANCHOR_TRANSITION|UP|bdd710a828328b20"", ""COMP|T4_REGIME_ANCHOR_TRANSITION|UP|1423da11df1830a2"", ""COMP|T4_REGIME_ANCHOR_TRANSITION|UP|2a3ef5ba1c9bc7ce"", ""COMP|T4_REGIME_ANCHOR_TRANSITION|UP|2cd45f40a4cd45e4"", ""COMP|T4_REGIME_ANCHOR_TRANSITION|UP|3f7c96d598954285"", ""COMP|T4_REGIME_ANCHOR_TRANSITION|UP|4de602cc8a87790c"", ""COMP|T4_REGIME_ANCHOR_TRANSITION|UP|8635067fe022d327"", ""COMP|T4_REGIME_ANCHOR_TRANSITION|UP|db714cdc70279488""]",EVENT_STREAM_JACCARD
NR-000633,UP,30m,6,0.95,COMP|T4_REGIME_ANCHOR_TRANSITION|UP|129245a9480a34a1,"[""COMP|T3_ANCHOR_TRANSITION|UP|dce33dfb25230fbd"", ""COMP|T4_REGIME_ANCHOR_TRANSITION|UP|14379a61f9b79545"", ""COMP|T4_REGIME_ANCHOR_TRANSITION|UP|26b62488f79ff868"", ""COMP|T4_REGIME_ANCHOR_TRANSITION|UP|5269098c97d0ed25"", ""COMP|T4_REGIME_ANCHOR_TRANSITION|UP|55f258107506d205""]","[""COMP|T3_ANCHOR_TRANSITION|UP|dce33dfb25230fbd"", ""COMP|T4_REGIME_ANCHOR_TRANSITION|UP|129245a9480a34a1"", ""COMP|T4_REGIME_ANCHOR_TRANSITION|UP|14379a61f9b79545"", ""COMP|T4_REGIME_ANCHOR_TRANSITION|UP|26b62488f79ff868"", ""COMP|T4_REGIME_ANCHOR_TRANSITION|UP|5269098c97d0ed25"", ""COMP|T4_REGIME_ANCHOR_TRANSITION|UP|55f258107506d205""]",EVENT_STREAM_JACCARD
NR-000634,UP,30m,8,0.95,COMP|T4_REGIME_ANCHOR_TRANSITION|UP|d62043ae18d238b0,"[""COMP|T3_ANCHOR_TRANSITION|UP|97ced3e92a22e7f4"", ""COMP|T4_REGIME_ANCHOR_TRANSITION|UP|09285af5b3993bc2"", ""COMP|T4_REGIME_ANCHOR_TRANSITION|UP|11d07a6c3128d1d6"", ""COMP|T4_REGIME_ANCHOR_TRANSITION|UP|177840495eeda7e8"", ""COMP|T4_REGIME_ANCHOR_TRANSITION|UP|18ba2995f0d5c107"", ""COMP|T4_REGIME_ANCHOR_TRANSITION|UP|2a6d78a51d013e36"", ""COMP|T4_REGIME_ANCHOR_TRANSITION|UP|a8148f54bf0275e3""]","[""COMP|T3_ANCHOR_TRANSITION|UP|97ced3e92a22e7f4"", ""COMP|T4_REGIME_ANCHOR_TRANSITION|UP|09285af5b3993bc2"", ""COMP|T4_REGIME_ANCHOR_TRANSITION|UP|11d07a6c3128d1d6"", ""COMP|T4_REGIME_ANCHOR_TRANSITION|UP|177840495eeda7e8"", ""COMP|T4_REGIME_ANCHOR_TRANSITION|UP|18ba2995f0d5c107"", ""COMP|T4_REGIME_ANCHOR_TRANSITION|UP|2a6d78a51d013e36"", ""COMP|T4_REGIME_ANCHOR_TRANSITION|UP|a8148f54bf0275e3"", ""COMP|T4_REGIME_ANCHOR_TRANSITION|UP|d62043ae18d238b0""]",EVENT_STREAM_JACCARD
NR-000635,UP,30m,8,0.95,COMP|T4_REGIME_ANCHOR_TRANSITION|UP|c9b4bbe431c36c53,"[""COMP|T3_ANCHOR_TRANSITION|UP|fb2a0b5bd2d6fff8"", ""COMP|T4_REGIME_ANCHOR_TRANSITION|UP|0b09d1c9c298bce2"", ""COMP|T4_REGIME_ANCHOR_TRANSITION|UP|12c680e7c0614f97"", ""COMP|T4_REGIME_ANCHOR_TRANSITION|UP|1402a1ad86fa1c43"", ""COMP|T4_REGIME_ANCHOR_TRANSITION|UP|1c5c30644f62c4d9"", ""COMP|T4_REGIME_ANCHOR_TRANSITION|UP|2c06e2a951711d96"", ""COMP|T4_REGIME_ANCHOR_TRANSITION|UP|5535a444d7b04f34""]","[""COMP|T3_ANCHOR_TRANSITION|UP|fb2a0b5bd2d6fff8"", ""COMP|T4_REGIME_ANCHOR_TRANSITION|UP|0b09d1c9c298bce2"", ""COMP|T4_REGIME_ANCHOR_TRANSITION|UP|12c680e7c0614f97"", ""COMP|T4_REGIME_ANCHOR_TRANSITION|UP|1402a1ad86fa1c43"", ""COMP|T4_REGIME_ANCHOR_TRANSITION|UP|1c5c30644f62c4d9"", ""COMP|T4_REGIME_ANCHOR_TRANSITION|UP|2c06e2a951711d96"", ""COMP|T4_REGIME_ANCHOR_TRANSITION|UP|5535a444d7b04f34"", ""COMP|T4_REGIME_ANCHOR_TRANSITION|UP|c9b4bbe431c36c53""]",EVENT_STREAM_JACCARD
NR-000636,UP,30m,8,0.95,COMP|T4_REGIME_ANCHOR_TRANSITION|UP|a00632253548681b,"[""COMP|T3_ANCHOR_TRANSITION|UP|34cf98622ad36768"", ""COMP|T4_REGIME_ANCHOR_TRANSITION|UP|2f7377db972b9759"", ""COMP|T4_REGIME_ANCHOR_TRANSITION|UP|7e2ef938a6f6d3c2"", ""COMP|T4_REGIME_ANCHOR_TRANSITION|UP|b4afc7e865fe00aa"", ""COMP|T4_REGIME_ANCHOR_TRANSITION|UP|c0ffce1b4f3694f3"", ""COMP|T4_REGIME_ANCHOR_TRANSITION|UP|c158945f881552cb"", ""COMP|T4_REGIME_ANCHOR_TRANSITION|UP|c615321cd20badbe""]","[""COMP|T3_ANCHOR_TRANSITION|UP|34cf98622ad36768"", ""COMP|T4_REGIME_ANCHOR_TRANSITION|UP|2f7377db972b9759"", ""COMP|T4_REGIME_ANCHOR_TRANSITION|UP|7e2ef938a6f6d3c2"", ""COMP|T4_REGIME_ANCHOR_TRANSITION|UP|a00632253548681b"", ""COMP|T4_REGIME_ANCHOR_TRANSITION|UP|b4afc7e865fe00aa"", ""COMP|T4_REGIME_ANCHOR_TRANSITION|UP|c0ffce1b4f3694f3"", ""COMP|T4_REGIME_ANCHOR_TRANSITION|UP|c158945f881552cb"", ""COMP|T4_REGIME_ANCHOR_TRANSITION|UP|c615321cd20badbe""]",EVENT_STREAM_JACCARD
NR-000637,UP,30m,8,0.95,COMP|T4_REGIME_ANCHOR_TRANSITION|UP|1f2af321cbba3093,"[""COMP|T3_ANCHOR_TRANSITION|UP|47147ea18cea4ad0"", ""COMP|T4_REGIME_ANCHOR_TRANSITION|UP|07e04b615159dac0"", ""COMP|T4_REGIME_ANCHOR_TRANSITION|UP|193c121ae0d6b2d9"", ""COMP|T4_REGIME_ANCHOR_TRANSITION|UP|2ebc880a551d6bbc"", ""COMP|T4_REGIME_ANCHOR_TRANSITION|UP|bfa0d1dec218572d"", ""COMP|T4_REGIME_ANCHOR_TRANSITION|UP|e47383a3cf2597e9"", ""COMP|T4_REGIME_ANCHOR_TRANSITION|UP|f95b40fc499c0e5d""]","[""COMP|T3_ANCHOR_TRANSITION|UP|47147ea18cea4ad0"", ""COMP|T4_REGIME_ANCHOR_TRANSITION|UP|07e04b615159dac0"", ""COMP|T4_REGIME_ANCHOR_TRANSITION|UP|193c121ae0d6b2d9"", ""COMP|T4_REGIME_ANCHOR_TRANSITION|UP|1f2af321cbba3093"", ""COMP|T4_REGIME_ANCHOR_TRANSITION|UP|2ebc880a551d6bbc"", ""COMP|T4_REGIME_ANCHOR_TRANSITION|UP|bfa0d1dec218572d"", ""COMP|T4_REGIME_ANCHOR_TRANSITION|UP|e47383a3cf2597e9"", ""COMP|T4_REGIME_ANCHOR_TRANSITION|UP|f95b40fc499c0e5d""]",EVENT_STREAM_JACCARD
NR-000638,UP,30m,3,0.95,COMP|T4_REGIME_ANCHOR_TRANSITION|UP|f4554c9655c21876,"[""COMP|T4_REGIME_ANCHOR_TRANSITION|UP|0cbe83cbc1a05dee"", ""COMP|T4_REGIME_ANCHOR_TRANSITION|UP|c553fd4bcb61ab96""]","[""COMP|T4_REGIME_ANCHOR_TRANSITION|UP|0cbe83cbc1a05dee"", ""COMP|T4_REGIME_ANCHOR_TRANSITION|UP|c553fd4bcb61ab96"", ""COMP|T4_REGIME_ANCHOR_TRANSITION|UP|f4554c9655c21876""]",EVENT_STREAM_JACCARD
NR-000639,UP,30m,8,0.95,COMP|T4_REGIME_ANCHOR_TRANSITION|UP|2d75cc3d3e7e782a,"[""COMP|T3_ANCHOR_TRANSITION|UP|bee7853bf70849b8"", ""COMP|T4_REGIME_ANCHOR_TRANSITION|UP|0882b11890c729ac"", ""COMP|T4_REGIME_ANCHOR_TRANSITION|UP|17bd19c66dfe7336"", ""COMP|T4_REGIME_ANCHOR_TRANSITION|UP|52b74aa220250b2d"", ""COMP|T4_REGIME_ANCHOR_TRANSITION|UP|a15c51f1078f096d"", ""COMP|T4_REGIME_ANCHOR_TRANSITION|UP|a18f7015332c00f7"", ""COMP|T4_REGIME_ANCHOR_TRANSITION|UP|a6f1d96a95e2a1df""]","[""COMP|T3_ANCHOR_TRANSITION|UP|bee7853bf70849b8"", ""COMP|T4_REGIME_ANCHOR_TRANSITION|UP|0882b11890c729ac"", ""COMP|T4_REGIME_ANCHOR_TRANSITION|UP|17bd19c66dfe7336"", ""COMP|T4_REGIME_ANCHOR_TRANSITION|UP|2d75cc3d3e7e782a"", ""COMP|T4_REGIME_ANCHOR_TRANSITION|UP|52b74aa220250b2d"", ""COMP|T4_REGIME_ANCHOR_TRANSITION|UP|a15c51f1078f096d"", ""COMP|T4_REGIME_ANCHOR_TRANSITION|UP|a18f7015332c00f7"", ""COMP|T4_REGIME_ANCHOR_TRANSITION|UP|a6f1d96a95e2a1df""]",EVENT_STREAM_JACCARD
NR-000640,UP,30m,7,0.95,COMP|T4_REGIME_ANCHOR_TRANSITION|UP|e587ac2221333598,"[""COMP|T3_ANCHOR_TRANSITION|UP|6460bb3ea8515422"", ""COMP|T4_REGIME_ANCHOR_TRANSITION|UP|424c2a33b88b35ff"", ""COMP|T4_REGIME_ANCHOR_TRANSITION|UP|6711c67d905eaf2c"", ""COMP|T4_REGIME_ANCHOR_TRANSITION|UP|8dc8627baccbabcd"", ""COMP|T4_REGIME_ANCHOR_TRANSITION|UP|caba2baa47225d07"", ""COMP|T4_REGIME_ANCHOR_TRANSITION|UP|e4ac83519a911265""]","[""COMP|T3_ANCHOR_TRANSITION|UP|6460bb3ea8515422"", ""COMP|T4_REGIME_ANCHOR_TRANSITION|UP|424c2a33b88b35ff"", ""COMP|T4_REGIME_ANCHOR_TRANSITION|UP|6711c67d905eaf2c"", ""COMP|T4_REGIME_ANCHOR_TRANSITION|UP|8dc8627baccbabcd"", ""COMP|T4_REGIME_ANCHOR_TRANSITION|UP|caba2baa47225d07"", ""COMP|T4_REGIME_ANCHOR_TRANSITION|UP|e4ac83519a911265"", ""COMP|T4_REGIME_ANCHOR_TRANSITION|UP|e587ac2221333598""]",EVENT_STREAM_JACCARD
NR-000641,UP,30m,8,0.95,COMP|T4_REGIME_ANCHOR_TRANSITION|UP|89e9c851f6f62f1a,"[""COMP|T3_ANCHOR_TRANSITION|UP|0b2350efd432a867"", ""COMP|T4_REGIME_ANCHOR_TRANSITION|UP|2d508a7746e2402e"", ""COMP|T4_REGIME_ANCHOR_TRANSITION|UP|53c22080de97ddd0"", ""COMP|T4_REGIME_ANCHOR_TRANSITION|UP|85983b7e361124fa"", ""COMP|T4_REGIME_ANCHOR_TRANSITION|UP|ab29a6a487421865"", ""COMP|T4_REGIME_ANCHOR_TRANSITION|UP|cb1b8daec34ee262"", ""COMP|T4_REGIME_ANCHOR_TRANSITION|UP|fa79548a300631e4""]","[""COMP|T3_ANCHOR_TRANSITION|UP|0b2350efd432a867"", ""COMP|T4_REGIME_ANCHOR_TRANSITION|UP|2d508a7746e2402e"", ""COMP|T4_REGIME_ANCHOR_TRANSITION|UP|53c22080de97ddd0"", ""COMP|T4_REGIME_ANCHOR_TRANSITION|UP|85983b7e361124fa"", ""COMP|T4_REGIME_ANCHOR_TRANSITION|UP|89e9c851f6f62f1a"", ""COMP|T4_REGIME_ANCHOR_TRANSITION|UP|ab29a6a487421865"", ""COMP|T4_REGIME_ANCHOR_TRANSITION|UP|cb1b8daec34ee262"", ""COMP|T4_REGIME_ANCHOR_TRANSITION|UP|fa79548a300631e4""]",EVENT_STREAM_JACCARD
NR-000642,UP,30m,8,0.95,COMP|T4_REGIME_ANCHOR_TRANSITION|UP|e433970fef01c6d6,"[""COMP|T3_ANCHOR_TRANSITION|UP|b2cacde5e015c515"", ""COMP|T4_REGIME_ANCHOR_TRANSITION|UP|4917c63ed211e332"", ""COMP|T4_REGIME_ANCHOR_TRANSITION|UP|682dc71880c6dfd2"", ""COMP|T4_REGIME_ANCHOR_TRANSITION|UP|9402a04399ffd756"", ""COMP|T4_REGIME_ANCHOR_TRANSITION|UP|e9c7c23b65bd606b"", ""COMP|T4_REGIME_ANCHOR_TRANSITION|UP|ed52f341d7f6ae60"", ""COMP|T4_REGIME_ANCHOR_TRANSITION|UP|f01ad623e856d23f""]","[""COMP|T3_ANCHOR_TRANSITION|UP|b2cacde5e015c515"", ""COMP|T4_REGIME_ANCHOR_TRANSITION|UP|4917c63ed211e332"", ""COMP|T4_REGIME_ANCHOR_TRANSITION|UP|682dc71880c6dfd2"", ""COMP|T4_REGIME_ANCHOR_TRANSITION|UP|9402a04399ffd756"", ""COMP|T4_REGIME_ANCHOR_TRANSITION|UP|e433970fef01c6d6"", ""COMP|T4_REGIME_ANCHOR_TRANSITION|UP|e9c7c23b65bd606b"", ""COMP|T4_REGIME_ANCHOR_TRANSITION|UP|ed52f341d7f6ae60"", ""COMP|T4_REGIME_ANCHOR_TRANSITION|UP|f01ad623e856d23f""]",EVENT_STREAM_JACCARD
NR-000643,UP,30m,8,0.95,COMP|T4_REGIME_ANCHOR_TRANSITION|UP|7a37ece5849df1df,"[""COMP|T3_ANCHOR_TRANSITION|UP|fc1df26cb7046c2c"", ""COMP|T4_REGIME_ANCHOR_TRANSITION|UP|0ef38ff6b9a44892"", ""COMP|T4_REGIME_ANCHOR_TRANSITION|UP|15784068d9962d94"", ""COMP|T4_REGIME_ANCHOR_TRANSITION|UP|16ce0ca4b4b3a9a7"", ""COMP|T4_REGIME_ANCHOR_TRANSITION|UP|2e0992fc7b3e8fb0"", ""COMP|T4_REGIME_ANCHOR_TRANSITION|UP|a71a0978548b8ae9"", ""COMP|T4_REGIME_ANCHOR_TRANSITION|UP|d9a075ab00e4bb23""]","[""COMP|T3_ANCHOR_TRANSITION|UP|fc1df26cb7046c2c"", ""COMP|T4_REGIME_ANCHOR_TRANSITION|UP|0ef38ff6b9a44892"", ""COMP|T4_REGIME_ANCHOR_TRANSITION|UP|15784068d9962d94"", ""COMP|T4_REGIME_ANCHOR_TRANSITION|UP|16ce0ca4b4b3a9a7"", ""COMP|T4_REGIME_ANCHOR_TRANSITION|UP|2e0992fc7b3e8fb0"", ""COMP|T4_REGIME_ANCHOR_TRANSITION|UP|7a37ece5849df1df"", ""COMP|T4_REGIME_ANCHOR_TRANSITION|UP|a71a0978548b8ae9"", ""COMP|T4_REGIME_ANCHOR_TRANSITION|UP|d9a075ab00e4bb23""]",EVENT_STREAM_JACCARD
NR-000644,UP,30m,6,0.95,COMP|T4_REGIME_ANCHOR_TRANSITION|UP|5857a4af4d2d7699,"[""COMP|T4_REGIME_ANCHOR_TRANSITION|UP|0d54ae42e73f5953"", ""COMP|T4_REGIME_ANCHOR_TRANSITION|UP|1914b88a5389eda4"", ""COMP|T4_REGIME_ANCHOR_TRANSITION|UP|aba6db6474dfa60b"", ""COMP|T4_REGIME_ANCHOR_TRANSITION|UP|e4fa086bec87b6fe"", ""COMP|T4_REGIME_ANCHOR_TRANSITION|UP|e77e5155168b72c2""]","[""COMP|T4_REGIME_ANCHOR_TRANSITION|UP|0d54ae42e73f5953"", ""COMP|T4_REGIME_ANCHOR_TRANSITION|UP|1914b88a5389eda4"", ""COMP|T4_REGIME_ANCHOR_TRANSITION|UP|5857a4af4d2d7699"", ""COMP|T4_REGIME_ANCHOR_TRANSITION|UP|aba6db6474dfa60b"", ""COMP|T4_REGIME_ANCHOR_TRANSITION|UP|e4fa086bec87b6fe"", ""COMP|T4_REGIME_ANCHOR_TRANSITION|UP|e77e5155168b72c2""]",EVENT_STREAM_JACCARD
NR-000645,UP,30m,8,0.95,COMP|T4_REGIME_ANCHOR_TRANSITION|UP|fca0d28d0ade130d,"[""COMP|T3_ANCHOR_TRANSITION|UP|8fe1c46a848c1053"", ""COMP|T4_REGIME_ANCHOR_TRANSITION|UP|0a4d53f31ea191d3"", ""COMP|T4_REGIME_ANCHOR_TRANSITION|UP|4259d2a9a27d8783"", ""COMP|T4_REGIME_ANCHOR_TRANSITION|UP|69472c001cc1db79"", ""COMP|T4_REGIME_ANCHOR_TRANSITION|UP|6bdb7264b2aeea9a"", ""COMP|T4_REGIME_ANCHOR_TRANSITION|UP|8f9bc02d7a0d2907"", ""COMP|T4_REGIME_ANCHOR_TRANSITION|UP|f37329789653e59c""]","[""COMP|T3_ANCHOR_TRANSITION|UP|8fe1c46a848c1053"", ""COMP|T4_REGIME_ANCHOR_TRANSITION|UP|0a4d53f31ea191d3"", ""COMP|T4_REGIME_ANCHOR_TRANSITION|UP|4259d2a9a27d8783"", ""COMP|T4_REGIME_ANCHOR_TRANSITION|UP|69472c001cc1db79"", ""COMP|T4_REGIME_ANCHOR_TRANSITION|UP|6bdb7264b2aeea9a"", ""COMP|T4_REGIME_ANCHOR_TRANSITION|UP|8f9bc02d7a0d2907"", ""COMP|T4_REGIME_ANCHOR_TRANSITION|UP|f37329789653e59c"", ""COMP|T4_REGIME_ANCHOR_TRANSITION|UP|fca0d28d0ade130d""]",EVENT_STREAM_JACCARD
NR-000646,UP,30m,8,0.95,COMP|T4_REGIME_ANCHOR_TRANSITION|UP|6171feaf1226b283,"[""COMP|T3_ANCHOR_TRANSITION|UP|6ad59a3c6d8f2d7a"", ""COMP|T4_REGIME_ANCHOR_TRANSITION|UP|44a44ce82f19ecc7"", ""COMP|T4_REGIME_ANCHOR_TRANSITION|UP|5fc49cc48481a336"", ""COMP|T4_REGIME_ANCHOR_TRANSITION|UP|6e2b7ee9b1a4ed09"", ""COMP|T4_REGIME_ANCHOR_TRANSITION|UP|8aba02fbb053153e"", ""COMP|T4_REGIME_ANCHOR_TRANSITION|UP|9f0dad43e28a6b70"", ""COMP|T4_REGIME_ANCHOR_TRANSITION|UP|ca83c24740ce5866""]","[""COMP|T3_ANCHOR_TRANSITION|UP|6ad59a3c6d8f2d7a"", ""COMP|T4_REGIME_ANCHOR_TRANSITION|UP|44a44ce82f19ecc7"", ""COMP|T4_REGIME_ANCHOR_TRANSITION|UP|5fc49cc48481a336"", ""COMP|T4_REGIME_ANCHOR_TRANSITION|UP|6171feaf1226b283"", ""COMP|T4_REGIME_ANCHOR_TRANSITION|UP|6e2b7ee9b1a4ed09"", ""COMP|T4_REGIME_ANCHOR_TRANSITION|UP|8aba02fbb053153e"", ""COMP|T4_REGIME_ANCHOR_TRANSITION|UP|9f0dad43e28a6b70"", ""COMP|T4_REGIME_ANCHOR_TRANSITION|UP|ca83c24740ce5866""]",EVENT_STREAM_JACCARD
NR-000647,UP,30m,8,0.95,COMP|T4_REGIME_ANCHOR_TRANSITION|UP|eeb6fe01eca2c1bd,"[""COMP|T3_ANCHOR_TRANSITION|UP|780580108e132b95"", ""COMP|T4_REGIME_ANCHOR_TRANSITION|UP|1483849bd3d55ccc"", ""COMP|T4_REGIME_ANCHOR_TRANSITION|UP|387209b5a6bc3f27"", ""COMP|T4_REGIME_ANCHOR_TRANSITION|UP|5ede0f6ee6ffcc04"", ""COMP|T4_REGIME_ANCHOR_TRANSITION|UP|752e14f5fcac2eae"", ""COMP|T4_REGIME_ANCHOR_TRANSITION|UP|904960a15848f83a"", ""COMP|T4_REGIME_ANCHOR_TRANSITION|UP|d6e2726a1810a97e""]","[""COMP|T3_ANCHOR_TRANSITION|UP|780580108e132b95"", ""COMP|T4_REGIME_ANCHOR_TRANSITION|UP|1483849bd3d55ccc"", ""COMP|T4_REGIME_ANCHOR_TRANSITION|UP|387209b5a6bc3f27"", ""COMP|T4_REGIME_ANCHOR_TRANSITION|UP|5ede0f6ee6ffcc04"", ""COMP|T4_REGIME_ANCHOR_TRANSITION|UP|752e14f5fcac2eae"", ""COMP|T4_REGIME_ANCHOR_TRANSITION|UP|904960a15848f83a"", ""COMP|T4_REGIME_ANCHOR_TRANSITION|UP|d6e2726a1810a97e"", ""COMP|T4_REGIME_ANCHOR_TRANSITION|UP|eeb6fe01eca2c1bd""]",EVENT_STREAM_JACCARD
NR-000648,UP,30m,8,0.95,COMP|T4_REGIME_ANCHOR_TRANSITION|UP|bfb164cabb38b5f2,"[""COMP|T3_ANCHOR_TRANSITION|UP|0613df3ce7c17bc1"", ""COMP|T4_REGIME_ANCHOR_TRANSITION|UP|148e8aed5c84ef13"", ""COMP|T4_REGIME_ANCHOR_TRANSITION|UP|1a5d010fc28672c7"", ""COMP|T4_REGIME_ANCHOR_TRANSITION|UP|2e5cc5129c2c6297"", ""COMP|T4_REGIME_ANCHOR_TRANSITION|UP|4f5718a86b6d8cf8"", ""COMP|T4_REGIME_ANCHOR_TRANSITION|UP|6625520ebd3f8d7f"", ""COMP|T4_REGIME_ANCHOR_TRANSITION|UP|72b8e3d7533b872d""]","[""COMP|T3_ANCHOR_TRANSITION|UP|0613df3ce7c17bc1"", ""COMP|T4_REGIME_ANCHOR_TRANSITION|UP|148e8aed5c84ef13"", ""COMP|T4_REGIME_ANCHOR_TRANSITION|UP|1a5d010fc28672c7"", ""COMP|T4_REGIME_ANCHOR_TRANSITION|UP|2e5cc5129c2c6297"", ""COMP|T4_REGIME_ANCHOR_TRANSITION|UP|4f5718a86b6d8cf8"", ""COMP|T4_REGIME_ANCHOR_TRANSITION|UP|6625520ebd3f8d7f"", ""COMP|T4_REGIME_ANCHOR_TRANSITION|UP|72b8e3d7533b872d"", ""COMP|T4_REGIME_ANCHOR_TRANSITION|UP|bfb164cabb38b5f2""]",EVENT_STREAM_JACCARD
NR-000649,UP,30m,7,0.95,COMP|T4_REGIME_ANCHOR_TRANSITION|UP|2ff9afba41c50696,"[""COMP|T3_ANCHOR_TRANSITION|UP|c0b43a0eecef741c"", ""COMP|T4_REGIME_ANCHOR_TRANSITION|UP|0f2ca9e5362f2a48"", ""COMP|T4_REGIME_ANCHOR_TRANSITION|UP|44209deca0a4b9ed"", ""COMP|T4_REGIME_ANCHOR_TRANSITION|UP|66b3b520ac11494c"", ""COMP|T4_REGIME_ANCHOR_TRANSITION|UP|8ff6d4cd0e3f7ee1"", ""COMP|T4_REGIME_ANCHOR_TRANSITION|UP|cc2a4b972f661a34""]","[""COMP|T3_ANCHOR_TRANSITION|UP|c0b43a0eecef741c"", ""COMP|T4_REGIME_ANCHOR_TRANSITION|UP|0f2ca9e5362f2a48"", ""COMP|T4_REGIME_ANCHOR_TRANSITION|UP|2ff9afba41c50696"", ""COMP|T4_REGIME_ANCHOR_TRANSITION|UP|44209deca0a4b9ed"", ""COMP|T4_REGIME_ANCHOR_TRANSITION|UP|66b3b520ac11494c"", ""COMP|T4_REGIME_ANCHOR_TRANSITION|UP|8ff6d4cd0e3f7ee1"", ""COMP|T4_REGIME_ANCHOR_TRANSITION|UP|cc2a4b972f661a34""]",EVENT_STREAM_JACCARD
NR-000650,UP,30m,8,0.95,COMP|T4_REGIME_ANCHOR_TRANSITION|UP|cb658c3e3f2e55ca,"[""COMP|T3_ANCHOR_TRANSITION|UP|e06c41c94accea9d"", ""COMP|T4_REGIME_ANCHOR_TRANSITION|UP|2c29ea222d63d0e2"", ""COMP|T4_REGIME_ANCHOR_TRANSITION|UP|4f78c7555dd6e25d"", ""COMP|T4_REGIME_ANCHOR_TRANSITION|UP|99758211831b2fb6"", ""COMP|T4_REGIME_ANCHOR_TRANSITION|UP|b5a3d59f02b8ccae"", ""COMP|T4_REGIME_ANCHOR_TRANSITION|UP|d159efac1478fee5"", ""COMP|T4_REGIME_ANCHOR_TRANSITION|UP|f335d134bb8d21ab""]","[""COMP|T3_ANCHOR_TRANSITION|UP|e06c41c94accea9d"", ""COMP|T4_REGIME_ANCHOR_TRANSITION|UP|2c29ea222d63d0e2"", ""COMP|T4_REGIME_ANCHOR_TRANSITION|UP|4f78c7555dd6e25d"", ""COMP|T4_REGIME_ANCHOR_TRANSITION|UP|99758211831b2fb6"", ""COMP|T4_REGIME_ANCHOR_TRANSITION|UP|b5a3d59f02b8ccae"", ""COMP|T4_REGIME_ANCHOR_TRANSITION|UP|cb658c3e3f2e55ca"", ""COMP|T4_REGIME_ANCHOR_TRANSITION|UP|d159efac1478fee5"", ""COMP|T4_REGIME_ANCHOR_TRANSITION|UP|f335d134bb8d21ab""]",EVENT_STREAM_JACCARD
NR-000651,UP,30m,8,0.95,COMP|T4_REGIME_ANCHOR_TRANSITION|UP|3854370fc570bc75,"[""COMP|T3_ANCHOR_TRANSITION|UP|27b32c4e248d3230"", ""COMP|T4_REGIME_ANCHOR_TRANSITION|UP|010c24b11602cc6f"", ""COMP|T4_REGIME_ANCHOR_TRANSITION|UP|1e2a3683280520bf"", ""COMP|T4_REGIME_ANCHOR_TRANSITION|UP|61875685e9b52c13"", ""COMP|T4_REGIME_ANCHOR_TRANSITION|UP|6fa59eda983b156e"", ""COMP|T4_REGIME_ANCHOR_TRANSITION|UP|8d47d3eb8aabf56c"", ""COMP|T4_REGIME_ANCHOR_TRANSITION|UP|e11b9ad2510f348e""]","[""COMP|T3_ANCHOR_TRANSITION|UP|27b32c4e248d3230"", ""COMP|T4_REGIME_ANCHOR_TRANSITION|UP|010c24b11602cc6f"", ""COMP|T4_REGIME_ANCHOR_TRANSITION|UP|1e2a3683280520bf"", ""COMP|T4_REGIME_ANCHOR_TRANSITION|UP|3854370fc570bc75"", ""COMP|T4_REGIME_ANCHOR_TRANSITION|UP|61875685e9b52c13"", ""COMP|T4_REGIME_ANCHOR_TRANSITION|UP|6fa59eda983b156e"", ""COMP|T4_REGIME_ANCHOR_TRANSITION|UP|8d47d3eb8aabf56c"", ""COMP|T4_REGIME_ANCHOR_TRANSITION|UP|e11b9ad2510f348e""]",EVENT_STREAM_JACCARD
NR-000652,UP,30m,8,0.95,COMP|T4_REGIME_ANCHOR_TRANSITION|UP|1380aa09948eb4bf,"[""COMP|T3_ANCHOR_TRANSITION|UP|7850f50b23a07215"", ""COMP|T4_REGIME_ANCHOR_TRANSITION|UP|06b8a2247154c3bf"", ""COMP|T4_REGIME_ANCHOR_TRANSITION|UP|0e8497ce6b645e8d"", ""COMP|T4_REGIME_ANCHOR_TRANSITION|UP|148cfaca0a474e37"", ""COMP|T4_REGIME_ANCHOR_TRANSITION|UP|1a69a11eb3f507ef"", ""COMP|T4_REGIME_ANCHOR_TRANSITION|UP|310ac9b1c237a169"", ""COMP|T4_REGIME_ANCHOR_TRANSITION|UP|391240c108559ed3""]","[""COMP|T3_ANCHOR_TRANSITION|UP|7850f50b23a07215"", ""COMP|T4_REGIME_ANCHOR_TRANSITION|UP|06b8a2247154c3bf"", ""COMP|T4_REGIME_ANCHOR_TRANSITION|UP|0e8497ce6b645e8d"", ""COMP|T4_REGIME_ANCHOR_TRANSITION|UP|1380aa09948eb4bf"", ""COMP|T4_REGIME_ANCHOR_TRANSITION|UP|148cfaca0a474e37"", ""COMP|T4_REGIME_ANCHOR_TRANSITION|UP|1a69a11eb3f507ef"", ""COMP|T4_REGIME_ANCHOR_TRANSITION|UP|310ac9b1c237a169"", ""COMP|T4_REGIME_ANCHOR_TRANSITION|UP|391240c108559ed3""]",EVENT_STREAM_JACCARD
NR-000653,UP,30m,8,0.95,COMP|T4_REGIME_ANCHOR_TRANSITION|UP|093bf4cf25637ec4,"[""COMP|T3_ANCHOR_TRANSITION|UP|d8ad307e80f64780"", ""COMP|T4_REGIME_ANCHOR_TRANSITION|UP|190678b82da5ec70"", ""COMP|T4_REGIME_ANCHOR_TRANSITION|UP|4d7df1eb77e10e17"", ""COMP|T4_REGIME_ANCHOR_TRANSITION|UP|74c61af3c2325452"", ""COMP|T4_REGIME_ANCHOR_TRANSITION|UP|ad224fb65a7af10a"", ""COMP|T4_REGIME_ANCHOR_TRANSITION|UP|b0dc46d0c08b8f8f"", ""COMP|T4_REGIME_ANCHOR_TRANSITION|UP|bf7e6400791e4c10""]","[""COMP|T3_ANCHOR_TRANSITION|UP|d8ad307e80f64780"", ""COMP|T4_REGIME_ANCHOR_TRANSITION|UP|093bf4cf25637ec4"", ""COMP|T4_REGIME_ANCHOR_TRANSITION|UP|190678b82da5ec70"", ""COMP|T4_REGIME_ANCHOR_TRANSITION|UP|4d7df1eb77e10e17"", ""COMP|T4_REGIME_ANCHOR_TRANSITION|UP|74c61af3c2325452"", ""COMP|T4_REGIME_ANCHOR_TRANSITION|UP|ad224fb65a7af10a"", ""COMP|T4_REGIME_ANCHOR_TRANSITION|UP|b0dc46d0c08b8f8f"", ""COMP|T4_REGIME_ANCHOR_TRANSITION|UP|bf7e6400791e4c10""]",EVENT_STREAM_JACCARD
NR-000654,UP,30m,2,0.95,COMP|T4_REGIME_ANCHOR_TRANSITION|UP|80005696209206f1,"[""COMP|T4_REGIME_ANCHOR_TRANSITION|UP|530af6393a50e234""]","[""COMP|T4_REGIME_ANCHOR_TRANSITION|UP|530af6393a50e234"", ""COMP|T4_REGIME_ANCHOR_TRANSITION|UP|80005696209206f1""]",EVENT_STREAM_JACCARD
NR-000655,UP,30m,8,0.95,COMP|T4_REGIME_ANCHOR_TRANSITION|UP|b92a0bd36e85f582,"[""COMP|T3_ANCHOR_TRANSITION|UP|01516937b726adf1"", ""COMP|T4_REGIME_ANCHOR_TRANSITION|UP|38752b079eed0cc3"", ""COMP|T4_REGIME_ANCHOR_TRANSITION|UP|4b4ab9f6327fda4f"", ""COMP|T4_REGIME_ANCHOR_TRANSITION|UP|6fb14854d6bb93c8"", ""COMP|T4_REGIME_ANCHOR_TRANSITION|UP|8e1564e2448b4a16"", ""COMP|T4_REGIME_ANCHOR_TRANSITION|UP|adb075a2a371a1a3"", ""COMP|T4_REGIME_ANCHOR_TRANSITION|UP|dd40cb65d2df870e""]","[""COMP|T3_ANCHOR_TRANSITION|UP|01516937b726adf1"", ""COMP|T4_REGIME_ANCHOR_TRANSITION|UP|38752b079eed0cc3"", ""COMP|T4_REGIME_ANCHOR_TRANSITION|UP|4b4ab9f6327fda4f"", ""COMP|T4_REGIME_ANCHOR_TRANSITION|UP|6fb14854d6bb93c8"", ""COMP|T4_REGIME_ANCHOR_TRANSITION|UP|8e1564e2448b4a16"", ""COMP|T4_REGIME_ANCHOR_TRANSITION|UP|adb075a2a371a1a3"", ""COMP|T4_REGIME_ANCHOR_TRANSITION|UP|b92a0bd36e85f582"", ""COMP|T4_REGIME_ANCHOR_TRANSITION|UP|dd40cb65d2df870e""]",EVENT_STREAM_JACCARD
NR-000656,UP,30m,8,0.95,COMP|T4_REGIME_ANCHOR_TRANSITION|UP|6f58bbb8f6319b38,"[""COMP|T3_ANCHOR_TRANSITION|UP|d6503e84cb16b02c"", ""COMP|T4_REGIME_ANCHOR_TRANSITION|UP|1a29f493462dc87a"", ""COMP|T4_REGIME_ANCHOR_TRANSITION|UP|41e66dda5f4a438c"", ""COMP|T4_REGIME_ANCHOR_TRANSITION|UP|774ea92cba3be72f"", ""COMP|T4_REGIME_ANCHOR_TRANSITION|UP|c88e4a8abd8e0673"", ""COMP|T4_REGIME_ANCHOR_TRANSITION|UP|d09595f192e78fa1"", ""COMP|T4_REGIME_ANCHOR_TRANSITION|UP|e7b4243786c4c9c3""]","[""COMP|T3_ANCHOR_TRANSITION|UP|d6503e84cb16b02c"", ""COMP|T4_REGIME_ANCHOR_TRANSITION|UP|1a29f493462dc87a"", ""COMP|T4_REGIME_ANCHOR_TRANSITION|UP|41e66dda5f4a438c"", ""COMP|T4_REGIME_ANCHOR_TRANSITION|UP|6f58bbb8f6319b38"", ""COMP|T4_REGIME_ANCHOR_TRANSITION|UP|774ea92cba3be72f"", ""COMP|T4_REGIME_ANCHOR_TRANSITION|UP|c88e4a8abd8e0673"", ""COMP|T4_REGIME_ANCHOR_TRANSITION|UP|d09595f192e78fa1"", ""COMP|T4_REGIME_ANCHOR_TRANSITION|UP|e7b4243786c4c9c3""]",EVENT_STREAM_JACCARD
NR-000657,UP,30m,8,0.95,COMP|T4_REGIME_ANCHOR_TRANSITION|UP|cd6908a02bcd5beb,"[""COMP|T3_ANCHOR_TRANSITION|UP|55072f2d6c806528"", ""COMP|T4_REGIME_ANCHOR_TRANSITION|UP|2485ac4d1c76a597"", ""COMP|T4_REGIME_ANCHOR_TRANSITION|UP|25d5b07609676fec"", ""COMP|T4_REGIME_ANCHOR_TRANSITION|UP|401d215fc79eb81a"", ""COMP|T4_REGIME_ANCHOR_TRANSITION|UP|48c5ba49becd8687"", ""COMP|T4_REGIME_ANCHOR_TRANSITION|UP|d4a7908aeefe4ef8"", ""COMP|T4_REGIME_ANCHOR_TRANSITION|UP|dd1b62a30f6cfcde""]","[""COMP|T3_ANCHOR_TRANSITION|UP|55072f2d6c806528"", ""COMP|T4_REGIME_ANCHOR_TRANSITION|UP|2485ac4d1c76a597"", ""COMP|T4_REGIME_ANCHOR_TRANSITION|UP|25d5b07609676fec"", ""COMP|T4_REGIME_ANCHOR_TRANSITION|UP|401d215fc79eb81a"", ""COMP|T4_REGIME_ANCHOR_TRANSITION|UP|48c5ba49becd8687"", ""COMP|T4_REGIME_ANCHOR_TRANSITION|UP|cd6908a02bcd5beb"", ""COMP|T4_REGIME_ANCHOR_TRANSITION|UP|d4a7908aeefe4ef8"", ""COMP|T4_REGIME_ANCHOR_TRANSITION|UP|dd1b62a30f6cfcde""]",EVENT_STREAM_JACCARD
NR-000658,UP,30m,8,0.95,COMP|T4_REGIME_ANCHOR_TRANSITION|UP|5555fdf9c3c4ca3a,"[""COMP|T3_ANCHOR_TRANSITION|UP|6d78d36313be9f73"", ""COMP|T4_REGIME_ANCHOR_TRANSITION|UP|5f0be43189b33458"", ""COMP|T4_REGIME_ANCHOR_TRANSITION|UP|5f8660e8098e968c"", ""COMP|T4_REGIME_ANCHOR_TRANSITION|UP|8a11c10cfe1dbcd9"", ""COMP|T4_REGIME_ANCHOR_TRANSITION|UP|977c2a1ccbdc0655"", ""COMP|T4_REGIME_ANCHOR_TRANSITION|UP|bbebd9e651dfffe2"", ""COMP|T4_REGIME_ANCHOR_TRANSITION|UP|f4db8729fd619432""]","[""COMP|T3_ANCHOR_TRANSITION|UP|6d78d36313be9f73"", ""COMP|T4_REGIME_ANCHOR_TRANSITION|UP|5555fdf9c3c4ca3a"", ""COMP|T4_REGIME_ANCHOR_TRANSITION|UP|5f0be43189b33458"", ""COMP|T4_REGIME_ANCHOR_TRANSITION|UP|5f8660e8098e968c"", ""COMP|T4_REGIME_ANCHOR_TRANSITION|UP|8a11c10cfe1dbcd9"", ""COMP|T4_REGIME_ANCHOR_TRANSITION|UP|977c2a1ccbdc0655"", ""COMP|T4_REGIME_ANCHOR_TRANSITION|UP|bbebd9e651dfffe2"", ""COMP|T4_REGIME_ANCHOR_TRANSITION|UP|f4db8729fd619432""]",EVENT_STREAM_JACCARD
NR-000659,UP,30m,2,0.95,COMP|T4_REGIME_ANCHOR_TRANSITION|UP|56c445cabf2e70cb,"[""COMP|T4_REGIME_ANCHOR_TRANSITION|UP|c6bea41f05a38f21""]","[""COMP|T4_REGIME_ANCHOR_TRANSITION|UP|56c445cabf2e70cb"", ""COMP|T4_REGIME_ANCHOR_TRANSITION|UP|c6bea41f05a38f21""]",EVENT_STREAM_JACCARD
NR-000660,UP,30m,8,0.95,COMP|T4_REGIME_ANCHOR_TRANSITION|UP|fe709f2ce7050f96,"[""COMP|T3_ANCHOR_TRANSITION|UP|d1741e7f95e712bc"", ""COMP|T4_REGIME_ANCHOR_TRANSITION|UP|04bc64ddc75527e8"", ""COMP|T4_REGIME_ANCHOR_TRANSITION|UP|2646ffbaabe76b9f"", ""COMP|T4_REGIME_ANCHOR_TRANSITION|UP|6cfd9e7af6482014"", ""COMP|T4_REGIME_ANCHOR_TRANSITION|UP|752d7bc57c39ec13"", ""COMP|T4_REGIME_ANCHOR_TRANSITION|UP|8097a982adc98390"", ""COMP|T4_REGIME_ANCHOR_TRANSITION|UP|aec4010e0eb6bd98""]","[""COMP|T3_ANCHOR_TRANSITION|UP|d1741e7f95e712bc"", ""COMP|T4_REGIME_ANCHOR_TRANSITION|UP|04bc64ddc75527e8"", ""COMP|T4_REGIME_ANCHOR_TRANSITION|UP|2646ffbaabe76b9f"", ""COMP|T4_REGIME_ANCHOR_TRANSITION|UP|6cfd9e7af6482014"", ""COMP|T4_REGIME_ANCHOR_TRANSITION|UP|752d7bc57c39ec13"", ""COMP|T4_REGIME_ANCHOR_TRANSITION|UP|8097a982adc98390"", ""COMP|T4_REGIME_ANCHOR_TRANSITION|UP|aec4010e0eb6bd98"", ""COMP|T4_REGIME_ANCHOR_TRANSITION|UP|fe709f2ce7050f96""]",EVENT_STREAM_JACCARD
NR-000661,UP,30m,8,0.95,COMP|T4_REGIME_ANCHOR_TRANSITION|UP|16d17bc472cbb0b9,"[""COMP|T3_ANCHOR_TRANSITION|UP|33703c1de371c6f3"", ""COMP|T4_REGIME_ANCHOR_TRANSITION|UP|46ecb7e9241b8f37"", ""COMP|T4_REGIME_ANCHOR_TRANSITION|UP|4b35d32f5ed47670"", ""COMP|T4_REGIME_ANCHOR_TRANSITION|UP|62e8d9b1555a366c"", ""COMP|T4_REGIME_ANCHOR_TRANSITION|UP|807dce826f896a9a"", ""COMP|T4_REGIME_ANCHOR_TRANSITION|UP|c35ed325f7c508fd"", ""COMP|T4_REGIME_ANCHOR_TRANSITION|UP|eb571a6cd8f6af1a""]","[""COMP|T3_ANCHOR_TRANSITION|UP|33703c1de371c6f3"", ""COMP|T4_REGIME_ANCHOR_TRANSITION|UP|16d17bc472cbb0b9"", ""COMP|T4_REGIME_ANCHOR_TRANSITION|UP|46ecb7e9241b8f37"", ""COMP|T4_REGIME_ANCHOR_TRANSITION|UP|4b35d32f5ed47670"", ""COMP|T4_REGIME_ANCHOR_TRANSITION|UP|62e8d9b1555a366c"", ""COMP|T4_REGIME_ANCHOR_TRANSITION|UP|807dce826f896a9a"", ""COMP|T4_REGIME_ANCHOR_TRANSITION|UP|c35ed325f7c508fd"", ""COMP|T4_REGIME_ANCHOR_TRANSITION|UP|eb571a6cd8f6af1a""]",EVENT_STREAM_JACCARD
NR-000662,UP,30m,8,0.95,COMP|T4_REGIME_ANCHOR_TRANSITION|UP|30057a16d6ed14d5,"[""COMP|T3_ANCHOR_TRANSITION|UP|5425c88f834c1037"", ""COMP|T4_REGIME_ANCHOR_TRANSITION|UP|0a19c5f724453435"", ""COMP|T4_REGIME_ANCHOR_TRANSITION|UP|7a32ce7f7b1c4453"", ""COMP|T4_REGIME_ANCHOR_TRANSITION|UP|8390da512e002713"", ""COMP|T4_REGIME_ANCHOR_TRANSITION|UP|a02bf2f6b93e007d"", ""COMP|T4_REGIME_ANCHOR_TRANSITION|UP|d65478485e6746c6"", ""COMP|T4_REGIME_ANCHOR_TRANSITION|UP|e248ab0cea255dbc""]","[""COMP|T3_ANCHOR_TRANSITION|UP|5425c88f834c1037"", ""COMP|T4_REGIME_ANCHOR_TRANSITION|UP|0a19c5f724453435"", ""COMP|T4_REGIME_ANCHOR_TRANSITION|UP|30057a16d6ed14d5"", ""COMP|T4_REGIME_ANCHOR_TRANSITION|UP|7a32ce7f7b1c4453"", ""COMP|T4_REGIME_ANCHOR_TRANSITION|UP|8390da512e002713"", ""COMP|T4_REGIME_ANCHOR_TRANSITION|UP|a02bf2f6b93e007d"", ""COMP|T4_REGIME_ANCHOR_TRANSITION|UP|d65478485e6746c6"", ""COMP|T4_REGIME_ANCHOR_TRANSITION|UP|e248ab0cea255dbc""]",EVENT_STREAM_JACCARD
NR-000663,UP,30m,8,0.95,COMP|T4_REGIME_ANCHOR_TRANSITION|UP|cd0a2eb2deacc2a6,"[""COMP|T3_ANCHOR_TRANSITION|UP|a028131223988966"", ""COMP|T4_REGIME_ANCHOR_TRANSITION|UP|1846e0de6aa9a62e"", ""COMP|T4_REGIME_ANCHOR_TRANSITION|UP|18de9d500e489c67"", ""COMP|T4_REGIME_ANCHOR_TRANSITION|UP|4db0c2e019befd2d"", ""COMP|T4_REGIME_ANCHOR_TRANSITION|UP|571f11a56704ad6e"", ""COMP|T4_REGIME_ANCHOR_TRANSITION|UP|f18a028d28ff8353"", ""COMP|T4_REGIME_ANCHOR_TRANSITION|UP|f1eacf6d4b0591a1""]","[""COMP|T3_ANCHOR_TRANSITION|UP|a028131223988966"", ""COMP|T4_REGIME_ANCHOR_TRANSITION|UP|1846e0de6aa9a62e"", ""COMP|T4_REGIME_ANCHOR_TRANSITION|UP|18de9d500e489c67"", ""COMP|T4_REGIME_ANCHOR_TRANSITION|UP|4db0c2e019befd2d"", ""COMP|T4_REGIME_ANCHOR_TRANSITION|UP|571f11a56704ad6e"", ""COMP|T4_REGIME_ANCHOR_TRANSITION|UP|cd0a2eb2deacc2a6"", ""COMP|T4_REGIME_ANCHOR_TRANSITION|UP|f18a028d28ff8353"", ""COMP|T4_REGIME_ANCHOR_TRANSITION|UP|f1eacf6d4b0591a1""]",EVENT_STREAM_JACCARD
NR-000664,UP,30m,8,0.95,COMP|T4_REGIME_ANCHOR_TRANSITION|UP|d273a0f259c97512,"[""COMP|T3_ANCHOR_TRANSITION|UP|ca8493d39c5e3ba5"", ""COMP|T4_REGIME_ANCHOR_TRANSITION|UP|18bc0f576e4c1e8c"", ""COMP|T4_REGIME_ANCHOR_TRANSITION|UP|1b8e9f414a2177bb"", ""COMP|T4_REGIME_ANCHOR_TRANSITION|UP|278b3297589bc495"", ""COMP|T4_REGIME_ANCHOR_TRANSITION|UP|2b2849881df816bd"", ""COMP|T4_REGIME_ANCHOR_TRANSITION|UP|876af9bbba27bae6"", ""COMP|T4_REGIME_ANCHOR_TRANSITION|UP|c345aca1e04b43d3""]","[""COMP|T3_ANCHOR_TRANSITION|UP|ca8493d39c5e3ba5"", ""COMP|T4_REGIME_ANCHOR_TRANSITION|UP|18bc0f576e4c1e8c"", ""COMP|T4_REGIME_ANCHOR_TRANSITION|UP|1b8e9f414a2177bb"", ""COMP|T4_REGIME_ANCHOR_TRANSITION|UP|278b3297589bc495"", ""COMP|T4_REGIME_ANCHOR_TRANSITION|UP|2b2849881df816bd"", ""COMP|T4_REGIME_ANCHOR_TRANSITION|UP|876af9bbba27bae6"", ""COMP|T4_REGIME_ANCHOR_TRANSITION|UP|c345aca1e04b43d3"", ""COMP|T4_REGIME_ANCHOR_TRANSITION|UP|d273a0f259c97512""]",EVENT_STREAM_JACCARD
NR-000665,UP,30m,8,0.95,COMP|T4_REGIME_ANCHOR_TRANSITION|UP|283ba8400327e61e,"[""COMP|T3_ANCHOR_TRANSITION|UP|3554ec9c65f45222"", ""COMP|T4_REGIME_ANCHOR_TRANSITION|UP|1a7b4c5f7ceb206c"", ""COMP|T4_REGIME_ANCHOR_TRANSITION|UP|1b0259a950dc175a"", ""COMP|T4_REGIME_ANCHOR_TRANSITION|UP|400ed6139cdd0237"", ""COMP|T4_REGIME_ANCHOR_TRANSITION|UP|4c1f93e9ea5572f7"", ""COMP|T4_REGIME_ANCHOR_TRANSITION|UP|7321d13ca4f48774"", ""COMP|T4_REGIME_ANCHOR_TRANSITION|UP|c6c182549616c07d""]","[""COMP|T3_ANCHOR_TRANSITION|UP|3554ec9c65f45222"", ""COMP|T4_REGIME_ANCHOR_TRANSITION|UP|1a7b4c5f7ceb206c"", ""COMP|T4_REGIME_ANCHOR_TRANSITION|UP|1b0259a950dc175a"", ""COMP|T4_REGIME_ANCHOR_TRANSITION|UP|283ba8400327e61e"", ""COMP|T4_REGIME_ANCHOR_TRANSITION|UP|400ed6139cdd0237"", ""COMP|T4_REGIME_ANCHOR_TRANSITION|UP|4c1f93e9ea5572f7"", ""COMP|T4_REGIME_ANCHOR_TRANSITION|UP|7321d13ca4f48774"", ""COMP|T4_REGIME_ANCHOR_TRANSITION|UP|c6c182549616c07d""]",EVENT_STREAM_JACCARD
NR-000666,UP,30m,8,0.95,COMP|T4_REGIME_ANCHOR_TRANSITION|UP|714cfccd36d2109f,"[""COMP|T3_ANCHOR_TRANSITION|UP|a5e575e6645eaa1e"", ""COMP|T4_REGIME_ANCHOR_TRANSITION|UP|0863829e68694159"", ""COMP|T4_REGIME_ANCHOR_TRANSITION|UP|0c9f9d78c3aed750"", ""COMP|T4_REGIME_ANCHOR_TRANSITION|UP|6012170f6f33da80"", ""COMP|T4_REGIME_ANCHOR_TRANSITION|UP|71970a6f7d1ebe89"", ""COMP|T4_REGIME_ANCHOR_TRANSITION|UP|dfe75000d884f9fe"", ""COMP|T4_REGIME_ANCHOR_TRANSITION|UP|e31d398d908700c3""]","[""COMP|T3_ANCHOR_TRANSITION|UP|a5e575e6645eaa1e"", ""COMP|T4_REGIME_ANCHOR_TRANSITION|UP|0863829e68694159"", ""COMP|T4_REGIME_ANCHOR_TRANSITION|UP|0c9f9d78c3aed750"", ""COMP|T4_REGIME_ANCHOR_TRANSITION|UP|6012170f6f33da80"", ""COMP|T4_REGIME_ANCHOR_TRANSITION|UP|714cfccd36d2109f"", ""COMP|T4_REGIME_ANCHOR_TRANSITION|UP|71970a6f7d1ebe89"", ""COMP|T4_REGIME_ANCHOR_TRANSITION|UP|dfe75000d884f9fe"", ""COMP|T4_REGIME_ANCHOR_TRANSITION|UP|e31d398d908700c3""]",EVENT_STREAM_JACCARD
NR-000667,UP,30m,2,0.95,COMP|T4_REGIME_ANCHOR_TRANSITION|UP|b6573065eaf14bd1,"[""COMP|T4_REGIME_ANCHOR_TRANSITION|UP|68c15e798da64fa6""]","[""COMP|T4_REGIME_ANCHOR_TRANSITION|UP|68c15e798da64fa6"", ""COMP|T4_REGIME_ANCHOR_TRANSITION|UP|b6573065eaf14bd1""]",EVENT_STREAM_JACCARD
NR-000668,UP,30m,8,0.95,COMP|T4_REGIME_ANCHOR_TRANSITION|UP|5658c183cbec4a05,"[""COMP|T3_ANCHOR_TRANSITION|UP|20cd335f99477280"", ""COMP|T4_REGIME_ANCHOR_TRANSITION|UP|40e4de53157d0c83"", ""COMP|T4_REGIME_ANCHOR_TRANSITION|UP|4d010df8c8046183"", ""COMP|T4_REGIME_ANCHOR_TRANSITION|UP|783ff47a8be188df"", ""COMP|T4_REGIME_ANCHOR_TRANSITION|UP|80c7419f4f462d2b"", ""COMP|T4_REGIME_ANCHOR_TRANSITION|UP|81c221e55241210b"", ""COMP|T4_REGIME_ANCHOR_TRANSITION|UP|ca30effd001f95db""]","[""COMP|T3_ANCHOR_TRANSITION|UP|20cd335f99477280"", ""COMP|T4_REGIME_ANCHOR_TRANSITION|UP|40e4de53157d0c83"", ""COMP|T4_REGIME_ANCHOR_TRANSITION|UP|4d010df8c8046183"", ""COMP|T4_REGIME_ANCHOR_TRANSITION|UP|5658c183cbec4a05"", ""COMP|T4_REGIME_ANCHOR_TRANSITION|UP|783ff47a8be188df"", ""COMP|T4_REGIME_ANCHOR_TRANSITION|UP|80c7419f4f462d2b"", ""COMP|T4_REGIME_ANCHOR_TRANSITION|UP|81c221e55241210b"", ""COMP|T4_REGIME_ANCHOR_TRANSITION|UP|ca30effd001f95db""]",EVENT_STREAM_JACCARD
NR-000669,UP,30m,8,0.95,COMP|T4_REGIME_ANCHOR_TRANSITION|UP|6f5b9f6afffc0efe,"[""COMP|T3_ANCHOR_TRANSITION|UP|ab29f6fdeacb0b4c"", ""COMP|T4_REGIME_ANCHOR_TRANSITION|UP|08ce0553a3da694d"", ""COMP|T4_REGIME_ANCHOR_TRANSITION|UP|14654588bc8fe8ff"", ""COMP|T4_REGIME_ANCHOR_TRANSITION|UP|22f6e0c021c2b7a3"", ""COMP|T4_REGIME_ANCHOR_TRANSITION|UP|762af89c5dfb7a9b"", ""COMP|T4_REGIME_ANCHOR_TRANSITION|UP|cd9b0b4b8957c4d9"", ""COMP|T4_REGIME_ANCHOR_TRANSITION|UP|df9d2b1be3698f95""]","[""COMP|T3_ANCHOR_TRANSITION|UP|ab29f6fdeacb0b4c"", ""COMP|T4_REGIME_ANCHOR_TRANSITION|UP|08ce0553a3da694d"", ""COMP|T4_REGIME_ANCHOR_TRANSITION|UP|14654588bc8fe8ff"", ""COMP|T4_REGIME_ANCHOR_TRANSITION|UP|22f6e0c021c2b7a3"", ""COMP|T4_REGIME_ANCHOR_TRANSITION|UP|6f5b9f6afffc0efe"", ""COMP|T4_REGIME_ANCHOR_TRANSITION|UP|762af89c5dfb7a9b"", ""COMP|T4_REGIME_ANCHOR_TRANSITION|UP|cd9b0b4b8957c4d9"", ""COMP|T4_REGIME_ANCHOR_TRANSITION|UP|df9d2b1be3698f95""]",EVENT_STREAM_JACCARD
NR-000670,UP,30m,8,0.95,COMP|T4_REGIME_ANCHOR_TRANSITION|UP|3b84a32cd814d4c8,"[""COMP|T3_ANCHOR_TRANSITION|UP|fc32008ebf5095f4"", ""COMP|T4_REGIME_ANCHOR_TRANSITION|UP|0c312686664c989a"", ""COMP|T4_REGIME_ANCHOR_TRANSITION|UP|41d934fe674f9201"", ""COMP|T4_REGIME_ANCHOR_TRANSITION|UP|46e14427edfb10e5"", ""COMP|T4_REGIME_ANCHOR_TRANSITION|UP|7470fa1633231e94"", ""COMP|T4_REGIME_ANCHOR_TRANSITION|UP|76caf1267e5adecb"", ""COMP|T4_REGIME_ANCHOR_TRANSITION|UP|af3c5a7b05329ea3""]","[""COMP|T3_ANCHOR_TRANSITION|UP|fc32008ebf5095f4"", ""COMP|T4_REGIME_ANCHOR_TRANSITION|UP|0c312686664c989a"", ""COMP|T4_REGIME_ANCHOR_TRANSITION|UP|3b84a32cd814d4c8"", ""COMP|T4_REGIME_ANCHOR_TRANSITION|UP|41d934fe674f9201"", ""COMP|T4_REGIME_ANCHOR_TRANSITION|UP|46e14427edfb10e5"", ""COMP|T4_REGIME_ANCHOR_TRANSITION|UP|7470fa1633231e94"", ""COMP|T4_REGIME_ANCHOR_TRANSITION|UP|76caf1267e5adecb"", ""COMP|T4_REGIME_ANCHOR_TRANSITION|UP|af3c5a7b05329ea3""]",EVENT_STREAM_JACCARD
NR-000671,UP,30m,8,0.95,COMP|T4_REGIME_ANCHOR_TRANSITION|UP|80ff416b493a4b16,"[""COMP|T3_ANCHOR_TRANSITION|UP|1f3a4cf264378ac0"", ""COMP|T4_REGIME_ANCHOR_TRANSITION|UP|0f72b199c580fbdc"", ""COMP|T4_REGIME_ANCHOR_TRANSITION|UP|106b3c92778df69d"", ""COMP|T4_REGIME_ANCHOR_TRANSITION|UP|393e234d1acb011a"", ""COMP|T4_REGIME_ANCHOR_TRANSITION|UP|a56266ea73401140"", ""COMP|T4_REGIME_ANCHOR_TRANSITION|UP|ad8fedaf2ce78074"", ""COMP|T4_REGIME_ANCHOR_TRANSITION|UP|b0bdce5788f34f58""]","[""COMP|T3_ANCHOR_TRANSITION|UP|1f3a4cf264378ac0"", ""COMP|T4_REGIME_ANCHOR_TRANSITION|UP|0f72b199c580fbdc"", ""COMP|T4_REGIME_ANCHOR_TRANSITION|UP|106b3c92778df69d"", ""COMP|T4_REGIME_ANCHOR_TRANSITION|UP|393e234d1acb011a"", ""COMP|T4_REGIME_ANCHOR_TRANSITION|UP|80ff416b493a4b16"", ""COMP|T4_REGIME_ANCHOR_TRANSITION|UP|a56266ea73401140"", ""COMP|T4_REGIME_ANCHOR_TRANSITION|UP|ad8fedaf2ce78074"", ""COMP|T4_REGIME_ANCHOR_TRANSITION|UP|b0bdce5788f34f58""]",EVENT_STREAM_JACCARD
NR-000672,UP,30m,2,0.95,COMP|T4_REGIME_ANCHOR_TRANSITION|UP|0de9f14fd1b9a357,"[""COMP|T4_REGIME_ANCHOR_TRANSITION|UP|812b959266f47cb9""]","[""COMP|T4_REGIME_ANCHOR_TRANSITION|UP|0de9f14fd1b9a357"", ""COMP|T4_REGIME_ANCHOR_TRANSITION|UP|812b959266f47cb9""]",EVENT_STREAM_JACCARD
NR-000673,UP,30m,8,0.95,COMP|T4_REGIME_ANCHOR_TRANSITION|UP|2a69340064ffd81c,"[""COMP|T3_ANCHOR_TRANSITION|UP|c3bfa6c73e63e8d3"", ""COMP|T4_REGIME_ANCHOR_TRANSITION|UP|25d47b19611369b7"", ""COMP|T4_REGIME_ANCHOR_TRANSITION|UP|359cb68526787e57"", ""COMP|T4_REGIME_ANCHOR_TRANSITION|UP|7501e2c723c422c7"", ""COMP|T4_REGIME_ANCHOR_TRANSITION|UP|c11d50f399bc2d4f"", ""COMP|T4_REGIME_ANCHOR_TRANSITION|UP|d7500b6369094720"", ""COMP|T4_REGIME_ANCHOR_TRANSITION|UP|db2eab09ac3365c5""]","[""COMP|T3_ANCHOR_TRANSITION|UP|c3bfa6c73e63e8d3"", ""COMP|T4_REGIME_ANCHOR_TRANSITION|UP|25d47b19611369b7"", ""COMP|T4_REGIME_ANCHOR_TRANSITION|UP|2a69340064ffd81c"", ""COMP|T4_REGIME_ANCHOR_TRANSITION|UP|359cb68526787e57"", ""COMP|T4_REGIME_ANCHOR_TRANSITION|UP|7501e2c723c422c7"", ""COMP|T4_REGIME_ANCHOR_TRANSITION|UP|c11d50f399bc2d4f"", ""COMP|T4_REGIME_ANCHOR_TRANSITION|UP|d7500b6369094720"", ""COMP|T4_REGIME_ANCHOR_TRANSITION|UP|db2eab09ac3365c5""]",EVENT_STREAM_JACCARD
NR-000674,UP,30m,4,0.95,COMP|T4_REGIME_ANCHOR_TRANSITION|UP|fde22918e475f89f,"[""COMP|T4_REGIME_ANCHOR_TRANSITION|UP|30535b4b158c5ef4"", ""COMP|T4_REGIME_ANCHOR_TRANSITION|UP|70fa5cf93a9ea012"", ""COMP|T4_REGIME_ANCHOR_TRANSITION|UP|d01bdf0b09fbdef3""]","[""COMP|T4_REGIME_ANCHOR_TRANSITION|UP|30535b4b158c5ef4"", ""COMP|T4_REGIME_ANCHOR_TRANSITION|UP|70fa5cf93a9ea012"", ""COMP|T4_REGIME_ANCHOR_TRANSITION|UP|d01bdf0b09fbdef3"", ""COMP|T4_REGIME_ANCHOR_TRANSITION|UP|fde22918e475f89f""]",EVENT_STREAM_JACCARD
NR-000675,UP,30m,7,0.95,COMP|T4_REGIME_ANCHOR_TRANSITION|UP|1e136c11c589d393,"[""COMP|T3_ANCHOR_TRANSITION|UP|e93312be08031692"", ""COMP|T4_REGIME_ANCHOR_TRANSITION|UP|487ed59a645291b0"", ""COMP|T4_REGIME_ANCHOR_TRANSITION|UP|6600e55e6187937d"", ""COMP|T4_REGIME_ANCHOR_TRANSITION|UP|73bb2913b039ea4f"", ""COMP|T4_REGIME_ANCHOR_TRANSITION|UP|88a4fee67a462752"", ""COMP|T4_REGIME_ANCHOR_TRANSITION|UP|9c879ac59c659975""]","[""COMP|T3_ANCHOR_TRANSITION|UP|e93312be08031692"", ""COMP|T4_REGIME_ANCHOR_TRANSITION|UP|1e136c11c589d393"", ""COMP|T4_REGIME_ANCHOR_TRANSITION|UP|487ed59a645291b0"", ""COMP|T4_REGIME_ANCHOR_TRANSITION|UP|6600e55e6187937d"", ""COMP|T4_REGIME_ANCHOR_TRANSITION|UP|73bb2913b039ea4f"", ""COMP|T4_REGIME_ANCHOR_TRANSITION|UP|88a4fee67a462752"", ""COMP|T4_REGIME_ANCHOR_TRANSITION|UP|9c879ac59c659975""]",EVENT_STREAM_JACCARD
NR-000676,UP,30m,8,0.95,COMP|T4_REGIME_ANCHOR_TRANSITION|UP|cac9e53ae3b032ef,"[""COMP|T3_ANCHOR_TRANSITION|UP|4d8de527e4be6f08"", ""COMP|T4_REGIME_ANCHOR_TRANSITION|UP|46dcccb78b045db6"", ""COMP|T4_REGIME_ANCHOR_TRANSITION|UP|493572acfc9c435c"", ""COMP|T4_REGIME_ANCHOR_TRANSITION|UP|5210cc75a8fd276d"", ""COMP|T4_REGIME_ANCHOR_TRANSITION|UP|9d5c1bc1240dd7ce"", ""COMP|T4_REGIME_ANCHOR_TRANSITION|UP|b97bfabb171758a8"", ""COMP|T4_REGIME_ANCHOR_TRANSITION|UP|f6157698fc9ac017""]","[""COMP|T3_ANCHOR_TRANSITION|UP|4d8de527e4be6f08"", ""COMP|T4_REGIME_ANCHOR_TRANSITION|UP|46dcccb78b045db6"", ""COMP|T4_REGIME_ANCHOR_TRANSITION|UP|493572acfc9c435c"", ""COMP|T4_REGIME_ANCHOR_TRANSITION|UP|5210cc75a8fd276d"", ""COMP|T4_REGIME_ANCHOR_TRANSITION|UP|9d5c1bc1240dd7ce"", ""COMP|T4_REGIME_ANCHOR_TRANSITION|UP|b97bfabb171758a8"", ""COMP|T4_REGIME_ANCHOR_TRANSITION|UP|cac9e53ae3b032ef"", ""COMP|T4_REGIME_ANCHOR_TRANSITION|UP|f6157698fc9ac017""]",EVENT_STREAM_JACCARD
NR-000677,UP,30m,8,0.95,COMP|T4_REGIME_ANCHOR_TRANSITION|UP|57d6a689eae10db4,"[""COMP|T3_ANCHOR_TRANSITION|UP|a94889fcb28cc917"", ""COMP|T4_REGIME_ANCHOR_TRANSITION|UP|2687071120bad73d"", ""COMP|T4_REGIME_ANCHOR_TRANSITION|UP|37a0f5ec518a88a2"", ""COMP|T4_REGIME_ANCHOR_TRANSITION|UP|6af5df2f26a99b2b"", ""COMP|T4_REGIME_ANCHOR_TRANSITION|UP|7e7792589d6eba68"", ""COMP|T4_REGIME_ANCHOR_TRANSITION|UP|974fd083ba265012"", ""COMP|T4_REGIME_ANCHOR_TRANSITION|UP|ff737097bc33ebf3""]","[""COMP|T3_ANCHOR_TRANSITION|UP|a94889fcb28cc917"", ""COMP|T4_REGIME_ANCHOR_TRANSITION|UP|2687071120bad73d"", ""COMP|T4_REGIME_ANCHOR_TRANSITION|UP|37a0f5ec518a88a2"", ""COMP|T4_REGIME_ANCHOR_TRANSITION|UP|57d6a689eae10db4"", ""COMP|T4_REGIME_ANCHOR_TRANSITION|UP|6af5df2f26a99b2b"", ""COMP|T4_REGIME_ANCHOR_TRANSITION|UP|7e7792589d6eba68"", ""COMP|T4_REGIME_ANCHOR_TRANSITION|UP|974fd083ba265012"", ""COMP|T4_REGIME_ANCHOR_TRANSITION|UP|ff737097bc33ebf3""]",EVENT_STREAM_JACCARD
NR-000678,UP,30m,8,0.95,COMP|T4_REGIME_ANCHOR_TRANSITION|UP|119dbb2b71de2b76,"[""COMP|T3_ANCHOR_TRANSITION|UP|2700cdcaef2700b4"", ""COMP|T4_REGIME_ANCHOR_TRANSITION|UP|3fb6fca6d2031c2b"", ""COMP|T4_REGIME_ANCHOR_TRANSITION|UP|4710d4ae3af8af58"", ""COMP|T4_REGIME_ANCHOR_TRANSITION|UP|63e114161948dccc"", ""COMP|T4_REGIME_ANCHOR_TRANSITION|UP|967a4beadab62ca0"", ""COMP|T4_REGIME_ANCHOR_TRANSITION|UP|b714d5700374c19f"", ""COMP|T4_REGIME_ANCHOR_TRANSITION|UP|c5e729492c3c1698""]","[""COMP|T3_ANCHOR_TRANSITION|UP|2700cdcaef2700b4"", ""COMP|T4_REGIME_ANCHOR_TRANSITION|UP|119dbb2b71de2b76"", ""COMP|T4_REGIME_ANCHOR_TRANSITION|UP|3fb6fca6d2031c2b"", ""COMP|T4_REGIME_ANCHOR_TRANSITION|UP|4710d4ae3af8af58"", ""COMP|T4_REGIME_ANCHOR_TRANSITION|UP|63e114161948dccc"", ""COMP|T4_REGIME_ANCHOR_TRANSITION|UP|967a4beadab62ca0"", ""COMP|T4_REGIME_ANCHOR_TRANSITION|UP|b714d5700374c19f"", ""COMP|T4_REGIME_ANCHOR_TRANSITION|UP|c5e729492c3c1698""]",EVENT_STREAM_JACCARD
NR-000679,UP,30m,8,0.95,COMP|T4_REGIME_ANCHOR_TRANSITION|UP|ab7565f2d4dbd883,"[""COMP|T3_ANCHOR_TRANSITION|UP|3ca263de40d6d399"", ""COMP|T4_REGIME_ANCHOR_TRANSITION|UP|2f7db1a9ee41ed28"", ""COMP|T4_REGIME_ANCHOR_TRANSITION|UP|745ed213b5b72090"", ""COMP|T4_REGIME_ANCHOR_TRANSITION|UP|7b8a70c58adb8fc9"", ""COMP|T4_REGIME_ANCHOR_TRANSITION|UP|ab7c07deec1378c6"", ""COMP|T4_REGIME_ANCHOR_TRANSITION|UP|d7ccc7ae5de09602"", ""COMP|T4_REGIME_ANCHOR_TRANSITION|UP|ebd23f3e7ea575b7""]","[""COMP|T3_ANCHOR_TRANSITION|UP|3ca263de40d6d399"", ""COMP|T4_REGIME_ANCHOR_TRANSITION|UP|2f7db1a9ee41ed28"", ""COMP|T4_REGIME_ANCHOR_TRANSITION|UP|745ed213b5b72090"", ""COMP|T4_REGIME_ANCHOR_TRANSITION|UP|7b8a70c58adb8fc9"", ""COMP|T4_REGIME_ANCHOR_TRANSITION|UP|ab7565f2d4dbd883"", ""COMP|T4_REGIME_ANCHOR_TRANSITION|UP|ab7c07deec1378c6"", ""COMP|T4_REGIME_ANCHOR_TRANSITION|UP|d7ccc7ae5de09602"", ""COMP|T4_REGIME_ANCHOR_TRANSITION|UP|ebd23f3e7ea575b7""]",EVENT_STREAM_JACCARD
NR-000680,UP,30m,3,0.95,COMP|T4_REGIME_ANCHOR_TRANSITION|UP|961a0f405cb95bda,"[""COMP|T4_REGIME_ANCHOR_TRANSITION|UP|301f75c4f16ad46f"", ""COMP|T4_REGIME_ANCHOR_TRANSITION|UP|62b004afbff23152""]","[""COMP|T4_REGIME_ANCHOR_TRANSITION|UP|301f75c4f16ad46f"", ""COMP|T4_REGIME_ANCHOR_TRANSITION|UP|62b004afbff23152"", ""COMP|T4_REGIME_ANCHOR_TRANSITION|UP|961a0f405cb95bda""]",EVENT_STREAM_JACCARD
NR-000681,UP,30m,8,0.95,COMP|T4_REGIME_ANCHOR_TRANSITION|UP|9e69ec4ae90cff06,"[""COMP|T3_ANCHOR_TRANSITION|UP|c4161a7f8363cdce"", ""COMP|T4_REGIME_ANCHOR_TRANSITION|UP|200db548f37a5ef3"", ""COMP|T4_REGIME_ANCHOR_TRANSITION|UP|3d9ce59bcb47eb85"", ""COMP|T4_REGIME_ANCHOR_TRANSITION|UP|6a9d1484e84ddf6b"", ""COMP|T4_REGIME_ANCHOR_TRANSITION|UP|706301998a0f3d16"", ""COMP|T4_REGIME_ANCHOR_TRANSITION|UP|9fd247669e2ee3b0"", ""COMP|T4_REGIME_ANCHOR_TRANSITION|UP|cc3e47b2177da97f""]","[""COMP|T3_ANCHOR_TRANSITION|UP|c4161a7f8363cdce"", ""COMP|T4_REGIME_ANCHOR_TRANSITION|UP|200db548f37a5ef3"", ""COMP|T4_REGIME_ANCHOR_TRANSITION|UP|3d9ce59bcb47eb85"", ""COMP|T4_REGIME_ANCHOR_TRANSITION|UP|6a9d1484e84ddf6b"", ""COMP|T4_REGIME_ANCHOR_TRANSITION|UP|706301998a0f3d16"", ""COMP|T4_REGIME_ANCHOR_TRANSITION|UP|9e69ec4ae90cff06"", ""COMP|T4_REGIME_ANCHOR_TRANSITION|UP|9fd247669e2ee3b0"", ""COMP|T4_REGIME_ANCHOR_TRANSITION|UP|cc3e47b2177da97f""]",EVENT_STREAM_JACCARD
NR-000682,UP,30m,8,0.95,COMP|T4_REGIME_ANCHOR_TRANSITION|UP|794c8901d1a92e32,"[""COMP|T3_ANCHOR_TRANSITION|UP|7be4c6245066b8af"", ""COMP|T4_REGIME_ANCHOR_TRANSITION|UP|0ba5aa33221cd5d5"", ""COMP|T4_REGIME_ANCHOR_TRANSITION|UP|5e1df182a98ba5f5"", ""COMP|T4_REGIME_ANCHOR_TRANSITION|UP|8e5b5f572bb451d9"", ""COMP|T4_REGIME_ANCHOR_TRANSITION|UP|a0823cc8175fc8f2"", ""COMP|T4_REGIME_ANCHOR_TRANSITION|UP|af8d3b255eba09d4"", ""COMP|T4_REGIME_ANCHOR_TRANSITION|UP|b5b07fa30a76fc85""]","[""COMP|T3_ANCHOR_TRANSITION|UP|7be4c6245066b8af"", ""COMP|T4_REGIME_ANCHOR_TRANSITION|UP|0ba5aa33221cd5d5"", ""COMP|T4_REGIME_ANCHOR_TRANSITION|UP|5e1df182a98ba5f5"", ""COMP|T4_REGIME_ANCHOR_TRANSITION|UP|794c8901d1a92e32"", ""COMP|T4_REGIME_ANCHOR_TRANSITION|UP|8e5b5f572bb451d9"", ""COMP|T4_REGIME_ANCHOR_TRANSITION|UP|a0823cc8175fc8f2"", ""COMP|T4_REGIME_ANCHOR_TRANSITION|UP|af8d3b255eba09d4"", ""COMP|T4_REGIME_ANCHOR_TRANSITION|UP|b5b07fa30a76fc85""]",EVENT_STREAM_JACCARD
NR-000683,UP,30m,8,0.95,COMP|T4_REGIME_ANCHOR_TRANSITION|UP|898f0527042938c2,"[""COMP|T3_ANCHOR_TRANSITION|UP|27923e539a70a504"", ""COMP|T4_REGIME_ANCHOR_TRANSITION|UP|4df20131e144294a"", ""COMP|T4_REGIME_ANCHOR_TRANSITION|UP|80734eb59652d031"", ""COMP|T4_REGIME_ANCHOR_TRANSITION|UP|9bd17ae4ddc01dee"", ""COMP|T4_REGIME_ANCHOR_TRANSITION|UP|ab87fe5b6b3dee5e"", ""COMP|T4_REGIME_ANCHOR_TRANSITION|UP|ac25e5384dc3db0a"", ""COMP|T4_REGIME_ANCHOR_TRANSITION|UP|e8b016ae7209ecf7""]","[""COMP|T3_ANCHOR_TRANSITION|UP|27923e539a70a504"", ""COMP|T4_REGIME_ANCHOR_TRANSITION|UP|4df20131e144294a"", ""COMP|T4_REGIME_ANCHOR_TRANSITION|UP|80734eb59652d031"", ""COMP|T4_REGIME_ANCHOR_TRANSITION|UP|898f0527042938c2"", ""COMP|T4_REGIME_ANCHOR_TRANSITION|UP|9bd17ae4ddc01dee"", ""COMP|T4_REGIME_ANCHOR_TRANSITION|UP|ab87fe5b6b3dee5e"", ""COMP|T4_REGIME_ANCHOR_TRANSITION|UP|ac25e5384dc3db0a"", ""COMP|T4_REGIME_ANCHOR_TRANSITION|UP|e8b016ae7209ecf7""]",EVENT_STREAM_JACCARD
NR-000684,UP,30m,8,0.95,COMP|T4_REGIME_ANCHOR_TRANSITION|UP|9ae8493daa0ea543,"[""COMP|T3_ANCHOR_TRANSITION|UP|7b86bca01da8d940"", ""COMP|T4_REGIME_ANCHOR_TRANSITION|UP|4aa4d1205d0db6d1"", ""COMP|T4_REGIME_ANCHOR_TRANSITION|UP|75879a07599f27dd"", ""COMP|T4_REGIME_ANCHOR_TRANSITION|UP|8e751eefa915635c"", ""COMP|T4_REGIME_ANCHOR_TRANSITION|UP|93a25a6438865d8b"", ""COMP|T4_REGIME_ANCHOR_TRANSITION|UP|cad4e035f434d73e"", ""COMP|T4_REGIME_ANCHOR_TRANSITION|UP|ee411db70d57e842""]","[""COMP|T3_ANCHOR_TRANSITION|UP|7b86bca01da8d940"", ""COMP|T4_REGIME_ANCHOR_TRANSITION|UP|4aa4d1205d0db6d1"", ""COMP|T4_REGIME_ANCHOR_TRANSITION|UP|75879a07599f27dd"", ""COMP|T4_REGIME_ANCHOR_TRANSITION|UP|8e751eefa915635c"", ""COMP|T4_REGIME_ANCHOR_TRANSITION|UP|93a25a6438865d8b"", ""COMP|T4_REGIME_ANCHOR_TRANSITION|UP|9ae8493daa0ea543"", ""COMP|T4_REGIME_ANCHOR_TRANSITION|UP|cad4e035f434d73e"", ""COMP|T4_REGIME_ANCHOR_TRANSITION|UP|ee411db70d57e842""]",EVENT_STREAM_JACCARD
NR-000685,UP,30m,8,0.95,COMP|T4_REGIME_ANCHOR_TRANSITION|UP|e6c31cc8c6121919,"[""COMP|T3_ANCHOR_TRANSITION|UP|b7c8910639e8a21d"", ""COMP|T4_REGIME_ANCHOR_TRANSITION|UP|07207b0bc0f21e74"", ""COMP|T4_REGIME_ANCHOR_TRANSITION|UP|3030ced67599ba69"", ""COMP|T4_REGIME_ANCHOR_TRANSITION|UP|86c358c56c069b74"", ""COMP|T4_REGIME_ANCHOR_TRANSITION|UP|875ff9fbe0e9f0d0"", ""COMP|T4_REGIME_ANCHOR_TRANSITION|UP|e0864f21440cc3cd"", ""COMP|T4_REGIME_ANCHOR_TRANSITION|UP|e0a70304e2360100""]","[""COMP|T3_ANCHOR_TRANSITION|UP|b7c8910639e8a21d"", ""COMP|T4_REGIME_ANCHOR_TRANSITION|UP|07207b0bc0f21e74"", ""COMP|T4_REGIME_ANCHOR_TRANSITION|UP|3030ced67599ba69"", ""COMP|T4_REGIME_ANCHOR_TRANSITION|UP|86c358c56c069b74"", ""COMP|T4_REGIME_ANCHOR_TRANSITION|UP|875ff9fbe0e9f0d0"", ""COMP|T4_REGIME_ANCHOR_TRANSITION|UP|e0864f21440cc3cd"", ""COMP|T4_REGIME_ANCHOR_TRANSITION|UP|e0a70304e2360100"", ""COMP|T4_REGIME_ANCHOR_TRANSITION|UP|e6c31cc8c6121919""]",EVENT_STREAM_JACCARD
NR-000686,UP,30m,8,0.95,COMP|T4_REGIME_ANCHOR_TRANSITION|UP|8ba4c9816858f817,"[""COMP|T3_ANCHOR_TRANSITION|UP|0ecd8741fc343ec8"", ""COMP|T4_REGIME_ANCHOR_TRANSITION|UP|61beb181cd83cc02"", ""COMP|T4_REGIME_ANCHOR_TRANSITION|UP|ab509f02d3dcc3b9"", ""COMP|T4_REGIME_ANCHOR_TRANSITION|UP|c33f89cc93f30078"", ""COMP|T4_REGIME_ANCHOR_TRANSITION|UP|d1917580bfca7b12"", ""COMP|T4_REGIME_ANCHOR_TRANSITION|UP|d2cae4a8195fc821"", ""COMP|T4_REGIME_ANCHOR_TRANSITION|UP|d8d5501047318db3""]","[""COMP|T3_ANCHOR_TRANSITION|UP|0ecd8741fc343ec8"", ""COMP|T4_REGIME_ANCHOR_TRANSITION|UP|61beb181cd83cc02"", ""COMP|T4_REGIME_ANCHOR_TRANSITION|UP|8ba4c9816858f817"", ""COMP|T4_REGIME_ANCHOR_TRANSITION|UP|ab509f02d3dcc3b9"", ""COMP|T4_REGIME_ANCHOR_TRANSITION|UP|c33f89cc93f30078"", ""COMP|T4_REGIME_ANCHOR_TRANSITION|UP|d1917580bfca7b12"", ""COMP|T4_REGIME_ANCHOR_TRANSITION|UP|d2cae4a8195fc821"", ""COMP|T4_REGIME_ANCHOR_TRANSITION|UP|d8d5501047318db3""]",EVENT_STREAM_JACCARD
NR-000687,UP,30m,8,0.95,COMP|T4_REGIME_ANCHOR_TRANSITION|UP|f45f6eaab588c6f1,"[""COMP|T3_ANCHOR_TRANSITION|UP|2a015ba38f929bb0"", ""COMP|T4_REGIME_ANCHOR_TRANSITION|UP|078fa028e29e62fb"", ""COMP|T4_REGIME_ANCHOR_TRANSITION|UP|3ba70f1ed2852459"", ""COMP|T4_REGIME_ANCHOR_TRANSITION|UP|4c26d0c8e923f288"", ""COMP|T4_REGIME_ANCHOR_TRANSITION|UP|c3f2c0ca0fe380cb"", ""COMP|T4_REGIME_ANCHOR_TRANSITION|UP|cf8e2e74c9d16298"", ""COMP|T4_REGIME_ANCHOR_TRANSITION|UP|ffcb1c83d984bf0c""]","[""COMP|T3_ANCHOR_TRANSITION|UP|2a015ba38f929bb0"", ""COMP|T4_REGIME_ANCHOR_TRANSITION|UP|078fa028e29e62fb"", ""COMP|T4_REGIME_ANCHOR_TRANSITION|UP|3ba70f1ed2852459"", ""COMP|T4_REGIME_ANCHOR_TRANSITION|UP|4c26d0c8e923f288"", ""COMP|T4_REGIME_ANCHOR_TRANSITION|UP|c3f2c0ca0fe380cb"", ""COMP|T4_REGIME_ANCHOR_TRANSITION|UP|cf8e2e74c9d16298"", ""COMP|T4_REGIME_ANCHOR_TRANSITION|UP|f45f6eaab588c6f1"", ""COMP|T4_REGIME_ANCHOR_TRANSITION|UP|ffcb1c83d984bf0c""]",EVENT_STREAM_JACCARD
NR-000688,UP,30m,8,0.95,COMP|T4_REGIME_ANCHOR_TRANSITION|UP|b41e7ca538ea1663,"[""COMP|T3_ANCHOR_TRANSITION|UP|9f55253f7c6c8d4d"", ""COMP|T4_REGIME_ANCHOR_TRANSITION|UP|1e8705812ba59c70"", ""COMP|T4_REGIME_ANCHOR_TRANSITION|UP|3082eb81580acb6d"", ""COMP|T4_REGIME_ANCHOR_TRANSITION|UP|32d31504b18c3b4c"", ""COMP|T4_REGIME_ANCHOR_TRANSITION|UP|3dcdd52ad7cd3448"", ""COMP|T4_REGIME_ANCHOR_TRANSITION|UP|7e2be4ffde4db108"", ""COMP|T4_REGIME_ANCHOR_TRANSITION|UP|c35865a5aaeb9dca""]","[""COMP|T3_ANCHOR_TRANSITION|UP|9f55253f7c6c8d4d"", ""COMP|T4_REGIME_ANCHOR_TRANSITION|UP|1e8705812ba59c70"", ""COMP|T4_REGIME_ANCHOR_TRANSITION|UP|3082eb81580acb6d"", ""COMP|T4_REGIME_ANCHOR_TRANSITION|UP|32d31504b18c3b4c"", ""COMP|T4_REGIME_ANCHOR_TRANSITION|UP|3dcdd52ad7cd3448"", ""COMP|T4_REGIME_ANCHOR_TRANSITION|UP|7e2be4ffde4db108"", ""COMP|T4_REGIME_ANCHOR_TRANSITION|UP|b41e7ca538ea1663"", ""COMP|T4_REGIME_ANCHOR_TRANSITION|UP|c35865a5aaeb9dca""]",EVENT_STREAM_JACCARD
NR-000689,UP,30m,8,0.95,COMP|T4_REGIME_ANCHOR_TRANSITION|UP|2172e81563adcf0a,"[""COMP|T3_ANCHOR_TRANSITION|UP|c1efa18743436fc5"", ""COMP|T4_REGIME_ANCHOR_TRANSITION|UP|0d69f634528e4489"", ""COMP|T4_REGIME_ANCHOR_TRANSITION|UP|10077a973bbd4660"", ""COMP|T4_REGIME_ANCHOR_TRANSITION|UP|1df62c7b29bcc2c7"", ""COMP|T4_REGIME_ANCHOR_TRANSITION|UP|3f93cb002fecea52"", ""COMP|T4_REGIME_ANCHOR_TRANSITION|UP|4673d8dcd59b02f8"", ""COMP|T4_REGIME_ANCHOR_TRANSITION|UP|e282a78289428f4d""]","[""COMP|T3_ANCHOR_TRANSITION|UP|c1efa18743436fc5"", ""COMP|T4_REGIME_ANCHOR_TRANSITION|UP|0d69f634528e4489"", ""COMP|T4_REGIME_ANCHOR_TRANSITION|UP|10077a973bbd4660"", ""COMP|T4_REGIME_ANCHOR_TRANSITION|UP|1df62c7b29bcc2c7"", ""COMP|T4_REGIME_ANCHOR_TRANSITION|UP|2172e81563adcf0a"", ""COMP|T4_REGIME_ANCHOR_TRANSITION|UP|3f93cb002fecea52"", ""COMP|T4_REGIME_ANCHOR_TRANSITION|UP|4673d8dcd59b02f8"", ""COMP|T4_REGIME_ANCHOR_TRANSITION|UP|e282a78289428f4d""]",EVENT_STREAM_JACCARD
NR-000690,UP,30m,8,0.95,COMP|T4_REGIME_ANCHOR_TRANSITION|UP|0b0a0888ac79001b,"[""COMP|T3_ANCHOR_TRANSITION|UP|2d104a56c1f7acbf"", ""COMP|T4_REGIME_ANCHOR_TRANSITION|UP|146915ed9f725d10"", ""COMP|T4_REGIME_ANCHOR_TRANSITION|UP|83716078139c0e40"", ""COMP|T4_REGIME_ANCHOR_TRANSITION|UP|9a854e07ef3baac5"", ""COMP|T4_REGIME_ANCHOR_TRANSITION|UP|9bc07e34c5ea052a"", ""COMP|T4_REGIME_ANCHOR_TRANSITION|UP|e79693b7c69fbe0f"", ""COMP|T4_REGIME_ANCHOR_TRANSITION|UP|e87129e65989f41b""]","[""COMP|T3_ANCHOR_TRANSITION|UP|2d104a56c1f7acbf"", ""COMP|T4_REGIME_ANCHOR_TRANSITION|UP|0b0a0888ac79001b"", ""COMP|T4_REGIME_ANCHOR_TRANSITION|UP|146915ed9f725d10"", ""COMP|T4_REGIME_ANCHOR_TRANSITION|UP|83716078139c0e40"", ""COMP|T4_REGIME_ANCHOR_TRANSITION|UP|9a854e07ef3baac5"", ""COMP|T4_REGIME_ANCHOR_TRANSITION|UP|9bc07e34c5ea052a"", ""COMP|T4_REGIME_ANCHOR_TRANSITION|UP|e79693b7c69fbe0f"", ""COMP|T4_REGIME_ANCHOR_TRANSITION|UP|e87129e65989f41b""]",EVENT_STREAM_JACCARD
NR-000691,UP,30m,8,0.95,COMP|T4_REGIME_ANCHOR_TRANSITION|UP|ee8f16f2a957ac6c,"[""COMP|T3_ANCHOR_TRANSITION|UP|582f3031cbc42447"", ""COMP|T4_REGIME_ANCHOR_TRANSITION|UP|28417a2facbf4b63"", ""COMP|T4_REGIME_ANCHOR_TRANSITION|UP|66d7d3efef5b1758"", ""COMP|T4_REGIME_ANCHOR_TRANSITION|UP|8903af0bfc054b48"", ""COMP|T4_REGIME_ANCHOR_TRANSITION|UP|a64f446ff39db524"", ""COMP|T4_REGIME_ANCHOR_TRANSITION|UP|a75e7360b2ff8333"", ""COMP|T4_REGIME_ANCHOR_TRANSITION|UP|c0cc515cb6f71916""]","[""COMP|T3_ANCHOR_TRANSITION|UP|582f3031cbc42447"", ""COMP|T4_REGIME_ANCHOR_TRANSITION|UP|28417a2facbf4b63"", ""COMP|T4_REGIME_ANCHOR_TRANSITION|UP|66d7d3efef5b1758"", ""COMP|T4_REGIME_ANCHOR_TRANSITION|UP|8903af0bfc054b48"", ""COMP|T4_REGIME_ANCHOR_TRANSITION|UP|a64f446ff39db524"", ""COMP|T4_REGIME_ANCHOR_TRANSITION|UP|a75e7360b2ff8333"", ""COMP|T4_REGIME_ANCHOR_TRANSITION|UP|c0cc515cb6f71916"", ""COMP|T4_REGIME_ANCHOR_TRANSITION|UP|ee8f16f2a957ac6c""]",EVENT_STREAM_JACCARD
NR-000692,UP,30m,8,0.95,COMP|T4_REGIME_ANCHOR_TRANSITION|UP|a8ac4a9ff7306b3e,"[""COMP|T3_ANCHOR_TRANSITION|UP|e9828ca116225f6f"", ""COMP|T4_REGIME_ANCHOR_TRANSITION|UP|22e082d9609f0062"", ""COMP|T4_REGIME_ANCHOR_TRANSITION|UP|42c83a5a4d11e35a"", ""COMP|T4_REGIME_ANCHOR_TRANSITION|UP|4f3124dd5ffe0b46"", ""COMP|T4_REGIME_ANCHOR_TRANSITION|UP|5d5e891ab47c29fa"", ""COMP|T4_REGIME_ANCHOR_TRANSITION|UP|75fda02611efd705"", ""COMP|T4_REGIME_ANCHOR_TRANSITION|UP|b8ed57558ce91754""]","[""COMP|T3_ANCHOR_TRANSITION|UP|e9828ca116225f6f"", ""COMP|T4_REGIME_ANCHOR_TRANSITION|UP|22e082d9609f0062"", ""COMP|T4_REGIME_ANCHOR_TRANSITION|UP|42c83a5a4d11e35a"", ""COMP|T4_REGIME_ANCHOR_TRANSITION|UP|4f3124dd5ffe0b46"", ""COMP|T4_REGIME_ANCHOR_TRANSITION|UP|5d5e891ab47c29fa"", ""COMP|T4_REGIME_ANCHOR_TRANSITION|UP|75fda02611efd705"", ""COMP|T4_REGIME_ANCHOR_TRANSITION|UP|a8ac4a9ff7306b3e"", ""COMP|T4_REGIME_ANCHOR_TRANSITION|UP|b8ed57558ce91754""]",EVENT_STREAM_JACCARD
NR-000693,UP,30m,8,0.95,COMP|T4_REGIME_ANCHOR_TRANSITION|UP|b4fb1911be1df2e2,"[""COMP|T3_ANCHOR_TRANSITION|UP|0e731a60d21aaf25"", ""COMP|T4_REGIME_ANCHOR_TRANSITION|UP|0ee609433c8f1adf"", ""COMP|T4_REGIME_ANCHOR_TRANSITION|UP|4d6d3a72dd24d4a4"", ""COMP|T4_REGIME_ANCHOR_TRANSITION|UP|7d3afeac81f97157"", ""COMP|T4_REGIME_ANCHOR_TRANSITION|UP|9e5cadcd3abbb464"", ""COMP|T4_REGIME_ANCHOR_TRANSITION|UP|d82ec54d4e54932e"", ""COMP|T4_REGIME_ANCHOR_TRANSITION|UP|fadfc6cae0cb2503""]","[""COMP|T3_ANCHOR_TRANSITION|UP|0e731a60d21aaf25"", ""COMP|T4_REGIME_ANCHOR_TRANSITION|UP|0ee609433c8f1adf"", ""COMP|T4_REGIME_ANCHOR_TRANSITION|UP|4d6d3a72dd24d4a4"", ""COMP|T4_REGIME_ANCHOR_TRANSITION|UP|7d3afeac81f97157"", ""COMP|T4_REGIME_ANCHOR_TRANSITION|UP|9e5cadcd3abbb464"", ""COMP|T4_REGIME_ANCHOR_TRANSITION|UP|b4fb1911be1df2e2"", ""COMP|T4_REGIME_ANCHOR_TRANSITION|UP|d82ec54d4e54932e"", ""COMP|T4_REGIME_ANCHOR_TRANSITION|UP|fadfc6cae0cb2503""]",EVENT_STREAM_JACCARD
NR-000694,UP,30m,8,0.95,COMP|T4_REGIME_ANCHOR_TRANSITION|UP|3672e2a79800a400,"[""COMP|T3_ANCHOR_TRANSITION|UP|7b23e8164262baa3"", ""COMP|T4_REGIME_ANCHOR_TRANSITION|UP|0d8343d7a7af2ac2"", ""COMP|T4_REGIME_ANCHOR_TRANSITION|UP|0ff29364f9975af5"", ""COMP|T4_REGIME_ANCHOR_TRANSITION|UP|409fdea9be19d3bd"", ""COMP|T4_REGIME_ANCHOR_TRANSITION|UP|6de806f98ecb0a90"", ""COMP|T4_REGIME_ANCHOR_TRANSITION|UP|a36d5066b97c08d9"", ""COMP|T4_REGIME_ANCHOR_TRANSITION|UP|c925d9f3e58a54a3""]","[""COMP|T3_ANCHOR_TRANSITION|UP|7b23e8164262baa3"", ""COMP|T4_REGIME_ANCHOR_TRANSITION|UP|0d8343d7a7af2ac2"", ""COMP|T4_REGIME_ANCHOR_TRANSITION|UP|0ff29364f9975af5"", ""COMP|T4_REGIME_ANCHOR_TRANSITION|UP|3672e2a79800a400"", ""COMP|T4_REGIME_ANCHOR_TRANSITION|UP|409fdea9be19d3bd"", ""COMP|T4_REGIME_ANCHOR_TRANSITION|UP|6de806f98ecb0a90"", ""COMP|T4_REGIME_ANCHOR_TRANSITION|UP|a36d5066b97c08d9"", ""COMP|T4_REGIME_ANCHOR_TRANSITION|UP|c925d9f3e58a54a3""]",EVENT_STREAM_JACCARD
NR-000695,UP,30m,8,0.95,COMP|T4_REGIME_ANCHOR_TRANSITION|UP|59cd8edb122347f1,"[""COMP|T3_ANCHOR_TRANSITION|UP|83858c8cadda10bc"", ""COMP|T4_REGIME_ANCHOR_TRANSITION|UP|5543abf6e4e7135c"", ""COMP|T4_REGIME_ANCHOR_TRANSITION|UP|561d28bd1fe6faf3"", ""COMP|T4_REGIME_ANCHOR_TRANSITION|UP|651267f75fbb4c2c"", ""COMP|T4_REGIME_ANCHOR_TRANSITION|UP|993a8ad95082a09c"", ""COMP|T4_REGIME_ANCHOR_TRANSITION|UP|c385c105581eb8da"", ""COMP|T4_REGIME_ANCHOR_TRANSITION|UP|dbbdc93f12e24279""]","[""COMP|T3_ANCHOR_TRANSITION|UP|83858c8cadda10bc"", ""COMP|T4_REGIME_ANCHOR_TRANSITION|UP|5543abf6e4e7135c"", ""COMP|T4_REGIME_ANCHOR_TRANSITION|UP|561d28bd1fe6faf3"", ""COMP|T4_REGIME_ANCHOR_TRANSITION|UP|59cd8edb122347f1"", ""COMP|T4_REGIME_ANCHOR_TRANSITION|UP|651267f75fbb4c2c"", ""COMP|T4_REGIME_ANCHOR_TRANSITION|UP|993a8ad95082a09c"", ""COMP|T4_REGIME_ANCHOR_TRANSITION|UP|c385c105581eb8da"", ""COMP|T4_REGIME_ANCHOR_TRANSITION|UP|dbbdc93f12e24279""]",EVENT_STREAM_JACCARD
NR-000696,UP,30m,8,0.95,COMP|T4_REGIME_ANCHOR_TRANSITION|UP|3dede17349b5a3e0,"[""COMP|T3_ANCHOR_TRANSITION|UP|15eb2cf335fea355"", ""COMP|T4_REGIME_ANCHOR_TRANSITION|UP|1939d84e9a87be6b"", ""COMP|T4_REGIME_ANCHOR_TRANSITION|UP|1e127fa1c69fe561"", ""COMP|T4_REGIME_ANCHOR_TRANSITION|UP|21e4c34e0dec3669"", ""COMP|T4_REGIME_ANCHOR_TRANSITION|UP|67423294c42a2e7a"", ""COMP|T4_REGIME_ANCHOR_TRANSITION|UP|a6f8c8fa25bbffdc"", ""COMP|T4_REGIME_ANCHOR_TRANSITION|UP|d93ba7bebdf72830""]","[""COMP|T3_ANCHOR_TRANSITION|UP|15eb2cf335fea355"", ""COMP|T4_REGIME_ANCHOR_TRANSITION|UP|1939d84e9a87be6b"", ""COMP|T4_REGIME_ANCHOR_TRANSITION|UP|1e127fa1c69fe561"", ""COMP|T4_REGIME_ANCHOR_TRANSITION|UP|21e4c34e0dec3669"", ""COMP|T4_REGIME_ANCHOR_TRANSITION|UP|3dede17349b5a3e0"", ""COMP|T4_REGIME_ANCHOR_TRANSITION|UP|67423294c42a2e7a"", ""COMP|T4_REGIME_ANCHOR_TRANSITION|UP|a6f8c8fa25bbffdc"", ""COMP|T4_REGIME_ANCHOR_TRANSITION|UP|d93ba7bebdf72830""]",EVENT_STREAM_JACCARD
NR-000697,UP,30m,2,0.95,COMP|T4_REGIME_ANCHOR_TRANSITION|UP|bf49869c2e7527c5,"[""COMP|T4_REGIME_ANCHOR_TRANSITION|UP|fe9fecf595c04678""]","[""COMP|T4_REGIME_ANCHOR_TRANSITION|UP|bf49869c2e7527c5"", ""COMP|T4_REGIME_ANCHOR_TRANSITION|UP|fe9fecf595c04678""]",EVENT_STREAM_JACCARD
NR-000698,UP,30m,8,0.95,COMP|T4_REGIME_ANCHOR_TRANSITION|UP|4cbf25e8837e8305,"[""COMP|T3_ANCHOR_TRANSITION|UP|8b3903b1e9534397"", ""COMP|T4_REGIME_ANCHOR_TRANSITION|UP|1ca90eb5cd526c7c"", ""COMP|T4_REGIME_ANCHOR_TRANSITION|UP|3cc2b392d3e7bd2d"", ""COMP|T4_REGIME_ANCHOR_TRANSITION|UP|7fc74b7f497528d8"", ""COMP|T4_REGIME_ANCHOR_TRANSITION|UP|84719f0aac0441d4"", ""COMP|T4_REGIME_ANCHOR_TRANSITION|UP|89cfd1d7a05bfbd2"", ""COMP|T4_REGIME_ANCHOR_TRANSITION|UP|ecad6e98641e783e""]","[""COMP|T3_ANCHOR_TRANSITION|UP|8b3903b1e9534397"", ""COMP|T4_REGIME_ANCHOR_TRANSITION|UP|1ca90eb5cd526c7c"", ""COMP|T4_REGIME_ANCHOR_TRANSITION|UP|3cc2b392d3e7bd2d"", ""COMP|T4_REGIME_ANCHOR_TRANSITION|UP|4cbf25e8837e8305"", ""COMP|T4_REGIME_ANCHOR_TRANSITION|UP|7fc74b7f497528d8"", ""COMP|T4_REGIME_ANCHOR_TRANSITION|UP|84719f0aac0441d4"", ""COMP|T4_REGIME_ANCHOR_TRANSITION|UP|89cfd1d7a05bfbd2"", ""COMP|T4_REGIME_ANCHOR_TRANSITION|UP|ecad6e98641e783e""]",EVENT_STREAM_JACCARD
NR-000699,UP,30m,2,0.95,COMP|T4_REGIME_ANCHOR_TRANSITION|UP|495b7689f84c7d3e,"[""COMP|T4_REGIME_ANCHOR_TRANSITION|UP|28224daf06ca7867""]","[""COMP|T4_REGIME_ANCHOR_TRANSITION|UP|28224daf06ca7867"", ""COMP|T4_REGIME_ANCHOR_TRANSITION|UP|495b7689f84c7d3e""]",EVENT_STREAM_JACCARD
NR-000700,UP,30m,2,0.95,COMP|T4_REGIME_ANCHOR_TRANSITION|UP|803131ac74675809,"[""COMP|T4_REGIME_ANCHOR_TRANSITION|UP|1f4e5c6d424edcee""]","[""COMP|T4_REGIME_ANCHOR_TRANSITION|UP|1f4e5c6d424edcee"", ""COMP|T4_REGIME_ANCHOR_TRANSITION|UP|803131ac74675809""]",EVENT_STREAM_JACCARD
NR-000701,UP,30m,8,0.95,COMP|T4_REGIME_ANCHOR_TRANSITION|UP|c7f94073a79ddc10,"[""COMP|T3_ANCHOR_TRANSITION|UP|e3c7f7111ee4d0ff"", ""COMP|T4_REGIME_ANCHOR_TRANSITION|UP|0807f8a615db6add"", ""COMP|T4_REGIME_ANCHOR_TRANSITION|UP|4b55ab2089c25aa2"", ""COMP|T4_REGIME_ANCHOR_TRANSITION|UP|883d0d6324ee974b"", ""COMP|T4_REGIME_ANCHOR_TRANSITION|UP|a5ccfbcff4eaffd9"", ""COMP|T4_REGIME_ANCHOR_TRANSITION|UP|c7fa0fe09c3126c4"", ""COMP|T4_REGIME_ANCHOR_TRANSITION|UP|fbe67257a4a61d50""]","[""COMP|T3_ANCHOR_TRANSITION|UP|e3c7f7111ee4d0ff"", ""COMP|T4_REGIME_ANCHOR_TRANSITION|UP|0807f8a615db6add"", ""COMP|T4_REGIME_ANCHOR_TRANSITION|UP|4b55ab2089c25aa2"", ""COMP|T4_REGIME_ANCHOR_TRANSITION|UP|883d0d6324ee974b"", ""COMP|T4_REGIME_ANCHOR_TRANSITION|UP|a5ccfbcff4eaffd9"", ""COMP|T4_REGIME_ANCHOR_TRANSITION|UP|c7f94073a79ddc10"", ""COMP|T4_REGIME_ANCHOR_TRANSITION|UP|c7fa0fe09c3126c4"", ""COMP|T4_REGIME_ANCHOR_TRANSITION|UP|fbe67257a4a61d50""]",EVENT_STREAM_JACCARD
NR-000702,UP,30m,8,0.95,COMP|T4_REGIME_ANCHOR_TRANSITION|UP|a3ec518ea79d3c07,"[""COMP|T3_ANCHOR_TRANSITION|UP|71a78ecc8957d355"", ""COMP|T4_REGIME_ANCHOR_TRANSITION|UP|1013ae8ee94c6721"", ""COMP|T4_REGIME_ANCHOR_TRANSITION|UP|3d6731dfe53e4849"", ""COMP|T4_REGIME_ANCHOR_TRANSITION|UP|5b540dfa17125282"", ""COMP|T4_REGIME_ANCHOR_TRANSITION|UP|7c36cf6ea6523a2d"", ""COMP|T4_REGIME_ANCHOR_TRANSITION|UP|8729f8e7d3e4bd54"", ""COMP|T4_REGIME_ANCHOR_TRANSITION|UP|f92084b172d05d2f""]","[""COMP|T3_ANCHOR_TRANSITION|UP|71a78ecc8957d355"", ""COMP|T4_REGIME_ANCHOR_TRANSITION|UP|1013ae8ee94c6721"", ""COMP|T4_REGIME_ANCHOR_TRANSITION|UP|3d6731dfe53e4849"", ""COMP|T4_REGIME_ANCHOR_TRANSITION|UP|5b540dfa17125282"", ""COMP|T4_REGIME_ANCHOR_TRANSITION|UP|7c36cf6ea6523a2d"", ""COMP|T4_REGIME_ANCHOR_TRANSITION|UP|8729f8e7d3e4bd54"", ""COMP|T4_REGIME_ANCHOR_TRANSITION|UP|a3ec518ea79d3c07"", ""COMP|T4_REGIME_ANCHOR_TRANSITION|UP|f92084b172d05d2f""]",EVENT_STREAM_JACCARD
NR-000703,UP,30m,8,0.95,COMP|T4_REGIME_ANCHOR_TRANSITION|UP|f058a06ffb131fad,"[""COMP|T3_ANCHOR_TRANSITION|UP|e9c38426b7fea9f1"", ""COMP|T4_REGIME_ANCHOR_TRANSITION|UP|0e116f7144ca4a8e"", ""COMP|T4_REGIME_ANCHOR_TRANSITION|UP|10682ae53b1dcf6e"", ""COMP|T4_REGIME_ANCHOR_TRANSITION|UP|143b63b4f9fad38c"", ""COMP|T4_REGIME_ANCHOR_TRANSITION|UP|1752a757af91a1a4"", ""COMP|T4_REGIME_ANCHOR_TRANSITION|UP|23a353d63ad412c6"", ""COMP|T4_REGIME_ANCHOR_TRANSITION|UP|3067460994664821""]","[""COMP|T3_ANCHOR_TRANSITION|UP|e9c38426b7fea9f1"", ""COMP|T4_REGIME_ANCHOR_TRANSITION|UP|0e116f7144ca4a8e"", ""COMP|T4_REGIME_ANCHOR_TRANSITION|UP|10682ae53b1dcf6e"", ""COMP|T4_REGIME_ANCHOR_TRANSITION|UP|143b63b4f9fad38c"", ""COMP|T4_REGIME_ANCHOR_TRANSITION|UP|1752a757af91a1a4"", ""COMP|T4_REGIME_ANCHOR_TRANSITION|UP|23a353d63ad412c6"", ""COMP|T4_REGIME_ANCHOR_TRANSITION|UP|3067460994664821"", ""COMP|T4_REGIME_ANCHOR_TRANSITION|UP|f058a06ffb131fad""]",EVENT_STREAM_JACCARD
NR-000704,UP,30m,8,0.95,COMP|T4_REGIME_ANCHOR_TRANSITION|UP|8987d49ec870e2c4,"[""COMP|T3_ANCHOR_TRANSITION|UP|181f8be76d201c51"", ""COMP|T4_REGIME_ANCHOR_TRANSITION|UP|02f00534cc2c59f8"", ""COMP|T4_REGIME_ANCHOR_TRANSITION|UP|53dc8d4c77dee7ae"", ""COMP|T4_REGIME_ANCHOR_TRANSITION|UP|5fbc64636d30ded6"", ""COMP|T4_REGIME_ANCHOR_TRANSITION|UP|b6d3473c73a468bb"", ""COMP|T4_REGIME_ANCHOR_TRANSITION|UP|b86a556d87ca896e"", ""COMP|T4_REGIME_ANCHOR_TRANSITION|UP|c64414f8eb78f4c9""]","[""COMP|T3_ANCHOR_TRANSITION|UP|181f8be76d201c51"", ""COMP|T4_REGIME_ANCHOR_TRANSITION|UP|02f00534cc2c59f8"", ""COMP|T4_REGIME_ANCHOR_TRANSITION|UP|53dc8d4c77dee7ae"", ""COMP|T4_REGIME_ANCHOR_TRANSITION|UP|5fbc64636d30ded6"", ""COMP|T4_REGIME_ANCHOR_TRANSITION|UP|8987d49ec870e2c4"", ""COMP|T4_REGIME_ANCHOR_TRANSITION|UP|b6d3473c73a468bb"", ""COMP|T4_REGIME_ANCHOR_TRANSITION|UP|b86a556d87ca896e"", ""COMP|T4_REGIME_ANCHOR_TRANSITION|UP|c64414f8eb78f4c9""]",EVENT_STREAM_JACCARD
NR-000705,UP,30m,5,0.95,COMP|T4_REGIME_ANCHOR_TRANSITION|UP|d6c4c1c519028d35,"[""COMP|T4_REGIME_ANCHOR_TRANSITION|UP|5b11494097042755"", ""COMP|T4_REGIME_ANCHOR_TRANSITION|UP|89d6fec969dc92a9"", ""COMP|T4_REGIME_ANCHOR_TRANSITION|UP|94771d8d2182518f"", ""COMP|T4_REGIME_ANCHOR_TRANSITION|UP|a4e9f462635a7825""]","[""COMP|T4_REGIME_ANCHOR_TRANSITION|UP|5b11494097042755"", ""COMP|T4_REGIME_ANCHOR_TRANSITION|UP|89d6fec969dc92a9"", ""COMP|T4_REGIME_ANCHOR_TRANSITION|UP|94771d8d2182518f"", ""COMP|T4_REGIME_ANCHOR_TRANSITION|UP|a4e9f462635a7825"", ""COMP|T4_REGIME_ANCHOR_TRANSITION|UP|d6c4c1c519028d35""]",EVENT_STREAM_JACCARD
NR-000706,UP,30m,8,0.95,COMP|T4_REGIME_ANCHOR_TRANSITION|UP|07fb150f4edff8fb,"[""COMP|T3_ANCHOR_TRANSITION|UP|d248ba8f80be393d"", ""COMP|T4_REGIME_ANCHOR_TRANSITION|UP|153b2579b3e88d74"", ""COMP|T4_REGIME_ANCHOR_TRANSITION|UP|371e22d5e151907b"", ""COMP|T4_REGIME_ANCHOR_TRANSITION|UP|85c26d9e47ed942a"", ""COMP|T4_REGIME_ANCHOR_TRANSITION|UP|94aed77281f80aee"", ""COMP|T4_REGIME_ANCHOR_TRANSITION|UP|99490f1e51eb2ce0"", ""COMP|T4_REGIME_ANCHOR_TRANSITION|UP|c6ab2e2b977df71b""]","[""COMP|T3_ANCHOR_TRANSITION|UP|d248ba8f80be393d"", ""COMP|T4_REGIME_ANCHOR_TRANSITION|UP|07fb150f4edff8fb"", ""COMP|T4_REGIME_ANCHOR_TRANSITION|UP|153b2579b3e88d74"", ""COMP|T4_REGIME_ANCHOR_TRANSITION|UP|371e22d5e151907b"", ""COMP|T4_REGIME_ANCHOR_TRANSITION|UP|85c26d9e47ed942a"", ""COMP|T4_REGIME_ANCHOR_TRANSITION|UP|94aed77281f80aee"", ""COMP|T4_REGIME_ANCHOR_TRANSITION|UP|99490f1e51eb2ce0"", ""COMP|T4_REGIME_ANCHOR_TRANSITION|UP|c6ab2e2b977df71b""]",EVENT_STREAM_JACCARD
NR-000707,UP,30m,8,0.95,COMP|T4_REGIME_ANCHOR_TRANSITION|UP|f0723cfa144c8912,"[""COMP|T3_ANCHOR_TRANSITION|UP|2d03bc59eda169ff"", ""COMP|T4_REGIME_ANCHOR_TRANSITION|UP|0d52c18b6e3ecc48"", ""COMP|T4_REGIME_ANCHOR_TRANSITION|UP|464675a61d92a33a"", ""COMP|T4_REGIME_ANCHOR_TRANSITION|UP|4d0b16975e27d166"", ""COMP|T4_REGIME_ANCHOR_TRANSITION|UP|6b025b55df4072b8"", ""COMP|T4_REGIME_ANCHOR_TRANSITION|UP|72bf780df8fa440e"", ""COMP|T4_REGIME_ANCHOR_TRANSITION|UP|ce0b365f297bf289""]","[""COMP|T3_ANCHOR_TRANSITION|UP|2d03bc59eda169ff"", ""COMP|T4_REGIME_ANCHOR_TRANSITION|UP|0d52c18b6e3ecc48"", ""COMP|T4_REGIME_ANCHOR_TRANSITION|UP|464675a61d92a33a"", ""COMP|T4_REGIME_ANCHOR_TRANSITION|UP|4d0b16975e27d166"", ""COMP|T4_REGIME_ANCHOR_TRANSITION|UP|6b025b55df4072b8"", ""COMP|T4_REGIME_ANCHOR_TRANSITION|UP|72bf780df8fa440e"", ""COMP|T4_REGIME_ANCHOR_TRANSITION|UP|ce0b365f297bf289"", ""COMP|T4_REGIME_ANCHOR_TRANSITION|UP|f0723cfa144c8912""]",EVENT_STREAM_JACCARD
NR-000708,UP,30m,8,0.95,COMP|T4_REGIME_ANCHOR_TRANSITION|UP|7dd7df46480cf5ce,"[""COMP|T3_ANCHOR_TRANSITION|UP|43dfa08b4724d0eb"", ""COMP|T4_REGIME_ANCHOR_TRANSITION|UP|05721231bd513ad6"", ""COMP|T4_REGIME_ANCHOR_TRANSITION|UP|25ebac9511c401c5"", ""COMP|T4_REGIME_ANCHOR_TRANSITION|UP|3e2051e8e3223604"", ""COMP|T4_REGIME_ANCHOR_TRANSITION|UP|665dd506ebefa35f"", ""COMP|T4_REGIME_ANCHOR_TRANSITION|UP|6fe968d0e6eedea3"", ""COMP|T4_REGIME_ANCHOR_TRANSITION|UP|d6f95dfb52d195bf""]","[""COMP|T3_ANCHOR_TRANSITION|UP|43dfa08b4724d0eb"", ""COMP|T4_REGIME_ANCHOR_TRANSITION|UP|05721231bd513ad6"", ""COMP|T4_REGIME_ANCHOR_TRANSITION|UP|25ebac9511c401c5"", ""COMP|T4_REGIME_ANCHOR_TRANSITION|UP|3e2051e8e3223604"", ""COMP|T4_REGIME_ANCHOR_TRANSITION|UP|665dd506ebefa35f"", ""COMP|T4_REGIME_ANCHOR_TRANSITION|UP|6fe968d0e6eedea3"", ""COMP|T4_REGIME_ANCHOR_TRANSITION|UP|7dd7df46480cf5ce"", ""COMP|T4_REGIME_ANCHOR_TRANSITION|UP|d6f95dfb52d195bf""]",EVENT_STREAM_JACCARD
NR-000709,UP,30m,2,0.95,COMP|T4_REGIME_ANCHOR_TRANSITION|UP|81ebd4338956743e,"[""COMP|T4_REGIME_ANCHOR_TRANSITION|UP|a049b8c107f56596""]","[""COMP|T4_REGIME_ANCHOR_TRANSITION|UP|81ebd4338956743e"", ""COMP|T4_REGIME_ANCHOR_TRANSITION|UP|a049b8c107f56596""]",EVENT_STREAM_JACCARD
NR-000710,UP,30m,8,0.95,COMP|T4_REGIME_ANCHOR_TRANSITION|UP|44d1b14a73d56542,"[""COMP|T3_ANCHOR_TRANSITION|UP|5546e5ca3cef1256"", ""COMP|T4_REGIME_ANCHOR_TRANSITION|UP|1dd84a4edf1a87dc"", ""COMP|T4_REGIME_ANCHOR_TRANSITION|UP|62aaa5f50afc0b07"", ""COMP|T4_REGIME_ANCHOR_TRANSITION|UP|863d15b9fe8dc0f0"", ""COMP|T4_REGIME_ANCHOR_TRANSITION|UP|c8e259f19f0b17fc"", ""COMP|T4_REGIME_ANCHOR_TRANSITION|UP|e3224e0f1cdb59bf"", ""COMP|T4_REGIME_ANCHOR_TRANSITION|UP|efe80df231726a36""]","[""COMP|T3_ANCHOR_TRANSITION|UP|5546e5ca3cef1256"", ""COMP|T4_REGIME_ANCHOR_TRANSITION|UP|1dd84a4edf1a87dc"", ""COMP|T4_REGIME_ANCHOR_TRANSITION|UP|44d1b14a73d56542"", ""COMP|T4_REGIME_ANCHOR_TRANSITION|UP|62aaa5f50afc0b07"", ""COMP|T4_REGIME_ANCHOR_TRANSITION|UP|863d15b9fe8dc0f0"", ""COMP|T4_REGIME_ANCHOR_TRANSITION|UP|c8e259f19f0b17fc"", ""COMP|T4_REGIME_ANCHOR_TRANSITION|UP|e3224e0f1cdb59bf"", ""COMP|T4_REGIME_ANCHOR_TRANSITION|UP|efe80df231726a36""]",EVENT_STREAM_JACCARD
NR-000711,UP,30m,8,0.95,COMP|T4_REGIME_ANCHOR_TRANSITION|UP|b69f783fc5fcebe6,"[""COMP|T3_ANCHOR_TRANSITION|UP|72f7e323ae1d7ef1"", ""COMP|T4_REGIME_ANCHOR_TRANSITION|UP|1e3a15cf0ec62ded"", ""COMP|T4_REGIME_ANCHOR_TRANSITION|UP|2658266e82e6eb61"", ""COMP|T4_REGIME_ANCHOR_TRANSITION|UP|4dce95f15e3a493d"", ""COMP|T4_REGIME_ANCHOR_TRANSITION|UP|62b4ce783257a8d9"", ""COMP|T4_REGIME_ANCHOR_TRANSITION|UP|a31b8c276d216bec"", ""COMP|T4_REGIME_ANCHOR_TRANSITION|UP|ce0db26edaed0158""]","[""COMP|T3_ANCHOR_TRANSITION|UP|72f7e323ae1d7ef1"", ""COMP|T4_REGIME_ANCHOR_TRANSITION|UP|1e3a15cf0ec62ded"", ""COMP|T4_REGIME_ANCHOR_TRANSITION|UP|2658266e82e6eb61"", ""COMP|T4_REGIME_ANCHOR_TRANSITION|UP|4dce95f15e3a493d"", ""COMP|T4_REGIME_ANCHOR_TRANSITION|UP|62b4ce783257a8d9"", ""COMP|T4_REGIME_ANCHOR_TRANSITION|UP|a31b8c276d216bec"", ""COMP|T4_REGIME_ANCHOR_TRANSITION|UP|b69f783fc5fcebe6"", ""COMP|T4_REGIME_ANCHOR_TRANSITION|UP|ce0db26edaed0158""]",EVENT_STREAM_JACCARD
NR-000712,UP,30m,8,0.95,COMP|T4_REGIME_ANCHOR_TRANSITION|UP|1125566b4f20f901,"[""COMP|T3_ANCHOR_TRANSITION|UP|430d4b9e0f99e588"", ""COMP|T4_REGIME_ANCHOR_TRANSITION|UP|1592dad60ee8eb78"", ""COMP|T4_REGIME_ANCHOR_TRANSITION|UP|192dcc2a13ba7f0d"", ""COMP|T4_REGIME_ANCHOR_TRANSITION|UP|6554aa2ee84186a4"", ""COMP|T4_REGIME_ANCHOR_TRANSITION|UP|d2939cefe96cfe6c"", ""COMP|T4_REGIME_ANCHOR_TRANSITION|UP|e1bcd84bc406bd10"", ""COMP|T4_REGIME_ANCHOR_TRANSITION|UP|f532b637facada1c""]","[""COMP|T3_ANCHOR_TRANSITION|UP|430d4b9e0f99e588"", ""COMP|T4_REGIME_ANCHOR_TRANSITION|UP|1125566b4f20f901"", ""COMP|T4_REGIME_ANCHOR_TRANSITION|UP|1592dad60ee8eb78"", ""COMP|T4_REGIME_ANCHOR_TRANSITION|UP|192dcc2a13ba7f0d"", ""COMP|T4_REGIME_ANCHOR_TRANSITION|UP|6554aa2ee84186a4"", ""COMP|T4_REGIME_ANCHOR_TRANSITION|UP|d2939cefe96cfe6c"", ""COMP|T4_REGIME_ANCHOR_TRANSITION|UP|e1bcd84bc406bd10"", ""COMP|T4_REGIME_ANCHOR_TRANSITION|UP|f532b637facada1c""]",EVENT_STREAM_JACCARD
NR-000713,UP,30m,8,0.95,COMP|T4_REGIME_ANCHOR_TRANSITION|UP|15ada420828bcba0,"[""COMP|T3_ANCHOR_TRANSITION|UP|d2a1b419e48ffa2b"", ""COMP|T4_REGIME_ANCHOR_TRANSITION|UP|13731821b3943f0d"", ""COMP|T4_REGIME_ANCHOR_TRANSITION|UP|2baf1a66cc17913a"", ""COMP|T4_REGIME_ANCHOR_TRANSITION|UP|2e4e0178c9712431"", ""COMP|T4_REGIME_ANCHOR_TRANSITION|UP|2f93b40975759a55"", ""COMP|T4_REGIME_ANCHOR_TRANSITION|UP|799b6ad7f3f84024"", ""COMP|T4_REGIME_ANCHOR_TRANSITION|UP|7e64fd3b1a8fad61""]","[""COMP|T3_ANCHOR_TRANSITION|UP|d2a1b419e48ffa2b"", ""COMP|T4_REGIME_ANCHOR_TRANSITION|UP|13731821b3943f0d"", ""COMP|T4_REGIME_ANCHOR_TRANSITION|UP|15ada420828bcba0"", ""COMP|T4_REGIME_ANCHOR_TRANSITION|UP|2baf1a66cc17913a"", ""COMP|T4_REGIME_ANCHOR_TRANSITION|UP|2e4e0178c9712431"", ""COMP|T4_REGIME_ANCHOR_TRANSITION|UP|2f93b40975759a55"", ""COMP|T4_REGIME_ANCHOR_TRANSITION|UP|799b6ad7f3f84024"", ""COMP|T4_REGIME_ANCHOR_TRANSITION|UP|7e64fd3b1a8fad61""]",EVENT_STREAM_JACCARD
NR-000714,UP,30m,2,0.95,COMP|T4_REGIME_ANCHOR_TRANSITION|UP|47ffc61bc4e91c65,"[""COMP|T4_REGIME_ANCHOR_TRANSITION|UP|864e7998385dcb6d""]","[""COMP|T4_REGIME_ANCHOR_TRANSITION|UP|47ffc61bc4e91c65"", ""COMP|T4_REGIME_ANCHOR_TRANSITION|UP|864e7998385dcb6d""]",EVENT_STREAM_JACCARD
NR-000715,UP,30m,8,0.95,COMP|T4_REGIME_ANCHOR_TRANSITION|UP|c012cb4ececa1fbb,"[""COMP|T3_ANCHOR_TRANSITION|UP|ae83a076ef36cf34"", ""COMP|T4_REGIME_ANCHOR_TRANSITION|UP|0ab5f9b85f1b72ed"", ""COMP|T4_REGIME_ANCHOR_TRANSITION|UP|64beb6625569c715"", ""COMP|T4_REGIME_ANCHOR_TRANSITION|UP|6717fc6082789571"", ""COMP|T4_REGIME_ANCHOR_TRANSITION|UP|a4e079ced991fe5e"", ""COMP|T4_REGIME_ANCHOR_TRANSITION|UP|d0333ac56b9f807b"", ""COMP|T4_REGIME_ANCHOR_TRANSITION|UP|f5b805b28a327a44""]","[""COMP|T3_ANCHOR_TRANSITION|UP|ae83a076ef36cf34"", ""COMP|T4_REGIME_ANCHOR_TRANSITION|UP|0ab5f9b85f1b72ed"", ""COMP|T4_REGIME_ANCHOR_TRANSITION|UP|64beb6625569c715"", ""COMP|T4_REGIME_ANCHOR_TRANSITION|UP|6717fc6082789571"", ""COMP|T4_REGIME_ANCHOR_TRANSITION|UP|a4e079ced991fe5e"", ""COMP|T4_REGIME_ANCHOR_TRANSITION|UP|c012cb4ececa1fbb"", ""COMP|T4_REGIME_ANCHOR_TRANSITION|UP|d0333ac56b9f807b"", ""COMP|T4_REGIME_ANCHOR_TRANSITION|UP|f5b805b28a327a44""]",EVENT_STREAM_JACCARD
NR-000716,UP,30m,8,0.95,COMP|T4_REGIME_ANCHOR_TRANSITION|UP|c00fc1288fac4246,"[""COMP|T3_ANCHOR_TRANSITION|UP|214fff2e7c802ce4"", ""COMP|T4_REGIME_ANCHOR_TRANSITION|UP|3110244dfeb83a4a"", ""COMP|T4_REGIME_ANCHOR_TRANSITION|UP|7e89fcd2d8b6d910"", ""COMP|T4_REGIME_ANCHOR_TRANSITION|UP|8b0157d80bdd054d"", ""COMP|T4_REGIME_ANCHOR_TRANSITION|UP|8c30d3fd511f6886"", ""COMP|T4_REGIME_ANCHOR_TRANSITION|UP|a56f24cd31c5b710"", ""COMP|T4_REGIME_ANCHOR_TRANSITION|UP|dec65f5bfbbdb340""]","[""COMP|T3_ANCHOR_TRANSITION|UP|214fff2e7c802ce4"", ""COMP|T4_REGIME_ANCHOR_TRANSITION|UP|3110244dfeb83a4a"", ""COMP|T4_REGIME_ANCHOR_TRANSITION|UP|7e89fcd2d8b6d910"", ""COMP|T4_REGIME_ANCHOR_TRANSITION|UP|8b0157d80bdd054d"", ""COMP|T4_REGIME_ANCHOR_TRANSITION|UP|8c30d3fd511f6886"", ""COMP|T4_REGIME_ANCHOR_TRANSITION|UP|a56f24cd31c5b710"", ""COMP|T4_REGIME_ANCHOR_TRANSITION|UP|c00fc1288fac4246"", ""COMP|T4_REGIME_ANCHOR_TRANSITION|UP|dec65f5bfbbdb340""]",EVENT_STREAM_JACCARD
NR-000717,UP,30m,8,0.95,COMP|T4_REGIME_ANCHOR_TRANSITION|UP|b735bda3e4253be2,"[""COMP|T3_ANCHOR_TRANSITION|UP|21d85b48c3b0c940"", ""COMP|T4_REGIME_ANCHOR_TRANSITION|UP|54b3908889ab66e7"", ""COMP|T4_REGIME_ANCHOR_TRANSITION|UP|7d24f8e990730802"", ""COMP|T4_REGIME_ANCHOR_TRANSITION|UP|920e9a9afdb985df"", ""COMP|T4_REGIME_ANCHOR_TRANSITION|UP|a0ac961396911dcf"", ""COMP|T4_REGIME_ANCHOR_TRANSITION|UP|c753e97bf51c5a8d"", ""COMP|T4_REGIME_ANCHOR_TRANSITION|UP|d37202ae38df9c20""]","[""COMP|T3_ANCHOR_TRANSITION|UP|21d85b48c3b0c940"", ""COMP|T4_REGIME_ANCHOR_TRANSITION|UP|54b3908889ab66e7"", ""COMP|T4_REGIME_ANCHOR_TRANSITION|UP|7d24f8e990730802"", ""COMP|T4_REGIME_ANCHOR_TRANSITION|UP|920e9a9afdb985df"", ""COMP|T4_REGIME_ANCHOR_TRANSITION|UP|a0ac961396911dcf"", ""COMP|T4_REGIME_ANCHOR_TRANSITION|UP|b735bda3e4253be2"", ""COMP|T4_REGIME_ANCHOR_TRANSITION|UP|c753e97bf51c5a8d"", ""COMP|T4_REGIME_ANCHOR_TRANSITION|UP|d37202ae38df9c20""]",EVENT_STREAM_JACCARD
NR-000718,UP,30m,8,0.95,COMP|T4_REGIME_ANCHOR_TRANSITION|UP|6114b47416b1fdc3,"[""COMP|T3_ANCHOR_TRANSITION|UP|0dc71b21b0f23e8e"", ""COMP|T4_REGIME_ANCHOR_TRANSITION|UP|0d9b8a933621994b"", ""COMP|T4_REGIME_ANCHOR_TRANSITION|UP|4b532715f22ac6d2"", ""COMP|T4_REGIME_ANCHOR_TRANSITION|UP|99c1f6b9c558a018"", ""COMP|T4_REGIME_ANCHOR_TRANSITION|UP|a788098ca45396cd"", ""COMP|T4_REGIME_ANCHOR_TRANSITION|UP|b21cc761d05d6136"", ""COMP|T4_REGIME_ANCHOR_TRANSITION|UP|be9c4b4c822d712d""]","[""COMP|T3_ANCHOR_TRANSITION|UP|0dc71b21b0f23e8e"", ""COMP|T4_REGIME_ANCHOR_TRANSITION|UP|0d9b8a933621994b"", ""COMP|T4_REGIME_ANCHOR_TRANSITION|UP|4b532715f22ac6d2"", ""COMP|T4_REGIME_ANCHOR_TRANSITION|UP|6114b47416b1fdc3"", ""COMP|T4_REGIME_ANCHOR_TRANSITION|UP|99c1f6b9c558a018"", ""COMP|T4_REGIME_ANCHOR_TRANSITION|UP|a788098ca45396cd"", ""COMP|T4_REGIME_ANCHOR_TRANSITION|UP|b21cc761d05d6136"", ""COMP|T4_REGIME_ANCHOR_TRANSITION|UP|be9c4b4c822d712d""]",EVENT_STREAM_JACCARD
NR-000719,UP,30m,8,0.95,COMP|T4_REGIME_ANCHOR_TRANSITION|UP|e87bdb1d2f208b7d,"[""COMP|T3_ANCHOR_TRANSITION|UP|6b55d7f46b5f9975"", ""COMP|T4_REGIME_ANCHOR_TRANSITION|UP|073ea95d3d32d4a5"", ""COMP|T4_REGIME_ANCHOR_TRANSITION|UP|1da33e1b1d1ea547"", ""COMP|T4_REGIME_ANCHOR_TRANSITION|UP|3391be909742b840"", ""COMP|T4_REGIME_ANCHOR_TRANSITION|UP|c0968b850840d567"", ""COMP|T4_REGIME_ANCHOR_TRANSITION|UP|cfce6879b29cbff0"", ""COMP|T4_REGIME_ANCHOR_TRANSITION|UP|f0674bc27174da77""]","[""COMP|T3_ANCHOR_TRANSITION|UP|6b55d7f46b5f9975"", ""COMP|T4_REGIME_ANCHOR_TRANSITION|UP|073ea95d3d32d4a5"", ""COMP|T4_REGIME_ANCHOR_TRANSITION|UP|1da33e1b1d1ea547"", ""COMP|T4_REGIME_ANCHOR_TRANSITION|UP|3391be909742b840"", ""COMP|T4_REGIME_ANCHOR_TRANSITION|UP|c0968b850840d567"", ""COMP|T4_REGIME_ANCHOR_TRANSITION|UP|cfce6879b29cbff0"", ""COMP|T4_REGIME_ANCHOR_TRANSITION|UP|e87bdb1d2f208b7d"", ""COMP|T4_REGIME_ANCHOR_TRANSITION|UP|f0674bc27174da77""]",EVENT_STREAM_JACCARD
NR-000720,UP,30m,8,0.95,COMP|T4_REGIME_ANCHOR_TRANSITION|UP|ac517acd1de29ef5,"[""COMP|T3_ANCHOR_TRANSITION|UP|ba5e54b6e5d0b3c7"", ""COMP|T4_REGIME_ANCHOR_TRANSITION|UP|08495262b768f92d"", ""COMP|T4_REGIME_ANCHOR_TRANSITION|UP|2b1e8cddb9996f9d"", ""COMP|T4_REGIME_ANCHOR_TRANSITION|UP|52e83308bf19c36b"", ""COMP|T4_REGIME_ANCHOR_TRANSITION|UP|6d23b25efaedcd7c"", ""COMP|T4_REGIME_ANCHOR_TRANSITION|UP|908309a58d10fe1b"", ""COMP|T4_REGIME_ANCHOR_TRANSITION|UP|b1c1f60b25289215""]","[""COMP|T3_ANCHOR_TRANSITION|UP|ba5e54b6e5d0b3c7"", ""COMP|T4_REGIME_ANCHOR_TRANSITION|UP|08495262b768f92d"", ""COMP|T4_REGIME_ANCHOR_TRANSITION|UP|2b1e8cddb9996f9d"", ""COMP|T4_REGIME_ANCHOR_TRANSITION|UP|52e83308bf19c36b"", ""COMP|T4_REGIME_ANCHOR_TRANSITION|UP|6d23b25efaedcd7c"", ""COMP|T4_REGIME_ANCHOR_TRANSITION|UP|908309a58d10fe1b"", ""COMP|T4_REGIME_ANCHOR_TRANSITION|UP|ac517acd1de29ef5"", ""COMP|T4_REGIME_ANCHOR_TRANSITION|UP|b1c1f60b25289215""]",EVENT_STREAM_JACCARD
NR-000721,UP,30m,8,0.95,COMP|T4_REGIME_ANCHOR_TRANSITION|UP|41c5b3a96cbf385d,"[""COMP|T3_ANCHOR_TRANSITION|UP|9d25eb9f90b27192"", ""COMP|T4_REGIME_ANCHOR_TRANSITION|UP|0d06502586efc52e"", ""COMP|T4_REGIME_ANCHOR_TRANSITION|UP|4dba842a48c013cb"", ""COMP|T4_REGIME_ANCHOR_TRANSITION|UP|8953d1d3b23bc6be"", ""COMP|T4_REGIME_ANCHOR_TRANSITION|UP|bf7fe10bf6a4879f"", ""COMP|T4_REGIME_ANCHOR_TRANSITION|UP|d604647f747e7492"", ""COMP|T4_REGIME_ANCHOR_TRANSITION|UP|ef102862afd5b7b0""]","[""COMP|T3_ANCHOR_TRANSITION|UP|9d25eb9f90b27192"", ""COMP|T4_REGIME_ANCHOR_TRANSITION|UP|0d06502586efc52e"", ""COMP|T4_REGIME_ANCHOR_TRANSITION|UP|41c5b3a96cbf385d"", ""COMP|T4_REGIME_ANCHOR_TRANSITION|UP|4dba842a48c013cb"", ""COMP|T4_REGIME_ANCHOR_TRANSITION|UP|8953d1d3b23bc6be"", ""COMP|T4_REGIME_ANCHOR_TRANSITION|UP|bf7fe10bf6a4879f"", ""COMP|T4_REGIME_ANCHOR_TRANSITION|UP|d604647f747e7492"", ""COMP|T4_REGIME_ANCHOR_TRANSITION|UP|ef102862afd5b7b0""]",EVENT_STREAM_JACCARD
NR-000722,UP,30m,8,0.95,COMP|T4_REGIME_ANCHOR_TRANSITION|UP|bbfdb0b97befa8f8,"[""COMP|T3_ANCHOR_TRANSITION|UP|1d07464be4917695"", ""COMP|T4_REGIME_ANCHOR_TRANSITION|UP|1df4f13641c1078b"", ""COMP|T4_REGIME_ANCHOR_TRANSITION|UP|69a3d4bb6892e128"", ""COMP|T4_REGIME_ANCHOR_TRANSITION|UP|6c486116fae87dc3"", ""COMP|T4_REGIME_ANCHOR_TRANSITION|UP|77cddce95e04b18d"", ""COMP|T4_REGIME_ANCHOR_TRANSITION|UP|798e3941ac52546e"", ""COMP|T4_REGIME_ANCHOR_TRANSITION|UP|96a3172c9d7c19c1""]","[""COMP|T3_ANCHOR_TRANSITION|UP|1d07464be4917695"", ""COMP|T4_REGIME_ANCHOR_TRANSITION|UP|1df4f13641c1078b"", ""COMP|T4_REGIME_ANCHOR_TRANSITION|UP|69a3d4bb6892e128"", ""COMP|T4_REGIME_ANCHOR_TRANSITION|UP|6c486116fae87dc3"", ""COMP|T4_REGIME_ANCHOR_TRANSITION|UP|77cddce95e04b18d"", ""COMP|T4_REGIME_ANCHOR_TRANSITION|UP|798e3941ac52546e"", ""COMP|T4_REGIME_ANCHOR_TRANSITION|UP|96a3172c9d7c19c1"", ""COMP|T4_REGIME_ANCHOR_TRANSITION|UP|bbfdb0b97befa8f8""]",EVENT_STREAM_JACCARD
NR-000723,UP,30m,8,0.95,COMP|T4_REGIME_ANCHOR_TRANSITION|UP|db8c8e1ce5e22874,"[""COMP|T3_ANCHOR_TRANSITION|UP|623a5fa5acf7eada"", ""COMP|T4_REGIME_ANCHOR_TRANSITION|UP|17e4c8460edf086d"", ""COMP|T4_REGIME_ANCHOR_TRANSITION|UP|3304e33a55da21e9"", ""COMP|T4_REGIME_ANCHOR_TRANSITION|UP|758e8192a41ced08"", ""COMP|T4_REGIME_ANCHOR_TRANSITION|UP|7c7e998dfceeb6c3"", ""COMP|T4_REGIME_ANCHOR_TRANSITION|UP|9730baa9773db8c5"", ""COMP|T4_REGIME_ANCHOR_TRANSITION|UP|f61a44f95caefb2c""]","[""COMP|T3_ANCHOR_TRANSITION|UP|623a5fa5acf7eada"", ""COMP|T4_REGIME_ANCHOR_TRANSITION|UP|17e4c8460edf086d"", ""COMP|T4_REGIME_ANCHOR_TRANSITION|UP|3304e33a55da21e9"", ""COMP|T4_REGIME_ANCHOR_TRANSITION|UP|758e8192a41ced08"", ""COMP|T4_REGIME_ANCHOR_TRANSITION|UP|7c7e998dfceeb6c3"", ""COMP|T4_REGIME_ANCHOR_TRANSITION|UP|9730baa9773db8c5"", ""COMP|T4_REGIME_ANCHOR_TRANSITION|UP|db8c8e1ce5e22874"", ""COMP|T4_REGIME_ANCHOR_TRANSITION|UP|f61a44f95caefb2c""]",EVENT_STREAM_JACCARD
NR-000724,UP,30m,2,0.95,COMP|T4_REGIME_ANCHOR_TRANSITION|UP|7c419da820deb4d1,"[""COMP|T4_REGIME_ANCHOR_TRANSITION|UP|f246146e3671b151""]","[""COMP|T4_REGIME_ANCHOR_TRANSITION|UP|7c419da820deb4d1"", ""COMP|T4_REGIME_ANCHOR_TRANSITION|UP|f246146e3671b151""]",EVENT_STREAM_JACCARD
NR-000725,UP,30m,8,0.95,COMP|T4_REGIME_ANCHOR_TRANSITION|UP|451eff36ce621e87,"[""COMP|T3_ANCHOR_TRANSITION|UP|64b581f2db00c3e9"", ""COMP|T4_REGIME_ANCHOR_TRANSITION|UP|02aa471b94b0cfa2"", ""COMP|T4_REGIME_ANCHOR_TRANSITION|UP|2a40391f9b502449"", ""COMP|T4_REGIME_ANCHOR_TRANSITION|UP|2e6046718bd23cb8"", ""COMP|T4_REGIME_ANCHOR_TRANSITION|UP|a482d1015fadc3fa"", ""COMP|T4_REGIME_ANCHOR_TRANSITION|UP|cf693c8e26437a9b"", ""COMP|T4_REGIME_ANCHOR_TRANSITION|UP|d6a631a19cabf7f3""]","[""COMP|T3_ANCHOR_TRANSITION|UP|64b581f2db00c3e9"", ""COMP|T4_REGIME_ANCHOR_TRANSITION|UP|02aa471b94b0cfa2"", ""COMP|T4_REGIME_ANCHOR_TRANSITION|UP|2a40391f9b502449"", ""COMP|T4_REGIME_ANCHOR_TRANSITION|UP|2e6046718bd23cb8"", ""COMP|T4_REGIME_ANCHOR_TRANSITION|UP|451eff36ce621e87"", ""COMP|T4_REGIME_ANCHOR_TRANSITION|UP|a482d1015fadc3fa"", ""COMP|T4_REGIME_ANCHOR_TRANSITION|UP|cf693c8e26437a9b"", ""COMP|T4_REGIME_ANCHOR_TRANSITION|UP|d6a631a19cabf7f3""]",EVENT_STREAM_JACCARD
NR-000726,UP,30m,16,0.95,COMP|T4_REGIME_ANCHOR_TRANSITION|UP|05b63aba11f834b5,"[""COMP|T3_ANCHOR_TRANSITION|UP|0ca84ec495dfb1ca"", ""COMP|T3_ANCHOR_TRANSITION|UP|33720d094d0d80c8"", ""COMP|T4_REGIME_ANCHOR_TRANSITION|UP|0927fdfcba84f6aa"", ""COMP|T4_REGIME_ANCHOR_TRANSITION|UP|0b9c72f16aa1b3de"", ""COMP|T4_REGIME_ANCHOR_TRANSITION|UP|3678d7aff1a069c2"", ""COMP|T4_REGIME_ANCHOR_TRANSITION|UP|4624ec86e3066860"", ""COMP|T4_REGIME_ANCHOR_TRANSITION|UP|4a8186a6b916d902"", ""COMP|T4_REGIME_ANCHOR_TRANSITION|UP|520d58e46e0a1cf1"", ""COMP|T4_REGIME_ANCHOR_TRANSITION|UP|5d6f17b9ad42fe1b"", ""COMP|T4_REGIME_ANCHOR_TRANSITION|UP|66a65b13f0071790"", ""COMP|T4_REGIME_ANCHOR_TRANSITION|UP|82d60ddfcb86febb"", ""COMP|T4_REGIME_ANCHOR_TRANSITION|UP|86c465ec1ac886b5"", ""COMP|T4_REGIME_ANCHOR_TRANSITION|UP|a66d9c6a3b531e15"", ""COMP|T4_REGIME_ANCHOR_TRANSITION|UP|e43a484cac1be972"", ""COMP|T4_REGIME_ANCHOR_TRANSITION|UP|f2d9711d5f52087b""]","[""COMP|T3_ANCHOR_TRANSITION|UP|0ca84ec495dfb1ca"", ""COMP|T3_ANCHOR_TRANSITION|UP|33720d094d0d80c8"", ""COMP|T4_REGIME_ANCHOR_TRANSITION|UP|05b63aba11f834b5"", ""COMP|T4_REGIME_ANCHOR_TRANSITION|UP|0927fdfcba84f6aa"", ""COMP|T4_REGIME_ANCHOR_TRANSITION|UP|0b9c72f16aa1b3de"", ""COMP|T4_REGIME_ANCHOR_TRANSITION|UP|3678d7aff1a069c2"", ""COMP|T4_REGIME_ANCHOR_TRANSITION|UP|4624ec86e3066860"", ""COMP|T4_REGIME_ANCHOR_TRANSITION|UP|4a8186a6b916d902"", ""COMP|T4_REGIME_ANCHOR_TRANSITION|UP|520d58e46e0a1cf1"", ""COMP|T4_REGIME_ANCHOR_TRANSITION|UP|5d6f17b9ad42fe1b"", ""COMP|T4_REGIME_ANCHOR_TRANSITION|UP|66a65b13f0071790"", ""COMP|T4_REGIME_ANCHOR_TRANSITION|UP|82d60ddfcb86febb"", ""COMP|T4_REGIME_ANCHOR_TRANSITION|UP|86c465ec1ac886b5"", ""COMP|T4_REGIME_ANCHOR_TRANSITION|UP|a66d9c6a3b531e15"", ""COMP|T4_REGIME_ANCHOR_TRANSITION|UP|e43a484cac1be972"", ""COMP|T4_REGIME_ANCHOR_TRANSITION|UP|f2d9711d5f52087b""]",EVENT_STREAM_JACCARD
NR-000727,UP,30m,3,0.95,COMP|T4_REGIME_ANCHOR_TRANSITION|UP|865591d35f36a953,"[""COMP|T4_REGIME_ANCHOR_TRANSITION|UP|7004bbd128a14f0f"", ""COMP|T4_REGIME_ANCHOR_TRANSITION|UP|b637a15fd92852dd""]","[""COMP|T4_REGIME_ANCHOR_TRANSITION|UP|7004bbd128a14f0f"", ""COMP|T4_REGIME_ANCHOR_TRANSITION|UP|865591d35f36a953"", ""COMP|T4_REGIME_ANCHOR_TRANSITION|UP|b637a15fd92852dd""]",EVENT_STREAM_JACCARD
NR-000728,UP,30m,8,0.95,COMP|T4_REGIME_ANCHOR_TRANSITION|UP|cabd41f43c8b7273,"[""COMP|T3_ANCHOR_TRANSITION|UP|0c854603c28d83a4"", ""COMP|T4_REGIME_ANCHOR_TRANSITION|UP|0602c5ca178cc1ad"", ""COMP|T4_REGIME_ANCHOR_TRANSITION|UP|240d3deeb2f027d4"", ""COMP|T4_REGIME_ANCHOR_TRANSITION|UP|3c06390ab52587b4"", ""COMP|T4_REGIME_ANCHOR_TRANSITION|UP|54a546b278bc0bd9"", ""COMP|T4_REGIME_ANCHOR_TRANSITION|UP|b76cd68f2aea9f46"", ""COMP|T4_REGIME_ANCHOR_TRANSITION|UP|cc71fa2e5ca0efae""]","[""COMP|T3_ANCHOR_TRANSITION|UP|0c854603c28d83a4"", ""COMP|T4_REGIME_ANCHOR_TRANSITION|UP|0602c5ca178cc1ad"", ""COMP|T4_REGIME_ANCHOR_TRANSITION|UP|240d3deeb2f027d4"", ""COMP|T4_REGIME_ANCHOR_TRANSITION|UP|3c06390ab52587b4"", ""COMP|T4_REGIME_ANCHOR_TRANSITION|UP|54a546b278bc0bd9"", ""COMP|T4_REGIME_ANCHOR_TRANSITION|UP|b76cd68f2aea9f46"", ""COMP|T4_REGIME_ANCHOR_TRANSITION|UP|cabd41f43c8b7273"", ""COMP|T4_REGIME_ANCHOR_TRANSITION|UP|cc71fa2e5ca0efae""]",EVENT_STREAM_JACCARD
NR-000729,UP,30m,8,0.95,COMP|T4_REGIME_ANCHOR_TRANSITION|UP|2b8b716e5a132cc2,"[""COMP|T3_ANCHOR_TRANSITION|UP|e3bf5218a967d8ac"", ""COMP|T4_REGIME_ANCHOR_TRANSITION|UP|157a63c83193b2bf"", ""COMP|T4_REGIME_ANCHOR_TRANSITION|UP|745aa2d39305c351"", ""COMP|T4_REGIME_ANCHOR_TRANSITION|UP|9813bc093e04c08d"", ""COMP|T4_REGIME_ANCHOR_TRANSITION|UP|dc0d1824a56080bb"", ""COMP|T4_REGIME_ANCHOR_TRANSITION|UP|e65f01ad34613817"", ""COMP|T4_REGIME_ANCHOR_TRANSITION|UP|ee8e57ecb30d54c2""]","[""COMP|T3_ANCHOR_TRANSITION|UP|e3bf5218a967d8ac"", ""COMP|T4_REGIME_ANCHOR_TRANSITION|UP|157a63c83193b2bf"", ""COMP|T4_REGIME_ANCHOR_TRANSITION|UP|2b8b716e5a132cc2"", ""COMP|T4_REGIME_ANCHOR_TRANSITION|UP|745aa2d39305c351"", ""COMP|T4_REGIME_ANCHOR_TRANSITION|UP|9813bc093e04c08d"", ""COMP|T4_REGIME_ANCHOR_TRANSITION|UP|dc0d1824a56080bb"", ""COMP|T4_REGIME_ANCHOR_TRANSITION|UP|e65f01ad34613817"", ""COMP|T4_REGIME_ANCHOR_TRANSITION|UP|ee8e57ecb30d54c2""]",EVENT_STREAM_JACCARD
NR-000730,UP,30m,2,0.95,COMP|T4_REGIME_ANCHOR_TRANSITION|UP|befb94459b62c00b,"[""COMP|T4_REGIME_ANCHOR_TRANSITION|UP|52f5c4767a7452a6""]","[""COMP|T4_REGIME_ANCHOR_TRANSITION|UP|52f5c4767a7452a6"", ""COMP|T4_REGIME_ANCHOR_TRANSITION|UP|befb94459b62c00b""]",EVENT_STREAM_JACCARD
NR-000731,UP,30m,5,0.95,COMP|T4_REGIME_ANCHOR_TRANSITION|UP|16a79fd3358ccc69,"[""COMP|T4_REGIME_ANCHOR_TRANSITION|UP|060df76a9ec4e68b"", ""COMP|T4_REGIME_ANCHOR_TRANSITION|UP|574fbf654d52892e"", ""COMP|T4_REGIME_ANCHOR_TRANSITION|UP|af97f71a24cefb63"", ""COMP|T4_REGIME_ANCHOR_TRANSITION|UP|bcab58927475d4d7""]","[""COMP|T4_REGIME_ANCHOR_TRANSITION|UP|060df76a9ec4e68b"", ""COMP|T4_REGIME_ANCHOR_TRANSITION|UP|16a79fd3358ccc69"", ""COMP|T4_REGIME_ANCHOR_TRANSITION|UP|574fbf654d52892e"", ""COMP|T4_REGIME_ANCHOR_TRANSITION|UP|af97f71a24cefb63"", ""COMP|T4_REGIME_ANCHOR_TRANSITION|UP|bcab58927475d4d7""]",EVENT_STREAM_JACCARD
NR-000732,UP,30m,2,0.95,COMP|T4_REGIME_ANCHOR_TRANSITION|UP|f60badee0d5476df,"[""COMP|T4_REGIME_ANCHOR_TRANSITION|UP|9cb99da4e2e3d555""]","[""COMP|T4_REGIME_ANCHOR_TRANSITION|UP|9cb99da4e2e3d555"", ""COMP|T4_REGIME_ANCHOR_TRANSITION|UP|f60badee0d5476df""]",EVENT_STREAM_JACCARD
NR-000733,UP,30m,6,0.95,COMP|T4_REGIME_ANCHOR_TRANSITION|UP|0b87bba9e9cec50e,"[""COMP|T4_REGIME_ANCHOR_TRANSITION|UP|1f0b4ba2690be59a"", ""COMP|T4_REGIME_ANCHOR_TRANSITION|UP|68ae2405c2e99cba"", ""COMP|T4_REGIME_ANCHOR_TRANSITION|UP|9e0190e25874f93e"", ""COMP|T4_REGIME_ANCHOR_TRANSITION|UP|b311d73148fed8d0"", ""COMP|T4_REGIME_ANCHOR_TRANSITION|UP|fd755320df7bef7d""]","[""COMP|T4_REGIME_ANCHOR_TRANSITION|UP|0b87bba9e9cec50e"", ""COMP|T4_REGIME_ANCHOR_TRANSITION|UP|1f0b4ba2690be59a"", ""COMP|T4_REGIME_ANCHOR_TRANSITION|UP|68ae2405c2e99cba"", ""COMP|T4_REGIME_ANCHOR_TRANSITION|UP|9e0190e25874f93e"", ""COMP|T4_REGIME_ANCHOR_TRANSITION|UP|b311d73148fed8d0"", ""COMP|T4_REGIME_ANCHOR_TRANSITION|UP|fd755320df7bef7d""]",EVENT_STREAM_JACCARD
NR-000734,UP,30m,8,0.95,COMP|T4_REGIME_ANCHOR_TRANSITION|UP|f263e691ccb37b0d,"[""COMP|T3_ANCHOR_TRANSITION|UP|b3b1e360ad673687"", ""COMP|T4_REGIME_ANCHOR_TRANSITION|UP|1bf84cca98ee685c"", ""COMP|T4_REGIME_ANCHOR_TRANSITION|UP|2b6465cf65344771"", ""COMP|T4_REGIME_ANCHOR_TRANSITION|UP|3e7ea4c8e7977f99"", ""COMP|T4_REGIME_ANCHOR_TRANSITION|UP|415c07aafa725ace"", ""COMP|T4_REGIME_ANCHOR_TRANSITION|UP|6b7a17f0a6de513b"", ""COMP|T4_REGIME_ANCHOR_TRANSITION|UP|89d33a5436164e2a""]","[""COMP|T3_ANCHOR_TRANSITION|UP|b3b1e360ad673687"", ""COMP|T4_REGIME_ANCHOR_TRANSITION|UP|1bf84cca98ee685c"", ""COMP|T4_REGIME_ANCHOR_TRANSITION|UP|2b6465cf65344771"", ""COMP|T4_REGIME_ANCHOR_TRANSITION|UP|3e7ea4c8e7977f99"", ""COMP|T4_REGIME_ANCHOR_TRANSITION|UP|415c07aafa725ace"", ""COMP|T4_REGIME_ANCHOR_TRANSITION|UP|6b7a17f0a6de513b"", ""COMP|T4_REGIME_ANCHOR_TRANSITION|UP|89d33a5436164e2a"", ""COMP|T4_REGIME_ANCHOR_TRANSITION|UP|f263e691ccb37b0d""]",EVENT_STREAM_JACCARD
NR-000735,UP,30m,2,0.95,COMP|T4_REGIME_ANCHOR_TRANSITION|UP|a858244c3bc150d0,"[""COMP|T4_REGIME_ANCHOR_TRANSITION|UP|85b2bf761da360c2""]","[""COMP|T4_REGIME_ANCHOR_TRANSITION|UP|85b2bf761da360c2"", ""COMP|T4_REGIME_ANCHOR_TRANSITION|UP|a858244c3bc150d0""]",EVENT_STREAM_JACCARD
NR-000736,UP,30m,8,0.95,COMP|T4_REGIME_ANCHOR_TRANSITION|UP|c3cb4bb328c8c2d3,"[""COMP|T3_ANCHOR_TRANSITION|UP|098eb6cee7657295"", ""COMP|T4_REGIME_ANCHOR_TRANSITION|UP|57d0cc77a4e801ed"", ""COMP|T4_REGIME_ANCHOR_TRANSITION|UP|581a9a790e214852"", ""COMP|T4_REGIME_ANCHOR_TRANSITION|UP|59bffcd0a747138b"", ""COMP|T4_REGIME_ANCHOR_TRANSITION|UP|d3d32150e40c1d0d"", ""COMP|T4_REGIME_ANCHOR_TRANSITION|UP|f5fe4ea27d01b4f1"", ""COMP|T4_REGIME_ANCHOR_TRANSITION|UP|fc4dc00cb6df211e""]","[""COMP|T3_ANCHOR_TRANSITION|UP|098eb6cee7657295"", ""COMP|T4_REGIME_ANCHOR_TRANSITION|UP|57d0cc77a4e801ed"", ""COMP|T4_REGIME_ANCHOR_TRANSITION|UP|581a9a790e214852"", ""COMP|T4_REGIME_ANCHOR_TRANSITION|UP|59bffcd0a747138b"", ""COMP|T4_REGIME_ANCHOR_TRANSITION|UP|c3cb4bb328c8c2d3"", ""COMP|T4_REGIME_ANCHOR_TRANSITION|UP|d3d32150e40c1d0d"", ""COMP|T4_REGIME_ANCHOR_TRANSITION|UP|f5fe4ea27d01b4f1"", ""COMP|T4_REGIME_ANCHOR_TRANSITION|UP|fc4dc00cb6df211e""]",EVENT_STREAM_JACCARD
NR-000737,UP,30m,8,0.95,COMP|T4_REGIME_ANCHOR_TRANSITION|UP|c44967a2d9d53eac,"[""COMP|T3_ANCHOR_TRANSITION|UP|2ee146c863231fc0"", ""COMP|T4_REGIME_ANCHOR_TRANSITION|UP|03af087a4bc63501"", ""COMP|T4_REGIME_ANCHOR_TRANSITION|UP|1196739288d96399"", ""COMP|T4_REGIME_ANCHOR_TRANSITION|UP|26239cfab711570f"", ""COMP|T4_REGIME_ANCHOR_TRANSITION|UP|4d7c1edd59dc322c"", ""COMP|T4_REGIME_ANCHOR_TRANSITION|UP|5fc52dfc92283db3"", ""COMP|T4_REGIME_ANCHOR_TRANSITION|UP|86bd132b08c02f7e""]","[""COMP|T3_ANCHOR_TRANSITION|UP|2ee146c863231fc0"", ""COMP|T4_REGIME_ANCHOR_TRANSITION|UP|03af087a4bc63501"", ""COMP|T4_REGIME_ANCHOR_TRANSITION|UP|1196739288d96399"", ""COMP|T4_REGIME_ANCHOR_TRANSITION|UP|26239cfab711570f"", ""COMP|T4_REGIME_ANCHOR_TRANSITION|UP|4d7c1edd59dc322c"", ""COMP|T4_REGIME_ANCHOR_TRANSITION|UP|5fc52dfc92283db3"", ""COMP|T4_REGIME_ANCHOR_TRANSITION|UP|86bd132b08c02f7e"", ""COMP|T4_REGIME_ANCHOR_TRANSITION|UP|c44967a2d9d53eac""]",EVENT_STREAM_JACCARD
NR-000738,UP,30m,2,0.95,COMP|T4_REGIME_ANCHOR_TRANSITION|UP|e6855cb5f6620890,"[""COMP|T4_REGIME_ANCHOR_TRANSITION|UP|14b2374ee1ec8298""]","[""COMP|T4_REGIME_ANCHOR_TRANSITION|UP|14b2374ee1ec8298"", ""COMP|T4_REGIME_ANCHOR_TRANSITION|UP|e6855cb5f6620890""]",EVENT_STREAM_JACCARD
NR-000739,UP,30m,8,0.95,COMP|T4_REGIME_ANCHOR_TRANSITION|UP|1f4bd48a04f9c936,"[""COMP|T3_ANCHOR_TRANSITION|UP|062721ad7c4f27f2"", ""COMP|T4_REGIME_ANCHOR_TRANSITION|UP|170c9f97a6f6e263"", ""COMP|T4_REGIME_ANCHOR_TRANSITION|UP|43a9830ac5ae09c1"", ""COMP|T4_REGIME_ANCHOR_TRANSITION|UP|51074a9cf8a1df12"", ""COMP|T4_REGIME_ANCHOR_TRANSITION|UP|7478dd46c8ef174d"", ""COMP|T4_REGIME_ANCHOR_TRANSITION|UP|e32e1b90057ecb4a"", ""COMP|T4_REGIME_ANCHOR_TRANSITION|UP|e989c13f06937fca""]","[""COMP|T3_ANCHOR_TRANSITION|UP|062721ad7c4f27f2"", ""COMP|T4_REGIME_ANCHOR_TRANSITION|UP|170c9f97a6f6e263"", ""COMP|T4_REGIME_ANCHOR_TRANSITION|UP|1f4bd48a04f9c936"", ""COMP|T4_REGIME_ANCHOR_TRANSITION|UP|43a9830ac5ae09c1"", ""COMP|T4_REGIME_ANCHOR_TRANSITION|UP|51074a9cf8a1df12"", ""COMP|T4_REGIME_ANCHOR_TRANSITION|UP|7478dd46c8ef174d"", ""COMP|T4_REGIME_ANCHOR_TRANSITION|UP|e32e1b90057ecb4a"", ""COMP|T4_REGIME_ANCHOR_TRANSITION|UP|e989c13f06937fca""]",EVENT_STREAM_JACCARD
NR-000740,UP,30m,8,0.95,COMP|T4_REGIME_ANCHOR_TRANSITION|UP|09ab95493696e29f,"[""COMP|T3_ANCHOR_TRANSITION|UP|ab9b29aecc4b1c6a"", ""COMP|T4_REGIME_ANCHOR_TRANSITION|UP|771f00c2f13e826f"", ""COMP|T4_REGIME_ANCHOR_TRANSITION|UP|924191d875ea04d7"", ""COMP|T4_REGIME_ANCHOR_TRANSITION|UP|ba10ea1ef7be3c37"", ""COMP|T4_REGIME_ANCHOR_TRANSITION|UP|d9c68fc2ecf960e1"", ""COMP|T4_REGIME_ANCHOR_TRANSITION|UP|f0712dd619b0ef05"", ""COMP|T4_REGIME_ANCHOR_TRANSITION|UP|f1e445c4780b64c1""]","[""COMP|T3_ANCHOR_TRANSITION|UP|ab9b29aecc4b1c6a"", ""COMP|T4_REGIME_ANCHOR_TRANSITION|UP|09ab95493696e29f"", ""COMP|T4_REGIME_ANCHOR_TRANSITION|UP|771f00c2f13e826f"", ""COMP|T4_REGIME_ANCHOR_TRANSITION|UP|924191d875ea04d7"", ""COMP|T4_REGIME_ANCHOR_TRANSITION|UP|ba10ea1ef7be3c37"", ""COMP|T4_REGIME_ANCHOR_TRANSITION|UP|d9c68fc2ecf960e1"", ""COMP|T4_REGIME_ANCHOR_TRANSITION|UP|f0712dd619b0ef05"", ""COMP|T4_REGIME_ANCHOR_TRANSITION|UP|f1e445c4780b64c1""]",EVENT_STREAM_JACCARD
NR-000741,UP,30m,8,0.95,COMP|T4_REGIME_ANCHOR_TRANSITION|UP|d0359ec8908dc892,"[""COMP|T3_ANCHOR_TRANSITION|UP|4d38c71c0b36e609"", ""COMP|T4_REGIME_ANCHOR_TRANSITION|UP|4c4d38b6a0f6eb97"", ""COMP|T4_REGIME_ANCHOR_TRANSITION|UP|638e60a9c86d3ccd"", ""COMP|T4_REGIME_ANCHOR_TRANSITION|UP|6ce7fb5331c81129"", ""COMP|T4_REGIME_ANCHOR_TRANSITION|UP|8cdc090abdb9eebf"", ""COMP|T4_REGIME_ANCHOR_TRANSITION|UP|911d4ce438719001"", ""COMP|T4_REGIME_ANCHOR_TRANSITION|UP|cefa913a898f1431""]","[""COMP|T3_ANCHOR_TRANSITION|UP|4d38c71c0b36e609"", ""COMP|T4_REGIME_ANCHOR_TRANSITION|UP|4c4d38b6a0f6eb97"", ""COMP|T4_REGIME_ANCHOR_TRANSITION|UP|638e60a9c86d3ccd"", ""COMP|T4_REGIME_ANCHOR_TRANSITION|UP|6ce7fb5331c81129"", ""COMP|T4_REGIME_ANCHOR_TRANSITION|UP|8cdc090abdb9eebf"", ""COMP|T4_REGIME_ANCHOR_TRANSITION|UP|911d4ce438719001"", ""COMP|T4_REGIME_ANCHOR_TRANSITION|UP|cefa913a898f1431"", ""COMP|T4_REGIME_ANCHOR_TRANSITION|UP|d0359ec8908dc892""]",EVENT_STREAM_JACCARD
NR-000742,UP,30m,3,0.95,COMP|T4_REGIME_ANCHOR_TRANSITION|UP|35e751cb05580702,"[""COMP|T4_REGIME_ANCHOR_TRANSITION|UP|105e707d70a0a728"", ""COMP|T4_REGIME_ANCHOR_TRANSITION|UP|587e809e3f2d3b9c""]","[""COMP|T4_REGIME_ANCHOR_TRANSITION|UP|105e707d70a0a728"", ""COMP|T4_REGIME_ANCHOR_TRANSITION|UP|35e751cb05580702"", ""COMP|T4_REGIME_ANCHOR_TRANSITION|UP|587e809e3f2d3b9c""]",EVENT_STREAM_JACCARD
NR-000743,UP,30m,2,0.95,COMP|T4_REGIME_ANCHOR_TRANSITION|UP|87229c9f4ffa43bd,"[""COMP|T4_REGIME_ANCHOR_TRANSITION|UP|8c501178f19a21c3""]","[""COMP|T4_REGIME_ANCHOR_TRANSITION|UP|87229c9f4ffa43bd"", ""COMP|T4_REGIME_ANCHOR_TRANSITION|UP|8c501178f19a21c3""]",EVENT_STREAM_JACCARD
NR-000744,UP,30m,8,0.95,COMP|T4_REGIME_ANCHOR_TRANSITION|UP|5fe6856f6a882e60,"[""COMP|T3_ANCHOR_TRANSITION|UP|436569fd95d9b26c"", ""COMP|T4_REGIME_ANCHOR_TRANSITION|UP|02515d26500528e7"", ""COMP|T4_REGIME_ANCHOR_TRANSITION|UP|0a1bec100463972e"", ""COMP|T4_REGIME_ANCHOR_TRANSITION|UP|3426a7685e7ad334"", ""COMP|T4_REGIME_ANCHOR_TRANSITION|UP|6b55e3e0860afb6f"", ""COMP|T4_REGIME_ANCHOR_TRANSITION|UP|a6d6ca888ab580b9"", ""COMP|T4_REGIME_ANCHOR_TRANSITION|UP|bbf3153b3226ab25""]","[""COMP|T3_ANCHOR_TRANSITION|UP|436569fd95d9b26c"", ""COMP|T4_REGIME_ANCHOR_TRANSITION|UP|02515d26500528e7"", ""COMP|T4_REGIME_ANCHOR_TRANSITION|UP|0a1bec100463972e"", ""COMP|T4_REGIME_ANCHOR_TRANSITION|UP|3426a7685e7ad334"", ""COMP|T4_REGIME_ANCHOR_TRANSITION|UP|5fe6856f6a882e60"", ""COMP|T4_REGIME_ANCHOR_TRANSITION|UP|6b55e3e0860afb6f"", ""COMP|T4_REGIME_ANCHOR_TRANSITION|UP|a6d6ca888ab580b9"", ""COMP|T4_REGIME_ANCHOR_TRANSITION|UP|bbf3153b3226ab25""]",EVENT_STREAM_JACCARD
NR-000745,UP,30m,2,0.95,COMP|T4_REGIME_ANCHOR_TRANSITION|UP|31b98627d01ddd53,"[""COMP|T4_REGIME_ANCHOR_TRANSITION|UP|b78761da6a65e885""]","[""COMP|T4_REGIME_ANCHOR_TRANSITION|UP|31b98627d01ddd53"", ""COMP|T4_REGIME_ANCHOR_TRANSITION|UP|b78761da6a65e885""]",EVENT_STREAM_JACCARD
NR-000746,UP,30m,7,0.95,COMP|T4_REGIME_ANCHOR_TRANSITION|UP|1cb3365e9325c0f3,"[""COMP|T3_ANCHOR_TRANSITION|UP|67661a4a8d809f98"", ""COMP|T4_REGIME_ANCHOR_TRANSITION|UP|65a863ad134d32af"", ""COMP|T4_REGIME_ANCHOR_TRANSITION|UP|cced005d554268e9"", ""COMP|T4_REGIME_ANCHOR_TRANSITION|UP|d3c2452cd9cd2dee"", ""COMP|T4_REGIME_ANCHOR_TRANSITION|UP|d7cb581727324c83"", ""COMP|T4_REGIME_ANCHOR_TRANSITION|UP|ee534ebe1607e03a""]","[""COMP|T3_ANCHOR_TRANSITION|UP|67661a4a8d809f98"", ""COMP|T4_REGIME_ANCHOR_TRANSITION|UP|1cb3365e9325c0f3"", ""COMP|T4_REGIME_ANCHOR_TRANSITION|UP|65a863ad134d32af"", ""COMP|T4_REGIME_ANCHOR_TRANSITION|UP|cced005d554268e9"", ""COMP|T4_REGIME_ANCHOR_TRANSITION|UP|d3c2452cd9cd2dee"", ""COMP|T4_REGIME_ANCHOR_TRANSITION|UP|d7cb581727324c83"", ""COMP|T4_REGIME_ANCHOR_TRANSITION|UP|ee534ebe1607e03a""]",EVENT_STREAM_JACCARD
NR-000747,UP,30m,2,0.95,COMP|T4_REGIME_ANCHOR_TRANSITION|UP|f64366915b68773c,"[""COMP|T4_REGIME_ANCHOR_TRANSITION|UP|4fe4e9d645183416""]","[""COMP|T4_REGIME_ANCHOR_TRANSITION|UP|4fe4e9d645183416"", ""COMP|T4_REGIME_ANCHOR_TRANSITION|UP|f64366915b68773c""]",EVENT_STREAM_JACCARD
NR-000748,UP,30m,8,0.95,COMP|T4_REGIME_ANCHOR_TRANSITION|UP|8807747ffeffd217,"[""COMP|T3_ANCHOR_TRANSITION|UP|cad012170d4276fb"", ""COMP|T4_REGIME_ANCHOR_TRANSITION|UP|16f9f131afab2e35"", ""COMP|T4_REGIME_ANCHOR_TRANSITION|UP|587407388373e909"", ""COMP|T4_REGIME_ANCHOR_TRANSITION|UP|6bca8a2f4a587fa0"", ""COMP|T4_REGIME_ANCHOR_TRANSITION|UP|6c17fb64e6ccb305"", ""COMP|T4_REGIME_ANCHOR_TRANSITION|UP|90ef41d7908fcb34"", ""COMP|T4_REGIME_ANCHOR_TRANSITION|UP|df2ced62d19ee26d""]","[""COMP|T3_ANCHOR_TRANSITION|UP|cad012170d4276fb"", ""COMP|T4_REGIME_ANCHOR_TRANSITION|UP|16f9f131afab2e35"", ""COMP|T4_REGIME_ANCHOR_TRANSITION|UP|587407388373e909"", ""COMP|T4_REGIME_ANCHOR_TRANSITION|UP|6bca8a2f4a587fa0"", ""COMP|T4_REGIME_ANCHOR_TRANSITION|UP|6c17fb64e6ccb305"", ""COMP|T4_REGIME_ANCHOR_TRANSITION|UP|8807747ffeffd217"", ""COMP|T4_REGIME_ANCHOR_TRANSITION|UP|90ef41d7908fcb34"", ""COMP|T4_REGIME_ANCHOR_TRANSITION|UP|df2ced62d19ee26d""]",EVENT_STREAM_JACCARD
NR-000749,UP,30m,8,0.95,COMP|T4_REGIME_ANCHOR_TRANSITION|UP|9d67e555b90abb8e,"[""COMP|T3_ANCHOR_TRANSITION|UP|64eff1f4462b861d"", ""COMP|T4_REGIME_ANCHOR_TRANSITION|UP|22d82249c16686a8"", ""COMP|T4_REGIME_ANCHOR_TRANSITION|UP|4307ff76fa19bb5a"", ""COMP|T4_REGIME_ANCHOR_TRANSITION|UP|64fb36cf2a1ddbcc"", ""COMP|T4_REGIME_ANCHOR_TRANSITION|UP|a9aebbcd9c07562e"", ""COMP|T4_REGIME_ANCHOR_TRANSITION|UP|bde35abc5eb4aacc"", ""COMP|T4_REGIME_ANCHOR_TRANSITION|UP|dc79ea242de552e6""]","[""COMP|T3_ANCHOR_TRANSITION|UP|64eff1f4462b861d"", ""COMP|T4_REGIME_ANCHOR_TRANSITION|UP|22d82249c16686a8"", ""COMP|T4_REGIME_ANCHOR_TRANSITION|UP|4307ff76fa19bb5a"", ""COMP|T4_REGIME_ANCHOR_TRANSITION|UP|64fb36cf2a1ddbcc"", ""COMP|T4_REGIME_ANCHOR_TRANSITION|UP|9d67e555b90abb8e"", ""COMP|T4_REGIME_ANCHOR_TRANSITION|UP|a9aebbcd9c07562e"", ""COMP|T4_REGIME_ANCHOR_TRANSITION|UP|bde35abc5eb4aacc"", ""COMP|T4_REGIME_ANCHOR_TRANSITION|UP|dc79ea242de552e6""]",EVENT_STREAM_JACCARD
NR-000750,UP,30m,8,0.95,COMP|T4_REGIME_ANCHOR_TRANSITION|UP|ce51275590e189e1,"[""COMP|T3_ANCHOR_TRANSITION|UP|9180116352e72815"", ""COMP|T4_REGIME_ANCHOR_TRANSITION|UP|0cd0e575ef10b2f9"", ""COMP|T4_REGIME_ANCHOR_TRANSITION|UP|0e1dca1287a0ef35"", ""COMP|T4_REGIME_ANCHOR_TRANSITION|UP|2fbe513cbc564cf4"", ""COMP|T4_REGIME_ANCHOR_TRANSITION|UP|3b3c19c3d09b4a56"", ""COMP|T4_REGIME_ANCHOR_TRANSITION|UP|7529d068a3091bd4"", ""COMP|T4_REGIME_ANCHOR_TRANSITION|UP|82369a92e60f362d""]","[""COMP|T3_ANCHOR_TRANSITION|UP|9180116352e72815"", ""COMP|T4_REGIME_ANCHOR_TRANSITION|UP|0cd0e575ef10b2f9"", ""COMP|T4_REGIME_ANCHOR_TRANSITION|UP|0e1dca1287a0ef35"", ""COMP|T4_REGIME_ANCHOR_TRANSITION|UP|2fbe513cbc564cf4"", ""COMP|T4_REGIME_ANCHOR_TRANSITION|UP|3b3c19c3d09b4a56"", ""COMP|T4_REGIME_ANCHOR_TRANSITION|UP|7529d068a3091bd4"", ""COMP|T4_REGIME_ANCHOR_TRANSITION|UP|82369a92e60f362d"", ""COMP|T4_REGIME_ANCHOR_TRANSITION|UP|ce51275590e189e1""]",EVENT_STREAM_JACCARD
NR-000751,UP,30m,8,0.95,COMP|T4_REGIME_ANCHOR_TRANSITION|UP|ec4720e07e6caa0d,"[""COMP|T3_ANCHOR_TRANSITION|UP|e45942e05fa98143"", ""COMP|T4_REGIME_ANCHOR_TRANSITION|UP|015ca3f6a10bbe6e"", ""COMP|T4_REGIME_ANCHOR_TRANSITION|UP|3050a530891a1ddb"", ""COMP|T4_REGIME_ANCHOR_TRANSITION|UP|3e38a791d996f4f8"", ""COMP|T4_REGIME_ANCHOR_TRANSITION|UP|40a1e4c9fcb11efe"", ""COMP|T4_REGIME_ANCHOR_TRANSITION|UP|6d905ebff20877ba"", ""COMP|T4_REGIME_ANCHOR_TRANSITION|UP|b5eb8d7308cceb14""]","[""COMP|T3_ANCHOR_TRANSITION|UP|e45942e05fa98143"", ""COMP|T4_REGIME_ANCHOR_TRANSITION|UP|015ca3f6a10bbe6e"", ""COMP|T4_REGIME_ANCHOR_TRANSITION|UP|3050a530891a1ddb"", ""COMP|T4_REGIME_ANCHOR_TRANSITION|UP|3e38a791d996f4f8"", ""COMP|T4_REGIME_ANCHOR_TRANSITION|UP|40a1e4c9fcb11efe"", ""COMP|T4_REGIME_ANCHOR_TRANSITION|UP|6d905ebff20877ba"", ""COMP|T4_REGIME_ANCHOR_TRANSITION|UP|b5eb8d7308cceb14"", ""COMP|T4_REGIME_ANCHOR_TRANSITION|UP|ec4720e07e6caa0d""]",EVENT_STREAM_JACCARD
NR-000752,UP,30m,8,0.95,COMP|T4_REGIME_ANCHOR_TRANSITION|UP|4cba7bc2c3d56a9c,"[""COMP|T3_ANCHOR_TRANSITION|UP|24bb78af8da1e4f6"", ""COMP|T4_REGIME_ANCHOR_TRANSITION|UP|03ba22ee4c21e46f"", ""COMP|T4_REGIME_ANCHOR_TRANSITION|UP|1ca9b09b0770310c"", ""COMP|T4_REGIME_ANCHOR_TRANSITION|UP|2d7b41f82720745a"", ""COMP|T4_REGIME_ANCHOR_TRANSITION|UP|71aacb0e5dc412f0"", ""COMP|T4_REGIME_ANCHOR_TRANSITION|UP|9b6db9bb2a00d7fd"", ""COMP|T4_REGIME_ANCHOR_TRANSITION|UP|e4e9a6e9b61d10bc""]","[""COMP|T3_ANCHOR_TRANSITION|UP|24bb78af8da1e4f6"", ""COMP|T4_REGIME_ANCHOR_TRANSITION|UP|03ba22ee4c21e46f"", ""COMP|T4_REGIME_ANCHOR_TRANSITION|UP|1ca9b09b0770310c"", ""COMP|T4_REGIME_ANCHOR_TRANSITION|UP|2d7b41f82720745a"", ""COMP|T4_REGIME_ANCHOR_TRANSITION|UP|4cba7bc2c3d56a9c"", ""COMP|T4_REGIME_ANCHOR_TRANSITION|UP|71aacb0e5dc412f0"", ""COMP|T4_REGIME_ANCHOR_TRANSITION|UP|9b6db9bb2a00d7fd"", ""COMP|T4_REGIME_ANCHOR_TRANSITION|UP|e4e9a6e9b61d10bc""]",EVENT_STREAM_JACCARD
NR-000753,UP,30m,8,0.95,COMP|T4_REGIME_ANCHOR_TRANSITION|UP|deb35324242e075e,"[""COMP|T3_ANCHOR_TRANSITION|UP|0fbb249a30036652"", ""COMP|T4_REGIME_ANCHOR_TRANSITION|UP|0fbc6ff94f44f47c"", ""COMP|T4_REGIME_ANCHOR_TRANSITION|UP|1efda0818d3c8640"", ""COMP|T4_REGIME_ANCHOR_TRANSITION|UP|581edee5a35255c5"", ""COMP|T4_REGIME_ANCHOR_TRANSITION|UP|60f35f2717d66149"", ""COMP|T4_REGIME_ANCHOR_TRANSITION|UP|71066e8832a21a2d"", ""COMP|T4_REGIME_ANCHOR_TRANSITION|UP|846a7f16a119247d""]","[""COMP|T3_ANCHOR_TRANSITION|UP|0fbb249a30036652"", ""COMP|T4_REGIME_ANCHOR_TRANSITION|UP|0fbc6ff94f44f47c"", ""COMP|T4_REGIME_ANCHOR_TRANSITION|UP|1efda0818d3c8640"", ""COMP|T4_REGIME_ANCHOR_TRANSITION|UP|581edee5a35255c5"", ""COMP|T4_REGIME_ANCHOR_TRANSITION|UP|60f35f2717d66149"", ""COMP|T4_REGIME_ANCHOR_TRANSITION|UP|71066e8832a21a2d"", ""COMP|T4_REGIME_ANCHOR_TRANSITION|UP|846a7f16a119247d"", ""COMP|T4_REGIME_ANCHOR_TRANSITION|UP|deb35324242e075e""]",EVENT_STREAM_JACCARD
NR-000754,UP,30m,8,0.95,COMP|T4_REGIME_ANCHOR_TRANSITION|UP|141bc5dbf6fa3761,"[""COMP|T3_ANCHOR_TRANSITION|UP|99999402475f1427"", ""COMP|T4_REGIME_ANCHOR_TRANSITION|UP|0f25ccc7076386f8"", ""COMP|T4_REGIME_ANCHOR_TRANSITION|UP|37a348fbdaded778"", ""COMP|T4_REGIME_ANCHOR_TRANSITION|UP|4b8c03b7a9bbe3b1"", ""COMP|T4_REGIME_ANCHOR_TRANSITION|UP|a481a9d8d2d6e351"", ""COMP|T4_REGIME_ANCHOR_TRANSITION|UP|c9255a6baf391f5a"", ""COMP|T4_REGIME_ANCHOR_TRANSITION|UP|ce036fc68ed43424""]","[""COMP|T3_ANCHOR_TRANSITION|UP|99999402475f1427"", ""COMP|T4_REGIME_ANCHOR_TRANSITION|UP|0f25ccc7076386f8"", ""COMP|T4_REGIME_ANCHOR_TRANSITION|UP|141bc5dbf6fa3761"", ""COMP|T4_REGIME_ANCHOR_TRANSITION|UP|37a348fbdaded778"", ""COMP|T4_REGIME_ANCHOR_TRANSITION|UP|4b8c03b7a9bbe3b1"", ""COMP|T4_REGIME_ANCHOR_TRANSITION|UP|a481a9d8d2d6e351"", ""COMP|T4_REGIME_ANCHOR_TRANSITION|UP|c9255a6baf391f5a"", ""COMP|T4_REGIME_ANCHOR_TRANSITION|UP|ce036fc68ed43424""]",EVENT_STREAM_JACCARD
NR-000755,UP,30m,8,0.95,COMP|T4_REGIME_ANCHOR_TRANSITION|UP|8758de19047abeb7,"[""COMP|T3_ANCHOR_TRANSITION|UP|911752f88c8f848e"", ""COMP|T4_REGIME_ANCHOR_TRANSITION|UP|07cdcbe147bc6893"", ""COMP|T4_REGIME_ANCHOR_TRANSITION|UP|2e59b23edf138ef9"", ""COMP|T4_REGIME_ANCHOR_TRANSITION|UP|7477d3953f423665"", ""COMP|T4_REGIME_ANCHOR_TRANSITION|UP|91be9fc0fc81b4eb"", ""COMP|T4_REGIME_ANCHOR_TRANSITION|UP|d2d95739963d30f2"", ""COMP|T4_REGIME_ANCHOR_TRANSITION|UP|e945c8a2ffd0e085""]","[""COMP|T3_ANCHOR_TRANSITION|UP|911752f88c8f848e"", ""COMP|T4_REGIME_ANCHOR_TRANSITION|UP|07cdcbe147bc6893"", ""COMP|T4_REGIME_ANCHOR_TRANSITION|UP|2e59b23edf138ef9"", ""COMP|T4_REGIME_ANCHOR_TRANSITION|UP|7477d3953f423665"", ""COMP|T4_REGIME_ANCHOR_TRANSITION|UP|8758de19047abeb7"", ""COMP|T4_REGIME_ANCHOR_TRANSITION|UP|91be9fc0fc81b4eb"", ""COMP|T4_REGIME_ANCHOR_TRANSITION|UP|d2d95739963d30f2"", ""COMP|T4_REGIME_ANCHOR_TRANSITION|UP|e945c8a2ffd0e085""]",EVENT_STREAM_JACCARD
NR-000756,UP,30m,8,0.95,COMP|T4_REGIME_ANCHOR_TRANSITION|UP|80997ff0439d4312,"[""COMP|T3_ANCHOR_TRANSITION|UP|1321dd965ce51a48"", ""COMP|T4_REGIME_ANCHOR_TRANSITION|UP|249fc5ac755cd3c4"", ""COMP|T4_REGIME_ANCHOR_TRANSITION|UP|63978cb60f4b6ce2"", ""COMP|T4_REGIME_ANCHOR_TRANSITION|UP|c920e0c2f88e1cce"", ""COMP|T4_REGIME_ANCHOR_TRANSITION|UP|d364bd8417a1d9d8"", ""COMP|T4_REGIME_ANCHOR_TRANSITION|UP|f328f5f261bba521"", ""COMP|T4_REGIME_ANCHOR_TRANSITION|UP|fd950998dc3556a1""]","[""COMP|T3_ANCHOR_TRANSITION|UP|1321dd965ce51a48"", ""COMP|T4_REGIME_ANCHOR_TRANSITION|UP|249fc5ac755cd3c4"", ""COMP|T4_REGIME_ANCHOR_TRANSITION|UP|63978cb60f4b6ce2"", ""COMP|T4_REGIME_ANCHOR_TRANSITION|UP|80997ff0439d4312"", ""COMP|T4_REGIME_ANCHOR_TRANSITION|UP|c920e0c2f88e1cce"", ""COMP|T4_REGIME_ANCHOR_TRANSITION|UP|d364bd8417a1d9d8"", ""COMP|T4_REGIME_ANCHOR_TRANSITION|UP|f328f5f261bba521"", ""COMP|T4_REGIME_ANCHOR_TRANSITION|UP|fd950998dc3556a1""]",EVENT_STREAM_JACCARD
NR-000757,UP,30m,2,0.95,COMP|T4_REGIME_ANCHOR_TRANSITION|UP|268d0a3d5f069864,"[""COMP|T4_REGIME_ANCHOR_TRANSITION|UP|ecfca7a3ec898e2c""]","[""COMP|T4_REGIME_ANCHOR_TRANSITION|UP|268d0a3d5f069864"", ""COMP|T4_REGIME_ANCHOR_TRANSITION|UP|ecfca7a3ec898e2c""]",EVENT_STREAM_JACCARD
NR-000758,UP,30m,8,0.95,COMP|T4_REGIME_ANCHOR_TRANSITION|UP|b876c628d77f6662,"[""COMP|T3_ANCHOR_TRANSITION|UP|4705a2dac0ee7dc9"", ""COMP|T4_REGIME_ANCHOR_TRANSITION|UP|2168b7caaeb9f2db"", ""COMP|T4_REGIME_ANCHOR_TRANSITION|UP|228f5f122bbf1a12"", ""COMP|T4_REGIME_ANCHOR_TRANSITION|UP|2d52b9dfc931da33"", ""COMP|T4_REGIME_ANCHOR_TRANSITION|UP|3f8a1cea018fc4a5"", ""COMP|T4_REGIME_ANCHOR_TRANSITION|UP|bd8ddb223ad41558"", ""COMP|T4_REGIME_ANCHOR_TRANSITION|UP|f0344085466f5100""]","[""COMP|T3_ANCHOR_TRANSITION|UP|4705a2dac0ee7dc9"", ""COMP|T4_REGIME_ANCHOR_TRANSITION|UP|2168b7caaeb9f2db"", ""COMP|T4_REGIME_ANCHOR_TRANSITION|UP|228f5f122bbf1a12"", ""COMP|T4_REGIME_ANCHOR_TRANSITION|UP|2d52b9dfc931da33"", ""COMP|T4_REGIME_ANCHOR_TRANSITION|UP|3f8a1cea018fc4a5"", ""COMP|T4_REGIME_ANCHOR_TRANSITION|UP|b876c628d77f6662"", ""COMP|T4_REGIME_ANCHOR_TRANSITION|UP|bd8ddb223ad41558"", ""COMP|T4_REGIME_ANCHOR_TRANSITION|UP|f0344085466f5100""]",EVENT_STREAM_JACCARD
NR-000759,UP,30m,2,0.95,COMP|T4_REGIME_ANCHOR_TRANSITION|UP|692bddd53d816090,"[""COMP|T4_REGIME_ANCHOR_TRANSITION|UP|b469c38c0f980a3c""]","[""COMP|T4_REGIME_ANCHOR_TRANSITION|UP|692bddd53d816090"", ""COMP|T4_REGIME_ANCHOR_TRANSITION|UP|b469c38c0f980a3c""]",EVENT_STREAM_JACCARD
NR-000760,UP,30m,8,0.95,COMP|T4_REGIME_ANCHOR_TRANSITION|UP|58d30ff15f213310,"[""COMP|T3_ANCHOR_TRANSITION|UP|3b409bd40327e431"", ""COMP|T4_REGIME_ANCHOR_TRANSITION|UP|1aa5cd14719979a9"", ""COMP|T4_REGIME_ANCHOR_TRANSITION|UP|48a6dcbfd0a8a085"", ""COMP|T4_REGIME_ANCHOR_TRANSITION|UP|73eaeec18c7fd84d"", ""COMP|T4_REGIME_ANCHOR_TRANSITION|UP|b53b62d9de55632e"", ""COMP|T4_REGIME_ANCHOR_TRANSITION|UP|e0caa979d53f4210"", ""COMP|T4_REGIME_ANCHOR_TRANSITION|UP|fab075878f2f0c96""]","[""COMP|T3_ANCHOR_TRANSITION|UP|3b409bd40327e431"", ""COMP|T4_REGIME_ANCHOR_TRANSITION|UP|1aa5cd14719979a9"", ""COMP|T4_REGIME_ANCHOR_TRANSITION|UP|48a6dcbfd0a8a085"", ""COMP|T4_REGIME_ANCHOR_TRANSITION|UP|58d30ff15f213310"", ""COMP|T4_REGIME_ANCHOR_TRANSITION|UP|73eaeec18c7fd84d"", ""COMP|T4_REGIME_ANCHOR_TRANSITION|UP|b53b62d9de55632e"", ""COMP|T4_REGIME_ANCHOR_TRANSITION|UP|e0caa979d53f4210"", ""COMP|T4_REGIME_ANCHOR_TRANSITION|UP|fab075878f2f0c96""]",EVENT_STREAM_JACCARD
NR-000761,UP,30m,8,0.95,COMP|T4_REGIME_ANCHOR_TRANSITION|UP|81f115dbdcbfa882,"[""COMP|T3_ANCHOR_TRANSITION|UP|d7a22d0648e1222c"", ""COMP|T4_REGIME_ANCHOR_TRANSITION|UP|2259f8e979dbcc85"", ""COMP|T4_REGIME_ANCHOR_TRANSITION|UP|3c644a367b68fdc8"", ""COMP|T4_REGIME_ANCHOR_TRANSITION|UP|5895a88b7f47f587"", ""COMP|T4_REGIME_ANCHOR_TRANSITION|UP|6e5ff503b0f52bbc"", ""COMP|T4_REGIME_ANCHOR_TRANSITION|UP|d5d4963872a7725f"", ""COMP|T4_REGIME_ANCHOR_TRANSITION|UP|f68fc44a9a0d31f9""]","[""COMP|T3_ANCHOR_TRANSITION|UP|d7a22d0648e1222c"", ""COMP|T4_REGIME_ANCHOR_TRANSITION|UP|2259f8e979dbcc85"", ""COMP|T4_REGIME_ANCHOR_TRANSITION|UP|3c644a367b68fdc8"", ""COMP|T4_REGIME_ANCHOR_TRANSITION|UP|5895a88b7f47f587"", ""COMP|T4_REGIME_ANCHOR_TRANSITION|UP|6e5ff503b0f52bbc"", ""COMP|T4_REGIME_ANCHOR_TRANSITION|UP|81f115dbdcbfa882"", ""COMP|T4_REGIME_ANCHOR_TRANSITION|UP|d5d4963872a7725f"", ""COMP|T4_REGIME_ANCHOR_TRANSITION|UP|f68fc44a9a0d31f9""]",EVENT_STREAM_JACCARD
NR-000762,UP,30m,8,0.95,COMP|T4_REGIME_ANCHOR_TRANSITION|UP|89efe1385f8f9b40,"[""COMP|T3_ANCHOR_TRANSITION|UP|383c3cc186f61d33"", ""COMP|T4_REGIME_ANCHOR_TRANSITION|UP|0c025a27fbf7295a"", ""COMP|T4_REGIME_ANCHOR_TRANSITION|UP|57c7fc5a1accbd1a"", ""COMP|T4_REGIME_ANCHOR_TRANSITION|UP|6995755c5ecd5581"", ""COMP|T4_REGIME_ANCHOR_TRANSITION|UP|8f9e56be06dfe6c3"", ""COMP|T4_REGIME_ANCHOR_TRANSITION|UP|a0611815d75bea7b"", ""COMP|T4_REGIME_ANCHOR_TRANSITION|UP|b50e3c9b98ed81a8""]","[""COMP|T3_ANCHOR_TRANSITION|UP|383c3cc186f61d33"", ""COMP|T4_REGIME_ANCHOR_TRANSITION|UP|0c025a27fbf7295a"", ""COMP|T4_REGIME_ANCHOR_TRANSITION|UP|57c7fc5a1accbd1a"", ""COMP|T4_REGIME_ANCHOR_TRANSITION|UP|6995755c5ecd5581"", ""COMP|T4_REGIME_ANCHOR_TRANSITION|UP|89efe1385f8f9b40"", ""COMP|T4_REGIME_ANCHOR_TRANSITION|UP|8f9e56be06dfe6c3"", ""COMP|T4_REGIME_ANCHOR_TRANSITION|UP|a0611815d75bea7b"", ""COMP|T4_REGIME_ANCHOR_TRANSITION|UP|b50e3c9b98ed81a8""]",EVENT_STREAM_JACCARD
NR-000763,UP,30m,8,0.95,COMP|T4_REGIME_ANCHOR_TRANSITION|UP|3b376bfa2b35e004,"[""COMP|T3_ANCHOR_TRANSITION|UP|3676d95eeb2acf27"", ""COMP|T4_REGIME_ANCHOR_TRANSITION|UP|341c64174532d88b"", ""COMP|T4_REGIME_ANCHOR_TRANSITION|UP|46b71764d0d08355"", ""COMP|T4_REGIME_ANCHOR_TRANSITION|UP|5238aff20b26fd45"", ""COMP|T4_REGIME_ANCHOR_TRANSITION|UP|78b5d7e780581a16"", ""COMP|T4_REGIME_ANCHOR_TRANSITION|UP|a8a6052a7e3e2a96"", ""COMP|T4_REGIME_ANCHOR_TRANSITION|UP|fde97b2230a6b0a6""]","[""COMP|T3_ANCHOR_TRANSITION|UP|3676d95eeb2acf27"", ""COMP|T4_REGIME_ANCHOR_TRANSITION|UP|341c64174532d88b"", ""COMP|T4_REGIME_ANCHOR_TRANSITION|UP|3b376bfa2b35e004"", ""COMP|T4_REGIME_ANCHOR_TRANSITION|UP|46b71764d0d08355"", ""COMP|T4_REGIME_ANCHOR_TRANSITION|UP|5238aff20b26fd45"", ""COMP|T4_REGIME_ANCHOR_TRANSITION|UP|78b5d7e780581a16"", ""COMP|T4_REGIME_ANCHOR_TRANSITION|UP|a8a6052a7e3e2a96"", ""COMP|T4_REGIME_ANCHOR_TRANSITION|UP|fde97b2230a6b0a6""]",EVENT_STREAM_JACCARD
NR-000764,UP,30m,8,0.95,COMP|T4_REGIME_ANCHOR_TRANSITION|UP|46d2f2955acf2b30,"[""COMP|T3_ANCHOR_TRANSITION|UP|43d14b940360a1d8"", ""COMP|T4_REGIME_ANCHOR_TRANSITION|UP|19f678a4b2785819"", ""COMP|T4_REGIME_ANCHOR_TRANSITION|UP|57a1aaad14993a48"", ""COMP|T4_REGIME_ANCHOR_TRANSITION|UP|807fc8bb5ca6626c"", ""COMP|T4_REGIME_ANCHOR_TRANSITION|UP|8772e763711c9c73"", ""COMP|T4_REGIME_ANCHOR_TRANSITION|UP|9b74c436195487e9"", ""COMP|T4_REGIME_ANCHOR_TRANSITION|UP|b5fe5404edbb310a""]","[""COMP|T3_ANCHOR_TRANSITION|UP|43d14b940360a1d8"", ""COMP|T4_REGIME_ANCHOR_TRANSITION|UP|19f678a4b2785819"", ""COMP|T4_REGIME_ANCHOR_TRANSITION|UP|46d2f2955acf2b30"", ""COMP|T4_REGIME_ANCHOR_TRANSITION|UP|57a1aaad14993a48"", ""COMP|T4_REGIME_ANCHOR_TRANSITION|UP|807fc8bb5ca6626c"", ""COMP|T4_REGIME_ANCHOR_TRANSITION|UP|8772e763711c9c73"", ""COMP|T4_REGIME_ANCHOR_TRANSITION|UP|9b74c436195487e9"", ""COMP|T4_REGIME_ANCHOR_TRANSITION|UP|b5fe5404edbb310a""]",EVENT_STREAM_JACCARD
NR-000765,UP,30m,8,0.95,COMP|T4_REGIME_ANCHOR_TRANSITION|UP|04084dc9256643ee,"[""COMP|T3_ANCHOR_TRANSITION|UP|cd69d1cff0ba00c1"", ""COMP|T4_REGIME_ANCHOR_TRANSITION|UP|1007aeefb30ac176"", ""COMP|T4_REGIME_ANCHOR_TRANSITION|UP|246316dd19c66a5c"", ""COMP|T4_REGIME_ANCHOR_TRANSITION|UP|47a0c817082f450e"", ""COMP|T4_REGIME_ANCHOR_TRANSITION|UP|63fa0cec55a5af1f"", ""COMP|T4_REGIME_ANCHOR_TRANSITION|UP|c1e25f9b2444f5e3"", ""COMP|T4_REGIME_ANCHOR_TRANSITION|UP|f71103075954f5c9""]","[""COMP|T3_ANCHOR_TRANSITION|UP|cd69d1cff0ba00c1"", ""COMP|T4_REGIME_ANCHOR_TRANSITION|UP|04084dc9256643ee"", ""COMP|T4_REGIME_ANCHOR_TRANSITION|UP|1007aeefb30ac176"", ""COMP|T4_REGIME_ANCHOR_TRANSITION|UP|246316dd19c66a5c"", ""COMP|T4_REGIME_ANCHOR_TRANSITION|UP|47a0c817082f450e"", ""COMP|T4_REGIME_ANCHOR_TRANSITION|UP|63fa0cec55a5af1f"", ""COMP|T4_REGIME_ANCHOR_TRANSITION|UP|c1e25f9b2444f5e3"", ""COMP|T4_REGIME_ANCHOR_TRANSITION|UP|f71103075954f5c9""]",EVENT_STREAM_JACCARD
NR-000766,UP,30m,7,0.95,COMP|T4_REGIME_ANCHOR_TRANSITION|UP|85c370bc568ad796,"[""COMP|T3_ANCHOR_TRANSITION|UP|93402411e514bbc2"", ""COMP|T4_REGIME_ANCHOR_TRANSITION|UP|0684cecf25e2f408"", ""COMP|T4_REGIME_ANCHOR_TRANSITION|UP|2d71af0e517432b1"", ""COMP|T4_REGIME_ANCHOR_TRANSITION|UP|b61ffe34662454c1"", ""COMP|T4_REGIME_ANCHOR_TRANSITION|UP|e87f4f2f57ece59b"", ""COMP|T4_REGIME_ANCHOR_TRANSITION|UP|ec0dc33813eadf7f""]","[""COMP|T3_ANCHOR_TRANSITION|UP|93402411e514bbc2"", ""COMP|T4_REGIME_ANCHOR_TRANSITION|UP|0684cecf25e2f408"", ""COMP|T4_REGIME_ANCHOR_TRANSITION|UP|2d71af0e517432b1"", ""COMP|T4_REGIME_ANCHOR_TRANSITION|UP|85c370bc568ad796"", ""COMP|T4_REGIME_ANCHOR_TRANSITION|UP|b61ffe34662454c1"", ""COMP|T4_REGIME_ANCHOR_TRANSITION|UP|e87f4f2f57ece59b"", ""COMP|T4_REGIME_ANCHOR_TRANSITION|UP|ec0dc33813eadf7f""]",EVENT_STREAM_JACCARD
NR-000767,UP,30m,2,0.95,COMP|T4_REGIME_ANCHOR_TRANSITION|UP|a686cf9abd5ae1f7,"[""COMP|T4_REGIME_ANCHOR_TRANSITION|UP|3c674e5ca8ae1e80""]","[""COMP|T4_REGIME_ANCHOR_TRANSITION|UP|3c674e5ca8ae1e80"", ""COMP|T4_REGIME_ANCHOR_TRANSITION|UP|a686cf9abd5ae1f7""]",EVENT_STREAM_JACCARD
NR-000768,UP,30m,2,0.95,COMP|T4_REGIME_ANCHOR_TRANSITION|UP|12fd493f7666f700,"[""COMP|T4_REGIME_ANCHOR_TRANSITION|UP|8c259ff6923ae2d3""]","[""COMP|T4_REGIME_ANCHOR_TRANSITION|UP|12fd493f7666f700"", ""COMP|T4_REGIME_ANCHOR_TRANSITION|UP|8c259ff6923ae2d3""]",EVENT_STREAM_JACCARD
NR-000769,UP,30m,8,0.95,COMP|T4_REGIME_ANCHOR_TRANSITION|UP|ae7fa9c9f2e91a6a,"[""COMP|T3_ANCHOR_TRANSITION|UP|6f60f450a827b631"", ""COMP|T4_REGIME_ANCHOR_TRANSITION|UP|38945a8ecb409890"", ""COMP|T4_REGIME_ANCHOR_TRANSITION|UP|4c51be3d70ef9024"", ""COMP|T4_REGIME_ANCHOR_TRANSITION|UP|73786e169a92a313"", ""COMP|T4_REGIME_ANCHOR_TRANSITION|UP|a017f77d31aa5b00"", ""COMP|T4_REGIME_ANCHOR_TRANSITION|UP|e5fd165c92fe97f0"", ""COMP|T4_REGIME_ANCHOR_TRANSITION|UP|e836fb2c0f2b0f04""]","[""COMP|T3_ANCHOR_TRANSITION|UP|6f60f450a827b631"", ""COMP|T4_REGIME_ANCHOR_TRANSITION|UP|38945a8ecb409890"", ""COMP|T4_REGIME_ANCHOR_TRANSITION|UP|4c51be3d70ef9024"", ""COMP|T4_REGIME_ANCHOR_TRANSITION|UP|73786e169a92a313"", ""COMP|T4_REGIME_ANCHOR_TRANSITION|UP|a017f77d31aa5b00"", ""COMP|T4_REGIME_ANCHOR_TRANSITION|UP|ae7fa9c9f2e91a6a"", ""COMP|T4_REGIME_ANCHOR_TRANSITION|UP|e5fd165c92fe97f0"", ""COMP|T4_REGIME_ANCHOR_TRANSITION|UP|e836fb2c0f2b0f04""]",EVENT_STREAM_JACCARD
NR-000770,UP,30m,8,0.95,COMP|T4_REGIME_ANCHOR_TRANSITION|UP|d4cb48db7df0c389,"[""COMP|T3_ANCHOR_TRANSITION|UP|02fe6ccf376ee949"", ""COMP|T4_REGIME_ANCHOR_TRANSITION|UP|063b245425575fd1"", ""COMP|T4_REGIME_ANCHOR_TRANSITION|UP|7b8756da47fdfb68"", ""COMP|T4_REGIME_ANCHOR_TRANSITION|UP|b1078aedf94a6877"", ""COMP|T4_REGIME_ANCHOR_TRANSITION|UP|ce466a28d7a8a472"", ""COMP|T4_REGIME_ANCHOR_TRANSITION|UP|d4c950b1759b4e0f"", ""COMP|T4_REGIME_ANCHOR_TRANSITION|UP|eea57483c6568277""]","[""COMP|T3_ANCHOR_TRANSITION|UP|02fe6ccf376ee949"", ""COMP|T4_REGIME_ANCHOR_TRANSITION|UP|063b245425575fd1"", ""COMP|T4_REGIME_ANCHOR_TRANSITION|UP|7b8756da47fdfb68"", ""COMP|T4_REGIME_ANCHOR_TRANSITION|UP|b1078aedf94a6877"", ""COMP|T4_REGIME_ANCHOR_TRANSITION|UP|ce466a28d7a8a472"", ""COMP|T4_REGIME_ANCHOR_TRANSITION|UP|d4c950b1759b4e0f"", ""COMP|T4_REGIME_ANCHOR_TRANSITION|UP|d4cb48db7df0c389"", ""COMP|T4_REGIME_ANCHOR_TRANSITION|UP|eea57483c6568277""]",EVENT_STREAM_JACCARD
NR-000771,UP,30m,4,0.95,COMP|T4_REGIME_ANCHOR_TRANSITION|UP|9a97ee08dd51731c,"[""COMP|T4_REGIME_ANCHOR_TRANSITION|UP|065134b4db0da2fb"", ""COMP|T4_REGIME_ANCHOR_TRANSITION|UP|6f1bce3cb8f6813c"", ""COMP|T4_REGIME_ANCHOR_TRANSITION|UP|f48fbd39b6c14299""]","[""COMP|T4_REGIME_ANCHOR_TRANSITION|UP|065134b4db0da2fb"", ""COMP|T4_REGIME_ANCHOR_TRANSITION|UP|6f1bce3cb8f6813c"", ""COMP|T4_REGIME_ANCHOR_TRANSITION|UP|9a97ee08dd51731c"", ""COMP|T4_REGIME_ANCHOR_TRANSITION|UP|f48fbd39b6c14299""]",EVENT_STREAM_JACCARD
NR-000772,UP,30m,8,0.95,COMP|T4_REGIME_ANCHOR_TRANSITION|UP|0569fa1568344edd,"[""COMP|T3_ANCHOR_TRANSITION|UP|0d0c38d88fdfe362"", ""COMP|T4_REGIME_ANCHOR_TRANSITION|UP|00b50a14c9c6115f"", ""COMP|T4_REGIME_ANCHOR_TRANSITION|UP|0473cc44dabcbbb8"", ""COMP|T4_REGIME_ANCHOR_TRANSITION|UP|0a5bd46c723f88f4"", ""COMP|T4_REGIME_ANCHOR_TRANSITION|UP|3b564bdfe2148f6c"", ""COMP|T4_REGIME_ANCHOR_TRANSITION|UP|5c1797ae1567dc09"", ""COMP|T4_REGIME_ANCHOR_TRANSITION|UP|740f5c52485464d2""]","[""COMP|T3_ANCHOR_TRANSITION|UP|0d0c38d88fdfe362"", ""COMP|T4_REGIME_ANCHOR_TRANSITION|UP|00b50a14c9c6115f"", ""COMP|T4_REGIME_ANCHOR_TRANSITION|UP|0473cc44dabcbbb8"", ""COMP|T4_REGIME_ANCHOR_TRANSITION|UP|0569fa1568344edd"", ""COMP|T4_REGIME_ANCHOR_TRANSITION|UP|0a5bd46c723f88f4"", ""COMP|T4_REGIME_ANCHOR_TRANSITION|UP|3b564bdfe2148f6c"", ""COMP|T4_REGIME_ANCHOR_TRANSITION|UP|5c1797ae1567dc09"", ""COMP|T4_REGIME_ANCHOR_TRANSITION|UP|740f5c52485464d2""]",EVENT_STREAM_JACCARD
NR-000773,UP,30m,8,0.95,COMP|T4_REGIME_ANCHOR_TRANSITION|UP|f841251f1545090d,"[""COMP|T3_ANCHOR_TRANSITION|UP|507cde445f279f51"", ""COMP|T4_REGIME_ANCHOR_TRANSITION|UP|0367f52183756679"", ""COMP|T4_REGIME_ANCHOR_TRANSITION|UP|0ad7fca69a8ea69b"", ""COMP|T4_REGIME_ANCHOR_TRANSITION|UP|3f9253836ca74152"", ""COMP|T4_REGIME_ANCHOR_TRANSITION|UP|ad727242bab315b3"", ""COMP|T4_REGIME_ANCHOR_TRANSITION|UP|bcaaec41b1584090"", ""COMP|T4_REGIME_ANCHOR_TRANSITION|UP|f9f15a6b130fc011""]","[""COMP|T3_ANCHOR_TRANSITION|UP|507cde445f279f51"", ""COMP|T4_REGIME_ANCHOR_TRANSITION|UP|0367f52183756679"", ""COMP|T4_REGIME_ANCHOR_TRANSITION|UP|0ad7fca69a8ea69b"", ""COMP|T4_REGIME_ANCHOR_TRANSITION|UP|3f9253836ca74152"", ""COMP|T4_REGIME_ANCHOR_TRANSITION|UP|ad727242bab315b3"", ""COMP|T4_REGIME_ANCHOR_TRANSITION|UP|bcaaec41b1584090"", ""COMP|T4_REGIME_ANCHOR_TRANSITION|UP|f841251f1545090d"", ""COMP|T4_REGIME_ANCHOR_TRANSITION|UP|f9f15a6b130fc011""]",EVENT_STREAM_JACCARD
NR-000774,UP,30m,2,0.95,COMP|T4_REGIME_ANCHOR_TRANSITION|UP|2eb014c4da5e6fbf,"[""COMP|T4_REGIME_ANCHOR_TRANSITION|UP|098a9f443c834272""]","[""COMP|T4_REGIME_ANCHOR_TRANSITION|UP|098a9f443c834272"", ""COMP|T4_REGIME_ANCHOR_TRANSITION|UP|2eb014c4da5e6fbf""]",EVENT_STREAM_JACCARD
NR-000775,UP,30m,8,0.95,COMP|T4_REGIME_ANCHOR_TRANSITION|UP|59fa58dcb770e340,"[""COMP|T3_ANCHOR_TRANSITION|UP|d143aabe6cb5ba8b"", ""COMP|T4_REGIME_ANCHOR_TRANSITION|UP|3b89202a9dff9b25"", ""COMP|T4_REGIME_ANCHOR_TRANSITION|UP|5bb6a0016013dee9"", ""COMP|T4_REGIME_ANCHOR_TRANSITION|UP|681e729f3447ab99"", ""COMP|T4_REGIME_ANCHOR_TRANSITION|UP|b19e332908414f1e"", ""COMP|T4_REGIME_ANCHOR_TRANSITION|UP|f7bb5c2e72734dc1"", ""COMP|T4_REGIME_ANCHOR_TRANSITION|UP|fd0166dc419a38f0""]","[""COMP|T3_ANCHOR_TRANSITION|UP|d143aabe6cb5ba8b"", ""COMP|T4_REGIME_ANCHOR_TRANSITION|UP|3b89202a9dff9b25"", ""COMP|T4_REGIME_ANCHOR_TRANSITION|UP|59fa58dcb770e340"", ""COMP|T4_REGIME_ANCHOR_TRANSITION|UP|5bb6a0016013dee9"", ""COMP|T4_REGIME_ANCHOR_TRANSITION|UP|681e729f3447ab99"", ""COMP|T4_REGIME_ANCHOR_TRANSITION|UP|b19e332908414f1e"", ""COMP|T4_REGIME_ANCHOR_TRANSITION|UP|f7bb5c2e72734dc1"", ""COMP|T4_REGIME_ANCHOR_TRANSITION|UP|fd0166dc419a38f0""]",EVENT_STREAM_JACCARD
NR-000776,UP,30m,2,0.95,COMP|T4_REGIME_ANCHOR_TRANSITION|UP|9b39e27277f10b86,"[""COMP|T4_REGIME_ANCHOR_TRANSITION|UP|9023bca078d58b48""]","[""COMP|T4_REGIME_ANCHOR_TRANSITION|UP|9023bca078d58b48"", ""COMP|T4_REGIME_ANCHOR_TRANSITION|UP|9b39e27277f10b86""]",EVENT_STREAM_JACCARD
NR-000777,UP,30m,4,0.95,COMP|T4_REGIME_ANCHOR_TRANSITION|UP|78b16a95a68b96b6,"[""COMP|T4_REGIME_ANCHOR_TRANSITION|UP|2561464a42c22d43"", ""COMP|T4_REGIME_ANCHOR_TRANSITION|UP|70ff7a81c9a7d615"", ""COMP|T4_REGIME_ANCHOR_TRANSITION|UP|f6ba9db6eec533a8""]","[""COMP|T4_REGIME_ANCHOR_TRANSITION|UP|2561464a42c22d43"", ""COMP|T4_REGIME_ANCHOR_TRANSITION|UP|70ff7a81c9a7d615"", ""COMP|T4_REGIME_ANCHOR_TRANSITION|UP|78b16a95a68b96b6"", ""COMP|T4_REGIME_ANCHOR_TRANSITION|UP|f6ba9db6eec533a8""]",EVENT_STREAM_JACCARD
NR-000778,UP,30m,8,0.95,COMP|T4_REGIME_ANCHOR_TRANSITION|UP|9078294cadd8a7ec,"[""COMP|T3_ANCHOR_TRANSITION|UP|22d60766de2821f7"", ""COMP|T4_REGIME_ANCHOR_TRANSITION|UP|062b67ec6a738089"", ""COMP|T4_REGIME_ANCHOR_TRANSITION|UP|348e9792bdd959a3"", ""COMP|T4_REGIME_ANCHOR_TRANSITION|UP|37d5666618426bfa"", ""COMP|T4_REGIME_ANCHOR_TRANSITION|UP|40d9bae86c859a5b"", ""COMP|T4_REGIME_ANCHOR_TRANSITION|UP|83af3d9b1bacf400"", ""COMP|T4_REGIME_ANCHOR_TRANSITION|UP|e41233860e3fc55a""]","[""COMP|T3_ANCHOR_TRANSITION|UP|22d60766de2821f7"", ""COMP|T4_REGIME_ANCHOR_TRANSITION|UP|062b67ec6a738089"", ""COMP|T4_REGIME_ANCHOR_TRANSITION|UP|348e9792bdd959a3"", ""COMP|T4_REGIME_ANCHOR_TRANSITION|UP|37d5666618426bfa"", ""COMP|T4_REGIME_ANCHOR_TRANSITION|UP|40d9bae86c859a5b"", ""COMP|T4_REGIME_ANCHOR_TRANSITION|UP|83af3d9b1bacf400"", ""COMP|T4_REGIME_ANCHOR_TRANSITION|UP|9078294cadd8a7ec"", ""COMP|T4_REGIME_ANCHOR_TRANSITION|UP|e41233860e3fc55a""]",EVENT_STREAM_JACCARD
NR-000779,UP,30m,8,0.95,COMP|T4_REGIME_ANCHOR_TRANSITION|UP|b4fb712fe49619ba,"[""COMP|T3_ANCHOR_TRANSITION|UP|6389b58583d915e9"", ""COMP|T4_REGIME_ANCHOR_TRANSITION|UP|3c50e3cdb89540a8"", ""COMP|T4_REGIME_ANCHOR_TRANSITION|UP|46f35218e59f2236"", ""COMP|T4_REGIME_ANCHOR_TRANSITION|UP|4eaef6012cd68cac"", ""COMP|T4_REGIME_ANCHOR_TRANSITION|UP|6dc7353319595d70"", ""COMP|T4_REGIME_ANCHOR_TRANSITION|UP|84b0142cd1ae7dd5"", ""COMP|T4_REGIME_ANCHOR_TRANSITION|UP|c37e8fefef11cfb3""]","[""COMP|T3_ANCHOR_TRANSITION|UP|6389b58583d915e9"", ""COMP|T4_REGIME_ANCHOR_TRANSITION|UP|3c50e3cdb89540a8"", ""COMP|T4_REGIME_ANCHOR_TRANSITION|UP|46f35218e59f2236"", ""COMP|T4_REGIME_ANCHOR_TRANSITION|UP|4eaef6012cd68cac"", ""COMP|T4_REGIME_ANCHOR_TRANSITION|UP|6dc7353319595d70"", ""COMP|T4_REGIME_ANCHOR_TRANSITION|UP|84b0142cd1ae7dd5"", ""COMP|T4_REGIME_ANCHOR_TRANSITION|UP|b4fb712fe49619ba"", ""COMP|T4_REGIME_ANCHOR_TRANSITION|UP|c37e8fefef11cfb3""]",EVENT_STREAM_JACCARD
NR-000780,UP,30m,7,0.95,COMP|T4_REGIME_ANCHOR_TRANSITION|UP|dee54a765ae2f8fc,"[""COMP|T3_ANCHOR_TRANSITION|UP|c7e6f80652facbfa"", ""COMP|T4_REGIME_ANCHOR_TRANSITION|UP|2568d6855e5bd431"", ""COMP|T4_REGIME_ANCHOR_TRANSITION|UP|bbc4d4fd7292efee"", ""COMP|T4_REGIME_ANCHOR_TRANSITION|UP|be45ef4f935b310b"", ""COMP|T4_REGIME_ANCHOR_TRANSITION|UP|cea75c84c830a369"", ""COMP|T4_REGIME_ANCHOR_TRANSITION|UP|edb807495aaa11e7""]","[""COMP|T3_ANCHOR_TRANSITION|UP|c7e6f80652facbfa"", ""COMP|T4_REGIME_ANCHOR_TRANSITION|UP|2568d6855e5bd431"", ""COMP|T4_REGIME_ANCHOR_TRANSITION|UP|bbc4d4fd7292efee"", ""COMP|T4_REGIME_ANCHOR_TRANSITION|UP|be45ef4f935b310b"", ""COMP|T4_REGIME_ANCHOR_TRANSITION|UP|cea75c84c830a369"", ""COMP|T4_REGIME_ANCHOR_TRANSITION|UP|dee54a765ae2f8fc"", ""COMP|T4_REGIME_ANCHOR_TRANSITION|UP|edb807495aaa11e7""]",EVENT_STREAM_JACCARD
NR-000781,UP,30m,16,0.95,COMP|T4_REGIME_ANCHOR_TRANSITION|UP|5c6e4660c9aa51dc,"[""COMP|T3_ANCHOR_TRANSITION|UP|341e0b40fa9936ff"", ""COMP|T3_ANCHOR_TRANSITION|UP|a075b39edf0d0fbb"", ""COMP|T4_REGIME_ANCHOR_TRANSITION|UP|0060f2f8fd76d003"", ""COMP|T4_REGIME_ANCHOR_TRANSITION|UP|1d74bbbaa06d0472"", ""COMP|T4_REGIME_ANCHOR_TRANSITION|UP|2d8de126398da877"", ""COMP|T4_REGIME_ANCHOR_TRANSITION|UP|4986eccc836ad262"", ""COMP|T4_REGIME_ANCHOR_TRANSITION|UP|5764cdb8afb08f2c"", ""COMP|T4_REGIME_ANCHOR_TRANSITION|UP|58685a9b0a46ffed"", ""COMP|T4_REGIME_ANCHOR_TRANSITION|UP|67fd0f95c4780c8b"", ""COMP|T4_REGIME_ANCHOR_TRANSITION|UP|80b2bef6debab595"", ""COMP|T4_REGIME_ANCHOR_TRANSITION|UP|c072af42e7b0ac0a"", ""COMP|T4_REGIME_ANCHOR_TRANSITION|UP|c0f184ee2f694549"", ""COMP|T4_REGIME_ANCHOR_TRANSITION|UP|c1f418ee6f2fdd02"", ""COMP|T4_REGIME_ANCHOR_TRANSITION|UP|ca58c16c9fcf66f7"", ""COMP|T4_REGIME_ANCHOR_TRANSITION|UP|cb6d313028f8ebfb""]","[""COMP|T3_ANCHOR_TRANSITION|UP|341e0b40fa9936ff"", ""COMP|T3_ANCHOR_TRANSITION|UP|a075b39edf0d0fbb"", ""COMP|T4_REGIME_ANCHOR_TRANSITION|UP|0060f2f8fd76d003"", ""COMP|T4_REGIME_ANCHOR_TRANSITION|UP|1d74bbbaa06d0472"", ""COMP|T4_REGIME_ANCHOR_TRANSITION|UP|2d8de126398da877"", ""COMP|T4_REGIME_ANCHOR_TRANSITION|UP|4986eccc836ad262"", ""COMP|T4_REGIME_ANCHOR_TRANSITION|UP|5764cdb8afb08f2c"", ""COMP|T4_REGIME_ANCHOR_TRANSITION|UP|58685a9b0a46ffed"", ""COMP|T4_REGIME_ANCHOR_TRANSITION|UP|5c6e4660c9aa51dc"", ""COMP|T4_REGIME_ANCHOR_TRANSITION|UP|67fd0f95c4780c8b"", ""COMP|T4_REGIME_ANCHOR_TRANSITION|UP|80b2bef6debab595"", ""COMP|T4_REGIME_ANCHOR_TRANSITION|UP|c072af42e7b0ac0a"", ""COMP|T4_REGIME_ANCHOR_TRANSITION|UP|c0f184ee2f694549"", ""COMP|T4_REGIME_ANCHOR_TRANSITION|UP|c1f418ee6f2fdd02"", ""COMP|T4_REGIME_ANCHOR_TRANSITION|UP|ca58c16c9fcf66f7"", ""COMP|T4_REGIME_ANCHOR_TRANSITION|UP|cb6d313028f8ebfb""]",EVENT_STREAM_JACCARD
NR-000782,UP,30m,8,0.95,COMP|T4_REGIME_ANCHOR_TRANSITION|UP|85dca1385584dcba,"[""COMP|T3_ANCHOR_TRANSITION|UP|ac5259b0f1a376e5"", ""COMP|T4_REGIME_ANCHOR_TRANSITION|UP|050c30d91db23f3c"", ""COMP|T4_REGIME_ANCHOR_TRANSITION|UP|15433db896a899d2"", ""COMP|T4_REGIME_ANCHOR_TRANSITION|UP|2b2040d9dfb49e11"", ""COMP|T4_REGIME_ANCHOR_TRANSITION|UP|7d5a79501907af32"", ""COMP|T4_REGIME_ANCHOR_TRANSITION|UP|bed44db2b8958764"", ""COMP|T4_REGIME_ANCHOR_TRANSITION|UP|e74c223a371f5e50""]","[""COMP|T3_ANCHOR_TRANSITION|UP|ac5259b0f1a376e5"", ""COMP|T4_REGIME_ANCHOR_TRANSITION|UP|050c30d91db23f3c"", ""COMP|T4_REGIME_ANCHOR_TRANSITION|UP|15433db896a899d2"", ""COMP|T4_REGIME_ANCHOR_TRANSITION|UP|2b2040d9dfb49e11"", ""COMP|T4_REGIME_ANCHOR_TRANSITION|UP|7d5a79501907af32"", ""COMP|T4_REGIME_ANCHOR_TRANSITION|UP|85dca1385584dcba"", ""COMP|T4_REGIME_ANCHOR_TRANSITION|UP|bed44db2b8958764"", ""COMP|T4_REGIME_ANCHOR_TRANSITION|UP|e74c223a371f5e50""]",EVENT_STREAM_JACCARD
NR-000783,UP,30m,8,0.95,COMP|T4_REGIME_ANCHOR_TRANSITION|UP|49222c3bf805a26a,"[""COMP|T3_ANCHOR_TRANSITION|UP|f1fb41b3106118bd"", ""COMP|T4_REGIME_ANCHOR_TRANSITION|UP|40b352c3bf508a93"", ""COMP|T4_REGIME_ANCHOR_TRANSITION|UP|520a3ec285a8323e"", ""COMP|T4_REGIME_ANCHOR_TRANSITION|UP|542c3a85c352edc2"", ""COMP|T4_REGIME_ANCHOR_TRANSITION|UP|93813cbff21f70a8"", ""COMP|T4_REGIME_ANCHOR_TRANSITION|UP|f0df7aaa24b46f9a"", ""COMP|T4_REGIME_ANCHOR_TRANSITION|UP|f472d6743e3748ea""]","[""COMP|T3_ANCHOR_TRANSITION|UP|f1fb41b3106118bd"", ""COMP|T4_REGIME_ANCHOR_TRANSITION|UP|40b352c3bf508a93"", ""COMP|T4_REGIME_ANCHOR_TRANSITION|UP|49222c3bf805a26a"", ""COMP|T4_REGIME_ANCHOR_TRANSITION|UP|520a3ec285a8323e"", ""COMP|T4_REGIME_ANCHOR_TRANSITION|UP|542c3a85c352edc2"", ""COMP|T4_REGIME_ANCHOR_TRANSITION|UP|93813cbff21f70a8"", ""COMP|T4_REGIME_ANCHOR_TRANSITION|UP|f0df7aaa24b46f9a"", ""COMP|T4_REGIME_ANCHOR_TRANSITION|UP|f472d6743e3748ea""]",EVENT_STREAM_JACCARD
NR-000784,UP,30m,2,0.95,COMP|T4_REGIME_ANCHOR_TRANSITION|UP|6e94a9504201ac66,"[""COMP|T4_REGIME_ANCHOR_TRANSITION|UP|d07c3b7eda0df935""]","[""COMP|T4_REGIME_ANCHOR_TRANSITION|UP|6e94a9504201ac66"", ""COMP|T4_REGIME_ANCHOR_TRANSITION|UP|d07c3b7eda0df935""]",EVENT_STREAM_JACCARD
NR-000785,UP,30m,8,0.95,COMP|T4_REGIME_ANCHOR_TRANSITION|UP|5d9149d6c4d3b7c4,"[""COMP|T3_ANCHOR_TRANSITION|UP|f0b808585a1bb5a0"", ""COMP|T4_REGIME_ANCHOR_TRANSITION|UP|07be0230aef92e0a"", ""COMP|T4_REGIME_ANCHOR_TRANSITION|UP|340f6eab2b0078e6"", ""COMP|T4_REGIME_ANCHOR_TRANSITION|UP|4262beab6d0c4a59"", ""COMP|T4_REGIME_ANCHOR_TRANSITION|UP|4ac331e9cfb32c06"", ""COMP|T4_REGIME_ANCHOR_TRANSITION|UP|c36c7aa34ba87bc0"", ""COMP|T4_REGIME_ANCHOR_TRANSITION|UP|c7d73ce0770a9ed4""]","[""COMP|T3_ANCHOR_TRANSITION|UP|f0b808585a1bb5a0"", ""COMP|T4_REGIME_ANCHOR_TRANSITION|UP|07be0230aef92e0a"", ""COMP|T4_REGIME_ANCHOR_TRANSITION|UP|340f6eab2b0078e6"", ""COMP|T4_REGIME_ANCHOR_TRANSITION|UP|4262beab6d0c4a59"", ""COMP|T4_REGIME_ANCHOR_TRANSITION|UP|4ac331e9cfb32c06"", ""COMP|T4_REGIME_ANCHOR_TRANSITION|UP|5d9149d6c4d3b7c4"", ""COMP|T4_REGIME_ANCHOR_TRANSITION|UP|c36c7aa34ba87bc0"", ""COMP|T4_REGIME_ANCHOR_TRANSITION|UP|c7d73ce0770a9ed4""]",EVENT_STREAM_JACCARD
NR-000786,UP,30m,8,0.95,COMP|T4_REGIME_ANCHOR_TRANSITION|UP|74e00f53ad201e0d,"[""COMP|T3_ANCHOR_TRANSITION|UP|6cd059e912b72799"", ""COMP|T4_REGIME_ANCHOR_TRANSITION|UP|4d154f6a2ec4c7c0"", ""COMP|T4_REGIME_ANCHOR_TRANSITION|UP|5de80a910e69be79"", ""COMP|T4_REGIME_ANCHOR_TRANSITION|UP|912a1c95ab79dac1"", ""COMP|T4_REGIME_ANCHOR_TRANSITION|UP|c60f014860a2df69"", ""COMP|T4_REGIME_ANCHOR_TRANSITION|UP|e546e5c7bd944b11"", ""COMP|T4_REGIME_ANCHOR_TRANSITION|UP|f51a8d23e9e272bf""]","[""COMP|T3_ANCHOR_TRANSITION|UP|6cd059e912b72799"", ""COMP|T4_REGIME_ANCHOR_TRANSITION|UP|4d154f6a2ec4c7c0"", ""COMP|T4_REGIME_ANCHOR_TRANSITION|UP|5de80a910e69be79"", ""COMP|T4_REGIME_ANCHOR_TRANSITION|UP|74e00f53ad201e0d"", ""COMP|T4_REGIME_ANCHOR_TRANSITION|UP|912a1c95ab79dac1"", ""COMP|T4_REGIME_ANCHOR_TRANSITION|UP|c60f014860a2df69"", ""COMP|T4_REGIME_ANCHOR_TRANSITION|UP|e546e5c7bd944b11"", ""COMP|T4_REGIME_ANCHOR_TRANSITION|UP|f51a8d23e9e272bf""]",EVENT_STREAM_JACCARD
NR-000787,UP,30m,8,0.95,COMP|T4_REGIME_ANCHOR_TRANSITION|UP|7900379f6d195999,"[""COMP|T3_ANCHOR_TRANSITION|UP|1d8a768bbef652b0"", ""COMP|T4_REGIME_ANCHOR_TRANSITION|UP|0199d474baa3b804"", ""COMP|T4_REGIME_ANCHOR_TRANSITION|UP|1e504fa97406bcb6"", ""COMP|T4_REGIME_ANCHOR_TRANSITION|UP|44870292ed8f5217"", ""COMP|T4_REGIME_ANCHOR_TRANSITION|UP|4ca0dd5254b264a3"", ""COMP|T4_REGIME_ANCHOR_TRANSITION|UP|4cc5759d78f24292"", ""COMP|T4_REGIME_ANCHOR_TRANSITION|UP|4f11a2f02d2a1118""]","[""COMP|T3_ANCHOR_TRANSITION|UP|1d8a768bbef652b0"", ""COMP|T4_REGIME_ANCHOR_TRANSITION|UP|0199d474baa3b804"", ""COMP|T4_REGIME_ANCHOR_TRANSITION|UP|1e504fa97406bcb6"", ""COMP|T4_REGIME_ANCHOR_TRANSITION|UP|44870292ed8f5217"", ""COMP|T4_REGIME_ANCHOR_TRANSITION|UP|4ca0dd5254b264a3"", ""COMP|T4_REGIME_ANCHOR_TRANSITION|UP|4cc5759d78f24292"", ""COMP|T4_REGIME_ANCHOR_TRANSITION|UP|4f11a2f02d2a1118"", ""COMP|T4_REGIME_ANCHOR_TRANSITION|UP|7900379f6d195999""]",EVENT_STREAM_JACCARD
NR-000788,UP,30m,8,0.95,COMP|T4_REGIME_ANCHOR_TRANSITION|UP|19bb9e258668fb72,"[""COMP|T3_ANCHOR_TRANSITION|UP|1075d82ae9a488f2"", ""COMP|T4_REGIME_ANCHOR_TRANSITION|UP|088fd542409b6f8b"", ""COMP|T4_REGIME_ANCHOR_TRANSITION|UP|0d4a6f7a0c646a05"", ""COMP|T4_REGIME_ANCHOR_TRANSITION|UP|21fe17ddb48f5b9c"", ""COMP|T4_REGIME_ANCHOR_TRANSITION|UP|284efb7b52cc0ee5"", ""COMP|T4_REGIME_ANCHOR_TRANSITION|UP|2da82aa47003b9f4"", ""COMP|T4_REGIME_ANCHOR_TRANSITION|UP|6ae979128398f976""]","[""COMP|T3_ANCHOR_TRANSITION|UP|1075d82ae9a488f2"", ""COMP|T4_REGIME_ANCHOR_TRANSITION|UP|088fd542409b6f8b"", ""COMP|T4_REGIME_ANCHOR_TRANSITION|UP|0d4a6f7a0c646a05"", ""COMP|T4_REGIME_ANCHOR_TRANSITION|UP|19bb9e258668fb72"", ""COMP|T4_REGIME_ANCHOR_TRANSITION|UP|21fe17ddb48f5b9c"", ""COMP|T4_REGIME_ANCHOR_TRANSITION|UP|284efb7b52cc0ee5"", ""COMP|T4_REGIME_ANCHOR_TRANSITION|UP|2da82aa47003b9f4"", ""COMP|T4_REGIME_ANCHOR_TRANSITION|UP|6ae979128398f976""]",EVENT_STREAM_JACCARD
NR-000789,UP,30m,8,0.95,COMP|T4_REGIME_ANCHOR_TRANSITION|UP|cc535839814c759e,"[""COMP|T3_ANCHOR_TRANSITION|UP|14391c3af30f6d68"", ""COMP|T4_REGIME_ANCHOR_TRANSITION|UP|190350e9a9528d76"", ""COMP|T4_REGIME_ANCHOR_TRANSITION|UP|37c884e86712bf8b"", ""COMP|T4_REGIME_ANCHOR_TRANSITION|UP|5329699e6a53961f"", ""COMP|T4_REGIME_ANCHOR_TRANSITION|UP|561c01019c990ecf"", ""COMP|T4_REGIME_ANCHOR_TRANSITION|UP|5a42f4757b76e672"", ""COMP|T4_REGIME_ANCHOR_TRANSITION|UP|a3568c5a2a23e97e""]","[""COMP|T3_ANCHOR_TRANSITION|UP|14391c3af30f6d68"", ""COMP|T4_REGIME_ANCHOR_TRANSITION|UP|190350e9a9528d76"", ""COMP|T4_REGIME_ANCHOR_TRANSITION|UP|37c884e86712bf8b"", ""COMP|T4_REGIME_ANCHOR_TRANSITION|UP|5329699e6a53961f"", ""COMP|T4_REGIME_ANCHOR_TRANSITION|UP|561c01019c990ecf"", ""COMP|T4_REGIME_ANCHOR_TRANSITION|UP|5a42f4757b76e672"", ""COMP|T4_REGIME_ANCHOR_TRANSITION|UP|a3568c5a2a23e97e"", ""COMP|T4_REGIME_ANCHOR_TRANSITION|UP|cc535839814c759e""]",EVENT_STREAM_JACCARD
NR-000790,UP,30m,8,0.95,COMP|T4_REGIME_ANCHOR_TRANSITION|UP|cfa6c46f4b45aae8,"[""COMP|T3_ANCHOR_TRANSITION|UP|c3241d98bce178de"", ""COMP|T4_REGIME_ANCHOR_TRANSITION|UP|339589f03fc7861e"", ""COMP|T4_REGIME_ANCHOR_TRANSITION|UP|750c7398e4012e69"", ""COMP|T4_REGIME_ANCHOR_TRANSITION|UP|89973f7aaba03495"", ""COMP|T4_REGIME_ANCHOR_TRANSITION|UP|8ce6f4ef95801270"", ""COMP|T4_REGIME_ANCHOR_TRANSITION|UP|a87e2810fbcfdc4b"", ""COMP|T4_REGIME_ANCHOR_TRANSITION|UP|d0b2771d7d0490df""]","[""COMP|T3_ANCHOR_TRANSITION|UP|c3241d98bce178de"", ""COMP|T4_REGIME_ANCHOR_TRANSITION|UP|339589f03fc7861e"", ""COMP|T4_REGIME_ANCHOR_TRANSITION|UP|750c7398e4012e69"", ""COMP|T4_REGIME_ANCHOR_TRANSITION|UP|89973f7aaba03495"", ""COMP|T4_REGIME_ANCHOR_TRANSITION|UP|8ce6f4ef95801270"", ""COMP|T4_REGIME_ANCHOR_TRANSITION|UP|a87e2810fbcfdc4b"", ""COMP|T4_REGIME_ANCHOR_TRANSITION|UP|cfa6c46f4b45aae8"", ""COMP|T4_REGIME_ANCHOR_TRANSITION|UP|d0b2771d7d0490df""]",EVENT_STREAM_JACCARD
NR-000791,UP,30m,8,0.95,COMP|T4_REGIME_ANCHOR_TRANSITION|UP|1c8811dc36834691,"[""COMP|T3_ANCHOR_TRANSITION|UP|1c84c8a14b3e6b35"", ""COMP|T4_REGIME_ANCHOR_TRANSITION|UP|0ab4a445d7731851"", ""COMP|T4_REGIME_ANCHOR_TRANSITION|UP|25ff6cc23de25e95"", ""COMP|T4_REGIME_ANCHOR_TRANSITION|UP|4ec2a5acbad5334e"", ""COMP|T4_REGIME_ANCHOR_TRANSITION|UP|51367d379358d39b"", ""COMP|T4_REGIME_ANCHOR_TRANSITION|UP|73d38b3b84a4a245"", ""COMP|T4_REGIME_ANCHOR_TRANSITION|UP|a26775d141312ae9""]","[""COMP|T3_ANCHOR_TRANSITION|UP|1c84c8a14b3e6b35"", ""COMP|T4_REGIME_ANCHOR_TRANSITION|UP|0ab4a445d7731851"", ""COMP|T4_REGIME_ANCHOR_TRANSITION|UP|1c8811dc36834691"", ""COMP|T4_REGIME_ANCHOR_TRANSITION|UP|25ff6cc23de25e95"", ""COMP|T4_REGIME_ANCHOR_TRANSITION|UP|4ec2a5acbad5334e"", ""COMP|T4_REGIME_ANCHOR_TRANSITION|UP|51367d379358d39b"", ""COMP|T4_REGIME_ANCHOR_TRANSITION|UP|73d38b3b84a4a245"", ""COMP|T4_REGIME_ANCHOR_TRANSITION|UP|a26775d141312ae9""]",EVENT_STREAM_JACCARD
NR-000792,UP,30m,8,0.95,COMP|T4_REGIME_ANCHOR_TRANSITION|UP|9d5aa904b284cb08,"[""COMP|T3_ANCHOR_TRANSITION|UP|e96b3cb2533c8a54"", ""COMP|T4_REGIME_ANCHOR_TRANSITION|UP|038e123e47dc7ff2"", ""COMP|T4_REGIME_ANCHOR_TRANSITION|UP|17f53d36718e6de2"", ""COMP|T4_REGIME_ANCHOR_TRANSITION|UP|308214efe9abf035"", ""COMP|T4_REGIME_ANCHOR_TRANSITION|UP|c1fd4ccaeb874e2b"", ""COMP|T4_REGIME_ANCHOR_TRANSITION|UP|c50367be04340949"", ""COMP|T4_REGIME_ANCHOR_TRANSITION|UP|d01cc268b7cbdcbf""]","[""COMP|T3_ANCHOR_TRANSITION|UP|e96b3cb2533c8a54"", ""COMP|T4_REGIME_ANCHOR_TRANSITION|UP|038e123e47dc7ff2"", ""COMP|T4_REGIME_ANCHOR_TRANSITION|UP|17f53d36718e6de2"", ""COMP|T4_REGIME_ANCHOR_TRANSITION|UP|308214efe9abf035"", ""COMP|T4_REGIME_ANCHOR_TRANSITION|UP|9d5aa904b284cb08"", ""COMP|T4_REGIME_ANCHOR_TRANSITION|UP|c1fd4ccaeb874e2b"", ""COMP|T4_REGIME_ANCHOR_TRANSITION|UP|c50367be04340949"", ""COMP|T4_REGIME_ANCHOR_TRANSITION|UP|d01cc268b7cbdcbf""]",EVENT_STREAM_JACCARD
NR-000793,UP,30m,8,0.95,COMP|T4_REGIME_ANCHOR_TRANSITION|UP|c19de3dfcaa67da4,"[""COMP|T3_ANCHOR_TRANSITION|UP|fb7bfcc554e28610"", ""COMP|T4_REGIME_ANCHOR_TRANSITION|UP|09f5c954d49eb66a"", ""COMP|T4_REGIME_ANCHOR_TRANSITION|UP|4dd602515058037d"", ""COMP|T4_REGIME_ANCHOR_TRANSITION|UP|a598ede0ce2b7123"", ""COMP|T4_REGIME_ANCHOR_TRANSITION|UP|c14ad560f6687893"", ""COMP|T4_REGIME_ANCHOR_TRANSITION|UP|d817e9a9a505a383"", ""COMP|T4_REGIME_ANCHOR_TRANSITION|UP|e93841ead2bb4a9d""]","[""COMP|T3_ANCHOR_TRANSITION|UP|fb7bfcc554e28610"", ""COMP|T4_REGIME_ANCHOR_TRANSITION|UP|09f5c954d49eb66a"", ""COMP|T4_REGIME_ANCHOR_TRANSITION|UP|4dd602515058037d"", ""COMP|T4_REGIME_ANCHOR_TRANSITION|UP|a598ede0ce2b7123"", ""COMP|T4_REGIME_ANCHOR_TRANSITION|UP|c14ad560f6687893"", ""COMP|T4_REGIME_ANCHOR_TRANSITION|UP|c19de3dfcaa67da4"", ""COMP|T4_REGIME_ANCHOR_TRANSITION|UP|d817e9a9a505a383"", ""COMP|T4_REGIME_ANCHOR_TRANSITION|UP|e93841ead2bb4a9d""]",EVENT_STREAM_JACCARD
NR-000794,UP,30m,8,0.95,COMP|T4_REGIME_ANCHOR_TRANSITION|UP|0a6923b97187c111,"[""COMP|T3_ANCHOR_TRANSITION|UP|cd387df2de9a697e"", ""COMP|T4_REGIME_ANCHOR_TRANSITION|UP|2e7a23986a45881b"", ""COMP|T4_REGIME_ANCHOR_TRANSITION|UP|43c1423593e231f5"", ""COMP|T4_REGIME_ANCHOR_TRANSITION|UP|8efb1a1c1f076756"", ""COMP|T4_REGIME_ANCHOR_TRANSITION|UP|b25facc795a95c51"", ""COMP|T4_REGIME_ANCHOR_TRANSITION|UP|c521830431ed72d3"", ""COMP|T4_REGIME_ANCHOR_TRANSITION|UP|d2d12347b406bf07""]","[""COMP|T3_ANCHOR_TRANSITION|UP|cd387df2de9a697e"", ""COMP|T4_REGIME_ANCHOR_TRANSITION|UP|0a6923b97187c111"", ""COMP|T4_REGIME_ANCHOR_TRANSITION|UP|2e7a23986a45881b"", ""COMP|T4_REGIME_ANCHOR_TRANSITION|UP|43c1423593e231f5"", ""COMP|T4_REGIME_ANCHOR_TRANSITION|UP|8efb1a1c1f076756"", ""COMP|T4_REGIME_ANCHOR_TRANSITION|UP|b25facc795a95c51"", ""COMP|T4_REGIME_ANCHOR_TRANSITION|UP|c521830431ed72d3"", ""COMP|T4_REGIME_ANCHOR_TRANSITION|UP|d2d12347b406bf07""]",EVENT_STREAM_JACCARD
NR-000795,UP,30m,2,0.95,COMP|T4_REGIME_ANCHOR_TRANSITION|UP|f555fb19613d0e7e,"[""COMP|T4_REGIME_ANCHOR_TRANSITION|UP|ce13b5dcae26c5b3""]","[""COMP|T4_REGIME_ANCHOR_TRANSITION|UP|ce13b5dcae26c5b3"", ""COMP|T4_REGIME_ANCHOR_TRANSITION|UP|f555fb19613d0e7e""]",EVENT_STREAM_JACCARD
NR-000796,UP,30m,8,0.95,COMP|T4_REGIME_ANCHOR_TRANSITION|UP|245995a060e21255,"[""COMP|T3_ANCHOR_TRANSITION|UP|889d5ff55f02019c"", ""COMP|T4_REGIME_ANCHOR_TRANSITION|UP|1d3c24e59ebbc749"", ""COMP|T4_REGIME_ANCHOR_TRANSITION|UP|285105d63bc8720c"", ""COMP|T4_REGIME_ANCHOR_TRANSITION|UP|60c50fb6578ee145"", ""COMP|T4_REGIME_ANCHOR_TRANSITION|UP|8e1668b1503e42bf"", ""COMP|T4_REGIME_ANCHOR_TRANSITION|UP|d5bc9e8f9f70fd74"", ""COMP|T4_REGIME_ANCHOR_TRANSITION|UP|e39138ac3a3ab5f8""]","[""COMP|T3_ANCHOR_TRANSITION|UP|889d5ff55f02019c"", ""COMP|T4_REGIME_ANCHOR_TRANSITION|UP|1d3c24e59ebbc749"", ""COMP|T4_REGIME_ANCHOR_TRANSITION|UP|245995a060e21255"", ""COMP|T4_REGIME_ANCHOR_TRANSITION|UP|285105d63bc8720c"", ""COMP|T4_REGIME_ANCHOR_TRANSITION|UP|60c50fb6578ee145"", ""COMP|T4_REGIME_ANCHOR_TRANSITION|UP|8e1668b1503e42bf"", ""COMP|T4_REGIME_ANCHOR_TRANSITION|UP|d5bc9e8f9f70fd74"", ""COMP|T4_REGIME_ANCHOR_TRANSITION|UP|e39138ac3a3ab5f8""]",EVENT_STREAM_JACCARD
NR-000797,UP,30m,8,0.95,COMP|T4_REGIME_ANCHOR_TRANSITION|UP|6a4db649b4d1c443,"[""COMP|T3_ANCHOR_TRANSITION|UP|7b28f6de9042555f"", ""COMP|T4_REGIME_ANCHOR_TRANSITION|UP|2e76c7edf2b382c8"", ""COMP|T4_REGIME_ANCHOR_TRANSITION|UP|380eb510880e0eba"", ""COMP|T4_REGIME_ANCHOR_TRANSITION|UP|490ac014eac61264"", ""COMP|T4_REGIME_ANCHOR_TRANSITION|UP|60c522bbfd4126d8"", ""COMP|T4_REGIME_ANCHOR_TRANSITION|UP|6408d1860aa8d446"", ""COMP|T4_REGIME_ANCHOR_TRANSITION|UP|84a581c2c04ad166""]","[""COMP|T3_ANCHOR_TRANSITION|UP|7b28f6de9042555f"", ""COMP|T4_REGIME_ANCHOR_TRANSITION|UP|2e76c7edf2b382c8"", ""COMP|T4_REGIME_ANCHOR_TRANSITION|UP|380eb510880e0eba"", ""COMP|T4_REGIME_ANCHOR_TRANSITION|UP|490ac014eac61264"", ""COMP|T4_REGIME_ANCHOR_TRANSITION|UP|60c522bbfd4126d8"", ""COMP|T4_REGIME_ANCHOR_TRANSITION|UP|6408d1860aa8d446"", ""COMP|T4_REGIME_ANCHOR_TRANSITION|UP|6a4db649b4d1c443"", ""COMP|T4_REGIME_ANCHOR_TRANSITION|UP|84a581c2c04ad166""]",EVENT_STREAM_JACCARD
NR-000798,UP,30m,8,0.95,COMP|T4_REGIME_ANCHOR_TRANSITION|UP|9c1ee4e1c1b72e13,"[""COMP|T3_ANCHOR_TRANSITION|UP|da2d0b193221d6c4"", ""COMP|T4_REGIME_ANCHOR_TRANSITION|UP|14b22f8c01a76513"", ""COMP|T4_REGIME_ANCHOR_TRANSITION|UP|2ccca02b48260610"", ""COMP|T4_REGIME_ANCHOR_TRANSITION|UP|496c7e694dd91828"", ""COMP|T4_REGIME_ANCHOR_TRANSITION|UP|5db3b53a4d6ac70e"", ""COMP|T4_REGIME_ANCHOR_TRANSITION|UP|76a5d45c78ec6773"", ""COMP|T4_REGIME_ANCHOR_TRANSITION|UP|e0647cdb4c905466""]","[""COMP|T3_ANCHOR_TRANSITION|UP|da2d0b193221d6c4"", ""COMP|T4_REGIME_ANCHOR_TRANSITION|UP|14b22f8c01a76513"", ""COMP|T4_REGIME_ANCHOR_TRANSITION|UP|2ccca02b48260610"", ""COMP|T4_REGIME_ANCHOR_TRANSITION|UP|496c7e694dd91828"", ""COMP|T4_REGIME_ANCHOR_TRANSITION|UP|5db3b53a4d6ac70e"", ""COMP|T4_REGIME_ANCHOR_TRANSITION|UP|76a5d45c78ec6773"", ""COMP|T4_REGIME_ANCHOR_TRANSITION|UP|9c1ee4e1c1b72e13"", ""COMP|T4_REGIME_ANCHOR_TRANSITION|UP|e0647cdb4c905466""]",EVENT_STREAM_JACCARD
NR-000799,UP,30m,4,0.95,COMP|T4_REGIME_ANCHOR_TRANSITION|UP|3814c0a64f91dccf,"[""COMP|T4_REGIME_ANCHOR_TRANSITION|UP|412dae69d1aa1ada"", ""COMP|T4_REGIME_ANCHOR_TRANSITION|UP|5cfc8e50949e76f7"", ""COMP|T4_REGIME_ANCHOR_TRANSITION|UP|a301f94494d0c0b8""]","[""COMP|T4_REGIME_ANCHOR_TRANSITION|UP|3814c0a64f91dccf"", ""COMP|T4_REGIME_ANCHOR_TRANSITION|UP|412dae69d1aa1ada"", ""COMP|T4_REGIME_ANCHOR_TRANSITION|UP|5cfc8e50949e76f7"", ""COMP|T4_REGIME_ANCHOR_TRANSITION|UP|a301f94494d0c0b8""]",EVENT_STREAM_JACCARD
NR-000800,UP,30m,5,0.95,COMP|T4_REGIME_ANCHOR_TRANSITION|UP|724f9c6165d6cc70,"[""COMP|T4_REGIME_ANCHOR_TRANSITION|UP|12331b5027b8b3a3"", ""COMP|T4_REGIME_ANCHOR_TRANSITION|UP|3f12c18d1fe13f03"", ""COMP|T4_REGIME_ANCHOR_TRANSITION|UP|73ff1cab883cfa7e"", ""COMP|T4_REGIME_ANCHOR_TRANSITION|UP|888884e998511569""]","[""COMP|T4_REGIME_ANCHOR_TRANSITION|UP|12331b5027b8b3a3"", ""COMP|T4_REGIME_ANCHOR_TRANSITION|UP|3f12c18d1fe13f03"", ""COMP|T4_REGIME_ANCHOR_TRANSITION|UP|724f9c6165d6cc70"", ""COMP|T4_REGIME_ANCHOR_TRANSITION|UP|73ff1cab883cfa7e"", ""COMP|T4_REGIME_ANCHOR_TRANSITION|UP|888884e998511569""]",EVENT_STREAM_JACCARD
NR-000801,UP,30m,8,0.95,COMP|T3_ANCHOR_TRANSITION|UP|50809270254c09f4,"[""COMP|T4_REGIME_ANCHOR_TRANSITION|UP|13fc1d36a9a57ddf"", ""COMP|T4_REGIME_ANCHOR_TRANSITION|UP|340f124dd5fd0def"", ""COMP|T4_REGIME_ANCHOR_TRANSITION|UP|4c761f87afa985f2"", ""COMP|T4_REGIME_ANCHOR_TRANSITION|UP|84f2f883bbf41954"", ""COMP|T4_REGIME_ANCHOR_TRANSITION|UP|9822a8c4dfbfd0a6"", ""COMP|T4_REGIME_ANCHOR_TRANSITION|UP|cdbc3335bff3055c"", ""COMP|T4_REGIME_ANCHOR_TRANSITION|UP|cfedb6f55b8d381b""]","[""COMP|T3_ANCHOR_TRANSITION|UP|50809270254c09f4"", ""COMP|T4_REGIME_ANCHOR_TRANSITION|UP|13fc1d36a9a57ddf"", ""COMP|T4_REGIME_ANCHOR_TRANSITION|UP|340f124dd5fd0def"", ""COMP|T4_REGIME_ANCHOR_TRANSITION|UP|4c761f87afa985f2"", ""COMP|T4_REGIME_ANCHOR_TRANSITION|UP|84f2f883bbf41954"", ""COMP|T4_REGIME_ANCHOR_TRANSITION|UP|9822a8c4dfbfd0a6"", ""COMP|T4_REGIME_ANCHOR_TRANSITION|UP|cdbc3335bff3055c"", ""COMP|T4_REGIME_ANCHOR_TRANSITION|UP|cfedb6f55b8d381b""]",EVENT_STREAM_JACCARD
NR-000802,UP,30m,8,0.95,COMP|T4_REGIME_ANCHOR_TRANSITION|UP|1d7a6a0834c9bbd9,"[""COMP|T3_ANCHOR_TRANSITION|UP|c814642403ddad13"", ""COMP|T4_REGIME_ANCHOR_TRANSITION|UP|4ddcd16951d47df2"", ""COMP|T4_REGIME_ANCHOR_TRANSITION|UP|5393eea879b94975"", ""COMP|T4_REGIME_ANCHOR_TRANSITION|UP|65029d9ae1f7e445"", ""COMP|T4_REGIME_ANCHOR_TRANSITION|UP|873ecbf681cf94c1"", ""COMP|T4_REGIME_ANCHOR_TRANSITION|UP|af50cee41114b61b"", ""COMP|T4_REGIME_ANCHOR_TRANSITION|UP|ba01019f6227d7d8""]","[""COMP|T3_ANCHOR_TRANSITION|UP|c814642403ddad13"", ""COMP|T4_REGIME_ANCHOR_TRANSITION|UP|1d7a6a0834c9bbd9"", ""COMP|T4_REGIME_ANCHOR_TRANSITION|UP|4ddcd16951d47df2"", ""COMP|T4_REGIME_ANCHOR_TRANSITION|UP|5393eea879b94975"", ""COMP|T4_REGIME_ANCHOR_TRANSITION|UP|65029d9ae1f7e445"", ""COMP|T4_REGIME_ANCHOR_TRANSITION|UP|873ecbf681cf94c1"", ""COMP|T4_REGIME_ANCHOR_TRANSITION|UP|af50cee41114b61b"", ""COMP|T4_REGIME_ANCHOR_TRANSITION|UP|ba01019f6227d7d8""]",EVENT_STREAM_JACCARD
NR-000803,UP,30m,7,0.95,COMP|T4_REGIME_ANCHOR_TRANSITION|UP|3de50fbe7893cdcb,"[""COMP|T3_ANCHOR_TRANSITION|UP|0ef2fb35367d5aa8"", ""COMP|T4_REGIME_ANCHOR_TRANSITION|UP|23a55d046cd40237"", ""COMP|T4_REGIME_ANCHOR_TRANSITION|UP|7c25b3452324aea7"", ""COMP|T4_REGIME_ANCHOR_TRANSITION|UP|9b5a6a4545b64982"", ""COMP|T4_REGIME_ANCHOR_TRANSITION|UP|af1280b01f0d7eab"", ""COMP|T4_REGIME_ANCHOR_TRANSITION|UP|d26cdc165a6a8956""]","[""COMP|T3_ANCHOR_TRANSITION|UP|0ef2fb35367d5aa8"", ""COMP|T4_REGIME_ANCHOR_TRANSITION|UP|23a55d046cd40237"", ""COMP|T4_REGIME_ANCHOR_TRANSITION|UP|3de50fbe7893cdcb"", ""COMP|T4_REGIME_ANCHOR_TRANSITION|UP|7c25b3452324aea7"", ""COMP|T4_REGIME_ANCHOR_TRANSITION|UP|9b5a6a4545b64982"", ""COMP|T4_REGIME_ANCHOR_TRANSITION|UP|af1280b01f0d7eab"", ""COMP|T4_REGIME_ANCHOR_TRANSITION|UP|d26cdc165a6a8956""]",EVENT_STREAM_JACCARD
NR-000804,UP,30m,8,0.95,COMP|T4_REGIME_ANCHOR_TRANSITION|UP|6b88665177a4dcca,"[""COMP|T3_ANCHOR_TRANSITION|UP|194eb1f9a554e4fc"", ""COMP|T4_REGIME_ANCHOR_TRANSITION|UP|01e47279c5520982"", ""COMP|T4_REGIME_ANCHOR_TRANSITION|UP|15a51171feabe583"", ""COMP|T4_REGIME_ANCHOR_TRANSITION|UP|62ca3bd07d3c10a9"", ""COMP|T4_REGIME_ANCHOR_TRANSITION|UP|71fea9ad05855cc5"", ""COMP|T4_REGIME_ANCHOR_TRANSITION|UP|7b9d35749680d8cf"", ""COMP|T4_REGIME_ANCHOR_TRANSITION|UP|f986b701a05ddb43""]","[""COMP|T3_ANCHOR_TRANSITION|UP|194eb1f9a554e4fc"", ""COMP|T4_REGIME_ANCHOR_TRANSITION|UP|01e47279c5520982"", ""COMP|T4_REGIME_ANCHOR_TRANSITION|UP|15a51171feabe583"", ""COMP|T4_REGIME_ANCHOR_TRANSITION|UP|62ca3bd07d3c10a9"", ""COMP|T4_REGIME_ANCHOR_TRANSITION|UP|6b88665177a4dcca"", ""COMP|T4_REGIME_ANCHOR_TRANSITION|UP|71fea9ad05855cc5"", ""COMP|T4_REGIME_ANCHOR_TRANSITION|UP|7b9d35749680d8cf"", ""COMP|T4_REGIME_ANCHOR_TRANSITION|UP|f986b701a05ddb43""]",EVENT_STREAM_JACCARD
NR-000805,UP,30m,7,0.95,COMP|T4_REGIME_ANCHOR_TRANSITION|UP|cccb8a6e56b26053,"[""COMP|T3_ANCHOR_TRANSITION|UP|60aeccf552b941a9"", ""COMP|T4_REGIME_ANCHOR_TRANSITION|UP|16ca972bc3d7aeb3"", ""COMP|T4_REGIME_ANCHOR_TRANSITION|UP|398f161fb4c68b33"", ""COMP|T4_REGIME_ANCHOR_TRANSITION|UP|5e0d8db3fb980208"", ""COMP|T4_REGIME_ANCHOR_TRANSITION|UP|9ccb17c6af5e3f81"", ""COMP|T4_REGIME_ANCHOR_TRANSITION|UP|e6b801f469056cd9""]","[""COMP|T3_ANCHOR_TRANSITION|UP|60aeccf552b941a9"", ""COMP|T4_REGIME_ANCHOR_TRANSITION|UP|16ca972bc3d7aeb3"", ""COMP|T4_REGIME_ANCHOR_TRANSITION|UP|398f161fb4c68b33"", ""COMP|T4_REGIME_ANCHOR_TRANSITION|UP|5e0d8db3fb980208"", ""COMP|T4_REGIME_ANCHOR_TRANSITION|UP|9ccb17c6af5e3f81"", ""COMP|T4_REGIME_ANCHOR_TRANSITION|UP|cccb8a6e56b26053"", ""COMP|T4_REGIME_ANCHOR_TRANSITION|UP|e6b801f469056cd9""]",EVENT_STREAM_JACCARD
NR-000806,UP,30m,8,0.95,COMP|T4_REGIME_ANCHOR_TRANSITION|UP|6d5e730c1d6f64d8,"[""COMP|T3_ANCHOR_TRANSITION|UP|f9baf5e731ff2b2c"", ""COMP|T4_REGIME_ANCHOR_TRANSITION|UP|30828eaa2f3407cb"", ""COMP|T4_REGIME_ANCHOR_TRANSITION|UP|4f6e6c2fa1a7acce"", ""COMP|T4_REGIME_ANCHOR_TRANSITION|UP|838bed82e4b85c95"", ""COMP|T4_REGIME_ANCHOR_TRANSITION|UP|9b9235f68bf3ecc2"", ""COMP|T4_REGIME_ANCHOR_TRANSITION|UP|f18b9652f37ad794"", ""COMP|T4_REGIME_ANCHOR_TRANSITION|UP|ff841face643baa2""]","[""COMP|T3_ANCHOR_TRANSITION|UP|f9baf5e731ff2b2c"", ""COMP|T4_REGIME_ANCHOR_TRANSITION|UP|30828eaa2f3407cb"", ""COMP|T4_REGIME_ANCHOR_TRANSITION|UP|4f6e6c2fa1a7acce"", ""COMP|T4_REGIME_ANCHOR_TRANSITION|UP|6d5e730c1d6f64d8"", ""COMP|T4_REGIME_ANCHOR_TRANSITION|UP|838bed82e4b85c95"", ""COMP|T4_REGIME_ANCHOR_TRANSITION|UP|9b9235f68bf3ecc2"", ""COMP|T4_REGIME_ANCHOR_TRANSITION|UP|f18b9652f37ad794"", ""COMP|T4_REGIME_ANCHOR_TRANSITION|UP|ff841face643baa2""]",EVENT_STREAM_JACCARD
NR-000807,UP,30m,7,0.95,COMP|T4_REGIME_ANCHOR_TRANSITION|UP|e93f018b8994fb82,"[""COMP|T3_ANCHOR_TRANSITION|UP|bd97c8085e9bc059"", ""COMP|T4_REGIME_ANCHOR_TRANSITION|UP|0897f0538d764e91"", ""COMP|T4_REGIME_ANCHOR_TRANSITION|UP|08b7e26cfd735957"", ""COMP|T4_REGIME_ANCHOR_TRANSITION|UP|54a1756407bf6f42"", ""COMP|T4_REGIME_ANCHOR_TRANSITION|UP|87f1dc3e206cfcc2"", ""COMP|T4_REGIME_ANCHOR_TRANSITION|UP|d2571b17d90c5f79""]","[""COMP|T3_ANCHOR_TRANSITION|UP|bd97c8085e9bc059"", ""COMP|T4_REGIME_ANCHOR_TRANSITION|UP|0897f0538d764e91"", ""COMP|T4_REGIME_ANCHOR_TRANSITION|UP|08b7e26cfd735957"", ""COMP|T4_REGIME_ANCHOR_TRANSITION|UP|54a1756407bf6f42"", ""COMP|T4_REGIME_ANCHOR_TRANSITION|UP|87f1dc3e206cfcc2"", ""COMP|T4_REGIME_ANCHOR_TRANSITION|UP|d2571b17d90c5f79"", ""COMP|T4_REGIME_ANCHOR_TRANSITION|UP|e93f018b8994fb82""]",EVENT_STREAM_JACCARD
NR-000808,UP,30m,8,0.95,COMP|T4_REGIME_ANCHOR_TRANSITION|UP|ffcd19469503c14d,"[""COMP|T3_ANCHOR_TRANSITION|UP|fda04589b80d63c9"", ""COMP|T4_REGIME_ANCHOR_TRANSITION|UP|0a67b5022c731eb1"", ""COMP|T4_REGIME_ANCHOR_TRANSITION|UP|1b74b2f9c2733517"", ""COMP|T4_REGIME_ANCHOR_TRANSITION|UP|54880c4c804c62c5"", ""COMP|T4_REGIME_ANCHOR_TRANSITION|UP|5cb8acb3610ebdfd"", ""COMP|T4_REGIME_ANCHOR_TRANSITION|UP|65fab3221fb4da3f"", ""COMP|T4_REGIME_ANCHOR_TRANSITION|UP|8c7bc30a94c9c1d1""]","[""COMP|T3_ANCHOR_TRANSITION|UP|fda04589b80d63c9"", ""COMP|T4_REGIME_ANCHOR_TRANSITION|UP|0a67b5022c731eb1"", ""COMP|T4_REGIME_ANCHOR_TRANSITION|UP|1b74b2f9c2733517"", ""COMP|T4_REGIME_ANCHOR_TRANSITION|UP|54880c4c804c62c5"", ""COMP|T4_REGIME_ANCHOR_TRANSITION|UP|5cb8acb3610ebdfd"", ""COMP|T4_REGIME_ANCHOR_TRANSITION|UP|65fab3221fb4da3f"", ""COMP|T4_REGIME_ANCHOR_TRANSITION|UP|8c7bc30a94c9c1d1"", ""COMP|T4_REGIME_ANCHOR_TRANSITION|UP|ffcd19469503c14d""]",EVENT_STREAM_JACCARD
NR-000809,UP,30m,8,0.95,COMP|T4_REGIME_ANCHOR_TRANSITION|UP|b3440004812de924,"[""COMP|T3_ANCHOR_TRANSITION|UP|3ece98ef1c819205"", ""COMP|T4_REGIME_ANCHOR_TRANSITION|UP|194f02efed8dd84f"", ""COMP|T4_REGIME_ANCHOR_TRANSITION|UP|1ae4f1fc07cf4081"", ""COMP|T4_REGIME_ANCHOR_TRANSITION|UP|856b4666734b568b"", ""COMP|T4_REGIME_ANCHOR_TRANSITION|UP|a5175c7b2b1d92eb"", ""COMP|T4_REGIME_ANCHOR_TRANSITION|UP|ee1da4e459f88acf"", ""COMP|T4_REGIME_ANCHOR_TRANSITION|UP|f259b7bd74997325""]","[""COMP|T3_ANCHOR_TRANSITION|UP|3ece98ef1c819205"", ""COMP|T4_REGIME_ANCHOR_TRANSITION|UP|194f02efed8dd84f"", ""COMP|T4_REGIME_ANCHOR_TRANSITION|UP|1ae4f1fc07cf4081"", ""COMP|T4_REGIME_ANCHOR_TRANSITION|UP|856b4666734b568b"", ""COMP|T4_REGIME_ANCHOR_TRANSITION|UP|a5175c7b2b1d92eb"", ""COMP|T4_REGIME_ANCHOR_TRANSITION|UP|b3440004812de924"", ""COMP|T4_REGIME_ANCHOR_TRANSITION|UP|ee1da4e459f88acf"", ""COMP|T4_REGIME_ANCHOR_TRANSITION|UP|f259b7bd74997325""]",EVENT_STREAM_JACCARD
NR-000810,UP,30m,8,0.95,COMP|T4_REGIME_ANCHOR_TRANSITION|UP|1a613cd56d9decf3,"[""COMP|T3_ANCHOR_TRANSITION|UP|ebd23c8f6e09e3e0"", ""COMP|T4_REGIME_ANCHOR_TRANSITION|UP|002486e26b7c0e90"", ""COMP|T4_REGIME_ANCHOR_TRANSITION|UP|2c87cb39708f0df4"", ""COMP|T4_REGIME_ANCHOR_TRANSITION|UP|96140bdb31ada312"", ""COMP|T4_REGIME_ANCHOR_TRANSITION|UP|a8dca9798e651512"", ""COMP|T4_REGIME_ANCHOR_TRANSITION|UP|e47e8638ba2fc07f"", ""COMP|T4_REGIME_ANCHOR_TRANSITION|UP|e82dc415e90cf388""]","[""COMP|T3_ANCHOR_TRANSITION|UP|ebd23c8f6e09e3e0"", ""COMP|T4_REGIME_ANCHOR_TRANSITION|UP|002486e26b7c0e90"", ""COMP|T4_REGIME_ANCHOR_TRANSITION|UP|1a613cd56d9decf3"", ""COMP|T4_REGIME_ANCHOR_TRANSITION|UP|2c87cb39708f0df4"", ""COMP|T4_REGIME_ANCHOR_TRANSITION|UP|96140bdb31ada312"", ""COMP|T4_REGIME_ANCHOR_TRANSITION|UP|a8dca9798e651512"", ""COMP|T4_REGIME_ANCHOR_TRANSITION|UP|e47e8638ba2fc07f"", ""COMP|T4_REGIME_ANCHOR_TRANSITION|UP|e82dc415e90cf388""]",EVENT_STREAM_JACCARD
NR-000811,UP,30m,5,0.95,COMP|T4_REGIME_ANCHOR_TRANSITION|UP|c59eafd514d3c42e,"[""COMP|T4_REGIME_ANCHOR_TRANSITION|UP|21597fdfc13f0cf8"", ""COMP|T4_REGIME_ANCHOR_TRANSITION|UP|2b549b5974848407"", ""COMP|T4_REGIME_ANCHOR_TRANSITION|UP|6565761ccfabd8ce"", ""COMP|T4_REGIME_ANCHOR_TRANSITION|UP|8e8c375128626d7c""]","[""COMP|T4_REGIME_ANCHOR_TRANSITION|UP|21597fdfc13f0cf8"", ""COMP|T4_REGIME_ANCHOR_TRANSITION|UP|2b549b5974848407"", ""COMP|T4_REGIME_ANCHOR_TRANSITION|UP|6565761ccfabd8ce"", ""COMP|T4_REGIME_ANCHOR_TRANSITION|UP|8e8c375128626d7c"", ""COMP|T4_REGIME_ANCHOR_TRANSITION|UP|c59eafd514d3c42e""]",EVENT_STREAM_JACCARD
NR-000812,UP,30m,2,0.95,COMP|T4_REGIME_ANCHOR_TRANSITION|UP|18cca76bdd4df825,"[""COMP|T4_REGIME_ANCHOR_TRANSITION|UP|62d3df5dae5d2c65""]","[""COMP|T4_REGIME_ANCHOR_TRANSITION|UP|18cca76bdd4df825"", ""COMP|T4_REGIME_ANCHOR_TRANSITION|UP|62d3df5dae5d2c65""]",EVENT_STREAM_JACCARD
NR-000813,UP,30m,8,0.95,COMP|T4_REGIME_ANCHOR_TRANSITION|UP|bfa8c53b2eea2dc3,"[""COMP|T3_ANCHOR_TRANSITION|UP|e15b4a3cabb63488"", ""COMP|T4_REGIME_ANCHOR_TRANSITION|UP|4cac6dff79793d46"", ""COMP|T4_REGIME_ANCHOR_TRANSITION|UP|5a9f7487b7597e88"", ""COMP|T4_REGIME_ANCHOR_TRANSITION|UP|829c4ccc3216dd9b"", ""COMP|T4_REGIME_ANCHOR_TRANSITION|UP|88516a0e1dcfe00e"", ""COMP|T4_REGIME_ANCHOR_TRANSITION|UP|aeeb3a3750bf5e07"", ""COMP|T4_REGIME_ANCHOR_TRANSITION|UP|eaff055205c7c361""]","[""COMP|T3_ANCHOR_TRANSITION|UP|e15b4a3cabb63488"", ""COMP|T4_REGIME_ANCHOR_TRANSITION|UP|4cac6dff79793d46"", ""COMP|T4_REGIME_ANCHOR_TRANSITION|UP|5a9f7487b7597e88"", ""COMP|T4_REGIME_ANCHOR_TRANSITION|UP|829c4ccc3216dd9b"", ""COMP|T4_REGIME_ANCHOR_TRANSITION|UP|88516a0e1dcfe00e"", ""COMP|T4_REGIME_ANCHOR_TRANSITION|UP|aeeb3a3750bf5e07"", ""COMP|T4_REGIME_ANCHOR_TRANSITION|UP|bfa8c53b2eea2dc3"", ""COMP|T4_REGIME_ANCHOR_TRANSITION|UP|eaff055205c7c361""]",EVENT_STREAM_JACCARD
NR-000814,UP,30m,8,0.95,COMP|T4_REGIME_ANCHOR_TRANSITION|UP|27095b2d75cff299,"[""COMP|T3_ANCHOR_TRANSITION|UP|9f42903a4aa25474"", ""COMP|T4_REGIME_ANCHOR_TRANSITION|UP|191860feb0dc5234"", ""COMP|T4_REGIME_ANCHOR_TRANSITION|UP|37355599f0808f45"", ""COMP|T4_REGIME_ANCHOR_TRANSITION|UP|8555191b53aaa7b4"", ""COMP|T4_REGIME_ANCHOR_TRANSITION|UP|aa933d2ce3ea0de8"", ""COMP|T4_REGIME_ANCHOR_TRANSITION|UP|b83b62bacc4fa226"", ""COMP|T4_REGIME_ANCHOR_TRANSITION|UP|e7842de66456037d""]","[""COMP|T3_ANCHOR_TRANSITION|UP|9f42903a4aa25474"", ""COMP|T4_REGIME_ANCHOR_TRANSITION|UP|191860feb0dc5234"", ""COMP|T4_REGIME_ANCHOR_TRANSITION|UP|27095b2d75cff299"", ""COMP|T4_REGIME_ANCHOR_TRANSITION|UP|37355599f0808f45"", ""COMP|T4_REGIME_ANCHOR_TRANSITION|UP|8555191b53aaa7b4"", ""COMP|T4_REGIME_ANCHOR_TRANSITION|UP|aa933d2ce3ea0de8"", ""COMP|T4_REGIME_ANCHOR_TRANSITION|UP|b83b62bacc4fa226"", ""COMP|T4_REGIME_ANCHOR_TRANSITION|UP|e7842de66456037d""]",EVENT_STREAM_JACCARD
NR-000815,UP,30m,2,0.95,COMP|T4_REGIME_ANCHOR_TRANSITION|UP|8291664e906cfc9d,"[""COMP|T4_REGIME_ANCHOR_TRANSITION|UP|ff4be55152e00daf""]","[""COMP|T4_REGIME_ANCHOR_TRANSITION|UP|8291664e906cfc9d"", ""COMP|T4_REGIME_ANCHOR_TRANSITION|UP|ff4be55152e00daf""]",EVENT_STREAM_JACCARD
NR-000816,UP,30m,8,0.95,COMP|T4_REGIME_ANCHOR_TRANSITION|UP|277bbaac1a28bf53,"[""COMP|T3_ANCHOR_TRANSITION|UP|4c2ccd69d35a2f5b"", ""COMP|T4_REGIME_ANCHOR_TRANSITION|UP|07ef6192b126aa22"", ""COMP|T4_REGIME_ANCHOR_TRANSITION|UP|1004b9e13b132d5d"", ""COMP|T4_REGIME_ANCHOR_TRANSITION|UP|111b4d23401d0a39"", ""COMP|T4_REGIME_ANCHOR_TRANSITION|UP|22165a98be528c20"", ""COMP|T4_REGIME_ANCHOR_TRANSITION|UP|c2c979cf14804028"", ""COMP|T4_REGIME_ANCHOR_TRANSITION|UP|eff5f0ce4e591b16""]","[""COMP|T3_ANCHOR_TRANSITION|UP|4c2ccd69d35a2f5b"", ""COMP|T4_REGIME_ANCHOR_TRANSITION|UP|07ef6192b126aa22"", ""COMP|T4_REGIME_ANCHOR_TRANSITION|UP|1004b9e13b132d5d"", ""COMP|T4_REGIME_ANCHOR_TRANSITION|UP|111b4d23401d0a39"", ""COMP|T4_REGIME_ANCHOR_TRANSITION|UP|22165a98be528c20"", ""COMP|T4_REGIME_ANCHOR_TRANSITION|UP|277bbaac1a28bf53"", ""COMP|T4_REGIME_ANCHOR_TRANSITION|UP|c2c979cf14804028"", ""COMP|T4_REGIME_ANCHOR_TRANSITION|UP|eff5f0ce4e591b16""]",EVENT_STREAM_JACCARD
NR-000817,UP,30m,8,0.95,COMP|T4_REGIME_ANCHOR_TRANSITION|UP|61e767a461855c7c,"[""COMP|T3_ANCHOR_TRANSITION|UP|afbbfa2cfd957574"", ""COMP|T4_REGIME_ANCHOR_TRANSITION|UP|58e121124f5eb3ba"", ""COMP|T4_REGIME_ANCHOR_TRANSITION|UP|60e32ec9804575d4"", ""COMP|T4_REGIME_ANCHOR_TRANSITION|UP|6644f1c5b1d14788"", ""COMP|T4_REGIME_ANCHOR_TRANSITION|UP|8480d4a9803f0b50"", ""COMP|T4_REGIME_ANCHOR_TRANSITION|UP|b3d41cf9aedb4575"", ""COMP|T4_REGIME_ANCHOR_TRANSITION|UP|b684a8e402e35955""]","[""COMP|T3_ANCHOR_TRANSITION|UP|afbbfa2cfd957574"", ""COMP|T4_REGIME_ANCHOR_TRANSITION|UP|58e121124f5eb3ba"", ""COMP|T4_REGIME_ANCHOR_TRANSITION|UP|60e32ec9804575d4"", ""COMP|T4_REGIME_ANCHOR_TRANSITION|UP|61e767a461855c7c"", ""COMP|T4_REGIME_ANCHOR_TRANSITION|UP|6644f1c5b1d14788"", ""COMP|T4_REGIME_ANCHOR_TRANSITION|UP|8480d4a9803f0b50"", ""COMP|T4_REGIME_ANCHOR_TRANSITION|UP|b3d41cf9aedb4575"", ""COMP|T4_REGIME_ANCHOR_TRANSITION|UP|b684a8e402e35955""]",EVENT_STREAM_JACCARD
NR-000818,UP,30m,7,0.95,COMP|T4_REGIME_ANCHOR_TRANSITION|UP|f2e06bab9f5b8de4,"[""COMP|T3_ANCHOR_TRANSITION|UP|0f5918f0d26c3d76"", ""COMP|T4_REGIME_ANCHOR_TRANSITION|UP|07ed72a1801313ee"", ""COMP|T4_REGIME_ANCHOR_TRANSITION|UP|17febb187133328e"", ""COMP|T4_REGIME_ANCHOR_TRANSITION|UP|6af58660e5f3f8ab"", ""COMP|T4_REGIME_ANCHOR_TRANSITION|UP|7907a0598b0de429"", ""COMP|T4_REGIME_ANCHOR_TRANSITION|UP|d2e1c7d3d2dad977""]","[""COMP|T3_ANCHOR_TRANSITION|UP|0f5918f0d26c3d76"", ""COMP|T4_REGIME_ANCHOR_TRANSITION|UP|07ed72a1801313ee"", ""COMP|T4_REGIME_ANCHOR_TRANSITION|UP|17febb187133328e"", ""COMP|T4_REGIME_ANCHOR_TRANSITION|UP|6af58660e5f3f8ab"", ""COMP|T4_REGIME_ANCHOR_TRANSITION|UP|7907a0598b0de429"", ""COMP|T4_REGIME_ANCHOR_TRANSITION|UP|d2e1c7d3d2dad977"", ""COMP|T4_REGIME_ANCHOR_TRANSITION|UP|f2e06bab9f5b8de4""]",EVENT_STREAM_JACCARD
NR-000819,UP,30m,8,0.95,COMP|T4_REGIME_ANCHOR_TRANSITION|UP|04f55f46b21e7dc0,"[""COMP|T3_ANCHOR_TRANSITION|UP|76d3cfd0e6615c29"", ""COMP|T4_REGIME_ANCHOR_TRANSITION|UP|302d287d37a15a4d"", ""COMP|T4_REGIME_ANCHOR_TRANSITION|UP|50717547cc9b0bc6"", ""COMP|T4_REGIME_ANCHOR_TRANSITION|UP|5de7443ef9dada7b"", ""COMP|T4_REGIME_ANCHOR_TRANSITION|UP|84558cf509777d39"", ""COMP|T4_REGIME_ANCHOR_TRANSITION|UP|c1458da2ef44eec1"", ""COMP|T4_REGIME_ANCHOR_TRANSITION|UP|e475eef775c394d5""]","[""COMP|T3_ANCHOR_TRANSITION|UP|76d3cfd0e6615c29"", ""COMP|T4_REGIME_ANCHOR_TRANSITION|UP|04f55f46b21e7dc0"", ""COMP|T4_REGIME_ANCHOR_TRANSITION|UP|302d287d37a15a4d"", ""COMP|T4_REGIME_ANCHOR_TRANSITION|UP|50717547cc9b0bc6"", ""COMP|T4_REGIME_ANCHOR_TRANSITION|UP|5de7443ef9dada7b"", ""COMP|T4_REGIME_ANCHOR_TRANSITION|UP|84558cf509777d39"", ""COMP|T4_REGIME_ANCHOR_TRANSITION|UP|c1458da2ef44eec1"", ""COMP|T4_REGIME_ANCHOR_TRANSITION|UP|e475eef775c394d5""]",EVENT_STREAM_JACCARD
NR-000820,UP,30m,2,0.95,COMP|T4_REGIME_ANCHOR_TRANSITION|UP|0596c26818e2653c,"[""COMP|T4_REGIME_ANCHOR_TRANSITION|UP|caffcd956c1a9d36""]","[""COMP|T4_REGIME_ANCHOR_TRANSITION|UP|0596c26818e2653c"", ""COMP|T4_REGIME_ANCHOR_TRANSITION|UP|caffcd956c1a9d36""]",EVENT_STREAM_JACCARD
NR-000821,UP,30m,2,0.95,COMP|T4_REGIME_ANCHOR_TRANSITION|UP|e2cde3bbef3ec1f0,"[""COMP|T4_REGIME_ANCHOR_TRANSITION|UP|bfb3ee2e76ed9a6e""]","[""COMP|T4_REGIME_ANCHOR_TRANSITION|UP|bfb3ee2e76ed9a6e"", ""COMP|T4_REGIME_ANCHOR_TRANSITION|UP|e2cde3bbef3ec1f0""]",EVENT_STREAM_JACCARD
NR-000822,UP,30m,8,0.95,COMP|T4_REGIME_ANCHOR_TRANSITION|UP|54e5e64d1a0653ab,"[""COMP|T3_ANCHOR_TRANSITION|UP|9bb6df8a65b9201d"", ""COMP|T4_REGIME_ANCHOR_TRANSITION|UP|5362b96588a1e459"", ""COMP|T4_REGIME_ANCHOR_TRANSITION|UP|7e411ecd7498b9f5"", ""COMP|T4_REGIME_ANCHOR_TRANSITION|UP|9ef81d68c33c0dec"", ""COMP|T4_REGIME_ANCHOR_TRANSITION|UP|be6badad55c5e4f5"", ""COMP|T4_REGIME_ANCHOR_TRANSITION|UP|bfdaf4382ffa857b"", ""COMP|T4_REGIME_ANCHOR_TRANSITION|UP|edfdcb35c010917f""]","[""COMP|T3_ANCHOR_TRANSITION|UP|9bb6df8a65b9201d"", ""COMP|T4_REGIME_ANCHOR_TRANSITION|UP|5362b96588a1e459"", ""COMP|T4_REGIME_ANCHOR_TRANSITION|UP|54e5e64d1a0653ab"", ""COMP|T4_REGIME_ANCHOR_TRANSITION|UP|7e411ecd7498b9f5"", ""COMP|T4_REGIME_ANCHOR_TRANSITION|UP|9ef81d68c33c0dec"", ""COMP|T4_REGIME_ANCHOR_TRANSITION|UP|be6badad55c5e4f5"", ""COMP|T4_REGIME_ANCHOR_TRANSITION|UP|bfdaf4382ffa857b"", ""COMP|T4_REGIME_ANCHOR_TRANSITION|UP|edfdcb35c010917f""]",EVENT_STREAM_JACCARD
NR-000823,UP,30m,8,0.95,COMP|T4_REGIME_ANCHOR_TRANSITION|UP|92bbbcaeb2776be2,"[""COMP|T3_ANCHOR_TRANSITION|UP|66e71a5f82ea7e67"", ""COMP|T4_REGIME_ANCHOR_TRANSITION|UP|3913de11971a17f2"", ""COMP|T4_REGIME_ANCHOR_TRANSITION|UP|486720bb40a533a6"", ""COMP|T4_REGIME_ANCHOR_TRANSITION|UP|656a835c2ce18e80"", ""COMP|T4_REGIME_ANCHOR_TRANSITION|UP|6b4bbc04536918c9"", ""COMP|T4_REGIME_ANCHOR_TRANSITION|UP|87d3ab72f836ece9"", ""COMP|T4_REGIME_ANCHOR_TRANSITION|UP|ea251c239a47c569""]","[""COMP|T3_ANCHOR_TRANSITION|UP|66e71a5f82ea7e67"", ""COMP|T4_REGIME_ANCHOR_TRANSITION|UP|3913de11971a17f2"", ""COMP|T4_REGIME_ANCHOR_TRANSITION|UP|486720bb40a533a6"", ""COMP|T4_REGIME_ANCHOR_TRANSITION|UP|656a835c2ce18e80"", ""COMP|T4_REGIME_ANCHOR_TRANSITION|UP|6b4bbc04536918c9"", ""COMP|T4_REGIME_ANCHOR_TRANSITION|UP|87d3ab72f836ece9"", ""COMP|T4_REGIME_ANCHOR_TRANSITION|UP|92bbbcaeb2776be2"", ""COMP|T4_REGIME_ANCHOR_TRANSITION|UP|ea251c239a47c569""]",EVENT_STREAM_JACCARD
NR-000824,UP,30m,8,0.95,COMP|T4_REGIME_ANCHOR_TRANSITION|UP|5763701abe459427,"[""COMP|T3_ANCHOR_TRANSITION|UP|b2d7184b18eda403"", ""COMP|T4_REGIME_ANCHOR_TRANSITION|UP|0a0a3d5421f6524c"", ""COMP|T4_REGIME_ANCHOR_TRANSITION|UP|15fa6e50ce11967b"", ""COMP|T4_REGIME_ANCHOR_TRANSITION|UP|63b3c6a336318b65"", ""COMP|T4_REGIME_ANCHOR_TRANSITION|UP|667ba2cb65fcd71d"", ""COMP|T4_REGIME_ANCHOR_TRANSITION|UP|c100e6bde6bcb6c4"", ""COMP|T4_REGIME_ANCHOR_TRANSITION|UP|f28de360f2aa4d80""]","[""COMP|T3_ANCHOR_TRANSITION|UP|b2d7184b18eda403"", ""COMP|T4_REGIME_ANCHOR_TRANSITION|UP|0a0a3d5421f6524c"", ""COMP|T4_REGIME_ANCHOR_TRANSITION|UP|15fa6e50ce11967b"", ""COMP|T4_REGIME_ANCHOR_TRANSITION|UP|5763701abe459427"", ""COMP|T4_REGIME_ANCHOR_TRANSITION|UP|63b3c6a336318b65"", ""COMP|T4_REGIME_ANCHOR_TRANSITION|UP|667ba2cb65fcd71d"", ""COMP|T4_REGIME_ANCHOR_TRANSITION|UP|c100e6bde6bcb6c4"", ""COMP|T4_REGIME_ANCHOR_TRANSITION|UP|f28de360f2aa4d80""]",EVENT_STREAM_JACCARD
NR-000825,UP,30m,2,0.95,COMP|T4_REGIME_ANCHOR_TRANSITION|UP|88149385f63a54ad,"[""COMP|T4_REGIME_ANCHOR_TRANSITION|UP|f796b44cf1d58a67""]","[""COMP|T4_REGIME_ANCHOR_TRANSITION|UP|88149385f63a54ad"", ""COMP|T4_REGIME_ANCHOR_TRANSITION|UP|f796b44cf1d58a67""]",EVENT_STREAM_JACCARD
NR-000826,UP,30m,8,0.95,COMP|T4_REGIME_ANCHOR_TRANSITION|UP|30f4010c92202a50,"[""COMP|T3_ANCHOR_TRANSITION|UP|4c58f42cd7570293"", ""COMP|T4_REGIME_ANCHOR_TRANSITION|UP|292f02e2ac3a8d96"", ""COMP|T4_REGIME_ANCHOR_TRANSITION|UP|29cee0679cf343aa"", ""COMP|T4_REGIME_ANCHOR_TRANSITION|UP|438c9906c7f1e415"", ""COMP|T4_REGIME_ANCHOR_TRANSITION|UP|62ef2241b7964626"", ""COMP|T4_REGIME_ANCHOR_TRANSITION|UP|bd1cfd0c56bbfd5f"", ""COMP|T4_REGIME_ANCHOR_TRANSITION|UP|e90311c3b5a07cb3""]","[""COMP|T3_ANCHOR_TRANSITION|UP|4c58f42cd7570293"", ""COMP|T4_REGIME_ANCHOR_TRANSITION|UP|292f02e2ac3a8d96"", ""COMP|T4_REGIME_ANCHOR_TRANSITION|UP|29cee0679cf343aa"", ""COMP|T4_REGIME_ANCHOR_TRANSITION|UP|30f4010c92202a50"", ""COMP|T4_REGIME_ANCHOR_TRANSITION|UP|438c9906c7f1e415"", ""COMP|T4_REGIME_ANCHOR_TRANSITION|UP|62ef2241b7964626"", ""COMP|T4_REGIME_ANCHOR_TRANSITION|UP|bd1cfd0c56bbfd5f"", ""COMP|T4_REGIME_ANCHOR_TRANSITION|UP|e90311c3b5a07cb3""]",EVENT_STREAM_JACCARD
NR-000827,UP,30m,8,0.95,COMP|T4_REGIME_ANCHOR_TRANSITION|UP|a75a28e909429fcf,"[""COMP|T3_ANCHOR_TRANSITION|UP|645793b07ef7a10e"", ""COMP|T4_REGIME_ANCHOR_TRANSITION|UP|04343ed78295e142"", ""COMP|T4_REGIME_ANCHOR_TRANSITION|UP|58064ce153a425ee"", ""COMP|T4_REGIME_ANCHOR_TRANSITION|UP|58eed1f7ecca4808"", ""COMP|T4_REGIME_ANCHOR_TRANSITION|UP|6880ab6b8cdd2835"", ""COMP|T4_REGIME_ANCHOR_TRANSITION|UP|abb4cf080b8c1a37"", ""COMP|T4_REGIME_ANCHOR_TRANSITION|UP|d252cb520fc3b328""]","[""COMP|T3_ANCHOR_TRANSITION|UP|645793b07ef7a10e"", ""COMP|T4_REGIME_ANCHOR_TRANSITION|UP|04343ed78295e142"", ""COMP|T4_REGIME_ANCHOR_TRANSITION|UP|58064ce153a425ee"", ""COMP|T4_REGIME_ANCHOR_TRANSITION|UP|58eed1f7ecca4808"", ""COMP|T4_REGIME_ANCHOR_TRANSITION|UP|6880ab6b8cdd2835"", ""COMP|T4_REGIME_ANCHOR_TRANSITION|UP|a75a28e909429fcf"", ""COMP|T4_REGIME_ANCHOR_TRANSITION|UP|abb4cf080b8c1a37"", ""COMP|T4_REGIME_ANCHOR_TRANSITION|UP|d252cb520fc3b328""]",EVENT_STREAM_JACCARD
NR-000828,UP,30m,2,0.95,COMP|T4_REGIME_ANCHOR_TRANSITION|UP|18d35f94584cf181,"[""COMP|T4_REGIME_ANCHOR_TRANSITION|UP|15ce377b74751679""]","[""COMP|T4_REGIME_ANCHOR_TRANSITION|UP|15ce377b74751679"", ""COMP|T4_REGIME_ANCHOR_TRANSITION|UP|18d35f94584cf181""]",EVENT_STREAM_JACCARD
NR-000829,UP,30m,8,0.95,COMP|T4_REGIME_ANCHOR_TRANSITION|UP|f6573ee23468fec1,"[""COMP|T3_ANCHOR_TRANSITION|UP|f01303dcc282e3f8"", ""COMP|T4_REGIME_ANCHOR_TRANSITION|UP|1bd4c7552b98cde0"", ""COMP|T4_REGIME_ANCHOR_TRANSITION|UP|26130f3c140f2f95"", ""COMP|T4_REGIME_ANCHOR_TRANSITION|UP|a554ada9903bbdc7"", ""COMP|T4_REGIME_ANCHOR_TRANSITION|UP|e810d76e36e1d998"", ""COMP|T4_REGIME_ANCHOR_TRANSITION|UP|ea5b22f466621209"", ""COMP|T4_REGIME_ANCHOR_TRANSITION|UP|f53e10b7c4215595""]","[""COMP|T3_ANCHOR_TRANSITION|UP|f01303dcc282e3f8"", ""COMP|T4_REGIME_ANCHOR_TRANSITION|UP|1bd4c7552b98cde0"", ""COMP|T4_REGIME_ANCHOR_TRANSITION|UP|26130f3c140f2f95"", ""COMP|T4_REGIME_ANCHOR_TRANSITION|UP|a554ada9903bbdc7"", ""COMP|T4_REGIME_ANCHOR_TRANSITION|UP|e810d76e36e1d998"", ""COMP|T4_REGIME_ANCHOR_TRANSITION|UP|ea5b22f466621209"", ""COMP|T4_REGIME_ANCHOR_TRANSITION|UP|f53e10b7c4215595"", ""COMP|T4_REGIME_ANCHOR_TRANSITION|UP|f6573ee23468fec1""]",EVENT_STREAM_JACCARD
NR-000830,UP,30m,8,0.95,COMP|T4_REGIME_ANCHOR_TRANSITION|UP|c1203f9306bb1e62,"[""COMP|T3_ANCHOR_TRANSITION|UP|b1d5b3570e6ebd3f"", ""COMP|T4_REGIME_ANCHOR_TRANSITION|UP|4699627d012cd0e7"", ""COMP|T4_REGIME_ANCHOR_TRANSITION|UP|4f15b27c38f37a18"", ""COMP|T4_REGIME_ANCHOR_TRANSITION|UP|4f4d9b0055df86d6"", ""COMP|T4_REGIME_ANCHOR_TRANSITION|UP|5283124110c7314a"", ""COMP|T4_REGIME_ANCHOR_TRANSITION|UP|71dfe721c5c7b969"", ""COMP|T4_REGIME_ANCHOR_TRANSITION|UP|dd17b45b79f600de""]","[""COMP|T3_ANCHOR_TRANSITION|UP|b1d5b3570e6ebd3f"", ""COMP|T4_REGIME_ANCHOR_TRANSITION|UP|4699627d012cd0e7"", ""COMP|T4_REGIME_ANCHOR_TRANSITION|UP|4f15b27c38f37a18"", ""COMP|T4_REGIME_ANCHOR_TRANSITION|UP|4f4d9b0055df86d6"", ""COMP|T4_REGIME_ANCHOR_TRANSITION|UP|5283124110c7314a"", ""COMP|T4_REGIME_ANCHOR_TRANSITION|UP|71dfe721c5c7b969"", ""COMP|T4_REGIME_ANCHOR_TRANSITION|UP|c1203f9306bb1e62"", ""COMP|T4_REGIME_ANCHOR_TRANSITION|UP|dd17b45b79f600de""]",EVENT_STREAM_JACCARD
NR-000831,UP,30m,8,0.95,COMP|T4_REGIME_ANCHOR_TRANSITION|UP|7c94d44013ab4221,"[""COMP|T3_ANCHOR_TRANSITION|UP|7edc4605a512e85c"", ""COMP|T4_REGIME_ANCHOR_TRANSITION|UP|0f6b86a10b23ac1f"", ""COMP|T4_REGIME_ANCHOR_TRANSITION|UP|2e1fac502e2b791a"", ""COMP|T4_REGIME_ANCHOR_TRANSITION|UP|395a0b898088239a"", ""COMP|T4_REGIME_ANCHOR_TRANSITION|UP|6198d2129d6d0990"", ""COMP|T4_REGIME_ANCHOR_TRANSITION|UP|6f373f75b82b05c8"", ""COMP|T4_REGIME_ANCHOR_TRANSITION|UP|daf650477698da30""]","[""COMP|T3_ANCHOR_TRANSITION|UP|7edc4605a512e85c"", ""COMP|T4_REGIME_ANCHOR_TRANSITION|UP|0f6b86a10b23ac1f"", ""COMP|T4_REGIME_ANCHOR_TRANSITION|UP|2e1fac502e2b791a"", ""COMP|T4_REGIME_ANCHOR_TRANSITION|UP|395a0b898088239a"", ""COMP|T4_REGIME_ANCHOR_TRANSITION|UP|6198d2129d6d0990"", ""COMP|T4_REGIME_ANCHOR_TRANSITION|UP|6f373f75b82b05c8"", ""COMP|T4_REGIME_ANCHOR_TRANSITION|UP|7c94d44013ab4221"", ""COMP|T4_REGIME_ANCHOR_TRANSITION|UP|daf650477698da30""]",EVENT_STREAM_JACCARD
NR-000832,UP,30m,8,0.95,COMP|T4_REGIME_ANCHOR_TRANSITION|UP|668c593d30a9ee6f,"[""COMP|T3_ANCHOR_TRANSITION|UP|39603f992c99f2e1"", ""COMP|T4_REGIME_ANCHOR_TRANSITION|UP|073d807fd5dbd991"", ""COMP|T4_REGIME_ANCHOR_TRANSITION|UP|28457e0d3a8636e6"", ""COMP|T4_REGIME_ANCHOR_TRANSITION|UP|3bdee6fde952be99"", ""COMP|T4_REGIME_ANCHOR_TRANSITION|UP|ca01c98ffebd7f82"", ""COMP|T4_REGIME_ANCHOR_TRANSITION|UP|e0c0933220fb11d7"", ""COMP|T4_REGIME_ANCHOR_TRANSITION|UP|e34d739c1adbf951""]","[""COMP|T3_ANCHOR_TRANSITION|UP|39603f992c99f2e1"", ""COMP|T4_REGIME_ANCHOR_TRANSITION|UP|073d807fd5dbd991"", ""COMP|T4_REGIME_ANCHOR_TRANSITION|UP|28457e0d3a8636e6"", ""COMP|T4_REGIME_ANCHOR_TRANSITION|UP|3bdee6fde952be99"", ""COMP|T4_REGIME_ANCHOR_TRANSITION|UP|668c593d30a9ee6f"", ""COMP|T4_REGIME_ANCHOR_TRANSITION|UP|ca01c98ffebd7f82"", ""COMP|T4_REGIME_ANCHOR_TRANSITION|UP|e0c0933220fb11d7"", ""COMP|T4_REGIME_ANCHOR_TRANSITION|UP|e34d739c1adbf951""]",EVENT_STREAM_JACCARD
NR-000833,UP,30m,2,0.95,COMP|T4_REGIME_ANCHOR_TRANSITION|UP|c3ebc41c3a4288fd,"[""COMP|T4_REGIME_ANCHOR_TRANSITION|UP|eac5a462dbc93a3f""]","[""COMP|T4_REGIME_ANCHOR_TRANSITION|UP|c3ebc41c3a4288fd"", ""COMP|T4_REGIME_ANCHOR_TRANSITION|UP|eac5a462dbc93a3f""]",EVENT_STREAM_JACCARD
NR-000834,UP,30m,8,0.95,COMP|T4_REGIME_ANCHOR_TRANSITION|UP|08cf0ba81298617b,"[""COMP|T3_ANCHOR_TRANSITION|UP|a51bd074a68bc444"", ""COMP|T4_REGIME_ANCHOR_TRANSITION|UP|00d60614ba0e29f9"", ""COMP|T4_REGIME_ANCHOR_TRANSITION|UP|102fc0b7615f48e1"", ""COMP|T4_REGIME_ANCHOR_TRANSITION|UP|33f80393428b6da2"", ""COMP|T4_REGIME_ANCHOR_TRANSITION|UP|5f818a280f192bdf"", ""COMP|T4_REGIME_ANCHOR_TRANSITION|UP|a9f1c5bf3c0965af"", ""COMP|T4_REGIME_ANCHOR_TRANSITION|UP|af3cca9fcac8ad2c""]","[""COMP|T3_ANCHOR_TRANSITION|UP|a51bd074a68bc444"", ""COMP|T4_REGIME_ANCHOR_TRANSITION|UP|00d60614ba0e29f9"", ""COMP|T4_REGIME_ANCHOR_TRANSITION|UP|08cf0ba81298617b"", ""COMP|T4_REGIME_ANCHOR_TRANSITION|UP|102fc0b7615f48e1"", ""COMP|T4_REGIME_ANCHOR_TRANSITION|UP|33f80393428b6da2"", ""COMP|T4_REGIME_ANCHOR_TRANSITION|UP|5f818a280f192bdf"", ""COMP|T4_REGIME_ANCHOR_TRANSITION|UP|a9f1c5bf3c0965af"", ""COMP|T4_REGIME_ANCHOR_TRANSITION|UP|af3cca9fcac8ad2c""]",EVENT_STREAM_JACCARD
NR-000835,UP,30m,8,0.95,COMP|T4_REGIME_ANCHOR_TRANSITION|UP|152eea43cb555e05,"[""COMP|T3_ANCHOR_TRANSITION|UP|04dc52ad9c829725"", ""COMP|T4_REGIME_ANCHOR_TRANSITION|UP|2336b3d2722e528e"", ""COMP|T4_REGIME_ANCHOR_TRANSITION|UP|2a08034301c89beb"", ""COMP|T4_REGIME_ANCHOR_TRANSITION|UP|36c1e97866626421"", ""COMP|T4_REGIME_ANCHOR_TRANSITION|UP|8ea636ffd385e45f"", ""COMP|T4_REGIME_ANCHOR_TRANSITION|UP|994e9df82cde7c14"", ""COMP|T4_REGIME_ANCHOR_TRANSITION|UP|ace267e5bc454ba7""]","[""COMP|T3_ANCHOR_TRANSITION|UP|04dc52ad9c829725"", ""COMP|T4_REGIME_ANCHOR_TRANSITION|UP|152eea43cb555e05"", ""COMP|T4_REGIME_ANCHOR_TRANSITION|UP|2336b3d2722e528e"", ""COMP|T4_REGIME_ANCHOR_TRANSITION|UP|2a08034301c89beb"", ""COMP|T4_REGIME_ANCHOR_TRANSITION|UP|36c1e97866626421"", ""COMP|T4_REGIME_ANCHOR_TRANSITION|UP|8ea636ffd385e45f"", ""COMP|T4_REGIME_ANCHOR_TRANSITION|UP|994e9df82cde7c14"", ""COMP|T4_REGIME_ANCHOR_TRANSITION|UP|ace267e5bc454ba7""]",EVENT_STREAM_JACCARD
NR-000836,UP,30m,8,0.95,COMP|T4_REGIME_ANCHOR_TRANSITION|UP|d487d0c7262fb6b4,"[""COMP|T3_ANCHOR_TRANSITION|UP|603f983559795bf0"", ""COMP|T4_REGIME_ANCHOR_TRANSITION|UP|2883bd94a589ef22"", ""COMP|T4_REGIME_ANCHOR_TRANSITION|UP|33152591d3829c9e"", ""COMP|T4_REGIME_ANCHOR_TRANSITION|UP|43385923e95d311d"", ""COMP|T4_REGIME_ANCHOR_TRANSITION|UP|861a58927304d5eb"", ""COMP|T4_REGIME_ANCHOR_TRANSITION|UP|d7ae0568fc1a4999"", ""COMP|T4_REGIME_ANCHOR_TRANSITION|UP|f13fdb580c470917""]","[""COMP|T3_ANCHOR_TRANSITION|UP|603f983559795bf0"", ""COMP|T4_REGIME_ANCHOR_TRANSITION|UP|2883bd94a589ef22"", ""COMP|T4_REGIME_ANCHOR_TRANSITION|UP|33152591d3829c9e"", ""COMP|T4_REGIME_ANCHOR_TRANSITION|UP|43385923e95d311d"", ""COMP|T4_REGIME_ANCHOR_TRANSITION|UP|861a58927304d5eb"", ""COMP|T4_REGIME_ANCHOR_TRANSITION|UP|d487d0c7262fb6b4"", ""COMP|T4_REGIME_ANCHOR_TRANSITION|UP|d7ae0568fc1a4999"", ""COMP|T4_REGIME_ANCHOR_TRANSITION|UP|f13fdb580c470917""]",EVENT_STREAM_JACCARD
NR-000837,UP,30m,2,0.95,COMP|T4_REGIME_ANCHOR_TRANSITION|UP|e621760882f1ab4e,"[""COMP|T4_REGIME_ANCHOR_TRANSITION|UP|2119257f87db334d""]","[""COMP|T4_REGIME_ANCHOR_TRANSITION|UP|2119257f87db334d"", ""COMP|T4_REGIME_ANCHOR_TRANSITION|UP|e621760882f1ab4e""]",EVENT_STREAM_JACCARD
NR-000838,UP,30m,2,0.95,COMP|T4_REGIME_ANCHOR_TRANSITION|UP|48c3ed8db2721325,"[""COMP|T4_REGIME_ANCHOR_TRANSITION|UP|ba1d1e813770d637""]","[""COMP|T4_REGIME_ANCHOR_TRANSITION|UP|48c3ed8db2721325"", ""COMP|T4_REGIME_ANCHOR_TRANSITION|UP|ba1d1e813770d637""]",EVENT_STREAM_JACCARD
NR-000839,UP,30m,8,0.95,COMP|T4_REGIME_ANCHOR_TRANSITION|UP|5301c4a5cf406613,"[""COMP|T3_ANCHOR_TRANSITION|UP|c321489c39191c32"", ""COMP|T4_REGIME_ANCHOR_TRANSITION|UP|05da5df6fad43d5c"", ""COMP|T4_REGIME_ANCHOR_TRANSITION|UP|35e2ef724cce86f6"", ""COMP|T4_REGIME_ANCHOR_TRANSITION|UP|5e03611bf3c356b3"", ""COMP|T4_REGIME_ANCHOR_TRANSITION|UP|7e4e06ceb0a269ed"", ""COMP|T4_REGIME_ANCHOR_TRANSITION|UP|9ba4fcd1478037e9"", ""COMP|T4_REGIME_ANCHOR_TRANSITION|UP|f8295031751924a2""]","[""COMP|T3_ANCHOR_TRANSITION|UP|c321489c39191c32"", ""COMP|T4_REGIME_ANCHOR_TRANSITION|UP|05da5df6fad43d5c"", ""COMP|T4_REGIME_ANCHOR_TRANSITION|UP|35e2ef724cce86f6"", ""COMP|T4_REGIME_ANCHOR_TRANSITION|UP|5301c4a5cf406613"", ""COMP|T4_REGIME_ANCHOR_TRANSITION|UP|5e03611bf3c356b3"", ""COMP|T4_REGIME_ANCHOR_TRANSITION|UP|7e4e06ceb0a269ed"", ""COMP|T4_REGIME_ANCHOR_TRANSITION|UP|9ba4fcd1478037e9"", ""COMP|T4_REGIME_ANCHOR_TRANSITION|UP|f8295031751924a2""]",EVENT_STREAM_JACCARD
NR-000840,UP,30m,8,0.95,COMP|T4_REGIME_ANCHOR_TRANSITION|UP|84842dea95de1f25,"[""COMP|T3_ANCHOR_TRANSITION|UP|25b59a1b40894619"", ""COMP|T4_REGIME_ANCHOR_TRANSITION|UP|06d757919dd01f9b"", ""COMP|T4_REGIME_ANCHOR_TRANSITION|UP|0e4d4c1dae5bf917"", ""COMP|T4_REGIME_ANCHOR_TRANSITION|UP|1b19ff13177d7279"", ""COMP|T4_REGIME_ANCHOR_TRANSITION|UP|69eac35bf404ea63"", ""COMP|T4_REGIME_ANCHOR_TRANSITION|UP|77b104aa7853514a"", ""COMP|T4_REGIME_ANCHOR_TRANSITION|UP|bb2a7d37808c4ebb""]","[""COMP|T3_ANCHOR_TRANSITION|UP|25b59a1b40894619"", ""COMP|T4_REGIME_ANCHOR_TRANSITION|UP|06d757919dd01f9b"", ""COMP|T4_REGIME_ANCHOR_TRANSITION|UP|0e4d4c1dae5bf917"", ""COMP|T4_REGIME_ANCHOR_TRANSITION|UP|1b19ff13177d7279"", ""COMP|T4_REGIME_ANCHOR_TRANSITION|UP|69eac35bf404ea63"", ""COMP|T4_REGIME_ANCHOR_TRANSITION|UP|77b104aa7853514a"", ""COMP|T4_REGIME_ANCHOR_TRANSITION|UP|84842dea95de1f25"", ""COMP|T4_REGIME_ANCHOR_TRANSITION|UP|bb2a7d37808c4ebb""]",EVENT_STREAM_JACCARD
NR-000841,UP,30m,8,0.95,COMP|T4_REGIME_ANCHOR_TRANSITION|UP|4082fc3e2d6597f6,"[""COMP|T3_ANCHOR_TRANSITION|UP|4fb3e1e162d50850"", ""COMP|T4_REGIME_ANCHOR_TRANSITION|UP|694311783ce88aab"", ""COMP|T4_REGIME_ANCHOR_TRANSITION|UP|7692ccc81a5ff754"", ""COMP|T4_REGIME_ANCHOR_TRANSITION|UP|7ca888d07c8cdc78"", ""COMP|T4_REGIME_ANCHOR_TRANSITION|UP|826640943390e03c"", ""COMP|T4_REGIME_ANCHOR_TRANSITION|UP|b481d1ad21335e4e"", ""COMP|T4_REGIME_ANCHOR_TRANSITION|UP|c1d7c03dbb0480fe""]","[""COMP|T3_ANCHOR_TRANSITION|UP|4fb3e1e162d50850"", ""COMP|T4_REGIME_ANCHOR_TRANSITION|UP|4082fc3e2d6597f6"", ""COMP|T4_REGIME_ANCHOR_TRANSITION|UP|694311783ce88aab"", ""COMP|T4_REGIME_ANCHOR_TRANSITION|UP|7692ccc81a5ff754"", ""COMP|T4_REGIME_ANCHOR_TRANSITION|UP|7ca888d07c8cdc78"", ""COMP|T4_REGIME_ANCHOR_TRANSITION|UP|826640943390e03c"", ""COMP|T4_REGIME_ANCHOR_TRANSITION|UP|b481d1ad21335e4e"", ""COMP|T4_REGIME_ANCHOR_TRANSITION|UP|c1d7c03dbb0480fe""]",EVENT_STREAM_JACCARD
NR-000842,UP,30m,8,0.95,COMP|T4_REGIME_ANCHOR_TRANSITION|UP|ddf192f61e8c1a95,"[""COMP|T3_ANCHOR_TRANSITION|UP|75710e324330cb6c"", ""COMP|T4_REGIME_ANCHOR_TRANSITION|UP|54a0d5de5b66f3c5"", ""COMP|T4_REGIME_ANCHOR_TRANSITION|UP|636c8502fc0015ac"", ""COMP|T4_REGIME_ANCHOR_TRANSITION|UP|81c67d79f5610767"", ""COMP|T4_REGIME_ANCHOR_TRANSITION|UP|a5693760d069a7dc"", ""COMP|T4_REGIME_ANCHOR_TRANSITION|UP|ca21e073e3186296"", ""COMP|T4_REGIME_ANCHOR_TRANSITION|UP|e38a38162ce68354""]","[""COMP|T3_ANCHOR_TRANSITION|UP|75710e324330cb6c"", ""COMP|T4_REGIME_ANCHOR_TRANSITION|UP|54a0d5de5b66f3c5"", ""COMP|T4_REGIME_ANCHOR_TRANSITION|UP|636c8502fc0015ac"", ""COMP|T4_REGIME_ANCHOR_TRANSITION|UP|81c67d79f5610767"", ""COMP|T4_REGIME_ANCHOR_TRANSITION|UP|a5693760d069a7dc"", ""COMP|T4_REGIME_ANCHOR_TRANSITION|UP|ca21e073e3186296"", ""COMP|T4_REGIME_ANCHOR_TRANSITION|UP|ddf192f61e8c1a95"", ""COMP|T4_REGIME_ANCHOR_TRANSITION|UP|e38a38162ce68354""]",EVENT_STREAM_JACCARD
NR-000843,UP,30m,8,0.95,COMP|T4_REGIME_ANCHOR_TRANSITION|UP|6838f9f7d618e7aa,"[""COMP|T3_ANCHOR_TRANSITION|UP|1c3bc7890f65b3f2"", ""COMP|T4_REGIME_ANCHOR_TRANSITION|UP|13ab3551b07ca3fb"", ""COMP|T4_REGIME_ANCHOR_TRANSITION|UP|32ed88529c9f32ca"", ""COMP|T4_REGIME_ANCHOR_TRANSITION|UP|8e3820316a22ced0"", ""COMP|T4_REGIME_ANCHOR_TRANSITION|UP|8e6c62ac080e8a26"", ""COMP|T4_REGIME_ANCHOR_TRANSITION|UP|982bb2b56e0e6c2a"", ""COMP|T4_REGIME_ANCHOR_TRANSITION|UP|dacef5d1195737ad""]","[""COMP|T3_ANCHOR_TRANSITION|UP|1c3bc7890f65b3f2"", ""COMP|T4_REGIME_ANCHOR_TRANSITION|UP|13ab3551b07ca3fb"", ""COMP|T4_REGIME_ANCHOR_TRANSITION|UP|32ed88529c9f32ca"", ""COMP|T4_REGIME_ANCHOR_TRANSITION|UP|6838f9f7d618e7aa"", ""COMP|T4_REGIME_ANCHOR_TRANSITION|UP|8e3820316a22ced0"", ""COMP|T4_REGIME_ANCHOR_TRANSITION|UP|8e6c62ac080e8a26"", ""COMP|T4_REGIME_ANCHOR_TRANSITION|UP|982bb2b56e0e6c2a"", ""COMP|T4_REGIME_ANCHOR_TRANSITION|UP|dacef5d1195737ad""]",EVENT_STREAM_JACCARD
NR-000844,UP,30m,2,0.95,COMP|T4_REGIME_ANCHOR_TRANSITION|UP|0fabc7198b420d88,"[""COMP|T4_REGIME_ANCHOR_TRANSITION|UP|ca626c41c1c6c3bf""]","[""COMP|T4_REGIME_ANCHOR_TRANSITION|UP|0fabc7198b420d88"", ""COMP|T4_REGIME_ANCHOR_TRANSITION|UP|ca626c41c1c6c3bf""]",EVENT_STREAM_JACCARD
NR-000845,UP,30m,2,0.95,COMP|T4_REGIME_ANCHOR_TRANSITION|UP|6efe847281f56aac,"[""COMP|T4_REGIME_ANCHOR_TRANSITION|UP|cd8a542b1628256a""]","[""COMP|T4_REGIME_ANCHOR_TRANSITION|UP|6efe847281f56aac"", ""COMP|T4_REGIME_ANCHOR_TRANSITION|UP|cd8a542b1628256a""]",EVENT_STREAM_JACCARD
NR-000846,UP,30m,2,0.95,COMP|T4_REGIME_ANCHOR_TRANSITION|UP|fb71dc89db4838cf,"[""COMP|T4_REGIME_ANCHOR_TRANSITION|UP|f5497b0dbd2cf4ad""]","[""COMP|T4_REGIME_ANCHOR_TRANSITION|UP|f5497b0dbd2cf4ad"", ""COMP|T4_REGIME_ANCHOR_TRANSITION|UP|fb71dc89db4838cf""]",EVENT_STREAM_JACCARD
NR-000847,UP,30m,2,0.95,COMP|T4_REGIME_ANCHOR_TRANSITION|UP|8e9c8e5862b5870e,"[""COMP|T4_REGIME_ANCHOR_TRANSITION|UP|246bdd511b4c8250""]","[""COMP|T4_REGIME_ANCHOR_TRANSITION|UP|246bdd511b4c8250"", ""COMP|T4_REGIME_ANCHOR_TRANSITION|UP|8e9c8e5862b5870e""]",EVENT_STREAM_JACCARD
NR-000848,UP,30m,8,0.95,COMP|T4_REGIME_ANCHOR_TRANSITION|UP|df55cf5b80033198,"[""COMP|T3_ANCHOR_TRANSITION|UP|399fe91811b2ce99"", ""COMP|T4_REGIME_ANCHOR_TRANSITION|UP|082c199be9bcbfed"", ""COMP|T4_REGIME_ANCHOR_TRANSITION|UP|18a1e375f1fade44"", ""COMP|T4_REGIME_ANCHOR_TRANSITION|UP|2f2cd57c5bd31058"", ""COMP|T4_REGIME_ANCHOR_TRANSITION|UP|34ea87f0bcb2dfef"", ""COMP|T4_REGIME_ANCHOR_TRANSITION|UP|9e192f4a13ac7308"", ""COMP|T4_REGIME_ANCHOR_TRANSITION|UP|be87250722df5a4f""]","[""COMP|T3_ANCHOR_TRANSITION|UP|399fe91811b2ce99"", ""COMP|T4_REGIME_ANCHOR_TRANSITION|UP|082c199be9bcbfed"", ""COMP|T4_REGIME_ANCHOR_TRANSITION|UP|18a1e375f1fade44"", ""COMP|T4_REGIME_ANCHOR_TRANSITION|UP|2f2cd57c5bd31058"", ""COMP|T4_REGIME_ANCHOR_TRANSITION|UP|34ea87f0bcb2dfef"", ""COMP|T4_REGIME_ANCHOR_TRANSITION|UP|9e192f4a13ac7308"", ""COMP|T4_REGIME_ANCHOR_TRANSITION|UP|be87250722df5a4f"", ""COMP|T4_REGIME_ANCHOR_TRANSITION|UP|df55cf5b80033198""]",EVENT_STREAM_JACCARD
NR-000849,UP,30m,2,0.95,COMP|T4_REGIME_ANCHOR_TRANSITION|UP|a7dc5d9dc0a9ac03,"[""COMP|T4_REGIME_ANCHOR_TRANSITION|UP|23925fec5c02651f""]","[""COMP|T4_REGIME_ANCHOR_TRANSITION|UP|23925fec5c02651f"", ""COMP|T4_REGIME_ANCHOR_TRANSITION|UP|a7dc5d9dc0a9ac03""]",EVENT_STREAM_JACCARD
NR-000850,UP,30m,2,0.95,COMP|T4_REGIME_ANCHOR_TRANSITION|UP|4a004494edc83b2c,"[""COMP|T4_REGIME_ANCHOR_TRANSITION|UP|a41feb650ab2c90a""]","[""COMP|T4_REGIME_ANCHOR_TRANSITION|UP|4a004494edc83b2c"", ""COMP|T4_REGIME_ANCHOR_TRANSITION|UP|a41feb650ab2c90a""]",EVENT_STREAM_JACCARD
NR-000851,UP,30m,8,0.95,COMP|T4_REGIME_ANCHOR_TRANSITION|UP|f92ef6290a528600,"[""COMP|T3_ANCHOR_TRANSITION|UP|a2b5fa5f3ed560be"", ""COMP|T4_REGIME_ANCHOR_TRANSITION|UP|25b1934c1ca5a384"", ""COMP|T4_REGIME_ANCHOR_TRANSITION|UP|6082f75bb2129a65"", ""COMP|T4_REGIME_ANCHOR_TRANSITION|UP|74e467e34e8ac52c"", ""COMP|T4_REGIME_ANCHOR_TRANSITION|UP|a36b5ca89f89b0c5"", ""COMP|T4_REGIME_ANCHOR_TRANSITION|UP|ad3090f5c2ed1ecd"", ""COMP|T4_REGIME_ANCHOR_TRANSITION|UP|cdc77e6bb07b455d""]","[""COMP|T3_ANCHOR_TRANSITION|UP|a2b5fa5f3ed560be"", ""COMP|T4_REGIME_ANCHOR_TRANSITION|UP|25b1934c1ca5a384"", ""COMP|T4_REGIME_ANCHOR_TRANSITION|UP|6082f75bb2129a65"", ""COMP|T4_REGIME_ANCHOR_TRANSITION|UP|74e467e34e8ac52c"", ""COMP|T4_REGIME_ANCHOR_TRANSITION|UP|a36b5ca89f89b0c5"", ""COMP|T4_REGIME_ANCHOR_TRANSITION|UP|ad3090f5c2ed1ecd"", ""COMP|T4_REGIME_ANCHOR_TRANSITION|UP|cdc77e6bb07b455d"", ""COMP|T4_REGIME_ANCHOR_TRANSITION|UP|f92ef6290a528600""]",EVENT_STREAM_JACCARD
NR-000852,UP,30m,8,0.95,COMP|T4_REGIME_ANCHOR_TRANSITION|UP|0875905cba29ef5e,"[""COMP|T3_ANCHOR_TRANSITION|UP|b22872a79cfc323a"", ""COMP|T4_REGIME_ANCHOR_TRANSITION|UP|3572455ee84c8bce"", ""COMP|T4_REGIME_ANCHOR_TRANSITION|UP|4690495c6113e4cb"", ""COMP|T4_REGIME_ANCHOR_TRANSITION|UP|58b6380aea3cebda"", ""COMP|T4_REGIME_ANCHOR_TRANSITION|UP|8653cab7bf564fc7"", ""COMP|T4_REGIME_ANCHOR_TRANSITION|UP|9921cbc1bd9d1ddb"", ""COMP|T4_REGIME_ANCHOR_TRANSITION|UP|b224f7e571025327""]","[""COMP|T3_ANCHOR_TRANSITION|UP|b22872a79cfc323a"", ""COMP|T4_REGIME_ANCHOR_TRANSITION|UP|0875905cba29ef5e"", ""COMP|T4_REGIME_ANCHOR_TRANSITION|UP|3572455ee84c8bce"", ""COMP|T4_REGIME_ANCHOR_TRANSITION|UP|4690495c6113e4cb"", ""COMP|T4_REGIME_ANCHOR_TRANSITION|UP|58b6380aea3cebda"", ""COMP|T4_REGIME_ANCHOR_TRANSITION|UP|8653cab7bf564fc7"", ""COMP|T4_REGIME_ANCHOR_TRANSITION|UP|9921cbc1bd9d1ddb"", ""COMP|T4_REGIME_ANCHOR_TRANSITION|UP|b224f7e571025327""]",EVENT_STREAM_JACCARD
NR-000853,UP,30m,8,0.95,COMP|T4_REGIME_ANCHOR_TRANSITION|UP|53f3c6fe98193284,"[""COMP|T3_ANCHOR_TRANSITION|UP|791fe09de8860707"", ""COMP|T4_REGIME_ANCHOR_TRANSITION|UP|010d80e66986fc25"", ""COMP|T4_REGIME_ANCHOR_TRANSITION|UP|07b4d8dc3a91bf4c"", ""COMP|T4_REGIME_ANCHOR_TRANSITION|UP|0f5d8128985d47cf"", ""COMP|T4_REGIME_ANCHOR_TRANSITION|UP|6eaf54491cd311f3"", ""COMP|T4_REGIME_ANCHOR_TRANSITION|UP|a583cd6d1906a649"", ""COMP|T4_REGIME_ANCHOR_TRANSITION|UP|c5bbce1a760fcee1""]","[""COMP|T3_ANCHOR_TRANSITION|UP|791fe09de8860707"", ""COMP|T4_REGIME_ANCHOR_TRANSITION|UP|010d80e66986fc25"", ""COMP|T4_REGIME_ANCHOR_TRANSITION|UP|07b4d8dc3a91bf4c"", ""COMP|T4_REGIME_ANCHOR_TRANSITION|UP|0f5d8128985d47cf"", ""COMP|T4_REGIME_ANCHOR_TRANSITION|UP|53f3c6fe98193284"", ""COMP|T4_REGIME_ANCHOR_TRANSITION|UP|6eaf54491cd311f3"", ""COMP|T4_REGIME_ANCHOR_TRANSITION|UP|a583cd6d1906a649"", ""COMP|T4_REGIME_ANCHOR_TRANSITION|UP|c5bbce1a760fcee1""]",EVENT_STREAM_JACCARD
NR-000854,UP,30m,8,0.95,COMP|T4_REGIME_ANCHOR_TRANSITION|UP|9ce77180e598f141,"[""COMP|T3_ANCHOR_TRANSITION|UP|81141374466f5462"", ""COMP|T4_REGIME_ANCHOR_TRANSITION|UP|32274e8078edd5d0"", ""COMP|T4_REGIME_ANCHOR_TRANSITION|UP|4a001d08db142627"", ""COMP|T4_REGIME_ANCHOR_TRANSITION|UP|598bbfe66fee3f83"", ""COMP|T4_REGIME_ANCHOR_TRANSITION|UP|6827ed6ca67faf8e"", ""COMP|T4_REGIME_ANCHOR_TRANSITION|UP|7ca9a9b03e6a4037"", ""COMP|T4_REGIME_ANCHOR_TRANSITION|UP|e5a657a96784fe60""]","[""COMP|T3_ANCHOR_TRANSITION|UP|81141374466f5462"", ""COMP|T4_REGIME_ANCHOR_TRANSITION|UP|32274e8078edd5d0"", ""COMP|T4_REGIME_ANCHOR_TRANSITION|UP|4a001d08db142627"", ""COMP|T4_REGIME_ANCHOR_TRANSITION|UP|598bbfe66fee3f83"", ""COMP|T4_REGIME_ANCHOR_TRANSITION|UP|6827ed6ca67faf8e"", ""COMP|T4_REGIME_ANCHOR_TRANSITION|UP|7ca9a9b03e6a4037"", ""COMP|T4_REGIME_ANCHOR_TRANSITION|UP|9ce77180e598f141"", ""COMP|T4_REGIME_ANCHOR_TRANSITION|UP|e5a657a96784fe60""]",EVENT_STREAM_JACCARD
NR-000855,UP,30m,8,0.95,COMP|T4_REGIME_ANCHOR_TRANSITION|UP|654649f3267cee55,"[""COMP|T3_ANCHOR_TRANSITION|UP|fabe06dfff8912a8"", ""COMP|T4_REGIME_ANCHOR_TRANSITION|UP|05b14f651a506a49"", ""COMP|T4_REGIME_ANCHOR_TRANSITION|UP|0eb0a28934e5d8cd"", ""COMP|T4_REGIME_ANCHOR_TRANSITION|UP|1c364f29f4bb91fe"", ""COMP|T4_REGIME_ANCHOR_TRANSITION|UP|721c2d12f4d4b18a"", ""COMP|T4_REGIME_ANCHOR_TRANSITION|UP|ff961818ad6eacf0"", ""COMP|T4_REGIME_ANCHOR_TRANSITION|UP|ffe26f56df0e92ed""]","[""COMP|T3_ANCHOR_TRANSITION|UP|fabe06dfff8912a8"", ""COMP|T4_REGIME_ANCHOR_TRANSITION|UP|05b14f651a506a49"", ""COMP|T4_REGIME_ANCHOR_TRANSITION|UP|0eb0a28934e5d8cd"", ""COMP|T4_REGIME_ANCHOR_TRANSITION|UP|1c364f29f4bb91fe"", ""COMP|T4_REGIME_ANCHOR_TRANSITION|UP|654649f3267cee55"", ""COMP|T4_REGIME_ANCHOR_TRANSITION|UP|721c2d12f4d4b18a"", ""COMP|T4_REGIME_ANCHOR_TRANSITION|UP|ff961818ad6eacf0"", ""COMP|T4_REGIME_ANCHOR_TRANSITION|UP|ffe26f56df0e92ed""]",EVENT_STREAM_JACCARD
NR-000856,UP,30m,8,0.95,COMP|T4_REGIME_ANCHOR_TRANSITION|UP|a5d4038d7907844e,"[""COMP|T3_ANCHOR_TRANSITION|UP|73b4c9f31752ff0a"", ""COMP|T4_REGIME_ANCHOR_TRANSITION|UP|0299c9f560867e11"", ""COMP|T4_REGIME_ANCHOR_TRANSITION|UP|15c9cb69c6b43344"", ""COMP|T4_REGIME_ANCHOR_TRANSITION|UP|1e8bf76b3f20e6be"", ""COMP|T4_REGIME_ANCHOR_TRANSITION|UP|216551c4513f7d0d"", ""COMP|T4_REGIME_ANCHOR_TRANSITION|UP|91894f1868acb962"", ""COMP|T4_REGIME_ANCHOR_TRANSITION|UP|99483d15e85eb37d""]","[""COMP|T3_ANCHOR_TRANSITION|UP|73b4c9f31752ff0a"", ""COMP|T4_REGIME_ANCHOR_TRANSITION|UP|0299c9f560867e11"", ""COMP|T4_REGIME_ANCHOR_TRANSITION|UP|15c9cb69c6b43344"", ""COMP|T4_REGIME_ANCHOR_TRANSITION|UP|1e8bf76b3f20e6be"", ""COMP|T4_REGIME_ANCHOR_TRANSITION|UP|216551c4513f7d0d"", ""COMP|T4_REGIME_ANCHOR_TRANSITION|UP|91894f1868acb962"", ""COMP|T4_REGIME_ANCHOR_TRANSITION|UP|99483d15e85eb37d"", ""COMP|T4_REGIME_ANCHOR_TRANSITION|UP|a5d4038d7907844e""]",EVENT_STREAM_JACCARD
NR-000857,UP,30m,8,0.95,COMP|T4_REGIME_ANCHOR_TRANSITION|UP|0709a0cc7cfb9586,"[""COMP|T3_ANCHOR_TRANSITION|UP|71ea9a87398a7dae"", ""COMP|T4_REGIME_ANCHOR_TRANSITION|UP|07124905cab7760b"", ""COMP|T4_REGIME_ANCHOR_TRANSITION|UP|464b169b80363105"", ""COMP|T4_REGIME_ANCHOR_TRANSITION|UP|8093d1b7fc946256"", ""COMP|T4_REGIME_ANCHOR_TRANSITION|UP|8957e6c8ff937817"", ""COMP|T4_REGIME_ANCHOR_TRANSITION|UP|98efacc630f9ddb7"", ""COMP|T4_REGIME_ANCHOR_TRANSITION|UP|e0f9d79e4b0bdb2b""]","[""COMP|T3_ANCHOR_TRANSITION|UP|71ea9a87398a7dae"", ""COMP|T4_REGIME_ANCHOR_TRANSITION|UP|0709a0cc7cfb9586"", ""COMP|T4_REGIME_ANCHOR_TRANSITION|UP|07124905cab7760b"", ""COMP|T4_REGIME_ANCHOR_TRANSITION|UP|464b169b80363105"", ""COMP|T4_REGIME_ANCHOR_TRANSITION|UP|8093d1b7fc946256"", ""COMP|T4_REGIME_ANCHOR_TRANSITION|UP|8957e6c8ff937817"", ""COMP|T4_REGIME_ANCHOR_TRANSITION|UP|98efacc630f9ddb7"", ""COMP|T4_REGIME_ANCHOR_TRANSITION|UP|e0f9d79e4b0bdb2b""]",EVENT_STREAM_JACCARD
NR-000858,UP,30m,2,0.95,COMP|T4_REGIME_ANCHOR_TRANSITION|UP|cdb71a7211b664b2,"[""COMP|T4_REGIME_ANCHOR_TRANSITION|UP|a12ae63b2bbc4b50""]","[""COMP|T4_REGIME_ANCHOR_TRANSITION|UP|a12ae63b2bbc4b50"", ""COMP|T4_REGIME_ANCHOR_TRANSITION|UP|cdb71a7211b664b2""]",EVENT_STREAM_JACCARD
NR-000859,UP,30m,2,0.95,COMP|T4_REGIME_ANCHOR_TRANSITION|UP|2e5dc7043451ab32,"[""COMP|T4_REGIME_ANCHOR_TRANSITION|UP|0ae25e88cf311ebd""]","[""COMP|T4_REGIME_ANCHOR_TRANSITION|UP|0ae25e88cf311ebd"", ""COMP|T4_REGIME_ANCHOR_TRANSITION|UP|2e5dc7043451ab32""]",EVENT_STREAM_JACCARD
NR-000860,UP,30m,2,0.95,COMP|T4_REGIME_ANCHOR_TRANSITION|UP|4a5f5af6969110fa,"[""COMP|T4_REGIME_ANCHOR_TRANSITION|UP|66c7485ab36312f6""]","[""COMP|T4_REGIME_ANCHOR_TRANSITION|UP|4a5f5af6969110fa"", ""COMP|T4_REGIME_ANCHOR_TRANSITION|UP|66c7485ab36312f6""]",EVENT_STREAM_JACCARD
NR-000861,UP,30m,8,0.95,COMP|T4_REGIME_ANCHOR_TRANSITION|UP|40541534d804a457,"[""COMP|T3_ANCHOR_TRANSITION|UP|38499723b4b13dde"", ""COMP|T4_REGIME_ANCHOR_TRANSITION|UP|492d34f3eafd7ef2"", ""COMP|T4_REGIME_ANCHOR_TRANSITION|UP|4a84d051ce653be1"", ""COMP|T4_REGIME_ANCHOR_TRANSITION|UP|8280f31e886441e8"", ""COMP|T4_REGIME_ANCHOR_TRANSITION|UP|9df3cdc040943294"", ""COMP|T4_REGIME_ANCHOR_TRANSITION|UP|d05d0e30cc14a685"", ""COMP|T4_REGIME_ANCHOR_TRANSITION|UP|e9a21928b2b07261""]","[""COMP|T3_ANCHOR_TRANSITION|UP|38499723b4b13dde"", ""COMP|T4_REGIME_ANCHOR_TRANSITION|UP|40541534d804a457"", ""COMP|T4_REGIME_ANCHOR_TRANSITION|UP|492d34f3eafd7ef2"", ""COMP|T4_REGIME_ANCHOR_TRANSITION|UP|4a84d051ce653be1"", ""COMP|T4_REGIME_ANCHOR_TRANSITION|UP|8280f31e886441e8"", ""COMP|T4_REGIME_ANCHOR_TRANSITION|UP|9df3cdc040943294"", ""COMP|T4_REGIME_ANCHOR_TRANSITION|UP|d05d0e30cc14a685"", ""COMP|T4_REGIME_ANCHOR_TRANSITION|UP|e9a21928b2b07261""]",EVENT_STREAM_JACCARD
NR-000862,UP,30m,8,0.95,COMP|T4_REGIME_ANCHOR_TRANSITION|UP|00ac5f88b048b07d,"[""COMP|T3_ANCHOR_TRANSITION|UP|24540e023000b954"", ""COMP|T4_REGIME_ANCHOR_TRANSITION|UP|1689420e2f9f98f0"", ""COMP|T4_REGIME_ANCHOR_TRANSITION|UP|4a3ebb6e5e48a78c"", ""COMP|T4_REGIME_ANCHOR_TRANSITION|UP|692d9f0122695fec"", ""COMP|T4_REGIME_ANCHOR_TRANSITION|UP|80a103bf9e11f7e3"", ""COMP|T4_REGIME_ANCHOR_TRANSITION|UP|d7934fc6b640d319"", ""COMP|T4_REGIME_ANCHOR_TRANSITION|UP|e1186df3d1f8b19c""]","[""COMP|T3_ANCHOR_TRANSITION|UP|24540e023000b954"", ""COMP|T4_REGIME_ANCHOR_TRANSITION|UP|00ac5f88b048b07d"", ""COMP|T4_REGIME_ANCHOR_TRANSITION|UP|1689420e2f9f98f0"", ""COMP|T4_REGIME_ANCHOR_TRANSITION|UP|4a3ebb6e5e48a78c"", ""COMP|T4_REGIME_ANCHOR_TRANSITION|UP|692d9f0122695fec"", ""COMP|T4_REGIME_ANCHOR_TRANSITION|UP|80a103bf9e11f7e3"", ""COMP|T4_REGIME_ANCHOR_TRANSITION|UP|d7934fc6b640d319"", ""COMP|T4_REGIME_ANCHOR_TRANSITION|UP|e1186df3d1f8b19c""]",EVENT_STREAM_JACCARD
NR-000863,UP,30m,8,0.95,COMP|T4_REGIME_ANCHOR_TRANSITION|UP|d5ed2b226fcfc228,"[""COMP|T3_ANCHOR_TRANSITION|UP|697c8dc6a7a1507e"", ""COMP|T4_REGIME_ANCHOR_TRANSITION|UP|00ddeb06a611847c"", ""COMP|T4_REGIME_ANCHOR_TRANSITION|UP|165841e18385bc15"", ""COMP|T4_REGIME_ANCHOR_TRANSITION|UP|18050c010c63478f"", ""COMP|T4_REGIME_ANCHOR_TRANSITION|UP|1ff3c10238fc77be"", ""COMP|T4_REGIME_ANCHOR_TRANSITION|UP|78574deb040b25b8"", ""COMP|T4_REGIME_ANCHOR_TRANSITION|UP|8366dda760d37ea8""]","[""COMP|T3_ANCHOR_TRANSITION|UP|697c8dc6a7a1507e"", ""COMP|T4_REGIME_ANCHOR_TRANSITION|UP|00ddeb06a611847c"", ""COMP|T4_REGIME_ANCHOR_TRANSITION|UP|165841e18385bc15"", ""COMP|T4_REGIME_ANCHOR_TRANSITION|UP|18050c010c63478f"", ""COMP|T4_REGIME_ANCHOR_TRANSITION|UP|1ff3c10238fc77be"", ""COMP|T4_REGIME_ANCHOR_TRANSITION|UP|78574deb040b25b8"", ""COMP|T4_REGIME_ANCHOR_TRANSITION|UP|8366dda760d37ea8"", ""COMP|T4_REGIME_ANCHOR_TRANSITION|UP|d5ed2b226fcfc228""]",EVENT_STREAM_JACCARD
NR-000864,UP,30m,7,0.95,COMP|T4_REGIME_ANCHOR_TRANSITION|UP|b8cb00bcf22b1138,"[""COMP|T3_ANCHOR_TRANSITION|UP|5105efaed77e5b33"", ""COMP|T4_REGIME_ANCHOR_TRANSITION|UP|1bd286a19754d42b"", ""COMP|T4_REGIME_ANCHOR_TRANSITION|UP|76640ba6cf9bbf7f"", ""COMP|T4_REGIME_ANCHOR_TRANSITION|UP|9c2bb8e565b8462d"", ""COMP|T4_REGIME_ANCHOR_TRANSITION|UP|9c33eae0bb287fad"", ""COMP|T4_REGIME_ANCHOR_TRANSITION|UP|f2edb938617c9156""]","[""COMP|T3_ANCHOR_TRANSITION|UP|5105efaed77e5b33"", ""COMP|T4_REGIME_ANCHOR_TRANSITION|UP|1bd286a19754d42b"", ""COMP|T4_REGIME_ANCHOR_TRANSITION|UP|76640ba6cf9bbf7f"", ""COMP|T4_REGIME_ANCHOR_TRANSITION|UP|9c2bb8e565b8462d"", ""COMP|T4_REGIME_ANCHOR_TRANSITION|UP|9c33eae0bb287fad"", ""COMP|T4_REGIME_ANCHOR_TRANSITION|UP|b8cb00bcf22b1138"", ""COMP|T4_REGIME_ANCHOR_TRANSITION|UP|f2edb938617c9156""]",EVENT_STREAM_JACCARD
NR-000865,UP,30m,4,0.95,COMP|T4_REGIME_ANCHOR_TRANSITION|UP|aee972b0b824ef55,"[""COMP|T4_REGIME_ANCHOR_TRANSITION|UP|57125adb333af778"", ""COMP|T4_REGIME_ANCHOR_TRANSITION|UP|de02000f136f6f2a"", ""COMP|T4_REGIME_ANCHOR_TRANSITION|UP|efb7c4c9d824acb4""]","[""COMP|T4_REGIME_ANCHOR_TRANSITION|UP|57125adb333af778"", ""COMP|T4_REGIME_ANCHOR_TRANSITION|UP|aee972b0b824ef55"", ""COMP|T4_REGIME_ANCHOR_TRANSITION|UP|de02000f136f6f2a"", ""COMP|T4_REGIME_ANCHOR_TRANSITION|UP|efb7c4c9d824acb4""]",EVENT_STREAM_JACCARD
NR-000866,UP,30m,8,0.95,COMP|T4_REGIME_ANCHOR_TRANSITION|UP|76fd49cbaf38e6d7,"[""COMP|T3_ANCHOR_TRANSITION|UP|dcdd5b5f1394017e"", ""COMP|T4_REGIME_ANCHOR_TRANSITION|UP|3cc011cbd5df7620"", ""COMP|T4_REGIME_ANCHOR_TRANSITION|UP|47cd16745e63d60f"", ""COMP|T4_REGIME_ANCHOR_TRANSITION|UP|5b383bf4f5b6f229"", ""COMP|T4_REGIME_ANCHOR_TRANSITION|UP|9519f6218bda5e11"", ""COMP|T4_REGIME_ANCHOR_TRANSITION|UP|c6737c5b734d793a"", ""COMP|T4_REGIME_ANCHOR_TRANSITION|UP|dd5995db887a02a6""]","[""COMP|T3_ANCHOR_TRANSITION|UP|dcdd5b5f1394017e"", ""COMP|T4_REGIME_ANCHOR_TRANSITION|UP|3cc011cbd5df7620"", ""COMP|T4_REGIME_ANCHOR_TRANSITION|UP|47cd16745e63d60f"", ""COMP|T4_REGIME_ANCHOR_TRANSITION|UP|5b383bf4f5b6f229"", ""COMP|T4_REGIME_ANCHOR_TRANSITION|UP|76fd49cbaf38e6d7"", ""COMP|T4_REGIME_ANCHOR_TRANSITION|UP|9519f6218bda5e11"", ""COMP|T4_REGIME_ANCHOR_TRANSITION|UP|c6737c5b734d793a"", ""COMP|T4_REGIME_ANCHOR_TRANSITION|UP|dd5995db887a02a6""]",EVENT_STREAM_JACCARD
NR-000867,UP,30m,8,0.95,COMP|T4_REGIME_ANCHOR_TRANSITION|UP|c3e82f3d2706a384,"[""COMP|T3_ANCHOR_TRANSITION|UP|bf219cc0ed4b5a44"", ""COMP|T4_REGIME_ANCHOR_TRANSITION|UP|271e53acf939267f"", ""COMP|T4_REGIME_ANCHOR_TRANSITION|UP|4ad97cba6d67b108"", ""COMP|T4_REGIME_ANCHOR_TRANSITION|UP|54de62f9fa8a0511"", ""COMP|T4_REGIME_ANCHOR_TRANSITION|UP|582ae01185299953"", ""COMP|T4_REGIME_ANCHOR_TRANSITION|UP|5a5ac3eafbcc7bae"", ""COMP|T4_REGIME_ANCHOR_TRANSITION|UP|eecf057e8c2204aa""]","[""COMP|T3_ANCHOR_TRANSITION|UP|bf219cc0ed4b5a44"", ""COMP|T4_REGIME_ANCHOR_TRANSITION|UP|271e53acf939267f"", ""COMP|T4_REGIME_ANCHOR_TRANSITION|UP|4ad97cba6d67b108"", ""COMP|T4_REGIME_ANCHOR_TRANSITION|UP|54de62f9fa8a0511"", ""COMP|T4_REGIME_ANCHOR_TRANSITION|UP|582ae01185299953"", ""COMP|T4_REGIME_ANCHOR_TRANSITION|UP|5a5ac3eafbcc7bae"", ""COMP|T4_REGIME_ANCHOR_TRANSITION|UP|c3e82f3d2706a384"", ""COMP|T4_REGIME_ANCHOR_TRANSITION|UP|eecf057e8c2204aa""]",EVENT_STREAM_JACCARD
NR-000868,UP,30m,8,0.95,COMP|T4_REGIME_ANCHOR_TRANSITION|UP|7a769b2a882c1885,"[""COMP|T3_ANCHOR_TRANSITION|UP|40fd4e208494be73"", ""COMP|T4_REGIME_ANCHOR_TRANSITION|UP|04c9d192b864e9f9"", ""COMP|T4_REGIME_ANCHOR_TRANSITION|UP|1d48e2bd8f4b31e1"", ""COMP|T4_REGIME_ANCHOR_TRANSITION|UP|6688f7234b7337f6"", ""COMP|T4_REGIME_ANCHOR_TRANSITION|UP|69438b2a714f48e0"", ""COMP|T4_REGIME_ANCHOR_TRANSITION|UP|896be6f9c1e70f6a"", ""COMP|T4_REGIME_ANCHOR_TRANSITION|UP|b6bb68cf31eea825""]","[""COMP|T3_ANCHOR_TRANSITION|UP|40fd4e208494be73"", ""COMP|T4_REGIME_ANCHOR_TRANSITION|UP|04c9d192b864e9f9"", ""COMP|T4_REGIME_ANCHOR_TRANSITION|UP|1d48e2bd8f4b31e1"", ""COMP|T4_REGIME_ANCHOR_TRANSITION|UP|6688f7234b7337f6"", ""COMP|T4_REGIME_ANCHOR_TRANSITION|UP|69438b2a714f48e0"", ""COMP|T4_REGIME_ANCHOR_TRANSITION|UP|7a769b2a882c1885"", ""COMP|T4_REGIME_ANCHOR_TRANSITION|UP|896be6f9c1e70f6a"", ""COMP|T4_REGIME_ANCHOR_TRANSITION|UP|b6bb68cf31eea825""]",EVENT_STREAM_JACCARD
NR-000869,UP,30m,8,0.95,COMP|T4_REGIME_ANCHOR_TRANSITION|UP|1ab497dab5f317a4,"[""COMP|T3_ANCHOR_TRANSITION|UP|70f32b135bf7c44a"", ""COMP|T4_REGIME_ANCHOR_TRANSITION|UP|06126c9d030e1690"", ""COMP|T4_REGIME_ANCHOR_TRANSITION|UP|395febf08978b675"", ""COMP|T4_REGIME_ANCHOR_TRANSITION|UP|82079f23f5888cfc"", ""COMP|T4_REGIME_ANCHOR_TRANSITION|UP|a51f12fc5b8bb695"", ""COMP|T4_REGIME_ANCHOR_TRANSITION|UP|f8075bd5ada8cb9b"", ""COMP|T4_REGIME_ANCHOR_TRANSITION|UP|f940afbf36264eb1""]","[""COMP|T3_ANCHOR_TRANSITION|UP|70f32b135bf7c44a"", ""COMP|T4_REGIME_ANCHOR_TRANSITION|UP|06126c9d030e1690"", ""COMP|T4_REGIME_ANCHOR_TRANSITION|UP|1ab497dab5f317a4"", ""COMP|T4_REGIME_ANCHOR_TRANSITION|UP|395febf08978b675"", ""COMP|T4_REGIME_ANCHOR_TRANSITION|UP|82079f23f5888cfc"", ""COMP|T4_REGIME_ANCHOR_TRANSITION|UP|a51f12fc5b8bb695"", ""COMP|T4_REGIME_ANCHOR_TRANSITION|UP|f8075bd5ada8cb9b"", ""COMP|T4_REGIME_ANCHOR_TRANSITION|UP|f940afbf36264eb1""]",EVENT_STREAM_JACCARD
NR-000870,UP,30m,8,0.95,COMP|T4_REGIME_ANCHOR_TRANSITION|UP|c29dae65df7df63a,"[""COMP|T3_ANCHOR_TRANSITION|UP|8a8bc048e57d8599"", ""COMP|T4_REGIME_ANCHOR_TRANSITION|UP|1204493a1c343407"", ""COMP|T4_REGIME_ANCHOR_TRANSITION|UP|18cf91cda7c39146"", ""COMP|T4_REGIME_ANCHOR_TRANSITION|UP|3bf43b22052d95d2"", ""COMP|T4_REGIME_ANCHOR_TRANSITION|UP|50f14e91048b88e6"", ""COMP|T4_REGIME_ANCHOR_TRANSITION|UP|8d2a3e5db79dd040"", ""COMP|T4_REGIME_ANCHOR_TRANSITION|UP|dd8549dcdd41d51e""]","[""COMP|T3_ANCHOR_TRANSITION|UP|8a8bc048e57d8599"", ""COMP|T4_REGIME_ANCHOR_TRANSITION|UP|1204493a1c343407"", ""COMP|T4_REGIME_ANCHOR_TRANSITION|UP|18cf91cda7c39146"", ""COMP|T4_REGIME_ANCHOR_TRANSITION|UP|3bf43b22052d95d2"", ""COMP|T4_REGIME_ANCHOR_TRANSITION|UP|50f14e91048b88e6"", ""COMP|T4_REGIME_ANCHOR_TRANSITION|UP|8d2a3e5db79dd040"", ""COMP|T4_REGIME_ANCHOR_TRANSITION|UP|c29dae65df7df63a"", ""COMP|T4_REGIME_ANCHOR_TRANSITION|UP|dd8549dcdd41d51e""]",EVENT_STREAM_JACCARD
NR-000871,UP,30m,8,0.95,COMP|T4_REGIME_ANCHOR_TRANSITION|UP|50ef8fb2ba270f6d,"[""COMP|T3_ANCHOR_TRANSITION|UP|3ea06722dba37b67"", ""COMP|T4_REGIME_ANCHOR_TRANSITION|UP|2b87f24ea4e8ec89"", ""COMP|T4_REGIME_ANCHOR_TRANSITION|UP|425f70e6a512cf3f"", ""COMP|T4_REGIME_ANCHOR_TRANSITION|UP|5edbabd308e86814"", ""COMP|T4_REGIME_ANCHOR_TRANSITION|UP|c0f6b35dda90e23c"", ""COMP|T4_REGIME_ANCHOR_TRANSITION|UP|d46c99cf4f6ee447"", ""COMP|T4_REGIME_ANCHOR_TRANSITION|UP|e27f7613ccaaec45""]","[""COMP|T3_ANCHOR_TRANSITION|UP|3ea06722dba37b67"", ""COMP|T4_REGIME_ANCHOR_TRANSITION|UP|2b87f24ea4e8ec89"", ""COMP|T4_REGIME_ANCHOR_TRANSITION|UP|425f70e6a512cf3f"", ""COMP|T4_REGIME_ANCHOR_TRANSITION|UP|50ef8fb2ba270f6d"", ""COMP|T4_REGIME_ANCHOR_TRANSITION|UP|5edbabd308e86814"", ""COMP|T4_REGIME_ANCHOR_TRANSITION|UP|c0f6b35dda90e23c"", ""COMP|T4_REGIME_ANCHOR_TRANSITION|UP|d46c99cf4f6ee447"", ""COMP|T4_REGIME_ANCHOR_TRANSITION|UP|e27f7613ccaaec45""]",EVENT_STREAM_JACCARD
NR-000872,UP,30m,8,0.95,COMP|T4_REGIME_ANCHOR_TRANSITION|UP|1f7f99cd8aa543df,"[""COMP|T3_ANCHOR_TRANSITION|UP|d30d390153483b92"", ""COMP|T4_REGIME_ANCHOR_TRANSITION|UP|02703c5db06ced01"", ""COMP|T4_REGIME_ANCHOR_TRANSITION|UP|04916f284e5915ad"", ""COMP|T4_REGIME_ANCHOR_TRANSITION|UP|0d1af85470f7a93c"", ""COMP|T4_REGIME_ANCHOR_TRANSITION|UP|2acda8ca0044a401"", ""COMP|T4_REGIME_ANCHOR_TRANSITION|UP|353ca719f1a9dff0"", ""COMP|T4_REGIME_ANCHOR_TRANSITION|UP|c8c78218ffc040b1""]","[""COMP|T3_ANCHOR_TRANSITION|UP|d30d390153483b92"", ""COMP|T4_REGIME_ANCHOR_TRANSITION|UP|02703c5db06ced01"", ""COMP|T4_REGIME_ANCHOR_TRANSITION|UP|04916f284e5915ad"", ""COMP|T4_REGIME_ANCHOR_TRANSITION|UP|0d1af85470f7a93c"", ""COMP|T4_REGIME_ANCHOR_TRANSITION|UP|1f7f99cd8aa543df"", ""COMP|T4_REGIME_ANCHOR_TRANSITION|UP|2acda8ca0044a401"", ""COMP|T4_REGIME_ANCHOR_TRANSITION|UP|353ca719f1a9dff0"", ""COMP|T4_REGIME_ANCHOR_TRANSITION|UP|c8c78218ffc040b1""]",EVENT_STREAM_JACCARD
NR-000873,UP,30m,5,0.95,COMP|T4_REGIME_ANCHOR_TRANSITION|UP|5cc34dbd140d9308,"[""COMP|T4_REGIME_ANCHOR_TRANSITION|UP|34b468b73757b0c9"", ""COMP|T4_REGIME_ANCHOR_TRANSITION|UP|6298bb2a47b0855c"", ""COMP|T4_REGIME_ANCHOR_TRANSITION|UP|70fa7b5173fc3f60"", ""COMP|T4_REGIME_ANCHOR_TRANSITION|UP|feace2722006fd67""]","[""COMP|T4_REGIME_ANCHOR_TRANSITION|UP|34b468b73757b0c9"", ""COMP|T4_REGIME_ANCHOR_TRANSITION|UP|5cc34dbd140d9308"", ""COMP|T4_REGIME_ANCHOR_TRANSITION|UP|6298bb2a47b0855c"", ""COMP|T4_REGIME_ANCHOR_TRANSITION|UP|70fa7b5173fc3f60"", ""COMP|T4_REGIME_ANCHOR_TRANSITION|UP|feace2722006fd67""]",EVENT_STREAM_JACCARD
NR-000874,UP,30m,3,0.95,COMP|T4_REGIME_ANCHOR_TRANSITION|UP|c03af7fe0bad2452,"[""COMP|T4_REGIME_ANCHOR_TRANSITION|UP|331423b76bcd132d"", ""COMP|T4_REGIME_ANCHOR_TRANSITION|UP|8df7d73c0dd96d54""]","[""COMP|T4_REGIME_ANCHOR_TRANSITION|UP|331423b76bcd132d"", ""COMP|T4_REGIME_ANCHOR_TRANSITION|UP|8df7d73c0dd96d54"", ""COMP|T4_REGIME_ANCHOR_TRANSITION|UP|c03af7fe0bad2452""]",EVENT_STREAM_JACCARD
NR-000875,UP,30m,8,0.95,COMP|T4_REGIME_ANCHOR_TRANSITION|UP|5ec771dcbaa0b8ff,"[""COMP|T3_ANCHOR_TRANSITION|UP|0d1ab4619893c7a0"", ""COMP|T4_REGIME_ANCHOR_TRANSITION|UP|015f62f1bd1d94e5"", ""COMP|T4_REGIME_ANCHOR_TRANSITION|UP|03616ad082b60c01"", ""COMP|T4_REGIME_ANCHOR_TRANSITION|UP|52a48ec8bbffc7c2"", ""COMP|T4_REGIME_ANCHOR_TRANSITION|UP|82052cd6cfe9d837"", ""COMP|T4_REGIME_ANCHOR_TRANSITION|UP|bb76edcf6377705e"", ""COMP|T4_REGIME_ANCHOR_TRANSITION|UP|e49dfb6bdfa7134e""]","[""COMP|T3_ANCHOR_TRANSITION|UP|0d1ab4619893c7a0"", ""COMP|T4_REGIME_ANCHOR_TRANSITION|UP|015f62f1bd1d94e5"", ""COMP|T4_REGIME_ANCHOR_TRANSITION|UP|03616ad082b60c01"", ""COMP|T4_REGIME_ANCHOR_TRANSITION|UP|52a48ec8bbffc7c2"", ""COMP|T4_REGIME_ANCHOR_TRANSITION|UP|5ec771dcbaa0b8ff"", ""COMP|T4_REGIME_ANCHOR_TRANSITION|UP|82052cd6cfe9d837"", ""COMP|T4_REGIME_ANCHOR_TRANSITION|UP|bb76edcf6377705e"", ""COMP|T4_REGIME_ANCHOR_TRANSITION|UP|e49dfb6bdfa7134e""]",EVENT_STREAM_JACCARD
NR-000876,UP,4H,3,0.95,COMP|T6_CROSS_FAMILY_SAME_TF|UP|efc33b1b47fb6d68,"[""COMP|T6_CROSS_FAMILY_SAME_TF|UP|c654230778ad0d09"", ""COMP|T6_CROSS_FAMILY_SAME_TF|UP|d61ecee01e8a89e5""]","[""COMP|T6_CROSS_FAMILY_SAME_TF|UP|c654230778ad0d09"", ""COMP|T6_CROSS_FAMILY_SAME_TF|UP|d61ecee01e8a89e5"", ""COMP|T6_CROSS_FAMILY_SAME_TF|UP|efc33b1b47fb6d68""]",EVENT_STREAM_JACCARD
