candidate_id,family,formula_variant,parameter_set_id,parameters,decision_tf,direction,event_primitive,up_primitive,down_primitive,reference_status,is_reference,execution_route,version,comparison_scope,discovery_precision_delta,validation_precision_delta,discovery_signals,validation_signals,discovery_fold_class,validation_stability_class,discovery_sample_flag,validation_sample_flag,stability_class
DMA|DMA_EMA_P10_SHIFT5_V1|MA_SLOPE_TURN_UP|MA_SLOPE_TURN_DOWN|5m|DOWN,DMA,PROJECT_RESEARCH_DMA,DMA_EMA_P10_SHIFT5_V1,"{'ma_type': 'EMA', 'period': 10, 'display_shift': 5}",5m,DOWN,MA_SLOPE_TURN_DOWN,MA_SLOPE_TURN_UP,MA_SLOPE_TURN_DOWN,PROJECT_RESEARCH,False,PROJECT_RESEARCH_DMA,MULTITF_INDICATOR_PARAMETER_SEARCH_V2,SINGLE_FAMILY_SINGLE_PRIMITIVE,0.0,0.0016868786717136404,33044,11328,UNSTABLE_DISCOVERY,WEAK_POSITIVE,NORMAL,NORMAL,WEAK_POSITIVE
DMA|DMA_EMA_P10_SHIFT5_V1|MA_SLOPE_TURN_UP|MA_SLOPE_TURN_DOWN|5m|UP,DMA,PROJECT_RESEARCH_DMA,DMA_EMA_P10_SHIFT5_V1,"{'ma_type': 'EMA', 'period': 10, 'display_shift': 5}",5m,UP,MA_SLOPE_TURN_UP,MA_SLOPE_TURN_UP,MA_SLOPE_TURN_DOWN,PROJECT_RESEARCH,False,PROJECT_RESEARCH_DMA,MULTITF_INDICATOR_PARAMETER_SEARCH_V2,SINGLE_FAMILY_SINGLE_PRIMITIVE,0.0,0.0017399621570984116,33040,11329,UNSTABLE_DISCOVERY,WEAK_POSITIVE,NORMAL,NORMAL,WEAK_POSITIVE
DMA|DMA_EMA_P20_SHIFT5_V1|MA_SLOPE_TURN_UP|MA_SLOPE_TURN_DOWN|6H|DOWN,DMA,PROJECT_RESEARCH_DMA,DMA_EMA_P20_SHIFT5_V1,"{'ma_type': 'EMA', 'period': 20, 'display_shift': 5}",6H,DOWN,MA_SLOPE_TURN_DOWN,MA_SLOPE_TURN_UP,MA_SLOPE_TURN_DOWN,PROJECT_RESEARCH,False,PROJECT_RESEARCH_DMA,MULTITF_INDICATOR_PARAMETER_SEARCH_V2,SINGLE_FAMILY_SINGLE_PRIMITIVE,0.3288210059746756,0.32440063404002384,262,98,STABLE_POSITIVE_FOLDS,STABLE_POSITIVE,NORMAL,LOW_SAMPLE,STABLE_POSITIVE
DMA|DMA_EMA_P20_SHIFT5_V1|PRICE_CROSS_UP_MA|PRICE_CROSS_DOWN_MA|6H|DOWN,DMA,PROJECT_RESEARCH_DMA,DMA_EMA_P20_SHIFT5_V1,"{'ma_type': 'EMA', 'period': 20, 'display_shift': 5}",6H,DOWN,PRICE_CROSS_DOWN_MA,PRICE_CROSS_UP_MA,PRICE_CROSS_DOWN_MA,PROJECT_RESEARCH,False,PROJECT_RESEARCH_DMA,MULTITF_INDICATOR_PARAMETER_SEARCH_V2,SINGLE_FAMILY_SINGLE_PRIMITIVE,0.3263538768422343,0.32440063404002384,263,98,STABLE_POSITIVE_FOLDS,STABLE_POSITIVE,NORMAL,LOW_SAMPLE,STABLE_POSITIVE
DMA|DMA_EMA_P25_SHIFT5_V1|MA_SLOPE_TURN_UP|MA_SLOPE_TURN_DOWN|8H|DOWN,DMA,PROJECT_RESEARCH_DMA,DMA_EMA_P25_SHIFT5_V1,"{'ma_type': 'EMA', 'period': 25, 'display_shift': 5}",8H,DOWN,MA_SLOPE_TURN_DOWN,MA_SLOPE_TURN_UP,MA_SLOPE_TURN_DOWN,PROJECT_RESEARCH,False,PROJECT_RESEARCH_DMA,MULTITF_INDICATOR_PARAMETER_SEARCH_V2,SINGLE_FAMILY_SINGLE_PRIMITIVE,0.3358027263140078,0.2853535353535353,178,72,STABLE_POSITIVE_FOLDS,STABLE_POSITIVE,NORMAL,LOW_SAMPLE,STABLE_POSITIVE
DMA|DMA_EMA_P25_SHIFT5_V1|PRICE_CROSS_UP_MA|PRICE_CROSS_DOWN_MA|8H|DOWN,DMA,PROJECT_RESEARCH_DMA,DMA_EMA_P25_SHIFT5_V1,"{'ma_type': 'EMA', 'period': 25, 'display_shift': 5}",8H,DOWN,PRICE_CROSS_DOWN_MA,PRICE_CROSS_UP_MA,PRICE_CROSS_DOWN_MA,PROJECT_RESEARCH,False,PROJECT_RESEARCH_DMA,MULTITF_INDICATOR_PARAMETER_SEARCH_V2,SINGLE_FAMILY_SINGLE_PRIMITIVE,0.3358027263140078,0.2853535353535353,178,72,STABLE_POSITIVE_FOLDS,STABLE_POSITIVE,NORMAL,LOW_SAMPLE,STABLE_POSITIVE
DMA|DMA_SMA_P14_SHIFT5_V1|PRICE_CROSS_UP_MA|PRICE_CROSS_DOWN_MA|6H|UP,DMA,PROJECT_RESEARCH_DMA,DMA_SMA_P14_SHIFT5_V1,"{'ma_type': 'SMA', 'period': 14, 'display_shift': 5}",6H,UP,PRICE_CROSS_UP_MA,PRICE_CROSS_UP_MA,PRICE_CROSS_DOWN_MA,PROJECT_RESEARCH,False,PROJECT_RESEARCH_DMA,MULTITF_INDICATOR_PARAMETER_SEARCH_V2,SINGLE_FAMILY_SINGLE_PRIMITIVE,0.3793217823452029,0.28203883495145626,302,105,STABLE_POSITIVE_FOLDS,STABLE_POSITIVE,NORMAL,NORMAL,STABLE_POSITIVE
DMA|DMA_SMA_P14_SHIFT8_V1|PRICE_CROSS_UP_MA|PRICE_CROSS_DOWN_MA|6H|UP,DMA,PROJECT_RESEARCH_DMA,DMA_SMA_P14_SHIFT8_V1,"{'ma_type': 'SMA', 'period': 14, 'display_shift': 8}",6H,UP,PRICE_CROSS_UP_MA,PRICE_CROSS_UP_MA,PRICE_CROSS_DOWN_MA,PROJECT_RESEARCH,False,PROJECT_RESEARCH_DMA,MULTITF_INDICATOR_PARAMETER_SEARCH_V2,SINGLE_FAMILY_SINGLE_PRIMITIVE,0.3793217823452029,0.28203883495145626,302,105,STABLE_POSITIVE_FOLDS,STABLE_POSITIVE,NORMAL,NORMAL,STABLE_POSITIVE
DMA|DMA_SMA_P20_SHIFT5_V1|MA_SLOPE_TURN_UP|MA_SLOPE_TURN_DOWN|15m|DOWN,DMA,PROJECT_RESEARCH_DMA,DMA_SMA_P20_SHIFT5_V1,"{'ma_type': 'SMA', 'period': 20, 'display_shift': 5}",15m,DOWN,MA_SLOPE_TURN_DOWN,MA_SLOPE_TURN_UP,MA_SLOPE_TURN_DOWN,PROJECT_RESEARCH,False,PROJECT_RESEARCH_DMA,MULTITF_INDICATOR_PARAMETER_SEARCH_V2,SINGLE_FAMILY_SINGLE_PRIMITIVE,0.009485039573442756,0.026042852496340866,6074,2080,STABLE_POSITIVE_FOLDS,WEAK_POSITIVE,NORMAL,NORMAL,WEAK_POSITIVE
DMA|DMA_SMA_P20_SHIFT5_V1|MA_SLOPE_TURN_UP|MA_SLOPE_TURN_DOWN|15m|UP,DMA,PROJECT_RESEARCH_DMA,DMA_SMA_P20_SHIFT5_V1,"{'ma_type': 'SMA', 'period': 20, 'display_shift': 5}",15m,UP,MA_SLOPE_TURN_UP,MA_SLOPE_TURN_UP,MA_SLOPE_TURN_DOWN,PROJECT_RESEARCH,False,PROJECT_RESEARCH_DMA,MULTITF_INDICATOR_PARAMETER_SEARCH_V2,SINGLE_FAMILY_SINGLE_PRIMITIVE,0.009493165014350782,0.027010821877742033,6070,2080,STABLE_POSITIVE_FOLDS,WEAK_POSITIVE,NORMAL,NORMAL,WEAK_POSITIVE
DMA|DMA_SMA_P20_SHIFT5_V1|MA_SLOPE_TURN_UP|MA_SLOPE_TURN_DOWN|30m|DOWN,DMA,PROJECT_RESEARCH_DMA,DMA_SMA_P20_SHIFT5_V1,"{'ma_type': 'SMA', 'period': 20, 'display_shift': 5}",30m,DOWN,MA_SLOPE_TURN_DOWN,MA_SLOPE_TURN_UP,MA_SLOPE_TURN_DOWN,PROJECT_RESEARCH,False,PROJECT_RESEARCH_DMA,MULTITF_INDICATOR_PARAMETER_SEARCH_V2,SINGLE_FAMILY_SINGLE_PRIMITIVE,0.021085966146894328,0.027887426900584794,2940,1080,STABLE_POSITIVE_FOLDS,STABLE_POSITIVE,NORMAL,NORMAL,STABLE_POSITIVE
DMA|DMA_SMA_P20_SHIFT5_V1|MA_SLOPE_TURN_UP|MA_SLOPE_TURN_DOWN|30m|UP,DMA,PROJECT_RESEARCH_DMA,DMA_SMA_P20_SHIFT5_V1,"{'ma_type': 'SMA', 'period': 20, 'display_shift': 5}",30m,UP,MA_SLOPE_TURN_UP,MA_SLOPE_TURN_UP,MA_SLOPE_TURN_DOWN,PROJECT_RESEARCH,False,PROJECT_RESEARCH_DMA,MULTITF_INDICATOR_PARAMETER_SEARCH_V2,SINGLE_FAMILY_SINGLE_PRIMITIVE,0.01942101372436841,0.02881842187369206,2936,1080,STABLE_POSITIVE_FOLDS,WEAK_POSITIVE,NORMAL,NORMAL,WEAK_POSITIVE
DMA|DMA_SMA_P20_SHIFT5_V1|PRICE_CROSS_UP_MA|PRICE_CROSS_DOWN_MA|4H|DOWN,DMA,PROJECT_RESEARCH_DMA,DMA_SMA_P20_SHIFT5_V1,"{'ma_type': 'SMA', 'period': 20, 'display_shift': 5}",4H,DOWN,PRICE_CROSS_DOWN_MA,PRICE_CROSS_UP_MA,PRICE_CROSS_DOWN_MA,PROJECT_RESEARCH,False,PROJECT_RESEARCH_DMA,MULTITF_INDICATOR_PARAMETER_SEARCH_V2,SINGLE_FAMILY_SINGLE_PRIMITIVE,0.36090459874451847,0.30559718059718055,344,117,STABLE_POSITIVE_FOLDS,STABLE_POSITIVE,NORMAL,NORMAL,STABLE_POSITIVE
DMA|DMA_SMA_P20_SHIFT5_V1|PRICE_CROSS_UP_MA|PRICE_CROSS_DOWN_MA|4H|UP,DMA,PROJECT_RESEARCH_DMA,DMA_SMA_P20_SHIFT5_V1,"{'ma_type': 'SMA', 'period': 20, 'display_shift': 5}",4H,UP,PRICE_CROSS_UP_MA,PRICE_CROSS_UP_MA,PRICE_CROSS_DOWN_MA,PROJECT_RESEARCH,False,PROJECT_RESEARCH_DMA,MULTITF_INDICATOR_PARAMETER_SEARCH_V2,SINGLE_FAMILY_SINGLE_PRIMITIVE,0.3459509852751491,0.35099903541408295,344,118,STABLE_POSITIVE_FOLDS,STABLE_POSITIVE,NORMAL,NORMAL,STABLE_POSITIVE
DMA|DMA_SMA_P25_SHIFT5_V1|MA_SLOPE_TURN_UP|MA_SLOPE_TURN_DOWN|12H|DOWN,DMA,DINAPOLI_DMA,DMA_SMA_P25_SHIFT5_V1,"{'ma_type': 'SMA', 'period': 25, 'display_shift': 5}",12H,DOWN,MA_SLOPE_TURN_DOWN,MA_SLOPE_TURN_UP,MA_SLOPE_TURN_DOWN,PROJECT_RESEARCH,True,DINAPOLI_DMA,MULTITF_INDICATOR_PARAMETER_SEARCH_V2,SINGLE_FAMILY_SINGLE_PRIMITIVE,0.23033816425120773,0.09790605546123371,81,38,STABLE_POSITIVE_FOLDS,WEAK_POSITIVE,LOW_SAMPLE,LOW_SAMPLE,WEAK_POSITIVE
DMA|DMA_SMA_P25_SHIFT5_V1|MA_SLOPE_TURN_UP|MA_SLOPE_TURN_DOWN|12H|UP,DMA,DINAPOLI_DMA,DMA_SMA_P25_SHIFT5_V1,"{'ma_type': 'SMA', 'period': 25, 'display_shift': 5}",12H,UP,MA_SLOPE_TURN_UP,MA_SLOPE_TURN_UP,MA_SLOPE_TURN_DOWN,PROJECT_RESEARCH,True,DINAPOLI_DMA,MULTITF_INDICATOR_PARAMETER_SEARCH_V2,SINGLE_FAMILY_SINGLE_PRIMITIVE,0.2914999784918484,0.26868044515103334,81,37,STABLE_POSITIVE_FOLDS,STABLE_POSITIVE,LOW_SAMPLE,LOW_SAMPLE,STABLE_POSITIVE
DMA|DMA_SMA_P25_SHIFT5_V1|MA_SLOPE_TURN_UP|MA_SLOPE_TURN_DOWN|15m|DOWN,DMA,DINAPOLI_DMA,DMA_SMA_P25_SHIFT5_V1,"{'ma_type': 'SMA', 'period': 25, 'display_shift': 5}",15m,DOWN,MA_SLOPE_TURN_DOWN,MA_SLOPE_TURN_UP,MA_SLOPE_TURN_DOWN,PROJECT_RESEARCH,True,DINAPOLI_DMA,MULTITF_INDICATOR_PARAMETER_SEARCH_V2,SINGLE_FAMILY_SINGLE_PRIMITIVE,0.010972756706570415,0.028974372196153248,5413,1886,STABLE_POSITIVE_FOLDS,WEAK_POSITIVE,NORMAL,NORMAL,WEAK_POSITIVE
DMA|DMA_SMA_P25_SHIFT5_V1|MA_SLOPE_TURN_UP|MA_SLOPE_TURN_DOWN|15m|UP,DMA,DINAPOLI_DMA,DMA_SMA_P25_SHIFT5_V1,"{'ma_type': 'SMA', 'period': 25, 'display_shift': 5}",15m,UP,MA_SLOPE_TURN_UP,MA_SLOPE_TURN_UP,MA_SLOPE_TURN_DOWN,PROJECT_RESEARCH,True,DINAPOLI_DMA,MULTITF_INDICATOR_PARAMETER_SEARCH_V2,SINGLE_FAMILY_SINGLE_PRIMITIVE,0.010610748840750733,0.03002129841763034,5410,1887,STABLE_POSITIVE_FOLDS,WEAK_POSITIVE,NORMAL,NORMAL,WEAK_POSITIVE
DMA|DMA_SMA_P25_SHIFT5_V1|MA_SLOPE_TURN_UP|MA_SLOPE_TURN_DOWN|1H|DOWN,DMA,DINAPOLI_DMA,DMA_SMA_P25_SHIFT5_V1,"{'ma_type': 'SMA', 'period': 25, 'display_shift': 5}",1H,DOWN,MA_SLOPE_TURN_DOWN,MA_SLOPE_TURN_UP,MA_SLOPE_TURN_DOWN,PROJECT_RESEARCH,True,DINAPOLI_DMA,MULTITF_INDICATOR_PARAMETER_SEARCH_V2,SINGLE_FAMILY_SINGLE_PRIMITIVE,0.2641613801753918,0.309229277523429,1234,427,STABLE_POSITIVE_FOLDS,STABLE_POSITIVE,NORMAL,NORMAL,STABLE_POSITIVE
DMA|DMA_SMA_P25_SHIFT5_V1|MA_SLOPE_TURN_UP|MA_SLOPE_TURN_DOWN|1H|UP,DMA,DINAPOLI_DMA,DMA_SMA_P25_SHIFT5_V1,"{'ma_type': 'SMA', 'period': 25, 'display_shift': 5}",1H,UP,MA_SLOPE_TURN_UP,MA_SLOPE_TURN_UP,MA_SLOPE_TURN_DOWN,PROJECT_RESEARCH,True,DINAPOLI_DMA,MULTITF_INDICATOR_PARAMETER_SEARCH_V2,SINGLE_FAMILY_SINGLE_PRIMITIVE,0.2636664759780338,0.30041153466755566,1221,428,STABLE_POSITIVE_FOLDS,STABLE_POSITIVE,NORMAL,NORMAL,STABLE_POSITIVE
DMA|DMA_SMA_P25_SHIFT5_V1|MA_SLOPE_TURN_UP|MA_SLOPE_TURN_DOWN|2H|DOWN,DMA,DINAPOLI_DMA,DMA_SMA_P25_SHIFT5_V1,"{'ma_type': 'SMA', 'period': 25, 'display_shift': 5}",2H,DOWN,MA_SLOPE_TURN_DOWN,MA_SLOPE_TURN_UP,MA_SLOPE_TURN_DOWN,PROJECT_RESEARCH,True,DINAPOLI_DMA,MULTITF_INDICATOR_PARAMETER_SEARCH_V2,SINGLE_FAMILY_SINGLE_PRIMITIVE,0.24242148258541701,0.28745184540822666,594,208,STABLE_POSITIVE_FOLDS,STABLE_POSITIVE,NORMAL,NORMAL,STABLE_POSITIVE
DMA|DMA_SMA_P25_SHIFT5_V1|MA_SLOPE_TURN_UP|MA_SLOPE_TURN_DOWN|2H|UP,DMA,DINAPOLI_DMA,DMA_SMA_P25_SHIFT5_V1,"{'ma_type': 'SMA', 'period': 25, 'display_shift': 5}",2H,UP,MA_SLOPE_TURN_UP,MA_SLOPE_TURN_UP,MA_SLOPE_TURN_DOWN,PROJECT_RESEARCH,True,DINAPOLI_DMA,MULTITF_INDICATOR_PARAMETER_SEARCH_V2,SINGLE_FAMILY_SINGLE_PRIMITIVE,0.24604659419259442,0.2351723923325865,587,208,STABLE_POSITIVE_FOLDS,STABLE_POSITIVE,NORMAL,NORMAL,STABLE_POSITIVE
DMA|DMA_SMA_P25_SHIFT5_V1|MA_SLOPE_TURN_UP|MA_SLOPE_TURN_DOWN|30m|DOWN,DMA,DINAPOLI_DMA,DMA_SMA_P25_SHIFT5_V1,"{'ma_type': 'SMA', 'period': 25, 'display_shift': 5}",30m,DOWN,MA_SLOPE_TURN_DOWN,MA_SLOPE_TURN_UP,MA_SLOPE_TURN_DOWN,PROJECT_RESEARCH,True,DINAPOLI_DMA,MULTITF_INDICATOR_PARAMETER_SEARCH_V2,SINGLE_FAMILY_SINGLE_PRIMITIVE,0.02365896274949346,0.03460038986354776,2577,864,STABLE_POSITIVE_FOLDS,STABLE_POSITIVE,NORMAL,NORMAL,STABLE_POSITIVE
DMA|DMA_SMA_P25_SHIFT5_V1|MA_SLOPE_TURN_UP|MA_SLOPE_TURN_DOWN|30m|UP,DMA,DINAPOLI_DMA,DMA_SMA_P25_SHIFT5_V1,"{'ma_type': 'SMA', 'period': 25, 'display_shift': 5}",30m,UP,MA_SLOPE_TURN_UP,MA_SLOPE_TURN_UP,MA_SLOPE_TURN_DOWN,PROJECT_RESEARCH,True,DINAPOLI_DMA,MULTITF_INDICATOR_PARAMETER_SEARCH_V2,SINGLE_FAMILY_SINGLE_PRIMITIVE,0.01834820514445028,0.032243812582319765,2564,865,STABLE_POSITIVE_FOLDS,WEAK_POSITIVE,NORMAL,NORMAL,WEAK_POSITIVE
DMA|DMA_SMA_P25_SHIFT5_V1|MA_SLOPE_TURN_UP|MA_SLOPE_TURN_DOWN|4H|DOWN,DMA,DINAPOLI_DMA,DMA_SMA_P25_SHIFT5_V1,"{'ma_type': 'SMA', 'period': 25, 'display_shift': 5}",4H,DOWN,MA_SLOPE_TURN_DOWN,MA_SLOPE_TURN_UP,MA_SLOPE_TURN_DOWN,PROJECT_RESEARCH,True,DINAPOLI_DMA,MULTITF_INDICATOR_PARAMETER_SEARCH_V2,SINGLE_FAMILY_SINGLE_PRIMITIVE,0.15920870751931598,0.19600376259254762,313,107,STABLE_POSITIVE_FOLDS,STABLE_POSITIVE,NORMAL,NORMAL,STABLE_POSITIVE
DMA|DMA_SMA_P25_SHIFT5_V1|MA_SLOPE_TURN_UP|MA_SLOPE_TURN_DOWN|4H|UP,DMA,DINAPOLI_DMA,DMA_SMA_P25_SHIFT5_V1,"{'ma_type': 'SMA', 'period': 25, 'display_shift': 5}",4H,UP,MA_SLOPE_TURN_UP,MA_SLOPE_TURN_UP,MA_SLOPE_TURN_DOWN,PROJECT_RESEARCH,True,DINAPOLI_DMA,MULTITF_INDICATOR_PARAMETER_SEARCH_V2,SINGLE_FAMILY_SINGLE_PRIMITIVE,0.19814239851307397,0.2560523938572719,312,108,STABLE_POSITIVE_FOLDS,STABLE_POSITIVE,NORMAL,NORMAL,STABLE_POSITIVE
DMA|DMA_SMA_P25_SHIFT5_V1|MA_SLOPE_TURN_UP|MA_SLOPE_TURN_DOWN|5m|DOWN,DMA,DINAPOLI_DMA,DMA_SMA_P25_SHIFT5_V1,"{'ma_type': 'SMA', 'period': 25, 'display_shift': 5}",5m,DOWN,MA_SLOPE_TURN_DOWN,MA_SLOPE_TURN_UP,MA_SLOPE_TURN_DOWN,PROJECT_RESEARCH,True,DINAPOLI_DMA,MULTITF_INDICATOR_PARAMETER_SEARCH_V2,SINGLE_FAMILY_SINGLE_PRIMITIVE,0.0,0.004527742294254893,16285,5648,UNSTABLE_DISCOVERY,WEAK_POSITIVE,NORMAL,NORMAL,WEAK_POSITIVE
DMA|DMA_SMA_P25_SHIFT5_V1|MA_SLOPE_TURN_UP|MA_SLOPE_TURN_DOWN|5m|UP,DMA,DINAPOLI_DMA,DMA_SMA_P25_SHIFT5_V1,"{'ma_type': 'SMA', 'period': 25, 'display_shift': 5}",5m,UP,MA_SLOPE_TURN_UP,MA_SLOPE_TURN_UP,MA_SLOPE_TURN_DOWN,PROJECT_RESEARCH,True,DINAPOLI_DMA,MULTITF_INDICATOR_PARAMETER_SEARCH_V2,SINGLE_FAMILY_SINGLE_PRIMITIVE,0.0,0.004491803122938323,16282,5649,UNSTABLE_DISCOVERY,WEAK_POSITIVE,NORMAL,NORMAL,WEAK_POSITIVE
DMA|DMA_SMA_P25_SHIFT5_V1|MA_SLOPE_TURN_UP|MA_SLOPE_TURN_DOWN|6H|DOWN,DMA,DINAPOLI_DMA,DMA_SMA_P25_SHIFT5_V1,"{'ma_type': 'SMA', 'period': 25, 'display_shift': 5}",6H,DOWN,MA_SLOPE_TURN_DOWN,MA_SLOPE_TURN_UP,MA_SLOPE_TURN_DOWN,PROJECT_RESEARCH,True,DINAPOLI_DMA,MULTITF_INDICATOR_PARAMETER_SEARCH_V2,SINGLE_FAMILY_SINGLE_PRIMITIVE,0.2105782890405738,0.22924757281553398,196,80,STABLE_POSITIVE_FOLDS,STABLE_POSITIVE,NORMAL,LOW_SAMPLE,STABLE_POSITIVE
DMA|DMA_SMA_P25_SHIFT5_V1|MA_SLOPE_TURN_UP|MA_SLOPE_TURN_DOWN|6H|UP,DMA,DINAPOLI_DMA,DMA_SMA_P25_SHIFT5_V1,"{'ma_type': 'SMA', 'period': 25, 'display_shift': 5}",6H,UP,MA_SLOPE_TURN_UP,MA_SLOPE_TURN_UP,MA_SLOPE_TURN_DOWN,PROJECT_RESEARCH,True,DINAPOLI_DMA,MULTITF_INDICATOR_PARAMETER_SEARCH_V2,SINGLE_FAMILY_SINGLE_PRIMITIVE,0.23239940361793626,0.22634263241981073,197,79,STABLE_POSITIVE_FOLDS,STABLE_POSITIVE,NORMAL,LOW_SAMPLE,STABLE_POSITIVE
DMA|DMA_SMA_P25_SHIFT5_V1|MA_SLOPE_TURN_UP|MA_SLOPE_TURN_DOWN|8H|DOWN,DMA,DINAPOLI_DMA,DMA_SMA_P25_SHIFT5_V1,"{'ma_type': 'SMA', 'period': 25, 'display_shift': 5}",8H,DOWN,MA_SLOPE_TURN_DOWN,MA_SLOPE_TURN_UP,MA_SLOPE_TURN_DOWN,PROJECT_RESEARCH,True,DINAPOLI_DMA,MULTITF_INDICATOR_PARAMETER_SEARCH_V2,SINGLE_FAMILY_SINGLE_PRIMITIVE,0.24059279136427397,0.19191919191919188,133,66,STABLE_POSITIVE_FOLDS,STABLE_POSITIVE,NORMAL,LOW_SAMPLE,STABLE_POSITIVE
DMA|DMA_SMA_P25_SHIFT5_V1|MA_SLOPE_TURN_UP|MA_SLOPE_TURN_DOWN|8H|UP,DMA,DINAPOLI_DMA,DMA_SMA_P25_SHIFT5_V1,"{'ma_type': 'SMA', 'period': 25, 'display_shift': 5}",8H,UP,MA_SLOPE_TURN_UP,MA_SLOPE_TURN_UP,MA_SLOPE_TURN_DOWN,PROJECT_RESEARCH,True,DINAPOLI_DMA,MULTITF_INDICATOR_PARAMETER_SEARCH_V2,SINGLE_FAMILY_SINGLE_PRIMITIVE,0.24768518518518523,0.2149684767134431,132,66,STABLE_POSITIVE_FOLDS,STABLE_POSITIVE,NORMAL,LOW_SAMPLE,STABLE_POSITIVE
DMA|DMA_SMA_P25_SHIFT5_V1|PRICE_CROSS_UP_MA|PRICE_CROSS_DOWN_MA|12H|DOWN,DMA,DINAPOLI_DMA,DMA_SMA_P25_SHIFT5_V1,"{'ma_type': 'SMA', 'period': 25, 'display_shift': 5}",12H,DOWN,PRICE_CROSS_DOWN_MA,PRICE_CROSS_UP_MA,PRICE_CROSS_DOWN_MA,PROJECT_RESEARCH,True,DINAPOLI_DMA,MULTITF_INDICATOR_PARAMETER_SEARCH_V2,SINGLE_FAMILY_SINGLE_PRIMITIVE,0.3518659420289855,0.3578547075793338,96,41,STABLE_POSITIVE_FOLDS,STABLE_POSITIVE,LOW_SAMPLE,LOW_SAMPLE,STABLE_POSITIVE
DMA|DMA_SMA_P25_SHIFT5_V1|PRICE_CROSS_UP_MA|PRICE_CROSS_DOWN_MA|12H|UP,DMA,DINAPOLI_DMA,DMA_SMA_P25_SHIFT5_V1,"{'ma_type': 'SMA', 'period': 25, 'display_shift': 5}",12H,UP,PRICE_CROSS_UP_MA,PRICE_CROSS_UP_MA,PRICE_CROSS_DOWN_MA,PROJECT_RESEARCH,True,DINAPOLI_DMA,MULTITF_INDICATOR_PARAMETER_SEARCH_V2,SINGLE_FAMILY_SINGLE_PRIMITIVE,0.3689528699798277,0.3543758967001434,95,41,STABLE_POSITIVE_FOLDS,STABLE_POSITIVE,LOW_SAMPLE,LOW_SAMPLE,STABLE_POSITIVE
DMA|DMA_SMA_P25_SHIFT5_V1|PRICE_CROSS_UP_MA|PRICE_CROSS_DOWN_MA|15m|DOWN,DMA,DINAPOLI_DMA,DMA_SMA_P25_SHIFT5_V1,"{'ma_type': 'SMA', 'period': 25, 'display_shift': 5}",15m,DOWN,PRICE_CROSS_DOWN_MA,PRICE_CROSS_UP_MA,PRICE_CROSS_DOWN_MA,PROJECT_RESEARCH,True,DINAPOLI_DMA,MULTITF_INDICATOR_PARAMETER_SEARCH_V2,SINGLE_FAMILY_SINGLE_PRIMITIVE,0.009184093447650718,0.02493200959679504,6312,2151,STABLE_POSITIVE_FOLDS,WEAK_POSITIVE,NORMAL,NORMAL,WEAK_POSITIVE
DMA|DMA_SMA_P25_SHIFT5_V1|PRICE_CROSS_UP_MA|PRICE_CROSS_DOWN_MA|15m|UP,DMA,DINAPOLI_DMA,DMA_SMA_P25_SHIFT5_V1,"{'ma_type': 'SMA', 'period': 25, 'display_shift': 5}",15m,UP,PRICE_CROSS_UP_MA,PRICE_CROSS_UP_MA,PRICE_CROSS_DOWN_MA,PROJECT_RESEARCH,True,DINAPOLI_DMA,MULTITF_INDICATOR_PARAMETER_SEARCH_V2,SINGLE_FAMILY_SINGLE_PRIMITIVE,0.009038778116579996,0.025899392590416976,6305,2149,STABLE_POSITIVE_FOLDS,WEAK_POSITIVE,NORMAL,NORMAL,WEAK_POSITIVE
DMA|DMA_SMA_P25_SHIFT5_V1|PRICE_CROSS_UP_MA|PRICE_CROSS_DOWN_MA|1H|DOWN,DMA,DINAPOLI_DMA,DMA_SMA_P25_SHIFT5_V1,"{'ma_type': 'SMA', 'period': 25, 'display_shift': 5}",1H,DOWN,PRICE_CROSS_DOWN_MA,PRICE_CROSS_UP_MA,PRICE_CROSS_DOWN_MA,PROJECT_RESEARCH,True,DINAPOLI_DMA,MULTITF_INDICATOR_PARAMETER_SEARCH_V2,SINGLE_FAMILY_SINGLE_PRIMITIVE,0.30960749010490457,0.35584781039724145,1441,458,STABLE_POSITIVE_FOLDS,STABLE_POSITIVE,NORMAL,NORMAL,STABLE_POSITIVE
DMA|DMA_SMA_P25_SHIFT5_V1|PRICE_CROSS_UP_MA|PRICE_CROSS_DOWN_MA|1H|UP,DMA,DINAPOLI_DMA,DMA_SMA_P25_SHIFT5_V1,"{'ma_type': 'SMA', 'period': 25, 'display_shift': 5}",1H,UP,PRICE_CROSS_UP_MA,PRICE_CROSS_UP_MA,PRICE_CROSS_DOWN_MA,PROJECT_RESEARCH,True,DINAPOLI_DMA,MULTITF_INDICATOR_PARAMETER_SEARCH_V2,SINGLE_FAMILY_SINGLE_PRIMITIVE,0.3312451728250233,0.3790855745810356,1435,458,STABLE_POSITIVE_FOLDS,STABLE_POSITIVE,NORMAL,NORMAL,STABLE_POSITIVE
DMA|DMA_SMA_P25_SHIFT5_V1|PRICE_CROSS_UP_MA|PRICE_CROSS_DOWN_MA|2H|DOWN,DMA,DINAPOLI_DMA,DMA_SMA_P25_SHIFT5_V1,"{'ma_type': 'SMA', 'period': 25, 'display_shift': 5}",2H,DOWN,PRICE_CROSS_DOWN_MA,PRICE_CROSS_UP_MA,PRICE_CROSS_DOWN_MA,PROJECT_RESEARCH,True,DINAPOLI_DMA,MULTITF_INDICATOR_PARAMETER_SEARCH_V2,SINGLE_FAMILY_SINGLE_PRIMITIVE,0.3097173764119231,0.32378950373383675,686,249,STABLE_POSITIVE_FOLDS,STABLE_POSITIVE,NORMAL,NORMAL,STABLE_POSITIVE
DMA|DMA_SMA_P25_SHIFT5_V1|PRICE_CROSS_UP_MA|PRICE_CROSS_DOWN_MA|2H|UP,DMA,DINAPOLI_DMA,DMA_SMA_P25_SHIFT5_V1,"{'ma_type': 'SMA', 'period': 25, 'display_shift': 5}",2H,UP,PRICE_CROSS_UP_MA,PRICE_CROSS_UP_MA,PRICE_CROSS_DOWN_MA,PROJECT_RESEARCH,True,DINAPOLI_DMA,MULTITF_INDICATOR_PARAMETER_SEARCH_V2,SINGLE_FAMILY_SINGLE_PRIMITIVE,0.3262371350909443,0.3484910515849807,682,249,STABLE_POSITIVE_FOLDS,STABLE_POSITIVE,NORMAL,NORMAL,STABLE_POSITIVE
DMA|DMA_SMA_P25_SHIFT5_V1|PRICE_CROSS_UP_MA|PRICE_CROSS_DOWN_MA|30m|DOWN,DMA,DINAPOLI_DMA,DMA_SMA_P25_SHIFT5_V1,"{'ma_type': 'SMA', 'period': 25, 'display_shift': 5}",30m,DOWN,PRICE_CROSS_DOWN_MA,PRICE_CROSS_UP_MA,PRICE_CROSS_DOWN_MA,PROJECT_RESEARCH,True,DINAPOLI_DMA,MULTITF_INDICATOR_PARAMETER_SEARCH_V2,SINGLE_FAMILY_SINGLE_PRIMITIVE,0.019416328713903468,0.026961500974658874,3057,1080,STABLE_POSITIVE_FOLDS,WEAK_POSITIVE,NORMAL,NORMAL,WEAK_POSITIVE
DMA|DMA_SMA_P25_SHIFT5_V1|PRICE_CROSS_UP_MA|PRICE_CROSS_DOWN_MA|30m|UP,DMA,DINAPOLI_DMA,DMA_SMA_P25_SHIFT5_V1,"{'ma_type': 'SMA', 'period': 25, 'display_shift': 5}",30m,UP,PRICE_CROSS_UP_MA,PRICE_CROSS_UP_MA,PRICE_CROSS_DOWN_MA,PROJECT_RESEARCH,True,DINAPOLI_DMA,MULTITF_INDICATOR_PARAMETER_SEARCH_V2,SINGLE_FAMILY_SINGLE_PRIMITIVE,0.018483834955090102,0.027892495947766133,3051,1080,STABLE_POSITIVE_FOLDS,WEAK_POSITIVE,NORMAL,NORMAL,WEAK_POSITIVE
DMA|DMA_SMA_P25_SHIFT5_V1|PRICE_CROSS_UP_MA|PRICE_CROSS_DOWN_MA|4H|DOWN,DMA,DINAPOLI_DMA,DMA_SMA_P25_SHIFT5_V1,"{'ma_type': 'SMA', 'period': 25, 'display_shift': 5}",4H,DOWN,PRICE_CROSS_DOWN_MA,PRICE_CROSS_UP_MA,PRICE_CROSS_DOWN_MA,PROJECT_RESEARCH,True,DINAPOLI_DMA,MULTITF_INDICATOR_PARAMETER_SEARCH_V2,SINGLE_FAMILY_SINGLE_PRIMITIVE,0.34709194527059095,0.34824675324675325,322,100,STABLE_POSITIVE_FOLDS,STABLE_POSITIVE,NORMAL,NORMAL,STABLE_POSITIVE
DMA|DMA_SMA_P25_SHIFT5_V1|PRICE_CROSS_UP_MA|PRICE_CROSS_DOWN_MA|4H|UP,DMA,DINAPOLI_DMA,DMA_SMA_P25_SHIFT5_V1,"{'ma_type': 'SMA', 'period': 25, 'display_shift': 5}",4H,UP,PRICE_CROSS_UP_MA,PRICE_CROSS_UP_MA,PRICE_CROSS_DOWN_MA,PROJECT_RESEARCH,True,DINAPOLI_DMA,MULTITF_INDICATOR_PARAMETER_SEARCH_V2,SINGLE_FAMILY_SINGLE_PRIMITIVE,0.3120847062053817,0.3813732592771472,320,101,STABLE_POSITIVE_FOLDS,STABLE_POSITIVE,NORMAL,NORMAL,STABLE_POSITIVE
DMA|DMA_SMA_P25_SHIFT5_V1|PRICE_CROSS_UP_MA|PRICE_CROSS_DOWN_MA|5m|DOWN,DMA,DINAPOLI_DMA,DMA_SMA_P25_SHIFT5_V1,"{'ma_type': 'SMA', 'period': 25, 'display_shift': 5}",5m,DOWN,PRICE_CROSS_DOWN_MA,PRICE_CROSS_UP_MA,PRICE_CROSS_DOWN_MA,PROJECT_RESEARCH,True,DINAPOLI_DMA,MULTITF_INDICATOR_PARAMETER_SEARCH_V2,SINGLE_FAMILY_SINGLE_PRIMITIVE,0.0,0.003912524965156545,18795,6336,UNSTABLE_DISCOVERY,WEAK_POSITIVE,NORMAL,NORMAL,WEAK_POSITIVE
DMA|DMA_SMA_P25_SHIFT5_V1|PRICE_CROSS_UP_MA|PRICE_CROSS_DOWN_MA|5m|UP,DMA,DINAPOLI_DMA,DMA_SMA_P25_SHIFT5_V1,"{'ma_type': 'SMA', 'period': 25, 'display_shift': 5}",5m,UP,PRICE_CROSS_UP_MA,PRICE_CROSS_UP_MA,PRICE_CROSS_DOWN_MA,PROJECT_RESEARCH,True,DINAPOLI_DMA,MULTITF_INDICATOR_PARAMETER_SEARCH_V2,SINGLE_FAMILY_SINGLE_PRIMITIVE,0.0,0.004037061600635531,18793,6334,UNSTABLE_DISCOVERY,WEAK_POSITIVE,NORMAL,NORMAL,WEAK_POSITIVE
DMA|DMA_SMA_P25_SHIFT5_V1|PRICE_CROSS_UP_MA|PRICE_CROSS_DOWN_MA|6H|DOWN,DMA,DINAPOLI_DMA,DMA_SMA_P25_SHIFT5_V1,"{'ma_type': 'SMA', 'period': 25, 'display_shift': 5}",6H,DOWN,PRICE_CROSS_DOWN_MA,PRICE_CROSS_UP_MA,PRICE_CROSS_DOWN_MA,PROJECT_RESEARCH,True,DINAPOLI_DMA,MULTITF_INDICATOR_PARAMETER_SEARCH_V2,SINGLE_FAMILY_SINGLE_PRIMITIVE,0.29329937747594786,0.3445253505933118,225,72,STABLE_POSITIVE_FOLDS,STABLE_POSITIVE,NORMAL,LOW_SAMPLE,STABLE_POSITIVE
DMA|DMA_SMA_P25_SHIFT5_V1|PRICE_CROSS_UP_MA|PRICE_CROSS_DOWN_MA|6H|UP,DMA,DINAPOLI_DMA,DMA_SMA_P25_SHIFT5_V1,"{'ma_type': 'SMA', 'period': 25, 'display_shift': 5}",6H,UP,PRICE_CROSS_UP_MA,PRICE_CROSS_UP_MA,PRICE_CROSS_DOWN_MA,PROJECT_RESEARCH,True,DINAPOLI_DMA,MULTITF_INDICATOR_PARAMETER_SEARCH_V2,SINGLE_FAMILY_SINGLE_PRIMITIVE,0.34813091195731266,0.32587445138981247,224,73,STABLE_POSITIVE_FOLDS,STABLE_POSITIVE,NORMAL,LOW_SAMPLE,STABLE_POSITIVE
DMA|DMA_SMA_P25_SHIFT5_V1|PRICE_CROSS_UP_MA|PRICE_CROSS_DOWN_MA|8H|DOWN,DMA,DINAPOLI_DMA,DMA_SMA_P25_SHIFT5_V1,"{'ma_type': 'SMA', 'period': 25, 'display_shift': 5}",8H,DOWN,PRICE_CROSS_DOWN_MA,PRICE_CROSS_UP_MA,PRICE_CROSS_DOWN_MA,PROJECT_RESEARCH,True,DINAPOLI_DMA,MULTITF_INDICATOR_PARAMETER_SEARCH_V2,SINGLE_FAMILY_SINGLE_PRIMITIVE,0.30139697573825236,0.37979797979797975,161,60,STABLE_POSITIVE_FOLDS,STABLE_POSITIVE,NORMAL,LOW_SAMPLE,STABLE_POSITIVE
DMA|DMA_SMA_P25_SHIFT5_V1|PRICE_CROSS_UP_MA|PRICE_CROSS_DOWN_MA|8H|UP,DMA,DINAPOLI_DMA,DMA_SMA_P25_SHIFT5_V1,"{'ma_type': 'SMA', 'period': 25, 'display_shift': 5}",8H,UP,PRICE_CROSS_UP_MA,PRICE_CROSS_UP_MA,PRICE_CROSS_DOWN_MA,PROJECT_RESEARCH,True,DINAPOLI_DMA,MULTITF_INDICATOR_PARAMETER_SEARCH_V2,SINGLE_FAMILY_SINGLE_PRIMITIVE,0.38310185185185186,0.3264935636483661,160,61,STABLE_POSITIVE_FOLDS,STABLE_POSITIVE,NORMAL,LOW_SAMPLE,STABLE_POSITIVE
DMA|DMA_SMA_P25_SHIFT8_V1|MA_SLOPE_TURN_UP|MA_SLOPE_TURN_DOWN|15m|DOWN,DMA,PROJECT_RESEARCH_DMA,DMA_SMA_P25_SHIFT8_V1,"{'ma_type': 'SMA', 'period': 25, 'display_shift': 8}",15m,DOWN,MA_SLOPE_TURN_DOWN,MA_SLOPE_TURN_UP,MA_SLOPE_TURN_DOWN,PROJECT_RESEARCH,False,PROJECT_RESEARCH_DMA,MULTITF_INDICATOR_PARAMETER_SEARCH_V2,SINGLE_FAMILY_SINGLE_PRIMITIVE,0.010972756706570415,0.028974372196153248,5413,1886,STABLE_POSITIVE_FOLDS,WEAK_POSITIVE,NORMAL,NORMAL,WEAK_POSITIVE
DMA|DMA_SMA_P25_SHIFT8_V1|MA_SLOPE_TURN_UP|MA_SLOPE_TURN_DOWN|15m|UP,DMA,PROJECT_RESEARCH_DMA,DMA_SMA_P25_SHIFT8_V1,"{'ma_type': 'SMA', 'period': 25, 'display_shift': 8}",15m,UP,MA_SLOPE_TURN_UP,MA_SLOPE_TURN_UP,MA_SLOPE_TURN_DOWN,PROJECT_RESEARCH,False,PROJECT_RESEARCH_DMA,MULTITF_INDICATOR_PARAMETER_SEARCH_V2,SINGLE_FAMILY_SINGLE_PRIMITIVE,0.010610748840750733,0.03002129841763034,5410,1887,STABLE_POSITIVE_FOLDS,WEAK_POSITIVE,NORMAL,NORMAL,WEAK_POSITIVE
DMA|DMA_SMA_P25_SHIFT8_V1|MA_SLOPE_TURN_UP|MA_SLOPE_TURN_DOWN|30m|DOWN,DMA,PROJECT_RESEARCH_DMA,DMA_SMA_P25_SHIFT8_V1,"{'ma_type': 'SMA', 'period': 25, 'display_shift': 8}",30m,DOWN,MA_SLOPE_TURN_DOWN,MA_SLOPE_TURN_UP,MA_SLOPE_TURN_DOWN,PROJECT_RESEARCH,False,PROJECT_RESEARCH_DMA,MULTITF_INDICATOR_PARAMETER_SEARCH_V2,SINGLE_FAMILY_SINGLE_PRIMITIVE,0.02365896274949346,0.03460038986354776,2577,864,STABLE_POSITIVE_FOLDS,STABLE_POSITIVE,NORMAL,NORMAL,STABLE_POSITIVE
DMA|DMA_SMA_P25_SHIFT8_V1|PRICE_CROSS_UP_MA|PRICE_CROSS_DOWN_MA|12H|DOWN,DMA,PROJECT_RESEARCH_DMA,DMA_SMA_P25_SHIFT8_V1,"{'ma_type': 'SMA', 'period': 25, 'display_shift': 8}",12H,DOWN,PRICE_CROSS_DOWN_MA,PRICE_CROSS_UP_MA,PRICE_CROSS_DOWN_MA,PROJECT_RESEARCH,False,PROJECT_RESEARCH_DMA,MULTITF_INDICATOR_PARAMETER_SEARCH_V2,SINGLE_FAMILY_SINGLE_PRIMITIVE,0.3518659420289855,0.3578547075793338,96,41,STABLE_POSITIVE_FOLDS,STABLE_POSITIVE,LOW_SAMPLE,LOW_SAMPLE,STABLE_POSITIVE
DMA|DMA_SMA_P25_SHIFT8_V1|PRICE_CROSS_UP_MA|PRICE_CROSS_DOWN_MA|12H|UP,DMA,PROJECT_RESEARCH_DMA,DMA_SMA_P25_SHIFT8_V1,"{'ma_type': 'SMA', 'period': 25, 'display_shift': 8}",12H,UP,PRICE_CROSS_UP_MA,PRICE_CROSS_UP_MA,PRICE_CROSS_DOWN_MA,PROJECT_RESEARCH,False,PROJECT_RESEARCH_DMA,MULTITF_INDICATOR_PARAMETER_SEARCH_V2,SINGLE_FAMILY_SINGLE_PRIMITIVE,0.3689528699798277,0.3543758967001434,95,41,STABLE_POSITIVE_FOLDS,STABLE_POSITIVE,LOW_SAMPLE,LOW_SAMPLE,STABLE_POSITIVE
DMA|DMA_SMA_P25_SHIFT8_V1|PRICE_CROSS_UP_MA|PRICE_CROSS_DOWN_MA|1H|DOWN,DMA,PROJECT_RESEARCH_DMA,DMA_SMA_P25_SHIFT8_V1,"{'ma_type': 'SMA', 'period': 25, 'display_shift': 8}",1H,DOWN,PRICE_CROSS_DOWN_MA,PRICE_CROSS_UP_MA,PRICE_CROSS_DOWN_MA,PROJECT_RESEARCH,False,PROJECT_RESEARCH_DMA,MULTITF_INDICATOR_PARAMETER_SEARCH_V2,SINGLE_FAMILY_SINGLE_PRIMITIVE,0.30960749010490457,0.35584781039724145,1441,458,STABLE_POSITIVE_FOLDS,STABLE_POSITIVE,NORMAL,NORMAL,STABLE_POSITIVE
DMA|DMA_SMA_P25_SHIFT8_V1|PRICE_CROSS_UP_MA|PRICE_CROSS_DOWN_MA|1H|UP,DMA,PROJECT_RESEARCH_DMA,DMA_SMA_P25_SHIFT8_V1,"{'ma_type': 'SMA', 'period': 25, 'display_shift': 8}",1H,UP,PRICE_CROSS_UP_MA,PRICE_CROSS_UP_MA,PRICE_CROSS_DOWN_MA,PROJECT_RESEARCH,False,PROJECT_RESEARCH_DMA,MULTITF_INDICATOR_PARAMETER_SEARCH_V2,SINGLE_FAMILY_SINGLE_PRIMITIVE,0.3312451728250233,0.3790855745810356,1435,458,STABLE_POSITIVE_FOLDS,STABLE_POSITIVE,NORMAL,NORMAL,STABLE_POSITIVE
DMA|DMA_SMA_P25_SHIFT8_V1|PRICE_CROSS_UP_MA|PRICE_CROSS_DOWN_MA|2H|UP,DMA,PROJECT_RESEARCH_DMA,DMA_SMA_P25_SHIFT8_V1,"{'ma_type': 'SMA', 'period': 25, 'display_shift': 8}",2H,UP,PRICE_CROSS_UP_MA,PRICE_CROSS_UP_MA,PRICE_CROSS_DOWN_MA,PROJECT_RESEARCH,False,PROJECT_RESEARCH_DMA,MULTITF_INDICATOR_PARAMETER_SEARCH_V2,SINGLE_FAMILY_SINGLE_PRIMITIVE,0.3262371350909443,0.3484910515849807,682,249,STABLE_POSITIVE_FOLDS,STABLE_POSITIVE,NORMAL,NORMAL,STABLE_POSITIVE
DMA|DMA_SMA_P25_SHIFT8_V1|PRICE_CROSS_UP_MA|PRICE_CROSS_DOWN_MA|30m|UP,DMA,PROJECT_RESEARCH_DMA,DMA_SMA_P25_SHIFT8_V1,"{'ma_type': 'SMA', 'period': 25, 'display_shift': 8}",30m,UP,PRICE_CROSS_UP_MA,PRICE_CROSS_UP_MA,PRICE_CROSS_DOWN_MA,PROJECT_RESEARCH,False,PROJECT_RESEARCH_DMA,MULTITF_INDICATOR_PARAMETER_SEARCH_V2,SINGLE_FAMILY_SINGLE_PRIMITIVE,0.018483834955090102,0.027892495947766133,3051,1080,STABLE_POSITIVE_FOLDS,WEAK_POSITIVE,NORMAL,NORMAL,WEAK_POSITIVE
DMA|DMA_SMA_P3_SHIFT3_V1|MA_SLOPE_TURN_UP|MA_SLOPE_TURN_DOWN|12H|DOWN,DMA,DINAPOLI_DMA,DMA_SMA_P3_SHIFT3_V1,"{'ma_type': 'SMA', 'period': 3, 'display_shift': 3}",12H,DOWN,MA_SLOPE_TURN_DOWN,MA_SLOPE_TURN_UP,MA_SLOPE_TURN_DOWN,NUMERIC_REFERENCE_TESTED,True,DINAPOLI_DMA,MULTITF_INDICATOR_PARAMETER_SEARCH_V2,SINGLE_FAMILY_SINGLE_PRIMITIVE,0.26110182693669454,0.23149001536098313,307,105,STABLE_POSITIVE_FOLDS,STABLE_POSITIVE,NORMAL,NORMAL,STABLE_POSITIVE
DMA|DMA_SMA_P3_SHIFT3_V1|MA_SLOPE_TURN_UP|MA_SLOPE_TURN_DOWN|12H|UP,DMA,DINAPOLI_DMA,DMA_SMA_P3_SHIFT3_V1,"{'ma_type': 'SMA', 'period': 3, 'display_shift': 3}",12H,UP,MA_SLOPE_TURN_UP,MA_SLOPE_TURN_UP,MA_SLOPE_TURN_DOWN,NUMERIC_REFERENCE_TESTED,True,DINAPOLI_DMA,MULTITF_INDICATOR_PARAMETER_SEARCH_V2,SINGLE_FAMILY_SINGLE_PRIMITIVE,0.24611145271116575,0.24139844617092115,306,106,STABLE_POSITIVE_FOLDS,STABLE_POSITIVE,NORMAL,NORMAL,STABLE_POSITIVE
DMA|DMA_SMA_P3_SHIFT3_V1|MA_SLOPE_TURN_UP|MA_SLOPE_TURN_DOWN|15m|DOWN,DMA,DINAPOLI_DMA,DMA_SMA_P3_SHIFT3_V1,"{'ma_type': 'SMA', 'period': 3, 'display_shift': 3}",15m,DOWN,MA_SLOPE_TURN_DOWN,MA_SLOPE_TURN_UP,MA_SLOPE_TURN_DOWN,NUMERIC_REFERENCE_TESTED,True,DINAPOLI_DMA,MULTITF_INDICATOR_PARAMETER_SEARCH_V2,SINGLE_FAMILY_SINGLE_PRIMITIVE,0.002227749011802292,0.0060668178926466905,15226,5264,STABLE_POSITIVE_FOLDS,WEAK_POSITIVE,NORMAL,NORMAL,WEAK_POSITIVE
DMA|DMA_SMA_P3_SHIFT3_V1|MA_SLOPE_TURN_UP|MA_SLOPE_TURN_DOWN|15m|UP,DMA,DINAPOLI_DMA,DMA_SMA_P3_SHIFT3_V1,"{'ma_type': 'SMA', 'period': 3, 'display_shift': 3}",15m,UP,MA_SLOPE_TURN_UP,MA_SLOPE_TURN_UP,MA_SLOPE_TURN_DOWN,NUMERIC_REFERENCE_TESTED,True,DINAPOLI_DMA,MULTITF_INDICATOR_PARAMETER_SEARCH_V2,SINGLE_FAMILY_SINGLE_PRIMITIVE,0.002225582527659431,0.006088856813517551,15233,5258,STABLE_POSITIVE_FOLDS,WEAK_POSITIVE,NORMAL,NORMAL,WEAK_POSITIVE
DMA|DMA_SMA_P3_SHIFT3_V1|MA_SLOPE_TURN_UP|MA_SLOPE_TURN_DOWN|1D|DOWN,DMA,DINAPOLI_DMA,DMA_SMA_P3_SHIFT3_V1,"{'ma_type': 'SMA', 'period': 3, 'display_shift': 3}",1D,DOWN,MA_SLOPE_TURN_DOWN,MA_SLOPE_TURN_UP,MA_SLOPE_TURN_DOWN,NUMERIC_REFERENCE_TESTED,True,DINAPOLI_DMA,MULTITF_INDICATOR_PARAMETER_SEARCH_V2,SINGLE_FAMILY_SINGLE_PRIMITIVE,0.2807359307359307,0.26451731086279534,154,53,STABLE_POSITIVE_FOLDS,STABLE_POSITIVE,NORMAL,LOW_SAMPLE,STABLE_POSITIVE
DMA|DMA_SMA_P3_SHIFT3_V1|MA_SLOPE_TURN_UP|MA_SLOPE_TURN_DOWN|1D|UP,DMA,DINAPOLI_DMA,DMA_SMA_P3_SHIFT3_V1,"{'ma_type': 'SMA', 'period': 3, 'display_shift': 3}",1D,UP,MA_SLOPE_TURN_UP,MA_SLOPE_TURN_UP,MA_SLOPE_TURN_DOWN,NUMERIC_REFERENCE_TESTED,True,DINAPOLI_DMA,MULTITF_INDICATOR_PARAMETER_SEARCH_V2,SINGLE_FAMILY_SINGLE_PRIMITIVE,0.26047609679323236,0.275997150997151,153,54,STABLE_POSITIVE_FOLDS,STABLE_POSITIVE,NORMAL,LOW_SAMPLE,STABLE_POSITIVE
DMA|DMA_SMA_P3_SHIFT3_V1|MA_SLOPE_TURN_UP|MA_SLOPE_TURN_DOWN|1H|DOWN,DMA,DINAPOLI_DMA,DMA_SMA_P3_SHIFT3_V1,"{'ma_type': 'SMA', 'period': 3, 'display_shift': 3}",1H,DOWN,MA_SLOPE_TURN_DOWN,MA_SLOPE_TURN_UP,MA_SLOPE_TURN_DOWN,NUMERIC_REFERENCE_TESTED,True,DINAPOLI_DMA,MULTITF_INDICATOR_PARAMETER_SEARCH_V2,SINGLE_FAMILY_SINGLE_PRIMITIVE,0.09876263521424812,0.10263565223779642,3900,1318,STABLE_POSITIVE_FOLDS,STABLE_POSITIVE,NORMAL,NORMAL,STABLE_POSITIVE
DMA|DMA_SMA_P3_SHIFT3_V1|MA_SLOPE_TURN_UP|MA_SLOPE_TURN_DOWN|1H|UP,DMA,DINAPOLI_DMA,DMA_SMA_P3_SHIFT3_V1,"{'ma_type': 'SMA', 'period': 3, 'display_shift': 3}",1H,UP,MA_SLOPE_TURN_UP,MA_SLOPE_TURN_UP,MA_SLOPE_TURN_DOWN,NUMERIC_REFERENCE_TESTED,True,DINAPOLI_DMA,MULTITF_INDICATOR_PARAMETER_SEARCH_V2,SINGLE_FAMILY_SINGLE_PRIMITIVE,0.10005549042460218,0.10564957587981436,3892,1318,STABLE_POSITIVE_FOLDS,STABLE_POSITIVE,NORMAL,NORMAL,STABLE_POSITIVE
DMA|DMA_SMA_P3_SHIFT3_V1|MA_SLOPE_TURN_UP|MA_SLOPE_TURN_DOWN|2H|DOWN,DMA,DINAPOLI_DMA,DMA_SMA_P3_SHIFT3_V1,"{'ma_type': 'SMA', 'period': 3, 'display_shift': 3}",2H,DOWN,MA_SLOPE_TURN_DOWN,MA_SLOPE_TURN_UP,MA_SLOPE_TURN_DOWN,NUMERIC_REFERENCE_TESTED,True,DINAPOLI_DMA,MULTITF_INDICATOR_PARAMETER_SEARCH_V2,SINGLE_FAMILY_SINGLE_PRIMITIVE,0.09703798399090925,0.10578822670894675,1962,673,STABLE_POSITIVE_FOLDS,STABLE_POSITIVE,NORMAL,NORMAL,STABLE_POSITIVE
DMA|DMA_SMA_P3_SHIFT3_V1|MA_SLOPE_TURN_UP|MA_SLOPE_TURN_DOWN|2H|UP,DMA,DINAPOLI_DMA,DMA_SMA_P3_SHIFT3_V1,"{'ma_type': 'SMA', 'period': 3, 'display_shift': 3}",2H,UP,MA_SLOPE_TURN_UP,MA_SLOPE_TURN_UP,MA_SLOPE_TURN_DOWN,NUMERIC_REFERENCE_TESTED,True,DINAPOLI_DMA,MULTITF_INDICATOR_PARAMETER_SEARCH_V2,SINGLE_FAMILY_SINGLE_PRIMITIVE,0.09619162380569843,0.10456579566515897,1964,674,STABLE_POSITIVE_FOLDS,STABLE_POSITIVE,NORMAL,NORMAL,STABLE_POSITIVE
DMA|DMA_SMA_P3_SHIFT3_V1|MA_SLOPE_TURN_UP|MA_SLOPE_TURN_DOWN|30m|DOWN,DMA,DINAPOLI_DMA,DMA_SMA_P3_SHIFT3_V1,"{'ma_type': 'SMA', 'period': 3, 'display_shift': 3}",30m,DOWN,MA_SLOPE_TURN_DOWN,MA_SLOPE_TURN_UP,MA_SLOPE_TURN_DOWN,NUMERIC_REFERENCE_TESTED,True,DINAPOLI_DMA,MULTITF_INDICATOR_PARAMETER_SEARCH_V2,SINGLE_FAMILY_SINGLE_PRIMITIVE,0.004583638808141909,0.006830888615969732,7778,2657,STABLE_POSITIVE_FOLDS,WEAK_POSITIVE,NORMAL,NORMAL,WEAK_POSITIVE
DMA|DMA_SMA_P3_SHIFT3_V1|MA_SLOPE_TURN_UP|MA_SLOPE_TURN_DOWN|30m|UP,DMA,DINAPOLI_DMA,DMA_SMA_P3_SHIFT3_V1,"{'ma_type': 'SMA', 'period': 3, 'display_shift': 3}",30m,UP,MA_SLOPE_TURN_UP,MA_SLOPE_TURN_UP,MA_SLOPE_TURN_DOWN,NUMERIC_REFERENCE_TESTED,True,DINAPOLI_DMA,MULTITF_INDICATOR_PARAMETER_SEARCH_V2,SINGLE_FAMILY_SINGLE_PRIMITIVE,0.004582960447258796,0.006830293790755851,7780,2658,STABLE_POSITIVE_FOLDS,WEAK_POSITIVE,NORMAL,NORMAL,WEAK_POSITIVE
DMA|DMA_SMA_P3_SHIFT3_V1|MA_SLOPE_TURN_UP|MA_SLOPE_TURN_DOWN|4H|DOWN,DMA,DINAPOLI_DMA,DMA_SMA_P3_SHIFT3_V1,"{'ma_type': 'SMA', 'period': 3, 'display_shift': 3}",4H,DOWN,MA_SLOPE_TURN_DOWN,MA_SLOPE_TURN_UP,MA_SLOPE_TURN_DOWN,NUMERIC_REFERENCE_TESTED,True,DINAPOLI_DMA,MULTITF_INDICATOR_PARAMETER_SEARCH_V2,SINGLE_FAMILY_SINGLE_PRIMITIVE,0.1138365013343138,0.11695643066610809,933,310,STABLE_POSITIVE_FOLDS,STABLE_POSITIVE,NORMAL,NORMAL,STABLE_POSITIVE
DMA|DMA_SMA_P3_SHIFT3_V1|MA_SLOPE_TURN_UP|MA_SLOPE_TURN_DOWN|4H|UP,DMA,DINAPOLI_DMA,DMA_SMA_P3_SHIFT3_V1,"{'ma_type': 'SMA', 'period': 3, 'display_shift': 3}",4H,UP,MA_SLOPE_TURN_UP,MA_SLOPE_TURN_UP,MA_SLOPE_TURN_DOWN,NUMERIC_REFERENCE_TESTED,True,DINAPOLI_DMA,MULTITF_INDICATOR_PARAMETER_SEARCH_V2,SINGLE_FAMILY_SINGLE_PRIMITIVE,0.1134177715858747,0.11758032049773874,933,311,STABLE_POSITIVE_FOLDS,STABLE_POSITIVE,NORMAL,NORMAL,STABLE_POSITIVE
DMA|DMA_SMA_P3_SHIFT3_V1|MA_SLOPE_TURN_UP|MA_SLOPE_TURN_DOWN|5m|DOWN,DMA,DINAPOLI_DMA,DMA_SMA_P3_SHIFT3_V1,"{'ma_type': 'SMA', 'period': 3, 'display_shift': 3}",5m,DOWN,MA_SLOPE_TURN_DOWN,MA_SLOPE_TURN_UP,MA_SLOPE_TURN_DOWN,NUMERIC_REFERENCE_TESTED,True,DINAPOLI_DMA,MULTITF_INDICATOR_PARAMETER_SEARCH_V2,SINGLE_FAMILY_SINGLE_PRIMITIVE,0.0,0.0009270689595663104,44424,15496,UNSTABLE_DISCOVERY,WEAK_POSITIVE,NORMAL,NORMAL,WEAK_POSITIVE
DMA|DMA_SMA_P3_SHIFT3_V1|MA_SLOPE_TURN_UP|MA_SLOPE_TURN_DOWN|5m|UP,DMA,DINAPOLI_DMA,DMA_SMA_P3_SHIFT3_V1,"{'ma_type': 'SMA', 'period': 3, 'display_shift': 3}",5m,UP,MA_SLOPE_TURN_UP,MA_SLOPE_TURN_UP,MA_SLOPE_TURN_DOWN,NUMERIC_REFERENCE_TESTED,True,DINAPOLI_DMA,MULTITF_INDICATOR_PARAMETER_SEARCH_V2,SINGLE_FAMILY_SINGLE_PRIMITIVE,0.0,0.0009569404223018941,44453,15494,UNSTABLE_DISCOVERY,WEAK_POSITIVE,NORMAL,NORMAL,WEAK_POSITIVE
DMA|DMA_SMA_P3_SHIFT3_V1|MA_SLOPE_TURN_UP|MA_SLOPE_TURN_DOWN|6H|DOWN,DMA,DINAPOLI_DMA,DMA_SMA_P3_SHIFT3_V1,"{'ma_type': 'SMA', 'period': 3, 'display_shift': 3}",6H,DOWN,MA_SLOPE_TURN_DOWN,MA_SLOPE_TURN_UP,MA_SLOPE_TURN_DOWN,NUMERIC_REFERENCE_TESTED,True,DINAPOLI_DMA,MULTITF_INDICATOR_PARAMETER_SEARCH_V2,SINGLE_FAMILY_SINGLE_PRIMITIVE,0.26820133826026166,0.2976589028647951,595,203,STABLE_POSITIVE_FOLDS,STABLE_POSITIVE,NORMAL,NORMAL,STABLE_POSITIVE
DMA|DMA_SMA_P3_SHIFT3_V1|MA_SLOPE_TURN_UP|MA_SLOPE_TURN_DOWN|6H|UP,DMA,DINAPOLI_DMA,DMA_SMA_P3_SHIFT3_V1,"{'ma_type': 'SMA', 'period': 3, 'display_shift': 3}",6H,UP,MA_SLOPE_TURN_UP,MA_SLOPE_TURN_UP,MA_SLOPE_TURN_DOWN,NUMERIC_REFERENCE_TESTED,True,DINAPOLI_DMA,MULTITF_INDICATOR_PARAMETER_SEARCH_V2,SINGLE_FAMILY_SINGLE_PRIMITIVE,0.2784008734772741,0.26047020750047595,594,204,STABLE_POSITIVE_FOLDS,STABLE_POSITIVE,NORMAL,NORMAL,STABLE_POSITIVE
DMA|DMA_SMA_P3_SHIFT3_V1|MA_SLOPE_TURN_UP|MA_SLOPE_TURN_DOWN|8H|DOWN,DMA,DINAPOLI_DMA,DMA_SMA_P3_SHIFT3_V1,"{'ma_type': 'SMA', 'period': 3, 'display_shift': 3}",8H,DOWN,MA_SLOPE_TURN_DOWN,MA_SLOPE_TURN_UP,MA_SLOPE_TURN_DOWN,NUMERIC_REFERENCE_TESTED,True,DINAPOLI_DMA,MULTITF_INDICATOR_PARAMETER_SEARCH_V2,SINGLE_FAMILY_SINGLE_PRIMITIVE,0.2363342196237192,0.23183050012318301,482,164,STABLE_POSITIVE_FOLDS,STABLE_POSITIVE,NORMAL,NORMAL,STABLE_POSITIVE
DMA|DMA_SMA_P3_SHIFT3_V1|MA_SLOPE_TURN_UP|MA_SLOPE_TURN_DOWN|8H|UP,DMA,DINAPOLI_DMA,DMA_SMA_P3_SHIFT3_V1,"{'ma_type': 'SMA', 'period': 3, 'display_shift': 3}",8H,UP,MA_SLOPE_TURN_UP,MA_SLOPE_TURN_UP,MA_SLOPE_TURN_DOWN,NUMERIC_REFERENCE_TESTED,True,DINAPOLI_DMA,MULTITF_INDICATOR_PARAMETER_SEARCH_V2,SINGLE_FAMILY_SINGLE_PRIMITIVE,0.24319002612571083,0.24830181004677654,482,165,STABLE_POSITIVE_FOLDS,STABLE_POSITIVE,NORMAL,NORMAL,STABLE_POSITIVE
DMA|DMA_SMA_P3_SHIFT3_V1|PRICE_CROSS_UP_MA|PRICE_CROSS_DOWN_MA|12H|DOWN,DMA,DINAPOLI_DMA,DMA_SMA_P3_SHIFT3_V1,"{'ma_type': 'SMA', 'period': 3, 'display_shift': 3}",12H,DOWN,PRICE_CROSS_DOWN_MA,PRICE_CROSS_UP_MA,PRICE_CROSS_DOWN_MA,NUMERIC_REFERENCE_TESTED,True,DINAPOLI_DMA,MULTITF_INDICATOR_PARAMETER_SEARCH_V2,SINGLE_FAMILY_SINGLE_PRIMITIVE,0.10504265597697604,0.10944174399764323,423,146,STABLE_POSITIVE_FOLDS,STABLE_POSITIVE,NORMAL,NORMAL,STABLE_POSITIVE
DMA|DMA_SMA_P3_SHIFT3_V1|PRICE_CROSS_UP_MA|PRICE_CROSS_DOWN_MA|12H|UP,DMA,DINAPOLI_DMA,DMA_SMA_P3_SHIFT3_V1,"{'ma_type': 'SMA', 'period': 3, 'display_shift': 3}",12H,UP,PRICE_CROSS_UP_MA,PRICE_CROSS_UP_MA,PRICE_CROSS_DOWN_MA,NUMERIC_REFERENCE_TESTED,True,DINAPOLI_DMA,MULTITF_INDICATOR_PARAMETER_SEARCH_V2,SINGLE_FAMILY_SINGLE_PRIMITIVE,0.12338860470671575,0.08243297318927567,423,147,STABLE_POSITIVE_FOLDS,STABLE_POSITIVE,NORMAL,NORMAL,STABLE_POSITIVE
DMA|DMA_SMA_P3_SHIFT3_V1|PRICE_CROSS_UP_MA|PRICE_CROSS_DOWN_MA|15m|DOWN,DMA,DINAPOLI_DMA,DMA_SMA_P3_SHIFT3_V1,"{'ma_type': 'SMA', 'period': 3, 'display_shift': 3}",15m,DOWN,PRICE_CROSS_DOWN_MA,PRICE_CROSS_UP_MA,PRICE_CROSS_DOWN_MA,NUMERIC_REFERENCE_TESTED,True,DINAPOLI_DMA,MULTITF_INDICATOR_PARAMETER_SEARCH_V2,SINGLE_FAMILY_SINGLE_PRIMITIVE,0.0008996041182781633,0.002531279902151005,20847,7099,STABLE_POSITIVE_FOLDS,WEAK_POSITIVE,NORMAL,NORMAL,WEAK_POSITIVE
DMA|DMA_SMA_P3_SHIFT3_V1|PRICE_CROSS_UP_MA|PRICE_CROSS_DOWN_MA|15m|UP,DMA,DINAPOLI_DMA,DMA_SMA_P3_SHIFT3_V1,"{'ma_type': 'SMA', 'period': 3, 'display_shift': 3}",15m,UP,PRICE_CROSS_UP_MA,PRICE_CROSS_UP_MA,PRICE_CROSS_DOWN_MA,NUMERIC_REFERENCE_TESTED,True,DINAPOLI_DMA,MULTITF_INDICATOR_PARAMETER_SEARCH_V2,SINGLE_FAMILY_SINGLE_PRIMITIVE,0.0008990110118049085,0.0025405690081655016,20851,7097,STABLE_POSITIVE_FOLDS,WEAK_POSITIVE,NORMAL,NORMAL,WEAK_POSITIVE
DMA|DMA_SMA_P3_SHIFT3_V1|PRICE_CROSS_UP_MA|PRICE_CROSS_DOWN_MA|1D|DOWN,DMA,DINAPOLI_DMA,DMA_SMA_P3_SHIFT3_V1,"{'ma_type': 'SMA', 'period': 3, 'display_shift': 3}",1D,DOWN,PRICE_CROSS_DOWN_MA,PRICE_CROSS_UP_MA,PRICE_CROSS_DOWN_MA,NUMERIC_REFERENCE_TESTED,True,DINAPOLI_DMA,MULTITF_INDICATOR_PARAMETER_SEARCH_V2,SINGLE_FAMILY_SINGLE_PRIMITIVE,0.11874003189792665,0.12246879334257971,209,70,STABLE_POSITIVE_FOLDS,STABLE_POSITIVE,NORMAL,LOW_SAMPLE,STABLE_POSITIVE
DMA|DMA_SMA_P3_SHIFT3_V1|PRICE_CROSS_UP_MA|PRICE_CROSS_DOWN_MA|1D|UP,DMA,DINAPOLI_DMA,DMA_SMA_P3_SHIFT3_V1,"{'ma_type': 'SMA', 'period': 3, 'display_shift': 3}",1D,UP,PRICE_CROSS_UP_MA,PRICE_CROSS_UP_MA,PRICE_CROSS_DOWN_MA,NUMERIC_REFERENCE_TESTED,True,DINAPOLI_DMA,MULTITF_INDICATOR_PARAMETER_SEARCH_V2,SINGLE_FAMILY_SINGLE_PRIMITIVE,0.13858695652173914,0.13854279523293606,208,71,STABLE_POSITIVE_FOLDS,STABLE_POSITIVE,NORMAL,LOW_SAMPLE,STABLE_POSITIVE
DMA|DMA_SMA_P3_SHIFT3_V1|PRICE_CROSS_UP_MA|PRICE_CROSS_DOWN_MA|1H|DOWN,DMA,DINAPOLI_DMA,DMA_SMA_P3_SHIFT3_V1,"{'ma_type': 'SMA', 'period': 3, 'display_shift': 3}",1H,DOWN,PRICE_CROSS_DOWN_MA,PRICE_CROSS_UP_MA,PRICE_CROSS_DOWN_MA,NUMERIC_REFERENCE_TESTED,True,DINAPOLI_DMA,MULTITF_INDICATOR_PARAMETER_SEARCH_V2,SINGLE_FAMILY_SINGLE_PRIMITIVE,0.04275590730510896,0.046385888801820124,5267,1764,STABLE_POSITIVE_FOLDS,STABLE_POSITIVE,NORMAL,NORMAL,STABLE_POSITIVE
DMA|DMA_SMA_P3_SHIFT3_V1|PRICE_CROSS_UP_MA|PRICE_CROSS_DOWN_MA|1H|UP,DMA,DINAPOLI_DMA,DMA_SMA_P3_SHIFT3_V1,"{'ma_type': 'SMA', 'period': 3, 'display_shift': 3}",1H,UP,PRICE_CROSS_UP_MA,PRICE_CROSS_UP_MA,PRICE_CROSS_DOWN_MA,NUMERIC_REFERENCE_TESTED,True,DINAPOLI_DMA,MULTITF_INDICATOR_PARAMETER_SEARCH_V2,SINGLE_FAMILY_SINGLE_PRIMITIVE,0.042510568640792085,0.046739972584778605,5261,1764,STABLE_POSITIVE_FOLDS,STABLE_POSITIVE,NORMAL,NORMAL,STABLE_POSITIVE
DMA|DMA_SMA_P3_SHIFT3_V1|PRICE_CROSS_UP_MA|PRICE_CROSS_DOWN_MA|2H|DOWN,DMA,DINAPOLI_DMA,DMA_SMA_P3_SHIFT3_V1,"{'ma_type': 'SMA', 'period': 3, 'display_shift': 3}",2H,DOWN,PRICE_CROSS_DOWN_MA,PRICE_CROSS_UP_MA,PRICE_CROSS_DOWN_MA,NUMERIC_REFERENCE_TESTED,True,DINAPOLI_DMA,MULTITF_INDICATOR_PARAMETER_SEARCH_V2,SINGLE_FAMILY_SINGLE_PRIMITIVE,0.042898643755349256,0.046249814776665815,2656,894,STABLE_POSITIVE_FOLDS,STABLE_POSITIVE,NORMAL,NORMAL,STABLE_POSITIVE
DMA|DMA_SMA_P3_SHIFT3_V1|PRICE_CROSS_UP_MA|PRICE_CROSS_DOWN_MA|2H|UP,DMA,DINAPOLI_DMA,DMA_SMA_P3_SHIFT3_V1,"{'ma_type': 'SMA', 'period': 3, 'display_shift': 3}",2H,UP,PRICE_CROSS_UP_MA,PRICE_CROSS_UP_MA,PRICE_CROSS_DOWN_MA,NUMERIC_REFERENCE_TESTED,True,DINAPOLI_DMA,MULTITF_INDICATOR_PARAMETER_SEARCH_V2,SINGLE_FAMILY_SINGLE_PRIMITIVE,0.04357643890569282,0.04928751852777988,2653,893,STABLE_POSITIVE_FOLDS,STABLE_POSITIVE,NORMAL,NORMAL,STABLE_POSITIVE
DMA|DMA_SMA_P3_SHIFT3_V1|PRICE_CROSS_UP_MA|PRICE_CROSS_DOWN_MA|30m|DOWN,DMA,DINAPOLI_DMA,DMA_SMA_P3_SHIFT3_V1,"{'ma_type': 'SMA', 'period': 3, 'display_shift': 3}",30m,DOWN,PRICE_CROSS_DOWN_MA,PRICE_CROSS_UP_MA,PRICE_CROSS_DOWN_MA,NUMERIC_REFERENCE_TESTED,True,DINAPOLI_DMA,MULTITF_INDICATOR_PARAMETER_SEARCH_V2,SINGLE_FAMILY_SINGLE_PRIMITIVE,0.001948018104441636,0.003120615278980207,10551,3526,STABLE_POSITIVE_FOLDS,WEAK_POSITIVE,NORMAL,NORMAL,WEAK_POSITIVE
DMA|DMA_SMA_P3_SHIFT3_V1|PRICE_CROSS_UP_MA|PRICE_CROSS_DOWN_MA|30m|UP,DMA,DINAPOLI_DMA,DMA_SMA_P3_SHIFT3_V1,"{'ma_type': 'SMA', 'period': 3, 'display_shift': 3}",30m,UP,PRICE_CROSS_UP_MA,PRICE_CROSS_UP_MA,PRICE_CROSS_DOWN_MA,NUMERIC_REFERENCE_TESTED,True,DINAPOLI_DMA,MULTITF_INDICATOR_PARAMETER_SEARCH_V2,SINGLE_FAMILY_SINGLE_PRIMITIVE,0.001948516654304783,0.0031160405464878364,10553,3529,STABLE_POSITIVE_FOLDS,WEAK_POSITIVE,NORMAL,NORMAL,WEAK_POSITIVE
DMA|DMA_SMA_P3_SHIFT3_V1|PRICE_CROSS_UP_MA|PRICE_CROSS_DOWN_MA|4H|DOWN,DMA,DINAPOLI_DMA,DMA_SMA_P3_SHIFT3_V1,"{'ma_type': 'SMA', 'period': 3, 'display_shift': 3}",4H,DOWN,PRICE_CROSS_DOWN_MA,PRICE_CROSS_UP_MA,PRICE_CROSS_DOWN_MA,NUMERIC_REFERENCE_TESTED,True,DINAPOLI_DMA,MULTITF_INDICATOR_PARAMETER_SEARCH_V2,SINGLE_FAMILY_SINGLE_PRIMITIVE,0.0472766019769868,0.050660546350201535,1295,435,STABLE_POSITIVE_FOLDS,STABLE_POSITIVE,NORMAL,NORMAL,STABLE_POSITIVE
DMA|DMA_SMA_P3_SHIFT3_V1|PRICE_CROSS_UP_MA|PRICE_CROSS_DOWN_MA|4H|UP,DMA,DINAPOLI_DMA,DMA_SMA_P3_SHIFT3_V1,"{'ma_type': 'SMA', 'period': 3, 'display_shift': 3}",4H,UP,PRICE_CROSS_UP_MA,PRICE_CROSS_UP_MA,PRICE_CROSS_DOWN_MA,NUMERIC_REFERENCE_TESTED,True,DINAPOLI_DMA,MULTITF_INDICATOR_PARAMETER_SEARCH_V2,SINGLE_FAMILY_SINGLE_PRIMITIVE,0.048656107283133784,0.05113540790580319,1299,435,STABLE_POSITIVE_FOLDS,STABLE_POSITIVE,NORMAL,NORMAL,STABLE_POSITIVE
DMA|DMA_SMA_P3_SHIFT3_V1|PRICE_CROSS_UP_MA|PRICE_CROSS_DOWN_MA|5m|DOWN,DMA,DINAPOLI_DMA,DMA_SMA_P3_SHIFT3_V1,"{'ma_type': 'SMA', 'period': 3, 'display_shift': 3}",5m,DOWN,PRICE_CROSS_DOWN_MA,PRICE_CROSS_UP_MA,PRICE_CROSS_DOWN_MA,NUMERIC_REFERENCE_TESTED,True,DINAPOLI_DMA,MULTITF_INDICATOR_PARAMETER_SEARCH_V2,SINGLE_FAMILY_SINGLE_PRIMITIVE,0.0,0.00039774962622225697,61677,20837,UNSTABLE_DISCOVERY,WEAK_POSITIVE,NORMAL,NORMAL,WEAK_POSITIVE
DMA|DMA_SMA_P3_SHIFT3_V1|PRICE_CROSS_UP_MA|PRICE_CROSS_DOWN_MA|5m|UP,DMA,DINAPOLI_DMA,DMA_SMA_P3_SHIFT3_V1,"{'ma_type': 'SMA', 'period': 3, 'display_shift': 3}",5m,UP,PRICE_CROSS_UP_MA,PRICE_CROSS_UP_MA,PRICE_CROSS_DOWN_MA,NUMERIC_REFERENCE_TESTED,True,DINAPOLI_DMA,MULTITF_INDICATOR_PARAMETER_SEARCH_V2,SINGLE_FAMILY_SINGLE_PRIMITIVE,0.0,0.0004108049686294133,61710,20837,UNSTABLE_DISCOVERY,WEAK_POSITIVE,NORMAL,NORMAL,WEAK_POSITIVE
DMA|DMA_SMA_P3_SHIFT3_V1|PRICE_CROSS_UP_MA|PRICE_CROSS_DOWN_MA|6H|DOWN,DMA,DINAPOLI_DMA,DMA_SMA_P3_SHIFT3_V1,"{'ma_type': 'SMA', 'period': 3, 'display_shift': 3}",6H,DOWN,PRICE_CROSS_DOWN_MA,PRICE_CROSS_UP_MA,PRICE_CROSS_DOWN_MA,NUMERIC_REFERENCE_TESTED,True,DINAPOLI_DMA,MULTITF_INDICATOR_PARAMETER_SEARCH_V2,SINGLE_FAMILY_SINGLE_PRIMITIVE,0.12494212069763849,0.11298044952786279,836,292,STABLE_POSITIVE_FOLDS,STABLE_POSITIVE,NORMAL,NORMAL,STABLE_POSITIVE
DMA|DMA_SMA_P3_SHIFT3_V1|PRICE_CROSS_UP_MA|PRICE_CROSS_DOWN_MA|6H|UP,DMA,DINAPOLI_DMA,DMA_SMA_P3_SHIFT3_V1,"{'ma_type': 'SMA', 'period': 3, 'display_shift': 3}",6H,UP,PRICE_CROSS_UP_MA,PRICE_CROSS_UP_MA,PRICE_CROSS_DOWN_MA,NUMERIC_REFERENCE_TESTED,True,DINAPOLI_DMA,MULTITF_INDICATOR_PARAMETER_SEARCH_V2,SINGLE_FAMILY_SINGLE_PRIMITIVE,0.12139219015280134,0.11697034180077137,836,292,STABLE_POSITIVE_FOLDS,STABLE_POSITIVE,NORMAL,NORMAL,STABLE_POSITIVE
DMA|DMA_SMA_P3_SHIFT3_V1|PRICE_CROSS_UP_MA|PRICE_CROSS_DOWN_MA|8H|DOWN,DMA,DINAPOLI_DMA,DMA_SMA_P3_SHIFT3_V1,"{'ma_type': 'SMA', 'period': 3, 'display_shift': 3}",8H,DOWN,PRICE_CROSS_DOWN_MA,PRICE_CROSS_UP_MA,PRICE_CROSS_DOWN_MA,NUMERIC_REFERENCE_TESTED,True,DINAPOLI_DMA,MULTITF_INDICATOR_PARAMETER_SEARCH_V2,SINGLE_FAMILY_SINGLE_PRIMITIVE,0.12330937074093745,0.1211190243448308,613,217,STABLE_POSITIVE_FOLDS,STABLE_POSITIVE,NORMAL,NORMAL,STABLE_POSITIVE
DMA|DMA_SMA_P3_SHIFT3_V1|PRICE_CROSS_UP_MA|PRICE_CROSS_DOWN_MA|8H|UP,DMA,DINAPOLI_DMA,DMA_SMA_P3_SHIFT3_V1,"{'ma_type': 'SMA', 'period': 3, 'display_shift': 3}",8H,UP,PRICE_CROSS_UP_MA,PRICE_CROSS_UP_MA,PRICE_CROSS_DOWN_MA,NUMERIC_REFERENCE_TESTED,True,DINAPOLI_DMA,MULTITF_INDICATOR_PARAMETER_SEARCH_V2,SINGLE_FAMILY_SINGLE_PRIMITIVE,0.1398420479302832,0.13142663629086881,612,218,STABLE_POSITIVE_FOLDS,STABLE_POSITIVE,NORMAL,NORMAL,STABLE_POSITIVE
DMA|DMA_SMA_P7_SHIFT3_V1|PRICE_CROSS_UP_MA|PRICE_CROSS_DOWN_MA|5m|DOWN,DMA,PROJECT_RESEARCH_DMA,DMA_SMA_P7_SHIFT3_V1,"{'ma_type': 'SMA', 'period': 7, 'display_shift': 3}",5m,DOWN,PRICE_CROSS_DOWN_MA,PRICE_CROSS_UP_MA,PRICE_CROSS_DOWN_MA,NUMERIC_REFERENCE_TESTED,False,PROJECT_RESEARCH_DMA,MULTITF_INDICATOR_PARAMETER_SEARCH_V2,SINGLE_FAMILY_SINGLE_PRIMITIVE,0.0,0.0014132437048133366,36848,12543,UNSTABLE_DISCOVERY,WEAK_POSITIVE,NORMAL,NORMAL,WEAK_POSITIVE
DMA|DMA_SMA_P7_SHIFT3_V1|PRICE_CROSS_UP_MA|PRICE_CROSS_DOWN_MA|5m|UP,DMA,PROJECT_RESEARCH_DMA,DMA_SMA_P7_SHIFT3_V1,"{'ma_type': 'SMA', 'period': 7, 'display_shift': 3}",5m,UP,PRICE_CROSS_UP_MA,PRICE_CROSS_UP_MA,PRICE_CROSS_DOWN_MA,NUMERIC_REFERENCE_TESTED,False,PROJECT_RESEARCH_DMA,MULTITF_INDICATOR_PARAMETER_SEARCH_V2,SINGLE_FAMILY_SINGLE_PRIMITIVE,0.0,0.0014576137952420512,36845,12545,UNSTABLE_DISCOVERY,WEAK_POSITIVE,NORMAL,NORMAL,WEAK_POSITIVE
DMA|DMA_SMA_P7_SHIFT5_V1|MA_SLOPE_TURN_UP|MA_SLOPE_TURN_DOWN|12H|DOWN,DMA,DINAPOLI_DMA,DMA_SMA_P7_SHIFT5_V1,"{'ma_type': 'SMA', 'period': 7, 'display_shift': 5}",12H,DOWN,MA_SLOPE_TURN_DOWN,MA_SLOPE_TURN_UP,MA_SLOPE_TURN_DOWN,PROJECT_RESEARCH,True,DINAPOLI_DMA,MULTITF_INDICATOR_PARAMETER_SEARCH_V2,SINGLE_FAMILY_SINGLE_PRIMITIVE,0.21975615366919715,0.2387729285262492,189,68,STABLE_POSITIVE_FOLDS,STABLE_POSITIVE,NORMAL,LOW_SAMPLE,STABLE_POSITIVE
DMA|DMA_SMA_P7_SHIFT5_V1|MA_SLOPE_TURN_UP|MA_SLOPE_TURN_DOWN|12H|UP,DMA,DINAPOLI_DMA,DMA_SMA_P7_SHIFT5_V1,"{'ma_type': 'SMA', 'period': 7, 'display_shift': 5}",12H,UP,MA_SLOPE_TURN_UP,MA_SLOPE_TURN_UP,MA_SLOPE_TURN_DOWN,PROJECT_RESEARCH,True,DINAPOLI_DMA,MULTITF_INDICATOR_PARAMETER_SEARCH_V2,SINGLE_FAMILY_SINGLE_PRIMITIVE,0.26464155978945814,0.19778346121057117,188,69,STABLE_POSITIVE_FOLDS,STABLE_POSITIVE,NORMAL,LOW_SAMPLE,STABLE_POSITIVE
DMA|DMA_SMA_P7_SHIFT5_V1|MA_SLOPE_TURN_UP|MA_SLOPE_TURN_DOWN|15m|DOWN,DMA,DINAPOLI_DMA,DMA_SMA_P7_SHIFT5_V1,"{'ma_type': 'SMA', 'period': 7, 'display_shift': 5}",15m,DOWN,MA_SLOPE_TURN_DOWN,MA_SLOPE_TURN_UP,MA_SLOPE_TURN_DOWN,PROJECT_RESEARCH,True,DINAPOLI_DMA,MULTITF_INDICATOR_PARAMETER_SEARCH_V2,SINGLE_FAMILY_SINGLE_PRIMITIVE,0.004656366873324091,0.012570927888827858,10062,3518,STABLE_POSITIVE_FOLDS,WEAK_POSITIVE,NORMAL,NORMAL,WEAK_POSITIVE
DMA|DMA_SMA_P7_SHIFT5_V1|MA_SLOPE_TURN_UP|MA_SLOPE_TURN_DOWN|15m|UP,DMA,DINAPOLI_DMA,DMA_SMA_P7_SHIFT5_V1,"{'ma_type': 'SMA', 'period': 7, 'display_shift': 5}",15m,UP,MA_SLOPE_TURN_UP,MA_SLOPE_TURN_UP,MA_SLOPE_TURN_DOWN,PROJECT_RESEARCH,True,DINAPOLI_DMA,MULTITF_INDICATOR_PARAMETER_SEARCH_V2,SINGLE_FAMILY_SINGLE_PRIMITIVE,0.00465719490974833,0.012879078798630532,10061,3515,STABLE_POSITIVE_FOLDS,WEAK_POSITIVE,NORMAL,NORMAL,WEAK_POSITIVE
DMA|DMA_SMA_P7_SHIFT5_V1|MA_SLOPE_TURN_UP|MA_SLOPE_TURN_DOWN|1D|DOWN,DMA,DINAPOLI_DMA,DMA_SMA_P7_SHIFT5_V1,"{'ma_type': 'SMA', 'period': 7, 'display_shift': 5}",1D,DOWN,MA_SLOPE_TURN_DOWN,MA_SLOPE_TURN_UP,MA_SLOPE_TURN_DOWN,PROJECT_RESEARCH,True,DINAPOLI_DMA,MULTITF_INDICATOR_PARAMETER_SEARCH_V2,SINGLE_FAMILY_SINGLE_PRIMITIVE,0.24898989898989898,0.29072276159654803,99,36,STABLE_POSITIVE_FOLDS,STABLE_POSITIVE,LOW_SAMPLE,LOW_SAMPLE,STABLE_POSITIVE
DMA|DMA_SMA_P7_SHIFT5_V1|MA_SLOPE_TURN_UP|MA_SLOPE_TURN_DOWN|1D|UP,DMA,DINAPOLI_DMA,DMA_SMA_P7_SHIFT5_V1,"{'ma_type': 'SMA', 'period': 7, 'display_shift': 5}",1D,UP,MA_SLOPE_TURN_UP,MA_SLOPE_TURN_UP,MA_SLOPE_TURN_DOWN,PROJECT_RESEARCH,True,DINAPOLI_DMA,MULTITF_INDICATOR_PARAMETER_SEARCH_V2,SINGLE_FAMILY_SINGLE_PRIMITIVE,0.22326121083885053,0.22970085470085472,98,36,STABLE_POSITIVE_FOLDS,STABLE_POSITIVE,LOW_SAMPLE,LOW_SAMPLE,STABLE_POSITIVE
DMA|DMA_SMA_P7_SHIFT5_V1|MA_SLOPE_TURN_UP|MA_SLOPE_TURN_DOWN|1H|DOWN,DMA,DINAPOLI_DMA,DMA_SMA_P7_SHIFT5_V1,"{'ma_type': 'SMA', 'period': 7, 'display_shift': 5}",1H,DOWN,MA_SLOPE_TURN_DOWN,MA_SLOPE_TURN_UP,MA_SLOPE_TURN_DOWN,PROJECT_RESEARCH,True,DINAPOLI_DMA,MULTITF_INDICATOR_PARAMETER_SEARCH_V2,SINGLE_FAMILY_SINGLE_PRIMITIVE,0.1942621297460007,0.1870795040306332,2511,899,STABLE_POSITIVE_FOLDS,STABLE_POSITIVE,NORMAL,NORMAL,STABLE_POSITIVE
DMA|DMA_SMA_P7_SHIFT5_V1|MA_SLOPE_TURN_UP|MA_SLOPE_TURN_DOWN|1H|UP,DMA,DINAPOLI_DMA,DMA_SMA_P7_SHIFT5_V1,"{'ma_type': 'SMA', 'period': 7, 'display_shift': 5}",1H,UP,MA_SLOPE_TURN_UP,MA_SLOPE_TURN_UP,MA_SLOPE_TURN_DOWN,PROJECT_RESEARCH,True,DINAPOLI_DMA,MULTITF_INDICATOR_PARAMETER_SEARCH_V2,SINGLE_FAMILY_SINGLE_PRIMITIVE,0.19618452677565446,0.19667633911357274,2511,898,STABLE_POSITIVE_FOLDS,STABLE_POSITIVE,NORMAL,NORMAL,STABLE_POSITIVE
DMA|DMA_SMA_P7_SHIFT5_V1|MA_SLOPE_TURN_UP|MA_SLOPE_TURN_DOWN|2H|DOWN,DMA,DINAPOLI_DMA,DMA_SMA_P7_SHIFT5_V1,"{'ma_type': 'SMA', 'period': 7, 'display_shift': 5}",2H,DOWN,MA_SLOPE_TURN_DOWN,MA_SLOPE_TURN_UP,MA_SLOPE_TURN_DOWN,PROJECT_RESEARCH,True,DINAPOLI_DMA,MULTITF_INDICATOR_PARAMETER_SEARCH_V2,SINGLE_FAMILY_SINGLE_PRIMITIVE,0.19927616510381635,0.24867385125048566,1243,395,STABLE_POSITIVE_FOLDS,STABLE_POSITIVE,NORMAL,NORMAL,STABLE_POSITIVE
DMA|DMA_SMA_P7_SHIFT5_V1|MA_SLOPE_TURN_UP|MA_SLOPE_TURN_DOWN|2H|UP,DMA,DINAPOLI_DMA,DMA_SMA_P7_SHIFT5_V1,"{'ma_type': 'SMA', 'period': 7, 'display_shift': 5}",2H,UP,MA_SLOPE_TURN_UP,MA_SLOPE_TURN_UP,MA_SLOPE_TURN_DOWN,PROJECT_RESEARCH,True,DINAPOLI_DMA,MULTITF_INDICATOR_PARAMETER_SEARCH_V2,SINGLE_FAMILY_SINGLE_PRIMITIVE,0.20340069179918505,0.24833284299303718,1237,396,STABLE_POSITIVE_FOLDS,STABLE_POSITIVE,NORMAL,NORMAL,STABLE_POSITIVE
DMA|DMA_SMA_P7_SHIFT5_V1|MA_SLOPE_TURN_UP|MA_SLOPE_TURN_DOWN|30m|DOWN,DMA,DINAPOLI_DMA,DMA_SMA_P7_SHIFT5_V1,"{'ma_type': 'SMA', 'period': 7, 'display_shift': 5}",30m,DOWN,MA_SLOPE_TURN_DOWN,MA_SLOPE_TURN_UP,MA_SLOPE_TURN_DOWN,PROJECT_RESEARCH,True,DINAPOLI_DMA,MULTITF_INDICATOR_PARAMETER_SEARCH_V2,SINGLE_FAMILY_SINGLE_PRIMITIVE,0.009949077999095245,0.014529444344650021,5067,1758,STABLE_POSITIVE_FOLDS,WEAK_POSITIVE,NORMAL,NORMAL,WEAK_POSITIVE
DMA|DMA_SMA_P7_SHIFT5_V1|MA_SLOPE_TURN_UP|MA_SLOPE_TURN_DOWN|30m|UP,DMA,DINAPOLI_DMA,DMA_SMA_P7_SHIFT5_V1,"{'ma_type': 'SMA', 'period': 7, 'display_shift': 5}",30m,UP,MA_SLOPE_TURN_UP,MA_SLOPE_TURN_UP,MA_SLOPE_TURN_DOWN,PROJECT_RESEARCH,True,DINAPOLI_DMA,MULTITF_INDICATOR_PARAMETER_SEARCH_V2,SINGLE_FAMILY_SINGLE_PRIMITIVE,0.009950977603483634,0.01453451339183136,5067,1758,STABLE_POSITIVE_FOLDS,WEAK_POSITIVE,NORMAL,NORMAL,WEAK_POSITIVE
DMA|DMA_SMA_P7_SHIFT5_V1|MA_SLOPE_TURN_UP|MA_SLOPE_TURN_DOWN|4H|DOWN,DMA,DINAPOLI_DMA,DMA_SMA_P7_SHIFT5_V1,"{'ma_type': 'SMA', 'period': 7, 'display_shift': 5}",4H,DOWN,MA_SLOPE_TURN_DOWN,MA_SLOPE_TURN_UP,MA_SLOPE_TURN_DOWN,PROJECT_RESEARCH,True,DINAPOLI_DMA,MULTITF_INDICATOR_PARAMETER_SEARCH_V2,SINGLE_FAMILY_SINGLE_PRIMITIVE,0.2028614761548258,0.21814823107926554,597,203,STABLE_POSITIVE_FOLDS,STABLE_POSITIVE,NORMAL,NORMAL,STABLE_POSITIVE
DMA|DMA_SMA_P7_SHIFT5_V1|MA_SLOPE_TURN_UP|MA_SLOPE_TURN_DOWN|4H|UP,DMA,DINAPOLI_DMA,DMA_SMA_P7_SHIFT5_V1,"{'ma_type': 'SMA', 'period': 7, 'display_shift': 5}",4H,UP,MA_SLOPE_TURN_UP,MA_SLOPE_TURN_UP,MA_SLOPE_TURN_DOWN,PROJECT_RESEARCH,True,DINAPOLI_DMA,MULTITF_INDICATOR_PARAMETER_SEARCH_V2,SINGLE_FAMILY_SINGLE_PRIMITIVE,0.22143873305101924,0.20810593254447396,596,202,STABLE_POSITIVE_FOLDS,STABLE_POSITIVE,NORMAL,NORMAL,STABLE_POSITIVE
DMA|DMA_SMA_P7_SHIFT5_V1|MA_SLOPE_TURN_UP|MA_SLOPE_TURN_DOWN|5m|DOWN,DMA,DINAPOLI_DMA,DMA_SMA_P7_SHIFT5_V1,"{'ma_type': 'SMA', 'period': 7, 'display_shift': 5}",5m,DOWN,MA_SLOPE_TURN_DOWN,MA_SLOPE_TURN_UP,MA_SLOPE_TURN_DOWN,PROJECT_RESEARCH,True,DINAPOLI_DMA,MULTITF_INDICATOR_PARAMETER_SEARCH_V2,SINGLE_FAMILY_SINGLE_PRIMITIVE,0.0,0.001955600734450411,29634,10344,UNSTABLE_DISCOVERY,WEAK_POSITIVE,NORMAL,NORMAL,WEAK_POSITIVE
DMA|DMA_SMA_P7_SHIFT5_V1|MA_SLOPE_TURN_UP|MA_SLOPE_TURN_DOWN|5m|UP,DMA,DINAPOLI_DMA,DMA_SMA_P7_SHIFT5_V1,"{'ma_type': 'SMA', 'period': 7, 'display_shift': 5}",5m,UP,MA_SLOPE_TURN_UP,MA_SLOPE_TURN_UP,MA_SLOPE_TURN_DOWN,PROJECT_RESEARCH,True,DINAPOLI_DMA,MULTITF_INDICATOR_PARAMETER_SEARCH_V2,SINGLE_FAMILY_SINGLE_PRIMITIVE,0.0,0.002019190494053781,29656,10338,UNSTABLE_DISCOVERY,WEAK_POSITIVE,NORMAL,NORMAL,WEAK_POSITIVE
DMA|DMA_SMA_P7_SHIFT5_V1|MA_SLOPE_TURN_UP|MA_SLOPE_TURN_DOWN|6H|DOWN,DMA,DINAPOLI_DMA,DMA_SMA_P7_SHIFT5_V1,"{'ma_type': 'SMA', 'period': 7, 'display_shift': 5}",6H,DOWN,MA_SLOPE_TURN_DOWN,MA_SLOPE_TURN_UP,MA_SLOPE_TURN_DOWN,PROJECT_RESEARCH,True,DINAPOLI_DMA,MULTITF_INDICATOR_PARAMETER_SEARCH_V2,SINGLE_FAMILY_SINGLE_PRIMITIVE,0.188737973967176,0.1846047156726769,399,140,STABLE_POSITIVE_FOLDS,STABLE_POSITIVE,NORMAL,NORMAL,STABLE_POSITIVE
DMA|DMA_SMA_P7_SHIFT5_V1|MA_SLOPE_TURN_UP|MA_SLOPE_TURN_DOWN|6H|UP,DMA,DINAPOLI_DMA,DMA_SMA_P7_SHIFT5_V1,"{'ma_type': 'SMA', 'period': 7, 'display_shift': 5}",6H,UP,MA_SLOPE_TURN_UP,MA_SLOPE_TURN_UP,MA_SLOPE_TURN_DOWN,PROJECT_RESEARCH,True,DINAPOLI_DMA,MULTITF_INDICATOR_PARAMETER_SEARCH_V2,SINGLE_FAMILY_SINGLE_PRIMITIVE,0.19543434844525792,0.23918169209431345,397,140,STABLE_POSITIVE_FOLDS,STABLE_POSITIVE,NORMAL,NORMAL,STABLE_POSITIVE
DMA|DMA_SMA_P7_SHIFT5_V1|MA_SLOPE_TURN_UP|MA_SLOPE_TURN_DOWN|8H|DOWN,DMA,DINAPOLI_DMA,DMA_SMA_P7_SHIFT5_V1,"{'ma_type': 'SMA', 'period': 7, 'display_shift': 5}",8H,DOWN,MA_SLOPE_TURN_DOWN,MA_SLOPE_TURN_UP,MA_SLOPE_TURN_DOWN,PROJECT_RESEARCH,True,DINAPOLI_DMA,MULTITF_INDICATOR_PARAMETER_SEARCH_V2,SINGLE_FAMILY_SINGLE_PRIMITIVE,0.19806926400282393,0.177996177996178,302,111,STABLE_POSITIVE_FOLDS,STABLE_POSITIVE,NORMAL,NORMAL,STABLE_POSITIVE
DMA|DMA_SMA_P7_SHIFT5_V1|MA_SLOPE_TURN_UP|MA_SLOPE_TURN_DOWN|8H|UP,DMA,DINAPOLI_DMA,DMA_SMA_P7_SHIFT5_V1,"{'ma_type': 'SMA', 'period': 7, 'display_shift': 5}",8H,UP,MA_SLOPE_TURN_UP,MA_SLOPE_TURN_UP,MA_SLOPE_TURN_DOWN,PROJECT_RESEARCH,True,DINAPOLI_DMA,MULTITF_INDICATOR_PARAMETER_SEARCH_V2,SINGLE_FAMILY_SINGLE_PRIMITIVE,0.2405107922492028,0.14985791160287804,302,111,STABLE_POSITIVE_FOLDS,STABLE_POSITIVE,NORMAL,NORMAL,STABLE_POSITIVE
DMA|DMA_SMA_P7_SHIFT5_V1|PRICE_CROSS_UP_MA|PRICE_CROSS_DOWN_MA|12H|DOWN,DMA,DINAPOLI_DMA,DMA_SMA_P7_SHIFT5_V1,"{'ma_type': 'SMA', 'period': 7, 'display_shift': 5}",12H,DOWN,PRICE_CROSS_DOWN_MA,PRICE_CROSS_UP_MA,PRICE_CROSS_DOWN_MA,PROJECT_RESEARCH,True,DINAPOLI_DMA,MULTITF_INDICATOR_PARAMETER_SEARCH_V2,SINGLE_FAMILY_SINGLE_PRIMITIVE,0.29867641400538664,0.3505376344086021,226,70,STABLE_POSITIVE_FOLDS,STABLE_POSITIVE,NORMAL,LOW_SAMPLE,STABLE_POSITIVE
DMA|DMA_SMA_P7_SHIFT5_V1|PRICE_CROSS_UP_MA|PRICE_CROSS_DOWN_MA|12H|UP,DMA,DINAPOLI_DMA,DMA_SMA_P7_SHIFT5_V1,"{'ma_type': 'SMA', 'period': 7, 'display_shift': 5}",12H,UP,PRICE_CROSS_UP_MA,PRICE_CROSS_UP_MA,PRICE_CROSS_DOWN_MA,PROJECT_RESEARCH,True,DINAPOLI_DMA,MULTITF_INDICATOR_PARAMETER_SEARCH_V2,SINGLE_FAMILY_SINGLE_PRIMITIVE,0.3231049167634533,0.35128417564208775,225,71,STABLE_POSITIVE_FOLDS,STABLE_POSITIVE,NORMAL,LOW_SAMPLE,STABLE_POSITIVE
DMA|DMA_SMA_P7_SHIFT5_V1|PRICE_CROSS_UP_MA|PRICE_CROSS_DOWN_MA|15m|DOWN,DMA,DINAPOLI_DMA,DMA_SMA_P7_SHIFT5_V1,"{'ma_type': 'SMA', 'period': 7, 'display_shift': 5}",15m,DOWN,PRICE_CROSS_DOWN_MA,PRICE_CROSS_UP_MA,PRICE_CROSS_DOWN_MA,PROJECT_RESEARCH,True,DINAPOLI_DMA,MULTITF_INDICATOR_PARAMETER_SEARCH_V2,SINGLE_FAMILY_SINGLE_PRIMITIVE,0.0033082106664403888,0.009406259946843569,12487,4231,STABLE_POSITIVE_FOLDS,WEAK_POSITIVE,NORMAL,NORMAL,WEAK_POSITIVE
DMA|DMA_SMA_P7_SHIFT5_V1|PRICE_CROSS_UP_MA|PRICE_CROSS_DOWN_MA|15m|UP,DMA,DINAPOLI_DMA,DMA_SMA_P7_SHIFT5_V1,"{'ma_type': 'SMA', 'period': 7, 'display_shift': 5}",15m,UP,PRICE_CROSS_UP_MA,PRICE_CROSS_UP_MA,PRICE_CROSS_DOWN_MA,PROJECT_RESEARCH,True,DINAPOLI_DMA,MULTITF_INDICATOR_PARAMETER_SEARCH_V2,SINGLE_FAMILY_SINGLE_PRIMITIVE,0.0033097510682229677,0.009408669776535108,12484,4232,STABLE_POSITIVE_FOLDS,WEAK_POSITIVE,NORMAL,NORMAL,WEAK_POSITIVE
DMA|DMA_SMA_P7_SHIFT5_V1|PRICE_CROSS_UP_MA|PRICE_CROSS_DOWN_MA|1D|DOWN,DMA,DINAPOLI_DMA,DMA_SMA_P7_SHIFT5_V1,"{'ma_type': 'SMA', 'period': 7, 'display_shift': 5}",1D,DOWN,PRICE_CROSS_DOWN_MA,PRICE_CROSS_UP_MA,PRICE_CROSS_DOWN_MA,PROJECT_RESEARCH,True,DINAPOLI_DMA,MULTITF_INDICATOR_PARAMETER_SEARCH_V2,SINGLE_FAMILY_SINGLE_PRIMITIVE,0.284959349593496,0.33077444118311133,123,43,STABLE_POSITIVE_FOLDS,STABLE_POSITIVE,NORMAL,LOW_SAMPLE,STABLE_POSITIVE
DMA|DMA_SMA_P7_SHIFT5_V1|PRICE_CROSS_UP_MA|PRICE_CROSS_DOWN_MA|1D|UP,DMA,DINAPOLI_DMA,DMA_SMA_P7_SHIFT5_V1,"{'ma_type': 'SMA', 'period': 7, 'display_shift': 5}",1D,UP,PRICE_CROSS_UP_MA,PRICE_CROSS_UP_MA,PRICE_CROSS_DOWN_MA,PROJECT_RESEARCH,True,DINAPOLI_DMA,MULTITF_INDICATOR_PARAMETER_SEARCH_V2,SINGLE_FAMILY_SINGLE_PRIMITIVE,0.2706014584132902,0.361013986013986,122,44,STABLE_POSITIVE_FOLDS,STABLE_POSITIVE,NORMAL,LOW_SAMPLE,STABLE_POSITIVE
DMA|DMA_SMA_P7_SHIFT5_V1|PRICE_CROSS_UP_MA|PRICE_CROSS_DOWN_MA|1H|DOWN,DMA,DINAPOLI_DMA,DMA_SMA_P7_SHIFT5_V1,"{'ma_type': 'SMA', 'period': 7, 'display_shift': 5}",1H,DOWN,PRICE_CROSS_DOWN_MA,PRICE_CROSS_UP_MA,PRICE_CROSS_DOWN_MA,PROJECT_RESEARCH,True,DINAPOLI_DMA,MULTITF_INDICATOR_PARAMETER_SEARCH_V2,SINGLE_FAMILY_SINGLE_PRIMITIVE,0.15189558623923,0.1658232470784641,3112,1024,STABLE_POSITIVE_FOLDS,STABLE_POSITIVE,NORMAL,NORMAL,STABLE_POSITIVE
DMA|DMA_SMA_P7_SHIFT5_V1|PRICE_CROSS_UP_MA|PRICE_CROSS_DOWN_MA|1H|UP,DMA,DINAPOLI_DMA,DMA_SMA_P7_SHIFT5_V1,"{'ma_type': 'SMA', 'period': 7, 'display_shift': 5}",1H,UP,PRICE_CROSS_UP_MA,PRICE_CROSS_UP_MA,PRICE_CROSS_DOWN_MA,PROJECT_RESEARCH,True,DINAPOLI_DMA,MULTITF_INDICATOR_PARAMETER_SEARCH_V2,SINGLE_FAMILY_SINGLE_PRIMITIVE,0.15172439884098404,0.16660298628340875,3103,1022,STABLE_POSITIVE_FOLDS,STABLE_POSITIVE,NORMAL,NORMAL,STABLE_POSITIVE
DMA|DMA_SMA_P7_SHIFT5_V1|PRICE_CROSS_UP_MA|PRICE_CROSS_DOWN_MA|2H|DOWN,DMA,DINAPOLI_DMA,DMA_SMA_P7_SHIFT5_V1,"{'ma_type': 'SMA', 'period': 7, 'display_shift': 5}",2H,DOWN,PRICE_CROSS_DOWN_MA,PRICE_CROSS_UP_MA,PRICE_CROSS_DOWN_MA,PROJECT_RESEARCH,True,DINAPOLI_DMA,MULTITF_INDICATOR_PARAMETER_SEARCH_V2,SINGLE_FAMILY_SINGLE_PRIMITIVE,0.15538123993125447,0.16971015130466485,1523,514,STABLE_POSITIVE_FOLDS,STABLE_POSITIVE,NORMAL,NORMAL,STABLE_POSITIVE
DMA|DMA_SMA_P7_SHIFT5_V1|PRICE_CROSS_UP_MA|PRICE_CROSS_DOWN_MA|2H|UP,DMA,DINAPOLI_DMA,DMA_SMA_P7_SHIFT5_V1,"{'ma_type': 'SMA', 'period': 7, 'display_shift': 5}",2H,UP,PRICE_CROSS_UP_MA,PRICE_CROSS_UP_MA,PRICE_CROSS_DOWN_MA,PROJECT_RESEARCH,True,DINAPOLI_DMA,MULTITF_INDICATOR_PARAMETER_SEARCH_V2,SINGLE_FAMILY_SINGLE_PRIMITIVE,0.1539671088523272,0.17284108329075112,1520,513,STABLE_POSITIVE_FOLDS,STABLE_POSITIVE,NORMAL,NORMAL,STABLE_POSITIVE
DMA|DMA_SMA_P7_SHIFT5_V1|PRICE_CROSS_UP_MA|PRICE_CROSS_DOWN_MA|30m|DOWN,DMA,DINAPOLI_DMA,DMA_SMA_P7_SHIFT5_V1,"{'ma_type': 'SMA', 'period': 7, 'display_shift': 5}",30m,DOWN,PRICE_CROSS_DOWN_MA,PRICE_CROSS_UP_MA,PRICE_CROSS_DOWN_MA,PROJECT_RESEARCH,True,DINAPOLI_DMA,MULTITF_INDICATOR_PARAMETER_SEARCH_V2,SINGLE_FAMILY_SINGLE_PRIMITIVE,0.0069678300318499675,0.010617578154052112,6284,2123,STABLE_POSITIVE_FOLDS,WEAK_POSITIVE,NORMAL,NORMAL,WEAK_POSITIVE
DMA|DMA_SMA_P7_SHIFT5_V1|PRICE_CROSS_UP_MA|PRICE_CROSS_DOWN_MA|30m|UP,DMA,DINAPOLI_DMA,DMA_SMA_P7_SHIFT5_V1,"{'ma_type': 'SMA', 'period': 7, 'display_shift': 5}",30m,UP,PRICE_CROSS_UP_MA,PRICE_CROSS_UP_MA,PRICE_CROSS_DOWN_MA,PROJECT_RESEARCH,True,DINAPOLI_DMA,MULTITF_INDICATOR_PARAMETER_SEARCH_V2,SINGLE_FAMILY_SINGLE_PRIMITIVE,0.00681059532688126,0.010631526212715342,6284,2122,STABLE_POSITIVE_FOLDS,WEAK_POSITIVE,NORMAL,NORMAL,WEAK_POSITIVE
DMA|DMA_SMA_P7_SHIFT5_V1|PRICE_CROSS_UP_MA|PRICE_CROSS_DOWN_MA|4H|DOWN,DMA,DINAPOLI_DMA,DMA_SMA_P7_SHIFT5_V1,"{'ma_type': 'SMA', 'period': 7, 'display_shift': 5}",4H,DOWN,PRICE_CROSS_DOWN_MA,PRICE_CROSS_UP_MA,PRICE_CROSS_DOWN_MA,PROJECT_RESEARCH,True,DINAPOLI_DMA,MULTITF_INDICATOR_PARAMETER_SEARCH_V2,SINGLE_FAMILY_SINGLE_PRIMITIVE,0.1642974946988141,0.17865827588049812,749,243,STABLE_POSITIVE_FOLDS,STABLE_POSITIVE,NORMAL,NORMAL,STABLE_POSITIVE
DMA|DMA_SMA_P7_SHIFT5_V1|PRICE_CROSS_UP_MA|PRICE_CROSS_DOWN_MA|4H|UP,DMA,DINAPOLI_DMA,DMA_SMA_P7_SHIFT5_V1,"{'ma_type': 'SMA', 'period': 7, 'display_shift': 5}",4H,UP,PRICE_CROSS_UP_MA,PRICE_CROSS_UP_MA,PRICE_CROSS_DOWN_MA,PROJECT_RESEARCH,True,DINAPOLI_DMA,MULTITF_INDICATOR_PARAMETER_SEARCH_V2,SINGLE_FAMILY_SINGLE_PRIMITIVE,0.16654899191966738,0.18379981340797014,749,244,STABLE_POSITIVE_FOLDS,STABLE_POSITIVE,NORMAL,NORMAL,STABLE_POSITIVE
DMA|DMA_SMA_P7_SHIFT5_V1|PRICE_CROSS_UP_MA|PRICE_CROSS_DOWN_MA|5m|DOWN,DMA,DINAPOLI_DMA,DMA_SMA_P7_SHIFT5_V1,"{'ma_type': 'SMA', 'period': 7, 'display_shift': 5}",5m,DOWN,PRICE_CROSS_DOWN_MA,PRICE_CROSS_UP_MA,PRICE_CROSS_DOWN_MA,PROJECT_RESEARCH,True,DINAPOLI_DMA,MULTITF_INDICATOR_PARAMETER_SEARCH_V2,SINGLE_FAMILY_SINGLE_PRIMITIVE,0.0,0.0014132437048133366,36848,12543,UNSTABLE_DISCOVERY,WEAK_POSITIVE,NORMAL,NORMAL,WEAK_POSITIVE
DMA|DMA_SMA_P7_SHIFT5_V1|PRICE_CROSS_UP_MA|PRICE_CROSS_DOWN_MA|5m|UP,DMA,DINAPOLI_DMA,DMA_SMA_P7_SHIFT5_V1,"{'ma_type': 'SMA', 'period': 7, 'display_shift': 5}",5m,UP,PRICE_CROSS_UP_MA,PRICE_CROSS_UP_MA,PRICE_CROSS_DOWN_MA,PROJECT_RESEARCH,True,DINAPOLI_DMA,MULTITF_INDICATOR_PARAMETER_SEARCH_V2,SINGLE_FAMILY_SINGLE_PRIMITIVE,0.0,0.0014576137952420512,36845,12545,UNSTABLE_DISCOVERY,WEAK_POSITIVE,NORMAL,NORMAL,WEAK_POSITIVE
DMA|DMA_SMA_P7_SHIFT5_V1|PRICE_CROSS_UP_MA|PRICE_CROSS_DOWN_MA|6H|DOWN,DMA,DINAPOLI_DMA,DMA_SMA_P7_SHIFT5_V1,"{'ma_type': 'SMA', 'period': 7, 'display_shift': 5}",6H,DOWN,PRICE_CROSS_DOWN_MA,PRICE_CROSS_UP_MA,PRICE_CROSS_DOWN_MA,PROJECT_RESEARCH,True,DINAPOLI_DMA,MULTITF_INDICATOR_PARAMETER_SEARCH_V2,SINGLE_FAMILY_SINGLE_PRIMITIVE,0.2828766470532175,0.2769748455428067,481,176,STABLE_POSITIVE_FOLDS,STABLE_POSITIVE,NORMAL,NORMAL,STABLE_POSITIVE
DMA|DMA_SMA_P7_SHIFT5_V1|PRICE_CROSS_UP_MA|PRICE_CROSS_DOWN_MA|6H|UP,DMA,DINAPOLI_DMA,DMA_SMA_P7_SHIFT5_V1,"{'ma_type': 'SMA', 'period': 7, 'display_shift': 5}",6H,UP,PRICE_CROSS_UP_MA,PRICE_CROSS_UP_MA,PRICE_CROSS_DOWN_MA,PROJECT_RESEARCH,True,DINAPOLI_DMA,MULTITF_INDICATOR_PARAMETER_SEARCH_V2,SINGLE_FAMILY_SINGLE_PRIMITIVE,0.3031904357668364,0.27862974404236535,480,176,STABLE_POSITIVE_FOLDS,STABLE_POSITIVE,NORMAL,NORMAL,STABLE_POSITIVE
DMA|DMA_SMA_P7_SHIFT5_V1|PRICE_CROSS_UP_MA|PRICE_CROSS_DOWN_MA|8H|DOWN,DMA,DINAPOLI_DMA,DMA_SMA_P7_SHIFT5_V1,"{'ma_type': 'SMA', 'period': 7, 'display_shift': 5}",8H,DOWN,PRICE_CROSS_DOWN_MA,PRICE_CROSS_UP_MA,PRICE_CROSS_DOWN_MA,PROJECT_RESEARCH,True,DINAPOLI_DMA,MULTITF_INDICATOR_PARAMETER_SEARCH_V2,SINGLE_FAMILY_SINGLE_PRIMITIVE,0.308529695940254,0.3558663558663559,337,117,STABLE_POSITIVE_FOLDS,STABLE_POSITIVE,NORMAL,NORMAL,STABLE_POSITIVE
DMA|DMA_SMA_P7_SHIFT5_V1|PRICE_CROSS_UP_MA|PRICE_CROSS_DOWN_MA|8H|UP,DMA,DINAPOLI_DMA,DMA_SMA_P7_SHIFT5_V1,"{'ma_type': 'SMA', 'period': 7, 'display_shift': 5}",8H,UP,PRICE_CROSS_UP_MA,PRICE_CROSS_UP_MA,PRICE_CROSS_DOWN_MA,PROJECT_RESEARCH,True,DINAPOLI_DMA,MULTITF_INDICATOR_PARAMETER_SEARCH_V2,SINGLE_FAMILY_SINGLE_PRIMITIVE,0.3191137566137566,0.3323285178022978,336,118,STABLE_POSITIVE_FOLDS,STABLE_POSITIVE,NORMAL,NORMAL,STABLE_POSITIVE
DMA|DMA_WMA_P14_SHIFT8_V1|MA_SLOPE_TURN_UP|MA_SLOPE_TURN_DOWN|12H|UP,DMA,PROJECT_RESEARCH_DMA,DMA_WMA_P14_SHIFT8_V1,"{'ma_type': 'WMA', 'period': 14, 'display_shift': 8}",12H,UP,MA_SLOPE_TURN_UP,MA_SLOPE_TURN_UP,MA_SLOPE_TURN_DOWN,PROJECT_RESEARCH,False,PROJECT_RESEARCH_DMA,MULTITF_INDICATOR_PARAMETER_SEARCH_V2,SINGLE_FAMILY_SINGLE_PRIMITIVE,0.3659968497923727,0.31978609625668447,146,55,STABLE_POSITIVE_FOLDS,STABLE_POSITIVE,NORMAL,LOW_SAMPLE,STABLE_POSITIVE
DMA|DMA_WMA_P20_SHIFT5_V1|MA_SLOPE_TURN_UP|MA_SLOPE_TURN_DOWN|4H|DOWN,DMA,PROJECT_RESEARCH_DMA,DMA_WMA_P20_SHIFT5_V1,"{'ma_type': 'WMA', 'period': 20, 'display_shift': 5}",4H,DOWN,MA_SLOPE_TURN_DOWN,MA_SLOPE_TURN_UP,MA_SLOPE_TURN_DOWN,PROJECT_RESEARCH,False,PROJECT_RESEARCH_DMA,MULTITF_INDICATOR_PARAMETER_SEARCH_V2,SINGLE_FAMILY_SINGLE_PRIMITIVE,0.37816701620073434,0.29417595678657626,324,113,STABLE_POSITIVE_FOLDS,STABLE_POSITIVE,NORMAL,NORMAL,STABLE_POSITIVE
DMA|DMA_WMA_P20_SHIFT5_V1|MA_SLOPE_TURN_UP|MA_SLOPE_TURN_DOWN|4H|UP,DMA,PROJECT_RESEARCH_DMA,DMA_WMA_P20_SHIFT5_V1,"{'ma_type': 'WMA', 'period': 20, 'display_shift': 5}",4H,UP,MA_SLOPE_TURN_UP,MA_SLOPE_TURN_UP,MA_SLOPE_TURN_DOWN,PROJECT_RESEARCH,False,PROJECT_RESEARCH_DMA,MULTITF_INDICATOR_PARAMETER_SEARCH_V2,SINGLE_FAMILY_SINGLE_PRIMITIVE,0.36540260743994957,0.350106974753958,324,114,STABLE_POSITIVE_FOLDS,STABLE_POSITIVE,NORMAL,NORMAL,STABLE_POSITIVE
DMA|DMA_WMA_P25_SHIFT5_V1|MA_SLOPE_TURN_UP|MA_SLOPE_TURN_DOWN|1H|DOWN,DMA,PROJECT_RESEARCH_DMA,DMA_WMA_P25_SHIFT5_V1,"{'ma_type': 'WMA', 'period': 25, 'display_shift': 5}",1H,DOWN,MA_SLOPE_TURN_DOWN,MA_SLOPE_TURN_UP,MA_SLOPE_TURN_DOWN,PROJECT_RESEARCH,False,PROJECT_RESEARCH_DMA,MULTITF_INDICATOR_PARAMETER_SEARCH_V2,SINGLE_FAMILY_SINGLE_PRIMITIVE,0.30922315675125694,0.35675312512724455,1412,451,STABLE_POSITIVE_FOLDS,STABLE_POSITIVE,NORMAL,NORMAL,STABLE_POSITIVE
DMA|DMA_WMA_P25_SHIFT5_V1|MA_SLOPE_TURN_UP|MA_SLOPE_TURN_DOWN|1H|UP,DMA,PROJECT_RESEARCH_DMA,DMA_WMA_P25_SHIFT5_V1,"{'ma_type': 'WMA', 'period': 25, 'display_shift': 5}",1H,UP,MA_SLOPE_TURN_UP,MA_SLOPE_TURN_UP,MA_SLOPE_TURN_DOWN,PROJECT_RESEARCH,False,PROJECT_RESEARCH_DMA,MULTITF_INDICATOR_PARAMETER_SEARCH_V2,SINGLE_FAMILY_SINGLE_PRIMITIVE,0.33058746395165334,0.372593322774412,1406,452,STABLE_POSITIVE_FOLDS,STABLE_POSITIVE,NORMAL,NORMAL,STABLE_POSITIVE
DMA|DMA_WMA_P25_SHIFT5_V1|MA_SLOPE_TURN_UP|MA_SLOPE_TURN_DOWN|2H|DOWN,DMA,PROJECT_RESEARCH_DMA,DMA_WMA_P25_SHIFT5_V1,"{'ma_type': 'WMA', 'period': 25, 'display_shift': 5}",2H,DOWN,MA_SLOPE_TURN_DOWN,MA_SLOPE_TURN_UP,MA_SLOPE_TURN_DOWN,PROJECT_RESEARCH,False,PROJECT_RESEARCH_DMA,MULTITF_INDICATOR_PARAMETER_SEARCH_V2,SINGLE_FAMILY_SINGLE_PRIMITIVE,0.3123847973248512,0.3296865094783338,670,237,STABLE_POSITIVE_FOLDS,STABLE_POSITIVE,NORMAL,NORMAL,STABLE_POSITIVE
DMA|DMA_WMA_P25_SHIFT5_V1|MA_SLOPE_TURN_UP|MA_SLOPE_TURN_DOWN|2H|UP,DMA,PROJECT_RESEARCH_DMA,DMA_WMA_P25_SHIFT5_V1,"{'ma_type': 'WMA', 'period': 25, 'display_shift': 5}",2H,UP,MA_SLOPE_TURN_UP,MA_SLOPE_TURN_UP,MA_SLOPE_TURN_DOWN,PROJECT_RESEARCH,False,PROJECT_RESEARCH_DMA,MULTITF_INDICATOR_PARAMETER_SEARCH_V2,SINGLE_FAMILY_SINGLE_PRIMITIVE,0.3254896652433047,0.3640469460489124,665,237,STABLE_POSITIVE_FOLDS,STABLE_POSITIVE,NORMAL,NORMAL,STABLE_POSITIVE
DMA|DMA_WMA_P25_SHIFT5_V1|MA_SLOPE_TURN_UP|MA_SLOPE_TURN_DOWN|8H|UP,DMA,PROJECT_RESEARCH_DMA,DMA_WMA_P25_SHIFT5_V1,"{'ma_type': 'WMA', 'period': 25, 'display_shift': 5}",8H,UP,MA_SLOPE_TURN_UP,MA_SLOPE_TURN_UP,MA_SLOPE_TURN_DOWN,PROJECT_RESEARCH,False,PROJECT_RESEARCH_DMA,MULTITF_INDICATOR_PARAMETER_SEARCH_V2,SINGLE_FAMILY_SINGLE_PRIMITIVE,0.3928286730439048,0.3440175885211757,151,58,STABLE_POSITIVE_FOLDS,STABLE_POSITIVE,NORMAL,LOW_SAMPLE,STABLE_POSITIVE
DMA|DMA_WMA_P25_SHIFT8_V1|MA_SLOPE_TURN_UP|MA_SLOPE_TURN_DOWN|12H|DOWN,DMA,PROJECT_RESEARCH_DMA,DMA_WMA_P25_SHIFT8_V1,"{'ma_type': 'WMA', 'period': 25, 'display_shift': 8}",12H,DOWN,MA_SLOPE_TURN_DOWN,MA_SLOPE_TURN_UP,MA_SLOPE_TURN_DOWN,PROJECT_RESEARCH,False,PROJECT_RESEARCH_DMA,MULTITF_INDICATOR_PARAMETER_SEARCH_V2,SINGLE_FAMILY_SINGLE_PRIMITIVE,0.34511227902532243,0.3610639501980758,91,38,STABLE_POSITIVE_FOLDS,STABLE_POSITIVE,LOW_SAMPLE,LOW_SAMPLE,STABLE_POSITIVE
DMA|DMA_WMA_P25_SHIFT8_V1|MA_SLOPE_TURN_UP|MA_SLOPE_TURN_DOWN|2H|DOWN,DMA,PROJECT_RESEARCH_DMA,DMA_WMA_P25_SHIFT8_V1,"{'ma_type': 'WMA', 'period': 25, 'display_shift': 8}",2H,DOWN,MA_SLOPE_TURN_DOWN,MA_SLOPE_TURN_UP,MA_SLOPE_TURN_DOWN,PROJECT_RESEARCH,False,PROJECT_RESEARCH_DMA,MULTITF_INDICATOR_PARAMETER_SEARCH_V2,SINGLE_FAMILY_SINGLE_PRIMITIVE,0.3123847973248512,0.3296865094783338,670,237,STABLE_POSITIVE_FOLDS,STABLE_POSITIVE,NORMAL,NORMAL,STABLE_POSITIVE
DMA|DMA_WMA_P25_SHIFT8_V1|MA_SLOPE_TURN_UP|MA_SLOPE_TURN_DOWN|8H|UP,DMA,PROJECT_RESEARCH_DMA,DMA_WMA_P25_SHIFT8_V1,"{'ma_type': 'WMA', 'period': 25, 'display_shift': 8}",8H,UP,MA_SLOPE_TURN_UP,MA_SLOPE_TURN_UP,MA_SLOPE_TURN_DOWN,PROJECT_RESEARCH,False,PROJECT_RESEARCH_DMA,MULTITF_INDICATOR_PARAMETER_SEARCH_V2,SINGLE_FAMILY_SINGLE_PRIMITIVE,0.3928286730439048,0.3440175885211757,151,58,STABLE_POSITIVE_FOLDS,STABLE_POSITIVE,NORMAL,LOW_SAMPLE,STABLE_POSITIVE
DNO_QUANTILE|CAUSAL_DNO_QUANTILE_80_20_CONTROL_V1|CROSSED_OB_BAND_UP|12H|UP,DNO_QUANTILE,CAUSAL_DNO_QUANTILE_80_20_CONTROL_V1,CAUSAL_DNO_QUANTILE_80_20_CONTROL_V1,"{'control': 'quantile_80_20', 'period': 7, 'lookback': 100}",12H,UP,CROSSED_OB_BAND_UP,CROSSED_OB_BAND_UP,CROSSED_OS_BAND_DOWN,REFERENCE,True,precompute_control_forecast_bands,MULTITF_INDICATOR_PARAMETER_SEARCH_V2,SINGLE_FAMILY_SINGLE_PRIMITIVE,0.2783826945412311,0.3917396745932415,144,47,STABLE_POSITIVE_FOLDS,STABLE_POSITIVE,NORMAL,LOW_SAMPLE,STABLE_POSITIVE
DNO_QUANTILE|CAUSAL_DNO_QUANTILE_80_20_CONTROL_V1|CROSSED_OB_BAND_UP|15m|UP,DNO_QUANTILE,CAUSAL_DNO_QUANTILE_80_20_CONTROL_V1,CAUSAL_DNO_QUANTILE_80_20_CONTROL_V1,"{'control': 'quantile_80_20', 'period': 7, 'lookback': 100}",15m,UP,CROSSED_OB_BAND_UP,CROSSED_OB_BAND_UP,CROSSED_OS_BAND_DOWN,REFERENCE,True,precompute_control_forecast_bands,MULTITF_INDICATOR_PARAMETER_SEARCH_V2,SINGLE_FAMILY_SINGLE_PRIMITIVE,0.007692751167036066,0.02201287864450468,7218,2431,STABLE_POSITIVE_FOLDS,WEAK_POSITIVE,NORMAL,NORMAL,WEAK_POSITIVE
DNO_QUANTILE|CAUSAL_DNO_QUANTILE_80_20_CONTROL_V1|CROSSED_OB_BAND_UP|1H|UP,DNO_QUANTILE,CAUSAL_DNO_QUANTILE_80_20_CONTROL_V1,CAUSAL_DNO_QUANTILE_80_20_CONTROL_V1,"{'control': 'quantile_80_20', 'period': 7, 'lookback': 100}",1H,UP,CROSSED_OB_BAND_UP,CROSSED_OB_BAND_UP,CROSSED_OS_BAND_DOWN,REFERENCE,True,precompute_control_forecast_bands,MULTITF_INDICATOR_PARAMETER_SEARCH_V2,SINGLE_FAMILY_SINGLE_PRIMITIVE,0.2735465470705828,0.2739904618215692,1699,584,STABLE_POSITIVE_FOLDS,STABLE_POSITIVE,NORMAL,NORMAL,STABLE_POSITIVE
DNO_QUANTILE|CAUSAL_DNO_QUANTILE_80_20_CONTROL_V1|CROSSED_OB_BAND_UP|2H|UP,DNO_QUANTILE,CAUSAL_DNO_QUANTILE_80_20_CONTROL_V1,CAUSAL_DNO_QUANTILE_80_20_CONTROL_V1,"{'control': 'quantile_80_20', 'period': 7, 'lookback': 100}",2H,UP,CROSSED_OB_BAND_UP,CROSSED_OB_BAND_UP,CROSSED_OS_BAND_DOWN,REFERENCE,True,precompute_control_forecast_bands,MULTITF_INDICATOR_PARAMETER_SEARCH_V2,SINGLE_FAMILY_SINGLE_PRIMITIVE,0.2592842967496066,0.3098472678168145,828,278,STABLE_POSITIVE_FOLDS,STABLE_POSITIVE,NORMAL,NORMAL,STABLE_POSITIVE
DNO_QUANTILE|CAUSAL_DNO_QUANTILE_80_20_CONTROL_V1|CROSSED_OB_BAND_UP|30m|UP,DNO_QUANTILE,CAUSAL_DNO_QUANTILE_80_20_CONTROL_V1,CAUSAL_DNO_QUANTILE_80_20_CONTROL_V1,"{'control': 'quantile_80_20', 'period': 7, 'lookback': 100}",30m,UP,CROSSED_OB_BAND_UP,CROSSED_OB_BAND_UP,CROSSED_OS_BAND_DOWN,REFERENCE,True,precompute_control_forecast_bands,MULTITF_INDICATOR_PARAMETER_SEARCH_V2,SINGLE_FAMILY_SINGLE_PRIMITIVE,0.016683690287993956,0.024888345787419032,3480,1178,STABLE_POSITIVE_FOLDS,WEAK_POSITIVE,NORMAL,NORMAL,WEAK_POSITIVE
DNO_QUANTILE|CAUSAL_DNO_QUANTILE_80_20_CONTROL_V1|CROSSED_OB_BAND_UP|4H|UP,DNO_QUANTILE,CAUSAL_DNO_QUANTILE_80_20_CONTROL_V1,CAUSAL_DNO_QUANTILE_80_20_CONTROL_V1,"{'control': 'quantile_80_20', 'period': 7, 'lookback': 100}",4H,UP,CROSSED_OB_BAND_UP,CROSSED_OB_BAND_UP,CROSSED_OS_BAND_DOWN,REFERENCE,True,precompute_control_forecast_bands,MULTITF_INDICATOR_PARAMETER_SEARCH_V2,SINGLE_FAMILY_SINGLE_PRIMITIVE,0.2378087014772493,0.24868553795026999,423,137,STABLE_POSITIVE_FOLDS,STABLE_POSITIVE,NORMAL,NORMAL,STABLE_POSITIVE
DNO_QUANTILE|CAUSAL_DNO_QUANTILE_80_20_CONTROL_V1|CROSSED_OB_BAND_UP|5m|UP,DNO_QUANTILE,CAUSAL_DNO_QUANTILE_80_20_CONTROL_V1,CAUSAL_DNO_QUANTILE_80_20_CONTROL_V1,"{'control': 'quantile_80_20', 'period': 7, 'lookback': 100}",5m,UP,CROSSED_OB_BAND_UP,CROSSED_OB_BAND_UP,CROSSED_OS_BAND_DOWN,REFERENCE,True,precompute_control_forecast_bands,MULTITF_INDICATOR_PARAMETER_SEARCH_V2,SINGLE_FAMILY_SINGLE_PRIMITIVE,0.0,0.0033383618990607856,21756,7315,UNSTABLE_DISCOVERY,WEAK_POSITIVE,NORMAL,NORMAL,WEAK_POSITIVE
DNO_QUANTILE|CAUSAL_DNO_QUANTILE_80_20_CONTROL_V1|CROSSED_OB_BAND_UP|6H|UP,DNO_QUANTILE,CAUSAL_DNO_QUANTILE_80_20_CONTROL_V1,CAUSAL_DNO_QUANTILE_80_20_CONTROL_V1,"{'control': 'quantile_80_20', 'period': 7, 'lookback': 100}",6H,UP,CROSSED_OB_BAND_UP,CROSSED_OB_BAND_UP,CROSSED_OS_BAND_DOWN,REFERENCE,True,precompute_control_forecast_bands,MULTITF_INDICATOR_PARAMETER_SEARCH_V2,SINGLE_FAMILY_SINGLE_PRIMITIVE,0.29022095219876126,0.36385701676963805,284,88,STABLE_POSITIVE_FOLDS,STABLE_POSITIVE,NORMAL,LOW_SAMPLE,STABLE_POSITIVE
DNO_QUANTILE|CAUSAL_DNO_QUANTILE_80_20_CONTROL_V1|CROSSED_OB_BAND_UP|8H|UP,DNO_QUANTILE,CAUSAL_DNO_QUANTILE_80_20_CONTROL_V1,CAUSAL_DNO_QUANTILE_80_20_CONTROL_V1,"{'control': 'quantile_80_20', 'period': 7, 'lookback': 100}",8H,UP,CROSSED_OB_BAND_UP,CROSSED_OB_BAND_UP,CROSSED_OS_BAND_DOWN,REFERENCE,True,precompute_control_forecast_bands,MULTITF_INDICATOR_PARAMETER_SEARCH_V2,SINGLE_FAMILY_SINGLE_PRIMITIVE,0.33411929371231697,0.3592804488942678,215,61,STABLE_POSITIVE_FOLDS,STABLE_POSITIVE,NORMAL,LOW_SAMPLE,STABLE_POSITIVE
DNO_QUANTILE|CAUSAL_DNO_QUANTILE_80_20_CONTROL_V1|CROSSED_OS_BAND_DOWN|12H|DOWN,DNO_QUANTILE,CAUSAL_DNO_QUANTILE_80_20_CONTROL_V1,CAUSAL_DNO_QUANTILE_80_20_CONTROL_V1,"{'control': 'quantile_80_20', 'period': 7, 'lookback': 100}",12H,DOWN,CROSSED_OS_BAND_DOWN,CROSSED_OB_BAND_UP,CROSSED_OS_BAND_DOWN,REFERENCE,True,precompute_control_forecast_bands,MULTITF_INDICATOR_PARAMETER_SEARCH_V2,SINGLE_FAMILY_SINGLE_PRIMITIVE,0.3123665013131018,0.3714678669667416,149,43,STABLE_POSITIVE_FOLDS,STABLE_POSITIVE,NORMAL,LOW_SAMPLE,STABLE_POSITIVE
DNO_QUANTILE|CAUSAL_DNO_QUANTILE_80_20_CONTROL_V1|CROSSED_OS_BAND_DOWN|15m|DOWN,DNO_QUANTILE,CAUSAL_DNO_QUANTILE_80_20_CONTROL_V1,CAUSAL_DNO_QUANTILE_80_20_CONTROL_V1,"{'control': 'quantile_80_20', 'period': 7, 'lookback': 100}",15m,DOWN,CROSSED_OS_BAND_DOWN,CROSSED_OB_BAND_UP,CROSSED_OS_BAND_DOWN,REFERENCE,True,precompute_control_forecast_bands,MULTITF_INDICATOR_PARAMETER_SEARCH_V2,SINGLE_FAMILY_SINGLE_PRIMITIVE,0.007024546487947803,0.021764771336374764,7714,2451,STABLE_POSITIVE_FOLDS,WEAK_POSITIVE,NORMAL,NORMAL,WEAK_POSITIVE
DNO_QUANTILE|CAUSAL_DNO_QUANTILE_80_20_CONTROL_V1|CROSSED_OS_BAND_DOWN|1H|DOWN,DNO_QUANTILE,CAUSAL_DNO_QUANTILE_80_20_CONTROL_V1,CAUSAL_DNO_QUANTILE_80_20_CONTROL_V1,"{'control': 'quantile_80_20', 'period': 7, 'lookback': 100}",1H,DOWN,CROSSED_OS_BAND_DOWN,CROSSED_OB_BAND_UP,CROSSED_OS_BAND_DOWN,REFERENCE,True,precompute_control_forecast_bands,MULTITF_INDICATOR_PARAMETER_SEARCH_V2,SINGLE_FAMILY_SINGLE_PRIMITIVE,0.24204996354115427,0.28180780714614595,1895,591,STABLE_POSITIVE_FOLDS,STABLE_POSITIVE,NORMAL,NORMAL,STABLE_POSITIVE
DNO_QUANTILE|CAUSAL_DNO_QUANTILE_80_20_CONTROL_V1|CROSSED_OS_BAND_DOWN|2H|DOWN,DNO_QUANTILE,CAUSAL_DNO_QUANTILE_80_20_CONTROL_V1,CAUSAL_DNO_QUANTILE_80_20_CONTROL_V1,"{'control': 'quantile_80_20', 'period': 7, 'lookback': 100}",2H,DOWN,CROSSED_OS_BAND_DOWN,CROSSED_OB_BAND_UP,CROSSED_OS_BAND_DOWN,REFERENCE,True,precompute_control_forecast_bands,MULTITF_INDICATOR_PARAMETER_SEARCH_V2,SINGLE_FAMILY_SINGLE_PRIMITIVE,0.235466103413707,0.3035677717354206,943,284,STABLE_POSITIVE_FOLDS,STABLE_POSITIVE,NORMAL,NORMAL,STABLE_POSITIVE
DNO_QUANTILE|CAUSAL_DNO_QUANTILE_80_20_CONTROL_V1|CROSSED_OS_BAND_DOWN|30m|DOWN,DNO_QUANTILE,CAUSAL_DNO_QUANTILE_80_20_CONTROL_V1,CAUSAL_DNO_QUANTILE_80_20_CONTROL_V1,"{'control': 'quantile_80_20', 'period': 7, 'lookback': 100}",30m,DOWN,CROSSED_OS_BAND_DOWN,CROSSED_OB_BAND_UP,CROSSED_OS_BAND_DOWN,REFERENCE,True,precompute_control_forecast_bands,MULTITF_INDICATOR_PARAMETER_SEARCH_V2,SINGLE_FAMILY_SINGLE_PRIMITIVE,0.014661174007816476,0.02400772074815137,3780,1210,STABLE_POSITIVE_FOLDS,WEAK_POSITIVE,NORMAL,NORMAL,WEAK_POSITIVE
DNO_QUANTILE|CAUSAL_DNO_QUANTILE_80_20_CONTROL_V1|CROSSED_OS_BAND_DOWN|4H|DOWN,DNO_QUANTILE,CAUSAL_DNO_QUANTILE_80_20_CONTROL_V1,CAUSAL_DNO_QUANTILE_80_20_CONTROL_V1,"{'control': 'quantile_80_20', 'period': 7, 'lookback': 100}",4H,DOWN,CROSSED_OS_BAND_DOWN,CROSSED_OB_BAND_UP,CROSSED_OS_BAND_DOWN,REFERENCE,True,precompute_control_forecast_bands,MULTITF_INDICATOR_PARAMETER_SEARCH_V2,SINGLE_FAMILY_SINGLE_PRIMITIVE,0.25421380891419376,0.2721861471861472,429,132,STABLE_POSITIVE_FOLDS,STABLE_POSITIVE,NORMAL,NORMAL,STABLE_POSITIVE
DNO_QUANTILE|CAUSAL_DNO_QUANTILE_80_20_CONTROL_V1|CROSSED_OS_BAND_DOWN|5m|DOWN,DNO_QUANTILE,CAUSAL_DNO_QUANTILE_80_20_CONTROL_V1,CAUSAL_DNO_QUANTILE_80_20_CONTROL_V1,"{'control': 'quantile_80_20', 'period': 7, 'lookback': 100}",5m,DOWN,CROSSED_OS_BAND_DOWN,CROSSED_OB_BAND_UP,CROSSED_OS_BAND_DOWN,REFERENCE,True,precompute_control_forecast_bands,MULTITF_INDICATOR_PARAMETER_SEARCH_V2,SINGLE_FAMILY_SINGLE_PRIMITIVE,0.0,0.0031602066171363833,22859,7445,UNSTABLE_DISCOVERY,WEAK_POSITIVE,NORMAL,NORMAL,WEAK_POSITIVE
DNO_QUANTILE|CAUSAL_DNO_QUANTILE_80_20_CONTROL_V1|CROSSED_OS_BAND_DOWN|6H|DOWN,DNO_QUANTILE,CAUSAL_DNO_QUANTILE_80_20_CONTROL_V1,CAUSAL_DNO_QUANTILE_80_20_CONTROL_V1,"{'control': 'quantile_80_20', 'period': 7, 'lookback': 100}",6H,DOWN,CROSSED_OS_BAND_DOWN,CROSSED_OB_BAND_UP,CROSSED_OS_BAND_DOWN,REFERENCE,True,precompute_control_forecast_bands,MULTITF_INDICATOR_PARAMETER_SEARCH_V2,SINGLE_FAMILY_SINGLE_PRIMITIVE,0.315417549159337,0.2831454222778996,299,93,STABLE_POSITIVE_FOLDS,STABLE_POSITIVE,NORMAL,LOW_SAMPLE,STABLE_POSITIVE
DNO_QUANTILE|CAUSAL_DNO_QUANTILE_80_20_CONTROL_V1|CROSSED_OS_BAND_DOWN|8H|DOWN,DNO_QUANTILE,CAUSAL_DNO_QUANTILE_80_20_CONTROL_V1,CAUSAL_DNO_QUANTILE_80_20_CONTROL_V1,"{'control': 'quantile_80_20', 'period': 7, 'lookback': 100}",8H,DOWN,CROSSED_OS_BAND_DOWN,CROSSED_OB_BAND_UP,CROSSED_OS_BAND_DOWN,REFERENCE,True,precompute_control_forecast_bands,MULTITF_INDICATOR_PARAMETER_SEARCH_V2,SINGLE_FAMILY_SINGLE_PRIMITIVE,0.3140059379646805,0.33877233877233875,233,65,STABLE_POSITIVE_FOLDS,STABLE_POSITIVE,NORMAL,LOW_SAMPLE,STABLE_POSITIVE
DNO_QUANTILE|CAUSAL_DNO_QUANTILE_80_20_CONTROL_V1|FORECAST_OB_CROSS|12H|UP,DNO_QUANTILE,CAUSAL_DNO_QUANTILE_80_20_CONTROL_V1,CAUSAL_DNO_QUANTILE_80_20_CONTROL_V1,"{'control': 'quantile_80_20', 'period': 7, 'lookback': 100}",12H,UP,FORECAST_OB_CROSS,FORECAST_OB_CROSS,FORECAST_OS_CROSS,REFERENCE,True,precompute_control_forecast_bands,MULTITF_INDICATOR_PARAMETER_SEARCH_V2,SINGLE_FAMILY_SINGLE_PRIMITIVE,0.15778410299193535,0.24126172208013635,213,69,STABLE_POSITIVE_FOLDS,WEAK_POSITIVE,NORMAL,LOW_SAMPLE,WEAK_POSITIVE
DNO_QUANTILE|CAUSAL_DNO_QUANTILE_80_20_CONTROL_V1|FORECAST_OB_CROSS|15m|UP,DNO_QUANTILE,CAUSAL_DNO_QUANTILE_80_20_CONTROL_V1,CAUSAL_DNO_QUANTILE_80_20_CONTROL_V1,"{'control': 'quantile_80_20', 'period': 7, 'lookback': 100}",15m,UP,FORECAST_OB_CROSS,FORECAST_OB_CROSS,FORECAST_OS_CROSS,REFERENCE,True,precompute_control_forecast_bands,MULTITF_INDICATOR_PARAMETER_SEARCH_V2,SINGLE_FAMILY_SINGLE_PRIMITIVE,0.004240723451146771,0.012996295631456128,10809,3495,STABLE_POSITIVE_FOLDS,WEAK_POSITIVE,NORMAL,NORMAL,WEAK_POSITIVE
DNO_QUANTILE|CAUSAL_DNO_QUANTILE_80_20_CONTROL_V1|FORECAST_OB_CROSS|1H|UP,DNO_QUANTILE,CAUSAL_DNO_QUANTILE_80_20_CONTROL_V1,CAUSAL_DNO_QUANTILE_80_20_CONTROL_V1,"{'control': 'quantile_80_20', 'period': 7, 'lookback': 100}",1H,UP,FORECAST_OB_CROSS,FORECAST_OB_CROSS,FORECAST_OS_CROSS,REFERENCE,True,precompute_control_forecast_bands,MULTITF_INDICATOR_PARAMETER_SEARCH_V2,SINGLE_FAMILY_SINGLE_PRIMITIVE,0.16540018662382794,0.1859491240890121,2491,793,STABLE_POSITIVE_FOLDS,STABLE_POSITIVE,NORMAL,NORMAL,STABLE_POSITIVE
DNO_QUANTILE|CAUSAL_DNO_QUANTILE_80_20_CONTROL_V1|FORECAST_OB_CROSS|2H|UP,DNO_QUANTILE,CAUSAL_DNO_QUANTILE_80_20_CONTROL_V1,CAUSAL_DNO_QUANTILE_80_20_CONTROL_V1,"{'control': 'quantile_80_20', 'period': 7, 'lookback': 100}",2H,UP,FORECAST_OB_CROSS,FORECAST_OB_CROSS,FORECAST_OS_CROSS,REFERENCE,True,precompute_control_forecast_bands,MULTITF_INDICATOR_PARAMETER_SEARCH_V2,SINGLE_FAMILY_SINGLE_PRIMITIVE,0.16792241923268267,0.19767239233258652,1226,390,STABLE_POSITIVE_FOLDS,STABLE_POSITIVE,NORMAL,NORMAL,STABLE_POSITIVE
DNO_QUANTILE|CAUSAL_DNO_QUANTILE_80_20_CONTROL_V1|FORECAST_OB_CROSS|30m|UP,DNO_QUANTILE,CAUSAL_DNO_QUANTILE_80_20_CONTROL_V1,CAUSAL_DNO_QUANTILE_80_20_CONTROL_V1,"{'control': 'quantile_80_20', 'period': 7, 'lookback': 100}",30m,UP,FORECAST_OB_CROSS,FORECAST_OB_CROSS,FORECAST_OS_CROSS,REFERENCE,True,precompute_control_forecast_bands,MULTITF_INDICATOR_PARAMETER_SEARCH_V2,SINGLE_FAMILY_SINGLE_PRIMITIVE,0.009288456873516957,0.015360586771358773,5227,1654,STABLE_POSITIVE_FOLDS,WEAK_POSITIVE,NORMAL,NORMAL,WEAK_POSITIVE
DNO_QUANTILE|CAUSAL_DNO_QUANTILE_80_20_CONTROL_V1|FORECAST_OB_CROSS|4H|UP,DNO_QUANTILE,CAUSAL_DNO_QUANTILE_80_20_CONTROL_V1,CAUSAL_DNO_QUANTILE_80_20_CONTROL_V1,"{'control': 'quantile_80_20', 'period': 7, 'lookback': 100}",4H,UP,FORECAST_OB_CROSS,FORECAST_OB_CROSS,FORECAST_OS_CROSS,REFERENCE,True,precompute_control_forecast_bands,MULTITF_INDICATOR_PARAMETER_SEARCH_V2,SINGLE_FAMILY_SINGLE_PRIMITIVE,0.13664865969375378,0.16068672361850522,645,197,STABLE_POSITIVE_FOLDS,STABLE_POSITIVE,NORMAL,NORMAL,STABLE_POSITIVE
DNO_QUANTILE|CAUSAL_DNO_QUANTILE_80_20_CONTROL_V1|FORECAST_OB_CROSS|5m|UP,DNO_QUANTILE,CAUSAL_DNO_QUANTILE_80_20_CONTROL_V1,CAUSAL_DNO_QUANTILE_80_20_CONTROL_V1,"{'control': 'quantile_80_20', 'period': 7, 'lookback': 100}",5m,UP,FORECAST_OB_CROSS,FORECAST_OB_CROSS,FORECAST_OS_CROSS,REFERENCE,True,precompute_control_forecast_bands,MULTITF_INDICATOR_PARAMETER_SEARCH_V2,SINGLE_FAMILY_SINGLE_PRIMITIVE,0.0,0.0018928585084773029,32696,10764,UNSTABLE_DISCOVERY,WEAK_POSITIVE,NORMAL,NORMAL,WEAK_POSITIVE
DNO_QUANTILE|CAUSAL_DNO_QUANTILE_80_20_CONTROL_V1|FORECAST_OB_CROSS|6H|UP,DNO_QUANTILE,CAUSAL_DNO_QUANTILE_80_20_CONTROL_V1,CAUSAL_DNO_QUANTILE_80_20_CONTROL_V1,"{'control': 'quantile_80_20', 'period': 7, 'lookback': 100}",6H,UP,FORECAST_OB_CROSS,FORECAST_OB_CROSS,FORECAST_OS_CROSS,REFERENCE,True,precompute_control_forecast_bands,MULTITF_INDICATOR_PARAMETER_SEARCH_V2,SINGLE_FAMILY_SINGLE_PRIMITIVE,0.11180154687794752,0.2304259317256498,450,124,STABLE_POSITIVE_FOLDS,WEAK_POSITIVE,NORMAL,NORMAL,WEAK_POSITIVE
DNO_QUANTILE|CAUSAL_DNO_QUANTILE_80_20_CONTROL_V1|FORECAST_OB_CROSS|8H|UP,DNO_QUANTILE,CAUSAL_DNO_QUANTILE_80_20_CONTROL_V1,CAUSAL_DNO_QUANTILE_80_20_CONTROL_V1,"{'control': 'quantile_80_20', 'period': 7, 'lookback': 100}",8H,UP,FORECAST_OB_CROSS,FORECAST_OB_CROSS,FORECAST_OS_CROSS,REFERENCE,True,precompute_control_forecast_bands,MULTITF_INDICATOR_PARAMETER_SEARCH_V2,SINGLE_FAMILY_SINGLE_PRIMITIVE,0.1419637921503593,0.20644574944071592,335,96,STABLE_POSITIVE_FOLDS,STABLE_POSITIVE,NORMAL,LOW_SAMPLE,STABLE_POSITIVE
DNO_QUANTILE|CAUSAL_DNO_QUANTILE_80_20_CONTROL_V1|FORECAST_OS_CROSS|12H|DOWN,DNO_QUANTILE,CAUSAL_DNO_QUANTILE_80_20_CONTROL_V1,CAUSAL_DNO_QUANTILE_80_20_CONTROL_V1,"{'control': 'quantile_80_20', 'period': 7, 'lookback': 100}",12H,DOWN,FORECAST_OS_CROSS,FORECAST_OB_CROSS,FORECAST_OS_CROSS,REFERENCE,True,precompute_control_forecast_bands,MULTITF_INDICATOR_PARAMETER_SEARCH_V2,SINGLE_FAMILY_SINGLE_PRIMITIVE,0.21209604153147305,0.16568914956011727,201,66,STABLE_POSITIVE_FOLDS,STABLE_POSITIVE,NORMAL,LOW_SAMPLE,STABLE_POSITIVE
DNO_QUANTILE|CAUSAL_DNO_QUANTILE_80_20_CONTROL_V1|FORECAST_OS_CROSS|15m|DOWN,DNO_QUANTILE,CAUSAL_DNO_QUANTILE_80_20_CONTROL_V1,CAUSAL_DNO_QUANTILE_80_20_CONTROL_V1,"{'control': 'quantile_80_20', 'period': 7, 'lookback': 100}",15m,DOWN,FORECAST_OS_CROSS,FORECAST_OB_CROSS,FORECAST_OS_CROSS,REFERENCE,True,precompute_control_forecast_bands,MULTITF_INDICATOR_PARAMETER_SEARCH_V2,SINGLE_FAMILY_SINGLE_PRIMITIVE,0.004073973199429551,0.012716504930862866,11075,3542,STABLE_POSITIVE_FOLDS,WEAK_POSITIVE,NORMAL,NORMAL,WEAK_POSITIVE
DNO_QUANTILE|CAUSAL_DNO_QUANTILE_80_20_CONTROL_V1|FORECAST_OS_CROSS|1D|DOWN,DNO_QUANTILE,CAUSAL_DNO_QUANTILE_80_20_CONTROL_V1,CAUSAL_DNO_QUANTILE_80_20_CONTROL_V1,"{'control': 'quantile_80_20', 'period': 7, 'lookback': 100}",1D,DOWN,FORECAST_OS_CROSS,FORECAST_OB_CROSS,FORECAST_OS_CROSS,REFERENCE,True,precompute_control_forecast_bands,MULTITF_INDICATOR_PARAMETER_SEARCH_V2,SINGLE_FAMILY_SINGLE_PRIMITIVE,0.2343537414965986,0.1501998857795545,98,34,STABLE_POSITIVE_FOLDS,STABLE_POSITIVE,LOW_SAMPLE,LOW_SAMPLE,STABLE_POSITIVE
DNO_QUANTILE|CAUSAL_DNO_QUANTILE_80_20_CONTROL_V1|FORECAST_OS_CROSS|1H|DOWN,DNO_QUANTILE,CAUSAL_DNO_QUANTILE_80_20_CONTROL_V1,CAUSAL_DNO_QUANTILE_80_20_CONTROL_V1,"{'control': 'quantile_80_20', 'period': 7, 'lookback': 100}",1H,DOWN,FORECAST_OS_CROSS,FORECAST_OB_CROSS,FORECAST_OS_CROSS,REFERENCE,True,precompute_control_forecast_bands,MULTITF_INDICATOR_PARAMETER_SEARCH_V2,SINGLE_FAMILY_SINGLE_PRIMITIVE,0.1672201388959847,0.18762956575978276,2542,819,STABLE_POSITIVE_FOLDS,STABLE_POSITIVE,NORMAL,NORMAL,STABLE_POSITIVE
DNO_QUANTILE|CAUSAL_DNO_QUANTILE_80_20_CONTROL_V1|FORECAST_OS_CROSS|2H|DOWN,DNO_QUANTILE,CAUSAL_DNO_QUANTILE_80_20_CONTROL_V1,CAUSAL_DNO_QUANTILE_80_20_CONTROL_V1,"{'control': 'quantile_80_20', 'period': 7, 'lookback': 100}",2H,DOWN,FORECAST_OS_CROSS,FORECAST_OB_CROSS,FORECAST_OS_CROSS,REFERENCE,True,precompute_control_forecast_bands,MULTITF_INDICATOR_PARAMETER_SEARCH_V2,SINGLE_FAMILY_SINGLE_PRIMITIVE,0.166671773658138,0.20645783941422066,1284,385,STABLE_POSITIVE_FOLDS,STABLE_POSITIVE,NORMAL,NORMAL,STABLE_POSITIVE
DNO_QUANTILE|CAUSAL_DNO_QUANTILE_80_20_CONTROL_V1|FORECAST_OS_CROSS|30m|DOWN,DNO_QUANTILE,CAUSAL_DNO_QUANTILE_80_20_CONTROL_V1,CAUSAL_DNO_QUANTILE_80_20_CONTROL_V1,"{'control': 'quantile_80_20', 'period': 7, 'lookback': 100}",30m,DOWN,FORECAST_OS_CROSS,FORECAST_OB_CROSS,FORECAST_OS_CROSS,REFERENCE,True,precompute_control_forecast_bands,MULTITF_INDICATOR_PARAMETER_SEARCH_V2,SINGLE_FAMILY_SINGLE_PRIMITIVE,0.009119378868896313,0.01493786761344589,5287,1727,STABLE_POSITIVE_FOLDS,WEAK_POSITIVE,NORMAL,NORMAL,WEAK_POSITIVE
DNO_QUANTILE|CAUSAL_DNO_QUANTILE_80_20_CONTROL_V1|FORECAST_OS_CROSS|4H|DOWN,DNO_QUANTILE,CAUSAL_DNO_QUANTILE_80_20_CONTROL_V1,CAUSAL_DNO_QUANTILE_80_20_CONTROL_V1,"{'control': 'quantile_80_20', 'period': 7, 'lookback': 100}",4H,DOWN,FORECAST_OS_CROSS,FORECAST_OB_CROSS,FORECAST_OS_CROSS,REFERENCE,True,precompute_control_forecast_bands,MULTITF_INDICATOR_PARAMETER_SEARCH_V2,SINGLE_FAMILY_SINGLE_PRIMITIVE,0.1730623096739573,0.13824675324675326,586,200,STABLE_POSITIVE_FOLDS,STABLE_POSITIVE,NORMAL,NORMAL,STABLE_POSITIVE
DNO_QUANTILE|CAUSAL_DNO_QUANTILE_80_20_CONTROL_V1|FORECAST_OS_CROSS|5m|DOWN,DNO_QUANTILE,CAUSAL_DNO_QUANTILE_80_20_CONTROL_V1,CAUSAL_DNO_QUANTILE_80_20_CONTROL_V1,"{'control': 'quantile_80_20', 'period': 7, 'lookback': 100}",5m,DOWN,FORECAST_OS_CROSS,FORECAST_OB_CROSS,FORECAST_OS_CROSS,REFERENCE,True,precompute_control_forecast_bands,MULTITF_INDICATOR_PARAMETER_SEARCH_V2,SINGLE_FAMILY_SINGLE_PRIMITIVE,0.0,0.0018118724220261247,33426,10848,UNSTABLE_DISCOVERY,WEAK_POSITIVE,NORMAL,NORMAL,WEAK_POSITIVE
DNO_QUANTILE|CAUSAL_DNO_QUANTILE_80_20_CONTROL_V1|FORECAST_OS_CROSS|6H|DOWN,DNO_QUANTILE,CAUSAL_DNO_QUANTILE_80_20_CONTROL_V1,CAUSAL_DNO_QUANTILE_80_20_CONTROL_V1,"{'control': 'quantile_80_20', 'period': 7, 'lookback': 100}",6H,DOWN,FORECAST_OS_CROSS,FORECAST_OB_CROSS,FORECAST_OS_CROSS,REFERENCE,True,precompute_control_forecast_bands,MULTITF_INDICATOR_PARAMETER_SEARCH_V2,SINGLE_FAMILY_SINGLE_PRIMITIVE,0.21417657045840405,0.21207277606756658,380,123,STABLE_POSITIVE_FOLDS,STABLE_POSITIVE,NORMAL,NORMAL,STABLE_POSITIVE
DNO_QUANTILE|CAUSAL_DNO_QUANTILE_80_20_CONTROL_V1|FORECAST_OS_CROSS|8H|DOWN,DNO_QUANTILE,CAUSAL_DNO_QUANTILE_80_20_CONTROL_V1,CAUSAL_DNO_QUANTILE_80_20_CONTROL_V1,"{'control': 'quantile_80_20', 'period': 7, 'lookback': 100}",8H,DOWN,FORECAST_OS_CROSS,FORECAST_OB_CROSS,FORECAST_OS_CROSS,REFERENCE,True,precompute_control_forecast_bands,MULTITF_INDICATOR_PARAMETER_SEARCH_V2,SINGLE_FAMILY_SINGLE_PRIMITIVE,0.17842394643315423,0.21168203776899425,298,92,STABLE_POSITIVE_FOLDS,STABLE_POSITIVE,NORMAL,LOW_SAMPLE,STABLE_POSITIVE
INVERSE|INVERSE_DMA_25X5|DMA_SMA_P25_SHIFT5_V1|12H|DOWN,INVERSE_PREDICTOR,INVERSE_DMA_25X5,DMA_SMA_P25_SHIFT5_V1,"{'inverse_parameter_set_id': 'PRED_DMA_25X5_CROSS_DOWN_V1', 'indicator_parameter_set_id': 'DMA_SMA_P25_SHIFT5_V1'}",12H,DOWN,INVERSE_THRESHOLD_CROSS,INVERSE_UP,INVERSE_DOWN,SUPPORTED_ANALYTICALLY,True,PRED_DMA_25X5_CROSS_DOWN_V1,MULTITF_INDICATOR_PARAMETER_SEARCH_V2,SINGLE_FAMILY_SINGLE_PRIMITIVE,0.2985449849332759,0.3255376344086022,101,40,STABLE_POSITIVE_FOLDS,STABLE_POSITIVE,NORMAL,LOW_SAMPLE,STABLE_POSITIVE
INVERSE|INVERSE_DMA_25X5|DMA_SMA_P25_SHIFT5_V1|12H|UP,INVERSE_PREDICTOR,INVERSE_DMA_25X5,DMA_SMA_P25_SHIFT5_V1,"{'inverse_parameter_set_id': 'PRED_DMA_25X5_CROSS_UP_V1', 'indicator_parameter_set_id': 'DMA_SMA_P25_SHIFT5_V1'}",12H,UP,INVERSE_THRESHOLD_CROSS,INVERSE_UP,INVERSE_DOWN,SUPPORTED_ANALYTICALLY,True,PRED_DMA_25X5_CROSS_UP_V1,MULTITF_INDICATOR_PARAMETER_SEARCH_V2,SINGLE_FAMILY_SINGLE_PRIMITIVE,0.3550670917043517,0.3470588235294117,94,40,STABLE_POSITIVE_FOLDS,STABLE_POSITIVE,LOW_SAMPLE,LOW_SAMPLE,STABLE_POSITIVE
INVERSE|INVERSE_DMA_25X5|DMA_SMA_P25_SHIFT5_V1|15m|DOWN,INVERSE_PREDICTOR,INVERSE_DMA_25X5,DMA_SMA_P25_SHIFT5_V1,"{'inverse_parameter_set_id': 'PRED_DMA_25X5_CROSS_DOWN_V1', 'indicator_parameter_set_id': 'DMA_SMA_P25_SHIFT5_V1'}",15m,DOWN,INVERSE_THRESHOLD_CROSS,INVERSE_UP,INVERSE_DOWN,SUPPORTED_ANALYTICALLY,True,PRED_DMA_25X5_CROSS_DOWN_V1,MULTITF_INDICATOR_PARAMETER_SEARCH_V2,SINGLE_FAMILY_SINGLE_PRIMITIVE,0.008658330132976053,0.022607509364345017,6252,2151,STABLE_POSITIVE_FOLDS,WEAK_POSITIVE,NORMAL,NORMAL,WEAK_POSITIVE
INVERSE|INVERSE_DMA_25X5|DMA_SMA_P25_SHIFT5_V1|15m|UP,INVERSE_PREDICTOR,INVERSE_DMA_25X5,DMA_SMA_P25_SHIFT5_V1,"{'inverse_parameter_set_id': 'PRED_DMA_25X5_CROSS_UP_V1', 'indicator_parameter_set_id': 'DMA_SMA_P25_SHIFT5_V1'}",15m,UP,INVERSE_THRESHOLD_CROSS,INVERSE_UP,INVERSE_DOWN,SUPPORTED_ANALYTICALLY,True,PRED_DMA_25X5_CROSS_UP_V1,MULTITF_INDICATOR_PARAMETER_SEARCH_V2,SINGLE_FAMILY_SINGLE_PRIMITIVE,0.008667491375184466,0.025182322508259056,6335,2135,STABLE_POSITIVE_FOLDS,WEAK_POSITIVE,NORMAL,NORMAL,WEAK_POSITIVE
INVERSE|INVERSE_DMA_25X5|DMA_SMA_P25_SHIFT5_V1|1H|DOWN,INVERSE_PREDICTOR,INVERSE_DMA_25X5,DMA_SMA_P25_SHIFT5_V1,"{'inverse_parameter_set_id': 'PRED_DMA_25X5_CROSS_DOWN_V1', 'indicator_parameter_set_id': 'DMA_SMA_P25_SHIFT5_V1'}",1H,DOWN,INVERSE_THRESHOLD_CROSS,INVERSE_UP,INVERSE_DOWN,SUPPORTED_ANALYTICALLY,True,PRED_DMA_25X5_CROSS_DOWN_V1,MULTITF_INDICATOR_PARAMETER_SEARCH_V2,SINGLE_FAMILY_SINGLE_PRIMITIVE,0.29517761083167776,0.34601246726195034,1467,436,STABLE_POSITIVE_FOLDS,STABLE_POSITIVE,NORMAL,NORMAL,STABLE_POSITIVE
INVERSE|INVERSE_DMA_25X5|DMA_SMA_P25_SHIFT5_V1|1H|UP,INVERSE_PREDICTOR,INVERSE_DMA_25X5,DMA_SMA_P25_SHIFT5_V1,"{'inverse_parameter_set_id': 'PRED_DMA_25X5_CROSS_UP_V1', 'indicator_parameter_set_id': 'DMA_SMA_P25_SHIFT5_V1'}",1H,UP,INVERSE_THRESHOLD_CROSS,INVERSE_UP,INVERSE_DOWN,SUPPORTED_ANALYTICALLY,True,PRED_DMA_25X5_CROSS_UP_V1,MULTITF_INDICATOR_PARAMETER_SEARCH_V2,SINGLE_FAMILY_SINGLE_PRIMITIVE,0.3201792423029087,0.36161832567273866,1437,458,STABLE_POSITIVE_FOLDS,STABLE_POSITIVE,NORMAL,NORMAL,STABLE_POSITIVE
INVERSE|INVERSE_DMA_25X5|DMA_SMA_P25_SHIFT5_V1|2H|DOWN,INVERSE_PREDICTOR,INVERSE_DMA_25X5,DMA_SMA_P25_SHIFT5_V1,"{'inverse_parameter_set_id': 'PRED_DMA_25X5_CROSS_DOWN_V1', 'indicator_parameter_set_id': 'DMA_SMA_P25_SHIFT5_V1'}",2H,DOWN,INVERSE_THRESHOLD_CROSS,INVERSE_UP,INVERSE_DOWN,SUPPORTED_ANALYTICALLY,True,PRED_DMA_25X5_CROSS_DOWN_V1,MULTITF_INDICATOR_PARAMETER_SEARCH_V2,SINGLE_FAMILY_SINGLE_PRIMITIVE,0.3055191256830601,0.30999030694668817,700,250,STABLE_POSITIVE_FOLDS,STABLE_POSITIVE,NORMAL,NORMAL,STABLE_POSITIVE
INVERSE|INVERSE_DMA_25X5|DMA_SMA_P25_SHIFT5_V1|2H|UP,INVERSE_PREDICTOR,INVERSE_DMA_25X5,DMA_SMA_P25_SHIFT5_V1,"{'inverse_parameter_set_id': 'PRED_DMA_25X5_CROSS_UP_V1', 'indicator_parameter_set_id': 'DMA_SMA_P25_SHIFT5_V1'}",2H,UP,INVERSE_THRESHOLD_CROSS,INVERSE_UP,INVERSE_DOWN,SUPPORTED_ANALYTICALLY,True,PRED_DMA_25X5_CROSS_UP_V1,MULTITF_INDICATOR_PARAMETER_SEARCH_V2,SINGLE_FAMILY_SINGLE_PRIMITIVE,0.3082355595148485,0.33704606214103894,711,253,STABLE_POSITIVE_FOLDS,STABLE_POSITIVE,NORMAL,NORMAL,STABLE_POSITIVE
INVERSE|INVERSE_DMA_25X5|DMA_SMA_P25_SHIFT5_V1|30m|DOWN,INVERSE_PREDICTOR,INVERSE_DMA_25X5,DMA_SMA_P25_SHIFT5_V1,"{'inverse_parameter_set_id': 'PRED_DMA_25X5_CROSS_DOWN_V1', 'indicator_parameter_set_id': 'DMA_SMA_P25_SHIFT5_V1'}",30m,DOWN,INVERSE_THRESHOLD_CROSS,INVERSE_UP,INVERSE_DOWN,SUPPORTED_ANALYTICALLY,True,PRED_DMA_25X5_CROSS_DOWN_V1,MULTITF_INDICATOR_PARAMETER_SEARCH_V2,SINGLE_FAMILY_SINGLE_PRIMITIVE,0.01797224044553199,0.026928952237207267,3032,1081,STABLE_POSITIVE_FOLDS,WEAK_POSITIVE,NORMAL,NORMAL,WEAK_POSITIVE
INVERSE|INVERSE_DMA_25X5|DMA_SMA_P25_SHIFT5_V1|30m|UP,INVERSE_PREDICTOR,INVERSE_DMA_25X5,DMA_SMA_P25_SHIFT5_V1,"{'inverse_parameter_set_id': 'PRED_DMA_25X5_CROSS_UP_V1', 'indicator_parameter_set_id': 'DMA_SMA_P25_SHIFT5_V1'}",30m,UP,INVERSE_THRESHOLD_CROSS,INVERSE_UP,INVERSE_DOWN,SUPPORTED_ANALYTICALLY,True,PRED_DMA_25X5_CROSS_UP_V1,MULTITF_INDICATOR_PARAMETER_SEARCH_V2,SINGLE_FAMILY_SINGLE_PRIMITIVE,0.01807129661546379,0.025775719114275425,3062,1059,STABLE_POSITIVE_FOLDS,WEAK_POSITIVE,NORMAL,NORMAL,WEAK_POSITIVE
INVERSE|INVERSE_DMA_25X5|DMA_SMA_P25_SHIFT5_V1|4H|DOWN,INVERSE_PREDICTOR,INVERSE_DMA_25X5,DMA_SMA_P25_SHIFT5_V1,"{'inverse_parameter_set_id': 'PRED_DMA_25X5_CROSS_DOWN_V1', 'indicator_parameter_set_id': 'DMA_SMA_P25_SHIFT5_V1'}",4H,DOWN,INVERSE_THRESHOLD_CROSS,INVERSE_UP,INVERSE_DOWN,SUPPORTED_ANALYTICALLY,True,PRED_DMA_25X5_CROSS_DOWN_V1,MULTITF_INDICATOR_PARAMETER_SEARCH_V2,SINGLE_FAMILY_SINGLE_PRIMITIVE,0.3383962930966779,0.3390310669722434,315,102,STABLE_POSITIVE_FOLDS,STABLE_POSITIVE,NORMAL,NORMAL,STABLE_POSITIVE
INVERSE|INVERSE_DMA_25X5|DMA_SMA_P25_SHIFT5_V1|4H|UP,INVERSE_PREDICTOR,INVERSE_DMA_25X5,DMA_SMA_P25_SHIFT5_V1,"{'inverse_parameter_set_id': 'PRED_DMA_25X5_CROSS_UP_V1', 'indicator_parameter_set_id': 'DMA_SMA_P25_SHIFT5_V1'}",4H,UP,INVERSE_THRESHOLD_CROSS,INVERSE_UP,INVERSE_DOWN,SUPPORTED_ANALYTICALLY,True,PRED_DMA_25X5_CROSS_UP_V1,MULTITF_INDICATOR_PARAMETER_SEARCH_V2,SINGLE_FAMILY_SINGLE_PRIMITIVE,0.2924200720590402,0.35719199499687304,328,104,STABLE_POSITIVE_FOLDS,STABLE_POSITIVE,NORMAL,NORMAL,STABLE_POSITIVE
INVERSE|INVERSE_DMA_25X5|DMA_SMA_P25_SHIFT5_V1|5m|DOWN,INVERSE_PREDICTOR,INVERSE_DMA_25X5,DMA_SMA_P25_SHIFT5_V1,"{'inverse_parameter_set_id': 'PRED_DMA_25X5_CROSS_DOWN_V1', 'indicator_parameter_set_id': 'DMA_SMA_P25_SHIFT5_V1'}",5m,DOWN,INVERSE_THRESHOLD_CROSS,INVERSE_UP,INVERSE_DOWN,SUPPORTED_ANALYTICALLY,True,PRED_DMA_25X5_CROSS_DOWN_V1,MULTITF_INDICATOR_PARAMETER_SEARCH_V2,SINGLE_FAMILY_SINGLE_PRIMITIVE,0.0,0.0037936139331052002,18691,6286,UNSTABLE_DISCOVERY,WEAK_POSITIVE,NORMAL,NORMAL,WEAK_POSITIVE
INVERSE|INVERSE_DMA_25X5|DMA_SMA_P25_SHIFT5_V1|5m|UP,INVERSE_PREDICTOR,INVERSE_DMA_25X5,DMA_SMA_P25_SHIFT5_V1,"{'inverse_parameter_set_id': 'PRED_DMA_25X5_CROSS_UP_V1', 'indicator_parameter_set_id': 'DMA_SMA_P25_SHIFT5_V1'}",5m,UP,INVERSE_THRESHOLD_CROSS,INVERSE_UP,INVERSE_DOWN,SUPPORTED_ANALYTICALLY,True,PRED_DMA_25X5_CROSS_UP_V1,MULTITF_INDICATOR_PARAMETER_SEARCH_V2,SINGLE_FAMILY_SINGLE_PRIMITIVE,0.0,0.0040643476299329585,18734,6301,UNSTABLE_DISCOVERY,WEAK_POSITIVE,NORMAL,NORMAL,WEAK_POSITIVE
INVERSE|INVERSE_DMA_25X5|DMA_SMA_P25_SHIFT5_V1|6H|DOWN,INVERSE_PREDICTOR,INVERSE_DMA_25X5,DMA_SMA_P25_SHIFT5_V1,"{'inverse_parameter_set_id': 'PRED_DMA_25X5_CROSS_DOWN_V1', 'indicator_parameter_set_id': 'DMA_SMA_P25_SHIFT5_V1'}",6H,DOWN,INVERSE_THRESHOLD_CROSS,INVERSE_UP,INVERSE_DOWN,SUPPORTED_ANALYTICALLY,True,PRED_DMA_25X5_CROSS_DOWN_V1,MULTITF_INDICATOR_PARAMETER_SEARCH_V2,SINGLE_FAMILY_SINGLE_PRIMITIVE,0.30613426844167996,0.32188455911690383,214,73,STABLE_POSITIVE_FOLDS,STABLE_POSITIVE,NORMAL,LOW_SAMPLE,STABLE_POSITIVE
INVERSE|INVERSE_DMA_25X5|DMA_SMA_P25_SHIFT5_V1|6H|UP,INVERSE_PREDICTOR,INVERSE_DMA_25X5,DMA_SMA_P25_SHIFT5_V1,"{'inverse_parameter_set_id': 'PRED_DMA_25X5_CROSS_UP_V1', 'indicator_parameter_set_id': 'DMA_SMA_P25_SHIFT5_V1'}",6H,UP,INVERSE_THRESHOLD_CROSS,INVERSE_UP,INVERSE_DOWN,SUPPORTED_ANALYTICALLY,True,PRED_DMA_25X5_CROSS_UP_V1,MULTITF_INDICATOR_PARAMETER_SEARCH_V2,SINGLE_FAMILY_SINGLE_PRIMITIVE,0.32600614795479527,0.3348166127292341,227,72,STABLE_POSITIVE_FOLDS,STABLE_POSITIVE,NORMAL,LOW_SAMPLE,STABLE_POSITIVE
INVERSE|INVERSE_DMA_25X5|DMA_SMA_P25_SHIFT5_V1|8H|DOWN,INVERSE_PREDICTOR,INVERSE_DMA_25X5,DMA_SMA_P25_SHIFT5_V1,"{'inverse_parameter_set_id': 'PRED_DMA_25X5_CROSS_DOWN_V1', 'indicator_parameter_set_id': 'DMA_SMA_P25_SHIFT5_V1'}",8H,DOWN,INVERSE_THRESHOLD_CROSS,INVERSE_UP,INVERSE_DOWN,SUPPORTED_ANALYTICALLY,True,PRED_DMA_25X5_CROSS_DOWN_V1,MULTITF_INDICATOR_PARAMETER_SEARCH_V2,SINGLE_FAMILY_SINGLE_PRIMITIVE,0.28428693237718355,0.36313131313131314,159,60,STABLE_POSITIVE_FOLDS,STABLE_POSITIVE,NORMAL,LOW_SAMPLE,STABLE_POSITIVE
INVERSE|INVERSE_DMA_25X5|DMA_SMA_P25_SHIFT5_V1|8H|UP,INVERSE_PREDICTOR,INVERSE_DMA_25X5,DMA_SMA_P25_SHIFT5_V1,"{'inverse_parameter_set_id': 'PRED_DMA_25X5_CROSS_UP_V1', 'indicator_parameter_set_id': 'DMA_SMA_P25_SHIFT5_V1'}",8H,UP,INVERSE_THRESHOLD_CROSS,INVERSE_UP,INVERSE_DOWN,SUPPORTED_ANALYTICALLY,True,PRED_DMA_25X5_CROSS_UP_V1,MULTITF_INDICATOR_PARAMETER_SEARCH_V2,SINGLE_FAMILY_SINGLE_PRIMITIVE,0.3668834974214721,0.30348522312492643,158,57,STABLE_POSITIVE_FOLDS,STABLE_POSITIVE,NORMAL,LOW_SAMPLE,STABLE_POSITIVE
INVERSE|INVERSE_DMA_3X3|DMA_SMA_P3_SHIFT3_V1|12H|DOWN,INVERSE_PREDICTOR,INVERSE_DMA_3X3,DMA_SMA_P3_SHIFT3_V1,"{'inverse_parameter_set_id': 'PRED_DMA_3X3_CROSS_DOWN_V1', 'indicator_parameter_set_id': 'DMA_SMA_P3_SHIFT3_V1'}",12H,DOWN,INVERSE_THRESHOLD_CROSS,INVERSE_UP,INVERSE_DOWN,SUPPORTED_ANALYTICALLY,True,PRED_DMA_3X3_CROSS_DOWN_V1,MULTITF_INDICATOR_PARAMETER_SEARCH_V2,SINGLE_FAMILY_SINGLE_PRIMITIVE,0.07478260869565218,0.12841374060329241,365,113,STABLE_POSITIVE_FOLDS,WEAK_POSITIVE,NORMAL,NORMAL,WEAK_POSITIVE
INVERSE|INVERSE_DMA_3X3|DMA_SMA_P3_SHIFT3_V1|12H|UP,INVERSE_PREDICTOR,INVERSE_DMA_3X3,DMA_SMA_P3_SHIFT3_V1,"{'inverse_parameter_set_id': 'PRED_DMA_3X3_CROSS_UP_V1', 'indicator_parameter_set_id': 'DMA_SMA_P3_SHIFT3_V1'}",12H,UP,INVERSE_THRESHOLD_CROSS,INVERSE_UP,INVERSE_DOWN,SUPPORTED_ANALYTICALLY,True,PRED_DMA_3X3_CROSS_UP_V1,MULTITF_INDICATOR_PARAMETER_SEARCH_V2,SINGLE_FAMILY_SINGLE_PRIMITIVE,0.05406098911487456,0.028738212842388866,387,131,STABLE_POSITIVE_FOLDS,STABLE_POSITIVE,NORMAL,NORMAL,STABLE_POSITIVE
INVERSE|INVERSE_DMA_3X3|DMA_SMA_P3_SHIFT3_V1|15m|DOWN,INVERSE_PREDICTOR,INVERSE_DMA_3X3,DMA_SMA_P3_SHIFT3_V1,"{'inverse_parameter_set_id': 'PRED_DMA_3X3_CROSS_DOWN_V1', 'indicator_parameter_set_id': 'DMA_SMA_P3_SHIFT3_V1'}",15m,DOWN,INVERSE_THRESHOLD_CROSS,INVERSE_UP,INVERSE_DOWN,SUPPORTED_ANALYTICALLY,True,PRED_DMA_3X3_CROSS_DOWN_V1,MULTITF_INDICATOR_PARAMETER_SEARCH_V2,SINGLE_FAMILY_SINGLE_PRIMITIVE,0.0012262002521268743,0.003488127662056916,19112,6487,STABLE_POSITIVE_FOLDS,WEAK_POSITIVE,NORMAL,NORMAL,WEAK_POSITIVE
INVERSE|INVERSE_DMA_3X3|DMA_SMA_P3_SHIFT3_V1|15m|UP,INVERSE_PREDICTOR,INVERSE_DMA_3X3,DMA_SMA_P3_SHIFT3_V1,"{'inverse_parameter_set_id': 'PRED_DMA_3X3_CROSS_UP_V1', 'indicator_parameter_set_id': 'DMA_SMA_P3_SHIFT3_V1'}",15m,UP,INVERSE_THRESHOLD_CROSS,INVERSE_UP,INVERSE_DOWN,SUPPORTED_ANALYTICALLY,True,PRED_DMA_3X3_CROSS_UP_V1,MULTITF_INDICATOR_PARAMETER_SEARCH_V2,SINGLE_FAMILY_SINGLE_PRIMITIVE,0.0011419137748860221,0.0033526736038579476,19532,6571,STABLE_POSITIVE_FOLDS,WEAK_POSITIVE,NORMAL,NORMAL,WEAK_POSITIVE
INVERSE|INVERSE_DMA_3X3|DMA_SMA_P3_SHIFT3_V1|1D|DOWN,INVERSE_PREDICTOR,INVERSE_DMA_3X3,DMA_SMA_P3_SHIFT3_V1,"{'inverse_parameter_set_id': 'PRED_DMA_3X3_CROSS_DOWN_V1', 'indicator_parameter_set_id': 'DMA_SMA_P3_SHIFT3_V1'}",1D,DOWN,INVERSE_THRESHOLD_CROSS,INVERSE_UP,INVERSE_DOWN,SUPPORTED_ANALYTICALLY,True,PRED_DMA_3X3_CROSS_DOWN_V1,MULTITF_INDICATOR_PARAMETER_SEARCH_V2,SINGLE_FAMILY_SINGLE_PRIMITIVE,0.07108843537414966,0.16175450762829402,196,56,STABLE_POSITIVE_FOLDS,WEAK_POSITIVE,NORMAL,LOW_SAMPLE,WEAK_POSITIVE
INVERSE|INVERSE_DMA_3X3|DMA_SMA_P3_SHIFT3_V1|1D|UP,INVERSE_PREDICTOR,INVERSE_DMA_3X3,DMA_SMA_P3_SHIFT3_V1,"{'inverse_parameter_set_id': 'PRED_DMA_3X3_CROSS_UP_V1', 'indicator_parameter_set_id': 'DMA_SMA_P3_SHIFT3_V1'}",1D,UP,INVERSE_THRESHOLD_CROSS,INVERSE_UP,INVERSE_DOWN,SUPPORTED_ANALYTICALLY,True,PRED_DMA_3X3_CROSS_UP_V1,MULTITF_INDICATOR_PARAMETER_SEARCH_V2,SINGLE_FAMILY_SINGLE_PRIMITIVE,0.07927597855498225,0.07034412955465585,199,76,STABLE_POSITIVE_FOLDS,STABLE_POSITIVE,NORMAL,LOW_SAMPLE,STABLE_POSITIVE
INVERSE|INVERSE_DMA_3X3|DMA_SMA_P3_SHIFT3_V1|1H|DOWN,INVERSE_PREDICTOR,INVERSE_DMA_3X3,DMA_SMA_P3_SHIFT3_V1,"{'inverse_parameter_set_id': 'PRED_DMA_3X3_CROSS_DOWN_V1', 'indicator_parameter_set_id': 'DMA_SMA_P3_SHIFT3_V1'}",1H,DOWN,INVERSE_THRESHOLD_CROSS,INVERSE_UP,INVERSE_DOWN,SUPPORTED_ANALYTICALLY,True,PRED_DMA_3X3_CROSS_DOWN_V1,MULTITF_INDICATOR_PARAMETER_SEARCH_V2,SINGLE_FAMILY_SINGLE_PRIMITIVE,0.0478579030900038,0.048532368061450865,4797,1587,STABLE_POSITIVE_FOLDS,STABLE_POSITIVE,NORMAL,NORMAL,STABLE_POSITIVE
INVERSE|INVERSE_DMA_3X3|DMA_SMA_P3_SHIFT3_V1|1H|UP,INVERSE_PREDICTOR,INVERSE_DMA_3X3,DMA_SMA_P3_SHIFT3_V1,"{'inverse_parameter_set_id': 'PRED_DMA_3X3_CROSS_UP_V1', 'indicator_parameter_set_id': 'DMA_SMA_P3_SHIFT3_V1'}",1H,UP,INVERSE_THRESHOLD_CROSS,INVERSE_UP,INVERSE_DOWN,SUPPORTED_ANALYTICALLY,True,PRED_DMA_3X3_CROSS_UP_V1,MULTITF_INDICATOR_PARAMETER_SEARCH_V2,SINGLE_FAMILY_SINGLE_PRIMITIVE,0.04246035146197946,0.04743683669627685,4985,1640,STABLE_POSITIVE_FOLDS,STABLE_POSITIVE,NORMAL,NORMAL,STABLE_POSITIVE
INVERSE|INVERSE_DMA_3X3|DMA_SMA_P3_SHIFT3_V1|2H|DOWN,INVERSE_PREDICTOR,INVERSE_DMA_3X3,DMA_SMA_P3_SHIFT3_V1,"{'inverse_parameter_set_id': 'PRED_DMA_3X3_CROSS_DOWN_V1', 'indicator_parameter_set_id': 'DMA_SMA_P3_SHIFT3_V1'}",2H,DOWN,INVERSE_THRESHOLD_CROSS,INVERSE_UP,INVERSE_DOWN,SUPPORTED_ANALYTICALLY,True,PRED_DMA_3X3_CROSS_DOWN_V1,MULTITF_INDICATOR_PARAMETER_SEARCH_V2,SINGLE_FAMILY_SINGLE_PRIMITIVE,0.04923775998992973,0.055480691562072804,2431,832,STABLE_POSITIVE_FOLDS,STABLE_POSITIVE,NORMAL,NORMAL,STABLE_POSITIVE
INVERSE|INVERSE_DMA_3X3|DMA_SMA_P3_SHIFT3_V1|2H|UP,INVERSE_PREDICTOR,INVERSE_DMA_3X3,DMA_SMA_P3_SHIFT3_V1,"{'inverse_parameter_set_id': 'PRED_DMA_3X3_CROSS_UP_V1', 'indicator_parameter_set_id': 'DMA_SMA_P3_SHIFT3_V1'}",2H,UP,INVERSE_THRESHOLD_CROSS,INVERSE_UP,INVERSE_DOWN,SUPPORTED_ANALYTICALLY,True,PRED_DMA_3X3_CROSS_UP_V1,MULTITF_INDICATOR_PARAMETER_SEARCH_V2,SINGLE_FAMILY_SINGLE_PRIMITIVE,0.04247342216599162,0.05874181071907805,2551,820,STABLE_POSITIVE_FOLDS,STABLE_POSITIVE,NORMAL,NORMAL,STABLE_POSITIVE
INVERSE|INVERSE_DMA_3X3|DMA_SMA_P3_SHIFT3_V1|30m|DOWN,INVERSE_PREDICTOR,INVERSE_DMA_3X3,DMA_SMA_P3_SHIFT3_V1,"{'inverse_parameter_set_id': 'PRED_DMA_3X3_CROSS_DOWN_V1', 'indicator_parameter_set_id': 'DMA_SMA_P3_SHIFT3_V1'}",30m,DOWN,INVERSE_THRESHOLD_CROSS,INVERSE_UP,INVERSE_DOWN,SUPPORTED_ANALYTICALLY,True,PRED_DMA_3X3_CROSS_DOWN_V1,MULTITF_INDICATOR_PARAMETER_SEARCH_V2,SINGLE_FAMILY_SINGLE_PRIMITIVE,0.002449291762536801,0.0038426807970151633,9881,3315,STABLE_POSITIVE_FOLDS,WEAK_POSITIVE,NORMAL,NORMAL,WEAK_POSITIVE
INVERSE|INVERSE_DMA_3X3|DMA_SMA_P3_SHIFT3_V1|30m|UP,INVERSE_PREDICTOR,INVERSE_DMA_3X3,DMA_SMA_P3_SHIFT3_V1,"{'inverse_parameter_set_id': 'PRED_DMA_3X3_CROSS_UP_V1', 'indicator_parameter_set_id': 'DMA_SMA_P3_SHIFT3_V1'}",30m,UP,INVERSE_THRESHOLD_CROSS,INVERSE_UP,INVERSE_DOWN,SUPPORTED_ANALYTICALLY,True,PRED_DMA_3X3_CROSS_UP_V1,MULTITF_INDICATOR_PARAMETER_SEARCH_V2,SINGLE_FAMILY_SINGLE_PRIMITIVE,0.002329274231773361,0.003954239371043337,10036,3286,STABLE_POSITIVE_FOLDS,WEAK_POSITIVE,NORMAL,NORMAL,WEAK_POSITIVE
INVERSE|INVERSE_DMA_3X3|DMA_SMA_P3_SHIFT3_V1|4H|DOWN,INVERSE_PREDICTOR,INVERSE_DMA_3X3,DMA_SMA_P3_SHIFT3_V1,"{'inverse_parameter_set_id': 'PRED_DMA_3X3_CROSS_DOWN_V1', 'indicator_parameter_set_id': 'DMA_SMA_P3_SHIFT3_V1'}",4H,DOWN,INVERSE_THRESHOLD_CROSS,INVERSE_UP,INVERSE_DOWN,SUPPORTED_ANALYTICALLY,True,PRED_DMA_3X3_CROSS_DOWN_V1,MULTITF_INDICATOR_PARAMETER_SEARCH_V2,SINGLE_FAMILY_SINGLE_PRIMITIVE,0.047355130869075,0.06170928554649485,1180,387,STABLE_POSITIVE_FOLDS,STABLE_POSITIVE,NORMAL,NORMAL,STABLE_POSITIVE
INVERSE|INVERSE_DMA_3X3|DMA_SMA_P3_SHIFT3_V1|4H|UP,INVERSE_PREDICTOR,INVERSE_DMA_3X3,DMA_SMA_P3_SHIFT3_V1,"{'inverse_parameter_set_id': 'PRED_DMA_3X3_CROSS_UP_V1', 'indicator_parameter_set_id': 'DMA_SMA_P3_SHIFT3_V1'}",4H,UP,INVERSE_THRESHOLD_CROSS,INVERSE_UP,INVERSE_DOWN,SUPPORTED_ANALYTICALLY,True,PRED_DMA_3X3_CROSS_UP_V1,MULTITF_INDICATOR_PARAMETER_SEARCH_V2,SINGLE_FAMILY_SINGLE_PRIMITIVE,0.04245891002703771,0.05979684735722664,1256,409,STABLE_POSITIVE_FOLDS,STABLE_POSITIVE,NORMAL,NORMAL,STABLE_POSITIVE
INVERSE|INVERSE_DMA_3X3|DMA_SMA_P3_SHIFT3_V1|5m|DOWN,INVERSE_PREDICTOR,INVERSE_DMA_3X3,DMA_SMA_P3_SHIFT3_V1,"{'inverse_parameter_set_id': 'PRED_DMA_3X3_CROSS_DOWN_V1', 'indicator_parameter_set_id': 'DMA_SMA_P3_SHIFT3_V1'}",5m,DOWN,INVERSE_THRESHOLD_CROSS,INVERSE_UP,INVERSE_DOWN,SUPPORTED_ANALYTICALLY,True,PRED_DMA_3X3_CROSS_DOWN_V1,MULTITF_INDICATOR_PARAMETER_SEARCH_V2,SINGLE_FAMILY_SINGLE_PRIMITIVE,0.0,0.0005060807449022127,57311,19464,UNSTABLE_DISCOVERY,WEAK_POSITIVE,NORMAL,NORMAL,WEAK_POSITIVE
INVERSE|INVERSE_DMA_3X3|DMA_SMA_P3_SHIFT3_V1|5m|UP,INVERSE_PREDICTOR,INVERSE_DMA_3X3,DMA_SMA_P3_SHIFT3_V1,"{'inverse_parameter_set_id': 'PRED_DMA_3X3_CROSS_UP_V1', 'indicator_parameter_set_id': 'DMA_SMA_P3_SHIFT3_V1'}",5m,UP,INVERSE_THRESHOLD_CROSS,INVERSE_UP,INVERSE_DOWN,SUPPORTED_ANALYTICALLY,True,PRED_DMA_3X3_CROSS_UP_V1,MULTITF_INDICATOR_PARAMETER_SEARCH_V2,SINGLE_FAMILY_SINGLE_PRIMITIVE,0.0,0.0005137691111877034,57936,19565,UNSTABLE_DISCOVERY,WEAK_POSITIVE,NORMAL,NORMAL,WEAK_POSITIVE
INVERSE|INVERSE_DMA_3X3|DMA_SMA_P3_SHIFT3_V1|6H|DOWN,INVERSE_PREDICTOR,INVERSE_DMA_3X3,DMA_SMA_P3_SHIFT3_V1,"{'inverse_parameter_set_id': 'PRED_DMA_3X3_CROSS_DOWN_V1', 'indicator_parameter_set_id': 'DMA_SMA_P3_SHIFT3_V1'}",6H,DOWN,INVERSE_THRESHOLD_CROSS,INVERSE_UP,INVERSE_DOWN,SUPPORTED_ANALYTICALLY,True,PRED_DMA_3X3_CROSS_DOWN_V1,MULTITF_INDICATOR_PARAMETER_SEARCH_V2,SINGLE_FAMILY_SINGLE_PRIMITIVE,0.0907026234185197,0.04990360118432835,801,282,STABLE_POSITIVE_FOLDS,STABLE_POSITIVE,NORMAL,NORMAL,STABLE_POSITIVE
INVERSE|INVERSE_DMA_3X3|DMA_SMA_P3_SHIFT3_V1|6H|UP,INVERSE_PREDICTOR,INVERSE_DMA_3X3,DMA_SMA_P3_SHIFT3_V1,"{'inverse_parameter_set_id': 'PRED_DMA_3X3_CROSS_UP_V1', 'indicator_parameter_set_id': 'DMA_SMA_P3_SHIFT3_V1'}",6H,UP,INVERSE_THRESHOLD_CROSS,INVERSE_UP,INVERSE_DOWN,SUPPORTED_ANALYTICALLY,True,PRED_DMA_3X3_CROSS_UP_V1,MULTITF_INDICATOR_PARAMETER_SEARCH_V2,SINGLE_FAMILY_SINGLE_PRIMITIVE,0.06983141398303044,0.09748001142204454,811,272,STABLE_POSITIVE_FOLDS,STABLE_POSITIVE,NORMAL,NORMAL,STABLE_POSITIVE
INVERSE|INVERSE_DMA_3X3|DMA_SMA_P3_SHIFT3_V1|8H|DOWN,INVERSE_PREDICTOR,INVERSE_DMA_3X3,DMA_SMA_P3_SHIFT3_V1,"{'inverse_parameter_set_id': 'PRED_DMA_3X3_CROSS_DOWN_V1', 'indicator_parameter_set_id': 'DMA_SMA_P3_SHIFT3_V1'}",8H,DOWN,INVERSE_THRESHOLD_CROSS,INVERSE_UP,INVERSE_DOWN,SUPPORTED_ANALYTICALLY,True,PRED_DMA_3X3_CROSS_DOWN_V1,MULTITF_INDICATOR_PARAMETER_SEARCH_V2,SINGLE_FAMILY_SINGLE_PRIMITIVE,0.08486639672599283,0.08365057611288768,534,199,STABLE_POSITIVE_FOLDS,STABLE_POSITIVE,NORMAL,NORMAL,STABLE_POSITIVE
INVERSE|INVERSE_DMA_3X3|DMA_SMA_P3_SHIFT3_V1|8H|UP,INVERSE_PREDICTOR,INVERSE_DMA_3X3,DMA_SMA_P3_SHIFT3_V1,"{'inverse_parameter_set_id': 'PRED_DMA_3X3_CROSS_UP_V1', 'indicator_parameter_set_id': 'DMA_SMA_P3_SHIFT3_V1'}",8H,UP,INVERSE_THRESHOLD_CROSS,INVERSE_UP,INVERSE_DOWN,SUPPORTED_ANALYTICALLY,True,PRED_DMA_3X3_CROSS_UP_V1,MULTITF_INDICATOR_PARAMETER_SEARCH_V2,SINGLE_FAMILY_SINGLE_PRIMITIVE,0.07329224920284522,0.08219746765377428,604,194,STABLE_POSITIVE_FOLDS,STABLE_POSITIVE,NORMAL,NORMAL,STABLE_POSITIVE
INVERSE|INVERSE_DMA_7X5|DMA_SMA_P7_SHIFT5_V1|12H|DOWN,INVERSE_PREDICTOR,INVERSE_DMA_7X5,DMA_SMA_P7_SHIFT5_V1,"{'inverse_parameter_set_id': 'PRED_DMA_7X5_CROSS_DOWN_V1', 'indicator_parameter_set_id': 'DMA_SMA_P7_SHIFT5_V1'}",12H,DOWN,INVERSE_THRESHOLD_CROSS,INVERSE_UP,INVERSE_DOWN,SUPPORTED_ANALYTICALLY,True,PRED_DMA_7X5_CROSS_DOWN_V1,MULTITF_INDICATOR_PARAMETER_SEARCH_V2,SINGLE_FAMILY_SINGLE_PRIMITIVE,0.25735141603510164,0.3489503328213005,218,63,STABLE_POSITIVE_FOLDS,STABLE_POSITIVE,NORMAL,LOW_SAMPLE,STABLE_POSITIVE
INVERSE|INVERSE_DMA_7X5|DMA_SMA_P7_SHIFT5_V1|12H|UP,INVERSE_PREDICTOR,INVERSE_DMA_7X5,DMA_SMA_P7_SHIFT5_V1,"{'inverse_parameter_set_id': 'PRED_DMA_7X5_CROSS_UP_V1', 'indicator_parameter_set_id': 'DMA_SMA_P7_SHIFT5_V1'}",12H,UP,INVERSE_THRESHOLD_CROSS,INVERSE_UP,INVERSE_DOWN,SUPPORTED_ANALYTICALLY,True,PRED_DMA_7X5_CROSS_UP_V1,MULTITF_INDICATOR_PARAMETER_SEARCH_V2,SINGLE_FAMILY_SINGLE_PRIMITIVE,0.26271160309580344,0.27719580983078157,226,73,STABLE_POSITIVE_FOLDS,STABLE_POSITIVE,NORMAL,LOW_SAMPLE,STABLE_POSITIVE
INVERSE|INVERSE_DMA_7X5|DMA_SMA_P7_SHIFT5_V1|15m|DOWN,INVERSE_PREDICTOR,INVERSE_DMA_7X5,DMA_SMA_P7_SHIFT5_V1,"{'inverse_parameter_set_id': 'PRED_DMA_7X5_CROSS_DOWN_V1', 'indicator_parameter_set_id': 'DMA_SMA_P7_SHIFT5_V1'}",15m,DOWN,INVERSE_THRESHOLD_CROSS,INVERSE_UP,INVERSE_DOWN,SUPPORTED_ANALYTICALLY,True,PRED_DMA_7X5_CROSS_DOWN_V1,MULTITF_INDICATOR_PARAMETER_SEARCH_V2,SINGLE_FAMILY_SINGLE_PRIMITIVE,0.0034748036762570177,0.009967131342494714,12150,4096,STABLE_POSITIVE_FOLDS,WEAK_POSITIVE,NORMAL,NORMAL,WEAK_POSITIVE
INVERSE|INVERSE_DMA_7X5|DMA_SMA_P7_SHIFT5_V1|15m|UP,INVERSE_PREDICTOR,INVERSE_DMA_7X5,DMA_SMA_P7_SHIFT5_V1,"{'inverse_parameter_set_id': 'PRED_DMA_7X5_CROSS_UP_V1', 'indicator_parameter_set_id': 'DMA_SMA_P7_SHIFT5_V1'}",15m,UP,INVERSE_THRESHOLD_CROSS,INVERSE_UP,INVERSE_DOWN,SUPPORTED_ANALYTICALLY,True,PRED_DMA_7X5_CROSS_UP_V1,MULTITF_INDICATOR_PARAMETER_SEARCH_V2,SINGLE_FAMILY_SINGLE_PRIMITIVE,0.0033706195325882062,0.009917948822347682,12194,4109,STABLE_POSITIVE_FOLDS,WEAK_POSITIVE,NORMAL,NORMAL,WEAK_POSITIVE
INVERSE|INVERSE_DMA_7X5|DMA_SMA_P7_SHIFT5_V1|1D|DOWN,INVERSE_PREDICTOR,INVERSE_DMA_7X5,DMA_SMA_P7_SHIFT5_V1,"{'inverse_parameter_set_id': 'PRED_DMA_7X5_CROSS_DOWN_V1', 'indicator_parameter_set_id': 'DMA_SMA_P7_SHIFT5_V1'}",1D,DOWN,INVERSE_THRESHOLD_CROSS,INVERSE_UP,INVERSE_DOWN,SUPPORTED_ANALYTICALLY,True,PRED_DMA_7X5_CROSS_DOWN_V1,MULTITF_INDICATOR_PARAMETER_SEARCH_V2,SINGLE_FAMILY_SINGLE_PRIMITIVE,0.28010752688172047,0.2748497457235321,124,42,STABLE_POSITIVE_FOLDS,STABLE_POSITIVE,NORMAL,LOW_SAMPLE,STABLE_POSITIVE
INVERSE|INVERSE_DMA_7X5|DMA_SMA_P7_SHIFT5_V1|1D|UP,INVERSE_PREDICTOR,INVERSE_DMA_7X5,DMA_SMA_P7_SHIFT5_V1,"{'inverse_parameter_set_id': 'PRED_DMA_7X5_CROSS_UP_V1', 'indicator_parameter_set_id': 'DMA_SMA_P7_SHIFT5_V1'}",1D,UP,INVERSE_THRESHOLD_CROSS,INVERSE_UP,INVERSE_DOWN,SUPPORTED_ANALYTICALLY,True,PRED_DMA_7X5_CROSS_UP_V1,MULTITF_INDICATOR_PARAMETER_SEARCH_V2,SINGLE_FAMILY_SINGLE_PRIMITIVE,0.24916387959866215,0.3382867132867133,130,44,STABLE_POSITIVE_FOLDS,STABLE_POSITIVE,NORMAL,LOW_SAMPLE,STABLE_POSITIVE
INVERSE|INVERSE_DMA_7X5|DMA_SMA_P7_SHIFT5_V1|1H|DOWN,INVERSE_PREDICTOR,INVERSE_DMA_7X5,DMA_SMA_P7_SHIFT5_V1,"{'inverse_parameter_set_id': 'PRED_DMA_7X5_CROSS_DOWN_V1', 'indicator_parameter_set_id': 'DMA_SMA_P7_SHIFT5_V1'}",1H,DOWN,INVERSE_THRESHOLD_CROSS,INVERSE_UP,INVERSE_DOWN,SUPPORTED_ANALYTICALLY,True,PRED_DMA_7X5_CROSS_DOWN_V1,MULTITF_INDICATOR_PARAMETER_SEARCH_V2,SINGLE_FAMILY_SINGLE_PRIMITIVE,0.13931632030852792,0.15136030737997166,2993,995,STABLE_POSITIVE_FOLDS,STABLE_POSITIVE,NORMAL,NORMAL,STABLE_POSITIVE
INVERSE|INVERSE_DMA_7X5|DMA_SMA_P7_SHIFT5_V1|1H|UP,INVERSE_PREDICTOR,INVERSE_DMA_7X5,DMA_SMA_P7_SHIFT5_V1,"{'inverse_parameter_set_id': 'PRED_DMA_7X5_CROSS_UP_V1', 'indicator_parameter_set_id': 'DMA_SMA_P7_SHIFT5_V1'}",1H,UP,INVERSE_THRESHOLD_CROSS,INVERSE_UP,INVERSE_DOWN,SUPPORTED_ANALYTICALLY,True,PRED_DMA_7X5_CROSS_UP_V1,MULTITF_INDICATOR_PARAMETER_SEARCH_V2,SINGLE_FAMILY_SINGLE_PRIMITIVE,0.13383625049563436,0.1607537143540314,3105,998,STABLE_POSITIVE_FOLDS,STABLE_POSITIVE,NORMAL,NORMAL,STABLE_POSITIVE
INVERSE|INVERSE_DMA_7X5|DMA_SMA_P7_SHIFT5_V1|2H|DOWN,INVERSE_PREDICTOR,INVERSE_DMA_7X5,DMA_SMA_P7_SHIFT5_V1,"{'inverse_parameter_set_id': 'PRED_DMA_7X5_CROSS_DOWN_V1', 'indicator_parameter_set_id': 'DMA_SMA_P7_SHIFT5_V1'}",2H,DOWN,INVERSE_THRESHOLD_CROSS,INVERSE_UP,INVERSE_DOWN,SUPPORTED_ANALYTICALLY,True,PRED_DMA_7X5_CROSS_DOWN_V1,MULTITF_INDICATOR_PARAMETER_SEARCH_V2,SINGLE_FAMILY_SINGLE_PRIMITIVE,0.1467985869625214,0.15220042367820572,1485,514,STABLE_POSITIVE_FOLDS,STABLE_POSITIVE,NORMAL,NORMAL,STABLE_POSITIVE
INVERSE|INVERSE_DMA_7X5|DMA_SMA_P7_SHIFT5_V1|2H|UP,INVERSE_PREDICTOR,INVERSE_DMA_7X5,DMA_SMA_P7_SHIFT5_V1,"{'inverse_parameter_set_id': 'PRED_DMA_7X5_CROSS_UP_V1', 'indicator_parameter_set_id': 'DMA_SMA_P7_SHIFT5_V1'}",2H,UP,INVERSE_THRESHOLD_CROSS,INVERSE_UP,INVERSE_DOWN,SUPPORTED_ANALYTICALLY,True,PRED_DMA_7X5_CROSS_UP_V1,MULTITF_INDICATOR_PARAMETER_SEARCH_V2,SINGLE_FAMILY_SINGLE_PRIMITIVE,0.13936132251770336,0.16491804990082473,1509,496,STABLE_POSITIVE_FOLDS,STABLE_POSITIVE,NORMAL,NORMAL,STABLE_POSITIVE
INVERSE|INVERSE_DMA_7X5|DMA_SMA_P7_SHIFT5_V1|30m|DOWN,INVERSE_PREDICTOR,INVERSE_DMA_7X5,DMA_SMA_P7_SHIFT5_V1,"{'inverse_parameter_set_id': 'PRED_DMA_7X5_CROSS_DOWN_V1', 'indicator_parameter_set_id': 'DMA_SMA_P7_SHIFT5_V1'}",30m,DOWN,INVERSE_THRESHOLD_CROSS,INVERSE_UP,INVERSE_DOWN,SUPPORTED_ANALYTICALLY,True,PRED_DMA_7X5_CROSS_DOWN_V1,MULTITF_INDICATOR_PARAMETER_SEARCH_V2,SINGLE_FAMILY_SINGLE_PRIMITIVE,0.007238280731264664,0.011146775837899836,6150,2065,STABLE_POSITIVE_FOLDS,WEAK_POSITIVE,NORMAL,NORMAL,WEAK_POSITIVE
INVERSE|INVERSE_DMA_7X5|DMA_SMA_P7_SHIFT5_V1|30m|UP,INVERSE_PREDICTOR,INVERSE_DMA_7X5,DMA_SMA_P7_SHIFT5_V1,"{'inverse_parameter_set_id': 'PRED_DMA_7X5_CROSS_UP_V1', 'indicator_parameter_set_id': 'DMA_SMA_P7_SHIFT5_V1'}",30m,UP,INVERSE_THRESHOLD_CROSS,INVERSE_UP,INVERSE_DOWN,SUPPORTED_ANALYTICALLY,True,PRED_DMA_7X5_CROSS_UP_V1,MULTITF_INDICATOR_PARAMETER_SEARCH_V2,SINGLE_FAMILY_SINGLE_PRIMITIVE,0.007233996558554434,0.011514981284607663,6153,2027,STABLE_POSITIVE_FOLDS,WEAK_POSITIVE,NORMAL,NORMAL,WEAK_POSITIVE
INVERSE|INVERSE_DMA_7X5|DMA_SMA_P7_SHIFT5_V1|4H|DOWN,INVERSE_PREDICTOR,INVERSE_DMA_7X5,DMA_SMA_P7_SHIFT5_V1,"{'inverse_parameter_set_id': 'PRED_DMA_7X5_CROSS_DOWN_V1', 'indicator_parameter_set_id': 'DMA_SMA_P7_SHIFT5_V1'}",4H,DOWN,INVERSE_THRESHOLD_CROSS,INVERSE_UP,INVERSE_DOWN,SUPPORTED_ANALYTICALLY,True,PRED_DMA_7X5_CROSS_DOWN_V1,MULTITF_INDICATOR_PARAMETER_SEARCH_V2,SINGLE_FAMILY_SINGLE_PRIMITIVE,0.15260329821277396,0.15503246753246755,726,224,STABLE_POSITIVE_FOLDS,STABLE_POSITIVE,NORMAL,NORMAL,STABLE_POSITIVE
INVERSE|INVERSE_DMA_7X5|DMA_SMA_P7_SHIFT5_V1|4H|UP,INVERSE_PREDICTOR,INVERSE_DMA_7X5,DMA_SMA_P7_SHIFT5_V1,"{'inverse_parameter_set_id': 'PRED_DMA_7X5_CROSS_UP_V1', 'indicator_parameter_set_id': 'DMA_SMA_P7_SHIFT5_V1'}",4H,UP,INVERSE_THRESHOLD_CROSS,INVERSE_UP,INVERSE_DOWN,SUPPORTED_ANALYTICALLY,True,PRED_DMA_7X5_CROSS_UP_V1,MULTITF_INDICATOR_PARAMETER_SEARCH_V2,SINGLE_FAMILY_SINGLE_PRIMITIVE,0.13482406790750934,0.15347904128391932,752,231,STABLE_POSITIVE_FOLDS,STABLE_POSITIVE,NORMAL,NORMAL,STABLE_POSITIVE
INVERSE|INVERSE_DMA_7X5|DMA_SMA_P7_SHIFT5_V1|5m|DOWN,INVERSE_PREDICTOR,INVERSE_DMA_7X5,DMA_SMA_P7_SHIFT5_V1,"{'inverse_parameter_set_id': 'PRED_DMA_7X5_CROSS_DOWN_V1', 'indicator_parameter_set_id': 'DMA_SMA_P7_SHIFT5_V1'}",5m,DOWN,INVERSE_THRESHOLD_CROSS,INVERSE_UP,INVERSE_DOWN,SUPPORTED_ANALYTICALLY,True,PRED_DMA_7X5_CROSS_DOWN_V1,MULTITF_INDICATOR_PARAMETER_SEARCH_V2,SINGLE_FAMILY_SINGLE_PRIMITIVE,0.0,0.0014854007967633153,35650,12198,UNSTABLE_DISCOVERY,WEAK_POSITIVE,NORMAL,NORMAL,WEAK_POSITIVE
INVERSE|INVERSE_DMA_7X5|DMA_SMA_P7_SHIFT5_V1|5m|UP,INVERSE_PREDICTOR,INVERSE_DMA_7X5,DMA_SMA_P7_SHIFT5_V1,"{'inverse_parameter_set_id': 'PRED_DMA_7X5_CROSS_UP_V1', 'indicator_parameter_set_id': 'DMA_SMA_P7_SHIFT5_V1'}",5m,UP,INVERSE_THRESHOLD_CROSS,INVERSE_UP,INVERSE_DOWN,SUPPORTED_ANALYTICALLY,True,PRED_DMA_7X5_CROSS_UP_V1,MULTITF_INDICATOR_PARAMETER_SEARCH_V2,SINGLE_FAMILY_SINGLE_PRIMITIVE,0.0,0.0015366657710652895,35659,12179,UNSTABLE_DISCOVERY,WEAK_POSITIVE,NORMAL,NORMAL,WEAK_POSITIVE
INVERSE|INVERSE_DMA_7X5|DMA_SMA_P7_SHIFT5_V1|6H|DOWN,INVERSE_PREDICTOR,INVERSE_DMA_7X5,DMA_SMA_P7_SHIFT5_V1,"{'inverse_parameter_set_id': 'PRED_DMA_7X5_CROSS_DOWN_V1', 'indicator_parameter_set_id': 'DMA_SMA_P7_SHIFT5_V1'}",6H,DOWN,INVERSE_THRESHOLD_CROSS,INVERSE_UP,INVERSE_DOWN,SUPPORTED_ANALYTICALLY,True,PRED_DMA_7X5_CROSS_DOWN_V1,MULTITF_INDICATOR_PARAMETER_SEARCH_V2,SINGLE_FAMILY_SINGLE_PRIMITIVE,0.2544341292489976,0.2810332871012483,470,168,STABLE_POSITIVE_FOLDS,STABLE_POSITIVE,NORMAL,NORMAL,STABLE_POSITIVE
INVERSE|INVERSE_DMA_7X5|DMA_SMA_P7_SHIFT5_V1|6H|UP,INVERSE_PREDICTOR,INVERSE_DMA_7X5,DMA_SMA_P7_SHIFT5_V1,"{'inverse_parameter_set_id': 'PRED_DMA_7X5_CROSS_UP_V1', 'indicator_parameter_set_id': 'DMA_SMA_P7_SHIFT5_V1'}",6H,UP,INVERSE_THRESHOLD_CROSS,INVERSE_UP,INVERSE_DOWN,SUPPORTED_ANALYTICALLY,True,PRED_DMA_7X5_CROSS_UP_V1,MULTITF_INDICATOR_PARAMETER_SEARCH_V2,SINGLE_FAMILY_SINGLE_PRIMITIVE,0.25700249250442503,0.26192049175619,470,169,STABLE_POSITIVE_FOLDS,STABLE_POSITIVE,NORMAL,NORMAL,STABLE_POSITIVE
INVERSE|INVERSE_DMA_7X5|DMA_SMA_P7_SHIFT5_V1|8H|DOWN,INVERSE_PREDICTOR,INVERSE_DMA_7X5,DMA_SMA_P7_SHIFT5_V1,"{'inverse_parameter_set_id': 'PRED_DMA_7X5_CROSS_DOWN_V1', 'indicator_parameter_set_id': 'DMA_SMA_P7_SHIFT5_V1'}",8H,DOWN,INVERSE_THRESHOLD_CROSS,INVERSE_UP,INVERSE_DOWN,SUPPORTED_ANALYTICALLY,True,PRED_DMA_7X5_CROSS_DOWN_V1,MULTITF_INDICATOR_PARAMETER_SEARCH_V2,SINGLE_FAMILY_SINGLE_PRIMITIVE,0.2858878471856456,0.33114933114933115,330,111,STABLE_POSITIVE_FOLDS,STABLE_POSITIVE,NORMAL,NORMAL,STABLE_POSITIVE
INVERSE|INVERSE_DMA_7X5|DMA_SMA_P7_SHIFT5_V1|8H|UP,INVERSE_PREDICTOR,INVERSE_DMA_7X5,DMA_SMA_P7_SHIFT5_V1,"{'inverse_parameter_set_id': 'PRED_DMA_7X5_CROSS_UP_V1', 'indicator_parameter_set_id': 'DMA_SMA_P7_SHIFT5_V1'}",8H,UP,INVERSE_THRESHOLD_CROSS,INVERSE_UP,INVERSE_DOWN,SUPPORTED_ANALYTICALLY,True,PRED_DMA_7X5_CROSS_UP_V1,MULTITF_INDICATOR_PARAMETER_SEARCH_V2,SINGLE_FAMILY_SINGLE_PRIMITIVE,0.26607104955958827,0.2842836759499022,349,127,STABLE_POSITIVE_FOLDS,STABLE_POSITIVE,NORMAL,NORMAL,STABLE_POSITIVE
INVERSE|INVERSE_DNO_N7_OB_OS|DNO_PERIOD_7_REFERENCE|12H|DOWN,INVERSE_PREDICTOR,INVERSE_DNO_N7_OB_OS,DNO_PERIOD_7_REFERENCE,"{'inverse_parameter_set_id': 'PRED_DNO_OB_V1', 'indicator_parameter_set_id': 'DNO_PERIOD_7_REFERENCE'}",12H,DOWN,INVERSE_THRESHOLD_CROSS,INVERSE_UP,INVERSE_DOWN,SUPPORTED_ANALYTICALLY,True,PRED_DNO_OB_V1,MULTITF_INDICATOR_PARAMETER_SEARCH_V2,SINGLE_FAMILY_SINGLE_PRIMITIVE,0.27978260869565214,0.3338709677419355,200,60,STABLE_POSITIVE_FOLDS,STABLE_POSITIVE,NORMAL,LOW_SAMPLE,STABLE_POSITIVE
INVERSE|INVERSE_DNO_N7_OB_OS|DNO_PERIOD_7_REFERENCE|12H|UP,INVERSE_PREDICTOR,INVERSE_DNO_N7_OB_OS,DNO_PERIOD_7_REFERENCE,"{'inverse_parameter_set_id': 'PRED_DNO_OS_V1', 'indicator_parameter_set_id': 'DNO_PERIOD_7_REFERENCE'}",12H,UP,INVERSE_THRESHOLD_CROSS,INVERSE_UP,INVERSE_DOWN,SUPPORTED_ANALYTICALLY,True,PRED_DNO_OS_V1,MULTITF_INDICATOR_PARAMETER_SEARCH_V2,SINGLE_FAMILY_SINGLE_PRIMITIVE,0.3408826945412311,0.2557544757033248,177,69,STABLE_POSITIVE_FOLDS,STABLE_POSITIVE,NORMAL,LOW_SAMPLE,STABLE_POSITIVE
INVERSE|INVERSE_DNO_N7_OB_OS|DNO_PERIOD_7_REFERENCE|15m|DOWN,INVERSE_PREDICTOR,INVERSE_DNO_N7_OB_OS,DNO_PERIOD_7_REFERENCE,"{'inverse_parameter_set_id': 'PRED_DNO_OB_V1', 'indicator_parameter_set_id': 'DNO_PERIOD_7_REFERENCE'}",15m,DOWN,INVERSE_THRESHOLD_CROSS,INVERSE_UP,INVERSE_DOWN,SUPPORTED_ANALYTICALLY,True,PRED_DNO_OB_V1,MULTITF_INDICATOR_PARAMETER_SEARCH_V2,SINGLE_FAMILY_SINGLE_PRIMITIVE,0.010238345527518167,0.01994968096199286,5643,2431,STABLE_POSITIVE_FOLDS,WEAK_POSITIVE,NORMAL,NORMAL,WEAK_POSITIVE
INVERSE|INVERSE_DNO_N7_OB_OS|DNO_PERIOD_7_REFERENCE|15m|UP,INVERSE_PREDICTOR,INVERSE_DNO_N7_OB_OS,DNO_PERIOD_7_REFERENCE,"{'inverse_parameter_set_id': 'PRED_DNO_OS_V1', 'indicator_parameter_set_id': 'DNO_PERIOD_7_REFERENCE'}",15m,UP,INVERSE_THRESHOLD_CROSS,INVERSE_UP,INVERSE_DOWN,SUPPORTED_ANALYTICALLY,True,PRED_DNO_OS_V1,MULTITF_INDICATOR_PARAMETER_SEARCH_V2,SINGLE_FAMILY_SINGLE_PRIMITIVE,0.010261407932129662,0.0168934292302289,5633,2490,STABLE_POSITIVE_FOLDS,WEAK_POSITIVE,NORMAL,NORMAL,WEAK_POSITIVE
INVERSE|INVERSE_DNO_N7_OB_OS|DNO_PERIOD_7_REFERENCE|1D|DOWN,INVERSE_PREDICTOR,INVERSE_DNO_N7_OB_OS,DNO_PERIOD_7_REFERENCE,"{'inverse_parameter_set_id': 'PRED_DNO_OB_V1', 'indicator_parameter_set_id': 'DNO_PERIOD_7_REFERENCE'}",1D,DOWN,INVERSE_THRESHOLD_CROSS,INVERSE_UP,INVERSE_DOWN,SUPPORTED_ANALYTICALLY,True,PRED_DNO_OB_V1,MULTITF_INDICATOR_PARAMETER_SEARCH_V2,SINGLE_FAMILY_SINGLE_PRIMITIVE,0.3028023598820059,0.25104022191400827,113,42,STABLE_POSITIVE_FOLDS,STABLE_POSITIVE,NORMAL,LOW_SAMPLE,STABLE_POSITIVE
INVERSE|INVERSE_DNO_N7_OB_OS|DNO_PERIOD_7_REFERENCE|1D|UP,INVERSE_PREDICTOR,INVERSE_DNO_N7_OB_OS,DNO_PERIOD_7_REFERENCE,"{'inverse_parameter_set_id': 'PRED_DNO_OS_V1', 'indicator_parameter_set_id': 'DNO_PERIOD_7_REFERENCE'}",1D,UP,INVERSE_THRESHOLD_CROSS,INVERSE_UP,INVERSE_DOWN,SUPPORTED_ANALYTICALLY,True,PRED_DNO_OS_V1,MULTITF_INDICATOR_PARAMETER_SEARCH_V2,SINGLE_FAMILY_SINGLE_PRIMITIVE,0.2929304578479991,0.38484990619136966,116,41,STABLE_POSITIVE_FOLDS,STABLE_POSITIVE,NORMAL,LOW_SAMPLE,STABLE_POSITIVE
INVERSE|INVERSE_DNO_N7_OB_OS|DNO_PERIOD_7_REFERENCE|1H|DOWN,INVERSE_PREDICTOR,INVERSE_DNO_N7_OB_OS,DNO_PERIOD_7_REFERENCE,"{'inverse_parameter_set_id': 'PRED_DNO_OB_V1', 'indicator_parameter_set_id': 'DNO_PERIOD_7_REFERENCE'}",1H,DOWN,INVERSE_THRESHOLD_CROSS,INVERSE_UP,INVERSE_DOWN,SUPPORTED_ANALYTICALLY,True,PRED_DNO_OB_V1,MULTITF_INDICATOR_PARAMETER_SEARCH_V2,SINGLE_FAMILY_SINGLE_PRIMITIVE,0.16783382043927952,0.17419855232876938,1859,819,STABLE_POSITIVE_FOLDS,STABLE_POSITIVE,NORMAL,NORMAL,STABLE_POSITIVE
INVERSE|INVERSE_DNO_N7_OB_OS|DNO_PERIOD_7_REFERENCE|1H|UP,INVERSE_PREDICTOR,INVERSE_DNO_N7_OB_OS,DNO_PERIOD_7_REFERENCE,"{'inverse_parameter_set_id': 'PRED_DNO_OS_V1', 'indicator_parameter_set_id': 'DNO_PERIOD_7_REFERENCE'}",1H,UP,INVERSE_THRESHOLD_CROSS,INVERSE_UP,INVERSE_DOWN,SUPPORTED_ANALYTICALLY,True,PRED_DNO_OS_V1,MULTITF_INDICATOR_PARAMETER_SEARCH_V2,SINGLE_FAMILY_SINGLE_PRIMITIVE,0.1801516232751944,0.20150187734668334,1798,738,STABLE_POSITIVE_FOLDS,STABLE_POSITIVE,NORMAL,NORMAL,STABLE_POSITIVE
INVERSE|INVERSE_DNO_N7_OB_OS|DNO_PERIOD_7_REFERENCE|2H|DOWN,INVERSE_PREDICTOR,INVERSE_DNO_N7_OB_OS,DNO_PERIOD_7_REFERENCE,"{'inverse_parameter_set_id': 'PRED_DNO_OB_V1', 'indicator_parameter_set_id': 'DNO_PERIOD_7_REFERENCE'}",2H,DOWN,INVERSE_THRESHOLD_CROSS,INVERSE_UP,INVERSE_DOWN,SUPPORTED_ANALYTICALLY,True,PRED_DNO_OB_V1,MULTITF_INDICATOR_PARAMETER_SEARCH_V2,SINGLE_FAMILY_SINGLE_PRIMITIVE,0.18726989808264816,0.17927876848514976,971,416,STABLE_POSITIVE_FOLDS,STABLE_POSITIVE,NORMAL,NORMAL,STABLE_POSITIVE
INVERSE|INVERSE_DNO_N7_OB_OS|DNO_PERIOD_7_REFERENCE|2H|UP,INVERSE_PREDICTOR,INVERSE_DNO_N7_OB_OS,DNO_PERIOD_7_REFERENCE,"{'inverse_parameter_set_id': 'PRED_DNO_OS_V1', 'indicator_parameter_set_id': 'DNO_PERIOD_7_REFERENCE'}",2H,UP,INVERSE_THRESHOLD_CROSS,INVERSE_UP,INVERSE_DOWN,SUPPORTED_ANALYTICALLY,True,PRED_DNO_OS_V1,MULTITF_INDICATOR_PARAMETER_SEARCH_V2,SINGLE_FAMILY_SINGLE_PRIMITIVE,0.18226719374197067,0.19694841043213399,992,425,STABLE_POSITIVE_FOLDS,STABLE_POSITIVE,NORMAL,NORMAL,STABLE_POSITIVE
INVERSE|INVERSE_DNO_N7_OB_OS|DNO_PERIOD_7_REFERENCE|30m|DOWN,INVERSE_PREDICTOR,INVERSE_DNO_N7_OB_OS,DNO_PERIOD_7_REFERENCE,"{'inverse_parameter_set_id': 'PRED_DNO_OB_V1', 'indicator_parameter_set_id': 'DNO_PERIOD_7_REFERENCE'}",30m,DOWN,INVERSE_THRESHOLD_CROSS,INVERSE_UP,INVERSE_DOWN,SUPPORTED_ANALYTICALLY,True,PRED_DNO_OB_V1,MULTITF_INDICATOR_PARAMETER_SEARCH_V2,SINGLE_FAMILY_SINGLE_PRIMITIVE,0.010511168569072159,0.018598874248895968,3259,1454,STABLE_POSITIVE_FOLDS,WEAK_POSITIVE,NORMAL,NORMAL,WEAK_POSITIVE
INVERSE|INVERSE_DNO_N7_OB_OS|DNO_PERIOD_7_REFERENCE|30m|UP,INVERSE_PREDICTOR,INVERSE_DNO_N7_OB_OS,DNO_PERIOD_7_REFERENCE,"{'inverse_parameter_set_id': 'PRED_DNO_OS_V1', 'indicator_parameter_set_id': 'DNO_PERIOD_7_REFERENCE'}",30m,UP,INVERSE_THRESHOLD_CROSS,INVERSE_UP,INVERSE_DOWN,SUPPORTED_ANALYTICALLY,True,PRED_DNO_OS_V1,MULTITF_INDICATOR_PARAMETER_SEARCH_V2,SINGLE_FAMILY_SINGLE_PRIMITIVE,0.010300326554243702,0.018402545246211335,3176,1465,STABLE_POSITIVE_FOLDS,WEAK_POSITIVE,NORMAL,NORMAL,WEAK_POSITIVE
INVERSE|INVERSE_DNO_N7_OB_OS|DNO_PERIOD_7_REFERENCE|4H|DOWN,INVERSE_PREDICTOR,INVERSE_DNO_N7_OB_OS,DNO_PERIOD_7_REFERENCE,"{'inverse_parameter_set_id': 'PRED_DNO_OB_V1', 'indicator_parameter_set_id': 'DNO_PERIOD_7_REFERENCE'}",4H,DOWN,INVERSE_THRESHOLD_CROSS,INVERSE_UP,INVERSE_DOWN,SUPPORTED_ANALYTICALLY,True,PRED_DNO_OB_V1,MULTITF_INDICATOR_PARAMETER_SEARCH_V2,SINGLE_FAMILY_SINGLE_PRIMITIVE,0.17818830185420392,0.17675421593332039,522,201,STABLE_POSITIVE_FOLDS,STABLE_POSITIVE,NORMAL,NORMAL,STABLE_POSITIVE
INVERSE|INVERSE_DNO_N7_OB_OS|DNO_PERIOD_7_REFERENCE|4H|UP,INVERSE_PREDICTOR,INVERSE_DNO_N7_OB_OS,DNO_PERIOD_7_REFERENCE,"{'inverse_parameter_set_id': 'PRED_DNO_OS_V1', 'indicator_parameter_set_id': 'DNO_PERIOD_7_REFERENCE'}",4H,UP,INVERSE_THRESHOLD_CROSS,INVERSE_UP,INVERSE_DOWN,SUPPORTED_ANALYTICALLY,True,PRED_DNO_OS_V1,MULTITF_INDICATOR_PARAMETER_SEARCH_V2,SINGLE_FAMILY_SINGLE_PRIMITIVE,0.18320624770735794,0.14996536512450326,506,223,STABLE_POSITIVE_FOLDS,STABLE_POSITIVE,NORMAL,NORMAL,STABLE_POSITIVE
INVERSE|INVERSE_DNO_N7_OB_OS|DNO_PERIOD_7_REFERENCE|5m|DOWN,INVERSE_PREDICTOR,INVERSE_DNO_N7_OB_OS,DNO_PERIOD_7_REFERENCE,"{'inverse_parameter_set_id': 'PRED_DNO_OB_V1', 'indicator_parameter_set_id': 'DNO_PERIOD_7_REFERENCE'}",5m,DOWN,INVERSE_THRESHOLD_CROSS,INVERSE_UP,INVERSE_DOWN,SUPPORTED_ANALYTICALLY,True,PRED_DNO_OB_V1,MULTITF_INDICATOR_PARAMETER_SEARCH_V2,SINGLE_FAMILY_SINGLE_PRIMITIVE,0.0,0.004034790450550521,14358,4833,UNSTABLE_DISCOVERY,WEAK_POSITIVE,NORMAL,NORMAL,WEAK_POSITIVE
INVERSE|INVERSE_DNO_N7_OB_OS|DNO_PERIOD_7_REFERENCE|5m|UP,INVERSE_PREDICTOR,INVERSE_DNO_N7_OB_OS,DNO_PERIOD_7_REFERENCE,"{'inverse_parameter_set_id': 'PRED_DNO_OS_V1', 'indicator_parameter_set_id': 'DNO_PERIOD_7_REFERENCE'}",5m,UP,INVERSE_THRESHOLD_CROSS,INVERSE_UP,INVERSE_DOWN,SUPPORTED_ANALYTICALLY,True,PRED_DNO_OS_V1,MULTITF_INDICATOR_PARAMETER_SEARCH_V2,SINGLE_FAMILY_SINGLE_PRIMITIVE,0.0,0.0037160631291169813,14379,4909,UNSTABLE_DISCOVERY,WEAK_POSITIVE,NORMAL,NORMAL,WEAK_POSITIVE
INVERSE|INVERSE_DNO_N7_OB_OS|DNO_PERIOD_7_REFERENCE|6H|DOWN,INVERSE_PREDICTOR,INVERSE_DNO_N7_OB_OS,DNO_PERIOD_7_REFERENCE,"{'inverse_parameter_set_id': 'PRED_DNO_OB_V1', 'indicator_parameter_set_id': 'DNO_PERIOD_7_REFERENCE'}",6H,DOWN,INVERSE_THRESHOLD_CROSS,INVERSE_UP,INVERSE_DOWN,SUPPORTED_ANALYTICALLY,True,PRED_DNO_OB_V1,MULTITF_INDICATOR_PARAMETER_SEARCH_V2,SINGLE_FAMILY_SINGLE_PRIMITIVE,0.2875954719355301,0.26508090614886737,367,150,STABLE_POSITIVE_FOLDS,STABLE_POSITIVE,NORMAL,NORMAL,STABLE_POSITIVE
INVERSE|INVERSE_DNO_N7_OB_OS|DNO_PERIOD_7_REFERENCE|6H|UP,INVERSE_PREDICTOR,INVERSE_DNO_N7_OB_OS,DNO_PERIOD_7_REFERENCE,"{'inverse_parameter_set_id': 'PRED_DNO_OS_V1', 'indicator_parameter_set_id': 'DNO_PERIOD_7_REFERENCE'}",6H,UP,INVERSE_THRESHOLD_CROSS,INVERSE_UP,INVERSE_DOWN,SUPPORTED_ANALYTICALLY,True,PRED_DNO_OS_V1,MULTITF_INDICATOR_PARAMETER_SEARCH_V2,SINGLE_FAMILY_SINGLE_PRIMITIVE,0.30434291803634,0.27681007678152164,376,153,STABLE_POSITIVE_FOLDS,STABLE_POSITIVE,NORMAL,NORMAL,STABLE_POSITIVE
INVERSE|INVERSE_DNO_N7_OB_OS|DNO_PERIOD_7_REFERENCE|8H|DOWN,INVERSE_PREDICTOR,INVERSE_DNO_N7_OB_OS,DNO_PERIOD_7_REFERENCE,"{'inverse_parameter_set_id': 'PRED_DNO_OB_V1', 'indicator_parameter_set_id': 'DNO_PERIOD_7_REFERENCE'}",8H,DOWN,INVERSE_THRESHOLD_CROSS,INVERSE_UP,INVERSE_DOWN,SUPPORTED_ANALYTICALLY,True,PRED_DNO_OB_V1,MULTITF_INDICATOR_PARAMETER_SEARCH_V2,SINGLE_FAMILY_SINGLE_PRIMITIVE,0.28835775171034456,0.3131313131313131,292,105,STABLE_POSITIVE_FOLDS,STABLE_POSITIVE,NORMAL,NORMAL,STABLE_POSITIVE
INVERSE|INVERSE_DNO_N7_OB_OS|DNO_PERIOD_7_REFERENCE|8H|UP,INVERSE_PREDICTOR,INVERSE_DNO_N7_OB_OS,DNO_PERIOD_7_REFERENCE,"{'inverse_parameter_set_id': 'PRED_DNO_OS_V1', 'indicator_parameter_set_id': 'DNO_PERIOD_7_REFERENCE'}",8H,UP,INVERSE_THRESHOLD_CROSS,INVERSE_UP,INVERSE_DOWN,SUPPORTED_ANALYTICALLY,True,PRED_DNO_OS_V1,MULTITF_INDICATOR_PARAMETER_SEARCH_V2,SINGLE_FAMILY_SINGLE_PRIMITIVE,0.3017144892144892,0.27936241610738255,273,112,STABLE_POSITIVE_FOLDS,STABLE_POSITIVE,NORMAL,NORMAL,STABLE_POSITIVE
INVERSE|INVERSE_MACD_12_26_9_SIGNAL_CROSS|MACD_12_26_9_SHIFT0_V1|15m|DOWN,INVERSE_PREDICTOR,INVERSE_MACD_12_26_9_SIGNAL_CROSS,MACD_12_26_9_SHIFT0_V1,"{'inverse_parameter_set_id': 'PRED_MACD_12_26_9_SIGNAL_CROSS_DOWN_V1', 'indicator_parameter_set_id': 'MACD_12_26_9_SHIFT0_V1'}",15m,DOWN,INVERSE_THRESHOLD_CROSS,INVERSE_UP,INVERSE_DOWN,SUPPORTED_ANALYTICALLY,True,PRED_MACD_12_26_9_SIGNAL_CROSS_DOWN_V1,MULTITF_INDICATOR_PARAMETER_SEARCH_V2,SINGLE_FAMILY_SINGLE_PRIMITIVE,0.010729074144508731,0.029938413457119218,3128,1012,STABLE_POSITIVE_FOLDS,WEAK_POSITIVE,NORMAL,NORMAL,WEAK_POSITIVE
INVERSE|INVERSE_MACD_12_26_9_SIGNAL_CROSS|MACD_12_26_9_SHIFT0_V1|15m|UP,INVERSE_PREDICTOR,INVERSE_MACD_12_26_9_SIGNAL_CROSS,MACD_12_26_9_SHIFT0_V1,"{'inverse_parameter_set_id': 'PRED_MACD_12_26_9_SIGNAL_CROSS_UP_V1', 'indicator_parameter_set_id': 'MACD_12_26_9_SHIFT0_V1'}",15m,UP,INVERSE_THRESHOLD_CROSS,INVERSE_UP,INVERSE_DOWN,SUPPORTED_ANALYTICALLY,True,PRED_MACD_12_26_9_SIGNAL_CROSS_UP_V1,MULTITF_INDICATOR_PARAMETER_SEARCH_V2,SINGLE_FAMILY_SINGLE_PRIMITIVE,0.011578907904305245,0.027828508128499147,3222,1016,STABLE_POSITIVE_FOLDS,WEAK_POSITIVE,NORMAL,NORMAL,WEAK_POSITIVE
INVERSE|INVERSE_MACD_12_26_9_SIGNAL_CROSS|MACD_12_26_9_SHIFT0_V1|1H|DOWN,INVERSE_PREDICTOR,INVERSE_MACD_12_26_9_SIGNAL_CROSS,MACD_12_26_9_SHIFT0_V1,"{'inverse_parameter_set_id': 'PRED_MACD_12_26_9_SIGNAL_CROSS_DOWN_V1', 'indicator_parameter_set_id': 'MACD_12_26_9_SHIFT0_V1'}",1H,DOWN,INVERSE_THRESHOLD_CROSS,INVERSE_UP,INVERSE_DOWN,SUPPORTED_ANALYTICALLY,True,PRED_MACD_12_26_9_SIGNAL_CROSS_DOWN_V1,MULTITF_INDICATOR_PARAMETER_SEARCH_V2,SINGLE_FAMILY_SINGLE_PRIMITIVE,0.3663460563593131,0.39437197589202344,730,236,STABLE_POSITIVE_FOLDS,STABLE_POSITIVE,NORMAL,NORMAL,STABLE_POSITIVE
INVERSE|INVERSE_MACD_12_26_9_SIGNAL_CROSS|MACD_12_26_9_SHIFT0_V1|1H|UP,INVERSE_PREDICTOR,INVERSE_MACD_12_26_9_SIGNAL_CROSS,MACD_12_26_9_SHIFT0_V1,"{'inverse_parameter_set_id': 'PRED_MACD_12_26_9_SIGNAL_CROSS_UP_V1', 'indicator_parameter_set_id': 'MACD_12_26_9_SHIFT0_V1'}",1H,UP,INVERSE_THRESHOLD_CROSS,INVERSE_UP,INVERSE_DOWN,SUPPORTED_ANALYTICALLY,True,PRED_MACD_12_26_9_SIGNAL_CROSS_UP_V1,MULTITF_INDICATOR_PARAMETER_SEARCH_V2,SINGLE_FAMILY_SINGLE_PRIMITIVE,0.3727014584145507,0.4242223556725429,782,223,STABLE_POSITIVE_FOLDS,STABLE_POSITIVE,NORMAL,NORMAL,STABLE_POSITIVE
INVERSE|INVERSE_MACD_12_26_9_SIGNAL_CROSS|MACD_12_26_9_SHIFT0_V1|2H|DOWN,INVERSE_PREDICTOR,INVERSE_MACD_12_26_9_SIGNAL_CROSS,MACD_12_26_9_SHIFT0_V1,"{'inverse_parameter_set_id': 'PRED_MACD_12_26_9_SIGNAL_CROSS_DOWN_V1', 'indicator_parameter_set_id': 'MACD_12_26_9_SHIFT0_V1'}",2H,DOWN,INVERSE_THRESHOLD_CROSS,INVERSE_UP,INVERSE_DOWN,SUPPORTED_ANALYTICALLY,True,PRED_MACD_12_26_9_SIGNAL_CROSS_DOWN_V1,MULTITF_INDICATOR_PARAMETER_SEARCH_V2,SINGLE_FAMILY_SINGLE_PRIMITIVE,0.3766433860380897,0.4539903069466882,338,100,STABLE_POSITIVE_FOLDS,STABLE_POSITIVE,NORMAL,NORMAL,STABLE_POSITIVE
INVERSE|INVERSE_MACD_12_26_9_SIGNAL_CROSS|MACD_12_26_9_SHIFT0_V1|2H|UP,INVERSE_PREDICTOR,INVERSE_MACD_12_26_9_SIGNAL_CROSS,MACD_12_26_9_SHIFT0_V1,"{'inverse_parameter_set_id': 'PRED_MACD_12_26_9_SIGNAL_CROSS_UP_V1', 'indicator_parameter_set_id': 'MACD_12_26_9_SHIFT0_V1'}",2H,UP,INVERSE_THRESHOLD_CROSS,INVERSE_UP,INVERSE_DOWN,SUPPORTED_ANALYTICALLY,True,PRED_MACD_12_26_9_SIGNAL_CROSS_UP_V1,MULTITF_INDICATOR_PARAMETER_SEARCH_V2,SINGLE_FAMILY_SINGLE_PRIMITIVE,0.33586855364076895,0.47674600689007207,357,93,STABLE_POSITIVE_FOLDS,STABLE_POSITIVE,NORMAL,LOW_SAMPLE,STABLE_POSITIVE
INVERSE|INVERSE_MACD_12_26_9_SIGNAL_CROSS|MACD_12_26_9_SHIFT0_V1|30m|DOWN,INVERSE_PREDICTOR,INVERSE_MACD_12_26_9_SIGNAL_CROSS,MACD_12_26_9_SHIFT0_V1,"{'inverse_parameter_set_id': 'PRED_MACD_12_26_9_SIGNAL_CROSS_DOWN_V1', 'indicator_parameter_set_id': 'MACD_12_26_9_SHIFT0_V1'}",30m,DOWN,INVERSE_THRESHOLD_CROSS,INVERSE_UP,INVERSE_DOWN,SUPPORTED_ANALYTICALLY,True,PRED_MACD_12_26_9_SIGNAL_CROSS_DOWN_V1,MULTITF_INDICATOR_PARAMETER_SEARCH_V2,SINGLE_FAMILY_SINGLE_PRIMITIVE,0.013410572757215224,0.02137462445754979,1485,473,STABLE_POSITIVE_FOLDS,WEAK_POSITIVE,NORMAL,NORMAL,WEAK_POSITIVE
INVERSE|INVERSE_MACD_12_26_9_SIGNAL_CROSS|MACD_12_26_9_SHIFT0_V1|30m|UP,INVERSE_PREDICTOR,INVERSE_MACD_12_26_9_SIGNAL_CROSS,MACD_12_26_9_SHIFT0_V1,"{'inverse_parameter_set_id': 'PRED_MACD_12_26_9_SIGNAL_CROSS_UP_V1', 'indicator_parameter_set_id': 'MACD_12_26_9_SHIFT0_V1'}",30m,UP,INVERSE_THRESHOLD_CROSS,INVERSE_UP,INVERSE_DOWN,SUPPORTED_ANALYTICALLY,True,PRED_MACD_12_26_9_SIGNAL_CROSS_UP_V1,MULTITF_INDICATOR_PARAMETER_SEARCH_V2,SINGLE_FAMILY_SINGLE_PRIMITIVE,0.015338109929558561,0.017699311402529755,1588,463,STABLE_POSITIVE_FOLDS,WEAK_POSITIVE,NORMAL,NORMAL,WEAK_POSITIVE
INVERSE|INVERSE_MACD_12_26_9_SIGNAL_CROSS|MACD_12_26_9_SHIFT0_V1|4H|DOWN,INVERSE_PREDICTOR,INVERSE_MACD_12_26_9_SIGNAL_CROSS,MACD_12_26_9_SHIFT0_V1,"{'inverse_parameter_set_id': 'PRED_MACD_12_26_9_SIGNAL_CROSS_DOWN_V1', 'indicator_parameter_set_id': 'MACD_12_26_9_SHIFT0_V1'}",4H,DOWN,INVERSE_THRESHOLD_CROSS,INVERSE_UP,INVERSE_DOWN,SUPPORTED_ANALYTICALLY,True,PRED_MACD_12_26_9_SIGNAL_CROSS_DOWN_V1,MULTITF_INDICATOR_PARAMETER_SEARCH_V2,SINGLE_FAMILY_SINGLE_PRIMITIVE,0.35245762443549616,0.35097402597402594,191,55,STABLE_POSITIVE_FOLDS,STABLE_POSITIVE,NORMAL,LOW_SAMPLE,STABLE_POSITIVE
INVERSE|INVERSE_MACD_12_26_9_SIGNAL_CROSS|MACD_12_26_9_SHIFT0_V1|4H|UP,INVERSE_PREDICTOR,INVERSE_MACD_12_26_9_SIGNAL_CROSS,MACD_12_26_9_SHIFT0_V1,"{'inverse_parameter_set_id': 'PRED_MACD_12_26_9_SIGNAL_CROSS_UP_V1', 'indicator_parameter_set_id': 'MACD_12_26_9_SHIFT0_V1'}",4H,UP,INVERSE_THRESHOLD_CROSS,INVERSE_UP,INVERSE_DOWN,SUPPORTED_ANALYTICALLY,True,PRED_MACD_12_26_9_SIGNAL_CROSS_UP_V1,MULTITF_INDICATOR_PARAMETER_SEARCH_V2,SINGLE_FAMILY_SINGLE_PRIMITIVE,0.2599555853262608,0.3150192554557124,182,57,STABLE_POSITIVE_FOLDS,STABLE_POSITIVE,NORMAL,LOW_SAMPLE,STABLE_POSITIVE
INVERSE|INVERSE_MACD_12_26_9_SIGNAL_CROSS|MACD_12_26_9_SHIFT0_V1|5m|DOWN,INVERSE_PREDICTOR,INVERSE_MACD_12_26_9_SIGNAL_CROSS,MACD_12_26_9_SHIFT0_V1,"{'inverse_parameter_set_id': 'PRED_MACD_12_26_9_SIGNAL_CROSS_DOWN_V1', 'indicator_parameter_set_id': 'MACD_12_26_9_SHIFT0_V1'}",5m,DOWN,INVERSE_THRESHOLD_CROSS,INVERSE_UP,INVERSE_DOWN,SUPPORTED_ANALYTICALLY,True,PRED_MACD_12_26_9_SIGNAL_CROSS_DOWN_V1,MULTITF_INDICATOR_PARAMETER_SEARCH_V2,SINGLE_FAMILY_SINGLE_PRIMITIVE,0.0,0.005875089726573713,9376,3137,UNSTABLE_DISCOVERY,WEAK_POSITIVE,NORMAL,NORMAL,WEAK_POSITIVE
INVERSE|INVERSE_MACD_12_26_9_SIGNAL_CROSS|MACD_12_26_9_SHIFT0_V1|5m|UP,INVERSE_PREDICTOR,INVERSE_MACD_12_26_9_SIGNAL_CROSS,MACD_12_26_9_SHIFT0_V1,"{'inverse_parameter_set_id': 'PRED_MACD_12_26_9_SIGNAL_CROSS_UP_V1', 'indicator_parameter_set_id': 'MACD_12_26_9_SHIFT0_V1'}",5m,UP,INVERSE_THRESHOLD_CROSS,INVERSE_UP,INVERSE_DOWN,SUPPORTED_ANALYTICALLY,True,PRED_MACD_12_26_9_SIGNAL_CROSS_UP_V1,MULTITF_INDICATOR_PARAMETER_SEARCH_V2,SINGLE_FAMILY_SINGLE_PRIMITIVE,0.0,0.006916691668724522,9323,3214,UNSTABLE_DISCOVERY,WEAK_POSITIVE,NORMAL,NORMAL,WEAK_POSITIVE
INVERSE|INVERSE_MACD_12_26_9_SIGNAL_CROSS|MACD_12_26_9_SHIFT0_V1|6H|UP,INVERSE_PREDICTOR,INVERSE_MACD_12_26_9_SIGNAL_CROSS,MACD_12_26_9_SHIFT0_V1,"{'inverse_parameter_set_id': 'PRED_MACD_12_26_9_SIGNAL_CROSS_UP_V1', 'indicator_parameter_set_id': 'MACD_12_26_9_SHIFT0_V1'}",6H,UP,INVERSE_THRESHOLD_CROSS,INVERSE_UP,INVERSE_DOWN,SUPPORTED_ANALYTICALLY,True,PRED_MACD_12_26_9_SIGNAL_CROSS_UP_V1,MULTITF_INDICATOR_PARAMETER_SEARCH_V2,SINGLE_FAMILY_SINGLE_PRIMITIVE,0.33808626910016976,0.41537216828478957,128,30,STABLE_POSITIVE_FOLDS,STABLE_POSITIVE,NORMAL,LOW_SAMPLE,STABLE_POSITIVE
INVERSE|INVERSE_MACD_12_26_9_SIGNAL_CROSS|MACD_12_26_9_SHIFT0_V1|8H|DOWN,INVERSE_PREDICTOR,INVERSE_MACD_12_26_9_SIGNAL_CROSS,MACD_12_26_9_SHIFT0_V1,"{'inverse_parameter_set_id': 'PRED_MACD_12_26_9_SIGNAL_CROSS_DOWN_V1', 'indicator_parameter_set_id': 'MACD_12_26_9_SHIFT0_V1'}",8H,DOWN,INVERSE_THRESHOLD_CROSS,INVERSE_UP,INVERSE_DOWN,SUPPORTED_ANALYTICALLY,True,PRED_MACD_12_26_9_SIGNAL_CROSS_DOWN_V1,MULTITF_INDICATOR_PARAMETER_SEARCH_V2,SINGLE_FAMILY_SINGLE_PRIMITIVE,0.32831208960988795,0.37979797979797975,84,30,STABLE_POSITIVE_FOLDS,STABLE_POSITIVE,LOW_SAMPLE,LOW_SAMPLE,STABLE_POSITIVE
INVERSE|INVERSE_STOCH_14_3_3_POINT_BAR|STOCH_K14_KS3_D3_SHIFT0_V1|12H|DOWN,INVERSE_PREDICTOR,INVERSE_STOCH_14_3_3_POINT_BAR,STOCH_K14_KS3_D3_SHIFT0_V1,"{'inverse_parameter_set_id': 'PRED_STOCH_14_K_80_POINT_V1', 'indicator_parameter_set_id': 'STOCH_K14_KS3_D3_SHIFT0_V1'}",12H,DOWN,INVERSE_THRESHOLD_CROSS,INVERSE_UP,INVERSE_DOWN,SUPPORTED_ANALYTICALLY,True,PRED_STOCH_14_K_80_POINT_V1,MULTITF_INDICATOR_PARAMETER_SEARCH_V2,SINGLE_FAMILY_SINGLE_PRIMITIVE,0.28123422159887795,0.32910906298003073,155,56,STABLE_POSITIVE_FOLDS,STABLE_POSITIVE,NORMAL,LOW_SAMPLE,STABLE_POSITIVE
INVERSE|INVERSE_STOCH_14_3_3_POINT_BAR|STOCH_K14_KS3_D3_SHIFT0_V1|12H|UP,INVERSE_PREDICTOR,INVERSE_STOCH_14_3_3_POINT_BAR,STOCH_K14_KS3_D3_SHIFT0_V1,"{'inverse_parameter_set_id': 'PRED_STOCH_14_K_20_POINT_V1', 'indicator_parameter_set_id': 'STOCH_K14_KS3_D3_SHIFT0_V1'}",12H,UP,INVERSE_THRESHOLD_CROSS,INVERSE_UP,INVERSE_DOWN,SUPPORTED_ANALYTICALLY,True,PRED_STOCH_14_K_20_POINT_V1,MULTITF_INDICATOR_PARAMETER_SEARCH_V2,SINGLE_FAMILY_SINGLE_PRIMITIVE,0.30308200725600776,0.3244781783681214,97,31,STABLE_POSITIVE_FOLDS,STABLE_POSITIVE,LOW_SAMPLE,LOW_SAMPLE,STABLE_POSITIVE
INVERSE|INVERSE_STOCH_14_3_3_POINT_BAR|STOCH_K14_KS3_D3_SHIFT0_V1|15m|DOWN,INVERSE_PREDICTOR,INVERSE_STOCH_14_3_3_POINT_BAR,STOCH_K14_KS3_D3_SHIFT0_V1,"{'inverse_parameter_set_id': 'PRED_STOCH_14_K_80_POINT_V1', 'indicator_parameter_set_id': 'STOCH_K14_KS3_D3_SHIFT0_V1'}",15m,DOWN,INVERSE_THRESHOLD_CROSS,INVERSE_UP,INVERSE_DOWN,SUPPORTED_ANALYTICALLY,True,PRED_STOCH_14_K_80_POINT_V1,MULTITF_INDICATOR_PARAMETER_SEARCH_V2,SINGLE_FAMILY_SINGLE_PRIMITIVE,0.007636310674643449,0.01675448857599725,6580,1970,STABLE_POSITIVE_FOLDS,WEAK_POSITIVE,NORMAL,NORMAL,WEAK_POSITIVE
INVERSE|INVERSE_STOCH_14_3_3_POINT_BAR|STOCH_K14_KS3_D3_SHIFT0_V1|15m|UP,INVERSE_PREDICTOR,INVERSE_STOCH_14_3_3_POINT_BAR,STOCH_K14_KS3_D3_SHIFT0_V1,"{'inverse_parameter_set_id': 'PRED_STOCH_14_K_20_POINT_V1', 'indicator_parameter_set_id': 'STOCH_K14_KS3_D3_SHIFT0_V1'}",15m,UP,INVERSE_THRESHOLD_CROSS,INVERSE_UP,INVERSE_DOWN,SUPPORTED_ANALYTICALLY,True,PRED_STOCH_14_K_20_POINT_V1,MULTITF_INDICATOR_PARAMETER_SEARCH_V2,SINGLE_FAMILY_SINGLE_PRIMITIVE,0.007319950312880459,0.02059500342287802,5590,1844,STABLE_POSITIVE_FOLDS,WEAK_POSITIVE,NORMAL,NORMAL,WEAK_POSITIVE
INVERSE|INVERSE_STOCH_14_3_3_POINT_BAR|STOCH_K14_KS3_D3_SHIFT0_V1|1D|DOWN,INVERSE_PREDICTOR,INVERSE_STOCH_14_3_3_POINT_BAR,STOCH_K14_KS3_D3_SHIFT0_V1,"{'inverse_parameter_set_id': 'PRED_STOCH_14_K_80_POINT_V1', 'indicator_parameter_set_id': 'STOCH_K14_KS3_D3_SHIFT0_V1'}",1D,DOWN,INVERSE_THRESHOLD_CROSS,INVERSE_UP,INVERSE_DOWN,SUPPORTED_ANALYTICALLY,True,PRED_STOCH_14_K_80_POINT_V1,MULTITF_INDICATOR_PARAMETER_SEARCH_V2,SINGLE_FAMILY_SINGLE_PRIMITIVE,0.30358649789029535,0.19574068274350137,79,31,STABLE_POSITIVE_FOLDS,STABLE_POSITIVE,LOW_SAMPLE,LOW_SAMPLE,STABLE_POSITIVE
INVERSE|INVERSE_STOCH_14_3_3_POINT_BAR|STOCH_K14_KS3_D3_SHIFT0_V1|1H|DOWN,INVERSE_PREDICTOR,INVERSE_STOCH_14_3_3_POINT_BAR,STOCH_K14_KS3_D3_SHIFT0_V1,"{'inverse_parameter_set_id': 'PRED_STOCH_14_K_80_POINT_V1', 'indicator_parameter_set_id': 'STOCH_K14_KS3_D3_SHIFT0_V1'}",1H,DOWN,INVERSE_THRESHOLD_CROSS,INVERSE_UP,INVERSE_DOWN,SUPPORTED_ANALYTICALLY,True,PRED_STOCH_14_K_80_POINT_V1,MULTITF_INDICATOR_PARAMETER_SEARCH_V2,SINGLE_FAMILY_SINGLE_PRIMITIVE,0.23700830004711498,0.2988547891345389,1594,428,STABLE_POSITIVE_FOLDS,STABLE_POSITIVE,NORMAL,NORMAL,STABLE_POSITIVE
INVERSE|INVERSE_STOCH_14_3_3_POINT_BAR|STOCH_K14_KS3_D3_SHIFT0_V1|1H|UP,INVERSE_PREDICTOR,INVERSE_STOCH_14_3_3_POINT_BAR,STOCH_K14_KS3_D3_SHIFT0_V1,"{'inverse_parameter_set_id': 'PRED_STOCH_14_K_20_POINT_V1', 'indicator_parameter_set_id': 'STOCH_K14_KS3_D3_SHIFT0_V1'}",1H,UP,INVERSE_THRESHOLD_CROSS,INVERSE_UP,INVERSE_DOWN,SUPPORTED_ANALYTICALLY,True,PRED_STOCH_14_K_20_POINT_V1,MULTITF_INDICATOR_PARAMETER_SEARCH_V2,SINGLE_FAMILY_SINGLE_PRIMITIVE,0.2811805442985537,0.2878328125984819,1240,417,STABLE_POSITIVE_FOLDS,STABLE_POSITIVE,NORMAL,NORMAL,STABLE_POSITIVE
INVERSE|INVERSE_STOCH_14_3_3_POINT_BAR|STOCH_K14_KS3_D3_SHIFT0_V1|2H|DOWN,INVERSE_PREDICTOR,INVERSE_STOCH_14_3_3_POINT_BAR,STOCH_K14_KS3_D3_SHIFT0_V1,"{'inverse_parameter_set_id': 'PRED_STOCH_14_K_80_POINT_V1', 'indicator_parameter_set_id': 'STOCH_K14_KS3_D3_SHIFT0_V1'}",2H,DOWN,INVERSE_THRESHOLD_CROSS,INVERSE_UP,INVERSE_DOWN,SUPPORTED_ANALYTICALLY,True,PRED_STOCH_14_K_80_POINT_V1,MULTITF_INDICATOR_PARAMETER_SEARCH_V2,SINGLE_FAMILY_SINGLE_PRIMITIVE,0.24300704838837411,0.2943984702119943,828,245,STABLE_POSITIVE_FOLDS,STABLE_POSITIVE,NORMAL,NORMAL,STABLE_POSITIVE
INVERSE|INVERSE_STOCH_14_3_3_POINT_BAR|STOCH_K14_KS3_D3_SHIFT0_V1|2H|UP,INVERSE_PREDICTOR,INVERSE_STOCH_14_3_3_POINT_BAR,STOCH_K14_KS3_D3_SHIFT0_V1,"{'inverse_parameter_set_id': 'PRED_STOCH_14_K_20_POINT_V1', 'indicator_parameter_set_id': 'STOCH_K14_KS3_D3_SHIFT0_V1'}",2H,UP,INVERSE_THRESHOLD_CROSS,INVERSE_UP,INVERSE_DOWN,SUPPORTED_ANALYTICALLY,True,PRED_STOCH_14_K_20_POINT_V1,MULTITF_INDICATOR_PARAMETER_SEARCH_V2,SINGLE_FAMILY_SINGLE_PRIMITIVE,0.3106630391348034,0.3205414152016094,613,222,STABLE_POSITIVE_FOLDS,STABLE_POSITIVE,NORMAL,NORMAL,STABLE_POSITIVE
INVERSE|INVERSE_STOCH_14_3_3_POINT_BAR|STOCH_K14_KS3_D3_SHIFT0_V1|30m|DOWN,INVERSE_PREDICTOR,INVERSE_STOCH_14_3_3_POINT_BAR,STOCH_K14_KS3_D3_SHIFT0_V1,"{'inverse_parameter_set_id': 'PRED_STOCH_14_K_80_POINT_V1', 'indicator_parameter_set_id': 'STOCH_K14_KS3_D3_SHIFT0_V1'}",30m,DOWN,INVERSE_THRESHOLD_CROSS,INVERSE_UP,INVERSE_DOWN,SUPPORTED_ANALYTICALLY,True,PRED_STOCH_14_K_80_POINT_V1,MULTITF_INDICATOR_PARAMETER_SEARCH_V2,SINGLE_FAMILY_SINGLE_PRIMITIVE,0.013165775738224656,0.020006500371449798,3224,921,STABLE_POSITIVE_FOLDS,WEAK_POSITIVE,NORMAL,NORMAL,WEAK_POSITIVE
INVERSE|INVERSE_STOCH_14_3_3_POINT_BAR|STOCH_K14_KS3_D3_SHIFT0_V1|30m|UP,INVERSE_PREDICTOR,INVERSE_STOCH_14_3_3_POINT_BAR,STOCH_K14_KS3_D3_SHIFT0_V1,"{'inverse_parameter_set_id': 'PRED_STOCH_14_K_20_POINT_V1', 'indicator_parameter_set_id': 'STOCH_K14_KS3_D3_SHIFT0_V1'}",30m,UP,INVERSE_THRESHOLD_CROSS,INVERSE_UP,INVERSE_DOWN,SUPPORTED_ANALYTICALLY,True,PRED_STOCH_14_K_20_POINT_V1,MULTITF_INDICATOR_PARAMETER_SEARCH_V2,SINGLE_FAMILY_SINGLE_PRIMITIVE,0.014743588910111467,0.0205238998067149,2576,835,STABLE_POSITIVE_FOLDS,WEAK_POSITIVE,NORMAL,NORMAL,WEAK_POSITIVE
INVERSE|INVERSE_STOCH_14_3_3_POINT_BAR|STOCH_K14_KS3_D3_SHIFT0_V1|4H|DOWN,INVERSE_PREDICTOR,INVERSE_STOCH_14_3_3_POINT_BAR,STOCH_K14_KS3_D3_SHIFT0_V1,"{'inverse_parameter_set_id': 'PRED_STOCH_14_K_80_POINT_V1', 'indicator_parameter_set_id': 'STOCH_K14_KS3_D3_SHIFT0_V1'}",4H,DOWN,INVERSE_THRESHOLD_CROSS,INVERSE_UP,INVERSE_DOWN,SUPPORTED_ANALYTICALLY,True,PRED_STOCH_14_K_80_POINT_V1,MULTITF_INDICATOR_PARAMETER_SEARCH_V2,SINGLE_FAMILY_SINGLE_PRIMITIVE,0.2480016022129895,0.3237012987012987,409,110,STABLE_POSITIVE_FOLDS,STABLE_POSITIVE,NORMAL,NORMAL,STABLE_POSITIVE
INVERSE|INVERSE_STOCH_14_3_3_POINT_BAR|STOCH_K14_KS3_D3_SHIFT0_V1|4H|UP,INVERSE_PREDICTOR,INVERSE_STOCH_14_3_3_POINT_BAR,STOCH_K14_KS3_D3_SHIFT0_V1,"{'inverse_parameter_set_id': 'PRED_STOCH_14_K_20_POINT_V1', 'indicator_parameter_set_id': 'STOCH_K14_KS3_D3_SHIFT0_V1'}",4H,UP,INVERSE_THRESHOLD_CROSS,INVERSE_UP,INVERSE_DOWN,SUPPORTED_ANALYTICALLY,True,PRED_STOCH_14_K_20_POINT_V1,MULTITF_INDICATOR_PARAMETER_SEARCH_V2,SINGLE_FAMILY_SINGLE_PRIMITIVE,0.3163185771731236,0.34070847851335656,310,112,STABLE_POSITIVE_FOLDS,STABLE_POSITIVE,NORMAL,NORMAL,STABLE_POSITIVE
INVERSE|INVERSE_STOCH_14_3_3_POINT_BAR|STOCH_K14_KS3_D3_SHIFT0_V1|5m|DOWN,INVERSE_PREDICTOR,INVERSE_STOCH_14_3_3_POINT_BAR,STOCH_K14_KS3_D3_SHIFT0_V1,"{'inverse_parameter_set_id': 'PRED_STOCH_14_K_80_POINT_V1', 'indicator_parameter_set_id': 'STOCH_K14_KS3_D3_SHIFT0_V1'}",5m,DOWN,INVERSE_THRESHOLD_CROSS,INVERSE_UP,INVERSE_DOWN,SUPPORTED_ANALYTICALLY,True,PRED_STOCH_14_K_80_POINT_V1,MULTITF_INDICATOR_PARAMETER_SEARCH_V2,SINGLE_FAMILY_SINGLE_PRIMITIVE,0.0,0.003497569786774256,20212,6256,UNSTABLE_DISCOVERY,WEAK_POSITIVE,NORMAL,NORMAL,WEAK_POSITIVE
INVERSE|INVERSE_STOCH_14_3_3_POINT_BAR|STOCH_K14_KS3_D3_SHIFT0_V1|5m|UP,INVERSE_PREDICTOR,INVERSE_STOCH_14_3_3_POINT_BAR,STOCH_K14_KS3_D3_SHIFT0_V1,"{'inverse_parameter_set_id': 'PRED_STOCH_14_K_20_POINT_V1', 'indicator_parameter_set_id': 'STOCH_K14_KS3_D3_SHIFT0_V1'}",5m,UP,INVERSE_THRESHOLD_CROSS,INVERSE_UP,INVERSE_DOWN,SUPPORTED_ANALYTICALLY,True,PRED_STOCH_14_K_20_POINT_V1,MULTITF_INDICATOR_PARAMETER_SEARCH_V2,SINGLE_FAMILY_SINGLE_PRIMITIVE,0.0,0.003740283834590734,18790,6106,UNSTABLE_DISCOVERY,WEAK_POSITIVE,NORMAL,NORMAL,WEAK_POSITIVE
INVERSE|INVERSE_STOCH_14_3_3_POINT_BAR|STOCH_K14_KS3_D3_SHIFT0_V1|6H|DOWN,INVERSE_PREDICTOR,INVERSE_STOCH_14_3_3_POINT_BAR,STOCH_K14_KS3_D3_SHIFT0_V1,"{'inverse_parameter_set_id': 'PRED_STOCH_14_K_80_POINT_V1', 'indicator_parameter_set_id': 'STOCH_K14_KS3_D3_SHIFT0_V1'}",6H,DOWN,INVERSE_THRESHOLD_CROSS,INVERSE_UP,INVERSE_DOWN,SUPPORTED_ANALYTICALLY,True,PRED_STOCH_14_K_80_POINT_V1,MULTITF_INDICATOR_PARAMETER_SEARCH_V2,SINGLE_FAMILY_SINGLE_PRIMITIVE,0.2771391890189397,0.3620772431452043,283,91,STABLE_POSITIVE_FOLDS,STABLE_POSITIVE,NORMAL,LOW_SAMPLE,STABLE_POSITIVE
INVERSE|INVERSE_STOCH_14_3_3_POINT_BAR|STOCH_K14_KS3_D3_SHIFT0_V1|6H|UP,INVERSE_PREDICTOR,INVERSE_STOCH_14_3_3_POINT_BAR,STOCH_K14_KS3_D3_SHIFT0_V1,"{'inverse_parameter_set_id': 'PRED_STOCH_14_K_20_POINT_V1', 'indicator_parameter_set_id': 'STOCH_K14_KS3_D3_SHIFT0_V1'}",6H,UP,INVERSE_THRESHOLD_CROSS,INVERSE_UP,INVERSE_DOWN,SUPPORTED_ANALYTICALLY,True,PRED_STOCH_14_K_20_POINT_V1,MULTITF_INDICATOR_PARAMETER_SEARCH_V2,SINGLE_FAMILY_SINGLE_PRIMITIVE,0.29353596422212097,0.2974234503360717,205,78,STABLE_POSITIVE_FOLDS,STABLE_POSITIVE,NORMAL,LOW_SAMPLE,STABLE_POSITIVE
INVERSE|INVERSE_STOCH_14_3_3_POINT_BAR|STOCH_K14_KS3_D3_SHIFT0_V1|8H|DOWN,INVERSE_PREDICTOR,INVERSE_STOCH_14_3_3_POINT_BAR,STOCH_K14_KS3_D3_SHIFT0_V1,"{'inverse_parameter_set_id': 'PRED_STOCH_14_K_80_POINT_V1', 'indicator_parameter_set_id': 'STOCH_K14_KS3_D3_SHIFT0_V1'}",8H,DOWN,INVERSE_THRESHOLD_CROSS,INVERSE_UP,INVERSE_DOWN,SUPPORTED_ANALYTICALLY,True,PRED_STOCH_14_K_80_POINT_V1,MULTITF_INDICATOR_PARAMETER_SEARCH_V2,SINGLE_FAMILY_SINGLE_PRIMITIVE,0.302793748302073,0.4000878348704436,209,69,STABLE_POSITIVE_FOLDS,STABLE_POSITIVE,NORMAL,LOW_SAMPLE,STABLE_POSITIVE
INVERSE|INVERSE_STOCH_14_3_3_POINT_BAR|STOCH_K14_KS3_D3_SHIFT0_V1|8H|UP,INVERSE_PREDICTOR,INVERSE_STOCH_14_3_3_POINT_BAR,STOCH_K14_KS3_D3_SHIFT0_V1,"{'inverse_parameter_set_id': 'PRED_STOCH_14_K_20_POINT_V1', 'indicator_parameter_set_id': 'STOCH_K14_KS3_D3_SHIFT0_V1'}",8H,UP,INVERSE_THRESHOLD_CROSS,INVERSE_UP,INVERSE_DOWN,SUPPORTED_ANALYTICALLY,True,PRED_STOCH_14_K_20_POINT_V1,MULTITF_INDICATOR_PARAMETER_SEARCH_V2,SINGLE_FAMILY_SINGLE_PRIMITIVE,0.3467842842842843,0.36622682288704356,148,59,STABLE_POSITIVE_FOLDS,STABLE_POSITIVE,NORMAL,LOW_SAMPLE,STABLE_POSITIVE
MACD|DINAPOLI_MACD_REFERENCE_V1|HIST_CROSS_UP_ZERO|HIST_CROSS_DOWN_ZERO|12H|DOWN,MACD,DINAPOLI_REFERENCE_MACD,DINAPOLI_MACD_REFERENCE_V1,"{'fast_alpha': 0.213, 'slow_alpha': 0.108, 'signal_alpha': 0.199, 'fast_period_equiv': 8.3896, 'slow_period_equiv': 17.5185, 'signal_period_equiv': 9.0503, 'display_shift': 0, 'formula_version': 'DINAPOLI_MACD_REFERENCE_V1', 'causal_semantics': 'CLOSED_CANDLE', 'source_engine': 'INDICATOR_ENGINE_V1', 'reference_status': 'DINAPOLI_REFERENCE_IMPLEMENTATION', 'preset_class': 'DINAPOLI_REFERENCE', 'implementation_name': 'DINAPOLI_REFERENCE_MACD', 'init_convention': 'alpha_ema_seed_close0_signal_seed_macd0'}",12H,DOWN,HIST_CROSS_DOWN_ZERO,HIST_CROSS_UP_ZERO,HIST_CROSS_DOWN_ZERO,DINAPOLI_REFERENCE_IMPLEMENTATION,True,DINAPOLI_REFERENCE_MACD,MULTITF_INDICATOR_PARAMETER_SEARCH_V2,SINGLE_FAMILY_SINGLE_PRIMITIVE,0.32824795523030564,0.4560931899641577,101,36,STABLE_POSITIVE_FOLDS,STABLE_POSITIVE,NORMAL,LOW_SAMPLE,STABLE_POSITIVE
MACD|DINAPOLI_MACD_REFERENCE_V1|HIST_CROSS_UP_ZERO|HIST_CROSS_DOWN_ZERO|12H|UP,MACD,DINAPOLI_REFERENCE_MACD,DINAPOLI_MACD_REFERENCE_V1,"{'fast_alpha': 0.213, 'slow_alpha': 0.108, 'signal_alpha': 0.199, 'fast_period_equiv': 8.3896, 'slow_period_equiv': 17.5185, 'signal_period_equiv': 9.0503, 'display_shift': 0, 'formula_version': 'DINAPOLI_MACD_REFERENCE_V1', 'causal_semantics': 'CLOSED_CANDLE', 'source_engine': 'INDICATOR_ENGINE_V1', 'reference_status': 'DINAPOLI_REFERENCE_IMPLEMENTATION', 'preset_class': 'DINAPOLI_REFERENCE', 'implementation_name': 'DINAPOLI_REFERENCE_MACD', 'init_convention': 'alpha_ema_seed_close0_signal_seed_macd0'}",12H,UP,HIST_CROSS_UP_ZERO,HIST_CROSS_UP_ZERO,HIST_CROSS_DOWN_ZERO,DINAPOLI_REFERENCE_IMPLEMENTATION,True,DINAPOLI_REFERENCE_MACD,MULTITF_INDICATOR_PARAMETER_SEARCH_V2,SINGLE_FAMILY_SINGLE_PRIMITIVE,0.41679028530030704,0.36928104575163395,101,36,STABLE_POSITIVE_FOLDS,STABLE_POSITIVE,NORMAL,LOW_SAMPLE,STABLE_POSITIVE
MACD|DINAPOLI_MACD_REFERENCE_V1|HIST_CROSS_UP_ZERO|HIST_CROSS_DOWN_ZERO|15m|DOWN,MACD,DINAPOLI_REFERENCE_MACD,DINAPOLI_MACD_REFERENCE_V1,"{'fast_alpha': 0.213, 'slow_alpha': 0.108, 'signal_alpha': 0.199, 'fast_period_equiv': 8.3896, 'slow_period_equiv': 17.5185, 'signal_period_equiv': 9.0503, 'display_shift': 0, 'formula_version': 'DINAPOLI_MACD_REFERENCE_V1', 'causal_semantics': 'CLOSED_CANDLE', 'source_engine': 'INDICATOR_ENGINE_V1', 'reference_status': 'DINAPOLI_REFERENCE_IMPLEMENTATION', 'preset_class': 'DINAPOLI_REFERENCE', 'implementation_name': 'DINAPOLI_REFERENCE_MACD', 'init_convention': 'alpha_ema_seed_close0_signal_seed_macd0'}",15m,DOWN,HIST_CROSS_DOWN_ZERO,HIST_CROSS_UP_ZERO,HIST_CROSS_DOWN_ZERO,DINAPOLI_REFERENCE_IMPLEMENTATION,True,DINAPOLI_REFERENCE_MACD,MULTITF_INDICATOR_PARAMETER_SEARCH_V2,SINGLE_FAMILY_SINGLE_PRIMITIVE,0.010019375802775407,0.03289100291979078,5347,1753,STABLE_POSITIVE_FOLDS,WEAK_POSITIVE,NORMAL,NORMAL,WEAK_POSITIVE
MACD|DINAPOLI_MACD_REFERENCE_V1|HIST_CROSS_UP_ZERO|HIST_CROSS_DOWN_ZERO|15m|UP,MACD,DINAPOLI_REFERENCE_MACD,DINAPOLI_MACD_REFERENCE_V1,"{'fast_alpha': 0.213, 'slow_alpha': 0.108, 'signal_alpha': 0.199, 'fast_period_equiv': 8.3896, 'slow_period_equiv': 17.5185, 'signal_period_equiv': 9.0503, 'display_shift': 0, 'formula_version': 'DINAPOLI_MACD_REFERENCE_V1', 'causal_semantics': 'CLOSED_CANDLE', 'source_engine': 'INDICATOR_ENGINE_V1', 'reference_status': 'DINAPOLI_REFERENCE_IMPLEMENTATION', 'preset_class': 'DINAPOLI_REFERENCE', 'implementation_name': 'DINAPOLI_REFERENCE_MACD', 'init_convention': 'alpha_ema_seed_close0_signal_seed_macd0'}",15m,UP,HIST_CROSS_UP_ZERO,HIST_CROSS_UP_ZERO,HIST_CROSS_DOWN_ZERO,DINAPOLI_REFERENCE_IMPLEMENTATION,True,DINAPOLI_REFERENCE_MACD,MULTITF_INDICATOR_PARAMETER_SEARCH_V2,SINGLE_FAMILY_SINGLE_PRIMITIVE,0.01076252112427048,0.03234977516190079,5349,1752,STABLE_POSITIVE_FOLDS,WEAK_POSITIVE,NORMAL,NORMAL,WEAK_POSITIVE
MACD|DINAPOLI_MACD_REFERENCE_V1|HIST_CROSS_UP_ZERO|HIST_CROSS_DOWN_ZERO|1H|DOWN,MACD,DINAPOLI_REFERENCE_MACD,DINAPOLI_MACD_REFERENCE_V1,"{'fast_alpha': 0.213, 'slow_alpha': 0.108, 'signal_alpha': 0.199, 'fast_period_equiv': 8.3896, 'slow_period_equiv': 17.5185, 'signal_period_equiv': 9.0503, 'display_shift': 0, 'formula_version': 'DINAPOLI_MACD_REFERENCE_V1', 'causal_semantics': 'CLOSED_CANDLE', 'source_engine': 'INDICATOR_ENGINE_V1', 'reference_status': 'DINAPOLI_REFERENCE_IMPLEMENTATION', 'preset_class': 'DINAPOLI_REFERENCE', 'implementation_name': 'DINAPOLI_REFERENCE_MACD', 'init_convention': 'alpha_ema_seed_close0_signal_seed_macd0'}",1H,DOWN,HIST_CROSS_DOWN_ZERO,HIST_CROSS_UP_ZERO,HIST_CROSS_DOWN_ZERO,DINAPOLI_REFERENCE_IMPLEMENTATION,True,DINAPOLI_REFERENCE_MACD,MULTITF_INDICATOR_PARAMETER_SEARCH_V2,SINGLE_FAMILY_SINGLE_PRIMITIVE,0.4146981518428341,0.4549046635433551,1313,413,STABLE_POSITIVE_FOLDS,STABLE_POSITIVE,NORMAL,NORMAL,STABLE_POSITIVE
MACD|DINAPOLI_MACD_REFERENCE_V1|HIST_CROSS_UP_ZERO|HIST_CROSS_DOWN_ZERO|1H|UP,MACD,DINAPOLI_REFERENCE_MACD,DINAPOLI_MACD_REFERENCE_V1,"{'fast_alpha': 0.213, 'slow_alpha': 0.108, 'signal_alpha': 0.199, 'fast_period_equiv': 8.3896, 'slow_period_equiv': 17.5185, 'signal_period_equiv': 9.0503, 'display_shift': 0, 'formula_version': 'DINAPOLI_MACD_REFERENCE_V1', 'causal_semantics': 'CLOSED_CANDLE', 'source_engine': 'INDICATOR_ENGINE_V1', 'reference_status': 'DINAPOLI_REFERENCE_IMPLEMENTATION', 'preset_class': 'DINAPOLI_REFERENCE', 'implementation_name': 'DINAPOLI_REFERENCE_MACD', 'init_convention': 'alpha_ema_seed_close0_signal_seed_macd0'}",1H,UP,HIST_CROSS_UP_ZERO,HIST_CROSS_UP_ZERO,HIST_CROSS_DOWN_ZERO,DINAPOLI_REFERENCE_IMPLEMENTATION,True,DINAPOLI_REFERENCE_MACD,MULTITF_INDICATOR_PARAMETER_SEARCH_V2,SINGLE_FAMILY_SINGLE_PRIMITIVE,0.42492854813119507,0.48560195805693357,1313,413,STABLE_POSITIVE_FOLDS,STABLE_POSITIVE,NORMAL,NORMAL,STABLE_POSITIVE
MACD|DINAPOLI_MACD_REFERENCE_V1|HIST_CROSS_UP_ZERO|HIST_CROSS_DOWN_ZERO|2H|DOWN,MACD,DINAPOLI_REFERENCE_MACD,DINAPOLI_MACD_REFERENCE_V1,"{'fast_alpha': 0.213, 'slow_alpha': 0.108, 'signal_alpha': 0.199, 'fast_period_equiv': 8.3896, 'slow_period_equiv': 17.5185, 'signal_period_equiv': 9.0503, 'display_shift': 0, 'formula_version': 'DINAPOLI_MACD_REFERENCE_V1', 'causal_semantics': 'CLOSED_CANDLE', 'source_engine': 'INDICATOR_ENGINE_V1', 'reference_status': 'DINAPOLI_REFERENCE_IMPLEMENTATION', 'preset_class': 'DINAPOLI_REFERENCE', 'implementation_name': 'DINAPOLI_REFERENCE_MACD', 'init_convention': 'alpha_ema_seed_close0_signal_seed_macd0'}",2H,DOWN,HIST_CROSS_DOWN_ZERO,HIST_CROSS_UP_ZERO,HIST_CROSS_DOWN_ZERO,DINAPOLI_REFERENCE_IMPLEMENTATION,True,DINAPOLI_REFERENCE_MACD,MULTITF_INDICATOR_PARAMETER_SEARCH_V2,SINGLE_FAMILY_SINGLE_PRIMITIVE,0.42252699969880814,0.552746783630626,635,193,STABLE_POSITIVE_FOLDS,STABLE_POSITIVE,NORMAL,NORMAL,STABLE_POSITIVE
MACD|DINAPOLI_MACD_REFERENCE_V1|HIST_CROSS_UP_ZERO|HIST_CROSS_DOWN_ZERO|2H|UP,MACD,DINAPOLI_REFERENCE_MACD,DINAPOLI_MACD_REFERENCE_V1,"{'fast_alpha': 0.213, 'slow_alpha': 0.108, 'signal_alpha': 0.199, 'fast_period_equiv': 8.3896, 'slow_period_equiv': 17.5185, 'signal_period_equiv': 9.0503, 'display_shift': 0, 'formula_version': 'DINAPOLI_MACD_REFERENCE_V1', 'causal_semantics': 'CLOSED_CANDLE', 'source_engine': 'INDICATOR_ENGINE_V1', 'reference_status': 'DINAPOLI_REFERENCE_IMPLEMENTATION', 'preset_class': 'DINAPOLI_REFERENCE', 'implementation_name': 'DINAPOLI_REFERENCE_MACD', 'init_convention': 'alpha_ema_seed_close0_signal_seed_macd0'}",2H,UP,HIST_CROSS_UP_ZERO,HIST_CROSS_UP_ZERO,HIST_CROSS_DOWN_ZERO,DINAPOLI_REFERENCE_IMPLEMENTATION,True,DINAPOLI_REFERENCE_MACD,MULTITF_INDICATOR_PARAMETER_SEARCH_V2,SINGLE_FAMILY_SINGLE_PRIMITIVE,0.44097030998311626,0.5498532012144264,633,194,STABLE_POSITIVE_FOLDS,STABLE_POSITIVE,NORMAL,NORMAL,STABLE_POSITIVE
MACD|DINAPOLI_MACD_REFERENCE_V1|HIST_CROSS_UP_ZERO|HIST_CROSS_DOWN_ZERO|30m|DOWN,MACD,DINAPOLI_REFERENCE_MACD,DINAPOLI_MACD_REFERENCE_V1,"{'fast_alpha': 0.213, 'slow_alpha': 0.108, 'signal_alpha': 0.199, 'fast_period_equiv': 8.3896, 'slow_period_equiv': 17.5185, 'signal_period_equiv': 9.0503, 'display_shift': 0, 'formula_version': 'DINAPOLI_MACD_REFERENCE_V1', 'causal_semantics': 'CLOSED_CANDLE', 'source_engine': 'INDICATOR_ENGINE_V1', 'reference_status': 'DINAPOLI_REFERENCE_IMPLEMENTATION', 'preset_class': 'DINAPOLI_REFERENCE', 'implementation_name': 'DINAPOLI_REFERENCE_MACD', 'init_convention': 'alpha_ema_seed_close0_signal_seed_macd0'}",30m,DOWN,HIST_CROSS_DOWN_ZERO,HIST_CROSS_UP_ZERO,HIST_CROSS_DOWN_ZERO,DINAPOLI_REFERENCE_IMPLEMENTATION,True,DINAPOLI_REFERENCE_MACD,MULTITF_INDICATOR_PARAMETER_SEARCH_V2,SINGLE_FAMILY_SINGLE_PRIMITIVE,0.020781123571323622,0.02786479076037008,2631,859,STABLE_POSITIVE_FOLDS,STABLE_POSITIVE,NORMAL,NORMAL,STABLE_POSITIVE
MACD|DINAPOLI_MACD_REFERENCE_V1|HIST_CROSS_UP_ZERO|HIST_CROSS_DOWN_ZERO|30m|UP,MACD,DINAPOLI_REFERENCE_MACD,DINAPOLI_MACD_REFERENCE_V1,"{'fast_alpha': 0.213, 'slow_alpha': 0.108, 'signal_alpha': 0.199, 'fast_period_equiv': 8.3896, 'slow_period_equiv': 17.5185, 'signal_period_equiv': 9.0503, 'display_shift': 0, 'formula_version': 'DINAPOLI_MACD_REFERENCE_V1', 'causal_semantics': 'CLOSED_CANDLE', 'source_engine': 'INDICATOR_ENGINE_V1', 'reference_status': 'DINAPOLI_REFERENCE_IMPLEMENTATION', 'preset_class': 'DINAPOLI_REFERENCE', 'implementation_name': 'DINAPOLI_REFERENCE_MACD', 'init_convention': 'alpha_ema_seed_close0_signal_seed_macd0'}",30m,UP,HIST_CROSS_UP_ZERO,HIST_CROSS_UP_ZERO,HIST_CROSS_DOWN_ZERO,DINAPOLI_REFERENCE_IMPLEMENTATION,True,DINAPOLI_REFERENCE_MACD,MULTITF_INDICATOR_PARAMETER_SEARCH_V2,SINGLE_FAMILY_SINGLE_PRIMITIVE,0.021923274030900154,0.03495524714704009,2631,857,STABLE_POSITIVE_FOLDS,STABLE_POSITIVE,NORMAL,NORMAL,STABLE_POSITIVE
MACD|DINAPOLI_MACD_REFERENCE_V1|HIST_CROSS_UP_ZERO|HIST_CROSS_DOWN_ZERO|4H|DOWN,MACD,DINAPOLI_REFERENCE_MACD,DINAPOLI_MACD_REFERENCE_V1,"{'fast_alpha': 0.213, 'slow_alpha': 0.108, 'signal_alpha': 0.199, 'fast_period_equiv': 8.3896, 'slow_period_equiv': 17.5185, 'signal_period_equiv': 9.0503, 'display_shift': 0, 'formula_version': 'DINAPOLI_MACD_REFERENCE_V1', 'causal_semantics': 'CLOSED_CANDLE', 'source_engine': 'INDICATOR_ENGINE_V1', 'reference_status': 'DINAPOLI_REFERENCE_IMPLEMENTATION', 'preset_class': 'DINAPOLI_REFERENCE', 'implementation_name': 'DINAPOLI_REFERENCE_MACD', 'init_convention': 'alpha_ema_seed_close0_signal_seed_macd0'}",4H,DOWN,HIST_CROSS_DOWN_ZERO,HIST_CROSS_UP_ZERO,HIST_CROSS_DOWN_ZERO,DINAPOLI_REFERENCE_IMPLEMENTATION,True,DINAPOLI_REFERENCE_MACD,MULTITF_INDICATOR_PARAMETER_SEARCH_V2,SINGLE_FAMILY_SINGLE_PRIMITIVE,0.41048420518459006,0.4540043290043291,325,99,STABLE_POSITIVE_FOLDS,STABLE_POSITIVE,NORMAL,LOW_SAMPLE,STABLE_POSITIVE
MACD|DINAPOLI_MACD_REFERENCE_V1|HIST_CROSS_UP_ZERO|HIST_CROSS_DOWN_ZERO|4H|UP,MACD,DINAPOLI_REFERENCE_MACD,DINAPOLI_MACD_REFERENCE_V1,"{'fast_alpha': 0.213, 'slow_alpha': 0.108, 'signal_alpha': 0.199, 'fast_period_equiv': 8.3896, 'slow_period_equiv': 17.5185, 'signal_period_equiv': 9.0503, 'display_shift': 0, 'formula_version': 'DINAPOLI_MACD_REFERENCE_V1', 'causal_semantics': 'CLOSED_CANDLE', 'source_engine': 'INDICATOR_ENGINE_V1', 'reference_status': 'DINAPOLI_REFERENCE_IMPLEMENTATION', 'preset_class': 'DINAPOLI_REFERENCE', 'implementation_name': 'DINAPOLI_REFERENCE_MACD', 'init_convention': 'alpha_ema_seed_close0_signal_seed_macd0'}",4H,UP,HIST_CROSS_UP_ZERO,HIST_CROSS_UP_ZERO,HIST_CROSS_DOWN_ZERO,DINAPOLI_REFERENCE_IMPLEMENTATION,True,DINAPOLI_REFERENCE_MACD,MULTITF_INDICATOR_PARAMETER_SEARCH_V2,SINGLE_FAMILY_SINGLE_PRIMITIVE,0.4192962446669201,0.5026853904902686,325,99,STABLE_POSITIVE_FOLDS,STABLE_POSITIVE,NORMAL,LOW_SAMPLE,STABLE_POSITIVE
MACD|DINAPOLI_MACD_REFERENCE_V1|HIST_CROSS_UP_ZERO|HIST_CROSS_DOWN_ZERO|5m|DOWN,MACD,DINAPOLI_REFERENCE_MACD,DINAPOLI_MACD_REFERENCE_V1,"{'fast_alpha': 0.213, 'slow_alpha': 0.108, 'signal_alpha': 0.199, 'fast_period_equiv': 8.3896, 'slow_period_equiv': 17.5185, 'signal_period_equiv': 9.0503, 'display_shift': 0, 'formula_version': 'DINAPOLI_MACD_REFERENCE_V1', 'causal_semantics': 'CLOSED_CANDLE', 'source_engine': 'INDICATOR_ENGINE_V1', 'reference_status': 'DINAPOLI_REFERENCE_IMPLEMENTATION', 'preset_class': 'DINAPOLI_REFERENCE', 'implementation_name': 'DINAPOLI_REFERENCE_MACD', 'init_convention': 'alpha_ema_seed_close0_signal_seed_macd0'}",5m,DOWN,HIST_CROSS_DOWN_ZERO,HIST_CROSS_UP_ZERO,HIST_CROSS_DOWN_ZERO,DINAPOLI_REFERENCE_IMPLEMENTATION,True,DINAPOLI_REFERENCE_MACD,MULTITF_INDICATOR_PARAMETER_SEARCH_V2,SINGLE_FAMILY_SINGLE_PRIMITIVE,0.0,0.004790141441142787,16215,5398,UNSTABLE_DISCOVERY,WEAK_POSITIVE,NORMAL,NORMAL,WEAK_POSITIVE
MACD|DINAPOLI_MACD_REFERENCE_V1|HIST_CROSS_UP_ZERO|HIST_CROSS_DOWN_ZERO|5m|UP,MACD,DINAPOLI_REFERENCE_MACD,DINAPOLI_MACD_REFERENCE_V1,"{'fast_alpha': 0.213, 'slow_alpha': 0.108, 'signal_alpha': 0.199, 'fast_period_equiv': 8.3896, 'slow_period_equiv': 17.5185, 'signal_period_equiv': 9.0503, 'display_shift': 0, 'formula_version': 'DINAPOLI_MACD_REFERENCE_V1', 'causal_semantics': 'CLOSED_CANDLE', 'source_engine': 'INDICATOR_ENGINE_V1', 'reference_status': 'DINAPOLI_REFERENCE_IMPLEMENTATION', 'preset_class': 'DINAPOLI_REFERENCE', 'implementation_name': 'DINAPOLI_REFERENCE_MACD', 'init_convention': 'alpha_ema_seed_close0_signal_seed_macd0'}",5m,UP,HIST_CROSS_UP_ZERO,HIST_CROSS_UP_ZERO,HIST_CROSS_DOWN_ZERO,DINAPOLI_REFERENCE_IMPLEMENTATION,True,DINAPOLI_REFERENCE_MACD,MULTITF_INDICATOR_PARAMETER_SEARCH_V2,SINGLE_FAMILY_SINGLE_PRIMITIVE,0.0,0.0049393267115365016,16215,5399,UNSTABLE_DISCOVERY,WEAK_POSITIVE,NORMAL,NORMAL,WEAK_POSITIVE
MACD|DINAPOLI_MACD_REFERENCE_V1|HIST_CROSS_UP_ZERO|HIST_CROSS_DOWN_ZERO|6H|DOWN,MACD,DINAPOLI_REFERENCE_MACD,DINAPOLI_MACD_REFERENCE_V1,"{'fast_alpha': 0.213, 'slow_alpha': 0.108, 'signal_alpha': 0.199, 'fast_period_equiv': 8.3896, 'slow_period_equiv': 17.5185, 'signal_period_equiv': 9.0503, 'display_shift': 0, 'formula_version': 'DINAPOLI_MACD_REFERENCE_V1', 'causal_semantics': 'CLOSED_CANDLE', 'source_engine': 'INDICATOR_ENGINE_V1', 'reference_status': 'DINAPOLI_REFERENCE_IMPLEMENTATION', 'preset_class': 'DINAPOLI_REFERENCE', 'implementation_name': 'DINAPOLI_REFERENCE_MACD', 'init_convention': 'alpha_ema_seed_close0_signal_seed_macd0'}",6H,DOWN,HIST_CROSS_DOWN_ZERO,HIST_CROSS_UP_ZERO,HIST_CROSS_DOWN_ZERO,DINAPOLI_REFERENCE_IMPLEMENTATION,True,DINAPOLI_REFERENCE_MACD,MULTITF_INDICATOR_PARAMETER_SEARCH_V2,SINGLE_FAMILY_SINGLE_PRIMITIVE,0.36774884957247883,0.36867064973861097,221,65,STABLE_POSITIVE_FOLDS,STABLE_POSITIVE,NORMAL,LOW_SAMPLE,STABLE_POSITIVE
MACD|DINAPOLI_MACD_REFERENCE_V1|HIST_CROSS_UP_ZERO|HIST_CROSS_DOWN_ZERO|6H|UP,MACD,DINAPOLI_REFERENCE_MACD,DINAPOLI_MACD_REFERENCE_V1,"{'fast_alpha': 0.213, 'slow_alpha': 0.108, 'signal_alpha': 0.199, 'fast_period_equiv': 8.3896, 'slow_period_equiv': 17.5185, 'signal_period_equiv': 9.0503, 'display_shift': 0, 'formula_version': 'DINAPOLI_MACD_REFERENCE_V1', 'causal_semantics': 'CLOSED_CANDLE', 'source_engine': 'INDICATOR_ENGINE_V1', 'reference_status': 'DINAPOLI_REFERENCE_IMPLEMENTATION', 'preset_class': 'DINAPOLI_REFERENCE', 'implementation_name': 'DINAPOLI_REFERENCE_MACD', 'init_convention': 'alpha_ema_seed_close0_signal_seed_macd0'}",6H,UP,HIST_CROSS_UP_ZERO,HIST_CROSS_UP_ZERO,HIST_CROSS_DOWN_ZERO,DINAPOLI_REFERENCE_IMPLEMENTATION,True,DINAPOLI_REFERENCE_MACD,MULTITF_INDICATOR_PARAMETER_SEARCH_V2,SINGLE_FAMILY_SINGLE_PRIMITIVE,0.3844310089191743,0.4093115622241836,221,66,STABLE_POSITIVE_FOLDS,STABLE_POSITIVE,NORMAL,LOW_SAMPLE,STABLE_POSITIVE
MACD|DINAPOLI_MACD_REFERENCE_V1|HIST_CROSS_UP_ZERO|HIST_CROSS_DOWN_ZERO|8H|DOWN,MACD,DINAPOLI_REFERENCE_MACD,DINAPOLI_MACD_REFERENCE_V1,"{'fast_alpha': 0.213, 'slow_alpha': 0.108, 'signal_alpha': 0.199, 'fast_period_equiv': 8.3896, 'slow_period_equiv': 17.5185, 'signal_period_equiv': 9.0503, 'display_shift': 0, 'formula_version': 'DINAPOLI_MACD_REFERENCE_V1', 'causal_semantics': 'CLOSED_CANDLE', 'source_engine': 'INDICATOR_ENGINE_V1', 'reference_status': 'DINAPOLI_REFERENCE_IMPLEMENTATION', 'preset_class': 'DINAPOLI_REFERENCE', 'implementation_name': 'DINAPOLI_REFERENCE_MACD', 'init_convention': 'alpha_ema_seed_close0_signal_seed_macd0'}",8H,DOWN,HIST_CROSS_DOWN_ZERO,HIST_CROSS_UP_ZERO,HIST_CROSS_DOWN_ZERO,DINAPOLI_REFERENCE_IMPLEMENTATION,True,DINAPOLI_REFERENCE_MACD,MULTITF_INDICATOR_PARAMETER_SEARCH_V2,SINGLE_FAMILY_SINGLE_PRIMITIVE,0.338860612816639,0.4139065069297628,158,43,STABLE_POSITIVE_FOLDS,STABLE_POSITIVE,NORMAL,LOW_SAMPLE,STABLE_POSITIVE
MACD|DINAPOLI_MACD_REFERENCE_V1|HIST_CROSS_UP_ZERO|HIST_CROSS_DOWN_ZERO|8H|UP,MACD,DINAPOLI_REFERENCE_MACD,DINAPOLI_MACD_REFERENCE_V1,"{'fast_alpha': 0.213, 'slow_alpha': 0.108, 'signal_alpha': 0.199, 'fast_period_equiv': 8.3896, 'slow_period_equiv': 17.5185, 'signal_period_equiv': 9.0503, 'display_shift': 0, 'formula_version': 'DINAPOLI_MACD_REFERENCE_V1', 'causal_semantics': 'CLOSED_CANDLE', 'source_engine': 'INDICATOR_ENGINE_V1', 'reference_status': 'DINAPOLI_REFERENCE_IMPLEMENTATION', 'preset_class': 'DINAPOLI_REFERENCE', 'implementation_name': 'DINAPOLI_REFERENCE_MACD', 'init_convention': 'alpha_ema_seed_close0_signal_seed_macd0'}",8H,UP,HIST_CROSS_UP_ZERO,HIST_CROSS_UP_ZERO,HIST_CROSS_DOWN_ZERO,DINAPOLI_REFERENCE_IMPLEMENTATION,True,DINAPOLI_REFERENCE_MACD,MULTITF_INDICATOR_PARAMETER_SEARCH_V2,SINGLE_FAMILY_SINGLE_PRIMITIVE,0.3968359282849728,0.44981696156192796,157,44,STABLE_POSITIVE_FOLDS,STABLE_POSITIVE,NORMAL,LOW_SAMPLE,STABLE_POSITIVE
MACD|DINAPOLI_MACD_REFERENCE_V1|MACD_CROSS_UP_SIGNAL|MACD_CROSS_DOWN_SIGNAL|12H|DOWN,MACD,DINAPOLI_REFERENCE_MACD,DINAPOLI_MACD_REFERENCE_V1,"{'fast_alpha': 0.213, 'slow_alpha': 0.108, 'signal_alpha': 0.199, 'fast_period_equiv': 8.3896, 'slow_period_equiv': 17.5185, 'signal_period_equiv': 9.0503, 'display_shift': 0, 'formula_version': 'DINAPOLI_MACD_REFERENCE_V1', 'causal_semantics': 'CLOSED_CANDLE', 'source_engine': 'INDICATOR_ENGINE_V1', 'reference_status': 'DINAPOLI_REFERENCE_IMPLEMENTATION', 'preset_class': 'DINAPOLI_REFERENCE', 'implementation_name': 'DINAPOLI_REFERENCE_MACD', 'init_convention': 'alpha_ema_seed_close0_signal_seed_macd0'}",12H,DOWN,MACD_CROSS_DOWN_SIGNAL,MACD_CROSS_UP_SIGNAL,MACD_CROSS_DOWN_SIGNAL,DINAPOLI_REFERENCE_IMPLEMENTATION,True,DINAPOLI_REFERENCE_MACD,MULTITF_INDICATOR_PARAMETER_SEARCH_V2,SINGLE_FAMILY_SINGLE_PRIMITIVE,0.32824795523030564,0.4560931899641577,101,36,STABLE_POSITIVE_FOLDS,STABLE_POSITIVE,NORMAL,LOW_SAMPLE,STABLE_POSITIVE
MACD|DINAPOLI_MACD_REFERENCE_V1|MACD_CROSS_UP_SIGNAL|MACD_CROSS_DOWN_SIGNAL|12H|UP,MACD,DINAPOLI_REFERENCE_MACD,DINAPOLI_MACD_REFERENCE_V1,"{'fast_alpha': 0.213, 'slow_alpha': 0.108, 'signal_alpha': 0.199, 'fast_period_equiv': 8.3896, 'slow_period_equiv': 17.5185, 'signal_period_equiv': 9.0503, 'display_shift': 0, 'formula_version': 'DINAPOLI_MACD_REFERENCE_V1', 'causal_semantics': 'CLOSED_CANDLE', 'source_engine': 'INDICATOR_ENGINE_V1', 'reference_status': 'DINAPOLI_REFERENCE_IMPLEMENTATION', 'preset_class': 'DINAPOLI_REFERENCE', 'implementation_name': 'DINAPOLI_REFERENCE_MACD', 'init_convention': 'alpha_ema_seed_close0_signal_seed_macd0'}",12H,UP,MACD_CROSS_UP_SIGNAL,MACD_CROSS_UP_SIGNAL,MACD_CROSS_DOWN_SIGNAL,DINAPOLI_REFERENCE_IMPLEMENTATION,True,DINAPOLI_REFERENCE_MACD,MULTITF_INDICATOR_PARAMETER_SEARCH_V2,SINGLE_FAMILY_SINGLE_PRIMITIVE,0.41679028530030704,0.36928104575163395,101,36,STABLE_POSITIVE_FOLDS,STABLE_POSITIVE,NORMAL,LOW_SAMPLE,STABLE_POSITIVE
MACD|DINAPOLI_MACD_REFERENCE_V1|MACD_CROSS_UP_SIGNAL|MACD_CROSS_DOWN_SIGNAL|15m|DOWN,MACD,DINAPOLI_REFERENCE_MACD,DINAPOLI_MACD_REFERENCE_V1,"{'fast_alpha': 0.213, 'slow_alpha': 0.108, 'signal_alpha': 0.199, 'fast_period_equiv': 8.3896, 'slow_period_equiv': 17.5185, 'signal_period_equiv': 9.0503, 'display_shift': 0, 'formula_version': 'DINAPOLI_MACD_REFERENCE_V1', 'causal_semantics': 'CLOSED_CANDLE', 'source_engine': 'INDICATOR_ENGINE_V1', 'reference_status': 'DINAPOLI_REFERENCE_IMPLEMENTATION', 'preset_class': 'DINAPOLI_REFERENCE', 'implementation_name': 'DINAPOLI_REFERENCE_MACD', 'init_convention': 'alpha_ema_seed_close0_signal_seed_macd0'}",15m,DOWN,MACD_CROSS_DOWN_SIGNAL,MACD_CROSS_UP_SIGNAL,MACD_CROSS_DOWN_SIGNAL,DINAPOLI_REFERENCE_IMPLEMENTATION,True,DINAPOLI_REFERENCE_MACD,MULTITF_INDICATOR_PARAMETER_SEARCH_V2,SINGLE_FAMILY_SINGLE_PRIMITIVE,0.010019375802775407,0.03289100291979078,5347,1753,STABLE_POSITIVE_FOLDS,WEAK_POSITIVE,NORMAL,NORMAL,WEAK_POSITIVE
MACD|DINAPOLI_MACD_REFERENCE_V1|MACD_CROSS_UP_SIGNAL|MACD_CROSS_DOWN_SIGNAL|15m|UP,MACD,DINAPOLI_REFERENCE_MACD,DINAPOLI_MACD_REFERENCE_V1,"{'fast_alpha': 0.213, 'slow_alpha': 0.108, 'signal_alpha': 0.199, 'fast_period_equiv': 8.3896, 'slow_period_equiv': 17.5185, 'signal_period_equiv': 9.0503, 'display_shift': 0, 'formula_version': 'DINAPOLI_MACD_REFERENCE_V1', 'causal_semantics': 'CLOSED_CANDLE', 'source_engine': 'INDICATOR_ENGINE_V1', 'reference_status': 'DINAPOLI_REFERENCE_IMPLEMENTATION', 'preset_class': 'DINAPOLI_REFERENCE', 'implementation_name': 'DINAPOLI_REFERENCE_MACD', 'init_convention': 'alpha_ema_seed_close0_signal_seed_macd0'}",15m,UP,MACD_CROSS_UP_SIGNAL,MACD_CROSS_UP_SIGNAL,MACD_CROSS_DOWN_SIGNAL,DINAPOLI_REFERENCE_IMPLEMENTATION,True,DINAPOLI_REFERENCE_MACD,MULTITF_INDICATOR_PARAMETER_SEARCH_V2,SINGLE_FAMILY_SINGLE_PRIMITIVE,0.01076252112427048,0.03234977516190079,5349,1752,STABLE_POSITIVE_FOLDS,WEAK_POSITIVE,NORMAL,NORMAL,WEAK_POSITIVE
MACD|DINAPOLI_MACD_REFERENCE_V1|MACD_CROSS_UP_SIGNAL|MACD_CROSS_DOWN_SIGNAL|1H|DOWN,MACD,DINAPOLI_REFERENCE_MACD,DINAPOLI_MACD_REFERENCE_V1,"{'fast_alpha': 0.213, 'slow_alpha': 0.108, 'signal_alpha': 0.199, 'fast_period_equiv': 8.3896, 'slow_period_equiv': 17.5185, 'signal_period_equiv': 9.0503, 'display_shift': 0, 'formula_version': 'DINAPOLI_MACD_REFERENCE_V1', 'causal_semantics': 'CLOSED_CANDLE', 'source_engine': 'INDICATOR_ENGINE_V1', 'reference_status': 'DINAPOLI_REFERENCE_IMPLEMENTATION', 'preset_class': 'DINAPOLI_REFERENCE', 'implementation_name': 'DINAPOLI_REFERENCE_MACD', 'init_convention': 'alpha_ema_seed_close0_signal_seed_macd0'}",1H,DOWN,MACD_CROSS_DOWN_SIGNAL,MACD_CROSS_UP_SIGNAL,MACD_CROSS_DOWN_SIGNAL,DINAPOLI_REFERENCE_IMPLEMENTATION,True,DINAPOLI_REFERENCE_MACD,MULTITF_INDICATOR_PARAMETER_SEARCH_V2,SINGLE_FAMILY_SINGLE_PRIMITIVE,0.4146981518428341,0.4549046635433551,1313,413,STABLE_POSITIVE_FOLDS,STABLE_POSITIVE,NORMAL,NORMAL,STABLE_POSITIVE
MACD|DINAPOLI_MACD_REFERENCE_V1|MACD_CROSS_UP_SIGNAL|MACD_CROSS_DOWN_SIGNAL|1H|UP,MACD,DINAPOLI_REFERENCE_MACD,DINAPOLI_MACD_REFERENCE_V1,"{'fast_alpha': 0.213, 'slow_alpha': 0.108, 'signal_alpha': 0.199, 'fast_period_equiv': 8.3896, 'slow_period_equiv': 17.5185, 'signal_period_equiv': 9.0503, 'display_shift': 0, 'formula_version': 'DINAPOLI_MACD_REFERENCE_V1', 'causal_semantics': 'CLOSED_CANDLE', 'source_engine': 'INDICATOR_ENGINE_V1', 'reference_status': 'DINAPOLI_REFERENCE_IMPLEMENTATION', 'preset_class': 'DINAPOLI_REFERENCE', 'implementation_name': 'DINAPOLI_REFERENCE_MACD', 'init_convention': 'alpha_ema_seed_close0_signal_seed_macd0'}",1H,UP,MACD_CROSS_UP_SIGNAL,MACD_CROSS_UP_SIGNAL,MACD_CROSS_DOWN_SIGNAL,DINAPOLI_REFERENCE_IMPLEMENTATION,True,DINAPOLI_REFERENCE_MACD,MULTITF_INDICATOR_PARAMETER_SEARCH_V2,SINGLE_FAMILY_SINGLE_PRIMITIVE,0.42492854813119507,0.48560195805693357,1313,413,STABLE_POSITIVE_FOLDS,STABLE_POSITIVE,NORMAL,NORMAL,STABLE_POSITIVE
MACD|DINAPOLI_MACD_REFERENCE_V1|MACD_CROSS_UP_SIGNAL|MACD_CROSS_DOWN_SIGNAL|2H|DOWN,MACD,DINAPOLI_REFERENCE_MACD,DINAPOLI_MACD_REFERENCE_V1,"{'fast_alpha': 0.213, 'slow_alpha': 0.108, 'signal_alpha': 0.199, 'fast_period_equiv': 8.3896, 'slow_period_equiv': 17.5185, 'signal_period_equiv': 9.0503, 'display_shift': 0, 'formula_version': 'DINAPOLI_MACD_REFERENCE_V1', 'causal_semantics': 'CLOSED_CANDLE', 'source_engine': 'INDICATOR_ENGINE_V1', 'reference_status': 'DINAPOLI_REFERENCE_IMPLEMENTATION', 'preset_class': 'DINAPOLI_REFERENCE', 'implementation_name': 'DINAPOLI_REFERENCE_MACD', 'init_convention': 'alpha_ema_seed_close0_signal_seed_macd0'}",2H,DOWN,MACD_CROSS_DOWN_SIGNAL,MACD_CROSS_UP_SIGNAL,MACD_CROSS_DOWN_SIGNAL,DINAPOLI_REFERENCE_IMPLEMENTATION,True,DINAPOLI_REFERENCE_MACD,MULTITF_INDICATOR_PARAMETER_SEARCH_V2,SINGLE_FAMILY_SINGLE_PRIMITIVE,0.42252699969880814,0.552746783630626,635,193,STABLE_POSITIVE_FOLDS,STABLE_POSITIVE,NORMAL,NORMAL,STABLE_POSITIVE
MACD|DINAPOLI_MACD_REFERENCE_V1|MACD_CROSS_UP_SIGNAL|MACD_CROSS_DOWN_SIGNAL|2H|UP,MACD,DINAPOLI_REFERENCE_MACD,DINAPOLI_MACD_REFERENCE_V1,"{'fast_alpha': 0.213, 'slow_alpha': 0.108, 'signal_alpha': 0.199, 'fast_period_equiv': 8.3896, 'slow_period_equiv': 17.5185, 'signal_period_equiv': 9.0503, 'display_shift': 0, 'formula_version': 'DINAPOLI_MACD_REFERENCE_V1', 'causal_semantics': 'CLOSED_CANDLE', 'source_engine': 'INDICATOR_ENGINE_V1', 'reference_status': 'DINAPOLI_REFERENCE_IMPLEMENTATION', 'preset_class': 'DINAPOLI_REFERENCE', 'implementation_name': 'DINAPOLI_REFERENCE_MACD', 'init_convention': 'alpha_ema_seed_close0_signal_seed_macd0'}",2H,UP,MACD_CROSS_UP_SIGNAL,MACD_CROSS_UP_SIGNAL,MACD_CROSS_DOWN_SIGNAL,DINAPOLI_REFERENCE_IMPLEMENTATION,True,DINAPOLI_REFERENCE_MACD,MULTITF_INDICATOR_PARAMETER_SEARCH_V2,SINGLE_FAMILY_SINGLE_PRIMITIVE,0.44097030998311626,0.5498532012144264,633,194,STABLE_POSITIVE_FOLDS,STABLE_POSITIVE,NORMAL,NORMAL,STABLE_POSITIVE
MACD|DINAPOLI_MACD_REFERENCE_V1|MACD_CROSS_UP_SIGNAL|MACD_CROSS_DOWN_SIGNAL|30m|DOWN,MACD,DINAPOLI_REFERENCE_MACD,DINAPOLI_MACD_REFERENCE_V1,"{'fast_alpha': 0.213, 'slow_alpha': 0.108, 'signal_alpha': 0.199, 'fast_period_equiv': 8.3896, 'slow_period_equiv': 17.5185, 'signal_period_equiv': 9.0503, 'display_shift': 0, 'formula_version': 'DINAPOLI_MACD_REFERENCE_V1', 'causal_semantics': 'CLOSED_CANDLE', 'source_engine': 'INDICATOR_ENGINE_V1', 'reference_status': 'DINAPOLI_REFERENCE_IMPLEMENTATION', 'preset_class': 'DINAPOLI_REFERENCE', 'implementation_name': 'DINAPOLI_REFERENCE_MACD', 'init_convention': 'alpha_ema_seed_close0_signal_seed_macd0'}",30m,DOWN,MACD_CROSS_DOWN_SIGNAL,MACD_CROSS_UP_SIGNAL,MACD_CROSS_DOWN_SIGNAL,DINAPOLI_REFERENCE_IMPLEMENTATION,True,DINAPOLI_REFERENCE_MACD,MULTITF_INDICATOR_PARAMETER_SEARCH_V2,SINGLE_FAMILY_SINGLE_PRIMITIVE,0.020781123571323622,0.02786479076037008,2631,859,STABLE_POSITIVE_FOLDS,STABLE_POSITIVE,NORMAL,NORMAL,STABLE_POSITIVE
MACD|DINAPOLI_MACD_REFERENCE_V1|MACD_CROSS_UP_SIGNAL|MACD_CROSS_DOWN_SIGNAL|30m|UP,MACD,DINAPOLI_REFERENCE_MACD,DINAPOLI_MACD_REFERENCE_V1,"{'fast_alpha': 0.213, 'slow_alpha': 0.108, 'signal_alpha': 0.199, 'fast_period_equiv': 8.3896, 'slow_period_equiv': 17.5185, 'signal_period_equiv': 9.0503, 'display_shift': 0, 'formula_version': 'DINAPOLI_MACD_REFERENCE_V1', 'causal_semantics': 'CLOSED_CANDLE', 'source_engine': 'INDICATOR_ENGINE_V1', 'reference_status': 'DINAPOLI_REFERENCE_IMPLEMENTATION', 'preset_class': 'DINAPOLI_REFERENCE', 'implementation_name': 'DINAPOLI_REFERENCE_MACD', 'init_convention': 'alpha_ema_seed_close0_signal_seed_macd0'}",30m,UP,MACD_CROSS_UP_SIGNAL,MACD_CROSS_UP_SIGNAL,MACD_CROSS_DOWN_SIGNAL,DINAPOLI_REFERENCE_IMPLEMENTATION,True,DINAPOLI_REFERENCE_MACD,MULTITF_INDICATOR_PARAMETER_SEARCH_V2,SINGLE_FAMILY_SINGLE_PRIMITIVE,0.021923274030900154,0.03495524714704009,2631,857,STABLE_POSITIVE_FOLDS,STABLE_POSITIVE,NORMAL,NORMAL,STABLE_POSITIVE
MACD|DINAPOLI_MACD_REFERENCE_V1|MACD_CROSS_UP_SIGNAL|MACD_CROSS_DOWN_SIGNAL|4H|DOWN,MACD,DINAPOLI_REFERENCE_MACD,DINAPOLI_MACD_REFERENCE_V1,"{'fast_alpha': 0.213, 'slow_alpha': 0.108, 'signal_alpha': 0.199, 'fast_period_equiv': 8.3896, 'slow_period_equiv': 17.5185, 'signal_period_equiv': 9.0503, 'display_shift': 0, 'formula_version': 'DINAPOLI_MACD_REFERENCE_V1', 'causal_semantics': 'CLOSED_CANDLE', 'source_engine': 'INDICATOR_ENGINE_V1', 'reference_status': 'DINAPOLI_REFERENCE_IMPLEMENTATION', 'preset_class': 'DINAPOLI_REFERENCE', 'implementation_name': 'DINAPOLI_REFERENCE_MACD', 'init_convention': 'alpha_ema_seed_close0_signal_seed_macd0'}",4H,DOWN,MACD_CROSS_DOWN_SIGNAL,MACD_CROSS_UP_SIGNAL,MACD_CROSS_DOWN_SIGNAL,DINAPOLI_REFERENCE_IMPLEMENTATION,True,DINAPOLI_REFERENCE_MACD,MULTITF_INDICATOR_PARAMETER_SEARCH_V2,SINGLE_FAMILY_SINGLE_PRIMITIVE,0.41048420518459006,0.4540043290043291,325,99,STABLE_POSITIVE_FOLDS,STABLE_POSITIVE,NORMAL,LOW_SAMPLE,STABLE_POSITIVE
MACD|DINAPOLI_MACD_REFERENCE_V1|MACD_CROSS_UP_SIGNAL|MACD_CROSS_DOWN_SIGNAL|4H|UP,MACD,DINAPOLI_REFERENCE_MACD,DINAPOLI_MACD_REFERENCE_V1,"{'fast_alpha': 0.213, 'slow_alpha': 0.108, 'signal_alpha': 0.199, 'fast_period_equiv': 8.3896, 'slow_period_equiv': 17.5185, 'signal_period_equiv': 9.0503, 'display_shift': 0, 'formula_version': 'DINAPOLI_MACD_REFERENCE_V1', 'causal_semantics': 'CLOSED_CANDLE', 'source_engine': 'INDICATOR_ENGINE_V1', 'reference_status': 'DINAPOLI_REFERENCE_IMPLEMENTATION', 'preset_class': 'DINAPOLI_REFERENCE', 'implementation_name': 'DINAPOLI_REFERENCE_MACD', 'init_convention': 'alpha_ema_seed_close0_signal_seed_macd0'}",4H,UP,MACD_CROSS_UP_SIGNAL,MACD_CROSS_UP_SIGNAL,MACD_CROSS_DOWN_SIGNAL,DINAPOLI_REFERENCE_IMPLEMENTATION,True,DINAPOLI_REFERENCE_MACD,MULTITF_INDICATOR_PARAMETER_SEARCH_V2,SINGLE_FAMILY_SINGLE_PRIMITIVE,0.4192962446669201,0.5026853904902686,325,99,STABLE_POSITIVE_FOLDS,STABLE_POSITIVE,NORMAL,LOW_SAMPLE,STABLE_POSITIVE
MACD|DINAPOLI_MACD_REFERENCE_V1|MACD_CROSS_UP_SIGNAL|MACD_CROSS_DOWN_SIGNAL|5m|DOWN,MACD,DINAPOLI_REFERENCE_MACD,DINAPOLI_MACD_REFERENCE_V1,"{'fast_alpha': 0.213, 'slow_alpha': 0.108, 'signal_alpha': 0.199, 'fast_period_equiv': 8.3896, 'slow_period_equiv': 17.5185, 'signal_period_equiv': 9.0503, 'display_shift': 0, 'formula_version': 'DINAPOLI_MACD_REFERENCE_V1', 'causal_semantics': 'CLOSED_CANDLE', 'source_engine': 'INDICATOR_ENGINE_V1', 'reference_status': 'DINAPOLI_REFERENCE_IMPLEMENTATION', 'preset_class': 'DINAPOLI_REFERENCE', 'implementation_name': 'DINAPOLI_REFERENCE_MACD', 'init_convention': 'alpha_ema_seed_close0_signal_seed_macd0'}",5m,DOWN,MACD_CROSS_DOWN_SIGNAL,MACD_CROSS_UP_SIGNAL,MACD_CROSS_DOWN_SIGNAL,DINAPOLI_REFERENCE_IMPLEMENTATION,True,DINAPOLI_REFERENCE_MACD,MULTITF_INDICATOR_PARAMETER_SEARCH_V2,SINGLE_FAMILY_SINGLE_PRIMITIVE,0.0,0.004790141441142787,16215,5398,UNSTABLE_DISCOVERY,WEAK_POSITIVE,NORMAL,NORMAL,WEAK_POSITIVE
MACD|DINAPOLI_MACD_REFERENCE_V1|MACD_CROSS_UP_SIGNAL|MACD_CROSS_DOWN_SIGNAL|5m|UP,MACD,DINAPOLI_REFERENCE_MACD,DINAPOLI_MACD_REFERENCE_V1,"{'fast_alpha': 0.213, 'slow_alpha': 0.108, 'signal_alpha': 0.199, 'fast_period_equiv': 8.3896, 'slow_period_equiv': 17.5185, 'signal_period_equiv': 9.0503, 'display_shift': 0, 'formula_version': 'DINAPOLI_MACD_REFERENCE_V1', 'causal_semantics': 'CLOSED_CANDLE', 'source_engine': 'INDICATOR_ENGINE_V1', 'reference_status': 'DINAPOLI_REFERENCE_IMPLEMENTATION', 'preset_class': 'DINAPOLI_REFERENCE', 'implementation_name': 'DINAPOLI_REFERENCE_MACD', 'init_convention': 'alpha_ema_seed_close0_signal_seed_macd0'}",5m,UP,MACD_CROSS_UP_SIGNAL,MACD_CROSS_UP_SIGNAL,MACD_CROSS_DOWN_SIGNAL,DINAPOLI_REFERENCE_IMPLEMENTATION,True,DINAPOLI_REFERENCE_MACD,MULTITF_INDICATOR_PARAMETER_SEARCH_V2,SINGLE_FAMILY_SINGLE_PRIMITIVE,0.0,0.0049393267115365016,16215,5399,UNSTABLE_DISCOVERY,WEAK_POSITIVE,NORMAL,NORMAL,WEAK_POSITIVE
MACD|DINAPOLI_MACD_REFERENCE_V1|MACD_CROSS_UP_SIGNAL|MACD_CROSS_DOWN_SIGNAL|6H|DOWN,MACD,DINAPOLI_REFERENCE_MACD,DINAPOLI_MACD_REFERENCE_V1,"{'fast_alpha': 0.213, 'slow_alpha': 0.108, 'signal_alpha': 0.199, 'fast_period_equiv': 8.3896, 'slow_period_equiv': 17.5185, 'signal_period_equiv': 9.0503, 'display_shift': 0, 'formula_version': 'DINAPOLI_MACD_REFERENCE_V1', 'causal_semantics': 'CLOSED_CANDLE', 'source_engine': 'INDICATOR_ENGINE_V1', 'reference_status': 'DINAPOLI_REFERENCE_IMPLEMENTATION', 'preset_class': 'DINAPOLI_REFERENCE', 'implementation_name': 'DINAPOLI_REFERENCE_MACD', 'init_convention': 'alpha_ema_seed_close0_signal_seed_macd0'}",6H,DOWN,MACD_CROSS_DOWN_SIGNAL,MACD_CROSS_UP_SIGNAL,MACD_CROSS_DOWN_SIGNAL,DINAPOLI_REFERENCE_IMPLEMENTATION,True,DINAPOLI_REFERENCE_MACD,MULTITF_INDICATOR_PARAMETER_SEARCH_V2,SINGLE_FAMILY_SINGLE_PRIMITIVE,0.36774884957247883,0.36867064973861097,221,65,STABLE_POSITIVE_FOLDS,STABLE_POSITIVE,NORMAL,LOW_SAMPLE,STABLE_POSITIVE
MACD|DINAPOLI_MACD_REFERENCE_V1|MACD_CROSS_UP_SIGNAL|MACD_CROSS_DOWN_SIGNAL|6H|UP,MACD,DINAPOLI_REFERENCE_MACD,DINAPOLI_MACD_REFERENCE_V1,"{'fast_alpha': 0.213, 'slow_alpha': 0.108, 'signal_alpha': 0.199, 'fast_period_equiv': 8.3896, 'slow_period_equiv': 17.5185, 'signal_period_equiv': 9.0503, 'display_shift': 0, 'formula_version': 'DINAPOLI_MACD_REFERENCE_V1', 'causal_semantics': 'CLOSED_CANDLE', 'source_engine': 'INDICATOR_ENGINE_V1', 'reference_status': 'DINAPOLI_REFERENCE_IMPLEMENTATION', 'preset_class': 'DINAPOLI_REFERENCE', 'implementation_name': 'DINAPOLI_REFERENCE_MACD', 'init_convention': 'alpha_ema_seed_close0_signal_seed_macd0'}",6H,UP,MACD_CROSS_UP_SIGNAL,MACD_CROSS_UP_SIGNAL,MACD_CROSS_DOWN_SIGNAL,DINAPOLI_REFERENCE_IMPLEMENTATION,True,DINAPOLI_REFERENCE_MACD,MULTITF_INDICATOR_PARAMETER_SEARCH_V2,SINGLE_FAMILY_SINGLE_PRIMITIVE,0.3844310089191743,0.4093115622241836,221,66,STABLE_POSITIVE_FOLDS,STABLE_POSITIVE,NORMAL,LOW_SAMPLE,STABLE_POSITIVE
MACD|DINAPOLI_MACD_REFERENCE_V1|MACD_CROSS_UP_SIGNAL|MACD_CROSS_DOWN_SIGNAL|8H|DOWN,MACD,DINAPOLI_REFERENCE_MACD,DINAPOLI_MACD_REFERENCE_V1,"{'fast_alpha': 0.213, 'slow_alpha': 0.108, 'signal_alpha': 0.199, 'fast_period_equiv': 8.3896, 'slow_period_equiv': 17.5185, 'signal_period_equiv': 9.0503, 'display_shift': 0, 'formula_version': 'DINAPOLI_MACD_REFERENCE_V1', 'causal_semantics': 'CLOSED_CANDLE', 'source_engine': 'INDICATOR_ENGINE_V1', 'reference_status': 'DINAPOLI_REFERENCE_IMPLEMENTATION', 'preset_class': 'DINAPOLI_REFERENCE', 'implementation_name': 'DINAPOLI_REFERENCE_MACD', 'init_convention': 'alpha_ema_seed_close0_signal_seed_macd0'}",8H,DOWN,MACD_CROSS_DOWN_SIGNAL,MACD_CROSS_UP_SIGNAL,MACD_CROSS_DOWN_SIGNAL,DINAPOLI_REFERENCE_IMPLEMENTATION,True,DINAPOLI_REFERENCE_MACD,MULTITF_INDICATOR_PARAMETER_SEARCH_V2,SINGLE_FAMILY_SINGLE_PRIMITIVE,0.338860612816639,0.4139065069297628,158,43,STABLE_POSITIVE_FOLDS,STABLE_POSITIVE,NORMAL,LOW_SAMPLE,STABLE_POSITIVE
MACD|DINAPOLI_MACD_REFERENCE_V1|MACD_CROSS_UP_SIGNAL|MACD_CROSS_DOWN_SIGNAL|8H|UP,MACD,DINAPOLI_REFERENCE_MACD,DINAPOLI_MACD_REFERENCE_V1,"{'fast_alpha': 0.213, 'slow_alpha': 0.108, 'signal_alpha': 0.199, 'fast_period_equiv': 8.3896, 'slow_period_equiv': 17.5185, 'signal_period_equiv': 9.0503, 'display_shift': 0, 'formula_version': 'DINAPOLI_MACD_REFERENCE_V1', 'causal_semantics': 'CLOSED_CANDLE', 'source_engine': 'INDICATOR_ENGINE_V1', 'reference_status': 'DINAPOLI_REFERENCE_IMPLEMENTATION', 'preset_class': 'DINAPOLI_REFERENCE', 'implementation_name': 'DINAPOLI_REFERENCE_MACD', 'init_convention': 'alpha_ema_seed_close0_signal_seed_macd0'}",8H,UP,MACD_CROSS_UP_SIGNAL,MACD_CROSS_UP_SIGNAL,MACD_CROSS_DOWN_SIGNAL,DINAPOLI_REFERENCE_IMPLEMENTATION,True,DINAPOLI_REFERENCE_MACD,MULTITF_INDICATOR_PARAMETER_SEARCH_V2,SINGLE_FAMILY_SINGLE_PRIMITIVE,0.3968359282849728,0.44981696156192796,157,44,STABLE_POSITIVE_FOLDS,STABLE_POSITIVE,NORMAL,LOW_SAMPLE,STABLE_POSITIVE
MACD|DISPLACED_MACD_12_26_9_SHIFT2_V1|HIST_CROSS_UP_ZERO|HIST_CROSS_DOWN_ZERO|12H|UP,MACD,PROJECT_DISPLACED_MACD,DISPLACED_MACD_12_26_9_SHIFT2_V1,"{'fast': 12, 'slow': 26, 'signal': 9, 'display_shift': 2, 'formula_version': 'MACD_CANONICAL_V1', 'causal_semantics': 'CLOSED_CANDLE', 'source_engine': 'INDICATOR_ENGINE_V1', 'reference_status': 'PROJECT_RESEARCH', 'preset_class': 'PROJECT_DISPLACED_MACD', 'implementation_name': 'PROJECT_DISPLACED_MACD'}",12H,UP,HIST_CROSS_UP_ZERO,HIST_CROSS_UP_ZERO,HIST_CROSS_DOWN_ZERO,PROJECT_RESEARCH,False,PROJECT_DISPLACED_MACD,MULTITF_INDICATOR_PARAMETER_SEARCH_V2,SINGLE_FAMILY_SINGLE_PRIMITIVE,0.39514626043270396,0.3470588235294117,86,30,STABLE_POSITIVE_FOLDS,STABLE_POSITIVE,LOW_SAMPLE,LOW_SAMPLE,STABLE_POSITIVE
MACD|DISPLACED_MACD_12_26_9_SHIFT2_V1|HIST_CROSS_UP_ZERO|HIST_CROSS_DOWN_ZERO|15m|DOWN,MACD,PROJECT_DISPLACED_MACD,DISPLACED_MACD_12_26_9_SHIFT2_V1,"{'fast': 12, 'slow': 26, 'signal': 9, 'display_shift': 2, 'formula_version': 'MACD_CANONICAL_V1', 'causal_semantics': 'CLOSED_CANDLE', 'source_engine': 'INDICATOR_ENGINE_V1', 'reference_status': 'PROJECT_RESEARCH', 'preset_class': 'PROJECT_DISPLACED_MACD', 'implementation_name': 'PROJECT_DISPLACED_MACD'}",15m,DOWN,HIST_CROSS_DOWN_ZERO,HIST_CROSS_UP_ZERO,HIST_CROSS_DOWN_ZERO,PROJECT_RESEARCH,False,PROJECT_DISPLACED_MACD,MULTITF_INDICATOR_PARAMETER_SEARCH_V2,SINGLE_FAMILY_SINGLE_PRIMITIVE,0.013096400756599971,0.03949821405127416,4242,1401,STABLE_POSITIVE_FOLDS,WEAK_POSITIVE,NORMAL,NORMAL,WEAK_POSITIVE
MACD|DISPLACED_MACD_12_26_9_SHIFT2_V1|HIST_CROSS_UP_ZERO|HIST_CROSS_DOWN_ZERO|15m|UP,MACD,PROJECT_DISPLACED_MACD,DISPLACED_MACD_12_26_9_SHIFT2_V1,"{'fast': 12, 'slow': 26, 'signal': 9, 'display_shift': 2, 'formula_version': 'MACD_CANONICAL_V1', 'causal_semantics': 'CLOSED_CANDLE', 'source_engine': 'INDICATOR_ENGINE_V1', 'reference_status': 'PROJECT_RESEARCH', 'preset_class': 'PROJECT_DISPLACED_MACD', 'implementation_name': 'PROJECT_DISPLACED_MACD'}",15m,UP,HIST_CROSS_UP_ZERO,HIST_CROSS_UP_ZERO,HIST_CROSS_DOWN_ZERO,PROJECT_RESEARCH,False,PROJECT_DISPLACED_MACD,MULTITF_INDICATOR_PARAMETER_SEARCH_V2,SINGLE_FAMILY_SINGLE_PRIMITIVE,0.01332090692604843,0.03879086909676141,4245,1401,STABLE_POSITIVE_FOLDS,WEAK_POSITIVE,NORMAL,NORMAL,WEAK_POSITIVE
MACD|DISPLACED_MACD_12_26_9_SHIFT2_V1|HIST_CROSS_UP_ZERO|HIST_CROSS_DOWN_ZERO|1H|DOWN,MACD,PROJECT_DISPLACED_MACD,DISPLACED_MACD_12_26_9_SHIFT2_V1,"{'fast': 12, 'slow': 26, 'signal': 9, 'display_shift': 2, 'formula_version': 'MACD_CANONICAL_V1', 'causal_semantics': 'CLOSED_CANDLE', 'source_engine': 'INDICATOR_ENGINE_V1', 'reference_status': 'PROJECT_RESEARCH', 'preset_class': 'PROJECT_DISPLACED_MACD', 'implementation_name': 'PROJECT_DISPLACED_MACD'}",1H,DOWN,HIST_CROSS_DOWN_ZERO,HIST_CROSS_UP_ZERO,HIST_CROSS_DOWN_ZERO,PROJECT_RESEARCH,False,PROJECT_DISPLACED_MACD,MULTITF_INDICATOR_PARAMETER_SEARCH_V2,SINGLE_FAMILY_SINGLE_PRIMITIVE,0.47046501885211567,0.4850473182858944,1023,323,STABLE_POSITIVE_FOLDS,STABLE_POSITIVE,NORMAL,NORMAL,STABLE_POSITIVE
MACD|DISPLACED_MACD_12_26_9_SHIFT2_V1|HIST_CROSS_UP_ZERO|HIST_CROSS_DOWN_ZERO|1H|UP,MACD,PROJECT_DISPLACED_MACD,DISPLACED_MACD_12_26_9_SHIFT2_V1,"{'fast': 12, 'slow': 26, 'signal': 9, 'display_shift': 2, 'formula_version': 'MACD_CANONICAL_V1', 'causal_semantics': 'CLOSED_CANDLE', 'source_engine': 'INDICATOR_ENGINE_V1', 'reference_status': 'PROJECT_RESEARCH', 'preset_class': 'PROJECT_DISPLACED_MACD', 'implementation_name': 'PROJECT_DISPLACED_MACD'}",1H,UP,HIST_CROSS_UP_ZERO,HIST_CROSS_UP_ZERO,HIST_CROSS_DOWN_ZERO,PROJECT_RESEARCH,False,PROJECT_DISPLACED_MACD,MULTITF_INDICATOR_PARAMETER_SEARCH_V2,SINGLE_FAMILY_SINGLE_PRIMITIVE,0.4860216097255726,0.5533537291985353,1027,324,STABLE_POSITIVE_FOLDS,STABLE_POSITIVE,NORMAL,NORMAL,STABLE_POSITIVE
MACD|DISPLACED_MACD_12_26_9_SHIFT2_V1|HIST_CROSS_UP_ZERO|HIST_CROSS_DOWN_ZERO|2H|DOWN,MACD,PROJECT_DISPLACED_MACD,DISPLACED_MACD_12_26_9_SHIFT2_V1,"{'fast': 12, 'slow': 26, 'signal': 9, 'display_shift': 2, 'formula_version': 'MACD_CANONICAL_V1', 'causal_semantics': 'CLOSED_CANDLE', 'source_engine': 'INDICATOR_ENGINE_V1', 'reference_status': 'PROJECT_RESEARCH', 'preset_class': 'PROJECT_DISPLACED_MACD', 'implementation_name': 'PROJECT_DISPLACED_MACD'}",2H,DOWN,HIST_CROSS_DOWN_ZERO,HIST_CROSS_UP_ZERO,HIST_CROSS_DOWN_ZERO,PROJECT_RESEARCH,False,PROJECT_DISPLACED_MACD,MULTITF_INDICATOR_PARAMETER_SEARCH_V2,SINGLE_FAMILY_SINGLE_PRIMITIVE,0.4917691256830601,0.5774385828087572,480,145,STABLE_POSITIVE_FOLDS,STABLE_POSITIVE,NORMAL,NORMAL,STABLE_POSITIVE
MACD|DISPLACED_MACD_12_26_9_SHIFT2_V1|HIST_CROSS_UP_ZERO|HIST_CROSS_DOWN_ZERO|2H|UP,MACD,PROJECT_DISPLACED_MACD,DISPLACED_MACD_12_26_9_SHIFT2_V1,"{'fast': 12, 'slow': 26, 'signal': 9, 'display_shift': 2, 'formula_version': 'MACD_CANONICAL_V1', 'causal_semantics': 'CLOSED_CANDLE', 'source_engine': 'INDICATOR_ENGINE_V1', 'reference_status': 'PROJECT_RESEARCH', 'preset_class': 'PROJECT_DISPLACED_MACD', 'implementation_name': 'PROJECT_DISPLACED_MACD'}",2H,UP,HIST_CROSS_UP_ZERO,HIST_CROSS_UP_ZERO,HIST_CROSS_DOWN_ZERO,PROJECT_RESEARCH,False,PROJECT_DISPLACED_MACD,MULTITF_INDICATOR_PARAMETER_SEARCH_V2,SINGLE_FAMILY_SINGLE_PRIMITIVE,0.5104111740362074,0.6401127106349738,478,145,STABLE_POSITIVE_FOLDS,STABLE_POSITIVE,NORMAL,NORMAL,STABLE_POSITIVE
MACD|DISPLACED_MACD_12_26_9_SHIFT2_V1|HIST_CROSS_UP_ZERO|HIST_CROSS_DOWN_ZERO|30m|DOWN,MACD,PROJECT_DISPLACED_MACD,DISPLACED_MACD_12_26_9_SHIFT2_V1,"{'fast': 12, 'slow': 26, 'signal': 9, 'display_shift': 2, 'formula_version': 'MACD_CANONICAL_V1', 'causal_semantics': 'CLOSED_CANDLE', 'source_engine': 'INDICATOR_ENGINE_V1', 'reference_status': 'PROJECT_RESEARCH', 'preset_class': 'PROJECT_DISPLACED_MACD', 'implementation_name': 'PROJECT_DISPLACED_MACD'}",30m,DOWN,HIST_CROSS_DOWN_ZERO,HIST_CROSS_UP_ZERO,HIST_CROSS_DOWN_ZERO,PROJECT_RESEARCH,False,PROJECT_DISPLACED_MACD,MULTITF_INDICATOR_PARAMETER_SEARCH_V2,SINGLE_FAMILY_SINGLE_PRIMITIVE,0.02745327359236889,0.03306071945919846,2067,654,STABLE_POSITIVE_FOLDS,STABLE_POSITIVE,NORMAL,NORMAL,STABLE_POSITIVE
MACD|DISPLACED_MACD_12_26_9_SHIFT2_V1|HIST_CROSS_UP_ZERO|HIST_CROSS_DOWN_ZERO|30m|UP,MACD,PROJECT_DISPLACED_MACD,DISPLACED_MACD_12_26_9_SHIFT2_V1,"{'fast': 12, 'slow': 26, 'signal': 9, 'display_shift': 2, 'formula_version': 'MACD_CANONICAL_V1', 'causal_semantics': 'CLOSED_CANDLE', 'source_engine': 'INDICATOR_ENGINE_V1', 'reference_status': 'PROJECT_RESEARCH', 'preset_class': 'PROJECT_DISPLACED_MACD', 'implementation_name': 'PROJECT_DISPLACED_MACD'}",30m,UP,HIST_CROSS_UP_ZERO,HIST_CROSS_UP_ZERO,HIST_CROSS_DOWN_ZERO,PROJECT_RESEARCH,False,PROJECT_DISPLACED_MACD,MULTITF_INDICATOR_PARAMETER_SEARCH_V2,SINGLE_FAMILY_SINGLE_PRIMITIVE,0.026971380260134157,0.045380159721800505,2067,653,STABLE_POSITIVE_FOLDS,STABLE_POSITIVE,NORMAL,NORMAL,STABLE_POSITIVE
MACD|DISPLACED_MACD_12_26_9_SHIFT2_V1|HIST_CROSS_UP_ZERO|HIST_CROSS_DOWN_ZERO|4H|DOWN,MACD,PROJECT_DISPLACED_MACD,DISPLACED_MACD_12_26_9_SHIFT2_V1,"{'fast': 12, 'slow': 26, 'signal': 9, 'display_shift': 2, 'formula_version': 'MACD_CANONICAL_V1', 'causal_semantics': 'CLOSED_CANDLE', 'source_engine': 'INDICATOR_ENGINE_V1', 'reference_status': 'PROJECT_RESEARCH', 'preset_class': 'PROJECT_DISPLACED_MACD', 'implementation_name': 'PROJECT_DISPLACED_MACD'}",4H,DOWN,HIST_CROSS_DOWN_ZERO,HIST_CROSS_UP_ZERO,HIST_CROSS_DOWN_ZERO,PROJECT_RESEARCH,False,PROJECT_DISPLACED_MACD,MULTITF_INDICATOR_PARAMETER_SEARCH_V2,SINGLE_FAMILY_SINGLE_PRIMITIVE,0.44729117180287736,0.5078763828763829,265,81,STABLE_POSITIVE_FOLDS,STABLE_POSITIVE,NORMAL,LOW_SAMPLE,STABLE_POSITIVE
MACD|DISPLACED_MACD_12_26_9_SHIFT2_V1|HIST_CROSS_UP_ZERO|HIST_CROSS_DOWN_ZERO|4H|UP,MACD,PROJECT_DISPLACED_MACD,DISPLACED_MACD_12_26_9_SHIFT2_V1,"{'fast': 12, 'slow': 26, 'signal': 9, 'display_shift': 2, 'formula_version': 'MACD_CANONICAL_V1', 'causal_semantics': 'CLOSED_CANDLE', 'source_engine': 'INDICATOR_ENGINE_V1', 'reference_status': 'PROJECT_RESEARCH', 'preset_class': 'PROJECT_DISPLACED_MACD', 'implementation_name': 'PROJECT_DISPLACED_MACD'}",4H,UP,HIST_CROSS_UP_ZERO,HIST_CROSS_UP_ZERO,HIST_CROSS_DOWN_ZERO,PROJECT_RESEARCH,False,PROJECT_DISPLACED_MACD,MULTITF_INDICATOR_PARAMETER_SEARCH_V2,SINGLE_FAMILY_SINGLE_PRIMITIVE,0.40715049567906586,0.4983739837398374,266,82,STABLE_POSITIVE_FOLDS,STABLE_POSITIVE,NORMAL,LOW_SAMPLE,STABLE_POSITIVE
MACD|DISPLACED_MACD_12_26_9_SHIFT2_V1|HIST_CROSS_UP_ZERO|HIST_CROSS_DOWN_ZERO|5m|DOWN,MACD,PROJECT_DISPLACED_MACD,DISPLACED_MACD_12_26_9_SHIFT2_V1,"{'fast': 12, 'slow': 26, 'signal': 9, 'display_shift': 2, 'formula_version': 'MACD_CANONICAL_V1', 'causal_semantics': 'CLOSED_CANDLE', 'source_engine': 'INDICATOR_ENGINE_V1', 'reference_status': 'PROJECT_RESEARCH', 'preset_class': 'PROJECT_DISPLACED_MACD', 'implementation_name': 'PROJECT_DISPLACED_MACD'}",5m,DOWN,HIST_CROSS_DOWN_ZERO,HIST_CROSS_UP_ZERO,HIST_CROSS_DOWN_ZERO,PROJECT_RESEARCH,False,PROJECT_DISPLACED_MACD,MULTITF_INDICATOR_PARAMETER_SEARCH_V2,SINGLE_FAMILY_SINGLE_PRIMITIVE,0.0,0.005803250826266487,12948,4322,UNSTABLE_DISCOVERY,WEAK_POSITIVE,NORMAL,NORMAL,WEAK_POSITIVE
MACD|DISPLACED_MACD_12_26_9_SHIFT2_V1|HIST_CROSS_UP_ZERO|HIST_CROSS_DOWN_ZERO|5m|UP,MACD,PROJECT_DISPLACED_MACD,DISPLACED_MACD_12_26_9_SHIFT2_V1,"{'fast': 12, 'slow': 26, 'signal': 9, 'display_shift': 2, 'formula_version': 'MACD_CANONICAL_V1', 'causal_semantics': 'CLOSED_CANDLE', 'source_engine': 'INDICATOR_ENGINE_V1', 'reference_status': 'PROJECT_RESEARCH', 'preset_class': 'PROJECT_DISPLACED_MACD', 'implementation_name': 'PROJECT_DISPLACED_MACD'}",5m,UP,HIST_CROSS_UP_ZERO,HIST_CROSS_UP_ZERO,HIST_CROSS_DOWN_ZERO,PROJECT_RESEARCH,False,PROJECT_DISPLACED_MACD,MULTITF_INDICATOR_PARAMETER_SEARCH_V2,SINGLE_FAMILY_SINGLE_PRIMITIVE,0.0,0.006231063342628056,12946,4322,UNSTABLE_DISCOVERY,WEAK_POSITIVE,NORMAL,NORMAL,WEAK_POSITIVE
MACD|DISPLACED_MACD_12_26_9_SHIFT2_V1|HIST_CROSS_UP_ZERO|HIST_CROSS_DOWN_ZERO|6H|UP,MACD,PROJECT_DISPLACED_MACD,DISPLACED_MACD_12_26_9_SHIFT2_V1,"{'fast': 12, 'slow': 26, 'signal': 9, 'display_shift': 2, 'formula_version': 'MACD_CANONICAL_V1', 'causal_semantics': 'CLOSED_CANDLE', 'source_engine': 'INDICATOR_ENGINE_V1', 'reference_status': 'PROJECT_RESEARCH', 'preset_class': 'PROJECT_DISPLACED_MACD', 'implementation_name': 'PROJECT_DISPLACED_MACD'}",6H,UP,HIST_CROSS_UP_ZERO,HIST_CROSS_UP_ZERO,HIST_CROSS_DOWN_ZERO,PROJECT_RESEARCH,False,PROJECT_DISPLACED_MACD,MULTITF_INDICATOR_PARAMETER_SEARCH_V2,SINGLE_FAMILY_SINGLE_PRIMITIVE,0.3975531808648756,0.5118260689940095,170,47,STABLE_POSITIVE_FOLDS,STABLE_POSITIVE,NORMAL,LOW_SAMPLE,STABLE_POSITIVE
MACD|DISPLACED_MACD_12_26_9_SHIFT2_V1|HIST_CROSS_UP_ZERO|HIST_CROSS_DOWN_ZERO|8H|UP,MACD,PROJECT_DISPLACED_MACD,DISPLACED_MACD_12_26_9_SHIFT2_V1,"{'fast': 12, 'slow': 26, 'signal': 9, 'display_shift': 2, 'formula_version': 'MACD_CANONICAL_V1', 'causal_semantics': 'CLOSED_CANDLE', 'source_engine': 'INDICATOR_ENGINE_V1', 'reference_status': 'PROJECT_RESEARCH', 'preset_class': 'PROJECT_DISPLACED_MACD', 'implementation_name': 'PROJECT_DISPLACED_MACD'}",8H,UP,HIST_CROSS_UP_ZERO,HIST_CROSS_UP_ZERO,HIST_CROSS_DOWN_ZERO,PROJECT_RESEARCH,False,PROJECT_DISPLACED_MACD,MULTITF_INDICATOR_PARAMETER_SEARCH_V2,SINGLE_FAMILY_SINGLE_PRIMITIVE,0.42216435185185186,0.3293624161073826,128,40,STABLE_POSITIVE_FOLDS,STABLE_POSITIVE,NORMAL,LOW_SAMPLE,STABLE_POSITIVE
MACD|DISPLACED_MACD_12_26_9_SHIFT2_V1|MACD_CROSS_UP_SIGNAL|MACD_CROSS_DOWN_SIGNAL|5m|DOWN,MACD,PROJECT_DISPLACED_MACD,DISPLACED_MACD_12_26_9_SHIFT2_V1,"{'fast': 12, 'slow': 26, 'signal': 9, 'display_shift': 2, 'formula_version': 'MACD_CANONICAL_V1', 'causal_semantics': 'CLOSED_CANDLE', 'source_engine': 'INDICATOR_ENGINE_V1', 'reference_status': 'PROJECT_RESEARCH', 'preset_class': 'PROJECT_DISPLACED_MACD', 'implementation_name': 'PROJECT_DISPLACED_MACD'}",5m,DOWN,MACD_CROSS_DOWN_SIGNAL,MACD_CROSS_UP_SIGNAL,MACD_CROSS_DOWN_SIGNAL,PROJECT_RESEARCH,False,PROJECT_DISPLACED_MACD,MULTITF_INDICATOR_PARAMETER_SEARCH_V2,SINGLE_FAMILY_SINGLE_PRIMITIVE,0.0,0.005803250826266487,12948,4322,UNSTABLE_DISCOVERY,WEAK_POSITIVE,NORMAL,NORMAL,WEAK_POSITIVE
MACD|DISPLACED_MACD_12_26_9_SHIFT2_V1|MACD_CROSS_UP_SIGNAL|MACD_CROSS_DOWN_SIGNAL|5m|UP,MACD,PROJECT_DISPLACED_MACD,DISPLACED_MACD_12_26_9_SHIFT2_V1,"{'fast': 12, 'slow': 26, 'signal': 9, 'display_shift': 2, 'formula_version': 'MACD_CANONICAL_V1', 'causal_semantics': 'CLOSED_CANDLE', 'source_engine': 'INDICATOR_ENGINE_V1', 'reference_status': 'PROJECT_RESEARCH', 'preset_class': 'PROJECT_DISPLACED_MACD', 'implementation_name': 'PROJECT_DISPLACED_MACD'}",5m,UP,MACD_CROSS_UP_SIGNAL,MACD_CROSS_UP_SIGNAL,MACD_CROSS_DOWN_SIGNAL,PROJECT_RESEARCH,False,PROJECT_DISPLACED_MACD,MULTITF_INDICATOR_PARAMETER_SEARCH_V2,SINGLE_FAMILY_SINGLE_PRIMITIVE,0.0,0.006231063342628056,12946,4322,UNSTABLE_DISCOVERY,WEAK_POSITIVE,NORMAL,NORMAL,WEAK_POSITIVE
MACD|DISPLACED_MACD_12_26_9_SHIFT3_V1|HIST_CROSS_UP_ZERO|HIST_CROSS_DOWN_ZERO|12H|UP,MACD,PROJECT_DISPLACED_MACD,DISPLACED_MACD_12_26_9_SHIFT3_V1,"{'fast': 12, 'slow': 26, 'signal': 9, 'display_shift': 3, 'formula_version': 'MACD_CANONICAL_V1', 'causal_semantics': 'CLOSED_CANDLE', 'source_engine': 'INDICATOR_ENGINE_V1', 'reference_status': 'PROJECT_RESEARCH', 'preset_class': 'PROJECT_DISPLACED_MACD', 'implementation_name': 'PROJECT_DISPLACED_MACD'}",12H,UP,HIST_CROSS_UP_ZERO,HIST_CROSS_UP_ZERO,HIST_CROSS_DOWN_ZERO,PROJECT_RESEARCH,False,PROJECT_DISPLACED_MACD,MULTITF_INDICATOR_PARAMETER_SEARCH_V2,SINGLE_FAMILY_SINGLE_PRIMITIVE,0.39514626043270396,0.3470588235294117,86,30,STABLE_POSITIVE_FOLDS,STABLE_POSITIVE,LOW_SAMPLE,LOW_SAMPLE,STABLE_POSITIVE
MACD|DISPLACED_MACD_12_26_9_SHIFT3_V1|HIST_CROSS_UP_ZERO|HIST_CROSS_DOWN_ZERO|15m|DOWN,MACD,PROJECT_DISPLACED_MACD,DISPLACED_MACD_12_26_9_SHIFT3_V1,"{'fast': 12, 'slow': 26, 'signal': 9, 'display_shift': 3, 'formula_version': 'MACD_CANONICAL_V1', 'causal_semantics': 'CLOSED_CANDLE', 'source_engine': 'INDICATOR_ENGINE_V1', 'reference_status': 'PROJECT_RESEARCH', 'preset_class': 'PROJECT_DISPLACED_MACD', 'implementation_name': 'PROJECT_DISPLACED_MACD'}",15m,DOWN,HIST_CROSS_DOWN_ZERO,HIST_CROSS_UP_ZERO,HIST_CROSS_DOWN_ZERO,PROJECT_RESEARCH,False,PROJECT_DISPLACED_MACD,MULTITF_INDICATOR_PARAMETER_SEARCH_V2,SINGLE_FAMILY_SINGLE_PRIMITIVE,0.013096400756599971,0.03949821405127416,4242,1401,STABLE_POSITIVE_FOLDS,WEAK_POSITIVE,NORMAL,NORMAL,WEAK_POSITIVE
MACD|DISPLACED_MACD_12_26_9_SHIFT3_V1|HIST_CROSS_UP_ZERO|HIST_CROSS_DOWN_ZERO|15m|UP,MACD,PROJECT_DISPLACED_MACD,DISPLACED_MACD_12_26_9_SHIFT3_V1,"{'fast': 12, 'slow': 26, 'signal': 9, 'display_shift': 3, 'formula_version': 'MACD_CANONICAL_V1', 'causal_semantics': 'CLOSED_CANDLE', 'source_engine': 'INDICATOR_ENGINE_V1', 'reference_status': 'PROJECT_RESEARCH', 'preset_class': 'PROJECT_DISPLACED_MACD', 'implementation_name': 'PROJECT_DISPLACED_MACD'}",15m,UP,HIST_CROSS_UP_ZERO,HIST_CROSS_UP_ZERO,HIST_CROSS_DOWN_ZERO,PROJECT_RESEARCH,False,PROJECT_DISPLACED_MACD,MULTITF_INDICATOR_PARAMETER_SEARCH_V2,SINGLE_FAMILY_SINGLE_PRIMITIVE,0.01332090692604843,0.03879086909676141,4245,1401,STABLE_POSITIVE_FOLDS,WEAK_POSITIVE,NORMAL,NORMAL,WEAK_POSITIVE
MACD|DISPLACED_MACD_12_26_9_SHIFT3_V1|HIST_CROSS_UP_ZERO|HIST_CROSS_DOWN_ZERO|1H|DOWN,MACD,PROJECT_DISPLACED_MACD,DISPLACED_MACD_12_26_9_SHIFT3_V1,"{'fast': 12, 'slow': 26, 'signal': 9, 'display_shift': 3, 'formula_version': 'MACD_CANONICAL_V1', 'causal_semantics': 'CLOSED_CANDLE', 'source_engine': 'INDICATOR_ENGINE_V1', 'reference_status': 'PROJECT_RESEARCH', 'preset_class': 'PROJECT_DISPLACED_MACD', 'implementation_name': 'PROJECT_DISPLACED_MACD'}",1H,DOWN,HIST_CROSS_DOWN_ZERO,HIST_CROSS_UP_ZERO,HIST_CROSS_DOWN_ZERO,PROJECT_RESEARCH,False,PROJECT_DISPLACED_MACD,MULTITF_INDICATOR_PARAMETER_SEARCH_V2,SINGLE_FAMILY_SINGLE_PRIMITIVE,0.47046501885211567,0.4850473182858944,1023,323,STABLE_POSITIVE_FOLDS,STABLE_POSITIVE,NORMAL,NORMAL,STABLE_POSITIVE
MACD|DISPLACED_MACD_12_26_9_SHIFT3_V1|HIST_CROSS_UP_ZERO|HIST_CROSS_DOWN_ZERO|1H|UP,MACD,PROJECT_DISPLACED_MACD,DISPLACED_MACD_12_26_9_SHIFT3_V1,"{'fast': 12, 'slow': 26, 'signal': 9, 'display_shift': 3, 'formula_version': 'MACD_CANONICAL_V1', 'causal_semantics': 'CLOSED_CANDLE', 'source_engine': 'INDICATOR_ENGINE_V1', 'reference_status': 'PROJECT_RESEARCH', 'preset_class': 'PROJECT_DISPLACED_MACD', 'implementation_name': 'PROJECT_DISPLACED_MACD'}",1H,UP,HIST_CROSS_UP_ZERO,HIST_CROSS_UP_ZERO,HIST_CROSS_DOWN_ZERO,PROJECT_RESEARCH,False,PROJECT_DISPLACED_MACD,MULTITF_INDICATOR_PARAMETER_SEARCH_V2,SINGLE_FAMILY_SINGLE_PRIMITIVE,0.4860216097255726,0.5533537291985353,1027,324,STABLE_POSITIVE_FOLDS,STABLE_POSITIVE,NORMAL,NORMAL,STABLE_POSITIVE
MACD|DISPLACED_MACD_12_26_9_SHIFT3_V1|HIST_CROSS_UP_ZERO|HIST_CROSS_DOWN_ZERO|2H|DOWN,MACD,PROJECT_DISPLACED_MACD,DISPLACED_MACD_12_26_9_SHIFT3_V1,"{'fast': 12, 'slow': 26, 'signal': 9, 'display_shift': 3, 'formula_version': 'MACD_CANONICAL_V1', 'causal_semantics': 'CLOSED_CANDLE', 'source_engine': 'INDICATOR_ENGINE_V1', 'reference_status': 'PROJECT_RESEARCH', 'preset_class': 'PROJECT_DISPLACED_MACD', 'implementation_name': 'PROJECT_DISPLACED_MACD'}",2H,DOWN,HIST_CROSS_DOWN_ZERO,HIST_CROSS_UP_ZERO,HIST_CROSS_DOWN_ZERO,PROJECT_RESEARCH,False,PROJECT_DISPLACED_MACD,MULTITF_INDICATOR_PARAMETER_SEARCH_V2,SINGLE_FAMILY_SINGLE_PRIMITIVE,0.4917691256830601,0.5774385828087572,480,145,STABLE_POSITIVE_FOLDS,STABLE_POSITIVE,NORMAL,NORMAL,STABLE_POSITIVE
MACD|DISPLACED_MACD_12_26_9_SHIFT3_V1|HIST_CROSS_UP_ZERO|HIST_CROSS_DOWN_ZERO|2H|UP,MACD,PROJECT_DISPLACED_MACD,DISPLACED_MACD_12_26_9_SHIFT3_V1,"{'fast': 12, 'slow': 26, 'signal': 9, 'display_shift': 3, 'formula_version': 'MACD_CANONICAL_V1', 'causal_semantics': 'CLOSED_CANDLE', 'source_engine': 'INDICATOR_ENGINE_V1', 'reference_status': 'PROJECT_RESEARCH', 'preset_class': 'PROJECT_DISPLACED_MACD', 'implementation_name': 'PROJECT_DISPLACED_MACD'}",2H,UP,HIST_CROSS_UP_ZERO,HIST_CROSS_UP_ZERO,HIST_CROSS_DOWN_ZERO,PROJECT_RESEARCH,False,PROJECT_DISPLACED_MACD,MULTITF_INDICATOR_PARAMETER_SEARCH_V2,SINGLE_FAMILY_SINGLE_PRIMITIVE,0.5104111740362074,0.6401127106349738,478,145,STABLE_POSITIVE_FOLDS,STABLE_POSITIVE,NORMAL,NORMAL,STABLE_POSITIVE
MACD|DISPLACED_MACD_12_26_9_SHIFT3_V1|HIST_CROSS_UP_ZERO|HIST_CROSS_DOWN_ZERO|30m|DOWN,MACD,PROJECT_DISPLACED_MACD,DISPLACED_MACD_12_26_9_SHIFT3_V1,"{'fast': 12, 'slow': 26, 'signal': 9, 'display_shift': 3, 'formula_version': 'MACD_CANONICAL_V1', 'causal_semantics': 'CLOSED_CANDLE', 'source_engine': 'INDICATOR_ENGINE_V1', 'reference_status': 'PROJECT_RESEARCH', 'preset_class': 'PROJECT_DISPLACED_MACD', 'implementation_name': 'PROJECT_DISPLACED_MACD'}",30m,DOWN,HIST_CROSS_DOWN_ZERO,HIST_CROSS_UP_ZERO,HIST_CROSS_DOWN_ZERO,PROJECT_RESEARCH,False,PROJECT_DISPLACED_MACD,MULTITF_INDICATOR_PARAMETER_SEARCH_V2,SINGLE_FAMILY_SINGLE_PRIMITIVE,0.02745327359236889,0.03306071945919846,2067,654,STABLE_POSITIVE_FOLDS,STABLE_POSITIVE,NORMAL,NORMAL,STABLE_POSITIVE
MACD|DISPLACED_MACD_12_26_9_SHIFT3_V1|HIST_CROSS_UP_ZERO|HIST_CROSS_DOWN_ZERO|30m|UP,MACD,PROJECT_DISPLACED_MACD,DISPLACED_MACD_12_26_9_SHIFT3_V1,"{'fast': 12, 'slow': 26, 'signal': 9, 'display_shift': 3, 'formula_version': 'MACD_CANONICAL_V1', 'causal_semantics': 'CLOSED_CANDLE', 'source_engine': 'INDICATOR_ENGINE_V1', 'reference_status': 'PROJECT_RESEARCH', 'preset_class': 'PROJECT_DISPLACED_MACD', 'implementation_name': 'PROJECT_DISPLACED_MACD'}",30m,UP,HIST_CROSS_UP_ZERO,HIST_CROSS_UP_ZERO,HIST_CROSS_DOWN_ZERO,PROJECT_RESEARCH,False,PROJECT_DISPLACED_MACD,MULTITF_INDICATOR_PARAMETER_SEARCH_V2,SINGLE_FAMILY_SINGLE_PRIMITIVE,0.026971380260134157,0.045380159721800505,2067,653,STABLE_POSITIVE_FOLDS,STABLE_POSITIVE,NORMAL,NORMAL,STABLE_POSITIVE
MACD|DISPLACED_MACD_12_26_9_SHIFT3_V1|HIST_CROSS_UP_ZERO|HIST_CROSS_DOWN_ZERO|4H|DOWN,MACD,PROJECT_DISPLACED_MACD,DISPLACED_MACD_12_26_9_SHIFT3_V1,"{'fast': 12, 'slow': 26, 'signal': 9, 'display_shift': 3, 'formula_version': 'MACD_CANONICAL_V1', 'causal_semantics': 'CLOSED_CANDLE', 'source_engine': 'INDICATOR_ENGINE_V1', 'reference_status': 'PROJECT_RESEARCH', 'preset_class': 'PROJECT_DISPLACED_MACD', 'implementation_name': 'PROJECT_DISPLACED_MACD'}",4H,DOWN,HIST_CROSS_DOWN_ZERO,HIST_CROSS_UP_ZERO,HIST_CROSS_DOWN_ZERO,PROJECT_RESEARCH,False,PROJECT_DISPLACED_MACD,MULTITF_INDICATOR_PARAMETER_SEARCH_V2,SINGLE_FAMILY_SINGLE_PRIMITIVE,0.44729117180287736,0.5078763828763829,265,81,STABLE_POSITIVE_FOLDS,STABLE_POSITIVE,NORMAL,LOW_SAMPLE,STABLE_POSITIVE
MACD|DISPLACED_MACD_12_26_9_SHIFT3_V1|HIST_CROSS_UP_ZERO|HIST_CROSS_DOWN_ZERO|4H|UP,MACD,PROJECT_DISPLACED_MACD,DISPLACED_MACD_12_26_9_SHIFT3_V1,"{'fast': 12, 'slow': 26, 'signal': 9, 'display_shift': 3, 'formula_version': 'MACD_CANONICAL_V1', 'causal_semantics': 'CLOSED_CANDLE', 'source_engine': 'INDICATOR_ENGINE_V1', 'reference_status': 'PROJECT_RESEARCH', 'preset_class': 'PROJECT_DISPLACED_MACD', 'implementation_name': 'PROJECT_DISPLACED_MACD'}",4H,UP,HIST_CROSS_UP_ZERO,HIST_CROSS_UP_ZERO,HIST_CROSS_DOWN_ZERO,PROJECT_RESEARCH,False,PROJECT_DISPLACED_MACD,MULTITF_INDICATOR_PARAMETER_SEARCH_V2,SINGLE_FAMILY_SINGLE_PRIMITIVE,0.40715049567906586,0.4983739837398374,266,82,STABLE_POSITIVE_FOLDS,STABLE_POSITIVE,NORMAL,LOW_SAMPLE,STABLE_POSITIVE
MACD|DISPLACED_MACD_12_26_9_SHIFT3_V1|HIST_CROSS_UP_ZERO|HIST_CROSS_DOWN_ZERO|6H|UP,MACD,PROJECT_DISPLACED_MACD,DISPLACED_MACD_12_26_9_SHIFT3_V1,"{'fast': 12, 'slow': 26, 'signal': 9, 'display_shift': 3, 'formula_version': 'MACD_CANONICAL_V1', 'causal_semantics': 'CLOSED_CANDLE', 'source_engine': 'INDICATOR_ENGINE_V1', 'reference_status': 'PROJECT_RESEARCH', 'preset_class': 'PROJECT_DISPLACED_MACD', 'implementation_name': 'PROJECT_DISPLACED_MACD'}",6H,UP,HIST_CROSS_UP_ZERO,HIST_CROSS_UP_ZERO,HIST_CROSS_DOWN_ZERO,PROJECT_RESEARCH,False,PROJECT_DISPLACED_MACD,MULTITF_INDICATOR_PARAMETER_SEARCH_V2,SINGLE_FAMILY_SINGLE_PRIMITIVE,0.3975531808648756,0.5118260689940095,170,47,STABLE_POSITIVE_FOLDS,STABLE_POSITIVE,NORMAL,LOW_SAMPLE,STABLE_POSITIVE
MACD|DISPLACED_MACD_12_26_9_SHIFT3_V1|HIST_CROSS_UP_ZERO|HIST_CROSS_DOWN_ZERO|8H|UP,MACD,PROJECT_DISPLACED_MACD,DISPLACED_MACD_12_26_9_SHIFT3_V1,"{'fast': 12, 'slow': 26, 'signal': 9, 'display_shift': 3, 'formula_version': 'MACD_CANONICAL_V1', 'causal_semantics': 'CLOSED_CANDLE', 'source_engine': 'INDICATOR_ENGINE_V1', 'reference_status': 'PROJECT_RESEARCH', 'preset_class': 'PROJECT_DISPLACED_MACD', 'implementation_name': 'PROJECT_DISPLACED_MACD'}",8H,UP,HIST_CROSS_UP_ZERO,HIST_CROSS_UP_ZERO,HIST_CROSS_DOWN_ZERO,PROJECT_RESEARCH,False,PROJECT_DISPLACED_MACD,MULTITF_INDICATOR_PARAMETER_SEARCH_V2,SINGLE_FAMILY_SINGLE_PRIMITIVE,0.42216435185185186,0.3293624161073826,128,40,STABLE_POSITIVE_FOLDS,STABLE_POSITIVE,NORMAL,LOW_SAMPLE,STABLE_POSITIVE
MACD|DISPLACED_MACD_5_13_4_SHIFT5_V1|MACD_CROSS_UP_SIGNAL|MACD_CROSS_DOWN_SIGNAL|1D|DOWN,MACD,PROJECT_DISPLACED_MACD,DISPLACED_MACD_5_13_4_SHIFT5_V1,"{'fast': 5, 'slow': 13, 'signal': 4, 'display_shift': 5, 'formula_version': 'MACD_CANONICAL_V1', 'causal_semantics': 'CLOSED_CANDLE', 'source_engine': 'INDICATOR_ENGINE_V1', 'reference_status': 'PROJECT_RESEARCH', 'preset_class': 'PROJECT_DISPLACED_MACD', 'implementation_name': 'PROJECT_DISPLACED_MACD'}",1D,DOWN,MACD_CROSS_DOWN_SIGNAL,MACD_CROSS_UP_SIGNAL,MACD_CROSS_DOWN_SIGNAL,PROJECT_RESEARCH,False,PROJECT_DISPLACED_MACD,MULTITF_INDICATOR_PARAMETER_SEARCH_V2,SINGLE_FAMILY_SINGLE_PRIMITIVE,0.3216312056737589,0.3462783171521035,94,33,STABLE_POSITIVE_FOLDS,STABLE_POSITIVE,LOW_SAMPLE,LOW_SAMPLE,STABLE_POSITIVE
MACD|DISPLACED_MACD_5_13_4_SHIFT5_V1|MACD_CROSS_UP_SIGNAL|MACD_CROSS_DOWN_SIGNAL|1D|UP,MACD,PROJECT_DISPLACED_MACD,DISPLACED_MACD_5_13_4_SHIFT5_V1,"{'fast': 5, 'slow': 13, 'signal': 4, 'display_shift': 5, 'formula_version': 'MACD_CANONICAL_V1', 'causal_semantics': 'CLOSED_CANDLE', 'source_engine': 'INDICATOR_ENGINE_V1', 'reference_status': 'PROJECT_RESEARCH', 'preset_class': 'PROJECT_DISPLACED_MACD', 'implementation_name': 'PROJECT_DISPLACED_MACD'}",1D,UP,MACD_CROSS_UP_SIGNAL,MACD_CROSS_UP_SIGNAL,MACD_CROSS_DOWN_SIGNAL,PROJECT_RESEARCH,False,PROJECT_DISPLACED_MACD,MULTITF_INDICATOR_PARAMETER_SEARCH_V2,SINGLE_FAMILY_SINGLE_PRIMITIVE,0.38500676012239377,0.36858974358974356,94,33,STABLE_POSITIVE_FOLDS,STABLE_POSITIVE,LOW_SAMPLE,LOW_SAMPLE,STABLE_POSITIVE
MACD|DISPLACED_MACD_8_21_5_SHIFT2_V1|HIST_CROSS_UP_ZERO|HIST_CROSS_DOWN_ZERO|12H|DOWN,MACD,PROJECT_DISPLACED_MACD,DISPLACED_MACD_8_21_5_SHIFT2_V1,"{'fast': 8, 'slow': 21, 'signal': 5, 'display_shift': 2, 'formula_version': 'MACD_CANONICAL_V1', 'causal_semantics': 'CLOSED_CANDLE', 'source_engine': 'INDICATOR_ENGINE_V1', 'reference_status': 'PROJECT_RESEARCH', 'preset_class': 'PROJECT_DISPLACED_MACD', 'implementation_name': 'PROJECT_DISPLACED_MACD'}",12H,DOWN,HIST_CROSS_DOWN_ZERO,HIST_CROSS_UP_ZERO,HIST_CROSS_DOWN_ZERO,PROJECT_RESEARCH,False,PROJECT_DISPLACED_MACD,MULTITF_INDICATOR_PARAMETER_SEARCH_V2,SINGLE_FAMILY_SINGLE_PRIMITIVE,0.3541719216727514,0.40053763440860213,131,44,STABLE_POSITIVE_FOLDS,STABLE_POSITIVE,NORMAL,LOW_SAMPLE,STABLE_POSITIVE
MACD|DISPLACED_MACD_8_21_5_SHIFT2_V1|HIST_CROSS_UP_ZERO|HIST_CROSS_DOWN_ZERO|6H|DOWN,MACD,PROJECT_DISPLACED_MACD,DISPLACED_MACD_8_21_5_SHIFT2_V1,"{'fast': 8, 'slow': 21, 'signal': 5, 'display_shift': 2, 'formula_version': 'MACD_CANONICAL_V1', 'causal_semantics': 'CLOSED_CANDLE', 'source_engine': 'INDICATOR_ENGINE_V1', 'reference_status': 'PROJECT_RESEARCH', 'preset_class': 'PROJECT_DISPLACED_MACD', 'implementation_name': 'PROJECT_DISPLACED_MACD'}",6H,DOWN,HIST_CROSS_DOWN_ZERO,HIST_CROSS_UP_ZERO,HIST_CROSS_DOWN_ZERO,PROJECT_RESEARCH,False,PROJECT_DISPLACED_MACD,MULTITF_INDICATOR_PARAMETER_SEARCH_V2,SINGLE_FAMILY_SINGLE_PRIMITIVE,0.34178422596079644,0.32811120917917036,275,88,STABLE_POSITIVE_FOLDS,STABLE_POSITIVE,NORMAL,LOW_SAMPLE,STABLE_POSITIVE
MACD|DISPLACED_MACD_8_21_5_SHIFT2_V1|HIST_CROSS_UP_ZERO|HIST_CROSS_DOWN_ZERO|8H|DOWN,MACD,PROJECT_DISPLACED_MACD,DISPLACED_MACD_8_21_5_SHIFT2_V1,"{'fast': 8, 'slow': 21, 'signal': 5, 'display_shift': 2, 'formula_version': 'MACD_CANONICAL_V1', 'causal_semantics': 'CLOSED_CANDLE', 'source_engine': 'INDICATOR_ENGINE_V1', 'reference_status': 'PROJECT_RESEARCH', 'preset_class': 'PROJECT_DISPLACED_MACD', 'implementation_name': 'PROJECT_DISPLACED_MACD'}",8H,DOWN,HIST_CROSS_DOWN_ZERO,HIST_CROSS_UP_ZERO,HIST_CROSS_DOWN_ZERO,PROJECT_RESEARCH,False,PROJECT_DISPLACED_MACD,MULTITF_INDICATOR_PARAMETER_SEARCH_V2,SINGLE_FAMILY_SINGLE_PRIMITIVE,0.4218495045758744,0.40508533611981884,196,58,STABLE_POSITIVE_FOLDS,STABLE_POSITIVE,NORMAL,LOW_SAMPLE,STABLE_POSITIVE
MACD|MACD_12_26_9_SHIFT0_V1|HIST_CROSS_UP_ZERO|HIST_CROSS_DOWN_ZERO|12H|DOWN,MACD,STANDARD_MACD,MACD_12_26_9_SHIFT0_V1,"{'fast': 12, 'slow': 26, 'signal': 9, 'display_shift': 0, 'formula_version': 'MACD_CANONICAL_V1', 'causal_semantics': 'CLOSED_CANDLE', 'source_engine': 'INDICATOR_ENGINE_V1', 'reference_status': 'NUMERIC_REFERENCE_TESTED', 'preset_class': 'STANDARD', 'implementation_name': 'STANDARD_MACD'}",12H,DOWN,HIST_CROSS_DOWN_ZERO,HIST_CROSS_UP_ZERO,HIST_CROSS_DOWN_ZERO,NUMERIC_REFERENCE_TESTED,True,STANDARD_MACD,MULTITF_INDICATOR_PARAMETER_SEARCH_V2,SINGLE_FAMILY_SINGLE_PRIMITIVE,0.3026895854398382,0.3838709677419354,86,30,STABLE_POSITIVE_FOLDS,STABLE_POSITIVE,LOW_SAMPLE,LOW_SAMPLE,STABLE_POSITIVE
MACD|MACD_12_26_9_SHIFT0_V1|HIST_CROSS_UP_ZERO|HIST_CROSS_DOWN_ZERO|12H|UP,MACD,STANDARD_MACD,MACD_12_26_9_SHIFT0_V1,"{'fast': 12, 'slow': 26, 'signal': 9, 'display_shift': 0, 'formula_version': 'MACD_CANONICAL_V1', 'causal_semantics': 'CLOSED_CANDLE', 'source_engine': 'INDICATOR_ENGINE_V1', 'reference_status': 'NUMERIC_REFERENCE_TESTED', 'preset_class': 'STANDARD', 'implementation_name': 'STANDARD_MACD'}",12H,UP,HIST_CROSS_UP_ZERO,HIST_CROSS_UP_ZERO,HIST_CROSS_DOWN_ZERO,NUMERIC_REFERENCE_TESTED,True,STANDARD_MACD,MULTITF_INDICATOR_PARAMETER_SEARCH_V2,SINGLE_FAMILY_SINGLE_PRIMITIVE,0.39514626043270396,0.3470588235294117,86,30,STABLE_POSITIVE_FOLDS,STABLE_POSITIVE,LOW_SAMPLE,LOW_SAMPLE,STABLE_POSITIVE
MACD|MACD_12_26_9_SHIFT0_V1|HIST_CROSS_UP_ZERO|HIST_CROSS_DOWN_ZERO|15m|DOWN,MACD,STANDARD_MACD,MACD_12_26_9_SHIFT0_V1,"{'fast': 12, 'slow': 26, 'signal': 9, 'display_shift': 0, 'formula_version': 'MACD_CANONICAL_V1', 'causal_semantics': 'CLOSED_CANDLE', 'source_engine': 'INDICATOR_ENGINE_V1', 'reference_status': 'NUMERIC_REFERENCE_TESTED', 'preset_class': 'STANDARD', 'implementation_name': 'STANDARD_MACD'}",15m,DOWN,HIST_CROSS_DOWN_ZERO,HIST_CROSS_UP_ZERO,HIST_CROSS_DOWN_ZERO,NUMERIC_REFERENCE_TESTED,True,STANDARD_MACD,MULTITF_INDICATOR_PARAMETER_SEARCH_V2,SINGLE_FAMILY_SINGLE_PRIMITIVE,0.013096400756599971,0.03949821405127416,4242,1401,STABLE_POSITIVE_FOLDS,WEAK_POSITIVE,NORMAL,NORMAL,WEAK_POSITIVE
MACD|MACD_12_26_9_SHIFT0_V1|HIST_CROSS_UP_ZERO|HIST_CROSS_DOWN_ZERO|15m|UP,MACD,STANDARD_MACD,MACD_12_26_9_SHIFT0_V1,"{'fast': 12, 'slow': 26, 'signal': 9, 'display_shift': 0, 'formula_version': 'MACD_CANONICAL_V1', 'causal_semantics': 'CLOSED_CANDLE', 'source_engine': 'INDICATOR_ENGINE_V1', 'reference_status': 'NUMERIC_REFERENCE_TESTED', 'preset_class': 'STANDARD', 'implementation_name': 'STANDARD_MACD'}",15m,UP,HIST_CROSS_UP_ZERO,HIST_CROSS_UP_ZERO,HIST_CROSS_DOWN_ZERO,NUMERIC_REFERENCE_TESTED,True,STANDARD_MACD,MULTITF_INDICATOR_PARAMETER_SEARCH_V2,SINGLE_FAMILY_SINGLE_PRIMITIVE,0.01332090692604843,0.03879086909676141,4245,1401,STABLE_POSITIVE_FOLDS,WEAK_POSITIVE,NORMAL,NORMAL,WEAK_POSITIVE
MACD|MACD_12_26_9_SHIFT0_V1|HIST_CROSS_UP_ZERO|HIST_CROSS_DOWN_ZERO|1H|DOWN,MACD,STANDARD_MACD,MACD_12_26_9_SHIFT0_V1,"{'fast': 12, 'slow': 26, 'signal': 9, 'display_shift': 0, 'formula_version': 'MACD_CANONICAL_V1', 'causal_semantics': 'CLOSED_CANDLE', 'source_engine': 'INDICATOR_ENGINE_V1', 'reference_status': 'NUMERIC_REFERENCE_TESTED', 'preset_class': 'STANDARD', 'implementation_name': 'STANDARD_MACD'}",1H,DOWN,HIST_CROSS_DOWN_ZERO,HIST_CROSS_UP_ZERO,HIST_CROSS_DOWN_ZERO,NUMERIC_REFERENCE_TESTED,True,STANDARD_MACD,MULTITF_INDICATOR_PARAMETER_SEARCH_V2,SINGLE_FAMILY_SINGLE_PRIMITIVE,0.47046501885211567,0.4850473182858944,1023,323,STABLE_POSITIVE_FOLDS,STABLE_POSITIVE,NORMAL,NORMAL,STABLE_POSITIVE
MACD|MACD_12_26_9_SHIFT0_V1|HIST_CROSS_UP_ZERO|HIST_CROSS_DOWN_ZERO|1H|UP,MACD,STANDARD_MACD,MACD_12_26_9_SHIFT0_V1,"{'fast': 12, 'slow': 26, 'signal': 9, 'display_shift': 0, 'formula_version': 'MACD_CANONICAL_V1', 'causal_semantics': 'CLOSED_CANDLE', 'source_engine': 'INDICATOR_ENGINE_V1', 'reference_status': 'NUMERIC_REFERENCE_TESTED', 'preset_class': 'STANDARD', 'implementation_name': 'STANDARD_MACD'}",1H,UP,HIST_CROSS_UP_ZERO,HIST_CROSS_UP_ZERO,HIST_CROSS_DOWN_ZERO,NUMERIC_REFERENCE_TESTED,True,STANDARD_MACD,MULTITF_INDICATOR_PARAMETER_SEARCH_V2,SINGLE_FAMILY_SINGLE_PRIMITIVE,0.4860216097255726,0.5533537291985353,1027,324,STABLE_POSITIVE_FOLDS,STABLE_POSITIVE,NORMAL,NORMAL,STABLE_POSITIVE
MACD|MACD_12_26_9_SHIFT0_V1|HIST_CROSS_UP_ZERO|HIST_CROSS_DOWN_ZERO|2H|DOWN,MACD,STANDARD_MACD,MACD_12_26_9_SHIFT0_V1,"{'fast': 12, 'slow': 26, 'signal': 9, 'display_shift': 0, 'formula_version': 'MACD_CANONICAL_V1', 'causal_semantics': 'CLOSED_CANDLE', 'source_engine': 'INDICATOR_ENGINE_V1', 'reference_status': 'NUMERIC_REFERENCE_TESTED', 'preset_class': 'STANDARD', 'implementation_name': 'STANDARD_MACD'}",2H,DOWN,HIST_CROSS_DOWN_ZERO,HIST_CROSS_UP_ZERO,HIST_CROSS_DOWN_ZERO,NUMERIC_REFERENCE_TESTED,True,STANDARD_MACD,MULTITF_INDICATOR_PARAMETER_SEARCH_V2,SINGLE_FAMILY_SINGLE_PRIMITIVE,0.4917691256830601,0.5774385828087572,480,145,STABLE_POSITIVE_FOLDS,STABLE_POSITIVE,NORMAL,NORMAL,STABLE_POSITIVE
MACD|MACD_12_26_9_SHIFT0_V1|HIST_CROSS_UP_ZERO|HIST_CROSS_DOWN_ZERO|2H|UP,MACD,STANDARD_MACD,MACD_12_26_9_SHIFT0_V1,"{'fast': 12, 'slow': 26, 'signal': 9, 'display_shift': 0, 'formula_version': 'MACD_CANONICAL_V1', 'causal_semantics': 'CLOSED_CANDLE', 'source_engine': 'INDICATOR_ENGINE_V1', 'reference_status': 'NUMERIC_REFERENCE_TESTED', 'preset_class': 'STANDARD', 'implementation_name': 'STANDARD_MACD'}",2H,UP,HIST_CROSS_UP_ZERO,HIST_CROSS_UP_ZERO,HIST_CROSS_DOWN_ZERO,NUMERIC_REFERENCE_TESTED,True,STANDARD_MACD,MULTITF_INDICATOR_PARAMETER_SEARCH_V2,SINGLE_FAMILY_SINGLE_PRIMITIVE,0.5104111740362074,0.6401127106349738,478,145,STABLE_POSITIVE_FOLDS,STABLE_POSITIVE,NORMAL,NORMAL,STABLE_POSITIVE
MACD|MACD_12_26_9_SHIFT0_V1|HIST_CROSS_UP_ZERO|HIST_CROSS_DOWN_ZERO|30m|DOWN,MACD,STANDARD_MACD,MACD_12_26_9_SHIFT0_V1,"{'fast': 12, 'slow': 26, 'signal': 9, 'display_shift': 0, 'formula_version': 'MACD_CANONICAL_V1', 'causal_semantics': 'CLOSED_CANDLE', 'source_engine': 'INDICATOR_ENGINE_V1', 'reference_status': 'NUMERIC_REFERENCE_TESTED', 'preset_class': 'STANDARD', 'implementation_name': 'STANDARD_MACD'}",30m,DOWN,HIST_CROSS_DOWN_ZERO,HIST_CROSS_UP_ZERO,HIST_CROSS_DOWN_ZERO,NUMERIC_REFERENCE_TESTED,True,STANDARD_MACD,MULTITF_INDICATOR_PARAMETER_SEARCH_V2,SINGLE_FAMILY_SINGLE_PRIMITIVE,0.02745327359236889,0.03306071945919846,2067,654,STABLE_POSITIVE_FOLDS,STABLE_POSITIVE,NORMAL,NORMAL,STABLE_POSITIVE
MACD|MACD_12_26_9_SHIFT0_V1|HIST_CROSS_UP_ZERO|HIST_CROSS_DOWN_ZERO|30m|UP,MACD,STANDARD_MACD,MACD_12_26_9_SHIFT0_V1,"{'fast': 12, 'slow': 26, 'signal': 9, 'display_shift': 0, 'formula_version': 'MACD_CANONICAL_V1', 'causal_semantics': 'CLOSED_CANDLE', 'source_engine': 'INDICATOR_ENGINE_V1', 'reference_status': 'NUMERIC_REFERENCE_TESTED', 'preset_class': 'STANDARD', 'implementation_name': 'STANDARD_MACD'}",30m,UP,HIST_CROSS_UP_ZERO,HIST_CROSS_UP_ZERO,HIST_CROSS_DOWN_ZERO,NUMERIC_REFERENCE_TESTED,True,STANDARD_MACD,MULTITF_INDICATOR_PARAMETER_SEARCH_V2,SINGLE_FAMILY_SINGLE_PRIMITIVE,0.026971380260134157,0.045380159721800505,2067,653,STABLE_POSITIVE_FOLDS,STABLE_POSITIVE,NORMAL,NORMAL,STABLE_POSITIVE
MACD|MACD_12_26_9_SHIFT0_V1|HIST_CROSS_UP_ZERO|HIST_CROSS_DOWN_ZERO|4H|DOWN,MACD,STANDARD_MACD,MACD_12_26_9_SHIFT0_V1,"{'fast': 12, 'slow': 26, 'signal': 9, 'display_shift': 0, 'formula_version': 'MACD_CANONICAL_V1', 'causal_semantics': 'CLOSED_CANDLE', 'source_engine': 'INDICATOR_ENGINE_V1', 'reference_status': 'NUMERIC_REFERENCE_TESTED', 'preset_class': 'STANDARD', 'implementation_name': 'STANDARD_MACD'}",4H,DOWN,HIST_CROSS_DOWN_ZERO,HIST_CROSS_UP_ZERO,HIST_CROSS_DOWN_ZERO,NUMERIC_REFERENCE_TESTED,True,STANDARD_MACD,MULTITF_INDICATOR_PARAMETER_SEARCH_V2,SINGLE_FAMILY_SINGLE_PRIMITIVE,0.44729117180287736,0.5078763828763829,265,81,STABLE_POSITIVE_FOLDS,STABLE_POSITIVE,NORMAL,LOW_SAMPLE,STABLE_POSITIVE
MACD|MACD_12_26_9_SHIFT0_V1|HIST_CROSS_UP_ZERO|HIST_CROSS_DOWN_ZERO|4H|UP,MACD,STANDARD_MACD,MACD_12_26_9_SHIFT0_V1,"{'fast': 12, 'slow': 26, 'signal': 9, 'display_shift': 0, 'formula_version': 'MACD_CANONICAL_V1', 'causal_semantics': 'CLOSED_CANDLE', 'source_engine': 'INDICATOR_ENGINE_V1', 'reference_status': 'NUMERIC_REFERENCE_TESTED', 'preset_class': 'STANDARD', 'implementation_name': 'STANDARD_MACD'}",4H,UP,HIST_CROSS_UP_ZERO,HIST_CROSS_UP_ZERO,HIST_CROSS_DOWN_ZERO,NUMERIC_REFERENCE_TESTED,True,STANDARD_MACD,MULTITF_INDICATOR_PARAMETER_SEARCH_V2,SINGLE_FAMILY_SINGLE_PRIMITIVE,0.40715049567906586,0.4983739837398374,266,82,STABLE_POSITIVE_FOLDS,STABLE_POSITIVE,NORMAL,LOW_SAMPLE,STABLE_POSITIVE
MACD|MACD_12_26_9_SHIFT0_V1|HIST_CROSS_UP_ZERO|HIST_CROSS_DOWN_ZERO|5m|DOWN,MACD,STANDARD_MACD,MACD_12_26_9_SHIFT0_V1,"{'fast': 12, 'slow': 26, 'signal': 9, 'display_shift': 0, 'formula_version': 'MACD_CANONICAL_V1', 'causal_semantics': 'CLOSED_CANDLE', 'source_engine': 'INDICATOR_ENGINE_V1', 'reference_status': 'NUMERIC_REFERENCE_TESTED', 'preset_class': 'STANDARD', 'implementation_name': 'STANDARD_MACD'}",5m,DOWN,HIST_CROSS_DOWN_ZERO,HIST_CROSS_UP_ZERO,HIST_CROSS_DOWN_ZERO,NUMERIC_REFERENCE_TESTED,True,STANDARD_MACD,MULTITF_INDICATOR_PARAMETER_SEARCH_V2,SINGLE_FAMILY_SINGLE_PRIMITIVE,0.0,0.005803250826266487,12948,4322,UNSTABLE_DISCOVERY,WEAK_POSITIVE,NORMAL,NORMAL,WEAK_POSITIVE
MACD|MACD_12_26_9_SHIFT0_V1|HIST_CROSS_UP_ZERO|HIST_CROSS_DOWN_ZERO|5m|UP,MACD,STANDARD_MACD,MACD_12_26_9_SHIFT0_V1,"{'fast': 12, 'slow': 26, 'signal': 9, 'display_shift': 0, 'formula_version': 'MACD_CANONICAL_V1', 'causal_semantics': 'CLOSED_CANDLE', 'source_engine': 'INDICATOR_ENGINE_V1', 'reference_status': 'NUMERIC_REFERENCE_TESTED', 'preset_class': 'STANDARD', 'implementation_name': 'STANDARD_MACD'}",5m,UP,HIST_CROSS_UP_ZERO,HIST_CROSS_UP_ZERO,HIST_CROSS_DOWN_ZERO,NUMERIC_REFERENCE_TESTED,True,STANDARD_MACD,MULTITF_INDICATOR_PARAMETER_SEARCH_V2,SINGLE_FAMILY_SINGLE_PRIMITIVE,0.0,0.006231063342628056,12946,4322,UNSTABLE_DISCOVERY,WEAK_POSITIVE,NORMAL,NORMAL,WEAK_POSITIVE
MACD|MACD_12_26_9_SHIFT0_V1|HIST_CROSS_UP_ZERO|HIST_CROSS_DOWN_ZERO|6H|DOWN,MACD,STANDARD_MACD,MACD_12_26_9_SHIFT0_V1,"{'fast': 12, 'slow': 26, 'signal': 9, 'display_shift': 0, 'formula_version': 'MACD_CANONICAL_V1', 'causal_semantics': 'CLOSED_CANDLE', 'source_engine': 'INDICATOR_ENGINE_V1', 'reference_status': 'NUMERIC_REFERENCE_TESTED', 'preset_class': 'STANDARD', 'implementation_name': 'STANDARD_MACD'}",6H,DOWN,HIST_CROSS_DOWN_ZERO,HIST_CROSS_UP_ZERO,HIST_CROSS_DOWN_ZERO,NUMERIC_REFERENCE_TESTED,True,STANDARD_MACD,MULTITF_INDICATOR_PARAMETER_SEARCH_V2,SINGLE_FAMILY_SINGLE_PRIMITIVE,0.3308536181071116,0.415151828134683,169,47,STABLE_POSITIVE_FOLDS,STABLE_POSITIVE,NORMAL,LOW_SAMPLE,STABLE_POSITIVE
MACD|MACD_12_26_9_SHIFT0_V1|HIST_CROSS_UP_ZERO|HIST_CROSS_DOWN_ZERO|6H|UP,MACD,STANDARD_MACD,MACD_12_26_9_SHIFT0_V1,"{'fast': 12, 'slow': 26, 'signal': 9, 'display_shift': 0, 'formula_version': 'MACD_CANONICAL_V1', 'causal_semantics': 'CLOSED_CANDLE', 'source_engine': 'INDICATOR_ENGINE_V1', 'reference_status': 'NUMERIC_REFERENCE_TESTED', 'preset_class': 'STANDARD', 'implementation_name': 'STANDARD_MACD'}",6H,UP,HIST_CROSS_UP_ZERO,HIST_CROSS_UP_ZERO,HIST_CROSS_DOWN_ZERO,NUMERIC_REFERENCE_TESTED,True,STANDARD_MACD,MULTITF_INDICATOR_PARAMETER_SEARCH_V2,SINGLE_FAMILY_SINGLE_PRIMITIVE,0.3975531808648756,0.5118260689940095,170,47,STABLE_POSITIVE_FOLDS,STABLE_POSITIVE,NORMAL,LOW_SAMPLE,STABLE_POSITIVE
MACD|MACD_12_26_9_SHIFT0_V1|HIST_CROSS_UP_ZERO|HIST_CROSS_DOWN_ZERO|8H|DOWN,MACD,STANDARD_MACD,MACD_12_26_9_SHIFT0_V1,"{'fast': 12, 'slow': 26, 'signal': 9, 'display_shift': 0, 'formula_version': 'MACD_CANONICAL_V1', 'causal_semantics': 'CLOSED_CANDLE', 'source_engine': 'INDICATOR_ENGINE_V1', 'reference_status': 'NUMERIC_REFERENCE_TESTED', 'preset_class': 'STANDARD', 'implementation_name': 'STANDARD_MACD'}",8H,DOWN,HIST_CROSS_DOWN_ZERO,HIST_CROSS_UP_ZERO,HIST_CROSS_DOWN_ZERO,NUMERIC_REFERENCE_TESTED,True,STANDARD_MACD,MULTITF_INDICATOR_PARAMETER_SEARCH_V2,SINGLE_FAMILY_SINGLE_PRIMITIVE,0.3413329229432213,0.49646464646464644,128,40,STABLE_POSITIVE_FOLDS,STABLE_POSITIVE,NORMAL,LOW_SAMPLE,STABLE_POSITIVE
MACD|MACD_12_26_9_SHIFT0_V1|HIST_CROSS_UP_ZERO|HIST_CROSS_DOWN_ZERO|8H|UP,MACD,STANDARD_MACD,MACD_12_26_9_SHIFT0_V1,"{'fast': 12, 'slow': 26, 'signal': 9, 'display_shift': 0, 'formula_version': 'MACD_CANONICAL_V1', 'causal_semantics': 'CLOSED_CANDLE', 'source_engine': 'INDICATOR_ENGINE_V1', 'reference_status': 'NUMERIC_REFERENCE_TESTED', 'preset_class': 'STANDARD', 'implementation_name': 'STANDARD_MACD'}",8H,UP,HIST_CROSS_UP_ZERO,HIST_CROSS_UP_ZERO,HIST_CROSS_DOWN_ZERO,NUMERIC_REFERENCE_TESTED,True,STANDARD_MACD,MULTITF_INDICATOR_PARAMETER_SEARCH_V2,SINGLE_FAMILY_SINGLE_PRIMITIVE,0.42216435185185186,0.3293624161073826,128,40,STABLE_POSITIVE_FOLDS,STABLE_POSITIVE,NORMAL,LOW_SAMPLE,STABLE_POSITIVE
MACD|MACD_12_26_9_SHIFT0_V1|MACD_CROSS_UP_SIGNAL|MACD_CROSS_DOWN_SIGNAL|12H|DOWN,MACD,STANDARD_MACD,MACD_12_26_9_SHIFT0_V1,"{'fast': 12, 'slow': 26, 'signal': 9, 'display_shift': 0, 'formula_version': 'MACD_CANONICAL_V1', 'causal_semantics': 'CLOSED_CANDLE', 'source_engine': 'INDICATOR_ENGINE_V1', 'reference_status': 'NUMERIC_REFERENCE_TESTED', 'preset_class': 'STANDARD', 'implementation_name': 'STANDARD_MACD'}",12H,DOWN,MACD_CROSS_DOWN_SIGNAL,MACD_CROSS_UP_SIGNAL,MACD_CROSS_DOWN_SIGNAL,NUMERIC_REFERENCE_TESTED,True,STANDARD_MACD,MULTITF_INDICATOR_PARAMETER_SEARCH_V2,SINGLE_FAMILY_SINGLE_PRIMITIVE,0.3026895854398382,0.3838709677419354,86,30,STABLE_POSITIVE_FOLDS,STABLE_POSITIVE,LOW_SAMPLE,LOW_SAMPLE,STABLE_POSITIVE
MACD|MACD_12_26_9_SHIFT0_V1|MACD_CROSS_UP_SIGNAL|MACD_CROSS_DOWN_SIGNAL|12H|UP,MACD,STANDARD_MACD,MACD_12_26_9_SHIFT0_V1,"{'fast': 12, 'slow': 26, 'signal': 9, 'display_shift': 0, 'formula_version': 'MACD_CANONICAL_V1', 'causal_semantics': 'CLOSED_CANDLE', 'source_engine': 'INDICATOR_ENGINE_V1', 'reference_status': 'NUMERIC_REFERENCE_TESTED', 'preset_class': 'STANDARD', 'implementation_name': 'STANDARD_MACD'}",12H,UP,MACD_CROSS_UP_SIGNAL,MACD_CROSS_UP_SIGNAL,MACD_CROSS_DOWN_SIGNAL,NUMERIC_REFERENCE_TESTED,True,STANDARD_MACD,MULTITF_INDICATOR_PARAMETER_SEARCH_V2,SINGLE_FAMILY_SINGLE_PRIMITIVE,0.39514626043270396,0.3470588235294117,86,30,STABLE_POSITIVE_FOLDS,STABLE_POSITIVE,LOW_SAMPLE,LOW_SAMPLE,STABLE_POSITIVE
MACD|MACD_12_26_9_SHIFT0_V1|MACD_CROSS_UP_SIGNAL|MACD_CROSS_DOWN_SIGNAL|15m|DOWN,MACD,STANDARD_MACD,MACD_12_26_9_SHIFT0_V1,"{'fast': 12, 'slow': 26, 'signal': 9, 'display_shift': 0, 'formula_version': 'MACD_CANONICAL_V1', 'causal_semantics': 'CLOSED_CANDLE', 'source_engine': 'INDICATOR_ENGINE_V1', 'reference_status': 'NUMERIC_REFERENCE_TESTED', 'preset_class': 'STANDARD', 'implementation_name': 'STANDARD_MACD'}",15m,DOWN,MACD_CROSS_DOWN_SIGNAL,MACD_CROSS_UP_SIGNAL,MACD_CROSS_DOWN_SIGNAL,NUMERIC_REFERENCE_TESTED,True,STANDARD_MACD,MULTITF_INDICATOR_PARAMETER_SEARCH_V2,SINGLE_FAMILY_SINGLE_PRIMITIVE,0.013096400756599971,0.03949821405127416,4242,1401,STABLE_POSITIVE_FOLDS,WEAK_POSITIVE,NORMAL,NORMAL,WEAK_POSITIVE
MACD|MACD_12_26_9_SHIFT0_V1|MACD_CROSS_UP_SIGNAL|MACD_CROSS_DOWN_SIGNAL|15m|UP,MACD,STANDARD_MACD,MACD_12_26_9_SHIFT0_V1,"{'fast': 12, 'slow': 26, 'signal': 9, 'display_shift': 0, 'formula_version': 'MACD_CANONICAL_V1', 'causal_semantics': 'CLOSED_CANDLE', 'source_engine': 'INDICATOR_ENGINE_V1', 'reference_status': 'NUMERIC_REFERENCE_TESTED', 'preset_class': 'STANDARD', 'implementation_name': 'STANDARD_MACD'}",15m,UP,MACD_CROSS_UP_SIGNAL,MACD_CROSS_UP_SIGNAL,MACD_CROSS_DOWN_SIGNAL,NUMERIC_REFERENCE_TESTED,True,STANDARD_MACD,MULTITF_INDICATOR_PARAMETER_SEARCH_V2,SINGLE_FAMILY_SINGLE_PRIMITIVE,0.01332090692604843,0.03879086909676141,4245,1401,STABLE_POSITIVE_FOLDS,WEAK_POSITIVE,NORMAL,NORMAL,WEAK_POSITIVE
MACD|MACD_12_26_9_SHIFT0_V1|MACD_CROSS_UP_SIGNAL|MACD_CROSS_DOWN_SIGNAL|1H|DOWN,MACD,STANDARD_MACD,MACD_12_26_9_SHIFT0_V1,"{'fast': 12, 'slow': 26, 'signal': 9, 'display_shift': 0, 'formula_version': 'MACD_CANONICAL_V1', 'causal_semantics': 'CLOSED_CANDLE', 'source_engine': 'INDICATOR_ENGINE_V1', 'reference_status': 'NUMERIC_REFERENCE_TESTED', 'preset_class': 'STANDARD', 'implementation_name': 'STANDARD_MACD'}",1H,DOWN,MACD_CROSS_DOWN_SIGNAL,MACD_CROSS_UP_SIGNAL,MACD_CROSS_DOWN_SIGNAL,NUMERIC_REFERENCE_TESTED,True,STANDARD_MACD,MULTITF_INDICATOR_PARAMETER_SEARCH_V2,SINGLE_FAMILY_SINGLE_PRIMITIVE,0.47046501885211567,0.4850473182858944,1023,323,STABLE_POSITIVE_FOLDS,STABLE_POSITIVE,NORMAL,NORMAL,STABLE_POSITIVE
MACD|MACD_12_26_9_SHIFT0_V1|MACD_CROSS_UP_SIGNAL|MACD_CROSS_DOWN_SIGNAL|1H|UP,MACD,STANDARD_MACD,MACD_12_26_9_SHIFT0_V1,"{'fast': 12, 'slow': 26, 'signal': 9, 'display_shift': 0, 'formula_version': 'MACD_CANONICAL_V1', 'causal_semantics': 'CLOSED_CANDLE', 'source_engine': 'INDICATOR_ENGINE_V1', 'reference_status': 'NUMERIC_REFERENCE_TESTED', 'preset_class': 'STANDARD', 'implementation_name': 'STANDARD_MACD'}",1H,UP,MACD_CROSS_UP_SIGNAL,MACD_CROSS_UP_SIGNAL,MACD_CROSS_DOWN_SIGNAL,NUMERIC_REFERENCE_TESTED,True,STANDARD_MACD,MULTITF_INDICATOR_PARAMETER_SEARCH_V2,SINGLE_FAMILY_SINGLE_PRIMITIVE,0.4860216097255726,0.5533537291985353,1027,324,STABLE_POSITIVE_FOLDS,STABLE_POSITIVE,NORMAL,NORMAL,STABLE_POSITIVE
MACD|MACD_12_26_9_SHIFT0_V1|MACD_CROSS_UP_SIGNAL|MACD_CROSS_DOWN_SIGNAL|2H|DOWN,MACD,STANDARD_MACD,MACD_12_26_9_SHIFT0_V1,"{'fast': 12, 'slow': 26, 'signal': 9, 'display_shift': 0, 'formula_version': 'MACD_CANONICAL_V1', 'causal_semantics': 'CLOSED_CANDLE', 'source_engine': 'INDICATOR_ENGINE_V1', 'reference_status': 'NUMERIC_REFERENCE_TESTED', 'preset_class': 'STANDARD', 'implementation_name': 'STANDARD_MACD'}",2H,DOWN,MACD_CROSS_DOWN_SIGNAL,MACD_CROSS_UP_SIGNAL,MACD_CROSS_DOWN_SIGNAL,NUMERIC_REFERENCE_TESTED,True,STANDARD_MACD,MULTITF_INDICATOR_PARAMETER_SEARCH_V2,SINGLE_FAMILY_SINGLE_PRIMITIVE,0.4917691256830601,0.5774385828087572,480,145,STABLE_POSITIVE_FOLDS,STABLE_POSITIVE,NORMAL,NORMAL,STABLE_POSITIVE
MACD|MACD_12_26_9_SHIFT0_V1|MACD_CROSS_UP_SIGNAL|MACD_CROSS_DOWN_SIGNAL|2H|UP,MACD,STANDARD_MACD,MACD_12_26_9_SHIFT0_V1,"{'fast': 12, 'slow': 26, 'signal': 9, 'display_shift': 0, 'formula_version': 'MACD_CANONICAL_V1', 'causal_semantics': 'CLOSED_CANDLE', 'source_engine': 'INDICATOR_ENGINE_V1', 'reference_status': 'NUMERIC_REFERENCE_TESTED', 'preset_class': 'STANDARD', 'implementation_name': 'STANDARD_MACD'}",2H,UP,MACD_CROSS_UP_SIGNAL,MACD_CROSS_UP_SIGNAL,MACD_CROSS_DOWN_SIGNAL,NUMERIC_REFERENCE_TESTED,True,STANDARD_MACD,MULTITF_INDICATOR_PARAMETER_SEARCH_V2,SINGLE_FAMILY_SINGLE_PRIMITIVE,0.5104111740362074,0.6401127106349738,478,145,STABLE_POSITIVE_FOLDS,STABLE_POSITIVE,NORMAL,NORMAL,STABLE_POSITIVE
MACD|MACD_12_26_9_SHIFT0_V1|MACD_CROSS_UP_SIGNAL|MACD_CROSS_DOWN_SIGNAL|30m|DOWN,MACD,STANDARD_MACD,MACD_12_26_9_SHIFT0_V1,"{'fast': 12, 'slow': 26, 'signal': 9, 'display_shift': 0, 'formula_version': 'MACD_CANONICAL_V1', 'causal_semantics': 'CLOSED_CANDLE', 'source_engine': 'INDICATOR_ENGINE_V1', 'reference_status': 'NUMERIC_REFERENCE_TESTED', 'preset_class': 'STANDARD', 'implementation_name': 'STANDARD_MACD'}",30m,DOWN,MACD_CROSS_DOWN_SIGNAL,MACD_CROSS_UP_SIGNAL,MACD_CROSS_DOWN_SIGNAL,NUMERIC_REFERENCE_TESTED,True,STANDARD_MACD,MULTITF_INDICATOR_PARAMETER_SEARCH_V2,SINGLE_FAMILY_SINGLE_PRIMITIVE,0.02745327359236889,0.03306071945919846,2067,654,STABLE_POSITIVE_FOLDS,STABLE_POSITIVE,NORMAL,NORMAL,STABLE_POSITIVE
MACD|MACD_12_26_9_SHIFT0_V1|MACD_CROSS_UP_SIGNAL|MACD_CROSS_DOWN_SIGNAL|30m|UP,MACD,STANDARD_MACD,MACD_12_26_9_SHIFT0_V1,"{'fast': 12, 'slow': 26, 'signal': 9, 'display_shift': 0, 'formula_version': 'MACD_CANONICAL_V1', 'causal_semantics': 'CLOSED_CANDLE', 'source_engine': 'INDICATOR_ENGINE_V1', 'reference_status': 'NUMERIC_REFERENCE_TESTED', 'preset_class': 'STANDARD', 'implementation_name': 'STANDARD_MACD'}",30m,UP,MACD_CROSS_UP_SIGNAL,MACD_CROSS_UP_SIGNAL,MACD_CROSS_DOWN_SIGNAL,NUMERIC_REFERENCE_TESTED,True,STANDARD_MACD,MULTITF_INDICATOR_PARAMETER_SEARCH_V2,SINGLE_FAMILY_SINGLE_PRIMITIVE,0.026971380260134157,0.045380159721800505,2067,653,STABLE_POSITIVE_FOLDS,STABLE_POSITIVE,NORMAL,NORMAL,STABLE_POSITIVE
MACD|MACD_12_26_9_SHIFT0_V1|MACD_CROSS_UP_SIGNAL|MACD_CROSS_DOWN_SIGNAL|4H|DOWN,MACD,STANDARD_MACD,MACD_12_26_9_SHIFT0_V1,"{'fast': 12, 'slow': 26, 'signal': 9, 'display_shift': 0, 'formula_version': 'MACD_CANONICAL_V1', 'causal_semantics': 'CLOSED_CANDLE', 'source_engine': 'INDICATOR_ENGINE_V1', 'reference_status': 'NUMERIC_REFERENCE_TESTED', 'preset_class': 'STANDARD', 'implementation_name': 'STANDARD_MACD'}",4H,DOWN,MACD_CROSS_DOWN_SIGNAL,MACD_CROSS_UP_SIGNAL,MACD_CROSS_DOWN_SIGNAL,NUMERIC_REFERENCE_TESTED,True,STANDARD_MACD,MULTITF_INDICATOR_PARAMETER_SEARCH_V2,SINGLE_FAMILY_SINGLE_PRIMITIVE,0.44729117180287736,0.5078763828763829,265,81,STABLE_POSITIVE_FOLDS,STABLE_POSITIVE,NORMAL,LOW_SAMPLE,STABLE_POSITIVE
MACD|MACD_12_26_9_SHIFT0_V1|MACD_CROSS_UP_SIGNAL|MACD_CROSS_DOWN_SIGNAL|4H|UP,MACD,STANDARD_MACD,MACD_12_26_9_SHIFT0_V1,"{'fast': 12, 'slow': 26, 'signal': 9, 'display_shift': 0, 'formula_version': 'MACD_CANONICAL_V1', 'causal_semantics': 'CLOSED_CANDLE', 'source_engine': 'INDICATOR_ENGINE_V1', 'reference_status': 'NUMERIC_REFERENCE_TESTED', 'preset_class': 'STANDARD', 'implementation_name': 'STANDARD_MACD'}",4H,UP,MACD_CROSS_UP_SIGNAL,MACD_CROSS_UP_SIGNAL,MACD_CROSS_DOWN_SIGNAL,NUMERIC_REFERENCE_TESTED,True,STANDARD_MACD,MULTITF_INDICATOR_PARAMETER_SEARCH_V2,SINGLE_FAMILY_SINGLE_PRIMITIVE,0.40715049567906586,0.4983739837398374,266,82,STABLE_POSITIVE_FOLDS,STABLE_POSITIVE,NORMAL,LOW_SAMPLE,STABLE_POSITIVE
MACD|MACD_12_26_9_SHIFT0_V1|MACD_CROSS_UP_SIGNAL|MACD_CROSS_DOWN_SIGNAL|5m|DOWN,MACD,STANDARD_MACD,MACD_12_26_9_SHIFT0_V1,"{'fast': 12, 'slow': 26, 'signal': 9, 'display_shift': 0, 'formula_version': 'MACD_CANONICAL_V1', 'causal_semantics': 'CLOSED_CANDLE', 'source_engine': 'INDICATOR_ENGINE_V1', 'reference_status': 'NUMERIC_REFERENCE_TESTED', 'preset_class': 'STANDARD', 'implementation_name': 'STANDARD_MACD'}",5m,DOWN,MACD_CROSS_DOWN_SIGNAL,MACD_CROSS_UP_SIGNAL,MACD_CROSS_DOWN_SIGNAL,NUMERIC_REFERENCE_TESTED,True,STANDARD_MACD,MULTITF_INDICATOR_PARAMETER_SEARCH_V2,SINGLE_FAMILY_SINGLE_PRIMITIVE,0.0,0.005803250826266487,12948,4322,UNSTABLE_DISCOVERY,WEAK_POSITIVE,NORMAL,NORMAL,WEAK_POSITIVE
MACD|MACD_12_26_9_SHIFT0_V1|MACD_CROSS_UP_SIGNAL|MACD_CROSS_DOWN_SIGNAL|5m|UP,MACD,STANDARD_MACD,MACD_12_26_9_SHIFT0_V1,"{'fast': 12, 'slow': 26, 'signal': 9, 'display_shift': 0, 'formula_version': 'MACD_CANONICAL_V1', 'causal_semantics': 'CLOSED_CANDLE', 'source_engine': 'INDICATOR_ENGINE_V1', 'reference_status': 'NUMERIC_REFERENCE_TESTED', 'preset_class': 'STANDARD', 'implementation_name': 'STANDARD_MACD'}",5m,UP,MACD_CROSS_UP_SIGNAL,MACD_CROSS_UP_SIGNAL,MACD_CROSS_DOWN_SIGNAL,NUMERIC_REFERENCE_TESTED,True,STANDARD_MACD,MULTITF_INDICATOR_PARAMETER_SEARCH_V2,SINGLE_FAMILY_SINGLE_PRIMITIVE,0.0,0.006231063342628056,12946,4322,UNSTABLE_DISCOVERY,WEAK_POSITIVE,NORMAL,NORMAL,WEAK_POSITIVE
MACD|MACD_12_26_9_SHIFT0_V1|MACD_CROSS_UP_SIGNAL|MACD_CROSS_DOWN_SIGNAL|6H|DOWN,MACD,STANDARD_MACD,MACD_12_26_9_SHIFT0_V1,"{'fast': 12, 'slow': 26, 'signal': 9, 'display_shift': 0, 'formula_version': 'MACD_CANONICAL_V1', 'causal_semantics': 'CLOSED_CANDLE', 'source_engine': 'INDICATOR_ENGINE_V1', 'reference_status': 'NUMERIC_REFERENCE_TESTED', 'preset_class': 'STANDARD', 'implementation_name': 'STANDARD_MACD'}",6H,DOWN,MACD_CROSS_DOWN_SIGNAL,MACD_CROSS_UP_SIGNAL,MACD_CROSS_DOWN_SIGNAL,NUMERIC_REFERENCE_TESTED,True,STANDARD_MACD,MULTITF_INDICATOR_PARAMETER_SEARCH_V2,SINGLE_FAMILY_SINGLE_PRIMITIVE,0.3308536181071116,0.415151828134683,169,47,STABLE_POSITIVE_FOLDS,STABLE_POSITIVE,NORMAL,LOW_SAMPLE,STABLE_POSITIVE
MACD|MACD_12_26_9_SHIFT0_V1|MACD_CROSS_UP_SIGNAL|MACD_CROSS_DOWN_SIGNAL|6H|UP,MACD,STANDARD_MACD,MACD_12_26_9_SHIFT0_V1,"{'fast': 12, 'slow': 26, 'signal': 9, 'display_shift': 0, 'formula_version': 'MACD_CANONICAL_V1', 'causal_semantics': 'CLOSED_CANDLE', 'source_engine': 'INDICATOR_ENGINE_V1', 'reference_status': 'NUMERIC_REFERENCE_TESTED', 'preset_class': 'STANDARD', 'implementation_name': 'STANDARD_MACD'}",6H,UP,MACD_CROSS_UP_SIGNAL,MACD_CROSS_UP_SIGNAL,MACD_CROSS_DOWN_SIGNAL,NUMERIC_REFERENCE_TESTED,True,STANDARD_MACD,MULTITF_INDICATOR_PARAMETER_SEARCH_V2,SINGLE_FAMILY_SINGLE_PRIMITIVE,0.3975531808648756,0.5118260689940095,170,47,STABLE_POSITIVE_FOLDS,STABLE_POSITIVE,NORMAL,LOW_SAMPLE,STABLE_POSITIVE
MACD|MACD_12_26_9_SHIFT0_V1|MACD_CROSS_UP_SIGNAL|MACD_CROSS_DOWN_SIGNAL|8H|DOWN,MACD,STANDARD_MACD,MACD_12_26_9_SHIFT0_V1,"{'fast': 12, 'slow': 26, 'signal': 9, 'display_shift': 0, 'formula_version': 'MACD_CANONICAL_V1', 'causal_semantics': 'CLOSED_CANDLE', 'source_engine': 'INDICATOR_ENGINE_V1', 'reference_status': 'NUMERIC_REFERENCE_TESTED', 'preset_class': 'STANDARD', 'implementation_name': 'STANDARD_MACD'}",8H,DOWN,MACD_CROSS_DOWN_SIGNAL,MACD_CROSS_UP_SIGNAL,MACD_CROSS_DOWN_SIGNAL,NUMERIC_REFERENCE_TESTED,True,STANDARD_MACD,MULTITF_INDICATOR_PARAMETER_SEARCH_V2,SINGLE_FAMILY_SINGLE_PRIMITIVE,0.3413329229432213,0.49646464646464644,128,40,STABLE_POSITIVE_FOLDS,STABLE_POSITIVE,NORMAL,LOW_SAMPLE,STABLE_POSITIVE
MACD|MACD_12_26_9_SHIFT0_V1|MACD_CROSS_UP_SIGNAL|MACD_CROSS_DOWN_SIGNAL|8H|UP,MACD,STANDARD_MACD,MACD_12_26_9_SHIFT0_V1,"{'fast': 12, 'slow': 26, 'signal': 9, 'display_shift': 0, 'formula_version': 'MACD_CANONICAL_V1', 'causal_semantics': 'CLOSED_CANDLE', 'source_engine': 'INDICATOR_ENGINE_V1', 'reference_status': 'NUMERIC_REFERENCE_TESTED', 'preset_class': 'STANDARD', 'implementation_name': 'STANDARD_MACD'}",8H,UP,MACD_CROSS_UP_SIGNAL,MACD_CROSS_UP_SIGNAL,MACD_CROSS_DOWN_SIGNAL,NUMERIC_REFERENCE_TESTED,True,STANDARD_MACD,MULTITF_INDICATOR_PARAMETER_SEARCH_V2,SINGLE_FAMILY_SINGLE_PRIMITIVE,0.42216435185185186,0.3293624161073826,128,40,STABLE_POSITIVE_FOLDS,STABLE_POSITIVE,NORMAL,LOW_SAMPLE,STABLE_POSITIVE
MACD|MACD_5_13_4_SHIFT0_V1|MACD_CROSS_UP_SIGNAL|MACD_CROSS_DOWN_SIGNAL|1D|DOWN,MACD,STANDARD_MACD,MACD_5_13_4_SHIFT0_V1,"{'fast': 5, 'slow': 13, 'signal': 4, 'display_shift': 0, 'formula_version': 'MACD_CANONICAL_V1', 'causal_semantics': 'CLOSED_CANDLE', 'source_engine': 'INDICATOR_ENGINE_V1', 'reference_status': 'PROJECT_RESEARCH', 'preset_class': 'STANDARD', 'implementation_name': 'STANDARD_MACD'}",1D,DOWN,MACD_CROSS_DOWN_SIGNAL,MACD_CROSS_UP_SIGNAL,MACD_CROSS_DOWN_SIGNAL,PROJECT_RESEARCH,False,STANDARD_MACD,MULTITF_INDICATOR_PARAMETER_SEARCH_V2,SINGLE_FAMILY_SINGLE_PRIMITIVE,0.3216312056737589,0.3462783171521035,94,33,STABLE_POSITIVE_FOLDS,STABLE_POSITIVE,LOW_SAMPLE,LOW_SAMPLE,STABLE_POSITIVE
MACD|MACD_5_13_4_SHIFT0_V1|MACD_CROSS_UP_SIGNAL|MACD_CROSS_DOWN_SIGNAL|1D|UP,MACD,STANDARD_MACD,MACD_5_13_4_SHIFT0_V1,"{'fast': 5, 'slow': 13, 'signal': 4, 'display_shift': 0, 'formula_version': 'MACD_CANONICAL_V1', 'causal_semantics': 'CLOSED_CANDLE', 'source_engine': 'INDICATOR_ENGINE_V1', 'reference_status': 'PROJECT_RESEARCH', 'preset_class': 'STANDARD', 'implementation_name': 'STANDARD_MACD'}",1D,UP,MACD_CROSS_UP_SIGNAL,MACD_CROSS_UP_SIGNAL,MACD_CROSS_DOWN_SIGNAL,PROJECT_RESEARCH,False,STANDARD_MACD,MULTITF_INDICATOR_PARAMETER_SEARCH_V2,SINGLE_FAMILY_SINGLE_PRIMITIVE,0.38500676012239377,0.36858974358974356,94,33,STABLE_POSITIVE_FOLDS,STABLE_POSITIVE,LOW_SAMPLE,LOW_SAMPLE,STABLE_POSITIVE
MACD|MACD_8_21_5_SHIFT0_V1|MACD_CROSS_UP_SIGNAL|MACD_CROSS_DOWN_SIGNAL|12H|DOWN,MACD,STANDARD_MACD,MACD_8_21_5_SHIFT0_V1,"{'fast': 8, 'slow': 21, 'signal': 5, 'display_shift': 0, 'formula_version': 'MACD_CANONICAL_V1', 'causal_semantics': 'CLOSED_CANDLE', 'source_engine': 'INDICATOR_ENGINE_V1', 'reference_status': 'PROJECT_RESEARCH', 'preset_class': 'STANDARD', 'implementation_name': 'STANDARD_MACD'}",12H,DOWN,MACD_CROSS_DOWN_SIGNAL,MACD_CROSS_UP_SIGNAL,MACD_CROSS_DOWN_SIGNAL,PROJECT_RESEARCH,False,STANDARD_MACD,MULTITF_INDICATOR_PARAMETER_SEARCH_V2,SINGLE_FAMILY_SINGLE_PRIMITIVE,0.3541719216727514,0.40053763440860213,131,44,STABLE_POSITIVE_FOLDS,STABLE_POSITIVE,NORMAL,LOW_SAMPLE,STABLE_POSITIVE
MACD|MACD_8_21_5_SHIFT0_V1|MACD_CROSS_UP_SIGNAL|MACD_CROSS_DOWN_SIGNAL|6H|DOWN,MACD,STANDARD_MACD,MACD_8_21_5_SHIFT0_V1,"{'fast': 8, 'slow': 21, 'signal': 5, 'display_shift': 0, 'formula_version': 'MACD_CANONICAL_V1', 'causal_semantics': 'CLOSED_CANDLE', 'source_engine': 'INDICATOR_ENGINE_V1', 'reference_status': 'PROJECT_RESEARCH', 'preset_class': 'STANDARD', 'implementation_name': 'STANDARD_MACD'}",6H,DOWN,MACD_CROSS_DOWN_SIGNAL,MACD_CROSS_UP_SIGNAL,MACD_CROSS_DOWN_SIGNAL,PROJECT_RESEARCH,False,STANDARD_MACD,MULTITF_INDICATOR_PARAMETER_SEARCH_V2,SINGLE_FAMILY_SINGLE_PRIMITIVE,0.34178422596079644,0.32811120917917036,275,88,STABLE_POSITIVE_FOLDS,STABLE_POSITIVE,NORMAL,LOW_SAMPLE,STABLE_POSITIVE
MACD|MACD_8_21_5_SHIFT0_V1|MACD_CROSS_UP_SIGNAL|MACD_CROSS_DOWN_SIGNAL|8H|DOWN,MACD,STANDARD_MACD,MACD_8_21_5_SHIFT0_V1,"{'fast': 8, 'slow': 21, 'signal': 5, 'display_shift': 0, 'formula_version': 'MACD_CANONICAL_V1', 'causal_semantics': 'CLOSED_CANDLE', 'source_engine': 'INDICATOR_ENGINE_V1', 'reference_status': 'PROJECT_RESEARCH', 'preset_class': 'STANDARD', 'implementation_name': 'STANDARD_MACD'}",8H,DOWN,MACD_CROSS_DOWN_SIGNAL,MACD_CROSS_UP_SIGNAL,MACD_CROSS_DOWN_SIGNAL,PROJECT_RESEARCH,False,STANDARD_MACD,MULTITF_INDICATOR_PARAMETER_SEARCH_V2,SINGLE_FAMILY_SINGLE_PRIMITIVE,0.4218495045758744,0.40508533611981884,196,58,STABLE_POSITIVE_FOLDS,STABLE_POSITIVE,NORMAL,LOW_SAMPLE,STABLE_POSITIVE
OSC_PREDICTOR|OSC_PRED_SWEEP_LOOKBACK_200|CROSSED_OB_BAND_UP|5m|UP,OSC_PREDICTOR,OSC_PRED_SWEEP_LOOKBACK_200,OSC_PRED_SWEEP_LOOKBACK_200,"{'sweep_axis': 'lookback', 'sweep_value': 200, 'period': 7, 'peak_strength': 2, 'lookback': 200, 'samples': 5, 'ob_os_level_percent': 0.8}",5m,UP,CROSSED_OB_BAND_UP,CROSSED_OB_BAND_UP,CROSSED_OS_BAND_DOWN,SWEEP,False,compute_predictor_feature_series,MULTITF_INDICATOR_PARAMETER_SEARCH_V2,SINGLE_FAMILY_SINGLE_PRIMITIVE,0.0,0.004086047846998358,19542,6275,UNSTABLE_DISCOVERY,WEAK_POSITIVE,NORMAL,NORMAL,WEAK_POSITIVE
OSC_PREDICTOR|OSC_PRED_SWEEP_LOOKBACK_200|CROSSED_OS_BAND_DOWN|5m|DOWN,OSC_PREDICTOR,OSC_PRED_SWEEP_LOOKBACK_200,OSC_PRED_SWEEP_LOOKBACK_200,"{'sweep_axis': 'lookback', 'sweep_value': 200, 'period': 7, 'peak_strength': 2, 'lookback': 200, 'samples': 5, 'ob_os_level_percent': 0.8}",5m,DOWN,CROSSED_OS_BAND_DOWN,CROSSED_OB_BAND_UP,CROSSED_OS_BAND_DOWN,SWEEP,False,compute_predictor_feature_series,MULTITF_INDICATOR_PARAMETER_SEARCH_V2,SINGLE_FAMILY_SINGLE_PRIMITIVE,0.0,0.0038753365369294194,19368,6383,UNSTABLE_DISCOVERY,WEAK_POSITIVE,NORMAL,NORMAL,WEAK_POSITIVE
OSC_PREDICTOR|OSC_PRED_SWEEP_LOOKBACK_200|CROSSED_OS_BAND_DOWN|6H|DOWN,OSC_PREDICTOR,OSC_PRED_SWEEP_LOOKBACK_200,OSC_PRED_SWEEP_LOOKBACK_200,"{'sweep_axis': 'lookback', 'sweep_value': 200, 'period': 7, 'peak_strength': 2, 'lookback': 200, 'samples': 5, 'ob_os_level_percent': 0.8}",6H,DOWN,CROSSED_OS_BAND_DOWN,CROSSED_OB_BAND_UP,CROSSED_OS_BAND_DOWN,SWEEP,False,compute_predictor_feature_series,MULTITF_INDICATOR_PARAMETER_SEARCH_V2,SINGLE_FAMILY_SINGLE_PRIMITIVE,0.3277393234948413,0.2760172357368823,247,89,STABLE_POSITIVE_FOLDS,STABLE_POSITIVE,NORMAL,LOW_SAMPLE,STABLE_POSITIVE
OSC_PREDICTOR|OSC_PRED_SWEEP_LOOKBACK_200|FORECAST_OB_CROSS|5m|UP,OSC_PREDICTOR,OSC_PRED_SWEEP_LOOKBACK_200,OSC_PRED_SWEEP_LOOKBACK_200,"{'sweep_axis': 'lookback', 'sweep_value': 200, 'period': 7, 'peak_strength': 2, 'lookback': 200, 'samples': 5, 'ob_os_level_percent': 0.8}",5m,UP,FORECAST_OB_CROSS,FORECAST_OB_CROSS,FORECAST_OS_CROSS,SWEEP,False,compute_predictor_feature_series,MULTITF_INDICATOR_PARAMETER_SEARCH_V2,SINGLE_FAMILY_SINGLE_PRIMITIVE,0.0,0.0024085901068713906,28821,9214,UNSTABLE_DISCOVERY,WEAK_POSITIVE,NORMAL,NORMAL,WEAK_POSITIVE
OSC_PREDICTOR|OSC_PRED_SWEEP_LOOKBACK_200|FORECAST_OS_CROSS|5m|DOWN,OSC_PREDICTOR,OSC_PRED_SWEEP_LOOKBACK_200,OSC_PRED_SWEEP_LOOKBACK_200,"{'sweep_axis': 'lookback', 'sweep_value': 200, 'period': 7, 'peak_strength': 2, 'lookback': 200, 'samples': 5, 'ob_os_level_percent': 0.8}",5m,DOWN,FORECAST_OS_CROSS,FORECAST_OB_CROSS,FORECAST_OS_CROSS,SWEEP,False,compute_predictor_feature_series,MULTITF_INDICATOR_PARAMETER_SEARCH_V2,SINGLE_FAMILY_SINGLE_PRIMITIVE,0.0,0.0023214793741109527,28802,9250,UNSTABLE_DISCOVERY,WEAK_POSITIVE,NORMAL,NORMAL,WEAK_POSITIVE
OSC_PREDICTOR|OSC_PRED_SWEEP_LOOKBACK_50|CROSSED_OB_BAND_UP|1H|UP,OSC_PREDICTOR,OSC_PRED_SWEEP_LOOKBACK_50,OSC_PRED_SWEEP_LOOKBACK_50,"{'sweep_axis': 'lookback', 'sweep_value': 50, 'period': 7, 'peak_strength': 2, 'lookback': 50, 'samples': 5, 'ob_os_level_percent': 0.8}",1H,UP,CROSSED_OB_BAND_UP,CROSSED_OB_BAND_UP,CROSSED_OS_BAND_DOWN,SWEEP,False,compute_predictor_feature_series,MULTITF_INDICATOR_PARAMETER_SEARCH_V2,SINGLE_FAMILY_SINGLE_PRIMITIVE,0.32731653872881594,0.33761298845779447,1112,360,STABLE_POSITIVE_FOLDS,STABLE_POSITIVE,NORMAL,NORMAL,STABLE_POSITIVE
OSC_PREDICTOR|OSC_PRED_SWEEP_LOOKBACK_50|CROSSED_OB_BAND_UP|4H|UP,OSC_PREDICTOR,OSC_PRED_SWEEP_LOOKBACK_50,OSC_PRED_SWEEP_LOOKBACK_50,"{'sweep_axis': 'lookback', 'sweep_value': 50, 'period': 7, 'peak_strength': 2, 'lookback': 50, 'samples': 5, 'ob_os_level_percent': 0.8}",4H,UP,CROSSED_OB_BAND_UP,CROSSED_OB_BAND_UP,CROSSED_OS_BAND_DOWN,SWEEP,False,compute_predictor_feature_series,MULTITF_INDICATOR_PARAMETER_SEARCH_V2,SINGLE_FAMILY_SINGLE_PRIMITIVE,0.257547034972505,0.33588222368710174,292,74,STABLE_POSITIVE_FOLDS,STABLE_POSITIVE,NORMAL,LOW_SAMPLE,STABLE_POSITIVE
OSC_PREDICTOR|OSC_PRED_SWEEP_LOOKBACK_50|CROSSED_OS_BAND_DOWN|1H|DOWN,OSC_PREDICTOR,OSC_PRED_SWEEP_LOOKBACK_50,OSC_PRED_SWEEP_LOOKBACK_50,"{'sweep_axis': 'lookback', 'sweep_value': 50, 'period': 7, 'peak_strength': 2, 'lookback': 50, 'samples': 5, 'ob_os_level_percent': 0.8}",1H,DOWN,CROSSED_OS_BAND_DOWN,CROSSED_OB_BAND_UP,CROSSED_OS_BAND_DOWN,SWEEP,False,compute_predictor_feature_series,MULTITF_INDICATOR_PARAMETER_SEARCH_V2,SINGLE_FAMILY_SINGLE_PRIMITIVE,0.3247862194731265,0.3401524355601395,1122,382,STABLE_POSITIVE_FOLDS,STABLE_POSITIVE,NORMAL,NORMAL,STABLE_POSITIVE
OSC_PREDICTOR|OSC_PRED_SWEEP_OB_OS_LEVEL_PERCENT_0.7|CROSSED_OB_BAND_UP|12H|UP,OSC_PREDICTOR,OSC_PRED_SWEEP_OB_OS_LEVEL_PERCENT_0.7,OSC_PRED_SWEEP_OB_OS_LEVEL_PERCENT_0.7,"{'sweep_axis': 'ob_os_level_percent', 'sweep_value': 0.7, 'period': 7, 'peak_strength': 2, 'lookback': 100, 'samples': 5, 'ob_os_level_percent': 0.7}",12H,UP,CROSSED_OB_BAND_UP,CROSSED_OB_BAND_UP,CROSSED_OS_BAND_DOWN,SWEEP,False,compute_predictor_feature_series,MULTITF_INDICATOR_PARAMETER_SEARCH_V2,SINGLE_FAMILY_SINGLE_PRIMITIVE,0.3321107647166698,0.34918648310387984,152,47,STABLE_POSITIVE_FOLDS,STABLE_POSITIVE,NORMAL,LOW_SAMPLE,STABLE_POSITIVE
OSC_PREDICTOR|OSC_PRED_SWEEP_OB_OS_LEVEL_PERCENT_0.7|CROSSED_OS_BAND_DOWN|8H|DOWN,OSC_PREDICTOR,OSC_PRED_SWEEP_OB_OS_LEVEL_PERCENT_0.7,OSC_PRED_SWEEP_OB_OS_LEVEL_PERCENT_0.7,"{'sweep_axis': 'ob_os_level_percent', 'sweep_value': 0.7, 'period': 7, 'peak_strength': 2, 'lookback': 100, 'samples': 5, 'ob_os_level_percent': 0.7}",8H,DOWN,CROSSED_OS_BAND_DOWN,CROSSED_OB_BAND_UP,CROSSED_OS_BAND_DOWN,SWEEP,False,compute_predictor_feature_series,MULTITF_INDICATOR_PARAMETER_SEARCH_V2,SINGLE_FAMILY_SINGLE_PRIMITIVE,0.3518628142475691,0.2607503607503608,184,70,STABLE_POSITIVE_FOLDS,STABLE_POSITIVE,NORMAL,LOW_SAMPLE,STABLE_POSITIVE
OSC_PREDICTOR|OSC_PRED_SWEEP_OB_OS_LEVEL_PERCENT_0.9|CROSSED_OB_BAND_UP|15m|UP,OSC_PREDICTOR,OSC_PRED_SWEEP_OB_OS_LEVEL_PERCENT_0.9,OSC_PRED_SWEEP_OB_OS_LEVEL_PERCENT_0.9,"{'sweep_axis': 'ob_os_level_percent', 'sweep_value': 0.9, 'period': 7, 'peak_strength': 2, 'lookback': 100, 'samples': 5, 'ob_os_level_percent': 0.9}",15m,UP,CROSSED_OB_BAND_UP,CROSSED_OB_BAND_UP,CROSSED_OS_BAND_DOWN,SWEEP,False,compute_predictor_feature_series,MULTITF_INDICATOR_PARAMETER_SEARCH_V2,SINGLE_FAMILY_SINGLE_PRIMITIVE,0.010813107418395373,0.030194214360745406,5477,1799,STABLE_POSITIVE_FOLDS,WEAK_POSITIVE,NORMAL,NORMAL,WEAK_POSITIVE
OSC_PREDICTOR|OSC_PRED_SWEEP_OB_OS_LEVEL_PERCENT_0.9|CROSSED_OB_BAND_UP|1H|UP,OSC_PREDICTOR,OSC_PRED_SWEEP_OB_OS_LEVEL_PERCENT_0.9,OSC_PRED_SWEEP_OB_OS_LEVEL_PERCENT_0.9,"{'sweep_axis': 'ob_os_level_percent', 'sweep_value': 0.9, 'period': 7, 'peak_strength': 2, 'lookback': 100, 'samples': 5, 'ob_os_level_percent': 0.9}",1H,UP,CROSSED_OB_BAND_UP,CROSSED_OB_BAND_UP,CROSSED_OS_BAND_DOWN,SWEEP,False,compute_predictor_feature_series,MULTITF_INDICATOR_PARAMETER_SEARCH_V2,SINGLE_FAMILY_SINGLE_PRIMITIVE,0.3271333519449097,0.35497909557210305,1296,417,STABLE_POSITIVE_FOLDS,STABLE_POSITIVE,NORMAL,NORMAL,STABLE_POSITIVE
OSC_PREDICTOR|OSC_PRED_SWEEP_OB_OS_LEVEL_PERCENT_0.9|CROSSED_OB_BAND_UP|2H|UP,OSC_PREDICTOR,OSC_PRED_SWEEP_OB_OS_LEVEL_PERCENT_0.9,OSC_PRED_SWEEP_OB_OS_LEVEL_PERCENT_0.9,"{'sweep_axis': 'ob_os_level_percent', 'sweep_value': 0.9, 'period': 7, 'peak_strength': 2, 'lookback': 100, 'samples': 5, 'ob_os_level_percent': 0.9}",2H,UP,CROSSED_OB_BAND_UP,CROSSED_OB_BAND_UP,CROSSED_OS_BAND_DOWN,SWEEP,False,compute_predictor_feature_series,MULTITF_INDICATOR_PARAMETER_SEARCH_V2,SINGLE_FAMILY_SINGLE_PRIMITIVE,0.28611327633842376,0.3357826838675355,653,219,STABLE_POSITIVE_FOLDS,STABLE_POSITIVE,NORMAL,NORMAL,STABLE_POSITIVE
OSC_PREDICTOR|OSC_PRED_SWEEP_OB_OS_LEVEL_PERCENT_0.9|CROSSED_OB_BAND_UP|30m|UP,OSC_PREDICTOR,OSC_PRED_SWEEP_OB_OS_LEVEL_PERCENT_0.9,OSC_PRED_SWEEP_OB_OS_LEVEL_PERCENT_0.9,"{'sweep_axis': 'ob_os_level_percent', 'sweep_value': 0.9, 'period': 7, 'peak_strength': 2, 'lookback': 100, 'samples': 5, 'ob_os_level_percent': 0.9}",30m,UP,CROSSED_OB_BAND_UP,CROSSED_OB_BAND_UP,CROSSED_OS_BAND_DOWN,SWEEP,False,compute_predictor_feature_series,MULTITF_INDICATOR_PARAMETER_SEARCH_V2,SINGLE_FAMILY_SINGLE_PRIMITIVE,0.021747585832668746,0.03378838600351617,2648,857,STABLE_POSITIVE_FOLDS,STABLE_POSITIVE,NORMAL,NORMAL,STABLE_POSITIVE
OSC_PREDICTOR|OSC_PRED_SWEEP_OB_OS_LEVEL_PERCENT_0.9|CROSSED_OB_BAND_UP|4H|UP,OSC_PREDICTOR,OSC_PRED_SWEEP_OB_OS_LEVEL_PERCENT_0.9,OSC_PRED_SWEEP_OB_OS_LEVEL_PERCENT_0.9,"{'sweep_axis': 'ob_os_level_percent', 'sweep_value': 0.9, 'period': 7, 'peak_strength': 2, 'lookback': 100, 'samples': 5, 'ob_os_level_percent': 0.9}",4H,UP,CROSSED_OB_BAND_UP,CROSSED_OB_BAND_UP,CROSSED_OS_BAND_DOWN,SWEEP,False,compute_predictor_feature_series,MULTITF_INDICATOR_PARAMETER_SEARCH_V2,SINGLE_FAMILY_SINGLE_PRIMITIVE,0.2565409208946472,0.3387883556254917,354,93,STABLE_POSITIVE_FOLDS,STABLE_POSITIVE,NORMAL,LOW_SAMPLE,STABLE_POSITIVE
OSC_PREDICTOR|OSC_PRED_SWEEP_OB_OS_LEVEL_PERCENT_0.9|CROSSED_OS_BAND_DOWN|15m|DOWN,OSC_PREDICTOR,OSC_PRED_SWEEP_OB_OS_LEVEL_PERCENT_0.9,OSC_PRED_SWEEP_OB_OS_LEVEL_PERCENT_0.9,"{'sweep_axis': 'ob_os_level_percent', 'sweep_value': 0.9, 'period': 7, 'peak_strength': 2, 'lookback': 100, 'samples': 5, 'ob_os_level_percent': 0.9}",15m,DOWN,CROSSED_OS_BAND_DOWN,CROSSED_OB_BAND_UP,CROSSED_OS_BAND_DOWN,SWEEP,False,compute_predictor_feature_series,MULTITF_INDICATOR_PARAMETER_SEARCH_V2,SINGLE_FAMILY_SINGLE_PRIMITIVE,0.01063770033876322,0.032914120497745857,5549,1752,STABLE_POSITIVE_FOLDS,WEAK_POSITIVE,NORMAL,NORMAL,WEAK_POSITIVE
OSC_PREDICTOR|OSC_PRED_SWEEP_OB_OS_LEVEL_PERCENT_0.9|CROSSED_OS_BAND_DOWN|1H|DOWN,OSC_PREDICTOR,OSC_PRED_SWEEP_OB_OS_LEVEL_PERCENT_0.9,OSC_PRED_SWEEP_OB_OS_LEVEL_PERCENT_0.9,"{'sweep_axis': 'ob_os_level_percent', 'sweep_value': 0.9, 'period': 7, 'peak_strength': 2, 'lookback': 100, 'samples': 5, 'ob_os_level_percent': 0.9}",1H,DOWN,CROSSED_OS_BAND_DOWN,CROSSED_OB_BAND_UP,CROSSED_OS_BAND_DOWN,SWEEP,False,compute_predictor_feature_series,MULTITF_INDICATOR_PARAMETER_SEARCH_V2,SINGLE_FAMILY_SINGLE_PRIMITIVE,0.31967316946843566,0.3277455744726735,1292,449,STABLE_POSITIVE_FOLDS,STABLE_POSITIVE,NORMAL,NORMAL,STABLE_POSITIVE
OSC_PREDICTOR|OSC_PRED_SWEEP_OB_OS_LEVEL_PERCENT_0.9|CROSSED_OS_BAND_DOWN|30m|DOWN,OSC_PREDICTOR,OSC_PRED_SWEEP_OB_OS_LEVEL_PERCENT_0.9,OSC_PRED_SWEEP_OB_OS_LEVEL_PERCENT_0.9,"{'sweep_axis': 'ob_os_level_percent', 'sweep_value': 0.9, 'period': 7, 'peak_strength': 2, 'lookback': 100, 'samples': 5, 'ob_os_level_percent': 0.9}",30m,DOWN,CROSSED_OS_BAND_DOWN,CROSSED_OB_BAND_UP,CROSSED_OS_BAND_DOWN,SWEEP,False,compute_predictor_feature_series,MULTITF_INDICATOR_PARAMETER_SEARCH_V2,SINGLE_FAMILY_SINGLE_PRIMITIVE,0.02318058930689279,0.03442502510484967,2655,891,STABLE_POSITIVE_FOLDS,STABLE_POSITIVE,NORMAL,NORMAL,STABLE_POSITIVE
OSC_PREDICTOR|OSC_PRED_SWEEP_OB_OS_LEVEL_PERCENT_0.9|CROSSED_OS_BAND_DOWN|4H|DOWN,OSC_PREDICTOR,OSC_PRED_SWEEP_OB_OS_LEVEL_PERCENT_0.9,OSC_PRED_SWEEP_OB_OS_LEVEL_PERCENT_0.9,"{'sweep_axis': 'ob_os_level_percent', 'sweep_value': 0.9, 'period': 7, 'peak_strength': 2, 'lookback': 100, 'samples': 5, 'ob_os_level_percent': 0.9}",4H,DOWN,CROSSED_OS_BAND_DOWN,CROSSED_OB_BAND_UP,CROSSED_OS_BAND_DOWN,SWEEP,False,compute_predictor_feature_series,MULTITF_INDICATOR_PARAMETER_SEARCH_V2,SINGLE_FAMILY_SINGLE_PRIMITIVE,0.2805708420971655,0.2856541606541606,293,108,STABLE_POSITIVE_FOLDS,STABLE_POSITIVE,NORMAL,NORMAL,STABLE_POSITIVE
OSC_PREDICTOR|OSC_PRED_SWEEP_PEAK_STRENGTH_1|CROSSED_OS_BAND_DOWN|8H|DOWN,OSC_PREDICTOR,OSC_PRED_SWEEP_PEAK_STRENGTH_1,OSC_PRED_SWEEP_PEAK_STRENGTH_1,"{'sweep_axis': 'peak_strength', 'sweep_value': 1, 'period': 7, 'peak_strength': 1, 'lookback': 100, 'samples': 5, 'ob_os_level_percent': 0.8}",8H,DOWN,CROSSED_OS_BAND_DOWN,CROSSED_OB_BAND_UP,CROSSED_OS_BAND_DOWN,SWEEP,False,compute_predictor_feature_series,MULTITF_INDICATOR_PARAMETER_SEARCH_V2,SINGLE_FAMILY_SINGLE_PRIMITIVE,0.3410712602637955,0.2853535353535353,209,72,STABLE_POSITIVE_FOLDS,STABLE_POSITIVE,NORMAL,LOW_SAMPLE,STABLE_POSITIVE
OSC_PREDICTOR|OSC_PRED_SWEEP_PEAK_STRENGTH_3|CROSSED_OB_BAND_UP|30m|UP,OSC_PREDICTOR,OSC_PRED_SWEEP_PEAK_STRENGTH_3,OSC_PRED_SWEEP_PEAK_STRENGTH_3,"{'sweep_axis': 'peak_strength', 'sweep_value': 3, 'period': 7, 'peak_strength': 3, 'lookback': 100, 'samples': 5, 'ob_os_level_percent': 0.8}",30m,UP,CROSSED_OB_BAND_UP,CROSSED_OB_BAND_UP,CROSSED_OS_BAND_DOWN,SWEEP,False,compute_predictor_feature_series,MULTITF_INDICATOR_PARAMETER_SEARCH_V2,SINGLE_FAMILY_SINGLE_PRIMITIVE,0.022080189286201275,0.03525964570622024,2616,851,STABLE_POSITIVE_FOLDS,STABLE_POSITIVE,NORMAL,NORMAL,STABLE_POSITIVE
OSC_PREDICTOR|OSC_PRED_SWEEP_PEAK_STRENGTH_3|CROSSED_OB_BAND_UP|8H|UP,OSC_PREDICTOR,OSC_PRED_SWEEP_PEAK_STRENGTH_3,OSC_PRED_SWEEP_PEAK_STRENGTH_3,"{'sweep_axis': 'peak_strength', 'sweep_value': 3, 'period': 7, 'peak_strength': 3, 'lookback': 100, 'samples': 5, 'ob_os_level_percent': 0.8}",8H,UP,CROSSED_OB_BAND_UP,CROSSED_OB_BAND_UP,CROSSED_OS_BAND_DOWN,SWEEP,False,compute_predictor_feature_series,MULTITF_INDICATOR_PARAMETER_SEARCH_V2,SINGLE_FAMILY_SINGLE_PRIMITIVE,0.36955416399058016,0.34527150701647347,173,55,STABLE_POSITIVE_FOLDS,STABLE_POSITIVE,NORMAL,LOW_SAMPLE,STABLE_POSITIVE
OSC_PREDICTOR|OSC_PRED_SWEEP_PEAK_STRENGTH_3|CROSSED_OS_BAND_DOWN|2H|DOWN,OSC_PREDICTOR,OSC_PRED_SWEEP_PEAK_STRENGTH_3,OSC_PRED_SWEEP_PEAK_STRENGTH_3,"{'sweep_axis': 'peak_strength', 'sweep_value': 3, 'period': 7, 'peak_strength': 3, 'lookback': 100, 'samples': 5, 'ob_os_level_percent': 0.8}",2H,DOWN,CROSSED_OS_BAND_DOWN,CROSSED_OB_BAND_UP,CROSSED_OS_BAND_DOWN,SWEEP,False,compute_predictor_feature_series,MULTITF_INDICATOR_PARAMETER_SEARCH_V2,SINGLE_FAMILY_SINGLE_PRIMITIVE,0.3116466528992343,0.31399030694668817,643,225,STABLE_POSITIVE_FOLDS,STABLE_POSITIVE,NORMAL,NORMAL,STABLE_POSITIVE
OSC_PREDICTOR|OSC_PRED_SWEEP_PEAK_STRENGTH_3|CROSSED_OS_BAND_DOWN|4H|DOWN,OSC_PREDICTOR,OSC_PRED_SWEEP_PEAK_STRENGTH_3,OSC_PRED_SWEEP_PEAK_STRENGTH_3,"{'sweep_axis': 'peak_strength', 'sweep_value': 3, 'period': 7, 'peak_strength': 3, 'lookback': 100, 'samples': 5, 'ob_os_level_percent': 0.8}",4H,DOWN,CROSSED_OS_BAND_DOWN,CROSSED_OB_BAND_UP,CROSSED_OS_BAND_DOWN,SWEEP,False,compute_predictor_feature_series,MULTITF_INDICATOR_PARAMETER_SEARCH_V2,SINGLE_FAMILY_SINGLE_PRIMITIVE,0.28675171774076236,0.25560524381279104,291,106,STABLE_POSITIVE_FOLDS,STABLE_POSITIVE,NORMAL,NORMAL,STABLE_POSITIVE
OSC_PREDICTOR|OSC_PRED_SWEEP_PEAK_STRENGTH_3|CROSSED_OS_BAND_DOWN|6H|DOWN,OSC_PREDICTOR,OSC_PRED_SWEEP_PEAK_STRENGTH_3,OSC_PRED_SWEEP_PEAK_STRENGTH_3,"{'sweep_axis': 'peak_strength', 'sweep_value': 3, 'period': 7, 'peak_strength': 3, 'lookback': 100, 'samples': 5, 'ob_os_level_percent': 0.8}",6H,DOWN,CROSSED_OS_BAND_DOWN,CROSSED_OB_BAND_UP,CROSSED_OS_BAND_DOWN,SWEEP,False,compute_predictor_feature_series,MULTITF_INDICATOR_PARAMETER_SEARCH_V2,SINGLE_FAMILY_SINGLE_PRIMITIVE,0.3251273344651952,0.20939463163906347,217,85,STABLE_POSITIVE_FOLDS,STABLE_POSITIVE,NORMAL,LOW_SAMPLE,STABLE_POSITIVE
OSC_PREDICTOR|OSC_PRED_SWEEP_PERIOD_10|CROSSED_OB_BAND_UP|2H|UP,OSC_PREDICTOR,OSC_PRED_SWEEP_PERIOD_10,OSC_PRED_SWEEP_PERIOD_10,"{'sweep_axis': 'period', 'sweep_value': 10, 'period': 10, 'peak_strength': 2, 'lookback': 100, 'samples': 5, 'ob_os_level_percent': 0.8}",2H,UP,CROSSED_OB_BAND_UP,CROSSED_OB_BAND_UP,CROSSED_OS_BAND_DOWN,SWEEP,False,compute_predictor_feature_series,MULTITF_INDICATOR_PARAMETER_SEARCH_V2,SINGLE_FAMILY_SINGLE_PRIMITIVE,0.2851835824587954,0.32676938229914165,677,230,STABLE_POSITIVE_FOLDS,STABLE_POSITIVE,NORMAL,NORMAL,STABLE_POSITIVE
OSC_PREDICTOR|OSC_PRED_SWEEP_PERIOD_14|CROSSED_OB_BAND_UP|12H|UP,OSC_PREDICTOR,OSC_PRED_SWEEP_PERIOD_14,OSC_PRED_SWEEP_PERIOD_14,"{'sweep_axis': 'period', 'sweep_value': 14, 'period': 14, 'peak_strength': 2, 'lookback': 100, 'samples': 5, 'ob_os_level_percent': 0.8}",12H,UP,CROSSED_OB_BAND_UP,CROSSED_OB_BAND_UP,CROSSED_OS_BAND_DOWN,SWEEP,False,compute_predictor_feature_series,MULTITF_INDICATOR_PARAMETER_SEARCH_V2,SINGLE_FAMILY_SINGLE_PRIMITIVE,0.3439407985167663,0.380392156862745,109,30,STABLE_POSITIVE_FOLDS,STABLE_POSITIVE,NORMAL,LOW_SAMPLE,STABLE_POSITIVE
OSC_PREDICTOR|OSC_PRED_SWEEP_PERIOD_14|CROSSED_OB_BAND_UP|15m|UP,OSC_PREDICTOR,OSC_PRED_SWEEP_PERIOD_14,OSC_PRED_SWEEP_PERIOD_14,"{'sweep_axis': 'period', 'sweep_value': 14, 'period': 14, 'peak_strength': 2, 'lookback': 100, 'samples': 5, 'ob_os_level_percent': 0.8}",15m,UP,CROSSED_OB_BAND_UP,CROSSED_OB_BAND_UP,CROSSED_OS_BAND_DOWN,SWEEP,False,compute_predictor_feature_series,MULTITF_INDICATOR_PARAMETER_SEARCH_V2,SINGLE_FAMILY_SINGLE_PRIMITIVE,0.010726114185871227,0.0313492491710942,5438,1797,STABLE_POSITIVE_FOLDS,WEAK_POSITIVE,NORMAL,NORMAL,WEAK_POSITIVE
OSC_PREDICTOR|OSC_PRED_SWEEP_PERIOD_14|CROSSED_OB_BAND_UP|6H|UP,OSC_PREDICTOR,OSC_PRED_SWEEP_PERIOD_14,OSC_PRED_SWEEP_PERIOD_14,"{'sweep_axis': 'period', 'sweep_value': 14, 'period': 14, 'peak_strength': 2, 'lookback': 100, 'samples': 5, 'ob_os_level_percent': 0.8}",6H,UP,CROSSED_OB_BAND_UP,CROSSED_OB_BAND_UP,CROSSED_OS_BAND_DOWN,SWEEP,False,compute_predictor_feature_series,MULTITF_INDICATOR_PARAMETER_SEARCH_V2,SINGLE_FAMILY_SINGLE_PRIMITIVE,0.3499496950260957,0.42397431882242403,216,62,STABLE_POSITIVE_FOLDS,STABLE_POSITIVE,NORMAL,LOW_SAMPLE,STABLE_POSITIVE
OSC_PREDICTOR|OSC_PRED_SWEEP_PERIOD_14|CROSSED_OB_BAND_UP|8H|UP,OSC_PREDICTOR,OSC_PRED_SWEEP_PERIOD_14,OSC_PRED_SWEEP_PERIOD_14,"{'sweep_axis': 'period', 'sweep_value': 14, 'period': 14, 'peak_strength': 2, 'lookback': 100, 'samples': 5, 'ob_os_level_percent': 0.8}",8H,UP,CROSSED_OB_BAND_UP,CROSSED_OB_BAND_UP,CROSSED_OS_BAND_DOWN,SWEEP,False,compute_predictor_feature_series,MULTITF_INDICATOR_PARAMETER_SEARCH_V2,SINGLE_FAMILY_SINGLE_PRIMITIVE,0.356175751222921,0.3482399671277907,159,49,STABLE_POSITIVE_FOLDS,STABLE_POSITIVE,NORMAL,LOW_SAMPLE,STABLE_POSITIVE
OSC_PREDICTOR|OSC_PRED_SWEEP_PERIOD_14|CROSSED_OS_BAND_DOWN|15m|DOWN,OSC_PREDICTOR,OSC_PRED_SWEEP_PERIOD_14,OSC_PRED_SWEEP_PERIOD_14,"{'sweep_axis': 'period', 'sweep_value': 14, 'period': 14, 'peak_strength': 2, 'lookback': 100, 'samples': 5, 'ob_os_level_percent': 0.8}",15m,DOWN,CROSSED_OS_BAND_DOWN,CROSSED_OB_BAND_UP,CROSSED_OS_BAND_DOWN,SWEEP,False,compute_predictor_feature_series,MULTITF_INDICATOR_PARAMETER_SEARCH_V2,SINGLE_FAMILY_SINGLE_PRIMITIVE,0.010982623840249096,0.03335842353810926,5336,1733,STABLE_POSITIVE_FOLDS,WEAK_POSITIVE,NORMAL,NORMAL,WEAK_POSITIVE
OSC_PREDICTOR|OSC_PRED_SWEEP_PERIOD_14|CROSSED_OS_BAND_DOWN|2H|DOWN,OSC_PREDICTOR,OSC_PRED_SWEEP_PERIOD_14,OSC_PRED_SWEEP_PERIOD_14,"{'sweep_axis': 'period', 'sweep_value': 14, 'period': 14, 'peak_strength': 2, 'lookback': 100, 'samples': 5, 'ob_os_level_percent': 0.8}",2H,DOWN,CROSSED_OS_BAND_DOWN,CROSSED_OB_BAND_UP,CROSSED_OS_BAND_DOWN,SWEEP,False,compute_predictor_feature_series,MULTITF_INDICATOR_PARAMETER_SEARCH_V2,SINGLE_FAMILY_SINGLE_PRIMITIVE,0.3079329187865084,0.33923094865791814,580,187,STABLE_POSITIVE_FOLDS,STABLE_POSITIVE,NORMAL,NORMAL,STABLE_POSITIVE
OSC_PREDICTOR|OSC_PRED_SWEEP_PERIOD_14|CROSSED_OS_BAND_DOWN|30m|DOWN,OSC_PREDICTOR,OSC_PRED_SWEEP_PERIOD_14,OSC_PRED_SWEEP_PERIOD_14,"{'sweep_axis': 'period', 'sweep_value': 14, 'period': 14, 'peak_strength': 2, 'lookback': 100, 'samples': 5, 'ob_os_level_percent': 0.8}",30m,DOWN,CROSSED_OS_BAND_DOWN,CROSSED_OB_BAND_UP,CROSSED_OS_BAND_DOWN,SWEEP,False,compute_predictor_feature_series,MULTITF_INDICATOR_PARAMETER_SEARCH_V2,SINGLE_FAMILY_SINGLE_PRIMITIVE,0.024352731732747265,0.03755096367679763,2517,852,STABLE_POSITIVE_FOLDS,STABLE_POSITIVE,NORMAL,NORMAL,STABLE_POSITIVE
OSC_PREDICTOR|OSC_PRED_SWEEP_PERIOD_5|CROSSED_OB_BAND_UP|6H|UP,OSC_PREDICTOR,OSC_PRED_SWEEP_PERIOD_5,OSC_PRED_SWEEP_PERIOD_5,"{'sweep_axis': 'period', 'sweep_value': 5, 'period': 5, 'peak_strength': 2, 'lookback': 100, 'samples': 5, 'ob_os_level_percent': 0.8}",6H,UP,CROSSED_OB_BAND_UP,CROSSED_OB_BAND_UP,CROSSED_OS_BAND_DOWN,SWEEP,False,compute_predictor_feature_series,MULTITF_INDICATOR_PARAMETER_SEARCH_V2,SINGLE_FAMILY_SINGLE_PRIMITIVE,0.34818107247095625,0.33138948430210563,267,77,STABLE_POSITIVE_FOLDS,STABLE_POSITIVE,NORMAL,LOW_SAMPLE,STABLE_POSITIVE
OSC_PREDICTOR|OSC_PRED_SWEEP_PERIOD_5|CROSSED_OS_BAND_DOWN|12H|DOWN,OSC_PREDICTOR,OSC_PRED_SWEEP_PERIOD_5,OSC_PRED_SWEEP_PERIOD_5,"{'sweep_axis': 'period', 'sweep_value': 5, 'period': 5, 'peak_strength': 2, 'lookback': 100, 'samples': 5, 'ob_os_level_percent': 0.8}",12H,DOWN,CROSSED_OS_BAND_DOWN,CROSSED_OB_BAND_UP,CROSSED_OS_BAND_DOWN,SWEEP,False,compute_predictor_feature_series,MULTITF_INDICATOR_PARAMETER_SEARCH_V2,SINGLE_FAMILY_SINGLE_PRIMITIVE,0.3387170349251603,0.26818469323213157,122,34,STABLE_POSITIVE_FOLDS,STABLE_POSITIVE,NORMAL,LOW_SAMPLE,STABLE_POSITIVE
OSC_PREDICTOR|OSC_PRED_SWEEP_SAMPLES_3|CROSSED_OS_BAND_DOWN|12H|DOWN,OSC_PREDICTOR,OSC_PRED_SWEEP_SAMPLES_3,OSC_PRED_SWEEP_SAMPLES_3,"{'sweep_axis': 'samples', 'sweep_value': 3, 'period': 7, 'peak_strength': 2, 'lookback': 100, 'samples': 3, 'ob_os_level_percent': 0.8}",12H,DOWN,CROSSED_OS_BAND_DOWN,CROSSED_OB_BAND_UP,CROSSED_OS_BAND_DOWN,SWEEP,False,compute_predictor_feature_series,MULTITF_INDICATOR_PARAMETER_SEARCH_V2,SINGLE_FAMILY_SINGLE_PRIMITIVE,0.32800841514726503,0.2791090629800307,124,35,STABLE_POSITIVE_FOLDS,STABLE_POSITIVE,NORMAL,LOW_SAMPLE,STABLE_POSITIVE
OSC_PREDICTOR|PROJECT_DINAPOLI_STYLE_OSCILLATOR_PREDICTOR_REFERENCE|CROSSED_OB_BAND_UP|12H|UP,OSC_PREDICTOR,PROJECT_DINAPOLI_STYLE_OSCILLATOR_PREDICTOR_REFERENCE,PROJECT_DINAPOLI_STYLE_OSCILLATOR_PREDICTOR_REFERENCE,"{'period': 7, 'peak_strength': 2, 'lookback': 100, 'samples': 5, 'ob_os_level_percent': 0.8}",12H,UP,CROSSED_OB_BAND_UP,CROSSED_OB_BAND_UP,CROSSED_OS_BAND_DOWN,REFERENCE,True,compute_predictor_feature_series,MULTITF_INDICATOR_PARAMETER_SEARCH_V2,SINGLE_FAMILY_SINGLE_PRIMITIVE,0.29123730447030916,0.3679890560875512,141,43,STABLE_POSITIVE_FOLDS,STABLE_POSITIVE,NORMAL,LOW_SAMPLE,STABLE_POSITIVE
OSC_PREDICTOR|PROJECT_DINAPOLI_STYLE_OSCILLATOR_PREDICTOR_REFERENCE|CROSSED_OB_BAND_UP|15m|UP,OSC_PREDICTOR,PROJECT_DINAPOLI_STYLE_OSCILLATOR_PREDICTOR_REFERENCE,PROJECT_DINAPOLI_STYLE_OSCILLATOR_PREDICTOR_REFERENCE,"{'period': 7, 'peak_strength': 2, 'lookback': 100, 'samples': 5, 'ob_os_level_percent': 0.8}",15m,UP,CROSSED_OB_BAND_UP,CROSSED_OB_BAND_UP,CROSSED_OS_BAND_DOWN,REFERENCE,True,compute_predictor_feature_series,MULTITF_INDICATOR_PARAMETER_SEARCH_V2,SINGLE_FAMILY_SINGLE_PRIMITIVE,0.009102412046464562,0.026978973550715917,6271,2053,STABLE_POSITIVE_FOLDS,WEAK_POSITIVE,NORMAL,NORMAL,WEAK_POSITIVE
OSC_PREDICTOR|PROJECT_DINAPOLI_STYLE_OSCILLATOR_PREDICTOR_REFERENCE|CROSSED_OB_BAND_UP|1H|UP,OSC_PREDICTOR,PROJECT_DINAPOLI_STYLE_OSCILLATOR_PREDICTOR_REFERENCE,PROJECT_DINAPOLI_STYLE_OSCILLATOR_PREDICTOR_REFERENCE,"{'period': 7, 'peak_strength': 2, 'lookback': 100, 'samples': 5, 'ob_os_level_percent': 0.8}",1H,UP,CROSSED_OB_BAND_UP,CROSSED_OB_BAND_UP,CROSSED_OS_BAND_DOWN,REFERENCE,True,compute_predictor_feature_series,MULTITF_INDICATOR_PARAMETER_SEARCH_V2,SINGLE_FAMILY_SINGLE_PRIMITIVE,0.2931997439882557,0.319439730454028,1497,472,STABLE_POSITIVE_FOLDS,STABLE_POSITIVE,NORMAL,NORMAL,STABLE_POSITIVE
OSC_PREDICTOR|PROJECT_DINAPOLI_STYLE_OSCILLATOR_PREDICTOR_REFERENCE|CROSSED_OB_BAND_UP|2H|UP,OSC_PREDICTOR,PROJECT_DINAPOLI_STYLE_OSCILLATOR_PREDICTOR_REFERENCE,PROJECT_DINAPOLI_STYLE_OSCILLATOR_PREDICTOR_REFERENCE,"{'period': 7, 'peak_strength': 2, 'lookback': 100, 'samples': 5, 'ob_os_level_percent': 0.8}",2H,UP,CROSSED_OB_BAND_UP,CROSSED_OB_BAND_UP,CROSSED_OS_BAND_DOWN,REFERENCE,True,compute_predictor_feature_series,MULTITF_INDICATOR_PARAMETER_SEARCH_V2,SINGLE_FAMILY_SINGLE_PRIMITIVE,0.2629042472747909,0.3213167807310733,746,244,STABLE_POSITIVE_FOLDS,STABLE_POSITIVE,NORMAL,NORMAL,STABLE_POSITIVE
OSC_PREDICTOR|PROJECT_DINAPOLI_STYLE_OSCILLATOR_PREDICTOR_REFERENCE|CROSSED_OB_BAND_UP|30m|UP,OSC_PREDICTOR,PROJECT_DINAPOLI_STYLE_OSCILLATOR_PREDICTOR_REFERENCE,PROJECT_DINAPOLI_STYLE_OSCILLATOR_PREDICTOR_REFERENCE,"{'period': 7, 'peak_strength': 2, 'lookback': 100, 'samples': 5, 'ob_os_level_percent': 0.8}",30m,UP,CROSSED_OB_BAND_UP,CROSSED_OB_BAND_UP,CROSSED_OS_BAND_DOWN,REFERENCE,True,compute_predictor_feature_series,MULTITF_INDICATOR_PARAMETER_SEARCH_V2,SINGLE_FAMILY_SINGLE_PRIMITIVE,0.018787770860674215,0.029847228458054202,3054,972,STABLE_POSITIVE_FOLDS,WEAK_POSITIVE,NORMAL,NORMAL,WEAK_POSITIVE
OSC_PREDICTOR|PROJECT_DINAPOLI_STYLE_OSCILLATOR_PREDICTOR_REFERENCE|CROSSED_OB_BAND_UP|4H|UP,OSC_PREDICTOR,PROJECT_DINAPOLI_STYLE_OSCILLATOR_PREDICTOR_REFERENCE,PROJECT_DINAPOLI_STYLE_OSCILLATOR_PREDICTOR_REFERENCE,"{'period': 7, 'peak_strength': 2, 'lookback': 100, 'samples': 5, 'ob_os_level_percent': 0.8}",4H,UP,CROSSED_OB_BAND_UP,CROSSED_OB_BAND_UP,CROSSED_OS_BAND_DOWN,REFERENCE,True,compute_predictor_feature_series,MULTITF_INDICATOR_PARAMETER_SEARCH_V2,SINGLE_FAMILY_SINGLE_PRIMITIVE,0.23849893978202402,0.35305827824633385,411,107,STABLE_POSITIVE_FOLDS,STABLE_POSITIVE,NORMAL,NORMAL,STABLE_POSITIVE
OSC_PREDICTOR|PROJECT_DINAPOLI_STYLE_OSCILLATOR_PREDICTOR_REFERENCE|CROSSED_OB_BAND_UP|5m|UP,OSC_PREDICTOR,PROJECT_DINAPOLI_STYLE_OSCILLATOR_PREDICTOR_REFERENCE,PROJECT_DINAPOLI_STYLE_OSCILLATOR_PREDICTOR_REFERENCE,"{'period': 7, 'peak_strength': 2, 'lookback': 100, 'samples': 5, 'ob_os_level_percent': 0.8}",5m,UP,CROSSED_OB_BAND_UP,CROSSED_OB_BAND_UP,CROSSED_OS_BAND_DOWN,REFERENCE,True,compute_predictor_feature_series,MULTITF_INDICATOR_PARAMETER_SEARCH_V2,SINGLE_FAMILY_SINGLE_PRIMITIVE,0.0,0.004086047846998358,19542,6275,UNSTABLE_DISCOVERY,WEAK_POSITIVE,NORMAL,NORMAL,WEAK_POSITIVE
OSC_PREDICTOR|PROJECT_DINAPOLI_STYLE_OSCILLATOR_PREDICTOR_REFERENCE|CROSSED_OB_BAND_UP|6H|UP,OSC_PREDICTOR,PROJECT_DINAPOLI_STYLE_OSCILLATOR_PREDICTOR_REFERENCE,PROJECT_DINAPOLI_STYLE_OSCILLATOR_PREDICTOR_REFERENCE,"{'period': 7, 'peak_strength': 2, 'lookback': 100, 'samples': 5, 'ob_os_level_percent': 0.8}",6H,UP,CROSSED_OB_BAND_UP,CROSSED_OB_BAND_UP,CROSSED_OS_BAND_DOWN,REFERENCE,True,compute_predictor_feature_series,MULTITF_INDICATOR_PARAMETER_SEARCH_V2,SINGLE_FAMILY_SINGLE_PRIMITIVE,0.29379563221804045,0.3257169958709965,263,87,STABLE_POSITIVE_FOLDS,STABLE_POSITIVE,NORMAL,LOW_SAMPLE,STABLE_POSITIVE
OSC_PREDICTOR|PROJECT_DINAPOLI_STYLE_OSCILLATOR_PREDICTOR_REFERENCE|CROSSED_OB_BAND_UP|8H|UP,OSC_PREDICTOR,PROJECT_DINAPOLI_STYLE_OSCILLATOR_PREDICTOR_REFERENCE,PROJECT_DINAPOLI_STYLE_OSCILLATOR_PREDICTOR_REFERENCE,"{'period': 7, 'peak_strength': 2, 'lookback': 100, 'samples': 5, 'ob_os_level_percent': 0.8}",8H,UP,CROSSED_OB_BAND_UP,CROSSED_OB_BAND_UP,CROSSED_OS_BAND_DOWN,REFERENCE,True,compute_predictor_feature_series,MULTITF_INDICATOR_PARAMETER_SEARCH_V2,SINGLE_FAMILY_SINGLE_PRIMITIVE,0.3342547644732111,0.3620547237996903,206,65,STABLE_POSITIVE_FOLDS,STABLE_POSITIVE,NORMAL,LOW_SAMPLE,STABLE_POSITIVE
OSC_PREDICTOR|PROJECT_DINAPOLI_STYLE_OSCILLATOR_PREDICTOR_REFERENCE|CROSSED_OS_BAND_DOWN|12H|DOWN,OSC_PREDICTOR,PROJECT_DINAPOLI_STYLE_OSCILLATOR_PREDICTOR_REFERENCE,PROJECT_DINAPOLI_STYLE_OSCILLATOR_PREDICTOR_REFERENCE,"{'period': 7, 'peak_strength': 2, 'lookback': 100, 'samples': 5, 'ob_os_level_percent': 0.8}",12H,DOWN,CROSSED_OS_BAND_DOWN,CROSSED_OB_BAND_UP,CROSSED_OS_BAND_DOWN,REFERENCE,True,compute_predictor_feature_series,MULTITF_INDICATOR_PARAMETER_SEARCH_V2,SINGLE_FAMILY_SINGLE_PRIMITIVE,0.3269565217391304,0.32795698924731176,115,31,STABLE_POSITIVE_FOLDS,STABLE_POSITIVE,NORMAL,LOW_SAMPLE,STABLE_POSITIVE
OSC_PREDICTOR|PROJECT_DINAPOLI_STYLE_OSCILLATOR_PREDICTOR_REFERENCE|CROSSED_OS_BAND_DOWN|15m|DOWN,OSC_PREDICTOR,PROJECT_DINAPOLI_STYLE_OSCILLATOR_PREDICTOR_REFERENCE,PROJECT_DINAPOLI_STYLE_OSCILLATOR_PREDICTOR_REFERENCE,"{'period': 7, 'peak_strength': 2, 'lookback': 100, 'samples': 5, 'ob_os_level_percent': 0.8}",15m,DOWN,CROSSED_OS_BAND_DOWN,CROSSED_OB_BAND_UP,CROSSED_OS_BAND_DOWN,REFERENCE,True,compute_predictor_feature_series,MULTITF_INDICATOR_PARAMETER_SEARCH_V2,SINGLE_FAMILY_SINGLE_PRIMITIVE,0.008994174629872455,0.02844308746417724,6329,1997,STABLE_POSITIVE_FOLDS,WEAK_POSITIVE,NORMAL,NORMAL,WEAK_POSITIVE
OSC_PREDICTOR|PROJECT_DINAPOLI_STYLE_OSCILLATOR_PREDICTOR_REFERENCE|CROSSED_OS_BAND_DOWN|1H|DOWN,OSC_PREDICTOR,PROJECT_DINAPOLI_STYLE_OSCILLATOR_PREDICTOR_REFERENCE,PROJECT_DINAPOLI_STYLE_OSCILLATOR_PREDICTOR_REFERENCE,"{'period': 7, 'peak_strength': 2, 'lookback': 100, 'samples': 5, 'ob_os_level_percent': 0.8}",1H,DOWN,CROSSED_OS_BAND_DOWN,CROSSED_OB_BAND_UP,CROSSED_OS_BAND_DOWN,REFERENCE,True,compute_predictor_feature_series,MULTITF_INDICATOR_PARAMETER_SEARCH_V2,SINGLE_FAMILY_SINGLE_PRIMITIVE,0.3028541440762716,0.3266802058413507,1438,485,STABLE_POSITIVE_FOLDS,STABLE_POSITIVE,NORMAL,NORMAL,STABLE_POSITIVE
OSC_PREDICTOR|PROJECT_DINAPOLI_STYLE_OSCILLATOR_PREDICTOR_REFERENCE|CROSSED_OS_BAND_DOWN|2H|DOWN,OSC_PREDICTOR,PROJECT_DINAPOLI_STYLE_OSCILLATOR_PREDICTOR_REFERENCE,PROJECT_DINAPOLI_STYLE_OSCILLATOR_PREDICTOR_REFERENCE,"{'period': 7, 'peak_strength': 2, 'lookback': 100, 'samples': 5, 'ob_os_level_percent': 0.8}",2H,DOWN,CROSSED_OS_BAND_DOWN,CROSSED_OB_BAND_UP,CROSSED_OS_BAND_DOWN,REFERENCE,True,compute_predictor_feature_series,MULTITF_INDICATOR_PARAMETER_SEARCH_V2,SINGLE_FAMILY_SINGLE_PRIMITIVE,0.2912179045161673,0.3043181757991472,737,244,STABLE_POSITIVE_FOLDS,STABLE_POSITIVE,NORMAL,NORMAL,STABLE_POSITIVE
OSC_PREDICTOR|PROJECT_DINAPOLI_STYLE_OSCILLATOR_PREDICTOR_REFERENCE|CROSSED_OS_BAND_DOWN|30m|DOWN,OSC_PREDICTOR,PROJECT_DINAPOLI_STYLE_OSCILLATOR_PREDICTOR_REFERENCE,PROJECT_DINAPOLI_STYLE_OSCILLATOR_PREDICTOR_REFERENCE,"{'period': 7, 'peak_strength': 2, 'lookback': 100, 'samples': 5, 'ob_os_level_percent': 0.8}",30m,DOWN,CROSSED_OS_BAND_DOWN,CROSSED_OB_BAND_UP,CROSSED_OS_BAND_DOWN,REFERENCE,True,compute_predictor_feature_series,MULTITF_INDICATOR_PARAMETER_SEARCH_V2,SINGLE_FAMILY_SINGLE_PRIMITIVE,0.019951132266112465,0.03149118340658163,3032,982,STABLE_POSITIVE_FOLDS,WEAK_POSITIVE,NORMAL,NORMAL,WEAK_POSITIVE
OSC_PREDICTOR|PROJECT_DINAPOLI_STYLE_OSCILLATOR_PREDICTOR_REFERENCE|CROSSED_OS_BAND_DOWN|4H|DOWN,OSC_PREDICTOR,PROJECT_DINAPOLI_STYLE_OSCILLATOR_PREDICTOR_REFERENCE,PROJECT_DINAPOLI_STYLE_OSCILLATOR_PREDICTOR_REFERENCE,"{'period': 7, 'peak_strength': 2, 'lookback': 100, 'samples': 5, 'ob_os_level_percent': 0.8}",4H,DOWN,CROSSED_OS_BAND_DOWN,CROSSED_OB_BAND_UP,CROSSED_OS_BAND_DOWN,REFERENCE,True,compute_predictor_feature_series,MULTITF_INDICATOR_PARAMETER_SEARCH_V2,SINGLE_FAMILY_SINGLE_PRIMITIVE,0.25922962643001124,0.30807131465026205,336,114,STABLE_POSITIVE_FOLDS,STABLE_POSITIVE,NORMAL,NORMAL,STABLE_POSITIVE
OSC_PREDICTOR|PROJECT_DINAPOLI_STYLE_OSCILLATOR_PREDICTOR_REFERENCE|CROSSED_OS_BAND_DOWN|5m|DOWN,OSC_PREDICTOR,PROJECT_DINAPOLI_STYLE_OSCILLATOR_PREDICTOR_REFERENCE,PROJECT_DINAPOLI_STYLE_OSCILLATOR_PREDICTOR_REFERENCE,"{'period': 7, 'peak_strength': 2, 'lookback': 100, 'samples': 5, 'ob_os_level_percent': 0.8}",5m,DOWN,CROSSED_OS_BAND_DOWN,CROSSED_OB_BAND_UP,CROSSED_OS_BAND_DOWN,REFERENCE,True,compute_predictor_feature_series,MULTITF_INDICATOR_PARAMETER_SEARCH_V2,SINGLE_FAMILY_SINGLE_PRIMITIVE,0.0,0.0038753365369294194,19368,6383,UNSTABLE_DISCOVERY,WEAK_POSITIVE,NORMAL,NORMAL,WEAK_POSITIVE
OSC_PREDICTOR|PROJECT_DINAPOLI_STYLE_OSCILLATOR_PREDICTOR_REFERENCE|CROSSED_OS_BAND_DOWN|6H|DOWN,OSC_PREDICTOR,PROJECT_DINAPOLI_STYLE_OSCILLATOR_PREDICTOR_REFERENCE,PROJECT_DINAPOLI_STYLE_OSCILLATOR_PREDICTOR_REFERENCE,"{'period': 7, 'peak_strength': 2, 'lookback': 100, 'samples': 5, 'ob_os_level_percent': 0.8}",6H,DOWN,CROSSED_OS_BAND_DOWN,CROSSED_OB_BAND_UP,CROSSED_OS_BAND_DOWN,REFERENCE,True,compute_predictor_feature_series,MULTITF_INDICATOR_PARAMETER_SEARCH_V2,SINGLE_FAMILY_SINGLE_PRIMITIVE,0.3277393234948413,0.2760172357368823,247,89,STABLE_POSITIVE_FOLDS,STABLE_POSITIVE,NORMAL,LOW_SAMPLE,STABLE_POSITIVE
OSC_PREDICTOR|PROJECT_DINAPOLI_STYLE_OSCILLATOR_PREDICTOR_REFERENCE|CROSSED_OS_BAND_DOWN|8H|DOWN,OSC_PREDICTOR,PROJECT_DINAPOLI_STYLE_OSCILLATOR_PREDICTOR_REFERENCE,PROJECT_DINAPOLI_STYLE_OSCILLATOR_PREDICTOR_REFERENCE,"{'period': 7, 'peak_strength': 2, 'lookback': 100, 'samples': 5, 'ob_os_level_percent': 0.8}",8H,DOWN,CROSSED_OS_BAND_DOWN,CROSSED_OB_BAND_UP,CROSSED_OS_BAND_DOWN,REFERENCE,True,compute_predictor_feature_series,MULTITF_INDICATOR_PARAMETER_SEARCH_V2,SINGLE_FAMILY_SINGLE_PRIMITIVE,0.3225649631731064,0.2496392496392496,174,63,STABLE_POSITIVE_FOLDS,STABLE_POSITIVE,NORMAL,LOW_SAMPLE,STABLE_POSITIVE
OSC_PREDICTOR|PROJECT_DINAPOLI_STYLE_OSCILLATOR_PREDICTOR_REFERENCE|FORECAST_OB_CROSS|12H|UP,OSC_PREDICTOR,PROJECT_DINAPOLI_STYLE_OSCILLATOR_PREDICTOR_REFERENCE,PROJECT_DINAPOLI_STYLE_OSCILLATOR_PREDICTOR_REFERENCE,"{'period': 7, 'peak_strength': 2, 'lookback': 100, 'samples': 5, 'ob_os_level_percent': 0.8}",12H,UP,FORECAST_OB_CROSS,FORECAST_OB_CROSS,FORECAST_OS_CROSS,REFERENCE,True,compute_predictor_feature_series,MULTITF_INDICATOR_PARAMETER_SEARCH_V2,SINGLE_FAMILY_SINGLE_PRIMITIVE,0.12554346150288304,0.21602434077079108,226,58,STABLE_POSITIVE_FOLDS,WEAK_POSITIVE,NORMAL,LOW_SAMPLE,WEAK_POSITIVE
OSC_PREDICTOR|PROJECT_DINAPOLI_STYLE_OSCILLATOR_PREDICTOR_REFERENCE|FORECAST_OB_CROSS|15m|UP,OSC_PREDICTOR,PROJECT_DINAPOLI_STYLE_OSCILLATOR_PREDICTOR_REFERENCE,PROJECT_DINAPOLI_STYLE_OSCILLATOR_PREDICTOR_REFERENCE,"{'period': 7, 'peak_strength': 2, 'lookback': 100, 'samples': 5, 'ob_os_level_percent': 0.8}",15m,UP,FORECAST_OB_CROSS,FORECAST_OB_CROSS,FORECAST_OS_CROSS,REFERENCE,True,compute_predictor_feature_series,MULTITF_INDICATOR_PARAMETER_SEARCH_V2,SINGLE_FAMILY_SINGLE_PRIMITIVE,0.0053385512339120264,0.016446927777262563,9208,2952,STABLE_POSITIVE_FOLDS,WEAK_POSITIVE,NORMAL,NORMAL,WEAK_POSITIVE
OSC_PREDICTOR|PROJECT_DINAPOLI_STYLE_OSCILLATOR_PREDICTOR_REFERENCE|FORECAST_OB_CROSS|1H|UP,OSC_PREDICTOR,PROJECT_DINAPOLI_STYLE_OSCILLATOR_PREDICTOR_REFERENCE,PROJECT_DINAPOLI_STYLE_OSCILLATOR_PREDICTOR_REFERENCE,"{'period': 7, 'peak_strength': 2, 'lookback': 100, 'samples': 5, 'ob_os_level_percent': 0.8}",1H,UP,FORECAST_OB_CROSS,FORECAST_OB_CROSS,FORECAST_OS_CROSS,REFERENCE,True,compute_predictor_feature_series,MULTITF_INDICATOR_PARAMETER_SEARCH_V2,SINGLE_FAMILY_SINGLE_PRIMITIVE,0.1916200096245212,0.21461332464875094,2143,661,STABLE_POSITIVE_FOLDS,STABLE_POSITIVE,NORMAL,NORMAL,STABLE_POSITIVE
OSC_PREDICTOR|PROJECT_DINAPOLI_STYLE_OSCILLATOR_PREDICTOR_REFERENCE|FORECAST_OB_CROSS|2H|UP,OSC_PREDICTOR,PROJECT_DINAPOLI_STYLE_OSCILLATOR_PREDICTOR_REFERENCE,PROJECT_DINAPOLI_STYLE_OSCILLATOR_PREDICTOR_REFERENCE,"{'period': 7, 'peak_strength': 2, 'lookback': 100, 'samples': 5, 'ob_os_level_percent': 0.8}",2H,UP,FORECAST_OB_CROSS,FORECAST_OB_CROSS,FORECAST_OS_CROSS,REFERENCE,True,compute_predictor_feature_series,MULTITF_INDICATOR_PARAMETER_SEARCH_V2,SINGLE_FAMILY_SINGLE_PRIMITIVE,0.17562890222464692,0.22444969666091122,1080,343,STABLE_POSITIVE_FOLDS,STABLE_POSITIVE,NORMAL,NORMAL,STABLE_POSITIVE
OSC_PREDICTOR|PROJECT_DINAPOLI_STYLE_OSCILLATOR_PREDICTOR_REFERENCE|FORECAST_OB_CROSS|30m|UP,OSC_PREDICTOR,PROJECT_DINAPOLI_STYLE_OSCILLATOR_PREDICTOR_REFERENCE,PROJECT_DINAPOLI_STYLE_OSCILLATOR_PREDICTOR_REFERENCE,"{'period': 7, 'peak_strength': 2, 'lookback': 100, 'samples': 5, 'ob_os_level_percent': 0.8}",30m,UP,FORECAST_OB_CROSS,FORECAST_OB_CROSS,FORECAST_OS_CROSS,REFERENCE,True,compute_predictor_feature_series,MULTITF_INDICATOR_PARAMETER_SEARCH_V2,SINGLE_FAMILY_SINGLE_PRIMITIVE,0.010998044441732458,0.019638527693797883,4501,1400,STABLE_POSITIVE_FOLDS,WEAK_POSITIVE,NORMAL,NORMAL,WEAK_POSITIVE
OSC_PREDICTOR|PROJECT_DINAPOLI_STYLE_OSCILLATOR_PREDICTOR_REFERENCE|FORECAST_OB_CROSS|4H|UP,OSC_PREDICTOR,PROJECT_DINAPOLI_STYLE_OSCILLATOR_PREDICTOR_REFERENCE,PROJECT_DINAPOLI_STYLE_OSCILLATOR_PREDICTOR_REFERENCE,"{'period': 7, 'peak_strength': 2, 'lookback': 100, 'samples': 5, 'ob_os_level_percent': 0.8}",4H,UP,FORECAST_OB_CROSS,FORECAST_OB_CROSS,FORECAST_OS_CROSS,REFERENCE,True,compute_predictor_feature_series,MULTITF_INDICATOR_PARAMETER_SEARCH_V2,SINGLE_FAMILY_SINGLE_PRIMITIVE,0.1523578850133287,0.23786854736017238,604,166,STABLE_POSITIVE_FOLDS,WEAK_POSITIVE,NORMAL,NORMAL,WEAK_POSITIVE
OSC_PREDICTOR|PROJECT_DINAPOLI_STYLE_OSCILLATOR_PREDICTOR_REFERENCE|FORECAST_OB_CROSS|5m|UP,OSC_PREDICTOR,PROJECT_DINAPOLI_STYLE_OSCILLATOR_PREDICTOR_REFERENCE,PROJECT_DINAPOLI_STYLE_OSCILLATOR_PREDICTOR_REFERENCE,"{'period': 7, 'peak_strength': 2, 'lookback': 100, 'samples': 5, 'ob_os_level_percent': 0.8}",5m,UP,FORECAST_OB_CROSS,FORECAST_OB_CROSS,FORECAST_OS_CROSS,REFERENCE,True,compute_predictor_feature_series,MULTITF_INDICATOR_PARAMETER_SEARCH_V2,SINGLE_FAMILY_SINGLE_PRIMITIVE,0.0,0.0024085901068713906,28821,9214,UNSTABLE_DISCOVERY,WEAK_POSITIVE,NORMAL,NORMAL,WEAK_POSITIVE
OSC_PREDICTOR|PROJECT_DINAPOLI_STYLE_OSCILLATOR_PREDICTOR_REFERENCE|FORECAST_OB_CROSS|6H|UP,OSC_PREDICTOR,PROJECT_DINAPOLI_STYLE_OSCILLATOR_PREDICTOR_REFERENCE,PROJECT_DINAPOLI_STYLE_OSCILLATOR_PREDICTOR_REFERENCE,"{'period': 7, 'peak_strength': 2, 'lookback': 100, 'samples': 5, 'ob_os_level_percent': 0.8}",6H,UP,FORECAST_OB_CROSS,FORECAST_OB_CROSS,FORECAST_OS_CROSS,REFERENCE,True,compute_predictor_feature_series,MULTITF_INDICATOR_PARAMETER_SEARCH_V2,SINGLE_FAMILY_SINGLE_PRIMITIVE,0.12271111993549194,0.15860133495145629,419,128,STABLE_POSITIVE_FOLDS,STABLE_POSITIVE,NORMAL,NORMAL,STABLE_POSITIVE
OSC_PREDICTOR|PROJECT_DINAPOLI_STYLE_OSCILLATOR_PREDICTOR_REFERENCE|FORECAST_OB_CROSS|8H|UP,OSC_PREDICTOR,PROJECT_DINAPOLI_STYLE_OSCILLATOR_PREDICTOR_REFERENCE,PROJECT_DINAPOLI_STYLE_OSCILLATOR_PREDICTOR_REFERENCE,"{'period': 7, 'peak_strength': 2, 'lookback': 100, 'samples': 5, 'ob_os_level_percent': 0.8}",8H,UP,FORECAST_OB_CROSS,FORECAST_OB_CROSS,FORECAST_OS_CROSS,REFERENCE,True,compute_predictor_feature_series,MULTITF_INDICATOR_PARAMETER_SEARCH_V2,SINGLE_FAMILY_SINGLE_PRIMITIVE,0.18171296296296302,0.2619573528162433,288,79,STABLE_POSITIVE_FOLDS,STABLE_POSITIVE,NORMAL,LOW_SAMPLE,STABLE_POSITIVE
OSC_PREDICTOR|PROJECT_DINAPOLI_STYLE_OSCILLATOR_PREDICTOR_REFERENCE|FORECAST_OS_CROSS|12H|DOWN,OSC_PREDICTOR,PROJECT_DINAPOLI_STYLE_OSCILLATOR_PREDICTOR_REFERENCE,PROJECT_DINAPOLI_STYLE_OSCILLATOR_PREDICTOR_REFERENCE,"{'period': 7, 'peak_strength': 2, 'lookback': 100, 'samples': 5, 'ob_os_level_percent': 0.8}",12H,DOWN,FORECAST_OS_CROSS,FORECAST_OB_CROSS,FORECAST_OS_CROSS,REFERENCE,True,compute_predictor_feature_series,MULTITF_INDICATOR_PARAMETER_SEARCH_V2,SINGLE_FAMILY_SINGLE_PRIMITIVE,0.2000990643918547,0.16905615292712062,158,54,STABLE_POSITIVE_FOLDS,STABLE_POSITIVE,NORMAL,LOW_SAMPLE,STABLE_POSITIVE
OSC_PREDICTOR|PROJECT_DINAPOLI_STYLE_OSCILLATOR_PREDICTOR_REFERENCE|FORECAST_OS_CROSS|15m|DOWN,OSC_PREDICTOR,PROJECT_DINAPOLI_STYLE_OSCILLATOR_PREDICTOR_REFERENCE,PROJECT_DINAPOLI_STYLE_OSCILLATOR_PREDICTOR_REFERENCE,"{'period': 7, 'peak_strength': 2, 'lookback': 100, 'samples': 5, 'ob_os_level_percent': 0.8}",15m,DOWN,FORECAST_OS_CROSS,FORECAST_OB_CROSS,FORECAST_OS_CROSS,REFERENCE,True,compute_predictor_feature_series,MULTITF_INDICATOR_PARAMETER_SEARCH_V2,SINGLE_FAMILY_SINGLE_PRIMITIVE,0.005510347665761096,0.017548467717406126,9137,2822,STABLE_POSITIVE_FOLDS,WEAK_POSITIVE,NORMAL,NORMAL,WEAK_POSITIVE
OSC_PREDICTOR|PROJECT_DINAPOLI_STYLE_OSCILLATOR_PREDICTOR_REFERENCE|FORECAST_OS_CROSS|1H|DOWN,OSC_PREDICTOR,PROJECT_DINAPOLI_STYLE_OSCILLATOR_PREDICTOR_REFERENCE,PROJECT_DINAPOLI_STYLE_OSCILLATOR_PREDICTOR_REFERENCE,"{'period': 7, 'peak_strength': 2, 'lookback': 100, 'samples': 5, 'ob_os_level_percent': 0.8}",1H,DOWN,FORECAST_OS_CROSS,FORECAST_OB_CROSS,FORECAST_OS_CROSS,REFERENCE,True,compute_predictor_feature_series,MULTITF_INDICATOR_PARAMETER_SEARCH_V2,SINGLE_FAMILY_SINGLE_PRIMITIVE,0.19789309725424564,0.2075878997557434,2045,691,STABLE_POSITIVE_FOLDS,STABLE_POSITIVE,NORMAL,NORMAL,STABLE_POSITIVE
OSC_PREDICTOR|PROJECT_DINAPOLI_STYLE_OSCILLATOR_PREDICTOR_REFERENCE|FORECAST_OS_CROSS|2H|DOWN,OSC_PREDICTOR,PROJECT_DINAPOLI_STYLE_OSCILLATOR_PREDICTOR_REFERENCE,PROJECT_DINAPOLI_STYLE_OSCILLATOR_PREDICTOR_REFERENCE,"{'period': 7, 'peak_strength': 2, 'lookback': 100, 'samples': 5, 'ob_os_level_percent': 0.8}",2H,DOWN,FORECAST_OS_CROSS,FORECAST_OB_CROSS,FORECAST_OS_CROSS,REFERENCE,True,compute_predictor_feature_series,MULTITF_INDICATOR_PARAMETER_SEARCH_V2,SINGLE_FAMILY_SINGLE_PRIMITIVE,0.19049044499472362,0.21106895863208144,1046,356,STABLE_POSITIVE_FOLDS,STABLE_POSITIVE,NORMAL,NORMAL,STABLE_POSITIVE
OSC_PREDICTOR|PROJECT_DINAPOLI_STYLE_OSCILLATOR_PREDICTOR_REFERENCE|FORECAST_OS_CROSS|30m|DOWN,OSC_PREDICTOR,PROJECT_DINAPOLI_STYLE_OSCILLATOR_PREDICTOR_REFERENCE,PROJECT_DINAPOLI_STYLE_OSCILLATOR_PREDICTOR_REFERENCE,"{'period': 7, 'peak_strength': 2, 'lookback': 100, 'samples': 5, 'ob_os_level_percent': 0.8}",30m,DOWN,FORECAST_OS_CROSS,FORECAST_OB_CROSS,FORECAST_OS_CROSS,REFERENCE,True,compute_predictor_feature_series,MULTITF_INDICATOR_PARAMETER_SEARCH_V2,SINGLE_FAMILY_SINGLE_PRIMITIVE,0.01268645571510655,0.020665204678362574,4302,1350,STABLE_POSITIVE_FOLDS,WEAK_POSITIVE,NORMAL,NORMAL,WEAK_POSITIVE
OSC_PREDICTOR|PROJECT_DINAPOLI_STYLE_OSCILLATOR_PREDICTOR_REFERENCE|FORECAST_OS_CROSS|4H|DOWN,OSC_PREDICTOR,PROJECT_DINAPOLI_STYLE_OSCILLATOR_PREDICTOR_REFERENCE,PROJECT_DINAPOLI_STYLE_OSCILLATOR_PREDICTOR_REFERENCE,"{'period': 7, 'peak_strength': 2, 'lookback': 100, 'samples': 5, 'ob_os_level_percent': 0.8}",4H,DOWN,FORECAST_OS_CROSS,FORECAST_OB_CROSS,FORECAST_OS_CROSS,REFERENCE,True,compute_predictor_feature_series,MULTITF_INDICATOR_PARAMETER_SEARCH_V2,SINGLE_FAMILY_SINGLE_PRIMITIVE,0.18894574364612848,0.1937229437229437,494,168,STABLE_POSITIVE_FOLDS,STABLE_POSITIVE,NORMAL,NORMAL,STABLE_POSITIVE
OSC_PREDICTOR|PROJECT_DINAPOLI_STYLE_OSCILLATOR_PREDICTOR_REFERENCE|FORECAST_OS_CROSS|5m|DOWN,OSC_PREDICTOR,PROJECT_DINAPOLI_STYLE_OSCILLATOR_PREDICTOR_REFERENCE,PROJECT_DINAPOLI_STYLE_OSCILLATOR_PREDICTOR_REFERENCE,"{'period': 7, 'peak_strength': 2, 'lookback': 100, 'samples': 5, 'ob_os_level_percent': 0.8}",5m,DOWN,FORECAST_OS_CROSS,FORECAST_OB_CROSS,FORECAST_OS_CROSS,REFERENCE,True,compute_predictor_feature_series,MULTITF_INDICATOR_PARAMETER_SEARCH_V2,SINGLE_FAMILY_SINGLE_PRIMITIVE,0.0,0.0023214793741109527,28802,9250,UNSTABLE_DISCOVERY,WEAK_POSITIVE,NORMAL,NORMAL,WEAK_POSITIVE
OSC_PREDICTOR|PROJECT_DINAPOLI_STYLE_OSCILLATOR_PREDICTOR_REFERENCE|FORECAST_OS_CROSS|6H|DOWN,OSC_PREDICTOR,PROJECT_DINAPOLI_STYLE_OSCILLATOR_PREDICTOR_REFERENCE,PROJECT_DINAPOLI_STYLE_OSCILLATOR_PREDICTOR_REFERENCE,"{'period': 7, 'peak_strength': 2, 'lookback': 100, 'samples': 5, 'ob_os_level_percent': 0.8}",6H,DOWN,FORECAST_OS_CROSS,FORECAST_OB_CROSS,FORECAST_OS_CROSS,REFERENCE,True,compute_predictor_feature_series,MULTITF_INDICATOR_PARAMETER_SEARCH_V2,SINGLE_FAMILY_SINGLE_PRIMITIVE,0.20937780884849694,0.20929143246465687,323,114,STABLE_POSITIVE_FOLDS,STABLE_POSITIVE,NORMAL,NORMAL,STABLE_POSITIVE
OSC_PREDICTOR|PROJECT_DINAPOLI_STYLE_OSCILLATOR_PREDICTOR_REFERENCE|FORECAST_OS_CROSS|8H|DOWN,OSC_PREDICTOR,PROJECT_DINAPOLI_STYLE_OSCILLATOR_PREDICTOR_REFERENCE,PROJECT_DINAPOLI_STYLE_OSCILLATOR_PREDICTOR_REFERENCE,"{'period': 7, 'peak_strength': 2, 'lookback': 100, 'samples': 5, 'ob_os_level_percent': 0.8}",8H,DOWN,FORECAST_OS_CROSS,FORECAST_OB_CROSS,FORECAST_OS_CROSS,REFERENCE,True,compute_predictor_feature_series,MULTITF_INDICATOR_PARAMETER_SEARCH_V2,SINGLE_FAMILY_SINGLE_PRIMITIVE,0.21474276807596465,0.14058229352347001,226,85,STABLE_POSITIVE_FOLDS,STABLE_POSITIVE,NORMAL,LOW_SAMPLE,STABLE_POSITIVE
PURE_DNO|DNO_PERIOD_7_REFERENCE|DNO_ZERO_CROSS_DOWN|12H|DOWN,PURE_DNO,DNO_PERIOD_7_REFERENCE,DNO_PERIOD_7_REFERENCE,"{'period': 7, 'formula': 'DNO_CLOSE_MINUS_SMA', 'authority': 'OSCILLATOR_PREDICTOR_REFERENCE_V1'}",12H,DOWN,DNO_ZERO_CROSS_DOWN,DNO_ZERO_CROSS_UP,DNO_ZERO_CROSS_DOWN,DINAPOLI_NONPROPRIETARY_REFERENCE,True,compute_dno_feature_series,MULTITF_INDICATOR_PARAMETER_SEARCH_V2,SINGLE_FAMILY_SINGLE_PRIMITIVE,0.29867641400538664,0.3505376344086021,226,70,STABLE_POSITIVE_FOLDS,STABLE_POSITIVE,NORMAL,LOW_SAMPLE,STABLE_POSITIVE
PURE_DNO|DNO_PERIOD_7_REFERENCE|DNO_ZERO_CROSS_DOWN|15m|DOWN,PURE_DNO,DNO_PERIOD_7_REFERENCE,DNO_PERIOD_7_REFERENCE,"{'period': 7, 'formula': 'DNO_CLOSE_MINUS_SMA', 'authority': 'OSCILLATOR_PREDICTOR_REFERENCE_V1'}",15m,DOWN,DNO_ZERO_CROSS_DOWN,DNO_ZERO_CROSS_UP,DNO_ZERO_CROSS_DOWN,DINAPOLI_NONPROPRIETARY_REFERENCE,True,compute_dno_feature_series,MULTITF_INDICATOR_PARAMETER_SEARCH_V2,SINGLE_FAMILY_SINGLE_PRIMITIVE,0.0033101352827974682,0.009406259946843569,12483,4231,STABLE_POSITIVE_FOLDS,WEAK_POSITIVE,NORMAL,NORMAL,WEAK_POSITIVE
PURE_DNO|DNO_PERIOD_7_REFERENCE|DNO_ZERO_CROSS_DOWN|1D|DOWN,PURE_DNO,DNO_PERIOD_7_REFERENCE,DNO_PERIOD_7_REFERENCE,"{'period': 7, 'formula': 'DNO_CLOSE_MINUS_SMA', 'authority': 'OSCILLATOR_PREDICTOR_REFERENCE_V1'}",1D,DOWN,DNO_ZERO_CROSS_DOWN,DNO_ZERO_CROSS_UP,DNO_ZERO_CROSS_DOWN,DINAPOLI_NONPROPRIETARY_REFERENCE,True,compute_dno_feature_series,MULTITF_INDICATOR_PARAMETER_SEARCH_V2,SINGLE_FAMILY_SINGLE_PRIMITIVE,0.284959349593496,0.33077444118311133,123,43,STABLE_POSITIVE_FOLDS,STABLE_POSITIVE,NORMAL,LOW_SAMPLE,STABLE_POSITIVE
PURE_DNO|DNO_PERIOD_7_REFERENCE|DNO_ZERO_CROSS_DOWN|1H|DOWN,PURE_DNO,DNO_PERIOD_7_REFERENCE,DNO_PERIOD_7_REFERENCE,"{'period': 7, 'formula': 'DNO_CLOSE_MINUS_SMA', 'authority': 'OSCILLATOR_PREDICTOR_REFERENCE_V1'}",1H,DOWN,DNO_ZERO_CROSS_DOWN,DNO_ZERO_CROSS_UP,DNO_ZERO_CROSS_DOWN,DINAPOLI_NONPROPRIETARY_REFERENCE,True,compute_dno_feature_series,MULTITF_INDICATOR_PARAMETER_SEARCH_V2,SINGLE_FAMILY_SINGLE_PRIMITIVE,0.1517488665606081,0.16611344746947096,3110,1023,STABLE_POSITIVE_FOLDS,STABLE_POSITIVE,NORMAL,NORMAL,STABLE_POSITIVE
PURE_DNO|DNO_PERIOD_7_REFERENCE|DNO_ZERO_CROSS_DOWN|2H|DOWN,PURE_DNO,DNO_PERIOD_7_REFERENCE,DNO_PERIOD_7_REFERENCE,"{'period': 7, 'formula': 'DNO_CLOSE_MINUS_SMA', 'authority': 'OSCILLATOR_PREDICTOR_REFERENCE_V1'}",2H,DOWN,DNO_ZERO_CROSS_DOWN,DNO_ZERO_CROSS_UP,DNO_ZERO_CROSS_DOWN,DINAPOLI_NONPROPRIETARY_REFERENCE,True,compute_dno_feature_series,MULTITF_INDICATOR_PARAMETER_SEARCH_V2,SINGLE_FAMILY_SINGLE_PRIMITIVE,0.15555854749646353,0.16971015130466485,1522,514,STABLE_POSITIVE_FOLDS,STABLE_POSITIVE,NORMAL,NORMAL,STABLE_POSITIVE
PURE_DNO|DNO_PERIOD_7_REFERENCE|DNO_ZERO_CROSS_DOWN|30m|DOWN,PURE_DNO,DNO_PERIOD_7_REFERENCE,DNO_PERIOD_7_REFERENCE,"{'period': 7, 'formula': 'DNO_CLOSE_MINUS_SMA', 'authority': 'OSCILLATOR_PREDICTOR_REFERENCE_V1'}",30m,DOWN,DNO_ZERO_CROSS_DOWN,DNO_ZERO_CROSS_UP,DNO_ZERO_CROSS_DOWN,DINAPOLI_NONPROPRIETARY_REFERENCE,True,compute_dno_feature_series,MULTITF_INDICATOR_PARAMETER_SEARCH_V2,SINGLE_FAMILY_SINGLE_PRIMITIVE,0.006969805597046506,0.010617578154052112,6283,2123,STABLE_POSITIVE_FOLDS,WEAK_POSITIVE,NORMAL,NORMAL,WEAK_POSITIVE
PURE_DNO|DNO_PERIOD_7_REFERENCE|DNO_ZERO_CROSS_DOWN|4H|DOWN,PURE_DNO,DNO_PERIOD_7_REFERENCE,DNO_PERIOD_7_REFERENCE,"{'period': 7, 'formula': 'DNO_CLOSE_MINUS_SMA', 'authority': 'OSCILLATOR_PREDICTOR_REFERENCE_V1'}",4H,DOWN,DNO_ZERO_CROSS_DOWN,DNO_ZERO_CROSS_UP,DNO_ZERO_CROSS_DOWN,DINAPOLI_NONPROPRIETARY_REFERENCE,True,compute_dno_feature_series,MULTITF_INDICATOR_PARAMETER_SEARCH_V2,SINGLE_FAMILY_SINGLE_PRIMITIVE,0.1642974946988141,0.17865827588049812,749,243,STABLE_POSITIVE_FOLDS,STABLE_POSITIVE,NORMAL,NORMAL,STABLE_POSITIVE
PURE_DNO|DNO_PERIOD_7_REFERENCE|DNO_ZERO_CROSS_DOWN|5m|DOWN,PURE_DNO,DNO_PERIOD_7_REFERENCE,DNO_PERIOD_7_REFERENCE,"{'period': 7, 'formula': 'DNO_CLOSE_MINUS_SMA', 'authority': 'OSCILLATOR_PREDICTOR_REFERENCE_V1'}",5m,DOWN,DNO_ZERO_CROSS_DOWN,DNO_ZERO_CROSS_UP,DNO_ZERO_CROSS_DOWN,DINAPOLI_NONPROPRIETARY_REFERENCE,True,compute_dno_feature_series,MULTITF_INDICATOR_PARAMETER_SEARCH_V2,SINGLE_FAMILY_SINGLE_PRIMITIVE,0.0,0.0014132437048133366,36846,12543,UNSTABLE_DISCOVERY,WEAK_POSITIVE,NORMAL,NORMAL,WEAK_POSITIVE
PURE_DNO|DNO_PERIOD_7_REFERENCE|DNO_ZERO_CROSS_DOWN|6H|DOWN,PURE_DNO,DNO_PERIOD_7_REFERENCE,DNO_PERIOD_7_REFERENCE,"{'period': 7, 'formula': 'DNO_CLOSE_MINUS_SMA', 'authority': 'OSCILLATOR_PREDICTOR_REFERENCE_V1'}",6H,DOWN,DNO_ZERO_CROSS_DOWN,DNO_ZERO_CROSS_UP,DNO_ZERO_CROSS_DOWN,DINAPOLI_NONPROPRIETARY_REFERENCE,True,compute_dno_feature_series,MULTITF_INDICATOR_PARAMETER_SEARCH_V2,SINGLE_FAMILY_SINGLE_PRIMITIVE,0.2841327108092812,0.2769748455428067,480,176,STABLE_POSITIVE_FOLDS,STABLE_POSITIVE,NORMAL,NORMAL,STABLE_POSITIVE
PURE_DNO|DNO_PERIOD_7_REFERENCE|DNO_ZERO_CROSS_DOWN|8H|DOWN,PURE_DNO,DNO_PERIOD_7_REFERENCE,DNO_PERIOD_7_REFERENCE,"{'period': 7, 'formula': 'DNO_CLOSE_MINUS_SMA', 'authority': 'OSCILLATOR_PREDICTOR_REFERENCE_V1'}",8H,DOWN,DNO_ZERO_CROSS_DOWN,DNO_ZERO_CROSS_UP,DNO_ZERO_CROSS_DOWN,DINAPOLI_NONPROPRIETARY_REFERENCE,True,compute_dno_feature_series,MULTITF_INDICATOR_PARAMETER_SEARCH_V2,SINGLE_FAMILY_SINGLE_PRIMITIVE,0.308529695940254,0.3558663558663559,337,117,STABLE_POSITIVE_FOLDS,STABLE_POSITIVE,NORMAL,NORMAL,STABLE_POSITIVE
PURE_DNO|DNO_PERIOD_7_REFERENCE|DNO_ZERO_CROSS_UP|12H|UP,PURE_DNO,DNO_PERIOD_7_REFERENCE,DNO_PERIOD_7_REFERENCE,"{'period': 7, 'formula': 'DNO_CLOSE_MINUS_SMA', 'authority': 'OSCILLATOR_PREDICTOR_REFERENCE_V1'}",12H,UP,DNO_ZERO_CROSS_UP,DNO_ZERO_CROSS_UP,DNO_ZERO_CROSS_DOWN,DINAPOLI_NONPROPRIETARY_REFERENCE,True,compute_dno_feature_series,MULTITF_INDICATOR_PARAMETER_SEARCH_V2,SINGLE_FAMILY_SINGLE_PRIMITIVE,0.3231049167634533,0.35128417564208775,225,71,STABLE_POSITIVE_FOLDS,STABLE_POSITIVE,NORMAL,LOW_SAMPLE,STABLE_POSITIVE
PURE_DNO|DNO_PERIOD_7_REFERENCE|DNO_ZERO_CROSS_UP|15m|UP,PURE_DNO,DNO_PERIOD_7_REFERENCE,DNO_PERIOD_7_REFERENCE,"{'period': 7, 'formula': 'DNO_CLOSE_MINUS_SMA', 'authority': 'OSCILLATOR_PREDICTOR_REFERENCE_V1'}",15m,UP,DNO_ZERO_CROSS_UP,DNO_ZERO_CROSS_UP,DNO_ZERO_CROSS_DOWN,DINAPOLI_NONPROPRIETARY_REFERENCE,True,compute_dno_feature_series,MULTITF_INDICATOR_PARAMETER_SEARCH_V2,SINGLE_FAMILY_SINGLE_PRIMITIVE,0.0033107136847656694,0.009408669776535108,12482,4232,STABLE_POSITIVE_FOLDS,WEAK_POSITIVE,NORMAL,NORMAL,WEAK_POSITIVE
PURE_DNO|DNO_PERIOD_7_REFERENCE|DNO_ZERO_CROSS_UP|1D|UP,PURE_DNO,DNO_PERIOD_7_REFERENCE,DNO_PERIOD_7_REFERENCE,"{'period': 7, 'formula': 'DNO_CLOSE_MINUS_SMA', 'authority': 'OSCILLATOR_PREDICTOR_REFERENCE_V1'}",1D,UP,DNO_ZERO_CROSS_UP,DNO_ZERO_CROSS_UP,DNO_ZERO_CROSS_DOWN,DINAPOLI_NONPROPRIETARY_REFERENCE,True,compute_dno_feature_series,MULTITF_INDICATOR_PARAMETER_SEARCH_V2,SINGLE_FAMILY_SINGLE_PRIMITIVE,0.2706014584132902,0.361013986013986,122,44,STABLE_POSITIVE_FOLDS,STABLE_POSITIVE,NORMAL,LOW_SAMPLE,STABLE_POSITIVE
PURE_DNO|DNO_PERIOD_7_REFERENCE|DNO_ZERO_CROSS_UP|1H|UP,PURE_DNO,DNO_PERIOD_7_REFERENCE,DNO_PERIOD_7_REFERENCE,"{'period': 7, 'formula': 'DNO_CLOSE_MINUS_SMA', 'authority': 'OSCILLATOR_PREDICTOR_REFERENCE_V1'}",1H,UP,DNO_ZERO_CROSS_UP,DNO_ZERO_CROSS_UP,DNO_ZERO_CROSS_DOWN,DINAPOLI_NONPROPRIETARY_REFERENCE,True,compute_dno_feature_series,MULTITF_INDICATOR_PARAMETER_SEARCH_V2,SINGLE_FAMILY_SINGLE_PRIMITIVE,0.15172439884098404,0.16660298628340875,3103,1022,STABLE_POSITIVE_FOLDS,STABLE_POSITIVE,NORMAL,NORMAL,STABLE_POSITIVE
PURE_DNO|DNO_PERIOD_7_REFERENCE|DNO_ZERO_CROSS_UP|2H|UP,PURE_DNO,DNO_PERIOD_7_REFERENCE,DNO_PERIOD_7_REFERENCE,"{'period': 7, 'formula': 'DNO_CLOSE_MINUS_SMA', 'authority': 'OSCILLATOR_PREDICTOR_REFERENCE_V1'}",2H,UP,DNO_ZERO_CROSS_UP,DNO_ZERO_CROSS_UP,DNO_ZERO_CROSS_DOWN,DINAPOLI_NONPROPRIETARY_REFERENCE,True,compute_dno_feature_series,MULTITF_INDICATOR_PARAMETER_SEARCH_V2,SINGLE_FAMILY_SINGLE_PRIMITIVE,0.1539671088523272,0.17284108329075112,1520,513,STABLE_POSITIVE_FOLDS,STABLE_POSITIVE,NORMAL,NORMAL,STABLE_POSITIVE
PURE_DNO|DNO_PERIOD_7_REFERENCE|DNO_ZERO_CROSS_UP|30m|UP,PURE_DNO,DNO_PERIOD_7_REFERENCE,DNO_PERIOD_7_REFERENCE,"{'period': 7, 'formula': 'DNO_CLOSE_MINUS_SMA', 'authority': 'OSCILLATOR_PREDICTOR_REFERENCE_V1'}",30m,UP,DNO_ZERO_CROSS_UP,DNO_ZERO_CROSS_UP,DNO_ZERO_CROSS_DOWN,DINAPOLI_NONPROPRIETARY_REFERENCE,True,compute_dno_feature_series,MULTITF_INDICATOR_PARAMETER_SEARCH_V2,SINGLE_FAMILY_SINGLE_PRIMITIVE,0.006814496422653465,0.010631526212715342,6282,2122,STABLE_POSITIVE_FOLDS,WEAK_POSITIVE,NORMAL,NORMAL,WEAK_POSITIVE
PURE_DNO|DNO_PERIOD_7_REFERENCE|DNO_ZERO_CROSS_UP|4H|UP,PURE_DNO,DNO_PERIOD_7_REFERENCE,DNO_PERIOD_7_REFERENCE,"{'period': 7, 'formula': 'DNO_CLOSE_MINUS_SMA', 'authority': 'OSCILLATOR_PREDICTOR_REFERENCE_V1'}",4H,UP,DNO_ZERO_CROSS_UP,DNO_ZERO_CROSS_UP,DNO_ZERO_CROSS_DOWN,DINAPOLI_NONPROPRIETARY_REFERENCE,True,compute_dno_feature_series,MULTITF_INDICATOR_PARAMETER_SEARCH_V2,SINGLE_FAMILY_SINGLE_PRIMITIVE,0.16654899191966738,0.18379981340797014,749,244,STABLE_POSITIVE_FOLDS,STABLE_POSITIVE,NORMAL,NORMAL,STABLE_POSITIVE
PURE_DNO|DNO_PERIOD_7_REFERENCE|DNO_ZERO_CROSS_UP|5m|UP,PURE_DNO,DNO_PERIOD_7_REFERENCE,DNO_PERIOD_7_REFERENCE,"{'period': 7, 'formula': 'DNO_CLOSE_MINUS_SMA', 'authority': 'OSCILLATOR_PREDICTOR_REFERENCE_V1'}",5m,UP,DNO_ZERO_CROSS_UP,DNO_ZERO_CROSS_UP,DNO_ZERO_CROSS_DOWN,DINAPOLI_NONPROPRIETARY_REFERENCE,True,compute_dno_feature_series,MULTITF_INDICATOR_PARAMETER_SEARCH_V2,SINGLE_FAMILY_SINGLE_PRIMITIVE,0.0,0.0014576137952420512,36842,12545,UNSTABLE_DISCOVERY,WEAK_POSITIVE,NORMAL,NORMAL,WEAK_POSITIVE
PURE_DNO|DNO_PERIOD_7_REFERENCE|DNO_ZERO_CROSS_UP|6H|UP,PURE_DNO,DNO_PERIOD_7_REFERENCE,DNO_PERIOD_7_REFERENCE,"{'period': 7, 'formula': 'DNO_CLOSE_MINUS_SMA', 'authority': 'OSCILLATOR_PREDICTOR_REFERENCE_V1'}",6H,UP,DNO_ZERO_CROSS_UP,DNO_ZERO_CROSS_UP,DNO_ZERO_CROSS_DOWN,DINAPOLI_NONPROPRIETARY_REFERENCE,True,compute_dno_feature_series,MULTITF_INDICATOR_PARAMETER_SEARCH_V2,SINGLE_FAMILY_SINGLE_PRIMITIVE,0.3031904357668364,0.27862974404236535,480,176,STABLE_POSITIVE_FOLDS,STABLE_POSITIVE,NORMAL,NORMAL,STABLE_POSITIVE
PURE_DNO|DNO_PERIOD_7_REFERENCE|DNO_ZERO_CROSS_UP|8H|UP,PURE_DNO,DNO_PERIOD_7_REFERENCE,DNO_PERIOD_7_REFERENCE,"{'period': 7, 'formula': 'DNO_CLOSE_MINUS_SMA', 'authority': 'OSCILLATOR_PREDICTOR_REFERENCE_V1'}",8H,UP,DNO_ZERO_CROSS_UP,DNO_ZERO_CROSS_UP,DNO_ZERO_CROSS_DOWN,DINAPOLI_NONPROPRIETARY_REFERENCE,True,compute_dno_feature_series,MULTITF_INDICATOR_PARAMETER_SEARCH_V2,SINGLE_FAMILY_SINGLE_PRIMITIVE,0.3191137566137566,0.3323285178022978,336,118,STABLE_POSITIVE_FOLDS,STABLE_POSITIVE,NORMAL,NORMAL,STABLE_POSITIVE
STOCH|DINAPOLI_PREFERRED_STOCHASTIC_REFERENCE_V1|K_CROSS_UP_D|K_CROSS_DOWN_D|12H|DOWN,STOCHASTIC,DINAPOLI_PREFERRED_STOCHASTIC,DINAPOLI_PREFERRED_STOCHASTIC_REFERENCE_V1,"{'k_period': 8, 'slowing': 3, 'd_period': 3, 'display_shift': 0, 'overbought': 80.0, 'oversold': 20.0, 'formula_version': 'DINAPOLI_PREFERRED_STOCH_REFERENCE_V1', 'causal_semantics': 'CLOSED_CANDLE', 'source_engine': 'INDICATOR_ENGINE_V1', 'reference_status': 'DINAPOLI_REFERENCE_IMPLEMENTATION', 'preset_class': 'DINAPOLI_REFERENCE', 'implementation_name': 'DINAPOLI_PREFERRED_STOCHASTIC', 'smoothing': 'MODIFIED_RECURSIVE', 'threshold_profile': 'PROJECT_GENERIC_80_20'}",12H,DOWN,K_CROSS_DOWN_D,K_CROSS_UP_D,K_CROSS_DOWN_D,DINAPOLI_REFERENCE_IMPLEMENTATION,True,DINAPOLI_PREFERRED_STOCHASTIC,MULTITF_INDICATOR_PARAMETER_SEARCH_V2,SINGLE_FAMILY_SINGLE_PRIMITIVE,0.36824994537906924,0.4086021505376344,199,62,STABLE_POSITIVE_FOLDS,STABLE_POSITIVE,NORMAL,LOW_SAMPLE,STABLE_POSITIVE
STOCH|DINAPOLI_PREFERRED_STOCHASTIC_REFERENCE_V1|K_CROSS_UP_D|K_CROSS_DOWN_D|12H|UP,STOCHASTIC,DINAPOLI_PREFERRED_STOCHASTIC,DINAPOLI_PREFERRED_STOCHASTIC_REFERENCE_V1,"{'k_period': 8, 'slowing': 3, 'd_period': 3, 'display_shift': 0, 'overbought': 80.0, 'oversold': 20.0, 'formula_version': 'DINAPOLI_PREFERRED_STOCH_REFERENCE_V1', 'causal_semantics': 'CLOSED_CANDLE', 'source_engine': 'INDICATOR_ENGINE_V1', 'reference_status': 'DINAPOLI_REFERENCE_IMPLEMENTATION', 'preset_class': 'DINAPOLI_REFERENCE', 'implementation_name': 'DINAPOLI_PREFERRED_STOCHASTIC', 'smoothing': 'MODIFIED_RECURSIVE', 'threshold_profile': 'PROJECT_GENERIC_80_20'}",12H,UP,K_CROSS_UP_D,K_CROSS_UP_D,K_CROSS_DOWN_D,DINAPOLI_REFERENCE_IMPLEMENTATION,True,DINAPOLI_PREFERRED_STOCHASTIC,MULTITF_INDICATOR_PARAMETER_SEARCH_V2,SINGLE_FAMILY_SINGLE_PRIMITIVE,0.3711857248442615,0.3930905695611578,198,63,STABLE_POSITIVE_FOLDS,STABLE_POSITIVE,NORMAL,LOW_SAMPLE,STABLE_POSITIVE
STOCH|DINAPOLI_PREFERRED_STOCHASTIC_REFERENCE_V1|K_CROSS_UP_D|K_CROSS_DOWN_D|15m|DOWN,STOCHASTIC,DINAPOLI_PREFERRED_STOCHASTIC,DINAPOLI_PREFERRED_STOCHASTIC_REFERENCE_V1,"{'k_period': 8, 'slowing': 3, 'd_period': 3, 'display_shift': 0, 'overbought': 80.0, 'oversold': 20.0, 'formula_version': 'DINAPOLI_PREFERRED_STOCH_REFERENCE_V1', 'causal_semantics': 'CLOSED_CANDLE', 'source_engine': 'INDICATOR_ENGINE_V1', 'reference_status': 'DINAPOLI_REFERENCE_IMPLEMENTATION', 'preset_class': 'DINAPOLI_REFERENCE', 'implementation_name': 'DINAPOLI_PREFERRED_STOCHASTIC', 'smoothing': 'MODIFIED_RECURSIVE', 'threshold_profile': 'PROJECT_GENERIC_80_20'}",15m,DOWN,K_CROSS_DOWN_D,K_CROSS_UP_D,K_CROSS_DOWN_D,DINAPOLI_REFERENCE_IMPLEMENTATION,True,DINAPOLI_PREFERRED_STOCHASTIC,MULTITF_INDICATOR_PARAMETER_SEARCH_V2,SINGLE_FAMILY_SINGLE_PRIMITIVE,0.004939438711835706,0.014346920340664888,9820,3279,STABLE_POSITIVE_FOLDS,WEAK_POSITIVE,NORMAL,NORMAL,WEAK_POSITIVE
STOCH|DINAPOLI_PREFERRED_STOCHASTIC_REFERENCE_V1|K_CROSS_UP_D|K_CROSS_DOWN_D|15m|UP,STOCHASTIC,DINAPOLI_PREFERRED_STOCHASTIC,DINAPOLI_PREFERRED_STOCHASTIC_REFERENCE_V1,"{'k_period': 8, 'slowing': 3, 'd_period': 3, 'display_shift': 0, 'overbought': 80.0, 'oversold': 20.0, 'formula_version': 'DINAPOLI_PREFERRED_STOCH_REFERENCE_V1', 'causal_semantics': 'CLOSED_CANDLE', 'source_engine': 'INDICATOR_ENGINE_V1', 'reference_status': 'DINAPOLI_REFERENCE_IMPLEMENTATION', 'preset_class': 'DINAPOLI_REFERENCE', 'implementation_name': 'DINAPOLI_PREFERRED_STOCHASTIC', 'smoothing': 'MODIFIED_RECURSIVE', 'threshold_profile': 'PROJECT_GENERIC_80_20'}",15m,UP,K_CROSS_UP_D,K_CROSS_UP_D,K_CROSS_DOWN_D,DINAPOLI_REFERENCE_IMPLEMENTATION,True,DINAPOLI_PREFERRED_STOCHASTIC,MULTITF_INDICATOR_PARAMETER_SEARCH_V2,SINGLE_FAMILY_SINGLE_PRIMITIVE,0.004942648022289943,0.01435335126052759,9816,3279,STABLE_POSITIVE_FOLDS,WEAK_POSITIVE,NORMAL,NORMAL,WEAK_POSITIVE
STOCH|DINAPOLI_PREFERRED_STOCHASTIC_REFERENCE_V1|K_CROSS_UP_D|K_CROSS_DOWN_D|1D|DOWN,STOCHASTIC,DINAPOLI_PREFERRED_STOCHASTIC,DINAPOLI_PREFERRED_STOCHASTIC_REFERENCE_V1,"{'k_period': 8, 'slowing': 3, 'd_period': 3, 'display_shift': 0, 'overbought': 80.0, 'oversold': 20.0, 'formula_version': 'DINAPOLI_PREFERRED_STOCH_REFERENCE_V1', 'causal_semantics': 'CLOSED_CANDLE', 'source_engine': 'INDICATOR_ENGINE_V1', 'reference_status': 'DINAPOLI_REFERENCE_IMPLEMENTATION', 'preset_class': 'DINAPOLI_REFERENCE', 'implementation_name': 'DINAPOLI_PREFERRED_STOCHASTIC', 'smoothing': 'MODIFIED_RECURSIVE', 'threshold_profile': 'PROJECT_GENERIC_80_20'}",1D,DOWN,K_CROSS_DOWN_D,K_CROSS_UP_D,K_CROSS_DOWN_D,DINAPOLI_REFERENCE_IMPLEMENTATION,True,DINAPOLI_PREFERRED_STOCHASTIC,MULTITF_INDICATOR_PARAMETER_SEARCH_V2,SINGLE_FAMILY_SINGLE_PRIMITIVE,0.34669966996699675,0.3653259361997226,101,35,STABLE_POSITIVE_FOLDS,STABLE_POSITIVE,NORMAL,LOW_SAMPLE,STABLE_POSITIVE
STOCH|DINAPOLI_PREFERRED_STOCHASTIC_REFERENCE_V1|K_CROSS_UP_D|K_CROSS_DOWN_D|1D|UP,STOCHASTIC,DINAPOLI_PREFERRED_STOCHASTIC,DINAPOLI_PREFERRED_STOCHASTIC_REFERENCE_V1,"{'k_period': 8, 'slowing': 3, 'd_period': 3, 'display_shift': 0, 'overbought': 80.0, 'oversold': 20.0, 'formula_version': 'DINAPOLI_PREFERRED_STOCH_REFERENCE_V1', 'causal_semantics': 'CLOSED_CANDLE', 'source_engine': 'INDICATOR_ENGINE_V1', 'reference_status': 'DINAPOLI_REFERENCE_IMPLEMENTATION', 'preset_class': 'DINAPOLI_REFERENCE', 'implementation_name': 'DINAPOLI_PREFERRED_STOCHASTIC', 'smoothing': 'MODIFIED_RECURSIVE', 'threshold_profile': 'PROJECT_GENERIC_80_20'}",1D,UP,K_CROSS_UP_D,K_CROSS_UP_D,K_CROSS_DOWN_D,DINAPOLI_REFERENCE_IMPLEMENTATION,True,DINAPOLI_PREFERRED_STOCHASTIC,MULTITF_INDICATOR_PARAMETER_SEARCH_V2,SINGLE_FAMILY_SINGLE_PRIMITIVE,0.3622408026755852,0.2852564102564103,100,36,STABLE_POSITIVE_FOLDS,STABLE_POSITIVE,NORMAL,LOW_SAMPLE,STABLE_POSITIVE
STOCH|DINAPOLI_PREFERRED_STOCHASTIC_REFERENCE_V1|K_CROSS_UP_D|K_CROSS_DOWN_D|1H|DOWN,STOCHASTIC,DINAPOLI_PREFERRED_STOCHASTIC,DINAPOLI_PREFERRED_STOCHASTIC_REFERENCE_V1,"{'k_period': 8, 'slowing': 3, 'd_period': 3, 'display_shift': 0, 'overbought': 80.0, 'oversold': 20.0, 'formula_version': 'DINAPOLI_PREFERRED_STOCH_REFERENCE_V1', 'causal_semantics': 'CLOSED_CANDLE', 'source_engine': 'INDICATOR_ENGINE_V1', 'reference_status': 'DINAPOLI_REFERENCE_IMPLEMENTATION', 'preset_class': 'DINAPOLI_REFERENCE', 'implementation_name': 'DINAPOLI_PREFERRED_STOCHASTIC', 'smoothing': 'MODIFIED_RECURSIVE', 'threshold_profile': 'PROJECT_GENERIC_80_20'}",1H,DOWN,K_CROSS_DOWN_D,K_CROSS_UP_D,K_CROSS_DOWN_D,DINAPOLI_REFERENCE_IMPLEMENTATION,True,DINAPOLI_PREFERRED_STOCHASTIC,MULTITF_INDICATOR_PARAMETER_SEARCH_V2,SINGLE_FAMILY_SINGLE_PRIMITIVE,0.21790476880082615,0.23743459943578418,2430,806,STABLE_POSITIVE_FOLDS,STABLE_POSITIVE,NORMAL,NORMAL,STABLE_POSITIVE
STOCH|DINAPOLI_PREFERRED_STOCHASTIC_REFERENCE_V1|K_CROSS_UP_D|K_CROSS_DOWN_D|1H|UP,STOCHASTIC,DINAPOLI_PREFERRED_STOCHASTIC,DINAPOLI_PREFERRED_STOCHASTIC_REFERENCE_V1,"{'k_period': 8, 'slowing': 3, 'd_period': 3, 'display_shift': 0, 'overbought': 80.0, 'oversold': 20.0, 'formula_version': 'DINAPOLI_PREFERRED_STOCH_REFERENCE_V1', 'causal_semantics': 'CLOSED_CANDLE', 'source_engine': 'INDICATOR_ENGINE_V1', 'reference_status': 'DINAPOLI_REFERENCE_IMPLEMENTATION', 'preset_class': 'DINAPOLI_REFERENCE', 'implementation_name': 'DINAPOLI_PREFERRED_STOCHASTIC', 'smoothing': 'MODIFIED_RECURSIVE', 'threshold_profile': 'PROJECT_GENERIC_80_20'}",1H,UP,K_CROSS_UP_D,K_CROSS_UP_D,K_CROSS_DOWN_D,DINAPOLI_REFERENCE_IMPLEMENTATION,True,DINAPOLI_PREFERRED_STOCHASTIC,MULTITF_INDICATOR_PARAMETER_SEARCH_V2,SINGLE_FAMILY_SINGLE_PRIMITIVE,0.2245352768961768,0.241302872371559,2432,804,STABLE_POSITIVE_FOLDS,STABLE_POSITIVE,NORMAL,NORMAL,STABLE_POSITIVE
STOCH|DINAPOLI_PREFERRED_STOCHASTIC_REFERENCE_V1|K_CROSS_UP_D|K_CROSS_DOWN_D|2H|DOWN,STOCHASTIC,DINAPOLI_PREFERRED_STOCHASTIC,DINAPOLI_PREFERRED_STOCHASTIC_REFERENCE_V1,"{'k_period': 8, 'slowing': 3, 'd_period': 3, 'display_shift': 0, 'overbought': 80.0, 'oversold': 20.0, 'formula_version': 'DINAPOLI_PREFERRED_STOCH_REFERENCE_V1', 'causal_semantics': 'CLOSED_CANDLE', 'source_engine': 'INDICATOR_ENGINE_V1', 'reference_status': 'DINAPOLI_REFERENCE_IMPLEMENTATION', 'preset_class': 'DINAPOLI_REFERENCE', 'implementation_name': 'DINAPOLI_PREFERRED_STOCHASTIC', 'smoothing': 'MODIFIED_RECURSIVE', 'threshold_profile': 'PROJECT_GENERIC_80_20'}",2H,DOWN,K_CROSS_DOWN_D,K_CROSS_UP_D,K_CROSS_DOWN_D,DINAPOLI_REFERENCE_IMPLEMENTATION,True,DINAPOLI_PREFERRED_STOCHASTIC,MULTITF_INDICATOR_PARAMETER_SEARCH_V2,SINGLE_FAMILY_SINGLE_PRIMITIVE,0.22506188605562577,0.2614248619205102,1181,382,STABLE_POSITIVE_FOLDS,STABLE_POSITIVE,NORMAL,NORMAL,STABLE_POSITIVE
STOCH|DINAPOLI_PREFERRED_STOCHASTIC_REFERENCE_V1|K_CROSS_UP_D|K_CROSS_DOWN_D|2H|UP,STOCHASTIC,DINAPOLI_PREFERRED_STOCHASTIC,DINAPOLI_PREFERRED_STOCHASTIC_REFERENCE_V1,"{'k_period': 8, 'slowing': 3, 'd_period': 3, 'display_shift': 0, 'overbought': 80.0, 'oversold': 20.0, 'formula_version': 'DINAPOLI_PREFERRED_STOCH_REFERENCE_V1', 'causal_semantics': 'CLOSED_CANDLE', 'source_engine': 'INDICATOR_ENGINE_V1', 'reference_status': 'DINAPOLI_REFERENCE_IMPLEMENTATION', 'preset_class': 'DINAPOLI_REFERENCE', 'implementation_name': 'DINAPOLI_PREFERRED_STOCHASTIC', 'smoothing': 'MODIFIED_RECURSIVE', 'threshold_profile': 'PROJECT_GENERIC_80_20'}",2H,UP,K_CROSS_UP_D,K_CROSS_UP_D,K_CROSS_DOWN_D,DINAPOLI_REFERENCE_IMPLEMENTATION,True,DINAPOLI_PREFERRED_STOCHASTIC,MULTITF_INDICATOR_PARAMETER_SEARCH_V2,SINGLE_FAMILY_SINGLE_PRIMITIVE,0.22612440195808062,0.2620300242294854,1181,382,STABLE_POSITIVE_FOLDS,STABLE_POSITIVE,NORMAL,NORMAL,STABLE_POSITIVE
STOCH|DINAPOLI_PREFERRED_STOCHASTIC_REFERENCE_V1|K_CROSS_UP_D|K_CROSS_DOWN_D|30m|DOWN,STOCHASTIC,DINAPOLI_PREFERRED_STOCHASTIC,DINAPOLI_PREFERRED_STOCHASTIC_REFERENCE_V1,"{'k_period': 8, 'slowing': 3, 'd_period': 3, 'display_shift': 0, 'overbought': 80.0, 'oversold': 20.0, 'formula_version': 'DINAPOLI_PREFERRED_STOCH_REFERENCE_V1', 'causal_semantics': 'CLOSED_CANDLE', 'source_engine': 'INDICATOR_ENGINE_V1', 'reference_status': 'DINAPOLI_REFERENCE_IMPLEMENTATION', 'preset_class': 'DINAPOLI_REFERENCE', 'implementation_name': 'DINAPOLI_PREFERRED_STOCHASTIC', 'smoothing': 'MODIFIED_RECURSIVE', 'threshold_profile': 'PROJECT_GENERIC_80_20'}",30m,DOWN,K_CROSS_DOWN_D,K_CROSS_UP_D,K_CROSS_DOWN_D,DINAPOLI_REFERENCE_IMPLEMENTATION,True,DINAPOLI_PREFERRED_STOCHASTIC,MULTITF_INDICATOR_PARAMETER_SEARCH_V2,SINGLE_FAMILY_SINGLE_PRIMITIVE,0.010202580075538332,0.016698434169535988,4921,1605,STABLE_POSITIVE_FOLDS,WEAK_POSITIVE,NORMAL,NORMAL,WEAK_POSITIVE
STOCH|DINAPOLI_PREFERRED_STOCHASTIC_REFERENCE_V1|K_CROSS_UP_D|K_CROSS_DOWN_D|30m|UP,STOCHASTIC,DINAPOLI_PREFERRED_STOCHASTIC,DINAPOLI_PREFERRED_STOCHASTIC_REFERENCE_V1,"{'k_period': 8, 'slowing': 3, 'd_period': 3, 'display_shift': 0, 'overbought': 80.0, 'oversold': 20.0, 'formula_version': 'DINAPOLI_PREFERRED_STOCH_REFERENCE_V1', 'causal_semantics': 'CLOSED_CANDLE', 'source_engine': 'INDICATOR_ENGINE_V1', 'reference_status': 'DINAPOLI_REFERENCE_IMPLEMENTATION', 'preset_class': 'DINAPOLI_REFERENCE', 'implementation_name': 'DINAPOLI_PREFERRED_STOCHASTIC', 'smoothing': 'MODIFIED_RECURSIVE', 'threshold_profile': 'PROJECT_GENERIC_80_20'}",30m,UP,K_CROSS_UP_D,K_CROSS_UP_D,K_CROSS_DOWN_D,DINAPOLI_REFERENCE_IMPLEMENTATION,True,DINAPOLI_PREFERRED_STOCHASTIC,MULTITF_INDICATOR_PARAMETER_SEARCH_V2,SINGLE_FAMILY_SINGLE_PRIMITIVE,0.010210841634052985,0.016719040697004153,4919,1604,STABLE_POSITIVE_FOLDS,WEAK_POSITIVE,NORMAL,NORMAL,WEAK_POSITIVE
STOCH|DINAPOLI_PREFERRED_STOCHASTIC_REFERENCE_V1|K_CROSS_UP_D|K_CROSS_DOWN_D|4H|DOWN,STOCHASTIC,DINAPOLI_PREFERRED_STOCHASTIC,DINAPOLI_PREFERRED_STOCHASTIC_REFERENCE_V1,"{'k_period': 8, 'slowing': 3, 'd_period': 3, 'display_shift': 0, 'overbought': 80.0, 'oversold': 20.0, 'formula_version': 'DINAPOLI_PREFERRED_STOCH_REFERENCE_V1', 'causal_semantics': 'CLOSED_CANDLE', 'source_engine': 'INDICATOR_ENGINE_V1', 'reference_status': 'DINAPOLI_REFERENCE_IMPLEMENTATION', 'preset_class': 'DINAPOLI_REFERENCE', 'implementation_name': 'DINAPOLI_PREFERRED_STOCHASTIC', 'smoothing': 'MODIFIED_RECURSIVE', 'threshold_profile': 'PROJECT_GENERIC_80_20'}",4H,DOWN,K_CROSS_DOWN_D,K_CROSS_UP_D,K_CROSS_DOWN_D,DINAPOLI_REFERENCE_IMPLEMENTATION,True,DINAPOLI_PREFERRED_STOCHASTIC,MULTITF_INDICATOR_PARAMETER_SEARCH_V2,SINGLE_FAMILY_SINGLE_PRIMITIVE,0.2276698182063805,0.26044570612633444,586,191,STABLE_POSITIVE_FOLDS,STABLE_POSITIVE,NORMAL,NORMAL,STABLE_POSITIVE
STOCH|DINAPOLI_PREFERRED_STOCHASTIC_REFERENCE_V1|K_CROSS_UP_D|K_CROSS_DOWN_D|4H|UP,STOCHASTIC,DINAPOLI_PREFERRED_STOCHASTIC,DINAPOLI_PREFERRED_STOCHASTIC_REFERENCE_V1,"{'k_period': 8, 'slowing': 3, 'd_period': 3, 'display_shift': 0, 'overbought': 80.0, 'oversold': 20.0, 'formula_version': 'DINAPOLI_PREFERRED_STOCH_REFERENCE_V1', 'causal_semantics': 'CLOSED_CANDLE', 'source_engine': 'INDICATOR_ENGINE_V1', 'reference_status': 'DINAPOLI_REFERENCE_IMPLEMENTATION', 'preset_class': 'DINAPOLI_REFERENCE', 'implementation_name': 'DINAPOLI_PREFERRED_STOCHASTIC', 'smoothing': 'MODIFIED_RECURSIVE', 'threshold_profile': 'PROJECT_GENERIC_80_20'}",4H,UP,K_CROSS_UP_D,K_CROSS_UP_D,K_CROSS_DOWN_D,DINAPOLI_REFERENCE_IMPLEMENTATION,True,DINAPOLI_PREFERRED_STOCHASTIC,MULTITF_INDICATOR_PARAMETER_SEARCH_V2,SINGLE_FAMILY_SINGLE_PRIMITIVE,0.2402895614012931,0.2533861150129826,587,191,STABLE_POSITIVE_FOLDS,STABLE_POSITIVE,NORMAL,NORMAL,STABLE_POSITIVE
STOCH|DINAPOLI_PREFERRED_STOCHASTIC_REFERENCE_V1|K_CROSS_UP_D|K_CROSS_DOWN_D|5m|DOWN,STOCHASTIC,DINAPOLI_PREFERRED_STOCHASTIC,DINAPOLI_PREFERRED_STOCHASTIC_REFERENCE_V1,"{'k_period': 8, 'slowing': 3, 'd_period': 3, 'display_shift': 0, 'overbought': 80.0, 'oversold': 20.0, 'formula_version': 'DINAPOLI_PREFERRED_STOCH_REFERENCE_V1', 'causal_semantics': 'CLOSED_CANDLE', 'source_engine': 'INDICATOR_ENGINE_V1', 'reference_status': 'DINAPOLI_REFERENCE_IMPLEMENTATION', 'preset_class': 'DINAPOLI_REFERENCE', 'implementation_name': 'DINAPOLI_PREFERRED_STOCHASTIC', 'smoothing': 'MODIFIED_RECURSIVE', 'threshold_profile': 'PROJECT_GENERIC_80_20'}",5m,DOWN,K_CROSS_DOWN_D,K_CROSS_UP_D,K_CROSS_DOWN_D,DINAPOLI_REFERENCE_IMPLEMENTATION,True,DINAPOLI_PREFERRED_STOCHASTIC,MULTITF_INDICATOR_PARAMETER_SEARCH_V2,SINGLE_FAMILY_SINGLE_PRIMITIVE,0.0,0.002084253325184169,29249,9931,UNSTABLE_DISCOVERY,WEAK_POSITIVE,NORMAL,NORMAL,WEAK_POSITIVE
STOCH|DINAPOLI_PREFERRED_STOCHASTIC_REFERENCE_V1|K_CROSS_UP_D|K_CROSS_DOWN_D|5m|UP,STOCHASTIC,DINAPOLI_PREFERRED_STOCHASTIC,DINAPOLI_PREFERRED_STOCHASTIC_REFERENCE_V1,"{'k_period': 8, 'slowing': 3, 'd_period': 3, 'display_shift': 0, 'overbought': 80.0, 'oversold': 20.0, 'formula_version': 'DINAPOLI_PREFERRED_STOCH_REFERENCE_V1', 'causal_semantics': 'CLOSED_CANDLE', 'source_engine': 'INDICATOR_ENGINE_V1', 'reference_status': 'DINAPOLI_REFERENCE_IMPLEMENTATION', 'preset_class': 'DINAPOLI_REFERENCE', 'implementation_name': 'DINAPOLI_PREFERRED_STOCHASTIC', 'smoothing': 'MODIFIED_RECURSIVE', 'threshold_profile': 'PROJECT_GENERIC_80_20'}",5m,UP,K_CROSS_UP_D,K_CROSS_UP_D,K_CROSS_DOWN_D,DINAPOLI_REFERENCE_IMPLEMENTATION,True,DINAPOLI_PREFERRED_STOCHASTIC,MULTITF_INDICATOR_PARAMETER_SEARCH_V2,SINGLE_FAMILY_SINGLE_PRIMITIVE,0.0,0.002149677340301826,29252,9932,UNSTABLE_DISCOVERY,WEAK_POSITIVE,NORMAL,NORMAL,WEAK_POSITIVE
STOCH|DINAPOLI_PREFERRED_STOCHASTIC_REFERENCE_V1|K_CROSS_UP_D|K_CROSS_DOWN_D|6H|DOWN,STOCHASTIC,DINAPOLI_PREFERRED_STOCHASTIC,DINAPOLI_PREFERRED_STOCHASTIC_REFERENCE_V1,"{'k_period': 8, 'slowing': 3, 'd_period': 3, 'display_shift': 0, 'overbought': 80.0, 'oversold': 20.0, 'formula_version': 'DINAPOLI_PREFERRED_STOCH_REFERENCE_V1', 'causal_semantics': 'CLOSED_CANDLE', 'source_engine': 'INDICATOR_ENGINE_V1', 'reference_status': 'DINAPOLI_REFERENCE_IMPLEMENTATION', 'preset_class': 'DINAPOLI_REFERENCE', 'implementation_name': 'DINAPOLI_PREFERRED_STOCHASTIC', 'smoothing': 'MODIFIED_RECURSIVE', 'threshold_profile': 'PROJECT_GENERIC_80_20'}",6H,DOWN,K_CROSS_DOWN_D,K_CROSS_UP_D,K_CROSS_DOWN_D,DINAPOLI_REFERENCE_IMPLEMENTATION,True,DINAPOLI_PREFERRED_STOCHASTIC,MULTITF_INDICATOR_PARAMETER_SEARCH_V2,SINGLE_FAMILY_SINGLE_PRIMITIVE,0.33613402314523927,0.371435072815534,381,128,STABLE_POSITIVE_FOLDS,STABLE_POSITIVE,NORMAL,NORMAL,STABLE_POSITIVE
STOCH|DINAPOLI_PREFERRED_STOCHASTIC_REFERENCE_V1|K_CROSS_UP_D|K_CROSS_DOWN_D|6H|UP,STOCHASTIC,DINAPOLI_PREFERRED_STOCHASTIC,DINAPOLI_PREFERRED_STOCHASTIC_REFERENCE_V1,"{'k_period': 8, 'slowing': 3, 'd_period': 3, 'display_shift': 0, 'overbought': 80.0, 'oversold': 20.0, 'formula_version': 'DINAPOLI_PREFERRED_STOCH_REFERENCE_V1', 'causal_semantics': 'CLOSED_CANDLE', 'source_engine': 'INDICATOR_ENGINE_V1', 'reference_status': 'DINAPOLI_REFERENCE_IMPLEMENTATION', 'preset_class': 'DINAPOLI_REFERENCE', 'implementation_name': 'DINAPOLI_PREFERRED_STOCHASTIC', 'smoothing': 'MODIFIED_RECURSIVE', 'threshold_profile': 'PROJECT_GENERIC_80_20'}",6H,UP,K_CROSS_UP_D,K_CROSS_UP_D,K_CROSS_DOWN_D,DINAPOLI_REFERENCE_IMPLEMENTATION,True,DINAPOLI_PREFERRED_STOCHASTIC,MULTITF_INDICATOR_PARAMETER_SEARCH_V2,SINGLE_FAMILY_SINGLE_PRIMITIVE,0.3740237691001697,0.4107210054940919,380,129,STABLE_POSITIVE_FOLDS,STABLE_POSITIVE,NORMAL,NORMAL,STABLE_POSITIVE
STOCH|DINAPOLI_PREFERRED_STOCHASTIC_REFERENCE_V1|K_CROSS_UP_D|K_CROSS_DOWN_D|8H|DOWN,STOCHASTIC,DINAPOLI_PREFERRED_STOCHASTIC,DINAPOLI_PREFERRED_STOCHASTIC_REFERENCE_V1,"{'k_period': 8, 'slowing': 3, 'd_period': 3, 'display_shift': 0, 'overbought': 80.0, 'oversold': 20.0, 'formula_version': 'DINAPOLI_PREFERRED_STOCH_REFERENCE_V1', 'causal_semantics': 'CLOSED_CANDLE', 'source_engine': 'INDICATOR_ENGINE_V1', 'reference_status': 'DINAPOLI_REFERENCE_IMPLEMENTATION', 'preset_class': 'DINAPOLI_REFERENCE', 'implementation_name': 'DINAPOLI_PREFERRED_STOCHASTIC', 'smoothing': 'MODIFIED_RECURSIVE', 'threshold_profile': 'PROJECT_GENERIC_80_20'}",8H,DOWN,K_CROSS_DOWN_D,K_CROSS_UP_D,K_CROSS_DOWN_D,DINAPOLI_REFERENCE_IMPLEMENTATION,True,DINAPOLI_PREFERRED_STOCHASTIC,MULTITF_INDICATOR_PARAMETER_SEARCH_V2,SINGLE_FAMILY_SINGLE_PRIMITIVE,0.362987704822416,0.362254120148857,298,95,STABLE_POSITIVE_FOLDS,STABLE_POSITIVE,NORMAL,LOW_SAMPLE,STABLE_POSITIVE
STOCH|DINAPOLI_PREFERRED_STOCHASTIC_REFERENCE_V1|K_CROSS_UP_D|K_CROSS_DOWN_D|8H|UP,STOCHASTIC,DINAPOLI_PREFERRED_STOCHASTIC,DINAPOLI_PREFERRED_STOCHASTIC_REFERENCE_V1,"{'k_period': 8, 'slowing': 3, 'd_period': 3, 'display_shift': 0, 'overbought': 80.0, 'oversold': 20.0, 'formula_version': 'DINAPOLI_PREFERRED_STOCH_REFERENCE_V1', 'causal_semantics': 'CLOSED_CANDLE', 'source_engine': 'INDICATOR_ENGINE_V1', 'reference_status': 'DINAPOLI_REFERENCE_IMPLEMENTATION', 'preset_class': 'DINAPOLI_REFERENCE', 'implementation_name': 'DINAPOLI_PREFERRED_STOCHASTIC', 'smoothing': 'MODIFIED_RECURSIVE', 'threshold_profile': 'PROJECT_GENERIC_80_20'}",8H,UP,K_CROSS_UP_D,K_CROSS_UP_D,K_CROSS_DOWN_D,DINAPOLI_REFERENCE_IMPLEMENTATION,True,DINAPOLI_PREFERRED_STOCHASTIC,MULTITF_INDICATOR_PARAMETER_SEARCH_V2,SINGLE_FAMILY_SINGLE_PRIMITIVE,0.39835858585858586,0.3806782055810668,297,95,STABLE_POSITIVE_FOLDS,STABLE_POSITIVE,NORMAL,LOW_SAMPLE,STABLE_POSITIVE
STOCH|DISPLACED_STOCH_K14_KS3_D3_SHIFT2_V1|K_CROSS_UP_D|K_CROSS_DOWN_D|5m|DOWN,STOCHASTIC,PROJECT_DISPLACED_STOCHASTIC,DISPLACED_STOCH_K14_KS3_D3_SHIFT2_V1,"{'k_period': 14, 'k_smooth': 3, 'd_period': 3, 'display_shift': 2, 'overbought': 80.0, 'oversold': 20.0, 'formula_version': 'STOCH_CANONICAL_V1', 'causal_semantics': 'CLOSED_CANDLE', 'source_engine': 'INDICATOR_ENGINE_V1', 'reference_status': 'PROJECT_RESEARCH', 'preset_class': 'PROJECT_DISPLACED_STOCHASTIC', 'implementation_name': 'PROJECT_DISPLACED_STOCHASTIC'}",5m,DOWN,K_CROSS_DOWN_D,K_CROSS_UP_D,K_CROSS_DOWN_D,PROJECT_RESEARCH,False,PROJECT_DISPLACED_STOCHASTIC,MULTITF_INDICATOR_PARAMETER_SEARCH_V2,SINGLE_FAMILY_SINGLE_PRIMITIVE,0.0,0.00130197416550929,38873,13115,UNSTABLE_DISCOVERY,WEAK_POSITIVE,NORMAL,NORMAL,WEAK_POSITIVE
STOCH|DISPLACED_STOCH_K14_KS3_D3_SHIFT2_V1|K_CROSS_UP_D|K_CROSS_DOWN_D|5m|UP,STOCHASTIC,PROJECT_DISPLACED_STOCHASTIC,DISPLACED_STOCH_K14_KS3_D3_SHIFT2_V1,"{'k_period': 14, 'k_smooth': 3, 'd_period': 3, 'display_shift': 2, 'overbought': 80.0, 'oversold': 20.0, 'formula_version': 'STOCH_CANONICAL_V1', 'causal_semantics': 'CLOSED_CANDLE', 'source_engine': 'INDICATOR_ENGINE_V1', 'reference_status': 'PROJECT_RESEARCH', 'preset_class': 'PROJECT_DISPLACED_STOCHASTIC', 'implementation_name': 'PROJECT_DISPLACED_STOCHASTIC'}",5m,UP,K_CROSS_UP_D,K_CROSS_UP_D,K_CROSS_DOWN_D,PROJECT_RESEARCH,False,PROJECT_DISPLACED_STOCHASTIC,MULTITF_INDICATOR_PARAMETER_SEARCH_V2,SINGLE_FAMILY_SINGLE_PRIMITIVE,0.0,0.0013434783962668932,38871,13114,UNSTABLE_DISCOVERY,WEAK_POSITIVE,NORMAL,NORMAL,WEAK_POSITIVE
STOCH|DISPLACED_STOCH_K14_KS3_D3_SHIFT3_V1|K_CROSS_UP_D|K_CROSS_DOWN_D|5m|DOWN,STOCHASTIC,PROJECT_DISPLACED_STOCHASTIC,DISPLACED_STOCH_K14_KS3_D3_SHIFT3_V1,"{'k_period': 14, 'k_smooth': 3, 'd_period': 3, 'display_shift': 3, 'overbought': 80.0, 'oversold': 20.0, 'formula_version': 'STOCH_CANONICAL_V1', 'causal_semantics': 'CLOSED_CANDLE', 'source_engine': 'INDICATOR_ENGINE_V1', 'reference_status': 'PROJECT_RESEARCH', 'preset_class': 'PROJECT_DISPLACED_STOCHASTIC', 'implementation_name': 'PROJECT_DISPLACED_STOCHASTIC'}",5m,DOWN,K_CROSS_DOWN_D,K_CROSS_UP_D,K_CROSS_DOWN_D,PROJECT_RESEARCH,False,PROJECT_DISPLACED_STOCHASTIC,MULTITF_INDICATOR_PARAMETER_SEARCH_V2,SINGLE_FAMILY_SINGLE_PRIMITIVE,0.0,0.00130197416550929,38873,13115,UNSTABLE_DISCOVERY,WEAK_POSITIVE,NORMAL,NORMAL,WEAK_POSITIVE
STOCH|DISPLACED_STOCH_K14_KS3_D3_SHIFT3_V1|K_CROSS_UP_D|K_CROSS_DOWN_D|5m|UP,STOCHASTIC,PROJECT_DISPLACED_STOCHASTIC,DISPLACED_STOCH_K14_KS3_D3_SHIFT3_V1,"{'k_period': 14, 'k_smooth': 3, 'd_period': 3, 'display_shift': 3, 'overbought': 80.0, 'oversold': 20.0, 'formula_version': 'STOCH_CANONICAL_V1', 'causal_semantics': 'CLOSED_CANDLE', 'source_engine': 'INDICATOR_ENGINE_V1', 'reference_status': 'PROJECT_RESEARCH', 'preset_class': 'PROJECT_DISPLACED_STOCHASTIC', 'implementation_name': 'PROJECT_DISPLACED_STOCHASTIC'}",5m,UP,K_CROSS_UP_D,K_CROSS_UP_D,K_CROSS_DOWN_D,PROJECT_RESEARCH,False,PROJECT_DISPLACED_STOCHASTIC,MULTITF_INDICATOR_PARAMETER_SEARCH_V2,SINGLE_FAMILY_SINGLE_PRIMITIVE,0.0,0.0013434783962668932,38871,13114,UNSTABLE_DISCOVERY,WEAK_POSITIVE,NORMAL,NORMAL,WEAK_POSITIVE
STOCH|DISPLACED_STOCH_K21_KS5_D5_SHIFT2_V1|K_CROSS_UP_D|K_CROSS_DOWN_D|12H|DOWN,STOCHASTIC,PROJECT_DISPLACED_STOCHASTIC,DISPLACED_STOCH_K21_KS5_D5_SHIFT2_V1,"{'k_period': 21, 'k_smooth': 5, 'd_period': 5, 'display_shift': 2, 'overbought': 80.0, 'oversold': 20.0, 'formula_version': 'STOCH_CANONICAL_V1', 'causal_semantics': 'CLOSED_CANDLE', 'source_engine': 'INDICATOR_ENGINE_V1', 'reference_status': 'PROJECT_RESEARCH', 'preset_class': 'PROJECT_DISPLACED_STOCHASTIC', 'implementation_name': 'PROJECT_DISPLACED_STOCHASTIC'}",12H,DOWN,K_CROSS_DOWN_D,K_CROSS_UP_D,K_CROSS_DOWN_D,PROJECT_RESEARCH,False,PROJECT_DISPLACED_STOCHASTIC,MULTITF_INDICATOR_PARAMETER_SEARCH_V2,SINGLE_FAMILY_SINGLE_PRIMITIVE,0.3394167550371156,0.3305376344086022,164,50,STABLE_POSITIVE_FOLDS,STABLE_POSITIVE,NORMAL,LOW_SAMPLE,STABLE_POSITIVE
STOCH|DISPLACED_STOCH_K21_KS5_D5_SHIFT2_V1|K_CROSS_UP_D|K_CROSS_DOWN_D|12H|UP,STOCHASTIC,PROJECT_DISPLACED_STOCHASTIC,DISPLACED_STOCH_K21_KS5_D5_SHIFT2_V1,"{'k_period': 21, 'k_smooth': 5, 'd_period': 5, 'display_shift': 2, 'overbought': 80.0, 'oversold': 20.0, 'formula_version': 'STOCH_CANONICAL_V1', 'causal_semantics': 'CLOSED_CANDLE', 'source_engine': 'INDICATOR_ENGINE_V1', 'reference_status': 'PROJECT_RESEARCH', 'preset_class': 'PROJECT_DISPLACED_STOCHASTIC', 'implementation_name': 'PROJECT_DISPLACED_STOCHASTIC'}",12H,UP,K_CROSS_UP_D,K_CROSS_UP_D,K_CROSS_DOWN_D,PROJECT_RESEARCH,False,PROJECT_DISPLACED_STOCHASTIC,MULTITF_INDICATOR_PARAMETER_SEARCH_V2,SINGLE_FAMILY_SINGLE_PRIMITIVE,0.3613325922917424,0.35294117647058826,163,51,STABLE_POSITIVE_FOLDS,STABLE_POSITIVE,NORMAL,LOW_SAMPLE,STABLE_POSITIVE
STOCH|DISPLACED_STOCH_K21_KS5_D5_SHIFT2_V1|K_CROSS_UP_D|K_CROSS_DOWN_D|15m|DOWN,STOCHASTIC,PROJECT_DISPLACED_STOCHASTIC,DISPLACED_STOCH_K21_KS5_D5_SHIFT2_V1,"{'k_period': 21, 'k_smooth': 5, 'd_period': 5, 'display_shift': 2, 'overbought': 80.0, 'oversold': 20.0, 'formula_version': 'STOCH_CANONICAL_V1', 'causal_semantics': 'CLOSED_CANDLE', 'source_engine': 'INDICATOR_ENGINE_V1', 'reference_status': 'PROJECT_RESEARCH', 'preset_class': 'PROJECT_DISPLACED_STOCHASTIC', 'implementation_name': 'PROJECT_DISPLACED_STOCHASTIC'}",15m,DOWN,K_CROSS_DOWN_D,K_CROSS_UP_D,K_CROSS_DOWN_D,PROJECT_RESEARCH,False,PROJECT_DISPLACED_STOCHASTIC,MULTITF_INDICATOR_PARAMETER_SEARCH_V2,SINGLE_FAMILY_SINGLE_PRIMITIVE,0.006672952616810751,0.020363789636426943,7790,2538,STABLE_POSITIVE_FOLDS,WEAK_POSITIVE,NORMAL,NORMAL,WEAK_POSITIVE
STOCH|DISPLACED_STOCH_K21_KS5_D5_SHIFT2_V1|K_CROSS_UP_D|K_CROSS_DOWN_D|15m|UP,STOCHASTIC,PROJECT_DISPLACED_STOCHASTIC,DISPLACED_STOCH_K21_KS5_D5_SHIFT2_V1,"{'k_period': 21, 'k_smooth': 5, 'd_period': 5, 'display_shift': 2, 'overbought': 80.0, 'oversold': 20.0, 'formula_version': 'STOCH_CANONICAL_V1', 'causal_semantics': 'CLOSED_CANDLE', 'source_engine': 'INDICATOR_ENGINE_V1', 'reference_status': 'PROJECT_RESEARCH', 'preset_class': 'PROJECT_DISPLACED_STOCHASTIC', 'implementation_name': 'PROJECT_DISPLACED_STOCHASTIC'}",15m,UP,K_CROSS_UP_D,K_CROSS_UP_D,K_CROSS_DOWN_D,PROJECT_RESEARCH,False,PROJECT_DISPLACED_STOCHASTIC,MULTITF_INDICATOR_PARAMETER_SEARCH_V2,SINGLE_FAMILY_SINGLE_PRIMITIVE,0.006924847984269349,0.020359202524271553,7794,2539,STABLE_POSITIVE_FOLDS,WEAK_POSITIVE,NORMAL,NORMAL,WEAK_POSITIVE
STOCH|DISPLACED_STOCH_K21_KS5_D5_SHIFT2_V1|K_CROSS_UP_D|K_CROSS_DOWN_D|1H|DOWN,STOCHASTIC,PROJECT_DISPLACED_STOCHASTIC,DISPLACED_STOCH_K21_KS5_D5_SHIFT2_V1,"{'k_period': 21, 'k_smooth': 5, 'd_period': 5, 'display_shift': 2, 'overbought': 80.0, 'oversold': 20.0, 'formula_version': 'STOCH_CANONICAL_V1', 'causal_semantics': 'CLOSED_CANDLE', 'source_engine': 'INDICATOR_ENGINE_V1', 'reference_status': 'PROJECT_RESEARCH', 'preset_class': 'PROJECT_DISPLACED_STOCHASTIC', 'implementation_name': 'PROJECT_DISPLACED_STOCHASTIC'}",1H,DOWN,K_CROSS_DOWN_D,K_CROSS_UP_D,K_CROSS_DOWN_D,PROJECT_RESEARCH,False,PROJECT_DISPLACED_STOCHASTIC,MULTITF_INDICATOR_PARAMETER_SEARCH_V2,SINGLE_FAMILY_SINGLE_PRIMITIVE,0.2846568458254399,0.30207894616661,1908,658,STABLE_POSITIVE_FOLDS,STABLE_POSITIVE,NORMAL,NORMAL,STABLE_POSITIVE
STOCH|DISPLACED_STOCH_K21_KS5_D5_SHIFT2_V1|K_CROSS_UP_D|K_CROSS_DOWN_D|1H|UP,STOCHASTIC,PROJECT_DISPLACED_STOCHASTIC,DISPLACED_STOCH_K21_KS5_D5_SHIFT2_V1,"{'k_period': 21, 'k_smooth': 5, 'd_period': 5, 'display_shift': 2, 'overbought': 80.0, 'oversold': 20.0, 'formula_version': 'STOCH_CANONICAL_V1', 'causal_semantics': 'CLOSED_CANDLE', 'source_engine': 'INDICATOR_ENGINE_V1', 'reference_status': 'PROJECT_RESEARCH', 'preset_class': 'PROJECT_DISPLACED_STOCHASTIC', 'implementation_name': 'PROJECT_DISPLACED_STOCHASTIC'}",1H,UP,K_CROSS_UP_D,K_CROSS_UP_D,K_CROSS_DOWN_D,PROJECT_RESEARCH,False,PROJECT_DISPLACED_STOCHASTIC,MULTITF_INDICATOR_PARAMETER_SEARCH_V2,SINGLE_FAMILY_SINGLE_PRIMITIVE,0.2797468057018554,0.30566854401335003,1913,656,STABLE_POSITIVE_FOLDS,STABLE_POSITIVE,NORMAL,NORMAL,STABLE_POSITIVE
STOCH|DISPLACED_STOCH_K21_KS5_D5_SHIFT2_V1|K_CROSS_UP_D|K_CROSS_DOWN_D|2H|DOWN,STOCHASTIC,PROJECT_DISPLACED_STOCHASTIC,DISPLACED_STOCH_K21_KS5_D5_SHIFT2_V1,"{'k_period': 21, 'k_smooth': 5, 'd_period': 5, 'display_shift': 2, 'overbought': 80.0, 'oversold': 20.0, 'formula_version': 'STOCH_CANONICAL_V1', 'causal_semantics': 'CLOSED_CANDLE', 'source_engine': 'INDICATOR_ENGINE_V1', 'reference_status': 'PROJECT_RESEARCH', 'preset_class': 'PROJECT_DISPLACED_STOCHASTIC', 'implementation_name': 'PROJECT_DISPLACED_STOCHASTIC'}",2H,DOWN,K_CROSS_DOWN_D,K_CROSS_UP_D,K_CROSS_DOWN_D,PROJECT_RESEARCH,False,PROJECT_DISPLACED_STOCHASTIC,MULTITF_INDICATOR_PARAMETER_SEARCH_V2,SINGLE_FAMILY_SINGLE_PRIMITIVE,0.26537222117099296,0.3273236402800215,953,300,STABLE_POSITIVE_FOLDS,STABLE_POSITIVE,NORMAL,NORMAL,STABLE_POSITIVE
STOCH|DISPLACED_STOCH_K21_KS5_D5_SHIFT2_V1|K_CROSS_UP_D|K_CROSS_DOWN_D|2H|UP,STOCHASTIC,PROJECT_DISPLACED_STOCHASTIC,DISPLACED_STOCH_K21_KS5_D5_SHIFT2_V1,"{'k_period': 21, 'k_smooth': 5, 'd_period': 5, 'display_shift': 2, 'overbought': 80.0, 'oversold': 20.0, 'formula_version': 'STOCH_CANONICAL_V1', 'causal_semantics': 'CLOSED_CANDLE', 'source_engine': 'INDICATOR_ENGINE_V1', 'reference_status': 'PROJECT_RESEARCH', 'preset_class': 'PROJECT_DISPLACED_STOCHASTIC', 'implementation_name': 'PROJECT_DISPLACED_STOCHASTIC'}",2H,UP,K_CROSS_UP_D,K_CROSS_UP_D,K_CROSS_DOWN_D,PROJECT_RESEARCH,False,PROJECT_DISPLACED_STOCHASTIC,MULTITF_INDICATOR_PARAMETER_SEARCH_V2,SINGLE_FAMILY_SINGLE_PRIMITIVE,0.2867769337819125,0.32642271178058035,953,301,STABLE_POSITIVE_FOLDS,STABLE_POSITIVE,NORMAL,NORMAL,STABLE_POSITIVE
STOCH|DISPLACED_STOCH_K21_KS5_D5_SHIFT2_V1|K_CROSS_UP_D|K_CROSS_DOWN_D|30m|DOWN,STOCHASTIC,PROJECT_DISPLACED_STOCHASTIC,DISPLACED_STOCH_K21_KS5_D5_SHIFT2_V1,"{'k_period': 21, 'k_smooth': 5, 'd_period': 5, 'display_shift': 2, 'overbought': 80.0, 'oversold': 20.0, 'formula_version': 'STOCH_CANONICAL_V1', 'causal_semantics': 'CLOSED_CANDLE', 'source_engine': 'INDICATOR_ENGINE_V1', 'reference_status': 'PROJECT_RESEARCH', 'preset_class': 'PROJECT_DISPLACED_STOCHASTIC', 'implementation_name': 'PROJECT_DISPLACED_STOCHASTIC'}",30m,DOWN,K_CROSS_DOWN_D,K_CROSS_UP_D,K_CROSS_DOWN_D,PROJECT_RESEARCH,False,PROJECT_DISPLACED_STOCHASTIC,MULTITF_INDICATOR_PARAMETER_SEARCH_V2,SINGLE_FAMILY_SINGLE_PRIMITIVE,0.014263569924520044,0.02219753263814763,3907,1282,STABLE_POSITIVE_FOLDS,WEAK_POSITIVE,NORMAL,NORMAL,WEAK_POSITIVE
STOCH|DISPLACED_STOCH_K21_KS5_D5_SHIFT2_V1|K_CROSS_UP_D|K_CROSS_DOWN_D|30m|UP,STOCHASTIC,PROJECT_DISPLACED_STOCHASTIC,DISPLACED_STOCH_K21_KS5_D5_SHIFT2_V1,"{'k_period': 21, 'k_smooth': 5, 'd_period': 5, 'display_shift': 2, 'overbought': 80.0, 'oversold': 20.0, 'formula_version': 'STOCH_CANONICAL_V1', 'causal_semantics': 'CLOSED_CANDLE', 'source_engine': 'INDICATOR_ENGINE_V1', 'reference_status': 'PROJECT_RESEARCH', 'preset_class': 'PROJECT_DISPLACED_STOCHASTIC', 'implementation_name': 'PROJECT_DISPLACED_STOCHASTIC'}",30m,UP,K_CROSS_UP_D,K_CROSS_UP_D,K_CROSS_DOWN_D,PROJECT_RESEARCH,False,PROJECT_DISPLACED_STOCHASTIC,MULTITF_INDICATOR_PARAMETER_SEARCH_V2,SINGLE_FAMILY_SINGLE_PRIMITIVE,0.013246449614935707,0.022226349707849404,3906,1281,STABLE_POSITIVE_FOLDS,WEAK_POSITIVE,NORMAL,NORMAL,WEAK_POSITIVE
STOCH|DISPLACED_STOCH_K21_KS5_D5_SHIFT2_V1|K_CROSS_UP_D|K_CROSS_DOWN_D|4H|DOWN,STOCHASTIC,PROJECT_DISPLACED_STOCHASTIC,DISPLACED_STOCH_K21_KS5_D5_SHIFT2_V1,"{'k_period': 21, 'k_smooth': 5, 'd_period': 5, 'display_shift': 2, 'overbought': 80.0, 'oversold': 20.0, 'formula_version': 'STOCH_CANONICAL_V1', 'causal_semantics': 'CLOSED_CANDLE', 'source_engine': 'INDICATOR_ENGINE_V1', 'reference_status': 'PROJECT_RESEARCH', 'preset_class': 'PROJECT_DISPLACED_STOCHASTIC', 'implementation_name': 'PROJECT_DISPLACED_STOCHASTIC'}",4H,DOWN,K_CROSS_DOWN_D,K_CROSS_UP_D,K_CROSS_DOWN_D,PROJECT_RESEARCH,False,PROJECT_DISPLACED_STOCHASTIC,MULTITF_INDICATOR_PARAMETER_SEARCH_V2,SINGLE_FAMILY_SINGLE_PRIMITIVE,0.2539989269357847,0.3049983456034412,499,157,STABLE_POSITIVE_FOLDS,STABLE_POSITIVE,NORMAL,NORMAL,STABLE_POSITIVE
STOCH|DISPLACED_STOCH_K21_KS5_D5_SHIFT2_V1|K_CROSS_UP_D|K_CROSS_DOWN_D|4H|UP,STOCHASTIC,PROJECT_DISPLACED_STOCHASTIC,DISPLACED_STOCH_K21_KS5_D5_SHIFT2_V1,"{'k_period': 21, 'k_smooth': 5, 'd_period': 5, 'display_shift': 2, 'overbought': 80.0, 'oversold': 20.0, 'formula_version': 'STOCH_CANONICAL_V1', 'causal_semantics': 'CLOSED_CANDLE', 'source_engine': 'INDICATOR_ENGINE_V1', 'reference_status': 'PROJECT_RESEARCH', 'preset_class': 'PROJECT_DISPLACED_STOCHASTIC', 'implementation_name': 'PROJECT_DISPLACED_STOCHASTIC'}",4H,UP,K_CROSS_UP_D,K_CROSS_UP_D,K_CROSS_DOWN_D,PROJECT_RESEARCH,False,PROJECT_DISPLACED_STOCHASTIC,MULTITF_INDICATOR_PARAMETER_SEARCH_V2,SINGLE_FAMILY_SINGLE_PRIMITIVE,0.27801212556022037,0.30954378333592253,496,157,STABLE_POSITIVE_FOLDS,STABLE_POSITIVE,NORMAL,NORMAL,STABLE_POSITIVE
STOCH|DISPLACED_STOCH_K21_KS5_D5_SHIFT2_V1|K_CROSS_UP_D|K_CROSS_DOWN_D|6H|DOWN,STOCHASTIC,PROJECT_DISPLACED_STOCHASTIC,DISPLACED_STOCH_K21_KS5_D5_SHIFT2_V1,"{'k_period': 21, 'k_smooth': 5, 'd_period': 5, 'display_shift': 2, 'overbought': 80.0, 'oversold': 20.0, 'formula_version': 'STOCH_CANONICAL_V1', 'causal_semantics': 'CLOSED_CANDLE', 'source_engine': 'INDICATOR_ENGINE_V1', 'reference_status': 'PROJECT_RESEARCH', 'preset_class': 'PROJECT_DISPLACED_STOCHASTIC', 'implementation_name': 'PROJECT_DISPLACED_STOCHASTIC'}",6H,DOWN,K_CROSS_DOWN_D,K_CROSS_UP_D,K_CROSS_DOWN_D,PROJECT_RESEARCH,False,PROJECT_DISPLACED_STOCHASTIC,MULTITF_INDICATOR_PARAMETER_SEARCH_V2,SINGLE_FAMILY_SINGLE_PRIMITIVE,0.2751322072846086,0.3992947426268547,331,106,STABLE_POSITIVE_FOLDS,STABLE_POSITIVE,NORMAL,NORMAL,STABLE_POSITIVE
STOCH|DISPLACED_STOCH_K21_KS5_D5_SHIFT2_V1|K_CROSS_UP_D|K_CROSS_DOWN_D|6H|UP,STOCHASTIC,PROJECT_DISPLACED_STOCHASTIC,DISPLACED_STOCH_K21_KS5_D5_SHIFT2_V1,"{'k_period': 21, 'k_smooth': 5, 'd_period': 5, 'display_shift': 2, 'overbought': 80.0, 'oversold': 20.0, 'formula_version': 'STOCH_CANONICAL_V1', 'causal_semantics': 'CLOSED_CANDLE', 'source_engine': 'INDICATOR_ENGINE_V1', 'reference_status': 'PROJECT_RESEARCH', 'preset_class': 'PROJECT_DISPLACED_STOCHASTIC', 'implementation_name': 'PROJECT_DISPLACED_STOCHASTIC'}",6H,UP,K_CROSS_UP_D,K_CROSS_UP_D,K_CROSS_DOWN_D,PROJECT_RESEARCH,False,PROJECT_DISPLACED_STOCHASTIC,MULTITF_INDICATOR_PARAMETER_SEARCH_V2,SINGLE_FAMILY_SINGLE_PRIMITIVE,0.3467510418274425,0.4084539292910789,330,106,STABLE_POSITIVE_FOLDS,STABLE_POSITIVE,NORMAL,NORMAL,STABLE_POSITIVE
STOCH|DISPLACED_STOCH_K21_KS5_D5_SHIFT2_V1|K_CROSS_UP_D|K_CROSS_DOWN_D|8H|DOWN,STOCHASTIC,PROJECT_DISPLACED_STOCHASTIC,DISPLACED_STOCH_K21_KS5_D5_SHIFT2_V1,"{'k_period': 21, 'k_smooth': 5, 'd_period': 5, 'display_shift': 2, 'overbought': 80.0, 'oversold': 20.0, 'formula_version': 'STOCH_CANONICAL_V1', 'causal_semantics': 'CLOSED_CANDLE', 'source_engine': 'INDICATOR_ENGINE_V1', 'reference_status': 'PROJECT_RESEARCH', 'preset_class': 'PROJECT_DISPLACED_STOCHASTIC', 'implementation_name': 'PROJECT_DISPLACED_STOCHASTIC'}",8H,DOWN,K_CROSS_DOWN_D,K_CROSS_UP_D,K_CROSS_DOWN_D,PROJECT_RESEARCH,False,PROJECT_DISPLACED_STOCHASTIC,MULTITF_INDICATOR_PARAMETER_SEARCH_V2,SINGLE_FAMILY_SINGLE_PRIMITIVE,0.3070637496364484,0.272970670561032,251,83,STABLE_POSITIVE_FOLDS,STABLE_POSITIVE,NORMAL,LOW_SAMPLE,STABLE_POSITIVE
STOCH|DISPLACED_STOCH_K21_KS5_D5_SHIFT3_V1|K_CROSS_UP_D|K_CROSS_DOWN_D|12H|DOWN,STOCHASTIC,PROJECT_DISPLACED_STOCHASTIC,DISPLACED_STOCH_K21_KS5_D5_SHIFT3_V1,"{'k_period': 21, 'k_smooth': 5, 'd_period': 5, 'display_shift': 3, 'overbought': 80.0, 'oversold': 20.0, 'formula_version': 'STOCH_CANONICAL_V1', 'causal_semantics': 'CLOSED_CANDLE', 'source_engine': 'INDICATOR_ENGINE_V1', 'reference_status': 'PROJECT_RESEARCH', 'preset_class': 'PROJECT_DISPLACED_STOCHASTIC', 'implementation_name': 'PROJECT_DISPLACED_STOCHASTIC'}",12H,DOWN,K_CROSS_DOWN_D,K_CROSS_UP_D,K_CROSS_DOWN_D,PROJECT_RESEARCH,False,PROJECT_DISPLACED_STOCHASTIC,MULTITF_INDICATOR_PARAMETER_SEARCH_V2,SINGLE_FAMILY_SINGLE_PRIMITIVE,0.3394167550371156,0.3305376344086022,164,50,STABLE_POSITIVE_FOLDS,STABLE_POSITIVE,NORMAL,LOW_SAMPLE,STABLE_POSITIVE
STOCH|DISPLACED_STOCH_K21_KS5_D5_SHIFT3_V1|K_CROSS_UP_D|K_CROSS_DOWN_D|12H|UP,STOCHASTIC,PROJECT_DISPLACED_STOCHASTIC,DISPLACED_STOCH_K21_KS5_D5_SHIFT3_V1,"{'k_period': 21, 'k_smooth': 5, 'd_period': 5, 'display_shift': 3, 'overbought': 80.0, 'oversold': 20.0, 'formula_version': 'STOCH_CANONICAL_V1', 'causal_semantics': 'CLOSED_CANDLE', 'source_engine': 'INDICATOR_ENGINE_V1', 'reference_status': 'PROJECT_RESEARCH', 'preset_class': 'PROJECT_DISPLACED_STOCHASTIC', 'implementation_name': 'PROJECT_DISPLACED_STOCHASTIC'}",12H,UP,K_CROSS_UP_D,K_CROSS_UP_D,K_CROSS_DOWN_D,PROJECT_RESEARCH,False,PROJECT_DISPLACED_STOCHASTIC,MULTITF_INDICATOR_PARAMETER_SEARCH_V2,SINGLE_FAMILY_SINGLE_PRIMITIVE,0.3613325922917424,0.35294117647058826,163,51,STABLE_POSITIVE_FOLDS,STABLE_POSITIVE,NORMAL,LOW_SAMPLE,STABLE_POSITIVE
STOCH|DISPLACED_STOCH_K21_KS5_D5_SHIFT3_V1|K_CROSS_UP_D|K_CROSS_DOWN_D|15m|DOWN,STOCHASTIC,PROJECT_DISPLACED_STOCHASTIC,DISPLACED_STOCH_K21_KS5_D5_SHIFT3_V1,"{'k_period': 21, 'k_smooth': 5, 'd_period': 5, 'display_shift': 3, 'overbought': 80.0, 'oversold': 20.0, 'formula_version': 'STOCH_CANONICAL_V1', 'causal_semantics': 'CLOSED_CANDLE', 'source_engine': 'INDICATOR_ENGINE_V1', 'reference_status': 'PROJECT_RESEARCH', 'preset_class': 'PROJECT_DISPLACED_STOCHASTIC', 'implementation_name': 'PROJECT_DISPLACED_STOCHASTIC'}",15m,DOWN,K_CROSS_DOWN_D,K_CROSS_UP_D,K_CROSS_DOWN_D,PROJECT_RESEARCH,False,PROJECT_DISPLACED_STOCHASTIC,MULTITF_INDICATOR_PARAMETER_SEARCH_V2,SINGLE_FAMILY_SINGLE_PRIMITIVE,0.006672952616810751,0.020363789636426943,7790,2538,STABLE_POSITIVE_FOLDS,WEAK_POSITIVE,NORMAL,NORMAL,WEAK_POSITIVE
STOCH|DISPLACED_STOCH_K21_KS5_D5_SHIFT3_V1|K_CROSS_UP_D|K_CROSS_DOWN_D|15m|UP,STOCHASTIC,PROJECT_DISPLACED_STOCHASTIC,DISPLACED_STOCH_K21_KS5_D5_SHIFT3_V1,"{'k_period': 21, 'k_smooth': 5, 'd_period': 5, 'display_shift': 3, 'overbought': 80.0, 'oversold': 20.0, 'formula_version': 'STOCH_CANONICAL_V1', 'causal_semantics': 'CLOSED_CANDLE', 'source_engine': 'INDICATOR_ENGINE_V1', 'reference_status': 'PROJECT_RESEARCH', 'preset_class': 'PROJECT_DISPLACED_STOCHASTIC', 'implementation_name': 'PROJECT_DISPLACED_STOCHASTIC'}",15m,UP,K_CROSS_UP_D,K_CROSS_UP_D,K_CROSS_DOWN_D,PROJECT_RESEARCH,False,PROJECT_DISPLACED_STOCHASTIC,MULTITF_INDICATOR_PARAMETER_SEARCH_V2,SINGLE_FAMILY_SINGLE_PRIMITIVE,0.006924847984269349,0.020359202524271553,7794,2539,STABLE_POSITIVE_FOLDS,WEAK_POSITIVE,NORMAL,NORMAL,WEAK_POSITIVE
STOCH|DISPLACED_STOCH_K21_KS5_D5_SHIFT3_V1|K_CROSS_UP_D|K_CROSS_DOWN_D|1H|DOWN,STOCHASTIC,PROJECT_DISPLACED_STOCHASTIC,DISPLACED_STOCH_K21_KS5_D5_SHIFT3_V1,"{'k_period': 21, 'k_smooth': 5, 'd_period': 5, 'display_shift': 3, 'overbought': 80.0, 'oversold': 20.0, 'formula_version': 'STOCH_CANONICAL_V1', 'causal_semantics': 'CLOSED_CANDLE', 'source_engine': 'INDICATOR_ENGINE_V1', 'reference_status': 'PROJECT_RESEARCH', 'preset_class': 'PROJECT_DISPLACED_STOCHASTIC', 'implementation_name': 'PROJECT_DISPLACED_STOCHASTIC'}",1H,DOWN,K_CROSS_DOWN_D,K_CROSS_UP_D,K_CROSS_DOWN_D,PROJECT_RESEARCH,False,PROJECT_DISPLACED_STOCHASTIC,MULTITF_INDICATOR_PARAMETER_SEARCH_V2,SINGLE_FAMILY_SINGLE_PRIMITIVE,0.2846568458254399,0.30207894616661,1908,658,STABLE_POSITIVE_FOLDS,STABLE_POSITIVE,NORMAL,NORMAL,STABLE_POSITIVE
STOCH|DISPLACED_STOCH_K21_KS5_D5_SHIFT3_V1|K_CROSS_UP_D|K_CROSS_DOWN_D|1H|UP,STOCHASTIC,PROJECT_DISPLACED_STOCHASTIC,DISPLACED_STOCH_K21_KS5_D5_SHIFT3_V1,"{'k_period': 21, 'k_smooth': 5, 'd_period': 5, 'display_shift': 3, 'overbought': 80.0, 'oversold': 20.0, 'formula_version': 'STOCH_CANONICAL_V1', 'causal_semantics': 'CLOSED_CANDLE', 'source_engine': 'INDICATOR_ENGINE_V1', 'reference_status': 'PROJECT_RESEARCH', 'preset_class': 'PROJECT_DISPLACED_STOCHASTIC', 'implementation_name': 'PROJECT_DISPLACED_STOCHASTIC'}",1H,UP,K_CROSS_UP_D,K_CROSS_UP_D,K_CROSS_DOWN_D,PROJECT_RESEARCH,False,PROJECT_DISPLACED_STOCHASTIC,MULTITF_INDICATOR_PARAMETER_SEARCH_V2,SINGLE_FAMILY_SINGLE_PRIMITIVE,0.2797468057018554,0.30566854401335003,1913,656,STABLE_POSITIVE_FOLDS,STABLE_POSITIVE,NORMAL,NORMAL,STABLE_POSITIVE
STOCH|DISPLACED_STOCH_K21_KS5_D5_SHIFT3_V1|K_CROSS_UP_D|K_CROSS_DOWN_D|2H|DOWN,STOCHASTIC,PROJECT_DISPLACED_STOCHASTIC,DISPLACED_STOCH_K21_KS5_D5_SHIFT3_V1,"{'k_period': 21, 'k_smooth': 5, 'd_period': 5, 'display_shift': 3, 'overbought': 80.0, 'oversold': 20.0, 'formula_version': 'STOCH_CANONICAL_V1', 'causal_semantics': 'CLOSED_CANDLE', 'source_engine': 'INDICATOR_ENGINE_V1', 'reference_status': 'PROJECT_RESEARCH', 'preset_class': 'PROJECT_DISPLACED_STOCHASTIC', 'implementation_name': 'PROJECT_DISPLACED_STOCHASTIC'}",2H,DOWN,K_CROSS_DOWN_D,K_CROSS_UP_D,K_CROSS_DOWN_D,PROJECT_RESEARCH,False,PROJECT_DISPLACED_STOCHASTIC,MULTITF_INDICATOR_PARAMETER_SEARCH_V2,SINGLE_FAMILY_SINGLE_PRIMITIVE,0.26537222117099296,0.3273236402800215,953,300,STABLE_POSITIVE_FOLDS,STABLE_POSITIVE,NORMAL,NORMAL,STABLE_POSITIVE
STOCH|DISPLACED_STOCH_K21_KS5_D5_SHIFT3_V1|K_CROSS_UP_D|K_CROSS_DOWN_D|2H|UP,STOCHASTIC,PROJECT_DISPLACED_STOCHASTIC,DISPLACED_STOCH_K21_KS5_D5_SHIFT3_V1,"{'k_period': 21, 'k_smooth': 5, 'd_period': 5, 'display_shift': 3, 'overbought': 80.0, 'oversold': 20.0, 'formula_version': 'STOCH_CANONICAL_V1', 'causal_semantics': 'CLOSED_CANDLE', 'source_engine': 'INDICATOR_ENGINE_V1', 'reference_status': 'PROJECT_RESEARCH', 'preset_class': 'PROJECT_DISPLACED_STOCHASTIC', 'implementation_name': 'PROJECT_DISPLACED_STOCHASTIC'}",2H,UP,K_CROSS_UP_D,K_CROSS_UP_D,K_CROSS_DOWN_D,PROJECT_RESEARCH,False,PROJECT_DISPLACED_STOCHASTIC,MULTITF_INDICATOR_PARAMETER_SEARCH_V2,SINGLE_FAMILY_SINGLE_PRIMITIVE,0.2867769337819125,0.32642271178058035,953,301,STABLE_POSITIVE_FOLDS,STABLE_POSITIVE,NORMAL,NORMAL,STABLE_POSITIVE
STOCH|DISPLACED_STOCH_K21_KS5_D5_SHIFT3_V1|K_CROSS_UP_D|K_CROSS_DOWN_D|30m|DOWN,STOCHASTIC,PROJECT_DISPLACED_STOCHASTIC,DISPLACED_STOCH_K21_KS5_D5_SHIFT3_V1,"{'k_period': 21, 'k_smooth': 5, 'd_period': 5, 'display_shift': 3, 'overbought': 80.0, 'oversold': 20.0, 'formula_version': 'STOCH_CANONICAL_V1', 'causal_semantics': 'CLOSED_CANDLE', 'source_engine': 'INDICATOR_ENGINE_V1', 'reference_status': 'PROJECT_RESEARCH', 'preset_class': 'PROJECT_DISPLACED_STOCHASTIC', 'implementation_name': 'PROJECT_DISPLACED_STOCHASTIC'}",30m,DOWN,K_CROSS_DOWN_D,K_CROSS_UP_D,K_CROSS_DOWN_D,PROJECT_RESEARCH,False,PROJECT_DISPLACED_STOCHASTIC,MULTITF_INDICATOR_PARAMETER_SEARCH_V2,SINGLE_FAMILY_SINGLE_PRIMITIVE,0.014263569924520044,0.02219753263814763,3907,1282,STABLE_POSITIVE_FOLDS,WEAK_POSITIVE,NORMAL,NORMAL,WEAK_POSITIVE
STOCH|DISPLACED_STOCH_K21_KS5_D5_SHIFT3_V1|K_CROSS_UP_D|K_CROSS_DOWN_D|30m|UP,STOCHASTIC,PROJECT_DISPLACED_STOCHASTIC,DISPLACED_STOCH_K21_KS5_D5_SHIFT3_V1,"{'k_period': 21, 'k_smooth': 5, 'd_period': 5, 'display_shift': 3, 'overbought': 80.0, 'oversold': 20.0, 'formula_version': 'STOCH_CANONICAL_V1', 'causal_semantics': 'CLOSED_CANDLE', 'source_engine': 'INDICATOR_ENGINE_V1', 'reference_status': 'PROJECT_RESEARCH', 'preset_class': 'PROJECT_DISPLACED_STOCHASTIC', 'implementation_name': 'PROJECT_DISPLACED_STOCHASTIC'}",30m,UP,K_CROSS_UP_D,K_CROSS_UP_D,K_CROSS_DOWN_D,PROJECT_RESEARCH,False,PROJECT_DISPLACED_STOCHASTIC,MULTITF_INDICATOR_PARAMETER_SEARCH_V2,SINGLE_FAMILY_SINGLE_PRIMITIVE,0.013246449614935707,0.022226349707849404,3906,1281,STABLE_POSITIVE_FOLDS,WEAK_POSITIVE,NORMAL,NORMAL,WEAK_POSITIVE
STOCH|DISPLACED_STOCH_K21_KS5_D5_SHIFT3_V1|K_CROSS_UP_D|K_CROSS_DOWN_D|4H|DOWN,STOCHASTIC,PROJECT_DISPLACED_STOCHASTIC,DISPLACED_STOCH_K21_KS5_D5_SHIFT3_V1,"{'k_period': 21, 'k_smooth': 5, 'd_period': 5, 'display_shift': 3, 'overbought': 80.0, 'oversold': 20.0, 'formula_version': 'STOCH_CANONICAL_V1', 'causal_semantics': 'CLOSED_CANDLE', 'source_engine': 'INDICATOR_ENGINE_V1', 'reference_status': 'PROJECT_RESEARCH', 'preset_class': 'PROJECT_DISPLACED_STOCHASTIC', 'implementation_name': 'PROJECT_DISPLACED_STOCHASTIC'}",4H,DOWN,K_CROSS_DOWN_D,K_CROSS_UP_D,K_CROSS_DOWN_D,PROJECT_RESEARCH,False,PROJECT_DISPLACED_STOCHASTIC,MULTITF_INDICATOR_PARAMETER_SEARCH_V2,SINGLE_FAMILY_SINGLE_PRIMITIVE,0.2539989269357847,0.3049983456034412,499,157,STABLE_POSITIVE_FOLDS,STABLE_POSITIVE,NORMAL,NORMAL,STABLE_POSITIVE
STOCH|DISPLACED_STOCH_K21_KS5_D5_SHIFT3_V1|K_CROSS_UP_D|K_CROSS_DOWN_D|4H|UP,STOCHASTIC,PROJECT_DISPLACED_STOCHASTIC,DISPLACED_STOCH_K21_KS5_D5_SHIFT3_V1,"{'k_period': 21, 'k_smooth': 5, 'd_period': 5, 'display_shift': 3, 'overbought': 80.0, 'oversold': 20.0, 'formula_version': 'STOCH_CANONICAL_V1', 'causal_semantics': 'CLOSED_CANDLE', 'source_engine': 'INDICATOR_ENGINE_V1', 'reference_status': 'PROJECT_RESEARCH', 'preset_class': 'PROJECT_DISPLACED_STOCHASTIC', 'implementation_name': 'PROJECT_DISPLACED_STOCHASTIC'}",4H,UP,K_CROSS_UP_D,K_CROSS_UP_D,K_CROSS_DOWN_D,PROJECT_RESEARCH,False,PROJECT_DISPLACED_STOCHASTIC,MULTITF_INDICATOR_PARAMETER_SEARCH_V2,SINGLE_FAMILY_SINGLE_PRIMITIVE,0.27801212556022037,0.30954378333592253,496,157,STABLE_POSITIVE_FOLDS,STABLE_POSITIVE,NORMAL,NORMAL,STABLE_POSITIVE
STOCH|DISPLACED_STOCH_K21_KS5_D5_SHIFT3_V1|K_CROSS_UP_D|K_CROSS_DOWN_D|6H|DOWN,STOCHASTIC,PROJECT_DISPLACED_STOCHASTIC,DISPLACED_STOCH_K21_KS5_D5_SHIFT3_V1,"{'k_period': 21, 'k_smooth': 5, 'd_period': 5, 'display_shift': 3, 'overbought': 80.0, 'oversold': 20.0, 'formula_version': 'STOCH_CANONICAL_V1', 'causal_semantics': 'CLOSED_CANDLE', 'source_engine': 'INDICATOR_ENGINE_V1', 'reference_status': 'PROJECT_RESEARCH', 'preset_class': 'PROJECT_DISPLACED_STOCHASTIC', 'implementation_name': 'PROJECT_DISPLACED_STOCHASTIC'}",6H,DOWN,K_CROSS_DOWN_D,K_CROSS_UP_D,K_CROSS_DOWN_D,PROJECT_RESEARCH,False,PROJECT_DISPLACED_STOCHASTIC,MULTITF_INDICATOR_PARAMETER_SEARCH_V2,SINGLE_FAMILY_SINGLE_PRIMITIVE,0.2751322072846086,0.3992947426268547,331,106,STABLE_POSITIVE_FOLDS,STABLE_POSITIVE,NORMAL,NORMAL,STABLE_POSITIVE
STOCH|DISPLACED_STOCH_K21_KS5_D5_SHIFT3_V1|K_CROSS_UP_D|K_CROSS_DOWN_D|6H|UP,STOCHASTIC,PROJECT_DISPLACED_STOCHASTIC,DISPLACED_STOCH_K21_KS5_D5_SHIFT3_V1,"{'k_period': 21, 'k_smooth': 5, 'd_period': 5, 'display_shift': 3, 'overbought': 80.0, 'oversold': 20.0, 'formula_version': 'STOCH_CANONICAL_V1', 'causal_semantics': 'CLOSED_CANDLE', 'source_engine': 'INDICATOR_ENGINE_V1', 'reference_status': 'PROJECT_RESEARCH', 'preset_class': 'PROJECT_DISPLACED_STOCHASTIC', 'implementation_name': 'PROJECT_DISPLACED_STOCHASTIC'}",6H,UP,K_CROSS_UP_D,K_CROSS_UP_D,K_CROSS_DOWN_D,PROJECT_RESEARCH,False,PROJECT_DISPLACED_STOCHASTIC,MULTITF_INDICATOR_PARAMETER_SEARCH_V2,SINGLE_FAMILY_SINGLE_PRIMITIVE,0.3467510418274425,0.4084539292910789,330,106,STABLE_POSITIVE_FOLDS,STABLE_POSITIVE,NORMAL,NORMAL,STABLE_POSITIVE
STOCH|DISPLACED_STOCH_K21_KS5_D5_SHIFT3_V1|K_CROSS_UP_D|K_CROSS_DOWN_D|8H|DOWN,STOCHASTIC,PROJECT_DISPLACED_STOCHASTIC,DISPLACED_STOCH_K21_KS5_D5_SHIFT3_V1,"{'k_period': 21, 'k_smooth': 5, 'd_period': 5, 'display_shift': 3, 'overbought': 80.0, 'oversold': 20.0, 'formula_version': 'STOCH_CANONICAL_V1', 'causal_semantics': 'CLOSED_CANDLE', 'source_engine': 'INDICATOR_ENGINE_V1', 'reference_status': 'PROJECT_RESEARCH', 'preset_class': 'PROJECT_DISPLACED_STOCHASTIC', 'implementation_name': 'PROJECT_DISPLACED_STOCHASTIC'}",8H,DOWN,K_CROSS_DOWN_D,K_CROSS_UP_D,K_CROSS_DOWN_D,PROJECT_RESEARCH,False,PROJECT_DISPLACED_STOCHASTIC,MULTITF_INDICATOR_PARAMETER_SEARCH_V2,SINGLE_FAMILY_SINGLE_PRIMITIVE,0.3070637496364484,0.272970670561032,251,83,STABLE_POSITIVE_FOLDS,STABLE_POSITIVE,NORMAL,LOW_SAMPLE,STABLE_POSITIVE
STOCH|DISPLACED_STOCH_K5_KS3_D3_SHIFT2_V1|K_CROSS_UP_D|K_CROSS_DOWN_D|1D|DOWN,STOCHASTIC,PROJECT_DISPLACED_STOCHASTIC,DISPLACED_STOCH_K5_KS3_D3_SHIFT2_V1,"{'k_period': 5, 'k_smooth': 3, 'd_period': 3, 'display_shift': 2, 'overbought': 80.0, 'oversold': 20.0, 'formula_version': 'STOCH_CANONICAL_V1', 'causal_semantics': 'CLOSED_CANDLE', 'source_engine': 'INDICATOR_ENGINE_V1', 'reference_status': 'PROJECT_RESEARCH', 'preset_class': 'PROJECT_DISPLACED_STOCHASTIC', 'implementation_name': 'PROJECT_DISPLACED_STOCHASTIC'}",1D,DOWN,K_CROSS_DOWN_D,K_CROSS_UP_D,K_CROSS_DOWN_D,PROJECT_RESEARCH,False,PROJECT_DISPLACED_STOCHASTIC,MULTITF_INDICATOR_PARAMETER_SEARCH_V2,SINGLE_FAMILY_SINGLE_PRIMITIVE,0.27,0.417706888580675,150,42,STABLE_POSITIVE_FOLDS,WEAK_POSITIVE,NORMAL,LOW_SAMPLE,WEAK_POSITIVE
STOCH|DISPLACED_STOCH_K5_KS3_D3_SHIFT2_V1|K_CROSS_UP_D|K_CROSS_DOWN_D|8H|UP,STOCHASTIC,PROJECT_DISPLACED_STOCHASTIC,DISPLACED_STOCH_K5_KS3_D3_SHIFT2_V1,"{'k_period': 5, 'k_smooth': 3, 'd_period': 3, 'display_shift': 2, 'overbought': 80.0, 'oversold': 20.0, 'formula_version': 'STOCH_CANONICAL_V1', 'causal_semantics': 'CLOSED_CANDLE', 'source_engine': 'INDICATOR_ENGINE_V1', 'reference_status': 'PROJECT_RESEARCH', 'preset_class': 'PROJECT_DISPLACED_STOCHASTIC', 'implementation_name': 'PROJECT_DISPLACED_STOCHASTIC'}",8H,UP,K_CROSS_UP_D,K_CROSS_UP_D,K_CROSS_DOWN_D,PROJECT_RESEARCH,False,PROJECT_DISPLACED_STOCHASTIC,MULTITF_INDICATOR_PARAMETER_SEARCH_V2,SINGLE_FAMILY_SINGLE_PRIMITIVE,0.3193635068635069,0.34007670182166827,429,140,STABLE_POSITIVE_FOLDS,STABLE_POSITIVE,NORMAL,NORMAL,STABLE_POSITIVE
STOCH|DISPLACED_STOCH_K5_KS3_D3_SHIFT3_V1|K_CROSS_UP_D|K_CROSS_DOWN_D|1D|DOWN,STOCHASTIC,PROJECT_DISPLACED_STOCHASTIC,DISPLACED_STOCH_K5_KS3_D3_SHIFT3_V1,"{'k_period': 5, 'k_smooth': 3, 'd_period': 3, 'display_shift': 3, 'overbought': 80.0, 'oversold': 20.0, 'formula_version': 'STOCH_CANONICAL_V1', 'causal_semantics': 'CLOSED_CANDLE', 'source_engine': 'INDICATOR_ENGINE_V1', 'reference_status': 'PROJECT_RESEARCH', 'preset_class': 'PROJECT_DISPLACED_STOCHASTIC', 'implementation_name': 'PROJECT_DISPLACED_STOCHASTIC'}",1D,DOWN,K_CROSS_DOWN_D,K_CROSS_UP_D,K_CROSS_DOWN_D,PROJECT_RESEARCH,False,PROJECT_DISPLACED_STOCHASTIC,MULTITF_INDICATOR_PARAMETER_SEARCH_V2,SINGLE_FAMILY_SINGLE_PRIMITIVE,0.27,0.417706888580675,150,42,STABLE_POSITIVE_FOLDS,WEAK_POSITIVE,NORMAL,LOW_SAMPLE,WEAK_POSITIVE
STOCH|DISPLACED_STOCH_K5_KS3_D3_SHIFT3_V1|K_CROSS_UP_D|K_CROSS_DOWN_D|8H|UP,STOCHASTIC,PROJECT_DISPLACED_STOCHASTIC,DISPLACED_STOCH_K5_KS3_D3_SHIFT3_V1,"{'k_period': 5, 'k_smooth': 3, 'd_period': 3, 'display_shift': 3, 'overbought': 80.0, 'oversold': 20.0, 'formula_version': 'STOCH_CANONICAL_V1', 'causal_semantics': 'CLOSED_CANDLE', 'source_engine': 'INDICATOR_ENGINE_V1', 'reference_status': 'PROJECT_RESEARCH', 'preset_class': 'PROJECT_DISPLACED_STOCHASTIC', 'implementation_name': 'PROJECT_DISPLACED_STOCHASTIC'}",8H,UP,K_CROSS_UP_D,K_CROSS_UP_D,K_CROSS_DOWN_D,PROJECT_RESEARCH,False,PROJECT_DISPLACED_STOCHASTIC,MULTITF_INDICATOR_PARAMETER_SEARCH_V2,SINGLE_FAMILY_SINGLE_PRIMITIVE,0.3193635068635069,0.34007670182166827,429,140,STABLE_POSITIVE_FOLDS,STABLE_POSITIVE,NORMAL,NORMAL,STABLE_POSITIVE
STOCH|STOCH_K14_KS3_D3_SHIFT0_V1|K_CROSS_UP_D|K_CROSS_DOWN_D|12H|DOWN,STOCHASTIC,STANDARD_STOCHASTIC,STOCH_K14_KS3_D3_SHIFT0_V1,"{'k_period': 14, 'k_smooth': 3, 'd_period': 3, 'display_shift': 0, 'overbought': 80.0, 'oversold': 20.0, 'formula_version': 'STOCH_CANONICAL_V1', 'causal_semantics': 'CLOSED_CANDLE', 'source_engine': 'INDICATOR_ENGINE_V1', 'reference_status': 'NUMERIC_REFERENCE_TESTED', 'preset_class': 'STANDARD', 'implementation_name': 'STANDARD_STOCHASTIC'}",12H,DOWN,K_CROSS_DOWN_D,K_CROSS_UP_D,K_CROSS_DOWN_D,NUMERIC_REFERENCE_TESTED,True,STANDARD_STOCHASTIC,MULTITF_INDICATOR_PARAMETER_SEARCH_V2,SINGLE_FAMILY_SINGLE_PRIMITIVE,0.26898550724637676,0.31720430107526876,276,93,STABLE_POSITIVE_FOLDS,STABLE_POSITIVE,NORMAL,LOW_SAMPLE,STABLE_POSITIVE
STOCH|STOCH_K14_KS3_D3_SHIFT0_V1|K_CROSS_UP_D|K_CROSS_DOWN_D|12H|UP,STOCHASTIC,STANDARD_STOCHASTIC,STOCH_K14_KS3_D3_SHIFT0_V1,"{'k_period': 14, 'k_smooth': 3, 'd_period': 3, 'display_shift': 0, 'overbought': 80.0, 'oversold': 20.0, 'formula_version': 'STOCH_CANONICAL_V1', 'causal_semantics': 'CLOSED_CANDLE', 'source_engine': 'INDICATOR_ENGINE_V1', 'reference_status': 'NUMERIC_REFERENCE_TESTED', 'preset_class': 'STANDARD', 'implementation_name': 'STANDARD_STOCHASTIC'}",12H,UP,K_CROSS_UP_D,K_CROSS_UP_D,K_CROSS_DOWN_D,NUMERIC_REFERENCE_TESTED,True,STANDARD_STOCHASTIC,MULTITF_INDICATOR_PARAMETER_SEARCH_V2,SINGLE_FAMILY_SINGLE_PRIMITIVE,0.30102762207746303,0.24920936116382036,276,93,STABLE_POSITIVE_FOLDS,STABLE_POSITIVE,NORMAL,LOW_SAMPLE,STABLE_POSITIVE
STOCH|STOCH_K14_KS3_D3_SHIFT0_V1|K_CROSS_UP_D|K_CROSS_DOWN_D|15m|DOWN,STOCHASTIC,STANDARD_STOCHASTIC,STOCH_K14_KS3_D3_SHIFT0_V1,"{'k_period': 14, 'k_smooth': 3, 'd_period': 3, 'display_shift': 0, 'overbought': 80.0, 'oversold': 20.0, 'formula_version': 'STOCH_CANONICAL_V1', 'causal_semantics': 'CLOSED_CANDLE', 'source_engine': 'INDICATOR_ENGINE_V1', 'reference_status': 'NUMERIC_REFERENCE_TESTED', 'preset_class': 'STANDARD', 'implementation_name': 'STANDARD_STOCHASTIC'}",15m,DOWN,K_CROSS_DOWN_D,K_CROSS_UP_D,K_CROSS_DOWN_D,NUMERIC_REFERENCE_TESTED,True,STANDARD_STOCHASTIC,MULTITF_INDICATOR_PARAMETER_SEARCH_V2,SINGLE_FAMILY_SINGLE_PRIMITIVE,0.0029997534278521643,0.008842388426589777,13163,4376,STABLE_POSITIVE_FOLDS,WEAK_POSITIVE,NORMAL,NORMAL,WEAK_POSITIVE
STOCH|STOCH_K14_KS3_D3_SHIFT0_V1|K_CROSS_UP_D|K_CROSS_DOWN_D|15m|UP,STOCHASTIC,STANDARD_STOCHASTIC,STOCH_K14_KS3_D3_SHIFT0_V1,"{'k_period': 14, 'k_smooth': 3, 'd_period': 3, 'display_shift': 0, 'overbought': 80.0, 'oversold': 20.0, 'formula_version': 'STOCH_CANONICAL_V1', 'causal_semantics': 'CLOSED_CANDLE', 'source_engine': 'INDICATOR_ENGINE_V1', 'reference_status': 'NUMERIC_REFERENCE_TESTED', 'preset_class': 'STANDARD', 'implementation_name': 'STANDARD_STOCHASTIC'}",15m,UP,K_CROSS_UP_D,K_CROSS_UP_D,K_CROSS_DOWN_D,NUMERIC_REFERENCE_TESTED,True,STANDARD_STOCHASTIC,MULTITF_INDICATOR_PARAMETER_SEARCH_V2,SINGLE_FAMILY_SINGLE_PRIMITIVE,0.0030002833799116667,0.008848819346452479,13162,4376,STABLE_POSITIVE_FOLDS,WEAK_POSITIVE,NORMAL,NORMAL,WEAK_POSITIVE
STOCH|STOCH_K14_KS3_D3_SHIFT0_V1|K_CROSS_UP_D|K_CROSS_DOWN_D|1D|DOWN,STOCHASTIC,STANDARD_STOCHASTIC,STOCH_K14_KS3_D3_SHIFT0_V1,"{'k_period': 14, 'k_smooth': 3, 'd_period': 3, 'display_shift': 0, 'overbought': 80.0, 'oversold': 20.0, 'formula_version': 'STOCH_CANONICAL_V1', 'causal_semantics': 'CLOSED_CANDLE', 'source_engine': 'INDICATOR_ENGINE_V1', 'reference_status': 'NUMERIC_REFERENCE_TESTED', 'preset_class': 'STANDARD', 'implementation_name': 'STANDARD_STOCHASTIC'}",1D,DOWN,K_CROSS_DOWN_D,K_CROSS_UP_D,K_CROSS_DOWN_D,NUMERIC_REFERENCE_TESTED,True,STANDARD_STOCHASTIC,MULTITF_INDICATOR_PARAMETER_SEARCH_V2,SINGLE_FAMILY_SINGLE_PRIMITIVE,0.25476190476190474,0.2932480141218005,140,44,STABLE_POSITIVE_FOLDS,STABLE_POSITIVE,NORMAL,LOW_SAMPLE,STABLE_POSITIVE
STOCH|STOCH_K14_KS3_D3_SHIFT0_V1|K_CROSS_UP_D|K_CROSS_DOWN_D|1D|UP,STOCHASTIC,STANDARD_STOCHASTIC,STOCH_K14_KS3_D3_SHIFT0_V1,"{'k_period': 14, 'k_smooth': 3, 'd_period': 3, 'display_shift': 0, 'overbought': 80.0, 'oversold': 20.0, 'formula_version': 'STOCH_CANONICAL_V1', 'causal_semantics': 'CLOSED_CANDLE', 'source_engine': 'INDICATOR_ENGINE_V1', 'reference_status': 'NUMERIC_REFERENCE_TESTED', 'preset_class': 'STANDARD', 'implementation_name': 'STANDARD_STOCHASTIC'}",1D,UP,K_CROSS_UP_D,K_CROSS_UP_D,K_CROSS_DOWN_D,NUMERIC_REFERENCE_TESTED,True,STANDARD_STOCHASTIC,MULTITF_INDICATOR_PARAMETER_SEARCH_V2,SINGLE_FAMILY_SINGLE_PRIMITIVE,0.2693631048338586,0.3463675213675214,139,45,STABLE_POSITIVE_FOLDS,STABLE_POSITIVE,NORMAL,LOW_SAMPLE,STABLE_POSITIVE
STOCH|STOCH_K14_KS3_D3_SHIFT0_V1|K_CROSS_UP_D|K_CROSS_DOWN_D|1H|DOWN,STOCHASTIC,STANDARD_STOCHASTIC,STOCH_K14_KS3_D3_SHIFT0_V1,"{'k_period': 14, 'k_smooth': 3, 'd_period': 3, 'display_shift': 0, 'overbought': 80.0, 'oversold': 20.0, 'formula_version': 'STOCH_CANONICAL_V1', 'causal_semantics': 'CLOSED_CANDLE', 'source_engine': 'INDICATOR_ENGINE_V1', 'reference_status': 'NUMERIC_REFERENCE_TESTED', 'preset_class': 'STANDARD', 'implementation_name': 'STANDARD_STOCHASTIC'}",1H,DOWN,K_CROSS_DOWN_D,K_CROSS_UP_D,K_CROSS_DOWN_D,NUMERIC_REFERENCE_TESTED,True,STANDARD_STOCHASTIC,MULTITF_INDICATOR_PARAMETER_SEARCH_V2,SINGLE_FAMILY_SINGLE_PRIMITIVE,0.1319577565911877,0.13294824707846412,3267,1125,STABLE_POSITIVE_FOLDS,STABLE_POSITIVE,NORMAL,NORMAL,STABLE_POSITIVE
STOCH|STOCH_K14_KS3_D3_SHIFT0_V1|K_CROSS_UP_D|K_CROSS_DOWN_D|1H|UP,STOCHASTIC,STANDARD_STOCHASTIC,STOCH_K14_KS3_D3_SHIFT0_V1,"{'k_period': 14, 'k_smooth': 3, 'd_period': 3, 'display_shift': 0, 'overbought': 80.0, 'oversold': 20.0, 'formula_version': 'STOCH_CANONICAL_V1', 'causal_semantics': 'CLOSED_CANDLE', 'source_engine': 'INDICATOR_ENGINE_V1', 'reference_status': 'NUMERIC_REFERENCE_TESTED', 'preset_class': 'STANDARD', 'implementation_name': 'STANDARD_STOCHASTIC'}",1H,UP,K_CROSS_UP_D,K_CROSS_UP_D,K_CROSS_DOWN_D,NUMERIC_REFERENCE_TESTED,True,STANDARD_STOCHASTIC,MULTITF_INDICATOR_PARAMETER_SEARCH_V2,SINGLE_FAMILY_SINGLE_PRIMITIVE,0.13419672265506943,0.13507245860409733,3270,1124,STABLE_POSITIVE_FOLDS,STABLE_POSITIVE,NORMAL,NORMAL,STABLE_POSITIVE
STOCH|STOCH_K14_KS3_D3_SHIFT0_V1|K_CROSS_UP_D|K_CROSS_DOWN_D|2H|DOWN,STOCHASTIC,STANDARD_STOCHASTIC,STOCH_K14_KS3_D3_SHIFT0_V1,"{'k_period': 14, 'k_smooth': 3, 'd_period': 3, 'display_shift': 0, 'overbought': 80.0, 'oversold': 20.0, 'formula_version': 'STOCH_CANONICAL_V1', 'causal_semantics': 'CLOSED_CANDLE', 'source_engine': 'INDICATOR_ENGINE_V1', 'reference_status': 'NUMERIC_REFERENCE_TESTED', 'preset_class': 'STANDARD', 'implementation_name': 'STANDARD_STOCHASTIC'}",2H,DOWN,K_CROSS_DOWN_D,K_CROSS_UP_D,K_CROSS_DOWN_D,NUMERIC_REFERENCE_TESTED,True,STANDARD_STOCHASTIC,MULTITF_INDICATOR_PARAMETER_SEARCH_V2,SINGLE_FAMILY_SINGLE_PRIMITIVE,0.13428759858946404,0.14754103158436935,1624,552,STABLE_POSITIVE_FOLDS,STABLE_POSITIVE,NORMAL,NORMAL,STABLE_POSITIVE
STOCH|STOCH_K14_KS3_D3_SHIFT0_V1|K_CROSS_UP_D|K_CROSS_DOWN_D|2H|UP,STOCHASTIC,STANDARD_STOCHASTIC,STOCH_K14_KS3_D3_SHIFT0_V1,"{'k_period': 14, 'k_smooth': 3, 'd_period': 3, 'display_shift': 0, 'overbought': 80.0, 'oversold': 20.0, 'formula_version': 'STOCH_CANONICAL_V1', 'causal_semantics': 'CLOSED_CANDLE', 'source_engine': 'INDICATOR_ENGINE_V1', 'reference_status': 'NUMERIC_REFERENCE_TESTED', 'preset_class': 'STANDARD', 'implementation_name': 'STANDARD_STOCHASTIC'}",2H,UP,K_CROSS_UP_D,K_CROSS_UP_D,K_CROSS_DOWN_D,NUMERIC_REFERENCE_TESTED,True,STANDARD_STOCHASTIC,MULTITF_INDICATOR_PARAMETER_SEARCH_V2,SINGLE_FAMILY_SINGLE_PRIMITIVE,0.13519566455893692,0.15045753822118066,1626,551,STABLE_POSITIVE_FOLDS,STABLE_POSITIVE,NORMAL,NORMAL,STABLE_POSITIVE
STOCH|STOCH_K14_KS3_D3_SHIFT0_V1|K_CROSS_UP_D|K_CROSS_DOWN_D|30m|DOWN,STOCHASTIC,STANDARD_STOCHASTIC,STOCH_K14_KS3_D3_SHIFT0_V1,"{'k_period': 14, 'k_smooth': 3, 'd_period': 3, 'display_shift': 0, 'overbought': 80.0, 'oversold': 20.0, 'formula_version': 'STOCH_CANONICAL_V1', 'causal_semantics': 'CLOSED_CANDLE', 'source_engine': 'INDICATOR_ENGINE_V1', 'reference_status': 'NUMERIC_REFERENCE_TESTED', 'preset_class': 'STANDARD', 'implementation_name': 'STANDARD_STOCHASTIC'}",30m,DOWN,K_CROSS_DOWN_D,K_CROSS_UP_D,K_CROSS_DOWN_D,NUMERIC_REFERENCE_TESTED,True,STANDARD_STOCHASTIC,MULTITF_INDICATOR_PARAMETER_SEARCH_V2,SINGLE_FAMILY_SINGLE_PRIMITIVE,0.006476490995072941,0.010529245934808895,6543,2133,STABLE_POSITIVE_FOLDS,WEAK_POSITIVE,NORMAL,NORMAL,WEAK_POSITIVE
STOCH|STOCH_K14_KS3_D3_SHIFT0_V1|K_CROSS_UP_D|K_CROSS_DOWN_D|30m|UP,STOCHASTIC,STANDARD_STOCHASTIC,STOCH_K14_KS3_D3_SHIFT0_V1,"{'k_period': 14, 'k_smooth': 3, 'd_period': 3, 'display_shift': 0, 'overbought': 80.0, 'oversold': 20.0, 'formula_version': 'STOCH_CANONICAL_V1', 'causal_semantics': 'CLOSED_CANDLE', 'source_engine': 'INDICATOR_ENGINE_V1', 'reference_status': 'NUMERIC_REFERENCE_TESTED', 'preset_class': 'STANDARD', 'implementation_name': 'STANDARD_STOCHASTIC'}",30m,UP,K_CROSS_UP_D,K_CROSS_UP_D,K_CROSS_DOWN_D,NUMERIC_REFERENCE_TESTED,True,STANDARD_STOCHASTIC,MULTITF_INDICATOR_PARAMETER_SEARCH_V2,SINGLE_FAMILY_SINGLE_PRIMITIVE,0.006474747776820207,0.010543110915454275,6545,2132,STABLE_POSITIVE_FOLDS,WEAK_POSITIVE,NORMAL,NORMAL,WEAK_POSITIVE
STOCH|STOCH_K14_KS3_D3_SHIFT0_V1|K_CROSS_UP_D|K_CROSS_DOWN_D|4H|DOWN,STOCHASTIC,STANDARD_STOCHASTIC,STOCH_K14_KS3_D3_SHIFT0_V1,"{'k_period': 14, 'k_smooth': 3, 'd_period': 3, 'display_shift': 0, 'overbought': 80.0, 'oversold': 20.0, 'formula_version': 'STOCH_CANONICAL_V1', 'causal_semantics': 'CLOSED_CANDLE', 'source_engine': 'INDICATOR_ENGINE_V1', 'reference_status': 'NUMERIC_REFERENCE_TESTED', 'preset_class': 'STANDARD', 'implementation_name': 'STANDARD_STOCHASTIC'}",4H,DOWN,K_CROSS_DOWN_D,K_CROSS_UP_D,K_CROSS_DOWN_D,NUMERIC_REFERENCE_TESTED,True,STANDARD_STOCHASTIC,MULTITF_INDICATOR_PARAMETER_SEARCH_V2,SINGLE_FAMILY_SINGLE_PRIMITIVE,0.1318587628303341,0.15232082732082733,826,270,STABLE_POSITIVE_FOLDS,STABLE_POSITIVE,NORMAL,NORMAL,STABLE_POSITIVE
STOCH|STOCH_K14_KS3_D3_SHIFT0_V1|K_CROSS_UP_D|K_CROSS_DOWN_D|4H|UP,STOCHASTIC,STANDARD_STOCHASTIC,STOCH_K14_KS3_D3_SHIFT0_V1,"{'k_period': 14, 'k_smooth': 3, 'd_period': 3, 'display_shift': 0, 'overbought': 80.0, 'oversold': 20.0, 'formula_version': 'STOCH_CANONICAL_V1', 'causal_semantics': 'CLOSED_CANDLE', 'source_engine': 'INDICATOR_ENGINE_V1', 'reference_status': 'NUMERIC_REFERENCE_TESTED', 'preset_class': 'STANDARD', 'implementation_name': 'STANDARD_STOCHASTIC'}",4H,UP,K_CROSS_UP_D,K_CROSS_UP_D,K_CROSS_DOWN_D,NUMERIC_REFERENCE_TESTED,True,STANDARD_STOCHASTIC,MULTITF_INDICATOR_PARAMETER_SEARCH_V2,SINGLE_FAMILY_SINGLE_PRIMITIVE,0.13811625960343993,0.15317553175531756,824,271,STABLE_POSITIVE_FOLDS,STABLE_POSITIVE,NORMAL,NORMAL,STABLE_POSITIVE
STOCH|STOCH_K14_KS3_D3_SHIFT0_V1|K_CROSS_UP_D|K_CROSS_DOWN_D|5m|DOWN,STOCHASTIC,STANDARD_STOCHASTIC,STOCH_K14_KS3_D3_SHIFT0_V1,"{'k_period': 14, 'k_smooth': 3, 'd_period': 3, 'display_shift': 0, 'overbought': 80.0, 'oversold': 20.0, 'formula_version': 'STOCH_CANONICAL_V1', 'causal_semantics': 'CLOSED_CANDLE', 'source_engine': 'INDICATOR_ENGINE_V1', 'reference_status': 'NUMERIC_REFERENCE_TESTED', 'preset_class': 'STANDARD', 'implementation_name': 'STANDARD_STOCHASTIC'}",5m,DOWN,K_CROSS_DOWN_D,K_CROSS_UP_D,K_CROSS_DOWN_D,NUMERIC_REFERENCE_TESTED,True,STANDARD_STOCHASTIC,MULTITF_INDICATOR_PARAMETER_SEARCH_V2,SINGLE_FAMILY_SINGLE_PRIMITIVE,0.0,0.00130197416550929,38873,13115,UNSTABLE_DISCOVERY,WEAK_POSITIVE,NORMAL,NORMAL,WEAK_POSITIVE
STOCH|STOCH_K14_KS3_D3_SHIFT0_V1|K_CROSS_UP_D|K_CROSS_DOWN_D|5m|UP,STOCHASTIC,STANDARD_STOCHASTIC,STOCH_K14_KS3_D3_SHIFT0_V1,"{'k_period': 14, 'k_smooth': 3, 'd_period': 3, 'display_shift': 0, 'overbought': 80.0, 'oversold': 20.0, 'formula_version': 'STOCH_CANONICAL_V1', 'causal_semantics': 'CLOSED_CANDLE', 'source_engine': 'INDICATOR_ENGINE_V1', 'reference_status': 'NUMERIC_REFERENCE_TESTED', 'preset_class': 'STANDARD', 'implementation_name': 'STANDARD_STOCHASTIC'}",5m,UP,K_CROSS_UP_D,K_CROSS_UP_D,K_CROSS_DOWN_D,NUMERIC_REFERENCE_TESTED,True,STANDARD_STOCHASTIC,MULTITF_INDICATOR_PARAMETER_SEARCH_V2,SINGLE_FAMILY_SINGLE_PRIMITIVE,0.0,0.0013434783962668932,38871,13114,UNSTABLE_DISCOVERY,WEAK_POSITIVE,NORMAL,NORMAL,WEAK_POSITIVE
STOCH|STOCH_K14_KS3_D3_SHIFT0_V1|K_CROSS_UP_D|K_CROSS_DOWN_D|6H|DOWN,STOCHASTIC,STANDARD_STOCHASTIC,STOCH_K14_KS3_D3_SHIFT0_V1,"{'k_period': 14, 'k_smooth': 3, 'd_period': 3, 'display_shift': 0, 'overbought': 80.0, 'oversold': 20.0, 'formula_version': 'STOCH_CANONICAL_V1', 'causal_semantics': 'CLOSED_CANDLE', 'source_engine': 'INDICATOR_ENGINE_V1', 'reference_status': 'NUMERIC_REFERENCE_TESTED', 'preset_class': 'STANDARD', 'implementation_name': 'STANDARD_STOCHASTIC'}",6H,DOWN,K_CROSS_DOWN_D,K_CROSS_UP_D,K_CROSS_DOWN_D,NUMERIC_REFERENCE_TESTED,True,STANDARD_STOCHASTIC,MULTITF_INDICATOR_PARAMETER_SEARCH_V2,SINGLE_FAMILY_SINGLE_PRIMITIVE,0.26524432062376363,0.3894219914201852,557,172,STABLE_POSITIVE_FOLDS,STABLE_POSITIVE,NORMAL,NORMAL,STABLE_POSITIVE
STOCH|STOCH_K14_KS3_D3_SHIFT0_V1|K_CROSS_UP_D|K_CROSS_DOWN_D|6H|UP,STOCHASTIC,STANDARD_STOCHASTIC,STOCH_K14_KS3_D3_SHIFT0_V1,"{'k_period': 14, 'k_smooth': 3, 'd_period': 3, 'display_shift': 0, 'overbought': 80.0, 'oversold': 20.0, 'formula_version': 'STOCH_CANONICAL_V1', 'causal_semantics': 'CLOSED_CANDLE', 'source_engine': 'INDICATOR_ENGINE_V1', 'reference_status': 'NUMERIC_REFERENCE_TESTED', 'preset_class': 'STANDARD', 'implementation_name': 'STANDARD_STOCHASTIC'}",6H,UP,K_CROSS_UP_D,K_CROSS_UP_D,K_CROSS_DOWN_D,NUMERIC_REFERENCE_TESTED,True,STANDARD_STOCHASTIC,MULTITF_INDICATOR_PARAMETER_SEARCH_V2,SINGLE_FAMILY_SINGLE_PRIMITIVE,0.29341335617377834,0.32157371867238654,557,172,STABLE_POSITIVE_FOLDS,STABLE_POSITIVE,NORMAL,NORMAL,STABLE_POSITIVE
STOCH|STOCH_K14_KS3_D3_SHIFT0_V1|K_CROSS_UP_D|K_CROSS_DOWN_D|8H|DOWN,STOCHASTIC,STANDARD_STOCHASTIC,STOCH_K14_KS3_D3_SHIFT0_V1,"{'k_period': 14, 'k_smooth': 3, 'd_period': 3, 'display_shift': 0, 'overbought': 80.0, 'oversold': 20.0, 'formula_version': 'STOCH_CANONICAL_V1', 'causal_semantics': 'CLOSED_CANDLE', 'source_engine': 'INDICATOR_ENGINE_V1', 'reference_status': 'NUMERIC_REFERENCE_TESTED', 'preset_class': 'STANDARD', 'implementation_name': 'STANDARD_STOCHASTIC'}",8H,DOWN,K_CROSS_DOWN_D,K_CROSS_UP_D,K_CROSS_DOWN_D,NUMERIC_REFERENCE_TESTED,True,STANDARD_STOCHASTIC,MULTITF_INDICATOR_PARAMETER_SEARCH_V2,SINGLE_FAMILY_SINGLE_PRIMITIVE,0.2734390347368331,0.3295632380139422,407,142,STABLE_POSITIVE_FOLDS,STABLE_POSITIVE,NORMAL,NORMAL,STABLE_POSITIVE
STOCH|STOCH_K14_KS3_D3_SHIFT0_V1|K_CROSS_UP_D|K_CROSS_DOWN_D|8H|UP,STOCHASTIC,STANDARD_STOCHASTIC,STOCH_K14_KS3_D3_SHIFT0_V1,"{'k_period': 14, 'k_smooth': 3, 'd_period': 3, 'display_shift': 0, 'overbought': 80.0, 'oversold': 20.0, 'formula_version': 'STOCH_CANONICAL_V1', 'causal_semantics': 'CLOSED_CANDLE', 'source_engine': 'INDICATOR_ENGINE_V1', 'reference_status': 'NUMERIC_REFERENCE_TESTED', 'preset_class': 'STANDARD', 'implementation_name': 'STANDARD_STOCHASTIC'}",8H,UP,K_CROSS_UP_D,K_CROSS_UP_D,K_CROSS_DOWN_D,NUMERIC_REFERENCE_TESTED,True,STANDARD_STOCHASTIC,MULTITF_INDICATOR_PARAMETER_SEARCH_V2,SINGLE_FAMILY_SINGLE_PRIMITIVE,0.30228288633461053,0.31170507345003984,406,143,STABLE_POSITIVE_FOLDS,STABLE_POSITIVE,NORMAL,NORMAL,STABLE_POSITIVE
