candidate_id,timeframe,direction,family,precision_delta,bootstrap_p,passes_fdr
DMA|DMA_EMA_P10_SHIFT5_V1|MA_SLOPE_TURN_UP|MA_SLOPE_TURN_DOWN|12H|DOWN,12H,DOWN,DMA,0.28784793532881797,1.0,False
DMA|DMA_EMA_P10_SHIFT5_V1|PRICE_CROSS_UP_MA|PRICE_CROSS_DOWN_MA|12H|DOWN,12H,DOWN,DMA,0.28784793532881797,1.0,False
DMA|DMA_EMA_P14_SHIFT5_V1|MA_SLOPE_TURN_UP|MA_SLOPE_TURN_DOWN|12H|DOWN,12H,DOWN,DMA,0.2619919110212336,1.0,False
DMA|DMA_EMA_P14_SHIFT5_V1|PRICE_CROSS_UP_MA|PRICE_CROSS_DOWN_MA|12H|DOWN,12H,DOWN,DMA,0.2619919110212336,1.0,False
DMA|DMA_EMA_P14_SHIFT8_V1|MA_SLOPE_TURN_UP|MA_SLOPE_TURN_DOWN|12H|DOWN,12H,DOWN,DMA,0.2619919110212336,1.0,False
DMA|DMA_EMA_P14_SHIFT8_V1|PRICE_CROSS_UP_MA|PRICE_CROSS_DOWN_MA|12H|DOWN,12H,DOWN,DMA,0.2619919110212336,1.0,False
DMA|DMA_EMA_P20_SHIFT5_V1|MA_SLOPE_TURN_UP|MA_SLOPE_TURN_DOWN|12H|DOWN,12H,DOWN,DMA,0.2890683229813665,1.0,False
DMA|DMA_EMA_P20_SHIFT5_V1|PRICE_CROSS_UP_MA|PRICE_CROSS_DOWN_MA|12H|DOWN,12H,DOWN,DMA,0.2890683229813665,1.0,False
DMA|DMA_EMA_P25_SHIFT5_V1|MA_SLOPE_TURN_UP|MA_SLOPE_TURN_DOWN|12H|DOWN,12H,DOWN,DMA,0.2822592442096708,1.0,False
DMA|DMA_EMA_P25_SHIFT5_V1|PRICE_CROSS_UP_MA|PRICE_CROSS_DOWN_MA|12H|DOWN,12H,DOWN,DMA,0.2822592442096708,1.0,False
DMA|DMA_EMA_P25_SHIFT8_V1|MA_SLOPE_TURN_UP|MA_SLOPE_TURN_DOWN|12H|DOWN,12H,DOWN,DMA,0.2822592442096708,1.0,False
DMA|DMA_EMA_P25_SHIFT8_V1|PRICE_CROSS_UP_MA|PRICE_CROSS_DOWN_MA|12H|DOWN,12H,DOWN,DMA,0.2822592442096708,1.0,False
DMA|DMA_EMA_P3_SHIFT0_V1|MA_SLOPE_TURN_UP|MA_SLOPE_TURN_DOWN|12H|DOWN,12H,DOWN,DMA,0.16097045399951954,1.0,False
DMA|DMA_EMA_P3_SHIFT0_V1|PRICE_CROSS_UP_MA|PRICE_CROSS_DOWN_MA|12H|DOWN,12H,DOWN,DMA,0.16097045399951954,1.0,False
DMA|DMA_EMA_P3_SHIFT2_V1|MA_SLOPE_TURN_UP|MA_SLOPE_TURN_DOWN|12H|DOWN,12H,DOWN,DMA,0.16097045399951954,1.0,False
DMA|DMA_EMA_P3_SHIFT2_V1|PRICE_CROSS_UP_MA|PRICE_CROSS_DOWN_MA|12H|DOWN,12H,DOWN,DMA,0.16097045399951954,1.0,False
DMA|DMA_EMA_P3_SHIFT3_V1|MA_SLOPE_TURN_UP|MA_SLOPE_TURN_DOWN|12H|DOWN,12H,DOWN,DMA,0.16097045399951954,1.0,False
DMA|DMA_EMA_P3_SHIFT3_V1|PRICE_CROSS_UP_MA|PRICE_CROSS_DOWN_MA|12H|DOWN,12H,DOWN,DMA,0.16097045399951954,1.0,False
DMA|DMA_EMA_P3_SHIFT5_V1|MA_SLOPE_TURN_UP|MA_SLOPE_TURN_DOWN|12H|DOWN,12H,DOWN,DMA,0.16097045399951954,1.0,False
DMA|DMA_EMA_P3_SHIFT5_V1|PRICE_CROSS_UP_MA|PRICE_CROSS_DOWN_MA|12H|DOWN,12H,DOWN,DMA,0.16097045399951954,1.0,False
DMA|DMA_EMA_P5_SHIFT3_V1|MA_SLOPE_TURN_UP|MA_SLOPE_TURN_DOWN|12H|DOWN,12H,DOWN,DMA,0.2315201973481344,1.0,False
DMA|DMA_EMA_P5_SHIFT3_V1|PRICE_CROSS_UP_MA|PRICE_CROSS_DOWN_MA|12H|DOWN,12H,DOWN,DMA,0.2315201973481344,1.0,False
DMA|DMA_EMA_P5_SHIFT5_V1|MA_SLOPE_TURN_UP|MA_SLOPE_TURN_DOWN|12H|DOWN,12H,DOWN,DMA,0.2315201973481344,1.0,False
DMA|DMA_EMA_P5_SHIFT5_V1|PRICE_CROSS_UP_MA|PRICE_CROSS_DOWN_MA|12H|DOWN,12H,DOWN,DMA,0.2315201973481344,1.0,False
DMA|DMA_EMA_P7_SHIFT3_V1|MA_SLOPE_TURN_UP|MA_SLOPE_TURN_DOWN|12H|DOWN,12H,DOWN,DMA,0.27564097779436464,1.0,False
DMA|DMA_EMA_P7_SHIFT3_V1|PRICE_CROSS_UP_MA|PRICE_CROSS_DOWN_MA|12H|DOWN,12H,DOWN,DMA,0.27564097779436464,1.0,False
DMA|DMA_EMA_P7_SHIFT5_V1|MA_SLOPE_TURN_UP|MA_SLOPE_TURN_DOWN|12H|DOWN,12H,DOWN,DMA,0.27564097779436464,1.0,False
DMA|DMA_EMA_P7_SHIFT5_V1|PRICE_CROSS_UP_MA|PRICE_CROSS_DOWN_MA|12H|DOWN,12H,DOWN,DMA,0.27564097779436464,1.0,False
DMA|DMA_SMA_P10_SHIFT5_V1|MA_SLOPE_TURN_UP|MA_SLOPE_TURN_DOWN|12H|DOWN,12H,DOWN,DMA,0.16896865520728005,1.0,False
DMA|DMA_SMA_P10_SHIFT5_V1|PRICE_CROSS_UP_MA|PRICE_CROSS_DOWN_MA|12H|DOWN,12H,DOWN,DMA,0.30104523495827845,1.0,False
DMA|DMA_SMA_P14_SHIFT5_V1|MA_SLOPE_TURN_UP|MA_SLOPE_TURN_DOWN|12H|DOWN,12H,DOWN,DMA,0.17096581480252238,1.0,False
DMA|DMA_SMA_P14_SHIFT5_V1|PRICE_CROSS_UP_MA|PRICE_CROSS_DOWN_MA|12H|DOWN,12H,DOWN,DMA,0.2735480407944176,1.0,False
DMA|DMA_SMA_P14_SHIFT8_V1|MA_SLOPE_TURN_UP|MA_SLOPE_TURN_DOWN|12H|DOWN,12H,DOWN,DMA,0.17096581480252238,1.0,False
DMA|DMA_SMA_P14_SHIFT8_V1|PRICE_CROSS_UP_MA|PRICE_CROSS_DOWN_MA|12H|DOWN,12H,DOWN,DMA,0.2735480407944176,1.0,False
DMA|DMA_SMA_P20_SHIFT5_V1|MA_SLOPE_TURN_UP|MA_SLOPE_TURN_DOWN|12H|DOWN,12H,DOWN,DMA,0.13794050343249425,1.0,False
DMA|DMA_SMA_P20_SHIFT5_V1|PRICE_CROSS_UP_MA|PRICE_CROSS_DOWN_MA|12H|DOWN,12H,DOWN,DMA,0.29682985279014035,1.0,False
DMA|DMA_SMA_P25_SHIFT5_V1|MA_SLOPE_TURN_UP|MA_SLOPE_TURN_DOWN|12H|DOWN,12H,DOWN,DMA,0.23033816425120773,1.0,False
DMA|DMA_SMA_P25_SHIFT5_V1|PRICE_CROSS_UP_MA|PRICE_CROSS_DOWN_MA|12H|DOWN,12H,DOWN,DMA,0.3518659420289855,1.0,False
DMA|DMA_SMA_P25_SHIFT8_V1|MA_SLOPE_TURN_UP|MA_SLOPE_TURN_DOWN|12H|DOWN,12H,DOWN,DMA,0.23033816425120773,1.0,False
DMA|DMA_SMA_P25_SHIFT8_V1|PRICE_CROSS_UP_MA|PRICE_CROSS_DOWN_MA|12H|DOWN,12H,DOWN,DMA,0.3518659420289855,1.0,False
DMA|DMA_SMA_P3_SHIFT0_V1|MA_SLOPE_TURN_UP|MA_SLOPE_TURN_DOWN|12H|DOWN,12H,DOWN,DMA,0.26110182693669454,1.0,False
DMA|DMA_SMA_P3_SHIFT0_V1|PRICE_CROSS_UP_MA|PRICE_CROSS_DOWN_MA|12H|DOWN,12H,DOWN,DMA,0.10504265597697604,1.0,False
DMA|DMA_SMA_P3_SHIFT2_V1|MA_SLOPE_TURN_UP|MA_SLOPE_TURN_DOWN|12H|DOWN,12H,DOWN,DMA,0.26110182693669454,1.0,False
DMA|DMA_SMA_P3_SHIFT2_V1|PRICE_CROSS_UP_MA|PRICE_CROSS_DOWN_MA|12H|DOWN,12H,DOWN,DMA,0.10504265597697604,1.0,False
DMA|DMA_SMA_P3_SHIFT3_V1|MA_SLOPE_TURN_UP|MA_SLOPE_TURN_DOWN|12H|DOWN,12H,DOWN,DMA,0.26110182693669454,1.0,False
DMA|DMA_SMA_P3_SHIFT3_V1|PRICE_CROSS_UP_MA|PRICE_CROSS_DOWN_MA|12H|DOWN,12H,DOWN,DMA,0.10504265597697604,1.0,False
DMA|DMA_SMA_P3_SHIFT5_V1|MA_SLOPE_TURN_UP|MA_SLOPE_TURN_DOWN|12H|DOWN,12H,DOWN,DMA,0.26110182693669454,1.0,False
DMA|DMA_SMA_P3_SHIFT5_V1|PRICE_CROSS_UP_MA|PRICE_CROSS_DOWN_MA|12H|DOWN,12H,DOWN,DMA,0.10504265597697604,1.0,False
DMA|DMA_SMA_P5_SHIFT3_V1|MA_SLOPE_TURN_UP|MA_SLOPE_TURN_DOWN|12H|DOWN,12H,DOWN,DMA,0.2873952213082647,1.0,False
DMA|DMA_SMA_P5_SHIFT3_V1|PRICE_CROSS_UP_MA|PRICE_CROSS_DOWN_MA|12H|DOWN,12H,DOWN,DMA,0.24133550971954293,1.0,False
DMA|DMA_SMA_P5_SHIFT5_V1|MA_SLOPE_TURN_UP|MA_SLOPE_TURN_DOWN|12H|DOWN,12H,DOWN,DMA,0.2873952213082647,1.0,False
DMA|DMA_SMA_P5_SHIFT5_V1|PRICE_CROSS_UP_MA|PRICE_CROSS_DOWN_MA|12H|DOWN,12H,DOWN,DMA,0.24133550971954293,1.0,False
DMA|DMA_SMA_P7_SHIFT3_V1|MA_SLOPE_TURN_UP|MA_SLOPE_TURN_DOWN|12H|DOWN,12H,DOWN,DMA,0.21975615366919715,1.0,False
DMA|DMA_SMA_P7_SHIFT3_V1|PRICE_CROSS_UP_MA|PRICE_CROSS_DOWN_MA|12H|DOWN,12H,DOWN,DMA,0.29867641400538664,1.0,False
DMA|DMA_SMA_P7_SHIFT5_V1|MA_SLOPE_TURN_UP|MA_SLOPE_TURN_DOWN|12H|DOWN,12H,DOWN,DMA,0.21975615366919715,1.0,False
DMA|DMA_SMA_P7_SHIFT5_V1|PRICE_CROSS_UP_MA|PRICE_CROSS_DOWN_MA|12H|DOWN,12H,DOWN,DMA,0.29867641400538664,1.0,False
DMA|DMA_WMA_P10_SHIFT5_V1|MA_SLOPE_TURN_UP|MA_SLOPE_TURN_DOWN|12H|DOWN,12H,DOWN,DMA,0.31412687099073416,1.0,False
DMA|DMA_WMA_P10_SHIFT5_V1|PRICE_CROSS_UP_MA|PRICE_CROSS_DOWN_MA|12H|DOWN,12H,DOWN,DMA,0.2959279831449914,1.0,False
DMA|DMA_WMA_P14_SHIFT5_V1|MA_SLOPE_TURN_UP|MA_SLOPE_TURN_DOWN|12H|DOWN,12H,DOWN,DMA,0.2938302277432712,1.0,False
DMA|DMA_WMA_P14_SHIFT5_V1|PRICE_CROSS_UP_MA|PRICE_CROSS_DOWN_MA|12H|DOWN,12H,DOWN,DMA,0.2858937198067633,1.0,False
DMA|DMA_WMA_P14_SHIFT8_V1|MA_SLOPE_TURN_UP|MA_SLOPE_TURN_DOWN|12H|DOWN,12H,DOWN,DMA,0.2938302277432712,1.0,False
DMA|DMA_WMA_P14_SHIFT8_V1|PRICE_CROSS_UP_MA|PRICE_CROSS_DOWN_MA|12H|DOWN,12H,DOWN,DMA,0.2858937198067633,1.0,False
DMA|DMA_WMA_P20_SHIFT5_V1|MA_SLOPE_TURN_UP|MA_SLOPE_TURN_DOWN|12H|DOWN,12H,DOWN,DMA,0.28453870625662775,1.0,False
DMA|DMA_WMA_P20_SHIFT5_V1|PRICE_CROSS_UP_MA|PRICE_CROSS_DOWN_MA|12H|DOWN,12H,DOWN,DMA,0.28453870625662775,1.0,False
DMA|DMA_WMA_P25_SHIFT5_V1|MA_SLOPE_TURN_UP|MA_SLOPE_TURN_DOWN|12H|DOWN,12H,DOWN,DMA,0.34511227902532243,1.0,False
DMA|DMA_WMA_P25_SHIFT5_V1|PRICE_CROSS_UP_MA|PRICE_CROSS_DOWN_MA|12H|DOWN,12H,DOWN,DMA,0.2789492753623188,1.0,False
DMA|DMA_WMA_P25_SHIFT8_V1|MA_SLOPE_TURN_UP|MA_SLOPE_TURN_DOWN|12H|DOWN,12H,DOWN,DMA,0.34511227902532243,1.0,False
DMA|DMA_WMA_P25_SHIFT8_V1|PRICE_CROSS_UP_MA|PRICE_CROSS_DOWN_MA|12H|DOWN,12H,DOWN,DMA,0.2789492753623188,1.0,False
DMA|DMA_WMA_P3_SHIFT0_V1|MA_SLOPE_TURN_UP|MA_SLOPE_TURN_DOWN|12H|DOWN,12H,DOWN,DMA,0.20575606002308583,1.0,False
DMA|DMA_WMA_P3_SHIFT0_V1|PRICE_CROSS_UP_MA|PRICE_CROSS_DOWN_MA|12H|DOWN,12H,DOWN,DMA,0.08048436308161705,1.0,False
DMA|DMA_WMA_P3_SHIFT2_V1|MA_SLOPE_TURN_UP|MA_SLOPE_TURN_DOWN|12H|DOWN,12H,DOWN,DMA,0.20575606002308583,1.0,False
DMA|DMA_WMA_P3_SHIFT2_V1|PRICE_CROSS_UP_MA|PRICE_CROSS_DOWN_MA|12H|DOWN,12H,DOWN,DMA,0.08048436308161705,1.0,False
DMA|DMA_WMA_P3_SHIFT3_V1|MA_SLOPE_TURN_UP|MA_SLOPE_TURN_DOWN|12H|DOWN,12H,DOWN,DMA,0.20575606002308583,1.0,False
DMA|DMA_WMA_P3_SHIFT3_V1|PRICE_CROSS_UP_MA|PRICE_CROSS_DOWN_MA|12H|DOWN,12H,DOWN,DMA,0.08048436308161705,1.0,False
DMA|DMA_WMA_P3_SHIFT5_V1|MA_SLOPE_TURN_UP|MA_SLOPE_TURN_DOWN|12H|DOWN,12H,DOWN,DMA,0.20575606002308583,1.0,False
DMA|DMA_WMA_P3_SHIFT5_V1|PRICE_CROSS_UP_MA|PRICE_CROSS_DOWN_MA|12H|DOWN,12H,DOWN,DMA,0.08048436308161705,1.0,False
DMA|DMA_WMA_P5_SHIFT3_V1|MA_SLOPE_TURN_UP|MA_SLOPE_TURN_DOWN|12H|DOWN,12H,DOWN,DMA,0.29197010869565215,1.0,False
DMA|DMA_WMA_P5_SHIFT3_V1|PRICE_CROSS_UP_MA|PRICE_CROSS_DOWN_MA|12H|DOWN,12H,DOWN,DMA,0.19985635500833648,1.0,False
DMA|DMA_WMA_P5_SHIFT5_V1|MA_SLOPE_TURN_UP|MA_SLOPE_TURN_DOWN|12H|DOWN,12H,DOWN,DMA,0.29197010869565215,1.0,False
DMA|DMA_WMA_P5_SHIFT5_V1|PRICE_CROSS_UP_MA|PRICE_CROSS_DOWN_MA|12H|DOWN,12H,DOWN,DMA,0.19985635500833648,1.0,False
DMA|DMA_WMA_P7_SHIFT3_V1|MA_SLOPE_TURN_UP|MA_SLOPE_TURN_DOWN|12H|DOWN,12H,DOWN,DMA,0.3414492753623188,1.0,False
DMA|DMA_WMA_P7_SHIFT3_V1|PRICE_CROSS_UP_MA|PRICE_CROSS_DOWN_MA|12H|DOWN,12H,DOWN,DMA,0.24722077123982172,1.0,False
DMA|DMA_WMA_P7_SHIFT5_V1|MA_SLOPE_TURN_UP|MA_SLOPE_TURN_DOWN|12H|DOWN,12H,DOWN,DMA,0.3414492753623188,1.0,False
DMA|DMA_WMA_P7_SHIFT5_V1|PRICE_CROSS_UP_MA|PRICE_CROSS_DOWN_MA|12H|DOWN,12H,DOWN,DMA,0.24722077123982172,1.0,False
DNO_QUANTILE|CAUSAL_DNO_QUANTILE_80_20_CONTROL_V1|CROSSED_OS_BAND_DOWN|12H|DOWN,12H,DOWN,DNO_QUANTILE,0.3123665013131018,1.0,False
DNO_QUANTILE|CAUSAL_DNO_QUANTILE_80_20_CONTROL_V1|FORECAST_OS_CROSS|12H|DOWN,12H,DOWN,DNO_QUANTILE,0.21209604153147305,1.0,False
INVERSE|INVERSE_DMA_25X5|DMA_SMA_P25_SHIFT5_V1|12H|DOWN,12H,DOWN,INVERSE_PREDICTOR,0.2985449849332759,1.0,False
INVERSE|INVERSE_DMA_3X3|DMA_SMA_P3_SHIFT3_V1|12H|DOWN,12H,DOWN,INVERSE_PREDICTOR,0.07478260869565218,1.0,False
INVERSE|INVERSE_DMA_7X5|DMA_SMA_P7_SHIFT5_V1|12H|DOWN,12H,DOWN,INVERSE_PREDICTOR,0.25735141603510164,1.0,False
INVERSE|INVERSE_DNO_N7_OB_OS|DNO_PERIOD_7_REFERENCE|12H|DOWN,12H,DOWN,INVERSE_PREDICTOR,0.27978260869565214,1.0,False
INVERSE|INVERSE_MACD_12_26_9_SIGNAL_CROSS|MACD_12_26_9_SHIFT0_V1|12H|DOWN,12H,DOWN,INVERSE_PREDICTOR,0.2779572118702553,1.0,False
INVERSE|INVERSE_STOCH_14_3_3_POINT_BAR|STOCH_K14_KS3_D3_SHIFT0_V1|12H|DOWN,12H,DOWN,INVERSE_PREDICTOR,0.28123422159887795,1.0,False
MACD|DINAPOLI_MACD_REFERENCE_V1|HIST_CROSS_UP_ZERO|HIST_CROSS_DOWN_ZERO|12H|DOWN,12H,DOWN,MACD,0.32824795523030564,1.0,False
MACD|DINAPOLI_MACD_REFERENCE_V1|MACD_CROSS_UP_SIGNAL|MACD_CROSS_DOWN_SIGNAL|12H|DOWN,12H,DOWN,MACD,0.32824795523030564,1.0,False
MACD|DISPLACED_MACD_12_26_9_SHIFT2_V1|HIST_CROSS_UP_ZERO|HIST_CROSS_DOWN_ZERO|12H|DOWN,12H,DOWN,MACD,0.3026895854398382,1.0,False
MACD|DISPLACED_MACD_12_26_9_SHIFT2_V1|MACD_CROSS_UP_SIGNAL|MACD_CROSS_DOWN_SIGNAL|12H|DOWN,12H,DOWN,MACD,0.3026895854398382,1.0,False
MACD|DISPLACED_MACD_12_26_9_SHIFT3_V1|HIST_CROSS_UP_ZERO|HIST_CROSS_DOWN_ZERO|12H|DOWN,12H,DOWN,MACD,0.3026895854398382,1.0,False
MACD|DISPLACED_MACD_12_26_9_SHIFT3_V1|MACD_CROSS_UP_SIGNAL|MACD_CROSS_DOWN_SIGNAL|12H|DOWN,12H,DOWN,MACD,0.3026895854398382,1.0,False
MACD|DISPLACED_MACD_12_26_9_SHIFT5_V1|HIST_CROSS_UP_ZERO|HIST_CROSS_DOWN_ZERO|12H|DOWN,12H,DOWN,MACD,0.3026895854398382,1.0,False
MACD|DISPLACED_MACD_12_26_9_SHIFT5_V1|MACD_CROSS_UP_SIGNAL|MACD_CROSS_DOWN_SIGNAL|12H|DOWN,12H,DOWN,MACD,0.3026895854398382,1.0,False
MACD|DISPLACED_MACD_5_13_4_SHIFT2_V1|HIST_CROSS_UP_ZERO|HIST_CROSS_DOWN_ZERO|12H|DOWN,12H,DOWN,MACD,0.3484668192219679,1.0,False
MACD|DISPLACED_MACD_5_13_4_SHIFT2_V1|MACD_CROSS_UP_SIGNAL|MACD_CROSS_DOWN_SIGNAL|12H|DOWN,12H,DOWN,MACD,0.3484668192219679,1.0,False
MACD|DISPLACED_MACD_5_13_4_SHIFT3_V1|HIST_CROSS_UP_ZERO|HIST_CROSS_DOWN_ZERO|12H|DOWN,12H,DOWN,MACD,0.3484668192219679,1.0,False
MACD|DISPLACED_MACD_5_13_4_SHIFT3_V1|MACD_CROSS_UP_SIGNAL|MACD_CROSS_DOWN_SIGNAL|12H|DOWN,12H,DOWN,MACD,0.3484668192219679,1.0,False
MACD|DISPLACED_MACD_5_13_4_SHIFT5_V1|HIST_CROSS_UP_ZERO|HIST_CROSS_DOWN_ZERO|12H|DOWN,12H,DOWN,MACD,0.3484668192219679,1.0,False
MACD|DISPLACED_MACD_5_13_4_SHIFT5_V1|MACD_CROSS_UP_SIGNAL|MACD_CROSS_DOWN_SIGNAL|12H|DOWN,12H,DOWN,MACD,0.3484668192219679,1.0,False
MACD|DISPLACED_MACD_8_21_5_SHIFT2_V1|HIST_CROSS_UP_ZERO|HIST_CROSS_DOWN_ZERO|12H|DOWN,12H,DOWN,MACD,0.3541719216727514,1.0,False
MACD|DISPLACED_MACD_8_21_5_SHIFT2_V1|MACD_CROSS_UP_SIGNAL|MACD_CROSS_DOWN_SIGNAL|12H|DOWN,12H,DOWN,MACD,0.3541719216727514,1.0,False
MACD|DISPLACED_MACD_8_21_5_SHIFT3_V1|HIST_CROSS_UP_ZERO|HIST_CROSS_DOWN_ZERO|12H|DOWN,12H,DOWN,MACD,0.3541719216727514,1.0,False
MACD|DISPLACED_MACD_8_21_5_SHIFT3_V1|MACD_CROSS_UP_SIGNAL|MACD_CROSS_DOWN_SIGNAL|12H|DOWN,12H,DOWN,MACD,0.3541719216727514,1.0,False
MACD|DISPLACED_MACD_8_21_5_SHIFT5_V1|HIST_CROSS_UP_ZERO|HIST_CROSS_DOWN_ZERO|12H|DOWN,12H,DOWN,MACD,0.3541719216727514,1.0,False
MACD|DISPLACED_MACD_8_21_5_SHIFT5_V1|MACD_CROSS_UP_SIGNAL|MACD_CROSS_DOWN_SIGNAL|12H|DOWN,12H,DOWN,MACD,0.3541719216727514,1.0,False
MACD|MACD_12_26_9_SHIFT0_V1|HIST_CROSS_UP_ZERO|HIST_CROSS_DOWN_ZERO|12H|DOWN,12H,DOWN,MACD,0.3026895854398382,1.0,False
MACD|MACD_12_26_9_SHIFT0_V1|MACD_CROSS_UP_SIGNAL|MACD_CROSS_DOWN_SIGNAL|12H|DOWN,12H,DOWN,MACD,0.3026895854398382,1.0,False
MACD|MACD_5_13_4_SHIFT0_V1|HIST_CROSS_UP_ZERO|HIST_CROSS_DOWN_ZERO|12H|DOWN,12H,DOWN,MACD,0.3484668192219679,1.0,False
MACD|MACD_5_13_4_SHIFT0_V1|MACD_CROSS_UP_SIGNAL|MACD_CROSS_DOWN_SIGNAL|12H|DOWN,12H,DOWN,MACD,0.3484668192219679,1.0,False
MACD|MACD_8_21_5_SHIFT0_V1|HIST_CROSS_UP_ZERO|HIST_CROSS_DOWN_ZERO|12H|DOWN,12H,DOWN,MACD,0.3541719216727514,1.0,False
MACD|MACD_8_21_5_SHIFT0_V1|MACD_CROSS_UP_SIGNAL|MACD_CROSS_DOWN_SIGNAL|12H|DOWN,12H,DOWN,MACD,0.3541719216727514,1.0,False
OSC_PREDICTOR|OSC_PRED_SWEEP_LOOKBACK_200|CROSSED_OS_BAND_DOWN|12H|DOWN,12H,DOWN,OSC_PREDICTOR,0.3269565217391304,1.0,False
OSC_PREDICTOR|OSC_PRED_SWEEP_LOOKBACK_200|FORECAST_OS_CROSS|12H|DOWN,12H,DOWN,OSC_PREDICTOR,0.2000990643918547,1.0,False
OSC_PREDICTOR|OSC_PRED_SWEEP_LOOKBACK_50|CROSSED_OS_BAND_DOWN|12H|DOWN,12H,DOWN,OSC_PREDICTOR,0.24401337792642136,1.0,False
OSC_PREDICTOR|OSC_PRED_SWEEP_LOOKBACK_50|FORECAST_OS_CROSS|12H|DOWN,12H,DOWN,OSC_PREDICTOR,0.17478260869565215,1.0,False
OSC_PREDICTOR|OSC_PRED_SWEEP_OB_OS_LEVEL_PERCENT_0.7|CROSSED_OS_BAND_DOWN|12H|DOWN,12H,DOWN,OSC_PREDICTOR,0.3181934614088305,1.0,False
OSC_PREDICTOR|OSC_PRED_SWEEP_OB_OS_LEVEL_PERCENT_0.7|FORECAST_OS_CROSS|12H|DOWN,12H,DOWN,OSC_PREDICTOR,0.18542090656799254,1.0,False
OSC_PREDICTOR|OSC_PRED_SWEEP_OB_OS_LEVEL_PERCENT_0.9|CROSSED_OS_BAND_DOWN|12H|DOWN,12H,DOWN,OSC_PREDICTOR,0.3033540372670807,1.0,False
OSC_PREDICTOR|OSC_PRED_SWEEP_OB_OS_LEVEL_PERCENT_0.9|FORECAST_OS_CROSS|12H|DOWN,12H,DOWN,OSC_PREDICTOR,0.198592132505176,1.0,False
OSC_PREDICTOR|OSC_PRED_SWEEP_PEAK_STRENGTH_1|CROSSED_OS_BAND_DOWN|12H|DOWN,12H,DOWN,OSC_PREDICTOR,0.3111462450592885,1.0,False
OSC_PREDICTOR|OSC_PRED_SWEEP_PEAK_STRENGTH_1|FORECAST_OS_CROSS|12H|DOWN,12H,DOWN,OSC_PREDICTOR,0.18509188704616758,1.0,False
OSC_PREDICTOR|OSC_PRED_SWEEP_PEAK_STRENGTH_3|CROSSED_OS_BAND_DOWN|12H|DOWN,12H,DOWN,OSC_PREDICTOR,0.2986358197048265,1.0,False
OSC_PREDICTOR|OSC_PRED_SWEEP_PEAK_STRENGTH_3|FORECAST_OS_CROSS|12H|DOWN,12H,DOWN,OSC_PREDICTOR,0.21961019490254868,1.0,False
OSC_PREDICTOR|OSC_PRED_SWEEP_PERIOD_10|CROSSED_OS_BAND_DOWN|12H|DOWN,12H,DOWN,OSC_PREDICTOR,0.29758962623951185,1.0,False
OSC_PREDICTOR|OSC_PRED_SWEEP_PERIOD_10|FORECAST_OS_CROSS|12H|DOWN,12H,DOWN,OSC_PREDICTOR,0.2593979933110368,1.0,False
OSC_PREDICTOR|OSC_PRED_SWEEP_PERIOD_14|CROSSED_OS_BAND_DOWN|12H|DOWN,12H,DOWN,OSC_PREDICTOR,0.3259453993933266,1.0,False
OSC_PREDICTOR|OSC_PRED_SWEEP_PERIOD_14|FORECAST_OS_CROSS|12H|DOWN,12H,DOWN,OSC_PREDICTOR,0.27682342502218277,1.0,False
OSC_PREDICTOR|OSC_PRED_SWEEP_PERIOD_5|CROSSED_OS_BAND_DOWN|12H|DOWN,12H,DOWN,OSC_PREDICTOR,0.3387170349251603,1.0,False
OSC_PREDICTOR|OSC_PRED_SWEEP_PERIOD_5|FORECAST_OS_CROSS|12H|DOWN,12H,DOWN,OSC_PREDICTOR,0.22686594202898552,1.0,False
OSC_PREDICTOR|OSC_PRED_SWEEP_SAMPLES_3|CROSSED_OS_BAND_DOWN|12H|DOWN,12H,DOWN,OSC_PREDICTOR,0.32800841514726503,1.0,False
OSC_PREDICTOR|OSC_PRED_SWEEP_SAMPLES_3|FORECAST_OS_CROSS|12H|DOWN,12H,DOWN,OSC_PREDICTOR,0.19777111444277856,1.0,False
OSC_PREDICTOR|OSC_PRED_SWEEP_SAMPLES_8|CROSSED_OS_BAND_DOWN|12H|DOWN,12H,DOWN,OSC_PREDICTOR,0.30685808039376533,1.0,False
OSC_PREDICTOR|OSC_PRED_SWEEP_SAMPLES_8|FORECAST_OS_CROSS|12H|DOWN,12H,DOWN,OSC_PREDICTOR,0.17792726278370247,1.0,False
OSC_PREDICTOR|PROJECT_DINAPOLI_STYLE_OSCILLATOR_PREDICTOR_REFERENCE|CROSSED_OS_BAND_DOWN|12H|DOWN,12H,DOWN,OSC_PREDICTOR,0.3269565217391304,1.0,False
OSC_PREDICTOR|PROJECT_DINAPOLI_STYLE_OSCILLATOR_PREDICTOR_REFERENCE|FORECAST_OS_CROSS|12H|DOWN,12H,DOWN,OSC_PREDICTOR,0.2000990643918547,1.0,False
PURE_DNO|DNO_PERIOD_7_REFERENCE|DNO_ZERO_CROSS_DOWN|12H|DOWN,12H,DOWN,PURE_DNO,0.29867641400538664,1.0,False
STOCH|DINAPOLI_PREFERRED_STOCHASTIC_REFERENCE_V1|K_CROSS_UP_D|K_CROSS_DOWN_D|12H|DOWN,12H,DOWN,STOCHASTIC,0.36824994537906924,1.0,False
STOCH|DISPLACED_STOCH_K14_KS3_D3_SHIFT2_V1|K_CROSS_UP_D|K_CROSS_DOWN_D|12H|DOWN,12H,DOWN,STOCHASTIC,0.26898550724637676,1.0,False
STOCH|DISPLACED_STOCH_K14_KS3_D3_SHIFT3_V1|K_CROSS_UP_D|K_CROSS_DOWN_D|12H|DOWN,12H,DOWN,STOCHASTIC,0.26898550724637676,1.0,False
STOCH|DISPLACED_STOCH_K14_KS3_D3_SHIFT5_V1|K_CROSS_UP_D|K_CROSS_DOWN_D|12H|DOWN,12H,DOWN,STOCHASTIC,0.26898550724637676,1.0,False
STOCH|DISPLACED_STOCH_K21_KS5_D5_SHIFT2_V1|K_CROSS_UP_D|K_CROSS_DOWN_D|12H|DOWN,12H,DOWN,STOCHASTIC,0.3394167550371156,1.0,False
STOCH|DISPLACED_STOCH_K21_KS5_D5_SHIFT3_V1|K_CROSS_UP_D|K_CROSS_DOWN_D|12H|DOWN,12H,DOWN,STOCHASTIC,0.3394167550371156,1.0,False
STOCH|DISPLACED_STOCH_K21_KS5_D5_SHIFT5_V1|K_CROSS_UP_D|K_CROSS_DOWN_D|12H|DOWN,12H,DOWN,STOCHASTIC,0.3394167550371156,1.0,False
STOCH|DISPLACED_STOCH_K5_KS3_D3_SHIFT2_V1|K_CROSS_UP_D|K_CROSS_DOWN_D|12H|DOWN,12H,DOWN,STOCHASTIC,0.27264737737892614,1.0,False
STOCH|DISPLACED_STOCH_K5_KS3_D3_SHIFT3_V1|K_CROSS_UP_D|K_CROSS_DOWN_D|12H|DOWN,12H,DOWN,STOCHASTIC,0.27264737737892614,1.0,False
STOCH|DISPLACED_STOCH_K5_KS3_D3_SHIFT5_V1|K_CROSS_UP_D|K_CROSS_DOWN_D|12H|DOWN,12H,DOWN,STOCHASTIC,0.27264737737892614,1.0,False
STOCH|DISPLACED_STOCH_K9_KS3_D3_SHIFT2_V1|K_CROSS_UP_D|K_CROSS_DOWN_D|12H|DOWN,12H,DOWN,STOCHASTIC,0.2769331463300608,1.0,False
STOCH|DISPLACED_STOCH_K9_KS3_D3_SHIFT3_V1|K_CROSS_UP_D|K_CROSS_DOWN_D|12H|DOWN,12H,DOWN,STOCHASTIC,0.2769331463300608,1.0,False
STOCH|DISPLACED_STOCH_K9_KS3_D3_SHIFT5_V1|K_CROSS_UP_D|K_CROSS_DOWN_D|12H|DOWN,12H,DOWN,STOCHASTIC,0.2769331463300608,1.0,False
STOCH|STOCH_K14_KS3_D3_SHIFT0_V1|K_CROSS_UP_D|K_CROSS_DOWN_D|12H|DOWN,12H,DOWN,STOCHASTIC,0.26898550724637676,1.0,False
STOCH|STOCH_K21_KS5_D5_SHIFT0_V1|K_CROSS_UP_D|K_CROSS_DOWN_D|12H|DOWN,12H,DOWN,STOCHASTIC,0.3394167550371156,1.0,False
STOCH|STOCH_K5_KS3_D3_SHIFT0_V1|K_CROSS_UP_D|K_CROSS_DOWN_D|12H|DOWN,12H,DOWN,STOCHASTIC,0.27264737737892614,1.0,False
STOCH|STOCH_K9_KS3_D3_SHIFT0_V1|K_CROSS_UP_D|K_CROSS_DOWN_D|12H|DOWN,12H,DOWN,STOCHASTIC,0.2769331463300608,1.0,False
DMA|DMA_EMA_P10_SHIFT5_V1|MA_SLOPE_TURN_UP|MA_SLOPE_TURN_DOWN|12H|UP,12H,UP,DMA,0.3156301692887059,1.0,False
DMA|DMA_EMA_P10_SHIFT5_V1|PRICE_CROSS_UP_MA|PRICE_CROSS_DOWN_MA|12H|UP,12H,UP,DMA,0.3156301692887059,1.0,False
DMA|DMA_EMA_P14_SHIFT5_V1|MA_SLOPE_TURN_UP|MA_SLOPE_TURN_DOWN|12H|UP,12H,UP,DMA,0.29409906881023695,1.0,False
DMA|DMA_EMA_P14_SHIFT5_V1|PRICE_CROSS_UP_MA|PRICE_CROSS_DOWN_MA|12H|UP,12H,UP,DMA,0.29409906881023695,1.0,False
DMA|DMA_EMA_P14_SHIFT8_V1|MA_SLOPE_TURN_UP|MA_SLOPE_TURN_DOWN|12H|UP,12H,UP,DMA,0.29409906881023695,1.0,False
DMA|DMA_EMA_P14_SHIFT8_V1|PRICE_CROSS_UP_MA|PRICE_CROSS_DOWN_MA|12H|UP,12H,UP,DMA,0.29409906881023695,1.0,False
DMA|DMA_EMA_P20_SHIFT5_V1|MA_SLOPE_TURN_UP|MA_SLOPE_TURN_DOWN|12H|UP,12H,UP,DMA,0.30730955305442054,1.0,False
DMA|DMA_EMA_P20_SHIFT5_V1|PRICE_CROSS_UP_MA|PRICE_CROSS_DOWN_MA|12H|UP,12H,UP,DMA,0.30730955305442054,1.0,False
DMA|DMA_EMA_P25_SHIFT5_V1|MA_SLOPE_TURN_UP|MA_SLOPE_TURN_DOWN|12H|UP,12H,UP,DMA,0.3157254618368286,1.0,False
DMA|DMA_EMA_P25_SHIFT5_V1|PRICE_CROSS_UP_MA|PRICE_CROSS_DOWN_MA|12H|UP,12H,UP,DMA,0.3157254618368286,1.0,False
DMA|DMA_EMA_P25_SHIFT8_V1|MA_SLOPE_TURN_UP|MA_SLOPE_TURN_DOWN|12H|UP,12H,UP,DMA,0.3157254618368286,1.0,False
DMA|DMA_EMA_P25_SHIFT8_V1|PRICE_CROSS_UP_MA|PRICE_CROSS_DOWN_MA|12H|UP,12H,UP,DMA,0.3157254618368286,1.0,False
DMA|DMA_EMA_P3_SHIFT0_V1|MA_SLOPE_TURN_UP|MA_SLOPE_TURN_DOWN|12H|UP,12H,UP,DMA,0.15898057081085254,1.0,False
DMA|DMA_EMA_P3_SHIFT0_V1|PRICE_CROSS_UP_MA|PRICE_CROSS_DOWN_MA|12H|UP,12H,UP,DMA,0.15898057081085254,1.0,False
DMA|DMA_EMA_P3_SHIFT2_V1|MA_SLOPE_TURN_UP|MA_SLOPE_TURN_DOWN|12H|UP,12H,UP,DMA,0.15898057081085254,1.0,False
DMA|DMA_EMA_P3_SHIFT2_V1|PRICE_CROSS_UP_MA|PRICE_CROSS_DOWN_MA|12H|UP,12H,UP,DMA,0.15898057081085254,1.0,False
DMA|DMA_EMA_P3_SHIFT3_V1|MA_SLOPE_TURN_UP|MA_SLOPE_TURN_DOWN|12H|UP,12H,UP,DMA,0.15898057081085254,1.0,False
DMA|DMA_EMA_P3_SHIFT3_V1|PRICE_CROSS_UP_MA|PRICE_CROSS_DOWN_MA|12H|UP,12H,UP,DMA,0.15898057081085254,1.0,False
DMA|DMA_EMA_P3_SHIFT5_V1|MA_SLOPE_TURN_UP|MA_SLOPE_TURN_DOWN|12H|UP,12H,UP,DMA,0.15898057081085254,1.0,False
DMA|DMA_EMA_P3_SHIFT5_V1|PRICE_CROSS_UP_MA|PRICE_CROSS_DOWN_MA|12H|UP,12H,UP,DMA,0.15898057081085254,1.0,False
DMA|DMA_EMA_P5_SHIFT3_V1|MA_SLOPE_TURN_UP|MA_SLOPE_TURN_DOWN|12H|UP,12H,UP,DMA,0.2293761702233189,1.0,False
DMA|DMA_EMA_P5_SHIFT3_V1|PRICE_CROSS_UP_MA|PRICE_CROSS_DOWN_MA|12H|UP,12H,UP,DMA,0.2293761702233189,1.0,False
DMA|DMA_EMA_P5_SHIFT5_V1|MA_SLOPE_TURN_UP|MA_SLOPE_TURN_DOWN|12H|UP,12H,UP,DMA,0.2293761702233189,1.0,False
DMA|DMA_EMA_P5_SHIFT5_V1|PRICE_CROSS_UP_MA|PRICE_CROSS_DOWN_MA|12H|UP,12H,UP,DMA,0.2293761702233189,1.0,False
DMA|DMA_EMA_P7_SHIFT3_V1|MA_SLOPE_TURN_UP|MA_SLOPE_TURN_DOWN|12H|UP,12H,UP,DMA,0.2862849933918058,1.0,False
DMA|DMA_EMA_P7_SHIFT3_V1|PRICE_CROSS_UP_MA|PRICE_CROSS_DOWN_MA|12H|UP,12H,UP,DMA,0.2862849933918058,1.0,False
DMA|DMA_EMA_P7_SHIFT5_V1|MA_SLOPE_TURN_UP|MA_SLOPE_TURN_DOWN|12H|UP,12H,UP,DMA,0.2862849933918058,1.0,False
DMA|DMA_EMA_P7_SHIFT5_V1|PRICE_CROSS_UP_MA|PRICE_CROSS_DOWN_MA|12H|UP,12H,UP,DMA,0.2862849933918058,1.0,False
DMA|DMA_SMA_P10_SHIFT5_V1|MA_SLOPE_TURN_UP|MA_SLOPE_TURN_DOWN|12H|UP,12H,UP,DMA,0.2414674898628686,1.0,False
DMA|DMA_SMA_P10_SHIFT5_V1|PRICE_CROSS_UP_MA|PRICE_CROSS_DOWN_MA|12H|UP,12H,UP,DMA,0.298581510108067,1.0,False
DMA|DMA_SMA_P14_SHIFT5_V1|MA_SLOPE_TURN_UP|MA_SLOPE_TURN_DOWN|12H|UP,12H,UP,DMA,0.24344679710533368,1.0,False
DMA|DMA_SMA_P14_SHIFT5_V1|PRICE_CROSS_UP_MA|PRICE_CROSS_DOWN_MA|12H|UP,12H,UP,DMA,0.32017876079381913,1.0,False
DMA|DMA_SMA_P14_SHIFT8_V1|MA_SLOPE_TURN_UP|MA_SLOPE_TURN_DOWN|12H|UP,12H,UP,DMA,0.24344679710533368,1.0,False
DMA|DMA_SMA_P14_SHIFT8_V1|PRICE_CROSS_UP_MA|PRICE_CROSS_DOWN_MA|12H|UP,12H,UP,DMA,0.32017876079381913,1.0,False
DMA|DMA_SMA_P20_SHIFT5_V1|MA_SLOPE_TURN_UP|MA_SLOPE_TURN_DOWN|12H|UP,12H,UP,DMA,0.31251390021499004,1.0,False
DMA|DMA_SMA_P20_SHIFT5_V1|PRICE_CROSS_UP_MA|PRICE_CROSS_DOWN_MA|12H|UP,12H,UP,DMA,0.30120015485869145,1.0,False
DMA|DMA_SMA_P25_SHIFT5_V1|MA_SLOPE_TURN_UP|MA_SLOPE_TURN_DOWN|12H|UP,12H,UP,DMA,0.2914999784918484,1.0,False
DMA|DMA_SMA_P25_SHIFT5_V1|PRICE_CROSS_UP_MA|PRICE_CROSS_DOWN_MA|12H|UP,12H,UP,DMA,0.3689528699798277,1.0,False
DMA|DMA_SMA_P25_SHIFT8_V1|MA_SLOPE_TURN_UP|MA_SLOPE_TURN_DOWN|12H|UP,12H,UP,DMA,0.2914999784918484,1.0,False
DMA|DMA_SMA_P25_SHIFT8_V1|PRICE_CROSS_UP_MA|PRICE_CROSS_DOWN_MA|12H|UP,12H,UP,DMA,0.3689528699798277,1.0,False
DMA|DMA_SMA_P3_SHIFT0_V1|MA_SLOPE_TURN_UP|MA_SLOPE_TURN_DOWN|12H|UP,12H,UP,DMA,0.24611145271116575,1.0,False
DMA|DMA_SMA_P3_SHIFT0_V1|PRICE_CROSS_UP_MA|PRICE_CROSS_DOWN_MA|12H|UP,12H,UP,DMA,0.12338860470671575,1.0,False
DMA|DMA_SMA_P3_SHIFT2_V1|MA_SLOPE_TURN_UP|MA_SLOPE_TURN_DOWN|12H|UP,12H,UP,DMA,0.24611145271116575,1.0,False
DMA|DMA_SMA_P3_SHIFT2_V1|PRICE_CROSS_UP_MA|PRICE_CROSS_DOWN_MA|12H|UP,12H,UP,DMA,0.12338860470671575,1.0,False
DMA|DMA_SMA_P3_SHIFT3_V1|MA_SLOPE_TURN_UP|MA_SLOPE_TURN_DOWN|12H|UP,12H,UP,DMA,0.24611145271116575,1.0,False
DMA|DMA_SMA_P3_SHIFT3_V1|PRICE_CROSS_UP_MA|PRICE_CROSS_DOWN_MA|12H|UP,12H,UP,DMA,0.12338860470671575,1.0,False
DMA|DMA_SMA_P3_SHIFT5_V1|MA_SLOPE_TURN_UP|MA_SLOPE_TURN_DOWN|12H|UP,12H,UP,DMA,0.24611145271116575,1.0,False
DMA|DMA_SMA_P3_SHIFT5_V1|PRICE_CROSS_UP_MA|PRICE_CROSS_DOWN_MA|12H|UP,12H,UP,DMA,0.12338860470671575,1.0,False
DMA|DMA_SMA_P5_SHIFT3_V1|MA_SLOPE_TURN_UP|MA_SLOPE_TURN_DOWN|12H|UP,12H,UP,DMA,0.3183601720187086,1.0,False
DMA|DMA_SMA_P5_SHIFT3_V1|PRICE_CROSS_UP_MA|PRICE_CROSS_DOWN_MA|12H|UP,12H,UP,DMA,0.25983246623072886,1.0,False
DMA|DMA_SMA_P5_SHIFT5_V1|MA_SLOPE_TURN_UP|MA_SLOPE_TURN_DOWN|12H|UP,12H,UP,DMA,0.3183601720187086,1.0,False
DMA|DMA_SMA_P5_SHIFT5_V1|PRICE_CROSS_UP_MA|PRICE_CROSS_DOWN_MA|12H|UP,12H,UP,DMA,0.25983246623072886,1.0,False
DMA|DMA_SMA_P7_SHIFT3_V1|MA_SLOPE_TURN_UP|MA_SLOPE_TURN_DOWN|12H|UP,12H,UP,DMA,0.26464155978945814,1.0,False
DMA|DMA_SMA_P7_SHIFT3_V1|PRICE_CROSS_UP_MA|PRICE_CROSS_DOWN_MA|12H|UP,12H,UP,DMA,0.3231049167634533,1.0,False
DMA|DMA_SMA_P7_SHIFT5_V1|MA_SLOPE_TURN_UP|MA_SLOPE_TURN_DOWN|12H|UP,12H,UP,DMA,0.26464155978945814,1.0,False
DMA|DMA_SMA_P7_SHIFT5_V1|PRICE_CROSS_UP_MA|PRICE_CROSS_DOWN_MA|12H|UP,12H,UP,DMA,0.3231049167634533,1.0,False
DMA|DMA_WMA_P10_SHIFT5_V1|MA_SLOPE_TURN_UP|MA_SLOPE_TURN_DOWN|12H|UP,12H,UP,DMA,0.3280621817207183,1.0,False
DMA|DMA_WMA_P10_SHIFT5_V1|PRICE_CROSS_UP_MA|PRICE_CROSS_DOWN_MA|12H|UP,12H,UP,DMA,0.30695939070642286,1.0,False
DMA|DMA_WMA_P14_SHIFT5_V1|MA_SLOPE_TURN_UP|MA_SLOPE_TURN_DOWN|12H|UP,12H,UP,DMA,0.3659968497923727,1.0,False
DMA|DMA_WMA_P14_SHIFT5_V1|PRICE_CROSS_UP_MA|PRICE_CROSS_DOWN_MA|12H|UP,12H,UP,DMA,0.3138099365040061,1.0,False
DMA|DMA_WMA_P14_SHIFT8_V1|MA_SLOPE_TURN_UP|MA_SLOPE_TURN_DOWN|12H|UP,12H,UP,DMA,0.3659968497923727,1.0,False
DMA|DMA_WMA_P14_SHIFT8_V1|PRICE_CROSS_UP_MA|PRICE_CROSS_DOWN_MA|12H|UP,12H,UP,DMA,0.3138099365040061,1.0,False
DMA|DMA_WMA_P20_SHIFT5_V1|MA_SLOPE_TURN_UP|MA_SLOPE_TURN_DOWN|12H|UP,12H,UP,DMA,0.2807734049237448,1.0,False
DMA|DMA_WMA_P20_SHIFT5_V1|PRICE_CROSS_UP_MA|PRICE_CROSS_DOWN_MA|12H|UP,12H,UP,DMA,0.3429276843162823,1.0,False
DMA|DMA_WMA_P25_SHIFT5_V1|MA_SLOPE_TURN_UP|MA_SLOPE_TURN_DOWN|12H|UP,12H,UP,DMA,0.3519938056523423,1.0,False
DMA|DMA_WMA_P25_SHIFT5_V1|PRICE_CROSS_UP_MA|PRICE_CROSS_DOWN_MA|12H|UP,12H,UP,DMA,0.33855169221022885,1.0,False
DMA|DMA_WMA_P25_SHIFT8_V1|MA_SLOPE_TURN_UP|MA_SLOPE_TURN_DOWN|12H|UP,12H,UP,DMA,0.3519938056523423,1.0,False
DMA|DMA_WMA_P25_SHIFT8_V1|PRICE_CROSS_UP_MA|PRICE_CROSS_DOWN_MA|12H|UP,12H,UP,DMA,0.33855169221022885,1.0,False
DMA|DMA_WMA_P3_SHIFT0_V1|MA_SLOPE_TURN_UP|MA_SLOPE_TURN_DOWN|12H|UP,12H,UP,DMA,0.2126775663361029,1.0,False
DMA|DMA_WMA_P3_SHIFT0_V1|PRICE_CROSS_UP_MA|PRICE_CROSS_DOWN_MA|12H|UP,12H,UP,DMA,0.08960064325917988,1.0,False
DMA|DMA_WMA_P3_SHIFT2_V1|MA_SLOPE_TURN_UP|MA_SLOPE_TURN_DOWN|12H|UP,12H,UP,DMA,0.2126775663361029,1.0,False
DMA|DMA_WMA_P3_SHIFT2_V1|PRICE_CROSS_UP_MA|PRICE_CROSS_DOWN_MA|12H|UP,12H,UP,DMA,0.08960064325917988,1.0,False
DMA|DMA_WMA_P3_SHIFT3_V1|MA_SLOPE_TURN_UP|MA_SLOPE_TURN_DOWN|12H|UP,12H,UP,DMA,0.2126775663361029,1.0,False
DMA|DMA_WMA_P3_SHIFT3_V1|PRICE_CROSS_UP_MA|PRICE_CROSS_DOWN_MA|12H|UP,12H,UP,DMA,0.08960064325917988,1.0,False
DMA|DMA_WMA_P3_SHIFT5_V1|MA_SLOPE_TURN_UP|MA_SLOPE_TURN_DOWN|12H|UP,12H,UP,DMA,0.2126775663361029,1.0,False
DMA|DMA_WMA_P3_SHIFT5_V1|PRICE_CROSS_UP_MA|PRICE_CROSS_DOWN_MA|12H|UP,12H,UP,DMA,0.08960064325917988,1.0,False
DMA|DMA_WMA_P5_SHIFT3_V1|MA_SLOPE_TURN_UP|MA_SLOPE_TURN_DOWN|12H|UP,12H,UP,DMA,0.28598073375691746,1.0,False
DMA|DMA_WMA_P5_SHIFT3_V1|PRICE_CROSS_UP_MA|PRICE_CROSS_DOWN_MA|12H|UP,12H,UP,DMA,0.20380182669113256,1.0,False
DMA|DMA_WMA_P5_SHIFT5_V1|MA_SLOPE_TURN_UP|MA_SLOPE_TURN_DOWN|12H|UP,12H,UP,DMA,0.28598073375691746,1.0,False
DMA|DMA_WMA_P5_SHIFT5_V1|PRICE_CROSS_UP_MA|PRICE_CROSS_DOWN_MA|12H|UP,12H,UP,DMA,0.20380182669113256,1.0,False
DMA|DMA_WMA_P7_SHIFT3_V1|MA_SLOPE_TURN_UP|MA_SLOPE_TURN_DOWN|12H|UP,12H,UP,DMA,0.31984709583572957,1.0,False
DMA|DMA_WMA_P7_SHIFT3_V1|PRICE_CROSS_UP_MA|PRICE_CROSS_DOWN_MA|12H|UP,12H,UP,DMA,0.2593224108532879,1.0,False
DMA|DMA_WMA_P7_SHIFT5_V1|MA_SLOPE_TURN_UP|MA_SLOPE_TURN_DOWN|12H|UP,12H,UP,DMA,0.31984709583572957,1.0,False
DMA|DMA_WMA_P7_SHIFT5_V1|PRICE_CROSS_UP_MA|PRICE_CROSS_DOWN_MA|12H|UP,12H,UP,DMA,0.2593224108532879,1.0,False
DNO_QUANTILE|CAUSAL_DNO_QUANTILE_80_20_CONTROL_V1|CROSSED_OB_BAND_UP|12H|UP,12H,UP,DNO_QUANTILE,0.2783826945412311,1.0,False
DNO_QUANTILE|CAUSAL_DNO_QUANTILE_80_20_CONTROL_V1|FORECAST_OB_CROSS|12H|UP,12H,UP,DNO_QUANTILE,0.15778410299193535,1.0,False
INVERSE|INVERSE_DMA_25X5|DMA_SMA_P25_SHIFT5_V1|12H|UP,12H,UP,INVERSE_PREDICTOR,0.3550670917043517,1.0,False
INVERSE|INVERSE_DMA_3X3|DMA_SMA_P3_SHIFT3_V1|12H|UP,12H,UP,INVERSE_PREDICTOR,0.05406098911487456,1.0,False
INVERSE|INVERSE_DMA_7X5|DMA_SMA_P7_SHIFT5_V1|12H|UP,12H,UP,INVERSE_PREDICTOR,0.26271160309580344,1.0,False
INVERSE|INVERSE_DNO_N7_OB_OS|DNO_PERIOD_7_REFERENCE|12H|UP,12H,UP,INVERSE_PREDICTOR,0.3408826945412311,1.0,False
INVERSE|INVERSE_MACD_12_26_9_SIGNAL_CROSS|MACD_12_26_9_SHIFT0_V1|12H|UP,12H,UP,INVERSE_PREDICTOR,0.3408826945412311,1.0,False
INVERSE|INVERSE_STOCH_14_3_3_POINT_BAR|STOCH_K14_KS3_D3_SHIFT0_V1|12H|UP,12H,UP,INVERSE_PREDICTOR,0.30308200725600776,1.0,False
MACD|DINAPOLI_MACD_REFERENCE_V1|HIST_CROSS_UP_ZERO|HIST_CROSS_DOWN_ZERO|12H|UP,12H,UP,MACD,0.41679028530030704,1.0,False
MACD|DINAPOLI_MACD_REFERENCE_V1|MACD_CROSS_UP_SIGNAL|MACD_CROSS_DOWN_SIGNAL|12H|UP,12H,UP,MACD,0.41679028530030704,1.0,False
MACD|DISPLACED_MACD_12_26_9_SHIFT2_V1|HIST_CROSS_UP_ZERO|HIST_CROSS_DOWN_ZERO|12H|UP,12H,UP,MACD,0.39514626043270396,1.0,False
MACD|DISPLACED_MACD_12_26_9_SHIFT2_V1|MACD_CROSS_UP_SIGNAL|MACD_CROSS_DOWN_SIGNAL|12H|UP,12H,UP,MACD,0.39514626043270396,1.0,False
MACD|DISPLACED_MACD_12_26_9_SHIFT3_V1|HIST_CROSS_UP_ZERO|HIST_CROSS_DOWN_ZERO|12H|UP,12H,UP,MACD,0.39514626043270396,1.0,False
MACD|DISPLACED_MACD_12_26_9_SHIFT3_V1|MACD_CROSS_UP_SIGNAL|MACD_CROSS_DOWN_SIGNAL|12H|UP,12H,UP,MACD,0.39514626043270396,1.0,False
MACD|DISPLACED_MACD_12_26_9_SHIFT5_V1|HIST_CROSS_UP_ZERO|HIST_CROSS_DOWN_ZERO|12H|UP,12H,UP,MACD,0.39514626043270396,1.0,False
MACD|DISPLACED_MACD_12_26_9_SHIFT5_V1|MACD_CROSS_UP_SIGNAL|MACD_CROSS_DOWN_SIGNAL|12H|UP,12H,UP,MACD,0.39514626043270396,1.0,False
MACD|DISPLACED_MACD_5_13_4_SHIFT2_V1|HIST_CROSS_UP_ZERO|HIST_CROSS_DOWN_ZERO|12H|UP,12H,UP,MACD,0.3673377209962576,1.0,False
MACD|DISPLACED_MACD_5_13_4_SHIFT2_V1|MACD_CROSS_UP_SIGNAL|MACD_CROSS_DOWN_SIGNAL|12H|UP,12H,UP,MACD,0.3673377209962576,1.0,False
MACD|DISPLACED_MACD_5_13_4_SHIFT3_V1|HIST_CROSS_UP_ZERO|HIST_CROSS_DOWN_ZERO|12H|UP,12H,UP,MACD,0.3673377209962576,1.0,False
MACD|DISPLACED_MACD_5_13_4_SHIFT3_V1|MACD_CROSS_UP_SIGNAL|MACD_CROSS_DOWN_SIGNAL|12H|UP,12H,UP,MACD,0.3673377209962576,1.0,False
MACD|DISPLACED_MACD_5_13_4_SHIFT5_V1|HIST_CROSS_UP_ZERO|HIST_CROSS_DOWN_ZERO|12H|UP,12H,UP,MACD,0.3673377209962576,1.0,False
MACD|DISPLACED_MACD_5_13_4_SHIFT5_V1|MACD_CROSS_UP_SIGNAL|MACD_CROSS_DOWN_SIGNAL|12H|UP,12H,UP,MACD,0.3673377209962576,1.0,False
MACD|DISPLACED_MACD_8_21_5_SHIFT2_V1|HIST_CROSS_UP_ZERO|HIST_CROSS_DOWN_ZERO|12H|UP,12H,UP,MACD,0.3917732797829614,1.0,False
MACD|DISPLACED_MACD_8_21_5_SHIFT2_V1|MACD_CROSS_UP_SIGNAL|MACD_CROSS_DOWN_SIGNAL|12H|UP,12H,UP,MACD,0.3917732797829614,1.0,False
MACD|DISPLACED_MACD_8_21_5_SHIFT3_V1|HIST_CROSS_UP_ZERO|HIST_CROSS_DOWN_ZERO|12H|UP,12H,UP,MACD,0.3917732797829614,1.0,False
MACD|DISPLACED_MACD_8_21_5_SHIFT3_V1|MACD_CROSS_UP_SIGNAL|MACD_CROSS_DOWN_SIGNAL|12H|UP,12H,UP,MACD,0.3917732797829614,1.0,False
MACD|DISPLACED_MACD_8_21_5_SHIFT5_V1|HIST_CROSS_UP_ZERO|HIST_CROSS_DOWN_ZERO|12H|UP,12H,UP,MACD,0.3917732797829614,1.0,False
MACD|DISPLACED_MACD_8_21_5_SHIFT5_V1|MACD_CROSS_UP_SIGNAL|MACD_CROSS_DOWN_SIGNAL|12H|UP,12H,UP,MACD,0.3917732797829614,1.0,False
MACD|MACD_12_26_9_SHIFT0_V1|HIST_CROSS_UP_ZERO|HIST_CROSS_DOWN_ZERO|12H|UP,12H,UP,MACD,0.39514626043270396,1.0,False
MACD|MACD_12_26_9_SHIFT0_V1|MACD_CROSS_UP_SIGNAL|MACD_CROSS_DOWN_SIGNAL|12H|UP,12H,UP,MACD,0.39514626043270396,1.0,False
MACD|MACD_5_13_4_SHIFT0_V1|HIST_CROSS_UP_ZERO|HIST_CROSS_DOWN_ZERO|12H|UP,12H,UP,MACD,0.3673377209962576,1.0,False
MACD|MACD_5_13_4_SHIFT0_V1|MACD_CROSS_UP_SIGNAL|MACD_CROSS_DOWN_SIGNAL|12H|UP,12H,UP,MACD,0.3673377209962576,1.0,False
MACD|MACD_8_21_5_SHIFT0_V1|HIST_CROSS_UP_ZERO|HIST_CROSS_DOWN_ZERO|12H|UP,12H,UP,MACD,0.3917732797829614,1.0,False
MACD|MACD_8_21_5_SHIFT0_V1|MACD_CROSS_UP_SIGNAL|MACD_CROSS_DOWN_SIGNAL|12H|UP,12H,UP,MACD,0.3917732797829614,1.0,False
OSC_PREDICTOR|OSC_PRED_SWEEP_LOOKBACK_200|CROSSED_OB_BAND_UP|12H|UP,12H,UP,OSC_PREDICTOR,0.29123730447030916,1.0,False
OSC_PREDICTOR|OSC_PRED_SWEEP_LOOKBACK_200|FORECAST_OB_CROSS|12H|UP,12H,UP,OSC_PREDICTOR,0.12554346150288304,1.0,False
OSC_PREDICTOR|OSC_PRED_SWEEP_LOOKBACK_50|CROSSED_OB_BAND_UP|12H|UP,12H,UP,OSC_PREDICTOR,0.30465081048326015,1.0,False
OSC_PREDICTOR|OSC_PRED_SWEEP_LOOKBACK_50|FORECAST_OB_CROSS|12H|UP,12H,UP,OSC_PREDICTOR,0.14974050339904,1.0,False
OSC_PREDICTOR|OSC_PRED_SWEEP_OB_OS_LEVEL_PERCENT_0.7|CROSSED_OB_BAND_UP|12H|UP,12H,UP,OSC_PREDICTOR,0.3321107647166698,1.0,False
OSC_PREDICTOR|OSC_PRED_SWEEP_OB_OS_LEVEL_PERCENT_0.7|FORECAST_OB_CROSS|12H|UP,12H,UP,OSC_PREDICTOR,0.16128499339180585,1.0,False
OSC_PREDICTOR|OSC_PRED_SWEEP_OB_OS_LEVEL_PERCENT_0.9|CROSSED_OB_BAND_UP|12H|UP,12H,UP,OSC_PREDICTOR,0.30536356885817106,1.0,False
OSC_PREDICTOR|OSC_PRED_SWEEP_OB_OS_LEVEL_PERCENT_0.9|FORECAST_OB_CROSS|12H|UP,12H,UP,OSC_PREDICTOR,0.15338269454123116,1.0,False
OSC_PREDICTOR|OSC_PRED_SWEEP_PEAK_STRENGTH_1|CROSSED_OB_BAND_UP|12H|UP,12H,UP,OSC_PREDICTOR,0.3129257052939193,1.0,False
OSC_PREDICTOR|OSC_PRED_SWEEP_PEAK_STRENGTH_1|FORECAST_OB_CROSS|12H|UP,12H,UP,OSC_PREDICTOR,0.18306558539668838,1.0,False
OSC_PREDICTOR|OSC_PRED_SWEEP_PEAK_STRENGTH_3|CROSSED_OB_BAND_UP|12H|UP,12H,UP,OSC_PREDICTOR,0.2889701262352202,1.0,False
OSC_PREDICTOR|OSC_PRED_SWEEP_PEAK_STRENGTH_3|FORECAST_OB_CROSS|12H|UP,12H,UP,OSC_PREDICTOR,0.11976058233001002,1.0,False
OSC_PREDICTOR|OSC_PRED_SWEEP_PERIOD_10|CROSSED_OB_BAND_UP|12H|UP,12H,UP,OSC_PREDICTOR,0.29729295095148756,1.0,False
OSC_PREDICTOR|OSC_PRED_SWEEP_PERIOD_10|FORECAST_OB_CROSS|12H|UP,12H,UP,OSC_PREDICTOR,0.16009173408925376,1.0,False
OSC_PREDICTOR|OSC_PRED_SWEEP_PERIOD_14|CROSSED_OB_BAND_UP|12H|UP,12H,UP,OSC_PREDICTOR,0.3439407985167663,1.0,False
OSC_PREDICTOR|OSC_PRED_SWEEP_PERIOD_14|FORECAST_OB_CROSS|12H|UP,12H,UP,OSC_PREDICTOR,0.19739483582158435,1.0,False
OSC_PREDICTOR|OSC_PRED_SWEEP_PERIOD_5|CROSSED_OB_BAND_UP|12H|UP,12H,UP,OSC_PREDICTOR,0.30801884477597297,1.0,False
OSC_PREDICTOR|OSC_PRED_SWEEP_PERIOD_5|FORECAST_OB_CROSS|12H|UP,12H,UP,OSC_PREDICTOR,0.11295120574017714,1.0,False
OSC_PREDICTOR|OSC_PRED_SWEEP_SAMPLES_3|CROSSED_OB_BAND_UP|12H|UP,12H,UP,OSC_PREDICTOR,0.3245656782242148,1.0,False
OSC_PREDICTOR|OSC_PRED_SWEEP_SAMPLES_3|FORECAST_OB_CROSS|12H|UP,12H,UP,OSC_PREDICTOR,0.1718236833769568,1.0,False
OSC_PREDICTOR|OSC_PRED_SWEEP_SAMPLES_8|CROSSED_OB_BAND_UP|12H|UP,12H,UP,OSC_PREDICTOR,0.31331377223546675,1.0,False
OSC_PREDICTOR|OSC_PRED_SWEEP_SAMPLES_8|FORECAST_OB_CROSS|12H|UP,12H,UP,OSC_PREDICTOR,0.12567233855417614,1.0,False
OSC_PREDICTOR|PROJECT_DINAPOLI_STYLE_OSCILLATOR_PREDICTOR_REFERENCE|CROSSED_OB_BAND_UP|12H|UP,12H,UP,OSC_PREDICTOR,0.29123730447030916,1.0,False
OSC_PREDICTOR|PROJECT_DINAPOLI_STYLE_OSCILLATOR_PREDICTOR_REFERENCE|FORECAST_OB_CROSS|12H|UP,12H,UP,OSC_PREDICTOR,0.12554346150288304,1.0,False
PURE_DNO|DNO_PERIOD_7_REFERENCE|DNO_ZERO_CROSS_UP|12H|UP,12H,UP,PURE_DNO,0.3231049167634533,1.0,False
STOCH|DINAPOLI_PREFERRED_STOCHASTIC_REFERENCE_V1|K_CROSS_UP_D|K_CROSS_DOWN_D|12H|UP,12H,UP,STOCHASTIC,0.3711857248442615,1.0,False
STOCH|DISPLACED_STOCH_K14_KS3_D3_SHIFT2_V1|K_CROSS_UP_D|K_CROSS_DOWN_D|12H|UP,12H,UP,STOCHASTIC,0.30102762207746303,1.0,False
STOCH|DISPLACED_STOCH_K14_KS3_D3_SHIFT3_V1|K_CROSS_UP_D|K_CROSS_DOWN_D|12H|UP,12H,UP,STOCHASTIC,0.30102762207746303,1.0,False
STOCH|DISPLACED_STOCH_K14_KS3_D3_SHIFT5_V1|K_CROSS_UP_D|K_CROSS_DOWN_D|12H|UP,12H,UP,STOCHASTIC,0.30102762207746303,1.0,False
STOCH|DISPLACED_STOCH_K21_KS5_D5_SHIFT2_V1|K_CROSS_UP_D|K_CROSS_DOWN_D|12H|UP,12H,UP,STOCHASTIC,0.3613325922917424,1.0,False
STOCH|DISPLACED_STOCH_K21_KS5_D5_SHIFT3_V1|K_CROSS_UP_D|K_CROSS_DOWN_D|12H|UP,12H,UP,STOCHASTIC,0.3613325922917424,1.0,False
STOCH|DISPLACED_STOCH_K21_KS5_D5_SHIFT5_V1|K_CROSS_UP_D|K_CROSS_DOWN_D|12H|UP,12H,UP,STOCHASTIC,0.3613325922917424,1.0,False
STOCH|DISPLACED_STOCH_K5_KS3_D3_SHIFT2_V1|K_CROSS_UP_D|K_CROSS_DOWN_D|12H|UP,12H,UP,STOCHASTIC,0.3135017421602787,1.0,False
STOCH|DISPLACED_STOCH_K5_KS3_D3_SHIFT3_V1|K_CROSS_UP_D|K_CROSS_DOWN_D|12H|UP,12H,UP,STOCHASTIC,0.3135017421602787,1.0,False
STOCH|DISPLACED_STOCH_K5_KS3_D3_SHIFT5_V1|K_CROSS_UP_D|K_CROSS_DOWN_D|12H|UP,12H,UP,STOCHASTIC,0.3135017421602787,1.0,False
STOCH|DISPLACED_STOCH_K9_KS3_D3_SHIFT2_V1|K_CROSS_UP_D|K_CROSS_DOWN_D|12H|UP,12H,UP,STOCHASTIC,0.3037124307522623,1.0,False
STOCH|DISPLACED_STOCH_K9_KS3_D3_SHIFT3_V1|K_CROSS_UP_D|K_CROSS_DOWN_D|12H|UP,12H,UP,STOCHASTIC,0.3037124307522623,1.0,False
STOCH|DISPLACED_STOCH_K9_KS3_D3_SHIFT5_V1|K_CROSS_UP_D|K_CROSS_DOWN_D|12H|UP,12H,UP,STOCHASTIC,0.3037124307522623,1.0,False
STOCH|STOCH_K14_KS3_D3_SHIFT0_V1|K_CROSS_UP_D|K_CROSS_DOWN_D|12H|UP,12H,UP,STOCHASTIC,0.30102762207746303,1.0,False
STOCH|STOCH_K21_KS5_D5_SHIFT0_V1|K_CROSS_UP_D|K_CROSS_DOWN_D|12H|UP,12H,UP,STOCHASTIC,0.3613325922917424,1.0,False
STOCH|STOCH_K5_KS3_D3_SHIFT0_V1|K_CROSS_UP_D|K_CROSS_DOWN_D|12H|UP,12H,UP,STOCHASTIC,0.3135017421602787,1.0,False
STOCH|STOCH_K9_KS3_D3_SHIFT0_V1|K_CROSS_UP_D|K_CROSS_DOWN_D|12H|UP,12H,UP,STOCHASTIC,0.3037124307522623,1.0,False
DMA|DMA_EMA_P10_SHIFT5_V1|MA_SLOPE_TURN_UP|MA_SLOPE_TURN_DOWN|15m|DOWN,15m,DOWN,DMA,0.003969816232673083,1.0,False
DMA|DMA_EMA_P10_SHIFT5_V1|PRICE_CROSS_UP_MA|PRICE_CROSS_DOWN_MA|15m|DOWN,15m,DOWN,DMA,0.003969816232673083,1.0,False
DMA|DMA_EMA_P14_SHIFT5_V1|MA_SLOPE_TURN_UP|MA_SLOPE_TURN_DOWN|15m|DOWN,15m,DOWN,DMA,0.005315640844942604,1.0,False
DMA|DMA_EMA_P14_SHIFT5_V1|PRICE_CROSS_UP_MA|PRICE_CROSS_DOWN_MA|15m|DOWN,15m,DOWN,DMA,0.005313928703787843,1.0,False
DMA|DMA_EMA_P14_SHIFT8_V1|MA_SLOPE_TURN_UP|MA_SLOPE_TURN_DOWN|15m|DOWN,15m,DOWN,DMA,0.005315640844942604,1.0,False
DMA|DMA_EMA_P14_SHIFT8_V1|PRICE_CROSS_UP_MA|PRICE_CROSS_DOWN_MA|15m|DOWN,15m,DOWN,DMA,0.005313928703787843,1.0,False
DMA|DMA_EMA_P20_SHIFT5_V1|MA_SLOPE_TURN_UP|MA_SLOPE_TURN_DOWN|15m|DOWN,15m,DOWN,DMA,0.006752569008793856,1.0,False
DMA|DMA_EMA_P20_SHIFT5_V1|PRICE_CROSS_UP_MA|PRICE_CROSS_DOWN_MA|15m|DOWN,15m,DOWN,DMA,0.006751378306407726,1.0,False
DMA|DMA_EMA_P25_SHIFT5_V1|MA_SLOPE_TURN_UP|MA_SLOPE_TURN_DOWN|15m|DOWN,15m,DOWN,DMA,0.00791316960302136,1.0,False
DMA|DMA_EMA_P25_SHIFT5_V1|PRICE_CROSS_UP_MA|PRICE_CROSS_DOWN_MA|15m|DOWN,15m,DOWN,DMA,0.007910167847594787,1.0,False
DMA|DMA_EMA_P25_SHIFT8_V1|MA_SLOPE_TURN_UP|MA_SLOPE_TURN_DOWN|15m|DOWN,15m,DOWN,DMA,0.00791316960302136,1.0,False
DMA|DMA_EMA_P25_SHIFT8_V1|PRICE_CROSS_UP_MA|PRICE_CROSS_DOWN_MA|15m|DOWN,15m,DOWN,DMA,0.007910167847594787,1.0,False
DMA|DMA_EMA_P3_SHIFT0_V1|MA_SLOPE_TURN_UP|MA_SLOPE_TURN_DOWN|15m|DOWN,15m,DOWN,DMA,0.0012520352713640019,1.0,False
DMA|DMA_EMA_P3_SHIFT0_V1|PRICE_CROSS_UP_MA|PRICE_CROSS_DOWN_MA|15m|DOWN,15m,DOWN,DMA,0.0012512032833483563,1.0,False
DMA|DMA_EMA_P3_SHIFT2_V1|MA_SLOPE_TURN_UP|MA_SLOPE_TURN_DOWN|15m|DOWN,15m,DOWN,DMA,0.0012520352713640019,1.0,False
DMA|DMA_EMA_P3_SHIFT2_V1|PRICE_CROSS_UP_MA|PRICE_CROSS_DOWN_MA|15m|DOWN,15m,DOWN,DMA,0.0012512032833483563,1.0,False
DMA|DMA_EMA_P3_SHIFT3_V1|MA_SLOPE_TURN_UP|MA_SLOPE_TURN_DOWN|15m|DOWN,15m,DOWN,DMA,0.0012520352713640019,1.0,False
DMA|DMA_EMA_P3_SHIFT3_V1|PRICE_CROSS_UP_MA|PRICE_CROSS_DOWN_MA|15m|DOWN,15m,DOWN,DMA,0.0012512032833483563,1.0,False
DMA|DMA_EMA_P3_SHIFT5_V1|MA_SLOPE_TURN_UP|MA_SLOPE_TURN_DOWN|15m|DOWN,15m,DOWN,DMA,0.0012520352713640019,1.0,False
DMA|DMA_EMA_P3_SHIFT5_V1|PRICE_CROSS_UP_MA|PRICE_CROSS_DOWN_MA|15m|DOWN,15m,DOWN,DMA,0.0012512032833483563,1.0,False
DMA|DMA_EMA_P5_SHIFT3_V1|MA_SLOPE_TURN_UP|MA_SLOPE_TURN_DOWN|15m|DOWN,15m,DOWN,DMA,0.0022183850157085636,1.0,False
DMA|DMA_EMA_P5_SHIFT3_V1|PRICE_CROSS_UP_MA|PRICE_CROSS_DOWN_MA|15m|DOWN,15m,DOWN,DMA,0.002217740535031416,1.0,False
DMA|DMA_EMA_P5_SHIFT5_V1|MA_SLOPE_TURN_UP|MA_SLOPE_TURN_DOWN|15m|DOWN,15m,DOWN,DMA,0.0022183850157085636,1.0,False
DMA|DMA_EMA_P5_SHIFT5_V1|PRICE_CROSS_UP_MA|PRICE_CROSS_DOWN_MA|15m|DOWN,15m,DOWN,DMA,0.002217740535031416,1.0,False
DMA|DMA_EMA_P7_SHIFT3_V1|MA_SLOPE_TURN_UP|MA_SLOPE_TURN_DOWN|15m|DOWN,15m,DOWN,DMA,0.0029850739677654697,1.0,False
DMA|DMA_EMA_P7_SHIFT3_V1|PRICE_CROSS_UP_MA|PRICE_CROSS_DOWN_MA|15m|DOWN,15m,DOWN,DMA,0.0029846433639014232,1.0,False
DMA|DMA_EMA_P7_SHIFT5_V1|MA_SLOPE_TURN_UP|MA_SLOPE_TURN_DOWN|15m|DOWN,15m,DOWN,DMA,0.0029850739677654697,1.0,False
DMA|DMA_EMA_P7_SHIFT5_V1|PRICE_CROSS_UP_MA|PRICE_CROSS_DOWN_MA|15m|DOWN,15m,DOWN,DMA,0.0029846433639014232,1.0,False
DMA|DMA_SMA_P10_SHIFT5_V1|MA_SLOPE_TURN_UP|MA_SLOPE_TURN_DOWN|15m|DOWN,15m,DOWN,DMA,0.0060493399573479986,1.0,False
DMA|DMA_SMA_P10_SHIFT5_V1|PRICE_CROSS_UP_MA|PRICE_CROSS_DOWN_MA|15m|DOWN,15m,DOWN,DMA,0.004542668671062652,1.0,False
DMA|DMA_SMA_P14_SHIFT5_V1|MA_SLOPE_TURN_UP|MA_SLOPE_TURN_DOWN|15m|DOWN,15m,DOWN,DMA,0.007816474193917069,1.0,False
DMA|DMA_SMA_P14_SHIFT5_V1|PRICE_CROSS_UP_MA|PRICE_CROSS_DOWN_MA|15m|DOWN,15m,DOWN,DMA,0.005999633194785558,1.0,False
DMA|DMA_SMA_P14_SHIFT8_V1|MA_SLOPE_TURN_UP|MA_SLOPE_TURN_DOWN|15m|DOWN,15m,DOWN,DMA,0.007816474193917069,1.0,False
DMA|DMA_SMA_P14_SHIFT8_V1|PRICE_CROSS_UP_MA|PRICE_CROSS_DOWN_MA|15m|DOWN,15m,DOWN,DMA,0.005999633194785558,1.0,False
DMA|DMA_SMA_P20_SHIFT5_V1|MA_SLOPE_TURN_UP|MA_SLOPE_TURN_DOWN|15m|DOWN,15m,DOWN,DMA,0.009485039573442756,1.0,False
DMA|DMA_SMA_P20_SHIFT5_V1|PRICE_CROSS_UP_MA|PRICE_CROSS_DOWN_MA|15m|DOWN,15m,DOWN,DMA,0.007893688502805545,1.0,False
DMA|DMA_SMA_P25_SHIFT5_V1|MA_SLOPE_TURN_UP|MA_SLOPE_TURN_DOWN|15m|DOWN,15m,DOWN,DMA,0.010972756706570415,1.0,False
DMA|DMA_SMA_P25_SHIFT5_V1|PRICE_CROSS_UP_MA|PRICE_CROSS_DOWN_MA|15m|DOWN,15m,DOWN,DMA,0.009184093447650718,1.0,False
DMA|DMA_SMA_P25_SHIFT8_V1|MA_SLOPE_TURN_UP|MA_SLOPE_TURN_DOWN|15m|DOWN,15m,DOWN,DMA,0.010972756706570415,1.0,False
DMA|DMA_SMA_P25_SHIFT8_V1|PRICE_CROSS_UP_MA|PRICE_CROSS_DOWN_MA|15m|DOWN,15m,DOWN,DMA,0.009184093447650718,1.0,False
DMA|DMA_SMA_P3_SHIFT0_V1|MA_SLOPE_TURN_UP|MA_SLOPE_TURN_DOWN|15m|DOWN,15m,DOWN,DMA,0.002227749011802292,1.0,False
DMA|DMA_SMA_P3_SHIFT0_V1|PRICE_CROSS_UP_MA|PRICE_CROSS_DOWN_MA|15m|DOWN,15m,DOWN,DMA,0.0008996041182781633,1.0,False
DMA|DMA_SMA_P3_SHIFT2_V1|MA_SLOPE_TURN_UP|MA_SLOPE_TURN_DOWN|15m|DOWN,15m,DOWN,DMA,0.002227749011802292,1.0,False
DMA|DMA_SMA_P3_SHIFT2_V1|PRICE_CROSS_UP_MA|PRICE_CROSS_DOWN_MA|15m|DOWN,15m,DOWN,DMA,0.0008996041182781633,1.0,False
DMA|DMA_SMA_P3_SHIFT3_V1|MA_SLOPE_TURN_UP|MA_SLOPE_TURN_DOWN|15m|DOWN,15m,DOWN,DMA,0.002227749011802292,1.0,False
DMA|DMA_SMA_P3_SHIFT3_V1|PRICE_CROSS_UP_MA|PRICE_CROSS_DOWN_MA|15m|DOWN,15m,DOWN,DMA,0.0008996041182781633,1.0,False
DMA|DMA_SMA_P3_SHIFT5_V1|MA_SLOPE_TURN_UP|MA_SLOPE_TURN_DOWN|15m|DOWN,15m,DOWN,DMA,0.002227749011802292,1.0,False
DMA|DMA_SMA_P3_SHIFT5_V1|PRICE_CROSS_UP_MA|PRICE_CROSS_DOWN_MA|15m|DOWN,15m,DOWN,DMA,0.0008996041182781633,1.0,False
DMA|DMA_SMA_P5_SHIFT3_V1|MA_SLOPE_TURN_UP|MA_SLOPE_TURN_DOWN|15m|DOWN,15m,DOWN,DMA,0.0036198817844384874,1.0,False
DMA|DMA_SMA_P5_SHIFT3_V1|PRICE_CROSS_UP_MA|PRICE_CROSS_DOWN_MA|15m|DOWN,15m,DOWN,DMA,0.0022691805420293407,1.0,False
DMA|DMA_SMA_P5_SHIFT5_V1|MA_SLOPE_TURN_UP|MA_SLOPE_TURN_DOWN|15m|DOWN,15m,DOWN,DMA,0.0036198817844384874,1.0,False
DMA|DMA_SMA_P5_SHIFT5_V1|PRICE_CROSS_UP_MA|PRICE_CROSS_DOWN_MA|15m|DOWN,15m,DOWN,DMA,0.0022691805420293407,1.0,False
DMA|DMA_SMA_P7_SHIFT3_V1|MA_SLOPE_TURN_UP|MA_SLOPE_TURN_DOWN|15m|DOWN,15m,DOWN,DMA,0.004656366873324091,1.0,False
DMA|DMA_SMA_P7_SHIFT3_V1|PRICE_CROSS_UP_MA|PRICE_CROSS_DOWN_MA|15m|DOWN,15m,DOWN,DMA,0.0033082106664403888,1.0,False
DMA|DMA_SMA_P7_SHIFT5_V1|MA_SLOPE_TURN_UP|MA_SLOPE_TURN_DOWN|15m|DOWN,15m,DOWN,DMA,0.004656366873324091,1.0,False
DMA|DMA_SMA_P7_SHIFT5_V1|PRICE_CROSS_UP_MA|PRICE_CROSS_DOWN_MA|15m|DOWN,15m,DOWN,DMA,0.0033082106664403888,1.0,False
DMA|DMA_WMA_P10_SHIFT5_V1|MA_SLOPE_TURN_UP|MA_SLOPE_TURN_DOWN|15m|DOWN,15m,DOWN,DMA,0.004987965399844375,1.0,False
DMA|DMA_WMA_P10_SHIFT5_V1|PRICE_CROSS_UP_MA|PRICE_CROSS_DOWN_MA|15m|DOWN,15m,DOWN,DMA,0.0032355084738816473,1.0,False
DMA|DMA_WMA_P14_SHIFT5_V1|MA_SLOPE_TURN_UP|MA_SLOPE_TURN_DOWN|15m|DOWN,15m,DOWN,DMA,0.00633919757169883,1.0,False
DMA|DMA_WMA_P14_SHIFT5_V1|PRICE_CROSS_UP_MA|PRICE_CROSS_DOWN_MA|15m|DOWN,15m,DOWN,DMA,0.004280006596582131,1.0,False
DMA|DMA_WMA_P14_SHIFT8_V1|MA_SLOPE_TURN_UP|MA_SLOPE_TURN_DOWN|15m|DOWN,15m,DOWN,DMA,0.00633919757169883,1.0,False
DMA|DMA_WMA_P14_SHIFT8_V1|PRICE_CROSS_UP_MA|PRICE_CROSS_DOWN_MA|15m|DOWN,15m,DOWN,DMA,0.004280006596582131,1.0,False
DMA|DMA_WMA_P20_SHIFT5_V1|MA_SLOPE_TURN_UP|MA_SLOPE_TURN_DOWN|15m|DOWN,15m,DOWN,DMA,0.008157370162268286,1.0,False
DMA|DMA_WMA_P20_SHIFT5_V1|PRICE_CROSS_UP_MA|PRICE_CROSS_DOWN_MA|15m|DOWN,15m,DOWN,DMA,0.00567063187818505,1.0,False
DMA|DMA_WMA_P25_SHIFT5_V1|MA_SLOPE_TURN_UP|MA_SLOPE_TURN_DOWN|15m|DOWN,15m,DOWN,DMA,0.009420238527815638,1.0,False
DMA|DMA_WMA_P25_SHIFT5_V1|PRICE_CROSS_UP_MA|PRICE_CROSS_DOWN_MA|15m|DOWN,15m,DOWN,DMA,0.006668768216543526,1.0,False
DMA|DMA_WMA_P25_SHIFT8_V1|MA_SLOPE_TURN_UP|MA_SLOPE_TURN_DOWN|15m|DOWN,15m,DOWN,DMA,0.009420238527815638,1.0,False
DMA|DMA_WMA_P25_SHIFT8_V1|PRICE_CROSS_UP_MA|PRICE_CROSS_DOWN_MA|15m|DOWN,15m,DOWN,DMA,0.006668768216543526,1.0,False
DMA|DMA_WMA_P3_SHIFT0_V1|MA_SLOPE_TURN_UP|MA_SLOPE_TURN_DOWN|15m|DOWN,15m,DOWN,DMA,0.0016598956052962643,1.0,False
DMA|DMA_WMA_P3_SHIFT0_V1|PRICE_CROSS_UP_MA|PRICE_CROSS_DOWN_MA|15m|DOWN,15m,DOWN,DMA,0.0005863959633839377,1.0,False
DMA|DMA_WMA_P3_SHIFT2_V1|MA_SLOPE_TURN_UP|MA_SLOPE_TURN_DOWN|15m|DOWN,15m,DOWN,DMA,0.0016598956052962643,1.0,False
DMA|DMA_WMA_P3_SHIFT2_V1|PRICE_CROSS_UP_MA|PRICE_CROSS_DOWN_MA|15m|DOWN,15m,DOWN,DMA,0.0005863959633839377,1.0,False
DMA|DMA_WMA_P3_SHIFT3_V1|MA_SLOPE_TURN_UP|MA_SLOPE_TURN_DOWN|15m|DOWN,15m,DOWN,DMA,0.0016598956052962643,1.0,False
DMA|DMA_WMA_P3_SHIFT3_V1|PRICE_CROSS_UP_MA|PRICE_CROSS_DOWN_MA|15m|DOWN,15m,DOWN,DMA,0.0005863959633839377,1.0,False
DMA|DMA_WMA_P3_SHIFT5_V1|MA_SLOPE_TURN_UP|MA_SLOPE_TURN_DOWN|15m|DOWN,15m,DOWN,DMA,0.0016598956052962643,1.0,False
DMA|DMA_WMA_P3_SHIFT5_V1|PRICE_CROSS_UP_MA|PRICE_CROSS_DOWN_MA|15m|DOWN,15m,DOWN,DMA,0.0005863959633839377,1.0,False
DMA|DMA_WMA_P5_SHIFT3_V1|MA_SLOPE_TURN_UP|MA_SLOPE_TURN_DOWN|15m|DOWN,15m,DOWN,DMA,0.0027984830414656365,1.0,False
DMA|DMA_WMA_P5_SHIFT3_V1|PRICE_CROSS_UP_MA|PRICE_CROSS_DOWN_MA|15m|DOWN,15m,DOWN,DMA,0.0015543880516966976,1.0,False
DMA|DMA_WMA_P5_SHIFT5_V1|MA_SLOPE_TURN_UP|MA_SLOPE_TURN_DOWN|15m|DOWN,15m,DOWN,DMA,0.0027984830414656365,1.0,False
DMA|DMA_WMA_P5_SHIFT5_V1|PRICE_CROSS_UP_MA|PRICE_CROSS_DOWN_MA|15m|DOWN,15m,DOWN,DMA,0.0015543880516966976,1.0,False
DMA|DMA_WMA_P7_SHIFT3_V1|MA_SLOPE_TURN_UP|MA_SLOPE_TURN_DOWN|15m|DOWN,15m,DOWN,DMA,0.0037960329206253507,1.0,False
DMA|DMA_WMA_P7_SHIFT3_V1|PRICE_CROSS_UP_MA|PRICE_CROSS_DOWN_MA|15m|DOWN,15m,DOWN,DMA,0.0022969691650891735,1.0,False
DMA|DMA_WMA_P7_SHIFT5_V1|MA_SLOPE_TURN_UP|MA_SLOPE_TURN_DOWN|15m|DOWN,15m,DOWN,DMA,0.0037960329206253507,1.0,False
DMA|DMA_WMA_P7_SHIFT5_V1|PRICE_CROSS_UP_MA|PRICE_CROSS_DOWN_MA|15m|DOWN,15m,DOWN,DMA,0.0022969691650891735,1.0,False
DNO_QUANTILE|CAUSAL_DNO_QUANTILE_80_20_CONTROL_V1|CROSSED_OS_BAND_DOWN|15m|DOWN,15m,DOWN,DNO_QUANTILE,0.007024546487947803,1.0,False
DNO_QUANTILE|CAUSAL_DNO_QUANTILE_80_20_CONTROL_V1|FORECAST_OS_CROSS|15m|DOWN,15m,DOWN,DNO_QUANTILE,0.004073973199429551,1.0,False
INVERSE|INVERSE_DMA_25X5|DMA_SMA_P25_SHIFT5_V1|15m|DOWN,15m,DOWN,INVERSE_PREDICTOR,0.008658330132976053,1.0,False
INVERSE|INVERSE_DMA_3X3|DMA_SMA_P3_SHIFT3_V1|15m|DOWN,15m,DOWN,INVERSE_PREDICTOR,0.0012262002521268743,1.0,False
INVERSE|INVERSE_DMA_7X5|DMA_SMA_P7_SHIFT5_V1|15m|DOWN,15m,DOWN,INVERSE_PREDICTOR,0.0034748036762570177,1.0,False
INVERSE|INVERSE_DNO_N7_OB_OS|DNO_PERIOD_7_REFERENCE|15m|DOWN,15m,DOWN,INVERSE_PREDICTOR,0.010238345527518167,1.0,False
INVERSE|INVERSE_MACD_12_26_9_SIGNAL_CROSS|MACD_12_26_9_SHIFT0_V1|15m|DOWN,15m,DOWN,INVERSE_PREDICTOR,0.010729074144508731,1.0,False
INVERSE|INVERSE_STOCH_14_3_3_POINT_BAR|STOCH_K14_KS3_D3_SHIFT0_V1|15m|DOWN,15m,DOWN,INVERSE_PREDICTOR,0.007636310674643449,1.0,False
MACD|DINAPOLI_MACD_REFERENCE_V1|HIST_CROSS_UP_ZERO|HIST_CROSS_DOWN_ZERO|15m|DOWN,15m,DOWN,MACD,0.010019375802775407,1.0,False
MACD|DINAPOLI_MACD_REFERENCE_V1|MACD_CROSS_UP_SIGNAL|MACD_CROSS_DOWN_SIGNAL|15m|DOWN,15m,DOWN,MACD,0.010019375802775407,1.0,False
MACD|DISPLACED_MACD_12_26_9_SHIFT2_V1|HIST_CROSS_UP_ZERO|HIST_CROSS_DOWN_ZERO|15m|DOWN,15m,DOWN,MACD,0.013096400756599971,1.0,False
MACD|DISPLACED_MACD_12_26_9_SHIFT2_V1|MACD_CROSS_UP_SIGNAL|MACD_CROSS_DOWN_SIGNAL|15m|DOWN,15m,DOWN,MACD,0.013096400756599971,1.0,False
MACD|DISPLACED_MACD_12_26_9_SHIFT3_V1|HIST_CROSS_UP_ZERO|HIST_CROSS_DOWN_ZERO|15m|DOWN,15m,DOWN,MACD,0.013096400756599971,1.0,False
MACD|DISPLACED_MACD_12_26_9_SHIFT3_V1|MACD_CROSS_UP_SIGNAL|MACD_CROSS_DOWN_SIGNAL|15m|DOWN,15m,DOWN,MACD,0.013096400756599971,1.0,False
MACD|DISPLACED_MACD_12_26_9_SHIFT5_V1|HIST_CROSS_UP_ZERO|HIST_CROSS_DOWN_ZERO|15m|DOWN,15m,DOWN,MACD,0.013096400756599971,1.0,False
MACD|DISPLACED_MACD_12_26_9_SHIFT5_V1|MACD_CROSS_UP_SIGNAL|MACD_CROSS_DOWN_SIGNAL|15m|DOWN,15m,DOWN,MACD,0.013096400756599971,1.0,False
MACD|DISPLACED_MACD_5_13_4_SHIFT2_V1|HIST_CROSS_UP_ZERO|HIST_CROSS_DOWN_ZERO|15m|DOWN,15m,DOWN,MACD,0.005136797415187407,1.0,False
MACD|DISPLACED_MACD_5_13_4_SHIFT2_V1|MACD_CROSS_UP_SIGNAL|MACD_CROSS_DOWN_SIGNAL|15m|DOWN,15m,DOWN,MACD,0.005136797415187407,1.0,False
MACD|DISPLACED_MACD_5_13_4_SHIFT3_V1|HIST_CROSS_UP_ZERO|HIST_CROSS_DOWN_ZERO|15m|DOWN,15m,DOWN,MACD,0.005136797415187407,1.0,False
MACD|DISPLACED_MACD_5_13_4_SHIFT3_V1|MACD_CROSS_UP_SIGNAL|MACD_CROSS_DOWN_SIGNAL|15m|DOWN,15m,DOWN,MACD,0.005136797415187407,1.0,False
MACD|DISPLACED_MACD_5_13_4_SHIFT5_V1|HIST_CROSS_UP_ZERO|HIST_CROSS_DOWN_ZERO|15m|DOWN,15m,DOWN,MACD,0.005136797415187407,1.0,False
MACD|DISPLACED_MACD_5_13_4_SHIFT5_V1|MACD_CROSS_UP_SIGNAL|MACD_CROSS_DOWN_SIGNAL|15m|DOWN,15m,DOWN,MACD,0.005136797415187407,1.0,False
MACD|DISPLACED_MACD_8_21_5_SHIFT2_V1|HIST_CROSS_UP_ZERO|HIST_CROSS_DOWN_ZERO|15m|DOWN,15m,DOWN,MACD,0.007860033551682973,1.0,False
MACD|DISPLACED_MACD_8_21_5_SHIFT2_V1|MACD_CROSS_UP_SIGNAL|MACD_CROSS_DOWN_SIGNAL|15m|DOWN,15m,DOWN,MACD,0.007860033551682973,1.0,False
MACD|DISPLACED_MACD_8_21_5_SHIFT3_V1|HIST_CROSS_UP_ZERO|HIST_CROSS_DOWN_ZERO|15m|DOWN,15m,DOWN,MACD,0.007860033551682973,1.0,False
MACD|DISPLACED_MACD_8_21_5_SHIFT3_V1|MACD_CROSS_UP_SIGNAL|MACD_CROSS_DOWN_SIGNAL|15m|DOWN,15m,DOWN,MACD,0.007860033551682973,1.0,False
MACD|DISPLACED_MACD_8_21_5_SHIFT5_V1|HIST_CROSS_UP_ZERO|HIST_CROSS_DOWN_ZERO|15m|DOWN,15m,DOWN,MACD,0.007860033551682973,1.0,False
MACD|DISPLACED_MACD_8_21_5_SHIFT5_V1|MACD_CROSS_UP_SIGNAL|MACD_CROSS_DOWN_SIGNAL|15m|DOWN,15m,DOWN,MACD,0.007860033551682973,1.0,False
MACD|MACD_12_26_9_SHIFT0_V1|HIST_CROSS_UP_ZERO|HIST_CROSS_DOWN_ZERO|15m|DOWN,15m,DOWN,MACD,0.013096400756599971,1.0,False
MACD|MACD_12_26_9_SHIFT0_V1|MACD_CROSS_UP_SIGNAL|MACD_CROSS_DOWN_SIGNAL|15m|DOWN,15m,DOWN,MACD,0.013096400756599971,1.0,False
MACD|MACD_5_13_4_SHIFT0_V1|HIST_CROSS_UP_ZERO|HIST_CROSS_DOWN_ZERO|15m|DOWN,15m,DOWN,MACD,0.005136797415187407,1.0,False
MACD|MACD_5_13_4_SHIFT0_V1|MACD_CROSS_UP_SIGNAL|MACD_CROSS_DOWN_SIGNAL|15m|DOWN,15m,DOWN,MACD,0.005136797415187407,1.0,False
MACD|MACD_8_21_5_SHIFT0_V1|HIST_CROSS_UP_ZERO|HIST_CROSS_DOWN_ZERO|15m|DOWN,15m,DOWN,MACD,0.007860033551682973,1.0,False
MACD|MACD_8_21_5_SHIFT0_V1|MACD_CROSS_UP_SIGNAL|MACD_CROSS_DOWN_SIGNAL|15m|DOWN,15m,DOWN,MACD,0.007860033551682973,1.0,False
OSC_PREDICTOR|OSC_PRED_SWEEP_LOOKBACK_200|CROSSED_OS_BAND_DOWN|15m|DOWN,15m,DOWN,OSC_PREDICTOR,0.008994174629872455,1.0,False
OSC_PREDICTOR|OSC_PRED_SWEEP_LOOKBACK_200|FORECAST_OS_CROSS|15m|DOWN,15m,DOWN,OSC_PREDICTOR,0.005510347665761096,1.0,False
OSC_PREDICTOR|OSC_PRED_SWEEP_LOOKBACK_50|CROSSED_OS_BAND_DOWN|15m|DOWN,15m,DOWN,OSC_PREDICTOR,0.010163064288802025,1.0,False
OSC_PREDICTOR|OSC_PRED_SWEEP_LOOKBACK_50|FORECAST_OS_CROSS|15m|DOWN,15m,DOWN,OSC_PREDICTOR,0.006607519725639733,1.0,False
OSC_PREDICTOR|OSC_PRED_SWEEP_OB_OS_LEVEL_PERCENT_0.7|CROSSED_OS_BAND_DOWN|15m|DOWN,15m,DOWN,OSC_PREDICTOR,0.0077027407614029975,1.0,False
OSC_PREDICTOR|OSC_PRED_SWEEP_OB_OS_LEVEL_PERCENT_0.7|FORECAST_OS_CROSS|15m|DOWN,15m,DOWN,OSC_PREDICTOR,0.0048117268615831274,1.0,False
OSC_PREDICTOR|OSC_PRED_SWEEP_OB_OS_LEVEL_PERCENT_0.9|CROSSED_OS_BAND_DOWN|15m|DOWN,15m,DOWN,OSC_PREDICTOR,0.01063770033876322,1.0,False
OSC_PREDICTOR|OSC_PRED_SWEEP_OB_OS_LEVEL_PERCENT_0.9|FORECAST_OS_CROSS|15m|DOWN,15m,DOWN,OSC_PREDICTOR,0.006302324184484755,1.0,False
OSC_PREDICTOR|OSC_PRED_SWEEP_PEAK_STRENGTH_1|CROSSED_OS_BAND_DOWN|15m|DOWN,15m,DOWN,OSC_PREDICTOR,0.00710460434783872,1.0,False
OSC_PREDICTOR|OSC_PRED_SWEEP_PEAK_STRENGTH_1|FORECAST_OS_CROSS|15m|DOWN,15m,DOWN,OSC_PREDICTOR,0.004554647662976549,1.0,False
OSC_PREDICTOR|OSC_PRED_SWEEP_PEAK_STRENGTH_3|CROSSED_OS_BAND_DOWN|15m|DOWN,15m,DOWN,OSC_PREDICTOR,0.010596446049523261,1.0,False
OSC_PREDICTOR|OSC_PRED_SWEEP_PEAK_STRENGTH_3|FORECAST_OS_CROSS|15m|DOWN,15m,DOWN,OSC_PREDICTOR,0.006232690696755673,1.0,False
OSC_PREDICTOR|OSC_PRED_SWEEP_PERIOD_10|CROSSED_OS_BAND_DOWN|15m|DOWN,15m,DOWN,OSC_PREDICTOR,0.009878442756080099,1.0,False
OSC_PREDICTOR|OSC_PRED_SWEEP_PERIOD_10|FORECAST_OS_CROSS|15m|DOWN,15m,DOWN,OSC_PREDICTOR,0.00731397858738494,1.0,False
OSC_PREDICTOR|OSC_PRED_SWEEP_PERIOD_14|CROSSED_OS_BAND_DOWN|15m|DOWN,15m,DOWN,OSC_PREDICTOR,0.010982623840249096,1.0,False
OSC_PREDICTOR|OSC_PRED_SWEEP_PERIOD_14|FORECAST_OS_CROSS|15m|DOWN,15m,DOWN,OSC_PREDICTOR,0.008953672562463332,1.0,False
OSC_PREDICTOR|OSC_PRED_SWEEP_PERIOD_5|CROSSED_OS_BAND_DOWN|15m|DOWN,15m,DOWN,OSC_PREDICTOR,0.009001568913167182,1.0,False
OSC_PREDICTOR|OSC_PRED_SWEEP_PERIOD_5|FORECAST_OS_CROSS|15m|DOWN,15m,DOWN,OSC_PREDICTOR,0.004129456204676805,1.0,False
OSC_PREDICTOR|OSC_PRED_SWEEP_SAMPLES_3|CROSSED_OS_BAND_DOWN|15m|DOWN,15m,DOWN,OSC_PREDICTOR,0.008366557471519586,1.0,False
OSC_PREDICTOR|OSC_PRED_SWEEP_SAMPLES_3|FORECAST_OS_CROSS|15m|DOWN,15m,DOWN,OSC_PREDICTOR,0.005254677764925662,1.0,False
OSC_PREDICTOR|OSC_PRED_SWEEP_SAMPLES_8|CROSSED_OS_BAND_DOWN|15m|DOWN,15m,DOWN,OSC_PREDICTOR,0.009860571001966295,1.0,False
OSC_PREDICTOR|OSC_PRED_SWEEP_SAMPLES_8|FORECAST_OS_CROSS|15m|DOWN,15m,DOWN,OSC_PREDICTOR,0.0057488613431892575,1.0,False
OSC_PREDICTOR|PROJECT_DINAPOLI_STYLE_OSCILLATOR_PREDICTOR_REFERENCE|CROSSED_OS_BAND_DOWN|15m|DOWN,15m,DOWN,OSC_PREDICTOR,0.008994174629872455,1.0,False
OSC_PREDICTOR|PROJECT_DINAPOLI_STYLE_OSCILLATOR_PREDICTOR_REFERENCE|FORECAST_OS_CROSS|15m|DOWN,15m,DOWN,OSC_PREDICTOR,0.005510347665761096,1.0,False
PURE_DNO|DNO_PERIOD_7_REFERENCE|DNO_ZERO_CROSS_DOWN|15m|DOWN,15m,DOWN,PURE_DNO,0.0033101352827974682,1.0,False
STOCH|DINAPOLI_PREFERRED_STOCHASTIC_REFERENCE_V1|K_CROSS_UP_D|K_CROSS_DOWN_D|15m|DOWN,15m,DOWN,STOCHASTIC,0.004939438711835706,1.0,False
STOCH|DISPLACED_STOCH_K14_KS3_D3_SHIFT2_V1|K_CROSS_UP_D|K_CROSS_DOWN_D|15m|DOWN,15m,DOWN,STOCHASTIC,0.0029997534278521643,1.0,False
STOCH|DISPLACED_STOCH_K14_KS3_D3_SHIFT3_V1|K_CROSS_UP_D|K_CROSS_DOWN_D|15m|DOWN,15m,DOWN,STOCHASTIC,0.0029997534278521643,1.0,False
STOCH|DISPLACED_STOCH_K14_KS3_D3_SHIFT5_V1|K_CROSS_UP_D|K_CROSS_DOWN_D|15m|DOWN,15m,DOWN,STOCHASTIC,0.0029997534278521643,1.0,False
STOCH|DISPLACED_STOCH_K21_KS5_D5_SHIFT2_V1|K_CROSS_UP_D|K_CROSS_DOWN_D|15m|DOWN,15m,DOWN,STOCHASTIC,0.006672952616810751,1.0,False
STOCH|DISPLACED_STOCH_K21_KS5_D5_SHIFT3_V1|K_CROSS_UP_D|K_CROSS_DOWN_D|15m|DOWN,15m,DOWN,STOCHASTIC,0.006672952616810751,1.0,False
STOCH|DISPLACED_STOCH_K21_KS5_D5_SHIFT5_V1|K_CROSS_UP_D|K_CROSS_DOWN_D|15m|DOWN,15m,DOWN,STOCHASTIC,0.006672952616810751,1.0,False
STOCH|DISPLACED_STOCH_K5_KS3_D3_SHIFT2_V1|K_CROSS_UP_D|K_CROSS_DOWN_D|15m|DOWN,15m,DOWN,STOCHASTIC,0.0025955835941383855,1.0,False
STOCH|DISPLACED_STOCH_K5_KS3_D3_SHIFT3_V1|K_CROSS_UP_D|K_CROSS_DOWN_D|15m|DOWN,15m,DOWN,STOCHASTIC,0.0025955835941383855,1.0,False
STOCH|DISPLACED_STOCH_K5_KS3_D3_SHIFT5_V1|K_CROSS_UP_D|K_CROSS_DOWN_D|15m|DOWN,15m,DOWN,STOCHASTIC,0.0025955835941383855,1.0,False
STOCH|DISPLACED_STOCH_K9_KS3_D3_SHIFT2_V1|K_CROSS_UP_D|K_CROSS_DOWN_D|15m|DOWN,15m,DOWN,STOCHASTIC,0.002909021586352121,1.0,False
STOCH|DISPLACED_STOCH_K9_KS3_D3_SHIFT3_V1|K_CROSS_UP_D|K_CROSS_DOWN_D|15m|DOWN,15m,DOWN,STOCHASTIC,0.002909021586352121,1.0,False
STOCH|DISPLACED_STOCH_K9_KS3_D3_SHIFT5_V1|K_CROSS_UP_D|K_CROSS_DOWN_D|15m|DOWN,15m,DOWN,STOCHASTIC,0.002909021586352121,1.0,False
STOCH|STOCH_K14_KS3_D3_SHIFT0_V1|K_CROSS_UP_D|K_CROSS_DOWN_D|15m|DOWN,15m,DOWN,STOCHASTIC,0.0029997534278521643,1.0,False
STOCH|STOCH_K21_KS5_D5_SHIFT0_V1|K_CROSS_UP_D|K_CROSS_DOWN_D|15m|DOWN,15m,DOWN,STOCHASTIC,0.006672952616810751,1.0,False
STOCH|STOCH_K5_KS3_D3_SHIFT0_V1|K_CROSS_UP_D|K_CROSS_DOWN_D|15m|DOWN,15m,DOWN,STOCHASTIC,0.0025955835941383855,1.0,False
STOCH|STOCH_K9_KS3_D3_SHIFT0_V1|K_CROSS_UP_D|K_CROSS_DOWN_D|15m|DOWN,15m,DOWN,STOCHASTIC,0.002909021586352121,1.0,False
DMA|DMA_EMA_P10_SHIFT5_V1|MA_SLOPE_TURN_UP|MA_SLOPE_TURN_DOWN|15m|UP,15m,UP,DMA,0.003974065495306662,1.0,False
DMA|DMA_EMA_P10_SHIFT5_V1|PRICE_CROSS_UP_MA|PRICE_CROSS_DOWN_MA|15m|UP,15m,UP,DMA,0.003972878622715702,1.0,False
DMA|DMA_EMA_P14_SHIFT5_V1|MA_SLOPE_TURN_UP|MA_SLOPE_TURN_DOWN|15m|UP,15m,UP,DMA,0.005215653354407973,1.0,False
DMA|DMA_EMA_P14_SHIFT5_V1|PRICE_CROSS_UP_MA|PRICE_CROSS_DOWN_MA|15m|UP,15m,UP,DMA,0.005213961150381633,1.0,False
DMA|DMA_EMA_P14_SHIFT8_V1|MA_SLOPE_TURN_UP|MA_SLOPE_TURN_DOWN|15m|UP,15m,UP,DMA,0.005215653354407973,1.0,False
DMA|DMA_EMA_P14_SHIFT8_V1|PRICE_CROSS_UP_MA|PRICE_CROSS_DOWN_MA|15m|UP,15m,UP,DMA,0.005213961150381633,1.0,False
DMA|DMA_EMA_P20_SHIFT5_V1|MA_SLOPE_TURN_UP|MA_SLOPE_TURN_DOWN|15m|UP,15m,UP,DMA,0.006634890081321798,1.0,False
DMA|DMA_EMA_P20_SHIFT5_V1|PRICE_CROSS_UP_MA|PRICE_CROSS_DOWN_MA|15m|UP,15m,UP,DMA,0.006634890081321798,1.0,False
DMA|DMA_EMA_P25_SHIFT5_V1|MA_SLOPE_TURN_UP|MA_SLOPE_TURN_DOWN|15m|UP,15m,UP,DMA,0.007780679180477398,1.0,False
DMA|DMA_EMA_P25_SHIFT5_V1|PRICE_CROSS_UP_MA|PRICE_CROSS_DOWN_MA|15m|UP,15m,UP,DMA,0.00777919558739298,1.0,False
DMA|DMA_EMA_P25_SHIFT8_V1|MA_SLOPE_TURN_UP|MA_SLOPE_TURN_DOWN|15m|UP,15m,UP,DMA,0.007780679180477398,1.0,False
DMA|DMA_EMA_P25_SHIFT8_V1|PRICE_CROSS_UP_MA|PRICE_CROSS_DOWN_MA|15m|UP,15m,UP,DMA,0.00777919558739298,1.0,False
DMA|DMA_EMA_P3_SHIFT0_V1|MA_SLOPE_TURN_UP|MA_SLOPE_TURN_DOWN|15m|UP,15m,UP,DMA,0.0012521323265037524,1.0,False
DMA|DMA_EMA_P3_SHIFT0_V1|PRICE_CROSS_UP_MA|PRICE_CROSS_DOWN_MA|15m|UP,15m,UP,DMA,0.00125171628868172,1.0,False
DMA|DMA_EMA_P3_SHIFT2_V1|MA_SLOPE_TURN_UP|MA_SLOPE_TURN_DOWN|15m|UP,15m,UP,DMA,0.0012521323265037524,1.0,False
DMA|DMA_EMA_P3_SHIFT2_V1|PRICE_CROSS_UP_MA|PRICE_CROSS_DOWN_MA|15m|UP,15m,UP,DMA,0.00125171628868172,1.0,False
DMA|DMA_EMA_P3_SHIFT3_V1|MA_SLOPE_TURN_UP|MA_SLOPE_TURN_DOWN|15m|UP,15m,UP,DMA,0.0012521323265037524,1.0,False
DMA|DMA_EMA_P3_SHIFT3_V1|PRICE_CROSS_UP_MA|PRICE_CROSS_DOWN_MA|15m|UP,15m,UP,DMA,0.00125171628868172,1.0,False
DMA|DMA_EMA_P3_SHIFT5_V1|MA_SLOPE_TURN_UP|MA_SLOPE_TURN_DOWN|15m|UP,15m,UP,DMA,0.0012521323265037524,1.0,False
DMA|DMA_EMA_P3_SHIFT5_V1|PRICE_CROSS_UP_MA|PRICE_CROSS_DOWN_MA|15m|UP,15m,UP,DMA,0.00125171628868172,1.0,False
DMA|DMA_EMA_P5_SHIFT3_V1|MA_SLOPE_TURN_UP|MA_SLOPE_TURN_DOWN|15m|UP,15m,UP,DMA,0.002219771539301694,1.0,False
DMA|DMA_EMA_P5_SHIFT3_V1|PRICE_CROSS_UP_MA|PRICE_CROSS_DOWN_MA|15m|UP,15m,UP,DMA,0.0022194491087801837,1.0,False
DMA|DMA_EMA_P5_SHIFT5_V1|MA_SLOPE_TURN_UP|MA_SLOPE_TURN_DOWN|15m|UP,15m,UP,DMA,0.002219771539301694,1.0,False
DMA|DMA_EMA_P5_SHIFT5_V1|PRICE_CROSS_UP_MA|PRICE_CROSS_DOWN_MA|15m|UP,15m,UP,DMA,0.0022194491087801837,1.0,False
DMA|DMA_EMA_P7_SHIFT3_V1|MA_SLOPE_TURN_UP|MA_SLOPE_TURN_DOWN|15m|UP,15m,UP,DMA,0.002986463226133433,1.0,False
DMA|DMA_EMA_P7_SHIFT3_V1|PRICE_CROSS_UP_MA|PRICE_CROSS_DOWN_MA|15m|UP,15m,UP,DMA,0.0029856016920320524,1.0,False
DMA|DMA_EMA_P7_SHIFT5_V1|MA_SLOPE_TURN_UP|MA_SLOPE_TURN_DOWN|15m|UP,15m,UP,DMA,0.002986463226133433,1.0,False
DMA|DMA_EMA_P7_SHIFT5_V1|PRICE_CROSS_UP_MA|PRICE_CROSS_DOWN_MA|15m|UP,15m,UP,DMA,0.0029856016920320524,1.0,False
DMA|DMA_SMA_P10_SHIFT5_V1|MA_SLOPE_TURN_UP|MA_SLOPE_TURN_DOWN|15m|UP,15m,UP,DMA,0.005930792568507512,1.0,False
DMA|DMA_SMA_P10_SHIFT5_V1|PRICE_CROSS_UP_MA|PRICE_CROSS_DOWN_MA|15m|UP,15m,UP,DMA,0.004645642934809751,1.0,False
DMA|DMA_SMA_P14_SHIFT5_V1|MA_SLOPE_TURN_UP|MA_SLOPE_TURN_DOWN|15m|UP,15m,UP,DMA,0.007534749759005818,1.0,False
DMA|DMA_SMA_P14_SHIFT5_V1|PRICE_CROSS_UP_MA|PRICE_CROSS_DOWN_MA|15m|UP,15m,UP,DMA,0.005770738719423465,1.0,False
DMA|DMA_SMA_P14_SHIFT8_V1|MA_SLOPE_TURN_UP|MA_SLOPE_TURN_DOWN|15m|UP,15m,UP,DMA,0.007534749759005818,1.0,False
DMA|DMA_SMA_P14_SHIFT8_V1|PRICE_CROSS_UP_MA|PRICE_CROSS_DOWN_MA|15m|UP,15m,UP,DMA,0.005770738719423465,1.0,False
DMA|DMA_SMA_P20_SHIFT5_V1|MA_SLOPE_TURN_UP|MA_SLOPE_TURN_DOWN|15m|UP,15m,UP,DMA,0.009493165014350782,1.0,False
DMA|DMA_SMA_P20_SHIFT5_V1|PRICE_CROSS_UP_MA|PRICE_CROSS_DOWN_MA|15m|UP,15m,UP,DMA,0.007624459415269178,1.0,False
DMA|DMA_SMA_P25_SHIFT5_V1|MA_SLOPE_TURN_UP|MA_SLOPE_TURN_DOWN|15m|UP,15m,UP,DMA,0.010610748840750733,1.0,False
DMA|DMA_SMA_P25_SHIFT5_V1|PRICE_CROSS_UP_MA|PRICE_CROSS_DOWN_MA|15m|UP,15m,UP,DMA,0.009038778116579996,1.0,False
DMA|DMA_SMA_P25_SHIFT8_V1|MA_SLOPE_TURN_UP|MA_SLOPE_TURN_DOWN|15m|UP,15m,UP,DMA,0.010610748840750733,1.0,False
DMA|DMA_SMA_P25_SHIFT8_V1|PRICE_CROSS_UP_MA|PRICE_CROSS_DOWN_MA|15m|UP,15m,UP,DMA,0.009038778116579996,1.0,False
DMA|DMA_SMA_P3_SHIFT0_V1|MA_SLOPE_TURN_UP|MA_SLOPE_TURN_DOWN|15m|UP,15m,UP,DMA,0.002225582527659431,1.0,False
DMA|DMA_SMA_P3_SHIFT0_V1|PRICE_CROSS_UP_MA|PRICE_CROSS_DOWN_MA|15m|UP,15m,UP,DMA,0.0008990110118049085,1.0,False
DMA|DMA_SMA_P3_SHIFT2_V1|MA_SLOPE_TURN_UP|MA_SLOPE_TURN_DOWN|15m|UP,15m,UP,DMA,0.002225582527659431,1.0,False
DMA|DMA_SMA_P3_SHIFT2_V1|PRICE_CROSS_UP_MA|PRICE_CROSS_DOWN_MA|15m|UP,15m,UP,DMA,0.0008990110118049085,1.0,False
DMA|DMA_SMA_P3_SHIFT3_V1|MA_SLOPE_TURN_UP|MA_SLOPE_TURN_DOWN|15m|UP,15m,UP,DMA,0.002225582527659431,1.0,False
DMA|DMA_SMA_P3_SHIFT3_V1|PRICE_CROSS_UP_MA|PRICE_CROSS_DOWN_MA|15m|UP,15m,UP,DMA,0.0008990110118049085,1.0,False
DMA|DMA_SMA_P3_SHIFT5_V1|MA_SLOPE_TURN_UP|MA_SLOPE_TURN_DOWN|15m|UP,15m,UP,DMA,0.002225582527659431,1.0,False
DMA|DMA_SMA_P3_SHIFT5_V1|PRICE_CROSS_UP_MA|PRICE_CROSS_DOWN_MA|15m|UP,15m,UP,DMA,0.0008990110118049085,1.0,False
DMA|DMA_SMA_P5_SHIFT3_V1|MA_SLOPE_TURN_UP|MA_SLOPE_TURN_DOWN|15m|UP,15m,UP,DMA,0.0036162555340301253,1.0,False
DMA|DMA_SMA_P5_SHIFT3_V1|PRICE_CROSS_UP_MA|PRICE_CROSS_DOWN_MA|15m|UP,15m,UP,DMA,0.0022719108044433316,1.0,False
DMA|DMA_SMA_P5_SHIFT5_V1|MA_SLOPE_TURN_UP|MA_SLOPE_TURN_DOWN|15m|UP,15m,UP,DMA,0.0036162555340301253,1.0,False
DMA|DMA_SMA_P5_SHIFT5_V1|PRICE_CROSS_UP_MA|PRICE_CROSS_DOWN_MA|15m|UP,15m,UP,DMA,0.0022719108044433316,1.0,False
DMA|DMA_SMA_P7_SHIFT3_V1|MA_SLOPE_TURN_UP|MA_SLOPE_TURN_DOWN|15m|UP,15m,UP,DMA,0.00465719490974833,1.0,False
DMA|DMA_SMA_P7_SHIFT3_V1|PRICE_CROSS_UP_MA|PRICE_CROSS_DOWN_MA|15m|UP,15m,UP,DMA,0.0033097510682229677,1.0,False
DMA|DMA_SMA_P7_SHIFT5_V1|MA_SLOPE_TURN_UP|MA_SLOPE_TURN_DOWN|15m|UP,15m,UP,DMA,0.00465719490974833,1.0,False
DMA|DMA_SMA_P7_SHIFT5_V1|PRICE_CROSS_UP_MA|PRICE_CROSS_DOWN_MA|15m|UP,15m,UP,DMA,0.0033097510682229677,1.0,False
DMA|DMA_WMA_P10_SHIFT5_V1|MA_SLOPE_TURN_UP|MA_SLOPE_TURN_DOWN|15m|UP,15m,UP,DMA,0.004990426166279798,1.0,False
DMA|DMA_WMA_P10_SHIFT5_V1|PRICE_CROSS_UP_MA|PRICE_CROSS_DOWN_MA|15m|UP,15m,UP,DMA,0.003236544529544233,1.0,False
DMA|DMA_WMA_P14_SHIFT5_V1|MA_SLOPE_TURN_UP|MA_SLOPE_TURN_DOWN|15m|UP,15m,UP,DMA,0.006101482633131354,1.0,False
DMA|DMA_WMA_P14_SHIFT5_V1|PRICE_CROSS_UP_MA|PRICE_CROSS_DOWN_MA|15m|UP,15m,UP,DMA,0.004283351367642248,1.0,False
DMA|DMA_WMA_P14_SHIFT8_V1|MA_SLOPE_TURN_UP|MA_SLOPE_TURN_DOWN|15m|UP,15m,UP,DMA,0.006101482633131354,1.0,False
DMA|DMA_WMA_P14_SHIFT8_V1|PRICE_CROSS_UP_MA|PRICE_CROSS_DOWN_MA|15m|UP,15m,UP,DMA,0.004283351367642248,1.0,False
DMA|DMA_WMA_P20_SHIFT5_V1|MA_SLOPE_TURN_UP|MA_SLOPE_TURN_DOWN|15m|UP,15m,UP,DMA,0.008023591216530797,1.0,False
DMA|DMA_WMA_P20_SHIFT5_V1|PRICE_CROSS_UP_MA|PRICE_CROSS_DOWN_MA|15m|UP,15m,UP,DMA,0.005562833719084166,1.0,False
DMA|DMA_WMA_P25_SHIFT5_V1|MA_SLOPE_TURN_UP|MA_SLOPE_TURN_DOWN|15m|UP,15m,UP,DMA,0.009274234012798754,1.0,False
DMA|DMA_WMA_P25_SHIFT5_V1|PRICE_CROSS_UP_MA|PRICE_CROSS_DOWN_MA|15m|UP,15m,UP,DMA,0.006554374303493497,1.0,False
DMA|DMA_WMA_P25_SHIFT8_V1|MA_SLOPE_TURN_UP|MA_SLOPE_TURN_DOWN|15m|UP,15m,UP,DMA,0.009274234012798754,1.0,False
DMA|DMA_WMA_P25_SHIFT8_V1|PRICE_CROSS_UP_MA|PRICE_CROSS_DOWN_MA|15m|UP,15m,UP,DMA,0.006554374303493497,1.0,False
DMA|DMA_WMA_P3_SHIFT0_V1|MA_SLOPE_TURN_UP|MA_SLOPE_TURN_DOWN|15m|UP,15m,UP,DMA,0.0016582208349120277,1.0,False
DMA|DMA_WMA_P3_SHIFT0_V1|PRICE_CROSS_UP_MA|PRICE_CROSS_DOWN_MA|15m|UP,15m,UP,DMA,0.0005869245749085821,1.0,False
DMA|DMA_WMA_P3_SHIFT2_V1|MA_SLOPE_TURN_UP|MA_SLOPE_TURN_DOWN|15m|UP,15m,UP,DMA,0.0016582208349120277,1.0,False
DMA|DMA_WMA_P3_SHIFT2_V1|PRICE_CROSS_UP_MA|PRICE_CROSS_DOWN_MA|15m|UP,15m,UP,DMA,0.0005869245749085821,1.0,False
DMA|DMA_WMA_P3_SHIFT3_V1|MA_SLOPE_TURN_UP|MA_SLOPE_TURN_DOWN|15m|UP,15m,UP,DMA,0.0016582208349120277,1.0,False
DMA|DMA_WMA_P3_SHIFT3_V1|PRICE_CROSS_UP_MA|PRICE_CROSS_DOWN_MA|15m|UP,15m,UP,DMA,0.0005869245749085821,1.0,False
DMA|DMA_WMA_P3_SHIFT5_V1|MA_SLOPE_TURN_UP|MA_SLOPE_TURN_DOWN|15m|UP,15m,UP,DMA,0.0016582208349120277,1.0,False
DMA|DMA_WMA_P3_SHIFT5_V1|PRICE_CROSS_UP_MA|PRICE_CROSS_DOWN_MA|15m|UP,15m,UP,DMA,0.0005869245749085821,1.0,False
DMA|DMA_WMA_P5_SHIFT3_V1|MA_SLOPE_TURN_UP|MA_SLOPE_TURN_DOWN|15m|UP,15m,UP,DMA,0.002798982949058582,1.0,False
DMA|DMA_WMA_P5_SHIFT3_V1|PRICE_CROSS_UP_MA|PRICE_CROSS_DOWN_MA|15m|UP,15m,UP,DMA,0.0015527980196016209,1.0,False
DMA|DMA_WMA_P5_SHIFT5_V1|MA_SLOPE_TURN_UP|MA_SLOPE_TURN_DOWN|15m|UP,15m,UP,DMA,0.002798982949058582,1.0,False
DMA|DMA_WMA_P5_SHIFT5_V1|PRICE_CROSS_UP_MA|PRICE_CROSS_DOWN_MA|15m|UP,15m,UP,DMA,0.0015527980196016209,1.0,False
DMA|DMA_WMA_P7_SHIFT3_V1|MA_SLOPE_TURN_UP|MA_SLOPE_TURN_DOWN|15m|UP,15m,UP,DMA,0.0037989427221054263,1.0,False
DMA|DMA_WMA_P7_SHIFT3_V1|PRICE_CROSS_UP_MA|PRICE_CROSS_DOWN_MA|15m|UP,15m,UP,DMA,0.0022977316441941545,1.0,False
DMA|DMA_WMA_P7_SHIFT5_V1|MA_SLOPE_TURN_UP|MA_SLOPE_TURN_DOWN|15m|UP,15m,UP,DMA,0.0037989427221054263,1.0,False
DMA|DMA_WMA_P7_SHIFT5_V1|PRICE_CROSS_UP_MA|PRICE_CROSS_DOWN_MA|15m|UP,15m,UP,DMA,0.0022977316441941545,1.0,False
DNO_QUANTILE|CAUSAL_DNO_QUANTILE_80_20_CONTROL_V1|CROSSED_OB_BAND_UP|15m|UP,15m,UP,DNO_QUANTILE,0.007692751167036066,1.0,False
DNO_QUANTILE|CAUSAL_DNO_QUANTILE_80_20_CONTROL_V1|FORECAST_OB_CROSS|15m|UP,15m,UP,DNO_QUANTILE,0.004240723451146771,1.0,False
INVERSE|INVERSE_DMA_25X5|DMA_SMA_P25_SHIFT5_V1|15m|UP,15m,UP,INVERSE_PREDICTOR,0.008667491375184466,1.0,False
INVERSE|INVERSE_DMA_3X3|DMA_SMA_P3_SHIFT3_V1|15m|UP,15m,UP,INVERSE_PREDICTOR,0.0011419137748860221,1.0,False
INVERSE|INVERSE_DMA_7X5|DMA_SMA_P7_SHIFT5_V1|15m|UP,15m,UP,INVERSE_PREDICTOR,0.0033706195325882062,1.0,False
INVERSE|INVERSE_DNO_N7_OB_OS|DNO_PERIOD_7_REFERENCE|15m|UP,15m,UP,INVERSE_PREDICTOR,0.010261407932129662,1.0,False
INVERSE|INVERSE_MACD_12_26_9_SIGNAL_CROSS|MACD_12_26_9_SHIFT0_V1|15m|UP,15m,UP,INVERSE_PREDICTOR,0.011578907904305245,1.0,False
INVERSE|INVERSE_STOCH_14_3_3_POINT_BAR|STOCH_K14_KS3_D3_SHIFT0_V1|15m|UP,15m,UP,INVERSE_PREDICTOR,0.007319950312880459,1.0,False
MACD|DINAPOLI_MACD_REFERENCE_V1|HIST_CROSS_UP_ZERO|HIST_CROSS_DOWN_ZERO|15m|UP,15m,UP,MACD,0.01076252112427048,1.0,False
MACD|DINAPOLI_MACD_REFERENCE_V1|MACD_CROSS_UP_SIGNAL|MACD_CROSS_DOWN_SIGNAL|15m|UP,15m,UP,MACD,0.01076252112427048,1.0,False
MACD|DISPLACED_MACD_12_26_9_SHIFT2_V1|HIST_CROSS_UP_ZERO|HIST_CROSS_DOWN_ZERO|15m|UP,15m,UP,MACD,0.01332090692604843,1.0,False
MACD|DISPLACED_MACD_12_26_9_SHIFT2_V1|MACD_CROSS_UP_SIGNAL|MACD_CROSS_DOWN_SIGNAL|15m|UP,15m,UP,MACD,0.01332090692604843,1.0,False
MACD|DISPLACED_MACD_12_26_9_SHIFT3_V1|HIST_CROSS_UP_ZERO|HIST_CROSS_DOWN_ZERO|15m|UP,15m,UP,MACD,0.01332090692604843,1.0,False
MACD|DISPLACED_MACD_12_26_9_SHIFT3_V1|MACD_CROSS_UP_SIGNAL|MACD_CROSS_DOWN_SIGNAL|15m|UP,15m,UP,MACD,0.01332090692604843,1.0,False
MACD|DISPLACED_MACD_12_26_9_SHIFT5_V1|HIST_CROSS_UP_ZERO|HIST_CROSS_DOWN_ZERO|15m|UP,15m,UP,MACD,0.01332090692604843,1.0,False
MACD|DISPLACED_MACD_12_26_9_SHIFT5_V1|MACD_CROSS_UP_SIGNAL|MACD_CROSS_DOWN_SIGNAL|15m|UP,15m,UP,MACD,0.01332090692604843,1.0,False
MACD|DISPLACED_MACD_5_13_4_SHIFT2_V1|HIST_CROSS_UP_ZERO|HIST_CROSS_DOWN_ZERO|15m|UP,15m,UP,MACD,0.005137724079946505,1.0,False
MACD|DISPLACED_MACD_5_13_4_SHIFT2_V1|MACD_CROSS_UP_SIGNAL|MACD_CROSS_DOWN_SIGNAL|15m|UP,15m,UP,MACD,0.005137724079946505,1.0,False
MACD|DISPLACED_MACD_5_13_4_SHIFT3_V1|HIST_CROSS_UP_ZERO|HIST_CROSS_DOWN_ZERO|15m|UP,15m,UP,MACD,0.005137724079946505,1.0,False
MACD|DISPLACED_MACD_5_13_4_SHIFT3_V1|MACD_CROSS_UP_SIGNAL|MACD_CROSS_DOWN_SIGNAL|15m|UP,15m,UP,MACD,0.005137724079946505,1.0,False
MACD|DISPLACED_MACD_5_13_4_SHIFT5_V1|HIST_CROSS_UP_ZERO|HIST_CROSS_DOWN_ZERO|15m|UP,15m,UP,MACD,0.005137724079946505,1.0,False
MACD|DISPLACED_MACD_5_13_4_SHIFT5_V1|MACD_CROSS_UP_SIGNAL|MACD_CROSS_DOWN_SIGNAL|15m|UP,15m,UP,MACD,0.005137724079946505,1.0,False
MACD|DISPLACED_MACD_8_21_5_SHIFT2_V1|HIST_CROSS_UP_ZERO|HIST_CROSS_DOWN_ZERO|15m|UP,15m,UP,MACD,0.008315941732164184,1.0,False
MACD|DISPLACED_MACD_8_21_5_SHIFT2_V1|MACD_CROSS_UP_SIGNAL|MACD_CROSS_DOWN_SIGNAL|15m|UP,15m,UP,MACD,0.008315941732164184,1.0,False
MACD|DISPLACED_MACD_8_21_5_SHIFT3_V1|HIST_CROSS_UP_ZERO|HIST_CROSS_DOWN_ZERO|15m|UP,15m,UP,MACD,0.008315941732164184,1.0,False
MACD|DISPLACED_MACD_8_21_5_SHIFT3_V1|MACD_CROSS_UP_SIGNAL|MACD_CROSS_DOWN_SIGNAL|15m|UP,15m,UP,MACD,0.008315941732164184,1.0,False
MACD|DISPLACED_MACD_8_21_5_SHIFT5_V1|HIST_CROSS_UP_ZERO|HIST_CROSS_DOWN_ZERO|15m|UP,15m,UP,MACD,0.008315941732164184,1.0,False
MACD|DISPLACED_MACD_8_21_5_SHIFT5_V1|MACD_CROSS_UP_SIGNAL|MACD_CROSS_DOWN_SIGNAL|15m|UP,15m,UP,MACD,0.008315941732164184,1.0,False
MACD|MACD_12_26_9_SHIFT0_V1|HIST_CROSS_UP_ZERO|HIST_CROSS_DOWN_ZERO|15m|UP,15m,UP,MACD,0.01332090692604843,1.0,False
MACD|MACD_12_26_9_SHIFT0_V1|MACD_CROSS_UP_SIGNAL|MACD_CROSS_DOWN_SIGNAL|15m|UP,15m,UP,MACD,0.01332090692604843,1.0,False
MACD|MACD_5_13_4_SHIFT0_V1|HIST_CROSS_UP_ZERO|HIST_CROSS_DOWN_ZERO|15m|UP,15m,UP,MACD,0.005137724079946505,1.0,False
MACD|MACD_5_13_4_SHIFT0_V1|MACD_CROSS_UP_SIGNAL|MACD_CROSS_DOWN_SIGNAL|15m|UP,15m,UP,MACD,0.005137724079946505,1.0,False
MACD|MACD_8_21_5_SHIFT0_V1|HIST_CROSS_UP_ZERO|HIST_CROSS_DOWN_ZERO|15m|UP,15m,UP,MACD,0.008315941732164184,1.0,False
MACD|MACD_8_21_5_SHIFT0_V1|MACD_CROSS_UP_SIGNAL|MACD_CROSS_DOWN_SIGNAL|15m|UP,15m,UP,MACD,0.008315941732164184,1.0,False
OSC_PREDICTOR|OSC_PRED_SWEEP_LOOKBACK_200|CROSSED_OB_BAND_UP|15m|UP,15m,UP,OSC_PREDICTOR,0.009102412046464562,1.0,False
OSC_PREDICTOR|OSC_PRED_SWEEP_LOOKBACK_200|FORECAST_OB_CROSS|15m|UP,15m,UP,OSC_PREDICTOR,0.0053385512339120264,1.0,False
OSC_PREDICTOR|OSC_PRED_SWEEP_LOOKBACK_50|CROSSED_OB_BAND_UP|15m|UP,15m,UP,OSC_PREDICTOR,0.01010462173732635,1.0,False
OSC_PREDICTOR|OSC_PRED_SWEEP_LOOKBACK_50|FORECAST_OB_CROSS|15m|UP,15m,UP,OSC_PREDICTOR,0.006651768174707602,1.0,False
OSC_PREDICTOR|OSC_PRED_SWEEP_OB_OS_LEVEL_PERCENT_0.7|CROSSED_OB_BAND_UP|15m|UP,15m,UP,OSC_PREDICTOR,0.007451560608024643,1.0,False
OSC_PREDICTOR|OSC_PRED_SWEEP_OB_OS_LEVEL_PERCENT_0.7|FORECAST_OB_CROSS|15m|UP,15m,UP,OSC_PREDICTOR,0.004568361303778525,1.0,False
OSC_PREDICTOR|OSC_PRED_SWEEP_OB_OS_LEVEL_PERCENT_0.9|CROSSED_OB_BAND_UP|15m|UP,15m,UP,OSC_PREDICTOR,0.010813107418395373,1.0,False
OSC_PREDICTOR|OSC_PRED_SWEEP_OB_OS_LEVEL_PERCENT_0.9|FORECAST_OB_CROSS|15m|UP,15m,UP,OSC_PREDICTOR,0.006159033098353791,1.0,False
OSC_PREDICTOR|OSC_PRED_SWEEP_PEAK_STRENGTH_1|CROSSED_OB_BAND_UP|15m|UP,15m,UP,OSC_PREDICTOR,0.006873914801734083,1.0,False
OSC_PREDICTOR|OSC_PRED_SWEEP_PEAK_STRENGTH_1|FORECAST_OB_CROSS|15m|UP,15m,UP,OSC_PREDICTOR,0.004289125713940764,1.0,False
OSC_PREDICTOR|OSC_PRED_SWEEP_PEAK_STRENGTH_3|CROSSED_OB_BAND_UP|15m|UP,15m,UP,OSC_PREDICTOR,0.010559288255236818,1.0,False
OSC_PREDICTOR|OSC_PRED_SWEEP_PEAK_STRENGTH_3|FORECAST_OB_CROSS|15m|UP,15m,UP,OSC_PREDICTOR,0.00606241163924049,1.0,False
OSC_PREDICTOR|OSC_PRED_SWEEP_PERIOD_10|CROSSED_OB_BAND_UP|15m|UP,15m,UP,OSC_PREDICTOR,0.009529866920366309,1.0,False
OSC_PREDICTOR|OSC_PRED_SWEEP_PERIOD_10|FORECAST_OB_CROSS|15m|UP,15m,UP,OSC_PREDICTOR,0.006771031154846449,1.0,False
OSC_PREDICTOR|OSC_PRED_SWEEP_PERIOD_14|CROSSED_OB_BAND_UP|15m|UP,15m,UP,OSC_PREDICTOR,0.010726114185871227,1.0,False
OSC_PREDICTOR|OSC_PRED_SWEEP_PERIOD_14|FORECAST_OB_CROSS|15m|UP,15m,UP,OSC_PREDICTOR,0.008191353421231187,1.0,False
OSC_PREDICTOR|OSC_PRED_SWEEP_PERIOD_5|CROSSED_OB_BAND_UP|15m|UP,15m,UP,OSC_PREDICTOR,0.009001665968306934,1.0,False
OSC_PREDICTOR|OSC_PRED_SWEEP_PERIOD_5|FORECAST_OB_CROSS|15m|UP,15m,UP,OSC_PREDICTOR,0.003925178626784444,1.0,False
OSC_PREDICTOR|OSC_PRED_SWEEP_SAMPLES_3|CROSSED_OB_BAND_UP|15m|UP,15m,UP,OSC_PREDICTOR,0.00833695534988841,1.0,False
OSC_PREDICTOR|OSC_PRED_SWEEP_SAMPLES_3|FORECAST_OB_CROSS|15m|UP,15m,UP,OSC_PREDICTOR,0.005164364667637869,1.0,False
OSC_PREDICTOR|OSC_PRED_SWEEP_SAMPLES_8|CROSSED_OB_BAND_UP|15m|UP,15m,UP,OSC_PREDICTOR,0.009340181940823328,1.0,False
OSC_PREDICTOR|OSC_PRED_SWEEP_SAMPLES_8|FORECAST_OB_CROSS|15m|UP,15m,UP,OSC_PREDICTOR,0.0053196339874424904,1.0,False
OSC_PREDICTOR|PROJECT_DINAPOLI_STYLE_OSCILLATOR_PREDICTOR_REFERENCE|CROSSED_OB_BAND_UP|15m|UP,15m,UP,OSC_PREDICTOR,0.009102412046464562,1.0,False
OSC_PREDICTOR|PROJECT_DINAPOLI_STYLE_OSCILLATOR_PREDICTOR_REFERENCE|FORECAST_OB_CROSS|15m|UP,15m,UP,OSC_PREDICTOR,0.0053385512339120264,1.0,False
PURE_DNO|DNO_PERIOD_7_REFERENCE|DNO_ZERO_CROSS_UP|15m|UP,15m,UP,PURE_DNO,0.0033107136847656694,1.0,False
STOCH|DINAPOLI_PREFERRED_STOCHASTIC_REFERENCE_V1|K_CROSS_UP_D|K_CROSS_DOWN_D|15m|UP,15m,UP,STOCHASTIC,0.004942648022289943,1.0,False
STOCH|DISPLACED_STOCH_K14_KS3_D3_SHIFT2_V1|K_CROSS_UP_D|K_CROSS_DOWN_D|15m|UP,15m,UP,STOCHASTIC,0.0030002833799116667,1.0,False
STOCH|DISPLACED_STOCH_K14_KS3_D3_SHIFT3_V1|K_CROSS_UP_D|K_CROSS_DOWN_D|15m|UP,15m,UP,STOCHASTIC,0.0030002833799116667,1.0,False
STOCH|DISPLACED_STOCH_K14_KS3_D3_SHIFT5_V1|K_CROSS_UP_D|K_CROSS_DOWN_D|15m|UP,15m,UP,STOCHASTIC,0.0030002833799116667,1.0,False
STOCH|DISPLACED_STOCH_K21_KS5_D5_SHIFT2_V1|K_CROSS_UP_D|K_CROSS_DOWN_D|15m|UP,15m,UP,STOCHASTIC,0.006924847984269349,1.0,False
STOCH|DISPLACED_STOCH_K21_KS5_D5_SHIFT3_V1|K_CROSS_UP_D|K_CROSS_DOWN_D|15m|UP,15m,UP,STOCHASTIC,0.006924847984269349,1.0,False
STOCH|DISPLACED_STOCH_K21_KS5_D5_SHIFT5_V1|K_CROSS_UP_D|K_CROSS_DOWN_D|15m|UP,15m,UP,STOCHASTIC,0.006924847984269349,1.0,False
STOCH|DISPLACED_STOCH_K5_KS3_D3_SHIFT2_V1|K_CROSS_UP_D|K_CROSS_DOWN_D|15m|UP,15m,UP,STOCHASTIC,0.002595307043559733,1.0,False
STOCH|DISPLACED_STOCH_K5_KS3_D3_SHIFT3_V1|K_CROSS_UP_D|K_CROSS_DOWN_D|15m|UP,15m,UP,STOCHASTIC,0.002595307043559733,1.0,False
STOCH|DISPLACED_STOCH_K5_KS3_D3_SHIFT5_V1|K_CROSS_UP_D|K_CROSS_DOWN_D|15m|UP,15m,UP,STOCHASTIC,0.002595307043559733,1.0,False
STOCH|DISPLACED_STOCH_K9_KS3_D3_SHIFT2_V1|K_CROSS_UP_D|K_CROSS_DOWN_D|15m|UP,15m,UP,STOCHASTIC,0.002911215364779684,1.0,False
STOCH|DISPLACED_STOCH_K9_KS3_D3_SHIFT3_V1|K_CROSS_UP_D|K_CROSS_DOWN_D|15m|UP,15m,UP,STOCHASTIC,0.002911215364779684,1.0,False
STOCH|DISPLACED_STOCH_K9_KS3_D3_SHIFT5_V1|K_CROSS_UP_D|K_CROSS_DOWN_D|15m|UP,15m,UP,STOCHASTIC,0.002911215364779684,1.0,False
STOCH|STOCH_K14_KS3_D3_SHIFT0_V1|K_CROSS_UP_D|K_CROSS_DOWN_D|15m|UP,15m,UP,STOCHASTIC,0.0030002833799116667,1.0,False
STOCH|STOCH_K21_KS5_D5_SHIFT0_V1|K_CROSS_UP_D|K_CROSS_DOWN_D|15m|UP,15m,UP,STOCHASTIC,0.006924847984269349,1.0,False
STOCH|STOCH_K5_KS3_D3_SHIFT0_V1|K_CROSS_UP_D|K_CROSS_DOWN_D|15m|UP,15m,UP,STOCHASTIC,0.002595307043559733,1.0,False
STOCH|STOCH_K9_KS3_D3_SHIFT0_V1|K_CROSS_UP_D|K_CROSS_DOWN_D|15m|UP,15m,UP,STOCHASTIC,0.002911215364779684,1.0,False
DMA|DMA_EMA_P10_SHIFT5_V1|MA_SLOPE_TURN_UP|MA_SLOPE_TURN_DOWN|1D|DOWN,1D,DOWN,DMA,0.2588050314465409,1.0,False
DMA|DMA_EMA_P10_SHIFT5_V1|PRICE_CROSS_UP_MA|PRICE_CROSS_DOWN_MA|1D|DOWN,1D,DOWN,DMA,0.2588050314465409,1.0,False
DMA|DMA_EMA_P14_SHIFT5_V1|MA_SLOPE_TURN_UP|MA_SLOPE_TURN_DOWN|1D|DOWN,1D,DOWN,DMA,0.29308943089430894,1.0,False
DMA|DMA_EMA_P14_SHIFT5_V1|PRICE_CROSS_UP_MA|PRICE_CROSS_DOWN_MA|1D|DOWN,1D,DOWN,DMA,0.29308943089430894,1.0,False
DMA|DMA_EMA_P14_SHIFT8_V1|MA_SLOPE_TURN_UP|MA_SLOPE_TURN_DOWN|1D|DOWN,1D,DOWN,DMA,0.29308943089430894,1.0,False
DMA|DMA_EMA_P14_SHIFT8_V1|PRICE_CROSS_UP_MA|PRICE_CROSS_DOWN_MA|1D|DOWN,1D,DOWN,DMA,0.29308943089430894,1.0,False
DMA|DMA_EMA_P20_SHIFT5_V1|MA_SLOPE_TURN_UP|MA_SLOPE_TURN_DOWN|1D|DOWN,1D,DOWN,DMA,0.24583333333333335,1.0,False
DMA|DMA_EMA_P20_SHIFT5_V1|PRICE_CROSS_UP_MA|PRICE_CROSS_DOWN_MA|1D|DOWN,1D,DOWN,DMA,0.24583333333333335,1.0,False
DMA|DMA_EMA_P25_SHIFT5_V1|MA_SLOPE_TURN_UP|MA_SLOPE_TURN_DOWN|1D|DOWN,1D,DOWN,DMA,0.2574074074074074,1.0,False
DMA|DMA_EMA_P25_SHIFT5_V1|PRICE_CROSS_UP_MA|PRICE_CROSS_DOWN_MA|1D|DOWN,1D,DOWN,DMA,0.2574074074074074,1.0,False
DMA|DMA_EMA_P25_SHIFT8_V1|MA_SLOPE_TURN_UP|MA_SLOPE_TURN_DOWN|1D|DOWN,1D,DOWN,DMA,0.2574074074074074,1.0,False
DMA|DMA_EMA_P25_SHIFT8_V1|PRICE_CROSS_UP_MA|PRICE_CROSS_DOWN_MA|1D|DOWN,1D,DOWN,DMA,0.2574074074074074,1.0,False
DMA|DMA_EMA_P3_SHIFT0_V1|MA_SLOPE_TURN_UP|MA_SLOPE_TURN_DOWN|1D|DOWN,1D,DOWN,DMA,0.1699643493761141,1.0,False
DMA|DMA_EMA_P3_SHIFT0_V1|PRICE_CROSS_UP_MA|PRICE_CROSS_DOWN_MA|1D|DOWN,1D,DOWN,DMA,0.1699643493761141,1.0,False
DMA|DMA_EMA_P3_SHIFT2_V1|MA_SLOPE_TURN_UP|MA_SLOPE_TURN_DOWN|1D|DOWN,1D,DOWN,DMA,0.1699643493761141,1.0,False
DMA|DMA_EMA_P3_SHIFT2_V1|PRICE_CROSS_UP_MA|PRICE_CROSS_DOWN_MA|1D|DOWN,1D,DOWN,DMA,0.1699643493761141,1.0,False
DMA|DMA_EMA_P3_SHIFT3_V1|MA_SLOPE_TURN_UP|MA_SLOPE_TURN_DOWN|1D|DOWN,1D,DOWN,DMA,0.1699643493761141,1.0,False
DMA|DMA_EMA_P3_SHIFT3_V1|PRICE_CROSS_UP_MA|PRICE_CROSS_DOWN_MA|1D|DOWN,1D,DOWN,DMA,0.1699643493761141,1.0,False
DMA|DMA_EMA_P3_SHIFT5_V1|MA_SLOPE_TURN_UP|MA_SLOPE_TURN_DOWN|1D|DOWN,1D,DOWN,DMA,0.1699643493761141,1.0,False
DMA|DMA_EMA_P3_SHIFT5_V1|PRICE_CROSS_UP_MA|PRICE_CROSS_DOWN_MA|1D|DOWN,1D,DOWN,DMA,0.1699643493761141,1.0,False
DMA|DMA_EMA_P5_SHIFT3_V1|MA_SLOPE_TURN_UP|MA_SLOPE_TURN_DOWN|1D|DOWN,1D,DOWN,DMA,0.22473460721868366,1.0,False
DMA|DMA_EMA_P5_SHIFT3_V1|PRICE_CROSS_UP_MA|PRICE_CROSS_DOWN_MA|1D|DOWN,1D,DOWN,DMA,0.22473460721868366,1.0,False
DMA|DMA_EMA_P5_SHIFT5_V1|MA_SLOPE_TURN_UP|MA_SLOPE_TURN_DOWN|1D|DOWN,1D,DOWN,DMA,0.22473460721868366,1.0,False
DMA|DMA_EMA_P5_SHIFT5_V1|PRICE_CROSS_UP_MA|PRICE_CROSS_DOWN_MA|1D|DOWN,1D,DOWN,DMA,0.22473460721868366,1.0,False
DMA|DMA_EMA_P7_SHIFT3_V1|MA_SLOPE_TURN_UP|MA_SLOPE_TURN_DOWN|1D|DOWN,1D,DOWN,DMA,0.24784946236559147,1.0,False
DMA|DMA_EMA_P7_SHIFT3_V1|PRICE_CROSS_UP_MA|PRICE_CROSS_DOWN_MA|1D|DOWN,1D,DOWN,DMA,0.24784946236559147,1.0,False
DMA|DMA_EMA_P7_SHIFT5_V1|MA_SLOPE_TURN_UP|MA_SLOPE_TURN_DOWN|1D|DOWN,1D,DOWN,DMA,0.24784946236559147,1.0,False
DMA|DMA_EMA_P7_SHIFT5_V1|PRICE_CROSS_UP_MA|PRICE_CROSS_DOWN_MA|1D|DOWN,1D,DOWN,DMA,0.24784946236559147,1.0,False
DMA|DMA_SMA_P10_SHIFT5_V1|MA_SLOPE_TURN_UP|MA_SLOPE_TURN_DOWN|1D|DOWN,1D,DOWN,DMA,0.27753623188405796,1.0,False
DMA|DMA_SMA_P10_SHIFT5_V1|PRICE_CROSS_UP_MA|PRICE_CROSS_DOWN_MA|1D|DOWN,1D,DOWN,DMA,0.31333333333333335,1.0,False
DMA|DMA_SMA_P14_SHIFT5_V1|MA_SLOPE_TURN_UP|MA_SLOPE_TURN_DOWN|1D|DOWN,1D,DOWN,DMA,0.24784946236559147,1.0,False
DMA|DMA_SMA_P14_SHIFT5_V1|PRICE_CROSS_UP_MA|PRICE_CROSS_DOWN_MA|1D|DOWN,1D,DOWN,DMA,0.34530516431924885,1.0,False
DMA|DMA_SMA_P14_SHIFT8_V1|MA_SLOPE_TURN_UP|MA_SLOPE_TURN_DOWN|1D|DOWN,1D,DOWN,DMA,0.24784946236559147,1.0,False
DMA|DMA_SMA_P14_SHIFT8_V1|PRICE_CROSS_UP_MA|PRICE_CROSS_DOWN_MA|1D|DOWN,1D,DOWN,DMA,0.34530516431924885,1.0,False
DMA|DMA_SMA_P20_SHIFT5_V1|MA_SLOPE_TURN_UP|MA_SLOPE_TURN_DOWN|1D|DOWN,1D,DOWN,DMA,0.016666666666666663,1.0,False
DMA|DMA_SMA_P20_SHIFT5_V1|PRICE_CROSS_UP_MA|PRICE_CROSS_DOWN_MA|1D|DOWN,1D,DOWN,DMA,0.26954022988505744,1.0,False
DMA|DMA_SMA_P25_SHIFT5_V1|MA_SLOPE_TURN_UP|MA_SLOPE_TURN_DOWN|1D|DOWN,1D,DOWN,DMA,0.18333333333333335,1.0,False
DMA|DMA_SMA_P25_SHIFT5_V1|PRICE_CROSS_UP_MA|PRICE_CROSS_DOWN_MA|1D|DOWN,1D,DOWN,DMA,0.24147286821705427,1.0,False
DMA|DMA_SMA_P25_SHIFT8_V1|MA_SLOPE_TURN_UP|MA_SLOPE_TURN_DOWN|1D|DOWN,1D,DOWN,DMA,0.18333333333333335,1.0,False
DMA|DMA_SMA_P25_SHIFT8_V1|PRICE_CROSS_UP_MA|PRICE_CROSS_DOWN_MA|1D|DOWN,1D,DOWN,DMA,0.24147286821705427,1.0,False
DMA|DMA_SMA_P3_SHIFT0_V1|MA_SLOPE_TURN_UP|MA_SLOPE_TURN_DOWN|1D|DOWN,1D,DOWN,DMA,0.2807359307359307,1.0,False
DMA|DMA_SMA_P3_SHIFT0_V1|PRICE_CROSS_UP_MA|PRICE_CROSS_DOWN_MA|1D|DOWN,1D,DOWN,DMA,0.11874003189792665,1.0,False
DMA|DMA_SMA_P3_SHIFT2_V1|MA_SLOPE_TURN_UP|MA_SLOPE_TURN_DOWN|1D|DOWN,1D,DOWN,DMA,0.2807359307359307,1.0,False
DMA|DMA_SMA_P3_SHIFT2_V1|PRICE_CROSS_UP_MA|PRICE_CROSS_DOWN_MA|1D|DOWN,1D,DOWN,DMA,0.11874003189792665,1.0,False
DMA|DMA_SMA_P3_SHIFT3_V1|MA_SLOPE_TURN_UP|MA_SLOPE_TURN_DOWN|1D|DOWN,1D,DOWN,DMA,0.2807359307359307,1.0,False
DMA|DMA_SMA_P3_SHIFT3_V1|PRICE_CROSS_UP_MA|PRICE_CROSS_DOWN_MA|1D|DOWN,1D,DOWN,DMA,0.11874003189792665,1.0,False
DMA|DMA_SMA_P3_SHIFT5_V1|MA_SLOPE_TURN_UP|MA_SLOPE_TURN_DOWN|1D|DOWN,1D,DOWN,DMA,0.2807359307359307,1.0,False
DMA|DMA_SMA_P3_SHIFT5_V1|PRICE_CROSS_UP_MA|PRICE_CROSS_DOWN_MA|1D|DOWN,1D,DOWN,DMA,0.11874003189792665,1.0,False
DMA|DMA_SMA_P5_SHIFT3_V1|MA_SLOPE_TURN_UP|MA_SLOPE_TURN_DOWN|1D|DOWN,1D,DOWN,DMA,0.21363636363636362,1.0,False
DMA|DMA_SMA_P5_SHIFT3_V1|PRICE_CROSS_UP_MA|PRICE_CROSS_DOWN_MA|1D|DOWN,1D,DOWN,DMA,0.25849673202614376,1.0,False
DMA|DMA_SMA_P5_SHIFT5_V1|MA_SLOPE_TURN_UP|MA_SLOPE_TURN_DOWN|1D|DOWN,1D,DOWN,DMA,0.21363636363636362,1.0,False
DMA|DMA_SMA_P5_SHIFT5_V1|PRICE_CROSS_UP_MA|PRICE_CROSS_DOWN_MA|1D|DOWN,1D,DOWN,DMA,0.25849673202614376,1.0,False
DMA|DMA_SMA_P7_SHIFT3_V1|MA_SLOPE_TURN_UP|MA_SLOPE_TURN_DOWN|1D|DOWN,1D,DOWN,DMA,0.24898989898989898,1.0,False
DMA|DMA_SMA_P7_SHIFT3_V1|PRICE_CROSS_UP_MA|PRICE_CROSS_DOWN_MA|1D|DOWN,1D,DOWN,DMA,0.284959349593496,1.0,False
DMA|DMA_SMA_P7_SHIFT5_V1|MA_SLOPE_TURN_UP|MA_SLOPE_TURN_DOWN|1D|DOWN,1D,DOWN,DMA,0.24898989898989898,1.0,False
DMA|DMA_SMA_P7_SHIFT5_V1|PRICE_CROSS_UP_MA|PRICE_CROSS_DOWN_MA|1D|DOWN,1D,DOWN,DMA,0.284959349593496,1.0,False
DMA|DMA_WMA_P10_SHIFT5_V1|MA_SLOPE_TURN_UP|MA_SLOPE_TURN_DOWN|1D|DOWN,1D,DOWN,DMA,0.3328178694158076,1.0,False
DMA|DMA_WMA_P10_SHIFT5_V1|PRICE_CROSS_UP_MA|PRICE_CROSS_DOWN_MA|1D|DOWN,1D,DOWN,DMA,0.2686991869918699,1.0,False
DMA|DMA_WMA_P14_SHIFT5_V1|MA_SLOPE_TURN_UP|MA_SLOPE_TURN_DOWN|1D|DOWN,1D,DOWN,DMA,0.3404761904761905,1.0,False
DMA|DMA_WMA_P14_SHIFT5_V1|PRICE_CROSS_UP_MA|PRICE_CROSS_DOWN_MA|1D|DOWN,1D,DOWN,DMA,0.3023809523809524,1.0,False
DMA|DMA_WMA_P14_SHIFT8_V1|MA_SLOPE_TURN_UP|MA_SLOPE_TURN_DOWN|1D|DOWN,1D,DOWN,DMA,0.3404761904761905,1.0,False
DMA|DMA_WMA_P14_SHIFT8_V1|PRICE_CROSS_UP_MA|PRICE_CROSS_DOWN_MA|1D|DOWN,1D,DOWN,DMA,0.3023809523809524,1.0,False
DMA|DMA_WMA_P20_SHIFT5_V1|MA_SLOPE_TURN_UP|MA_SLOPE_TURN_DOWN|1D|DOWN,1D,DOWN,DMA,0.26515151515151514,1.0,False
DMA|DMA_WMA_P20_SHIFT5_V1|PRICE_CROSS_UP_MA|PRICE_CROSS_DOWN_MA|1D|DOWN,1D,DOWN,DMA,0.32333333333333336,1.0,False
DMA|DMA_WMA_P25_SHIFT5_V1|MA_SLOPE_TURN_UP|MA_SLOPE_TURN_DOWN|1D|DOWN,1D,DOWN,DMA,0.2742424242424243,1.0,False
DMA|DMA_WMA_P25_SHIFT5_V1|PRICE_CROSS_UP_MA|PRICE_CROSS_DOWN_MA|1D|DOWN,1D,DOWN,DMA,0.29270833333333335,1.0,False
DMA|DMA_WMA_P25_SHIFT8_V1|MA_SLOPE_TURN_UP|MA_SLOPE_TURN_DOWN|1D|DOWN,1D,DOWN,DMA,0.2742424242424243,1.0,False
DMA|DMA_WMA_P25_SHIFT8_V1|PRICE_CROSS_UP_MA|PRICE_CROSS_DOWN_MA|1D|DOWN,1D,DOWN,DMA,0.29270833333333335,1.0,False
DMA|DMA_WMA_P3_SHIFT0_V1|MA_SLOPE_TURN_UP|MA_SLOPE_TURN_DOWN|1D|DOWN,1D,DOWN,DMA,0.23362919132149906,1.0,False
DMA|DMA_WMA_P3_SHIFT0_V1|PRICE_CROSS_UP_MA|PRICE_CROSS_DOWN_MA|1D|DOWN,1D,DOWN,DMA,0.0634986225895317,1.0,False
DMA|DMA_WMA_P3_SHIFT2_V1|MA_SLOPE_TURN_UP|MA_SLOPE_TURN_DOWN|1D|DOWN,1D,DOWN,DMA,0.23362919132149906,1.0,False
DMA|DMA_WMA_P3_SHIFT2_V1|PRICE_CROSS_UP_MA|PRICE_CROSS_DOWN_MA|1D|DOWN,1D,DOWN,DMA,0.0634986225895317,1.0,False
DMA|DMA_WMA_P3_SHIFT3_V1|MA_SLOPE_TURN_UP|MA_SLOPE_TURN_DOWN|1D|DOWN,1D,DOWN,DMA,0.23362919132149906,1.0,False
DMA|DMA_WMA_P3_SHIFT3_V1|PRICE_CROSS_UP_MA|PRICE_CROSS_DOWN_MA|1D|DOWN,1D,DOWN,DMA,0.0634986225895317,1.0,False
DMA|DMA_WMA_P3_SHIFT5_V1|MA_SLOPE_TURN_UP|MA_SLOPE_TURN_DOWN|1D|DOWN,1D,DOWN,DMA,0.23362919132149906,1.0,False
DMA|DMA_WMA_P3_SHIFT5_V1|PRICE_CROSS_UP_MA|PRICE_CROSS_DOWN_MA|1D|DOWN,1D,DOWN,DMA,0.0634986225895317,1.0,False
DMA|DMA_WMA_P5_SHIFT3_V1|MA_SLOPE_TURN_UP|MA_SLOPE_TURN_DOWN|1D|DOWN,1D,DOWN,DMA,0.29987468671679196,1.0,False
DMA|DMA_WMA_P5_SHIFT3_V1|PRICE_CROSS_UP_MA|PRICE_CROSS_DOWN_MA|1D|DOWN,1D,DOWN,DMA,0.20000000000000007,1.0,False
DMA|DMA_WMA_P5_SHIFT5_V1|MA_SLOPE_TURN_UP|MA_SLOPE_TURN_DOWN|1D|DOWN,1D,DOWN,DMA,0.29987468671679196,1.0,False
DMA|DMA_WMA_P5_SHIFT5_V1|PRICE_CROSS_UP_MA|PRICE_CROSS_DOWN_MA|1D|DOWN,1D,DOWN,DMA,0.20000000000000007,1.0,False
DMA|DMA_WMA_P7_SHIFT3_V1|MA_SLOPE_TURN_UP|MA_SLOPE_TURN_DOWN|1D|DOWN,1D,DOWN,DMA,0.2833333333333333,1.0,False
DMA|DMA_WMA_P7_SHIFT3_V1|PRICE_CROSS_UP_MA|PRICE_CROSS_DOWN_MA|1D|DOWN,1D,DOWN,DMA,0.24709172259507828,1.0,False
DMA|DMA_WMA_P7_SHIFT5_V1|MA_SLOPE_TURN_UP|MA_SLOPE_TURN_DOWN|1D|DOWN,1D,DOWN,DMA,0.2833333333333333,1.0,False
DMA|DMA_WMA_P7_SHIFT5_V1|PRICE_CROSS_UP_MA|PRICE_CROSS_DOWN_MA|1D|DOWN,1D,DOWN,DMA,0.24709172259507828,1.0,False
DNO_QUANTILE|CAUSAL_DNO_QUANTILE_80_20_CONTROL_V1|CROSSED_OS_BAND_DOWN|1D|DOWN,1D,DOWN,DNO_QUANTILE,0.3023809523809524,1.0,False
DNO_QUANTILE|CAUSAL_DNO_QUANTILE_80_20_CONTROL_V1|FORECAST_OS_CROSS|1D|DOWN,1D,DOWN,DNO_QUANTILE,0.2343537414965986,1.0,False
INVERSE|INVERSE_DMA_25X5|DMA_SMA_P25_SHIFT5_V1|1D|DOWN,1D,DOWN,INVERSE_PREDICTOR,0.24147286821705427,1.0,False
INVERSE|INVERSE_DMA_3X3|DMA_SMA_P3_SHIFT3_V1|1D|DOWN,1D,DOWN,INVERSE_PREDICTOR,0.07108843537414966,1.0,False
INVERSE|INVERSE_DMA_7X5|DMA_SMA_P7_SHIFT5_V1|1D|DOWN,1D,DOWN,INVERSE_PREDICTOR,0.28010752688172047,1.0,False
INVERSE|INVERSE_DNO_N7_OB_OS|DNO_PERIOD_7_REFERENCE|1D|DOWN,1D,DOWN,INVERSE_PREDICTOR,0.3028023598820059,1.0,False
INVERSE|INVERSE_MACD_12_26_9_SIGNAL_CROSS|MACD_12_26_9_SHIFT0_V1|1D|DOWN,1D,DOWN,INVERSE_PREDICTOR,0.43333333333333335,1.0,False
INVERSE|INVERSE_STOCH_14_3_3_POINT_BAR|STOCH_K14_KS3_D3_SHIFT0_V1|1D|DOWN,1D,DOWN,INVERSE_PREDICTOR,0.30358649789029535,1.0,False
MACD|DINAPOLI_MACD_REFERENCE_V1|HIST_CROSS_UP_ZERO|HIST_CROSS_DOWN_ZERO|1D|DOWN,1D,DOWN,MACD,0.24696969696969695,1.0,False
MACD|DINAPOLI_MACD_REFERENCE_V1|MACD_CROSS_UP_SIGNAL|MACD_CROSS_DOWN_SIGNAL|1D|DOWN,1D,DOWN,MACD,0.24696969696969695,1.0,False
MACD|DISPLACED_MACD_12_26_9_SHIFT2_V1|HIST_CROSS_UP_ZERO|HIST_CROSS_DOWN_ZERO|1D|DOWN,1D,DOWN,MACD,0.24147286821705427,1.0,False
MACD|DISPLACED_MACD_12_26_9_SHIFT2_V1|MACD_CROSS_UP_SIGNAL|MACD_CROSS_DOWN_SIGNAL|1D|DOWN,1D,DOWN,MACD,0.24147286821705427,1.0,False
MACD|DISPLACED_MACD_12_26_9_SHIFT3_V1|HIST_CROSS_UP_ZERO|HIST_CROSS_DOWN_ZERO|1D|DOWN,1D,DOWN,MACD,0.24147286821705427,1.0,False
MACD|DISPLACED_MACD_12_26_9_SHIFT3_V1|MACD_CROSS_UP_SIGNAL|MACD_CROSS_DOWN_SIGNAL|1D|DOWN,1D,DOWN,MACD,0.24147286821705427,1.0,False
MACD|DISPLACED_MACD_12_26_9_SHIFT5_V1|HIST_CROSS_UP_ZERO|HIST_CROSS_DOWN_ZERO|1D|DOWN,1D,DOWN,MACD,0.24147286821705427,1.0,False
MACD|DISPLACED_MACD_12_26_9_SHIFT5_V1|MACD_CROSS_UP_SIGNAL|MACD_CROSS_DOWN_SIGNAL|1D|DOWN,1D,DOWN,MACD,0.24147286821705427,1.0,False
MACD|DISPLACED_MACD_5_13_4_SHIFT2_V1|HIST_CROSS_UP_ZERO|HIST_CROSS_DOWN_ZERO|1D|DOWN,1D,DOWN,MACD,0.3216312056737589,1.0,False
MACD|DISPLACED_MACD_5_13_4_SHIFT2_V1|MACD_CROSS_UP_SIGNAL|MACD_CROSS_DOWN_SIGNAL|1D|DOWN,1D,DOWN,MACD,0.3216312056737589,1.0,False
MACD|DISPLACED_MACD_5_13_4_SHIFT3_V1|HIST_CROSS_UP_ZERO|HIST_CROSS_DOWN_ZERO|1D|DOWN,1D,DOWN,MACD,0.3216312056737589,1.0,False
MACD|DISPLACED_MACD_5_13_4_SHIFT3_V1|MACD_CROSS_UP_SIGNAL|MACD_CROSS_DOWN_SIGNAL|1D|DOWN,1D,DOWN,MACD,0.3216312056737589,1.0,False
MACD|DISPLACED_MACD_5_13_4_SHIFT5_V1|HIST_CROSS_UP_ZERO|HIST_CROSS_DOWN_ZERO|1D|DOWN,1D,DOWN,MACD,0.3216312056737589,1.0,False
MACD|DISPLACED_MACD_5_13_4_SHIFT5_V1|MACD_CROSS_UP_SIGNAL|MACD_CROSS_DOWN_SIGNAL|1D|DOWN,1D,DOWN,MACD,0.3216312056737589,1.0,False
MACD|DISPLACED_MACD_8_21_5_SHIFT2_V1|HIST_CROSS_UP_ZERO|HIST_CROSS_DOWN_ZERO|1D|DOWN,1D,DOWN,MACD,0.3065217391304348,1.0,False
MACD|DISPLACED_MACD_8_21_5_SHIFT2_V1|MACD_CROSS_UP_SIGNAL|MACD_CROSS_DOWN_SIGNAL|1D|DOWN,1D,DOWN,MACD,0.3065217391304348,1.0,False
MACD|DISPLACED_MACD_8_21_5_SHIFT3_V1|HIST_CROSS_UP_ZERO|HIST_CROSS_DOWN_ZERO|1D|DOWN,1D,DOWN,MACD,0.3065217391304348,1.0,False
MACD|DISPLACED_MACD_8_21_5_SHIFT3_V1|MACD_CROSS_UP_SIGNAL|MACD_CROSS_DOWN_SIGNAL|1D|DOWN,1D,DOWN,MACD,0.3065217391304348,1.0,False
MACD|DISPLACED_MACD_8_21_5_SHIFT5_V1|HIST_CROSS_UP_ZERO|HIST_CROSS_DOWN_ZERO|1D|DOWN,1D,DOWN,MACD,0.3065217391304348,1.0,False
MACD|DISPLACED_MACD_8_21_5_SHIFT5_V1|MACD_CROSS_UP_SIGNAL|MACD_CROSS_DOWN_SIGNAL|1D|DOWN,1D,DOWN,MACD,0.3065217391304348,1.0,False
MACD|MACD_12_26_9_SHIFT0_V1|HIST_CROSS_UP_ZERO|HIST_CROSS_DOWN_ZERO|1D|DOWN,1D,DOWN,MACD,0.24147286821705427,1.0,False
MACD|MACD_12_26_9_SHIFT0_V1|MACD_CROSS_UP_SIGNAL|MACD_CROSS_DOWN_SIGNAL|1D|DOWN,1D,DOWN,MACD,0.24147286821705427,1.0,False
MACD|MACD_5_13_4_SHIFT0_V1|HIST_CROSS_UP_ZERO|HIST_CROSS_DOWN_ZERO|1D|DOWN,1D,DOWN,MACD,0.3216312056737589,1.0,False
MACD|MACD_5_13_4_SHIFT0_V1|MACD_CROSS_UP_SIGNAL|MACD_CROSS_DOWN_SIGNAL|1D|DOWN,1D,DOWN,MACD,0.3216312056737589,1.0,False
MACD|MACD_8_21_5_SHIFT0_V1|HIST_CROSS_UP_ZERO|HIST_CROSS_DOWN_ZERO|1D|DOWN,1D,DOWN,MACD,0.3065217391304348,1.0,False
MACD|MACD_8_21_5_SHIFT0_V1|MACD_CROSS_UP_SIGNAL|MACD_CROSS_DOWN_SIGNAL|1D|DOWN,1D,DOWN,MACD,0.3065217391304348,1.0,False
OSC_PREDICTOR|OSC_PRED_SWEEP_LOOKBACK_200|CROSSED_OS_BAND_DOWN|1D|DOWN,1D,DOWN,OSC_PREDICTOR,0.2439393939393939,1.0,False
OSC_PREDICTOR|OSC_PRED_SWEEP_LOOKBACK_200|FORECAST_OS_CROSS|1D|DOWN,1D,DOWN,OSC_PREDICTOR,0.21991869918699192,1.0,False
OSC_PREDICTOR|OSC_PRED_SWEEP_LOOKBACK_50|CROSSED_OS_BAND_DOWN|1D|DOWN,1D,DOWN,OSC_PREDICTOR,0.296969696969697,1.0,False
OSC_PREDICTOR|OSC_PRED_SWEEP_LOOKBACK_50|FORECAST_OS_CROSS|1D|DOWN,1D,DOWN,OSC_PREDICTOR,0.2602564102564102,1.0,False
OSC_PREDICTOR|OSC_PRED_SWEEP_OB_OS_LEVEL_PERCENT_0.7|CROSSED_OS_BAND_DOWN|1D|DOWN,1D,DOWN,OSC_PREDICTOR,0.27753623188405796,1.0,False
OSC_PREDICTOR|OSC_PRED_SWEEP_OB_OS_LEVEL_PERCENT_0.7|FORECAST_OS_CROSS|1D|DOWN,1D,DOWN,OSC_PREDICTOR,0.20658914728682176,1.0,False
OSC_PREDICTOR|OSC_PRED_SWEEP_OB_OS_LEVEL_PERCENT_0.9|CROSSED_OS_BAND_DOWN|1D|DOWN,1D,DOWN,OSC_PREDICTOR,0.23888888888888893,1.0,False
OSC_PREDICTOR|OSC_PRED_SWEEP_OB_OS_LEVEL_PERCENT_0.9|FORECAST_OS_CROSS|1D|DOWN,1D,DOWN,OSC_PREDICTOR,0.19000000000000006,1.0,False
OSC_PREDICTOR|OSC_PRED_SWEEP_PEAK_STRENGTH_1|CROSSED_OS_BAND_DOWN|1D|DOWN,1D,DOWN,OSC_PREDICTOR,0.2690476190476191,1.0,False
OSC_PREDICTOR|OSC_PRED_SWEEP_PEAK_STRENGTH_1|FORECAST_OS_CROSS|1D|DOWN,1D,DOWN,OSC_PREDICTOR,0.17771535580524345,1.0,False
OSC_PREDICTOR|OSC_PRED_SWEEP_PEAK_STRENGTH_3|CROSSED_OS_BAND_DOWN|1D|DOWN,1D,DOWN,OSC_PREDICTOR,0.27655367231638417,1.0,False
OSC_PREDICTOR|OSC_PRED_SWEEP_PEAK_STRENGTH_3|FORECAST_OS_CROSS|1D|DOWN,1D,DOWN,OSC_PREDICTOR,0.18333333333333335,1.0,False
OSC_PREDICTOR|OSC_PRED_SWEEP_PERIOD_10|CROSSED_OS_BAND_DOWN|1D|DOWN,1D,DOWN,OSC_PREDICTOR,0.20119047619047625,1.0,False
OSC_PREDICTOR|OSC_PRED_SWEEP_PERIOD_10|FORECAST_OS_CROSS|1D|DOWN,1D,DOWN,OSC_PREDICTOR,0.17608695652173917,1.0,False
OSC_PREDICTOR|OSC_PRED_SWEEP_PERIOD_14|CROSSED_OS_BAND_DOWN|1D|DOWN,1D,DOWN,OSC_PREDICTOR,0.19397163120567373,1.0,False
OSC_PREDICTOR|OSC_PRED_SWEEP_PERIOD_14|FORECAST_OS_CROSS|1D|DOWN,1D,DOWN,OSC_PREDICTOR,0.10706214689265536,1.0,False
OSC_PREDICTOR|OSC_PRED_SWEEP_PERIOD_5|CROSSED_OS_BAND_DOWN|1D|DOWN,1D,DOWN,OSC_PREDICTOR,0.2509009009009009,1.0,False
OSC_PREDICTOR|OSC_PRED_SWEEP_PERIOD_5|FORECAST_OS_CROSS|1D|DOWN,1D,DOWN,OSC_PREDICTOR,0.14867986798679872,1.0,False
OSC_PREDICTOR|OSC_PRED_SWEEP_SAMPLES_3|CROSSED_OS_BAND_DOWN|1D|DOWN,1D,DOWN,OSC_PREDICTOR,0.23888888888888893,1.0,False
OSC_PREDICTOR|OSC_PRED_SWEEP_SAMPLES_3|FORECAST_OS_CROSS|1D|DOWN,1D,DOWN,OSC_PREDICTOR,0.20185185185185184,1.0,False
OSC_PREDICTOR|OSC_PRED_SWEEP_SAMPLES_8|CROSSED_OS_BAND_DOWN|1D|DOWN,1D,DOWN,OSC_PREDICTOR,0.2867816091954023,1.0,False
OSC_PREDICTOR|OSC_PRED_SWEEP_SAMPLES_8|FORECAST_OS_CROSS|1D|DOWN,1D,DOWN,OSC_PREDICTOR,0.17683982683982685,1.0,False
OSC_PREDICTOR|PROJECT_DINAPOLI_STYLE_OSCILLATOR_PREDICTOR_REFERENCE|CROSSED_OS_BAND_DOWN|1D|DOWN,1D,DOWN,OSC_PREDICTOR,0.2439393939393939,1.0,False
OSC_PREDICTOR|PROJECT_DINAPOLI_STYLE_OSCILLATOR_PREDICTOR_REFERENCE|FORECAST_OS_CROSS|1D|DOWN,1D,DOWN,OSC_PREDICTOR,0.21991869918699192,1.0,False
PURE_DNO|DNO_PERIOD_7_REFERENCE|DNO_ZERO_CROSS_DOWN|1D|DOWN,1D,DOWN,PURE_DNO,0.284959349593496,1.0,False
STOCH|DINAPOLI_PREFERRED_STOCHASTIC_REFERENCE_V1|K_CROSS_UP_D|K_CROSS_DOWN_D|1D|DOWN,1D,DOWN,STOCHASTIC,0.34669966996699675,1.0,False
STOCH|DISPLACED_STOCH_K14_KS3_D3_SHIFT2_V1|K_CROSS_UP_D|K_CROSS_DOWN_D|1D|DOWN,1D,DOWN,STOCHASTIC,0.25476190476190474,1.0,False
STOCH|DISPLACED_STOCH_K14_KS3_D3_SHIFT3_V1|K_CROSS_UP_D|K_CROSS_DOWN_D|1D|DOWN,1D,DOWN,STOCHASTIC,0.25476190476190474,1.0,False
STOCH|DISPLACED_STOCH_K14_KS3_D3_SHIFT5_V1|K_CROSS_UP_D|K_CROSS_DOWN_D|1D|DOWN,1D,DOWN,STOCHASTIC,0.25476190476190474,1.0,False
STOCH|DISPLACED_STOCH_K21_KS5_D5_SHIFT2_V1|K_CROSS_UP_D|K_CROSS_DOWN_D|1D|DOWN,1D,DOWN,STOCHASTIC,0.18870967741935485,1.0,False
STOCH|DISPLACED_STOCH_K21_KS5_D5_SHIFT3_V1|K_CROSS_UP_D|K_CROSS_DOWN_D|1D|DOWN,1D,DOWN,STOCHASTIC,0.18870967741935485,1.0,False
STOCH|DISPLACED_STOCH_K21_KS5_D5_SHIFT5_V1|K_CROSS_UP_D|K_CROSS_DOWN_D|1D|DOWN,1D,DOWN,STOCHASTIC,0.18870967741935485,1.0,False
STOCH|DISPLACED_STOCH_K5_KS3_D3_SHIFT2_V1|K_CROSS_UP_D|K_CROSS_DOWN_D|1D|DOWN,1D,DOWN,STOCHASTIC,0.27,1.0,False
STOCH|DISPLACED_STOCH_K5_KS3_D3_SHIFT3_V1|K_CROSS_UP_D|K_CROSS_DOWN_D|1D|DOWN,1D,DOWN,STOCHASTIC,0.27,1.0,False
STOCH|DISPLACED_STOCH_K5_KS3_D3_SHIFT5_V1|K_CROSS_UP_D|K_CROSS_DOWN_D|1D|DOWN,1D,DOWN,STOCHASTIC,0.27,1.0,False
STOCH|DISPLACED_STOCH_K9_KS3_D3_SHIFT2_V1|K_CROSS_UP_D|K_CROSS_DOWN_D|1D|DOWN,1D,DOWN,STOCHASTIC,0.2373873873873874,1.0,False
STOCH|DISPLACED_STOCH_K9_KS3_D3_SHIFT3_V1|K_CROSS_UP_D|K_CROSS_DOWN_D|1D|DOWN,1D,DOWN,STOCHASTIC,0.2373873873873874,1.0,False
STOCH|DISPLACED_STOCH_K9_KS3_D3_SHIFT5_V1|K_CROSS_UP_D|K_CROSS_DOWN_D|1D|DOWN,1D,DOWN,STOCHASTIC,0.2373873873873874,1.0,False
STOCH|STOCH_K14_KS3_D3_SHIFT0_V1|K_CROSS_UP_D|K_CROSS_DOWN_D|1D|DOWN,1D,DOWN,STOCHASTIC,0.25476190476190474,1.0,False
STOCH|STOCH_K21_KS5_D5_SHIFT0_V1|K_CROSS_UP_D|K_CROSS_DOWN_D|1D|DOWN,1D,DOWN,STOCHASTIC,0.18870967741935485,1.0,False
STOCH|STOCH_K5_KS3_D3_SHIFT0_V1|K_CROSS_UP_D|K_CROSS_DOWN_D|1D|DOWN,1D,DOWN,STOCHASTIC,0.27,1.0,False
STOCH|STOCH_K9_KS3_D3_SHIFT0_V1|K_CROSS_UP_D|K_CROSS_DOWN_D|1D|DOWN,1D,DOWN,STOCHASTIC,0.2373873873873874,1.0,False
DMA|DMA_EMA_P10_SHIFT5_V1|MA_SLOPE_TURN_UP|MA_SLOPE_TURN_DOWN|1D|UP,1D,UP,DMA,0.2341455645803472,1.0,False
DMA|DMA_EMA_P10_SHIFT5_V1|PRICE_CROSS_UP_MA|PRICE_CROSS_DOWN_MA|1D|UP,1D,UP,DMA,0.2341455645803472,1.0,False
DMA|DMA_EMA_P14_SHIFT5_V1|MA_SLOPE_TURN_UP|MA_SLOPE_TURN_DOWN|1D|UP,1D,UP,DMA,0.24014203724348648,1.0,False
DMA|DMA_EMA_P14_SHIFT5_V1|PRICE_CROSS_UP_MA|PRICE_CROSS_DOWN_MA|1D|UP,1D,UP,DMA,0.24014203724348648,1.0,False
DMA|DMA_EMA_P14_SHIFT8_V1|MA_SLOPE_TURN_UP|MA_SLOPE_TURN_DOWN|1D|UP,1D,UP,DMA,0.24014203724348648,1.0,False
DMA|DMA_EMA_P14_SHIFT8_V1|PRICE_CROSS_UP_MA|PRICE_CROSS_DOWN_MA|1D|UP,1D,UP,DMA,0.24014203724348648,1.0,False
DMA|DMA_EMA_P20_SHIFT5_V1|MA_SLOPE_TURN_UP|MA_SLOPE_TURN_DOWN|1D|UP,1D,UP,DMA,0.2754154058501884,1.0,False
DMA|DMA_EMA_P20_SHIFT5_V1|PRICE_CROSS_UP_MA|PRICE_CROSS_DOWN_MA|1D|UP,1D,UP,DMA,0.2754154058501884,1.0,False
DMA|DMA_EMA_P25_SHIFT5_V1|MA_SLOPE_TURN_UP|MA_SLOPE_TURN_DOWN|1D|UP,1D,UP,DMA,0.27601438758124563,1.0,False
DMA|DMA_EMA_P25_SHIFT5_V1|PRICE_CROSS_UP_MA|PRICE_CROSS_DOWN_MA|1D|UP,1D,UP,DMA,0.27601438758124563,1.0,False
DMA|DMA_EMA_P25_SHIFT8_V1|MA_SLOPE_TURN_UP|MA_SLOPE_TURN_DOWN|1D|UP,1D,UP,DMA,0.27601438758124563,1.0,False
DMA|DMA_EMA_P25_SHIFT8_V1|PRICE_CROSS_UP_MA|PRICE_CROSS_DOWN_MA|1D|UP,1D,UP,DMA,0.27601438758124563,1.0,False
DMA|DMA_EMA_P3_SHIFT0_V1|MA_SLOPE_TURN_UP|MA_SLOPE_TURN_DOWN|1D|UP,1D,UP,DMA,0.17224080267558528,1.0,False
DMA|DMA_EMA_P3_SHIFT0_V1|PRICE_CROSS_UP_MA|PRICE_CROSS_DOWN_MA|1D|UP,1D,UP,DMA,0.17224080267558528,1.0,False
DMA|DMA_EMA_P3_SHIFT2_V1|MA_SLOPE_TURN_UP|MA_SLOPE_TURN_DOWN|1D|UP,1D,UP,DMA,0.17224080267558528,1.0,False
DMA|DMA_EMA_P3_SHIFT2_V1|PRICE_CROSS_UP_MA|PRICE_CROSS_DOWN_MA|1D|UP,1D,UP,DMA,0.17224080267558528,1.0,False
DMA|DMA_EMA_P3_SHIFT3_V1|MA_SLOPE_TURN_UP|MA_SLOPE_TURN_DOWN|1D|UP,1D,UP,DMA,0.17224080267558528,1.0,False
DMA|DMA_EMA_P3_SHIFT3_V1|PRICE_CROSS_UP_MA|PRICE_CROSS_DOWN_MA|1D|UP,1D,UP,DMA,0.17224080267558528,1.0,False
DMA|DMA_EMA_P3_SHIFT5_V1|MA_SLOPE_TURN_UP|MA_SLOPE_TURN_DOWN|1D|UP,1D,UP,DMA,0.17224080267558528,1.0,False
DMA|DMA_EMA_P3_SHIFT5_V1|PRICE_CROSS_UP_MA|PRICE_CROSS_DOWN_MA|1D|UP,1D,UP,DMA,0.17224080267558528,1.0,False
DMA|DMA_EMA_P5_SHIFT3_V1|MA_SLOPE_TURN_UP|MA_SLOPE_TURN_DOWN|1D|UP,1D,UP,DMA,0.24916387959866215,1.0,False
DMA|DMA_EMA_P5_SHIFT3_V1|PRICE_CROSS_UP_MA|PRICE_CROSS_DOWN_MA|1D|UP,1D,UP,DMA,0.24916387959866215,1.0,False
DMA|DMA_EMA_P5_SHIFT5_V1|MA_SLOPE_TURN_UP|MA_SLOPE_TURN_DOWN|1D|UP,1D,UP,DMA,0.24916387959866215,1.0,False
DMA|DMA_EMA_P5_SHIFT5_V1|PRICE_CROSS_UP_MA|PRICE_CROSS_DOWN_MA|1D|UP,1D,UP,DMA,0.24916387959866215,1.0,False
DMA|DMA_EMA_P7_SHIFT3_V1|MA_SLOPE_TURN_UP|MA_SLOPE_TURN_DOWN|1D|UP,1D,UP,DMA,0.25760665633412183,1.0,False
DMA|DMA_EMA_P7_SHIFT3_V1|PRICE_CROSS_UP_MA|PRICE_CROSS_DOWN_MA|1D|UP,1D,UP,DMA,0.25760665633412183,1.0,False
DMA|DMA_EMA_P7_SHIFT5_V1|MA_SLOPE_TURN_UP|MA_SLOPE_TURN_DOWN|1D|UP,1D,UP,DMA,0.25760665633412183,1.0,False
DMA|DMA_EMA_P7_SHIFT5_V1|PRICE_CROSS_UP_MA|PRICE_CROSS_DOWN_MA|1D|UP,1D,UP,DMA,0.25760665633412183,1.0,False
DMA|DMA_SMA_P10_SHIFT5_V1|MA_SLOPE_TURN_UP|MA_SLOPE_TURN_DOWN|1D|UP,1D,UP,DMA,0.24577021444029112,1.0,False
DMA|DMA_SMA_P10_SHIFT5_V1|PRICE_CROSS_UP_MA|PRICE_CROSS_DOWN_MA|1D|UP,1D,UP,DMA,0.24799837843316108,1.0,False
DMA|DMA_SMA_P14_SHIFT5_V1|MA_SLOPE_TURN_UP|MA_SLOPE_TURN_DOWN|1D|UP,1D,UP,DMA,0.1148637534952574,1.0,False
DMA|DMA_SMA_P14_SHIFT5_V1|PRICE_CROSS_UP_MA|PRICE_CROSS_DOWN_MA|1D|UP,1D,UP,DMA,0.34366937410415666,1.0,False
DMA|DMA_SMA_P14_SHIFT8_V1|MA_SLOPE_TURN_UP|MA_SLOPE_TURN_DOWN|1D|UP,1D,UP,DMA,0.1148637534952574,1.0,False
DMA|DMA_SMA_P14_SHIFT8_V1|PRICE_CROSS_UP_MA|PRICE_CROSS_DOWN_MA|1D|UP,1D,UP,DMA,0.34366937410415666,1.0,False
DMA|DMA_SMA_P20_SHIFT5_V1|MA_SLOPE_TURN_UP|MA_SLOPE_TURN_DOWN|1D|UP,1D,UP,DMA,0.25714646305294375,1.0,False
DMA|DMA_SMA_P20_SHIFT5_V1|PRICE_CROSS_UP_MA|PRICE_CROSS_DOWN_MA|1D|UP,1D,UP,DMA,0.3389074693422519,1.0,False
DMA|DMA_SMA_P25_SHIFT5_V1|MA_SLOPE_TURN_UP|MA_SLOPE_TURN_DOWN|1D|UP,1D,UP,DMA,0.25760665633412183,1.0,False
DMA|DMA_SMA_P25_SHIFT5_V1|PRICE_CROSS_UP_MA|PRICE_CROSS_DOWN_MA|1D|UP,1D,UP,DMA,0.3865265169612996,1.0,False
DMA|DMA_SMA_P25_SHIFT8_V1|MA_SLOPE_TURN_UP|MA_SLOPE_TURN_DOWN|1D|UP,1D,UP,DMA,0.25760665633412183,1.0,False
DMA|DMA_SMA_P25_SHIFT8_V1|PRICE_CROSS_UP_MA|PRICE_CROSS_DOWN_MA|1D|UP,1D,UP,DMA,0.3865265169612996,1.0,False
DMA|DMA_SMA_P3_SHIFT0_V1|MA_SLOPE_TURN_UP|MA_SLOPE_TURN_DOWN|1D|UP,1D,UP,DMA,0.26047609679323236,1.0,False
DMA|DMA_SMA_P3_SHIFT0_V1|PRICE_CROSS_UP_MA|PRICE_CROSS_DOWN_MA|1D|UP,1D,UP,DMA,0.13858695652173914,1.0,False
DMA|DMA_SMA_P3_SHIFT2_V1|MA_SLOPE_TURN_UP|MA_SLOPE_TURN_DOWN|1D|UP,1D,UP,DMA,0.26047609679323236,1.0,False
DMA|DMA_SMA_P3_SHIFT2_V1|PRICE_CROSS_UP_MA|PRICE_CROSS_DOWN_MA|1D|UP,1D,UP,DMA,0.13858695652173914,1.0,False
DMA|DMA_SMA_P3_SHIFT3_V1|MA_SLOPE_TURN_UP|MA_SLOPE_TURN_DOWN|1D|UP,1D,UP,DMA,0.26047609679323236,1.0,False
DMA|DMA_SMA_P3_SHIFT3_V1|PRICE_CROSS_UP_MA|PRICE_CROSS_DOWN_MA|1D|UP,1D,UP,DMA,0.13858695652173914,1.0,False
DMA|DMA_SMA_P3_SHIFT5_V1|MA_SLOPE_TURN_UP|MA_SLOPE_TURN_DOWN|1D|UP,1D,UP,DMA,0.26047609679323236,1.0,False
DMA|DMA_SMA_P3_SHIFT5_V1|PRICE_CROSS_UP_MA|PRICE_CROSS_DOWN_MA|1D|UP,1D,UP,DMA,0.13858695652173914,1.0,False
DMA|DMA_SMA_P5_SHIFT3_V1|MA_SLOPE_TURN_UP|MA_SLOPE_TURN_DOWN|1D|UP,1D,UP,DMA,0.22949271107253189,1.0,False
DMA|DMA_SMA_P5_SHIFT3_V1|PRICE_CROSS_UP_MA|PRICE_CROSS_DOWN_MA|1D|UP,1D,UP,DMA,0.26434606583347997,1.0,False
DMA|DMA_SMA_P5_SHIFT5_V1|MA_SLOPE_TURN_UP|MA_SLOPE_TURN_DOWN|1D|UP,1D,UP,DMA,0.22949271107253189,1.0,False
DMA|DMA_SMA_P5_SHIFT5_V1|PRICE_CROSS_UP_MA|PRICE_CROSS_DOWN_MA|1D|UP,1D,UP,DMA,0.26434606583347997,1.0,False
DMA|DMA_SMA_P7_SHIFT3_V1|MA_SLOPE_TURN_UP|MA_SLOPE_TURN_DOWN|1D|UP,1D,UP,DMA,0.22326121083885053,1.0,False
DMA|DMA_SMA_P7_SHIFT3_V1|PRICE_CROSS_UP_MA|PRICE_CROSS_DOWN_MA|1D|UP,1D,UP,DMA,0.2706014584132902,1.0,False
DMA|DMA_SMA_P7_SHIFT5_V1|MA_SLOPE_TURN_UP|MA_SLOPE_TURN_DOWN|1D|UP,1D,UP,DMA,0.22326121083885053,1.0,False
DMA|DMA_SMA_P7_SHIFT5_V1|PRICE_CROSS_UP_MA|PRICE_CROSS_DOWN_MA|1D|UP,1D,UP,DMA,0.2706014584132902,1.0,False
DMA|DMA_WMA_P10_SHIFT5_V1|MA_SLOPE_TURN_UP|MA_SLOPE_TURN_DOWN|1D|UP,1D,UP,DMA,0.2451574693422519,1.0,False
DMA|DMA_WMA_P10_SHIFT5_V1|PRICE_CROSS_UP_MA|PRICE_CROSS_DOWN_MA|1D|UP,1D,UP,DMA,0.2706014584132902,1.0,False
DMA|DMA_WMA_P14_SHIFT5_V1|MA_SLOPE_TURN_UP|MA_SLOPE_TURN_DOWN|1D|UP,1D,UP,DMA,0.2954292084726867,1.0,False
DMA|DMA_WMA_P14_SHIFT5_V1|PRICE_CROSS_UP_MA|PRICE_CROSS_DOWN_MA|1D|UP,1D,UP,DMA,0.23954849498327757,1.0,False
DMA|DMA_WMA_P14_SHIFT8_V1|MA_SLOPE_TURN_UP|MA_SLOPE_TURN_DOWN|1D|UP,1D,UP,DMA,0.2954292084726867,1.0,False
DMA|DMA_WMA_P14_SHIFT8_V1|PRICE_CROSS_UP_MA|PRICE_CROSS_DOWN_MA|1D|UP,1D,UP,DMA,0.23954849498327757,1.0,False
DMA|DMA_WMA_P20_SHIFT5_V1|MA_SLOPE_TURN_UP|MA_SLOPE_TURN_DOWN|1D|UP,1D,UP,DMA,0.3389074693422519,1.0,False
DMA|DMA_WMA_P20_SHIFT5_V1|PRICE_CROSS_UP_MA|PRICE_CROSS_DOWN_MA|1D|UP,1D,UP,DMA,0.30737593781072037,1.0,False
DMA|DMA_WMA_P25_SHIFT5_V1|MA_SLOPE_TURN_UP|MA_SLOPE_TURN_DOWN|1D|UP,1D,UP,DMA,0.36991522128023646,1.0,False
DMA|DMA_WMA_P25_SHIFT5_V1|PRICE_CROSS_UP_MA|PRICE_CROSS_DOWN_MA|1D|UP,1D,UP,DMA,0.2754154058501884,1.0,False
DMA|DMA_WMA_P25_SHIFT8_V1|MA_SLOPE_TURN_UP|MA_SLOPE_TURN_DOWN|1D|UP,1D,UP,DMA,0.36991522128023646,1.0,False
DMA|DMA_WMA_P25_SHIFT8_V1|PRICE_CROSS_UP_MA|PRICE_CROSS_DOWN_MA|1D|UP,1D,UP,DMA,0.2754154058501884,1.0,False
DMA|DMA_WMA_P3_SHIFT0_V1|MA_SLOPE_TURN_UP|MA_SLOPE_TURN_DOWN|1D|UP,1D,UP,DMA,0.24366937410415668,1.0,False
DMA|DMA_WMA_P3_SHIFT0_V1|PRICE_CROSS_UP_MA|PRICE_CROSS_DOWN_MA|1D|UP,1D,UP,DMA,0.07887980682496287,1.0,False
DMA|DMA_WMA_P3_SHIFT2_V1|MA_SLOPE_TURN_UP|MA_SLOPE_TURN_DOWN|1D|UP,1D,UP,DMA,0.24366937410415668,1.0,False
DMA|DMA_WMA_P3_SHIFT2_V1|PRICE_CROSS_UP_MA|PRICE_CROSS_DOWN_MA|1D|UP,1D,UP,DMA,0.07887980682496287,1.0,False
DMA|DMA_WMA_P3_SHIFT3_V1|MA_SLOPE_TURN_UP|MA_SLOPE_TURN_DOWN|1D|UP,1D,UP,DMA,0.24366937410415668,1.0,False
DMA|DMA_WMA_P3_SHIFT3_V1|PRICE_CROSS_UP_MA|PRICE_CROSS_DOWN_MA|1D|UP,1D,UP,DMA,0.07887980682496287,1.0,False
DMA|DMA_WMA_P3_SHIFT5_V1|MA_SLOPE_TURN_UP|MA_SLOPE_TURN_DOWN|1D|UP,1D,UP,DMA,0.24366937410415668,1.0,False
DMA|DMA_WMA_P3_SHIFT5_V1|PRICE_CROSS_UP_MA|PRICE_CROSS_DOWN_MA|1D|UP,1D,UP,DMA,0.07887980682496287,1.0,False
DMA|DMA_WMA_P5_SHIFT3_V1|MA_SLOPE_TURN_UP|MA_SLOPE_TURN_DOWN|1D|UP,1D,UP,DMA,0.30102868146346407,1.0,False
DMA|DMA_WMA_P5_SHIFT3_V1|PRICE_CROSS_UP_MA|PRICE_CROSS_DOWN_MA|1D|UP,1D,UP,DMA,0.19738046748005456,1.0,False
DMA|DMA_WMA_P5_SHIFT5_V1|MA_SLOPE_TURN_UP|MA_SLOPE_TURN_DOWN|1D|UP,1D,UP,DMA,0.30102868146346407,1.0,False
DMA|DMA_WMA_P5_SHIFT5_V1|PRICE_CROSS_UP_MA|PRICE_CROSS_DOWN_MA|1D|UP,1D,UP,DMA,0.19738046748005456,1.0,False
DMA|DMA_WMA_P7_SHIFT3_V1|MA_SLOPE_TURN_UP|MA_SLOPE_TURN_DOWN|1D|UP,1D,UP,DMA,0.3038197500440063,1.0,False
DMA|DMA_WMA_P7_SHIFT3_V1|PRICE_CROSS_UP_MA|PRICE_CROSS_DOWN_MA|1D|UP,1D,UP,DMA,0.2668353972701799,1.0,False
DMA|DMA_WMA_P7_SHIFT5_V1|MA_SLOPE_TURN_UP|MA_SLOPE_TURN_DOWN|1D|UP,1D,UP,DMA,0.3038197500440063,1.0,False
DMA|DMA_WMA_P7_SHIFT5_V1|PRICE_CROSS_UP_MA|PRICE_CROSS_DOWN_MA|1D|UP,1D,UP,DMA,0.2668353972701799,1.0,False
DNO_QUANTILE|CAUSAL_DNO_QUANTILE_80_20_CONTROL_V1|CROSSED_OB_BAND_UP|1D|UP,1D,UP,DNO_QUANTILE,0.21545067921879513,1.0,False
DNO_QUANTILE|CAUSAL_DNO_QUANTILE_80_20_CONTROL_V1|FORECAST_OB_CROSS|1D|UP,1D,UP,DNO_QUANTILE,0.0910442214790041,1.0,False
INVERSE|INVERSE_DMA_25X5|DMA_SMA_P25_SHIFT5_V1|1D|UP,1D,UP,INVERSE_PREDICTOR,0.36112969156447416,1.0,False
INVERSE|INVERSE_DMA_3X3|DMA_SMA_P3_SHIFT3_V1|1D|UP,1D,UP,INVERSE_PREDICTOR,0.07927597855498225,1.0,False
INVERSE|INVERSE_DMA_7X5|DMA_SMA_P7_SHIFT5_V1|1D|UP,1D,UP,INVERSE_PREDICTOR,0.24916387959866215,1.0,False
INVERSE|INVERSE_DNO_N7_OB_OS|DNO_PERIOD_7_REFERENCE|1D|UP,1D,UP,INVERSE_PREDICTOR,0.2929304578479991,1.0,False
INVERSE|INVERSE_MACD_12_26_9_SIGNAL_CROSS|MACD_12_26_9_SHIFT0_V1|1D|UP,1D,UP,INVERSE_PREDICTOR,0.32608695652173914,1.0,False
INVERSE|INVERSE_STOCH_14_3_3_POINT_BAR|STOCH_K14_KS3_D3_SHIFT0_V1|1D|UP,1D,UP,INVERSE_PREDICTOR,0.30860443903922163,1.0,False
MACD|DINAPOLI_MACD_REFERENCE_V1|HIST_CROSS_UP_ZERO|HIST_CROSS_DOWN_ZERO|1D|UP,1D,UP,MACD,0.344968075402858,1.0,False
MACD|DINAPOLI_MACD_REFERENCE_V1|MACD_CROSS_UP_SIGNAL|MACD_CROSS_DOWN_SIGNAL|1D|UP,1D,UP,MACD,0.344968075402858,1.0,False
MACD|DISPLACED_MACD_12_26_9_SHIFT2_V1|HIST_CROSS_UP_ZERO|HIST_CROSS_DOWN_ZERO|1D|UP,1D,UP,MACD,0.30014777941977133,1.0,False
MACD|DISPLACED_MACD_12_26_9_SHIFT2_V1|MACD_CROSS_UP_SIGNAL|MACD_CROSS_DOWN_SIGNAL|1D|UP,1D,UP,MACD,0.30014777941977133,1.0,False
MACD|DISPLACED_MACD_12_26_9_SHIFT3_V1|HIST_CROSS_UP_ZERO|HIST_CROSS_DOWN_ZERO|1D|UP,1D,UP,MACD,0.30014777941977133,1.0,False
MACD|DISPLACED_MACD_12_26_9_SHIFT3_V1|MACD_CROSS_UP_SIGNAL|MACD_CROSS_DOWN_SIGNAL|1D|UP,1D,UP,MACD,0.30014777941977133,1.0,False
MACD|DISPLACED_MACD_12_26_9_SHIFT5_V1|HIST_CROSS_UP_ZERO|HIST_CROSS_DOWN_ZERO|1D|UP,1D,UP,MACD,0.30014777941977133,1.0,False
MACD|DISPLACED_MACD_12_26_9_SHIFT5_V1|MACD_CROSS_UP_SIGNAL|MACD_CROSS_DOWN_SIGNAL|1D|UP,1D,UP,MACD,0.30014777941977133,1.0,False
MACD|DISPLACED_MACD_5_13_4_SHIFT2_V1|HIST_CROSS_UP_ZERO|HIST_CROSS_DOWN_ZERO|1D|UP,1D,UP,MACD,0.38500676012239377,1.0,False
MACD|DISPLACED_MACD_5_13_4_SHIFT2_V1|MACD_CROSS_UP_SIGNAL|MACD_CROSS_DOWN_SIGNAL|1D|UP,1D,UP,MACD,0.38500676012239377,1.0,False
MACD|DISPLACED_MACD_5_13_4_SHIFT3_V1|HIST_CROSS_UP_ZERO|HIST_CROSS_DOWN_ZERO|1D|UP,1D,UP,MACD,0.38500676012239377,1.0,False
MACD|DISPLACED_MACD_5_13_4_SHIFT3_V1|MACD_CROSS_UP_SIGNAL|MACD_CROSS_DOWN_SIGNAL|1D|UP,1D,UP,MACD,0.38500676012239377,1.0,False
MACD|DISPLACED_MACD_5_13_4_SHIFT5_V1|HIST_CROSS_UP_ZERO|HIST_CROSS_DOWN_ZERO|1D|UP,1D,UP,MACD,0.38500676012239377,1.0,False
MACD|DISPLACED_MACD_5_13_4_SHIFT5_V1|MACD_CROSS_UP_SIGNAL|MACD_CROSS_DOWN_SIGNAL|1D|UP,1D,UP,MACD,0.38500676012239377,1.0,False
MACD|DISPLACED_MACD_8_21_5_SHIFT2_V1|HIST_CROSS_UP_ZERO|HIST_CROSS_DOWN_ZERO|1D|UP,1D,UP,MACD,0.3389074693422519,1.0,False
MACD|DISPLACED_MACD_8_21_5_SHIFT2_V1|MACD_CROSS_UP_SIGNAL|MACD_CROSS_DOWN_SIGNAL|1D|UP,1D,UP,MACD,0.3389074693422519,1.0,False
MACD|DISPLACED_MACD_8_21_5_SHIFT3_V1|HIST_CROSS_UP_ZERO|HIST_CROSS_DOWN_ZERO|1D|UP,1D,UP,MACD,0.3389074693422519,1.0,False
MACD|DISPLACED_MACD_8_21_5_SHIFT3_V1|MACD_CROSS_UP_SIGNAL|MACD_CROSS_DOWN_SIGNAL|1D|UP,1D,UP,MACD,0.3389074693422519,1.0,False
MACD|DISPLACED_MACD_8_21_5_SHIFT5_V1|HIST_CROSS_UP_ZERO|HIST_CROSS_DOWN_ZERO|1D|UP,1D,UP,MACD,0.3389074693422519,1.0,False
MACD|DISPLACED_MACD_8_21_5_SHIFT5_V1|MACD_CROSS_UP_SIGNAL|MACD_CROSS_DOWN_SIGNAL|1D|UP,1D,UP,MACD,0.3389074693422519,1.0,False
MACD|MACD_12_26_9_SHIFT0_V1|HIST_CROSS_UP_ZERO|HIST_CROSS_DOWN_ZERO|1D|UP,1D,UP,MACD,0.30014777941977133,1.0,False
MACD|MACD_12_26_9_SHIFT0_V1|MACD_CROSS_UP_SIGNAL|MACD_CROSS_DOWN_SIGNAL|1D|UP,1D,UP,MACD,0.30014777941977133,1.0,False
MACD|MACD_5_13_4_SHIFT0_V1|HIST_CROSS_UP_ZERO|HIST_CROSS_DOWN_ZERO|1D|UP,1D,UP,MACD,0.38500676012239377,1.0,False
MACD|MACD_5_13_4_SHIFT0_V1|MACD_CROSS_UP_SIGNAL|MACD_CROSS_DOWN_SIGNAL|1D|UP,1D,UP,MACD,0.38500676012239377,1.0,False
MACD|MACD_8_21_5_SHIFT0_V1|HIST_CROSS_UP_ZERO|HIST_CROSS_DOWN_ZERO|1D|UP,1D,UP,MACD,0.3389074693422519,1.0,False
MACD|MACD_8_21_5_SHIFT0_V1|MACD_CROSS_UP_SIGNAL|MACD_CROSS_DOWN_SIGNAL|1D|UP,1D,UP,MACD,0.3389074693422519,1.0,False
OSC_PREDICTOR|OSC_PRED_SWEEP_LOOKBACK_200|CROSSED_OB_BAND_UP|1D|UP,1D,UP,OSC_PREDICTOR,0.2176953481301307,1.0,False
OSC_PREDICTOR|OSC_PRED_SWEEP_LOOKBACK_200|FORECAST_OB_CROSS|1D|UP,1D,UP,OSC_PREDICTOR,0.07388014693788036,1.0,False
OSC_PREDICTOR|OSC_PRED_SWEEP_LOOKBACK_50|CROSSED_OB_BAND_UP|1D|UP,1D,UP,OSC_PREDICTOR,0.26047609679323236,1.0,False
OSC_PREDICTOR|OSC_PRED_SWEEP_LOOKBACK_50|FORECAST_OB_CROSS|1D|UP,1D,UP,OSC_PREDICTOR,0.08687494901704867,1.0,False
OSC_PREDICTOR|OSC_PRED_SWEEP_OB_OS_LEVEL_PERCENT_0.7|CROSSED_OB_BAND_UP|1D|UP,1D,UP,OSC_PREDICTOR,0.23403855548457408,1.0,False
OSC_PREDICTOR|OSC_PRED_SWEEP_OB_OS_LEVEL_PERCENT_0.7|FORECAST_OB_CROSS|1D|UP,1D,UP,OSC_PREDICTOR,0.10634932980736822,1.0,False
OSC_PREDICTOR|OSC_PRED_SWEEP_OB_OS_LEVEL_PERCENT_0.9|CROSSED_OB_BAND_UP|1D|UP,1D,UP,OSC_PREDICTOR,0.1995135299483125,1.0,False
OSC_PREDICTOR|OSC_PRED_SWEEP_OB_OS_LEVEL_PERCENT_0.9|FORECAST_OB_CROSS|1D|UP,1D,UP,OSC_PREDICTOR,0.06354515050167225,1.0,False
OSC_PREDICTOR|OSC_PRED_SWEEP_PEAK_STRENGTH_1|CROSSED_OB_BAND_UP|1D|UP,1D,UP,OSC_PREDICTOR,0.23850586291654918,1.0,False
OSC_PREDICTOR|OSC_PRED_SWEEP_PEAK_STRENGTH_1|FORECAST_OB_CROSS|1D|UP,1D,UP,OSC_PREDICTOR,0.12986792131965308,1.0,False
OSC_PREDICTOR|OSC_PRED_SWEEP_PEAK_STRENGTH_3|CROSSED_OB_BAND_UP|1D|UP,1D,UP,OSC_PREDICTOR,0.17993311036789295,1.0,False
OSC_PREDICTOR|OSC_PRED_SWEEP_PEAK_STRENGTH_3|FORECAST_OB_CROSS|1D|UP,1D,UP,OSC_PREDICTOR,0.06314989358467621,1.0,False
OSC_PREDICTOR|OSC_PRED_SWEEP_PERIOD_10|CROSSED_OB_BAND_UP|1D|UP,1D,UP,OSC_PREDICTOR,0.2787981797247656,1.0,False
OSC_PREDICTOR|OSC_PRED_SWEEP_PERIOD_10|FORECAST_OB_CROSS|1D|UP,1D,UP,OSC_PREDICTOR,0.14898498872209692,1.0,False
OSC_PREDICTOR|OSC_PRED_SWEEP_PERIOD_14|CROSSED_OB_BAND_UP|1D|UP,1D,UP,OSC_PREDICTOR,0.18836983493364978,1.0,False
OSC_PREDICTOR|OSC_PRED_SWEEP_PERIOD_14|FORECAST_OB_CROSS|1D|UP,1D,UP,OSC_PREDICTOR,0.1379942273331195,1.0,False
OSC_PREDICTOR|OSC_PRED_SWEEP_PERIOD_5|CROSSED_OB_BAND_UP|1D|UP,1D,UP,OSC_PREDICTOR,0.24577021444029112,1.0,False
OSC_PREDICTOR|OSC_PRED_SWEEP_PERIOD_5|FORECAST_OB_CROSS|1D|UP,1D,UP,OSC_PREDICTOR,0.06679862580483698,1.0,False
OSC_PREDICTOR|OSC_PRED_SWEEP_SAMPLES_3|CROSSED_OB_BAND_UP|1D|UP,1D,UP,OSC_PREDICTOR,0.21070234113712372,1.0,False
OSC_PREDICTOR|OSC_PRED_SWEEP_SAMPLES_3|FORECAST_OB_CROSS|1D|UP,1D,UP,OSC_PREDICTOR,0.0983277591973244,1.0,False
OSC_PREDICTOR|OSC_PRED_SWEEP_SAMPLES_8|CROSSED_OB_BAND_UP|1D|UP,1D,UP,OSC_PREDICTOR,0.22938365981844244,1.0,False
OSC_PREDICTOR|OSC_PRED_SWEEP_SAMPLES_8|FORECAST_OB_CROSS|1D|UP,1D,UP,OSC_PREDICTOR,0.060670554741700966,1.0,False
OSC_PREDICTOR|PROJECT_DINAPOLI_STYLE_OSCILLATOR_PREDICTOR_REFERENCE|CROSSED_OB_BAND_UP|1D|UP,1D,UP,OSC_PREDICTOR,0.2176953481301307,1.0,False
OSC_PREDICTOR|PROJECT_DINAPOLI_STYLE_OSCILLATOR_PREDICTOR_REFERENCE|FORECAST_OB_CROSS|1D|UP,1D,UP,OSC_PREDICTOR,0.07388014693788036,1.0,False
PURE_DNO|DNO_PERIOD_7_REFERENCE|DNO_ZERO_CROSS_UP|1D|UP,1D,UP,PURE_DNO,0.2706014584132902,1.0,False
STOCH|DINAPOLI_PREFERRED_STOCHASTIC_REFERENCE_V1|K_CROSS_UP_D|K_CROSS_DOWN_D|1D|UP,1D,UP,STOCHASTIC,0.3622408026755852,1.0,False
STOCH|DISPLACED_STOCH_K14_KS3_D3_SHIFT2_V1|K_CROSS_UP_D|K_CROSS_DOWN_D|1D|UP,1D,UP,STOCHASTIC,0.2693631048338586,1.0,False
STOCH|DISPLACED_STOCH_K14_KS3_D3_SHIFT3_V1|K_CROSS_UP_D|K_CROSS_DOWN_D|1D|UP,1D,UP,STOCHASTIC,0.2693631048338586,1.0,False
STOCH|DISPLACED_STOCH_K14_KS3_D3_SHIFT5_V1|K_CROSS_UP_D|K_CROSS_DOWN_D|1D|UP,1D,UP,STOCHASTIC,0.2693631048338586,1.0,False
STOCH|DISPLACED_STOCH_K21_KS5_D5_SHIFT2_V1|K_CROSS_UP_D|K_CROSS_DOWN_D|1D|UP,1D,UP,STOCHASTIC,0.2851440284820369,1.0,False
STOCH|DISPLACED_STOCH_K21_KS5_D5_SHIFT3_V1|K_CROSS_UP_D|K_CROSS_DOWN_D|1D|UP,1D,UP,STOCHASTIC,0.2851440284820369,1.0,False
STOCH|DISPLACED_STOCH_K21_KS5_D5_SHIFT5_V1|K_CROSS_UP_D|K_CROSS_DOWN_D|1D|UP,1D,UP,STOCHASTIC,0.2851440284820369,1.0,False
STOCH|DISPLACED_STOCH_K5_KS3_D3_SHIFT2_V1|K_CROSS_UP_D|K_CROSS_DOWN_D|1D|UP,1D,UP,STOCHASTIC,0.26955623891719604,1.0,False
STOCH|DISPLACED_STOCH_K5_KS3_D3_SHIFT3_V1|K_CROSS_UP_D|K_CROSS_DOWN_D|1D|UP,1D,UP,STOCHASTIC,0.26955623891719604,1.0,False
STOCH|DISPLACED_STOCH_K5_KS3_D3_SHIFT5_V1|K_CROSS_UP_D|K_CROSS_DOWN_D|1D|UP,1D,UP,STOCHASTIC,0.26955623891719604,1.0,False
STOCH|DISPLACED_STOCH_K9_KS3_D3_SHIFT2_V1|K_CROSS_UP_D|K_CROSS_DOWN_D|1D|UP,1D,UP,STOCHASTIC,0.24366937410415668,1.0,False
STOCH|DISPLACED_STOCH_K9_KS3_D3_SHIFT3_V1|K_CROSS_UP_D|K_CROSS_DOWN_D|1D|UP,1D,UP,STOCHASTIC,0.24366937410415668,1.0,False
STOCH|DISPLACED_STOCH_K9_KS3_D3_SHIFT5_V1|K_CROSS_UP_D|K_CROSS_DOWN_D|1D|UP,1D,UP,STOCHASTIC,0.24366937410415668,1.0,False
STOCH|STOCH_K14_KS3_D3_SHIFT0_V1|K_CROSS_UP_D|K_CROSS_DOWN_D|1D|UP,1D,UP,STOCHASTIC,0.2693631048338586,1.0,False
STOCH|STOCH_K21_KS5_D5_SHIFT0_V1|K_CROSS_UP_D|K_CROSS_DOWN_D|1D|UP,1D,UP,STOCHASTIC,0.2851440284820369,1.0,False
STOCH|STOCH_K5_KS3_D3_SHIFT0_V1|K_CROSS_UP_D|K_CROSS_DOWN_D|1D|UP,1D,UP,STOCHASTIC,0.26955623891719604,1.0,False
STOCH|STOCH_K9_KS3_D3_SHIFT0_V1|K_CROSS_UP_D|K_CROSS_DOWN_D|1D|UP,1D,UP,STOCHASTIC,0.24366937410415668,1.0,False
DMA|DMA_EMA_P10_SHIFT5_V1|MA_SLOPE_TURN_UP|MA_SLOPE_TURN_DOWN|1H|DOWN,1H,DOWN,DMA,0.17658872217076987,1.0,False
DMA|DMA_EMA_P10_SHIFT5_V1|PRICE_CROSS_UP_MA|PRICE_CROSS_DOWN_MA|1H|DOWN,1H,DOWN,DMA,0.17685003567906316,1.0,False
DMA|DMA_EMA_P14_SHIFT5_V1|MA_SLOPE_TURN_UP|MA_SLOPE_TURN_DOWN|1H|DOWN,1H,DOWN,DMA,0.21833297478458769,1.0,False
DMA|DMA_EMA_P14_SHIFT5_V1|PRICE_CROSS_UP_MA|PRICE_CROSS_DOWN_MA|1H|DOWN,1H,DOWN,DMA,0.21833297478458769,1.0,False
DMA|DMA_EMA_P14_SHIFT8_V1|MA_SLOPE_TURN_UP|MA_SLOPE_TURN_DOWN|1H|DOWN,1H,DOWN,DMA,0.21833297478458769,1.0,False
DMA|DMA_EMA_P14_SHIFT8_V1|PRICE_CROSS_UP_MA|PRICE_CROSS_DOWN_MA|1H|DOWN,1H,DOWN,DMA,0.21833297478458769,1.0,False
DMA|DMA_EMA_P20_SHIFT5_V1|MA_SLOPE_TURN_UP|MA_SLOPE_TURN_DOWN|1H|DOWN,1H,DOWN,DMA,0.2555257200312087,1.0,False
DMA|DMA_EMA_P20_SHIFT5_V1|PRICE_CROSS_UP_MA|PRICE_CROSS_DOWN_MA|1H|DOWN,1H,DOWN,DMA,0.2555257200312087,1.0,False
DMA|DMA_EMA_P25_SHIFT5_V1|MA_SLOPE_TURN_UP|MA_SLOPE_TURN_DOWN|1H|DOWN,1H,DOWN,DMA,0.2698646740816501,1.0,False
DMA|DMA_EMA_P25_SHIFT5_V1|PRICE_CROSS_UP_MA|PRICE_CROSS_DOWN_MA|1H|DOWN,1H,DOWN,DMA,0.2700012891001432,1.0,False
DMA|DMA_EMA_P25_SHIFT8_V1|MA_SLOPE_TURN_UP|MA_SLOPE_TURN_DOWN|1H|DOWN,1H,DOWN,DMA,0.2698646740816501,1.0,False
DMA|DMA_EMA_P25_SHIFT8_V1|PRICE_CROSS_UP_MA|PRICE_CROSS_DOWN_MA|1H|DOWN,1H,DOWN,DMA,0.2700012891001432,1.0,False
DMA|DMA_EMA_P3_SHIFT0_V1|MA_SLOPE_TURN_UP|MA_SLOPE_TURN_DOWN|1H|DOWN,1H,DOWN,DMA,0.060904720223112205,1.0,False
DMA|DMA_EMA_P3_SHIFT0_V1|PRICE_CROSS_UP_MA|PRICE_CROSS_DOWN_MA|1H|DOWN,1H,DOWN,DMA,0.06082850444825895,1.0,False
DMA|DMA_EMA_P3_SHIFT2_V1|MA_SLOPE_TURN_UP|MA_SLOPE_TURN_DOWN|1H|DOWN,1H,DOWN,DMA,0.060904720223112205,1.0,False
DMA|DMA_EMA_P3_SHIFT2_V1|PRICE_CROSS_UP_MA|PRICE_CROSS_DOWN_MA|1H|DOWN,1H,DOWN,DMA,0.06082850444825895,1.0,False
DMA|DMA_EMA_P3_SHIFT3_V1|MA_SLOPE_TURN_UP|MA_SLOPE_TURN_DOWN|1H|DOWN,1H,DOWN,DMA,0.060904720223112205,1.0,False
DMA|DMA_EMA_P3_SHIFT3_V1|PRICE_CROSS_UP_MA|PRICE_CROSS_DOWN_MA|1H|DOWN,1H,DOWN,DMA,0.06082850444825895,1.0,False
DMA|DMA_EMA_P3_SHIFT5_V1|MA_SLOPE_TURN_UP|MA_SLOPE_TURN_DOWN|1H|DOWN,1H,DOWN,DMA,0.060904720223112205,1.0,False
DMA|DMA_EMA_P3_SHIFT5_V1|PRICE_CROSS_UP_MA|PRICE_CROSS_DOWN_MA|1H|DOWN,1H,DOWN,DMA,0.06082850444825895,1.0,False
DMA|DMA_EMA_P5_SHIFT3_V1|MA_SLOPE_TURN_UP|MA_SLOPE_TURN_DOWN|1H|DOWN,1H,DOWN,DMA,0.10305493078313942,1.0,False
DMA|DMA_EMA_P5_SHIFT3_V1|PRICE_CROSS_UP_MA|PRICE_CROSS_DOWN_MA|1H|DOWN,1H,DOWN,DMA,0.10293783430412297,1.0,False
DMA|DMA_EMA_P5_SHIFT5_V1|MA_SLOPE_TURN_UP|MA_SLOPE_TURN_DOWN|1H|DOWN,1H,DOWN,DMA,0.10305493078313942,1.0,False
DMA|DMA_EMA_P5_SHIFT5_V1|PRICE_CROSS_UP_MA|PRICE_CROSS_DOWN_MA|1H|DOWN,1H,DOWN,DMA,0.10293783430412297,1.0,False
DMA|DMA_EMA_P7_SHIFT3_V1|MA_SLOPE_TURN_UP|MA_SLOPE_TURN_DOWN|1H|DOWN,1H,DOWN,DMA,0.14011337210354263,1.0,False
DMA|DMA_EMA_P7_SHIFT3_V1|PRICE_CROSS_UP_MA|PRICE_CROSS_DOWN_MA|1H|DOWN,1H,DOWN,DMA,0.14003220210179257,1.0,False
DMA|DMA_EMA_P7_SHIFT5_V1|MA_SLOPE_TURN_UP|MA_SLOPE_TURN_DOWN|1H|DOWN,1H,DOWN,DMA,0.14011337210354263,1.0,False
DMA|DMA_EMA_P7_SHIFT5_V1|PRICE_CROSS_UP_MA|PRICE_CROSS_DOWN_MA|1H|DOWN,1H,DOWN,DMA,0.14003220210179257,1.0,False
DMA|DMA_SMA_P10_SHIFT5_V1|MA_SLOPE_TURN_UP|MA_SLOPE_TURN_DOWN|1H|DOWN,1H,DOWN,DMA,0.2322459443579346,1.0,False
DMA|DMA_SMA_P10_SHIFT5_V1|PRICE_CROSS_UP_MA|PRICE_CROSS_DOWN_MA|1H|DOWN,1H,DOWN,DMA,0.20322506624313486,1.0,False
DMA|DMA_SMA_P14_SHIFT5_V1|MA_SLOPE_TURN_UP|MA_SLOPE_TURN_DOWN|1H|DOWN,1H,DOWN,DMA,0.25198880756731223,1.0,False
DMA|DMA_SMA_P14_SHIFT5_V1|PRICE_CROSS_UP_MA|PRICE_CROSS_DOWN_MA|1H|DOWN,1H,DOWN,DMA,0.2514593680714088,1.0,False
DMA|DMA_SMA_P14_SHIFT8_V1|MA_SLOPE_TURN_UP|MA_SLOPE_TURN_DOWN|1H|DOWN,1H,DOWN,DMA,0.25198880756731223,1.0,False
DMA|DMA_SMA_P14_SHIFT8_V1|PRICE_CROSS_UP_MA|PRICE_CROSS_DOWN_MA|1H|DOWN,1H,DOWN,DMA,0.2514593680714088,1.0,False
DMA|DMA_SMA_P20_SHIFT5_V1|MA_SLOPE_TURN_UP|MA_SLOPE_TURN_DOWN|1H|DOWN,1H,DOWN,DMA,0.26662382581066846,1.0,False
DMA|DMA_SMA_P20_SHIFT5_V1|PRICE_CROSS_UP_MA|PRICE_CROSS_DOWN_MA|1H|DOWN,1H,DOWN,DMA,0.29408827003140836,1.0,False
DMA|DMA_SMA_P25_SHIFT5_V1|MA_SLOPE_TURN_UP|MA_SLOPE_TURN_DOWN|1H|DOWN,1H,DOWN,DMA,0.2641613801753918,1.0,False
DMA|DMA_SMA_P25_SHIFT5_V1|PRICE_CROSS_UP_MA|PRICE_CROSS_DOWN_MA|1H|DOWN,1H,DOWN,DMA,0.30960749010490457,1.0,False
DMA|DMA_SMA_P25_SHIFT8_V1|MA_SLOPE_TURN_UP|MA_SLOPE_TURN_DOWN|1H|DOWN,1H,DOWN,DMA,0.2641613801753918,1.0,False
DMA|DMA_SMA_P25_SHIFT8_V1|PRICE_CROSS_UP_MA|PRICE_CROSS_DOWN_MA|1H|DOWN,1H,DOWN,DMA,0.30960749010490457,1.0,False
DMA|DMA_SMA_P3_SHIFT0_V1|MA_SLOPE_TURN_UP|MA_SLOPE_TURN_DOWN|1H|DOWN,1H,DOWN,DMA,0.09876263521424812,1.0,False
DMA|DMA_SMA_P3_SHIFT0_V1|PRICE_CROSS_UP_MA|PRICE_CROSS_DOWN_MA|1H|DOWN,1H,DOWN,DMA,0.04275590730510896,1.0,False
DMA|DMA_SMA_P3_SHIFT2_V1|MA_SLOPE_TURN_UP|MA_SLOPE_TURN_DOWN|1H|DOWN,1H,DOWN,DMA,0.09876263521424812,1.0,False
DMA|DMA_SMA_P3_SHIFT2_V1|PRICE_CROSS_UP_MA|PRICE_CROSS_DOWN_MA|1H|DOWN,1H,DOWN,DMA,0.04275590730510896,1.0,False
DMA|DMA_SMA_P3_SHIFT3_V1|MA_SLOPE_TURN_UP|MA_SLOPE_TURN_DOWN|1H|DOWN,1H,DOWN,DMA,0.09876263521424812,1.0,False
DMA|DMA_SMA_P3_SHIFT3_V1|PRICE_CROSS_UP_MA|PRICE_CROSS_DOWN_MA|1H|DOWN,1H,DOWN,DMA,0.04275590730510896,1.0,False
DMA|DMA_SMA_P3_SHIFT5_V1|MA_SLOPE_TURN_UP|MA_SLOPE_TURN_DOWN|1H|DOWN,1H,DOWN,DMA,0.09876263521424812,1.0,False
DMA|DMA_SMA_P3_SHIFT5_V1|PRICE_CROSS_UP_MA|PRICE_CROSS_DOWN_MA|1H|DOWN,1H,DOWN,DMA,0.04275590730510896,1.0,False
DMA|DMA_SMA_P5_SHIFT3_V1|MA_SLOPE_TURN_UP|MA_SLOPE_TURN_DOWN|1H|DOWN,1H,DOWN,DMA,0.15262214200058416,1.0,False
DMA|DMA_SMA_P5_SHIFT3_V1|PRICE_CROSS_UP_MA|PRICE_CROSS_DOWN_MA|1H|DOWN,1H,DOWN,DMA,0.10492632773775128,1.0,False
DMA|DMA_SMA_P5_SHIFT5_V1|MA_SLOPE_TURN_UP|MA_SLOPE_TURN_DOWN|1H|DOWN,1H,DOWN,DMA,0.15262214200058416,1.0,False
DMA|DMA_SMA_P5_SHIFT5_V1|PRICE_CROSS_UP_MA|PRICE_CROSS_DOWN_MA|1H|DOWN,1H,DOWN,DMA,0.10492632773775128,1.0,False
DMA|DMA_SMA_P7_SHIFT3_V1|MA_SLOPE_TURN_UP|MA_SLOPE_TURN_DOWN|1H|DOWN,1H,DOWN,DMA,0.1942621297460007,1.0,False
DMA|DMA_SMA_P7_SHIFT3_V1|PRICE_CROSS_UP_MA|PRICE_CROSS_DOWN_MA|1H|DOWN,1H,DOWN,DMA,0.15189558623923,1.0,False
DMA|DMA_SMA_P7_SHIFT5_V1|MA_SLOPE_TURN_UP|MA_SLOPE_TURN_DOWN|1H|DOWN,1H,DOWN,DMA,0.1942621297460007,1.0,False
DMA|DMA_SMA_P7_SHIFT5_V1|PRICE_CROSS_UP_MA|PRICE_CROSS_DOWN_MA|1H|DOWN,1H,DOWN,DMA,0.15189558623923,1.0,False
DMA|DMA_WMA_P10_SHIFT5_V1|MA_SLOPE_TURN_UP|MA_SLOPE_TURN_DOWN|1H|DOWN,1H,DOWN,DMA,0.21868676528925834,1.0,False
DMA|DMA_WMA_P10_SHIFT5_V1|PRICE_CROSS_UP_MA|PRICE_CROSS_DOWN_MA|1H|DOWN,1H,DOWN,DMA,0.14679644144205561,1.0,False
DMA|DMA_WMA_P14_SHIFT5_V1|MA_SLOPE_TURN_UP|MA_SLOPE_TURN_DOWN|1H|DOWN,1H,DOWN,DMA,0.2608763294983278,1.0,False
DMA|DMA_WMA_P14_SHIFT5_V1|PRICE_CROSS_UP_MA|PRICE_CROSS_DOWN_MA|1H|DOWN,1H,DOWN,DMA,0.1906013083772975,1.0,False
DMA|DMA_WMA_P14_SHIFT8_V1|MA_SLOPE_TURN_UP|MA_SLOPE_TURN_DOWN|1H|DOWN,1H,DOWN,DMA,0.2608763294983278,1.0,False
DMA|DMA_WMA_P14_SHIFT8_V1|PRICE_CROSS_UP_MA|PRICE_CROSS_DOWN_MA|1H|DOWN,1H,DOWN,DMA,0.1906013083772975,1.0,False
DMA|DMA_WMA_P20_SHIFT5_V1|MA_SLOPE_TURN_UP|MA_SLOPE_TURN_DOWN|1H|DOWN,1H,DOWN,DMA,0.29505709344419023,1.0,False
DMA|DMA_WMA_P20_SHIFT5_V1|PRICE_CROSS_UP_MA|PRICE_CROSS_DOWN_MA|1H|DOWN,1H,DOWN,DMA,0.24049880191730227,1.0,False
DMA|DMA_WMA_P25_SHIFT5_V1|MA_SLOPE_TURN_UP|MA_SLOPE_TURN_DOWN|1H|DOWN,1H,DOWN,DMA,0.30922315675125694,1.0,False
DMA|DMA_WMA_P25_SHIFT5_V1|PRICE_CROSS_UP_MA|PRICE_CROSS_DOWN_MA|1H|DOWN,1H,DOWN,DMA,0.26561280712096286,1.0,False
DMA|DMA_WMA_P25_SHIFT8_V1|MA_SLOPE_TURN_UP|MA_SLOPE_TURN_DOWN|1H|DOWN,1H,DOWN,DMA,0.30922315675125694,1.0,False
DMA|DMA_WMA_P25_SHIFT8_V1|PRICE_CROSS_UP_MA|PRICE_CROSS_DOWN_MA|1H|DOWN,1H,DOWN,DMA,0.26561280712096286,1.0,False
DMA|DMA_WMA_P3_SHIFT0_V1|MA_SLOPE_TURN_UP|MA_SLOPE_TURN_DOWN|1H|DOWN,1H,DOWN,DMA,0.07464050847631755,1.0,False
DMA|DMA_WMA_P3_SHIFT0_V1|PRICE_CROSS_UP_MA|PRICE_CROSS_DOWN_MA|1H|DOWN,1H,DOWN,DMA,0.03067449755298239,1.0,False
DMA|DMA_WMA_P3_SHIFT2_V1|MA_SLOPE_TURN_UP|MA_SLOPE_TURN_DOWN|1H|DOWN,1H,DOWN,DMA,0.07464050847631755,1.0,False
DMA|DMA_WMA_P3_SHIFT2_V1|PRICE_CROSS_UP_MA|PRICE_CROSS_DOWN_MA|1H|DOWN,1H,DOWN,DMA,0.03067449755298239,1.0,False
DMA|DMA_WMA_P3_SHIFT3_V1|MA_SLOPE_TURN_UP|MA_SLOPE_TURN_DOWN|1H|DOWN,1H,DOWN,DMA,0.07464050847631755,1.0,False
DMA|DMA_WMA_P3_SHIFT3_V1|PRICE_CROSS_UP_MA|PRICE_CROSS_DOWN_MA|1H|DOWN,1H,DOWN,DMA,0.03067449755298239,1.0,False
DMA|DMA_WMA_P3_SHIFT5_V1|MA_SLOPE_TURN_UP|MA_SLOPE_TURN_DOWN|1H|DOWN,1H,DOWN,DMA,0.07464050847631755,1.0,False
DMA|DMA_WMA_P3_SHIFT5_V1|PRICE_CROSS_UP_MA|PRICE_CROSS_DOWN_MA|1H|DOWN,1H,DOWN,DMA,0.03067449755298239,1.0,False
DMA|DMA_WMA_P5_SHIFT3_V1|MA_SLOPE_TURN_UP|MA_SLOPE_TURN_DOWN|1H|DOWN,1H,DOWN,DMA,0.1269976754690214,1.0,False
DMA|DMA_WMA_P5_SHIFT3_V1|PRICE_CROSS_UP_MA|PRICE_CROSS_DOWN_MA|1H|DOWN,1H,DOWN,DMA,0.07263727908889199,1.0,False
DMA|DMA_WMA_P5_SHIFT5_V1|MA_SLOPE_TURN_UP|MA_SLOPE_TURN_DOWN|1H|DOWN,1H,DOWN,DMA,0.1269976754690214,1.0,False
DMA|DMA_WMA_P5_SHIFT5_V1|PRICE_CROSS_UP_MA|PRICE_CROSS_DOWN_MA|1H|DOWN,1H,DOWN,DMA,0.07263727908889199,1.0,False
DMA|DMA_WMA_P7_SHIFT3_V1|MA_SLOPE_TURN_UP|MA_SLOPE_TURN_DOWN|1H|DOWN,1H,DOWN,DMA,0.17083966557579733,1.0,False
DMA|DMA_WMA_P7_SHIFT3_V1|PRICE_CROSS_UP_MA|PRICE_CROSS_DOWN_MA|1H|DOWN,1H,DOWN,DMA,0.10786243229965671,1.0,False
DMA|DMA_WMA_P7_SHIFT5_V1|MA_SLOPE_TURN_UP|MA_SLOPE_TURN_DOWN|1H|DOWN,1H,DOWN,DMA,0.17083966557579733,1.0,False
DMA|DMA_WMA_P7_SHIFT5_V1|PRICE_CROSS_UP_MA|PRICE_CROSS_DOWN_MA|1H|DOWN,1H,DOWN,DMA,0.10786243229965671,1.0,False
DNO_QUANTILE|CAUSAL_DNO_QUANTILE_80_20_CONTROL_V1|CROSSED_OS_BAND_DOWN|1H|DOWN,1H,DOWN,DNO_QUANTILE,0.24204996354115427,1.0,False
DNO_QUANTILE|CAUSAL_DNO_QUANTILE_80_20_CONTROL_V1|FORECAST_OS_CROSS|1H|DOWN,1H,DOWN,DNO_QUANTILE,0.1672201388959847,1.0,False
INVERSE|INVERSE_DMA_25X5|DMA_SMA_P25_SHIFT5_V1|1H|DOWN,1H,DOWN,INVERSE_PREDICTOR,0.29517761083167776,1.0,False
INVERSE|INVERSE_DMA_3X3|DMA_SMA_P3_SHIFT3_V1|1H|DOWN,1H,DOWN,INVERSE_PREDICTOR,0.0478579030900038,1.0,False
INVERSE|INVERSE_DMA_7X5|DMA_SMA_P7_SHIFT5_V1|1H|DOWN,1H,DOWN,INVERSE_PREDICTOR,0.13931632030852792,1.0,False
INVERSE|INVERSE_DNO_N7_OB_OS|DNO_PERIOD_7_REFERENCE|1H|DOWN,1H,DOWN,INVERSE_PREDICTOR,0.16783382043927952,1.0,False
INVERSE|INVERSE_MACD_12_26_9_SIGNAL_CROSS|MACD_12_26_9_SHIFT0_V1|1H|DOWN,1H,DOWN,INVERSE_PREDICTOR,0.3663460563593131,1.0,False
INVERSE|INVERSE_STOCH_14_3_3_POINT_BAR|STOCH_K14_KS3_D3_SHIFT0_V1|1H|DOWN,1H,DOWN,INVERSE_PREDICTOR,0.23700830004711498,1.0,False
MACD|DINAPOLI_MACD_REFERENCE_V1|HIST_CROSS_UP_ZERO|HIST_CROSS_DOWN_ZERO|1H|DOWN,1H,DOWN,MACD,0.4146981518428341,1.0,False
MACD|DINAPOLI_MACD_REFERENCE_V1|MACD_CROSS_UP_SIGNAL|MACD_CROSS_DOWN_SIGNAL|1H|DOWN,1H,DOWN,MACD,0.4146981518428341,1.0,False
MACD|DISPLACED_MACD_12_26_9_SHIFT2_V1|HIST_CROSS_UP_ZERO|HIST_CROSS_DOWN_ZERO|1H|DOWN,1H,DOWN,MACD,0.47046501885211567,1.0,False
MACD|DISPLACED_MACD_12_26_9_SHIFT2_V1|MACD_CROSS_UP_SIGNAL|MACD_CROSS_DOWN_SIGNAL|1H|DOWN,1H,DOWN,MACD,0.47046501885211567,1.0,False
MACD|DISPLACED_MACD_12_26_9_SHIFT3_V1|HIST_CROSS_UP_ZERO|HIST_CROSS_DOWN_ZERO|1H|DOWN,1H,DOWN,MACD,0.47046501885211567,1.0,False
MACD|DISPLACED_MACD_12_26_9_SHIFT3_V1|MACD_CROSS_UP_SIGNAL|MACD_CROSS_DOWN_SIGNAL|1H|DOWN,1H,DOWN,MACD,0.47046501885211567,1.0,False
MACD|DISPLACED_MACD_12_26_9_SHIFT5_V1|HIST_CROSS_UP_ZERO|HIST_CROSS_DOWN_ZERO|1H|DOWN,1H,DOWN,MACD,0.47046501885211567,1.0,False
MACD|DISPLACED_MACD_12_26_9_SHIFT5_V1|MACD_CROSS_UP_SIGNAL|MACD_CROSS_DOWN_SIGNAL|1H|DOWN,1H,DOWN,MACD,0.47046501885211567,1.0,False
MACD|DISPLACED_MACD_5_13_4_SHIFT2_V1|HIST_CROSS_UP_ZERO|HIST_CROSS_DOWN_ZERO|1H|DOWN,1H,DOWN,MACD,0.22794602790694413,1.0,False
MACD|DISPLACED_MACD_5_13_4_SHIFT2_V1|MACD_CROSS_UP_SIGNAL|MACD_CROSS_DOWN_SIGNAL|1H|DOWN,1H,DOWN,MACD,0.22794602790694413,1.0,False
MACD|DISPLACED_MACD_5_13_4_SHIFT3_V1|HIST_CROSS_UP_ZERO|HIST_CROSS_DOWN_ZERO|1H|DOWN,1H,DOWN,MACD,0.22794602790694413,1.0,False
MACD|DISPLACED_MACD_5_13_4_SHIFT3_V1|MACD_CROSS_UP_SIGNAL|MACD_CROSS_DOWN_SIGNAL|1H|DOWN,1H,DOWN,MACD,0.22794602790694413,1.0,False
MACD|DISPLACED_MACD_5_13_4_SHIFT5_V1|HIST_CROSS_UP_ZERO|HIST_CROSS_DOWN_ZERO|1H|DOWN,1H,DOWN,MACD,0.22794602790694413,1.0,False
MACD|DISPLACED_MACD_5_13_4_SHIFT5_V1|MACD_CROSS_UP_SIGNAL|MACD_CROSS_DOWN_SIGNAL|1H|DOWN,1H,DOWN,MACD,0.22794602790694413,1.0,False
MACD|DISPLACED_MACD_8_21_5_SHIFT2_V1|HIST_CROSS_UP_ZERO|HIST_CROSS_DOWN_ZERO|1H|DOWN,1H,DOWN,MACD,0.3504457049558793,1.0,False
MACD|DISPLACED_MACD_8_21_5_SHIFT2_V1|MACD_CROSS_UP_SIGNAL|MACD_CROSS_DOWN_SIGNAL|1H|DOWN,1H,DOWN,MACD,0.3504457049558793,1.0,False
MACD|DISPLACED_MACD_8_21_5_SHIFT3_V1|HIST_CROSS_UP_ZERO|HIST_CROSS_DOWN_ZERO|1H|DOWN,1H,DOWN,MACD,0.3504457049558793,1.0,False
MACD|DISPLACED_MACD_8_21_5_SHIFT3_V1|MACD_CROSS_UP_SIGNAL|MACD_CROSS_DOWN_SIGNAL|1H|DOWN,1H,DOWN,MACD,0.3504457049558793,1.0,False
MACD|DISPLACED_MACD_8_21_5_SHIFT5_V1|HIST_CROSS_UP_ZERO|HIST_CROSS_DOWN_ZERO|1H|DOWN,1H,DOWN,MACD,0.3504457049558793,1.0,False
MACD|DISPLACED_MACD_8_21_5_SHIFT5_V1|MACD_CROSS_UP_SIGNAL|MACD_CROSS_DOWN_SIGNAL|1H|DOWN,1H,DOWN,MACD,0.3504457049558793,1.0,False
MACD|MACD_12_26_9_SHIFT0_V1|HIST_CROSS_UP_ZERO|HIST_CROSS_DOWN_ZERO|1H|DOWN,1H,DOWN,MACD,0.47046501885211567,1.0,False
MACD|MACD_12_26_9_SHIFT0_V1|MACD_CROSS_UP_SIGNAL|MACD_CROSS_DOWN_SIGNAL|1H|DOWN,1H,DOWN,MACD,0.47046501885211567,1.0,False
MACD|MACD_5_13_4_SHIFT0_V1|HIST_CROSS_UP_ZERO|HIST_CROSS_DOWN_ZERO|1H|DOWN,1H,DOWN,MACD,0.22794602790694413,1.0,False
MACD|MACD_5_13_4_SHIFT0_V1|MACD_CROSS_UP_SIGNAL|MACD_CROSS_DOWN_SIGNAL|1H|DOWN,1H,DOWN,MACD,0.22794602790694413,1.0,False
MACD|MACD_8_21_5_SHIFT0_V1|HIST_CROSS_UP_ZERO|HIST_CROSS_DOWN_ZERO|1H|DOWN,1H,DOWN,MACD,0.3504457049558793,1.0,False
MACD|MACD_8_21_5_SHIFT0_V1|MACD_CROSS_UP_SIGNAL|MACD_CROSS_DOWN_SIGNAL|1H|DOWN,1H,DOWN,MACD,0.3504457049558793,1.0,False
OSC_PREDICTOR|OSC_PRED_SWEEP_LOOKBACK_200|CROSSED_OS_BAND_DOWN|1H|DOWN,1H,DOWN,OSC_PREDICTOR,0.3028541440762716,1.0,False
OSC_PREDICTOR|OSC_PRED_SWEEP_LOOKBACK_200|FORECAST_OS_CROSS|1H|DOWN,1H,DOWN,OSC_PREDICTOR,0.19789309725424564,1.0,False
OSC_PREDICTOR|OSC_PRED_SWEEP_LOOKBACK_50|CROSSED_OS_BAND_DOWN|1H|DOWN,1H,DOWN,OSC_PREDICTOR,0.3247862194731265,1.0,False
OSC_PREDICTOR|OSC_PRED_SWEEP_LOOKBACK_50|FORECAST_OS_CROSS|1H|DOWN,1H,DOWN,OSC_PREDICTOR,0.22089681682211393,1.0,False
OSC_PREDICTOR|OSC_PRED_SWEEP_OB_OS_LEVEL_PERCENT_0.7|CROSSED_OS_BAND_DOWN|1H|DOWN,1H,DOWN,OSC_PREDICTOR,0.27724663296831886,1.0,False
OSC_PREDICTOR|OSC_PRED_SWEEP_OB_OS_LEVEL_PERCENT_0.7|FORECAST_OS_CROSS|1H|DOWN,1H,DOWN,OSC_PREDICTOR,0.18681227331731454,1.0,False
OSC_PREDICTOR|OSC_PRED_SWEEP_OB_OS_LEVEL_PERCENT_0.9|CROSSED_OS_BAND_DOWN|1H|DOWN,1H,DOWN,OSC_PREDICTOR,0.31967316946843566,1.0,False
OSC_PREDICTOR|OSC_PRED_SWEEP_OB_OS_LEVEL_PERCENT_0.9|FORECAST_OS_CROSS|1H|DOWN,1H,DOWN,OSC_PREDICTOR,0.21177801982963274,1.0,False
OSC_PREDICTOR|OSC_PRED_SWEEP_PEAK_STRENGTH_1|CROSSED_OS_BAND_DOWN|1H|DOWN,1H,DOWN,OSC_PREDICTOR,0.26427566928363977,1.0,False
OSC_PREDICTOR|OSC_PRED_SWEEP_PEAK_STRENGTH_1|FORECAST_OS_CROSS|1H|DOWN,1H,DOWN,OSC_PREDICTOR,0.1804648545635263,1.0,False
OSC_PREDICTOR|OSC_PRED_SWEEP_PEAK_STRENGTH_3|CROSSED_OS_BAND_DOWN|1H|DOWN,1H,DOWN,OSC_PREDICTOR,0.3149678877897513,1.0,False
OSC_PREDICTOR|OSC_PRED_SWEEP_PEAK_STRENGTH_3|FORECAST_OS_CROSS|1H|DOWN,1H,DOWN,OSC_PREDICTOR,0.21374634395486297,1.0,False
OSC_PREDICTOR|OSC_PRED_SWEEP_PERIOD_10|CROSSED_OS_BAND_DOWN|1H|DOWN,1H,DOWN,OSC_PREDICTOR,0.3094521480910324,1.0,False
OSC_PREDICTOR|OSC_PRED_SWEEP_PERIOD_10|FORECAST_OS_CROSS|1H|DOWN,1H,DOWN,OSC_PREDICTOR,0.22591363236524525,1.0,False
OSC_PREDICTOR|OSC_PRED_SWEEP_PERIOD_14|CROSSED_OS_BAND_DOWN|1H|DOWN,1H,DOWN,OSC_PREDICTOR,0.3075809183803574,1.0,False
OSC_PREDICTOR|OSC_PRED_SWEEP_PERIOD_14|FORECAST_OS_CROSS|1H|DOWN,1H,DOWN,OSC_PREDICTOR,0.24307214798323845,1.0,False
OSC_PREDICTOR|OSC_PRED_SWEEP_PERIOD_5|CROSSED_OS_BAND_DOWN|1H|DOWN,1H,DOWN,OSC_PREDICTOR,0.2875967698296327,1.0,False
OSC_PREDICTOR|OSC_PRED_SWEEP_PERIOD_5|FORECAST_OS_CROSS|1H|DOWN,1H,DOWN,OSC_PREDICTOR,0.16113430355117503,1.0,False
OSC_PREDICTOR|OSC_PRED_SWEEP_SAMPLES_3|CROSSED_OS_BAND_DOWN|1H|DOWN,1H,DOWN,OSC_PREDICTOR,0.29329389785276627,1.0,False
OSC_PREDICTOR|OSC_PRED_SWEEP_SAMPLES_3|FORECAST_OS_CROSS|1H|DOWN,1H,DOWN,OSC_PREDICTOR,0.1992035650009723,1.0,False
OSC_PREDICTOR|OSC_PRED_SWEEP_SAMPLES_8|CROSSED_OS_BAND_DOWN|1H|DOWN,1H,DOWN,OSC_PREDICTOR,0.3054178208246576,1.0,False
OSC_PREDICTOR|OSC_PRED_SWEEP_SAMPLES_8|FORECAST_OS_CROSS|1H|DOWN,1H,DOWN,OSC_PREDICTOR,0.20377088309949037,1.0,False
OSC_PREDICTOR|PROJECT_DINAPOLI_STYLE_OSCILLATOR_PREDICTOR_REFERENCE|CROSSED_OS_BAND_DOWN|1H|DOWN,1H,DOWN,OSC_PREDICTOR,0.3028541440762716,1.0,False
OSC_PREDICTOR|PROJECT_DINAPOLI_STYLE_OSCILLATOR_PREDICTOR_REFERENCE|FORECAST_OS_CROSS|1H|DOWN,1H,DOWN,OSC_PREDICTOR,0.19789309725424564,1.0,False
PURE_DNO|DNO_PERIOD_7_REFERENCE|DNO_ZERO_CROSS_DOWN|1H|DOWN,1H,DOWN,PURE_DNO,0.1517488665606081,1.0,False
STOCH|DINAPOLI_PREFERRED_STOCHASTIC_REFERENCE_V1|K_CROSS_UP_D|K_CROSS_DOWN_D|1H|DOWN,1H,DOWN,STOCHASTIC,0.21790476880082615,1.0,False
STOCH|DISPLACED_STOCH_K14_KS3_D3_SHIFT2_V1|K_CROSS_UP_D|K_CROSS_DOWN_D|1H|DOWN,1H,DOWN,STOCHASTIC,0.1319577565911877,1.0,False
STOCH|DISPLACED_STOCH_K14_KS3_D3_SHIFT3_V1|K_CROSS_UP_D|K_CROSS_DOWN_D|1H|DOWN,1H,DOWN,STOCHASTIC,0.1319577565911877,1.0,False
STOCH|DISPLACED_STOCH_K14_KS3_D3_SHIFT5_V1|K_CROSS_UP_D|K_CROSS_DOWN_D|1H|DOWN,1H,DOWN,STOCHASTIC,0.1319577565911877,1.0,False
STOCH|DISPLACED_STOCH_K21_KS5_D5_SHIFT2_V1|K_CROSS_UP_D|K_CROSS_DOWN_D|1H|DOWN,1H,DOWN,STOCHASTIC,0.2846568458254399,1.0,False
STOCH|DISPLACED_STOCH_K21_KS5_D5_SHIFT3_V1|K_CROSS_UP_D|K_CROSS_DOWN_D|1H|DOWN,1H,DOWN,STOCHASTIC,0.2846568458254399,1.0,False
STOCH|DISPLACED_STOCH_K21_KS5_D5_SHIFT5_V1|K_CROSS_UP_D|K_CROSS_DOWN_D|1H|DOWN,1H,DOWN,STOCHASTIC,0.2846568458254399,1.0,False
STOCH|DISPLACED_STOCH_K5_KS3_D3_SHIFT2_V1|K_CROSS_UP_D|K_CROSS_DOWN_D|1H|DOWN,1H,DOWN,STOCHASTIC,0.1137885994152338,1.0,False
STOCH|DISPLACED_STOCH_K5_KS3_D3_SHIFT3_V1|K_CROSS_UP_D|K_CROSS_DOWN_D|1H|DOWN,1H,DOWN,STOCHASTIC,0.1137885994152338,1.0,False
STOCH|DISPLACED_STOCH_K5_KS3_D3_SHIFT5_V1|K_CROSS_UP_D|K_CROSS_DOWN_D|1H|DOWN,1H,DOWN,STOCHASTIC,0.1137885994152338,1.0,False
STOCH|DISPLACED_STOCH_K9_KS3_D3_SHIFT2_V1|K_CROSS_UP_D|K_CROSS_DOWN_D|1H|DOWN,1H,DOWN,STOCHASTIC,0.12535579099168492,1.0,False
STOCH|DISPLACED_STOCH_K9_KS3_D3_SHIFT3_V1|K_CROSS_UP_D|K_CROSS_DOWN_D|1H|DOWN,1H,DOWN,STOCHASTIC,0.12535579099168492,1.0,False
STOCH|DISPLACED_STOCH_K9_KS3_D3_SHIFT5_V1|K_CROSS_UP_D|K_CROSS_DOWN_D|1H|DOWN,1H,DOWN,STOCHASTIC,0.12535579099168492,1.0,False
STOCH|STOCH_K14_KS3_D3_SHIFT0_V1|K_CROSS_UP_D|K_CROSS_DOWN_D|1H|DOWN,1H,DOWN,STOCHASTIC,0.1319577565911877,1.0,False
STOCH|STOCH_K21_KS5_D5_SHIFT0_V1|K_CROSS_UP_D|K_CROSS_DOWN_D|1H|DOWN,1H,DOWN,STOCHASTIC,0.2846568458254399,1.0,False
STOCH|STOCH_K5_KS3_D3_SHIFT0_V1|K_CROSS_UP_D|K_CROSS_DOWN_D|1H|DOWN,1H,DOWN,STOCHASTIC,0.1137885994152338,1.0,False
STOCH|STOCH_K9_KS3_D3_SHIFT0_V1|K_CROSS_UP_D|K_CROSS_DOWN_D|1H|DOWN,1H,DOWN,STOCHASTIC,0.12535579099168492,1.0,False
DMA|DMA_EMA_P10_SHIFT5_V1|MA_SLOPE_TURN_UP|MA_SLOPE_TURN_DOWN|1H|UP,1H,UP,DMA,0.18208540220946,1.0,False
DMA|DMA_EMA_P10_SHIFT5_V1|PRICE_CROSS_UP_MA|PRICE_CROSS_DOWN_MA|1H|UP,1H,UP,DMA,0.1818610815332341,1.0,False
DMA|DMA_EMA_P14_SHIFT5_V1|MA_SLOPE_TURN_UP|MA_SLOPE_TURN_DOWN|1H|UP,1H,UP,DMA,0.22753369593181821,1.0,False
DMA|DMA_EMA_P14_SHIFT5_V1|PRICE_CROSS_UP_MA|PRICE_CROSS_DOWN_MA|1H|UP,1H,UP,DMA,0.22753369593181821,1.0,False
DMA|DMA_EMA_P14_SHIFT8_V1|MA_SLOPE_TURN_UP|MA_SLOPE_TURN_DOWN|1H|UP,1H,UP,DMA,0.22753369593181821,1.0,False
DMA|DMA_EMA_P14_SHIFT8_V1|PRICE_CROSS_UP_MA|PRICE_CROSS_DOWN_MA|1H|UP,1H,UP,DMA,0.22753369593181821,1.0,False
DMA|DMA_EMA_P20_SHIFT5_V1|MA_SLOPE_TURN_UP|MA_SLOPE_TURN_DOWN|1H|UP,1H,UP,DMA,0.2720867998679709,1.0,False
DMA|DMA_EMA_P20_SHIFT5_V1|PRICE_CROSS_UP_MA|PRICE_CROSS_DOWN_MA|1H|UP,1H,UP,DMA,0.2720867998679709,1.0,False
DMA|DMA_EMA_P25_SHIFT5_V1|MA_SLOPE_TURN_UP|MA_SLOPE_TURN_DOWN|1H|UP,1H,UP,DMA,0.2788796966707065,1.0,False
DMA|DMA_EMA_P25_SHIFT5_V1|PRICE_CROSS_UP_MA|PRICE_CROSS_DOWN_MA|1H|UP,1H,UP,DMA,0.2786317155854638,1.0,False
DMA|DMA_EMA_P25_SHIFT8_V1|MA_SLOPE_TURN_UP|MA_SLOPE_TURN_DOWN|1H|UP,1H,UP,DMA,0.2788796966707065,1.0,False
DMA|DMA_EMA_P25_SHIFT8_V1|PRICE_CROSS_UP_MA|PRICE_CROSS_DOWN_MA|1H|UP,1H,UP,DMA,0.2786317155854638,1.0,False
DMA|DMA_EMA_P3_SHIFT0_V1|MA_SLOPE_TURN_UP|MA_SLOPE_TURN_DOWN|1H|UP,1H,UP,DMA,0.060964809985228546,1.0,False
DMA|DMA_EMA_P3_SHIFT0_V1|PRICE_CROSS_UP_MA|PRICE_CROSS_DOWN_MA|1H|UP,1H,UP,DMA,0.06088864350808826,1.0,False
DMA|DMA_EMA_P3_SHIFT2_V1|MA_SLOPE_TURN_UP|MA_SLOPE_TURN_DOWN|1H|UP,1H,UP,DMA,0.060964809985228546,1.0,False
DMA|DMA_EMA_P3_SHIFT2_V1|PRICE_CROSS_UP_MA|PRICE_CROSS_DOWN_MA|1H|UP,1H,UP,DMA,0.06088864350808826,1.0,False
DMA|DMA_EMA_P3_SHIFT3_V1|MA_SLOPE_TURN_UP|MA_SLOPE_TURN_DOWN|1H|UP,1H,UP,DMA,0.060964809985228546,1.0,False
DMA|DMA_EMA_P3_SHIFT3_V1|PRICE_CROSS_UP_MA|PRICE_CROSS_DOWN_MA|1H|UP,1H,UP,DMA,0.06088864350808826,1.0,False
DMA|DMA_EMA_P3_SHIFT5_V1|MA_SLOPE_TURN_UP|MA_SLOPE_TURN_DOWN|1H|UP,1H,UP,DMA,0.060964809985228546,1.0,False
DMA|DMA_EMA_P3_SHIFT5_V1|PRICE_CROSS_UP_MA|PRICE_CROSS_DOWN_MA|1H|UP,1H,UP,DMA,0.06088864350808826,1.0,False
DMA|DMA_EMA_P5_SHIFT3_V1|MA_SLOPE_TURN_UP|MA_SLOPE_TURN_DOWN|1H|UP,1H,UP,DMA,0.10268401112816561,1.0,False
DMA|DMA_EMA_P5_SHIFT3_V1|PRICE_CROSS_UP_MA|PRICE_CROSS_DOWN_MA|1H|UP,1H,UP,DMA,0.10262553929269941,1.0,False
DMA|DMA_EMA_P5_SHIFT5_V1|MA_SLOPE_TURN_UP|MA_SLOPE_TURN_DOWN|1H|UP,1H,UP,DMA,0.10268401112816561,1.0,False
DMA|DMA_EMA_P5_SHIFT5_V1|PRICE_CROSS_UP_MA|PRICE_CROSS_DOWN_MA|1H|UP,1H,UP,DMA,0.10262553929269941,1.0,False
DMA|DMA_EMA_P7_SHIFT3_V1|MA_SLOPE_TURN_UP|MA_SLOPE_TURN_DOWN|1H|UP,1H,UP,DMA,0.14076796577098966,1.0,False
DMA|DMA_EMA_P7_SHIFT3_V1|PRICE_CROSS_UP_MA|PRICE_CROSS_DOWN_MA|1H|UP,1H,UP,DMA,0.14068659268565048,1.0,False
DMA|DMA_EMA_P7_SHIFT5_V1|MA_SLOPE_TURN_UP|MA_SLOPE_TURN_DOWN|1H|UP,1H,UP,DMA,0.14076796577098966,1.0,False
DMA|DMA_EMA_P7_SHIFT5_V1|PRICE_CROSS_UP_MA|PRICE_CROSS_DOWN_MA|1H|UP,1H,UP,DMA,0.14068659268565048,1.0,False
DMA|DMA_SMA_P10_SHIFT5_V1|MA_SLOPE_TURN_UP|MA_SLOPE_TURN_DOWN|1H|UP,1H,UP,DMA,0.2346819339247599,1.0,False
DMA|DMA_SMA_P10_SHIFT5_V1|PRICE_CROSS_UP_MA|PRICE_CROSS_DOWN_MA|1H|UP,1H,UP,DMA,0.20525523373160925,1.0,False
DMA|DMA_SMA_P14_SHIFT5_V1|MA_SLOPE_TURN_UP|MA_SLOPE_TURN_DOWN|1H|UP,1H,UP,DMA,0.27114512072303365,1.0,False
DMA|DMA_SMA_P14_SHIFT5_V1|PRICE_CROSS_UP_MA|PRICE_CROSS_DOWN_MA|1H|UP,1H,UP,DMA,0.26199781655536364,1.0,False
DMA|DMA_SMA_P14_SHIFT8_V1|MA_SLOPE_TURN_UP|MA_SLOPE_TURN_DOWN|1H|UP,1H,UP,DMA,0.27114512072303365,1.0,False
DMA|DMA_SMA_P14_SHIFT8_V1|PRICE_CROSS_UP_MA|PRICE_CROSS_DOWN_MA|1H|UP,1H,UP,DMA,0.26199781655536364,1.0,False
DMA|DMA_SMA_P20_SHIFT5_V1|MA_SLOPE_TURN_UP|MA_SLOPE_TURN_DOWN|1H|UP,1H,UP,DMA,0.2875641146959219,1.0,False
DMA|DMA_SMA_P20_SHIFT5_V1|PRICE_CROSS_UP_MA|PRICE_CROSS_DOWN_MA|1H|UP,1H,UP,DMA,0.31233035027981815,1.0,False
DMA|DMA_SMA_P25_SHIFT5_V1|MA_SLOPE_TURN_UP|MA_SLOPE_TURN_DOWN|1H|UP,1H,UP,DMA,0.2636664759780338,1.0,False
DMA|DMA_SMA_P25_SHIFT5_V1|PRICE_CROSS_UP_MA|PRICE_CROSS_DOWN_MA|1H|UP,1H,UP,DMA,0.3312451728250233,1.0,False
DMA|DMA_SMA_P25_SHIFT8_V1|MA_SLOPE_TURN_UP|MA_SLOPE_TURN_DOWN|1H|UP,1H,UP,DMA,0.2636664759780338,1.0,False
DMA|DMA_SMA_P25_SHIFT8_V1|PRICE_CROSS_UP_MA|PRICE_CROSS_DOWN_MA|1H|UP,1H,UP,DMA,0.3312451728250233,1.0,False
DMA|DMA_SMA_P3_SHIFT0_V1|MA_SLOPE_TURN_UP|MA_SLOPE_TURN_DOWN|1H|UP,1H,UP,DMA,0.10005549042460218,1.0,False
DMA|DMA_SMA_P3_SHIFT0_V1|PRICE_CROSS_UP_MA|PRICE_CROSS_DOWN_MA|1H|UP,1H,UP,DMA,0.042510568640792085,1.0,False
DMA|DMA_SMA_P3_SHIFT2_V1|MA_SLOPE_TURN_UP|MA_SLOPE_TURN_DOWN|1H|UP,1H,UP,DMA,0.10005549042460218,1.0,False
DMA|DMA_SMA_P3_SHIFT2_V1|PRICE_CROSS_UP_MA|PRICE_CROSS_DOWN_MA|1H|UP,1H,UP,DMA,0.042510568640792085,1.0,False
DMA|DMA_SMA_P3_SHIFT3_V1|MA_SLOPE_TURN_UP|MA_SLOPE_TURN_DOWN|1H|UP,1H,UP,DMA,0.10005549042460218,1.0,False
DMA|DMA_SMA_P3_SHIFT3_V1|PRICE_CROSS_UP_MA|PRICE_CROSS_DOWN_MA|1H|UP,1H,UP,DMA,0.042510568640792085,1.0,False
DMA|DMA_SMA_P3_SHIFT5_V1|MA_SLOPE_TURN_UP|MA_SLOPE_TURN_DOWN|1H|UP,1H,UP,DMA,0.10005549042460218,1.0,False
DMA|DMA_SMA_P3_SHIFT5_V1|PRICE_CROSS_UP_MA|PRICE_CROSS_DOWN_MA|1H|UP,1H,UP,DMA,0.042510568640792085,1.0,False
DMA|DMA_SMA_P5_SHIFT3_V1|MA_SLOPE_TURN_UP|MA_SLOPE_TURN_DOWN|1H|UP,1H,UP,DMA,0.1521419027120357,1.0,False
DMA|DMA_SMA_P5_SHIFT3_V1|PRICE_CROSS_UP_MA|PRICE_CROSS_DOWN_MA|1H|UP,1H,UP,DMA,0.1049068644676984,1.0,False
DMA|DMA_SMA_P5_SHIFT5_V1|MA_SLOPE_TURN_UP|MA_SLOPE_TURN_DOWN|1H|UP,1H,UP,DMA,0.1521419027120357,1.0,False
DMA|DMA_SMA_P5_SHIFT5_V1|PRICE_CROSS_UP_MA|PRICE_CROSS_DOWN_MA|1H|UP,1H,UP,DMA,0.1049068644676984,1.0,False
DMA|DMA_SMA_P7_SHIFT3_V1|MA_SLOPE_TURN_UP|MA_SLOPE_TURN_DOWN|1H|UP,1H,UP,DMA,0.19618452677565446,1.0,False
DMA|DMA_SMA_P7_SHIFT3_V1|PRICE_CROSS_UP_MA|PRICE_CROSS_DOWN_MA|1H|UP,1H,UP,DMA,0.15172439884098404,1.0,False
DMA|DMA_SMA_P7_SHIFT5_V1|MA_SLOPE_TURN_UP|MA_SLOPE_TURN_DOWN|1H|UP,1H,UP,DMA,0.19618452677565446,1.0,False
DMA|DMA_SMA_P7_SHIFT5_V1|PRICE_CROSS_UP_MA|PRICE_CROSS_DOWN_MA|1H|UP,1H,UP,DMA,0.15172439884098404,1.0,False
DMA|DMA_WMA_P10_SHIFT5_V1|MA_SLOPE_TURN_UP|MA_SLOPE_TURN_DOWN|1H|UP,1H,UP,DMA,0.21846733082088776,1.0,False
DMA|DMA_WMA_P10_SHIFT5_V1|PRICE_CROSS_UP_MA|PRICE_CROSS_DOWN_MA|1H|UP,1H,UP,DMA,0.14706205180414295,1.0,False
DMA|DMA_WMA_P14_SHIFT5_V1|MA_SLOPE_TURN_UP|MA_SLOPE_TURN_DOWN|1H|UP,1H,UP,DMA,0.2733761210832164,1.0,False
DMA|DMA_WMA_P14_SHIFT5_V1|PRICE_CROSS_UP_MA|PRICE_CROSS_DOWN_MA|1H|UP,1H,UP,DMA,0.19181802509732482,1.0,False
DMA|DMA_WMA_P14_SHIFT8_V1|MA_SLOPE_TURN_UP|MA_SLOPE_TURN_DOWN|1H|UP,1H,UP,DMA,0.2733761210832164,1.0,False
DMA|DMA_WMA_P14_SHIFT8_V1|PRICE_CROSS_UP_MA|PRICE_CROSS_DOWN_MA|1H|UP,1H,UP,DMA,0.19181802509732482,1.0,False
DMA|DMA_WMA_P20_SHIFT5_V1|MA_SLOPE_TURN_UP|MA_SLOPE_TURN_DOWN|1H|UP,1H,UP,DMA,0.31588811137723927,1.0,False
DMA|DMA_WMA_P20_SHIFT5_V1|PRICE_CROSS_UP_MA|PRICE_CROSS_DOWN_MA|1H|UP,1H,UP,DMA,0.24814660453399173,1.0,False
DMA|DMA_WMA_P25_SHIFT5_V1|MA_SLOPE_TURN_UP|MA_SLOPE_TURN_DOWN|1H|UP,1H,UP,DMA,0.33058746395165334,1.0,False
DMA|DMA_WMA_P25_SHIFT5_V1|PRICE_CROSS_UP_MA|PRICE_CROSS_DOWN_MA|1H|UP,1H,UP,DMA,0.27897171943861704,1.0,False
DMA|DMA_WMA_P25_SHIFT8_V1|MA_SLOPE_TURN_UP|MA_SLOPE_TURN_DOWN|1H|UP,1H,UP,DMA,0.33058746395165334,1.0,False
DMA|DMA_WMA_P25_SHIFT8_V1|PRICE_CROSS_UP_MA|PRICE_CROSS_DOWN_MA|1H|UP,1H,UP,DMA,0.27897171943861704,1.0,False
DMA|DMA_WMA_P3_SHIFT0_V1|MA_SLOPE_TURN_UP|MA_SLOPE_TURN_DOWN|1H|UP,1H,UP,DMA,0.07469872378667206,1.0,False
DMA|DMA_WMA_P3_SHIFT0_V1|PRICE_CROSS_UP_MA|PRICE_CROSS_DOWN_MA|1H|UP,1H,UP,DMA,0.02993626431437202,1.0,False
DMA|DMA_WMA_P3_SHIFT2_V1|MA_SLOPE_TURN_UP|MA_SLOPE_TURN_DOWN|1H|UP,1H,UP,DMA,0.07469872378667206,1.0,False
DMA|DMA_WMA_P3_SHIFT2_V1|PRICE_CROSS_UP_MA|PRICE_CROSS_DOWN_MA|1H|UP,1H,UP,DMA,0.02993626431437202,1.0,False
DMA|DMA_WMA_P3_SHIFT3_V1|MA_SLOPE_TURN_UP|MA_SLOPE_TURN_DOWN|1H|UP,1H,UP,DMA,0.07469872378667206,1.0,False
DMA|DMA_WMA_P3_SHIFT3_V1|PRICE_CROSS_UP_MA|PRICE_CROSS_DOWN_MA|1H|UP,1H,UP,DMA,0.02993626431437202,1.0,False
DMA|DMA_WMA_P3_SHIFT5_V1|MA_SLOPE_TURN_UP|MA_SLOPE_TURN_DOWN|1H|UP,1H,UP,DMA,0.07469872378667206,1.0,False
DMA|DMA_WMA_P3_SHIFT5_V1|PRICE_CROSS_UP_MA|PRICE_CROSS_DOWN_MA|1H|UP,1H,UP,DMA,0.02993626431437202,1.0,False
DMA|DMA_WMA_P5_SHIFT3_V1|MA_SLOPE_TURN_UP|MA_SLOPE_TURN_DOWN|1H|UP,1H,UP,DMA,0.12790459820569697,1.0,False
DMA|DMA_WMA_P5_SHIFT3_V1|PRICE_CROSS_UP_MA|PRICE_CROSS_DOWN_MA|1H|UP,1H,UP,DMA,0.07215491460345869,1.0,False
DMA|DMA_WMA_P5_SHIFT5_V1|MA_SLOPE_TURN_UP|MA_SLOPE_TURN_DOWN|1H|UP,1H,UP,DMA,0.12790459820569697,1.0,False
DMA|DMA_WMA_P5_SHIFT5_V1|PRICE_CROSS_UP_MA|PRICE_CROSS_DOWN_MA|1H|UP,1H,UP,DMA,0.07215491460345869,1.0,False
DMA|DMA_WMA_P7_SHIFT3_V1|MA_SLOPE_TURN_UP|MA_SLOPE_TURN_DOWN|1H|UP,1H,UP,DMA,0.1711815026821552,1.0,False
DMA|DMA_WMA_P7_SHIFT3_V1|PRICE_CROSS_UP_MA|PRICE_CROSS_DOWN_MA|1H|UP,1H,UP,DMA,0.10728279530177434,1.0,False
DMA|DMA_WMA_P7_SHIFT5_V1|MA_SLOPE_TURN_UP|MA_SLOPE_TURN_DOWN|1H|UP,1H,UP,DMA,0.1711815026821552,1.0,False
DMA|DMA_WMA_P7_SHIFT5_V1|PRICE_CROSS_UP_MA|PRICE_CROSS_DOWN_MA|1H|UP,1H,UP,DMA,0.10728279530177434,1.0,False
DNO_QUANTILE|CAUSAL_DNO_QUANTILE_80_20_CONTROL_V1|CROSSED_OB_BAND_UP|1H|UP,1H,UP,DNO_QUANTILE,0.2735465470705828,1.0,False
DNO_QUANTILE|CAUSAL_DNO_QUANTILE_80_20_CONTROL_V1|FORECAST_OB_CROSS|1H|UP,1H,UP,DNO_QUANTILE,0.16540018662382794,1.0,False
INVERSE|INVERSE_DMA_25X5|DMA_SMA_P25_SHIFT5_V1|1H|UP,1H,UP,INVERSE_PREDICTOR,0.3201792423029087,1.0,False
INVERSE|INVERSE_DMA_3X3|DMA_SMA_P3_SHIFT3_V1|1H|UP,1H,UP,INVERSE_PREDICTOR,0.04246035146197946,1.0,False
INVERSE|INVERSE_DMA_7X5|DMA_SMA_P7_SHIFT5_V1|1H|UP,1H,UP,INVERSE_PREDICTOR,0.13383625049563436,1.0,False
INVERSE|INVERSE_DNO_N7_OB_OS|DNO_PERIOD_7_REFERENCE|1H|UP,1H,UP,INVERSE_PREDICTOR,0.1801516232751944,1.0,False
INVERSE|INVERSE_MACD_12_26_9_SIGNAL_CROSS|MACD_12_26_9_SHIFT0_V1|1H|UP,1H,UP,INVERSE_PREDICTOR,0.3727014584145507,1.0,False
INVERSE|INVERSE_STOCH_14_3_3_POINT_BAR|STOCH_K14_KS3_D3_SHIFT0_V1|1H|UP,1H,UP,INVERSE_PREDICTOR,0.2811805442985537,1.0,False
MACD|DINAPOLI_MACD_REFERENCE_V1|HIST_CROSS_UP_ZERO|HIST_CROSS_DOWN_ZERO|1H|UP,1H,UP,MACD,0.42492854813119507,1.0,False
MACD|DINAPOLI_MACD_REFERENCE_V1|MACD_CROSS_UP_SIGNAL|MACD_CROSS_DOWN_SIGNAL|1H|UP,1H,UP,MACD,0.42492854813119507,1.0,False
MACD|DISPLACED_MACD_12_26_9_SHIFT2_V1|HIST_CROSS_UP_ZERO|HIST_CROSS_DOWN_ZERO|1H|UP,1H,UP,MACD,0.4860216097255726,1.0,False
MACD|DISPLACED_MACD_12_26_9_SHIFT2_V1|MACD_CROSS_UP_SIGNAL|MACD_CROSS_DOWN_SIGNAL|1H|UP,1H,UP,MACD,0.4860216097255726,1.0,False
MACD|DISPLACED_MACD_12_26_9_SHIFT3_V1|HIST_CROSS_UP_ZERO|HIST_CROSS_DOWN_ZERO|1H|UP,1H,UP,MACD,0.4860216097255726,1.0,False
MACD|DISPLACED_MACD_12_26_9_SHIFT3_V1|MACD_CROSS_UP_SIGNAL|MACD_CROSS_DOWN_SIGNAL|1H|UP,1H,UP,MACD,0.4860216097255726,1.0,False
MACD|DISPLACED_MACD_12_26_9_SHIFT5_V1|HIST_CROSS_UP_ZERO|HIST_CROSS_DOWN_ZERO|1H|UP,1H,UP,MACD,0.4860216097255726,1.0,False
MACD|DISPLACED_MACD_12_26_9_SHIFT5_V1|MACD_CROSS_UP_SIGNAL|MACD_CROSS_DOWN_SIGNAL|1H|UP,1H,UP,MACD,0.4860216097255726,1.0,False
MACD|DISPLACED_MACD_5_13_4_SHIFT2_V1|HIST_CROSS_UP_ZERO|HIST_CROSS_DOWN_ZERO|1H|UP,1H,UP,MACD,0.2356315569868188,1.0,False
MACD|DISPLACED_MACD_5_13_4_SHIFT2_V1|MACD_CROSS_UP_SIGNAL|MACD_CROSS_DOWN_SIGNAL|1H|UP,1H,UP,MACD,0.2356315569868188,1.0,False
MACD|DISPLACED_MACD_5_13_4_SHIFT3_V1|HIST_CROSS_UP_ZERO|HIST_CROSS_DOWN_ZERO|1H|UP,1H,UP,MACD,0.2356315569868188,1.0,False
MACD|DISPLACED_MACD_5_13_4_SHIFT3_V1|MACD_CROSS_UP_SIGNAL|MACD_CROSS_DOWN_SIGNAL|1H|UP,1H,UP,MACD,0.2356315569868188,1.0,False
MACD|DISPLACED_MACD_5_13_4_SHIFT5_V1|HIST_CROSS_UP_ZERO|HIST_CROSS_DOWN_ZERO|1H|UP,1H,UP,MACD,0.2356315569868188,1.0,False
MACD|DISPLACED_MACD_5_13_4_SHIFT5_V1|MACD_CROSS_UP_SIGNAL|MACD_CROSS_DOWN_SIGNAL|1H|UP,1H,UP,MACD,0.2356315569868188,1.0,False
MACD|DISPLACED_MACD_8_21_5_SHIFT2_V1|HIST_CROSS_UP_ZERO|HIST_CROSS_DOWN_ZERO|1H|UP,1H,UP,MACD,0.35722888025698846,1.0,False
MACD|DISPLACED_MACD_8_21_5_SHIFT2_V1|MACD_CROSS_UP_SIGNAL|MACD_CROSS_DOWN_SIGNAL|1H|UP,1H,UP,MACD,0.35722888025698846,1.0,False
MACD|DISPLACED_MACD_8_21_5_SHIFT3_V1|HIST_CROSS_UP_ZERO|HIST_CROSS_DOWN_ZERO|1H|UP,1H,UP,MACD,0.35722888025698846,1.0,False
MACD|DISPLACED_MACD_8_21_5_SHIFT3_V1|MACD_CROSS_UP_SIGNAL|MACD_CROSS_DOWN_SIGNAL|1H|UP,1H,UP,MACD,0.35722888025698846,1.0,False
MACD|DISPLACED_MACD_8_21_5_SHIFT5_V1|HIST_CROSS_UP_ZERO|HIST_CROSS_DOWN_ZERO|1H|UP,1H,UP,MACD,0.35722888025698846,1.0,False
MACD|DISPLACED_MACD_8_21_5_SHIFT5_V1|MACD_CROSS_UP_SIGNAL|MACD_CROSS_DOWN_SIGNAL|1H|UP,1H,UP,MACD,0.35722888025698846,1.0,False
MACD|MACD_12_26_9_SHIFT0_V1|HIST_CROSS_UP_ZERO|HIST_CROSS_DOWN_ZERO|1H|UP,1H,UP,MACD,0.4860216097255726,1.0,False
MACD|MACD_12_26_9_SHIFT0_V1|MACD_CROSS_UP_SIGNAL|MACD_CROSS_DOWN_SIGNAL|1H|UP,1H,UP,MACD,0.4860216097255726,1.0,False
MACD|MACD_5_13_4_SHIFT0_V1|HIST_CROSS_UP_ZERO|HIST_CROSS_DOWN_ZERO|1H|UP,1H,UP,MACD,0.2356315569868188,1.0,False
MACD|MACD_5_13_4_SHIFT0_V1|MACD_CROSS_UP_SIGNAL|MACD_CROSS_DOWN_SIGNAL|1H|UP,1H,UP,MACD,0.2356315569868188,1.0,False
MACD|MACD_8_21_5_SHIFT0_V1|HIST_CROSS_UP_ZERO|HIST_CROSS_DOWN_ZERO|1H|UP,1H,UP,MACD,0.35722888025698846,1.0,False
MACD|MACD_8_21_5_SHIFT0_V1|MACD_CROSS_UP_SIGNAL|MACD_CROSS_DOWN_SIGNAL|1H|UP,1H,UP,MACD,0.35722888025698846,1.0,False
OSC_PREDICTOR|OSC_PRED_SWEEP_LOOKBACK_200|CROSSED_OB_BAND_UP|1H|UP,1H,UP,OSC_PREDICTOR,0.2931997439882557,1.0,False
OSC_PREDICTOR|OSC_PRED_SWEEP_LOOKBACK_200|FORECAST_OB_CROSS|1H|UP,1H,UP,OSC_PREDICTOR,0.1916200096245212,1.0,False
OSC_PREDICTOR|OSC_PRED_SWEEP_LOOKBACK_50|CROSSED_OB_BAND_UP|1H|UP,1H,UP,OSC_PREDICTOR,0.32731653872881594,1.0,False
OSC_PREDICTOR|OSC_PRED_SWEEP_LOOKBACK_50|FORECAST_OB_CROSS|1H|UP,1H,UP,OSC_PREDICTOR,0.22938871442754494,1.0,False
OSC_PREDICTOR|OSC_PRED_SWEEP_OB_OS_LEVEL_PERCENT_0.7|CROSSED_OB_BAND_UP|1H|UP,1H,UP,OSC_PREDICTOR,0.27132059474326364,1.0,False
OSC_PREDICTOR|OSC_PRED_SWEEP_OB_OS_LEVEL_PERCENT_0.7|FORECAST_OB_CROSS|1H|UP,1H,UP,OSC_PREDICTOR,0.18033111889965991,1.0,False
OSC_PREDICTOR|OSC_PRED_SWEEP_OB_OS_LEVEL_PERCENT_0.9|CROSSED_OB_BAND_UP|1H|UP,1H,UP,OSC_PREDICTOR,0.3271333519449097,1.0,False
OSC_PREDICTOR|OSC_PRED_SWEEP_OB_OS_LEVEL_PERCENT_0.9|FORECAST_OB_CROSS|1H|UP,1H,UP,OSC_PREDICTOR,0.20657185007606843,1.0,False
OSC_PREDICTOR|OSC_PRED_SWEEP_PEAK_STRENGTH_1|CROSSED_OB_BAND_UP|1H|UP,1H,UP,OSC_PREDICTOR,0.26929286621980864,1.0,False
OSC_PREDICTOR|OSC_PRED_SWEEP_PEAK_STRENGTH_1|FORECAST_OB_CROSS|1H|UP,1H,UP,OSC_PREDICTOR,0.17250445834542788,1.0,False
OSC_PREDICTOR|OSC_PRED_SWEEP_PEAK_STRENGTH_3|CROSSED_OB_BAND_UP|1H|UP,1H,UP,OSC_PREDICTOR,0.32131897457541425,1.0,False
OSC_PREDICTOR|OSC_PRED_SWEEP_PEAK_STRENGTH_3|FORECAST_OB_CROSS|1H|UP,1H,UP,OSC_PREDICTOR,0.2114122282788708,1.0,False
OSC_PREDICTOR|OSC_PRED_SWEEP_PERIOD_10|CROSSED_OB_BAND_UP|1H|UP,1H,UP,OSC_PREDICTOR,0.3068660868632342,1.0,False
OSC_PREDICTOR|OSC_PRED_SWEEP_PERIOD_10|FORECAST_OB_CROSS|1H|UP,1H,UP,OSC_PREDICTOR,0.21630290247430456,1.0,False
OSC_PREDICTOR|OSC_PRED_SWEEP_PERIOD_14|CROSSED_OB_BAND_UP|1H|UP,1H,UP,OSC_PREDICTOR,0.3099156886109476,1.0,False
OSC_PREDICTOR|OSC_PRED_SWEEP_PERIOD_14|FORECAST_OB_CROSS|1H|UP,1H,UP,OSC_PREDICTOR,0.23335512249594859,1.0,False
OSC_PREDICTOR|OSC_PRED_SWEEP_PERIOD_5|CROSSED_OB_BAND_UP|1H|UP,1H,UP,OSC_PREDICTOR,0.2857973731089309,1.0,False
OSC_PREDICTOR|OSC_PRED_SWEEP_PERIOD_5|FORECAST_OB_CROSS|1H|UP,1H,UP,OSC_PREDICTOR,0.16348795790640958,1.0,False
OSC_PREDICTOR|OSC_PRED_SWEEP_SAMPLES_3|CROSSED_OB_BAND_UP|1H|UP,1H,UP,OSC_PREDICTOR,0.3006002233389168,1.0,False
OSC_PREDICTOR|OSC_PRED_SWEEP_SAMPLES_3|FORECAST_OB_CROSS|1H|UP,1H,UP,OSC_PREDICTOR,0.19281813923891816,1.0,False
OSC_PREDICTOR|OSC_PRED_SWEEP_SAMPLES_8|CROSSED_OB_BAND_UP|1H|UP,1H,UP,OSC_PREDICTOR,0.30687662708101615,1.0,False
OSC_PREDICTOR|OSC_PRED_SWEEP_SAMPLES_8|FORECAST_OB_CROSS|1H|UP,1H,UP,OSC_PREDICTOR,0.19247600351367594,1.0,False
OSC_PREDICTOR|PROJECT_DINAPOLI_STYLE_OSCILLATOR_PREDICTOR_REFERENCE|CROSSED_OB_BAND_UP|1H|UP,1H,UP,OSC_PREDICTOR,0.2931997439882557,1.0,False
OSC_PREDICTOR|PROJECT_DINAPOLI_STYLE_OSCILLATOR_PREDICTOR_REFERENCE|FORECAST_OB_CROSS|1H|UP,1H,UP,OSC_PREDICTOR,0.1916200096245212,1.0,False
PURE_DNO|DNO_PERIOD_7_REFERENCE|DNO_ZERO_CROSS_UP|1H|UP,1H,UP,PURE_DNO,0.15172439884098404,1.0,False
STOCH|DINAPOLI_PREFERRED_STOCHASTIC_REFERENCE_V1|K_CROSS_UP_D|K_CROSS_DOWN_D|1H|UP,1H,UP,STOCHASTIC,0.2245352768961768,1.0,False
STOCH|DISPLACED_STOCH_K14_KS3_D3_SHIFT2_V1|K_CROSS_UP_D|K_CROSS_DOWN_D|1H|UP,1H,UP,STOCHASTIC,0.13419672265506943,1.0,False
STOCH|DISPLACED_STOCH_K14_KS3_D3_SHIFT3_V1|K_CROSS_UP_D|K_CROSS_DOWN_D|1H|UP,1H,UP,STOCHASTIC,0.13419672265506943,1.0,False
STOCH|DISPLACED_STOCH_K14_KS3_D3_SHIFT5_V1|K_CROSS_UP_D|K_CROSS_DOWN_D|1H|UP,1H,UP,STOCHASTIC,0.13419672265506943,1.0,False
STOCH|DISPLACED_STOCH_K21_KS5_D5_SHIFT2_V1|K_CROSS_UP_D|K_CROSS_DOWN_D|1H|UP,1H,UP,STOCHASTIC,0.2797468057018554,1.0,False
STOCH|DISPLACED_STOCH_K21_KS5_D5_SHIFT3_V1|K_CROSS_UP_D|K_CROSS_DOWN_D|1H|UP,1H,UP,STOCHASTIC,0.2797468057018554,1.0,False
STOCH|DISPLACED_STOCH_K21_KS5_D5_SHIFT5_V1|K_CROSS_UP_D|K_CROSS_DOWN_D|1H|UP,1H,UP,STOCHASTIC,0.2797468057018554,1.0,False
STOCH|DISPLACED_STOCH_K5_KS3_D3_SHIFT2_V1|K_CROSS_UP_D|K_CROSS_DOWN_D|1H|UP,1H,UP,STOCHASTIC,0.11676377749940406,1.0,False
STOCH|DISPLACED_STOCH_K5_KS3_D3_SHIFT3_V1|K_CROSS_UP_D|K_CROSS_DOWN_D|1H|UP,1H,UP,STOCHASTIC,0.11676377749940406,1.0,False
STOCH|DISPLACED_STOCH_K5_KS3_D3_SHIFT5_V1|K_CROSS_UP_D|K_CROSS_DOWN_D|1H|UP,1H,UP,STOCHASTIC,0.11676377749940406,1.0,False
STOCH|DISPLACED_STOCH_K9_KS3_D3_SHIFT2_V1|K_CROSS_UP_D|K_CROSS_DOWN_D|1H|UP,1H,UP,STOCHASTIC,0.1291836164951743,1.0,False
STOCH|DISPLACED_STOCH_K9_KS3_D3_SHIFT3_V1|K_CROSS_UP_D|K_CROSS_DOWN_D|1H|UP,1H,UP,STOCHASTIC,0.1291836164951743,1.0,False
STOCH|DISPLACED_STOCH_K9_KS3_D3_SHIFT5_V1|K_CROSS_UP_D|K_CROSS_DOWN_D|1H|UP,1H,UP,STOCHASTIC,0.1291836164951743,1.0,False
STOCH|STOCH_K14_KS3_D3_SHIFT0_V1|K_CROSS_UP_D|K_CROSS_DOWN_D|1H|UP,1H,UP,STOCHASTIC,0.13419672265506943,1.0,False
STOCH|STOCH_K21_KS5_D5_SHIFT0_V1|K_CROSS_UP_D|K_CROSS_DOWN_D|1H|UP,1H,UP,STOCHASTIC,0.2797468057018554,1.0,False
STOCH|STOCH_K5_KS3_D3_SHIFT0_V1|K_CROSS_UP_D|K_CROSS_DOWN_D|1H|UP,1H,UP,STOCHASTIC,0.11676377749940406,1.0,False
STOCH|STOCH_K9_KS3_D3_SHIFT0_V1|K_CROSS_UP_D|K_CROSS_DOWN_D|1H|UP,1H,UP,STOCHASTIC,0.1291836164951743,1.0,False
DMA|DMA_EMA_P10_SHIFT5_V1|MA_SLOPE_TURN_UP|MA_SLOPE_TURN_DOWN|2H|DOWN,2H,DOWN,DMA,0.18566995524565438,1.0,False
DMA|DMA_EMA_P10_SHIFT5_V1|PRICE_CROSS_UP_MA|PRICE_CROSS_DOWN_MA|2H|DOWN,2H,DOWN,DMA,0.18544376773279636,1.0,False
DMA|DMA_EMA_P14_SHIFT5_V1|MA_SLOPE_TURN_UP|MA_SLOPE_TURN_DOWN|2H|DOWN,2H,DOWN,DMA,0.22190775996353673,1.0,False
DMA|DMA_EMA_P14_SHIFT5_V1|PRICE_CROSS_UP_MA|PRICE_CROSS_DOWN_MA|2H|DOWN,2H,DOWN,DMA,0.22159971176364623,1.0,False
DMA|DMA_EMA_P14_SHIFT8_V1|MA_SLOPE_TURN_UP|MA_SLOPE_TURN_DOWN|2H|DOWN,2H,DOWN,DMA,0.22190775996353673,1.0,False
DMA|DMA_EMA_P14_SHIFT8_V1|PRICE_CROSS_UP_MA|PRICE_CROSS_DOWN_MA|2H|DOWN,2H,DOWN,DMA,0.22159971176364623,1.0,False
DMA|DMA_EMA_P20_SHIFT5_V1|MA_SLOPE_TURN_UP|MA_SLOPE_TURN_DOWN|2H|DOWN,2H,DOWN,DMA,0.2599585875664682,1.0,False
DMA|DMA_EMA_P20_SHIFT5_V1|PRICE_CROSS_UP_MA|PRICE_CROSS_DOWN_MA|2H|DOWN,2H,DOWN,DMA,0.25953928245797614,1.0,False
DMA|DMA_EMA_P25_SHIFT5_V1|MA_SLOPE_TURN_UP|MA_SLOPE_TURN_DOWN|2H|DOWN,2H,DOWN,DMA,0.2865607923497268,1.0,False
DMA|DMA_EMA_P25_SHIFT5_V1|PRICE_CROSS_UP_MA|PRICE_CROSS_DOWN_MA|2H|DOWN,2H,DOWN,DMA,0.2865607923497268,1.0,False
DMA|DMA_EMA_P25_SHIFT8_V1|MA_SLOPE_TURN_UP|MA_SLOPE_TURN_DOWN|2H|DOWN,2H,DOWN,DMA,0.2865607923497268,1.0,False
DMA|DMA_EMA_P25_SHIFT8_V1|PRICE_CROSS_UP_MA|PRICE_CROSS_DOWN_MA|2H|DOWN,2H,DOWN,DMA,0.2865607923497268,1.0,False
DMA|DMA_EMA_P3_SHIFT0_V1|MA_SLOPE_TURN_UP|MA_SLOPE_TURN_DOWN|2H|DOWN,2H,DOWN,DMA,0.06226529263365636,1.0,False
DMA|DMA_EMA_P3_SHIFT0_V1|PRICE_CROSS_UP_MA|PRICE_CROSS_DOWN_MA|2H|DOWN,2H,DOWN,DMA,0.06219004948042069,1.0,False
DMA|DMA_EMA_P3_SHIFT2_V1|MA_SLOPE_TURN_UP|MA_SLOPE_TURN_DOWN|2H|DOWN,2H,DOWN,DMA,0.06226529263365636,1.0,False
DMA|DMA_EMA_P3_SHIFT2_V1|PRICE_CROSS_UP_MA|PRICE_CROSS_DOWN_MA|2H|DOWN,2H,DOWN,DMA,0.06219004948042069,1.0,False
DMA|DMA_EMA_P3_SHIFT3_V1|MA_SLOPE_TURN_UP|MA_SLOPE_TURN_DOWN|2H|DOWN,2H,DOWN,DMA,0.06226529263365636,1.0,False
DMA|DMA_EMA_P3_SHIFT3_V1|PRICE_CROSS_UP_MA|PRICE_CROSS_DOWN_MA|2H|DOWN,2H,DOWN,DMA,0.06219004948042069,1.0,False
DMA|DMA_EMA_P3_SHIFT5_V1|MA_SLOPE_TURN_UP|MA_SLOPE_TURN_DOWN|2H|DOWN,2H,DOWN,DMA,0.06226529263365636,1.0,False
DMA|DMA_EMA_P3_SHIFT5_V1|PRICE_CROSS_UP_MA|PRICE_CROSS_DOWN_MA|2H|DOWN,2H,DOWN,DMA,0.06219004948042069,1.0,False
DMA|DMA_EMA_P5_SHIFT3_V1|MA_SLOPE_TURN_UP|MA_SLOPE_TURN_DOWN|2H|DOWN,2H,DOWN,DMA,0.10870439112184667,1.0,False
DMA|DMA_EMA_P5_SHIFT3_V1|PRICE_CROSS_UP_MA|PRICE_CROSS_DOWN_MA|2H|DOWN,2H,DOWN,DMA,0.1090039741679086,1.0,False
DMA|DMA_EMA_P5_SHIFT5_V1|MA_SLOPE_TURN_UP|MA_SLOPE_TURN_DOWN|2H|DOWN,2H,DOWN,DMA,0.10870439112184667,1.0,False
DMA|DMA_EMA_P5_SHIFT5_V1|PRICE_CROSS_UP_MA|PRICE_CROSS_DOWN_MA|2H|DOWN,2H,DOWN,DMA,0.1090039741679086,1.0,False
DMA|DMA_EMA_P7_SHIFT3_V1|MA_SLOPE_TURN_UP|MA_SLOPE_TURN_DOWN|2H|DOWN,2H,DOWN,DMA,0.14499247186160863,1.0,False
DMA|DMA_EMA_P7_SHIFT3_V1|PRICE_CROSS_UP_MA|PRICE_CROSS_DOWN_MA|2H|DOWN,2H,DOWN,DMA,0.14499247186160863,1.0,False
DMA|DMA_EMA_P7_SHIFT5_V1|MA_SLOPE_TURN_UP|MA_SLOPE_TURN_DOWN|2H|DOWN,2H,DOWN,DMA,0.14499247186160863,1.0,False
DMA|DMA_EMA_P7_SHIFT5_V1|PRICE_CROSS_UP_MA|PRICE_CROSS_DOWN_MA|2H|DOWN,2H,DOWN,DMA,0.14499247186160863,1.0,False
DMA|DMA_SMA_P10_SHIFT5_V1|MA_SLOPE_TURN_UP|MA_SLOPE_TURN_DOWN|2H|DOWN,2H,DOWN,DMA,0.2466584949607814,1.0,False
DMA|DMA_SMA_P10_SHIFT5_V1|PRICE_CROSS_UP_MA|PRICE_CROSS_DOWN_MA|2H|DOWN,2H,DOWN,DMA,0.20593881898410937,1.0,False
DMA|DMA_SMA_P14_SHIFT5_V1|MA_SLOPE_TURN_UP|MA_SLOPE_TURN_DOWN|2H|DOWN,2H,DOWN,DMA,0.2569133564522909,1.0,False
DMA|DMA_SMA_P14_SHIFT5_V1|PRICE_CROSS_UP_MA|PRICE_CROSS_DOWN_MA|2H|DOWN,2H,DOWN,DMA,0.2638975040614385,1.0,False
DMA|DMA_SMA_P14_SHIFT8_V1|MA_SLOPE_TURN_UP|MA_SLOPE_TURN_DOWN|2H|DOWN,2H,DOWN,DMA,0.2569133564522909,1.0,False
DMA|DMA_SMA_P14_SHIFT8_V1|PRICE_CROSS_UP_MA|PRICE_CROSS_DOWN_MA|2H|DOWN,2H,DOWN,DMA,0.2638975040614385,1.0,False
DMA|DMA_SMA_P20_SHIFT5_V1|MA_SLOPE_TURN_UP|MA_SLOPE_TURN_DOWN|2H|DOWN,2H,DOWN,DMA,0.2508757486816045,1.0,False
DMA|DMA_SMA_P20_SHIFT5_V1|PRICE_CROSS_UP_MA|PRICE_CROSS_DOWN_MA|2H|DOWN,2H,DOWN,DMA,0.2990993725966404,1.0,False
DMA|DMA_SMA_P25_SHIFT5_V1|MA_SLOPE_TURN_UP|MA_SLOPE_TURN_DOWN|2H|DOWN,2H,DOWN,DMA,0.24242148258541701,1.0,False
DMA|DMA_SMA_P25_SHIFT5_V1|PRICE_CROSS_UP_MA|PRICE_CROSS_DOWN_MA|2H|DOWN,2H,DOWN,DMA,0.3097173764119231,1.0,False
DMA|DMA_SMA_P25_SHIFT8_V1|MA_SLOPE_TURN_UP|MA_SLOPE_TURN_DOWN|2H|DOWN,2H,DOWN,DMA,0.24242148258541701,1.0,False
DMA|DMA_SMA_P25_SHIFT8_V1|PRICE_CROSS_UP_MA|PRICE_CROSS_DOWN_MA|2H|DOWN,2H,DOWN,DMA,0.3097173764119231,1.0,False
DMA|DMA_SMA_P3_SHIFT0_V1|MA_SLOPE_TURN_UP|MA_SLOPE_TURN_DOWN|2H|DOWN,2H,DOWN,DMA,0.09703798399090925,1.0,False
DMA|DMA_SMA_P3_SHIFT0_V1|PRICE_CROSS_UP_MA|PRICE_CROSS_DOWN_MA|2H|DOWN,2H,DOWN,DMA,0.042898643755349256,1.0,False
DMA|DMA_SMA_P3_SHIFT2_V1|MA_SLOPE_TURN_UP|MA_SLOPE_TURN_DOWN|2H|DOWN,2H,DOWN,DMA,0.09703798399090925,1.0,False
DMA|DMA_SMA_P3_SHIFT2_V1|PRICE_CROSS_UP_MA|PRICE_CROSS_DOWN_MA|2H|DOWN,2H,DOWN,DMA,0.042898643755349256,1.0,False
DMA|DMA_SMA_P3_SHIFT3_V1|MA_SLOPE_TURN_UP|MA_SLOPE_TURN_DOWN|2H|DOWN,2H,DOWN,DMA,0.09703798399090925,1.0,False
DMA|DMA_SMA_P3_SHIFT3_V1|PRICE_CROSS_UP_MA|PRICE_CROSS_DOWN_MA|2H|DOWN,2H,DOWN,DMA,0.042898643755349256,1.0,False
DMA|DMA_SMA_P3_SHIFT5_V1|MA_SLOPE_TURN_UP|MA_SLOPE_TURN_DOWN|2H|DOWN,2H,DOWN,DMA,0.09703798399090925,1.0,False
DMA|DMA_SMA_P3_SHIFT5_V1|PRICE_CROSS_UP_MA|PRICE_CROSS_DOWN_MA|2H|DOWN,2H,DOWN,DMA,0.042898643755349256,1.0,False
DMA|DMA_SMA_P5_SHIFT3_V1|MA_SLOPE_TURN_UP|MA_SLOPE_TURN_DOWN|2H|DOWN,2H,DOWN,DMA,0.15544544852297976,1.0,False
DMA|DMA_SMA_P5_SHIFT3_V1|PRICE_CROSS_UP_MA|PRICE_CROSS_DOWN_MA|2H|DOWN,2H,DOWN,DMA,0.10899179449334949,1.0,False
DMA|DMA_SMA_P5_SHIFT5_V1|MA_SLOPE_TURN_UP|MA_SLOPE_TURN_DOWN|2H|DOWN,2H,DOWN,DMA,0.15544544852297976,1.0,False
DMA|DMA_SMA_P5_SHIFT5_V1|PRICE_CROSS_UP_MA|PRICE_CROSS_DOWN_MA|2H|DOWN,2H,DOWN,DMA,0.10899179449334949,1.0,False
DMA|DMA_SMA_P7_SHIFT3_V1|MA_SLOPE_TURN_UP|MA_SLOPE_TURN_DOWN|2H|DOWN,2H,DOWN,DMA,0.19927616510381635,1.0,False
DMA|DMA_SMA_P7_SHIFT3_V1|PRICE_CROSS_UP_MA|PRICE_CROSS_DOWN_MA|2H|DOWN,2H,DOWN,DMA,0.15538123993125447,1.0,False
DMA|DMA_SMA_P7_SHIFT5_V1|MA_SLOPE_TURN_UP|MA_SLOPE_TURN_DOWN|2H|DOWN,2H,DOWN,DMA,0.19927616510381635,1.0,False
DMA|DMA_SMA_P7_SHIFT5_V1|PRICE_CROSS_UP_MA|PRICE_CROSS_DOWN_MA|2H|DOWN,2H,DOWN,DMA,0.15538123993125447,1.0,False
DMA|DMA_WMA_P10_SHIFT5_V1|MA_SLOPE_TURN_UP|MA_SLOPE_TURN_DOWN|2H|DOWN,2H,DOWN,DMA,0.22112389570009588,1.0,False
DMA|DMA_WMA_P10_SHIFT5_V1|PRICE_CROSS_UP_MA|PRICE_CROSS_DOWN_MA|2H|DOWN,2H,DOWN,DMA,0.15310623942402002,1.0,False
DMA|DMA_WMA_P14_SHIFT5_V1|MA_SLOPE_TURN_UP|MA_SLOPE_TURN_DOWN|2H|DOWN,2H,DOWN,DMA,0.2702151424545486,1.0,False
DMA|DMA_WMA_P14_SHIFT5_V1|PRICE_CROSS_UP_MA|PRICE_CROSS_DOWN_MA|2H|DOWN,2H,DOWN,DMA,0.197380869595079,1.0,False
DMA|DMA_WMA_P14_SHIFT8_V1|MA_SLOPE_TURN_UP|MA_SLOPE_TURN_DOWN|2H|DOWN,2H,DOWN,DMA,0.2702151424545486,1.0,False
DMA|DMA_WMA_P14_SHIFT8_V1|PRICE_CROSS_UP_MA|PRICE_CROSS_DOWN_MA|2H|DOWN,2H,DOWN,DMA,0.197380869595079,1.0,False
DMA|DMA_WMA_P20_SHIFT5_V1|MA_SLOPE_TURN_UP|MA_SLOPE_TURN_DOWN|2H|DOWN,2H,DOWN,DMA,0.3030318160383901,1.0,False
DMA|DMA_WMA_P20_SHIFT5_V1|PRICE_CROSS_UP_MA|PRICE_CROSS_DOWN_MA|2H|DOWN,2H,DOWN,DMA,0.23986487544428264,1.0,False
DMA|DMA_WMA_P25_SHIFT5_V1|MA_SLOPE_TURN_UP|MA_SLOPE_TURN_DOWN|2H|DOWN,2H,DOWN,DMA,0.3123847973248512,1.0,False
DMA|DMA_WMA_P25_SHIFT5_V1|PRICE_CROSS_UP_MA|PRICE_CROSS_DOWN_MA|2H|DOWN,2H,DOWN,DMA,0.2704748778954495,1.0,False
DMA|DMA_WMA_P25_SHIFT8_V1|MA_SLOPE_TURN_UP|MA_SLOPE_TURN_DOWN|2H|DOWN,2H,DOWN,DMA,0.3123847973248512,1.0,False
DMA|DMA_WMA_P25_SHIFT8_V1|PRICE_CROSS_UP_MA|PRICE_CROSS_DOWN_MA|2H|DOWN,2H,DOWN,DMA,0.2704748778954495,1.0,False
DMA|DMA_WMA_P3_SHIFT0_V1|MA_SLOPE_TURN_UP|MA_SLOPE_TURN_DOWN|2H|DOWN,2H,DOWN,DMA,0.07800521102628831,1.0,False
DMA|DMA_WMA_P3_SHIFT0_V1|PRICE_CROSS_UP_MA|PRICE_CROSS_DOWN_MA|2H|DOWN,2H,DOWN,DMA,0.030005817698269224,1.0,False
DMA|DMA_WMA_P3_SHIFT2_V1|MA_SLOPE_TURN_UP|MA_SLOPE_TURN_DOWN|2H|DOWN,2H,DOWN,DMA,0.07800521102628831,1.0,False
DMA|DMA_WMA_P3_SHIFT2_V1|PRICE_CROSS_UP_MA|PRICE_CROSS_DOWN_MA|2H|DOWN,2H,DOWN,DMA,0.030005817698269224,1.0,False
DMA|DMA_WMA_P3_SHIFT3_V1|MA_SLOPE_TURN_UP|MA_SLOPE_TURN_DOWN|2H|DOWN,2H,DOWN,DMA,0.07800521102628831,1.0,False
DMA|DMA_WMA_P3_SHIFT3_V1|PRICE_CROSS_UP_MA|PRICE_CROSS_DOWN_MA|2H|DOWN,2H,DOWN,DMA,0.030005817698269224,1.0,False
DMA|DMA_WMA_P3_SHIFT5_V1|MA_SLOPE_TURN_UP|MA_SLOPE_TURN_DOWN|2H|DOWN,2H,DOWN,DMA,0.07800521102628831,1.0,False
DMA|DMA_WMA_P3_SHIFT5_V1|PRICE_CROSS_UP_MA|PRICE_CROSS_DOWN_MA|2H|DOWN,2H,DOWN,DMA,0.030005817698269224,1.0,False
DMA|DMA_WMA_P5_SHIFT3_V1|MA_SLOPE_TURN_UP|MA_SLOPE_TURN_DOWN|2H|DOWN,2H,DOWN,DMA,0.13179223242128313,1.0,False
DMA|DMA_WMA_P5_SHIFT3_V1|PRICE_CROSS_UP_MA|PRICE_CROSS_DOWN_MA|2H|DOWN,2H,DOWN,DMA,0.07532340424473512,1.0,False
DMA|DMA_WMA_P5_SHIFT5_V1|MA_SLOPE_TURN_UP|MA_SLOPE_TURN_DOWN|2H|DOWN,2H,DOWN,DMA,0.13179223242128313,1.0,False
DMA|DMA_WMA_P5_SHIFT5_V1|PRICE_CROSS_UP_MA|PRICE_CROSS_DOWN_MA|2H|DOWN,2H,DOWN,DMA,0.07532340424473512,1.0,False
DMA|DMA_WMA_P7_SHIFT3_V1|MA_SLOPE_TURN_UP|MA_SLOPE_TURN_DOWN|2H|DOWN,2H,DOWN,DMA,0.17395354035160737,1.0,False
DMA|DMA_WMA_P7_SHIFT3_V1|PRICE_CROSS_UP_MA|PRICE_CROSS_DOWN_MA|2H|DOWN,2H,DOWN,DMA,0.11100932176149149,1.0,False
DMA|DMA_WMA_P7_SHIFT5_V1|MA_SLOPE_TURN_UP|MA_SLOPE_TURN_DOWN|2H|DOWN,2H,DOWN,DMA,0.17395354035160737,1.0,False
DMA|DMA_WMA_P7_SHIFT5_V1|PRICE_CROSS_UP_MA|PRICE_CROSS_DOWN_MA|2H|DOWN,2H,DOWN,DMA,0.11100932176149149,1.0,False
DNO_QUANTILE|CAUSAL_DNO_QUANTILE_80_20_CONTROL_V1|CROSSED_OS_BAND_DOWN|2H|DOWN,2H,DOWN,DNO_QUANTILE,0.235466103413707,1.0,False
DNO_QUANTILE|CAUSAL_DNO_QUANTILE_80_20_CONTROL_V1|FORECAST_OS_CROSS|2H|DOWN,2H,DOWN,DNO_QUANTILE,0.166671773658138,1.0,False
INVERSE|INVERSE_DMA_25X5|DMA_SMA_P25_SHIFT5_V1|2H|DOWN,2H,DOWN,INVERSE_PREDICTOR,0.3055191256830601,1.0,False
INVERSE|INVERSE_DMA_3X3|DMA_SMA_P3_SHIFT3_V1|2H|DOWN,2H,DOWN,INVERSE_PREDICTOR,0.04923775998992973,1.0,False
INVERSE|INVERSE_DMA_7X5|DMA_SMA_P7_SHIFT5_V1|2H|DOWN,2H,DOWN,INVERSE_PREDICTOR,0.1467985869625214,1.0,False
INVERSE|INVERSE_DNO_N7_OB_OS|DNO_PERIOD_7_REFERENCE|2H|DOWN,2H,DOWN,INVERSE_PREDICTOR,0.18726989808264816,1.0,False
INVERSE|INVERSE_MACD_12_26_9_SIGNAL_CROSS|MACD_12_26_9_SHIFT0_V1|2H|DOWN,2H,DOWN,INVERSE_PREDICTOR,0.3766433860380897,1.0,False
INVERSE|INVERSE_STOCH_14_3_3_POINT_BAR|STOCH_K14_KS3_D3_SHIFT0_V1|2H|DOWN,2H,DOWN,INVERSE_PREDICTOR,0.24300704838837411,1.0,False
MACD|DINAPOLI_MACD_REFERENCE_V1|HIST_CROSS_UP_ZERO|HIST_CROSS_DOWN_ZERO|2H|DOWN,2H,DOWN,MACD,0.42252699969880814,1.0,False
MACD|DINAPOLI_MACD_REFERENCE_V1|MACD_CROSS_UP_SIGNAL|MACD_CROSS_DOWN_SIGNAL|2H|DOWN,2H,DOWN,MACD,0.42252699969880814,1.0,False
MACD|DISPLACED_MACD_12_26_9_SHIFT2_V1|HIST_CROSS_UP_ZERO|HIST_CROSS_DOWN_ZERO|2H|DOWN,2H,DOWN,MACD,0.4917691256830601,1.0,False
MACD|DISPLACED_MACD_12_26_9_SHIFT2_V1|MACD_CROSS_UP_SIGNAL|MACD_CROSS_DOWN_SIGNAL|2H|DOWN,2H,DOWN,MACD,0.4917691256830601,1.0,False
MACD|DISPLACED_MACD_12_26_9_SHIFT3_V1|HIST_CROSS_UP_ZERO|HIST_CROSS_DOWN_ZERO|2H|DOWN,2H,DOWN,MACD,0.4917691256830601,1.0,False
MACD|DISPLACED_MACD_12_26_9_SHIFT3_V1|MACD_CROSS_UP_SIGNAL|MACD_CROSS_DOWN_SIGNAL|2H|DOWN,2H,DOWN,MACD,0.4917691256830601,1.0,False
MACD|DISPLACED_MACD_12_26_9_SHIFT5_V1|HIST_CROSS_UP_ZERO|HIST_CROSS_DOWN_ZERO|2H|DOWN,2H,DOWN,MACD,0.4917691256830601,1.0,False
MACD|DISPLACED_MACD_12_26_9_SHIFT5_V1|MACD_CROSS_UP_SIGNAL|MACD_CROSS_DOWN_SIGNAL|2H|DOWN,2H,DOWN,MACD,0.4917691256830601,1.0,False
MACD|DISPLACED_MACD_5_13_4_SHIFT2_V1|HIST_CROSS_UP_ZERO|HIST_CROSS_DOWN_ZERO|2H|DOWN,2H,DOWN,MACD,0.22114735287755238,1.0,False
MACD|DISPLACED_MACD_5_13_4_SHIFT2_V1|MACD_CROSS_UP_SIGNAL|MACD_CROSS_DOWN_SIGNAL|2H|DOWN,2H,DOWN,MACD,0.22114735287755238,1.0,False
MACD|DISPLACED_MACD_5_13_4_SHIFT3_V1|HIST_CROSS_UP_ZERO|HIST_CROSS_DOWN_ZERO|2H|DOWN,2H,DOWN,MACD,0.22114735287755238,1.0,False
MACD|DISPLACED_MACD_5_13_4_SHIFT3_V1|MACD_CROSS_UP_SIGNAL|MACD_CROSS_DOWN_SIGNAL|2H|DOWN,2H,DOWN,MACD,0.22114735287755238,1.0,False
MACD|DISPLACED_MACD_5_13_4_SHIFT5_V1|HIST_CROSS_UP_ZERO|HIST_CROSS_DOWN_ZERO|2H|DOWN,2H,DOWN,MACD,0.22114735287755238,1.0,False
MACD|DISPLACED_MACD_5_13_4_SHIFT5_V1|MACD_CROSS_UP_SIGNAL|MACD_CROSS_DOWN_SIGNAL|2H|DOWN,2H,DOWN,MACD,0.22114735287755238,1.0,False
MACD|DISPLACED_MACD_8_21_5_SHIFT2_V1|HIST_CROSS_UP_ZERO|HIST_CROSS_DOWN_ZERO|2H|DOWN,2H,DOWN,MACD,0.3612090074176199,1.0,False
MACD|DISPLACED_MACD_8_21_5_SHIFT2_V1|MACD_CROSS_UP_SIGNAL|MACD_CROSS_DOWN_SIGNAL|2H|DOWN,2H,DOWN,MACD,0.3612090074176199,1.0,False
MACD|DISPLACED_MACD_8_21_5_SHIFT3_V1|HIST_CROSS_UP_ZERO|HIST_CROSS_DOWN_ZERO|2H|DOWN,2H,DOWN,MACD,0.3612090074176199,1.0,False
MACD|DISPLACED_MACD_8_21_5_SHIFT3_V1|MACD_CROSS_UP_SIGNAL|MACD_CROSS_DOWN_SIGNAL|2H|DOWN,2H,DOWN,MACD,0.3612090074176199,1.0,False
MACD|DISPLACED_MACD_8_21_5_SHIFT5_V1|HIST_CROSS_UP_ZERO|HIST_CROSS_DOWN_ZERO|2H|DOWN,2H,DOWN,MACD,0.3612090074176199,1.0,False
MACD|DISPLACED_MACD_8_21_5_SHIFT5_V1|MACD_CROSS_UP_SIGNAL|MACD_CROSS_DOWN_SIGNAL|2H|DOWN,2H,DOWN,MACD,0.3612090074176199,1.0,False
MACD|MACD_12_26_9_SHIFT0_V1|HIST_CROSS_UP_ZERO|HIST_CROSS_DOWN_ZERO|2H|DOWN,2H,DOWN,MACD,0.4917691256830601,1.0,False
MACD|MACD_12_26_9_SHIFT0_V1|MACD_CROSS_UP_SIGNAL|MACD_CROSS_DOWN_SIGNAL|2H|DOWN,2H,DOWN,MACD,0.4917691256830601,1.0,False
MACD|MACD_5_13_4_SHIFT0_V1|HIST_CROSS_UP_ZERO|HIST_CROSS_DOWN_ZERO|2H|DOWN,2H,DOWN,MACD,0.22114735287755238,1.0,False
MACD|MACD_5_13_4_SHIFT0_V1|MACD_CROSS_UP_SIGNAL|MACD_CROSS_DOWN_SIGNAL|2H|DOWN,2H,DOWN,MACD,0.22114735287755238,1.0,False
MACD|MACD_8_21_5_SHIFT0_V1|HIST_CROSS_UP_ZERO|HIST_CROSS_DOWN_ZERO|2H|DOWN,2H,DOWN,MACD,0.3612090074176199,1.0,False
MACD|MACD_8_21_5_SHIFT0_V1|MACD_CROSS_UP_SIGNAL|MACD_CROSS_DOWN_SIGNAL|2H|DOWN,2H,DOWN,MACD,0.3612090074176199,1.0,False
OSC_PREDICTOR|OSC_PRED_SWEEP_LOOKBACK_200|CROSSED_OS_BAND_DOWN|2H|DOWN,2H,DOWN,OSC_PREDICTOR,0.2912179045161673,1.0,False
OSC_PREDICTOR|OSC_PRED_SWEEP_LOOKBACK_200|FORECAST_OS_CROSS|2H|DOWN,2H,DOWN,OSC_PREDICTOR,0.19049044499472362,1.0,False
OSC_PREDICTOR|OSC_PRED_SWEEP_LOOKBACK_50|CROSSED_OS_BAND_DOWN|2H|DOWN,2H,DOWN,OSC_PREDICTOR,0.3004723967110975,1.0,False
OSC_PREDICTOR|OSC_PRED_SWEEP_LOOKBACK_50|FORECAST_OS_CROSS|2H|DOWN,2H,DOWN,OSC_PREDICTOR,0.20151912568306013,1.0,False
OSC_PREDICTOR|OSC_PRED_SWEEP_OB_OS_LEVEL_PERCENT_0.7|CROSSED_OS_BAND_DOWN|2H|DOWN,2H,DOWN,OSC_PREDICTOR,0.2704112120139954,1.0,False
OSC_PREDICTOR|OSC_PRED_SWEEP_OB_OS_LEVEL_PERCENT_0.7|FORECAST_OS_CROSS|2H|DOWN,2H,DOWN,OSC_PREDICTOR,0.19258434307436445,1.0,False
OSC_PREDICTOR|OSC_PRED_SWEEP_OB_OS_LEVEL_PERCENT_0.9|CROSSED_OS_BAND_DOWN|2H|DOWN,2H,DOWN,OSC_PREDICTOR,0.3023130188128311,1.0,False
OSC_PREDICTOR|OSC_PRED_SWEEP_OB_OS_LEVEL_PERCENT_0.9|FORECAST_OS_CROSS|2H|DOWN,2H,DOWN,OSC_PREDICTOR,0.20393743993904345,1.0,False
OSC_PREDICTOR|OSC_PRED_SWEEP_PEAK_STRENGTH_1|CROSSED_OS_BAND_DOWN|2H|DOWN,2H,DOWN,OSC_PREDICTOR,0.25870348322495956,1.0,False
OSC_PREDICTOR|OSC_PRED_SWEEP_PEAK_STRENGTH_1|FORECAST_OS_CROSS|2H|DOWN,2H,DOWN,OSC_PREDICTOR,0.17898816724370475,1.0,False
OSC_PREDICTOR|OSC_PRED_SWEEP_PEAK_STRENGTH_3|CROSSED_OS_BAND_DOWN|2H|DOWN,2H,DOWN,OSC_PREDICTOR,0.3116466528992343,1.0,False
OSC_PREDICTOR|OSC_PRED_SWEEP_PEAK_STRENGTH_3|FORECAST_OS_CROSS|2H|DOWN,2H,DOWN,OSC_PREDICTOR,0.21167628391772103,1.0,False
OSC_PREDICTOR|OSC_PRED_SWEEP_PERIOD_10|CROSSED_OS_BAND_DOWN|2H|DOWN,2H,DOWN,OSC_PREDICTOR,0.29764033780427224,1.0,False
OSC_PREDICTOR|OSC_PRED_SWEEP_PERIOD_10|FORECAST_OS_CROSS|2H|DOWN,2H,DOWN,OSC_PREDICTOR,0.23144592615531512,1.0,False
OSC_PREDICTOR|OSC_PRED_SWEEP_PERIOD_14|CROSSED_OS_BAND_DOWN|2H|DOWN,2H,DOWN,OSC_PREDICTOR,0.3079329187865084,1.0,False
OSC_PREDICTOR|OSC_PRED_SWEEP_PERIOD_14|FORECAST_OS_CROSS|2H|DOWN,2H,DOWN,OSC_PREDICTOR,0.2348826334624095,1.0,False
OSC_PREDICTOR|OSC_PRED_SWEEP_PERIOD_5|CROSSED_OS_BAND_DOWN|2H|DOWN,2H,DOWN,OSC_PREDICTOR,0.28709392883266643,1.0,False
OSC_PREDICTOR|OSC_PRED_SWEEP_PERIOD_5|FORECAST_OS_CROSS|2H|DOWN,2H,DOWN,OSC_PREDICTOR,0.174594755935161,1.0,False
OSC_PREDICTOR|OSC_PRED_SWEEP_SAMPLES_3|CROSSED_OS_BAND_DOWN|2H|DOWN,2H,DOWN,OSC_PREDICTOR,0.28886964114697766,1.0,False
OSC_PREDICTOR|OSC_PRED_SWEEP_SAMPLES_3|FORECAST_OS_CROSS|2H|DOWN,2H,DOWN,OSC_PREDICTOR,0.20816246873456645,1.0,False
OSC_PREDICTOR|OSC_PRED_SWEEP_SAMPLES_8|CROSSED_OS_BAND_DOWN|2H|DOWN,2H,DOWN,OSC_PREDICTOR,0.2837749396365485,1.0,False
OSC_PREDICTOR|OSC_PRED_SWEEP_SAMPLES_8|FORECAST_OS_CROSS|2H|DOWN,2H,DOWN,OSC_PREDICTOR,0.19912244863217748,1.0,False
OSC_PREDICTOR|PROJECT_DINAPOLI_STYLE_OSCILLATOR_PREDICTOR_REFERENCE|CROSSED_OS_BAND_DOWN|2H|DOWN,2H,DOWN,OSC_PREDICTOR,0.2912179045161673,1.0,False
OSC_PREDICTOR|PROJECT_DINAPOLI_STYLE_OSCILLATOR_PREDICTOR_REFERENCE|FORECAST_OS_CROSS|2H|DOWN,2H,DOWN,OSC_PREDICTOR,0.19049044499472362,1.0,False
PURE_DNO|DNO_PERIOD_7_REFERENCE|DNO_ZERO_CROSS_DOWN|2H|DOWN,2H,DOWN,PURE_DNO,0.15555854749646353,1.0,False
STOCH|DINAPOLI_PREFERRED_STOCHASTIC_REFERENCE_V1|K_CROSS_UP_D|K_CROSS_DOWN_D|2H|DOWN,2H,DOWN,STOCHASTIC,0.22506188605562577,1.0,False
STOCH|DISPLACED_STOCH_K14_KS3_D3_SHIFT2_V1|K_CROSS_UP_D|K_CROSS_DOWN_D|2H|DOWN,2H,DOWN,STOCHASTIC,0.13428759858946404,1.0,False
STOCH|DISPLACED_STOCH_K14_KS3_D3_SHIFT3_V1|K_CROSS_UP_D|K_CROSS_DOWN_D|2H|DOWN,2H,DOWN,STOCHASTIC,0.13428759858946404,1.0,False
STOCH|DISPLACED_STOCH_K14_KS3_D3_SHIFT5_V1|K_CROSS_UP_D|K_CROSS_DOWN_D|2H|DOWN,2H,DOWN,STOCHASTIC,0.13428759858946404,1.0,False
STOCH|DISPLACED_STOCH_K21_KS5_D5_SHIFT2_V1|K_CROSS_UP_D|K_CROSS_DOWN_D|2H|DOWN,2H,DOWN,STOCHASTIC,0.26537222117099296,1.0,False
STOCH|DISPLACED_STOCH_K21_KS5_D5_SHIFT3_V1|K_CROSS_UP_D|K_CROSS_DOWN_D|2H|DOWN,2H,DOWN,STOCHASTIC,0.26537222117099296,1.0,False
STOCH|DISPLACED_STOCH_K21_KS5_D5_SHIFT5_V1|K_CROSS_UP_D|K_CROSS_DOWN_D|2H|DOWN,2H,DOWN,STOCHASTIC,0.26537222117099296,1.0,False
STOCH|DISPLACED_STOCH_K5_KS3_D3_SHIFT2_V1|K_CROSS_UP_D|K_CROSS_DOWN_D|2H|DOWN,2H,DOWN,STOCHASTIC,0.10943339528260891,1.0,False
STOCH|DISPLACED_STOCH_K5_KS3_D3_SHIFT3_V1|K_CROSS_UP_D|K_CROSS_DOWN_D|2H|DOWN,2H,DOWN,STOCHASTIC,0.10943339528260891,1.0,False
STOCH|DISPLACED_STOCH_K5_KS3_D3_SHIFT5_V1|K_CROSS_UP_D|K_CROSS_DOWN_D|2H|DOWN,2H,DOWN,STOCHASTIC,0.10943339528260891,1.0,False
STOCH|DISPLACED_STOCH_K9_KS3_D3_SHIFT2_V1|K_CROSS_UP_D|K_CROSS_DOWN_D|2H|DOWN,2H,DOWN,STOCHASTIC,0.1235855909398577,1.0,False
STOCH|DISPLACED_STOCH_K9_KS3_D3_SHIFT3_V1|K_CROSS_UP_D|K_CROSS_DOWN_D|2H|DOWN,2H,DOWN,STOCHASTIC,0.1235855909398577,1.0,False
STOCH|DISPLACED_STOCH_K9_KS3_D3_SHIFT5_V1|K_CROSS_UP_D|K_CROSS_DOWN_D|2H|DOWN,2H,DOWN,STOCHASTIC,0.1235855909398577,1.0,False
STOCH|STOCH_K14_KS3_D3_SHIFT0_V1|K_CROSS_UP_D|K_CROSS_DOWN_D|2H|DOWN,2H,DOWN,STOCHASTIC,0.13428759858946404,1.0,False
STOCH|STOCH_K21_KS5_D5_SHIFT0_V1|K_CROSS_UP_D|K_CROSS_DOWN_D|2H|DOWN,2H,DOWN,STOCHASTIC,0.26537222117099296,1.0,False
STOCH|STOCH_K5_KS3_D3_SHIFT0_V1|K_CROSS_UP_D|K_CROSS_DOWN_D|2H|DOWN,2H,DOWN,STOCHASTIC,0.10943339528260891,1.0,False
STOCH|STOCH_K9_KS3_D3_SHIFT0_V1|K_CROSS_UP_D|K_CROSS_DOWN_D|2H|DOWN,2H,DOWN,STOCHASTIC,0.1235855909398577,1.0,False
DMA|DMA_EMA_P10_SHIFT5_V1|MA_SLOPE_TURN_UP|MA_SLOPE_TURN_DOWN|2H|UP,2H,UP,DMA,0.1826154342111789,1.0,False
DMA|DMA_EMA_P10_SHIFT5_V1|PRICE_CROSS_UP_MA|PRICE_CROSS_DOWN_MA|2H|UP,2H,UP,DMA,0.1826154342111789,1.0,False
DMA|DMA_EMA_P14_SHIFT5_V1|MA_SLOPE_TURN_UP|MA_SLOPE_TURN_DOWN|2H|UP,2H,UP,DMA,0.22806159321822353,1.0,False
DMA|DMA_EMA_P14_SHIFT5_V1|PRICE_CROSS_UP_MA|PRICE_CROSS_DOWN_MA|2H|UP,2H,UP,DMA,0.2271144724314683,1.0,False
DMA|DMA_EMA_P14_SHIFT8_V1|MA_SLOPE_TURN_UP|MA_SLOPE_TURN_DOWN|2H|UP,2H,UP,DMA,0.22806159321822353,1.0,False
DMA|DMA_EMA_P14_SHIFT8_V1|PRICE_CROSS_UP_MA|PRICE_CROSS_DOWN_MA|2H|UP,2H,UP,DMA,0.2271144724314683,1.0,False
DMA|DMA_EMA_P20_SHIFT5_V1|MA_SLOPE_TURN_UP|MA_SLOPE_TURN_DOWN|2H|UP,2H,UP,DMA,0.2682027048886413,1.0,False
DMA|DMA_EMA_P20_SHIFT5_V1|PRICE_CROSS_UP_MA|PRICE_CROSS_DOWN_MA|2H|UP,2H,UP,DMA,0.26889717049291517,1.0,False
DMA|DMA_EMA_P25_SHIFT5_V1|MA_SLOPE_TURN_UP|MA_SLOPE_TURN_DOWN|2H|UP,2H,UP,DMA,0.2859366542755182,1.0,False
DMA|DMA_EMA_P25_SHIFT5_V1|PRICE_CROSS_UP_MA|PRICE_CROSS_DOWN_MA|2H|UP,2H,UP,DMA,0.2854117216933303,1.0,False
DMA|DMA_EMA_P25_SHIFT8_V1|MA_SLOPE_TURN_UP|MA_SLOPE_TURN_DOWN|2H|UP,2H,UP,DMA,0.2859366542755182,1.0,False
DMA|DMA_EMA_P25_SHIFT8_V1|PRICE_CROSS_UP_MA|PRICE_CROSS_DOWN_MA|2H|UP,2H,UP,DMA,0.2854117216933303,1.0,False
DMA|DMA_EMA_P3_SHIFT0_V1|MA_SLOPE_TURN_UP|MA_SLOPE_TURN_DOWN|2H|UP,2H,UP,DMA,0.061007564468980785,1.0,False
DMA|DMA_EMA_P3_SHIFT0_V1|PRICE_CROSS_UP_MA|PRICE_CROSS_DOWN_MA|2H|UP,2H,UP,DMA,0.06093249225969474,1.0,False
DMA|DMA_EMA_P3_SHIFT2_V1|MA_SLOPE_TURN_UP|MA_SLOPE_TURN_DOWN|2H|UP,2H,UP,DMA,0.061007564468980785,1.0,False
DMA|DMA_EMA_P3_SHIFT2_V1|PRICE_CROSS_UP_MA|PRICE_CROSS_DOWN_MA|2H|UP,2H,UP,DMA,0.06093249225969474,1.0,False
DMA|DMA_EMA_P3_SHIFT3_V1|MA_SLOPE_TURN_UP|MA_SLOPE_TURN_DOWN|2H|UP,2H,UP,DMA,0.061007564468980785,1.0,False
DMA|DMA_EMA_P3_SHIFT3_V1|PRICE_CROSS_UP_MA|PRICE_CROSS_DOWN_MA|2H|UP,2H,UP,DMA,0.06093249225969474,1.0,False
DMA|DMA_EMA_P3_SHIFT5_V1|MA_SLOPE_TURN_UP|MA_SLOPE_TURN_DOWN|2H|UP,2H,UP,DMA,0.061007564468980785,1.0,False
DMA|DMA_EMA_P3_SHIFT5_V1|PRICE_CROSS_UP_MA|PRICE_CROSS_DOWN_MA|2H|UP,2H,UP,DMA,0.06093249225969474,1.0,False
DMA|DMA_EMA_P5_SHIFT3_V1|MA_SLOPE_TURN_UP|MA_SLOPE_TURN_DOWN|2H|UP,2H,UP,DMA,0.10680894281868641,1.0,False
DMA|DMA_EMA_P5_SHIFT3_V1|PRICE_CROSS_UP_MA|PRICE_CROSS_DOWN_MA|2H|UP,2H,UP,DMA,0.10656837828607418,1.0,False
DMA|DMA_EMA_P5_SHIFT5_V1|MA_SLOPE_TURN_UP|MA_SLOPE_TURN_DOWN|2H|UP,2H,UP,DMA,0.10680894281868641,1.0,False
DMA|DMA_EMA_P5_SHIFT5_V1|PRICE_CROSS_UP_MA|PRICE_CROSS_DOWN_MA|2H|UP,2H,UP,DMA,0.10656837828607418,1.0,False
DMA|DMA_EMA_P7_SHIFT3_V1|MA_SLOPE_TURN_UP|MA_SLOPE_TURN_DOWN|2H|UP,2H,UP,DMA,0.1450298227846145,1.0,False
DMA|DMA_EMA_P7_SHIFT3_V1|PRICE_CROSS_UP_MA|PRICE_CROSS_DOWN_MA|2H|UP,2H,UP,DMA,0.14486242145816616,1.0,False
DMA|DMA_EMA_P7_SHIFT5_V1|MA_SLOPE_TURN_UP|MA_SLOPE_TURN_DOWN|2H|UP,2H,UP,DMA,0.1450298227846145,1.0,False
DMA|DMA_EMA_P7_SHIFT5_V1|PRICE_CROSS_UP_MA|PRICE_CROSS_DOWN_MA|2H|UP,2H,UP,DMA,0.14486242145816616,1.0,False
DMA|DMA_SMA_P10_SHIFT5_V1|MA_SLOPE_TURN_UP|MA_SLOPE_TURN_DOWN|2H|UP,2H,UP,DMA,0.2637382641533107,1.0,False
DMA|DMA_SMA_P10_SHIFT5_V1|PRICE_CROSS_UP_MA|PRICE_CROSS_DOWN_MA|2H|UP,2H,UP,DMA,0.2084891347199159,1.0,False
DMA|DMA_SMA_P14_SHIFT5_V1|MA_SLOPE_TURN_UP|MA_SLOPE_TURN_DOWN|2H|UP,2H,UP,DMA,0.266706343302088,1.0,False
DMA|DMA_SMA_P14_SHIFT5_V1|PRICE_CROSS_UP_MA|PRICE_CROSS_DOWN_MA|2H|UP,2H,UP,DMA,0.2715951101243895,1.0,False
DMA|DMA_SMA_P14_SHIFT8_V1|MA_SLOPE_TURN_UP|MA_SLOPE_TURN_DOWN|2H|UP,2H,UP,DMA,0.266706343302088,1.0,False
DMA|DMA_SMA_P14_SHIFT8_V1|PRICE_CROSS_UP_MA|PRICE_CROSS_DOWN_MA|2H|UP,2H,UP,DMA,0.2715951101243895,1.0,False
DMA|DMA_SMA_P20_SHIFT5_V1|MA_SLOPE_TURN_UP|MA_SLOPE_TURN_DOWN|2H|UP,2H,UP,DMA,0.25585590341939,1.0,False
DMA|DMA_SMA_P20_SHIFT5_V1|PRICE_CROSS_UP_MA|PRICE_CROSS_DOWN_MA|2H|UP,2H,UP,DMA,0.3077737336232097,1.0,False
DMA|DMA_SMA_P25_SHIFT5_V1|MA_SLOPE_TURN_UP|MA_SLOPE_TURN_DOWN|2H|UP,2H,UP,DMA,0.24604659419259442,1.0,False
DMA|DMA_SMA_P25_SHIFT5_V1|PRICE_CROSS_UP_MA|PRICE_CROSS_DOWN_MA|2H|UP,2H,UP,DMA,0.3262371350909443,1.0,False
DMA|DMA_SMA_P25_SHIFT8_V1|MA_SLOPE_TURN_UP|MA_SLOPE_TURN_DOWN|2H|UP,2H,UP,DMA,0.24604659419259442,1.0,False
DMA|DMA_SMA_P25_SHIFT8_V1|PRICE_CROSS_UP_MA|PRICE_CROSS_DOWN_MA|2H|UP,2H,UP,DMA,0.3262371350909443,1.0,False
DMA|DMA_SMA_P3_SHIFT0_V1|MA_SLOPE_TURN_UP|MA_SLOPE_TURN_DOWN|2H|UP,2H,UP,DMA,0.09619162380569843,1.0,False
DMA|DMA_SMA_P3_SHIFT0_V1|PRICE_CROSS_UP_MA|PRICE_CROSS_DOWN_MA|2H|UP,2H,UP,DMA,0.04357643890569282,1.0,False
DMA|DMA_SMA_P3_SHIFT2_V1|MA_SLOPE_TURN_UP|MA_SLOPE_TURN_DOWN|2H|UP,2H,UP,DMA,0.09619162380569843,1.0,False
DMA|DMA_SMA_P3_SHIFT2_V1|PRICE_CROSS_UP_MA|PRICE_CROSS_DOWN_MA|2H|UP,2H,UP,DMA,0.04357643890569282,1.0,False
DMA|DMA_SMA_P3_SHIFT3_V1|MA_SLOPE_TURN_UP|MA_SLOPE_TURN_DOWN|2H|UP,2H,UP,DMA,0.09619162380569843,1.0,False
DMA|DMA_SMA_P3_SHIFT3_V1|PRICE_CROSS_UP_MA|PRICE_CROSS_DOWN_MA|2H|UP,2H,UP,DMA,0.04357643890569282,1.0,False
DMA|DMA_SMA_P3_SHIFT5_V1|MA_SLOPE_TURN_UP|MA_SLOPE_TURN_DOWN|2H|UP,2H,UP,DMA,0.09619162380569843,1.0,False
DMA|DMA_SMA_P3_SHIFT5_V1|PRICE_CROSS_UP_MA|PRICE_CROSS_DOWN_MA|2H|UP,2H,UP,DMA,0.04357643890569282,1.0,False
DMA|DMA_SMA_P5_SHIFT3_V1|MA_SLOPE_TURN_UP|MA_SLOPE_TURN_DOWN|2H|UP,2H,UP,DMA,0.1543774087957341,1.0,False
DMA|DMA_SMA_P5_SHIFT3_V1|PRICE_CROSS_UP_MA|PRICE_CROSS_DOWN_MA|2H|UP,2H,UP,DMA,0.10764715235883907,1.0,False
DMA|DMA_SMA_P5_SHIFT5_V1|MA_SLOPE_TURN_UP|MA_SLOPE_TURN_DOWN|2H|UP,2H,UP,DMA,0.1543774087957341,1.0,False
DMA|DMA_SMA_P5_SHIFT5_V1|PRICE_CROSS_UP_MA|PRICE_CROSS_DOWN_MA|2H|UP,2H,UP,DMA,0.10764715235883907,1.0,False
DMA|DMA_SMA_P7_SHIFT3_V1|MA_SLOPE_TURN_UP|MA_SLOPE_TURN_DOWN|2H|UP,2H,UP,DMA,0.20340069179918505,1.0,False
DMA|DMA_SMA_P7_SHIFT3_V1|PRICE_CROSS_UP_MA|PRICE_CROSS_DOWN_MA|2H|UP,2H,UP,DMA,0.1539671088523272,1.0,False
DMA|DMA_SMA_P7_SHIFT5_V1|MA_SLOPE_TURN_UP|MA_SLOPE_TURN_DOWN|2H|UP,2H,UP,DMA,0.20340069179918505,1.0,False
DMA|DMA_SMA_P7_SHIFT5_V1|PRICE_CROSS_UP_MA|PRICE_CROSS_DOWN_MA|2H|UP,2H,UP,DMA,0.1539671088523272,1.0,False
DMA|DMA_WMA_P10_SHIFT5_V1|MA_SLOPE_TURN_UP|MA_SLOPE_TURN_DOWN|2H|UP,2H,UP,DMA,0.22507667905031578,1.0,False
DMA|DMA_WMA_P10_SHIFT5_V1|PRICE_CROSS_UP_MA|PRICE_CROSS_DOWN_MA|2H|UP,2H,UP,DMA,0.1513789266554101,1.0,False
DMA|DMA_WMA_P14_SHIFT5_V1|MA_SLOPE_TURN_UP|MA_SLOPE_TURN_DOWN|2H|UP,2H,UP,DMA,0.2832021762362771,1.0,False
DMA|DMA_WMA_P14_SHIFT5_V1|PRICE_CROSS_UP_MA|PRICE_CROSS_DOWN_MA|2H|UP,2H,UP,DMA,0.19748658668075655,1.0,False
DMA|DMA_WMA_P14_SHIFT8_V1|MA_SLOPE_TURN_UP|MA_SLOPE_TURN_DOWN|2H|UP,2H,UP,DMA,0.2832021762362771,1.0,False
DMA|DMA_WMA_P14_SHIFT8_V1|PRICE_CROSS_UP_MA|PRICE_CROSS_DOWN_MA|2H|UP,2H,UP,DMA,0.19748658668075655,1.0,False
DMA|DMA_WMA_P20_SHIFT5_V1|MA_SLOPE_TURN_UP|MA_SLOPE_TURN_DOWN|2H|UP,2H,UP,DMA,0.3125450116759676,1.0,False
DMA|DMA_WMA_P20_SHIFT5_V1|PRICE_CROSS_UP_MA|PRICE_CROSS_DOWN_MA|2H|UP,2H,UP,DMA,0.24216785497049623,1.0,False
DMA|DMA_WMA_P25_SHIFT5_V1|MA_SLOPE_TURN_UP|MA_SLOPE_TURN_DOWN|2H|UP,2H,UP,DMA,0.3254896652433047,1.0,False
DMA|DMA_WMA_P25_SHIFT5_V1|PRICE_CROSS_UP_MA|PRICE_CROSS_DOWN_MA|2H|UP,2H,UP,DMA,0.2853331003048183,1.0,False
DMA|DMA_WMA_P25_SHIFT8_V1|MA_SLOPE_TURN_UP|MA_SLOPE_TURN_DOWN|2H|UP,2H,UP,DMA,0.3254896652433047,1.0,False
DMA|DMA_WMA_P25_SHIFT8_V1|PRICE_CROSS_UP_MA|PRICE_CROSS_DOWN_MA|2H|UP,2H,UP,DMA,0.2853331003048183,1.0,False
DMA|DMA_WMA_P3_SHIFT0_V1|MA_SLOPE_TURN_UP|MA_SLOPE_TURN_DOWN|2H|UP,2H,UP,DMA,0.07830189061192103,1.0,False
DMA|DMA_WMA_P3_SHIFT0_V1|PRICE_CROSS_UP_MA|PRICE_CROSS_DOWN_MA|2H|UP,2H,UP,DMA,0.030462158717654453,1.0,False
DMA|DMA_WMA_P3_SHIFT2_V1|MA_SLOPE_TURN_UP|MA_SLOPE_TURN_DOWN|2H|UP,2H,UP,DMA,0.07830189061192103,1.0,False
DMA|DMA_WMA_P3_SHIFT2_V1|PRICE_CROSS_UP_MA|PRICE_CROSS_DOWN_MA|2H|UP,2H,UP,DMA,0.030462158717654453,1.0,False
DMA|DMA_WMA_P3_SHIFT3_V1|MA_SLOPE_TURN_UP|MA_SLOPE_TURN_DOWN|2H|UP,2H,UP,DMA,0.07830189061192103,1.0,False
DMA|DMA_WMA_P3_SHIFT3_V1|PRICE_CROSS_UP_MA|PRICE_CROSS_DOWN_MA|2H|UP,2H,UP,DMA,0.030462158717654453,1.0,False
DMA|DMA_WMA_P3_SHIFT5_V1|MA_SLOPE_TURN_UP|MA_SLOPE_TURN_DOWN|2H|UP,2H,UP,DMA,0.07830189061192103,1.0,False
DMA|DMA_WMA_P3_SHIFT5_V1|PRICE_CROSS_UP_MA|PRICE_CROSS_DOWN_MA|2H|UP,2H,UP,DMA,0.030462158717654453,1.0,False
DMA|DMA_WMA_P5_SHIFT3_V1|MA_SLOPE_TURN_UP|MA_SLOPE_TURN_DOWN|2H|UP,2H,UP,DMA,0.1292131316153279,1.0,False
DMA|DMA_WMA_P5_SHIFT3_V1|PRICE_CROSS_UP_MA|PRICE_CROSS_DOWN_MA|2H|UP,2H,UP,DMA,0.07449618336175484,1.0,False
DMA|DMA_WMA_P5_SHIFT5_V1|MA_SLOPE_TURN_UP|MA_SLOPE_TURN_DOWN|2H|UP,2H,UP,DMA,0.1292131316153279,1.0,False
DMA|DMA_WMA_P5_SHIFT5_V1|PRICE_CROSS_UP_MA|PRICE_CROSS_DOWN_MA|2H|UP,2H,UP,DMA,0.07449618336175484,1.0,False
DMA|DMA_WMA_P7_SHIFT3_V1|MA_SLOPE_TURN_UP|MA_SLOPE_TURN_DOWN|2H|UP,2H,UP,DMA,0.16969381519415352,1.0,False
DMA|DMA_WMA_P7_SHIFT3_V1|PRICE_CROSS_UP_MA|PRICE_CROSS_DOWN_MA|2H|UP,2H,UP,DMA,0.10911074740861976,1.0,False
DMA|DMA_WMA_P7_SHIFT5_V1|MA_SLOPE_TURN_UP|MA_SLOPE_TURN_DOWN|2H|UP,2H,UP,DMA,0.16969381519415352,1.0,False
DMA|DMA_WMA_P7_SHIFT5_V1|PRICE_CROSS_UP_MA|PRICE_CROSS_DOWN_MA|2H|UP,2H,UP,DMA,0.10911074740861976,1.0,False
DNO_QUANTILE|CAUSAL_DNO_QUANTILE_80_20_CONTROL_V1|CROSSED_OB_BAND_UP|2H|UP,2H,UP,DNO_QUANTILE,0.2592842967496066,1.0,False
DNO_QUANTILE|CAUSAL_DNO_QUANTILE_80_20_CONTROL_V1|FORECAST_OB_CROSS|2H|UP,2H,UP,DNO_QUANTILE,0.16792241923268267,1.0,False
INVERSE|INVERSE_DMA_25X5|DMA_SMA_P25_SHIFT5_V1|2H|UP,2H,UP,INVERSE_PREDICTOR,0.3082355595148485,1.0,False
INVERSE|INVERSE_DMA_3X3|DMA_SMA_P3_SHIFT3_V1|2H|UP,2H,UP,INVERSE_PREDICTOR,0.04247342216599162,1.0,False
INVERSE|INVERSE_DMA_7X5|DMA_SMA_P7_SHIFT5_V1|2H|UP,2H,UP,INVERSE_PREDICTOR,0.13936132251770336,1.0,False
INVERSE|INVERSE_DNO_N7_OB_OS|DNO_PERIOD_7_REFERENCE|2H|UP,2H,UP,INVERSE_PREDICTOR,0.18226719374197067,1.0,False
INVERSE|INVERSE_MACD_12_26_9_SIGNAL_CROSS|MACD_12_26_9_SHIFT0_V1|2H|UP,2H,UP,INVERSE_PREDICTOR,0.33586855364076895,1.0,False
INVERSE|INVERSE_STOCH_14_3_3_POINT_BAR|STOCH_K14_KS3_D3_SHIFT0_V1|2H|UP,2H,UP,INVERSE_PREDICTOR,0.3106630391348034,1.0,False
MACD|DINAPOLI_MACD_REFERENCE_V1|HIST_CROSS_UP_ZERO|HIST_CROSS_DOWN_ZERO|2H|UP,2H,UP,MACD,0.44097030998311626,1.0,False
MACD|DINAPOLI_MACD_REFERENCE_V1|MACD_CROSS_UP_SIGNAL|MACD_CROSS_DOWN_SIGNAL|2H|UP,2H,UP,MACD,0.44097030998311626,1.0,False
MACD|DISPLACED_MACD_12_26_9_SHIFT2_V1|HIST_CROSS_UP_ZERO|HIST_CROSS_DOWN_ZERO|2H|UP,2H,UP,MACD,0.5104111740362074,1.0,False
MACD|DISPLACED_MACD_12_26_9_SHIFT2_V1|MACD_CROSS_UP_SIGNAL|MACD_CROSS_DOWN_SIGNAL|2H|UP,2H,UP,MACD,0.5104111740362074,1.0,False
MACD|DISPLACED_MACD_12_26_9_SHIFT3_V1|HIST_CROSS_UP_ZERO|HIST_CROSS_DOWN_ZERO|2H|UP,2H,UP,MACD,0.5104111740362074,1.0,False
MACD|DISPLACED_MACD_12_26_9_SHIFT3_V1|MACD_CROSS_UP_SIGNAL|MACD_CROSS_DOWN_SIGNAL|2H|UP,2H,UP,MACD,0.5104111740362074,1.0,False
MACD|DISPLACED_MACD_12_26_9_SHIFT5_V1|HIST_CROSS_UP_ZERO|HIST_CROSS_DOWN_ZERO|2H|UP,2H,UP,MACD,0.5104111740362074,1.0,False
MACD|DISPLACED_MACD_12_26_9_SHIFT5_V1|MACD_CROSS_UP_SIGNAL|MACD_CROSS_DOWN_SIGNAL|2H|UP,2H,UP,MACD,0.5104111740362074,1.0,False
MACD|DISPLACED_MACD_5_13_4_SHIFT2_V1|HIST_CROSS_UP_ZERO|HIST_CROSS_DOWN_ZERO|2H|UP,2H,UP,MACD,0.22567989986600598,1.0,False
MACD|DISPLACED_MACD_5_13_4_SHIFT2_V1|MACD_CROSS_UP_SIGNAL|MACD_CROSS_DOWN_SIGNAL|2H|UP,2H,UP,MACD,0.22567989986600598,1.0,False
MACD|DISPLACED_MACD_5_13_4_SHIFT3_V1|HIST_CROSS_UP_ZERO|HIST_CROSS_DOWN_ZERO|2H|UP,2H,UP,MACD,0.22567989986600598,1.0,False
MACD|DISPLACED_MACD_5_13_4_SHIFT3_V1|MACD_CROSS_UP_SIGNAL|MACD_CROSS_DOWN_SIGNAL|2H|UP,2H,UP,MACD,0.22567989986600598,1.0,False
MACD|DISPLACED_MACD_5_13_4_SHIFT5_V1|HIST_CROSS_UP_ZERO|HIST_CROSS_DOWN_ZERO|2H|UP,2H,UP,MACD,0.22567989986600598,1.0,False
MACD|DISPLACED_MACD_5_13_4_SHIFT5_V1|MACD_CROSS_UP_SIGNAL|MACD_CROSS_DOWN_SIGNAL|2H|UP,2H,UP,MACD,0.22567989986600598,1.0,False
MACD|DISPLACED_MACD_8_21_5_SHIFT2_V1|HIST_CROSS_UP_ZERO|HIST_CROSS_DOWN_ZERO|2H|UP,2H,UP,MACD,0.383572372010222,1.0,False
MACD|DISPLACED_MACD_8_21_5_SHIFT2_V1|MACD_CROSS_UP_SIGNAL|MACD_CROSS_DOWN_SIGNAL|2H|UP,2H,UP,MACD,0.383572372010222,1.0,False
MACD|DISPLACED_MACD_8_21_5_SHIFT3_V1|HIST_CROSS_UP_ZERO|HIST_CROSS_DOWN_ZERO|2H|UP,2H,UP,MACD,0.383572372010222,1.0,False
MACD|DISPLACED_MACD_8_21_5_SHIFT3_V1|MACD_CROSS_UP_SIGNAL|MACD_CROSS_DOWN_SIGNAL|2H|UP,2H,UP,MACD,0.383572372010222,1.0,False
MACD|DISPLACED_MACD_8_21_5_SHIFT5_V1|HIST_CROSS_UP_ZERO|HIST_CROSS_DOWN_ZERO|2H|UP,2H,UP,MACD,0.383572372010222,1.0,False
MACD|DISPLACED_MACD_8_21_5_SHIFT5_V1|MACD_CROSS_UP_SIGNAL|MACD_CROSS_DOWN_SIGNAL|2H|UP,2H,UP,MACD,0.383572372010222,1.0,False
MACD|MACD_12_26_9_SHIFT0_V1|HIST_CROSS_UP_ZERO|HIST_CROSS_DOWN_ZERO|2H|UP,2H,UP,MACD,0.5104111740362074,1.0,False
MACD|MACD_12_26_9_SHIFT0_V1|MACD_CROSS_UP_SIGNAL|MACD_CROSS_DOWN_SIGNAL|2H|UP,2H,UP,MACD,0.5104111740362074,1.0,False
MACD|MACD_5_13_4_SHIFT0_V1|HIST_CROSS_UP_ZERO|HIST_CROSS_DOWN_ZERO|2H|UP,2H,UP,MACD,0.22567989986600598,1.0,False
MACD|MACD_5_13_4_SHIFT0_V1|MACD_CROSS_UP_SIGNAL|MACD_CROSS_DOWN_SIGNAL|2H|UP,2H,UP,MACD,0.22567989986600598,1.0,False
MACD|MACD_8_21_5_SHIFT0_V1|HIST_CROSS_UP_ZERO|HIST_CROSS_DOWN_ZERO|2H|UP,2H,UP,MACD,0.383572372010222,1.0,False
MACD|MACD_8_21_5_SHIFT0_V1|MACD_CROSS_UP_SIGNAL|MACD_CROSS_DOWN_SIGNAL|2H|UP,2H,UP,MACD,0.383572372010222,1.0,False
OSC_PREDICTOR|OSC_PRED_SWEEP_LOOKBACK_200|CROSSED_OB_BAND_UP|2H|UP,2H,UP,OSC_PREDICTOR,0.2629042472747909,1.0,False
OSC_PREDICTOR|OSC_PRED_SWEEP_LOOKBACK_200|FORECAST_OB_CROSS|2H|UP,2H,UP,OSC_PREDICTOR,0.17562890222464692,1.0,False
OSC_PREDICTOR|OSC_PRED_SWEEP_LOOKBACK_50|CROSSED_OB_BAND_UP|2H|UP,2H,UP,OSC_PREDICTOR,0.27436184569443245,1.0,False
OSC_PREDICTOR|OSC_PRED_SWEEP_LOOKBACK_50|FORECAST_OB_CROSS|2H|UP,2H,UP,OSC_PREDICTOR,0.19142082480048908,1.0,False
OSC_PREDICTOR|OSC_PRED_SWEEP_OB_OS_LEVEL_PERCENT_0.7|CROSSED_OB_BAND_UP|2H|UP,2H,UP,OSC_PREDICTOR,0.248205918493252,1.0,False
OSC_PREDICTOR|OSC_PRED_SWEEP_OB_OS_LEVEL_PERCENT_0.7|FORECAST_OB_CROSS|2H|UP,2H,UP,OSC_PREDICTOR,0.17393043930961802,1.0,False
OSC_PREDICTOR|OSC_PRED_SWEEP_OB_OS_LEVEL_PERCENT_0.9|CROSSED_OB_BAND_UP|2H|UP,2H,UP,OSC_PREDICTOR,0.28611327633842376,1.0,False
OSC_PREDICTOR|OSC_PRED_SWEEP_OB_OS_LEVEL_PERCENT_0.9|FORECAST_OB_CROSS|2H|UP,2H,UP,OSC_PREDICTOR,0.1843805472707082,1.0,False
OSC_PREDICTOR|OSC_PRED_SWEEP_PEAK_STRENGTH_1|CROSSED_OB_BAND_UP|2H|UP,2H,UP,OSC_PREDICTOR,0.25835527408145353,1.0,False
OSC_PREDICTOR|OSC_PRED_SWEEP_PEAK_STRENGTH_1|FORECAST_OB_CROSS|2H|UP,2H,UP,OSC_PREDICTOR,0.17381405657133334,1.0,False
OSC_PREDICTOR|OSC_PRED_SWEEP_PEAK_STRENGTH_3|CROSSED_OB_BAND_UP|2H|UP,2H,UP,OSC_PREDICTOR,0.2760601553956261,1.0,False
OSC_PREDICTOR|OSC_PRED_SWEEP_PEAK_STRENGTH_3|FORECAST_OB_CROSS|2H|UP,2H,UP,OSC_PREDICTOR,0.1790648683112154,1.0,False
OSC_PREDICTOR|OSC_PRED_SWEEP_PERIOD_10|CROSSED_OB_BAND_UP|2H|UP,2H,UP,OSC_PREDICTOR,0.2851835824587954,1.0,False
OSC_PREDICTOR|OSC_PRED_SWEEP_PERIOD_10|FORECAST_OB_CROSS|2H|UP,2H,UP,OSC_PREDICTOR,0.19882888596250112,1.0,False
OSC_PREDICTOR|OSC_PRED_SWEEP_PERIOD_14|CROSSED_OB_BAND_UP|2H|UP,2H,UP,OSC_PREDICTOR,0.2587051961842216,1.0,False
OSC_PREDICTOR|OSC_PRED_SWEEP_PERIOD_14|FORECAST_OB_CROSS|2H|UP,2H,UP,OSC_PREDICTOR,0.21117614034784274,1.0,False
OSC_PREDICTOR|OSC_PRED_SWEEP_PERIOD_5|CROSSED_OB_BAND_UP|2H|UP,2H,UP,OSC_PREDICTOR,0.26716329375903847,1.0,False
OSC_PREDICTOR|OSC_PRED_SWEEP_PERIOD_5|FORECAST_OB_CROSS|2H|UP,2H,UP,OSC_PREDICTOR,0.1495498156192445,1.0,False
OSC_PREDICTOR|OSC_PRED_SWEEP_SAMPLES_3|CROSSED_OB_BAND_UP|2H|UP,2H,UP,OSC_PREDICTOR,0.2688492793453886,1.0,False
OSC_PREDICTOR|OSC_PRED_SWEEP_SAMPLES_3|FORECAST_OB_CROSS|2H|UP,2H,UP,OSC_PREDICTOR,0.17828023196848766,1.0,False
OSC_PREDICTOR|OSC_PRED_SWEEP_SAMPLES_8|CROSSED_OB_BAND_UP|2H|UP,2H,UP,OSC_PREDICTOR,0.2701340631232504,1.0,False
OSC_PREDICTOR|OSC_PRED_SWEEP_SAMPLES_8|FORECAST_OB_CROSS|2H|UP,2H,UP,OSC_PREDICTOR,0.18107863767438234,1.0,False
OSC_PREDICTOR|PROJECT_DINAPOLI_STYLE_OSCILLATOR_PREDICTOR_REFERENCE|CROSSED_OB_BAND_UP|2H|UP,2H,UP,OSC_PREDICTOR,0.2629042472747909,1.0,False
OSC_PREDICTOR|PROJECT_DINAPOLI_STYLE_OSCILLATOR_PREDICTOR_REFERENCE|FORECAST_OB_CROSS|2H|UP,2H,UP,OSC_PREDICTOR,0.17562890222464692,1.0,False
PURE_DNO|DNO_PERIOD_7_REFERENCE|DNO_ZERO_CROSS_UP|2H|UP,2H,UP,PURE_DNO,0.1539671088523272,1.0,False
STOCH|DINAPOLI_PREFERRED_STOCHASTIC_REFERENCE_V1|K_CROSS_UP_D|K_CROSS_DOWN_D|2H|UP,2H,UP,STOCHASTIC,0.22612440195808062,1.0,False
STOCH|DISPLACED_STOCH_K14_KS3_D3_SHIFT2_V1|K_CROSS_UP_D|K_CROSS_DOWN_D|2H|UP,2H,UP,STOCHASTIC,0.13519566455893692,1.0,False
STOCH|DISPLACED_STOCH_K14_KS3_D3_SHIFT3_V1|K_CROSS_UP_D|K_CROSS_DOWN_D|2H|UP,2H,UP,STOCHASTIC,0.13519566455893692,1.0,False
STOCH|DISPLACED_STOCH_K14_KS3_D3_SHIFT5_V1|K_CROSS_UP_D|K_CROSS_DOWN_D|2H|UP,2H,UP,STOCHASTIC,0.13519566455893692,1.0,False
STOCH|DISPLACED_STOCH_K21_KS5_D5_SHIFT2_V1|K_CROSS_UP_D|K_CROSS_DOWN_D|2H|UP,2H,UP,STOCHASTIC,0.2867769337819125,1.0,False
STOCH|DISPLACED_STOCH_K21_KS5_D5_SHIFT3_V1|K_CROSS_UP_D|K_CROSS_DOWN_D|2H|UP,2H,UP,STOCHASTIC,0.2867769337819125,1.0,False
STOCH|DISPLACED_STOCH_K21_KS5_D5_SHIFT5_V1|K_CROSS_UP_D|K_CROSS_DOWN_D|2H|UP,2H,UP,STOCHASTIC,0.2867769337819125,1.0,False
STOCH|DISPLACED_STOCH_K5_KS3_D3_SHIFT2_V1|K_CROSS_UP_D|K_CROSS_DOWN_D|2H|UP,2H,UP,STOCHASTIC,0.11487688752674721,1.0,False
STOCH|DISPLACED_STOCH_K5_KS3_D3_SHIFT3_V1|K_CROSS_UP_D|K_CROSS_DOWN_D|2H|UP,2H,UP,STOCHASTIC,0.11487688752674721,1.0,False
STOCH|DISPLACED_STOCH_K5_KS3_D3_SHIFT5_V1|K_CROSS_UP_D|K_CROSS_DOWN_D|2H|UP,2H,UP,STOCHASTIC,0.11487688752674721,1.0,False
STOCH|DISPLACED_STOCH_K9_KS3_D3_SHIFT2_V1|K_CROSS_UP_D|K_CROSS_DOWN_D|2H|UP,2H,UP,STOCHASTIC,0.13036463916786276,1.0,False
STOCH|DISPLACED_STOCH_K9_KS3_D3_SHIFT3_V1|K_CROSS_UP_D|K_CROSS_DOWN_D|2H|UP,2H,UP,STOCHASTIC,0.13036463916786276,1.0,False
STOCH|DISPLACED_STOCH_K9_KS3_D3_SHIFT5_V1|K_CROSS_UP_D|K_CROSS_DOWN_D|2H|UP,2H,UP,STOCHASTIC,0.13036463916786276,1.0,False
STOCH|STOCH_K14_KS3_D3_SHIFT0_V1|K_CROSS_UP_D|K_CROSS_DOWN_D|2H|UP,2H,UP,STOCHASTIC,0.13519566455893692,1.0,False
STOCH|STOCH_K21_KS5_D5_SHIFT0_V1|K_CROSS_UP_D|K_CROSS_DOWN_D|2H|UP,2H,UP,STOCHASTIC,0.2867769337819125,1.0,False
STOCH|STOCH_K5_KS3_D3_SHIFT0_V1|K_CROSS_UP_D|K_CROSS_DOWN_D|2H|UP,2H,UP,STOCHASTIC,0.11487688752674721,1.0,False
STOCH|STOCH_K9_KS3_D3_SHIFT0_V1|K_CROSS_UP_D|K_CROSS_DOWN_D|2H|UP,2H,UP,STOCHASTIC,0.13036463916786276,1.0,False
DMA|DMA_EMA_P10_SHIFT5_V1|MA_SLOPE_TURN_UP|MA_SLOPE_TURN_DOWN|30m|DOWN,30m,DOWN,DMA,0.008737172083814554,1.0,False
DMA|DMA_EMA_P10_SHIFT5_V1|PRICE_CROSS_UP_MA|PRICE_CROSS_DOWN_MA|30m|DOWN,30m,DOWN,DMA,0.00873459404015307,1.0,False
DMA|DMA_EMA_P14_SHIFT5_V1|MA_SLOPE_TURN_UP|MA_SLOPE_TURN_DOWN|30m|DOWN,30m,DOWN,DMA,0.011282782595970205,1.0,False
DMA|DMA_EMA_P14_SHIFT5_V1|PRICE_CROSS_UP_MA|PRICE_CROSS_DOWN_MA|30m|DOWN,30m,DOWN,DMA,0.011275611136723058,1.0,False
DMA|DMA_EMA_P14_SHIFT8_V1|MA_SLOPE_TURN_UP|MA_SLOPE_TURN_DOWN|30m|DOWN,30m,DOWN,DMA,0.011282782595970205,1.0,False
DMA|DMA_EMA_P14_SHIFT8_V1|PRICE_CROSS_UP_MA|PRICE_CROSS_DOWN_MA|30m|DOWN,30m,DOWN,DMA,0.011275611136723058,1.0,False
DMA|DMA_EMA_P20_SHIFT5_V1|MA_SLOPE_TURN_UP|MA_SLOPE_TURN_DOWN|30m|DOWN,30m,DOWN,DMA,0.014311007658170012,1.0,False
DMA|DMA_EMA_P20_SHIFT5_V1|PRICE_CROSS_UP_MA|PRICE_CROSS_DOWN_MA|30m|DOWN,30m,DOWN,DMA,0.014305873652516121,1.0,False
DMA|DMA_EMA_P25_SHIFT5_V1|MA_SLOPE_TURN_UP|MA_SLOPE_TURN_DOWN|30m|DOWN,30m,DOWN,DMA,0.016427619868750524,1.0,False
DMA|DMA_EMA_P25_SHIFT5_V1|PRICE_CROSS_UP_MA|PRICE_CROSS_DOWN_MA|30m|DOWN,30m,DOWN,DMA,0.016402135142893542,1.0,False
DMA|DMA_EMA_P25_SHIFT8_V1|MA_SLOPE_TURN_UP|MA_SLOPE_TURN_DOWN|30m|DOWN,30m,DOWN,DMA,0.016427619868750524,1.0,False
DMA|DMA_EMA_P25_SHIFT8_V1|PRICE_CROSS_UP_MA|PRICE_CROSS_DOWN_MA|30m|DOWN,30m,DOWN,DMA,0.016402135142893542,1.0,False
DMA|DMA_EMA_P3_SHIFT0_V1|MA_SLOPE_TURN_UP|MA_SLOPE_TURN_DOWN|30m|DOWN,30m,DOWN,DMA,0.002663462010104479,1.0,False
DMA|DMA_EMA_P3_SHIFT0_V1|PRICE_CROSS_UP_MA|PRICE_CROSS_DOWN_MA|30m|DOWN,30m,DOWN,DMA,0.002660092056609837,1.0,False
DMA|DMA_EMA_P3_SHIFT2_V1|MA_SLOPE_TURN_UP|MA_SLOPE_TURN_DOWN|30m|DOWN,30m,DOWN,DMA,0.002663462010104479,1.0,False
DMA|DMA_EMA_P3_SHIFT2_V1|PRICE_CROSS_UP_MA|PRICE_CROSS_DOWN_MA|30m|DOWN,30m,DOWN,DMA,0.002660092056609837,1.0,False
DMA|DMA_EMA_P3_SHIFT3_V1|MA_SLOPE_TURN_UP|MA_SLOPE_TURN_DOWN|30m|DOWN,30m,DOWN,DMA,0.002663462010104479,1.0,False
DMA|DMA_EMA_P3_SHIFT3_V1|PRICE_CROSS_UP_MA|PRICE_CROSS_DOWN_MA|30m|DOWN,30m,DOWN,DMA,0.002660092056609837,1.0,False
DMA|DMA_EMA_P3_SHIFT5_V1|MA_SLOPE_TURN_UP|MA_SLOPE_TURN_DOWN|30m|DOWN,30m,DOWN,DMA,0.002663462010104479,1.0,False
DMA|DMA_EMA_P3_SHIFT5_V1|PRICE_CROSS_UP_MA|PRICE_CROSS_DOWN_MA|30m|DOWN,30m,DOWN,DMA,0.002660092056609837,1.0,False
DMA|DMA_EMA_P5_SHIFT3_V1|MA_SLOPE_TURN_UP|MA_SLOPE_TURN_DOWN|30m|DOWN,30m,DOWN,DMA,0.0046250673024611265,1.0,False
DMA|DMA_EMA_P5_SHIFT3_V1|PRICE_CROSS_UP_MA|PRICE_CROSS_DOWN_MA|30m|DOWN,30m,DOWN,DMA,0.00462376748144648,1.0,False
DMA|DMA_EMA_P5_SHIFT5_V1|MA_SLOPE_TURN_UP|MA_SLOPE_TURN_DOWN|30m|DOWN,30m,DOWN,DMA,0.0046250673024611265,1.0,False
DMA|DMA_EMA_P5_SHIFT5_V1|PRICE_CROSS_UP_MA|PRICE_CROSS_DOWN_MA|30m|DOWN,30m,DOWN,DMA,0.00462376748144648,1.0,False
DMA|DMA_EMA_P7_SHIFT3_V1|MA_SLOPE_TURN_UP|MA_SLOPE_TURN_DOWN|30m|DOWN,30m,DOWN,DMA,0.00648925843076014,1.0,False
DMA|DMA_EMA_P7_SHIFT3_V1|PRICE_CROSS_UP_MA|PRICE_CROSS_DOWN_MA|30m|DOWN,30m,DOWN,DMA,0.006483783325455615,1.0,False
DMA|DMA_EMA_P7_SHIFT5_V1|MA_SLOPE_TURN_UP|MA_SLOPE_TURN_DOWN|30m|DOWN,30m,DOWN,DMA,0.00648925843076014,1.0,False
DMA|DMA_EMA_P7_SHIFT5_V1|PRICE_CROSS_UP_MA|PRICE_CROSS_DOWN_MA|30m|DOWN,30m,DOWN,DMA,0.006483783325455615,1.0,False
DMA|DMA_SMA_P10_SHIFT5_V1|MA_SLOPE_TURN_UP|MA_SLOPE_TURN_DOWN|30m|DOWN,30m,DOWN,DMA,0.01239594704379433,1.0,False
DMA|DMA_SMA_P10_SHIFT5_V1|PRICE_CROSS_UP_MA|PRICE_CROSS_DOWN_MA|30m|DOWN,30m,DOWN,DMA,0.009698044641658573,1.0,False
DMA|DMA_SMA_P14_SHIFT5_V1|MA_SLOPE_TURN_UP|MA_SLOPE_TURN_DOWN|30m|DOWN,30m,DOWN,DMA,0.015962081730742546,1.0,False
DMA|DMA_SMA_P14_SHIFT5_V1|PRICE_CROSS_UP_MA|PRICE_CROSS_DOWN_MA|30m|DOWN,30m,DOWN,DMA,0.01266873898785852,1.0,False
DMA|DMA_SMA_P14_SHIFT8_V1|MA_SLOPE_TURN_UP|MA_SLOPE_TURN_DOWN|30m|DOWN,30m,DOWN,DMA,0.015962081730742546,1.0,False
DMA|DMA_SMA_P14_SHIFT8_V1|PRICE_CROSS_UP_MA|PRICE_CROSS_DOWN_MA|30m|DOWN,30m,DOWN,DMA,0.01266873898785852,1.0,False
DMA|DMA_SMA_P20_SHIFT5_V1|MA_SLOPE_TURN_UP|MA_SLOPE_TURN_DOWN|30m|DOWN,30m,DOWN,DMA,0.021085966146894328,1.0,False
DMA|DMA_SMA_P20_SHIFT5_V1|PRICE_CROSS_UP_MA|PRICE_CROSS_DOWN_MA|30m|DOWN,30m,DOWN,DMA,0.016470002114222438,1.0,False
DMA|DMA_SMA_P25_SHIFT5_V1|MA_SLOPE_TURN_UP|MA_SLOPE_TURN_DOWN|30m|DOWN,30m,DOWN,DMA,0.02365896274949346,1.0,False
DMA|DMA_SMA_P25_SHIFT5_V1|PRICE_CROSS_UP_MA|PRICE_CROSS_DOWN_MA|30m|DOWN,30m,DOWN,DMA,0.019416328713903468,1.0,False
DMA|DMA_SMA_P25_SHIFT8_V1|MA_SLOPE_TURN_UP|MA_SLOPE_TURN_DOWN|30m|DOWN,30m,DOWN,DMA,0.02365896274949346,1.0,False
DMA|DMA_SMA_P25_SHIFT8_V1|PRICE_CROSS_UP_MA|PRICE_CROSS_DOWN_MA|30m|DOWN,30m,DOWN,DMA,0.019416328713903468,1.0,False
DMA|DMA_SMA_P3_SHIFT0_V1|MA_SLOPE_TURN_UP|MA_SLOPE_TURN_DOWN|30m|DOWN,30m,DOWN,DMA,0.004583638808141909,1.0,False
DMA|DMA_SMA_P3_SHIFT0_V1|PRICE_CROSS_UP_MA|PRICE_CROSS_DOWN_MA|30m|DOWN,30m,DOWN,DMA,0.001948018104441636,1.0,False
DMA|DMA_SMA_P3_SHIFT2_V1|MA_SLOPE_TURN_UP|MA_SLOPE_TURN_DOWN|30m|DOWN,30m,DOWN,DMA,0.004583638808141909,1.0,False
DMA|DMA_SMA_P3_SHIFT2_V1|PRICE_CROSS_UP_MA|PRICE_CROSS_DOWN_MA|30m|DOWN,30m,DOWN,DMA,0.001948018104441636,1.0,False
DMA|DMA_SMA_P3_SHIFT3_V1|MA_SLOPE_TURN_UP|MA_SLOPE_TURN_DOWN|30m|DOWN,30m,DOWN,DMA,0.004583638808141909,1.0,False
DMA|DMA_SMA_P3_SHIFT3_V1|PRICE_CROSS_UP_MA|PRICE_CROSS_DOWN_MA|30m|DOWN,30m,DOWN,DMA,0.001948018104441636,1.0,False
DMA|DMA_SMA_P3_SHIFT5_V1|MA_SLOPE_TURN_UP|MA_SLOPE_TURN_DOWN|30m|DOWN,30m,DOWN,DMA,0.004583638808141909,1.0,False
DMA|DMA_SMA_P3_SHIFT5_V1|PRICE_CROSS_UP_MA|PRICE_CROSS_DOWN_MA|30m|DOWN,30m,DOWN,DMA,0.001948018104441636,1.0,False
DMA|DMA_SMA_P5_SHIFT3_V1|MA_SLOPE_TURN_UP|MA_SLOPE_TURN_DOWN|30m|DOWN,30m,DOWN,DMA,0.007566196270636903,1.0,False
DMA|DMA_SMA_P5_SHIFT3_V1|PRICE_CROSS_UP_MA|PRICE_CROSS_DOWN_MA|30m|DOWN,30m,DOWN,DMA,0.004853743128296873,1.0,False
DMA|DMA_SMA_P5_SHIFT5_V1|MA_SLOPE_TURN_UP|MA_SLOPE_TURN_DOWN|30m|DOWN,30m,DOWN,DMA,0.007566196270636903,1.0,False
DMA|DMA_SMA_P5_SHIFT5_V1|PRICE_CROSS_UP_MA|PRICE_CROSS_DOWN_MA|30m|DOWN,30m,DOWN,DMA,0.004853743128296873,1.0,False
DMA|DMA_SMA_P7_SHIFT3_V1|MA_SLOPE_TURN_UP|MA_SLOPE_TURN_DOWN|30m|DOWN,30m,DOWN,DMA,0.009949077999095245,1.0,False
DMA|DMA_SMA_P7_SHIFT3_V1|PRICE_CROSS_UP_MA|PRICE_CROSS_DOWN_MA|30m|DOWN,30m,DOWN,DMA,0.0069678300318499675,1.0,False
DMA|DMA_SMA_P7_SHIFT5_V1|MA_SLOPE_TURN_UP|MA_SLOPE_TURN_DOWN|30m|DOWN,30m,DOWN,DMA,0.009949077999095245,1.0,False
DMA|DMA_SMA_P7_SHIFT5_V1|PRICE_CROSS_UP_MA|PRICE_CROSS_DOWN_MA|30m|DOWN,30m,DOWN,DMA,0.0069678300318499675,1.0,False
DMA|DMA_WMA_P10_SHIFT5_V1|MA_SLOPE_TURN_UP|MA_SLOPE_TURN_DOWN|30m|DOWN,30m,DOWN,DMA,0.010499752920802585,1.0,False
DMA|DMA_WMA_P10_SHIFT5_V1|PRICE_CROSS_UP_MA|PRICE_CROSS_DOWN_MA|30m|DOWN,30m,DOWN,DMA,0.0068640173073932454,1.0,False
DMA|DMA_WMA_P14_SHIFT5_V1|MA_SLOPE_TURN_UP|MA_SLOPE_TURN_DOWN|30m|DOWN,30m,DOWN,DMA,0.013427902921604212,1.0,False
DMA|DMA_WMA_P14_SHIFT5_V1|PRICE_CROSS_UP_MA|PRICE_CROSS_DOWN_MA|30m|DOWN,30m,DOWN,DMA,0.009077789202685257,1.0,False
DMA|DMA_WMA_P14_SHIFT8_V1|MA_SLOPE_TURN_UP|MA_SLOPE_TURN_DOWN|30m|DOWN,30m,DOWN,DMA,0.013427902921604212,1.0,False
DMA|DMA_WMA_P14_SHIFT8_V1|PRICE_CROSS_UP_MA|PRICE_CROSS_DOWN_MA|30m|DOWN,30m,DOWN,DMA,0.009077789202685257,1.0,False
DMA|DMA_WMA_P20_SHIFT5_V1|MA_SLOPE_TURN_UP|MA_SLOPE_TURN_DOWN|30m|DOWN,30m,DOWN,DMA,0.01699409024684432,1.0,False
DMA|DMA_WMA_P20_SHIFT5_V1|PRICE_CROSS_UP_MA|PRICE_CROSS_DOWN_MA|30m|DOWN,30m,DOWN,DMA,0.011847067353602029,1.0,False
DMA|DMA_WMA_P25_SHIFT5_V1|MA_SLOPE_TURN_UP|MA_SLOPE_TURN_DOWN|30m|DOWN,30m,DOWN,DMA,0.019563690014033717,1.0,False
DMA|DMA_WMA_P25_SHIFT5_V1|PRICE_CROSS_UP_MA|PRICE_CROSS_DOWN_MA|30m|DOWN,30m,DOWN,DMA,0.013992694055449055,1.0,False
DMA|DMA_WMA_P25_SHIFT8_V1|MA_SLOPE_TURN_UP|MA_SLOPE_TURN_DOWN|30m|DOWN,30m,DOWN,DMA,0.019563690014033717,1.0,False
DMA|DMA_WMA_P25_SHIFT8_V1|PRICE_CROSS_UP_MA|PRICE_CROSS_DOWN_MA|30m|DOWN,30m,DOWN,DMA,0.013992694055449055,1.0,False
DMA|DMA_WMA_P3_SHIFT0_V1|MA_SLOPE_TURN_UP|MA_SLOPE_TURN_DOWN|30m|DOWN,30m,DOWN,DMA,0.003449310572463873,1.0,False
DMA|DMA_WMA_P3_SHIFT0_V1|PRICE_CROSS_UP_MA|PRICE_CROSS_DOWN_MA|30m|DOWN,30m,DOWN,DMA,0.001301008143975096,1.0,False
DMA|DMA_WMA_P3_SHIFT2_V1|MA_SLOPE_TURN_UP|MA_SLOPE_TURN_DOWN|30m|DOWN,30m,DOWN,DMA,0.003449310572463873,1.0,False
DMA|DMA_WMA_P3_SHIFT2_V1|PRICE_CROSS_UP_MA|PRICE_CROSS_DOWN_MA|30m|DOWN,30m,DOWN,DMA,0.001301008143975096,1.0,False
DMA|DMA_WMA_P3_SHIFT3_V1|MA_SLOPE_TURN_UP|MA_SLOPE_TURN_DOWN|30m|DOWN,30m,DOWN,DMA,0.003449310572463873,1.0,False
DMA|DMA_WMA_P3_SHIFT3_V1|PRICE_CROSS_UP_MA|PRICE_CROSS_DOWN_MA|30m|DOWN,30m,DOWN,DMA,0.001301008143975096,1.0,False
DMA|DMA_WMA_P3_SHIFT5_V1|MA_SLOPE_TURN_UP|MA_SLOPE_TURN_DOWN|30m|DOWN,30m,DOWN,DMA,0.003449310572463873,1.0,False
DMA|DMA_WMA_P3_SHIFT5_V1|PRICE_CROSS_UP_MA|PRICE_CROSS_DOWN_MA|30m|DOWN,30m,DOWN,DMA,0.001301008143975096,1.0,False
DMA|DMA_WMA_P5_SHIFT3_V1|MA_SLOPE_TURN_UP|MA_SLOPE_TURN_DOWN|30m|DOWN,30m,DOWN,DMA,0.005869540150908468,1.0,False
DMA|DMA_WMA_P5_SHIFT3_V1|PRICE_CROSS_UP_MA|PRICE_CROSS_DOWN_MA|30m|DOWN,30m,DOWN,DMA,0.003264599100745812,1.0,False
DMA|DMA_WMA_P5_SHIFT5_V1|MA_SLOPE_TURN_UP|MA_SLOPE_TURN_DOWN|30m|DOWN,30m,DOWN,DMA,0.005869540150908468,1.0,False
DMA|DMA_WMA_P5_SHIFT5_V1|PRICE_CROSS_UP_MA|PRICE_CROSS_DOWN_MA|30m|DOWN,30m,DOWN,DMA,0.003264599100745812,1.0,False
DMA|DMA_WMA_P7_SHIFT3_V1|MA_SLOPE_TURN_UP|MA_SLOPE_TURN_DOWN|30m|DOWN,30m,DOWN,DMA,0.007959718913166675,1.0,False
DMA|DMA_WMA_P7_SHIFT3_V1|PRICE_CROSS_UP_MA|PRICE_CROSS_DOWN_MA|30m|DOWN,30m,DOWN,DMA,0.004872814219456688,1.0,False
DMA|DMA_WMA_P7_SHIFT5_V1|MA_SLOPE_TURN_UP|MA_SLOPE_TURN_DOWN|30m|DOWN,30m,DOWN,DMA,0.007959718913166675,1.0,False
DMA|DMA_WMA_P7_SHIFT5_V1|PRICE_CROSS_UP_MA|PRICE_CROSS_DOWN_MA|30m|DOWN,30m,DOWN,DMA,0.004872814219456688,1.0,False
DNO_QUANTILE|CAUSAL_DNO_QUANTILE_80_20_CONTROL_V1|CROSSED_OS_BAND_DOWN|30m|DOWN,30m,DOWN,DNO_QUANTILE,0.014661174007816476,1.0,False
DNO_QUANTILE|CAUSAL_DNO_QUANTILE_80_20_CONTROL_V1|FORECAST_OS_CROSS|30m|DOWN,30m,DOWN,DNO_QUANTILE,0.009119378868896313,1.0,False
INVERSE|INVERSE_DMA_25X5|DMA_SMA_P25_SHIFT5_V1|30m|DOWN,30m,DOWN,INVERSE_PREDICTOR,0.01797224044553199,1.0,False
INVERSE|INVERSE_DMA_3X3|DMA_SMA_P3_SHIFT3_V1|30m|DOWN,30m,DOWN,INVERSE_PREDICTOR,0.002449291762536801,1.0,False
INVERSE|INVERSE_DMA_7X5|DMA_SMA_P7_SHIFT5_V1|30m|DOWN,30m,DOWN,INVERSE_PREDICTOR,0.007238280731264664,1.0,False
INVERSE|INVERSE_DNO_N7_OB_OS|DNO_PERIOD_7_REFERENCE|30m|DOWN,30m,DOWN,INVERSE_PREDICTOR,0.010511168569072159,1.0,False
INVERSE|INVERSE_MACD_12_26_9_SIGNAL_CROSS|MACD_12_26_9_SHIFT0_V1|30m|DOWN,30m,DOWN,INVERSE_PREDICTOR,0.013410572757215224,1.0,False
INVERSE|INVERSE_STOCH_14_3_3_POINT_BAR|STOCH_K14_KS3_D3_SHIFT0_V1|30m|DOWN,30m,DOWN,INVERSE_PREDICTOR,0.013165775738224656,1.0,False
MACD|DINAPOLI_MACD_REFERENCE_V1|HIST_CROSS_UP_ZERO|HIST_CROSS_DOWN_ZERO|30m|DOWN,30m,DOWN,MACD,0.020781123571323622,1.0,False
MACD|DINAPOLI_MACD_REFERENCE_V1|MACD_CROSS_UP_SIGNAL|MACD_CROSS_DOWN_SIGNAL|30m|DOWN,30m,DOWN,MACD,0.020781123571323622,1.0,False
MACD|DISPLACED_MACD_12_26_9_SHIFT2_V1|HIST_CROSS_UP_ZERO|HIST_CROSS_DOWN_ZERO|30m|DOWN,30m,DOWN,MACD,0.02745327359236889,1.0,False
MACD|DISPLACED_MACD_12_26_9_SHIFT2_V1|MACD_CROSS_UP_SIGNAL|MACD_CROSS_DOWN_SIGNAL|30m|DOWN,30m,DOWN,MACD,0.02745327359236889,1.0,False
MACD|DISPLACED_MACD_12_26_9_SHIFT3_V1|HIST_CROSS_UP_ZERO|HIST_CROSS_DOWN_ZERO|30m|DOWN,30m,DOWN,MACD,0.02745327359236889,1.0,False
MACD|DISPLACED_MACD_12_26_9_SHIFT3_V1|MACD_CROSS_UP_SIGNAL|MACD_CROSS_DOWN_SIGNAL|30m|DOWN,30m,DOWN,MACD,0.02745327359236889,1.0,False
MACD|DISPLACED_MACD_12_26_9_SHIFT5_V1|HIST_CROSS_UP_ZERO|HIST_CROSS_DOWN_ZERO|30m|DOWN,30m,DOWN,MACD,0.02745327359236889,1.0,False
MACD|DISPLACED_MACD_12_26_9_SHIFT5_V1|MACD_CROSS_UP_SIGNAL|MACD_CROSS_DOWN_SIGNAL|30m|DOWN,30m,DOWN,MACD,0.02745327359236889,1.0,False
MACD|DISPLACED_MACD_5_13_4_SHIFT2_V1|HIST_CROSS_UP_ZERO|HIST_CROSS_DOWN_ZERO|30m|DOWN,30m,DOWN,MACD,0.010729007870925927,1.0,False
MACD|DISPLACED_MACD_5_13_4_SHIFT2_V1|MACD_CROSS_UP_SIGNAL|MACD_CROSS_DOWN_SIGNAL|30m|DOWN,30m,DOWN,MACD,0.010729007870925927,1.0,False
MACD|DISPLACED_MACD_5_13_4_SHIFT3_V1|HIST_CROSS_UP_ZERO|HIST_CROSS_DOWN_ZERO|30m|DOWN,30m,DOWN,MACD,0.010729007870925927,1.0,False
MACD|DISPLACED_MACD_5_13_4_SHIFT3_V1|MACD_CROSS_UP_SIGNAL|MACD_CROSS_DOWN_SIGNAL|30m|DOWN,30m,DOWN,MACD,0.010729007870925927,1.0,False
MACD|DISPLACED_MACD_5_13_4_SHIFT5_V1|HIST_CROSS_UP_ZERO|HIST_CROSS_DOWN_ZERO|30m|DOWN,30m,DOWN,MACD,0.010729007870925927,1.0,False
MACD|DISPLACED_MACD_5_13_4_SHIFT5_V1|MACD_CROSS_UP_SIGNAL|MACD_CROSS_DOWN_SIGNAL|30m|DOWN,30m,DOWN,MACD,0.010729007870925927,1.0,False
MACD|DISPLACED_MACD_8_21_5_SHIFT2_V1|HIST_CROSS_UP_ZERO|HIST_CROSS_DOWN_ZERO|30m|DOWN,30m,DOWN,MACD,0.017275648651766097,1.0,False
MACD|DISPLACED_MACD_8_21_5_SHIFT2_V1|MACD_CROSS_UP_SIGNAL|MACD_CROSS_DOWN_SIGNAL|30m|DOWN,30m,DOWN,MACD,0.017275648651766097,1.0,False
MACD|DISPLACED_MACD_8_21_5_SHIFT3_V1|HIST_CROSS_UP_ZERO|HIST_CROSS_DOWN_ZERO|30m|DOWN,30m,DOWN,MACD,0.017275648651766097,1.0,False
MACD|DISPLACED_MACD_8_21_5_SHIFT3_V1|MACD_CROSS_UP_SIGNAL|MACD_CROSS_DOWN_SIGNAL|30m|DOWN,30m,DOWN,MACD,0.017275648651766097,1.0,False
MACD|DISPLACED_MACD_8_21_5_SHIFT5_V1|HIST_CROSS_UP_ZERO|HIST_CROSS_DOWN_ZERO|30m|DOWN,30m,DOWN,MACD,0.017275648651766097,1.0,False
MACD|DISPLACED_MACD_8_21_5_SHIFT5_V1|MACD_CROSS_UP_SIGNAL|MACD_CROSS_DOWN_SIGNAL|30m|DOWN,30m,DOWN,MACD,0.017275648651766097,1.0,False
MACD|MACD_12_26_9_SHIFT0_V1|HIST_CROSS_UP_ZERO|HIST_CROSS_DOWN_ZERO|30m|DOWN,30m,DOWN,MACD,0.02745327359236889,1.0,False
MACD|MACD_12_26_9_SHIFT0_V1|MACD_CROSS_UP_SIGNAL|MACD_CROSS_DOWN_SIGNAL|30m|DOWN,30m,DOWN,MACD,0.02745327359236889,1.0,False
MACD|MACD_5_13_4_SHIFT0_V1|HIST_CROSS_UP_ZERO|HIST_CROSS_DOWN_ZERO|30m|DOWN,30m,DOWN,MACD,0.010729007870925927,1.0,False
MACD|MACD_5_13_4_SHIFT0_V1|MACD_CROSS_UP_SIGNAL|MACD_CROSS_DOWN_SIGNAL|30m|DOWN,30m,DOWN,MACD,0.010729007870925927,1.0,False
MACD|MACD_8_21_5_SHIFT0_V1|HIST_CROSS_UP_ZERO|HIST_CROSS_DOWN_ZERO|30m|DOWN,30m,DOWN,MACD,0.017275648651766097,1.0,False
MACD|MACD_8_21_5_SHIFT0_V1|MACD_CROSS_UP_SIGNAL|MACD_CROSS_DOWN_SIGNAL|30m|DOWN,30m,DOWN,MACD,0.017275648651766097,1.0,False
OSC_PREDICTOR|OSC_PRED_SWEEP_LOOKBACK_200|CROSSED_OS_BAND_DOWN|30m|DOWN,30m,DOWN,OSC_PREDICTOR,0.019951132266112465,1.0,False
OSC_PREDICTOR|OSC_PRED_SWEEP_LOOKBACK_200|FORECAST_OS_CROSS|30m|DOWN,30m,DOWN,OSC_PREDICTOR,0.01268645571510655,1.0,False
OSC_PREDICTOR|OSC_PRED_SWEEP_LOOKBACK_50|CROSSED_OS_BAND_DOWN|30m|DOWN,30m,DOWN,OSC_PREDICTOR,0.018262250453720506,1.0,False
OSC_PREDICTOR|OSC_PRED_SWEEP_LOOKBACK_50|FORECAST_OS_CROSS|30m|DOWN,30m,DOWN,OSC_PREDICTOR,0.012875964589019271,1.0,False
OSC_PREDICTOR|OSC_PRED_SWEEP_OB_OS_LEVEL_PERCENT_0.7|CROSSED_OS_BAND_DOWN|30m|DOWN,30m,DOWN,OSC_PREDICTOR,0.016917739223097288,1.0,False
OSC_PREDICTOR|OSC_PRED_SWEEP_OB_OS_LEVEL_PERCENT_0.7|FORECAST_OS_CROSS|30m|DOWN,30m,DOWN,OSC_PREDICTOR,0.010928149871769668,1.0,False
OSC_PREDICTOR|OSC_PRED_SWEEP_OB_OS_LEVEL_PERCENT_0.9|CROSSED_OS_BAND_DOWN|30m|DOWN,30m,DOWN,OSC_PREDICTOR,0.02318058930689279,1.0,False
OSC_PREDICTOR|OSC_PRED_SWEEP_OB_OS_LEVEL_PERCENT_0.9|FORECAST_OS_CROSS|30m|DOWN,30m,DOWN,OSC_PREDICTOR,0.01443809670087478,1.0,False
OSC_PREDICTOR|OSC_PRED_SWEEP_PEAK_STRENGTH_1|CROSSED_OS_BAND_DOWN|30m|DOWN,30m,DOWN,OSC_PREDICTOR,0.015613669236769587,1.0,False
OSC_PREDICTOR|OSC_PRED_SWEEP_PEAK_STRENGTH_1|FORECAST_OS_CROSS|30m|DOWN,30m,DOWN,OSC_PREDICTOR,0.010300206546324187,1.0,False
OSC_PREDICTOR|OSC_PRED_SWEEP_PEAK_STRENGTH_3|CROSSED_OS_BAND_DOWN|30m|DOWN,30m,DOWN,OSC_PREDICTOR,0.022973172642395755,1.0,False
OSC_PREDICTOR|OSC_PRED_SWEEP_PEAK_STRENGTH_3|FORECAST_OS_CROSS|30m|DOWN,30m,DOWN,OSC_PREDICTOR,0.01423427673990419,1.0,False
OSC_PREDICTOR|OSC_PRED_SWEEP_PERIOD_10|CROSSED_OS_BAND_DOWN|30m|DOWN,30m,DOWN,OSC_PREDICTOR,0.02235318783701442,1.0,False
OSC_PREDICTOR|OSC_PRED_SWEEP_PERIOD_10|FORECAST_OS_CROSS|30m|DOWN,30m,DOWN,OSC_PREDICTOR,0.016228040759456774,1.0,False
OSC_PREDICTOR|OSC_PRED_SWEEP_PERIOD_14|CROSSED_OS_BAND_DOWN|30m|DOWN,30m,DOWN,OSC_PREDICTOR,0.024352731732747265,1.0,False
OSC_PREDICTOR|OSC_PRED_SWEEP_PERIOD_14|FORECAST_OS_CROSS|30m|DOWN,30m,DOWN,OSC_PREDICTOR,0.01985495443461954,1.0,False
OSC_PREDICTOR|OSC_PRED_SWEEP_PERIOD_5|CROSSED_OS_BAND_DOWN|30m|DOWN,30m,DOWN,OSC_PREDICTOR,0.020162707808759336,1.0,False
OSC_PREDICTOR|OSC_PRED_SWEEP_PERIOD_5|FORECAST_OS_CROSS|30m|DOWN,30m,DOWN,OSC_PREDICTOR,0.009435170765788817,1.0,False
OSC_PREDICTOR|OSC_PRED_SWEEP_SAMPLES_3|CROSSED_OS_BAND_DOWN|30m|DOWN,30m,DOWN,OSC_PREDICTOR,0.01877895638646842,1.0,False
OSC_PREDICTOR|OSC_PRED_SWEEP_SAMPLES_3|FORECAST_OS_CROSS|30m|DOWN,30m,DOWN,OSC_PREDICTOR,0.011742853901996371,1.0,False
OSC_PREDICTOR|OSC_PRED_SWEEP_SAMPLES_8|CROSSED_OS_BAND_DOWN|30m|DOWN,30m,DOWN,OSC_PREDICTOR,0.0206547461079313,1.0,False
OSC_PREDICTOR|OSC_PRED_SWEEP_SAMPLES_8|FORECAST_OS_CROSS|30m|DOWN,30m,DOWN,OSC_PREDICTOR,0.013302270527551376,1.0,False
OSC_PREDICTOR|PROJECT_DINAPOLI_STYLE_OSCILLATOR_PREDICTOR_REFERENCE|CROSSED_OS_BAND_DOWN|30m|DOWN,30m,DOWN,OSC_PREDICTOR,0.019951132266112465,1.0,False
OSC_PREDICTOR|PROJECT_DINAPOLI_STYLE_OSCILLATOR_PREDICTOR_REFERENCE|FORECAST_OS_CROSS|30m|DOWN,30m,DOWN,OSC_PREDICTOR,0.01268645571510655,1.0,False
PURE_DNO|DNO_PERIOD_7_REFERENCE|DNO_ZERO_CROSS_DOWN|30m|DOWN,30m,DOWN,PURE_DNO,0.006969805597046506,1.0,False
STOCH|DINAPOLI_PREFERRED_STOCHASTIC_REFERENCE_V1|K_CROSS_UP_D|K_CROSS_DOWN_D|30m|DOWN,30m,DOWN,STOCHASTIC,0.010202580075538332,1.0,False
STOCH|DISPLACED_STOCH_K14_KS3_D3_SHIFT2_V1|K_CROSS_UP_D|K_CROSS_DOWN_D|30m|DOWN,30m,DOWN,STOCHASTIC,0.006476490995072941,1.0,False
STOCH|DISPLACED_STOCH_K14_KS3_D3_SHIFT3_V1|K_CROSS_UP_D|K_CROSS_DOWN_D|30m|DOWN,30m,DOWN,STOCHASTIC,0.006476490995072941,1.0,False
STOCH|DISPLACED_STOCH_K14_KS3_D3_SHIFT5_V1|K_CROSS_UP_D|K_CROSS_DOWN_D|30m|DOWN,30m,DOWN,STOCHASTIC,0.006476490995072941,1.0,False
STOCH|DISPLACED_STOCH_K21_KS5_D5_SHIFT2_V1|K_CROSS_UP_D|K_CROSS_DOWN_D|30m|DOWN,30m,DOWN,STOCHASTIC,0.014263569924520044,1.0,False
STOCH|DISPLACED_STOCH_K21_KS5_D5_SHIFT3_V1|K_CROSS_UP_D|K_CROSS_DOWN_D|30m|DOWN,30m,DOWN,STOCHASTIC,0.014263569924520044,1.0,False
STOCH|DISPLACED_STOCH_K21_KS5_D5_SHIFT5_V1|K_CROSS_UP_D|K_CROSS_DOWN_D|30m|DOWN,30m,DOWN,STOCHASTIC,0.014263569924520044,1.0,False
STOCH|DISPLACED_STOCH_K5_KS3_D3_SHIFT2_V1|K_CROSS_UP_D|K_CROSS_DOWN_D|30m|DOWN,30m,DOWN,STOCHASTIC,0.005547462131985097,1.0,False
STOCH|DISPLACED_STOCH_K5_KS3_D3_SHIFT3_V1|K_CROSS_UP_D|K_CROSS_DOWN_D|30m|DOWN,30m,DOWN,STOCHASTIC,0.005547462131985097,1.0,False
STOCH|DISPLACED_STOCH_K5_KS3_D3_SHIFT5_V1|K_CROSS_UP_D|K_CROSS_DOWN_D|30m|DOWN,30m,DOWN,STOCHASTIC,0.005547462131985097,1.0,False
STOCH|DISPLACED_STOCH_K9_KS3_D3_SHIFT2_V1|K_CROSS_UP_D|K_CROSS_DOWN_D|30m|DOWN,30m,DOWN,STOCHASTIC,0.006207579775913311,1.0,False
STOCH|DISPLACED_STOCH_K9_KS3_D3_SHIFT3_V1|K_CROSS_UP_D|K_CROSS_DOWN_D|30m|DOWN,30m,DOWN,STOCHASTIC,0.006207579775913311,1.0,False
STOCH|DISPLACED_STOCH_K9_KS3_D3_SHIFT5_V1|K_CROSS_UP_D|K_CROSS_DOWN_D|30m|DOWN,30m,DOWN,STOCHASTIC,0.006207579775913311,1.0,False
STOCH|STOCH_K14_KS3_D3_SHIFT0_V1|K_CROSS_UP_D|K_CROSS_DOWN_D|30m|DOWN,30m,DOWN,STOCHASTIC,0.006476490995072941,1.0,False
STOCH|STOCH_K21_KS5_D5_SHIFT0_V1|K_CROSS_UP_D|K_CROSS_DOWN_D|30m|DOWN,30m,DOWN,STOCHASTIC,0.014263569924520044,1.0,False
STOCH|STOCH_K5_KS3_D3_SHIFT0_V1|K_CROSS_UP_D|K_CROSS_DOWN_D|30m|DOWN,30m,DOWN,STOCHASTIC,0.005547462131985097,1.0,False
STOCH|STOCH_K9_KS3_D3_SHIFT0_V1|K_CROSS_UP_D|K_CROSS_DOWN_D|30m|DOWN,30m,DOWN,STOCHASTIC,0.006207579775913311,1.0,False
DMA|DMA_EMA_P10_SHIFT5_V1|MA_SLOPE_TURN_UP|MA_SLOPE_TURN_DOWN|30m|UP,30m,UP,DMA,0.008393044513120607,1.0,False
DMA|DMA_EMA_P10_SHIFT5_V1|PRICE_CROSS_UP_MA|PRICE_CROSS_DOWN_MA|30m|UP,30m,UP,DMA,0.008390526167469579,1.0,False
DMA|DMA_EMA_P14_SHIFT5_V1|MA_SLOPE_TURN_UP|MA_SLOPE_TURN_DOWN|30m|UP,30m,UP,DMA,0.01086626638192124,1.0,False
DMA|DMA_EMA_P14_SHIFT5_V1|PRICE_CROSS_UP_MA|PRICE_CROSS_DOWN_MA|30m|UP,30m,UP,DMA,0.0108627673446169,1.0,False
DMA|DMA_EMA_P14_SHIFT8_V1|MA_SLOPE_TURN_UP|MA_SLOPE_TURN_DOWN|30m|UP,30m,UP,DMA,0.01086626638192124,1.0,False
DMA|DMA_EMA_P14_SHIFT8_V1|PRICE_CROSS_UP_MA|PRICE_CROSS_DOWN_MA|30m|UP,30m,UP,DMA,0.0108627673446169,1.0,False
DMA|DMA_EMA_P20_SHIFT5_V1|MA_SLOPE_TURN_UP|MA_SLOPE_TURN_DOWN|30m|UP,30m,UP,DMA,0.013552829879010311,1.0,False
DMA|DMA_EMA_P20_SHIFT5_V1|PRICE_CROSS_UP_MA|PRICE_CROSS_DOWN_MA|30m|UP,30m,UP,DMA,0.013542949215097373,1.0,False
DMA|DMA_EMA_P25_SHIFT5_V1|MA_SLOPE_TURN_UP|MA_SLOPE_TURN_DOWN|30m|UP,30m,UP,DMA,0.015275082511345368,1.0,False
DMA|DMA_EMA_P25_SHIFT5_V1|PRICE_CROSS_UP_MA|PRICE_CROSS_DOWN_MA|30m|UP,30m,UP,DMA,0.015269038803934352,1.0,False
DMA|DMA_EMA_P25_SHIFT8_V1|MA_SLOPE_TURN_UP|MA_SLOPE_TURN_DOWN|30m|UP,30m,UP,DMA,0.015275082511345368,1.0,False
DMA|DMA_EMA_P25_SHIFT8_V1|PRICE_CROSS_UP_MA|PRICE_CROSS_DOWN_MA|30m|UP,30m,UP,DMA,0.015269038803934352,1.0,False
DMA|DMA_EMA_P3_SHIFT0_V1|MA_SLOPE_TURN_UP|MA_SLOPE_TURN_DOWN|30m|UP,30m,UP,DMA,0.002667047642379769,1.0,False
DMA|DMA_EMA_P3_SHIFT0_V1|PRICE_CROSS_UP_MA|PRICE_CROSS_DOWN_MA|30m|UP,30m,UP,DMA,0.0026662045407958223,1.0,False
DMA|DMA_EMA_P3_SHIFT2_V1|MA_SLOPE_TURN_UP|MA_SLOPE_TURN_DOWN|30m|UP,30m,UP,DMA,0.002667047642379769,1.0,False
DMA|DMA_EMA_P3_SHIFT2_V1|PRICE_CROSS_UP_MA|PRICE_CROSS_DOWN_MA|30m|UP,30m,UP,DMA,0.0026662045407958223,1.0,False
DMA|DMA_EMA_P3_SHIFT3_V1|MA_SLOPE_TURN_UP|MA_SLOPE_TURN_DOWN|30m|UP,30m,UP,DMA,0.002667047642379769,1.0,False
DMA|DMA_EMA_P3_SHIFT3_V1|PRICE_CROSS_UP_MA|PRICE_CROSS_DOWN_MA|30m|UP,30m,UP,DMA,0.0026662045407958223,1.0,False
DMA|DMA_EMA_P3_SHIFT5_V1|MA_SLOPE_TURN_UP|MA_SLOPE_TURN_DOWN|30m|UP,30m,UP,DMA,0.002667047642379769,1.0,False
DMA|DMA_EMA_P3_SHIFT5_V1|PRICE_CROSS_UP_MA|PRICE_CROSS_DOWN_MA|30m|UP,30m,UP,DMA,0.0026662045407958223,1.0,False
DMA|DMA_EMA_P5_SHIFT3_V1|MA_SLOPE_TURN_UP|MA_SLOPE_TURN_DOWN|30m|UP,30m,UP,DMA,0.004504288773146161,1.0,False
DMA|DMA_EMA_P5_SHIFT3_V1|PRICE_CROSS_UP_MA|PRICE_CROSS_DOWN_MA|30m|UP,30m,UP,DMA,0.004630868384339042,1.0,False
DMA|DMA_EMA_P5_SHIFT5_V1|MA_SLOPE_TURN_UP|MA_SLOPE_TURN_DOWN|30m|UP,30m,UP,DMA,0.004504288773146161,1.0,False
DMA|DMA_EMA_P5_SHIFT5_V1|PRICE_CROSS_UP_MA|PRICE_CROSS_DOWN_MA|30m|UP,30m,UP,DMA,0.004630868384339042,1.0,False
DMA|DMA_EMA_P7_SHIFT3_V1|MA_SLOPE_TURN_UP|MA_SLOPE_TURN_DOWN|30m|UP,30m,UP,DMA,0.006350790035715439,1.0,False
DMA|DMA_EMA_P7_SHIFT3_V1|PRICE_CROSS_UP_MA|PRICE_CROSS_DOWN_MA|30m|UP,30m,UP,DMA,0.006347178479589477,1.0,False
DMA|DMA_EMA_P7_SHIFT5_V1|MA_SLOPE_TURN_UP|MA_SLOPE_TURN_DOWN|30m|UP,30m,UP,DMA,0.006350790035715439,1.0,False
DMA|DMA_EMA_P7_SHIFT5_V1|PRICE_CROSS_UP_MA|PRICE_CROSS_DOWN_MA|30m|UP,30m,UP,DMA,0.006347178479589477,1.0,False
DMA|DMA_SMA_P10_SHIFT5_V1|MA_SLOPE_TURN_UP|MA_SLOPE_TURN_DOWN|30m|UP,30m,UP,DMA,0.01263792110026515,1.0,False
DMA|DMA_SMA_P10_SHIFT5_V1|PRICE_CROSS_UP_MA|PRICE_CROSS_DOWN_MA|30m|UP,30m,UP,DMA,0.009534884317511,1.0,False
DMA|DMA_SMA_P14_SHIFT5_V1|MA_SLOPE_TURN_UP|MA_SLOPE_TURN_DOWN|30m|UP,30m,UP,DMA,0.015170066876858297,1.0,False
DMA|DMA_SMA_P14_SHIFT5_V1|PRICE_CROSS_UP_MA|PRICE_CROSS_DOWN_MA|30m|UP,30m,UP,DMA,0.012220936973177034,1.0,False
DMA|DMA_SMA_P14_SHIFT8_V1|MA_SLOPE_TURN_UP|MA_SLOPE_TURN_DOWN|30m|UP,30m,UP,DMA,0.015170066876858297,1.0,False
DMA|DMA_SMA_P14_SHIFT8_V1|PRICE_CROSS_UP_MA|PRICE_CROSS_DOWN_MA|30m|UP,30m,UP,DMA,0.012220936973177034,1.0,False
DMA|DMA_SMA_P20_SHIFT5_V1|MA_SLOPE_TURN_UP|MA_SLOPE_TURN_DOWN|30m|UP,30m,UP,DMA,0.01942101372436841,1.0,False
DMA|DMA_SMA_P20_SHIFT5_V1|PRICE_CROSS_UP_MA|PRICE_CROSS_DOWN_MA|30m|UP,30m,UP,DMA,0.01619603019420934,1.0,False
DMA|DMA_SMA_P25_SHIFT5_V1|MA_SLOPE_TURN_UP|MA_SLOPE_TURN_DOWN|30m|UP,30m,UP,DMA,0.01834820514445028,1.0,False
DMA|DMA_SMA_P25_SHIFT5_V1|PRICE_CROSS_UP_MA|PRICE_CROSS_DOWN_MA|30m|UP,30m,UP,DMA,0.018483834955090102,1.0,False
DMA|DMA_SMA_P25_SHIFT8_V1|MA_SLOPE_TURN_UP|MA_SLOPE_TURN_DOWN|30m|UP,30m,UP,DMA,0.01834820514445028,1.0,False
DMA|DMA_SMA_P25_SHIFT8_V1|PRICE_CROSS_UP_MA|PRICE_CROSS_DOWN_MA|30m|UP,30m,UP,DMA,0.018483834955090102,1.0,False
DMA|DMA_SMA_P3_SHIFT0_V1|MA_SLOPE_TURN_UP|MA_SLOPE_TURN_DOWN|30m|UP,30m,UP,DMA,0.004582960447258796,1.0,False
DMA|DMA_SMA_P3_SHIFT0_V1|PRICE_CROSS_UP_MA|PRICE_CROSS_DOWN_MA|30m|UP,30m,UP,DMA,0.001948516654304783,1.0,False
DMA|DMA_SMA_P3_SHIFT2_V1|MA_SLOPE_TURN_UP|MA_SLOPE_TURN_DOWN|30m|UP,30m,UP,DMA,0.004582960447258796,1.0,False
DMA|DMA_SMA_P3_SHIFT2_V1|PRICE_CROSS_UP_MA|PRICE_CROSS_DOWN_MA|30m|UP,30m,UP,DMA,0.001948516654304783,1.0,False
DMA|DMA_SMA_P3_SHIFT3_V1|MA_SLOPE_TURN_UP|MA_SLOPE_TURN_DOWN|30m|UP,30m,UP,DMA,0.004582960447258796,1.0,False
DMA|DMA_SMA_P3_SHIFT3_V1|PRICE_CROSS_UP_MA|PRICE_CROSS_DOWN_MA|30m|UP,30m,UP,DMA,0.001948516654304783,1.0,False
DMA|DMA_SMA_P3_SHIFT5_V1|MA_SLOPE_TURN_UP|MA_SLOPE_TURN_DOWN|30m|UP,30m,UP,DMA,0.004582960447258796,1.0,False
DMA|DMA_SMA_P3_SHIFT5_V1|PRICE_CROSS_UP_MA|PRICE_CROSS_DOWN_MA|30m|UP,30m,UP,DMA,0.001948516654304783,1.0,False
DMA|DMA_SMA_P5_SHIFT3_V1|MA_SLOPE_TURN_UP|MA_SLOPE_TURN_DOWN|30m|UP,30m,UP,DMA,0.00755292161701455,1.0,False
DMA|DMA_SMA_P5_SHIFT3_V1|PRICE_CROSS_UP_MA|PRICE_CROSS_DOWN_MA|30m|UP,30m,UP,DMA,0.004869257736950599,1.0,False
DMA|DMA_SMA_P5_SHIFT5_V1|MA_SLOPE_TURN_UP|MA_SLOPE_TURN_DOWN|30m|UP,30m,UP,DMA,0.00755292161701455,1.0,False
DMA|DMA_SMA_P5_SHIFT5_V1|PRICE_CROSS_UP_MA|PRICE_CROSS_DOWN_MA|30m|UP,30m,UP,DMA,0.004869257736950599,1.0,False
DMA|DMA_SMA_P7_SHIFT3_V1|MA_SLOPE_TURN_UP|MA_SLOPE_TURN_DOWN|30m|UP,30m,UP,DMA,0.009950977603483634,1.0,False
DMA|DMA_SMA_P7_SHIFT3_V1|PRICE_CROSS_UP_MA|PRICE_CROSS_DOWN_MA|30m|UP,30m,UP,DMA,0.00681059532688126,1.0,False
DMA|DMA_SMA_P7_SHIFT5_V1|MA_SLOPE_TURN_UP|MA_SLOPE_TURN_DOWN|30m|UP,30m,UP,DMA,0.009950977603483634,1.0,False
DMA|DMA_SMA_P7_SHIFT5_V1|PRICE_CROSS_UP_MA|PRICE_CROSS_DOWN_MA|30m|UP,30m,UP,DMA,0.00681059532688126,1.0,False
DMA|DMA_WMA_P10_SHIFT5_V1|MA_SLOPE_TURN_UP|MA_SLOPE_TURN_DOWN|30m|UP,30m,UP,DMA,0.010323019272150524,1.0,False
DMA|DMA_WMA_P10_SHIFT5_V1|PRICE_CROSS_UP_MA|PRICE_CROSS_DOWN_MA|30m|UP,30m,UP,DMA,0.006713868599532849,1.0,False
DMA|DMA_WMA_P14_SHIFT5_V1|MA_SLOPE_TURN_UP|MA_SLOPE_TURN_DOWN|30m|UP,30m,UP,DMA,0.012966679132305231,1.0,False
DMA|DMA_WMA_P14_SHIFT5_V1|PRICE_CROSS_UP_MA|PRICE_CROSS_DOWN_MA|30m|UP,30m,UP,DMA,0.008723143534343752,1.0,False
DMA|DMA_WMA_P14_SHIFT8_V1|MA_SLOPE_TURN_UP|MA_SLOPE_TURN_DOWN|30m|UP,30m,UP,DMA,0.012966679132305231,1.0,False
DMA|DMA_WMA_P14_SHIFT8_V1|PRICE_CROSS_UP_MA|PRICE_CROSS_DOWN_MA|30m|UP,30m,UP,DMA,0.008723143534343752,1.0,False
DMA|DMA_WMA_P20_SHIFT5_V1|MA_SLOPE_TURN_UP|MA_SLOPE_TURN_DOWN|30m|UP,30m,UP,DMA,0.016148498700114425,1.0,False
DMA|DMA_WMA_P20_SHIFT5_V1|PRICE_CROSS_UP_MA|PRICE_CROSS_DOWN_MA|30m|UP,30m,UP,DMA,0.011639743953676285,1.0,False
DMA|DMA_WMA_P25_SHIFT5_V1|MA_SLOPE_TURN_UP|MA_SLOPE_TURN_DOWN|30m|UP,30m,UP,DMA,0.01826343046798743,1.0,False
DMA|DMA_WMA_P25_SHIFT5_V1|PRICE_CROSS_UP_MA|PRICE_CROSS_DOWN_MA|30m|UP,30m,UP,DMA,0.01375356781403769,1.0,False
DMA|DMA_WMA_P25_SHIFT8_V1|MA_SLOPE_TURN_UP|MA_SLOPE_TURN_DOWN|30m|UP,30m,UP,DMA,0.01826343046798743,1.0,False
DMA|DMA_WMA_P25_SHIFT8_V1|PRICE_CROSS_UP_MA|PRICE_CROSS_DOWN_MA|30m|UP,30m,UP,DMA,0.01375356781403769,1.0,False
DMA|DMA_WMA_P3_SHIFT0_V1|MA_SLOPE_TURN_UP|MA_SLOPE_TURN_DOWN|30m|UP,30m,UP,DMA,0.0034512101768522626,1.0,False
DMA|DMA_WMA_P3_SHIFT0_V1|PRICE_CROSS_UP_MA|PRICE_CROSS_DOWN_MA|30m|UP,30m,UP,DMA,0.0012976613874770516,1.0,False
DMA|DMA_WMA_P3_SHIFT2_V1|MA_SLOPE_TURN_UP|MA_SLOPE_TURN_DOWN|30m|UP,30m,UP,DMA,0.0034512101768522626,1.0,False
DMA|DMA_WMA_P3_SHIFT2_V1|PRICE_CROSS_UP_MA|PRICE_CROSS_DOWN_MA|30m|UP,30m,UP,DMA,0.0012976613874770516,1.0,False
DMA|DMA_WMA_P3_SHIFT3_V1|MA_SLOPE_TURN_UP|MA_SLOPE_TURN_DOWN|30m|UP,30m,UP,DMA,0.0034512101768522626,1.0,False
DMA|DMA_WMA_P3_SHIFT3_V1|PRICE_CROSS_UP_MA|PRICE_CROSS_DOWN_MA|30m|UP,30m,UP,DMA,0.0012976613874770516,1.0,False
DMA|DMA_WMA_P3_SHIFT5_V1|MA_SLOPE_TURN_UP|MA_SLOPE_TURN_DOWN|30m|UP,30m,UP,DMA,0.0034512101768522626,1.0,False
DMA|DMA_WMA_P3_SHIFT5_V1|PRICE_CROSS_UP_MA|PRICE_CROSS_DOWN_MA|30m|UP,30m,UP,DMA,0.0012976613874770516,1.0,False
DMA|DMA_WMA_P5_SHIFT3_V1|MA_SLOPE_TURN_UP|MA_SLOPE_TURN_DOWN|30m|UP,30m,UP,DMA,0.005869798829082367,1.0,False
DMA|DMA_WMA_P5_SHIFT3_V1|PRICE_CROSS_UP_MA|PRICE_CROSS_DOWN_MA|30m|UP,30m,UP,DMA,0.003269417026992378,1.0,False
DMA|DMA_WMA_P5_SHIFT5_V1|MA_SLOPE_TURN_UP|MA_SLOPE_TURN_DOWN|30m|UP,30m,UP,DMA,0.005869798829082367,1.0,False
DMA|DMA_WMA_P5_SHIFT5_V1|PRICE_CROSS_UP_MA|PRICE_CROSS_DOWN_MA|30m|UP,30m,UP,DMA,0.003269417026992378,1.0,False
DMA|DMA_WMA_P7_SHIFT3_V1|MA_SLOPE_TURN_UP|MA_SLOPE_TURN_DOWN|30m|UP,30m,UP,DMA,0.007794317284964784,1.0,False
DMA|DMA_WMA_P7_SHIFT3_V1|PRICE_CROSS_UP_MA|PRICE_CROSS_DOWN_MA|30m|UP,30m,UP,DMA,0.004751878158840738,1.0,False
DMA|DMA_WMA_P7_SHIFT5_V1|MA_SLOPE_TURN_UP|MA_SLOPE_TURN_DOWN|30m|UP,30m,UP,DMA,0.007794317284964784,1.0,False
DMA|DMA_WMA_P7_SHIFT5_V1|PRICE_CROSS_UP_MA|PRICE_CROSS_DOWN_MA|30m|UP,30m,UP,DMA,0.004751878158840738,1.0,False
DNO_QUANTILE|CAUSAL_DNO_QUANTILE_80_20_CONTROL_V1|CROSSED_OB_BAND_UP|30m|UP,30m,UP,DNO_QUANTILE,0.016683690287993956,1.0,False
DNO_QUANTILE|CAUSAL_DNO_QUANTILE_80_20_CONTROL_V1|FORECAST_OB_CROSS|30m|UP,30m,UP,DNO_QUANTILE,0.009288456873516957,1.0,False
INVERSE|INVERSE_DMA_25X5|DMA_SMA_P25_SHIFT5_V1|30m|UP,30m,UP,INVERSE_PREDICTOR,0.01807129661546379,1.0,False
INVERSE|INVERSE_DMA_3X3|DMA_SMA_P3_SHIFT3_V1|30m|UP,30m,UP,INVERSE_PREDICTOR,0.002329274231773361,1.0,False
INVERSE|INVERSE_DMA_7X5|DMA_SMA_P7_SHIFT5_V1|30m|UP,30m,UP,INVERSE_PREDICTOR,0.007233996558554434,1.0,False
INVERSE|INVERSE_DNO_N7_OB_OS|DNO_PERIOD_7_REFERENCE|30m|UP,30m,UP,INVERSE_PREDICTOR,0.010300326554243702,1.0,False
INVERSE|INVERSE_MACD_12_26_9_SIGNAL_CROSS|MACD_12_26_9_SHIFT0_V1|30m|UP,30m,UP,INVERSE_PREDICTOR,0.015338109929558561,1.0,False
INVERSE|INVERSE_STOCH_14_3_3_POINT_BAR|STOCH_K14_KS3_D3_SHIFT0_V1|30m|UP,30m,UP,INVERSE_PREDICTOR,0.014743588910111467,1.0,False
MACD|DINAPOLI_MACD_REFERENCE_V1|HIST_CROSS_UP_ZERO|HIST_CROSS_DOWN_ZERO|30m|UP,30m,UP,MACD,0.021923274030900154,1.0,False
MACD|DINAPOLI_MACD_REFERENCE_V1|MACD_CROSS_UP_SIGNAL|MACD_CROSS_DOWN_SIGNAL|30m|UP,30m,UP,MACD,0.021923274030900154,1.0,False
MACD|DISPLACED_MACD_12_26_9_SHIFT2_V1|HIST_CROSS_UP_ZERO|HIST_CROSS_DOWN_ZERO|30m|UP,30m,UP,MACD,0.026971380260134157,1.0,False
MACD|DISPLACED_MACD_12_26_9_SHIFT2_V1|MACD_CROSS_UP_SIGNAL|MACD_CROSS_DOWN_SIGNAL|30m|UP,30m,UP,MACD,0.026971380260134157,1.0,False
MACD|DISPLACED_MACD_12_26_9_SHIFT3_V1|HIST_CROSS_UP_ZERO|HIST_CROSS_DOWN_ZERO|30m|UP,30m,UP,MACD,0.026971380260134157,1.0,False
MACD|DISPLACED_MACD_12_26_9_SHIFT3_V1|MACD_CROSS_UP_SIGNAL|MACD_CROSS_DOWN_SIGNAL|30m|UP,30m,UP,MACD,0.026971380260134157,1.0,False
MACD|DISPLACED_MACD_12_26_9_SHIFT5_V1|HIST_CROSS_UP_ZERO|HIST_CROSS_DOWN_ZERO|30m|UP,30m,UP,MACD,0.026971380260134157,1.0,False
MACD|DISPLACED_MACD_12_26_9_SHIFT5_V1|MACD_CROSS_UP_SIGNAL|MACD_CROSS_DOWN_SIGNAL|30m|UP,30m,UP,MACD,0.026971380260134157,1.0,False
MACD|DISPLACED_MACD_5_13_4_SHIFT2_V1|HIST_CROSS_UP_ZERO|HIST_CROSS_DOWN_ZERO|30m|UP,30m,UP,MACD,0.010507912800302242,1.0,False
MACD|DISPLACED_MACD_5_13_4_SHIFT2_V1|MACD_CROSS_UP_SIGNAL|MACD_CROSS_DOWN_SIGNAL|30m|UP,30m,UP,MACD,0.010507912800302242,1.0,False
MACD|DISPLACED_MACD_5_13_4_SHIFT3_V1|HIST_CROSS_UP_ZERO|HIST_CROSS_DOWN_ZERO|30m|UP,30m,UP,MACD,0.010507912800302242,1.0,False
MACD|DISPLACED_MACD_5_13_4_SHIFT3_V1|MACD_CROSS_UP_SIGNAL|MACD_CROSS_DOWN_SIGNAL|30m|UP,30m,UP,MACD,0.010507912800302242,1.0,False
MACD|DISPLACED_MACD_5_13_4_SHIFT5_V1|HIST_CROSS_UP_ZERO|HIST_CROSS_DOWN_ZERO|30m|UP,30m,UP,MACD,0.010507912800302242,1.0,False
MACD|DISPLACED_MACD_5_13_4_SHIFT5_V1|MACD_CROSS_UP_SIGNAL|MACD_CROSS_DOWN_SIGNAL|30m|UP,30m,UP,MACD,0.010507912800302242,1.0,False
MACD|DISPLACED_MACD_8_21_5_SHIFT2_V1|HIST_CROSS_UP_ZERO|HIST_CROSS_DOWN_ZERO|30m|UP,30m,UP,MACD,0.01666348623589044,1.0,False
MACD|DISPLACED_MACD_8_21_5_SHIFT2_V1|MACD_CROSS_UP_SIGNAL|MACD_CROSS_DOWN_SIGNAL|30m|UP,30m,UP,MACD,0.01666348623589044,1.0,False
MACD|DISPLACED_MACD_8_21_5_SHIFT3_V1|HIST_CROSS_UP_ZERO|HIST_CROSS_DOWN_ZERO|30m|UP,30m,UP,MACD,0.01666348623589044,1.0,False
MACD|DISPLACED_MACD_8_21_5_SHIFT3_V1|MACD_CROSS_UP_SIGNAL|MACD_CROSS_DOWN_SIGNAL|30m|UP,30m,UP,MACD,0.01666348623589044,1.0,False
MACD|DISPLACED_MACD_8_21_5_SHIFT5_V1|HIST_CROSS_UP_ZERO|HIST_CROSS_DOWN_ZERO|30m|UP,30m,UP,MACD,0.01666348623589044,1.0,False
MACD|DISPLACED_MACD_8_21_5_SHIFT5_V1|MACD_CROSS_UP_SIGNAL|MACD_CROSS_DOWN_SIGNAL|30m|UP,30m,UP,MACD,0.01666348623589044,1.0,False
MACD|MACD_12_26_9_SHIFT0_V1|HIST_CROSS_UP_ZERO|HIST_CROSS_DOWN_ZERO|30m|UP,30m,UP,MACD,0.026971380260134157,1.0,False
MACD|MACD_12_26_9_SHIFT0_V1|MACD_CROSS_UP_SIGNAL|MACD_CROSS_DOWN_SIGNAL|30m|UP,30m,UP,MACD,0.026971380260134157,1.0,False
MACD|MACD_5_13_4_SHIFT0_V1|HIST_CROSS_UP_ZERO|HIST_CROSS_DOWN_ZERO|30m|UP,30m,UP,MACD,0.010507912800302242,1.0,False
MACD|MACD_5_13_4_SHIFT0_V1|MACD_CROSS_UP_SIGNAL|MACD_CROSS_DOWN_SIGNAL|30m|UP,30m,UP,MACD,0.010507912800302242,1.0,False
MACD|MACD_8_21_5_SHIFT0_V1|HIST_CROSS_UP_ZERO|HIST_CROSS_DOWN_ZERO|30m|UP,30m,UP,MACD,0.01666348623589044,1.0,False
MACD|MACD_8_21_5_SHIFT0_V1|MACD_CROSS_UP_SIGNAL|MACD_CROSS_DOWN_SIGNAL|30m|UP,30m,UP,MACD,0.01666348623589044,1.0,False
OSC_PREDICTOR|OSC_PRED_SWEEP_LOOKBACK_200|CROSSED_OB_BAND_UP|30m|UP,30m,UP,OSC_PREDICTOR,0.018787770860674215,1.0,False
OSC_PREDICTOR|OSC_PRED_SWEEP_LOOKBACK_200|FORECAST_OB_CROSS|30m|UP,30m,UP,OSC_PREDICTOR,0.010998044441732458,1.0,False
OSC_PREDICTOR|OSC_PRED_SWEEP_LOOKBACK_50|CROSSED_OB_BAND_UP|30m|UP,30m,UP,OSC_PREDICTOR,0.01919190903874384,1.0,False
OSC_PREDICTOR|OSC_PRED_SWEEP_LOOKBACK_50|FORECAST_OB_CROSS|30m|UP,30m,UP,OSC_PREDICTOR,0.011648794641958341,1.0,False
OSC_PREDICTOR|OSC_PRED_SWEEP_OB_OS_LEVEL_PERCENT_0.7|CROSSED_OB_BAND_UP|30m|UP,30m,UP,OSC_PREDICTOR,0.015419954380362769,1.0,False
OSC_PREDICTOR|OSC_PRED_SWEEP_OB_OS_LEVEL_PERCENT_0.7|FORECAST_OB_CROSS|30m|UP,30m,UP,OSC_PREDICTOR,0.009398809864186605,1.0,False
OSC_PREDICTOR|OSC_PRED_SWEEP_OB_OS_LEVEL_PERCENT_0.9|CROSSED_OB_BAND_UP|30m|UP,30m,UP,OSC_PREDICTOR,0.021747585832668746,1.0,False
OSC_PREDICTOR|OSC_PRED_SWEEP_OB_OS_LEVEL_PERCENT_0.9|FORECAST_OB_CROSS|30m|UP,30m,UP,OSC_PREDICTOR,0.01246257604746889,1.0,False
OSC_PREDICTOR|OSC_PRED_SWEEP_PEAK_STRENGTH_1|CROSSED_OB_BAND_UP|30m|UP,30m,UP,OSC_PREDICTOR,0.014335734519042988,1.0,False
OSC_PREDICTOR|OSC_PRED_SWEEP_PEAK_STRENGTH_1|FORECAST_OB_CROSS|30m|UP,30m,UP,OSC_PREDICTOR,0.008895560036127056,1.0,False
OSC_PREDICTOR|OSC_PRED_SWEEP_PEAK_STRENGTH_3|CROSSED_OB_BAND_UP|30m|UP,30m,UP,OSC_PREDICTOR,0.022080189286201275,1.0,False
OSC_PREDICTOR|OSC_PRED_SWEEP_PEAK_STRENGTH_3|FORECAST_OB_CROSS|30m|UP,30m,UP,OSC_PREDICTOR,0.013020327358680167,1.0,False
OSC_PREDICTOR|OSC_PRED_SWEEP_PERIOD_10|CROSSED_OB_BAND_UP|30m|UP,30m,UP,OSC_PREDICTOR,0.019738350436360613,1.0,False
OSC_PREDICTOR|OSC_PRED_SWEEP_PERIOD_10|FORECAST_OB_CROSS|30m|UP,30m,UP,OSC_PREDICTOR,0.01385921014308492,1.0,False
OSC_PREDICTOR|OSC_PRED_SWEEP_PERIOD_14|CROSSED_OB_BAND_UP|30m|UP,30m,UP,OSC_PREDICTOR,0.021584280533411788,1.0,False
OSC_PREDICTOR|OSC_PRED_SWEEP_PERIOD_14|FORECAST_OB_CROSS|30m|UP,30m,UP,OSC_PREDICTOR,0.015931299307911477,1.0,False
OSC_PREDICTOR|OSC_PRED_SWEEP_PERIOD_5|CROSSED_OB_BAND_UP|30m|UP,30m,UP,OSC_PREDICTOR,0.018581277530408783,1.0,False
OSC_PREDICTOR|OSC_PRED_SWEEP_PERIOD_5|FORECAST_OB_CROSS|30m|UP,30m,UP,OSC_PREDICTOR,0.008636472579033532,1.0,False
OSC_PREDICTOR|OSC_PRED_SWEEP_SAMPLES_3|CROSSED_OB_BAND_UP|30m|UP,30m,UP,OSC_PREDICTOR,0.01769112148911147,1.0,False
OSC_PREDICTOR|OSC_PRED_SWEEP_SAMPLES_3|FORECAST_OB_CROSS|30m|UP,30m,UP,OSC_PREDICTOR,0.01082270568595535,1.0,False
OSC_PREDICTOR|OSC_PRED_SWEEP_SAMPLES_8|CROSSED_OB_BAND_UP|30m|UP,30m,UP,OSC_PREDICTOR,0.019522091762362255,1.0,False
OSC_PREDICTOR|OSC_PRED_SWEEP_SAMPLES_8|FORECAST_OB_CROSS|30m|UP,30m,UP,OSC_PREDICTOR,0.011180995018911101,1.0,False
OSC_PREDICTOR|PROJECT_DINAPOLI_STYLE_OSCILLATOR_PREDICTOR_REFERENCE|CROSSED_OB_BAND_UP|30m|UP,30m,UP,OSC_PREDICTOR,0.018787770860674215,1.0,False
OSC_PREDICTOR|PROJECT_DINAPOLI_STYLE_OSCILLATOR_PREDICTOR_REFERENCE|FORECAST_OB_CROSS|30m|UP,30m,UP,OSC_PREDICTOR,0.010998044441732458,1.0,False
PURE_DNO|DNO_PERIOD_7_REFERENCE|DNO_ZERO_CROSS_UP|30m|UP,30m,UP,PURE_DNO,0.006814496422653465,1.0,False
STOCH|DINAPOLI_PREFERRED_STOCHASTIC_REFERENCE_V1|K_CROSS_UP_D|K_CROSS_DOWN_D|30m|UP,30m,UP,STOCHASTIC,0.010210841634052985,1.0,False
STOCH|DISPLACED_STOCH_K14_KS3_D3_SHIFT2_V1|K_CROSS_UP_D|K_CROSS_DOWN_D|30m|UP,30m,UP,STOCHASTIC,0.006474747776820207,1.0,False
STOCH|DISPLACED_STOCH_K14_KS3_D3_SHIFT3_V1|K_CROSS_UP_D|K_CROSS_DOWN_D|30m|UP,30m,UP,STOCHASTIC,0.006474747776820207,1.0,False
STOCH|DISPLACED_STOCH_K14_KS3_D3_SHIFT5_V1|K_CROSS_UP_D|K_CROSS_DOWN_D|30m|UP,30m,UP,STOCHASTIC,0.006474747776820207,1.0,False
STOCH|DISPLACED_STOCH_K21_KS5_D5_SHIFT2_V1|K_CROSS_UP_D|K_CROSS_DOWN_D|30m|UP,30m,UP,STOCHASTIC,0.013246449614935707,1.0,False
STOCH|DISPLACED_STOCH_K21_KS5_D5_SHIFT3_V1|K_CROSS_UP_D|K_CROSS_DOWN_D|30m|UP,30m,UP,STOCHASTIC,0.013246449614935707,1.0,False
STOCH|DISPLACED_STOCH_K21_KS5_D5_SHIFT5_V1|K_CROSS_UP_D|K_CROSS_DOWN_D|30m|UP,30m,UP,STOCHASTIC,0.013246449614935707,1.0,False
STOCH|DISPLACED_STOCH_K5_KS3_D3_SHIFT2_V1|K_CROSS_UP_D|K_CROSS_DOWN_D|30m|UP,30m,UP,STOCHASTIC,0.0055524607237515495,1.0,False
STOCH|DISPLACED_STOCH_K5_KS3_D3_SHIFT3_V1|K_CROSS_UP_D|K_CROSS_DOWN_D|30m|UP,30m,UP,STOCHASTIC,0.0055524607237515495,1.0,False
STOCH|DISPLACED_STOCH_K5_KS3_D3_SHIFT5_V1|K_CROSS_UP_D|K_CROSS_DOWN_D|30m|UP,30m,UP,STOCHASTIC,0.0055524607237515495,1.0,False
STOCH|DISPLACED_STOCH_K9_KS3_D3_SHIFT2_V1|K_CROSS_UP_D|K_CROSS_DOWN_D|30m|UP,30m,UP,STOCHASTIC,0.006209479380301701,1.0,False
STOCH|DISPLACED_STOCH_K9_KS3_D3_SHIFT3_V1|K_CROSS_UP_D|K_CROSS_DOWN_D|30m|UP,30m,UP,STOCHASTIC,0.006209479380301701,1.0,False
STOCH|DISPLACED_STOCH_K9_KS3_D3_SHIFT5_V1|K_CROSS_UP_D|K_CROSS_DOWN_D|30m|UP,30m,UP,STOCHASTIC,0.006209479380301701,1.0,False
STOCH|STOCH_K14_KS3_D3_SHIFT0_V1|K_CROSS_UP_D|K_CROSS_DOWN_D|30m|UP,30m,UP,STOCHASTIC,0.006474747776820207,1.0,False
STOCH|STOCH_K21_KS5_D5_SHIFT0_V1|K_CROSS_UP_D|K_CROSS_DOWN_D|30m|UP,30m,UP,STOCHASTIC,0.013246449614935707,1.0,False
STOCH|STOCH_K5_KS3_D3_SHIFT0_V1|K_CROSS_UP_D|K_CROSS_DOWN_D|30m|UP,30m,UP,STOCHASTIC,0.0055524607237515495,1.0,False
STOCH|STOCH_K9_KS3_D3_SHIFT0_V1|K_CROSS_UP_D|K_CROSS_DOWN_D|30m|UP,30m,UP,STOCHASTIC,0.006209479380301701,1.0,False
DMA|DMA_EMA_P10_SHIFT5_V1|MA_SLOPE_TURN_UP|MA_SLOPE_TURN_DOWN|4H|DOWN,4H,DOWN,DMA,0.19878898097751746,1.0,False
DMA|DMA_EMA_P10_SHIFT5_V1|PRICE_CROSS_UP_MA|PRICE_CROSS_DOWN_MA|4H|DOWN,4H,DOWN,DMA,0.19878898097751746,1.0,False
DMA|DMA_EMA_P14_SHIFT5_V1|MA_SLOPE_TURN_UP|MA_SLOPE_TURN_DOWN|4H|DOWN,4H,DOWN,DMA,0.2622058169062017,1.0,False
DMA|DMA_EMA_P14_SHIFT5_V1|PRICE_CROSS_UP_MA|PRICE_CROSS_DOWN_MA|4H|DOWN,4H,DOWN,DMA,0.2622058169062017,1.0,False
DMA|DMA_EMA_P14_SHIFT8_V1|MA_SLOPE_TURN_UP|MA_SLOPE_TURN_DOWN|4H|DOWN,4H,DOWN,DMA,0.2622058169062017,1.0,False
DMA|DMA_EMA_P14_SHIFT8_V1|PRICE_CROSS_UP_MA|PRICE_CROSS_DOWN_MA|4H|DOWN,4H,DOWN,DMA,0.2622058169062017,1.0,False
DMA|DMA_EMA_P20_SHIFT5_V1|MA_SLOPE_TURN_UP|MA_SLOPE_TURN_DOWN|4H|DOWN,4H,DOWN,DMA,0.3274476616756056,1.0,False
DMA|DMA_EMA_P20_SHIFT5_V1|PRICE_CROSS_UP_MA|PRICE_CROSS_DOWN_MA|4H|DOWN,4H,DOWN,DMA,0.3274476616756056,1.0,False
DMA|DMA_EMA_P25_SHIFT5_V1|MA_SLOPE_TURN_UP|MA_SLOPE_TURN_DOWN|4H|DOWN,4H,DOWN,DMA,0.354145002218881,1.0,False
DMA|DMA_EMA_P25_SHIFT5_V1|PRICE_CROSS_UP_MA|PRICE_CROSS_DOWN_MA|4H|DOWN,4H,DOWN,DMA,0.354145002218881,1.0,False
DMA|DMA_EMA_P25_SHIFT8_V1|MA_SLOPE_TURN_UP|MA_SLOPE_TURN_DOWN|4H|DOWN,4H,DOWN,DMA,0.354145002218881,1.0,False
DMA|DMA_EMA_P25_SHIFT8_V1|PRICE_CROSS_UP_MA|PRICE_CROSS_DOWN_MA|4H|DOWN,4H,DOWN,DMA,0.354145002218881,1.0,False
DMA|DMA_EMA_P3_SHIFT0_V1|MA_SLOPE_TURN_UP|MA_SLOPE_TURN_DOWN|4H|DOWN,4H,DOWN,DMA,0.0719388489590932,1.0,False
DMA|DMA_EMA_P3_SHIFT0_V1|PRICE_CROSS_UP_MA|PRICE_CROSS_DOWN_MA|4H|DOWN,4H,DOWN,DMA,0.0719388489590932,1.0,False
DMA|DMA_EMA_P3_SHIFT2_V1|MA_SLOPE_TURN_UP|MA_SLOPE_TURN_DOWN|4H|DOWN,4H,DOWN,DMA,0.0719388489590932,1.0,False
DMA|DMA_EMA_P3_SHIFT2_V1|PRICE_CROSS_UP_MA|PRICE_CROSS_DOWN_MA|4H|DOWN,4H,DOWN,DMA,0.0719388489590932,1.0,False
DMA|DMA_EMA_P3_SHIFT3_V1|MA_SLOPE_TURN_UP|MA_SLOPE_TURN_DOWN|4H|DOWN,4H,DOWN,DMA,0.0719388489590932,1.0,False
DMA|DMA_EMA_P3_SHIFT3_V1|PRICE_CROSS_UP_MA|PRICE_CROSS_DOWN_MA|4H|DOWN,4H,DOWN,DMA,0.0719388489590932,1.0,False
DMA|DMA_EMA_P3_SHIFT5_V1|MA_SLOPE_TURN_UP|MA_SLOPE_TURN_DOWN|4H|DOWN,4H,DOWN,DMA,0.0719388489590932,1.0,False
DMA|DMA_EMA_P3_SHIFT5_V1|PRICE_CROSS_UP_MA|PRICE_CROSS_DOWN_MA|4H|DOWN,4H,DOWN,DMA,0.0719388489590932,1.0,False
DMA|DMA_EMA_P5_SHIFT3_V1|MA_SLOPE_TURN_UP|MA_SLOPE_TURN_DOWN|4H|DOWN,4H,DOWN,DMA,0.11992746910299204,1.0,False
DMA|DMA_EMA_P5_SHIFT3_V1|PRICE_CROSS_UP_MA|PRICE_CROSS_DOWN_MA|4H|DOWN,4H,DOWN,DMA,0.11940117575536432,1.0,False
DMA|DMA_EMA_P5_SHIFT5_V1|MA_SLOPE_TURN_UP|MA_SLOPE_TURN_DOWN|4H|DOWN,4H,DOWN,DMA,0.11992746910299204,1.0,False
DMA|DMA_EMA_P5_SHIFT5_V1|PRICE_CROSS_UP_MA|PRICE_CROSS_DOWN_MA|4H|DOWN,4H,DOWN,DMA,0.11940117575536432,1.0,False
DMA|DMA_EMA_P7_SHIFT3_V1|MA_SLOPE_TURN_UP|MA_SLOPE_TURN_DOWN|4H|DOWN,4H,DOWN,DMA,0.16179034870549863,1.0,False
DMA|DMA_EMA_P7_SHIFT3_V1|PRICE_CROSS_UP_MA|PRICE_CROSS_DOWN_MA|4H|DOWN,4H,DOWN,DMA,0.16179034870549863,1.0,False
DMA|DMA_EMA_P7_SHIFT5_V1|MA_SLOPE_TURN_UP|MA_SLOPE_TURN_DOWN|4H|DOWN,4H,DOWN,DMA,0.16179034870549863,1.0,False
DMA|DMA_EMA_P7_SHIFT5_V1|PRICE_CROSS_UP_MA|PRICE_CROSS_DOWN_MA|4H|DOWN,4H,DOWN,DMA,0.16179034870549863,1.0,False
DMA|DMA_SMA_P10_SHIFT5_V1|MA_SLOPE_TURN_UP|MA_SLOPE_TURN_DOWN|4H|DOWN,4H,DOWN,DMA,0.25330068004830897,1.0,False
DMA|DMA_SMA_P10_SHIFT5_V1|PRICE_CROSS_UP_MA|PRICE_CROSS_DOWN_MA|4H|DOWN,4H,DOWN,DMA,0.22362631730975296,1.0,False
DMA|DMA_SMA_P14_SHIFT5_V1|MA_SLOPE_TURN_UP|MA_SLOPE_TURN_DOWN|4H|DOWN,4H,DOWN,DMA,0.23336611201015878,1.0,False
DMA|DMA_SMA_P14_SHIFT5_V1|PRICE_CROSS_UP_MA|PRICE_CROSS_DOWN_MA|4H|DOWN,4H,DOWN,DMA,0.28850290290478026,1.0,False
DMA|DMA_SMA_P14_SHIFT8_V1|MA_SLOPE_TURN_UP|MA_SLOPE_TURN_DOWN|4H|DOWN,4H,DOWN,DMA,0.23336611201015878,1.0,False
DMA|DMA_SMA_P14_SHIFT8_V1|PRICE_CROSS_UP_MA|PRICE_CROSS_DOWN_MA|4H|DOWN,4H,DOWN,DMA,0.28850290290478026,1.0,False
DMA|DMA_SMA_P20_SHIFT5_V1|MA_SLOPE_TURN_UP|MA_SLOPE_TURN_DOWN|4H|DOWN,4H,DOWN,DMA,0.22825659052795327,1.0,False
DMA|DMA_SMA_P20_SHIFT5_V1|PRICE_CROSS_UP_MA|PRICE_CROSS_DOWN_MA|4H|DOWN,4H,DOWN,DMA,0.36090459874451847,1.0,False
DMA|DMA_SMA_P25_SHIFT5_V1|MA_SLOPE_TURN_UP|MA_SLOPE_TURN_DOWN|4H|DOWN,4H,DOWN,DMA,0.15920870751931598,1.0,False
DMA|DMA_SMA_P25_SHIFT5_V1|PRICE_CROSS_UP_MA|PRICE_CROSS_DOWN_MA|4H|DOWN,4H,DOWN,DMA,0.34709194527059095,1.0,False
DMA|DMA_SMA_P25_SHIFT8_V1|MA_SLOPE_TURN_UP|MA_SLOPE_TURN_DOWN|4H|DOWN,4H,DOWN,DMA,0.15920870751931598,1.0,False
DMA|DMA_SMA_P25_SHIFT8_V1|PRICE_CROSS_UP_MA|PRICE_CROSS_DOWN_MA|4H|DOWN,4H,DOWN,DMA,0.34709194527059095,1.0,False
DMA|DMA_SMA_P3_SHIFT0_V1|MA_SLOPE_TURN_UP|MA_SLOPE_TURN_DOWN|4H|DOWN,4H,DOWN,DMA,0.1138365013343138,1.0,False
DMA|DMA_SMA_P3_SHIFT0_V1|PRICE_CROSS_UP_MA|PRICE_CROSS_DOWN_MA|4H|DOWN,4H,DOWN,DMA,0.0472766019769868,1.0,False
DMA|DMA_SMA_P3_SHIFT2_V1|MA_SLOPE_TURN_UP|MA_SLOPE_TURN_DOWN|4H|DOWN,4H,DOWN,DMA,0.1138365013343138,1.0,False
DMA|DMA_SMA_P3_SHIFT2_V1|PRICE_CROSS_UP_MA|PRICE_CROSS_DOWN_MA|4H|DOWN,4H,DOWN,DMA,0.0472766019769868,1.0,False
DMA|DMA_SMA_P3_SHIFT3_V1|MA_SLOPE_TURN_UP|MA_SLOPE_TURN_DOWN|4H|DOWN,4H,DOWN,DMA,0.1138365013343138,1.0,False
DMA|DMA_SMA_P3_SHIFT3_V1|PRICE_CROSS_UP_MA|PRICE_CROSS_DOWN_MA|4H|DOWN,4H,DOWN,DMA,0.0472766019769868,1.0,False
DMA|DMA_SMA_P3_SHIFT5_V1|MA_SLOPE_TURN_UP|MA_SLOPE_TURN_DOWN|4H|DOWN,4H,DOWN,DMA,0.1138365013343138,1.0,False
DMA|DMA_SMA_P3_SHIFT5_V1|PRICE_CROSS_UP_MA|PRICE_CROSS_DOWN_MA|4H|DOWN,4H,DOWN,DMA,0.0472766019769868,1.0,False
DMA|DMA_SMA_P5_SHIFT3_V1|MA_SLOPE_TURN_UP|MA_SLOPE_TURN_DOWN|4H|DOWN,4H,DOWN,DMA,0.16941320770845703,1.0,False
DMA|DMA_SMA_P5_SHIFT3_V1|PRICE_CROSS_UP_MA|PRICE_CROSS_DOWN_MA|4H|DOWN,4H,DOWN,DMA,0.12209694316802722,1.0,False
DMA|DMA_SMA_P5_SHIFT5_V1|MA_SLOPE_TURN_UP|MA_SLOPE_TURN_DOWN|4H|DOWN,4H,DOWN,DMA,0.16941320770845703,1.0,False
DMA|DMA_SMA_P5_SHIFT5_V1|PRICE_CROSS_UP_MA|PRICE_CROSS_DOWN_MA|4H|DOWN,4H,DOWN,DMA,0.12209694316802722,1.0,False
DMA|DMA_SMA_P7_SHIFT3_V1|MA_SLOPE_TURN_UP|MA_SLOPE_TURN_DOWN|4H|DOWN,4H,DOWN,DMA,0.2028614761548258,1.0,False
DMA|DMA_SMA_P7_SHIFT3_V1|PRICE_CROSS_UP_MA|PRICE_CROSS_DOWN_MA|4H|DOWN,4H,DOWN,DMA,0.1642974946988141,1.0,False
DMA|DMA_SMA_P7_SHIFT5_V1|MA_SLOPE_TURN_UP|MA_SLOPE_TURN_DOWN|4H|DOWN,4H,DOWN,DMA,0.2028614761548258,1.0,False
DMA|DMA_SMA_P7_SHIFT5_V1|PRICE_CROSS_UP_MA|PRICE_CROSS_DOWN_MA|4H|DOWN,4H,DOWN,DMA,0.1642974946988141,1.0,False
DMA|DMA_WMA_P10_SHIFT5_V1|MA_SLOPE_TURN_UP|MA_SLOPE_TURN_DOWN|4H|DOWN,4H,DOWN,DMA,0.2418218196127906,1.0,False
DMA|DMA_WMA_P10_SHIFT5_V1|PRICE_CROSS_UP_MA|PRICE_CROSS_DOWN_MA|4H|DOWN,4H,DOWN,DMA,0.1629623812141679,1.0,False
DMA|DMA_WMA_P14_SHIFT5_V1|MA_SLOPE_TURN_UP|MA_SLOPE_TURN_DOWN|4H|DOWN,4H,DOWN,DMA,0.3104771802460582,1.0,False
DMA|DMA_WMA_P14_SHIFT5_V1|PRICE_CROSS_UP_MA|PRICE_CROSS_DOWN_MA|4H|DOWN,4H,DOWN,DMA,0.21024366396685007,1.0,False
DMA|DMA_WMA_P14_SHIFT8_V1|MA_SLOPE_TURN_UP|MA_SLOPE_TURN_DOWN|4H|DOWN,4H,DOWN,DMA,0.3104771802460582,1.0,False
DMA|DMA_WMA_P14_SHIFT8_V1|PRICE_CROSS_UP_MA|PRICE_CROSS_DOWN_MA|4H|DOWN,4H,DOWN,DMA,0.21024366396685007,1.0,False
DMA|DMA_WMA_P20_SHIFT5_V1|MA_SLOPE_TURN_UP|MA_SLOPE_TURN_DOWN|4H|DOWN,4H,DOWN,DMA,0.37816701620073434,1.0,False
DMA|DMA_WMA_P20_SHIFT5_V1|PRICE_CROSS_UP_MA|PRICE_CROSS_DOWN_MA|4H|DOWN,4H,DOWN,DMA,0.2833586991117155,1.0,False
DMA|DMA_WMA_P25_SHIFT5_V1|MA_SLOPE_TURN_UP|MA_SLOPE_TURN_DOWN|4H|DOWN,4H,DOWN,DMA,0.33266409426103083,1.0,False
DMA|DMA_WMA_P25_SHIFT5_V1|PRICE_CROSS_UP_MA|PRICE_CROSS_DOWN_MA|4H|DOWN,4H,DOWN,DMA,0.33832414302452785,1.0,False
DMA|DMA_WMA_P25_SHIFT8_V1|MA_SLOPE_TURN_UP|MA_SLOPE_TURN_DOWN|4H|DOWN,4H,DOWN,DMA,0.33266409426103083,1.0,False
DMA|DMA_WMA_P25_SHIFT8_V1|PRICE_CROSS_UP_MA|PRICE_CROSS_DOWN_MA|4H|DOWN,4H,DOWN,DMA,0.33832414302452785,1.0,False
DMA|DMA_WMA_P3_SHIFT0_V1|MA_SLOPE_TURN_UP|MA_SLOPE_TURN_DOWN|4H|DOWN,4H,DOWN,DMA,0.08716382680224785,1.0,False
DMA|DMA_WMA_P3_SHIFT0_V1|PRICE_CROSS_UP_MA|PRICE_CROSS_DOWN_MA|4H|DOWN,4H,DOWN,DMA,0.03255533602419375,1.0,False
DMA|DMA_WMA_P3_SHIFT2_V1|MA_SLOPE_TURN_UP|MA_SLOPE_TURN_DOWN|4H|DOWN,4H,DOWN,DMA,0.08716382680224785,1.0,False
DMA|DMA_WMA_P3_SHIFT2_V1|PRICE_CROSS_UP_MA|PRICE_CROSS_DOWN_MA|4H|DOWN,4H,DOWN,DMA,0.03255533602419375,1.0,False
DMA|DMA_WMA_P3_SHIFT3_V1|MA_SLOPE_TURN_UP|MA_SLOPE_TURN_DOWN|4H|DOWN,4H,DOWN,DMA,0.08716382680224785,1.0,False
DMA|DMA_WMA_P3_SHIFT3_V1|PRICE_CROSS_UP_MA|PRICE_CROSS_DOWN_MA|4H|DOWN,4H,DOWN,DMA,0.03255533602419375,1.0,False
DMA|DMA_WMA_P3_SHIFT5_V1|MA_SLOPE_TURN_UP|MA_SLOPE_TURN_DOWN|4H|DOWN,4H,DOWN,DMA,0.08716382680224785,1.0,False
DMA|DMA_WMA_P3_SHIFT5_V1|PRICE_CROSS_UP_MA|PRICE_CROSS_DOWN_MA|4H|DOWN,4H,DOWN,DMA,0.03255533602419375,1.0,False
DMA|DMA_WMA_P5_SHIFT3_V1|MA_SLOPE_TURN_UP|MA_SLOPE_TURN_DOWN|4H|DOWN,4H,DOWN,DMA,0.1408688205692054,1.0,False
DMA|DMA_WMA_P5_SHIFT3_V1|PRICE_CROSS_UP_MA|PRICE_CROSS_DOWN_MA|4H|DOWN,4H,DOWN,DMA,0.08674586019624503,1.0,False
DMA|DMA_WMA_P5_SHIFT5_V1|MA_SLOPE_TURN_UP|MA_SLOPE_TURN_DOWN|4H|DOWN,4H,DOWN,DMA,0.1408688205692054,1.0,False
DMA|DMA_WMA_P5_SHIFT5_V1|PRICE_CROSS_UP_MA|PRICE_CROSS_DOWN_MA|4H|DOWN,4H,DOWN,DMA,0.08674586019624503,1.0,False
DMA|DMA_WMA_P7_SHIFT3_V1|MA_SLOPE_TURN_UP|MA_SLOPE_TURN_DOWN|4H|DOWN,4H,DOWN,DMA,0.18951302297446976,1.0,False
DMA|DMA_WMA_P7_SHIFT3_V1|PRICE_CROSS_UP_MA|PRICE_CROSS_DOWN_MA|4H|DOWN,4H,DOWN,DMA,0.11867137906104178,1.0,False
DMA|DMA_WMA_P7_SHIFT5_V1|MA_SLOPE_TURN_UP|MA_SLOPE_TURN_DOWN|4H|DOWN,4H,DOWN,DMA,0.18951302297446976,1.0,False
DMA|DMA_WMA_P7_SHIFT5_V1|PRICE_CROSS_UP_MA|PRICE_CROSS_DOWN_MA|4H|DOWN,4H,DOWN,DMA,0.11867137906104178,1.0,False
DNO_QUANTILE|CAUSAL_DNO_QUANTILE_80_20_CONTROL_V1|CROSSED_OS_BAND_DOWN|4H|DOWN,4H,DOWN,DNO_QUANTILE,0.25421380891419376,1.0,False
DNO_QUANTILE|CAUSAL_DNO_QUANTILE_80_20_CONTROL_V1|FORECAST_OS_CROSS|4H|DOWN,4H,DOWN,DNO_QUANTILE,0.1730623096739573,1.0,False
INVERSE|INVERSE_DMA_25X5|DMA_SMA_P25_SHIFT5_V1|4H|DOWN,4H,DOWN,INVERSE_PREDICTOR,0.3383962930966779,1.0,False
INVERSE|INVERSE_DMA_3X3|DMA_SMA_P3_SHIFT3_V1|4H|DOWN,4H,DOWN,INVERSE_PREDICTOR,0.047355130869075,1.0,False
INVERSE|INVERSE_DMA_7X5|DMA_SMA_P7_SHIFT5_V1|4H|DOWN,4H,DOWN,INVERSE_PREDICTOR,0.15260329821277396,1.0,False
INVERSE|INVERSE_DNO_N7_OB_OS|DNO_PERIOD_7_REFERENCE|4H|DOWN,4H,DOWN,INVERSE_PREDICTOR,0.17818830185420392,1.0,False
INVERSE|INVERSE_MACD_12_26_9_SIGNAL_CROSS|MACD_12_26_9_SHIFT0_V1|4H|DOWN,4H,DOWN,INVERSE_PREDICTOR,0.35245762443549616,1.0,False
INVERSE|INVERSE_STOCH_14_3_3_POINT_BAR|STOCH_K14_KS3_D3_SHIFT0_V1|4H|DOWN,4H,DOWN,INVERSE_PREDICTOR,0.2480016022129895,1.0,False
MACD|DINAPOLI_MACD_REFERENCE_V1|HIST_CROSS_UP_ZERO|HIST_CROSS_DOWN_ZERO|4H|DOWN,4H,DOWN,MACD,0.41048420518459006,1.0,False
MACD|DINAPOLI_MACD_REFERENCE_V1|MACD_CROSS_UP_SIGNAL|MACD_CROSS_DOWN_SIGNAL|4H|DOWN,4H,DOWN,MACD,0.41048420518459006,1.0,False
MACD|DISPLACED_MACD_12_26_9_SHIFT2_V1|HIST_CROSS_UP_ZERO|HIST_CROSS_DOWN_ZERO|4H|DOWN,4H,DOWN,MACD,0.44729117180287736,1.0,False
MACD|DISPLACED_MACD_12_26_9_SHIFT2_V1|MACD_CROSS_UP_SIGNAL|MACD_CROSS_DOWN_SIGNAL|4H|DOWN,4H,DOWN,MACD,0.44729117180287736,1.0,False
MACD|DISPLACED_MACD_12_26_9_SHIFT3_V1|HIST_CROSS_UP_ZERO|HIST_CROSS_DOWN_ZERO|4H|DOWN,4H,DOWN,MACD,0.44729117180287736,1.0,False
MACD|DISPLACED_MACD_12_26_9_SHIFT3_V1|MACD_CROSS_UP_SIGNAL|MACD_CROSS_DOWN_SIGNAL|4H|DOWN,4H,DOWN,MACD,0.44729117180287736,1.0,False
MACD|DISPLACED_MACD_12_26_9_SHIFT5_V1|HIST_CROSS_UP_ZERO|HIST_CROSS_DOWN_ZERO|4H|DOWN,4H,DOWN,MACD,0.44729117180287736,1.0,False
MACD|DISPLACED_MACD_12_26_9_SHIFT5_V1|MACD_CROSS_UP_SIGNAL|MACD_CROSS_DOWN_SIGNAL|4H|DOWN,4H,DOWN,MACD,0.44729117180287736,1.0,False
MACD|DISPLACED_MACD_5_13_4_SHIFT2_V1|HIST_CROSS_UP_ZERO|HIST_CROSS_DOWN_ZERO|4H|DOWN,4H,DOWN,MACD,0.2430345120206111,1.0,False
MACD|DISPLACED_MACD_5_13_4_SHIFT2_V1|MACD_CROSS_UP_SIGNAL|MACD_CROSS_DOWN_SIGNAL|4H|DOWN,4H,DOWN,MACD,0.2430345120206111,1.0,False
MACD|DISPLACED_MACD_5_13_4_SHIFT3_V1|HIST_CROSS_UP_ZERO|HIST_CROSS_DOWN_ZERO|4H|DOWN,4H,DOWN,MACD,0.2430345120206111,1.0,False
MACD|DISPLACED_MACD_5_13_4_SHIFT3_V1|MACD_CROSS_UP_SIGNAL|MACD_CROSS_DOWN_SIGNAL|4H|DOWN,4H,DOWN,MACD,0.2430345120206111,1.0,False
MACD|DISPLACED_MACD_5_13_4_SHIFT5_V1|HIST_CROSS_UP_ZERO|HIST_CROSS_DOWN_ZERO|4H|DOWN,4H,DOWN,MACD,0.2430345120206111,1.0,False
MACD|DISPLACED_MACD_5_13_4_SHIFT5_V1|MACD_CROSS_UP_SIGNAL|MACD_CROSS_DOWN_SIGNAL|4H|DOWN,4H,DOWN,MACD,0.2430345120206111,1.0,False
MACD|DISPLACED_MACD_8_21_5_SHIFT2_V1|HIST_CROSS_UP_ZERO|HIST_CROSS_DOWN_ZERO|4H|DOWN,4H,DOWN,MACD,0.3458999006002854,1.0,False
MACD|DISPLACED_MACD_8_21_5_SHIFT2_V1|MACD_CROSS_UP_SIGNAL|MACD_CROSS_DOWN_SIGNAL|4H|DOWN,4H,DOWN,MACD,0.3458999006002854,1.0,False
MACD|DISPLACED_MACD_8_21_5_SHIFT3_V1|HIST_CROSS_UP_ZERO|HIST_CROSS_DOWN_ZERO|4H|DOWN,4H,DOWN,MACD,0.3458999006002854,1.0,False
MACD|DISPLACED_MACD_8_21_5_SHIFT3_V1|MACD_CROSS_UP_SIGNAL|MACD_CROSS_DOWN_SIGNAL|4H|DOWN,4H,DOWN,MACD,0.3458999006002854,1.0,False
MACD|DISPLACED_MACD_8_21_5_SHIFT5_V1|HIST_CROSS_UP_ZERO|HIST_CROSS_DOWN_ZERO|4H|DOWN,4H,DOWN,MACD,0.3458999006002854,1.0,False
MACD|DISPLACED_MACD_8_21_5_SHIFT5_V1|MACD_CROSS_UP_SIGNAL|MACD_CROSS_DOWN_SIGNAL|4H|DOWN,4H,DOWN,MACD,0.3458999006002854,1.0,False
MACD|MACD_12_26_9_SHIFT0_V1|HIST_CROSS_UP_ZERO|HIST_CROSS_DOWN_ZERO|4H|DOWN,4H,DOWN,MACD,0.44729117180287736,1.0,False
MACD|MACD_12_26_9_SHIFT0_V1|MACD_CROSS_UP_SIGNAL|MACD_CROSS_DOWN_SIGNAL|4H|DOWN,4H,DOWN,MACD,0.44729117180287736,1.0,False
MACD|MACD_5_13_4_SHIFT0_V1|HIST_CROSS_UP_ZERO|HIST_CROSS_DOWN_ZERO|4H|DOWN,4H,DOWN,MACD,0.2430345120206111,1.0,False
MACD|MACD_5_13_4_SHIFT0_V1|MACD_CROSS_UP_SIGNAL|MACD_CROSS_DOWN_SIGNAL|4H|DOWN,4H,DOWN,MACD,0.2430345120206111,1.0,False
MACD|MACD_8_21_5_SHIFT0_V1|HIST_CROSS_UP_ZERO|HIST_CROSS_DOWN_ZERO|4H|DOWN,4H,DOWN,MACD,0.3458999006002854,1.0,False
MACD|MACD_8_21_5_SHIFT0_V1|MACD_CROSS_UP_SIGNAL|MACD_CROSS_DOWN_SIGNAL|4H|DOWN,4H,DOWN,MACD,0.3458999006002854,1.0,False
OSC_PREDICTOR|OSC_PRED_SWEEP_LOOKBACK_200|CROSSED_OS_BAND_DOWN|4H|DOWN,4H,DOWN,OSC_PREDICTOR,0.25922962643001124,1.0,False
OSC_PREDICTOR|OSC_PRED_SWEEP_LOOKBACK_200|FORECAST_OS_CROSS|4H|DOWN,4H,DOWN,OSC_PREDICTOR,0.18894574364612848,1.0,False
OSC_PREDICTOR|OSC_PRED_SWEEP_LOOKBACK_50|CROSSED_OS_BAND_DOWN|4H|DOWN,4H,DOWN,OSC_PREDICTOR,0.2619873809079492,1.0,False
OSC_PREDICTOR|OSC_PRED_SWEEP_LOOKBACK_50|FORECAST_OS_CROSS|4H|DOWN,4H,DOWN,OSC_PREDICTOR,0.20137538717333298,1.0,False
OSC_PREDICTOR|OSC_PRED_SWEEP_OB_OS_LEVEL_PERCENT_0.7|CROSSED_OS_BAND_DOWN|4H|DOWN,4H,DOWN,OSC_PREDICTOR,0.27558333286103726,1.0,False
OSC_PREDICTOR|OSC_PRED_SWEEP_OB_OS_LEVEL_PERCENT_0.7|FORECAST_OS_CROSS|4H|DOWN,4H,DOWN,OSC_PREDICTOR,0.18143759801643589,1.0,False
OSC_PREDICTOR|OSC_PRED_SWEEP_OB_OS_LEVEL_PERCENT_0.9|CROSSED_OS_BAND_DOWN|4H|DOWN,4H,DOWN,OSC_PREDICTOR,0.2805708420971655,1.0,False
OSC_PREDICTOR|OSC_PRED_SWEEP_OB_OS_LEVEL_PERCENT_0.9|FORECAST_OS_CROSS|4H|DOWN,4H,DOWN,OSC_PREDICTOR,0.20016004187637204,1.0,False
OSC_PREDICTOR|OSC_PRED_SWEEP_PEAK_STRENGTH_1|CROSSED_OS_BAND_DOWN|4H|DOWN,4H,DOWN,OSC_PREDICTOR,0.25229415993572124,1.0,False
OSC_PREDICTOR|OSC_PRED_SWEEP_PEAK_STRENGTH_1|FORECAST_OS_CROSS|4H|DOWN,4H,DOWN,OSC_PREDICTOR,0.1696176855322356,1.0,False
OSC_PREDICTOR|OSC_PRED_SWEEP_PEAK_STRENGTH_3|CROSSED_OS_BAND_DOWN|4H|DOWN,4H,DOWN,OSC_PREDICTOR,0.28675171774076236,1.0,False
OSC_PREDICTOR|OSC_PRED_SWEEP_PEAK_STRENGTH_3|FORECAST_OS_CROSS|4H|DOWN,4H,DOWN,OSC_PREDICTOR,0.2055164745025736,1.0,False
OSC_PREDICTOR|OSC_PRED_SWEEP_PERIOD_10|CROSSED_OS_BAND_DOWN|4H|DOWN,4H,DOWN,OSC_PREDICTOR,0.25971497441535923,1.0,False
OSC_PREDICTOR|OSC_PRED_SWEEP_PERIOD_10|FORECAST_OS_CROSS|4H|DOWN,4H,DOWN,OSC_PREDICTOR,0.19742990654205606,1.0,False
OSC_PREDICTOR|OSC_PRED_SWEEP_PERIOD_14|CROSSED_OS_BAND_DOWN|4H|DOWN,4H,DOWN,OSC_PREDICTOR,0.26953182423220906,1.0,False
OSC_PREDICTOR|OSC_PRED_SWEEP_PERIOD_14|FORECAST_OS_CROSS|4H|DOWN,4H,DOWN,OSC_PREDICTOR,0.21144211519910378,1.0,False
OSC_PREDICTOR|OSC_PRED_SWEEP_PERIOD_5|CROSSED_OS_BAND_DOWN|4H|DOWN,4H,DOWN,OSC_PREDICTOR,0.26809554121697865,1.0,False
OSC_PREDICTOR|OSC_PRED_SWEEP_PERIOD_5|FORECAST_OS_CROSS|4H|DOWN,4H,DOWN,OSC_PREDICTOR,0.1729903668138545,1.0,False
OSC_PREDICTOR|OSC_PRED_SWEEP_SAMPLES_3|CROSSED_OS_BAND_DOWN|4H|DOWN,4H,DOWN,OSC_PREDICTOR,0.25794720289149015,1.0,False
OSC_PREDICTOR|OSC_PRED_SWEEP_SAMPLES_3|FORECAST_OS_CROSS|4H|DOWN,4H,DOWN,OSC_PREDICTOR,0.18468855045763755,1.0,False
OSC_PREDICTOR|OSC_PRED_SWEEP_SAMPLES_8|CROSSED_OS_BAND_DOWN|4H|DOWN,4H,DOWN,OSC_PREDICTOR,0.2722790769794618,1.0,False
OSC_PREDICTOR|OSC_PRED_SWEEP_SAMPLES_8|FORECAST_OS_CROSS|4H|DOWN,4H,DOWN,OSC_PREDICTOR,0.19265694472575062,1.0,False
OSC_PREDICTOR|PROJECT_DINAPOLI_STYLE_OSCILLATOR_PREDICTOR_REFERENCE|CROSSED_OS_BAND_DOWN|4H|DOWN,4H,DOWN,OSC_PREDICTOR,0.25922962643001124,1.0,False
OSC_PREDICTOR|PROJECT_DINAPOLI_STYLE_OSCILLATOR_PREDICTOR_REFERENCE|FORECAST_OS_CROSS|4H|DOWN,4H,DOWN,OSC_PREDICTOR,0.18894574364612848,1.0,False
PURE_DNO|DNO_PERIOD_7_REFERENCE|DNO_ZERO_CROSS_DOWN|4H|DOWN,4H,DOWN,PURE_DNO,0.1642974946988141,1.0,False
STOCH|DINAPOLI_PREFERRED_STOCHASTIC_REFERENCE_V1|K_CROSS_UP_D|K_CROSS_DOWN_D|4H|DOWN,4H,DOWN,STOCHASTIC,0.2276698182063805,1.0,False
STOCH|DISPLACED_STOCH_K14_KS3_D3_SHIFT2_V1|K_CROSS_UP_D|K_CROSS_DOWN_D|4H|DOWN,4H,DOWN,STOCHASTIC,0.1318587628303341,1.0,False
STOCH|DISPLACED_STOCH_K14_KS3_D3_SHIFT3_V1|K_CROSS_UP_D|K_CROSS_DOWN_D|4H|DOWN,4H,DOWN,STOCHASTIC,0.1318587628303341,1.0,False
STOCH|DISPLACED_STOCH_K14_KS3_D3_SHIFT5_V1|K_CROSS_UP_D|K_CROSS_DOWN_D|4H|DOWN,4H,DOWN,STOCHASTIC,0.1318587628303341,1.0,False
STOCH|DISPLACED_STOCH_K21_KS5_D5_SHIFT2_V1|K_CROSS_UP_D|K_CROSS_DOWN_D|4H|DOWN,4H,DOWN,STOCHASTIC,0.2539989269357847,1.0,False
STOCH|DISPLACED_STOCH_K21_KS5_D5_SHIFT3_V1|K_CROSS_UP_D|K_CROSS_DOWN_D|4H|DOWN,4H,DOWN,STOCHASTIC,0.2539989269357847,1.0,False
STOCH|DISPLACED_STOCH_K21_KS5_D5_SHIFT5_V1|K_CROSS_UP_D|K_CROSS_DOWN_D|4H|DOWN,4H,DOWN,STOCHASTIC,0.2539989269357847,1.0,False
STOCH|DISPLACED_STOCH_K5_KS3_D3_SHIFT2_V1|K_CROSS_UP_D|K_CROSS_DOWN_D|4H|DOWN,4H,DOWN,STOCHASTIC,0.10910153721964355,1.0,False
STOCH|DISPLACED_STOCH_K5_KS3_D3_SHIFT3_V1|K_CROSS_UP_D|K_CROSS_DOWN_D|4H|DOWN,4H,DOWN,STOCHASTIC,0.10910153721964355,1.0,False
STOCH|DISPLACED_STOCH_K5_KS3_D3_SHIFT5_V1|K_CROSS_UP_D|K_CROSS_DOWN_D|4H|DOWN,4H,DOWN,STOCHASTIC,0.10910153721964355,1.0,False
STOCH|DISPLACED_STOCH_K9_KS3_D3_SHIFT2_V1|K_CROSS_UP_D|K_CROSS_DOWN_D|4H|DOWN,4H,DOWN,STOCHASTIC,0.12940158410196892,1.0,False
STOCH|DISPLACED_STOCH_K9_KS3_D3_SHIFT3_V1|K_CROSS_UP_D|K_CROSS_DOWN_D|4H|DOWN,4H,DOWN,STOCHASTIC,0.12940158410196892,1.0,False
STOCH|DISPLACED_STOCH_K9_KS3_D3_SHIFT5_V1|K_CROSS_UP_D|K_CROSS_DOWN_D|4H|DOWN,4H,DOWN,STOCHASTIC,0.12940158410196892,1.0,False
STOCH|STOCH_K14_KS3_D3_SHIFT0_V1|K_CROSS_UP_D|K_CROSS_DOWN_D|4H|DOWN,4H,DOWN,STOCHASTIC,0.1318587628303341,1.0,False
STOCH|STOCH_K21_KS5_D5_SHIFT0_V1|K_CROSS_UP_D|K_CROSS_DOWN_D|4H|DOWN,4H,DOWN,STOCHASTIC,0.2539989269357847,1.0,False
STOCH|STOCH_K5_KS3_D3_SHIFT0_V1|K_CROSS_UP_D|K_CROSS_DOWN_D|4H|DOWN,4H,DOWN,STOCHASTIC,0.10910153721964355,1.0,False
STOCH|STOCH_K9_KS3_D3_SHIFT0_V1|K_CROSS_UP_D|K_CROSS_DOWN_D|4H|DOWN,4H,DOWN,STOCHASTIC,0.12940158410196892,1.0,False
DMA|DMA_EMA_P10_SHIFT5_V1|MA_SLOPE_TURN_UP|MA_SLOPE_TURN_DOWN|4H|UP,4H,UP,DMA,0.19995003006004203,1.0,False
DMA|DMA_EMA_P10_SHIFT5_V1|PRICE_CROSS_UP_MA|PRICE_CROSS_DOWN_MA|4H|UP,4H,UP,DMA,0.19995003006004203,1.0,False
DMA|DMA_EMA_P14_SHIFT5_V1|MA_SLOPE_TURN_UP|MA_SLOPE_TURN_DOWN|4H|UP,4H,UP,DMA,0.26377121414188964,1.0,False
DMA|DMA_EMA_P14_SHIFT5_V1|PRICE_CROSS_UP_MA|PRICE_CROSS_DOWN_MA|4H|UP,4H,UP,DMA,0.26377121414188964,1.0,False
DMA|DMA_EMA_P14_SHIFT8_V1|MA_SLOPE_TURN_UP|MA_SLOPE_TURN_DOWN|4H|UP,4H,UP,DMA,0.26377121414188964,1.0,False
DMA|DMA_EMA_P14_SHIFT8_V1|PRICE_CROSS_UP_MA|PRICE_CROSS_DOWN_MA|4H|UP,4H,UP,DMA,0.26377121414188964,1.0,False
DMA|DMA_EMA_P20_SHIFT5_V1|MA_SLOPE_TURN_UP|MA_SLOPE_TURN_DOWN|4H|UP,4H,UP,DMA,0.301887337784329,1.0,False
DMA|DMA_EMA_P20_SHIFT5_V1|PRICE_CROSS_UP_MA|PRICE_CROSS_DOWN_MA|4H|UP,4H,UP,DMA,0.301887337784329,1.0,False
DMA|DMA_EMA_P25_SHIFT5_V1|MA_SLOPE_TURN_UP|MA_SLOPE_TURN_DOWN|4H|UP,4H,UP,DMA,0.317198342569018,1.0,False
DMA|DMA_EMA_P25_SHIFT5_V1|PRICE_CROSS_UP_MA|PRICE_CROSS_DOWN_MA|4H|UP,4H,UP,DMA,0.317198342569018,1.0,False
DMA|DMA_EMA_P25_SHIFT8_V1|MA_SLOPE_TURN_UP|MA_SLOPE_TURN_DOWN|4H|UP,4H,UP,DMA,0.317198342569018,1.0,False
DMA|DMA_EMA_P25_SHIFT8_V1|PRICE_CROSS_UP_MA|PRICE_CROSS_DOWN_MA|4H|UP,4H,UP,DMA,0.317198342569018,1.0,False
DMA|DMA_EMA_P3_SHIFT0_V1|MA_SLOPE_TURN_UP|MA_SLOPE_TURN_DOWN|4H|UP,4H,UP,DMA,0.07223066757500414,1.0,False
DMA|DMA_EMA_P3_SHIFT0_V1|PRICE_CROSS_UP_MA|PRICE_CROSS_DOWN_MA|4H|UP,4H,UP,DMA,0.07206277638082027,1.0,False
DMA|DMA_EMA_P3_SHIFT2_V1|MA_SLOPE_TURN_UP|MA_SLOPE_TURN_DOWN|4H|UP,4H,UP,DMA,0.07223066757500414,1.0,False
DMA|DMA_EMA_P3_SHIFT2_V1|PRICE_CROSS_UP_MA|PRICE_CROSS_DOWN_MA|4H|UP,4H,UP,DMA,0.07206277638082027,1.0,False
DMA|DMA_EMA_P3_SHIFT3_V1|MA_SLOPE_TURN_UP|MA_SLOPE_TURN_DOWN|4H|UP,4H,UP,DMA,0.07223066757500414,1.0,False
DMA|DMA_EMA_P3_SHIFT3_V1|PRICE_CROSS_UP_MA|PRICE_CROSS_DOWN_MA|4H|UP,4H,UP,DMA,0.07206277638082027,1.0,False
DMA|DMA_EMA_P3_SHIFT5_V1|MA_SLOPE_TURN_UP|MA_SLOPE_TURN_DOWN|4H|UP,4H,UP,DMA,0.07223066757500414,1.0,False
DMA|DMA_EMA_P3_SHIFT5_V1|PRICE_CROSS_UP_MA|PRICE_CROSS_DOWN_MA|4H|UP,4H,UP,DMA,0.07206277638082027,1.0,False
DMA|DMA_EMA_P5_SHIFT3_V1|MA_SLOPE_TURN_UP|MA_SLOPE_TURN_DOWN|4H|UP,4H,UP,DMA,0.11703779671310795,1.0,False
DMA|DMA_EMA_P5_SHIFT3_V1|PRICE_CROSS_UP_MA|PRICE_CROSS_DOWN_MA|4H|UP,4H,UP,DMA,0.11703779671310795,1.0,False
DMA|DMA_EMA_P5_SHIFT5_V1|MA_SLOPE_TURN_UP|MA_SLOPE_TURN_DOWN|4H|UP,4H,UP,DMA,0.11703779671310795,1.0,False
DMA|DMA_EMA_P5_SHIFT5_V1|PRICE_CROSS_UP_MA|PRICE_CROSS_DOWN_MA|4H|UP,4H,UP,DMA,0.11703779671310795,1.0,False
DMA|DMA_EMA_P7_SHIFT3_V1|MA_SLOPE_TURN_UP|MA_SLOPE_TURN_DOWN|4H|UP,4H,UP,DMA,0.1644368567430161,1.0,False
DMA|DMA_EMA_P7_SHIFT3_V1|PRICE_CROSS_UP_MA|PRICE_CROSS_DOWN_MA|4H|UP,4H,UP,DMA,0.1640561827154488,1.0,False
DMA|DMA_EMA_P7_SHIFT5_V1|MA_SLOPE_TURN_UP|MA_SLOPE_TURN_DOWN|4H|UP,4H,UP,DMA,0.1644368567430161,1.0,False
DMA|DMA_EMA_P7_SHIFT5_V1|PRICE_CROSS_UP_MA|PRICE_CROSS_DOWN_MA|4H|UP,4H,UP,DMA,0.1640561827154488,1.0,False
DMA|DMA_SMA_P10_SHIFT5_V1|MA_SLOPE_TURN_UP|MA_SLOPE_TURN_DOWN|4H|UP,4H,UP,DMA,0.2587874621108935,1.0,False
DMA|DMA_SMA_P10_SHIFT5_V1|PRICE_CROSS_UP_MA|PRICE_CROSS_DOWN_MA|4H|UP,4H,UP,DMA,0.22939646593465413,1.0,False
DMA|DMA_SMA_P14_SHIFT5_V1|MA_SLOPE_TURN_UP|MA_SLOPE_TURN_DOWN|4H|UP,4H,UP,DMA,0.2212102930598418,1.0,False
DMA|DMA_SMA_P14_SHIFT5_V1|PRICE_CROSS_UP_MA|PRICE_CROSS_DOWN_MA|4H|UP,4H,UP,DMA,0.28595197699429425,1.0,False
DMA|DMA_SMA_P14_SHIFT8_V1|MA_SLOPE_TURN_UP|MA_SLOPE_TURN_DOWN|4H|UP,4H,UP,DMA,0.2212102930598418,1.0,False
DMA|DMA_SMA_P14_SHIFT8_V1|PRICE_CROSS_UP_MA|PRICE_CROSS_DOWN_MA|4H|UP,4H,UP,DMA,0.28595197699429425,1.0,False
DMA|DMA_SMA_P20_SHIFT5_V1|MA_SLOPE_TURN_UP|MA_SLOPE_TURN_DOWN|4H|UP,4H,UP,DMA,0.2067840732939893,1.0,False
DMA|DMA_SMA_P20_SHIFT5_V1|PRICE_CROSS_UP_MA|PRICE_CROSS_DOWN_MA|4H|UP,4H,UP,DMA,0.3459509852751491,1.0,False
DMA|DMA_SMA_P25_SHIFT5_V1|MA_SLOPE_TURN_UP|MA_SLOPE_TURN_DOWN|4H|UP,4H,UP,DMA,0.19814239851307397,1.0,False
DMA|DMA_SMA_P25_SHIFT5_V1|PRICE_CROSS_UP_MA|PRICE_CROSS_DOWN_MA|4H|UP,4H,UP,DMA,0.3120847062053817,1.0,False
DMA|DMA_SMA_P25_SHIFT8_V1|MA_SLOPE_TURN_UP|MA_SLOPE_TURN_DOWN|4H|UP,4H,UP,DMA,0.19814239851307397,1.0,False
DMA|DMA_SMA_P25_SHIFT8_V1|PRICE_CROSS_UP_MA|PRICE_CROSS_DOWN_MA|4H|UP,4H,UP,DMA,0.3120847062053817,1.0,False
DMA|DMA_SMA_P3_SHIFT0_V1|MA_SLOPE_TURN_UP|MA_SLOPE_TURN_DOWN|4H|UP,4H,UP,DMA,0.1134177715858747,1.0,False
DMA|DMA_SMA_P3_SHIFT0_V1|PRICE_CROSS_UP_MA|PRICE_CROSS_DOWN_MA|4H|UP,4H,UP,DMA,0.048656107283133784,1.0,False
DMA|DMA_SMA_P3_SHIFT2_V1|MA_SLOPE_TURN_UP|MA_SLOPE_TURN_DOWN|4H|UP,4H,UP,DMA,0.1134177715858747,1.0,False
DMA|DMA_SMA_P3_SHIFT2_V1|PRICE_CROSS_UP_MA|PRICE_CROSS_DOWN_MA|4H|UP,4H,UP,DMA,0.048656107283133784,1.0,False
DMA|DMA_SMA_P3_SHIFT3_V1|MA_SLOPE_TURN_UP|MA_SLOPE_TURN_DOWN|4H|UP,4H,UP,DMA,0.1134177715858747,1.0,False
DMA|DMA_SMA_P3_SHIFT3_V1|PRICE_CROSS_UP_MA|PRICE_CROSS_DOWN_MA|4H|UP,4H,UP,DMA,0.048656107283133784,1.0,False
DMA|DMA_SMA_P3_SHIFT5_V1|MA_SLOPE_TURN_UP|MA_SLOPE_TURN_DOWN|4H|UP,4H,UP,DMA,0.1134177715858747,1.0,False
DMA|DMA_SMA_P3_SHIFT5_V1|PRICE_CROSS_UP_MA|PRICE_CROSS_DOWN_MA|4H|UP,4H,UP,DMA,0.048656107283133784,1.0,False
DMA|DMA_SMA_P5_SHIFT3_V1|MA_SLOPE_TURN_UP|MA_SLOPE_TURN_DOWN|4H|UP,4H,UP,DMA,0.1822632776339531,1.0,False
DMA|DMA_SMA_P5_SHIFT3_V1|PRICE_CROSS_UP_MA|PRICE_CROSS_DOWN_MA|4H|UP,4H,UP,DMA,0.12110166949792893,1.0,False
DMA|DMA_SMA_P5_SHIFT5_V1|MA_SLOPE_TURN_UP|MA_SLOPE_TURN_DOWN|4H|UP,4H,UP,DMA,0.1822632776339531,1.0,False
DMA|DMA_SMA_P5_SHIFT5_V1|PRICE_CROSS_UP_MA|PRICE_CROSS_DOWN_MA|4H|UP,4H,UP,DMA,0.12110166949792893,1.0,False
DMA|DMA_SMA_P7_SHIFT3_V1|MA_SLOPE_TURN_UP|MA_SLOPE_TURN_DOWN|4H|UP,4H,UP,DMA,0.22143873305101924,1.0,False
DMA|DMA_SMA_P7_SHIFT3_V1|PRICE_CROSS_UP_MA|PRICE_CROSS_DOWN_MA|4H|UP,4H,UP,DMA,0.16654899191966738,1.0,False
DMA|DMA_SMA_P7_SHIFT5_V1|MA_SLOPE_TURN_UP|MA_SLOPE_TURN_DOWN|4H|UP,4H,UP,DMA,0.22143873305101924,1.0,False
DMA|DMA_SMA_P7_SHIFT5_V1|PRICE_CROSS_UP_MA|PRICE_CROSS_DOWN_MA|4H|UP,4H,UP,DMA,0.16654899191966738,1.0,False
DMA|DMA_WMA_P10_SHIFT5_V1|MA_SLOPE_TURN_UP|MA_SLOPE_TURN_DOWN|4H|UP,4H,UP,DMA,0.24495548773291276,1.0,False
DMA|DMA_WMA_P10_SHIFT5_V1|PRICE_CROSS_UP_MA|PRICE_CROSS_DOWN_MA|4H|UP,4H,UP,DMA,0.1646365803687016,1.0,False
DMA|DMA_WMA_P14_SHIFT5_V1|MA_SLOPE_TURN_UP|MA_SLOPE_TURN_DOWN|4H|UP,4H,UP,DMA,0.305492240451957,1.0,False
DMA|DMA_WMA_P14_SHIFT5_V1|PRICE_CROSS_UP_MA|PRICE_CROSS_DOWN_MA|4H|UP,4H,UP,DMA,0.2136242657486117,1.0,False
DMA|DMA_WMA_P14_SHIFT8_V1|MA_SLOPE_TURN_UP|MA_SLOPE_TURN_DOWN|4H|UP,4H,UP,DMA,0.305492240451957,1.0,False
DMA|DMA_WMA_P14_SHIFT8_V1|PRICE_CROSS_UP_MA|PRICE_CROSS_DOWN_MA|4H|UP,4H,UP,DMA,0.2136242657486117,1.0,False
DMA|DMA_WMA_P20_SHIFT5_V1|MA_SLOPE_TURN_UP|MA_SLOPE_TURN_DOWN|4H|UP,4H,UP,DMA,0.36540260743994957,1.0,False
DMA|DMA_WMA_P20_SHIFT5_V1|PRICE_CROSS_UP_MA|PRICE_CROSS_DOWN_MA|4H|UP,4H,UP,DMA,0.270308390415908,1.0,False
DMA|DMA_WMA_P25_SHIFT5_V1|MA_SLOPE_TURN_UP|MA_SLOPE_TURN_DOWN|4H|UP,4H,UP,DMA,0.30488533911677407,1.0,False
DMA|DMA_WMA_P25_SHIFT5_V1|PRICE_CROSS_UP_MA|PRICE_CROSS_DOWN_MA|4H|UP,4H,UP,DMA,0.30976871635766595,1.0,False
DMA|DMA_WMA_P25_SHIFT8_V1|MA_SLOPE_TURN_UP|MA_SLOPE_TURN_DOWN|4H|UP,4H,UP,DMA,0.30488533911677407,1.0,False
DMA|DMA_WMA_P25_SHIFT8_V1|PRICE_CROSS_UP_MA|PRICE_CROSS_DOWN_MA|4H|UP,4H,UP,DMA,0.30976871635766595,1.0,False
DMA|DMA_WMA_P3_SHIFT0_V1|MA_SLOPE_TURN_UP|MA_SLOPE_TURN_DOWN|4H|UP,4H,UP,DMA,0.08805904080614212,1.0,False
DMA|DMA_WMA_P3_SHIFT0_V1|PRICE_CROSS_UP_MA|PRICE_CROSS_DOWN_MA|4H|UP,4H,UP,DMA,0.033924593845831116,1.0,False
DMA|DMA_WMA_P3_SHIFT2_V1|MA_SLOPE_TURN_UP|MA_SLOPE_TURN_DOWN|4H|UP,4H,UP,DMA,0.08805904080614212,1.0,False
DMA|DMA_WMA_P3_SHIFT2_V1|PRICE_CROSS_UP_MA|PRICE_CROSS_DOWN_MA|4H|UP,4H,UP,DMA,0.033924593845831116,1.0,False
DMA|DMA_WMA_P3_SHIFT3_V1|MA_SLOPE_TURN_UP|MA_SLOPE_TURN_DOWN|4H|UP,4H,UP,DMA,0.08805904080614212,1.0,False
DMA|DMA_WMA_P3_SHIFT3_V1|PRICE_CROSS_UP_MA|PRICE_CROSS_DOWN_MA|4H|UP,4H,UP,DMA,0.033924593845831116,1.0,False
DMA|DMA_WMA_P3_SHIFT5_V1|MA_SLOPE_TURN_UP|MA_SLOPE_TURN_DOWN|4H|UP,4H,UP,DMA,0.08805904080614212,1.0,False
DMA|DMA_WMA_P3_SHIFT5_V1|PRICE_CROSS_UP_MA|PRICE_CROSS_DOWN_MA|4H|UP,4H,UP,DMA,0.033924593845831116,1.0,False
DMA|DMA_WMA_P5_SHIFT3_V1|MA_SLOPE_TURN_UP|MA_SLOPE_TURN_DOWN|4H|UP,4H,UP,DMA,0.13897704637425984,1.0,False
DMA|DMA_WMA_P5_SHIFT3_V1|PRICE_CROSS_UP_MA|PRICE_CROSS_DOWN_MA|4H|UP,4H,UP,DMA,0.08707879324417069,1.0,False
DMA|DMA_WMA_P5_SHIFT5_V1|MA_SLOPE_TURN_UP|MA_SLOPE_TURN_DOWN|4H|UP,4H,UP,DMA,0.13897704637425984,1.0,False
DMA|DMA_WMA_P5_SHIFT5_V1|PRICE_CROSS_UP_MA|PRICE_CROSS_DOWN_MA|4H|UP,4H,UP,DMA,0.08707879324417069,1.0,False
DMA|DMA_WMA_P7_SHIFT3_V1|MA_SLOPE_TURN_UP|MA_SLOPE_TURN_DOWN|4H|UP,4H,UP,DMA,0.19204414573340528,1.0,False
DMA|DMA_WMA_P7_SHIFT3_V1|PRICE_CROSS_UP_MA|PRICE_CROSS_DOWN_MA|4H|UP,4H,UP,DMA,0.11690027997587348,1.0,False
DMA|DMA_WMA_P7_SHIFT5_V1|MA_SLOPE_TURN_UP|MA_SLOPE_TURN_DOWN|4H|UP,4H,UP,DMA,0.19204414573340528,1.0,False
DMA|DMA_WMA_P7_SHIFT5_V1|PRICE_CROSS_UP_MA|PRICE_CROSS_DOWN_MA|4H|UP,4H,UP,DMA,0.11690027997587348,1.0,False
DNO_QUANTILE|CAUSAL_DNO_QUANTILE_80_20_CONTROL_V1|CROSSED_OB_BAND_UP|4H|UP,4H,UP,DNO_QUANTILE,0.2378087014772493,1.0,False
DNO_QUANTILE|CAUSAL_DNO_QUANTILE_80_20_CONTROL_V1|FORECAST_OB_CROSS|4H|UP,4H,UP,DNO_QUANTILE,0.13664865969375378,1.0,False
INVERSE|INVERSE_DMA_25X5|DMA_SMA_P25_SHIFT5_V1|4H|UP,4H,UP,INVERSE_PREDICTOR,0.2924200720590402,1.0,False
INVERSE|INVERSE_DMA_3X3|DMA_SMA_P3_SHIFT3_V1|4H|UP,4H,UP,INVERSE_PREDICTOR,0.04245891002703771,1.0,False
INVERSE|INVERSE_DMA_7X5|DMA_SMA_P7_SHIFT5_V1|4H|UP,4H,UP,INVERSE_PREDICTOR,0.13482406790750934,1.0,False
INVERSE|INVERSE_DNO_N7_OB_OS|DNO_PERIOD_7_REFERENCE|4H|UP,4H,UP,INVERSE_PREDICTOR,0.18320624770735794,1.0,False
INVERSE|INVERSE_MACD_12_26_9_SIGNAL_CROSS|MACD_12_26_9_SHIFT0_V1|4H|UP,4H,UP,INVERSE_PREDICTOR,0.2599555853262608,1.0,False
INVERSE|INVERSE_STOCH_14_3_3_POINT_BAR|STOCH_K14_KS3_D3_SHIFT0_V1|4H|UP,4H,UP,INVERSE_PREDICTOR,0.3163185771731236,1.0,False
MACD|DINAPOLI_MACD_REFERENCE_V1|HIST_CROSS_UP_ZERO|HIST_CROSS_DOWN_ZERO|4H|UP,4H,UP,MACD,0.4192962446669201,1.0,False
MACD|DINAPOLI_MACD_REFERENCE_V1|MACD_CROSS_UP_SIGNAL|MACD_CROSS_DOWN_SIGNAL|4H|UP,4H,UP,MACD,0.4192962446669201,1.0,False
MACD|DISPLACED_MACD_12_26_9_SHIFT2_V1|HIST_CROSS_UP_ZERO|HIST_CROSS_DOWN_ZERO|4H|UP,4H,UP,MACD,0.40715049567906586,1.0,False
MACD|DISPLACED_MACD_12_26_9_SHIFT2_V1|MACD_CROSS_UP_SIGNAL|MACD_CROSS_DOWN_SIGNAL|4H|UP,4H,UP,MACD,0.40715049567906586,1.0,False
MACD|DISPLACED_MACD_12_26_9_SHIFT3_V1|HIST_CROSS_UP_ZERO|HIST_CROSS_DOWN_ZERO|4H|UP,4H,UP,MACD,0.40715049567906586,1.0,False
MACD|DISPLACED_MACD_12_26_9_SHIFT3_V1|MACD_CROSS_UP_SIGNAL|MACD_CROSS_DOWN_SIGNAL|4H|UP,4H,UP,MACD,0.40715049567906586,1.0,False
MACD|DISPLACED_MACD_12_26_9_SHIFT5_V1|HIST_CROSS_UP_ZERO|HIST_CROSS_DOWN_ZERO|4H|UP,4H,UP,MACD,0.40715049567906586,1.0,False
MACD|DISPLACED_MACD_12_26_9_SHIFT5_V1|MACD_CROSS_UP_SIGNAL|MACD_CROSS_DOWN_SIGNAL|4H|UP,4H,UP,MACD,0.40715049567906586,1.0,False
MACD|DISPLACED_MACD_5_13_4_SHIFT2_V1|HIST_CROSS_UP_ZERO|HIST_CROSS_DOWN_ZERO|4H|UP,4H,UP,MACD,0.2663095665405772,1.0,False
MACD|DISPLACED_MACD_5_13_4_SHIFT2_V1|MACD_CROSS_UP_SIGNAL|MACD_CROSS_DOWN_SIGNAL|4H|UP,4H,UP,MACD,0.2663095665405772,1.0,False
MACD|DISPLACED_MACD_5_13_4_SHIFT3_V1|HIST_CROSS_UP_ZERO|HIST_CROSS_DOWN_ZERO|4H|UP,4H,UP,MACD,0.2663095665405772,1.0,False
MACD|DISPLACED_MACD_5_13_4_SHIFT3_V1|MACD_CROSS_UP_SIGNAL|MACD_CROSS_DOWN_SIGNAL|4H|UP,4H,UP,MACD,0.2663095665405772,1.0,False
MACD|DISPLACED_MACD_5_13_4_SHIFT5_V1|HIST_CROSS_UP_ZERO|HIST_CROSS_DOWN_ZERO|4H|UP,4H,UP,MACD,0.2663095665405772,1.0,False
MACD|DISPLACED_MACD_5_13_4_SHIFT5_V1|MACD_CROSS_UP_SIGNAL|MACD_CROSS_DOWN_SIGNAL|4H|UP,4H,UP,MACD,0.2663095665405772,1.0,False
MACD|DISPLACED_MACD_8_21_5_SHIFT2_V1|HIST_CROSS_UP_ZERO|HIST_CROSS_DOWN_ZERO|4H|UP,4H,UP,MACD,0.3782966351393918,1.0,False
MACD|DISPLACED_MACD_8_21_5_SHIFT2_V1|MACD_CROSS_UP_SIGNAL|MACD_CROSS_DOWN_SIGNAL|4H|UP,4H,UP,MACD,0.3782966351393918,1.0,False
MACD|DISPLACED_MACD_8_21_5_SHIFT3_V1|HIST_CROSS_UP_ZERO|HIST_CROSS_DOWN_ZERO|4H|UP,4H,UP,MACD,0.3782966351393918,1.0,False
MACD|DISPLACED_MACD_8_21_5_SHIFT3_V1|MACD_CROSS_UP_SIGNAL|MACD_CROSS_DOWN_SIGNAL|4H|UP,4H,UP,MACD,0.3782966351393918,1.0,False
MACD|DISPLACED_MACD_8_21_5_SHIFT5_V1|HIST_CROSS_UP_ZERO|HIST_CROSS_DOWN_ZERO|4H|UP,4H,UP,MACD,0.3782966351393918,1.0,False
MACD|DISPLACED_MACD_8_21_5_SHIFT5_V1|MACD_CROSS_UP_SIGNAL|MACD_CROSS_DOWN_SIGNAL|4H|UP,4H,UP,MACD,0.3782966351393918,1.0,False
MACD|MACD_12_26_9_SHIFT0_V1|HIST_CROSS_UP_ZERO|HIST_CROSS_DOWN_ZERO|4H|UP,4H,UP,MACD,0.40715049567906586,1.0,False
MACD|MACD_12_26_9_SHIFT0_V1|MACD_CROSS_UP_SIGNAL|MACD_CROSS_DOWN_SIGNAL|4H|UP,4H,UP,MACD,0.40715049567906586,1.0,False
MACD|MACD_5_13_4_SHIFT0_V1|HIST_CROSS_UP_ZERO|HIST_CROSS_DOWN_ZERO|4H|UP,4H,UP,MACD,0.2663095665405772,1.0,False
MACD|MACD_5_13_4_SHIFT0_V1|MACD_CROSS_UP_SIGNAL|MACD_CROSS_DOWN_SIGNAL|4H|UP,4H,UP,MACD,0.2663095665405772,1.0,False
MACD|MACD_8_21_5_SHIFT0_V1|HIST_CROSS_UP_ZERO|HIST_CROSS_DOWN_ZERO|4H|UP,4H,UP,MACD,0.3782966351393918,1.0,False
MACD|MACD_8_21_5_SHIFT0_V1|MACD_CROSS_UP_SIGNAL|MACD_CROSS_DOWN_SIGNAL|4H|UP,4H,UP,MACD,0.3782966351393918,1.0,False
OSC_PREDICTOR|OSC_PRED_SWEEP_LOOKBACK_200|CROSSED_OB_BAND_UP|4H|UP,4H,UP,OSC_PREDICTOR,0.23849893978202402,1.0,False
OSC_PREDICTOR|OSC_PRED_SWEEP_LOOKBACK_200|FORECAST_OB_CROSS|4H|UP,4H,UP,OSC_PREDICTOR,0.1523578850133287,1.0,False
OSC_PREDICTOR|OSC_PRED_SWEEP_LOOKBACK_50|CROSSED_OB_BAND_UP|4H|UP,4H,UP,OSC_PREDICTOR,0.257547034972505,1.0,False
OSC_PREDICTOR|OSC_PRED_SWEEP_LOOKBACK_50|FORECAST_OB_CROSS|4H|UP,4H,UP,OSC_PREDICTOR,0.17161484804935329,1.0,False
OSC_PREDICTOR|OSC_PRED_SWEEP_OB_OS_LEVEL_PERCENT_0.7|CROSSED_OB_BAND_UP|4H|UP,4H,UP,OSC_PREDICTOR,0.24048382901239923,1.0,False
OSC_PREDICTOR|OSC_PRED_SWEEP_OB_OS_LEVEL_PERCENT_0.7|FORECAST_OB_CROSS|4H|UP,4H,UP,OSC_PREDICTOR,0.14939710746920476,1.0,False
OSC_PREDICTOR|OSC_PRED_SWEEP_OB_OS_LEVEL_PERCENT_0.9|CROSSED_OB_BAND_UP|4H|UP,4H,UP,OSC_PREDICTOR,0.2565409208946472,1.0,False
OSC_PREDICTOR|OSC_PRED_SWEEP_OB_OS_LEVEL_PERCENT_0.9|FORECAST_OB_CROSS|4H|UP,4H,UP,OSC_PREDICTOR,0.15422920161822573,1.0,False
OSC_PREDICTOR|OSC_PRED_SWEEP_PEAK_STRENGTH_1|CROSSED_OB_BAND_UP|4H|UP,4H,UP,OSC_PREDICTOR,0.24880007417074962,1.0,False
OSC_PREDICTOR|OSC_PRED_SWEEP_PEAK_STRENGTH_1|FORECAST_OB_CROSS|4H|UP,4H,UP,OSC_PREDICTOR,0.15626506614278385,1.0,False
OSC_PREDICTOR|OSC_PRED_SWEEP_PEAK_STRENGTH_3|CROSSED_OB_BAND_UP|4H|UP,4H,UP,OSC_PREDICTOR,0.25266569212087464,1.0,False
OSC_PREDICTOR|OSC_PRED_SWEEP_PEAK_STRENGTH_3|FORECAST_OB_CROSS|4H|UP,4H,UP,OSC_PREDICTOR,0.14036283687688805,1.0,False
OSC_PREDICTOR|OSC_PRED_SWEEP_PERIOD_10|CROSSED_OB_BAND_UP|4H|UP,4H,UP,OSC_PREDICTOR,0.21963252041303194,1.0,False
OSC_PREDICTOR|OSC_PRED_SWEEP_PERIOD_10|FORECAST_OB_CROSS|4H|UP,4H,UP,OSC_PREDICTOR,0.16108948327544537,1.0,False
OSC_PREDICTOR|OSC_PRED_SWEEP_PERIOD_14|CROSSED_OB_BAND_UP|4H|UP,4H,UP,OSC_PREDICTOR,0.23115317754296127,1.0,False
OSC_PREDICTOR|OSC_PRED_SWEEP_PERIOD_14|FORECAST_OB_CROSS|4H|UP,4H,UP,OSC_PREDICTOR,0.1626974513034209,1.0,False
OSC_PREDICTOR|OSC_PRED_SWEEP_PERIOD_5|CROSSED_OB_BAND_UP|4H|UP,4H,UP,OSC_PREDICTOR,0.24871035387377544,1.0,False
OSC_PREDICTOR|OSC_PRED_SWEEP_PERIOD_5|FORECAST_OB_CROSS|4H|UP,4H,UP,OSC_PREDICTOR,0.13155103858360517,1.0,False
OSC_PREDICTOR|OSC_PRED_SWEEP_SAMPLES_3|CROSSED_OB_BAND_UP|4H|UP,4H,UP,OSC_PREDICTOR,0.2522632776339531,1.0,False
OSC_PREDICTOR|OSC_PRED_SWEEP_SAMPLES_3|FORECAST_OB_CROSS|4H|UP,4H,UP,OSC_PREDICTOR,0.15521487149463786,1.0,False
OSC_PREDICTOR|OSC_PRED_SWEEP_SAMPLES_8|CROSSED_OB_BAND_UP|4H|UP,4H,UP,OSC_PREDICTOR,0.22877285053527857,1.0,False
OSC_PREDICTOR|OSC_PRED_SWEEP_SAMPLES_8|FORECAST_OB_CROSS|4H|UP,4H,UP,OSC_PREDICTOR,0.14692166272712082,1.0,False
OSC_PREDICTOR|PROJECT_DINAPOLI_STYLE_OSCILLATOR_PREDICTOR_REFERENCE|CROSSED_OB_BAND_UP|4H|UP,4H,UP,OSC_PREDICTOR,0.23849893978202402,1.0,False
OSC_PREDICTOR|PROJECT_DINAPOLI_STYLE_OSCILLATOR_PREDICTOR_REFERENCE|FORECAST_OB_CROSS|4H|UP,4H,UP,OSC_PREDICTOR,0.1523578850133287,1.0,False
PURE_DNO|DNO_PERIOD_7_REFERENCE|DNO_ZERO_CROSS_UP|4H|UP,4H,UP,PURE_DNO,0.16654899191966738,1.0,False
STOCH|DINAPOLI_PREFERRED_STOCHASTIC_REFERENCE_V1|K_CROSS_UP_D|K_CROSS_DOWN_D|4H|UP,4H,UP,STOCHASTIC,0.2402895614012931,1.0,False
STOCH|DISPLACED_STOCH_K14_KS3_D3_SHIFT2_V1|K_CROSS_UP_D|K_CROSS_DOWN_D|4H|UP,4H,UP,STOCHASTIC,0.13811625960343993,1.0,False
STOCH|DISPLACED_STOCH_K14_KS3_D3_SHIFT3_V1|K_CROSS_UP_D|K_CROSS_DOWN_D|4H|UP,4H,UP,STOCHASTIC,0.13811625960343993,1.0,False
STOCH|DISPLACED_STOCH_K14_KS3_D3_SHIFT5_V1|K_CROSS_UP_D|K_CROSS_DOWN_D|4H|UP,4H,UP,STOCHASTIC,0.13811625960343993,1.0,False
STOCH|DISPLACED_STOCH_K21_KS5_D5_SHIFT2_V1|K_CROSS_UP_D|K_CROSS_DOWN_D|4H|UP,4H,UP,STOCHASTIC,0.27801212556022037,1.0,False
STOCH|DISPLACED_STOCH_K21_KS5_D5_SHIFT3_V1|K_CROSS_UP_D|K_CROSS_DOWN_D|4H|UP,4H,UP,STOCHASTIC,0.27801212556022037,1.0,False
STOCH|DISPLACED_STOCH_K21_KS5_D5_SHIFT5_V1|K_CROSS_UP_D|K_CROSS_DOWN_D|4H|UP,4H,UP,STOCHASTIC,0.27801212556022037,1.0,False
STOCH|DISPLACED_STOCH_K5_KS3_D3_SHIFT2_V1|K_CROSS_UP_D|K_CROSS_DOWN_D|4H|UP,4H,UP,STOCHASTIC,0.12249178330549675,1.0,False
STOCH|DISPLACED_STOCH_K5_KS3_D3_SHIFT3_V1|K_CROSS_UP_D|K_CROSS_DOWN_D|4H|UP,4H,UP,STOCHASTIC,0.12249178330549675,1.0,False
STOCH|DISPLACED_STOCH_K5_KS3_D3_SHIFT5_V1|K_CROSS_UP_D|K_CROSS_DOWN_D|4H|UP,4H,UP,STOCHASTIC,0.12249178330549675,1.0,False
STOCH|DISPLACED_STOCH_K9_KS3_D3_SHIFT2_V1|K_CROSS_UP_D|K_CROSS_DOWN_D|4H|UP,4H,UP,STOCHASTIC,0.14009396546464092,1.0,False
STOCH|DISPLACED_STOCH_K9_KS3_D3_SHIFT3_V1|K_CROSS_UP_D|K_CROSS_DOWN_D|4H|UP,4H,UP,STOCHASTIC,0.14009396546464092,1.0,False
STOCH|DISPLACED_STOCH_K9_KS3_D3_SHIFT5_V1|K_CROSS_UP_D|K_CROSS_DOWN_D|4H|UP,4H,UP,STOCHASTIC,0.14009396546464092,1.0,False
STOCH|STOCH_K14_KS3_D3_SHIFT0_V1|K_CROSS_UP_D|K_CROSS_DOWN_D|4H|UP,4H,UP,STOCHASTIC,0.13811625960343993,1.0,False
STOCH|STOCH_K21_KS5_D5_SHIFT0_V1|K_CROSS_UP_D|K_CROSS_DOWN_D|4H|UP,4H,UP,STOCHASTIC,0.27801212556022037,1.0,False
STOCH|STOCH_K5_KS3_D3_SHIFT0_V1|K_CROSS_UP_D|K_CROSS_DOWN_D|4H|UP,4H,UP,STOCHASTIC,0.12249178330549675,1.0,False
STOCH|STOCH_K9_KS3_D3_SHIFT0_V1|K_CROSS_UP_D|K_CROSS_DOWN_D|4H|UP,4H,UP,STOCHASTIC,0.14009396546464092,1.0,False
DMA|DMA_EMA_P10_SHIFT5_V1|MA_SLOPE_TURN_UP|MA_SLOPE_TURN_DOWN|5m|DOWN,5m,DOWN,DMA,0.0,1.0,False
DMA|DMA_EMA_P10_SHIFT5_V1|PRICE_CROSS_UP_MA|PRICE_CROSS_DOWN_MA|5m|DOWN,5m,DOWN,DMA,0.0,1.0,False
DMA|DMA_EMA_P14_SHIFT5_V1|MA_SLOPE_TURN_UP|MA_SLOPE_TURN_DOWN|5m|DOWN,5m,DOWN,DMA,0.0,1.0,False
DMA|DMA_EMA_P14_SHIFT5_V1|PRICE_CROSS_UP_MA|PRICE_CROSS_DOWN_MA|5m|DOWN,5m,DOWN,DMA,0.0,1.0,False
DMA|DMA_EMA_P14_SHIFT8_V1|MA_SLOPE_TURN_UP|MA_SLOPE_TURN_DOWN|5m|DOWN,5m,DOWN,DMA,0.0,1.0,False
DMA|DMA_EMA_P14_SHIFT8_V1|PRICE_CROSS_UP_MA|PRICE_CROSS_DOWN_MA|5m|DOWN,5m,DOWN,DMA,0.0,1.0,False
DMA|DMA_EMA_P20_SHIFT5_V1|MA_SLOPE_TURN_UP|MA_SLOPE_TURN_DOWN|5m|DOWN,5m,DOWN,DMA,0.0,1.0,False
DMA|DMA_EMA_P20_SHIFT5_V1|PRICE_CROSS_UP_MA|PRICE_CROSS_DOWN_MA|5m|DOWN,5m,DOWN,DMA,0.0,1.0,False
DMA|DMA_EMA_P25_SHIFT5_V1|MA_SLOPE_TURN_UP|MA_SLOPE_TURN_DOWN|5m|DOWN,5m,DOWN,DMA,0.0,1.0,False
DMA|DMA_EMA_P25_SHIFT5_V1|PRICE_CROSS_UP_MA|PRICE_CROSS_DOWN_MA|5m|DOWN,5m,DOWN,DMA,0.0,1.0,False
DMA|DMA_EMA_P25_SHIFT8_V1|MA_SLOPE_TURN_UP|MA_SLOPE_TURN_DOWN|5m|DOWN,5m,DOWN,DMA,0.0,1.0,False
DMA|DMA_EMA_P25_SHIFT8_V1|PRICE_CROSS_UP_MA|PRICE_CROSS_DOWN_MA|5m|DOWN,5m,DOWN,DMA,0.0,1.0,False
DMA|DMA_EMA_P3_SHIFT0_V1|MA_SLOPE_TURN_UP|MA_SLOPE_TURN_DOWN|5m|DOWN,5m,DOWN,DMA,0.0,1.0,False
DMA|DMA_EMA_P3_SHIFT0_V1|PRICE_CROSS_UP_MA|PRICE_CROSS_DOWN_MA|5m|DOWN,5m,DOWN,DMA,0.0,1.0,False
DMA|DMA_EMA_P3_SHIFT2_V1|MA_SLOPE_TURN_UP|MA_SLOPE_TURN_DOWN|5m|DOWN,5m,DOWN,DMA,0.0,1.0,False
DMA|DMA_EMA_P3_SHIFT2_V1|PRICE_CROSS_UP_MA|PRICE_CROSS_DOWN_MA|5m|DOWN,5m,DOWN,DMA,0.0,1.0,False
DMA|DMA_EMA_P3_SHIFT3_V1|MA_SLOPE_TURN_UP|MA_SLOPE_TURN_DOWN|5m|DOWN,5m,DOWN,DMA,0.0,1.0,False
DMA|DMA_EMA_P3_SHIFT3_V1|PRICE_CROSS_UP_MA|PRICE_CROSS_DOWN_MA|5m|DOWN,5m,DOWN,DMA,0.0,1.0,False
DMA|DMA_EMA_P3_SHIFT5_V1|MA_SLOPE_TURN_UP|MA_SLOPE_TURN_DOWN|5m|DOWN,5m,DOWN,DMA,0.0,1.0,False
DMA|DMA_EMA_P3_SHIFT5_V1|PRICE_CROSS_UP_MA|PRICE_CROSS_DOWN_MA|5m|DOWN,5m,DOWN,DMA,0.0,1.0,False
DMA|DMA_EMA_P5_SHIFT3_V1|MA_SLOPE_TURN_UP|MA_SLOPE_TURN_DOWN|5m|DOWN,5m,DOWN,DMA,0.0,1.0,False
DMA|DMA_EMA_P5_SHIFT3_V1|PRICE_CROSS_UP_MA|PRICE_CROSS_DOWN_MA|5m|DOWN,5m,DOWN,DMA,0.0,1.0,False
DMA|DMA_EMA_P5_SHIFT5_V1|MA_SLOPE_TURN_UP|MA_SLOPE_TURN_DOWN|5m|DOWN,5m,DOWN,DMA,0.0,1.0,False
DMA|DMA_EMA_P5_SHIFT5_V1|PRICE_CROSS_UP_MA|PRICE_CROSS_DOWN_MA|5m|DOWN,5m,DOWN,DMA,0.0,1.0,False
DMA|DMA_EMA_P7_SHIFT3_V1|MA_SLOPE_TURN_UP|MA_SLOPE_TURN_DOWN|5m|DOWN,5m,DOWN,DMA,0.0,1.0,False
DMA|DMA_EMA_P7_SHIFT3_V1|PRICE_CROSS_UP_MA|PRICE_CROSS_DOWN_MA|5m|DOWN,5m,DOWN,DMA,0.0,1.0,False
DMA|DMA_EMA_P7_SHIFT5_V1|MA_SLOPE_TURN_UP|MA_SLOPE_TURN_DOWN|5m|DOWN,5m,DOWN,DMA,0.0,1.0,False
DMA|DMA_EMA_P7_SHIFT5_V1|PRICE_CROSS_UP_MA|PRICE_CROSS_DOWN_MA|5m|DOWN,5m,DOWN,DMA,0.0,1.0,False
DMA|DMA_SMA_P10_SHIFT5_V1|MA_SLOPE_TURN_UP|MA_SLOPE_TURN_DOWN|5m|DOWN,5m,DOWN,DMA,0.0,1.0,False
DMA|DMA_SMA_P10_SHIFT5_V1|PRICE_CROSS_UP_MA|PRICE_CROSS_DOWN_MA|5m|DOWN,5m,DOWN,DMA,0.0,1.0,False
DMA|DMA_SMA_P14_SHIFT5_V1|MA_SLOPE_TURN_UP|MA_SLOPE_TURN_DOWN|5m|DOWN,5m,DOWN,DMA,0.0,1.0,False
DMA|DMA_SMA_P14_SHIFT5_V1|PRICE_CROSS_UP_MA|PRICE_CROSS_DOWN_MA|5m|DOWN,5m,DOWN,DMA,0.0,1.0,False
DMA|DMA_SMA_P14_SHIFT8_V1|MA_SLOPE_TURN_UP|MA_SLOPE_TURN_DOWN|5m|DOWN,5m,DOWN,DMA,0.0,1.0,False
DMA|DMA_SMA_P14_SHIFT8_V1|PRICE_CROSS_UP_MA|PRICE_CROSS_DOWN_MA|5m|DOWN,5m,DOWN,DMA,0.0,1.0,False
DMA|DMA_SMA_P20_SHIFT5_V1|MA_SLOPE_TURN_UP|MA_SLOPE_TURN_DOWN|5m|DOWN,5m,DOWN,DMA,0.0,1.0,False
DMA|DMA_SMA_P20_SHIFT5_V1|PRICE_CROSS_UP_MA|PRICE_CROSS_DOWN_MA|5m|DOWN,5m,DOWN,DMA,0.0,1.0,False
DMA|DMA_SMA_P25_SHIFT5_V1|MA_SLOPE_TURN_UP|MA_SLOPE_TURN_DOWN|5m|DOWN,5m,DOWN,DMA,0.0,1.0,False
DMA|DMA_SMA_P25_SHIFT5_V1|PRICE_CROSS_UP_MA|PRICE_CROSS_DOWN_MA|5m|DOWN,5m,DOWN,DMA,0.0,1.0,False
DMA|DMA_SMA_P25_SHIFT8_V1|MA_SLOPE_TURN_UP|MA_SLOPE_TURN_DOWN|5m|DOWN,5m,DOWN,DMA,0.0,1.0,False
DMA|DMA_SMA_P25_SHIFT8_V1|PRICE_CROSS_UP_MA|PRICE_CROSS_DOWN_MA|5m|DOWN,5m,DOWN,DMA,0.0,1.0,False
DMA|DMA_SMA_P3_SHIFT0_V1|MA_SLOPE_TURN_UP|MA_SLOPE_TURN_DOWN|5m|DOWN,5m,DOWN,DMA,0.0,1.0,False
DMA|DMA_SMA_P3_SHIFT0_V1|PRICE_CROSS_UP_MA|PRICE_CROSS_DOWN_MA|5m|DOWN,5m,DOWN,DMA,0.0,1.0,False
DMA|DMA_SMA_P3_SHIFT2_V1|MA_SLOPE_TURN_UP|MA_SLOPE_TURN_DOWN|5m|DOWN,5m,DOWN,DMA,0.0,1.0,False
DMA|DMA_SMA_P3_SHIFT2_V1|PRICE_CROSS_UP_MA|PRICE_CROSS_DOWN_MA|5m|DOWN,5m,DOWN,DMA,0.0,1.0,False
DMA|DMA_SMA_P3_SHIFT3_V1|MA_SLOPE_TURN_UP|MA_SLOPE_TURN_DOWN|5m|DOWN,5m,DOWN,DMA,0.0,1.0,False
DMA|DMA_SMA_P3_SHIFT3_V1|PRICE_CROSS_UP_MA|PRICE_CROSS_DOWN_MA|5m|DOWN,5m,DOWN,DMA,0.0,1.0,False
DMA|DMA_SMA_P3_SHIFT5_V1|MA_SLOPE_TURN_UP|MA_SLOPE_TURN_DOWN|5m|DOWN,5m,DOWN,DMA,0.0,1.0,False
DMA|DMA_SMA_P3_SHIFT5_V1|PRICE_CROSS_UP_MA|PRICE_CROSS_DOWN_MA|5m|DOWN,5m,DOWN,DMA,0.0,1.0,False
DMA|DMA_SMA_P5_SHIFT3_V1|MA_SLOPE_TURN_UP|MA_SLOPE_TURN_DOWN|5m|DOWN,5m,DOWN,DMA,0.0,1.0,False
DMA|DMA_SMA_P5_SHIFT3_V1|PRICE_CROSS_UP_MA|PRICE_CROSS_DOWN_MA|5m|DOWN,5m,DOWN,DMA,0.0,1.0,False
DMA|DMA_SMA_P5_SHIFT5_V1|MA_SLOPE_TURN_UP|MA_SLOPE_TURN_DOWN|5m|DOWN,5m,DOWN,DMA,0.0,1.0,False
DMA|DMA_SMA_P5_SHIFT5_V1|PRICE_CROSS_UP_MA|PRICE_CROSS_DOWN_MA|5m|DOWN,5m,DOWN,DMA,0.0,1.0,False
DMA|DMA_SMA_P7_SHIFT3_V1|MA_SLOPE_TURN_UP|MA_SLOPE_TURN_DOWN|5m|DOWN,5m,DOWN,DMA,0.0,1.0,False
DMA|DMA_SMA_P7_SHIFT3_V1|PRICE_CROSS_UP_MA|PRICE_CROSS_DOWN_MA|5m|DOWN,5m,DOWN,DMA,0.0,1.0,False
DMA|DMA_SMA_P7_SHIFT5_V1|MA_SLOPE_TURN_UP|MA_SLOPE_TURN_DOWN|5m|DOWN,5m,DOWN,DMA,0.0,1.0,False
DMA|DMA_SMA_P7_SHIFT5_V1|PRICE_CROSS_UP_MA|PRICE_CROSS_DOWN_MA|5m|DOWN,5m,DOWN,DMA,0.0,1.0,False
DMA|DMA_WMA_P10_SHIFT5_V1|MA_SLOPE_TURN_UP|MA_SLOPE_TURN_DOWN|5m|DOWN,5m,DOWN,DMA,0.0,1.0,False
DMA|DMA_WMA_P10_SHIFT5_V1|PRICE_CROSS_UP_MA|PRICE_CROSS_DOWN_MA|5m|DOWN,5m,DOWN,DMA,0.0,1.0,False
DMA|DMA_WMA_P14_SHIFT5_V1|MA_SLOPE_TURN_UP|MA_SLOPE_TURN_DOWN|5m|DOWN,5m,DOWN,DMA,0.0,1.0,False
DMA|DMA_WMA_P14_SHIFT5_V1|PRICE_CROSS_UP_MA|PRICE_CROSS_DOWN_MA|5m|DOWN,5m,DOWN,DMA,0.0,1.0,False
DMA|DMA_WMA_P14_SHIFT8_V1|MA_SLOPE_TURN_UP|MA_SLOPE_TURN_DOWN|5m|DOWN,5m,DOWN,DMA,0.0,1.0,False
DMA|DMA_WMA_P14_SHIFT8_V1|PRICE_CROSS_UP_MA|PRICE_CROSS_DOWN_MA|5m|DOWN,5m,DOWN,DMA,0.0,1.0,False
DMA|DMA_WMA_P20_SHIFT5_V1|MA_SLOPE_TURN_UP|MA_SLOPE_TURN_DOWN|5m|DOWN,5m,DOWN,DMA,0.0,1.0,False
DMA|DMA_WMA_P20_SHIFT5_V1|PRICE_CROSS_UP_MA|PRICE_CROSS_DOWN_MA|5m|DOWN,5m,DOWN,DMA,0.0,1.0,False
DMA|DMA_WMA_P25_SHIFT5_V1|MA_SLOPE_TURN_UP|MA_SLOPE_TURN_DOWN|5m|DOWN,5m,DOWN,DMA,0.0,1.0,False
DMA|DMA_WMA_P25_SHIFT5_V1|PRICE_CROSS_UP_MA|PRICE_CROSS_DOWN_MA|5m|DOWN,5m,DOWN,DMA,0.0,1.0,False
DMA|DMA_WMA_P25_SHIFT8_V1|MA_SLOPE_TURN_UP|MA_SLOPE_TURN_DOWN|5m|DOWN,5m,DOWN,DMA,0.0,1.0,False
DMA|DMA_WMA_P25_SHIFT8_V1|PRICE_CROSS_UP_MA|PRICE_CROSS_DOWN_MA|5m|DOWN,5m,DOWN,DMA,0.0,1.0,False
DMA|DMA_WMA_P3_SHIFT0_V1|MA_SLOPE_TURN_UP|MA_SLOPE_TURN_DOWN|5m|DOWN,5m,DOWN,DMA,0.0,1.0,False
DMA|DMA_WMA_P3_SHIFT0_V1|PRICE_CROSS_UP_MA|PRICE_CROSS_DOWN_MA|5m|DOWN,5m,DOWN,DMA,0.0,1.0,False
DMA|DMA_WMA_P3_SHIFT2_V1|MA_SLOPE_TURN_UP|MA_SLOPE_TURN_DOWN|5m|DOWN,5m,DOWN,DMA,0.0,1.0,False
DMA|DMA_WMA_P3_SHIFT2_V1|PRICE_CROSS_UP_MA|PRICE_CROSS_DOWN_MA|5m|DOWN,5m,DOWN,DMA,0.0,1.0,False
DMA|DMA_WMA_P3_SHIFT3_V1|MA_SLOPE_TURN_UP|MA_SLOPE_TURN_DOWN|5m|DOWN,5m,DOWN,DMA,0.0,1.0,False
DMA|DMA_WMA_P3_SHIFT3_V1|PRICE_CROSS_UP_MA|PRICE_CROSS_DOWN_MA|5m|DOWN,5m,DOWN,DMA,0.0,1.0,False
DMA|DMA_WMA_P3_SHIFT5_V1|MA_SLOPE_TURN_UP|MA_SLOPE_TURN_DOWN|5m|DOWN,5m,DOWN,DMA,0.0,1.0,False
DMA|DMA_WMA_P3_SHIFT5_V1|PRICE_CROSS_UP_MA|PRICE_CROSS_DOWN_MA|5m|DOWN,5m,DOWN,DMA,0.0,1.0,False
DMA|DMA_WMA_P5_SHIFT3_V1|MA_SLOPE_TURN_UP|MA_SLOPE_TURN_DOWN|5m|DOWN,5m,DOWN,DMA,0.0,1.0,False
DMA|DMA_WMA_P5_SHIFT3_V1|PRICE_CROSS_UP_MA|PRICE_CROSS_DOWN_MA|5m|DOWN,5m,DOWN,DMA,0.0,1.0,False
DMA|DMA_WMA_P5_SHIFT5_V1|MA_SLOPE_TURN_UP|MA_SLOPE_TURN_DOWN|5m|DOWN,5m,DOWN,DMA,0.0,1.0,False
DMA|DMA_WMA_P5_SHIFT5_V1|PRICE_CROSS_UP_MA|PRICE_CROSS_DOWN_MA|5m|DOWN,5m,DOWN,DMA,0.0,1.0,False
DMA|DMA_WMA_P7_SHIFT3_V1|MA_SLOPE_TURN_UP|MA_SLOPE_TURN_DOWN|5m|DOWN,5m,DOWN,DMA,0.0,1.0,False
DMA|DMA_WMA_P7_SHIFT3_V1|PRICE_CROSS_UP_MA|PRICE_CROSS_DOWN_MA|5m|DOWN,5m,DOWN,DMA,0.0,1.0,False
DMA|DMA_WMA_P7_SHIFT5_V1|MA_SLOPE_TURN_UP|MA_SLOPE_TURN_DOWN|5m|DOWN,5m,DOWN,DMA,0.0,1.0,False
DMA|DMA_WMA_P7_SHIFT5_V1|PRICE_CROSS_UP_MA|PRICE_CROSS_DOWN_MA|5m|DOWN,5m,DOWN,DMA,0.0,1.0,False
DNO_QUANTILE|CAUSAL_DNO_QUANTILE_80_20_CONTROL_V1|CROSSED_OS_BAND_DOWN|5m|DOWN,5m,DOWN,DNO_QUANTILE,0.0,1.0,False
DNO_QUANTILE|CAUSAL_DNO_QUANTILE_80_20_CONTROL_V1|FORECAST_OS_CROSS|5m|DOWN,5m,DOWN,DNO_QUANTILE,0.0,1.0,False
INVERSE|INVERSE_DMA_25X5|DMA_SMA_P25_SHIFT5_V1|5m|DOWN,5m,DOWN,INVERSE_PREDICTOR,0.0,1.0,False
INVERSE|INVERSE_DMA_3X3|DMA_SMA_P3_SHIFT3_V1|5m|DOWN,5m,DOWN,INVERSE_PREDICTOR,0.0,1.0,False
INVERSE|INVERSE_DMA_7X5|DMA_SMA_P7_SHIFT5_V1|5m|DOWN,5m,DOWN,INVERSE_PREDICTOR,0.0,1.0,False
INVERSE|INVERSE_DNO_N7_OB_OS|DNO_PERIOD_7_REFERENCE|5m|DOWN,5m,DOWN,INVERSE_PREDICTOR,0.0,1.0,False
INVERSE|INVERSE_MACD_12_26_9_SIGNAL_CROSS|MACD_12_26_9_SHIFT0_V1|5m|DOWN,5m,DOWN,INVERSE_PREDICTOR,0.0,1.0,False
INVERSE|INVERSE_STOCH_14_3_3_POINT_BAR|STOCH_K14_KS3_D3_SHIFT0_V1|5m|DOWN,5m,DOWN,INVERSE_PREDICTOR,0.0,1.0,False
MACD|DINAPOLI_MACD_REFERENCE_V1|HIST_CROSS_UP_ZERO|HIST_CROSS_DOWN_ZERO|5m|DOWN,5m,DOWN,MACD,0.0,1.0,False
MACD|DINAPOLI_MACD_REFERENCE_V1|MACD_CROSS_UP_SIGNAL|MACD_CROSS_DOWN_SIGNAL|5m|DOWN,5m,DOWN,MACD,0.0,1.0,False
MACD|DISPLACED_MACD_12_26_9_SHIFT2_V1|HIST_CROSS_UP_ZERO|HIST_CROSS_DOWN_ZERO|5m|DOWN,5m,DOWN,MACD,0.0,1.0,False
MACD|DISPLACED_MACD_12_26_9_SHIFT2_V1|MACD_CROSS_UP_SIGNAL|MACD_CROSS_DOWN_SIGNAL|5m|DOWN,5m,DOWN,MACD,0.0,1.0,False
MACD|DISPLACED_MACD_12_26_9_SHIFT3_V1|HIST_CROSS_UP_ZERO|HIST_CROSS_DOWN_ZERO|5m|DOWN,5m,DOWN,MACD,0.0,1.0,False
MACD|DISPLACED_MACD_12_26_9_SHIFT3_V1|MACD_CROSS_UP_SIGNAL|MACD_CROSS_DOWN_SIGNAL|5m|DOWN,5m,DOWN,MACD,0.0,1.0,False
MACD|DISPLACED_MACD_12_26_9_SHIFT5_V1|HIST_CROSS_UP_ZERO|HIST_CROSS_DOWN_ZERO|5m|DOWN,5m,DOWN,MACD,0.0,1.0,False
MACD|DISPLACED_MACD_12_26_9_SHIFT5_V1|MACD_CROSS_UP_SIGNAL|MACD_CROSS_DOWN_SIGNAL|5m|DOWN,5m,DOWN,MACD,0.0,1.0,False
MACD|DISPLACED_MACD_5_13_4_SHIFT2_V1|HIST_CROSS_UP_ZERO|HIST_CROSS_DOWN_ZERO|5m|DOWN,5m,DOWN,MACD,0.0,1.0,False
MACD|DISPLACED_MACD_5_13_4_SHIFT2_V1|MACD_CROSS_UP_SIGNAL|MACD_CROSS_DOWN_SIGNAL|5m|DOWN,5m,DOWN,MACD,0.0,1.0,False
MACD|DISPLACED_MACD_5_13_4_SHIFT3_V1|HIST_CROSS_UP_ZERO|HIST_CROSS_DOWN_ZERO|5m|DOWN,5m,DOWN,MACD,0.0,1.0,False
MACD|DISPLACED_MACD_5_13_4_SHIFT3_V1|MACD_CROSS_UP_SIGNAL|MACD_CROSS_DOWN_SIGNAL|5m|DOWN,5m,DOWN,MACD,0.0,1.0,False
MACD|DISPLACED_MACD_5_13_4_SHIFT5_V1|HIST_CROSS_UP_ZERO|HIST_CROSS_DOWN_ZERO|5m|DOWN,5m,DOWN,MACD,0.0,1.0,False
MACD|DISPLACED_MACD_5_13_4_SHIFT5_V1|MACD_CROSS_UP_SIGNAL|MACD_CROSS_DOWN_SIGNAL|5m|DOWN,5m,DOWN,MACD,0.0,1.0,False
MACD|DISPLACED_MACD_8_21_5_SHIFT2_V1|HIST_CROSS_UP_ZERO|HIST_CROSS_DOWN_ZERO|5m|DOWN,5m,DOWN,MACD,0.0,1.0,False
MACD|DISPLACED_MACD_8_21_5_SHIFT2_V1|MACD_CROSS_UP_SIGNAL|MACD_CROSS_DOWN_SIGNAL|5m|DOWN,5m,DOWN,MACD,0.0,1.0,False
MACD|DISPLACED_MACD_8_21_5_SHIFT3_V1|HIST_CROSS_UP_ZERO|HIST_CROSS_DOWN_ZERO|5m|DOWN,5m,DOWN,MACD,0.0,1.0,False
MACD|DISPLACED_MACD_8_21_5_SHIFT3_V1|MACD_CROSS_UP_SIGNAL|MACD_CROSS_DOWN_SIGNAL|5m|DOWN,5m,DOWN,MACD,0.0,1.0,False
MACD|DISPLACED_MACD_8_21_5_SHIFT5_V1|HIST_CROSS_UP_ZERO|HIST_CROSS_DOWN_ZERO|5m|DOWN,5m,DOWN,MACD,0.0,1.0,False
MACD|DISPLACED_MACD_8_21_5_SHIFT5_V1|MACD_CROSS_UP_SIGNAL|MACD_CROSS_DOWN_SIGNAL|5m|DOWN,5m,DOWN,MACD,0.0,1.0,False
MACD|MACD_12_26_9_SHIFT0_V1|HIST_CROSS_UP_ZERO|HIST_CROSS_DOWN_ZERO|5m|DOWN,5m,DOWN,MACD,0.0,1.0,False
MACD|MACD_12_26_9_SHIFT0_V1|MACD_CROSS_UP_SIGNAL|MACD_CROSS_DOWN_SIGNAL|5m|DOWN,5m,DOWN,MACD,0.0,1.0,False
MACD|MACD_5_13_4_SHIFT0_V1|HIST_CROSS_UP_ZERO|HIST_CROSS_DOWN_ZERO|5m|DOWN,5m,DOWN,MACD,0.0,1.0,False
MACD|MACD_5_13_4_SHIFT0_V1|MACD_CROSS_UP_SIGNAL|MACD_CROSS_DOWN_SIGNAL|5m|DOWN,5m,DOWN,MACD,0.0,1.0,False
MACD|MACD_8_21_5_SHIFT0_V1|HIST_CROSS_UP_ZERO|HIST_CROSS_DOWN_ZERO|5m|DOWN,5m,DOWN,MACD,0.0,1.0,False
MACD|MACD_8_21_5_SHIFT0_V1|MACD_CROSS_UP_SIGNAL|MACD_CROSS_DOWN_SIGNAL|5m|DOWN,5m,DOWN,MACD,0.0,1.0,False
OSC_PREDICTOR|OSC_PRED_SWEEP_LOOKBACK_200|CROSSED_OS_BAND_DOWN|5m|DOWN,5m,DOWN,OSC_PREDICTOR,0.0,1.0,False
OSC_PREDICTOR|OSC_PRED_SWEEP_LOOKBACK_200|FORECAST_OS_CROSS|5m|DOWN,5m,DOWN,OSC_PREDICTOR,0.0,1.0,False
OSC_PREDICTOR|OSC_PRED_SWEEP_LOOKBACK_50|CROSSED_OS_BAND_DOWN|5m|DOWN,5m,DOWN,OSC_PREDICTOR,0.0,1.0,False
OSC_PREDICTOR|OSC_PRED_SWEEP_LOOKBACK_50|FORECAST_OS_CROSS|5m|DOWN,5m,DOWN,OSC_PREDICTOR,0.0,1.0,False
OSC_PREDICTOR|OSC_PRED_SWEEP_OB_OS_LEVEL_PERCENT_0.7|CROSSED_OS_BAND_DOWN|5m|DOWN,5m,DOWN,OSC_PREDICTOR,0.0,1.0,False
OSC_PREDICTOR|OSC_PRED_SWEEP_OB_OS_LEVEL_PERCENT_0.7|FORECAST_OS_CROSS|5m|DOWN,5m,DOWN,OSC_PREDICTOR,0.0,1.0,False
OSC_PREDICTOR|OSC_PRED_SWEEP_OB_OS_LEVEL_PERCENT_0.9|CROSSED_OS_BAND_DOWN|5m|DOWN,5m,DOWN,OSC_PREDICTOR,0.0,1.0,False
OSC_PREDICTOR|OSC_PRED_SWEEP_OB_OS_LEVEL_PERCENT_0.9|FORECAST_OS_CROSS|5m|DOWN,5m,DOWN,OSC_PREDICTOR,0.0,1.0,False
OSC_PREDICTOR|OSC_PRED_SWEEP_PEAK_STRENGTH_1|CROSSED_OS_BAND_DOWN|5m|DOWN,5m,DOWN,OSC_PREDICTOR,0.0,1.0,False
OSC_PREDICTOR|OSC_PRED_SWEEP_PEAK_STRENGTH_1|FORECAST_OS_CROSS|5m|DOWN,5m,DOWN,OSC_PREDICTOR,0.0,1.0,False
OSC_PREDICTOR|OSC_PRED_SWEEP_PEAK_STRENGTH_3|CROSSED_OS_BAND_DOWN|5m|DOWN,5m,DOWN,OSC_PREDICTOR,0.0,1.0,False
OSC_PREDICTOR|OSC_PRED_SWEEP_PEAK_STRENGTH_3|FORECAST_OS_CROSS|5m|DOWN,5m,DOWN,OSC_PREDICTOR,0.0,1.0,False
OSC_PREDICTOR|OSC_PRED_SWEEP_PERIOD_10|CROSSED_OS_BAND_DOWN|5m|DOWN,5m,DOWN,OSC_PREDICTOR,0.0,1.0,False
OSC_PREDICTOR|OSC_PRED_SWEEP_PERIOD_10|FORECAST_OS_CROSS|5m|DOWN,5m,DOWN,OSC_PREDICTOR,0.0,1.0,False
OSC_PREDICTOR|OSC_PRED_SWEEP_PERIOD_14|CROSSED_OS_BAND_DOWN|5m|DOWN,5m,DOWN,OSC_PREDICTOR,0.0,1.0,False
OSC_PREDICTOR|OSC_PRED_SWEEP_PERIOD_14|FORECAST_OS_CROSS|5m|DOWN,5m,DOWN,OSC_PREDICTOR,0.0,1.0,False
OSC_PREDICTOR|OSC_PRED_SWEEP_PERIOD_5|CROSSED_OS_BAND_DOWN|5m|DOWN,5m,DOWN,OSC_PREDICTOR,0.0,1.0,False
OSC_PREDICTOR|OSC_PRED_SWEEP_PERIOD_5|FORECAST_OS_CROSS|5m|DOWN,5m,DOWN,OSC_PREDICTOR,0.0,1.0,False
OSC_PREDICTOR|OSC_PRED_SWEEP_SAMPLES_3|CROSSED_OS_BAND_DOWN|5m|DOWN,5m,DOWN,OSC_PREDICTOR,0.0,1.0,False
OSC_PREDICTOR|OSC_PRED_SWEEP_SAMPLES_3|FORECAST_OS_CROSS|5m|DOWN,5m,DOWN,OSC_PREDICTOR,0.0,1.0,False
OSC_PREDICTOR|OSC_PRED_SWEEP_SAMPLES_8|CROSSED_OS_BAND_DOWN|5m|DOWN,5m,DOWN,OSC_PREDICTOR,0.0,1.0,False
OSC_PREDICTOR|OSC_PRED_SWEEP_SAMPLES_8|FORECAST_OS_CROSS|5m|DOWN,5m,DOWN,OSC_PREDICTOR,0.0,1.0,False
OSC_PREDICTOR|PROJECT_DINAPOLI_STYLE_OSCILLATOR_PREDICTOR_REFERENCE|CROSSED_OS_BAND_DOWN|5m|DOWN,5m,DOWN,OSC_PREDICTOR,0.0,1.0,False
OSC_PREDICTOR|PROJECT_DINAPOLI_STYLE_OSCILLATOR_PREDICTOR_REFERENCE|FORECAST_OS_CROSS|5m|DOWN,5m,DOWN,OSC_PREDICTOR,0.0,1.0,False
PURE_DNO|DNO_PERIOD_7_REFERENCE|DNO_ZERO_CROSS_DOWN|5m|DOWN,5m,DOWN,PURE_DNO,0.0,1.0,False
STOCH|DINAPOLI_PREFERRED_STOCHASTIC_REFERENCE_V1|K_CROSS_UP_D|K_CROSS_DOWN_D|5m|DOWN,5m,DOWN,STOCHASTIC,0.0,1.0,False
STOCH|DISPLACED_STOCH_K14_KS3_D3_SHIFT2_V1|K_CROSS_UP_D|K_CROSS_DOWN_D|5m|DOWN,5m,DOWN,STOCHASTIC,0.0,1.0,False
STOCH|DISPLACED_STOCH_K14_KS3_D3_SHIFT3_V1|K_CROSS_UP_D|K_CROSS_DOWN_D|5m|DOWN,5m,DOWN,STOCHASTIC,0.0,1.0,False
STOCH|DISPLACED_STOCH_K14_KS3_D3_SHIFT5_V1|K_CROSS_UP_D|K_CROSS_DOWN_D|5m|DOWN,5m,DOWN,STOCHASTIC,0.0,1.0,False
STOCH|DISPLACED_STOCH_K21_KS5_D5_SHIFT2_V1|K_CROSS_UP_D|K_CROSS_DOWN_D|5m|DOWN,5m,DOWN,STOCHASTIC,0.0,1.0,False
STOCH|DISPLACED_STOCH_K21_KS5_D5_SHIFT3_V1|K_CROSS_UP_D|K_CROSS_DOWN_D|5m|DOWN,5m,DOWN,STOCHASTIC,0.0,1.0,False
STOCH|DISPLACED_STOCH_K21_KS5_D5_SHIFT5_V1|K_CROSS_UP_D|K_CROSS_DOWN_D|5m|DOWN,5m,DOWN,STOCHASTIC,0.0,1.0,False
STOCH|DISPLACED_STOCH_K5_KS3_D3_SHIFT2_V1|K_CROSS_UP_D|K_CROSS_DOWN_D|5m|DOWN,5m,DOWN,STOCHASTIC,0.0,1.0,False
STOCH|DISPLACED_STOCH_K5_KS3_D3_SHIFT3_V1|K_CROSS_UP_D|K_CROSS_DOWN_D|5m|DOWN,5m,DOWN,STOCHASTIC,0.0,1.0,False
STOCH|DISPLACED_STOCH_K5_KS3_D3_SHIFT5_V1|K_CROSS_UP_D|K_CROSS_DOWN_D|5m|DOWN,5m,DOWN,STOCHASTIC,0.0,1.0,False
STOCH|DISPLACED_STOCH_K9_KS3_D3_SHIFT2_V1|K_CROSS_UP_D|K_CROSS_DOWN_D|5m|DOWN,5m,DOWN,STOCHASTIC,0.0,1.0,False
STOCH|DISPLACED_STOCH_K9_KS3_D3_SHIFT3_V1|K_CROSS_UP_D|K_CROSS_DOWN_D|5m|DOWN,5m,DOWN,STOCHASTIC,0.0,1.0,False
STOCH|DISPLACED_STOCH_K9_KS3_D3_SHIFT5_V1|K_CROSS_UP_D|K_CROSS_DOWN_D|5m|DOWN,5m,DOWN,STOCHASTIC,0.0,1.0,False
STOCH|STOCH_K14_KS3_D3_SHIFT0_V1|K_CROSS_UP_D|K_CROSS_DOWN_D|5m|DOWN,5m,DOWN,STOCHASTIC,0.0,1.0,False
STOCH|STOCH_K21_KS5_D5_SHIFT0_V1|K_CROSS_UP_D|K_CROSS_DOWN_D|5m|DOWN,5m,DOWN,STOCHASTIC,0.0,1.0,False
STOCH|STOCH_K5_KS3_D3_SHIFT0_V1|K_CROSS_UP_D|K_CROSS_DOWN_D|5m|DOWN,5m,DOWN,STOCHASTIC,0.0,1.0,False
STOCH|STOCH_K9_KS3_D3_SHIFT0_V1|K_CROSS_UP_D|K_CROSS_DOWN_D|5m|DOWN,5m,DOWN,STOCHASTIC,0.0,1.0,False
DMA|DMA_EMA_P10_SHIFT5_V1|MA_SLOPE_TURN_UP|MA_SLOPE_TURN_DOWN|5m|UP,5m,UP,DMA,0.0,1.0,False
DMA|DMA_EMA_P10_SHIFT5_V1|PRICE_CROSS_UP_MA|PRICE_CROSS_DOWN_MA|5m|UP,5m,UP,DMA,0.0,1.0,False
DMA|DMA_EMA_P14_SHIFT5_V1|MA_SLOPE_TURN_UP|MA_SLOPE_TURN_DOWN|5m|UP,5m,UP,DMA,0.0,1.0,False
DMA|DMA_EMA_P14_SHIFT5_V1|PRICE_CROSS_UP_MA|PRICE_CROSS_DOWN_MA|5m|UP,5m,UP,DMA,0.0,1.0,False
DMA|DMA_EMA_P14_SHIFT8_V1|MA_SLOPE_TURN_UP|MA_SLOPE_TURN_DOWN|5m|UP,5m,UP,DMA,0.0,1.0,False
DMA|DMA_EMA_P14_SHIFT8_V1|PRICE_CROSS_UP_MA|PRICE_CROSS_DOWN_MA|5m|UP,5m,UP,DMA,0.0,1.0,False
DMA|DMA_EMA_P20_SHIFT5_V1|MA_SLOPE_TURN_UP|MA_SLOPE_TURN_DOWN|5m|UP,5m,UP,DMA,0.0,1.0,False
DMA|DMA_EMA_P20_SHIFT5_V1|PRICE_CROSS_UP_MA|PRICE_CROSS_DOWN_MA|5m|UP,5m,UP,DMA,0.0,1.0,False
DMA|DMA_EMA_P25_SHIFT5_V1|MA_SLOPE_TURN_UP|MA_SLOPE_TURN_DOWN|5m|UP,5m,UP,DMA,0.0,1.0,False
DMA|DMA_EMA_P25_SHIFT5_V1|PRICE_CROSS_UP_MA|PRICE_CROSS_DOWN_MA|5m|UP,5m,UP,DMA,0.0,1.0,False
DMA|DMA_EMA_P25_SHIFT8_V1|MA_SLOPE_TURN_UP|MA_SLOPE_TURN_DOWN|5m|UP,5m,UP,DMA,0.0,1.0,False
DMA|DMA_EMA_P25_SHIFT8_V1|PRICE_CROSS_UP_MA|PRICE_CROSS_DOWN_MA|5m|UP,5m,UP,DMA,0.0,1.0,False
DMA|DMA_EMA_P3_SHIFT0_V1|MA_SLOPE_TURN_UP|MA_SLOPE_TURN_DOWN|5m|UP,5m,UP,DMA,0.0,1.0,False
DMA|DMA_EMA_P3_SHIFT0_V1|PRICE_CROSS_UP_MA|PRICE_CROSS_DOWN_MA|5m|UP,5m,UP,DMA,0.0,1.0,False
DMA|DMA_EMA_P3_SHIFT2_V1|MA_SLOPE_TURN_UP|MA_SLOPE_TURN_DOWN|5m|UP,5m,UP,DMA,0.0,1.0,False
DMA|DMA_EMA_P3_SHIFT2_V1|PRICE_CROSS_UP_MA|PRICE_CROSS_DOWN_MA|5m|UP,5m,UP,DMA,0.0,1.0,False
DMA|DMA_EMA_P3_SHIFT3_V1|MA_SLOPE_TURN_UP|MA_SLOPE_TURN_DOWN|5m|UP,5m,UP,DMA,0.0,1.0,False
DMA|DMA_EMA_P3_SHIFT3_V1|PRICE_CROSS_UP_MA|PRICE_CROSS_DOWN_MA|5m|UP,5m,UP,DMA,0.0,1.0,False
DMA|DMA_EMA_P3_SHIFT5_V1|MA_SLOPE_TURN_UP|MA_SLOPE_TURN_DOWN|5m|UP,5m,UP,DMA,0.0,1.0,False
DMA|DMA_EMA_P3_SHIFT5_V1|PRICE_CROSS_UP_MA|PRICE_CROSS_DOWN_MA|5m|UP,5m,UP,DMA,0.0,1.0,False
DMA|DMA_EMA_P5_SHIFT3_V1|MA_SLOPE_TURN_UP|MA_SLOPE_TURN_DOWN|5m|UP,5m,UP,DMA,0.0,1.0,False
DMA|DMA_EMA_P5_SHIFT3_V1|PRICE_CROSS_UP_MA|PRICE_CROSS_DOWN_MA|5m|UP,5m,UP,DMA,0.0,1.0,False
DMA|DMA_EMA_P5_SHIFT5_V1|MA_SLOPE_TURN_UP|MA_SLOPE_TURN_DOWN|5m|UP,5m,UP,DMA,0.0,1.0,False
DMA|DMA_EMA_P5_SHIFT5_V1|PRICE_CROSS_UP_MA|PRICE_CROSS_DOWN_MA|5m|UP,5m,UP,DMA,0.0,1.0,False
DMA|DMA_EMA_P7_SHIFT3_V1|MA_SLOPE_TURN_UP|MA_SLOPE_TURN_DOWN|5m|UP,5m,UP,DMA,0.0,1.0,False
DMA|DMA_EMA_P7_SHIFT3_V1|PRICE_CROSS_UP_MA|PRICE_CROSS_DOWN_MA|5m|UP,5m,UP,DMA,0.0,1.0,False
DMA|DMA_EMA_P7_SHIFT5_V1|MA_SLOPE_TURN_UP|MA_SLOPE_TURN_DOWN|5m|UP,5m,UP,DMA,0.0,1.0,False
DMA|DMA_EMA_P7_SHIFT5_V1|PRICE_CROSS_UP_MA|PRICE_CROSS_DOWN_MA|5m|UP,5m,UP,DMA,0.0,1.0,False
DMA|DMA_SMA_P10_SHIFT5_V1|MA_SLOPE_TURN_UP|MA_SLOPE_TURN_DOWN|5m|UP,5m,UP,DMA,0.0,1.0,False
DMA|DMA_SMA_P10_SHIFT5_V1|PRICE_CROSS_UP_MA|PRICE_CROSS_DOWN_MA|5m|UP,5m,UP,DMA,0.0,1.0,False
DMA|DMA_SMA_P14_SHIFT5_V1|MA_SLOPE_TURN_UP|MA_SLOPE_TURN_DOWN|5m|UP,5m,UP,DMA,0.0,1.0,False
DMA|DMA_SMA_P14_SHIFT5_V1|PRICE_CROSS_UP_MA|PRICE_CROSS_DOWN_MA|5m|UP,5m,UP,DMA,0.0,1.0,False
DMA|DMA_SMA_P14_SHIFT8_V1|MA_SLOPE_TURN_UP|MA_SLOPE_TURN_DOWN|5m|UP,5m,UP,DMA,0.0,1.0,False
DMA|DMA_SMA_P14_SHIFT8_V1|PRICE_CROSS_UP_MA|PRICE_CROSS_DOWN_MA|5m|UP,5m,UP,DMA,0.0,1.0,False
DMA|DMA_SMA_P20_SHIFT5_V1|MA_SLOPE_TURN_UP|MA_SLOPE_TURN_DOWN|5m|UP,5m,UP,DMA,0.0,1.0,False
DMA|DMA_SMA_P20_SHIFT5_V1|PRICE_CROSS_UP_MA|PRICE_CROSS_DOWN_MA|5m|UP,5m,UP,DMA,0.0,1.0,False
DMA|DMA_SMA_P25_SHIFT5_V1|MA_SLOPE_TURN_UP|MA_SLOPE_TURN_DOWN|5m|UP,5m,UP,DMA,0.0,1.0,False
DMA|DMA_SMA_P25_SHIFT5_V1|PRICE_CROSS_UP_MA|PRICE_CROSS_DOWN_MA|5m|UP,5m,UP,DMA,0.0,1.0,False
DMA|DMA_SMA_P25_SHIFT8_V1|MA_SLOPE_TURN_UP|MA_SLOPE_TURN_DOWN|5m|UP,5m,UP,DMA,0.0,1.0,False
DMA|DMA_SMA_P25_SHIFT8_V1|PRICE_CROSS_UP_MA|PRICE_CROSS_DOWN_MA|5m|UP,5m,UP,DMA,0.0,1.0,False
DMA|DMA_SMA_P3_SHIFT0_V1|MA_SLOPE_TURN_UP|MA_SLOPE_TURN_DOWN|5m|UP,5m,UP,DMA,0.0,1.0,False
DMA|DMA_SMA_P3_SHIFT0_V1|PRICE_CROSS_UP_MA|PRICE_CROSS_DOWN_MA|5m|UP,5m,UP,DMA,0.0,1.0,False
DMA|DMA_SMA_P3_SHIFT2_V1|MA_SLOPE_TURN_UP|MA_SLOPE_TURN_DOWN|5m|UP,5m,UP,DMA,0.0,1.0,False
DMA|DMA_SMA_P3_SHIFT2_V1|PRICE_CROSS_UP_MA|PRICE_CROSS_DOWN_MA|5m|UP,5m,UP,DMA,0.0,1.0,False
DMA|DMA_SMA_P3_SHIFT3_V1|MA_SLOPE_TURN_UP|MA_SLOPE_TURN_DOWN|5m|UP,5m,UP,DMA,0.0,1.0,False
DMA|DMA_SMA_P3_SHIFT3_V1|PRICE_CROSS_UP_MA|PRICE_CROSS_DOWN_MA|5m|UP,5m,UP,DMA,0.0,1.0,False
DMA|DMA_SMA_P3_SHIFT5_V1|MA_SLOPE_TURN_UP|MA_SLOPE_TURN_DOWN|5m|UP,5m,UP,DMA,0.0,1.0,False
DMA|DMA_SMA_P3_SHIFT5_V1|PRICE_CROSS_UP_MA|PRICE_CROSS_DOWN_MA|5m|UP,5m,UP,DMA,0.0,1.0,False
DMA|DMA_SMA_P5_SHIFT3_V1|MA_SLOPE_TURN_UP|MA_SLOPE_TURN_DOWN|5m|UP,5m,UP,DMA,0.0,1.0,False
DMA|DMA_SMA_P5_SHIFT3_V1|PRICE_CROSS_UP_MA|PRICE_CROSS_DOWN_MA|5m|UP,5m,UP,DMA,0.0,1.0,False
DMA|DMA_SMA_P5_SHIFT5_V1|MA_SLOPE_TURN_UP|MA_SLOPE_TURN_DOWN|5m|UP,5m,UP,DMA,0.0,1.0,False
DMA|DMA_SMA_P5_SHIFT5_V1|PRICE_CROSS_UP_MA|PRICE_CROSS_DOWN_MA|5m|UP,5m,UP,DMA,0.0,1.0,False
DMA|DMA_SMA_P7_SHIFT3_V1|MA_SLOPE_TURN_UP|MA_SLOPE_TURN_DOWN|5m|UP,5m,UP,DMA,0.0,1.0,False
DMA|DMA_SMA_P7_SHIFT3_V1|PRICE_CROSS_UP_MA|PRICE_CROSS_DOWN_MA|5m|UP,5m,UP,DMA,0.0,1.0,False
DMA|DMA_SMA_P7_SHIFT5_V1|MA_SLOPE_TURN_UP|MA_SLOPE_TURN_DOWN|5m|UP,5m,UP,DMA,0.0,1.0,False
DMA|DMA_SMA_P7_SHIFT5_V1|PRICE_CROSS_UP_MA|PRICE_CROSS_DOWN_MA|5m|UP,5m,UP,DMA,0.0,1.0,False
DMA|DMA_WMA_P10_SHIFT5_V1|MA_SLOPE_TURN_UP|MA_SLOPE_TURN_DOWN|5m|UP,5m,UP,DMA,0.0,1.0,False
DMA|DMA_WMA_P10_SHIFT5_V1|PRICE_CROSS_UP_MA|PRICE_CROSS_DOWN_MA|5m|UP,5m,UP,DMA,0.0,1.0,False
DMA|DMA_WMA_P14_SHIFT5_V1|MA_SLOPE_TURN_UP|MA_SLOPE_TURN_DOWN|5m|UP,5m,UP,DMA,0.0,1.0,False
DMA|DMA_WMA_P14_SHIFT5_V1|PRICE_CROSS_UP_MA|PRICE_CROSS_DOWN_MA|5m|UP,5m,UP,DMA,0.0,1.0,False
DMA|DMA_WMA_P14_SHIFT8_V1|MA_SLOPE_TURN_UP|MA_SLOPE_TURN_DOWN|5m|UP,5m,UP,DMA,0.0,1.0,False
DMA|DMA_WMA_P14_SHIFT8_V1|PRICE_CROSS_UP_MA|PRICE_CROSS_DOWN_MA|5m|UP,5m,UP,DMA,0.0,1.0,False
DMA|DMA_WMA_P20_SHIFT5_V1|MA_SLOPE_TURN_UP|MA_SLOPE_TURN_DOWN|5m|UP,5m,UP,DMA,0.0,1.0,False
DMA|DMA_WMA_P20_SHIFT5_V1|PRICE_CROSS_UP_MA|PRICE_CROSS_DOWN_MA|5m|UP,5m,UP,DMA,0.0,1.0,False
DMA|DMA_WMA_P25_SHIFT5_V1|MA_SLOPE_TURN_UP|MA_SLOPE_TURN_DOWN|5m|UP,5m,UP,DMA,0.0,1.0,False
DMA|DMA_WMA_P25_SHIFT5_V1|PRICE_CROSS_UP_MA|PRICE_CROSS_DOWN_MA|5m|UP,5m,UP,DMA,0.0,1.0,False
DMA|DMA_WMA_P25_SHIFT8_V1|MA_SLOPE_TURN_UP|MA_SLOPE_TURN_DOWN|5m|UP,5m,UP,DMA,0.0,1.0,False
DMA|DMA_WMA_P25_SHIFT8_V1|PRICE_CROSS_UP_MA|PRICE_CROSS_DOWN_MA|5m|UP,5m,UP,DMA,0.0,1.0,False
DMA|DMA_WMA_P3_SHIFT0_V1|MA_SLOPE_TURN_UP|MA_SLOPE_TURN_DOWN|5m|UP,5m,UP,DMA,0.0,1.0,False
DMA|DMA_WMA_P3_SHIFT0_V1|PRICE_CROSS_UP_MA|PRICE_CROSS_DOWN_MA|5m|UP,5m,UP,DMA,0.0,1.0,False
DMA|DMA_WMA_P3_SHIFT2_V1|MA_SLOPE_TURN_UP|MA_SLOPE_TURN_DOWN|5m|UP,5m,UP,DMA,0.0,1.0,False
DMA|DMA_WMA_P3_SHIFT2_V1|PRICE_CROSS_UP_MA|PRICE_CROSS_DOWN_MA|5m|UP,5m,UP,DMA,0.0,1.0,False
DMA|DMA_WMA_P3_SHIFT3_V1|MA_SLOPE_TURN_UP|MA_SLOPE_TURN_DOWN|5m|UP,5m,UP,DMA,0.0,1.0,False
DMA|DMA_WMA_P3_SHIFT3_V1|PRICE_CROSS_UP_MA|PRICE_CROSS_DOWN_MA|5m|UP,5m,UP,DMA,0.0,1.0,False
DMA|DMA_WMA_P3_SHIFT5_V1|MA_SLOPE_TURN_UP|MA_SLOPE_TURN_DOWN|5m|UP,5m,UP,DMA,0.0,1.0,False
DMA|DMA_WMA_P3_SHIFT5_V1|PRICE_CROSS_UP_MA|PRICE_CROSS_DOWN_MA|5m|UP,5m,UP,DMA,0.0,1.0,False
DMA|DMA_WMA_P5_SHIFT3_V1|MA_SLOPE_TURN_UP|MA_SLOPE_TURN_DOWN|5m|UP,5m,UP,DMA,0.0,1.0,False
DMA|DMA_WMA_P5_SHIFT3_V1|PRICE_CROSS_UP_MA|PRICE_CROSS_DOWN_MA|5m|UP,5m,UP,DMA,0.0,1.0,False
DMA|DMA_WMA_P5_SHIFT5_V1|MA_SLOPE_TURN_UP|MA_SLOPE_TURN_DOWN|5m|UP,5m,UP,DMA,0.0,1.0,False
DMA|DMA_WMA_P5_SHIFT5_V1|PRICE_CROSS_UP_MA|PRICE_CROSS_DOWN_MA|5m|UP,5m,UP,DMA,0.0,1.0,False
DMA|DMA_WMA_P7_SHIFT3_V1|MA_SLOPE_TURN_UP|MA_SLOPE_TURN_DOWN|5m|UP,5m,UP,DMA,0.0,1.0,False
DMA|DMA_WMA_P7_SHIFT3_V1|PRICE_CROSS_UP_MA|PRICE_CROSS_DOWN_MA|5m|UP,5m,UP,DMA,0.0,1.0,False
DMA|DMA_WMA_P7_SHIFT5_V1|MA_SLOPE_TURN_UP|MA_SLOPE_TURN_DOWN|5m|UP,5m,UP,DMA,0.0,1.0,False
DMA|DMA_WMA_P7_SHIFT5_V1|PRICE_CROSS_UP_MA|PRICE_CROSS_DOWN_MA|5m|UP,5m,UP,DMA,0.0,1.0,False
DNO_QUANTILE|CAUSAL_DNO_QUANTILE_80_20_CONTROL_V1|CROSSED_OB_BAND_UP|5m|UP,5m,UP,DNO_QUANTILE,0.0,1.0,False
DNO_QUANTILE|CAUSAL_DNO_QUANTILE_80_20_CONTROL_V1|FORECAST_OB_CROSS|5m|UP,5m,UP,DNO_QUANTILE,0.0,1.0,False
INVERSE|INVERSE_DMA_25X5|DMA_SMA_P25_SHIFT5_V1|5m|UP,5m,UP,INVERSE_PREDICTOR,0.0,1.0,False
INVERSE|INVERSE_DMA_3X3|DMA_SMA_P3_SHIFT3_V1|5m|UP,5m,UP,INVERSE_PREDICTOR,0.0,1.0,False
INVERSE|INVERSE_DMA_7X5|DMA_SMA_P7_SHIFT5_V1|5m|UP,5m,UP,INVERSE_PREDICTOR,0.0,1.0,False
INVERSE|INVERSE_DNO_N7_OB_OS|DNO_PERIOD_7_REFERENCE|5m|UP,5m,UP,INVERSE_PREDICTOR,0.0,1.0,False
INVERSE|INVERSE_MACD_12_26_9_SIGNAL_CROSS|MACD_12_26_9_SHIFT0_V1|5m|UP,5m,UP,INVERSE_PREDICTOR,0.0,1.0,False
INVERSE|INVERSE_STOCH_14_3_3_POINT_BAR|STOCH_K14_KS3_D3_SHIFT0_V1|5m|UP,5m,UP,INVERSE_PREDICTOR,0.0,1.0,False
MACD|DINAPOLI_MACD_REFERENCE_V1|HIST_CROSS_UP_ZERO|HIST_CROSS_DOWN_ZERO|5m|UP,5m,UP,MACD,0.0,1.0,False
MACD|DINAPOLI_MACD_REFERENCE_V1|MACD_CROSS_UP_SIGNAL|MACD_CROSS_DOWN_SIGNAL|5m|UP,5m,UP,MACD,0.0,1.0,False
MACD|DISPLACED_MACD_12_26_9_SHIFT2_V1|HIST_CROSS_UP_ZERO|HIST_CROSS_DOWN_ZERO|5m|UP,5m,UP,MACD,0.0,1.0,False
MACD|DISPLACED_MACD_12_26_9_SHIFT2_V1|MACD_CROSS_UP_SIGNAL|MACD_CROSS_DOWN_SIGNAL|5m|UP,5m,UP,MACD,0.0,1.0,False
MACD|DISPLACED_MACD_12_26_9_SHIFT3_V1|HIST_CROSS_UP_ZERO|HIST_CROSS_DOWN_ZERO|5m|UP,5m,UP,MACD,0.0,1.0,False
MACD|DISPLACED_MACD_12_26_9_SHIFT3_V1|MACD_CROSS_UP_SIGNAL|MACD_CROSS_DOWN_SIGNAL|5m|UP,5m,UP,MACD,0.0,1.0,False
MACD|DISPLACED_MACD_12_26_9_SHIFT5_V1|HIST_CROSS_UP_ZERO|HIST_CROSS_DOWN_ZERO|5m|UP,5m,UP,MACD,0.0,1.0,False
MACD|DISPLACED_MACD_12_26_9_SHIFT5_V1|MACD_CROSS_UP_SIGNAL|MACD_CROSS_DOWN_SIGNAL|5m|UP,5m,UP,MACD,0.0,1.0,False
MACD|DISPLACED_MACD_5_13_4_SHIFT2_V1|HIST_CROSS_UP_ZERO|HIST_CROSS_DOWN_ZERO|5m|UP,5m,UP,MACD,0.0,1.0,False
MACD|DISPLACED_MACD_5_13_4_SHIFT2_V1|MACD_CROSS_UP_SIGNAL|MACD_CROSS_DOWN_SIGNAL|5m|UP,5m,UP,MACD,0.0,1.0,False
MACD|DISPLACED_MACD_5_13_4_SHIFT3_V1|HIST_CROSS_UP_ZERO|HIST_CROSS_DOWN_ZERO|5m|UP,5m,UP,MACD,0.0,1.0,False
MACD|DISPLACED_MACD_5_13_4_SHIFT3_V1|MACD_CROSS_UP_SIGNAL|MACD_CROSS_DOWN_SIGNAL|5m|UP,5m,UP,MACD,0.0,1.0,False
MACD|DISPLACED_MACD_5_13_4_SHIFT5_V1|HIST_CROSS_UP_ZERO|HIST_CROSS_DOWN_ZERO|5m|UP,5m,UP,MACD,0.0,1.0,False
MACD|DISPLACED_MACD_5_13_4_SHIFT5_V1|MACD_CROSS_UP_SIGNAL|MACD_CROSS_DOWN_SIGNAL|5m|UP,5m,UP,MACD,0.0,1.0,False
MACD|DISPLACED_MACD_8_21_5_SHIFT2_V1|HIST_CROSS_UP_ZERO|HIST_CROSS_DOWN_ZERO|5m|UP,5m,UP,MACD,0.0,1.0,False
MACD|DISPLACED_MACD_8_21_5_SHIFT2_V1|MACD_CROSS_UP_SIGNAL|MACD_CROSS_DOWN_SIGNAL|5m|UP,5m,UP,MACD,0.0,1.0,False
MACD|DISPLACED_MACD_8_21_5_SHIFT3_V1|HIST_CROSS_UP_ZERO|HIST_CROSS_DOWN_ZERO|5m|UP,5m,UP,MACD,0.0,1.0,False
MACD|DISPLACED_MACD_8_21_5_SHIFT3_V1|MACD_CROSS_UP_SIGNAL|MACD_CROSS_DOWN_SIGNAL|5m|UP,5m,UP,MACD,0.0,1.0,False
MACD|DISPLACED_MACD_8_21_5_SHIFT5_V1|HIST_CROSS_UP_ZERO|HIST_CROSS_DOWN_ZERO|5m|UP,5m,UP,MACD,0.0,1.0,False
MACD|DISPLACED_MACD_8_21_5_SHIFT5_V1|MACD_CROSS_UP_SIGNAL|MACD_CROSS_DOWN_SIGNAL|5m|UP,5m,UP,MACD,0.0,1.0,False
MACD|MACD_12_26_9_SHIFT0_V1|HIST_CROSS_UP_ZERO|HIST_CROSS_DOWN_ZERO|5m|UP,5m,UP,MACD,0.0,1.0,False
MACD|MACD_12_26_9_SHIFT0_V1|MACD_CROSS_UP_SIGNAL|MACD_CROSS_DOWN_SIGNAL|5m|UP,5m,UP,MACD,0.0,1.0,False
MACD|MACD_5_13_4_SHIFT0_V1|HIST_CROSS_UP_ZERO|HIST_CROSS_DOWN_ZERO|5m|UP,5m,UP,MACD,0.0,1.0,False
MACD|MACD_5_13_4_SHIFT0_V1|MACD_CROSS_UP_SIGNAL|MACD_CROSS_DOWN_SIGNAL|5m|UP,5m,UP,MACD,0.0,1.0,False
MACD|MACD_8_21_5_SHIFT0_V1|HIST_CROSS_UP_ZERO|HIST_CROSS_DOWN_ZERO|5m|UP,5m,UP,MACD,0.0,1.0,False
MACD|MACD_8_21_5_SHIFT0_V1|MACD_CROSS_UP_SIGNAL|MACD_CROSS_DOWN_SIGNAL|5m|UP,5m,UP,MACD,0.0,1.0,False
OSC_PREDICTOR|OSC_PRED_SWEEP_LOOKBACK_200|CROSSED_OB_BAND_UP|5m|UP,5m,UP,OSC_PREDICTOR,0.0,1.0,False
OSC_PREDICTOR|OSC_PRED_SWEEP_LOOKBACK_200|FORECAST_OB_CROSS|5m|UP,5m,UP,OSC_PREDICTOR,0.0,1.0,False
OSC_PREDICTOR|OSC_PRED_SWEEP_LOOKBACK_50|CROSSED_OB_BAND_UP|5m|UP,5m,UP,OSC_PREDICTOR,0.0,1.0,False
OSC_PREDICTOR|OSC_PRED_SWEEP_LOOKBACK_50|FORECAST_OB_CROSS|5m|UP,5m,UP,OSC_PREDICTOR,0.0,1.0,False
OSC_PREDICTOR|OSC_PRED_SWEEP_OB_OS_LEVEL_PERCENT_0.7|CROSSED_OB_BAND_UP|5m|UP,5m,UP,OSC_PREDICTOR,0.0,1.0,False
OSC_PREDICTOR|OSC_PRED_SWEEP_OB_OS_LEVEL_PERCENT_0.7|FORECAST_OB_CROSS|5m|UP,5m,UP,OSC_PREDICTOR,0.0,1.0,False
OSC_PREDICTOR|OSC_PRED_SWEEP_OB_OS_LEVEL_PERCENT_0.9|CROSSED_OB_BAND_UP|5m|UP,5m,UP,OSC_PREDICTOR,0.0,1.0,False
OSC_PREDICTOR|OSC_PRED_SWEEP_OB_OS_LEVEL_PERCENT_0.9|FORECAST_OB_CROSS|5m|UP,5m,UP,OSC_PREDICTOR,0.0,1.0,False
OSC_PREDICTOR|OSC_PRED_SWEEP_PEAK_STRENGTH_1|CROSSED_OB_BAND_UP|5m|UP,5m,UP,OSC_PREDICTOR,0.0,1.0,False
OSC_PREDICTOR|OSC_PRED_SWEEP_PEAK_STRENGTH_1|FORECAST_OB_CROSS|5m|UP,5m,UP,OSC_PREDICTOR,0.0,1.0,False
OSC_PREDICTOR|OSC_PRED_SWEEP_PEAK_STRENGTH_3|CROSSED_OB_BAND_UP|5m|UP,5m,UP,OSC_PREDICTOR,0.0,1.0,False
OSC_PREDICTOR|OSC_PRED_SWEEP_PEAK_STRENGTH_3|FORECAST_OB_CROSS|5m|UP,5m,UP,OSC_PREDICTOR,0.0,1.0,False
OSC_PREDICTOR|OSC_PRED_SWEEP_PERIOD_10|CROSSED_OB_BAND_UP|5m|UP,5m,UP,OSC_PREDICTOR,0.0,1.0,False
OSC_PREDICTOR|OSC_PRED_SWEEP_PERIOD_10|FORECAST_OB_CROSS|5m|UP,5m,UP,OSC_PREDICTOR,0.0,1.0,False
OSC_PREDICTOR|OSC_PRED_SWEEP_PERIOD_14|CROSSED_OB_BAND_UP|5m|UP,5m,UP,OSC_PREDICTOR,0.0,1.0,False
OSC_PREDICTOR|OSC_PRED_SWEEP_PERIOD_14|FORECAST_OB_CROSS|5m|UP,5m,UP,OSC_PREDICTOR,0.0,1.0,False
OSC_PREDICTOR|OSC_PRED_SWEEP_PERIOD_5|CROSSED_OB_BAND_UP|5m|UP,5m,UP,OSC_PREDICTOR,0.0,1.0,False
OSC_PREDICTOR|OSC_PRED_SWEEP_PERIOD_5|FORECAST_OB_CROSS|5m|UP,5m,UP,OSC_PREDICTOR,0.0,1.0,False
OSC_PREDICTOR|OSC_PRED_SWEEP_SAMPLES_3|CROSSED_OB_BAND_UP|5m|UP,5m,UP,OSC_PREDICTOR,0.0,1.0,False
OSC_PREDICTOR|OSC_PRED_SWEEP_SAMPLES_3|FORECAST_OB_CROSS|5m|UP,5m,UP,OSC_PREDICTOR,0.0,1.0,False
OSC_PREDICTOR|OSC_PRED_SWEEP_SAMPLES_8|CROSSED_OB_BAND_UP|5m|UP,5m,UP,OSC_PREDICTOR,0.0,1.0,False
OSC_PREDICTOR|OSC_PRED_SWEEP_SAMPLES_8|FORECAST_OB_CROSS|5m|UP,5m,UP,OSC_PREDICTOR,0.0,1.0,False
OSC_PREDICTOR|PROJECT_DINAPOLI_STYLE_OSCILLATOR_PREDICTOR_REFERENCE|CROSSED_OB_BAND_UP|5m|UP,5m,UP,OSC_PREDICTOR,0.0,1.0,False
OSC_PREDICTOR|PROJECT_DINAPOLI_STYLE_OSCILLATOR_PREDICTOR_REFERENCE|FORECAST_OB_CROSS|5m|UP,5m,UP,OSC_PREDICTOR,0.0,1.0,False
PURE_DNO|DNO_PERIOD_7_REFERENCE|DNO_ZERO_CROSS_UP|5m|UP,5m,UP,PURE_DNO,0.0,1.0,False
STOCH|DINAPOLI_PREFERRED_STOCHASTIC_REFERENCE_V1|K_CROSS_UP_D|K_CROSS_DOWN_D|5m|UP,5m,UP,STOCHASTIC,0.0,1.0,False
STOCH|DISPLACED_STOCH_K14_KS3_D3_SHIFT2_V1|K_CROSS_UP_D|K_CROSS_DOWN_D|5m|UP,5m,UP,STOCHASTIC,0.0,1.0,False
STOCH|DISPLACED_STOCH_K14_KS3_D3_SHIFT3_V1|K_CROSS_UP_D|K_CROSS_DOWN_D|5m|UP,5m,UP,STOCHASTIC,0.0,1.0,False
STOCH|DISPLACED_STOCH_K14_KS3_D3_SHIFT5_V1|K_CROSS_UP_D|K_CROSS_DOWN_D|5m|UP,5m,UP,STOCHASTIC,0.0,1.0,False
STOCH|DISPLACED_STOCH_K21_KS5_D5_SHIFT2_V1|K_CROSS_UP_D|K_CROSS_DOWN_D|5m|UP,5m,UP,STOCHASTIC,0.0,1.0,False
STOCH|DISPLACED_STOCH_K21_KS5_D5_SHIFT3_V1|K_CROSS_UP_D|K_CROSS_DOWN_D|5m|UP,5m,UP,STOCHASTIC,0.0,1.0,False
STOCH|DISPLACED_STOCH_K21_KS5_D5_SHIFT5_V1|K_CROSS_UP_D|K_CROSS_DOWN_D|5m|UP,5m,UP,STOCHASTIC,0.0,1.0,False
STOCH|DISPLACED_STOCH_K5_KS3_D3_SHIFT2_V1|K_CROSS_UP_D|K_CROSS_DOWN_D|5m|UP,5m,UP,STOCHASTIC,0.0,1.0,False
STOCH|DISPLACED_STOCH_K5_KS3_D3_SHIFT3_V1|K_CROSS_UP_D|K_CROSS_DOWN_D|5m|UP,5m,UP,STOCHASTIC,0.0,1.0,False
STOCH|DISPLACED_STOCH_K5_KS3_D3_SHIFT5_V1|K_CROSS_UP_D|K_CROSS_DOWN_D|5m|UP,5m,UP,STOCHASTIC,0.0,1.0,False
STOCH|DISPLACED_STOCH_K9_KS3_D3_SHIFT2_V1|K_CROSS_UP_D|K_CROSS_DOWN_D|5m|UP,5m,UP,STOCHASTIC,0.0,1.0,False
STOCH|DISPLACED_STOCH_K9_KS3_D3_SHIFT3_V1|K_CROSS_UP_D|K_CROSS_DOWN_D|5m|UP,5m,UP,STOCHASTIC,0.0,1.0,False
STOCH|DISPLACED_STOCH_K9_KS3_D3_SHIFT5_V1|K_CROSS_UP_D|K_CROSS_DOWN_D|5m|UP,5m,UP,STOCHASTIC,0.0,1.0,False
STOCH|STOCH_K14_KS3_D3_SHIFT0_V1|K_CROSS_UP_D|K_CROSS_DOWN_D|5m|UP,5m,UP,STOCHASTIC,0.0,1.0,False
STOCH|STOCH_K21_KS5_D5_SHIFT0_V1|K_CROSS_UP_D|K_CROSS_DOWN_D|5m|UP,5m,UP,STOCHASTIC,0.0,1.0,False
STOCH|STOCH_K5_KS3_D3_SHIFT0_V1|K_CROSS_UP_D|K_CROSS_DOWN_D|5m|UP,5m,UP,STOCHASTIC,0.0,1.0,False
STOCH|STOCH_K9_KS3_D3_SHIFT0_V1|K_CROSS_UP_D|K_CROSS_DOWN_D|5m|UP,5m,UP,STOCHASTIC,0.0,1.0,False
DMA|DMA_EMA_P10_SHIFT5_V1|MA_SLOPE_TURN_UP|MA_SLOPE_TURN_DOWN|6H|DOWN,6H,DOWN,DMA,0.29654635502344356,1.0,False
DMA|DMA_EMA_P10_SHIFT5_V1|PRICE_CROSS_UP_MA|PRICE_CROSS_DOWN_MA|6H|DOWN,6H,DOWN,DMA,0.29654635502344356,1.0,False
DMA|DMA_EMA_P14_SHIFT5_V1|MA_SLOPE_TURN_UP|MA_SLOPE_TURN_DOWN|6H|DOWN,6H,DOWN,DMA,0.31236479803669553,1.0,False
DMA|DMA_EMA_P14_SHIFT5_V1|PRICE_CROSS_UP_MA|PRICE_CROSS_DOWN_MA|6H|DOWN,6H,DOWN,DMA,0.31236479803669553,1.0,False
DMA|DMA_EMA_P14_SHIFT8_V1|MA_SLOPE_TURN_UP|MA_SLOPE_TURN_DOWN|6H|DOWN,6H,DOWN,DMA,0.31236479803669553,1.0,False
DMA|DMA_EMA_P14_SHIFT8_V1|PRICE_CROSS_UP_MA|PRICE_CROSS_DOWN_MA|6H|DOWN,6H,DOWN,DMA,0.31236479803669553,1.0,False
DMA|DMA_EMA_P20_SHIFT5_V1|MA_SLOPE_TURN_UP|MA_SLOPE_TURN_DOWN|6H|DOWN,6H,DOWN,DMA,0.3288210059746756,1.0,False
DMA|DMA_EMA_P20_SHIFT5_V1|PRICE_CROSS_UP_MA|PRICE_CROSS_DOWN_MA|6H|DOWN,6H,DOWN,DMA,0.3263538768422343,1.0,False
DMA|DMA_EMA_P25_SHIFT5_V1|MA_SLOPE_TURN_UP|MA_SLOPE_TURN_DOWN|6H|DOWN,6H,DOWN,DMA,0.3228231869997575,1.0,False
DMA|DMA_EMA_P25_SHIFT5_V1|PRICE_CROSS_UP_MA|PRICE_CROSS_DOWN_MA|6H|DOWN,6H,DOWN,DMA,0.3228231869997575,1.0,False
DMA|DMA_EMA_P25_SHIFT8_V1|MA_SLOPE_TURN_UP|MA_SLOPE_TURN_DOWN|6H|DOWN,6H,DOWN,DMA,0.3228231869997575,1.0,False
DMA|DMA_EMA_P25_SHIFT8_V1|PRICE_CROSS_UP_MA|PRICE_CROSS_DOWN_MA|6H|DOWN,6H,DOWN,DMA,0.3228231869997575,1.0,False
DMA|DMA_EMA_P3_SHIFT0_V1|MA_SLOPE_TURN_UP|MA_SLOPE_TURN_DOWN|6H|DOWN,6H,DOWN,DMA,0.14555308867702754,1.0,False
DMA|DMA_EMA_P3_SHIFT0_V1|PRICE_CROSS_UP_MA|PRICE_CROSS_DOWN_MA|6H|DOWN,6H,DOWN,DMA,0.14555308867702754,1.0,False
DMA|DMA_EMA_P3_SHIFT2_V1|MA_SLOPE_TURN_UP|MA_SLOPE_TURN_DOWN|6H|DOWN,6H,DOWN,DMA,0.14555308867702754,1.0,False
DMA|DMA_EMA_P3_SHIFT2_V1|PRICE_CROSS_UP_MA|PRICE_CROSS_DOWN_MA|6H|DOWN,6H,DOWN,DMA,0.14555308867702754,1.0,False
DMA|DMA_EMA_P3_SHIFT3_V1|MA_SLOPE_TURN_UP|MA_SLOPE_TURN_DOWN|6H|DOWN,6H,DOWN,DMA,0.14555308867702754,1.0,False
DMA|DMA_EMA_P3_SHIFT3_V1|PRICE_CROSS_UP_MA|PRICE_CROSS_DOWN_MA|6H|DOWN,6H,DOWN,DMA,0.14555308867702754,1.0,False
DMA|DMA_EMA_P3_SHIFT5_V1|MA_SLOPE_TURN_UP|MA_SLOPE_TURN_DOWN|6H|DOWN,6H,DOWN,DMA,0.14555308867702754,1.0,False
DMA|DMA_EMA_P3_SHIFT5_V1|PRICE_CROSS_UP_MA|PRICE_CROSS_DOWN_MA|6H|DOWN,6H,DOWN,DMA,0.14555308867702754,1.0,False
DMA|DMA_EMA_P5_SHIFT3_V1|MA_SLOPE_TURN_UP|MA_SLOPE_TURN_DOWN|6H|DOWN,6H,DOWN,DMA,0.21897313634119614,1.0,False
DMA|DMA_EMA_P5_SHIFT3_V1|PRICE_CROSS_UP_MA|PRICE_CROSS_DOWN_MA|6H|DOWN,6H,DOWN,DMA,0.21897313634119614,1.0,False
DMA|DMA_EMA_P5_SHIFT5_V1|MA_SLOPE_TURN_UP|MA_SLOPE_TURN_DOWN|6H|DOWN,6H,DOWN,DMA,0.21897313634119614,1.0,False
DMA|DMA_EMA_P5_SHIFT5_V1|PRICE_CROSS_UP_MA|PRICE_CROSS_DOWN_MA|6H|DOWN,6H,DOWN,DMA,0.21897313634119614,1.0,False
DMA|DMA_EMA_P7_SHIFT3_V1|MA_SLOPE_TURN_UP|MA_SLOPE_TURN_DOWN|6H|DOWN,6H,DOWN,DMA,0.2564859602851722,1.0,False
DMA|DMA_EMA_P7_SHIFT3_V1|PRICE_CROSS_UP_MA|PRICE_CROSS_DOWN_MA|6H|DOWN,6H,DOWN,DMA,0.2564859602851722,1.0,False
DMA|DMA_EMA_P7_SHIFT5_V1|MA_SLOPE_TURN_UP|MA_SLOPE_TURN_DOWN|6H|DOWN,6H,DOWN,DMA,0.2564859602851722,1.0,False
DMA|DMA_EMA_P7_SHIFT5_V1|PRICE_CROSS_UP_MA|PRICE_CROSS_DOWN_MA|6H|DOWN,6H,DOWN,DMA,0.2564859602851722,1.0,False
DMA|DMA_SMA_P10_SHIFT5_V1|MA_SLOPE_TURN_UP|MA_SLOPE_TURN_DOWN|6H|DOWN,6H,DOWN,DMA,0.20333053012392294,1.0,False
DMA|DMA_SMA_P10_SHIFT5_V1|PRICE_CROSS_UP_MA|PRICE_CROSS_DOWN_MA|6H|DOWN,6H,DOWN,DMA,0.28266874684531723,1.0,False
DMA|DMA_SMA_P14_SHIFT5_V1|MA_SLOPE_TURN_UP|MA_SLOPE_TURN_DOWN|6H|DOWN,6H,DOWN,DMA,0.21554656848718384,1.0,False
DMA|DMA_SMA_P14_SHIFT5_V1|PRICE_CROSS_UP_MA|PRICE_CROSS_DOWN_MA|6H|DOWN,6H,DOWN,DMA,0.30248260043400527,1.0,False
DMA|DMA_SMA_P14_SHIFT8_V1|MA_SLOPE_TURN_UP|MA_SLOPE_TURN_DOWN|6H|DOWN,6H,DOWN,DMA,0.21554656848718384,1.0,False
DMA|DMA_SMA_P14_SHIFT8_V1|PRICE_CROSS_UP_MA|PRICE_CROSS_DOWN_MA|6H|DOWN,6H,DOWN,DMA,0.30248260043400527,1.0,False
DMA|DMA_SMA_P20_SHIFT5_V1|MA_SLOPE_TURN_UP|MA_SLOPE_TURN_DOWN|6H|DOWN,6H,DOWN,DMA,0.1983333910813901,1.0,False
DMA|DMA_SMA_P20_SHIFT5_V1|PRICE_CROSS_UP_MA|PRICE_CROSS_DOWN_MA|6H|DOWN,6H,DOWN,DMA,0.3174162433458018,1.0,False
DMA|DMA_SMA_P25_SHIFT5_V1|MA_SLOPE_TURN_UP|MA_SLOPE_TURN_DOWN|6H|DOWN,6H,DOWN,DMA,0.2105782890405738,1.0,False
DMA|DMA_SMA_P25_SHIFT5_V1|PRICE_CROSS_UP_MA|PRICE_CROSS_DOWN_MA|6H|DOWN,6H,DOWN,DMA,0.29329937747594786,1.0,False
DMA|DMA_SMA_P25_SHIFT8_V1|MA_SLOPE_TURN_UP|MA_SLOPE_TURN_DOWN|6H|DOWN,6H,DOWN,DMA,0.2105782890405738,1.0,False
DMA|DMA_SMA_P25_SHIFT8_V1|PRICE_CROSS_UP_MA|PRICE_CROSS_DOWN_MA|6H|DOWN,6H,DOWN,DMA,0.29329937747594786,1.0,False
DMA|DMA_SMA_P3_SHIFT0_V1|MA_SLOPE_TURN_UP|MA_SLOPE_TURN_DOWN|6H|DOWN,6H,DOWN,DMA,0.26820133826026166,1.0,False
DMA|DMA_SMA_P3_SHIFT0_V1|PRICE_CROSS_UP_MA|PRICE_CROSS_DOWN_MA|6H|DOWN,6H,DOWN,DMA,0.12494212069763849,1.0,False
DMA|DMA_SMA_P3_SHIFT2_V1|MA_SLOPE_TURN_UP|MA_SLOPE_TURN_DOWN|6H|DOWN,6H,DOWN,DMA,0.26820133826026166,1.0,False
DMA|DMA_SMA_P3_SHIFT2_V1|PRICE_CROSS_UP_MA|PRICE_CROSS_DOWN_MA|6H|DOWN,6H,DOWN,DMA,0.12494212069763849,1.0,False
DMA|DMA_SMA_P3_SHIFT3_V1|MA_SLOPE_TURN_UP|MA_SLOPE_TURN_DOWN|6H|DOWN,6H,DOWN,DMA,0.26820133826026166,1.0,False
DMA|DMA_SMA_P3_SHIFT3_V1|PRICE_CROSS_UP_MA|PRICE_CROSS_DOWN_MA|6H|DOWN,6H,DOWN,DMA,0.12494212069763849,1.0,False
DMA|DMA_SMA_P3_SHIFT5_V1|MA_SLOPE_TURN_UP|MA_SLOPE_TURN_DOWN|6H|DOWN,6H,DOWN,DMA,0.26820133826026166,1.0,False
DMA|DMA_SMA_P3_SHIFT5_V1|PRICE_CROSS_UP_MA|PRICE_CROSS_DOWN_MA|6H|DOWN,6H,DOWN,DMA,0.12494212069763849,1.0,False
DMA|DMA_SMA_P5_SHIFT3_V1|MA_SLOPE_TURN_UP|MA_SLOPE_TURN_DOWN|6H|DOWN,6H,DOWN,DMA,0.2547523689289393,1.0,False
DMA|DMA_SMA_P5_SHIFT3_V1|PRICE_CROSS_UP_MA|PRICE_CROSS_DOWN_MA|6H|DOWN,6H,DOWN,DMA,0.24922280089937138,1.0,False
DMA|DMA_SMA_P5_SHIFT5_V1|MA_SLOPE_TURN_UP|MA_SLOPE_TURN_DOWN|6H|DOWN,6H,DOWN,DMA,0.2547523689289393,1.0,False
DMA|DMA_SMA_P5_SHIFT5_V1|PRICE_CROSS_UP_MA|PRICE_CROSS_DOWN_MA|6H|DOWN,6H,DOWN,DMA,0.24922280089937138,1.0,False
DMA|DMA_SMA_P7_SHIFT3_V1|MA_SLOPE_TURN_UP|MA_SLOPE_TURN_DOWN|6H|DOWN,6H,DOWN,DMA,0.188737973967176,1.0,False
DMA|DMA_SMA_P7_SHIFT3_V1|PRICE_CROSS_UP_MA|PRICE_CROSS_DOWN_MA|6H|DOWN,6H,DOWN,DMA,0.2828766470532175,1.0,False
DMA|DMA_SMA_P7_SHIFT5_V1|MA_SLOPE_TURN_UP|MA_SLOPE_TURN_DOWN|6H|DOWN,6H,DOWN,DMA,0.188737973967176,1.0,False
DMA|DMA_SMA_P7_SHIFT5_V1|PRICE_CROSS_UP_MA|PRICE_CROSS_DOWN_MA|6H|DOWN,6H,DOWN,DMA,0.2828766470532175,1.0,False
DMA|DMA_WMA_P10_SHIFT5_V1|MA_SLOPE_TURN_UP|MA_SLOPE_TURN_DOWN|6H|DOWN,6H,DOWN,DMA,0.2946969223295834,1.0,False
DMA|DMA_WMA_P10_SHIFT5_V1|PRICE_CROSS_UP_MA|PRICE_CROSS_DOWN_MA|6H|DOWN,6H,DOWN,DMA,0.2673344651952461,1.0,False
DMA|DMA_WMA_P14_SHIFT5_V1|MA_SLOPE_TURN_UP|MA_SLOPE_TURN_DOWN|6H|DOWN,6H,DOWN,DMA,0.31697672029919816,1.0,False
DMA|DMA_WMA_P14_SHIFT5_V1|PRICE_CROSS_UP_MA|PRICE_CROSS_DOWN_MA|6H|DOWN,6H,DOWN,DMA,0.2973802921637228,1.0,False
DMA|DMA_WMA_P14_SHIFT8_V1|MA_SLOPE_TURN_UP|MA_SLOPE_TURN_DOWN|6H|DOWN,6H,DOWN,DMA,0.31697672029919816,1.0,False
DMA|DMA_WMA_P14_SHIFT8_V1|PRICE_CROSS_UP_MA|PRICE_CROSS_DOWN_MA|6H|DOWN,6H,DOWN,DMA,0.2973802921637228,1.0,False
DMA|DMA_WMA_P20_SHIFT5_V1|MA_SLOPE_TURN_UP|MA_SLOPE_TURN_DOWN|6H|DOWN,6H,DOWN,DMA,0.3216327108092813,1.0,False
DMA|DMA_WMA_P20_SHIFT5_V1|PRICE_CROSS_UP_MA|PRICE_CROSS_DOWN_MA|6H|DOWN,6H,DOWN,DMA,0.30697569044486533,1.0,False
DMA|DMA_WMA_P25_SHIFT5_V1|MA_SLOPE_TURN_UP|MA_SLOPE_TURN_DOWN|6H|DOWN,6H,DOWN,DMA,0.29257865675522715,1.0,False
DMA|DMA_WMA_P25_SHIFT5_V1|PRICE_CROSS_UP_MA|PRICE_CROSS_DOWN_MA|6H|DOWN,6H,DOWN,DMA,0.3176472035629044,1.0,False
DMA|DMA_WMA_P25_SHIFT8_V1|MA_SLOPE_TURN_UP|MA_SLOPE_TURN_DOWN|6H|DOWN,6H,DOWN,DMA,0.29257865675522715,1.0,False
DMA|DMA_WMA_P25_SHIFT8_V1|PRICE_CROSS_UP_MA|PRICE_CROSS_DOWN_MA|6H|DOWN,6H,DOWN,DMA,0.3176472035629044,1.0,False
DMA|DMA_WMA_P3_SHIFT0_V1|MA_SLOPE_TURN_UP|MA_SLOPE_TURN_DOWN|6H|DOWN,6H,DOWN,DMA,0.1989164814603988,1.0,False
DMA|DMA_WMA_P3_SHIFT0_V1|PRICE_CROSS_UP_MA|PRICE_CROSS_DOWN_MA|6H|DOWN,6H,DOWN,DMA,0.08830852493295488,1.0,False
DMA|DMA_WMA_P3_SHIFT2_V1|MA_SLOPE_TURN_UP|MA_SLOPE_TURN_DOWN|6H|DOWN,6H,DOWN,DMA,0.1989164814603988,1.0,False
DMA|DMA_WMA_P3_SHIFT2_V1|PRICE_CROSS_UP_MA|PRICE_CROSS_DOWN_MA|6H|DOWN,6H,DOWN,DMA,0.08830852493295488,1.0,False
DMA|DMA_WMA_P3_SHIFT3_V1|MA_SLOPE_TURN_UP|MA_SLOPE_TURN_DOWN|6H|DOWN,6H,DOWN,DMA,0.1989164814603988,1.0,False
DMA|DMA_WMA_P3_SHIFT3_V1|PRICE_CROSS_UP_MA|PRICE_CROSS_DOWN_MA|6H|DOWN,6H,DOWN,DMA,0.08830852493295488,1.0,False
DMA|DMA_WMA_P3_SHIFT5_V1|MA_SLOPE_TURN_UP|MA_SLOPE_TURN_DOWN|6H|DOWN,6H,DOWN,DMA,0.1989164814603988,1.0,False
DMA|DMA_WMA_P3_SHIFT5_V1|PRICE_CROSS_UP_MA|PRICE_CROSS_DOWN_MA|6H|DOWN,6H,DOWN,DMA,0.08830852493295488,1.0,False
DMA|DMA_WMA_P5_SHIFT3_V1|MA_SLOPE_TURN_UP|MA_SLOPE_TURN_DOWN|6H|DOWN,6H,DOWN,DMA,0.27771040504487027,1.0,False
DMA|DMA_WMA_P5_SHIFT3_V1|PRICE_CROSS_UP_MA|PRICE_CROSS_DOWN_MA|6H|DOWN,6H,DOWN,DMA,0.17996604414261458,1.0,False
DMA|DMA_WMA_P5_SHIFT5_V1|MA_SLOPE_TURN_UP|MA_SLOPE_TURN_DOWN|6H|DOWN,6H,DOWN,DMA,0.27771040504487027,1.0,False
DMA|DMA_WMA_P5_SHIFT5_V1|PRICE_CROSS_UP_MA|PRICE_CROSS_DOWN_MA|6H|DOWN,6H,DOWN,DMA,0.17996604414261458,1.0,False
DMA|DMA_WMA_P7_SHIFT3_V1|MA_SLOPE_TURN_UP|MA_SLOPE_TURN_DOWN|6H|DOWN,6H,DOWN,DMA,0.28767579470950805,1.0,False
DMA|DMA_WMA_P7_SHIFT3_V1|PRICE_CROSS_UP_MA|PRICE_CROSS_DOWN_MA|6H|DOWN,6H,DOWN,DMA,0.24963094714085093,1.0,False
DMA|DMA_WMA_P7_SHIFT5_V1|MA_SLOPE_TURN_UP|MA_SLOPE_TURN_DOWN|6H|DOWN,6H,DOWN,DMA,0.28767579470950805,1.0,False
DMA|DMA_WMA_P7_SHIFT5_V1|PRICE_CROSS_UP_MA|PRICE_CROSS_DOWN_MA|6H|DOWN,6H,DOWN,DMA,0.24963094714085093,1.0,False
DNO_QUANTILE|CAUSAL_DNO_QUANTILE_80_20_CONTROL_V1|CROSSED_OS_BAND_DOWN|6H|DOWN,6H,DOWN,DNO_QUANTILE,0.315417549159337,1.0,False
DNO_QUANTILE|CAUSAL_DNO_QUANTILE_80_20_CONTROL_V1|FORECAST_OS_CROSS|6H|DOWN,6H,DOWN,DNO_QUANTILE,0.21417657045840405,1.0,False
INVERSE|INVERSE_DMA_25X5|DMA_SMA_P25_SHIFT5_V1|6H|DOWN,6H,DOWN,INVERSE_PREDICTOR,0.30613426844167996,1.0,False
INVERSE|INVERSE_DMA_3X3|DMA_SMA_P3_SHIFT3_V1|6H|DOWN,6H,DOWN,INVERSE_PREDICTOR,0.0907026234185197,1.0,False
INVERSE|INVERSE_DMA_7X5|DMA_SMA_P7_SHIFT5_V1|6H|DOWN,6H,DOWN,INVERSE_PREDICTOR,0.2544341292489976,1.0,False
INVERSE|INVERSE_DNO_N7_OB_OS|DNO_PERIOD_7_REFERENCE|6H|DOWN,6H,DOWN,INVERSE_PREDICTOR,0.2875954719355301,1.0,False
INVERSE|INVERSE_MACD_12_26_9_SIGNAL_CROSS|MACD_12_26_9_SHIFT0_V1|6H|DOWN,6H,DOWN,INVERSE_PREDICTOR,0.27479363034951115,1.0,False
INVERSE|INVERSE_STOCH_14_3_3_POINT_BAR|STOCH_K14_KS3_D3_SHIFT0_V1|6H|DOWN,6H,DOWN,INVERSE_PREDICTOR,0.2771391890189397,1.0,False
MACD|DINAPOLI_MACD_REFERENCE_V1|HIST_CROSS_UP_ZERO|HIST_CROSS_DOWN_ZERO|6H|DOWN,6H,DOWN,MACD,0.36774884957247883,1.0,False
MACD|DINAPOLI_MACD_REFERENCE_V1|MACD_CROSS_UP_SIGNAL|MACD_CROSS_DOWN_SIGNAL|6H|DOWN,6H,DOWN,MACD,0.36774884957247883,1.0,False
MACD|DISPLACED_MACD_12_26_9_SHIFT2_V1|HIST_CROSS_UP_ZERO|HIST_CROSS_DOWN_ZERO|6H|DOWN,6H,DOWN,MACD,0.3308536181071116,1.0,False
MACD|DISPLACED_MACD_12_26_9_SHIFT2_V1|MACD_CROSS_UP_SIGNAL|MACD_CROSS_DOWN_SIGNAL|6H|DOWN,6H,DOWN,MACD,0.3308536181071116,1.0,False
MACD|DISPLACED_MACD_12_26_9_SHIFT3_V1|HIST_CROSS_UP_ZERO|HIST_CROSS_DOWN_ZERO|6H|DOWN,6H,DOWN,MACD,0.3308536181071116,1.0,False
MACD|DISPLACED_MACD_12_26_9_SHIFT3_V1|MACD_CROSS_UP_SIGNAL|MACD_CROSS_DOWN_SIGNAL|6H|DOWN,6H,DOWN,MACD,0.3308536181071116,1.0,False
MACD|DISPLACED_MACD_12_26_9_SHIFT5_V1|HIST_CROSS_UP_ZERO|HIST_CROSS_DOWN_ZERO|6H|DOWN,6H,DOWN,MACD,0.3308536181071116,1.0,False
MACD|DISPLACED_MACD_12_26_9_SHIFT5_V1|MACD_CROSS_UP_SIGNAL|MACD_CROSS_DOWN_SIGNAL|6H|DOWN,6H,DOWN,MACD,0.3308536181071116,1.0,False
MACD|DISPLACED_MACD_5_13_4_SHIFT2_V1|HIST_CROSS_UP_ZERO|HIST_CROSS_DOWN_ZERO|6H|DOWN,6H,DOWN,MACD,0.3404434977235164,1.0,False
MACD|DISPLACED_MACD_5_13_4_SHIFT2_V1|MACD_CROSS_UP_SIGNAL|MACD_CROSS_DOWN_SIGNAL|6H|DOWN,6H,DOWN,MACD,0.3404434977235164,1.0,False
MACD|DISPLACED_MACD_5_13_4_SHIFT3_V1|HIST_CROSS_UP_ZERO|HIST_CROSS_DOWN_ZERO|6H|DOWN,6H,DOWN,MACD,0.3404434977235164,1.0,False
MACD|DISPLACED_MACD_5_13_4_SHIFT3_V1|MACD_CROSS_UP_SIGNAL|MACD_CROSS_DOWN_SIGNAL|6H|DOWN,6H,DOWN,MACD,0.3404434977235164,1.0,False
MACD|DISPLACED_MACD_5_13_4_SHIFT5_V1|HIST_CROSS_UP_ZERO|HIST_CROSS_DOWN_ZERO|6H|DOWN,6H,DOWN,MACD,0.3404434977235164,1.0,False
MACD|DISPLACED_MACD_5_13_4_SHIFT5_V1|MACD_CROSS_UP_SIGNAL|MACD_CROSS_DOWN_SIGNAL|6H|DOWN,6H,DOWN,MACD,0.3404434977235164,1.0,False
MACD|DISPLACED_MACD_8_21_5_SHIFT2_V1|HIST_CROSS_UP_ZERO|HIST_CROSS_DOWN_ZERO|6H|DOWN,6H,DOWN,MACD,0.34178422596079644,1.0,False
MACD|DISPLACED_MACD_8_21_5_SHIFT2_V1|MACD_CROSS_UP_SIGNAL|MACD_CROSS_DOWN_SIGNAL|6H|DOWN,6H,DOWN,MACD,0.34178422596079644,1.0,False
MACD|DISPLACED_MACD_8_21_5_SHIFT3_V1|HIST_CROSS_UP_ZERO|HIST_CROSS_DOWN_ZERO|6H|DOWN,6H,DOWN,MACD,0.34178422596079644,1.0,False
MACD|DISPLACED_MACD_8_21_5_SHIFT3_V1|MACD_CROSS_UP_SIGNAL|MACD_CROSS_DOWN_SIGNAL|6H|DOWN,6H,DOWN,MACD,0.34178422596079644,1.0,False
MACD|DISPLACED_MACD_8_21_5_SHIFT5_V1|HIST_CROSS_UP_ZERO|HIST_CROSS_DOWN_ZERO|6H|DOWN,6H,DOWN,MACD,0.34178422596079644,1.0,False
MACD|DISPLACED_MACD_8_21_5_SHIFT5_V1|MACD_CROSS_UP_SIGNAL|MACD_CROSS_DOWN_SIGNAL|6H|DOWN,6H,DOWN,MACD,0.34178422596079644,1.0,False
MACD|MACD_12_26_9_SHIFT0_V1|HIST_CROSS_UP_ZERO|HIST_CROSS_DOWN_ZERO|6H|DOWN,6H,DOWN,MACD,0.3308536181071116,1.0,False
MACD|MACD_12_26_9_SHIFT0_V1|MACD_CROSS_UP_SIGNAL|MACD_CROSS_DOWN_SIGNAL|6H|DOWN,6H,DOWN,MACD,0.3308536181071116,1.0,False
MACD|MACD_5_13_4_SHIFT0_V1|HIST_CROSS_UP_ZERO|HIST_CROSS_DOWN_ZERO|6H|DOWN,6H,DOWN,MACD,0.3404434977235164,1.0,False
MACD|MACD_5_13_4_SHIFT0_V1|MACD_CROSS_UP_SIGNAL|MACD_CROSS_DOWN_SIGNAL|6H|DOWN,6H,DOWN,MACD,0.3404434977235164,1.0,False
MACD|MACD_8_21_5_SHIFT0_V1|HIST_CROSS_UP_ZERO|HIST_CROSS_DOWN_ZERO|6H|DOWN,6H,DOWN,MACD,0.34178422596079644,1.0,False
MACD|MACD_8_21_5_SHIFT0_V1|MACD_CROSS_UP_SIGNAL|MACD_CROSS_DOWN_SIGNAL|6H|DOWN,6H,DOWN,MACD,0.34178422596079644,1.0,False
OSC_PREDICTOR|OSC_PRED_SWEEP_LOOKBACK_200|CROSSED_OS_BAND_DOWN|6H|DOWN,6H,DOWN,OSC_PREDICTOR,0.3277393234948413,1.0,False
OSC_PREDICTOR|OSC_PRED_SWEEP_LOOKBACK_200|FORECAST_OS_CROSS|6H|DOWN,6H,DOWN,OSC_PREDICTOR,0.20937780884849694,1.0,False
OSC_PREDICTOR|OSC_PRED_SWEEP_LOOKBACK_50|CROSSED_OS_BAND_DOWN|6H|DOWN,6H,DOWN,OSC_PREDICTOR,0.32194135278458985,1.0,False
OSC_PREDICTOR|OSC_PRED_SWEEP_LOOKBACK_50|FORECAST_OS_CROSS|6H|DOWN,6H,DOWN,OSC_PREDICTOR,0.22125044781233932,1.0,False
OSC_PREDICTOR|OSC_PRED_SWEEP_OB_OS_LEVEL_PERCENT_0.7|CROSSED_OS_BAND_DOWN|6H|DOWN,6H,DOWN,OSC_PREDICTOR,0.30053342002913935,1.0,False
OSC_PREDICTOR|OSC_PRED_SWEEP_OB_OS_LEVEL_PERCENT_0.7|FORECAST_OS_CROSS|6H|DOWN,6H,DOWN,OSC_PREDICTOR,0.2127295769061473,1.0,False
OSC_PREDICTOR|OSC_PRED_SWEEP_OB_OS_LEVEL_PERCENT_0.9|CROSSED_OS_BAND_DOWN|6H|DOWN,6H,DOWN,OSC_PREDICTOR,0.30853747271404314,1.0,False
OSC_PREDICTOR|OSC_PRED_SWEEP_OB_OS_LEVEL_PERCENT_0.9|FORECAST_OS_CROSS|6H|DOWN,6H,DOWN,OSC_PREDICTOR,0.18645955063612102,1.0,False
OSC_PREDICTOR|OSC_PRED_SWEEP_PEAK_STRENGTH_1|CROSSED_OS_BAND_DOWN|6H|DOWN,6H,DOWN,OSC_PREDICTOR,0.30894130916028245,1.0,False
OSC_PREDICTOR|OSC_PRED_SWEEP_PEAK_STRENGTH_1|FORECAST_OS_CROSS|6H|DOWN,6H,DOWN,OSC_PREDICTOR,0.1990917272027239,1.0,False
OSC_PREDICTOR|OSC_PRED_SWEEP_PEAK_STRENGTH_3|CROSSED_OS_BAND_DOWN|6H|DOWN,6H,DOWN,OSC_PREDICTOR,0.3251273344651952,1.0,False
OSC_PREDICTOR|OSC_PRED_SWEEP_PEAK_STRENGTH_3|FORECAST_OS_CROSS|6H|DOWN,6H,DOWN,OSC_PREDICTOR,0.21948494448625716,1.0,False
OSC_PREDICTOR|OSC_PRED_SWEEP_PERIOD_10|CROSSED_OS_BAND_DOWN|6H|DOWN,6H,DOWN,OSC_PREDICTOR,0.2988001248601034,1.0,False
OSC_PREDICTOR|OSC_PRED_SWEEP_PERIOD_10|FORECAST_OS_CROSS|6H|DOWN,6H,DOWN,OSC_PREDICTOR,0.24565947479954892,1.0,False
OSC_PREDICTOR|OSC_PRED_SWEEP_PERIOD_14|CROSSED_OS_BAND_DOWN|6H|DOWN,6H,DOWN,OSC_PREDICTOR,0.2521053476252016,1.0,False
OSC_PREDICTOR|OSC_PRED_SWEEP_PERIOD_14|FORECAST_OS_CROSS|6H|DOWN,6H,DOWN,OSC_PREDICTOR,0.18396604414261458,1.0,False
OSC_PREDICTOR|OSC_PRED_SWEEP_PERIOD_5|CROSSED_OS_BAND_DOWN|6H|DOWN,6H,DOWN,OSC_PREDICTOR,0.3206586848352552,1.0,False
OSC_PREDICTOR|OSC_PRED_SWEEP_PERIOD_5|FORECAST_OS_CROSS|6H|DOWN,6H,DOWN,OSC_PREDICTOR,0.1761492502494848,1.0,False
OSC_PREDICTOR|OSC_PRED_SWEEP_SAMPLES_3|CROSSED_OS_BAND_DOWN|6H|DOWN,6H,DOWN,OSC_PREDICTOR,0.30988730398513425,1.0,False
OSC_PREDICTOR|OSC_PRED_SWEEP_SAMPLES_3|FORECAST_OS_CROSS|6H|DOWN,6H,DOWN,OSC_PREDICTOR,0.19187080604737644,1.0,False
OSC_PREDICTOR|OSC_PRED_SWEEP_SAMPLES_8|CROSSED_OS_BAND_DOWN|6H|DOWN,6H,DOWN,OSC_PREDICTOR,0.3102181449829507,1.0,False
OSC_PREDICTOR|OSC_PRED_SWEEP_SAMPLES_8|FORECAST_OS_CROSS|6H|DOWN,6H,DOWN,OSC_PREDICTOR,0.21434104414261462,1.0,False
OSC_PREDICTOR|PROJECT_DINAPOLI_STYLE_OSCILLATOR_PREDICTOR_REFERENCE|CROSSED_OS_BAND_DOWN|6H|DOWN,6H,DOWN,OSC_PREDICTOR,0.3277393234948413,1.0,False
OSC_PREDICTOR|PROJECT_DINAPOLI_STYLE_OSCILLATOR_PREDICTOR_REFERENCE|FORECAST_OS_CROSS|6H|DOWN,6H,DOWN,OSC_PREDICTOR,0.20937780884849694,1.0,False
PURE_DNO|DNO_PERIOD_7_REFERENCE|DNO_ZERO_CROSS_DOWN|6H|DOWN,6H,DOWN,PURE_DNO,0.2841327108092812,1.0,False
STOCH|DINAPOLI_PREFERRED_STOCHASTIC_REFERENCE_V1|K_CROSS_UP_D|K_CROSS_DOWN_D|6H|DOWN,6H,DOWN,STOCHASTIC,0.33613402314523927,1.0,False
STOCH|DISPLACED_STOCH_K14_KS3_D3_SHIFT2_V1|K_CROSS_UP_D|K_CROSS_DOWN_D|6H|DOWN,6H,DOWN,STOCHASTIC,0.26524432062376363,1.0,False
STOCH|DISPLACED_STOCH_K14_KS3_D3_SHIFT3_V1|K_CROSS_UP_D|K_CROSS_DOWN_D|6H|DOWN,6H,DOWN,STOCHASTIC,0.26524432062376363,1.0,False
STOCH|DISPLACED_STOCH_K14_KS3_D3_SHIFT5_V1|K_CROSS_UP_D|K_CROSS_DOWN_D|6H|DOWN,6H,DOWN,STOCHASTIC,0.26524432062376363,1.0,False
STOCH|DISPLACED_STOCH_K21_KS5_D5_SHIFT2_V1|K_CROSS_UP_D|K_CROSS_DOWN_D|6H|DOWN,6H,DOWN,STOCHASTIC,0.2751322072846086,1.0,False
STOCH|DISPLACED_STOCH_K21_KS5_D5_SHIFT3_V1|K_CROSS_UP_D|K_CROSS_DOWN_D|6H|DOWN,6H,DOWN,STOCHASTIC,0.2751322072846086,1.0,False
STOCH|DISPLACED_STOCH_K21_KS5_D5_SHIFT5_V1|K_CROSS_UP_D|K_CROSS_DOWN_D|6H|DOWN,6H,DOWN,STOCHASTIC,0.2751322072846086,1.0,False
STOCH|DISPLACED_STOCH_K5_KS3_D3_SHIFT2_V1|K_CROSS_UP_D|K_CROSS_DOWN_D|6H|DOWN,6H,DOWN,STOCHASTIC,0.25782071542289137,1.0,False
STOCH|DISPLACED_STOCH_K5_KS3_D3_SHIFT3_V1|K_CROSS_UP_D|K_CROSS_DOWN_D|6H|DOWN,6H,DOWN,STOCHASTIC,0.25782071542289137,1.0,False
STOCH|DISPLACED_STOCH_K5_KS3_D3_SHIFT5_V1|K_CROSS_UP_D|K_CROSS_DOWN_D|6H|DOWN,6H,DOWN,STOCHASTIC,0.25782071542289137,1.0,False
STOCH|DISPLACED_STOCH_K9_KS3_D3_SHIFT2_V1|K_CROSS_UP_D|K_CROSS_DOWN_D|6H|DOWN,6H,DOWN,STOCHASTIC,0.2508880299582174,1.0,False
STOCH|DISPLACED_STOCH_K9_KS3_D3_SHIFT3_V1|K_CROSS_UP_D|K_CROSS_DOWN_D|6H|DOWN,6H,DOWN,STOCHASTIC,0.2508880299582174,1.0,False
STOCH|DISPLACED_STOCH_K9_KS3_D3_SHIFT5_V1|K_CROSS_UP_D|K_CROSS_DOWN_D|6H|DOWN,6H,DOWN,STOCHASTIC,0.2508880299582174,1.0,False
STOCH|STOCH_K14_KS3_D3_SHIFT0_V1|K_CROSS_UP_D|K_CROSS_DOWN_D|6H|DOWN,6H,DOWN,STOCHASTIC,0.26524432062376363,1.0,False
STOCH|STOCH_K21_KS5_D5_SHIFT0_V1|K_CROSS_UP_D|K_CROSS_DOWN_D|6H|DOWN,6H,DOWN,STOCHASTIC,0.2751322072846086,1.0,False
STOCH|STOCH_K5_KS3_D3_SHIFT0_V1|K_CROSS_UP_D|K_CROSS_DOWN_D|6H|DOWN,6H,DOWN,STOCHASTIC,0.25782071542289137,1.0,False
STOCH|STOCH_K9_KS3_D3_SHIFT0_V1|K_CROSS_UP_D|K_CROSS_DOWN_D|6H|DOWN,6H,DOWN,STOCHASTIC,0.2508880299582174,1.0,False
DMA|DMA_EMA_P10_SHIFT5_V1|MA_SLOPE_TURN_UP|MA_SLOPE_TURN_DOWN|6H|UP,6H,UP,DMA,0.33464553075820086,1.0,False
DMA|DMA_EMA_P10_SHIFT5_V1|PRICE_CROSS_UP_MA|PRICE_CROSS_DOWN_MA|6H|UP,6H,UP,DMA,0.33464553075820086,1.0,False
DMA|DMA_EMA_P14_SHIFT5_V1|MA_SLOPE_TURN_UP|MA_SLOPE_TURN_DOWN|6H|UP,6H,UP,DMA,0.3490237691001698,1.0,False
DMA|DMA_EMA_P14_SHIFT5_V1|PRICE_CROSS_UP_MA|PRICE_CROSS_DOWN_MA|6H|UP,6H,UP,DMA,0.34692096536185196,1.0,False
DMA|DMA_EMA_P14_SHIFT8_V1|MA_SLOPE_TURN_UP|MA_SLOPE_TURN_DOWN|6H|UP,6H,UP,DMA,0.3490237691001698,1.0,False
DMA|DMA_EMA_P14_SHIFT8_V1|PRICE_CROSS_UP_MA|PRICE_CROSS_DOWN_MA|6H|UP,6H,UP,DMA,0.34692096536185196,1.0,False
DMA|DMA_EMA_P20_SHIFT5_V1|MA_SLOPE_TURN_UP|MA_SLOPE_TURN_DOWN|6H|UP,6H,UP,DMA,0.34577949429100946,1.0,False
DMA|DMA_EMA_P20_SHIFT5_V1|PRICE_CROSS_UP_MA|PRICE_CROSS_DOWN_MA|6H|UP,6H,UP,DMA,0.34577949429100946,1.0,False
DMA|DMA_EMA_P25_SHIFT5_V1|MA_SLOPE_TURN_UP|MA_SLOPE_TURN_DOWN|6H|UP,6H,UP,DMA,0.34912925433223724,1.0,False
DMA|DMA_EMA_P25_SHIFT5_V1|PRICE_CROSS_UP_MA|PRICE_CROSS_DOWN_MA|6H|UP,6H,UP,DMA,0.34912925433223724,1.0,False
DMA|DMA_EMA_P25_SHIFT8_V1|MA_SLOPE_TURN_UP|MA_SLOPE_TURN_DOWN|6H|UP,6H,UP,DMA,0.34912925433223724,1.0,False
DMA|DMA_EMA_P25_SHIFT8_V1|PRICE_CROSS_UP_MA|PRICE_CROSS_DOWN_MA|6H|UP,6H,UP,DMA,0.34912925433223724,1.0,False
DMA|DMA_EMA_P3_SHIFT0_V1|MA_SLOPE_TURN_UP|MA_SLOPE_TURN_DOWN|6H|UP,6H,UP,DMA,0.16120325627965693,1.0,False
DMA|DMA_EMA_P3_SHIFT0_V1|PRICE_CROSS_UP_MA|PRICE_CROSS_DOWN_MA|6H|UP,6H,UP,DMA,0.16120325627965693,1.0,False
DMA|DMA_EMA_P3_SHIFT2_V1|MA_SLOPE_TURN_UP|MA_SLOPE_TURN_DOWN|6H|UP,6H,UP,DMA,0.16120325627965693,1.0,False
DMA|DMA_EMA_P3_SHIFT2_V1|PRICE_CROSS_UP_MA|PRICE_CROSS_DOWN_MA|6H|UP,6H,UP,DMA,0.16120325627965693,1.0,False
DMA|DMA_EMA_P3_SHIFT3_V1|MA_SLOPE_TURN_UP|MA_SLOPE_TURN_DOWN|6H|UP,6H,UP,DMA,0.16120325627965693,1.0,False
DMA|DMA_EMA_P3_SHIFT3_V1|PRICE_CROSS_UP_MA|PRICE_CROSS_DOWN_MA|6H|UP,6H,UP,DMA,0.16120325627965693,1.0,False
DMA|DMA_EMA_P3_SHIFT5_V1|MA_SLOPE_TURN_UP|MA_SLOPE_TURN_DOWN|6H|UP,6H,UP,DMA,0.16120325627965693,1.0,False
DMA|DMA_EMA_P3_SHIFT5_V1|PRICE_CROSS_UP_MA|PRICE_CROSS_DOWN_MA|6H|UP,6H,UP,DMA,0.16120325627965693,1.0,False
DMA|DMA_EMA_P5_SHIFT3_V1|MA_SLOPE_TURN_UP|MA_SLOPE_TURN_DOWN|6H|UP,6H,UP,DMA,0.24418362700425505,1.0,False
DMA|DMA_EMA_P5_SHIFT3_V1|PRICE_CROSS_UP_MA|PRICE_CROSS_DOWN_MA|6H|UP,6H,UP,DMA,0.24418362700425505,1.0,False
DMA|DMA_EMA_P5_SHIFT5_V1|MA_SLOPE_TURN_UP|MA_SLOPE_TURN_DOWN|6H|UP,6H,UP,DMA,0.24418362700425505,1.0,False
DMA|DMA_EMA_P5_SHIFT5_V1|PRICE_CROSS_UP_MA|PRICE_CROSS_DOWN_MA|6H|UP,6H,UP,DMA,0.24418362700425505,1.0,False
DMA|DMA_EMA_P7_SHIFT3_V1|MA_SLOPE_TURN_UP|MA_SLOPE_TURN_DOWN|6H|UP,6H,UP,DMA,0.29037597035803137,1.0,False
DMA|DMA_EMA_P7_SHIFT3_V1|PRICE_CROSS_UP_MA|PRICE_CROSS_DOWN_MA|6H|UP,6H,UP,DMA,0.29037597035803137,1.0,False
DMA|DMA_EMA_P7_SHIFT5_V1|MA_SLOPE_TURN_UP|MA_SLOPE_TURN_DOWN|6H|UP,6H,UP,DMA,0.29037597035803137,1.0,False
DMA|DMA_EMA_P7_SHIFT5_V1|PRICE_CROSS_UP_MA|PRICE_CROSS_DOWN_MA|6H|UP,6H,UP,DMA,0.29037597035803137,1.0,False
DMA|DMA_SMA_P10_SHIFT5_V1|MA_SLOPE_TURN_UP|MA_SLOPE_TURN_DOWN|6H|UP,6H,UP,DMA,0.264085880901412,1.0,False
DMA|DMA_SMA_P10_SHIFT5_V1|PRICE_CROSS_UP_MA|PRICE_CROSS_DOWN_MA|6H|UP,6H,UP,DMA,0.33348322855962925,1.0,False
DMA|DMA_SMA_P14_SHIFT5_V1|MA_SLOPE_TURN_UP|MA_SLOPE_TURN_DOWN|6H|UP,6H,UP,DMA,0.24921173902498178,1.0,False
DMA|DMA_SMA_P14_SHIFT5_V1|PRICE_CROSS_UP_MA|PRICE_CROSS_DOWN_MA|6H|UP,6H,UP,DMA,0.3793217823452029,1.0,False
DMA|DMA_SMA_P14_SHIFT8_V1|MA_SLOPE_TURN_UP|MA_SLOPE_TURN_DOWN|6H|UP,6H,UP,DMA,0.24921173902498178,1.0,False
DMA|DMA_SMA_P14_SHIFT8_V1|PRICE_CROSS_UP_MA|PRICE_CROSS_DOWN_MA|6H|UP,6H,UP,DMA,0.3793217823452029,1.0,False
DMA|DMA_SMA_P20_SHIFT5_V1|MA_SLOPE_TURN_UP|MA_SLOPE_TURN_DOWN|6H|UP,6H,UP,DMA,0.21500737565754685,1.0,False
DMA|DMA_SMA_P20_SHIFT5_V1|PRICE_CROSS_UP_MA|PRICE_CROSS_DOWN_MA|6H|UP,6H,UP,DMA,0.3540237691001698,1.0,False
DMA|DMA_SMA_P25_SHIFT5_V1|MA_SLOPE_TURN_UP|MA_SLOPE_TURN_DOWN|6H|UP,6H,UP,DMA,0.23239940361793626,1.0,False
DMA|DMA_SMA_P25_SHIFT5_V1|PRICE_CROSS_UP_MA|PRICE_CROSS_DOWN_MA|6H|UP,6H,UP,DMA,0.34813091195731266,1.0,False
DMA|DMA_SMA_P25_SHIFT8_V1|MA_SLOPE_TURN_UP|MA_SLOPE_TURN_DOWN|6H|UP,6H,UP,DMA,0.23239940361793626,1.0,False
DMA|DMA_SMA_P25_SHIFT8_V1|PRICE_CROSS_UP_MA|PRICE_CROSS_DOWN_MA|6H|UP,6H,UP,DMA,0.34813091195731266,1.0,False
DMA|DMA_SMA_P3_SHIFT0_V1|MA_SLOPE_TURN_UP|MA_SLOPE_TURN_DOWN|6H|UP,6H,UP,DMA,0.2784008734772741,1.0,False
DMA|DMA_SMA_P3_SHIFT0_V1|PRICE_CROSS_UP_MA|PRICE_CROSS_DOWN_MA|6H|UP,6H,UP,DMA,0.12139219015280134,1.0,False
DMA|DMA_SMA_P3_SHIFT2_V1|MA_SLOPE_TURN_UP|MA_SLOPE_TURN_DOWN|6H|UP,6H,UP,DMA,0.2784008734772741,1.0,False
DMA|DMA_SMA_P3_SHIFT2_V1|PRICE_CROSS_UP_MA|PRICE_CROSS_DOWN_MA|6H|UP,6H,UP,DMA,0.12139219015280134,1.0,False
DMA|DMA_SMA_P3_SHIFT3_V1|MA_SLOPE_TURN_UP|MA_SLOPE_TURN_DOWN|6H|UP,6H,UP,DMA,0.2784008734772741,1.0,False
DMA|DMA_SMA_P3_SHIFT3_V1|PRICE_CROSS_UP_MA|PRICE_CROSS_DOWN_MA|6H|UP,6H,UP,DMA,0.12139219015280134,1.0,False
DMA|DMA_SMA_P3_SHIFT5_V1|MA_SLOPE_TURN_UP|MA_SLOPE_TURN_DOWN|6H|UP,6H,UP,DMA,0.2784008734772741,1.0,False
DMA|DMA_SMA_P3_SHIFT5_V1|PRICE_CROSS_UP_MA|PRICE_CROSS_DOWN_MA|6H|UP,6H,UP,DMA,0.12139219015280134,1.0,False
DMA|DMA_SMA_P5_SHIFT3_V1|MA_SLOPE_TURN_UP|MA_SLOPE_TURN_DOWN|6H|UP,6H,UP,DMA,0.27359550357554446,1.0,False
DMA|DMA_SMA_P5_SHIFT3_V1|PRICE_CROSS_UP_MA|PRICE_CROSS_DOWN_MA|6H|UP,6H,UP,DMA,0.2662403511644676,1.0,False
DMA|DMA_SMA_P5_SHIFT5_V1|MA_SLOPE_TURN_UP|MA_SLOPE_TURN_DOWN|6H|UP,6H,UP,DMA,0.27359550357554446,1.0,False
DMA|DMA_SMA_P5_SHIFT5_V1|PRICE_CROSS_UP_MA|PRICE_CROSS_DOWN_MA|6H|UP,6H,UP,DMA,0.2662403511644676,1.0,False
DMA|DMA_SMA_P7_SHIFT3_V1|MA_SLOPE_TURN_UP|MA_SLOPE_TURN_DOWN|6H|UP,6H,UP,DMA,0.19543434844525792,1.0,False
DMA|DMA_SMA_P7_SHIFT3_V1|PRICE_CROSS_UP_MA|PRICE_CROSS_DOWN_MA|6H|UP,6H,UP,DMA,0.3031904357668364,1.0,False
DMA|DMA_SMA_P7_SHIFT5_V1|MA_SLOPE_TURN_UP|MA_SLOPE_TURN_DOWN|6H|UP,6H,UP,DMA,0.19543434844525792,1.0,False
DMA|DMA_SMA_P7_SHIFT5_V1|PRICE_CROSS_UP_MA|PRICE_CROSS_DOWN_MA|6H|UP,6H,UP,DMA,0.3031904357668364,1.0,False
DMA|DMA_WMA_P10_SHIFT5_V1|MA_SLOPE_TURN_UP|MA_SLOPE_TURN_DOWN|6H|UP,6H,UP,DMA,0.3482447322729743,1.0,False
DMA|DMA_WMA_P10_SHIFT5_V1|PRICE_CROSS_UP_MA|PRICE_CROSS_DOWN_MA|6H|UP,6H,UP,DMA,0.2992869269949066,1.0,False
DMA|DMA_WMA_P14_SHIFT5_V1|MA_SLOPE_TURN_UP|MA_SLOPE_TURN_DOWN|6H|UP,6H,UP,DMA,0.37865010361974266,1.0,False
DMA|DMA_WMA_P14_SHIFT5_V1|PRICE_CROSS_UP_MA|PRICE_CROSS_DOWN_MA|6H|UP,6H,UP,DMA,0.3468469880975313,1.0,False
DMA|DMA_WMA_P14_SHIFT8_V1|MA_SLOPE_TURN_UP|MA_SLOPE_TURN_DOWN|6H|UP,6H,UP,DMA,0.37865010361974266,1.0,False
DMA|DMA_WMA_P14_SHIFT8_V1|PRICE_CROSS_UP_MA|PRICE_CROSS_DOWN_MA|6H|UP,6H,UP,DMA,0.3468469880975313,1.0,False
DMA|DMA_WMA_P20_SHIFT5_V1|MA_SLOPE_TURN_UP|MA_SLOPE_TURN_DOWN|6H|UP,6H,UP,DMA,0.3560321373010065,1.0,False
DMA|DMA_WMA_P20_SHIFT5_V1|PRICE_CROSS_UP_MA|PRICE_CROSS_DOWN_MA|6H|UP,6H,UP,DMA,0.36434634974533103,1.0,False
DMA|DMA_WMA_P25_SHIFT5_V1|MA_SLOPE_TURN_UP|MA_SLOPE_TURN_DOWN|6H|UP,6H,UP,DMA,0.34370702701872174,1.0,False
DMA|DMA_WMA_P25_SHIFT5_V1|PRICE_CROSS_UP_MA|PRICE_CROSS_DOWN_MA|6H|UP,6H,UP,DMA,0.3540237691001698,1.0,False
DMA|DMA_WMA_P25_SHIFT8_V1|MA_SLOPE_TURN_UP|MA_SLOPE_TURN_DOWN|6H|UP,6H,UP,DMA,0.34370702701872174,1.0,False
DMA|DMA_WMA_P25_SHIFT8_V1|PRICE_CROSS_UP_MA|PRICE_CROSS_DOWN_MA|6H|UP,6H,UP,DMA,0.3540237691001698,1.0,False
DMA|DMA_WMA_P3_SHIFT0_V1|MA_SLOPE_TURN_UP|MA_SLOPE_TURN_DOWN|6H|UP,6H,UP,DMA,0.20979019245783398,1.0,False
DMA|DMA_WMA_P3_SHIFT0_V1|PRICE_CROSS_UP_MA|PRICE_CROSS_DOWN_MA|6H|UP,6H,UP,DMA,0.0900501137763498,1.0,False
DMA|DMA_WMA_P3_SHIFT2_V1|MA_SLOPE_TURN_UP|MA_SLOPE_TURN_DOWN|6H|UP,6H,UP,DMA,0.20979019245783398,1.0,False
DMA|DMA_WMA_P3_SHIFT2_V1|PRICE_CROSS_UP_MA|PRICE_CROSS_DOWN_MA|6H|UP,6H,UP,DMA,0.0900501137763498,1.0,False
DMA|DMA_WMA_P3_SHIFT3_V1|MA_SLOPE_TURN_UP|MA_SLOPE_TURN_DOWN|6H|UP,6H,UP,DMA,0.20979019245783398,1.0,False
DMA|DMA_WMA_P3_SHIFT3_V1|PRICE_CROSS_UP_MA|PRICE_CROSS_DOWN_MA|6H|UP,6H,UP,DMA,0.0900501137763498,1.0,False
DMA|DMA_WMA_P3_SHIFT5_V1|MA_SLOPE_TURN_UP|MA_SLOPE_TURN_DOWN|6H|UP,6H,UP,DMA,0.20979019245783398,1.0,False
DMA|DMA_WMA_P3_SHIFT5_V1|PRICE_CROSS_UP_MA|PRICE_CROSS_DOWN_MA|6H|UP,6H,UP,DMA,0.0900501137763498,1.0,False
DMA|DMA_WMA_P5_SHIFT3_V1|MA_SLOPE_TURN_UP|MA_SLOPE_TURN_DOWN|6H|UP,6H,UP,DMA,0.29172621731109255,1.0,False
DMA|DMA_WMA_P5_SHIFT3_V1|PRICE_CROSS_UP_MA|PRICE_CROSS_DOWN_MA|6H|UP,6H,UP,DMA,0.19762891931476206,1.0,False
DMA|DMA_WMA_P5_SHIFT5_V1|MA_SLOPE_TURN_UP|MA_SLOPE_TURN_DOWN|6H|UP,6H,UP,DMA,0.29172621731109255,1.0,False
DMA|DMA_WMA_P5_SHIFT5_V1|PRICE_CROSS_UP_MA|PRICE_CROSS_DOWN_MA|6H|UP,6H,UP,DMA,0.19762891931476206,1.0,False
DMA|DMA_WMA_P7_SHIFT3_V1|MA_SLOPE_TURN_UP|MA_SLOPE_TURN_DOWN|6H|UP,6H,UP,DMA,0.326296496372897,1.0,False
DMA|DMA_WMA_P7_SHIFT3_V1|PRICE_CROSS_UP_MA|PRICE_CROSS_DOWN_MA|6H|UP,6H,UP,DMA,0.26589656061960437,1.0,False
DMA|DMA_WMA_P7_SHIFT5_V1|MA_SLOPE_TURN_UP|MA_SLOPE_TURN_DOWN|6H|UP,6H,UP,DMA,0.326296496372897,1.0,False
DMA|DMA_WMA_P7_SHIFT5_V1|PRICE_CROSS_UP_MA|PRICE_CROSS_DOWN_MA|6H|UP,6H,UP,DMA,0.26589656061960437,1.0,False
DNO_QUANTILE|CAUSAL_DNO_QUANTILE_80_20_CONTROL_V1|CROSSED_OB_BAND_UP|6H|UP,6H,UP,DNO_QUANTILE,0.29022095219876126,1.0,False
DNO_QUANTILE|CAUSAL_DNO_QUANTILE_80_20_CONTROL_V1|FORECAST_OB_CROSS|6H|UP,6H,UP,DNO_QUANTILE,0.11180154687794752,1.0,False
INVERSE|INVERSE_DMA_25X5|DMA_SMA_P25_SHIFT5_V1|6H|UP,6H,UP,INVERSE_PREDICTOR,0.32600614795479527,1.0,False
INVERSE|INVERSE_DMA_3X3|DMA_SMA_P3_SHIFT3_V1|6H|UP,6H,UP,INVERSE_PREDICTOR,0.06983141398303044,1.0,False
INVERSE|INVERSE_DMA_7X5|DMA_SMA_P7_SHIFT5_V1|6H|UP,6H,UP,INVERSE_PREDICTOR,0.25700249250442503,1.0,False
INVERSE|INVERSE_DNO_N7_OB_OS|DNO_PERIOD_7_REFERENCE|6H|UP,6H,UP,INVERSE_PREDICTOR,0.30434291803634,1.0,False
INVERSE|INVERSE_MACD_12_26_9_SIGNAL_CROSS|MACD_12_26_9_SHIFT0_V1|6H|UP,6H,UP,INVERSE_PREDICTOR,0.33808626910016976,1.0,False
INVERSE|INVERSE_STOCH_14_3_3_POINT_BAR|STOCH_K14_KS3_D3_SHIFT0_V1|6H|UP,6H,UP,INVERSE_PREDICTOR,0.29353596422212097,1.0,False
MACD|DINAPOLI_MACD_REFERENCE_V1|HIST_CROSS_UP_ZERO|HIST_CROSS_DOWN_ZERO|6H|UP,6H,UP,MACD,0.3844310089191743,1.0,False
MACD|DINAPOLI_MACD_REFERENCE_V1|MACD_CROSS_UP_SIGNAL|MACD_CROSS_DOWN_SIGNAL|6H|UP,6H,UP,MACD,0.3844310089191743,1.0,False
MACD|DISPLACED_MACD_12_26_9_SHIFT2_V1|HIST_CROSS_UP_ZERO|HIST_CROSS_DOWN_ZERO|6H|UP,6H,UP,MACD,0.3975531808648756,1.0,False
MACD|DISPLACED_MACD_12_26_9_SHIFT2_V1|MACD_CROSS_UP_SIGNAL|MACD_CROSS_DOWN_SIGNAL|6H|UP,6H,UP,MACD,0.3975531808648756,1.0,False
MACD|DISPLACED_MACD_12_26_9_SHIFT3_V1|HIST_CROSS_UP_ZERO|HIST_CROSS_DOWN_ZERO|6H|UP,6H,UP,MACD,0.3975531808648756,1.0,False
MACD|DISPLACED_MACD_12_26_9_SHIFT3_V1|MACD_CROSS_UP_SIGNAL|MACD_CROSS_DOWN_SIGNAL|6H|UP,6H,UP,MACD,0.3975531808648756,1.0,False
MACD|DISPLACED_MACD_12_26_9_SHIFT5_V1|HIST_CROSS_UP_ZERO|HIST_CROSS_DOWN_ZERO|6H|UP,6H,UP,MACD,0.3975531808648756,1.0,False
MACD|DISPLACED_MACD_12_26_9_SHIFT5_V1|MACD_CROSS_UP_SIGNAL|MACD_CROSS_DOWN_SIGNAL|6H|UP,6H,UP,MACD,0.3975531808648756,1.0,False
MACD|DISPLACED_MACD_5_13_4_SHIFT2_V1|HIST_CROSS_UP_ZERO|HIST_CROSS_DOWN_ZERO|6H|UP,6H,UP,MACD,0.3788110031427229,1.0,False
MACD|DISPLACED_MACD_5_13_4_SHIFT2_V1|MACD_CROSS_UP_SIGNAL|MACD_CROSS_DOWN_SIGNAL|6H|UP,6H,UP,MACD,0.3788110031427229,1.0,False
MACD|DISPLACED_MACD_5_13_4_SHIFT3_V1|HIST_CROSS_UP_ZERO|HIST_CROSS_DOWN_ZERO|6H|UP,6H,UP,MACD,0.3788110031427229,1.0,False
MACD|DISPLACED_MACD_5_13_4_SHIFT3_V1|MACD_CROSS_UP_SIGNAL|MACD_CROSS_DOWN_SIGNAL|6H|UP,6H,UP,MACD,0.3788110031427229,1.0,False
MACD|DISPLACED_MACD_5_13_4_SHIFT5_V1|HIST_CROSS_UP_ZERO|HIST_CROSS_DOWN_ZERO|6H|UP,6H,UP,MACD,0.3788110031427229,1.0,False
MACD|DISPLACED_MACD_5_13_4_SHIFT5_V1|MACD_CROSS_UP_SIGNAL|MACD_CROSS_DOWN_SIGNAL|6H|UP,6H,UP,MACD,0.3788110031427229,1.0,False
MACD|DISPLACED_MACD_8_21_5_SHIFT2_V1|HIST_CROSS_UP_ZERO|HIST_CROSS_DOWN_ZERO|6H|UP,6H,UP,MACD,0.37110406107097266,1.0,False
MACD|DISPLACED_MACD_8_21_5_SHIFT2_V1|MACD_CROSS_UP_SIGNAL|MACD_CROSS_DOWN_SIGNAL|6H|UP,6H,UP,MACD,0.37110406107097266,1.0,False
MACD|DISPLACED_MACD_8_21_5_SHIFT3_V1|HIST_CROSS_UP_ZERO|HIST_CROSS_DOWN_ZERO|6H|UP,6H,UP,MACD,0.37110406107097266,1.0,False
MACD|DISPLACED_MACD_8_21_5_SHIFT3_V1|MACD_CROSS_UP_SIGNAL|MACD_CROSS_DOWN_SIGNAL|6H|UP,6H,UP,MACD,0.37110406107097266,1.0,False
MACD|DISPLACED_MACD_8_21_5_SHIFT5_V1|HIST_CROSS_UP_ZERO|HIST_CROSS_DOWN_ZERO|6H|UP,6H,UP,MACD,0.37110406107097266,1.0,False
MACD|DISPLACED_MACD_8_21_5_SHIFT5_V1|MACD_CROSS_UP_SIGNAL|MACD_CROSS_DOWN_SIGNAL|6H|UP,6H,UP,MACD,0.37110406107097266,1.0,False
MACD|MACD_12_26_9_SHIFT0_V1|HIST_CROSS_UP_ZERO|HIST_CROSS_DOWN_ZERO|6H|UP,6H,UP,MACD,0.3975531808648756,1.0,False
MACD|MACD_12_26_9_SHIFT0_V1|MACD_CROSS_UP_SIGNAL|MACD_CROSS_DOWN_SIGNAL|6H|UP,6H,UP,MACD,0.3975531808648756,1.0,False
MACD|MACD_5_13_4_SHIFT0_V1|HIST_CROSS_UP_ZERO|HIST_CROSS_DOWN_ZERO|6H|UP,6H,UP,MACD,0.3788110031427229,1.0,False
MACD|MACD_5_13_4_SHIFT0_V1|MACD_CROSS_UP_SIGNAL|MACD_CROSS_DOWN_SIGNAL|6H|UP,6H,UP,MACD,0.3788110031427229,1.0,False
MACD|MACD_8_21_5_SHIFT0_V1|HIST_CROSS_UP_ZERO|HIST_CROSS_DOWN_ZERO|6H|UP,6H,UP,MACD,0.37110406107097266,1.0,False
MACD|MACD_8_21_5_SHIFT0_V1|MACD_CROSS_UP_SIGNAL|MACD_CROSS_DOWN_SIGNAL|6H|UP,6H,UP,MACD,0.37110406107097266,1.0,False
OSC_PREDICTOR|OSC_PRED_SWEEP_LOOKBACK_200|CROSSED_OB_BAND_UP|6H|UP,6H,UP,OSC_PREDICTOR,0.29379563221804045,1.0,False
OSC_PREDICTOR|OSC_PRED_SWEEP_LOOKBACK_200|FORECAST_OB_CROSS|6H|UP,6H,UP,OSC_PREDICTOR,0.12271111993549194,1.0,False
OSC_PREDICTOR|OSC_PRED_SWEEP_LOOKBACK_50|CROSSED_OB_BAND_UP|6H|UP,6H,UP,OSC_PREDICTOR,0.31423540931181,1.0,False
OSC_PREDICTOR|OSC_PRED_SWEEP_LOOKBACK_50|FORECAST_OB_CROSS|6H|UP,6H,UP,OSC_PREDICTOR,0.13735710243350308,1.0,False
OSC_PREDICTOR|OSC_PRED_SWEEP_OB_OS_LEVEL_PERCENT_0.7|CROSSED_OB_BAND_UP|6H|UP,6H,UP,OSC_PREDICTOR,0.265795920998904,1.0,False
OSC_PREDICTOR|OSC_PRED_SWEEP_OB_OS_LEVEL_PERCENT_0.7|FORECAST_OB_CROSS|6H|UP,6H,UP,OSC_PREDICTOR,0.15411744591515802,1.0,False
OSC_PREDICTOR|OSC_PRED_SWEEP_OB_OS_LEVEL_PERCENT_0.9|CROSSED_OB_BAND_UP|6H|UP,6H,UP,OSC_PREDICTOR,0.31302791847776307,1.0,False
OSC_PREDICTOR|OSC_PRED_SWEEP_OB_OS_LEVEL_PERCENT_0.9|FORECAST_OB_CROSS|6H|UP,6H,UP,OSC_PREDICTOR,0.12132454030839596,1.0,False
OSC_PREDICTOR|OSC_PRED_SWEEP_PEAK_STRENGTH_1|CROSSED_OB_BAND_UP|6H|UP,6H,UP,OSC_PREDICTOR,0.2669441230824707,1.0,False
OSC_PREDICTOR|OSC_PRED_SWEEP_PEAK_STRENGTH_1|FORECAST_OB_CROSS|6H|UP,6H,UP,OSC_PREDICTOR,0.1396200993753991,1.0,False
OSC_PREDICTOR|OSC_PRED_SWEEP_PEAK_STRENGTH_3|CROSSED_OB_BAND_UP|6H|UP,6H,UP,OSC_PREDICTOR,0.3193229143993151,1.0,False
OSC_PREDICTOR|OSC_PRED_SWEEP_PEAK_STRENGTH_3|FORECAST_OB_CROSS|6H|UP,6H,UP,OSC_PREDICTOR,0.14123688385426814,1.0,False
OSC_PREDICTOR|OSC_PRED_SWEEP_PERIOD_10|CROSSED_OB_BAND_UP|6H|UP,6H,UP,OSC_PREDICTOR,0.3049761500525507,1.0,False
OSC_PREDICTOR|OSC_PRED_SWEEP_PERIOD_10|FORECAST_OB_CROSS|6H|UP,6H,UP,OSC_PREDICTOR,0.18428769871893808,1.0,False
OSC_PREDICTOR|OSC_PRED_SWEEP_PERIOD_14|CROSSED_OB_BAND_UP|6H|UP,6H,UP,OSC_PREDICTOR,0.3499496950260957,1.0,False
OSC_PREDICTOR|OSC_PRED_SWEEP_PERIOD_14|FORECAST_OB_CROSS|6H|UP,6H,UP,OSC_PREDICTOR,0.2701776152540159,1.0,False
OSC_PREDICTOR|OSC_PRED_SWEEP_PERIOD_5|CROSSED_OB_BAND_UP|6H|UP,6H,UP,OSC_PREDICTOR,0.34818107247095625,1.0,False
OSC_PREDICTOR|OSC_PRED_SWEEP_PERIOD_5|FORECAST_OB_CROSS|6H|UP,6H,UP,OSC_PREDICTOR,0.11732273817233468,1.0,False
OSC_PREDICTOR|OSC_PRED_SWEEP_SAMPLES_3|CROSSED_OB_BAND_UP|6H|UP,6H,UP,OSC_PREDICTOR,0.31195480358292843,1.0,False
OSC_PREDICTOR|OSC_PRED_SWEEP_SAMPLES_3|FORECAST_OB_CROSS|6H|UP,6H,UP,OSC_PREDICTOR,0.1714856980341799,1.0,False
OSC_PREDICTOR|OSC_PRED_SWEEP_SAMPLES_8|CROSSED_OB_BAND_UP|6H|UP,6H,UP,OSC_PREDICTOR,0.29112414084738164,1.0,False
OSC_PREDICTOR|OSC_PRED_SWEEP_SAMPLES_8|FORECAST_OB_CROSS|6H|UP,6H,UP,OSC_PREDICTOR,0.1446120043942874,1.0,False
OSC_PREDICTOR|PROJECT_DINAPOLI_STYLE_OSCILLATOR_PREDICTOR_REFERENCE|CROSSED_OB_BAND_UP|6H|UP,6H,UP,OSC_PREDICTOR,0.29379563221804045,1.0,False
OSC_PREDICTOR|PROJECT_DINAPOLI_STYLE_OSCILLATOR_PREDICTOR_REFERENCE|FORECAST_OB_CROSS|6H|UP,6H,UP,OSC_PREDICTOR,0.12271111993549194,1.0,False
PURE_DNO|DNO_PERIOD_7_REFERENCE|DNO_ZERO_CROSS_UP|6H|UP,6H,UP,PURE_DNO,0.3031904357668364,1.0,False
STOCH|DINAPOLI_PREFERRED_STOCHASTIC_REFERENCE_V1|K_CROSS_UP_D|K_CROSS_DOWN_D|6H|UP,6H,UP,STOCHASTIC,0.3740237691001697,1.0,False
STOCH|DISPLACED_STOCH_K14_KS3_D3_SHIFT2_V1|K_CROSS_UP_D|K_CROSS_DOWN_D|6H|UP,6H,UP,STOCHASTIC,0.29341335617377834,1.0,False
STOCH|DISPLACED_STOCH_K14_KS3_D3_SHIFT3_V1|K_CROSS_UP_D|K_CROSS_DOWN_D|6H|UP,6H,UP,STOCHASTIC,0.29341335617377834,1.0,False
STOCH|DISPLACED_STOCH_K14_KS3_D3_SHIFT5_V1|K_CROSS_UP_D|K_CROSS_DOWN_D|6H|UP,6H,UP,STOCHASTIC,0.29341335617377834,1.0,False
STOCH|DISPLACED_STOCH_K21_KS5_D5_SHIFT2_V1|K_CROSS_UP_D|K_CROSS_DOWN_D|6H|UP,6H,UP,STOCHASTIC,0.3467510418274425,1.0,False
STOCH|DISPLACED_STOCH_K21_KS5_D5_SHIFT3_V1|K_CROSS_UP_D|K_CROSS_DOWN_D|6H|UP,6H,UP,STOCHASTIC,0.3467510418274425,1.0,False
STOCH|DISPLACED_STOCH_K21_KS5_D5_SHIFT5_V1|K_CROSS_UP_D|K_CROSS_DOWN_D|6H|UP,6H,UP,STOCHASTIC,0.3467510418274425,1.0,False
STOCH|DISPLACED_STOCH_K5_KS3_D3_SHIFT2_V1|K_CROSS_UP_D|K_CROSS_DOWN_D|6H|UP,6H,UP,STOCHASTIC,0.28542273283073966,1.0,False
STOCH|DISPLACED_STOCH_K5_KS3_D3_SHIFT3_V1|K_CROSS_UP_D|K_CROSS_DOWN_D|6H|UP,6H,UP,STOCHASTIC,0.28542273283073966,1.0,False
STOCH|DISPLACED_STOCH_K5_KS3_D3_SHIFT5_V1|K_CROSS_UP_D|K_CROSS_DOWN_D|6H|UP,6H,UP,STOCHASTIC,0.28542273283073966,1.0,False
STOCH|DISPLACED_STOCH_K9_KS3_D3_SHIFT2_V1|K_CROSS_UP_D|K_CROSS_DOWN_D|6H|UP,6H,UP,STOCHASTIC,0.2857258967597442,1.0,False
STOCH|DISPLACED_STOCH_K9_KS3_D3_SHIFT3_V1|K_CROSS_UP_D|K_CROSS_DOWN_D|6H|UP,6H,UP,STOCHASTIC,0.2857258967597442,1.0,False
STOCH|DISPLACED_STOCH_K9_KS3_D3_SHIFT5_V1|K_CROSS_UP_D|K_CROSS_DOWN_D|6H|UP,6H,UP,STOCHASTIC,0.2857258967597442,1.0,False
STOCH|STOCH_K14_KS3_D3_SHIFT0_V1|K_CROSS_UP_D|K_CROSS_DOWN_D|6H|UP,6H,UP,STOCHASTIC,0.29341335617377834,1.0,False
STOCH|STOCH_K21_KS5_D5_SHIFT0_V1|K_CROSS_UP_D|K_CROSS_DOWN_D|6H|UP,6H,UP,STOCHASTIC,0.3467510418274425,1.0,False
STOCH|STOCH_K5_KS3_D3_SHIFT0_V1|K_CROSS_UP_D|K_CROSS_DOWN_D|6H|UP,6H,UP,STOCHASTIC,0.28542273283073966,1.0,False
STOCH|STOCH_K9_KS3_D3_SHIFT0_V1|K_CROSS_UP_D|K_CROSS_DOWN_D|6H|UP,6H,UP,STOCHASTIC,0.2857258967597442,1.0,False
DMA|DMA_EMA_P10_SHIFT5_V1|MA_SLOPE_TURN_UP|MA_SLOPE_TURN_DOWN|8H|DOWN,8H,DOWN,DMA,0.28052654182434017,1.0,False
DMA|DMA_EMA_P10_SHIFT5_V1|PRICE_CROSS_UP_MA|PRICE_CROSS_DOWN_MA|8H|DOWN,8H,DOWN,DMA,0.28052654182434017,1.0,False
DMA|DMA_EMA_P14_SHIFT5_V1|MA_SLOPE_TURN_UP|MA_SLOPE_TURN_DOWN|8H|DOWN,8H,DOWN,DMA,0.3156538617617867,1.0,False
DMA|DMA_EMA_P14_SHIFT5_V1|PRICE_CROSS_UP_MA|PRICE_CROSS_DOWN_MA|8H|DOWN,8H,DOWN,DMA,0.3156538617617867,1.0,False
DMA|DMA_EMA_P14_SHIFT8_V1|MA_SLOPE_TURN_UP|MA_SLOPE_TURN_DOWN|8H|DOWN,8H,DOWN,DMA,0.3156538617617867,1.0,False
DMA|DMA_EMA_P14_SHIFT8_V1|PRICE_CROSS_UP_MA|PRICE_CROSS_DOWN_MA|8H|DOWN,8H,DOWN,DMA,0.3156538617617867,1.0,False
DMA|DMA_EMA_P20_SHIFT5_V1|MA_SLOPE_TURN_UP|MA_SLOPE_TURN_DOWN|8H|DOWN,8H,DOWN,DMA,0.3215439001005817,1.0,False
DMA|DMA_EMA_P20_SHIFT5_V1|PRICE_CROSS_UP_MA|PRICE_CROSS_DOWN_MA|8H|DOWN,8H,DOWN,DMA,0.3215439001005817,1.0,False
DMA|DMA_EMA_P25_SHIFT5_V1|MA_SLOPE_TURN_UP|MA_SLOPE_TURN_DOWN|8H|DOWN,8H,DOWN,DMA,0.3358027263140078,1.0,False
DMA|DMA_EMA_P25_SHIFT5_V1|PRICE_CROSS_UP_MA|PRICE_CROSS_DOWN_MA|8H|DOWN,8H,DOWN,DMA,0.3358027263140078,1.0,False
DMA|DMA_EMA_P25_SHIFT8_V1|MA_SLOPE_TURN_UP|MA_SLOPE_TURN_DOWN|8H|DOWN,8H,DOWN,DMA,0.3358027263140078,1.0,False
DMA|DMA_EMA_P25_SHIFT8_V1|PRICE_CROSS_UP_MA|PRICE_CROSS_DOWN_MA|8H|DOWN,8H,DOWN,DMA,0.3358027263140078,1.0,False
DMA|DMA_EMA_P3_SHIFT0_V1|MA_SLOPE_TURN_UP|MA_SLOPE_TURN_DOWN|8H|DOWN,8H,DOWN,DMA,0.16347692477472314,1.0,False
DMA|DMA_EMA_P3_SHIFT0_V1|PRICE_CROSS_UP_MA|PRICE_CROSS_DOWN_MA|8H|DOWN,8H,DOWN,DMA,0.16347692477472314,1.0,False
DMA|DMA_EMA_P3_SHIFT2_V1|MA_SLOPE_TURN_UP|MA_SLOPE_TURN_DOWN|8H|DOWN,8H,DOWN,DMA,0.16347692477472314,1.0,False
DMA|DMA_EMA_P3_SHIFT2_V1|PRICE_CROSS_UP_MA|PRICE_CROSS_DOWN_MA|8H|DOWN,8H,DOWN,DMA,0.16347692477472314,1.0,False
DMA|DMA_EMA_P3_SHIFT3_V1|MA_SLOPE_TURN_UP|MA_SLOPE_TURN_DOWN|8H|DOWN,8H,DOWN,DMA,0.16347692477472314,1.0,False
DMA|DMA_EMA_P3_SHIFT3_V1|PRICE_CROSS_UP_MA|PRICE_CROSS_DOWN_MA|8H|DOWN,8H,DOWN,DMA,0.16347692477472314,1.0,False
DMA|DMA_EMA_P3_SHIFT5_V1|MA_SLOPE_TURN_UP|MA_SLOPE_TURN_DOWN|8H|DOWN,8H,DOWN,DMA,0.16347692477472314,1.0,False
DMA|DMA_EMA_P3_SHIFT5_V1|PRICE_CROSS_UP_MA|PRICE_CROSS_DOWN_MA|8H|DOWN,8H,DOWN,DMA,0.16347692477472314,1.0,False
DMA|DMA_EMA_P5_SHIFT3_V1|MA_SLOPE_TURN_UP|MA_SLOPE_TURN_DOWN|8H|DOWN,8H,DOWN,DMA,0.23341575787145102,1.0,False
DMA|DMA_EMA_P5_SHIFT3_V1|PRICE_CROSS_UP_MA|PRICE_CROSS_DOWN_MA|8H|DOWN,8H,DOWN,DMA,0.23341575787145102,1.0,False
DMA|DMA_EMA_P5_SHIFT5_V1|MA_SLOPE_TURN_UP|MA_SLOPE_TURN_DOWN|8H|DOWN,8H,DOWN,DMA,0.23341575787145102,1.0,False
DMA|DMA_EMA_P5_SHIFT5_V1|PRICE_CROSS_UP_MA|PRICE_CROSS_DOWN_MA|8H|DOWN,8H,DOWN,DMA,0.23341575787145102,1.0,False
DMA|DMA_EMA_P7_SHIFT3_V1|MA_SLOPE_TURN_UP|MA_SLOPE_TURN_DOWN|8H|DOWN,8H,DOWN,DMA,0.2676155721969527,1.0,False
DMA|DMA_EMA_P7_SHIFT3_V1|PRICE_CROSS_UP_MA|PRICE_CROSS_DOWN_MA|8H|DOWN,8H,DOWN,DMA,0.2676155721969527,1.0,False
DMA|DMA_EMA_P7_SHIFT5_V1|MA_SLOPE_TURN_UP|MA_SLOPE_TURN_DOWN|8H|DOWN,8H,DOWN,DMA,0.2676155721969527,1.0,False
DMA|DMA_EMA_P7_SHIFT5_V1|PRICE_CROSS_UP_MA|PRICE_CROSS_DOWN_MA|8H|DOWN,8H,DOWN,DMA,0.2676155721969527,1.0,False
DMA|DMA_SMA_P10_SHIFT5_V1|MA_SLOPE_TURN_UP|MA_SLOPE_TURN_DOWN|8H|DOWN,8H,DOWN,DMA,0.21075256580036422,1.0,False
DMA|DMA_SMA_P10_SHIFT5_V1|PRICE_CROSS_UP_MA|PRICE_CROSS_DOWN_MA|8H|DOWN,8H,DOWN,DMA,0.33214350723440905,1.0,False
DMA|DMA_SMA_P14_SHIFT5_V1|MA_SLOPE_TURN_UP|MA_SLOPE_TURN_DOWN|8H|DOWN,8H,DOWN,DMA,0.16164542294322132,1.0,False
DMA|DMA_SMA_P14_SHIFT5_V1|PRICE_CROSS_UP_MA|PRICE_CROSS_DOWN_MA|8H|DOWN,8H,DOWN,DMA,0.29254671049686937,1.0,False
DMA|DMA_SMA_P14_SHIFT8_V1|MA_SLOPE_TURN_UP|MA_SLOPE_TURN_DOWN|8H|DOWN,8H,DOWN,DMA,0.16164542294322132,1.0,False
DMA|DMA_SMA_P14_SHIFT8_V1|PRICE_CROSS_UP_MA|PRICE_CROSS_DOWN_MA|8H|DOWN,8H,DOWN,DMA,0.29254671049686937,1.0,False
DMA|DMA_SMA_P20_SHIFT5_V1|MA_SLOPE_TURN_UP|MA_SLOPE_TURN_DOWN|8H|DOWN,8H,DOWN,DMA,0.1879612124169055,1.0,False
DMA|DMA_SMA_P20_SHIFT5_V1|PRICE_CROSS_UP_MA|PRICE_CROSS_DOWN_MA|8H|DOWN,8H,DOWN,DMA,0.3319156932134916,1.0,False
DMA|DMA_SMA_P25_SHIFT5_V1|MA_SLOPE_TURN_UP|MA_SLOPE_TURN_DOWN|8H|DOWN,8H,DOWN,DMA,0.24059279136427397,1.0,False
DMA|DMA_SMA_P25_SHIFT5_V1|PRICE_CROSS_UP_MA|PRICE_CROSS_DOWN_MA|8H|DOWN,8H,DOWN,DMA,0.30139697573825236,1.0,False
DMA|DMA_SMA_P25_SHIFT8_V1|MA_SLOPE_TURN_UP|MA_SLOPE_TURN_DOWN|8H|DOWN,8H,DOWN,DMA,0.24059279136427397,1.0,False
DMA|DMA_SMA_P25_SHIFT8_V1|PRICE_CROSS_UP_MA|PRICE_CROSS_DOWN_MA|8H|DOWN,8H,DOWN,DMA,0.30139697573825236,1.0,False
DMA|DMA_SMA_P3_SHIFT0_V1|MA_SLOPE_TURN_UP|MA_SLOPE_TURN_DOWN|8H|DOWN,8H,DOWN,DMA,0.2363342196237192,1.0,False
DMA|DMA_SMA_P3_SHIFT0_V1|PRICE_CROSS_UP_MA|PRICE_CROSS_DOWN_MA|8H|DOWN,8H,DOWN,DMA,0.12330937074093745,1.0,False
DMA|DMA_SMA_P3_SHIFT2_V1|MA_SLOPE_TURN_UP|MA_SLOPE_TURN_DOWN|8H|DOWN,8H,DOWN,DMA,0.2363342196237192,1.0,False
DMA|DMA_SMA_P3_SHIFT2_V1|PRICE_CROSS_UP_MA|PRICE_CROSS_DOWN_MA|8H|DOWN,8H,DOWN,DMA,0.12330937074093745,1.0,False
DMA|DMA_SMA_P3_SHIFT3_V1|MA_SLOPE_TURN_UP|MA_SLOPE_TURN_DOWN|8H|DOWN,8H,DOWN,DMA,0.2363342196237192,1.0,False
DMA|DMA_SMA_P3_SHIFT3_V1|PRICE_CROSS_UP_MA|PRICE_CROSS_DOWN_MA|8H|DOWN,8H,DOWN,DMA,0.12330937074093745,1.0,False
DMA|DMA_SMA_P3_SHIFT5_V1|MA_SLOPE_TURN_UP|MA_SLOPE_TURN_DOWN|8H|DOWN,8H,DOWN,DMA,0.2363342196237192,1.0,False
DMA|DMA_SMA_P3_SHIFT5_V1|PRICE_CROSS_UP_MA|PRICE_CROSS_DOWN_MA|8H|DOWN,8H,DOWN,DMA,0.12330937074093745,1.0,False
DMA|DMA_SMA_P5_SHIFT3_V1|MA_SLOPE_TURN_UP|MA_SLOPE_TURN_DOWN|8H|DOWN,8H,DOWN,DMA,0.24356632689802354,1.0,False
DMA|DMA_SMA_P5_SHIFT3_V1|PRICE_CROSS_UP_MA|PRICE_CROSS_DOWN_MA|8H|DOWN,8H,DOWN,DMA,0.2549787562765547,1.0,False
DMA|DMA_SMA_P5_SHIFT5_V1|MA_SLOPE_TURN_UP|MA_SLOPE_TURN_DOWN|8H|DOWN,8H,DOWN,DMA,0.24356632689802354,1.0,False
DMA|DMA_SMA_P5_SHIFT5_V1|PRICE_CROSS_UP_MA|PRICE_CROSS_DOWN_MA|8H|DOWN,8H,DOWN,DMA,0.2549787562765547,1.0,False
DMA|DMA_SMA_P7_SHIFT3_V1|MA_SLOPE_TURN_UP|MA_SLOPE_TURN_DOWN|8H|DOWN,8H,DOWN,DMA,0.19806926400282393,1.0,False
DMA|DMA_SMA_P7_SHIFT3_V1|PRICE_CROSS_UP_MA|PRICE_CROSS_DOWN_MA|8H|DOWN,8H,DOWN,DMA,0.308529695940254,1.0,False
DMA|DMA_SMA_P7_SHIFT5_V1|MA_SLOPE_TURN_UP|MA_SLOPE_TURN_DOWN|8H|DOWN,8H,DOWN,DMA,0.19806926400282393,1.0,False
DMA|DMA_SMA_P7_SHIFT5_V1|PRICE_CROSS_UP_MA|PRICE_CROSS_DOWN_MA|8H|DOWN,8H,DOWN,DMA,0.308529695940254,1.0,False
DMA|DMA_WMA_P10_SHIFT5_V1|MA_SLOPE_TURN_UP|MA_SLOPE_TURN_DOWN|8H|DOWN,8H,DOWN,DMA,0.3352855903072381,1.0,False
DMA|DMA_WMA_P10_SHIFT5_V1|PRICE_CROSS_UP_MA|PRICE_CROSS_DOWN_MA|8H|DOWN,8H,DOWN,DMA,0.2881514470396069,1.0,False
DMA|DMA_WMA_P14_SHIFT5_V1|MA_SLOPE_TURN_UP|MA_SLOPE_TURN_DOWN|8H|DOWN,8H,DOWN,DMA,0.3070999683977668,1.0,False
DMA|DMA_WMA_P14_SHIFT5_V1|PRICE_CROSS_UP_MA|PRICE_CROSS_DOWN_MA|8H|DOWN,8H,DOWN,DMA,0.33472234602014445,1.0,False
DMA|DMA_WMA_P14_SHIFT8_V1|MA_SLOPE_TURN_UP|MA_SLOPE_TURN_DOWN|8H|DOWN,8H,DOWN,DMA,0.3070999683977668,1.0,False
DMA|DMA_WMA_P14_SHIFT8_V1|PRICE_CROSS_UP_MA|PRICE_CROSS_DOWN_MA|8H|DOWN,8H,DOWN,DMA,0.33472234602014445,1.0,False
DMA|DMA_WMA_P20_SHIFT5_V1|MA_SLOPE_TURN_UP|MA_SLOPE_TURN_DOWN|8H|DOWN,8H,DOWN,DMA,0.3000635020392665,1.0,False
DMA|DMA_WMA_P20_SHIFT5_V1|PRICE_CROSS_UP_MA|PRICE_CROSS_DOWN_MA|8H|DOWN,8H,DOWN,DMA,0.3198732710444871,1.0,False
DMA|DMA_WMA_P25_SHIFT5_V1|MA_SLOPE_TURN_UP|MA_SLOPE_TURN_DOWN|8H|DOWN,8H,DOWN,DMA,0.3195401597853266,1.0,False
DMA|DMA_WMA_P25_SHIFT5_V1|PRICE_CROSS_UP_MA|PRICE_CROSS_DOWN_MA|8H|DOWN,8H,DOWN,DMA,0.32341012882557424,1.0,False
DMA|DMA_WMA_P25_SHIFT8_V1|MA_SLOPE_TURN_UP|MA_SLOPE_TURN_DOWN|8H|DOWN,8H,DOWN,DMA,0.3195401597853266,1.0,False
DMA|DMA_WMA_P25_SHIFT8_V1|PRICE_CROSS_UP_MA|PRICE_CROSS_DOWN_MA|8H|DOWN,8H,DOWN,DMA,0.32341012882557424,1.0,False
DMA|DMA_WMA_P3_SHIFT0_V1|MA_SLOPE_TURN_UP|MA_SLOPE_TURN_DOWN|8H|DOWN,8H,DOWN,DMA,0.20639250465528353,1.0,False
DMA|DMA_WMA_P3_SHIFT0_V1|PRICE_CROSS_UP_MA|PRICE_CROSS_DOWN_MA|8H|DOWN,8H,DOWN,DMA,0.0897891355180716,1.0,False
DMA|DMA_WMA_P3_SHIFT2_V1|MA_SLOPE_TURN_UP|MA_SLOPE_TURN_DOWN|8H|DOWN,8H,DOWN,DMA,0.20639250465528353,1.0,False
DMA|DMA_WMA_P3_SHIFT2_V1|PRICE_CROSS_UP_MA|PRICE_CROSS_DOWN_MA|8H|DOWN,8H,DOWN,DMA,0.0897891355180716,1.0,False
DMA|DMA_WMA_P3_SHIFT3_V1|MA_SLOPE_TURN_UP|MA_SLOPE_TURN_DOWN|8H|DOWN,8H,DOWN,DMA,0.20639250465528353,1.0,False
DMA|DMA_WMA_P3_SHIFT3_V1|PRICE_CROSS_UP_MA|PRICE_CROSS_DOWN_MA|8H|DOWN,8H,DOWN,DMA,0.0897891355180716,1.0,False
DMA|DMA_WMA_P3_SHIFT5_V1|MA_SLOPE_TURN_UP|MA_SLOPE_TURN_DOWN|8H|DOWN,8H,DOWN,DMA,0.20639250465528353,1.0,False
DMA|DMA_WMA_P3_SHIFT5_V1|PRICE_CROSS_UP_MA|PRICE_CROSS_DOWN_MA|8H|DOWN,8H,DOWN,DMA,0.0897891355180716,1.0,False
DMA|DMA_WMA_P5_SHIFT3_V1|MA_SLOPE_TURN_UP|MA_SLOPE_TURN_DOWN|8H|DOWN,8H,DOWN,DMA,0.29241465371245207,1.0,False
DMA|DMA_WMA_P5_SHIFT3_V1|PRICE_CROSS_UP_MA|PRICE_CROSS_DOWN_MA|8H|DOWN,8H,DOWN,DMA,0.1913959027896705,1.0,False
DMA|DMA_WMA_P5_SHIFT5_V1|MA_SLOPE_TURN_UP|MA_SLOPE_TURN_DOWN|8H|DOWN,8H,DOWN,DMA,0.29241465371245207,1.0,False
DMA|DMA_WMA_P5_SHIFT5_V1|PRICE_CROSS_UP_MA|PRICE_CROSS_DOWN_MA|8H|DOWN,8H,DOWN,DMA,0.1913959027896705,1.0,False
DMA|DMA_WMA_P7_SHIFT3_V1|MA_SLOPE_TURN_UP|MA_SLOPE_TURN_DOWN|8H|DOWN,8H,DOWN,DMA,0.30985389199859587,1.0,False
DMA|DMA_WMA_P7_SHIFT3_V1|PRICE_CROSS_UP_MA|PRICE_CROSS_DOWN_MA|8H|DOWN,8H,DOWN,DMA,0.25169281630815027,1.0,False
DMA|DMA_WMA_P7_SHIFT5_V1|MA_SLOPE_TURN_UP|MA_SLOPE_TURN_DOWN|8H|DOWN,8H,DOWN,DMA,0.30985389199859587,1.0,False
DMA|DMA_WMA_P7_SHIFT5_V1|PRICE_CROSS_UP_MA|PRICE_CROSS_DOWN_MA|8H|DOWN,8H,DOWN,DMA,0.25169281630815027,1.0,False
DNO_QUANTILE|CAUSAL_DNO_QUANTILE_80_20_CONTROL_V1|CROSSED_OS_BAND_DOWN|8H|DOWN,8H,DOWN,DNO_QUANTILE,0.3140059379646805,1.0,False
DNO_QUANTILE|CAUSAL_DNO_QUANTILE_80_20_CONTROL_V1|FORECAST_OS_CROSS|8H|DOWN,8H,DOWN,DNO_QUANTILE,0.17842394643315423,1.0,False
INVERSE|INVERSE_DMA_25X5|DMA_SMA_P25_SHIFT5_V1|8H|DOWN,8H,DOWN,INVERSE_PREDICTOR,0.28428693237718355,1.0,False
INVERSE|INVERSE_DMA_3X3|DMA_SMA_P3_SHIFT3_V1|8H|DOWN,8H,DOWN,INVERSE_PREDICTOR,0.08486639672599283,1.0,False
INVERSE|INVERSE_DMA_7X5|DMA_SMA_P7_SHIFT5_V1|8H|DOWN,8H,DOWN,INVERSE_PREDICTOR,0.2858878471856456,1.0,False
INVERSE|INVERSE_DNO_N7_OB_OS|DNO_PERIOD_7_REFERENCE|8H|DOWN,8H,DOWN,INVERSE_PREDICTOR,0.28835775171034456,1.0,False
INVERSE|INVERSE_MACD_12_26_9_SIGNAL_CROSS|MACD_12_26_9_SHIFT0_V1|8H|DOWN,8H,DOWN,INVERSE_PREDICTOR,0.32831208960988795,1.0,False
INVERSE|INVERSE_STOCH_14_3_3_POINT_BAR|STOCH_K14_KS3_D3_SHIFT0_V1|8H|DOWN,8H,DOWN,INVERSE_PREDICTOR,0.302793748302073,1.0,False
MACD|DINAPOLI_MACD_REFERENCE_V1|HIST_CROSS_UP_ZERO|HIST_CROSS_DOWN_ZERO|8H|DOWN,8H,DOWN,MACD,0.338860612816639,1.0,False
MACD|DINAPOLI_MACD_REFERENCE_V1|MACD_CROSS_UP_SIGNAL|MACD_CROSS_DOWN_SIGNAL|8H|DOWN,8H,DOWN,MACD,0.338860612816639,1.0,False
MACD|DISPLACED_MACD_12_26_9_SHIFT2_V1|HIST_CROSS_UP_ZERO|HIST_CROSS_DOWN_ZERO|8H|DOWN,8H,DOWN,MACD,0.3413329229432213,1.0,False
MACD|DISPLACED_MACD_12_26_9_SHIFT2_V1|MACD_CROSS_UP_SIGNAL|MACD_CROSS_DOWN_SIGNAL|8H|DOWN,8H,DOWN,MACD,0.3413329229432213,1.0,False
MACD|DISPLACED_MACD_12_26_9_SHIFT3_V1|HIST_CROSS_UP_ZERO|HIST_CROSS_DOWN_ZERO|8H|DOWN,8H,DOWN,MACD,0.3413329229432213,1.0,False
MACD|DISPLACED_MACD_12_26_9_SHIFT3_V1|MACD_CROSS_UP_SIGNAL|MACD_CROSS_DOWN_SIGNAL|8H|DOWN,8H,DOWN,MACD,0.3413329229432213,1.0,False
MACD|DISPLACED_MACD_12_26_9_SHIFT5_V1|HIST_CROSS_UP_ZERO|HIST_CROSS_DOWN_ZERO|8H|DOWN,8H,DOWN,MACD,0.3413329229432213,1.0,False
MACD|DISPLACED_MACD_12_26_9_SHIFT5_V1|MACD_CROSS_UP_SIGNAL|MACD_CROSS_DOWN_SIGNAL|8H|DOWN,8H,DOWN,MACD,0.3413329229432213,1.0,False
MACD|DISPLACED_MACD_5_13_4_SHIFT2_V1|HIST_CROSS_UP_ZERO|HIST_CROSS_DOWN_ZERO|8H|DOWN,8H,DOWN,MACD,0.3846670056770342,1.0,False
MACD|DISPLACED_MACD_5_13_4_SHIFT2_V1|MACD_CROSS_UP_SIGNAL|MACD_CROSS_DOWN_SIGNAL|8H|DOWN,8H,DOWN,MACD,0.3846670056770342,1.0,False
MACD|DISPLACED_MACD_5_13_4_SHIFT3_V1|HIST_CROSS_UP_ZERO|HIST_CROSS_DOWN_ZERO|8H|DOWN,8H,DOWN,MACD,0.3846670056770342,1.0,False
MACD|DISPLACED_MACD_5_13_4_SHIFT3_V1|MACD_CROSS_UP_SIGNAL|MACD_CROSS_DOWN_SIGNAL|8H|DOWN,8H,DOWN,MACD,0.3846670056770342,1.0,False
MACD|DISPLACED_MACD_5_13_4_SHIFT5_V1|HIST_CROSS_UP_ZERO|HIST_CROSS_DOWN_ZERO|8H|DOWN,8H,DOWN,MACD,0.3846670056770342,1.0,False
MACD|DISPLACED_MACD_5_13_4_SHIFT5_V1|MACD_CROSS_UP_SIGNAL|MACD_CROSS_DOWN_SIGNAL|8H|DOWN,8H,DOWN,MACD,0.3846670056770342,1.0,False
MACD|DISPLACED_MACD_8_21_5_SHIFT2_V1|HIST_CROSS_UP_ZERO|HIST_CROSS_DOWN_ZERO|8H|DOWN,8H,DOWN,MACD,0.4218495045758744,1.0,False
MACD|DISPLACED_MACD_8_21_5_SHIFT2_V1|MACD_CROSS_UP_SIGNAL|MACD_CROSS_DOWN_SIGNAL|8H|DOWN,8H,DOWN,MACD,0.4218495045758744,1.0,False
MACD|DISPLACED_MACD_8_21_5_SHIFT3_V1|HIST_CROSS_UP_ZERO|HIST_CROSS_DOWN_ZERO|8H|DOWN,8H,DOWN,MACD,0.4218495045758744,1.0,False
MACD|DISPLACED_MACD_8_21_5_SHIFT3_V1|MACD_CROSS_UP_SIGNAL|MACD_CROSS_DOWN_SIGNAL|8H|DOWN,8H,DOWN,MACD,0.4218495045758744,1.0,False
MACD|DISPLACED_MACD_8_21_5_SHIFT5_V1|HIST_CROSS_UP_ZERO|HIST_CROSS_DOWN_ZERO|8H|DOWN,8H,DOWN,MACD,0.4218495045758744,1.0,False
MACD|DISPLACED_MACD_8_21_5_SHIFT5_V1|MACD_CROSS_UP_SIGNAL|MACD_CROSS_DOWN_SIGNAL|8H|DOWN,8H,DOWN,MACD,0.4218495045758744,1.0,False
MACD|MACD_12_26_9_SHIFT0_V1|HIST_CROSS_UP_ZERO|HIST_CROSS_DOWN_ZERO|8H|DOWN,8H,DOWN,MACD,0.3413329229432213,1.0,False
MACD|MACD_12_26_9_SHIFT0_V1|MACD_CROSS_UP_SIGNAL|MACD_CROSS_DOWN_SIGNAL|8H|DOWN,8H,DOWN,MACD,0.3413329229432213,1.0,False
MACD|MACD_5_13_4_SHIFT0_V1|HIST_CROSS_UP_ZERO|HIST_CROSS_DOWN_ZERO|8H|DOWN,8H,DOWN,MACD,0.3846670056770342,1.0,False
MACD|MACD_5_13_4_SHIFT0_V1|MACD_CROSS_UP_SIGNAL|MACD_CROSS_DOWN_SIGNAL|8H|DOWN,8H,DOWN,MACD,0.3846670056770342,1.0,False
MACD|MACD_8_21_5_SHIFT0_V1|HIST_CROSS_UP_ZERO|HIST_CROSS_DOWN_ZERO|8H|DOWN,8H,DOWN,MACD,0.4218495045758744,1.0,False
MACD|MACD_8_21_5_SHIFT0_V1|MACD_CROSS_UP_SIGNAL|MACD_CROSS_DOWN_SIGNAL|8H|DOWN,8H,DOWN,MACD,0.4218495045758744,1.0,False
OSC_PREDICTOR|OSC_PRED_SWEEP_LOOKBACK_200|CROSSED_OS_BAND_DOWN|8H|DOWN,8H,DOWN,OSC_PREDICTOR,0.3225649631731064,1.0,False
OSC_PREDICTOR|OSC_PRED_SWEEP_LOOKBACK_200|FORECAST_OS_CROSS|8H|DOWN,8H,DOWN,OSC_PREDICTOR,0.21474276807596465,1.0,False
OSC_PREDICTOR|OSC_PRED_SWEEP_LOOKBACK_50|CROSSED_OS_BAND_DOWN|8H|DOWN,8H,DOWN,OSC_PREDICTOR,0.2878136472422867,1.0,False
OSC_PREDICTOR|OSC_PRED_SWEEP_LOOKBACK_50|FORECAST_OS_CROSS|8H|DOWN,8H,DOWN,OSC_PREDICTOR,0.19841012882557424,1.0,False
OSC_PREDICTOR|OSC_PRED_SWEEP_OB_OS_LEVEL_PERCENT_0.7|CROSSED_OS_BAND_DOWN|8H|DOWN,8H,DOWN,OSC_PREDICTOR,0.3518628142475691,1.0,False
OSC_PREDICTOR|OSC_PRED_SWEEP_OB_OS_LEVEL_PERCENT_0.7|FORECAST_OS_CROSS|8H|DOWN,8H,DOWN,OSC_PREDICTOR,0.22291024507760865,1.0,False
OSC_PREDICTOR|OSC_PRED_SWEEP_OB_OS_LEVEL_PERCENT_0.9|CROSSED_OS_BAND_DOWN|8H|DOWN,8H,DOWN,OSC_PREDICTOR,0.31354415712043654,1.0,False
OSC_PREDICTOR|OSC_PRED_SWEEP_OB_OS_LEVEL_PERCENT_0.9|FORECAST_OS_CROSS|8H|DOWN,8H,DOWN,OSC_PREDICTOR,0.2008159298556637,1.0,False
OSC_PREDICTOR|OSC_PRED_SWEEP_PEAK_STRENGTH_1|CROSSED_OS_BAND_DOWN|8H|DOWN,8H,DOWN,OSC_PREDICTOR,0.3410712602637955,1.0,False
OSC_PREDICTOR|OSC_PRED_SWEEP_PEAK_STRENGTH_1|FORECAST_OS_CROSS|8H|DOWN,8H,DOWN,OSC_PREDICTOR,0.22046895235498604,1.0,False
OSC_PREDICTOR|OSC_PRED_SWEEP_PEAK_STRENGTH_3|CROSSED_OS_BAND_DOWN|8H|DOWN,8H,DOWN,OSC_PREDICTOR,0.3106520454597776,1.0,False
OSC_PREDICTOR|OSC_PRED_SWEEP_PEAK_STRENGTH_3|FORECAST_OS_CROSS|8H|DOWN,8H,DOWN,OSC_PREDICTOR,0.1801639414617398,1.0,False
OSC_PREDICTOR|OSC_PRED_SWEEP_PERIOD_10|CROSSED_OS_BAND_DOWN|8H|DOWN,8H,DOWN,OSC_PREDICTOR,0.2581366510133967,1.0,False
OSC_PREDICTOR|OSC_PRED_SWEEP_PERIOD_10|FORECAST_OS_CROSS|8H|DOWN,8H,DOWN,OSC_PREDICTOR,0.17792449271066318,1.0,False
OSC_PREDICTOR|OSC_PRED_SWEEP_PERIOD_14|CROSSED_OS_BAND_DOWN|8H|DOWN,8H,DOWN,OSC_PREDICTOR,0.26032963346953714,1.0,False
OSC_PREDICTOR|OSC_PRED_SWEEP_PERIOD_14|FORECAST_OS_CROSS|8H|DOWN,8H,DOWN,OSC_PREDICTOR,0.1907459520437504,1.0,False
OSC_PREDICTOR|OSC_PRED_SWEEP_PERIOD_5|CROSSED_OS_BAND_DOWN|8H|DOWN,8H,DOWN,OSC_PREDICTOR,0.3404018996271591,1.0,False
OSC_PREDICTOR|OSC_PRED_SWEEP_PERIOD_5|FORECAST_OS_CROSS|8H|DOWN,8H,DOWN,OSC_PREDICTOR,0.19007351658870625,1.0,False
OSC_PREDICTOR|OSC_PRED_SWEEP_SAMPLES_3|CROSSED_OS_BAND_DOWN|8H|DOWN,8H,DOWN,OSC_PREDICTOR,0.33203648439573524,1.0,False
OSC_PREDICTOR|OSC_PRED_SWEEP_SAMPLES_3|FORECAST_OS_CROSS|8H|DOWN,8H,DOWN,OSC_PREDICTOR,0.19010070749606683,1.0,False
OSC_PREDICTOR|OSC_PRED_SWEEP_SAMPLES_8|CROSSED_OS_BAND_DOWN|8H|DOWN,8H,DOWN,OSC_PREDICTOR,0.33253149889258843,1.0,False
OSC_PREDICTOR|OSC_PRED_SWEEP_SAMPLES_8|FORECAST_OS_CROSS|8H|DOWN,8H,DOWN,OSC_PREDICTOR,0.21767990570184198,1.0,False
OSC_PREDICTOR|PROJECT_DINAPOLI_STYLE_OSCILLATOR_PREDICTOR_REFERENCE|CROSSED_OS_BAND_DOWN|8H|DOWN,8H,DOWN,OSC_PREDICTOR,0.3225649631731064,1.0,False
OSC_PREDICTOR|PROJECT_DINAPOLI_STYLE_OSCILLATOR_PREDICTOR_REFERENCE|FORECAST_OS_CROSS|8H|DOWN,8H,DOWN,OSC_PREDICTOR,0.21474276807596465,1.0,False
PURE_DNO|DNO_PERIOD_7_REFERENCE|DNO_ZERO_CROSS_DOWN|8H|DOWN,8H,DOWN,PURE_DNO,0.308529695940254,1.0,False
STOCH|DINAPOLI_PREFERRED_STOCHASTIC_REFERENCE_V1|K_CROSS_UP_D|K_CROSS_DOWN_D|8H|DOWN,8H,DOWN,STOCHASTIC,0.362987704822416,1.0,False
STOCH|DISPLACED_STOCH_K14_KS3_D3_SHIFT2_V1|K_CROSS_UP_D|K_CROSS_DOWN_D|8H|DOWN,8H,DOWN,STOCHASTIC,0.2734390347368331,1.0,False
STOCH|DISPLACED_STOCH_K14_KS3_D3_SHIFT3_V1|K_CROSS_UP_D|K_CROSS_DOWN_D|8H|DOWN,8H,DOWN,STOCHASTIC,0.2734390347368331,1.0,False
STOCH|DISPLACED_STOCH_K14_KS3_D3_SHIFT5_V1|K_CROSS_UP_D|K_CROSS_DOWN_D|8H|DOWN,8H,DOWN,STOCHASTIC,0.2734390347368331,1.0,False
STOCH|DISPLACED_STOCH_K21_KS5_D5_SHIFT2_V1|K_CROSS_UP_D|K_CROSS_DOWN_D|8H|DOWN,8H,DOWN,STOCHASTIC,0.3070637496364484,1.0,False
STOCH|DISPLACED_STOCH_K21_KS5_D5_SHIFT3_V1|K_CROSS_UP_D|K_CROSS_DOWN_D|8H|DOWN,8H,DOWN,STOCHASTIC,0.3070637496364484,1.0,False
STOCH|DISPLACED_STOCH_K21_KS5_D5_SHIFT5_V1|K_CROSS_UP_D|K_CROSS_DOWN_D|8H|DOWN,8H,DOWN,STOCHASTIC,0.3070637496364484,1.0,False
STOCH|DISPLACED_STOCH_K5_KS3_D3_SHIFT2_V1|K_CROSS_UP_D|K_CROSS_DOWN_D|8H|DOWN,8H,DOWN,STOCHASTIC,0.2732733299199655,1.0,False
STOCH|DISPLACED_STOCH_K5_KS3_D3_SHIFT3_V1|K_CROSS_UP_D|K_CROSS_DOWN_D|8H|DOWN,8H,DOWN,STOCHASTIC,0.2732733299199655,1.0,False
STOCH|DISPLACED_STOCH_K5_KS3_D3_SHIFT5_V1|K_CROSS_UP_D|K_CROSS_DOWN_D|8H|DOWN,8H,DOWN,STOCHASTIC,0.2732733299199655,1.0,False
STOCH|DISPLACED_STOCH_K9_KS3_D3_SHIFT2_V1|K_CROSS_UP_D|K_CROSS_DOWN_D|8H|DOWN,8H,DOWN,STOCHASTIC,0.26541900784888167,1.0,False
STOCH|DISPLACED_STOCH_K9_KS3_D3_SHIFT3_V1|K_CROSS_UP_D|K_CROSS_DOWN_D|8H|DOWN,8H,DOWN,STOCHASTIC,0.26541900784888167,1.0,False
STOCH|DISPLACED_STOCH_K9_KS3_D3_SHIFT5_V1|K_CROSS_UP_D|K_CROSS_DOWN_D|8H|DOWN,8H,DOWN,STOCHASTIC,0.26541900784888167,1.0,False
STOCH|STOCH_K14_KS3_D3_SHIFT0_V1|K_CROSS_UP_D|K_CROSS_DOWN_D|8H|DOWN,8H,DOWN,STOCHASTIC,0.2734390347368331,1.0,False
STOCH|STOCH_K21_KS5_D5_SHIFT0_V1|K_CROSS_UP_D|K_CROSS_DOWN_D|8H|DOWN,8H,DOWN,STOCHASTIC,0.3070637496364484,1.0,False
STOCH|STOCH_K5_KS3_D3_SHIFT0_V1|K_CROSS_UP_D|K_CROSS_DOWN_D|8H|DOWN,8H,DOWN,STOCHASTIC,0.2732733299199655,1.0,False
STOCH|STOCH_K9_KS3_D3_SHIFT0_V1|K_CROSS_UP_D|K_CROSS_DOWN_D|8H|DOWN,8H,DOWN,STOCHASTIC,0.26541900784888167,1.0,False
DMA|DMA_EMA_P10_SHIFT5_V1|MA_SLOPE_TURN_UP|MA_SLOPE_TURN_DOWN|8H|UP,8H,UP,DMA,0.3064571150097466,1.0,False
DMA|DMA_EMA_P10_SHIFT5_V1|PRICE_CROSS_UP_MA|PRICE_CROSS_DOWN_MA|8H|UP,8H,UP,DMA,0.3064571150097466,1.0,False
DMA|DMA_EMA_P14_SHIFT5_V1|MA_SLOPE_TURN_UP|MA_SLOPE_TURN_DOWN|8H|UP,8H,UP,DMA,0.3507925298179535,1.0,False
DMA|DMA_EMA_P14_SHIFT5_V1|PRICE_CROSS_UP_MA|PRICE_CROSS_DOWN_MA|8H|UP,8H,UP,DMA,0.3507925298179535,1.0,False
DMA|DMA_EMA_P14_SHIFT8_V1|MA_SLOPE_TURN_UP|MA_SLOPE_TURN_DOWN|8H|UP,8H,UP,DMA,0.3507925298179535,1.0,False
DMA|DMA_EMA_P14_SHIFT8_V1|PRICE_CROSS_UP_MA|PRICE_CROSS_DOWN_MA|8H|UP,8H,UP,DMA,0.3507925298179535,1.0,False
DMA|DMA_EMA_P20_SHIFT5_V1|MA_SLOPE_TURN_UP|MA_SLOPE_TURN_DOWN|8H|UP,8H,UP,DMA,0.37863756613756616,1.0,False
DMA|DMA_EMA_P20_SHIFT5_V1|PRICE_CROSS_UP_MA|PRICE_CROSS_DOWN_MA|8H|UP,8H,UP,DMA,0.37863756613756616,1.0,False
DMA|DMA_EMA_P25_SHIFT5_V1|MA_SLOPE_TURN_UP|MA_SLOPE_TURN_DOWN|8H|UP,8H,UP,DMA,0.3536173885750157,1.0,False
DMA|DMA_EMA_P25_SHIFT5_V1|PRICE_CROSS_UP_MA|PRICE_CROSS_DOWN_MA|8H|UP,8H,UP,DMA,0.3536173885750157,1.0,False
DMA|DMA_EMA_P25_SHIFT8_V1|MA_SLOPE_TURN_UP|MA_SLOPE_TURN_DOWN|8H|UP,8H,UP,DMA,0.3536173885750157,1.0,False
DMA|DMA_EMA_P25_SHIFT8_V1|PRICE_CROSS_UP_MA|PRICE_CROSS_DOWN_MA|8H|UP,8H,UP,DMA,0.3536173885750157,1.0,False
DMA|DMA_EMA_P3_SHIFT0_V1|MA_SLOPE_TURN_UP|MA_SLOPE_TURN_DOWN|8H|UP,8H,UP,DMA,0.176278457356439,1.0,False
DMA|DMA_EMA_P3_SHIFT0_V1|PRICE_CROSS_UP_MA|PRICE_CROSS_DOWN_MA|8H|UP,8H,UP,DMA,0.176278457356439,1.0,False
DMA|DMA_EMA_P3_SHIFT2_V1|MA_SLOPE_TURN_UP|MA_SLOPE_TURN_DOWN|8H|UP,8H,UP,DMA,0.176278457356439,1.0,False
DMA|DMA_EMA_P3_SHIFT2_V1|PRICE_CROSS_UP_MA|PRICE_CROSS_DOWN_MA|8H|UP,8H,UP,DMA,0.176278457356439,1.0,False
DMA|DMA_EMA_P3_SHIFT3_V1|MA_SLOPE_TURN_UP|MA_SLOPE_TURN_DOWN|8H|UP,8H,UP,DMA,0.176278457356439,1.0,False
DMA|DMA_EMA_P3_SHIFT3_V1|PRICE_CROSS_UP_MA|PRICE_CROSS_DOWN_MA|8H|UP,8H,UP,DMA,0.176278457356439,1.0,False
DMA|DMA_EMA_P3_SHIFT5_V1|MA_SLOPE_TURN_UP|MA_SLOPE_TURN_DOWN|8H|UP,8H,UP,DMA,0.176278457356439,1.0,False
DMA|DMA_EMA_P3_SHIFT5_V1|PRICE_CROSS_UP_MA|PRICE_CROSS_DOWN_MA|8H|UP,8H,UP,DMA,0.176278457356439,1.0,False
DMA|DMA_EMA_P5_SHIFT3_V1|MA_SLOPE_TURN_UP|MA_SLOPE_TURN_DOWN|8H|UP,8H,UP,DMA,0.2446875832667199,1.0,False
DMA|DMA_EMA_P5_SHIFT3_V1|PRICE_CROSS_UP_MA|PRICE_CROSS_DOWN_MA|8H|UP,8H,UP,DMA,0.2446875832667199,1.0,False
DMA|DMA_EMA_P5_SHIFT5_V1|MA_SLOPE_TURN_UP|MA_SLOPE_TURN_DOWN|8H|UP,8H,UP,DMA,0.2446875832667199,1.0,False
DMA|DMA_EMA_P5_SHIFT5_V1|PRICE_CROSS_UP_MA|PRICE_CROSS_DOWN_MA|8H|UP,8H,UP,DMA,0.2446875832667199,1.0,False
DMA|DMA_EMA_P7_SHIFT3_V1|MA_SLOPE_TURN_UP|MA_SLOPE_TURN_DOWN|8H|UP,8H,UP,DMA,0.29010035484586383,1.0,False
DMA|DMA_EMA_P7_SHIFT3_V1|PRICE_CROSS_UP_MA|PRICE_CROSS_DOWN_MA|8H|UP,8H,UP,DMA,0.29010035484586383,1.0,False
DMA|DMA_EMA_P7_SHIFT5_V1|MA_SLOPE_TURN_UP|MA_SLOPE_TURN_DOWN|8H|UP,8H,UP,DMA,0.29010035484586383,1.0,False
DMA|DMA_EMA_P7_SHIFT5_V1|PRICE_CROSS_UP_MA|PRICE_CROSS_DOWN_MA|8H|UP,8H,UP,DMA,0.29010035484586383,1.0,False
DMA|DMA_SMA_P10_SHIFT5_V1|MA_SLOPE_TURN_UP|MA_SLOPE_TURN_DOWN|8H|UP,8H,UP,DMA,0.296638847367547,1.0,False
DMA|DMA_SMA_P10_SHIFT5_V1|PRICE_CROSS_UP_MA|PRICE_CROSS_DOWN_MA|8H|UP,8H,UP,DMA,0.360505698005698,1.0,False
DMA|DMA_SMA_P14_SHIFT5_V1|MA_SLOPE_TURN_UP|MA_SLOPE_TURN_DOWN|8H|UP,8H,UP,DMA,0.22977241259951542,1.0,False
DMA|DMA_SMA_P14_SHIFT5_V1|PRICE_CROSS_UP_MA|PRICE_CROSS_DOWN_MA|8H|UP,8H,UP,DMA,0.3453863346104725,1.0,False
DMA|DMA_SMA_P14_SHIFT8_V1|MA_SLOPE_TURN_UP|MA_SLOPE_TURN_DOWN|8H|UP,8H,UP,DMA,0.22977241259951542,1.0,False
DMA|DMA_SMA_P14_SHIFT8_V1|PRICE_CROSS_UP_MA|PRICE_CROSS_DOWN_MA|8H|UP,8H,UP,DMA,0.3453863346104725,1.0,False
DMA|DMA_SMA_P20_SHIFT5_V1|MA_SLOPE_TURN_UP|MA_SLOPE_TURN_DOWN|8H|UP,8H,UP,DMA,0.21402072602403732,1.0,False
DMA|DMA_SMA_P20_SHIFT5_V1|PRICE_CROSS_UP_MA|PRICE_CROSS_DOWN_MA|8H|UP,8H,UP,DMA,0.32739533011272137,1.0,False
DMA|DMA_SMA_P25_SHIFT5_V1|MA_SLOPE_TURN_UP|MA_SLOPE_TURN_DOWN|8H|UP,8H,UP,DMA,0.24768518518518523,1.0,False
DMA|DMA_SMA_P25_SHIFT5_V1|PRICE_CROSS_UP_MA|PRICE_CROSS_DOWN_MA|8H|UP,8H,UP,DMA,0.38310185185185186,1.0,False
DMA|DMA_SMA_P25_SHIFT8_V1|MA_SLOPE_TURN_UP|MA_SLOPE_TURN_DOWN|8H|UP,8H,UP,DMA,0.24768518518518523,1.0,False
DMA|DMA_SMA_P25_SHIFT8_V1|PRICE_CROSS_UP_MA|PRICE_CROSS_DOWN_MA|8H|UP,8H,UP,DMA,0.38310185185185186,1.0,False
DMA|DMA_SMA_P3_SHIFT0_V1|MA_SLOPE_TURN_UP|MA_SLOPE_TURN_DOWN|8H|UP,8H,UP,DMA,0.24319002612571083,1.0,False
DMA|DMA_SMA_P3_SHIFT0_V1|PRICE_CROSS_UP_MA|PRICE_CROSS_DOWN_MA|8H|UP,8H,UP,DMA,0.1398420479302832,1.0,False
DMA|DMA_SMA_P3_SHIFT2_V1|MA_SLOPE_TURN_UP|MA_SLOPE_TURN_DOWN|8H|UP,8H,UP,DMA,0.24319002612571083,1.0,False
DMA|DMA_SMA_P3_SHIFT2_V1|PRICE_CROSS_UP_MA|PRICE_CROSS_DOWN_MA|8H|UP,8H,UP,DMA,0.1398420479302832,1.0,False
DMA|DMA_SMA_P3_SHIFT3_V1|MA_SLOPE_TURN_UP|MA_SLOPE_TURN_DOWN|8H|UP,8H,UP,DMA,0.24319002612571083,1.0,False
DMA|DMA_SMA_P3_SHIFT3_V1|PRICE_CROSS_UP_MA|PRICE_CROSS_DOWN_MA|8H|UP,8H,UP,DMA,0.1398420479302832,1.0,False
DMA|DMA_SMA_P3_SHIFT5_V1|MA_SLOPE_TURN_UP|MA_SLOPE_TURN_DOWN|8H|UP,8H,UP,DMA,0.24319002612571083,1.0,False
DMA|DMA_SMA_P3_SHIFT5_V1|PRICE_CROSS_UP_MA|PRICE_CROSS_DOWN_MA|8H|UP,8H,UP,DMA,0.1398420479302832,1.0,False
DMA|DMA_SMA_P5_SHIFT3_V1|MA_SLOPE_TURN_UP|MA_SLOPE_TURN_DOWN|8H|UP,8H,UP,DMA,0.25075411814080373,1.0,False
DMA|DMA_SMA_P5_SHIFT3_V1|PRICE_CROSS_UP_MA|PRICE_CROSS_DOWN_MA|8H|UP,8H,UP,DMA,0.2652387698119405,1.0,False
DMA|DMA_SMA_P5_SHIFT5_V1|MA_SLOPE_TURN_UP|MA_SLOPE_TURN_DOWN|8H|UP,8H,UP,DMA,0.25075411814080373,1.0,False
DMA|DMA_SMA_P5_SHIFT5_V1|PRICE_CROSS_UP_MA|PRICE_CROSS_DOWN_MA|8H|UP,8H,UP,DMA,0.2652387698119405,1.0,False
DMA|DMA_SMA_P7_SHIFT3_V1|MA_SLOPE_TURN_UP|MA_SLOPE_TURN_DOWN|8H|UP,8H,UP,DMA,0.2405107922492028,1.0,False
DMA|DMA_SMA_P7_SHIFT3_V1|PRICE_CROSS_UP_MA|PRICE_CROSS_DOWN_MA|8H|UP,8H,UP,DMA,0.3191137566137566,1.0,False
DMA|DMA_SMA_P7_SHIFT5_V1|MA_SLOPE_TURN_UP|MA_SLOPE_TURN_DOWN|8H|UP,8H,UP,DMA,0.2405107922492028,1.0,False
DMA|DMA_SMA_P7_SHIFT5_V1|PRICE_CROSS_UP_MA|PRICE_CROSS_DOWN_MA|8H|UP,8H,UP,DMA,0.3191137566137566,1.0,False
DMA|DMA_WMA_P10_SHIFT5_V1|MA_SLOPE_TURN_UP|MA_SLOPE_TURN_DOWN|8H|UP,8H,UP,DMA,0.38283924680983505,1.0,False
DMA|DMA_WMA_P10_SHIFT5_V1|PRICE_CROSS_UP_MA|PRICE_CROSS_DOWN_MA|8H|UP,8H,UP,DMA,0.3018140875013987,1.0,False
DMA|DMA_WMA_P14_SHIFT5_V1|MA_SLOPE_TURN_UP|MA_SLOPE_TURN_DOWN|8H|UP,8H,UP,DMA,0.34471714865550485,1.0,False
DMA|DMA_WMA_P14_SHIFT5_V1|PRICE_CROSS_UP_MA|PRICE_CROSS_DOWN_MA|8H|UP,8H,UP,DMA,0.36319355069355075,1.0,False
DMA|DMA_WMA_P14_SHIFT8_V1|MA_SLOPE_TURN_UP|MA_SLOPE_TURN_DOWN|8H|UP,8H,UP,DMA,0.34471714865550485,1.0,False
DMA|DMA_WMA_P14_SHIFT8_V1|PRICE_CROSS_UP_MA|PRICE_CROSS_DOWN_MA|8H|UP,8H,UP,DMA,0.36319355069355075,1.0,False
DMA|DMA_WMA_P20_SHIFT5_V1|MA_SLOPE_TURN_UP|MA_SLOPE_TURN_DOWN|8H|UP,8H,UP,DMA,0.3404882154882155,1.0,False
DMA|DMA_WMA_P20_SHIFT5_V1|PRICE_CROSS_UP_MA|PRICE_CROSS_DOWN_MA|8H|UP,8H,UP,DMA,0.3423179535467671,1.0,False
DMA|DMA_WMA_P25_SHIFT5_V1|MA_SLOPE_TURN_UP|MA_SLOPE_TURN_DOWN|8H|UP,8H,UP,DMA,0.3928286730439048,1.0,False
DMA|DMA_WMA_P25_SHIFT5_V1|PRICE_CROSS_UP_MA|PRICE_CROSS_DOWN_MA|8H|UP,8H,UP,DMA,0.37863756613756616,1.0,False
DMA|DMA_WMA_P25_SHIFT8_V1|MA_SLOPE_TURN_UP|MA_SLOPE_TURN_DOWN|8H|UP,8H,UP,DMA,0.3928286730439048,1.0,False
DMA|DMA_WMA_P25_SHIFT8_V1|PRICE_CROSS_UP_MA|PRICE_CROSS_DOWN_MA|8H|UP,8H,UP,DMA,0.37863756613756616,1.0,False
DMA|DMA_WMA_P3_SHIFT0_V1|MA_SLOPE_TURN_UP|MA_SLOPE_TURN_DOWN|8H|UP,8H,UP,DMA,0.22380604288499029,1.0,False
DMA|DMA_WMA_P3_SHIFT0_V1|PRICE_CROSS_UP_MA|PRICE_CROSS_DOWN_MA|8H|UP,8H,UP,DMA,0.09763521017269144,1.0,False
DMA|DMA_WMA_P3_SHIFT2_V1|MA_SLOPE_TURN_UP|MA_SLOPE_TURN_DOWN|8H|UP,8H,UP,DMA,0.22380604288499029,1.0,False
DMA|DMA_WMA_P3_SHIFT2_V1|PRICE_CROSS_UP_MA|PRICE_CROSS_DOWN_MA|8H|UP,8H,UP,DMA,0.09763521017269144,1.0,False
DMA|DMA_WMA_P3_SHIFT3_V1|MA_SLOPE_TURN_UP|MA_SLOPE_TURN_DOWN|8H|UP,8H,UP,DMA,0.22380604288499029,1.0,False
DMA|DMA_WMA_P3_SHIFT3_V1|PRICE_CROSS_UP_MA|PRICE_CROSS_DOWN_MA|8H|UP,8H,UP,DMA,0.09763521017269144,1.0,False
DMA|DMA_WMA_P3_SHIFT5_V1|MA_SLOPE_TURN_UP|MA_SLOPE_TURN_DOWN|8H|UP,8H,UP,DMA,0.22380604288499029,1.0,False
DMA|DMA_WMA_P3_SHIFT5_V1|PRICE_CROSS_UP_MA|PRICE_CROSS_DOWN_MA|8H|UP,8H,UP,DMA,0.09763521017269144,1.0,False
DMA|DMA_WMA_P5_SHIFT3_V1|MA_SLOPE_TURN_UP|MA_SLOPE_TURN_DOWN|8H|UP,8H,UP,DMA,0.2941719032657336,1.0,False
DMA|DMA_WMA_P5_SHIFT3_V1|PRICE_CROSS_UP_MA|PRICE_CROSS_DOWN_MA|8H|UP,8H,UP,DMA,0.20665954415954413,1.0,False
DMA|DMA_WMA_P5_SHIFT5_V1|MA_SLOPE_TURN_UP|MA_SLOPE_TURN_DOWN|8H|UP,8H,UP,DMA,0.2941719032657336,1.0,False
DMA|DMA_WMA_P5_SHIFT5_V1|PRICE_CROSS_UP_MA|PRICE_CROSS_DOWN_MA|8H|UP,8H,UP,DMA,0.20665954415954413,1.0,False
DMA|DMA_WMA_P7_SHIFT3_V1|MA_SLOPE_TURN_UP|MA_SLOPE_TURN_DOWN|8H|UP,8H,UP,DMA,0.3310185185185185,1.0,False
DMA|DMA_WMA_P7_SHIFT3_V1|PRICE_CROSS_UP_MA|PRICE_CROSS_DOWN_MA|8H|UP,8H,UP,DMA,0.2771784551772676,1.0,False
DMA|DMA_WMA_P7_SHIFT5_V1|MA_SLOPE_TURN_UP|MA_SLOPE_TURN_DOWN|8H|UP,8H,UP,DMA,0.3310185185185185,1.0,False
DMA|DMA_WMA_P7_SHIFT5_V1|PRICE_CROSS_UP_MA|PRICE_CROSS_DOWN_MA|8H|UP,8H,UP,DMA,0.2771784551772676,1.0,False
DNO_QUANTILE|CAUSAL_DNO_QUANTILE_80_20_CONTROL_V1|CROSSED_OB_BAND_UP|8H|UP,8H,UP,DNO_QUANTILE,0.33411929371231697,1.0,False
DNO_QUANTILE|CAUSAL_DNO_QUANTILE_80_20_CONTROL_V1|FORECAST_OB_CROSS|8H|UP,8H,UP,DNO_QUANTILE,0.1419637921503593,1.0,False
INVERSE|INVERSE_DMA_25X5|DMA_SMA_P25_SHIFT5_V1|8H|UP,8H,UP,INVERSE_PREDICTOR,0.3668834974214721,1.0,False
INVERSE|INVERSE_DMA_3X3|DMA_SMA_P3_SHIFT3_V1|8H|UP,8H,UP,INVERSE_PREDICTOR,0.07329224920284522,1.0,False
INVERSE|INVERSE_DMA_7X5|DMA_SMA_P7_SHIFT5_V1|8H|UP,8H,UP,INVERSE_PREDICTOR,0.26607104955958827,1.0,False
INVERSE|INVERSE_DNO_N7_OB_OS|DNO_PERIOD_7_REFERENCE|8H|UP,8H,UP,INVERSE_PREDICTOR,0.3017144892144892,1.0,False
INVERSE|INVERSE_MACD_12_26_9_SIGNAL_CROSS|MACD_12_26_9_SHIFT0_V1|8H|UP,8H,UP,INVERSE_PREDICTOR,0.3673221488815548,1.0,False
INVERSE|INVERSE_STOCH_14_3_3_POINT_BAR|STOCH_K14_KS3_D3_SHIFT0_V1|8H|UP,8H,UP,INVERSE_PREDICTOR,0.3467842842842843,1.0,False
MACD|DINAPOLI_MACD_REFERENCE_V1|HIST_CROSS_UP_ZERO|HIST_CROSS_DOWN_ZERO|8H|UP,8H,UP,MACD,0.3968359282849728,1.0,False
MACD|DINAPOLI_MACD_REFERENCE_V1|MACD_CROSS_UP_SIGNAL|MACD_CROSS_DOWN_SIGNAL|8H|UP,8H,UP,MACD,0.3968359282849728,1.0,False
MACD|DISPLACED_MACD_12_26_9_SHIFT2_V1|HIST_CROSS_UP_ZERO|HIST_CROSS_DOWN_ZERO|8H|UP,8H,UP,MACD,0.42216435185185186,1.0,False
MACD|DISPLACED_MACD_12_26_9_SHIFT2_V1|MACD_CROSS_UP_SIGNAL|MACD_CROSS_DOWN_SIGNAL|8H|UP,8H,UP,MACD,0.42216435185185186,1.0,False
MACD|DISPLACED_MACD_12_26_9_SHIFT3_V1|HIST_CROSS_UP_ZERO|HIST_CROSS_DOWN_ZERO|8H|UP,8H,UP,MACD,0.42216435185185186,1.0,False
MACD|DISPLACED_MACD_12_26_9_SHIFT3_V1|MACD_CROSS_UP_SIGNAL|MACD_CROSS_DOWN_SIGNAL|8H|UP,8H,UP,MACD,0.42216435185185186,1.0,False
MACD|DISPLACED_MACD_12_26_9_SHIFT5_V1|HIST_CROSS_UP_ZERO|HIST_CROSS_DOWN_ZERO|8H|UP,8H,UP,MACD,0.42216435185185186,1.0,False
MACD|DISPLACED_MACD_12_26_9_SHIFT5_V1|MACD_CROSS_UP_SIGNAL|MACD_CROSS_DOWN_SIGNAL|8H|UP,8H,UP,MACD,0.42216435185185186,1.0,False
MACD|DISPLACED_MACD_5_13_4_SHIFT2_V1|HIST_CROSS_UP_ZERO|HIST_CROSS_DOWN_ZERO|8H|UP,8H,UP,MACD,0.41525437892766415,1.0,False
MACD|DISPLACED_MACD_5_13_4_SHIFT2_V1|MACD_CROSS_UP_SIGNAL|MACD_CROSS_DOWN_SIGNAL|8H|UP,8H,UP,MACD,0.41525437892766415,1.0,False
MACD|DISPLACED_MACD_5_13_4_SHIFT3_V1|HIST_CROSS_UP_ZERO|HIST_CROSS_DOWN_ZERO|8H|UP,8H,UP,MACD,0.41525437892766415,1.0,False
MACD|DISPLACED_MACD_5_13_4_SHIFT3_V1|MACD_CROSS_UP_SIGNAL|MACD_CROSS_DOWN_SIGNAL|8H|UP,8H,UP,MACD,0.41525437892766415,1.0,False
MACD|DISPLACED_MACD_5_13_4_SHIFT5_V1|HIST_CROSS_UP_ZERO|HIST_CROSS_DOWN_ZERO|8H|UP,8H,UP,MACD,0.41525437892766415,1.0,False
MACD|DISPLACED_MACD_5_13_4_SHIFT5_V1|MACD_CROSS_UP_SIGNAL|MACD_CROSS_DOWN_SIGNAL|8H|UP,8H,UP,MACD,0.41525437892766415,1.0,False
MACD|DISPLACED_MACD_8_21_5_SHIFT2_V1|HIST_CROSS_UP_ZERO|HIST_CROSS_DOWN_ZERO|8H|UP,8H,UP,MACD,0.4079415954415955,1.0,False
MACD|DISPLACED_MACD_8_21_5_SHIFT2_V1|MACD_CROSS_UP_SIGNAL|MACD_CROSS_DOWN_SIGNAL|8H|UP,8H,UP,MACD,0.4079415954415955,1.0,False
MACD|DISPLACED_MACD_8_21_5_SHIFT3_V1|HIST_CROSS_UP_ZERO|HIST_CROSS_DOWN_ZERO|8H|UP,8H,UP,MACD,0.4079415954415955,1.0,False
MACD|DISPLACED_MACD_8_21_5_SHIFT3_V1|MACD_CROSS_UP_SIGNAL|MACD_CROSS_DOWN_SIGNAL|8H|UP,8H,UP,MACD,0.4079415954415955,1.0,False
MACD|DISPLACED_MACD_8_21_5_SHIFT5_V1|HIST_CROSS_UP_ZERO|HIST_CROSS_DOWN_ZERO|8H|UP,8H,UP,MACD,0.4079415954415955,1.0,False
MACD|DISPLACED_MACD_8_21_5_SHIFT5_V1|MACD_CROSS_UP_SIGNAL|MACD_CROSS_DOWN_SIGNAL|8H|UP,8H,UP,MACD,0.4079415954415955,1.0,False
MACD|MACD_12_26_9_SHIFT0_V1|HIST_CROSS_UP_ZERO|HIST_CROSS_DOWN_ZERO|8H|UP,8H,UP,MACD,0.42216435185185186,1.0,False
MACD|MACD_12_26_9_SHIFT0_V1|MACD_CROSS_UP_SIGNAL|MACD_CROSS_DOWN_SIGNAL|8H|UP,8H,UP,MACD,0.42216435185185186,1.0,False
MACD|MACD_5_13_4_SHIFT0_V1|HIST_CROSS_UP_ZERO|HIST_CROSS_DOWN_ZERO|8H|UP,8H,UP,MACD,0.41525437892766415,1.0,False
MACD|MACD_5_13_4_SHIFT0_V1|MACD_CROSS_UP_SIGNAL|MACD_CROSS_DOWN_SIGNAL|8H|UP,8H,UP,MACD,0.41525437892766415,1.0,False
MACD|MACD_8_21_5_SHIFT0_V1|HIST_CROSS_UP_ZERO|HIST_CROSS_DOWN_ZERO|8H|UP,8H,UP,MACD,0.4079415954415955,1.0,False
MACD|MACD_8_21_5_SHIFT0_V1|MACD_CROSS_UP_SIGNAL|MACD_CROSS_DOWN_SIGNAL|8H|UP,8H,UP,MACD,0.4079415954415955,1.0,False
OSC_PREDICTOR|OSC_PRED_SWEEP_LOOKBACK_200|CROSSED_OB_BAND_UP|8H|UP,8H,UP,OSC_PREDICTOR,0.3342547644732111,1.0,False
OSC_PREDICTOR|OSC_PRED_SWEEP_LOOKBACK_200|FORECAST_OB_CROSS|8H|UP,8H,UP,OSC_PREDICTOR,0.18171296296296302,1.0,False
OSC_PREDICTOR|OSC_PRED_SWEEP_LOOKBACK_50|CROSSED_OB_BAND_UP|8H|UP,8H,UP,OSC_PREDICTOR,0.31050569800569805,1.0,False
OSC_PREDICTOR|OSC_PRED_SWEEP_LOOKBACK_50|FORECAST_OB_CROSS|8H|UP,8H,UP,OSC_PREDICTOR,0.18159323116219672,1.0,False
OSC_PREDICTOR|OSC_PRED_SWEEP_OB_OS_LEVEL_PERCENT_0.7|CROSSED_OB_BAND_UP|8H|UP,8H,UP,OSC_PREDICTOR,0.3324934447722059,1.0,False
OSC_PREDICTOR|OSC_PRED_SWEEP_OB_OS_LEVEL_PERCENT_0.7|FORECAST_OB_CROSS|8H|UP,8H,UP,OSC_PREDICTOR,0.17560587114445636,1.0,False
OSC_PREDICTOR|OSC_PRED_SWEEP_OB_OS_LEVEL_PERCENT_0.9|CROSSED_OB_BAND_UP|8H|UP,8H,UP,OSC_PREDICTOR,0.3169834307992203,1.0,False
OSC_PREDICTOR|OSC_PRED_SWEEP_OB_OS_LEVEL_PERCENT_0.9|FORECAST_OB_CROSS|8H|UP,8H,UP,OSC_PREDICTOR,0.130338246409675,1.0,False
OSC_PREDICTOR|OSC_PRED_SWEEP_PEAK_STRENGTH_1|CROSSED_OB_BAND_UP|8H|UP,8H,UP,OSC_PREDICTOR,0.3141408813877168,1.0,False
OSC_PREDICTOR|OSC_PRED_SWEEP_PEAK_STRENGTH_1|FORECAST_OB_CROSS|8H|UP,8H,UP,OSC_PREDICTOR,0.16281339031339032,1.0,False
OSC_PREDICTOR|OSC_PRED_SWEEP_PEAK_STRENGTH_3|CROSSED_OB_BAND_UP|8H|UP,8H,UP,OSC_PREDICTOR,0.36955416399058016,1.0,False
OSC_PREDICTOR|OSC_PRED_SWEEP_PEAK_STRENGTH_3|FORECAST_OB_CROSS|8H|UP,8H,UP,OSC_PREDICTOR,0.1713941053729786,1.0,False
OSC_PREDICTOR|OSC_PRED_SWEEP_PERIOD_10|CROSSED_OB_BAND_UP|8H|UP,8H,UP,OSC_PREDICTOR,0.31270350020350024,1.0,False
OSC_PREDICTOR|OSC_PRED_SWEEP_PERIOD_10|FORECAST_OB_CROSS|8H|UP,8H,UP,OSC_PREDICTOR,0.18575263006196863,1.0,False
OSC_PREDICTOR|OSC_PRED_SWEEP_PERIOD_14|CROSSED_OB_BAND_UP|8H|UP,8H,UP,OSC_PREDICTOR,0.356175751222921,1.0,False
OSC_PREDICTOR|OSC_PRED_SWEEP_PERIOD_14|FORECAST_OB_CROSS|8H|UP,8H,UP,OSC_PREDICTOR,0.23020551038843717,1.0,False
OSC_PREDICTOR|OSC_PRED_SWEEP_PERIOD_5|CROSSED_OB_BAND_UP|8H|UP,8H,UP,OSC_PREDICTOR,0.3559406368985808,1.0,False
OSC_PREDICTOR|OSC_PRED_SWEEP_PERIOD_5|FORECAST_OB_CROSS|8H|UP,8H,UP,OSC_PREDICTOR,0.15209027147038046,1.0,False
OSC_PREDICTOR|OSC_PRED_SWEEP_SAMPLES_3|CROSSED_OB_BAND_UP|8H|UP,8H,UP,OSC_PREDICTOR,0.3148372887450558,1.0,False
OSC_PREDICTOR|OSC_PRED_SWEEP_SAMPLES_3|FORECAST_OB_CROSS|8H|UP,8H,UP,OSC_PREDICTOR,0.1466669643920448,1.0,False
OSC_PREDICTOR|OSC_PRED_SWEEP_SAMPLES_8|CROSSED_OB_BAND_UP|8H|UP,8H,UP,OSC_PREDICTOR,0.34856237816764135,1.0,False
OSC_PREDICTOR|OSC_PRED_SWEEP_SAMPLES_8|FORECAST_OB_CROSS|8H|UP,8H,UP,OSC_PREDICTOR,0.15916154043316671,1.0,False
OSC_PREDICTOR|PROJECT_DINAPOLI_STYLE_OSCILLATOR_PREDICTOR_REFERENCE|CROSSED_OB_BAND_UP|8H|UP,8H,UP,OSC_PREDICTOR,0.3342547644732111,1.0,False
OSC_PREDICTOR|PROJECT_DINAPOLI_STYLE_OSCILLATOR_PREDICTOR_REFERENCE|FORECAST_OB_CROSS|8H|UP,8H,UP,OSC_PREDICTOR,0.18171296296296302,1.0,False
PURE_DNO|DNO_PERIOD_7_REFERENCE|DNO_ZERO_CROSS_UP|8H|UP,8H,UP,PURE_DNO,0.3191137566137566,1.0,False
STOCH|DINAPOLI_PREFERRED_STOCHASTIC_REFERENCE_V1|K_CROSS_UP_D|K_CROSS_DOWN_D|8H|UP,8H,UP,STOCHASTIC,0.39835858585858586,1.0,False
STOCH|DISPLACED_STOCH_K14_KS3_D3_SHIFT2_V1|K_CROSS_UP_D|K_CROSS_DOWN_D|8H|UP,8H,UP,STOCHASTIC,0.30228288633461053,1.0,False
STOCH|DISPLACED_STOCH_K14_KS3_D3_SHIFT3_V1|K_CROSS_UP_D|K_CROSS_DOWN_D|8H|UP,8H,UP,STOCHASTIC,0.30228288633461053,1.0,False
STOCH|DISPLACED_STOCH_K14_KS3_D3_SHIFT5_V1|K_CROSS_UP_D|K_CROSS_DOWN_D|8H|UP,8H,UP,STOCHASTIC,0.30228288633461053,1.0,False
STOCH|DISPLACED_STOCH_K21_KS5_D5_SHIFT2_V1|K_CROSS_UP_D|K_CROSS_DOWN_D|8H|UP,8H,UP,STOCHASTIC,0.31773830603511877,1.0,False
STOCH|DISPLACED_STOCH_K21_KS5_D5_SHIFT3_V1|K_CROSS_UP_D|K_CROSS_DOWN_D|8H|UP,8H,UP,STOCHASTIC,0.31773830603511877,1.0,False
STOCH|DISPLACED_STOCH_K21_KS5_D5_SHIFT5_V1|K_CROSS_UP_D|K_CROSS_DOWN_D|8H|UP,8H,UP,STOCHASTIC,0.31773830603511877,1.0,False
STOCH|DISPLACED_STOCH_K5_KS3_D3_SHIFT2_V1|K_CROSS_UP_D|K_CROSS_DOWN_D|8H|UP,8H,UP,STOCHASTIC,0.3193635068635069,1.0,False
STOCH|DISPLACED_STOCH_K5_KS3_D3_SHIFT3_V1|K_CROSS_UP_D|K_CROSS_DOWN_D|8H|UP,8H,UP,STOCHASTIC,0.3193635068635069,1.0,False
STOCH|DISPLACED_STOCH_K5_KS3_D3_SHIFT5_V1|K_CROSS_UP_D|K_CROSS_DOWN_D|8H|UP,8H,UP,STOCHASTIC,0.3193635068635069,1.0,False
STOCH|DISPLACED_STOCH_K9_KS3_D3_SHIFT2_V1|K_CROSS_UP_D|K_CROSS_DOWN_D|8H|UP,8H,UP,STOCHASTIC,0.2940688329839274,1.0,False
STOCH|DISPLACED_STOCH_K9_KS3_D3_SHIFT3_V1|K_CROSS_UP_D|K_CROSS_DOWN_D|8H|UP,8H,UP,STOCHASTIC,0.2940688329839274,1.0,False
STOCH|DISPLACED_STOCH_K9_KS3_D3_SHIFT5_V1|K_CROSS_UP_D|K_CROSS_DOWN_D|8H|UP,8H,UP,STOCHASTIC,0.2940688329839274,1.0,False
STOCH|STOCH_K14_KS3_D3_SHIFT0_V1|K_CROSS_UP_D|K_CROSS_DOWN_D|8H|UP,8H,UP,STOCHASTIC,0.30228288633461053,1.0,False
STOCH|STOCH_K21_KS5_D5_SHIFT0_V1|K_CROSS_UP_D|K_CROSS_DOWN_D|8H|UP,8H,UP,STOCHASTIC,0.31773830603511877,1.0,False
STOCH|STOCH_K5_KS3_D3_SHIFT0_V1|K_CROSS_UP_D|K_CROSS_DOWN_D|8H|UP,8H,UP,STOCHASTIC,0.3193635068635069,1.0,False
STOCH|STOCH_K9_KS3_D3_SHIFT0_V1|K_CROSS_UP_D|K_CROSS_DOWN_D|8H|UP,8H,UP,STOCHASTIC,0.2940688329839274,1.0,False
