cluster_id,members,size
0,"['DMA|DMA_EMA_P10_SHIFT5_V1|MA_SLOPE_TURN_UP|MA_SLOPE_TURN_DOWN|12H|DOWN', 'DMA|DMA_EMA_P10_SHIFT5_V1|PRICE_CROSS_UP_MA|PRICE_CROSS_DOWN_MA|12H|DOWN']",2
1,"['DMA|DMA_EMA_P10_SHIFT5_V1|MA_SLOPE_TURN_UP|MA_SLOPE_TURN_DOWN|12H|UP', 'DMA|DMA_EMA_P10_SHIFT5_V1|PRICE_CROSS_UP_MA|PRICE_CROSS_DOWN_MA|12H|UP']",2
2,"['DMA|DMA_EMA_P10_SHIFT5_V1|MA_SLOPE_TURN_UP|MA_SLOPE_TURN_DOWN|15m|DOWN', 'DMA|DMA_EMA_P10_SHIFT5_V1|PRICE_CROSS_UP_MA|PRICE_CROSS_DOWN_MA|15m|DOWN']",2
3,"['DMA|DMA_EMA_P10_SHIFT5_V1|MA_SLOPE_TURN_UP|MA_SLOPE_TURN_DOWN|15m|UP', 'DMA|DMA_EMA_P10_SHIFT5_V1|PRICE_CROSS_UP_MA|PRICE_CROSS_DOWN_MA|15m|UP']",2
4,"['DMA|DMA_EMA_P10_SHIFT5_V1|MA_SLOPE_TURN_UP|MA_SLOPE_TURN_DOWN|1D|DOWN', 'DMA|DMA_EMA_P10_SHIFT5_V1|PRICE_CROSS_UP_MA|PRICE_CROSS_DOWN_MA|1D|DOWN']",2
5,"['DMA|DMA_EMA_P10_SHIFT5_V1|MA_SLOPE_TURN_UP|MA_SLOPE_TURN_DOWN|1D|UP', 'DMA|DMA_EMA_P10_SHIFT5_V1|PRICE_CROSS_UP_MA|PRICE_CROSS_DOWN_MA|1D|UP']",2
6,"['DMA|DMA_EMA_P10_SHIFT5_V1|MA_SLOPE_TURN_UP|MA_SLOPE_TURN_DOWN|1H|DOWN', 'DMA|DMA_EMA_P10_SHIFT5_V1|PRICE_CROSS_UP_MA|PRICE_CROSS_DOWN_MA|1H|DOWN']",2
7,"['DMA|DMA_EMA_P10_SHIFT5_V1|MA_SLOPE_TURN_UP|MA_SLOPE_TURN_DOWN|1H|UP', 'DMA|DMA_EMA_P10_SHIFT5_V1|PRICE_CROSS_UP_MA|PRICE_CROSS_DOWN_MA|1H|UP']",2
8,"['DMA|DMA_EMA_P10_SHIFT5_V1|MA_SLOPE_TURN_UP|MA_SLOPE_TURN_DOWN|2H|DOWN', 'DMA|DMA_EMA_P10_SHIFT5_V1|PRICE_CROSS_UP_MA|PRICE_CROSS_DOWN_MA|2H|DOWN']",2
9,"['DMA|DMA_EMA_P10_SHIFT5_V1|MA_SLOPE_TURN_UP|MA_SLOPE_TURN_DOWN|2H|UP', 'DMA|DMA_EMA_P10_SHIFT5_V1|PRICE_CROSS_UP_MA|PRICE_CROSS_DOWN_MA|2H|UP']",2
10,"['DMA|DMA_EMA_P10_SHIFT5_V1|MA_SLOPE_TURN_UP|MA_SLOPE_TURN_DOWN|30m|DOWN', 'DMA|DMA_EMA_P10_SHIFT5_V1|PRICE_CROSS_UP_MA|PRICE_CROSS_DOWN_MA|30m|DOWN']",2
11,"['DMA|DMA_EMA_P10_SHIFT5_V1|MA_SLOPE_TURN_UP|MA_SLOPE_TURN_DOWN|30m|UP', 'DMA|DMA_EMA_P10_SHIFT5_V1|PRICE_CROSS_UP_MA|PRICE_CROSS_DOWN_MA|30m|UP']",2
12,"['DMA|DMA_EMA_P10_SHIFT5_V1|MA_SLOPE_TURN_UP|MA_SLOPE_TURN_DOWN|4H|DOWN', 'DMA|DMA_EMA_P10_SHIFT5_V1|PRICE_CROSS_UP_MA|PRICE_CROSS_DOWN_MA|4H|DOWN']",2
13,"['DMA|DMA_EMA_P10_SHIFT5_V1|MA_SLOPE_TURN_UP|MA_SLOPE_TURN_DOWN|4H|UP', 'DMA|DMA_EMA_P10_SHIFT5_V1|PRICE_CROSS_UP_MA|PRICE_CROSS_DOWN_MA|4H|UP']",2
14,"['DMA|DMA_EMA_P10_SHIFT5_V1|MA_SLOPE_TURN_UP|MA_SLOPE_TURN_DOWN|5m|DOWN', 'DMA|DMA_EMA_P10_SHIFT5_V1|PRICE_CROSS_UP_MA|PRICE_CROSS_DOWN_MA|5m|DOWN']",2
15,"['DMA|DMA_EMA_P10_SHIFT5_V1|MA_SLOPE_TURN_UP|MA_SLOPE_TURN_DOWN|5m|UP', 'DMA|DMA_EMA_P10_SHIFT5_V1|PRICE_CROSS_UP_MA|PRICE_CROSS_DOWN_MA|5m|UP']",2
16,"['DMA|DMA_EMA_P10_SHIFT5_V1|MA_SLOPE_TURN_UP|MA_SLOPE_TURN_DOWN|6H|DOWN', 'DMA|DMA_EMA_P10_SHIFT5_V1|PRICE_CROSS_UP_MA|PRICE_CROSS_DOWN_MA|6H|DOWN']",2
17,"['DMA|DMA_EMA_P10_SHIFT5_V1|MA_SLOPE_TURN_UP|MA_SLOPE_TURN_DOWN|6H|UP', 'DMA|DMA_EMA_P10_SHIFT5_V1|PRICE_CROSS_UP_MA|PRICE_CROSS_DOWN_MA|6H|UP']",2
18,"['DMA|DMA_EMA_P10_SHIFT5_V1|MA_SLOPE_TURN_UP|MA_SLOPE_TURN_DOWN|8H|DOWN', 'DMA|DMA_EMA_P10_SHIFT5_V1|PRICE_CROSS_UP_MA|PRICE_CROSS_DOWN_MA|8H|DOWN']",2
19,"['DMA|DMA_EMA_P10_SHIFT5_V1|MA_SLOPE_TURN_UP|MA_SLOPE_TURN_DOWN|8H|UP', 'DMA|DMA_EMA_P10_SHIFT5_V1|PRICE_CROSS_UP_MA|PRICE_CROSS_DOWN_MA|8H|UP']",2
20,"['DMA|DMA_EMA_P14_SHIFT5_V1|MA_SLOPE_TURN_UP|MA_SLOPE_TURN_DOWN|12H|DOWN', 'DMA|DMA_EMA_P14_SHIFT5_V1|PRICE_CROSS_UP_MA|PRICE_CROSS_DOWN_MA|12H|DOWN', 'DMA|DMA_EMA_P14_SHIFT8_V1|MA_SLOPE_TURN_UP|MA_SLOPE_TURN_DOWN|12H|DOWN', 'DMA|DMA_EMA_P14_SHIFT8_V1|PRICE_CROSS_UP_MA|PRICE_CROSS_DOWN_MA|12H|DOWN']",4
21,"['DMA|DMA_EMA_P14_SHIFT5_V1|MA_SLOPE_TURN_UP|MA_SLOPE_TURN_DOWN|12H|UP', 'DMA|DMA_EMA_P14_SHIFT5_V1|PRICE_CROSS_UP_MA|PRICE_CROSS_DOWN_MA|12H|UP', 'DMA|DMA_EMA_P14_SHIFT8_V1|MA_SLOPE_TURN_UP|MA_SLOPE_TURN_DOWN|12H|UP', 'DMA|DMA_EMA_P14_SHIFT8_V1|PRICE_CROSS_UP_MA|PRICE_CROSS_DOWN_MA|12H|UP']",4
22,"['DMA|DMA_EMA_P14_SHIFT5_V1|MA_SLOPE_TURN_UP|MA_SLOPE_TURN_DOWN|15m|DOWN', 'DMA|DMA_EMA_P14_SHIFT5_V1|PRICE_CROSS_UP_MA|PRICE_CROSS_DOWN_MA|15m|DOWN', 'DMA|DMA_EMA_P14_SHIFT8_V1|MA_SLOPE_TURN_UP|MA_SLOPE_TURN_DOWN|15m|DOWN', 'DMA|DMA_EMA_P14_SHIFT8_V1|PRICE_CROSS_UP_MA|PRICE_CROSS_DOWN_MA|15m|DOWN']",4
23,"['DMA|DMA_EMA_P14_SHIFT5_V1|MA_SLOPE_TURN_UP|MA_SLOPE_TURN_DOWN|15m|UP', 'DMA|DMA_EMA_P14_SHIFT5_V1|PRICE_CROSS_UP_MA|PRICE_CROSS_DOWN_MA|15m|UP', 'DMA|DMA_EMA_P14_SHIFT8_V1|MA_SLOPE_TURN_UP|MA_SLOPE_TURN_DOWN|15m|UP', 'DMA|DMA_EMA_P14_SHIFT8_V1|PRICE_CROSS_UP_MA|PRICE_CROSS_DOWN_MA|15m|UP']",4
24,"['DMA|DMA_EMA_P14_SHIFT5_V1|MA_SLOPE_TURN_UP|MA_SLOPE_TURN_DOWN|1D|DOWN', 'DMA|DMA_EMA_P14_SHIFT5_V1|PRICE_CROSS_UP_MA|PRICE_CROSS_DOWN_MA|1D|DOWN', 'DMA|DMA_EMA_P14_SHIFT8_V1|MA_SLOPE_TURN_UP|MA_SLOPE_TURN_DOWN|1D|DOWN', 'DMA|DMA_EMA_P14_SHIFT8_V1|PRICE_CROSS_UP_MA|PRICE_CROSS_DOWN_MA|1D|DOWN']",4
25,"['DMA|DMA_EMA_P14_SHIFT5_V1|MA_SLOPE_TURN_UP|MA_SLOPE_TURN_DOWN|1D|UP', 'DMA|DMA_EMA_P14_SHIFT5_V1|PRICE_CROSS_UP_MA|PRICE_CROSS_DOWN_MA|1D|UP', 'DMA|DMA_EMA_P14_SHIFT8_V1|MA_SLOPE_TURN_UP|MA_SLOPE_TURN_DOWN|1D|UP', 'DMA|DMA_EMA_P14_SHIFT8_V1|PRICE_CROSS_UP_MA|PRICE_CROSS_DOWN_MA|1D|UP']",4
26,"['DMA|DMA_EMA_P14_SHIFT5_V1|MA_SLOPE_TURN_UP|MA_SLOPE_TURN_DOWN|1H|DOWN', 'DMA|DMA_EMA_P14_SHIFT5_V1|PRICE_CROSS_UP_MA|PRICE_CROSS_DOWN_MA|1H|DOWN', 'DMA|DMA_EMA_P14_SHIFT8_V1|MA_SLOPE_TURN_UP|MA_SLOPE_TURN_DOWN|1H|DOWN', 'DMA|DMA_EMA_P14_SHIFT8_V1|PRICE_CROSS_UP_MA|PRICE_CROSS_DOWN_MA|1H|DOWN']",4
27,"['DMA|DMA_EMA_P14_SHIFT5_V1|MA_SLOPE_TURN_UP|MA_SLOPE_TURN_DOWN|1H|UP', 'DMA|DMA_EMA_P14_SHIFT5_V1|PRICE_CROSS_UP_MA|PRICE_CROSS_DOWN_MA|1H|UP', 'DMA|DMA_EMA_P14_SHIFT8_V1|MA_SLOPE_TURN_UP|MA_SLOPE_TURN_DOWN|1H|UP', 'DMA|DMA_EMA_P14_SHIFT8_V1|PRICE_CROSS_UP_MA|PRICE_CROSS_DOWN_MA|1H|UP']",4
28,"['DMA|DMA_EMA_P14_SHIFT5_V1|MA_SLOPE_TURN_UP|MA_SLOPE_TURN_DOWN|2H|DOWN', 'DMA|DMA_EMA_P14_SHIFT5_V1|PRICE_CROSS_UP_MA|PRICE_CROSS_DOWN_MA|2H|DOWN', 'DMA|DMA_EMA_P14_SHIFT8_V1|MA_SLOPE_TURN_UP|MA_SLOPE_TURN_DOWN|2H|DOWN', 'DMA|DMA_EMA_P14_SHIFT8_V1|PRICE_CROSS_UP_MA|PRICE_CROSS_DOWN_MA|2H|DOWN']",4
29,"['DMA|DMA_EMA_P14_SHIFT5_V1|MA_SLOPE_TURN_UP|MA_SLOPE_TURN_DOWN|2H|UP', 'DMA|DMA_EMA_P14_SHIFT5_V1|PRICE_CROSS_UP_MA|PRICE_CROSS_DOWN_MA|2H|UP', 'DMA|DMA_EMA_P14_SHIFT8_V1|MA_SLOPE_TURN_UP|MA_SLOPE_TURN_DOWN|2H|UP', 'DMA|DMA_EMA_P14_SHIFT8_V1|PRICE_CROSS_UP_MA|PRICE_CROSS_DOWN_MA|2H|UP']",4
30,"['DMA|DMA_EMA_P14_SHIFT5_V1|MA_SLOPE_TURN_UP|MA_SLOPE_TURN_DOWN|30m|DOWN', 'DMA|DMA_EMA_P14_SHIFT5_V1|PRICE_CROSS_UP_MA|PRICE_CROSS_DOWN_MA|30m|DOWN', 'DMA|DMA_EMA_P14_SHIFT8_V1|MA_SLOPE_TURN_UP|MA_SLOPE_TURN_DOWN|30m|DOWN', 'DMA|DMA_EMA_P14_SHIFT8_V1|PRICE_CROSS_UP_MA|PRICE_CROSS_DOWN_MA|30m|DOWN']",4
31,"['DMA|DMA_EMA_P14_SHIFT5_V1|MA_SLOPE_TURN_UP|MA_SLOPE_TURN_DOWN|30m|UP', 'DMA|DMA_EMA_P14_SHIFT5_V1|PRICE_CROSS_UP_MA|PRICE_CROSS_DOWN_MA|30m|UP', 'DMA|DMA_EMA_P14_SHIFT8_V1|MA_SLOPE_TURN_UP|MA_SLOPE_TURN_DOWN|30m|UP', 'DMA|DMA_EMA_P14_SHIFT8_V1|PRICE_CROSS_UP_MA|PRICE_CROSS_DOWN_MA|30m|UP']",4
32,"['DMA|DMA_EMA_P14_SHIFT5_V1|MA_SLOPE_TURN_UP|MA_SLOPE_TURN_DOWN|4H|DOWN', 'DMA|DMA_EMA_P14_SHIFT5_V1|PRICE_CROSS_UP_MA|PRICE_CROSS_DOWN_MA|4H|DOWN', 'DMA|DMA_EMA_P14_SHIFT8_V1|MA_SLOPE_TURN_UP|MA_SLOPE_TURN_DOWN|4H|DOWN', 'DMA|DMA_EMA_P14_SHIFT8_V1|PRICE_CROSS_UP_MA|PRICE_CROSS_DOWN_MA|4H|DOWN']",4
33,"['DMA|DMA_EMA_P14_SHIFT5_V1|MA_SLOPE_TURN_UP|MA_SLOPE_TURN_DOWN|4H|UP', 'DMA|DMA_EMA_P14_SHIFT5_V1|PRICE_CROSS_UP_MA|PRICE_CROSS_DOWN_MA|4H|UP', 'DMA|DMA_EMA_P14_SHIFT8_V1|MA_SLOPE_TURN_UP|MA_SLOPE_TURN_DOWN|4H|UP', 'DMA|DMA_EMA_P14_SHIFT8_V1|PRICE_CROSS_UP_MA|PRICE_CROSS_DOWN_MA|4H|UP']",4
34,"['DMA|DMA_EMA_P14_SHIFT5_V1|MA_SLOPE_TURN_UP|MA_SLOPE_TURN_DOWN|5m|DOWN', 'DMA|DMA_EMA_P14_SHIFT5_V1|PRICE_CROSS_UP_MA|PRICE_CROSS_DOWN_MA|5m|DOWN', 'DMA|DMA_EMA_P14_SHIFT8_V1|MA_SLOPE_TURN_UP|MA_SLOPE_TURN_DOWN|5m|DOWN', 'DMA|DMA_EMA_P14_SHIFT8_V1|PRICE_CROSS_UP_MA|PRICE_CROSS_DOWN_MA|5m|DOWN']",4
35,"['DMA|DMA_EMA_P14_SHIFT5_V1|MA_SLOPE_TURN_UP|MA_SLOPE_TURN_DOWN|5m|UP', 'DMA|DMA_EMA_P14_SHIFT5_V1|PRICE_CROSS_UP_MA|PRICE_CROSS_DOWN_MA|5m|UP', 'DMA|DMA_EMA_P14_SHIFT8_V1|MA_SLOPE_TURN_UP|MA_SLOPE_TURN_DOWN|5m|UP', 'DMA|DMA_EMA_P14_SHIFT8_V1|PRICE_CROSS_UP_MA|PRICE_CROSS_DOWN_MA|5m|UP']",4
36,"['DMA|DMA_EMA_P14_SHIFT5_V1|MA_SLOPE_TURN_UP|MA_SLOPE_TURN_DOWN|6H|DOWN', 'DMA|DMA_EMA_P14_SHIFT5_V1|PRICE_CROSS_UP_MA|PRICE_CROSS_DOWN_MA|6H|DOWN', 'DMA|DMA_EMA_P14_SHIFT8_V1|MA_SLOPE_TURN_UP|MA_SLOPE_TURN_DOWN|6H|DOWN', 'DMA|DMA_EMA_P14_SHIFT8_V1|PRICE_CROSS_UP_MA|PRICE_CROSS_DOWN_MA|6H|DOWN']",4
37,"['DMA|DMA_EMA_P14_SHIFT5_V1|MA_SLOPE_TURN_UP|MA_SLOPE_TURN_DOWN|6H|UP', 'DMA|DMA_EMA_P14_SHIFT5_V1|PRICE_CROSS_UP_MA|PRICE_CROSS_DOWN_MA|6H|UP', 'DMA|DMA_EMA_P14_SHIFT8_V1|MA_SLOPE_TURN_UP|MA_SLOPE_TURN_DOWN|6H|UP', 'DMA|DMA_EMA_P14_SHIFT8_V1|PRICE_CROSS_UP_MA|PRICE_CROSS_DOWN_MA|6H|UP']",4
38,"['DMA|DMA_EMA_P14_SHIFT5_V1|MA_SLOPE_TURN_UP|MA_SLOPE_TURN_DOWN|8H|DOWN', 'DMA|DMA_EMA_P14_SHIFT5_V1|PRICE_CROSS_UP_MA|PRICE_CROSS_DOWN_MA|8H|DOWN', 'DMA|DMA_EMA_P14_SHIFT8_V1|MA_SLOPE_TURN_UP|MA_SLOPE_TURN_DOWN|8H|DOWN', 'DMA|DMA_EMA_P14_SHIFT8_V1|PRICE_CROSS_UP_MA|PRICE_CROSS_DOWN_MA|8H|DOWN']",4
39,"['DMA|DMA_EMA_P14_SHIFT5_V1|MA_SLOPE_TURN_UP|MA_SLOPE_TURN_DOWN|8H|UP', 'DMA|DMA_EMA_P14_SHIFT5_V1|PRICE_CROSS_UP_MA|PRICE_CROSS_DOWN_MA|8H|UP', 'DMA|DMA_EMA_P14_SHIFT8_V1|MA_SLOPE_TURN_UP|MA_SLOPE_TURN_DOWN|8H|UP', 'DMA|DMA_EMA_P14_SHIFT8_V1|PRICE_CROSS_UP_MA|PRICE_CROSS_DOWN_MA|8H|UP']",4
40,"['DMA|DMA_EMA_P20_SHIFT5_V1|MA_SLOPE_TURN_UP|MA_SLOPE_TURN_DOWN|12H|DOWN', 'DMA|DMA_EMA_P20_SHIFT5_V1|PRICE_CROSS_UP_MA|PRICE_CROSS_DOWN_MA|12H|DOWN']",2
41,"['DMA|DMA_EMA_P20_SHIFT5_V1|MA_SLOPE_TURN_UP|MA_SLOPE_TURN_DOWN|12H|UP', 'DMA|DMA_EMA_P20_SHIFT5_V1|PRICE_CROSS_UP_MA|PRICE_CROSS_DOWN_MA|12H|UP']",2
42,"['DMA|DMA_EMA_P20_SHIFT5_V1|MA_SLOPE_TURN_UP|MA_SLOPE_TURN_DOWN|15m|DOWN', 'DMA|DMA_EMA_P20_SHIFT5_V1|PRICE_CROSS_UP_MA|PRICE_CROSS_DOWN_MA|15m|DOWN']",2
43,"['DMA|DMA_EMA_P20_SHIFT5_V1|MA_SLOPE_TURN_UP|MA_SLOPE_TURN_DOWN|15m|UP', 'DMA|DMA_EMA_P20_SHIFT5_V1|PRICE_CROSS_UP_MA|PRICE_CROSS_DOWN_MA|15m|UP']",2
44,"['DMA|DMA_EMA_P20_SHIFT5_V1|MA_SLOPE_TURN_UP|MA_SLOPE_TURN_DOWN|1D|DOWN', 'DMA|DMA_EMA_P20_SHIFT5_V1|PRICE_CROSS_UP_MA|PRICE_CROSS_DOWN_MA|1D|DOWN']",2
45,"['DMA|DMA_EMA_P20_SHIFT5_V1|MA_SLOPE_TURN_UP|MA_SLOPE_TURN_DOWN|1D|UP', 'DMA|DMA_EMA_P20_SHIFT5_V1|PRICE_CROSS_UP_MA|PRICE_CROSS_DOWN_MA|1D|UP']",2
46,"['DMA|DMA_EMA_P20_SHIFT5_V1|MA_SLOPE_TURN_UP|MA_SLOPE_TURN_DOWN|1H|DOWN', 'DMA|DMA_EMA_P20_SHIFT5_V1|PRICE_CROSS_UP_MA|PRICE_CROSS_DOWN_MA|1H|DOWN']",2
47,"['DMA|DMA_EMA_P20_SHIFT5_V1|MA_SLOPE_TURN_UP|MA_SLOPE_TURN_DOWN|1H|UP', 'DMA|DMA_EMA_P20_SHIFT5_V1|PRICE_CROSS_UP_MA|PRICE_CROSS_DOWN_MA|1H|UP']",2
48,"['DMA|DMA_EMA_P20_SHIFT5_V1|MA_SLOPE_TURN_UP|MA_SLOPE_TURN_DOWN|2H|DOWN', 'DMA|DMA_EMA_P20_SHIFT5_V1|PRICE_CROSS_UP_MA|PRICE_CROSS_DOWN_MA|2H|DOWN']",2
49,"['DMA|DMA_EMA_P20_SHIFT5_V1|MA_SLOPE_TURN_UP|MA_SLOPE_TURN_DOWN|2H|UP', 'DMA|DMA_EMA_P20_SHIFT5_V1|PRICE_CROSS_UP_MA|PRICE_CROSS_DOWN_MA|2H|UP']",2
50,"['DMA|DMA_EMA_P20_SHIFT5_V1|MA_SLOPE_TURN_UP|MA_SLOPE_TURN_DOWN|30m|DOWN', 'DMA|DMA_EMA_P20_SHIFT5_V1|PRICE_CROSS_UP_MA|PRICE_CROSS_DOWN_MA|30m|DOWN']",2
51,"['DMA|DMA_EMA_P20_SHIFT5_V1|MA_SLOPE_TURN_UP|MA_SLOPE_TURN_DOWN|30m|UP', 'DMA|DMA_EMA_P20_SHIFT5_V1|PRICE_CROSS_UP_MA|PRICE_CROSS_DOWN_MA|30m|UP']",2
52,"['DMA|DMA_EMA_P20_SHIFT5_V1|MA_SLOPE_TURN_UP|MA_SLOPE_TURN_DOWN|4H|DOWN', 'DMA|DMA_EMA_P20_SHIFT5_V1|PRICE_CROSS_UP_MA|PRICE_CROSS_DOWN_MA|4H|DOWN']",2
53,"['DMA|DMA_EMA_P20_SHIFT5_V1|MA_SLOPE_TURN_UP|MA_SLOPE_TURN_DOWN|4H|UP', 'DMA|DMA_EMA_P20_SHIFT5_V1|PRICE_CROSS_UP_MA|PRICE_CROSS_DOWN_MA|4H|UP']",2
54,"['DMA|DMA_EMA_P20_SHIFT5_V1|MA_SLOPE_TURN_UP|MA_SLOPE_TURN_DOWN|5m|DOWN', 'DMA|DMA_EMA_P20_SHIFT5_V1|PRICE_CROSS_UP_MA|PRICE_CROSS_DOWN_MA|5m|DOWN']",2
55,"['DMA|DMA_EMA_P20_SHIFT5_V1|MA_SLOPE_TURN_UP|MA_SLOPE_TURN_DOWN|5m|UP', 'DMA|DMA_EMA_P20_SHIFT5_V1|PRICE_CROSS_UP_MA|PRICE_CROSS_DOWN_MA|5m|UP']",2
56,"['DMA|DMA_EMA_P20_SHIFT5_V1|MA_SLOPE_TURN_UP|MA_SLOPE_TURN_DOWN|6H|DOWN', 'DMA|DMA_EMA_P20_SHIFT5_V1|PRICE_CROSS_UP_MA|PRICE_CROSS_DOWN_MA|6H|DOWN']",2
57,"['DMA|DMA_EMA_P20_SHIFT5_V1|MA_SLOPE_TURN_UP|MA_SLOPE_TURN_DOWN|6H|UP', 'DMA|DMA_EMA_P20_SHIFT5_V1|PRICE_CROSS_UP_MA|PRICE_CROSS_DOWN_MA|6H|UP']",2
58,"['DMA|DMA_EMA_P20_SHIFT5_V1|MA_SLOPE_TURN_UP|MA_SLOPE_TURN_DOWN|8H|DOWN', 'DMA|DMA_EMA_P20_SHIFT5_V1|PRICE_CROSS_UP_MA|PRICE_CROSS_DOWN_MA|8H|DOWN']",2
59,"['DMA|DMA_EMA_P20_SHIFT5_V1|MA_SLOPE_TURN_UP|MA_SLOPE_TURN_DOWN|8H|UP', 'DMA|DMA_EMA_P20_SHIFT5_V1|PRICE_CROSS_UP_MA|PRICE_CROSS_DOWN_MA|8H|UP']",2
60,"['DMA|DMA_EMA_P25_SHIFT5_V1|MA_SLOPE_TURN_UP|MA_SLOPE_TURN_DOWN|12H|DOWN', 'DMA|DMA_EMA_P25_SHIFT5_V1|PRICE_CROSS_UP_MA|PRICE_CROSS_DOWN_MA|12H|DOWN', 'DMA|DMA_EMA_P25_SHIFT8_V1|MA_SLOPE_TURN_UP|MA_SLOPE_TURN_DOWN|12H|DOWN', 'DMA|DMA_EMA_P25_SHIFT8_V1|PRICE_CROSS_UP_MA|PRICE_CROSS_DOWN_MA|12H|DOWN']",4
61,"['DMA|DMA_EMA_P25_SHIFT5_V1|MA_SLOPE_TURN_UP|MA_SLOPE_TURN_DOWN|12H|UP', 'DMA|DMA_EMA_P25_SHIFT5_V1|PRICE_CROSS_UP_MA|PRICE_CROSS_DOWN_MA|12H|UP', 'DMA|DMA_EMA_P25_SHIFT8_V1|MA_SLOPE_TURN_UP|MA_SLOPE_TURN_DOWN|12H|UP', 'DMA|DMA_EMA_P25_SHIFT8_V1|PRICE_CROSS_UP_MA|PRICE_CROSS_DOWN_MA|12H|UP']",4
62,"['DMA|DMA_EMA_P25_SHIFT5_V1|MA_SLOPE_TURN_UP|MA_SLOPE_TURN_DOWN|15m|DOWN', 'DMA|DMA_EMA_P25_SHIFT5_V1|PRICE_CROSS_UP_MA|PRICE_CROSS_DOWN_MA|15m|DOWN', 'DMA|DMA_EMA_P25_SHIFT8_V1|MA_SLOPE_TURN_UP|MA_SLOPE_TURN_DOWN|15m|DOWN', 'DMA|DMA_EMA_P25_SHIFT8_V1|PRICE_CROSS_UP_MA|PRICE_CROSS_DOWN_MA|15m|DOWN']",4
63,"['DMA|DMA_EMA_P25_SHIFT5_V1|MA_SLOPE_TURN_UP|MA_SLOPE_TURN_DOWN|15m|UP', 'DMA|DMA_EMA_P25_SHIFT5_V1|PRICE_CROSS_UP_MA|PRICE_CROSS_DOWN_MA|15m|UP', 'DMA|DMA_EMA_P25_SHIFT8_V1|MA_SLOPE_TURN_UP|MA_SLOPE_TURN_DOWN|15m|UP', 'DMA|DMA_EMA_P25_SHIFT8_V1|PRICE_CROSS_UP_MA|PRICE_CROSS_DOWN_MA|15m|UP']",4
64,"['DMA|DMA_EMA_P25_SHIFT5_V1|MA_SLOPE_TURN_UP|MA_SLOPE_TURN_DOWN|1D|DOWN', 'DMA|DMA_EMA_P25_SHIFT5_V1|PRICE_CROSS_UP_MA|PRICE_CROSS_DOWN_MA|1D|DOWN', 'DMA|DMA_EMA_P25_SHIFT8_V1|MA_SLOPE_TURN_UP|MA_SLOPE_TURN_DOWN|1D|DOWN', 'DMA|DMA_EMA_P25_SHIFT8_V1|PRICE_CROSS_UP_MA|PRICE_CROSS_DOWN_MA|1D|DOWN']",4
65,"['DMA|DMA_EMA_P25_SHIFT5_V1|MA_SLOPE_TURN_UP|MA_SLOPE_TURN_DOWN|1D|UP', 'DMA|DMA_EMA_P25_SHIFT5_V1|PRICE_CROSS_UP_MA|PRICE_CROSS_DOWN_MA|1D|UP', 'DMA|DMA_EMA_P25_SHIFT8_V1|MA_SLOPE_TURN_UP|MA_SLOPE_TURN_DOWN|1D|UP', 'DMA|DMA_EMA_P25_SHIFT8_V1|PRICE_CROSS_UP_MA|PRICE_CROSS_DOWN_MA|1D|UP']",4
66,"['DMA|DMA_EMA_P25_SHIFT5_V1|MA_SLOPE_TURN_UP|MA_SLOPE_TURN_DOWN|1H|DOWN', 'DMA|DMA_EMA_P25_SHIFT5_V1|PRICE_CROSS_UP_MA|PRICE_CROSS_DOWN_MA|1H|DOWN', 'DMA|DMA_EMA_P25_SHIFT8_V1|MA_SLOPE_TURN_UP|MA_SLOPE_TURN_DOWN|1H|DOWN', 'DMA|DMA_EMA_P25_SHIFT8_V1|PRICE_CROSS_UP_MA|PRICE_CROSS_DOWN_MA|1H|DOWN']",4
67,"['DMA|DMA_EMA_P25_SHIFT5_V1|MA_SLOPE_TURN_UP|MA_SLOPE_TURN_DOWN|1H|UP', 'DMA|DMA_EMA_P25_SHIFT5_V1|PRICE_CROSS_UP_MA|PRICE_CROSS_DOWN_MA|1H|UP', 'DMA|DMA_EMA_P25_SHIFT8_V1|MA_SLOPE_TURN_UP|MA_SLOPE_TURN_DOWN|1H|UP', 'DMA|DMA_EMA_P25_SHIFT8_V1|PRICE_CROSS_UP_MA|PRICE_CROSS_DOWN_MA|1H|UP']",4
68,"['DMA|DMA_EMA_P25_SHIFT5_V1|MA_SLOPE_TURN_UP|MA_SLOPE_TURN_DOWN|2H|DOWN', 'DMA|DMA_EMA_P25_SHIFT5_V1|PRICE_CROSS_UP_MA|PRICE_CROSS_DOWN_MA|2H|DOWN', 'DMA|DMA_EMA_P25_SHIFT8_V1|MA_SLOPE_TURN_UP|MA_SLOPE_TURN_DOWN|2H|DOWN', 'DMA|DMA_EMA_P25_SHIFT8_V1|PRICE_CROSS_UP_MA|PRICE_CROSS_DOWN_MA|2H|DOWN']",4
69,"['DMA|DMA_EMA_P25_SHIFT5_V1|MA_SLOPE_TURN_UP|MA_SLOPE_TURN_DOWN|2H|UP', 'DMA|DMA_EMA_P25_SHIFT5_V1|PRICE_CROSS_UP_MA|PRICE_CROSS_DOWN_MA|2H|UP', 'DMA|DMA_EMA_P25_SHIFT8_V1|MA_SLOPE_TURN_UP|MA_SLOPE_TURN_DOWN|2H|UP', 'DMA|DMA_EMA_P25_SHIFT8_V1|PRICE_CROSS_UP_MA|PRICE_CROSS_DOWN_MA|2H|UP']",4
70,"['DMA|DMA_EMA_P25_SHIFT5_V1|MA_SLOPE_TURN_UP|MA_SLOPE_TURN_DOWN|30m|DOWN', 'DMA|DMA_EMA_P25_SHIFT5_V1|PRICE_CROSS_UP_MA|PRICE_CROSS_DOWN_MA|30m|DOWN', 'DMA|DMA_EMA_P25_SHIFT8_V1|MA_SLOPE_TURN_UP|MA_SLOPE_TURN_DOWN|30m|DOWN', 'DMA|DMA_EMA_P25_SHIFT8_V1|PRICE_CROSS_UP_MA|PRICE_CROSS_DOWN_MA|30m|DOWN']",4
71,"['DMA|DMA_EMA_P25_SHIFT5_V1|MA_SLOPE_TURN_UP|MA_SLOPE_TURN_DOWN|30m|UP', 'DMA|DMA_EMA_P25_SHIFT5_V1|PRICE_CROSS_UP_MA|PRICE_CROSS_DOWN_MA|30m|UP', 'DMA|DMA_EMA_P25_SHIFT8_V1|MA_SLOPE_TURN_UP|MA_SLOPE_TURN_DOWN|30m|UP', 'DMA|DMA_EMA_P25_SHIFT8_V1|PRICE_CROSS_UP_MA|PRICE_CROSS_DOWN_MA|30m|UP']",4
72,"['DMA|DMA_EMA_P25_SHIFT5_V1|MA_SLOPE_TURN_UP|MA_SLOPE_TURN_DOWN|4H|DOWN', 'DMA|DMA_EMA_P25_SHIFT5_V1|PRICE_CROSS_UP_MA|PRICE_CROSS_DOWN_MA|4H|DOWN', 'DMA|DMA_EMA_P25_SHIFT8_V1|MA_SLOPE_TURN_UP|MA_SLOPE_TURN_DOWN|4H|DOWN', 'DMA|DMA_EMA_P25_SHIFT8_V1|PRICE_CROSS_UP_MA|PRICE_CROSS_DOWN_MA|4H|DOWN']",4
73,"['DMA|DMA_EMA_P25_SHIFT5_V1|MA_SLOPE_TURN_UP|MA_SLOPE_TURN_DOWN|4H|UP', 'DMA|DMA_EMA_P25_SHIFT5_V1|PRICE_CROSS_UP_MA|PRICE_CROSS_DOWN_MA|4H|UP', 'DMA|DMA_EMA_P25_SHIFT8_V1|MA_SLOPE_TURN_UP|MA_SLOPE_TURN_DOWN|4H|UP', 'DMA|DMA_EMA_P25_SHIFT8_V1|PRICE_CROSS_UP_MA|PRICE_CROSS_DOWN_MA|4H|UP']",4
74,"['DMA|DMA_EMA_P25_SHIFT5_V1|MA_SLOPE_TURN_UP|MA_SLOPE_TURN_DOWN|5m|DOWN', 'DMA|DMA_EMA_P25_SHIFT5_V1|PRICE_CROSS_UP_MA|PRICE_CROSS_DOWN_MA|5m|DOWN', 'DMA|DMA_EMA_P25_SHIFT8_V1|MA_SLOPE_TURN_UP|MA_SLOPE_TURN_DOWN|5m|DOWN', 'DMA|DMA_EMA_P25_SHIFT8_V1|PRICE_CROSS_UP_MA|PRICE_CROSS_DOWN_MA|5m|DOWN']",4
75,"['DMA|DMA_EMA_P25_SHIFT5_V1|MA_SLOPE_TURN_UP|MA_SLOPE_TURN_DOWN|5m|UP', 'DMA|DMA_EMA_P25_SHIFT5_V1|PRICE_CROSS_UP_MA|PRICE_CROSS_DOWN_MA|5m|UP', 'DMA|DMA_EMA_P25_SHIFT8_V1|MA_SLOPE_TURN_UP|MA_SLOPE_TURN_DOWN|5m|UP', 'DMA|DMA_EMA_P25_SHIFT8_V1|PRICE_CROSS_UP_MA|PRICE_CROSS_DOWN_MA|5m|UP']",4
76,"['DMA|DMA_EMA_P25_SHIFT5_V1|MA_SLOPE_TURN_UP|MA_SLOPE_TURN_DOWN|6H|DOWN', 'DMA|DMA_EMA_P25_SHIFT5_V1|PRICE_CROSS_UP_MA|PRICE_CROSS_DOWN_MA|6H|DOWN', 'DMA|DMA_EMA_P25_SHIFT8_V1|MA_SLOPE_TURN_UP|MA_SLOPE_TURN_DOWN|6H|DOWN', 'DMA|DMA_EMA_P25_SHIFT8_V1|PRICE_CROSS_UP_MA|PRICE_CROSS_DOWN_MA|6H|DOWN']",4
77,"['DMA|DMA_EMA_P25_SHIFT5_V1|MA_SLOPE_TURN_UP|MA_SLOPE_TURN_DOWN|6H|UP', 'DMA|DMA_EMA_P25_SHIFT5_V1|PRICE_CROSS_UP_MA|PRICE_CROSS_DOWN_MA|6H|UP', 'DMA|DMA_EMA_P25_SHIFT8_V1|MA_SLOPE_TURN_UP|MA_SLOPE_TURN_DOWN|6H|UP', 'DMA|DMA_EMA_P25_SHIFT8_V1|PRICE_CROSS_UP_MA|PRICE_CROSS_DOWN_MA|6H|UP']",4
78,"['DMA|DMA_EMA_P25_SHIFT5_V1|MA_SLOPE_TURN_UP|MA_SLOPE_TURN_DOWN|8H|DOWN', 'DMA|DMA_EMA_P25_SHIFT5_V1|PRICE_CROSS_UP_MA|PRICE_CROSS_DOWN_MA|8H|DOWN', 'DMA|DMA_EMA_P25_SHIFT8_V1|MA_SLOPE_TURN_UP|MA_SLOPE_TURN_DOWN|8H|DOWN', 'DMA|DMA_EMA_P25_SHIFT8_V1|PRICE_CROSS_UP_MA|PRICE_CROSS_DOWN_MA|8H|DOWN']",4
79,"['DMA|DMA_EMA_P25_SHIFT5_V1|MA_SLOPE_TURN_UP|MA_SLOPE_TURN_DOWN|8H|UP', 'DMA|DMA_EMA_P25_SHIFT5_V1|PRICE_CROSS_UP_MA|PRICE_CROSS_DOWN_MA|8H|UP', 'DMA|DMA_EMA_P25_SHIFT8_V1|MA_SLOPE_TURN_UP|MA_SLOPE_TURN_DOWN|8H|UP', 'DMA|DMA_EMA_P25_SHIFT8_V1|PRICE_CROSS_UP_MA|PRICE_CROSS_DOWN_MA|8H|UP']",4
80,"['DMA|DMA_EMA_P3_SHIFT0_V1|MA_SLOPE_TURN_UP|MA_SLOPE_TURN_DOWN|12H|DOWN', 'DMA|DMA_EMA_P3_SHIFT0_V1|PRICE_CROSS_UP_MA|PRICE_CROSS_DOWN_MA|12H|DOWN', 'DMA|DMA_EMA_P3_SHIFT2_V1|MA_SLOPE_TURN_UP|MA_SLOPE_TURN_DOWN|12H|DOWN', 'DMA|DMA_EMA_P3_SHIFT2_V1|PRICE_CROSS_UP_MA|PRICE_CROSS_DOWN_MA|12H|DOWN', 'DMA|DMA_EMA_P3_SHIFT3_V1|MA_SLOPE_TURN_UP|MA_SLOPE_TURN_DOWN|12H|DOWN', 'DMA|DMA_EMA_P3_SHIFT3_V1|PRICE_CROSS_UP_MA|PRICE_CROSS_DOWN_MA|12H|DOWN', 'DMA|DMA_EMA_P3_SHIFT5_V1|MA_SLOPE_TURN_UP|MA_SLOPE_TURN_DOWN|12H|DOWN', 'DMA|DMA_EMA_P3_SHIFT5_V1|PRICE_CROSS_UP_MA|PRICE_CROSS_DOWN_MA|12H|DOWN']",8
81,"['DMA|DMA_EMA_P3_SHIFT0_V1|MA_SLOPE_TURN_UP|MA_SLOPE_TURN_DOWN|12H|UP', 'DMA|DMA_EMA_P3_SHIFT0_V1|PRICE_CROSS_UP_MA|PRICE_CROSS_DOWN_MA|12H|UP', 'DMA|DMA_EMA_P3_SHIFT2_V1|MA_SLOPE_TURN_UP|MA_SLOPE_TURN_DOWN|12H|UP', 'DMA|DMA_EMA_P3_SHIFT2_V1|PRICE_CROSS_UP_MA|PRICE_CROSS_DOWN_MA|12H|UP', 'DMA|DMA_EMA_P3_SHIFT3_V1|MA_SLOPE_TURN_UP|MA_SLOPE_TURN_DOWN|12H|UP', 'DMA|DMA_EMA_P3_SHIFT3_V1|PRICE_CROSS_UP_MA|PRICE_CROSS_DOWN_MA|12H|UP', 'DMA|DMA_EMA_P3_SHIFT5_V1|MA_SLOPE_TURN_UP|MA_SLOPE_TURN_DOWN|12H|UP', 'DMA|DMA_EMA_P3_SHIFT5_V1|PRICE_CROSS_UP_MA|PRICE_CROSS_DOWN_MA|12H|UP']",8
82,"['DMA|DMA_EMA_P3_SHIFT0_V1|MA_SLOPE_TURN_UP|MA_SLOPE_TURN_DOWN|15m|DOWN', 'DMA|DMA_EMA_P3_SHIFT0_V1|PRICE_CROSS_UP_MA|PRICE_CROSS_DOWN_MA|15m|DOWN', 'DMA|DMA_EMA_P3_SHIFT2_V1|MA_SLOPE_TURN_UP|MA_SLOPE_TURN_DOWN|15m|DOWN', 'DMA|DMA_EMA_P3_SHIFT2_V1|PRICE_CROSS_UP_MA|PRICE_CROSS_DOWN_MA|15m|DOWN', 'DMA|DMA_EMA_P3_SHIFT3_V1|MA_SLOPE_TURN_UP|MA_SLOPE_TURN_DOWN|15m|DOWN', 'DMA|DMA_EMA_P3_SHIFT3_V1|PRICE_CROSS_UP_MA|PRICE_CROSS_DOWN_MA|15m|DOWN', 'DMA|DMA_EMA_P3_SHIFT5_V1|MA_SLOPE_TURN_UP|MA_SLOPE_TURN_DOWN|15m|DOWN', 'DMA|DMA_EMA_P3_SHIFT5_V1|PRICE_CROSS_UP_MA|PRICE_CROSS_DOWN_MA|15m|DOWN']",8
83,"['DMA|DMA_EMA_P3_SHIFT0_V1|MA_SLOPE_TURN_UP|MA_SLOPE_TURN_DOWN|15m|UP', 'DMA|DMA_EMA_P3_SHIFT0_V1|PRICE_CROSS_UP_MA|PRICE_CROSS_DOWN_MA|15m|UP', 'DMA|DMA_EMA_P3_SHIFT2_V1|MA_SLOPE_TURN_UP|MA_SLOPE_TURN_DOWN|15m|UP', 'DMA|DMA_EMA_P3_SHIFT2_V1|PRICE_CROSS_UP_MA|PRICE_CROSS_DOWN_MA|15m|UP', 'DMA|DMA_EMA_P3_SHIFT3_V1|MA_SLOPE_TURN_UP|MA_SLOPE_TURN_DOWN|15m|UP', 'DMA|DMA_EMA_P3_SHIFT3_V1|PRICE_CROSS_UP_MA|PRICE_CROSS_DOWN_MA|15m|UP', 'DMA|DMA_EMA_P3_SHIFT5_V1|MA_SLOPE_TURN_UP|MA_SLOPE_TURN_DOWN|15m|UP', 'DMA|DMA_EMA_P3_SHIFT5_V1|PRICE_CROSS_UP_MA|PRICE_CROSS_DOWN_MA|15m|UP']",8
84,"['DMA|DMA_EMA_P3_SHIFT0_V1|MA_SLOPE_TURN_UP|MA_SLOPE_TURN_DOWN|1D|DOWN', 'DMA|DMA_EMA_P3_SHIFT0_V1|PRICE_CROSS_UP_MA|PRICE_CROSS_DOWN_MA|1D|DOWN', 'DMA|DMA_EMA_P3_SHIFT2_V1|MA_SLOPE_TURN_UP|MA_SLOPE_TURN_DOWN|1D|DOWN', 'DMA|DMA_EMA_P3_SHIFT2_V1|PRICE_CROSS_UP_MA|PRICE_CROSS_DOWN_MA|1D|DOWN', 'DMA|DMA_EMA_P3_SHIFT3_V1|MA_SLOPE_TURN_UP|MA_SLOPE_TURN_DOWN|1D|DOWN', 'DMA|DMA_EMA_P3_SHIFT3_V1|PRICE_CROSS_UP_MA|PRICE_CROSS_DOWN_MA|1D|DOWN', 'DMA|DMA_EMA_P3_SHIFT5_V1|MA_SLOPE_TURN_UP|MA_SLOPE_TURN_DOWN|1D|DOWN', 'DMA|DMA_EMA_P3_SHIFT5_V1|PRICE_CROSS_UP_MA|PRICE_CROSS_DOWN_MA|1D|DOWN']",8
85,"['DMA|DMA_EMA_P3_SHIFT0_V1|MA_SLOPE_TURN_UP|MA_SLOPE_TURN_DOWN|1D|UP', 'DMA|DMA_EMA_P3_SHIFT0_V1|PRICE_CROSS_UP_MA|PRICE_CROSS_DOWN_MA|1D|UP', 'DMA|DMA_EMA_P3_SHIFT2_V1|MA_SLOPE_TURN_UP|MA_SLOPE_TURN_DOWN|1D|UP', 'DMA|DMA_EMA_P3_SHIFT2_V1|PRICE_CROSS_UP_MA|PRICE_CROSS_DOWN_MA|1D|UP', 'DMA|DMA_EMA_P3_SHIFT3_V1|MA_SLOPE_TURN_UP|MA_SLOPE_TURN_DOWN|1D|UP', 'DMA|DMA_EMA_P3_SHIFT3_V1|PRICE_CROSS_UP_MA|PRICE_CROSS_DOWN_MA|1D|UP', 'DMA|DMA_EMA_P3_SHIFT5_V1|MA_SLOPE_TURN_UP|MA_SLOPE_TURN_DOWN|1D|UP', 'DMA|DMA_EMA_P3_SHIFT5_V1|PRICE_CROSS_UP_MA|PRICE_CROSS_DOWN_MA|1D|UP']",8
86,"['DMA|DMA_EMA_P3_SHIFT0_V1|MA_SLOPE_TURN_UP|MA_SLOPE_TURN_DOWN|1H|DOWN', 'DMA|DMA_EMA_P3_SHIFT0_V1|PRICE_CROSS_UP_MA|PRICE_CROSS_DOWN_MA|1H|DOWN', 'DMA|DMA_EMA_P3_SHIFT2_V1|MA_SLOPE_TURN_UP|MA_SLOPE_TURN_DOWN|1H|DOWN', 'DMA|DMA_EMA_P3_SHIFT2_V1|PRICE_CROSS_UP_MA|PRICE_CROSS_DOWN_MA|1H|DOWN', 'DMA|DMA_EMA_P3_SHIFT3_V1|MA_SLOPE_TURN_UP|MA_SLOPE_TURN_DOWN|1H|DOWN', 'DMA|DMA_EMA_P3_SHIFT3_V1|PRICE_CROSS_UP_MA|PRICE_CROSS_DOWN_MA|1H|DOWN', 'DMA|DMA_EMA_P3_SHIFT5_V1|MA_SLOPE_TURN_UP|MA_SLOPE_TURN_DOWN|1H|DOWN', 'DMA|DMA_EMA_P3_SHIFT5_V1|PRICE_CROSS_UP_MA|PRICE_CROSS_DOWN_MA|1H|DOWN']",8
87,"['DMA|DMA_EMA_P3_SHIFT0_V1|MA_SLOPE_TURN_UP|MA_SLOPE_TURN_DOWN|1H|UP', 'DMA|DMA_EMA_P3_SHIFT0_V1|PRICE_CROSS_UP_MA|PRICE_CROSS_DOWN_MA|1H|UP', 'DMA|DMA_EMA_P3_SHIFT2_V1|MA_SLOPE_TURN_UP|MA_SLOPE_TURN_DOWN|1H|UP', 'DMA|DMA_EMA_P3_SHIFT2_V1|PRICE_CROSS_UP_MA|PRICE_CROSS_DOWN_MA|1H|UP', 'DMA|DMA_EMA_P3_SHIFT3_V1|MA_SLOPE_TURN_UP|MA_SLOPE_TURN_DOWN|1H|UP', 'DMA|DMA_EMA_P3_SHIFT3_V1|PRICE_CROSS_UP_MA|PRICE_CROSS_DOWN_MA|1H|UP', 'DMA|DMA_EMA_P3_SHIFT5_V1|MA_SLOPE_TURN_UP|MA_SLOPE_TURN_DOWN|1H|UP', 'DMA|DMA_EMA_P3_SHIFT5_V1|PRICE_CROSS_UP_MA|PRICE_CROSS_DOWN_MA|1H|UP']",8
88,"['DMA|DMA_EMA_P3_SHIFT0_V1|MA_SLOPE_TURN_UP|MA_SLOPE_TURN_DOWN|2H|DOWN', 'DMA|DMA_EMA_P3_SHIFT0_V1|PRICE_CROSS_UP_MA|PRICE_CROSS_DOWN_MA|2H|DOWN', 'DMA|DMA_EMA_P3_SHIFT2_V1|MA_SLOPE_TURN_UP|MA_SLOPE_TURN_DOWN|2H|DOWN', 'DMA|DMA_EMA_P3_SHIFT2_V1|PRICE_CROSS_UP_MA|PRICE_CROSS_DOWN_MA|2H|DOWN', 'DMA|DMA_EMA_P3_SHIFT3_V1|MA_SLOPE_TURN_UP|MA_SLOPE_TURN_DOWN|2H|DOWN', 'DMA|DMA_EMA_P3_SHIFT3_V1|PRICE_CROSS_UP_MA|PRICE_CROSS_DOWN_MA|2H|DOWN', 'DMA|DMA_EMA_P3_SHIFT5_V1|MA_SLOPE_TURN_UP|MA_SLOPE_TURN_DOWN|2H|DOWN', 'DMA|DMA_EMA_P3_SHIFT5_V1|PRICE_CROSS_UP_MA|PRICE_CROSS_DOWN_MA|2H|DOWN']",8
89,"['DMA|DMA_EMA_P3_SHIFT0_V1|MA_SLOPE_TURN_UP|MA_SLOPE_TURN_DOWN|2H|UP', 'DMA|DMA_EMA_P3_SHIFT0_V1|PRICE_CROSS_UP_MA|PRICE_CROSS_DOWN_MA|2H|UP', 'DMA|DMA_EMA_P3_SHIFT2_V1|MA_SLOPE_TURN_UP|MA_SLOPE_TURN_DOWN|2H|UP', 'DMA|DMA_EMA_P3_SHIFT2_V1|PRICE_CROSS_UP_MA|PRICE_CROSS_DOWN_MA|2H|UP', 'DMA|DMA_EMA_P3_SHIFT3_V1|MA_SLOPE_TURN_UP|MA_SLOPE_TURN_DOWN|2H|UP', 'DMA|DMA_EMA_P3_SHIFT3_V1|PRICE_CROSS_UP_MA|PRICE_CROSS_DOWN_MA|2H|UP', 'DMA|DMA_EMA_P3_SHIFT5_V1|MA_SLOPE_TURN_UP|MA_SLOPE_TURN_DOWN|2H|UP', 'DMA|DMA_EMA_P3_SHIFT5_V1|PRICE_CROSS_UP_MA|PRICE_CROSS_DOWN_MA|2H|UP']",8
90,"['DMA|DMA_EMA_P3_SHIFT0_V1|MA_SLOPE_TURN_UP|MA_SLOPE_TURN_DOWN|30m|DOWN', 'DMA|DMA_EMA_P3_SHIFT0_V1|PRICE_CROSS_UP_MA|PRICE_CROSS_DOWN_MA|30m|DOWN', 'DMA|DMA_EMA_P3_SHIFT2_V1|MA_SLOPE_TURN_UP|MA_SLOPE_TURN_DOWN|30m|DOWN', 'DMA|DMA_EMA_P3_SHIFT2_V1|PRICE_CROSS_UP_MA|PRICE_CROSS_DOWN_MA|30m|DOWN', 'DMA|DMA_EMA_P3_SHIFT3_V1|MA_SLOPE_TURN_UP|MA_SLOPE_TURN_DOWN|30m|DOWN', 'DMA|DMA_EMA_P3_SHIFT3_V1|PRICE_CROSS_UP_MA|PRICE_CROSS_DOWN_MA|30m|DOWN', 'DMA|DMA_EMA_P3_SHIFT5_V1|MA_SLOPE_TURN_UP|MA_SLOPE_TURN_DOWN|30m|DOWN', 'DMA|DMA_EMA_P3_SHIFT5_V1|PRICE_CROSS_UP_MA|PRICE_CROSS_DOWN_MA|30m|DOWN']",8
91,"['DMA|DMA_EMA_P3_SHIFT0_V1|MA_SLOPE_TURN_UP|MA_SLOPE_TURN_DOWN|30m|UP', 'DMA|DMA_EMA_P3_SHIFT0_V1|PRICE_CROSS_UP_MA|PRICE_CROSS_DOWN_MA|30m|UP', 'DMA|DMA_EMA_P3_SHIFT2_V1|MA_SLOPE_TURN_UP|MA_SLOPE_TURN_DOWN|30m|UP', 'DMA|DMA_EMA_P3_SHIFT2_V1|PRICE_CROSS_UP_MA|PRICE_CROSS_DOWN_MA|30m|UP', 'DMA|DMA_EMA_P3_SHIFT3_V1|MA_SLOPE_TURN_UP|MA_SLOPE_TURN_DOWN|30m|UP', 'DMA|DMA_EMA_P3_SHIFT3_V1|PRICE_CROSS_UP_MA|PRICE_CROSS_DOWN_MA|30m|UP', 'DMA|DMA_EMA_P3_SHIFT5_V1|MA_SLOPE_TURN_UP|MA_SLOPE_TURN_DOWN|30m|UP', 'DMA|DMA_EMA_P3_SHIFT5_V1|PRICE_CROSS_UP_MA|PRICE_CROSS_DOWN_MA|30m|UP']",8
92,"['DMA|DMA_EMA_P3_SHIFT0_V1|MA_SLOPE_TURN_UP|MA_SLOPE_TURN_DOWN|4H|DOWN', 'DMA|DMA_EMA_P3_SHIFT0_V1|PRICE_CROSS_UP_MA|PRICE_CROSS_DOWN_MA|4H|DOWN', 'DMA|DMA_EMA_P3_SHIFT2_V1|MA_SLOPE_TURN_UP|MA_SLOPE_TURN_DOWN|4H|DOWN', 'DMA|DMA_EMA_P3_SHIFT2_V1|PRICE_CROSS_UP_MA|PRICE_CROSS_DOWN_MA|4H|DOWN', 'DMA|DMA_EMA_P3_SHIFT3_V1|MA_SLOPE_TURN_UP|MA_SLOPE_TURN_DOWN|4H|DOWN', 'DMA|DMA_EMA_P3_SHIFT3_V1|PRICE_CROSS_UP_MA|PRICE_CROSS_DOWN_MA|4H|DOWN', 'DMA|DMA_EMA_P3_SHIFT5_V1|MA_SLOPE_TURN_UP|MA_SLOPE_TURN_DOWN|4H|DOWN', 'DMA|DMA_EMA_P3_SHIFT5_V1|PRICE_CROSS_UP_MA|PRICE_CROSS_DOWN_MA|4H|DOWN']",8
93,"['DMA|DMA_EMA_P3_SHIFT0_V1|MA_SLOPE_TURN_UP|MA_SLOPE_TURN_DOWN|4H|UP', 'DMA|DMA_EMA_P3_SHIFT0_V1|PRICE_CROSS_UP_MA|PRICE_CROSS_DOWN_MA|4H|UP', 'DMA|DMA_EMA_P3_SHIFT2_V1|MA_SLOPE_TURN_UP|MA_SLOPE_TURN_DOWN|4H|UP', 'DMA|DMA_EMA_P3_SHIFT2_V1|PRICE_CROSS_UP_MA|PRICE_CROSS_DOWN_MA|4H|UP', 'DMA|DMA_EMA_P3_SHIFT3_V1|MA_SLOPE_TURN_UP|MA_SLOPE_TURN_DOWN|4H|UP', 'DMA|DMA_EMA_P3_SHIFT3_V1|PRICE_CROSS_UP_MA|PRICE_CROSS_DOWN_MA|4H|UP', 'DMA|DMA_EMA_P3_SHIFT5_V1|MA_SLOPE_TURN_UP|MA_SLOPE_TURN_DOWN|4H|UP', 'DMA|DMA_EMA_P3_SHIFT5_V1|PRICE_CROSS_UP_MA|PRICE_CROSS_DOWN_MA|4H|UP']",8
94,"['DMA|DMA_EMA_P3_SHIFT0_V1|MA_SLOPE_TURN_UP|MA_SLOPE_TURN_DOWN|5m|DOWN', 'DMA|DMA_EMA_P3_SHIFT0_V1|PRICE_CROSS_UP_MA|PRICE_CROSS_DOWN_MA|5m|DOWN', 'DMA|DMA_EMA_P3_SHIFT2_V1|MA_SLOPE_TURN_UP|MA_SLOPE_TURN_DOWN|5m|DOWN', 'DMA|DMA_EMA_P3_SHIFT2_V1|PRICE_CROSS_UP_MA|PRICE_CROSS_DOWN_MA|5m|DOWN', 'DMA|DMA_EMA_P3_SHIFT3_V1|MA_SLOPE_TURN_UP|MA_SLOPE_TURN_DOWN|5m|DOWN', 'DMA|DMA_EMA_P3_SHIFT3_V1|PRICE_CROSS_UP_MA|PRICE_CROSS_DOWN_MA|5m|DOWN', 'DMA|DMA_EMA_P3_SHIFT5_V1|MA_SLOPE_TURN_UP|MA_SLOPE_TURN_DOWN|5m|DOWN', 'DMA|DMA_EMA_P3_SHIFT5_V1|PRICE_CROSS_UP_MA|PRICE_CROSS_DOWN_MA|5m|DOWN']",8
95,"['DMA|DMA_EMA_P3_SHIFT0_V1|MA_SLOPE_TURN_UP|MA_SLOPE_TURN_DOWN|5m|UP', 'DMA|DMA_EMA_P3_SHIFT0_V1|PRICE_CROSS_UP_MA|PRICE_CROSS_DOWN_MA|5m|UP', 'DMA|DMA_EMA_P3_SHIFT2_V1|MA_SLOPE_TURN_UP|MA_SLOPE_TURN_DOWN|5m|UP', 'DMA|DMA_EMA_P3_SHIFT2_V1|PRICE_CROSS_UP_MA|PRICE_CROSS_DOWN_MA|5m|UP', 'DMA|DMA_EMA_P3_SHIFT3_V1|MA_SLOPE_TURN_UP|MA_SLOPE_TURN_DOWN|5m|UP', 'DMA|DMA_EMA_P3_SHIFT3_V1|PRICE_CROSS_UP_MA|PRICE_CROSS_DOWN_MA|5m|UP', 'DMA|DMA_EMA_P3_SHIFT5_V1|MA_SLOPE_TURN_UP|MA_SLOPE_TURN_DOWN|5m|UP', 'DMA|DMA_EMA_P3_SHIFT5_V1|PRICE_CROSS_UP_MA|PRICE_CROSS_DOWN_MA|5m|UP']",8
96,"['DMA|DMA_EMA_P3_SHIFT0_V1|MA_SLOPE_TURN_UP|MA_SLOPE_TURN_DOWN|6H|DOWN', 'DMA|DMA_EMA_P3_SHIFT0_V1|PRICE_CROSS_UP_MA|PRICE_CROSS_DOWN_MA|6H|DOWN', 'DMA|DMA_EMA_P3_SHIFT2_V1|MA_SLOPE_TURN_UP|MA_SLOPE_TURN_DOWN|6H|DOWN', 'DMA|DMA_EMA_P3_SHIFT2_V1|PRICE_CROSS_UP_MA|PRICE_CROSS_DOWN_MA|6H|DOWN', 'DMA|DMA_EMA_P3_SHIFT3_V1|MA_SLOPE_TURN_UP|MA_SLOPE_TURN_DOWN|6H|DOWN', 'DMA|DMA_EMA_P3_SHIFT3_V1|PRICE_CROSS_UP_MA|PRICE_CROSS_DOWN_MA|6H|DOWN', 'DMA|DMA_EMA_P3_SHIFT5_V1|MA_SLOPE_TURN_UP|MA_SLOPE_TURN_DOWN|6H|DOWN', 'DMA|DMA_EMA_P3_SHIFT5_V1|PRICE_CROSS_UP_MA|PRICE_CROSS_DOWN_MA|6H|DOWN']",8
97,"['DMA|DMA_EMA_P3_SHIFT0_V1|MA_SLOPE_TURN_UP|MA_SLOPE_TURN_DOWN|6H|UP', 'DMA|DMA_EMA_P3_SHIFT0_V1|PRICE_CROSS_UP_MA|PRICE_CROSS_DOWN_MA|6H|UP', 'DMA|DMA_EMA_P3_SHIFT2_V1|MA_SLOPE_TURN_UP|MA_SLOPE_TURN_DOWN|6H|UP', 'DMA|DMA_EMA_P3_SHIFT2_V1|PRICE_CROSS_UP_MA|PRICE_CROSS_DOWN_MA|6H|UP', 'DMA|DMA_EMA_P3_SHIFT3_V1|MA_SLOPE_TURN_UP|MA_SLOPE_TURN_DOWN|6H|UP', 'DMA|DMA_EMA_P3_SHIFT3_V1|PRICE_CROSS_UP_MA|PRICE_CROSS_DOWN_MA|6H|UP', 'DMA|DMA_EMA_P3_SHIFT5_V1|MA_SLOPE_TURN_UP|MA_SLOPE_TURN_DOWN|6H|UP', 'DMA|DMA_EMA_P3_SHIFT5_V1|PRICE_CROSS_UP_MA|PRICE_CROSS_DOWN_MA|6H|UP']",8
98,"['DMA|DMA_EMA_P3_SHIFT0_V1|MA_SLOPE_TURN_UP|MA_SLOPE_TURN_DOWN|8H|DOWN', 'DMA|DMA_EMA_P3_SHIFT0_V1|PRICE_CROSS_UP_MA|PRICE_CROSS_DOWN_MA|8H|DOWN', 'DMA|DMA_EMA_P3_SHIFT2_V1|MA_SLOPE_TURN_UP|MA_SLOPE_TURN_DOWN|8H|DOWN', 'DMA|DMA_EMA_P3_SHIFT2_V1|PRICE_CROSS_UP_MA|PRICE_CROSS_DOWN_MA|8H|DOWN', 'DMA|DMA_EMA_P3_SHIFT3_V1|MA_SLOPE_TURN_UP|MA_SLOPE_TURN_DOWN|8H|DOWN', 'DMA|DMA_EMA_P3_SHIFT3_V1|PRICE_CROSS_UP_MA|PRICE_CROSS_DOWN_MA|8H|DOWN', 'DMA|DMA_EMA_P3_SHIFT5_V1|MA_SLOPE_TURN_UP|MA_SLOPE_TURN_DOWN|8H|DOWN', 'DMA|DMA_EMA_P3_SHIFT5_V1|PRICE_CROSS_UP_MA|PRICE_CROSS_DOWN_MA|8H|DOWN']",8
99,"['DMA|DMA_EMA_P3_SHIFT0_V1|MA_SLOPE_TURN_UP|MA_SLOPE_TURN_DOWN|8H|UP', 'DMA|DMA_EMA_P3_SHIFT0_V1|PRICE_CROSS_UP_MA|PRICE_CROSS_DOWN_MA|8H|UP', 'DMA|DMA_EMA_P3_SHIFT2_V1|MA_SLOPE_TURN_UP|MA_SLOPE_TURN_DOWN|8H|UP', 'DMA|DMA_EMA_P3_SHIFT2_V1|PRICE_CROSS_UP_MA|PRICE_CROSS_DOWN_MA|8H|UP', 'DMA|DMA_EMA_P3_SHIFT3_V1|MA_SLOPE_TURN_UP|MA_SLOPE_TURN_DOWN|8H|UP', 'DMA|DMA_EMA_P3_SHIFT3_V1|PRICE_CROSS_UP_MA|PRICE_CROSS_DOWN_MA|8H|UP', 'DMA|DMA_EMA_P3_SHIFT5_V1|MA_SLOPE_TURN_UP|MA_SLOPE_TURN_DOWN|8H|UP', 'DMA|DMA_EMA_P3_SHIFT5_V1|PRICE_CROSS_UP_MA|PRICE_CROSS_DOWN_MA|8H|UP']",8
100,"['DMA|DMA_EMA_P5_SHIFT3_V1|MA_SLOPE_TURN_UP|MA_SLOPE_TURN_DOWN|12H|DOWN', 'DMA|DMA_EMA_P5_SHIFT3_V1|PRICE_CROSS_UP_MA|PRICE_CROSS_DOWN_MA|12H|DOWN', 'DMA|DMA_EMA_P5_SHIFT5_V1|MA_SLOPE_TURN_UP|MA_SLOPE_TURN_DOWN|12H|DOWN', 'DMA|DMA_EMA_P5_SHIFT5_V1|PRICE_CROSS_UP_MA|PRICE_CROSS_DOWN_MA|12H|DOWN']",4
101,"['DMA|DMA_EMA_P5_SHIFT3_V1|MA_SLOPE_TURN_UP|MA_SLOPE_TURN_DOWN|12H|UP', 'DMA|DMA_EMA_P5_SHIFT3_V1|PRICE_CROSS_UP_MA|PRICE_CROSS_DOWN_MA|12H|UP', 'DMA|DMA_EMA_P5_SHIFT5_V1|MA_SLOPE_TURN_UP|MA_SLOPE_TURN_DOWN|12H|UP', 'DMA|DMA_EMA_P5_SHIFT5_V1|PRICE_CROSS_UP_MA|PRICE_CROSS_DOWN_MA|12H|UP']",4
102,"['DMA|DMA_EMA_P5_SHIFT3_V1|MA_SLOPE_TURN_UP|MA_SLOPE_TURN_DOWN|15m|DOWN', 'DMA|DMA_EMA_P5_SHIFT3_V1|PRICE_CROSS_UP_MA|PRICE_CROSS_DOWN_MA|15m|DOWN', 'DMA|DMA_EMA_P5_SHIFT5_V1|MA_SLOPE_TURN_UP|MA_SLOPE_TURN_DOWN|15m|DOWN', 'DMA|DMA_EMA_P5_SHIFT5_V1|PRICE_CROSS_UP_MA|PRICE_CROSS_DOWN_MA|15m|DOWN']",4
103,"['DMA|DMA_EMA_P5_SHIFT3_V1|MA_SLOPE_TURN_UP|MA_SLOPE_TURN_DOWN|15m|UP', 'DMA|DMA_EMA_P5_SHIFT3_V1|PRICE_CROSS_UP_MA|PRICE_CROSS_DOWN_MA|15m|UP', 'DMA|DMA_EMA_P5_SHIFT5_V1|MA_SLOPE_TURN_UP|MA_SLOPE_TURN_DOWN|15m|UP', 'DMA|DMA_EMA_P5_SHIFT5_V1|PRICE_CROSS_UP_MA|PRICE_CROSS_DOWN_MA|15m|UP']",4
104,"['DMA|DMA_EMA_P5_SHIFT3_V1|MA_SLOPE_TURN_UP|MA_SLOPE_TURN_DOWN|1D|DOWN', 'DMA|DMA_EMA_P5_SHIFT3_V1|PRICE_CROSS_UP_MA|PRICE_CROSS_DOWN_MA|1D|DOWN', 'DMA|DMA_EMA_P5_SHIFT5_V1|MA_SLOPE_TURN_UP|MA_SLOPE_TURN_DOWN|1D|DOWN', 'DMA|DMA_EMA_P5_SHIFT5_V1|PRICE_CROSS_UP_MA|PRICE_CROSS_DOWN_MA|1D|DOWN']",4
105,"['DMA|DMA_EMA_P5_SHIFT3_V1|MA_SLOPE_TURN_UP|MA_SLOPE_TURN_DOWN|1D|UP', 'DMA|DMA_EMA_P5_SHIFT3_V1|PRICE_CROSS_UP_MA|PRICE_CROSS_DOWN_MA|1D|UP', 'DMA|DMA_EMA_P5_SHIFT5_V1|MA_SLOPE_TURN_UP|MA_SLOPE_TURN_DOWN|1D|UP', 'DMA|DMA_EMA_P5_SHIFT5_V1|PRICE_CROSS_UP_MA|PRICE_CROSS_DOWN_MA|1D|UP']",4
106,"['DMA|DMA_EMA_P5_SHIFT3_V1|MA_SLOPE_TURN_UP|MA_SLOPE_TURN_DOWN|1H|DOWN', 'DMA|DMA_EMA_P5_SHIFT3_V1|PRICE_CROSS_UP_MA|PRICE_CROSS_DOWN_MA|1H|DOWN', 'DMA|DMA_EMA_P5_SHIFT5_V1|MA_SLOPE_TURN_UP|MA_SLOPE_TURN_DOWN|1H|DOWN', 'DMA|DMA_EMA_P5_SHIFT5_V1|PRICE_CROSS_UP_MA|PRICE_CROSS_DOWN_MA|1H|DOWN']",4
107,"['DMA|DMA_EMA_P5_SHIFT3_V1|MA_SLOPE_TURN_UP|MA_SLOPE_TURN_DOWN|1H|UP', 'DMA|DMA_EMA_P5_SHIFT3_V1|PRICE_CROSS_UP_MA|PRICE_CROSS_DOWN_MA|1H|UP', 'DMA|DMA_EMA_P5_SHIFT5_V1|MA_SLOPE_TURN_UP|MA_SLOPE_TURN_DOWN|1H|UP', 'DMA|DMA_EMA_P5_SHIFT5_V1|PRICE_CROSS_UP_MA|PRICE_CROSS_DOWN_MA|1H|UP']",4
108,"['DMA|DMA_EMA_P5_SHIFT3_V1|MA_SLOPE_TURN_UP|MA_SLOPE_TURN_DOWN|2H|DOWN', 'DMA|DMA_EMA_P5_SHIFT3_V1|PRICE_CROSS_UP_MA|PRICE_CROSS_DOWN_MA|2H|DOWN', 'DMA|DMA_EMA_P5_SHIFT5_V1|MA_SLOPE_TURN_UP|MA_SLOPE_TURN_DOWN|2H|DOWN', 'DMA|DMA_EMA_P5_SHIFT5_V1|PRICE_CROSS_UP_MA|PRICE_CROSS_DOWN_MA|2H|DOWN']",4
109,"['DMA|DMA_EMA_P5_SHIFT3_V1|MA_SLOPE_TURN_UP|MA_SLOPE_TURN_DOWN|2H|UP', 'DMA|DMA_EMA_P5_SHIFT3_V1|PRICE_CROSS_UP_MA|PRICE_CROSS_DOWN_MA|2H|UP', 'DMA|DMA_EMA_P5_SHIFT5_V1|MA_SLOPE_TURN_UP|MA_SLOPE_TURN_DOWN|2H|UP', 'DMA|DMA_EMA_P5_SHIFT5_V1|PRICE_CROSS_UP_MA|PRICE_CROSS_DOWN_MA|2H|UP']",4
110,"['DMA|DMA_EMA_P5_SHIFT3_V1|MA_SLOPE_TURN_UP|MA_SLOPE_TURN_DOWN|30m|DOWN', 'DMA|DMA_EMA_P5_SHIFT3_V1|PRICE_CROSS_UP_MA|PRICE_CROSS_DOWN_MA|30m|DOWN', 'DMA|DMA_EMA_P5_SHIFT5_V1|MA_SLOPE_TURN_UP|MA_SLOPE_TURN_DOWN|30m|DOWN', 'DMA|DMA_EMA_P5_SHIFT5_V1|PRICE_CROSS_UP_MA|PRICE_CROSS_DOWN_MA|30m|DOWN']",4
111,"['DMA|DMA_EMA_P5_SHIFT3_V1|MA_SLOPE_TURN_UP|MA_SLOPE_TURN_DOWN|30m|UP', 'DMA|DMA_EMA_P5_SHIFT3_V1|PRICE_CROSS_UP_MA|PRICE_CROSS_DOWN_MA|30m|UP', 'DMA|DMA_EMA_P5_SHIFT5_V1|MA_SLOPE_TURN_UP|MA_SLOPE_TURN_DOWN|30m|UP', 'DMA|DMA_EMA_P5_SHIFT5_V1|PRICE_CROSS_UP_MA|PRICE_CROSS_DOWN_MA|30m|UP']",4
112,"['DMA|DMA_EMA_P5_SHIFT3_V1|MA_SLOPE_TURN_UP|MA_SLOPE_TURN_DOWN|4H|DOWN', 'DMA|DMA_EMA_P5_SHIFT3_V1|PRICE_CROSS_UP_MA|PRICE_CROSS_DOWN_MA|4H|DOWN', 'DMA|DMA_EMA_P5_SHIFT5_V1|MA_SLOPE_TURN_UP|MA_SLOPE_TURN_DOWN|4H|DOWN', 'DMA|DMA_EMA_P5_SHIFT5_V1|PRICE_CROSS_UP_MA|PRICE_CROSS_DOWN_MA|4H|DOWN']",4
113,"['DMA|DMA_EMA_P5_SHIFT3_V1|MA_SLOPE_TURN_UP|MA_SLOPE_TURN_DOWN|4H|UP', 'DMA|DMA_EMA_P5_SHIFT3_V1|PRICE_CROSS_UP_MA|PRICE_CROSS_DOWN_MA|4H|UP', 'DMA|DMA_EMA_P5_SHIFT5_V1|MA_SLOPE_TURN_UP|MA_SLOPE_TURN_DOWN|4H|UP', 'DMA|DMA_EMA_P5_SHIFT5_V1|PRICE_CROSS_UP_MA|PRICE_CROSS_DOWN_MA|4H|UP']",4
114,"['DMA|DMA_EMA_P5_SHIFT3_V1|MA_SLOPE_TURN_UP|MA_SLOPE_TURN_DOWN|5m|DOWN', 'DMA|DMA_EMA_P5_SHIFT3_V1|PRICE_CROSS_UP_MA|PRICE_CROSS_DOWN_MA|5m|DOWN', 'DMA|DMA_EMA_P5_SHIFT5_V1|MA_SLOPE_TURN_UP|MA_SLOPE_TURN_DOWN|5m|DOWN', 'DMA|DMA_EMA_P5_SHIFT5_V1|PRICE_CROSS_UP_MA|PRICE_CROSS_DOWN_MA|5m|DOWN']",4
115,"['DMA|DMA_EMA_P5_SHIFT3_V1|MA_SLOPE_TURN_UP|MA_SLOPE_TURN_DOWN|5m|UP', 'DMA|DMA_EMA_P5_SHIFT3_V1|PRICE_CROSS_UP_MA|PRICE_CROSS_DOWN_MA|5m|UP', 'DMA|DMA_EMA_P5_SHIFT5_V1|MA_SLOPE_TURN_UP|MA_SLOPE_TURN_DOWN|5m|UP', 'DMA|DMA_EMA_P5_SHIFT5_V1|PRICE_CROSS_UP_MA|PRICE_CROSS_DOWN_MA|5m|UP']",4
116,"['DMA|DMA_EMA_P5_SHIFT3_V1|MA_SLOPE_TURN_UP|MA_SLOPE_TURN_DOWN|6H|DOWN', 'DMA|DMA_EMA_P5_SHIFT3_V1|PRICE_CROSS_UP_MA|PRICE_CROSS_DOWN_MA|6H|DOWN', 'DMA|DMA_EMA_P5_SHIFT5_V1|MA_SLOPE_TURN_UP|MA_SLOPE_TURN_DOWN|6H|DOWN', 'DMA|DMA_EMA_P5_SHIFT5_V1|PRICE_CROSS_UP_MA|PRICE_CROSS_DOWN_MA|6H|DOWN']",4
117,"['DMA|DMA_EMA_P5_SHIFT3_V1|MA_SLOPE_TURN_UP|MA_SLOPE_TURN_DOWN|6H|UP', 'DMA|DMA_EMA_P5_SHIFT3_V1|PRICE_CROSS_UP_MA|PRICE_CROSS_DOWN_MA|6H|UP', 'DMA|DMA_EMA_P5_SHIFT5_V1|MA_SLOPE_TURN_UP|MA_SLOPE_TURN_DOWN|6H|UP', 'DMA|DMA_EMA_P5_SHIFT5_V1|PRICE_CROSS_UP_MA|PRICE_CROSS_DOWN_MA|6H|UP']",4
118,"['DMA|DMA_EMA_P5_SHIFT3_V1|MA_SLOPE_TURN_UP|MA_SLOPE_TURN_DOWN|8H|DOWN', 'DMA|DMA_EMA_P5_SHIFT3_V1|PRICE_CROSS_UP_MA|PRICE_CROSS_DOWN_MA|8H|DOWN', 'DMA|DMA_EMA_P5_SHIFT5_V1|MA_SLOPE_TURN_UP|MA_SLOPE_TURN_DOWN|8H|DOWN', 'DMA|DMA_EMA_P5_SHIFT5_V1|PRICE_CROSS_UP_MA|PRICE_CROSS_DOWN_MA|8H|DOWN']",4
119,"['DMA|DMA_EMA_P5_SHIFT3_V1|MA_SLOPE_TURN_UP|MA_SLOPE_TURN_DOWN|8H|UP', 'DMA|DMA_EMA_P5_SHIFT3_V1|PRICE_CROSS_UP_MA|PRICE_CROSS_DOWN_MA|8H|UP', 'DMA|DMA_EMA_P5_SHIFT5_V1|MA_SLOPE_TURN_UP|MA_SLOPE_TURN_DOWN|8H|UP', 'DMA|DMA_EMA_P5_SHIFT5_V1|PRICE_CROSS_UP_MA|PRICE_CROSS_DOWN_MA|8H|UP']",4
120,"['DMA|DMA_EMA_P7_SHIFT3_V1|MA_SLOPE_TURN_UP|MA_SLOPE_TURN_DOWN|12H|DOWN', 'DMA|DMA_EMA_P7_SHIFT3_V1|PRICE_CROSS_UP_MA|PRICE_CROSS_DOWN_MA|12H|DOWN', 'DMA|DMA_EMA_P7_SHIFT5_V1|MA_SLOPE_TURN_UP|MA_SLOPE_TURN_DOWN|12H|DOWN', 'DMA|DMA_EMA_P7_SHIFT5_V1|PRICE_CROSS_UP_MA|PRICE_CROSS_DOWN_MA|12H|DOWN']",4
121,"['DMA|DMA_EMA_P7_SHIFT3_V1|MA_SLOPE_TURN_UP|MA_SLOPE_TURN_DOWN|12H|UP', 'DMA|DMA_EMA_P7_SHIFT3_V1|PRICE_CROSS_UP_MA|PRICE_CROSS_DOWN_MA|12H|UP', 'DMA|DMA_EMA_P7_SHIFT5_V1|MA_SLOPE_TURN_UP|MA_SLOPE_TURN_DOWN|12H|UP', 'DMA|DMA_EMA_P7_SHIFT5_V1|PRICE_CROSS_UP_MA|PRICE_CROSS_DOWN_MA|12H|UP']",4
122,"['DMA|DMA_EMA_P7_SHIFT3_V1|MA_SLOPE_TURN_UP|MA_SLOPE_TURN_DOWN|15m|DOWN', 'DMA|DMA_EMA_P7_SHIFT3_V1|PRICE_CROSS_UP_MA|PRICE_CROSS_DOWN_MA|15m|DOWN', 'DMA|DMA_EMA_P7_SHIFT5_V1|MA_SLOPE_TURN_UP|MA_SLOPE_TURN_DOWN|15m|DOWN', 'DMA|DMA_EMA_P7_SHIFT5_V1|PRICE_CROSS_UP_MA|PRICE_CROSS_DOWN_MA|15m|DOWN']",4
123,"['DMA|DMA_EMA_P7_SHIFT3_V1|MA_SLOPE_TURN_UP|MA_SLOPE_TURN_DOWN|15m|UP', 'DMA|DMA_EMA_P7_SHIFT3_V1|PRICE_CROSS_UP_MA|PRICE_CROSS_DOWN_MA|15m|UP', 'DMA|DMA_EMA_P7_SHIFT5_V1|MA_SLOPE_TURN_UP|MA_SLOPE_TURN_DOWN|15m|UP', 'DMA|DMA_EMA_P7_SHIFT5_V1|PRICE_CROSS_UP_MA|PRICE_CROSS_DOWN_MA|15m|UP']",4
124,"['DMA|DMA_EMA_P7_SHIFT3_V1|MA_SLOPE_TURN_UP|MA_SLOPE_TURN_DOWN|1D|DOWN', 'DMA|DMA_EMA_P7_SHIFT3_V1|PRICE_CROSS_UP_MA|PRICE_CROSS_DOWN_MA|1D|DOWN', 'DMA|DMA_EMA_P7_SHIFT5_V1|MA_SLOPE_TURN_UP|MA_SLOPE_TURN_DOWN|1D|DOWN', 'DMA|DMA_EMA_P7_SHIFT5_V1|PRICE_CROSS_UP_MA|PRICE_CROSS_DOWN_MA|1D|DOWN']",4
125,"['DMA|DMA_EMA_P7_SHIFT3_V1|MA_SLOPE_TURN_UP|MA_SLOPE_TURN_DOWN|1D|UP', 'DMA|DMA_EMA_P7_SHIFT3_V1|PRICE_CROSS_UP_MA|PRICE_CROSS_DOWN_MA|1D|UP', 'DMA|DMA_EMA_P7_SHIFT5_V1|MA_SLOPE_TURN_UP|MA_SLOPE_TURN_DOWN|1D|UP', 'DMA|DMA_EMA_P7_SHIFT5_V1|PRICE_CROSS_UP_MA|PRICE_CROSS_DOWN_MA|1D|UP']",4
126,"['DMA|DMA_EMA_P7_SHIFT3_V1|MA_SLOPE_TURN_UP|MA_SLOPE_TURN_DOWN|1H|DOWN', 'DMA|DMA_EMA_P7_SHIFT3_V1|PRICE_CROSS_UP_MA|PRICE_CROSS_DOWN_MA|1H|DOWN', 'DMA|DMA_EMA_P7_SHIFT5_V1|MA_SLOPE_TURN_UP|MA_SLOPE_TURN_DOWN|1H|DOWN', 'DMA|DMA_EMA_P7_SHIFT5_V1|PRICE_CROSS_UP_MA|PRICE_CROSS_DOWN_MA|1H|DOWN']",4
127,"['DMA|DMA_EMA_P7_SHIFT3_V1|MA_SLOPE_TURN_UP|MA_SLOPE_TURN_DOWN|1H|UP', 'DMA|DMA_EMA_P7_SHIFT3_V1|PRICE_CROSS_UP_MA|PRICE_CROSS_DOWN_MA|1H|UP', 'DMA|DMA_EMA_P7_SHIFT5_V1|MA_SLOPE_TURN_UP|MA_SLOPE_TURN_DOWN|1H|UP', 'DMA|DMA_EMA_P7_SHIFT5_V1|PRICE_CROSS_UP_MA|PRICE_CROSS_DOWN_MA|1H|UP']",4
128,"['DMA|DMA_EMA_P7_SHIFT3_V1|MA_SLOPE_TURN_UP|MA_SLOPE_TURN_DOWN|2H|DOWN', 'DMA|DMA_EMA_P7_SHIFT3_V1|PRICE_CROSS_UP_MA|PRICE_CROSS_DOWN_MA|2H|DOWN', 'DMA|DMA_EMA_P7_SHIFT5_V1|MA_SLOPE_TURN_UP|MA_SLOPE_TURN_DOWN|2H|DOWN', 'DMA|DMA_EMA_P7_SHIFT5_V1|PRICE_CROSS_UP_MA|PRICE_CROSS_DOWN_MA|2H|DOWN']",4
129,"['DMA|DMA_EMA_P7_SHIFT3_V1|MA_SLOPE_TURN_UP|MA_SLOPE_TURN_DOWN|2H|UP', 'DMA|DMA_EMA_P7_SHIFT3_V1|PRICE_CROSS_UP_MA|PRICE_CROSS_DOWN_MA|2H|UP', 'DMA|DMA_EMA_P7_SHIFT5_V1|MA_SLOPE_TURN_UP|MA_SLOPE_TURN_DOWN|2H|UP', 'DMA|DMA_EMA_P7_SHIFT5_V1|PRICE_CROSS_UP_MA|PRICE_CROSS_DOWN_MA|2H|UP']",4
130,"['DMA|DMA_EMA_P7_SHIFT3_V1|MA_SLOPE_TURN_UP|MA_SLOPE_TURN_DOWN|30m|DOWN', 'DMA|DMA_EMA_P7_SHIFT3_V1|PRICE_CROSS_UP_MA|PRICE_CROSS_DOWN_MA|30m|DOWN', 'DMA|DMA_EMA_P7_SHIFT5_V1|MA_SLOPE_TURN_UP|MA_SLOPE_TURN_DOWN|30m|DOWN', 'DMA|DMA_EMA_P7_SHIFT5_V1|PRICE_CROSS_UP_MA|PRICE_CROSS_DOWN_MA|30m|DOWN']",4
131,"['DMA|DMA_EMA_P7_SHIFT3_V1|MA_SLOPE_TURN_UP|MA_SLOPE_TURN_DOWN|30m|UP', 'DMA|DMA_EMA_P7_SHIFT3_V1|PRICE_CROSS_UP_MA|PRICE_CROSS_DOWN_MA|30m|UP', 'DMA|DMA_EMA_P7_SHIFT5_V1|MA_SLOPE_TURN_UP|MA_SLOPE_TURN_DOWN|30m|UP', 'DMA|DMA_EMA_P7_SHIFT5_V1|PRICE_CROSS_UP_MA|PRICE_CROSS_DOWN_MA|30m|UP']",4
132,"['DMA|DMA_EMA_P7_SHIFT3_V1|MA_SLOPE_TURN_UP|MA_SLOPE_TURN_DOWN|4H|DOWN', 'DMA|DMA_EMA_P7_SHIFT3_V1|PRICE_CROSS_UP_MA|PRICE_CROSS_DOWN_MA|4H|DOWN', 'DMA|DMA_EMA_P7_SHIFT5_V1|MA_SLOPE_TURN_UP|MA_SLOPE_TURN_DOWN|4H|DOWN', 'DMA|DMA_EMA_P7_SHIFT5_V1|PRICE_CROSS_UP_MA|PRICE_CROSS_DOWN_MA|4H|DOWN']",4
133,"['DMA|DMA_EMA_P7_SHIFT3_V1|MA_SLOPE_TURN_UP|MA_SLOPE_TURN_DOWN|4H|UP', 'DMA|DMA_EMA_P7_SHIFT3_V1|PRICE_CROSS_UP_MA|PRICE_CROSS_DOWN_MA|4H|UP', 'DMA|DMA_EMA_P7_SHIFT5_V1|MA_SLOPE_TURN_UP|MA_SLOPE_TURN_DOWN|4H|UP', 'DMA|DMA_EMA_P7_SHIFT5_V1|PRICE_CROSS_UP_MA|PRICE_CROSS_DOWN_MA|4H|UP']",4
134,"['DMA|DMA_EMA_P7_SHIFT3_V1|MA_SLOPE_TURN_UP|MA_SLOPE_TURN_DOWN|5m|DOWN', 'DMA|DMA_EMA_P7_SHIFT3_V1|PRICE_CROSS_UP_MA|PRICE_CROSS_DOWN_MA|5m|DOWN', 'DMA|DMA_EMA_P7_SHIFT5_V1|MA_SLOPE_TURN_UP|MA_SLOPE_TURN_DOWN|5m|DOWN', 'DMA|DMA_EMA_P7_SHIFT5_V1|PRICE_CROSS_UP_MA|PRICE_CROSS_DOWN_MA|5m|DOWN']",4
135,"['DMA|DMA_EMA_P7_SHIFT3_V1|MA_SLOPE_TURN_UP|MA_SLOPE_TURN_DOWN|5m|UP', 'DMA|DMA_EMA_P7_SHIFT3_V1|PRICE_CROSS_UP_MA|PRICE_CROSS_DOWN_MA|5m|UP', 'DMA|DMA_EMA_P7_SHIFT5_V1|MA_SLOPE_TURN_UP|MA_SLOPE_TURN_DOWN|5m|UP', 'DMA|DMA_EMA_P7_SHIFT5_V1|PRICE_CROSS_UP_MA|PRICE_CROSS_DOWN_MA|5m|UP']",4
136,"['DMA|DMA_EMA_P7_SHIFT3_V1|MA_SLOPE_TURN_UP|MA_SLOPE_TURN_DOWN|6H|DOWN', 'DMA|DMA_EMA_P7_SHIFT3_V1|PRICE_CROSS_UP_MA|PRICE_CROSS_DOWN_MA|6H|DOWN', 'DMA|DMA_EMA_P7_SHIFT5_V1|MA_SLOPE_TURN_UP|MA_SLOPE_TURN_DOWN|6H|DOWN', 'DMA|DMA_EMA_P7_SHIFT5_V1|PRICE_CROSS_UP_MA|PRICE_CROSS_DOWN_MA|6H|DOWN']",4
137,"['DMA|DMA_EMA_P7_SHIFT3_V1|MA_SLOPE_TURN_UP|MA_SLOPE_TURN_DOWN|6H|UP', 'DMA|DMA_EMA_P7_SHIFT3_V1|PRICE_CROSS_UP_MA|PRICE_CROSS_DOWN_MA|6H|UP', 'DMA|DMA_EMA_P7_SHIFT5_V1|MA_SLOPE_TURN_UP|MA_SLOPE_TURN_DOWN|6H|UP', 'DMA|DMA_EMA_P7_SHIFT5_V1|PRICE_CROSS_UP_MA|PRICE_CROSS_DOWN_MA|6H|UP']",4
138,"['DMA|DMA_EMA_P7_SHIFT3_V1|MA_SLOPE_TURN_UP|MA_SLOPE_TURN_DOWN|8H|DOWN', 'DMA|DMA_EMA_P7_SHIFT3_V1|PRICE_CROSS_UP_MA|PRICE_CROSS_DOWN_MA|8H|DOWN', 'DMA|DMA_EMA_P7_SHIFT5_V1|MA_SLOPE_TURN_UP|MA_SLOPE_TURN_DOWN|8H|DOWN', 'DMA|DMA_EMA_P7_SHIFT5_V1|PRICE_CROSS_UP_MA|PRICE_CROSS_DOWN_MA|8H|DOWN']",4
139,"['DMA|DMA_EMA_P7_SHIFT3_V1|MA_SLOPE_TURN_UP|MA_SLOPE_TURN_DOWN|8H|UP', 'DMA|DMA_EMA_P7_SHIFT3_V1|PRICE_CROSS_UP_MA|PRICE_CROSS_DOWN_MA|8H|UP', 'DMA|DMA_EMA_P7_SHIFT5_V1|MA_SLOPE_TURN_UP|MA_SLOPE_TURN_DOWN|8H|UP', 'DMA|DMA_EMA_P7_SHIFT5_V1|PRICE_CROSS_UP_MA|PRICE_CROSS_DOWN_MA|8H|UP']",4
140,"['DMA|DMA_SMA_P14_SHIFT5_V1|MA_SLOPE_TURN_UP|MA_SLOPE_TURN_DOWN|12H|DOWN', 'DMA|DMA_SMA_P14_SHIFT8_V1|MA_SLOPE_TURN_UP|MA_SLOPE_TURN_DOWN|12H|DOWN']",2
141,"['DMA|DMA_SMA_P14_SHIFT5_V1|MA_SLOPE_TURN_UP|MA_SLOPE_TURN_DOWN|12H|UP', 'DMA|DMA_SMA_P14_SHIFT8_V1|MA_SLOPE_TURN_UP|MA_SLOPE_TURN_DOWN|12H|UP']",2
142,"['DMA|DMA_SMA_P14_SHIFT5_V1|MA_SLOPE_TURN_UP|MA_SLOPE_TURN_DOWN|15m|DOWN', 'DMA|DMA_SMA_P14_SHIFT8_V1|MA_SLOPE_TURN_UP|MA_SLOPE_TURN_DOWN|15m|DOWN']",2
143,"['DMA|DMA_SMA_P14_SHIFT5_V1|MA_SLOPE_TURN_UP|MA_SLOPE_TURN_DOWN|15m|UP', 'DMA|DMA_SMA_P14_SHIFT8_V1|MA_SLOPE_TURN_UP|MA_SLOPE_TURN_DOWN|15m|UP']",2
144,"['DMA|DMA_SMA_P14_SHIFT5_V1|MA_SLOPE_TURN_UP|MA_SLOPE_TURN_DOWN|1D|DOWN', 'DMA|DMA_SMA_P14_SHIFT8_V1|MA_SLOPE_TURN_UP|MA_SLOPE_TURN_DOWN|1D|DOWN']",2
145,"['DMA|DMA_SMA_P14_SHIFT5_V1|MA_SLOPE_TURN_UP|MA_SLOPE_TURN_DOWN|1D|UP', 'DMA|DMA_SMA_P14_SHIFT8_V1|MA_SLOPE_TURN_UP|MA_SLOPE_TURN_DOWN|1D|UP']",2
146,"['DMA|DMA_SMA_P14_SHIFT5_V1|MA_SLOPE_TURN_UP|MA_SLOPE_TURN_DOWN|1H|DOWN', 'DMA|DMA_SMA_P14_SHIFT8_V1|MA_SLOPE_TURN_UP|MA_SLOPE_TURN_DOWN|1H|DOWN']",2
147,"['DMA|DMA_SMA_P14_SHIFT5_V1|MA_SLOPE_TURN_UP|MA_SLOPE_TURN_DOWN|1H|UP', 'DMA|DMA_SMA_P14_SHIFT8_V1|MA_SLOPE_TURN_UP|MA_SLOPE_TURN_DOWN|1H|UP']",2
148,"['DMA|DMA_SMA_P14_SHIFT5_V1|MA_SLOPE_TURN_UP|MA_SLOPE_TURN_DOWN|2H|DOWN', 'DMA|DMA_SMA_P14_SHIFT8_V1|MA_SLOPE_TURN_UP|MA_SLOPE_TURN_DOWN|2H|DOWN']",2
149,"['DMA|DMA_SMA_P14_SHIFT5_V1|MA_SLOPE_TURN_UP|MA_SLOPE_TURN_DOWN|2H|UP', 'DMA|DMA_SMA_P14_SHIFT8_V1|MA_SLOPE_TURN_UP|MA_SLOPE_TURN_DOWN|2H|UP']",2
150,"['DMA|DMA_SMA_P14_SHIFT5_V1|MA_SLOPE_TURN_UP|MA_SLOPE_TURN_DOWN|30m|DOWN', 'DMA|DMA_SMA_P14_SHIFT8_V1|MA_SLOPE_TURN_UP|MA_SLOPE_TURN_DOWN|30m|DOWN']",2
151,"['DMA|DMA_SMA_P14_SHIFT5_V1|MA_SLOPE_TURN_UP|MA_SLOPE_TURN_DOWN|30m|UP', 'DMA|DMA_SMA_P14_SHIFT8_V1|MA_SLOPE_TURN_UP|MA_SLOPE_TURN_DOWN|30m|UP']",2
152,"['DMA|DMA_SMA_P14_SHIFT5_V1|MA_SLOPE_TURN_UP|MA_SLOPE_TURN_DOWN|4H|DOWN', 'DMA|DMA_SMA_P14_SHIFT8_V1|MA_SLOPE_TURN_UP|MA_SLOPE_TURN_DOWN|4H|DOWN']",2
153,"['DMA|DMA_SMA_P14_SHIFT5_V1|MA_SLOPE_TURN_UP|MA_SLOPE_TURN_DOWN|4H|UP', 'DMA|DMA_SMA_P14_SHIFT8_V1|MA_SLOPE_TURN_UP|MA_SLOPE_TURN_DOWN|4H|UP']",2
154,"['DMA|DMA_SMA_P14_SHIFT5_V1|MA_SLOPE_TURN_UP|MA_SLOPE_TURN_DOWN|5m|DOWN', 'DMA|DMA_SMA_P14_SHIFT8_V1|MA_SLOPE_TURN_UP|MA_SLOPE_TURN_DOWN|5m|DOWN']",2
155,"['DMA|DMA_SMA_P14_SHIFT5_V1|MA_SLOPE_TURN_UP|MA_SLOPE_TURN_DOWN|5m|UP', 'DMA|DMA_SMA_P14_SHIFT8_V1|MA_SLOPE_TURN_UP|MA_SLOPE_TURN_DOWN|5m|UP']",2
156,"['DMA|DMA_SMA_P14_SHIFT5_V1|MA_SLOPE_TURN_UP|MA_SLOPE_TURN_DOWN|6H|DOWN', 'DMA|DMA_SMA_P14_SHIFT8_V1|MA_SLOPE_TURN_UP|MA_SLOPE_TURN_DOWN|6H|DOWN']",2
157,"['DMA|DMA_SMA_P14_SHIFT5_V1|MA_SLOPE_TURN_UP|MA_SLOPE_TURN_DOWN|6H|UP', 'DMA|DMA_SMA_P14_SHIFT8_V1|MA_SLOPE_TURN_UP|MA_SLOPE_TURN_DOWN|6H|UP']",2
158,"['DMA|DMA_SMA_P14_SHIFT5_V1|MA_SLOPE_TURN_UP|MA_SLOPE_TURN_DOWN|8H|DOWN', 'DMA|DMA_SMA_P14_SHIFT8_V1|MA_SLOPE_TURN_UP|MA_SLOPE_TURN_DOWN|8H|DOWN']",2
159,"['DMA|DMA_SMA_P14_SHIFT5_V1|MA_SLOPE_TURN_UP|MA_SLOPE_TURN_DOWN|8H|UP', 'DMA|DMA_SMA_P14_SHIFT8_V1|MA_SLOPE_TURN_UP|MA_SLOPE_TURN_DOWN|8H|UP']",2
160,"['DMA|DMA_SMA_P14_SHIFT5_V1|PRICE_CROSS_UP_MA|PRICE_CROSS_DOWN_MA|12H|DOWN', 'DMA|DMA_SMA_P14_SHIFT8_V1|PRICE_CROSS_UP_MA|PRICE_CROSS_DOWN_MA|12H|DOWN']",2
161,"['DMA|DMA_SMA_P14_SHIFT5_V1|PRICE_CROSS_UP_MA|PRICE_CROSS_DOWN_MA|12H|UP', 'DMA|DMA_SMA_P14_SHIFT8_V1|PRICE_CROSS_UP_MA|PRICE_CROSS_DOWN_MA|12H|UP']",2
162,"['DMA|DMA_SMA_P14_SHIFT5_V1|PRICE_CROSS_UP_MA|PRICE_CROSS_DOWN_MA|15m|DOWN', 'DMA|DMA_SMA_P14_SHIFT8_V1|PRICE_CROSS_UP_MA|PRICE_CROSS_DOWN_MA|15m|DOWN']",2
163,"['DMA|DMA_SMA_P14_SHIFT5_V1|PRICE_CROSS_UP_MA|PRICE_CROSS_DOWN_MA|15m|UP', 'DMA|DMA_SMA_P14_SHIFT8_V1|PRICE_CROSS_UP_MA|PRICE_CROSS_DOWN_MA|15m|UP']",2
164,"['DMA|DMA_SMA_P14_SHIFT5_V1|PRICE_CROSS_UP_MA|PRICE_CROSS_DOWN_MA|1D|DOWN', 'DMA|DMA_SMA_P14_SHIFT8_V1|PRICE_CROSS_UP_MA|PRICE_CROSS_DOWN_MA|1D|DOWN']",2
165,"['DMA|DMA_SMA_P14_SHIFT5_V1|PRICE_CROSS_UP_MA|PRICE_CROSS_DOWN_MA|1D|UP', 'DMA|DMA_SMA_P14_SHIFT8_V1|PRICE_CROSS_UP_MA|PRICE_CROSS_DOWN_MA|1D|UP']",2
166,"['DMA|DMA_SMA_P14_SHIFT5_V1|PRICE_CROSS_UP_MA|PRICE_CROSS_DOWN_MA|1H|DOWN', 'DMA|DMA_SMA_P14_SHIFT8_V1|PRICE_CROSS_UP_MA|PRICE_CROSS_DOWN_MA|1H|DOWN']",2
167,"['DMA|DMA_SMA_P14_SHIFT5_V1|PRICE_CROSS_UP_MA|PRICE_CROSS_DOWN_MA|1H|UP', 'DMA|DMA_SMA_P14_SHIFT8_V1|PRICE_CROSS_UP_MA|PRICE_CROSS_DOWN_MA|1H|UP']",2
168,"['DMA|DMA_SMA_P14_SHIFT5_V1|PRICE_CROSS_UP_MA|PRICE_CROSS_DOWN_MA|2H|DOWN', 'DMA|DMA_SMA_P14_SHIFT8_V1|PRICE_CROSS_UP_MA|PRICE_CROSS_DOWN_MA|2H|DOWN']",2
169,"['DMA|DMA_SMA_P14_SHIFT5_V1|PRICE_CROSS_UP_MA|PRICE_CROSS_DOWN_MA|2H|UP', 'DMA|DMA_SMA_P14_SHIFT8_V1|PRICE_CROSS_UP_MA|PRICE_CROSS_DOWN_MA|2H|UP']",2
170,"['DMA|DMA_SMA_P14_SHIFT5_V1|PRICE_CROSS_UP_MA|PRICE_CROSS_DOWN_MA|30m|DOWN', 'DMA|DMA_SMA_P14_SHIFT8_V1|PRICE_CROSS_UP_MA|PRICE_CROSS_DOWN_MA|30m|DOWN']",2
171,"['DMA|DMA_SMA_P14_SHIFT5_V1|PRICE_CROSS_UP_MA|PRICE_CROSS_DOWN_MA|30m|UP', 'DMA|DMA_SMA_P14_SHIFT8_V1|PRICE_CROSS_UP_MA|PRICE_CROSS_DOWN_MA|30m|UP']",2
172,"['DMA|DMA_SMA_P14_SHIFT5_V1|PRICE_CROSS_UP_MA|PRICE_CROSS_DOWN_MA|4H|DOWN', 'DMA|DMA_SMA_P14_SHIFT8_V1|PRICE_CROSS_UP_MA|PRICE_CROSS_DOWN_MA|4H|DOWN']",2
173,"['DMA|DMA_SMA_P14_SHIFT5_V1|PRICE_CROSS_UP_MA|PRICE_CROSS_DOWN_MA|4H|UP', 'DMA|DMA_SMA_P14_SHIFT8_V1|PRICE_CROSS_UP_MA|PRICE_CROSS_DOWN_MA|4H|UP']",2
174,"['DMA|DMA_SMA_P14_SHIFT5_V1|PRICE_CROSS_UP_MA|PRICE_CROSS_DOWN_MA|5m|DOWN', 'DMA|DMA_SMA_P14_SHIFT8_V1|PRICE_CROSS_UP_MA|PRICE_CROSS_DOWN_MA|5m|DOWN']",2
175,"['DMA|DMA_SMA_P14_SHIFT5_V1|PRICE_CROSS_UP_MA|PRICE_CROSS_DOWN_MA|5m|UP', 'DMA|DMA_SMA_P14_SHIFT8_V1|PRICE_CROSS_UP_MA|PRICE_CROSS_DOWN_MA|5m|UP']",2
176,"['DMA|DMA_SMA_P14_SHIFT5_V1|PRICE_CROSS_UP_MA|PRICE_CROSS_DOWN_MA|6H|DOWN', 'DMA|DMA_SMA_P14_SHIFT8_V1|PRICE_CROSS_UP_MA|PRICE_CROSS_DOWN_MA|6H|DOWN']",2
177,"['DMA|DMA_SMA_P14_SHIFT5_V1|PRICE_CROSS_UP_MA|PRICE_CROSS_DOWN_MA|6H|UP', 'DMA|DMA_SMA_P14_SHIFT8_V1|PRICE_CROSS_UP_MA|PRICE_CROSS_DOWN_MA|6H|UP']",2
178,"['DMA|DMA_SMA_P14_SHIFT5_V1|PRICE_CROSS_UP_MA|PRICE_CROSS_DOWN_MA|8H|DOWN', 'DMA|DMA_SMA_P14_SHIFT8_V1|PRICE_CROSS_UP_MA|PRICE_CROSS_DOWN_MA|8H|DOWN']",2
179,"['DMA|DMA_SMA_P14_SHIFT5_V1|PRICE_CROSS_UP_MA|PRICE_CROSS_DOWN_MA|8H|UP', 'DMA|DMA_SMA_P14_SHIFT8_V1|PRICE_CROSS_UP_MA|PRICE_CROSS_DOWN_MA|8H|UP']",2
180,"['DMA|DMA_SMA_P25_SHIFT5_V1|MA_SLOPE_TURN_UP|MA_SLOPE_TURN_DOWN|12H|DOWN', 'DMA|DMA_SMA_P25_SHIFT8_V1|MA_SLOPE_TURN_UP|MA_SLOPE_TURN_DOWN|12H|DOWN']",2
181,"['DMA|DMA_SMA_P25_SHIFT5_V1|MA_SLOPE_TURN_UP|MA_SLOPE_TURN_DOWN|12H|UP', 'DMA|DMA_SMA_P25_SHIFT8_V1|MA_SLOPE_TURN_UP|MA_SLOPE_TURN_DOWN|12H|UP']",2
182,"['DMA|DMA_SMA_P25_SHIFT5_V1|MA_SLOPE_TURN_UP|MA_SLOPE_TURN_DOWN|15m|DOWN', 'DMA|DMA_SMA_P25_SHIFT8_V1|MA_SLOPE_TURN_UP|MA_SLOPE_TURN_DOWN|15m|DOWN']",2
183,"['DMA|DMA_SMA_P25_SHIFT5_V1|MA_SLOPE_TURN_UP|MA_SLOPE_TURN_DOWN|15m|UP', 'DMA|DMA_SMA_P25_SHIFT8_V1|MA_SLOPE_TURN_UP|MA_SLOPE_TURN_DOWN|15m|UP']",2
184,"['DMA|DMA_SMA_P25_SHIFT5_V1|MA_SLOPE_TURN_UP|MA_SLOPE_TURN_DOWN|1D|DOWN', 'DMA|DMA_SMA_P25_SHIFT8_V1|MA_SLOPE_TURN_UP|MA_SLOPE_TURN_DOWN|1D|DOWN']",2
185,"['DMA|DMA_SMA_P25_SHIFT5_V1|MA_SLOPE_TURN_UP|MA_SLOPE_TURN_DOWN|1D|UP', 'DMA|DMA_SMA_P25_SHIFT8_V1|MA_SLOPE_TURN_UP|MA_SLOPE_TURN_DOWN|1D|UP']",2
186,"['DMA|DMA_SMA_P25_SHIFT5_V1|MA_SLOPE_TURN_UP|MA_SLOPE_TURN_DOWN|1H|DOWN', 'DMA|DMA_SMA_P25_SHIFT8_V1|MA_SLOPE_TURN_UP|MA_SLOPE_TURN_DOWN|1H|DOWN']",2
187,"['DMA|DMA_SMA_P25_SHIFT5_V1|MA_SLOPE_TURN_UP|MA_SLOPE_TURN_DOWN|1H|UP', 'DMA|DMA_SMA_P25_SHIFT8_V1|MA_SLOPE_TURN_UP|MA_SLOPE_TURN_DOWN|1H|UP']",2
188,"['DMA|DMA_SMA_P25_SHIFT5_V1|MA_SLOPE_TURN_UP|MA_SLOPE_TURN_DOWN|2H|DOWN', 'DMA|DMA_SMA_P25_SHIFT8_V1|MA_SLOPE_TURN_UP|MA_SLOPE_TURN_DOWN|2H|DOWN']",2
189,"['DMA|DMA_SMA_P25_SHIFT5_V1|MA_SLOPE_TURN_UP|MA_SLOPE_TURN_DOWN|2H|UP', 'DMA|DMA_SMA_P25_SHIFT8_V1|MA_SLOPE_TURN_UP|MA_SLOPE_TURN_DOWN|2H|UP']",2
190,"['DMA|DMA_SMA_P25_SHIFT5_V1|MA_SLOPE_TURN_UP|MA_SLOPE_TURN_DOWN|30m|DOWN', 'DMA|DMA_SMA_P25_SHIFT8_V1|MA_SLOPE_TURN_UP|MA_SLOPE_TURN_DOWN|30m|DOWN']",2
191,"['DMA|DMA_SMA_P25_SHIFT5_V1|MA_SLOPE_TURN_UP|MA_SLOPE_TURN_DOWN|30m|UP', 'DMA|DMA_SMA_P25_SHIFT8_V1|MA_SLOPE_TURN_UP|MA_SLOPE_TURN_DOWN|30m|UP']",2
192,"['DMA|DMA_SMA_P25_SHIFT5_V1|MA_SLOPE_TURN_UP|MA_SLOPE_TURN_DOWN|4H|DOWN', 'DMA|DMA_SMA_P25_SHIFT8_V1|MA_SLOPE_TURN_UP|MA_SLOPE_TURN_DOWN|4H|DOWN']",2
193,"['DMA|DMA_SMA_P25_SHIFT5_V1|MA_SLOPE_TURN_UP|MA_SLOPE_TURN_DOWN|4H|UP', 'DMA|DMA_SMA_P25_SHIFT8_V1|MA_SLOPE_TURN_UP|MA_SLOPE_TURN_DOWN|4H|UP']",2
194,"['DMA|DMA_SMA_P25_SHIFT5_V1|MA_SLOPE_TURN_UP|MA_SLOPE_TURN_DOWN|5m|DOWN', 'DMA|DMA_SMA_P25_SHIFT8_V1|MA_SLOPE_TURN_UP|MA_SLOPE_TURN_DOWN|5m|DOWN']",2
195,"['DMA|DMA_SMA_P25_SHIFT5_V1|MA_SLOPE_TURN_UP|MA_SLOPE_TURN_DOWN|5m|UP', 'DMA|DMA_SMA_P25_SHIFT8_V1|MA_SLOPE_TURN_UP|MA_SLOPE_TURN_DOWN|5m|UP']",2
196,"['DMA|DMA_SMA_P25_SHIFT5_V1|MA_SLOPE_TURN_UP|MA_SLOPE_TURN_DOWN|6H|DOWN', 'DMA|DMA_SMA_P25_SHIFT8_V1|MA_SLOPE_TURN_UP|MA_SLOPE_TURN_DOWN|6H|DOWN']",2
197,"['DMA|DMA_SMA_P25_SHIFT5_V1|MA_SLOPE_TURN_UP|MA_SLOPE_TURN_DOWN|6H|UP', 'DMA|DMA_SMA_P25_SHIFT8_V1|MA_SLOPE_TURN_UP|MA_SLOPE_TURN_DOWN|6H|UP']",2
198,"['DMA|DMA_SMA_P25_SHIFT5_V1|MA_SLOPE_TURN_UP|MA_SLOPE_TURN_DOWN|8H|DOWN', 'DMA|DMA_SMA_P25_SHIFT8_V1|MA_SLOPE_TURN_UP|MA_SLOPE_TURN_DOWN|8H|DOWN']",2
199,"['DMA|DMA_SMA_P25_SHIFT5_V1|MA_SLOPE_TURN_UP|MA_SLOPE_TURN_DOWN|8H|UP', 'DMA|DMA_SMA_P25_SHIFT8_V1|MA_SLOPE_TURN_UP|MA_SLOPE_TURN_DOWN|8H|UP']",2
200,"['DMA|DMA_SMA_P25_SHIFT5_V1|PRICE_CROSS_UP_MA|PRICE_CROSS_DOWN_MA|12H|DOWN', 'DMA|DMA_SMA_P25_SHIFT8_V1|PRICE_CROSS_UP_MA|PRICE_CROSS_DOWN_MA|12H|DOWN']",2
201,"['DMA|DMA_SMA_P25_SHIFT5_V1|PRICE_CROSS_UP_MA|PRICE_CROSS_DOWN_MA|12H|UP', 'DMA|DMA_SMA_P25_SHIFT8_V1|PRICE_CROSS_UP_MA|PRICE_CROSS_DOWN_MA|12H|UP']",2
202,"['DMA|DMA_SMA_P25_SHIFT5_V1|PRICE_CROSS_UP_MA|PRICE_CROSS_DOWN_MA|15m|DOWN', 'DMA|DMA_SMA_P25_SHIFT8_V1|PRICE_CROSS_UP_MA|PRICE_CROSS_DOWN_MA|15m|DOWN']",2
203,"['DMA|DMA_SMA_P25_SHIFT5_V1|PRICE_CROSS_UP_MA|PRICE_CROSS_DOWN_MA|15m|UP', 'DMA|DMA_SMA_P25_SHIFT8_V1|PRICE_CROSS_UP_MA|PRICE_CROSS_DOWN_MA|15m|UP']",2
204,"['DMA|DMA_SMA_P25_SHIFT5_V1|PRICE_CROSS_UP_MA|PRICE_CROSS_DOWN_MA|1D|DOWN', 'DMA|DMA_SMA_P25_SHIFT8_V1|PRICE_CROSS_UP_MA|PRICE_CROSS_DOWN_MA|1D|DOWN']",2
205,"['DMA|DMA_SMA_P25_SHIFT5_V1|PRICE_CROSS_UP_MA|PRICE_CROSS_DOWN_MA|1D|UP', 'DMA|DMA_SMA_P25_SHIFT8_V1|PRICE_CROSS_UP_MA|PRICE_CROSS_DOWN_MA|1D|UP']",2
206,"['DMA|DMA_SMA_P25_SHIFT5_V1|PRICE_CROSS_UP_MA|PRICE_CROSS_DOWN_MA|1H|DOWN', 'DMA|DMA_SMA_P25_SHIFT8_V1|PRICE_CROSS_UP_MA|PRICE_CROSS_DOWN_MA|1H|DOWN']",2
207,"['DMA|DMA_SMA_P25_SHIFT5_V1|PRICE_CROSS_UP_MA|PRICE_CROSS_DOWN_MA|1H|UP', 'DMA|DMA_SMA_P25_SHIFT8_V1|PRICE_CROSS_UP_MA|PRICE_CROSS_DOWN_MA|1H|UP']",2
208,"['DMA|DMA_SMA_P25_SHIFT5_V1|PRICE_CROSS_UP_MA|PRICE_CROSS_DOWN_MA|2H|DOWN', 'DMA|DMA_SMA_P25_SHIFT8_V1|PRICE_CROSS_UP_MA|PRICE_CROSS_DOWN_MA|2H|DOWN']",2
209,"['DMA|DMA_SMA_P25_SHIFT5_V1|PRICE_CROSS_UP_MA|PRICE_CROSS_DOWN_MA|2H|UP', 'DMA|DMA_SMA_P25_SHIFT8_V1|PRICE_CROSS_UP_MA|PRICE_CROSS_DOWN_MA|2H|UP']",2
210,"['DMA|DMA_SMA_P25_SHIFT5_V1|PRICE_CROSS_UP_MA|PRICE_CROSS_DOWN_MA|30m|DOWN', 'DMA|DMA_SMA_P25_SHIFT8_V1|PRICE_CROSS_UP_MA|PRICE_CROSS_DOWN_MA|30m|DOWN']",2
211,"['DMA|DMA_SMA_P25_SHIFT5_V1|PRICE_CROSS_UP_MA|PRICE_CROSS_DOWN_MA|30m|UP', 'DMA|DMA_SMA_P25_SHIFT8_V1|PRICE_CROSS_UP_MA|PRICE_CROSS_DOWN_MA|30m|UP']",2
212,"['DMA|DMA_SMA_P25_SHIFT5_V1|PRICE_CROSS_UP_MA|PRICE_CROSS_DOWN_MA|4H|DOWN', 'DMA|DMA_SMA_P25_SHIFT8_V1|PRICE_CROSS_UP_MA|PRICE_CROSS_DOWN_MA|4H|DOWN']",2
213,"['DMA|DMA_SMA_P25_SHIFT5_V1|PRICE_CROSS_UP_MA|PRICE_CROSS_DOWN_MA|4H|UP', 'DMA|DMA_SMA_P25_SHIFT8_V1|PRICE_CROSS_UP_MA|PRICE_CROSS_DOWN_MA|4H|UP']",2
214,"['DMA|DMA_SMA_P25_SHIFT5_V1|PRICE_CROSS_UP_MA|PRICE_CROSS_DOWN_MA|5m|DOWN', 'DMA|DMA_SMA_P25_SHIFT8_V1|PRICE_CROSS_UP_MA|PRICE_CROSS_DOWN_MA|5m|DOWN']",2
215,"['DMA|DMA_SMA_P25_SHIFT5_V1|PRICE_CROSS_UP_MA|PRICE_CROSS_DOWN_MA|5m|UP', 'DMA|DMA_SMA_P25_SHIFT8_V1|PRICE_CROSS_UP_MA|PRICE_CROSS_DOWN_MA|5m|UP']",2
216,"['DMA|DMA_SMA_P25_SHIFT5_V1|PRICE_CROSS_UP_MA|PRICE_CROSS_DOWN_MA|6H|DOWN', 'DMA|DMA_SMA_P25_SHIFT8_V1|PRICE_CROSS_UP_MA|PRICE_CROSS_DOWN_MA|6H|DOWN', 'INVERSE|INVERSE_DMA_25X5|DMA_SMA_P25_SHIFT5_V1|6H|DOWN']",3
217,"['DMA|DMA_SMA_P25_SHIFT5_V1|PRICE_CROSS_UP_MA|PRICE_CROSS_DOWN_MA|6H|UP', 'DMA|DMA_SMA_P25_SHIFT8_V1|PRICE_CROSS_UP_MA|PRICE_CROSS_DOWN_MA|6H|UP']",2
218,"['DMA|DMA_SMA_P25_SHIFT5_V1|PRICE_CROSS_UP_MA|PRICE_CROSS_DOWN_MA|8H|DOWN', 'DMA|DMA_SMA_P25_SHIFT8_V1|PRICE_CROSS_UP_MA|PRICE_CROSS_DOWN_MA|8H|DOWN']",2
219,"['DMA|DMA_SMA_P25_SHIFT5_V1|PRICE_CROSS_UP_MA|PRICE_CROSS_DOWN_MA|8H|UP', 'DMA|DMA_SMA_P25_SHIFT8_V1|PRICE_CROSS_UP_MA|PRICE_CROSS_DOWN_MA|8H|UP']",2
220,"['DMA|DMA_SMA_P3_SHIFT0_V1|MA_SLOPE_TURN_UP|MA_SLOPE_TURN_DOWN|12H|DOWN', 'DMA|DMA_SMA_P3_SHIFT2_V1|MA_SLOPE_TURN_UP|MA_SLOPE_TURN_DOWN|12H|DOWN', 'DMA|DMA_SMA_P3_SHIFT3_V1|MA_SLOPE_TURN_UP|MA_SLOPE_TURN_DOWN|12H|DOWN', 'DMA|DMA_SMA_P3_SHIFT5_V1|MA_SLOPE_TURN_UP|MA_SLOPE_TURN_DOWN|12H|DOWN']",4
221,"['DMA|DMA_SMA_P3_SHIFT0_V1|MA_SLOPE_TURN_UP|MA_SLOPE_TURN_DOWN|12H|UP', 'DMA|DMA_SMA_P3_SHIFT2_V1|MA_SLOPE_TURN_UP|MA_SLOPE_TURN_DOWN|12H|UP', 'DMA|DMA_SMA_P3_SHIFT3_V1|MA_SLOPE_TURN_UP|MA_SLOPE_TURN_DOWN|12H|UP', 'DMA|DMA_SMA_P3_SHIFT5_V1|MA_SLOPE_TURN_UP|MA_SLOPE_TURN_DOWN|12H|UP']",4
222,"['DMA|DMA_SMA_P3_SHIFT0_V1|MA_SLOPE_TURN_UP|MA_SLOPE_TURN_DOWN|15m|DOWN', 'DMA|DMA_SMA_P3_SHIFT2_V1|MA_SLOPE_TURN_UP|MA_SLOPE_TURN_DOWN|15m|DOWN', 'DMA|DMA_SMA_P3_SHIFT3_V1|MA_SLOPE_TURN_UP|MA_SLOPE_TURN_DOWN|15m|DOWN', 'DMA|DMA_SMA_P3_SHIFT5_V1|MA_SLOPE_TURN_UP|MA_SLOPE_TURN_DOWN|15m|DOWN']",4
223,"['DMA|DMA_SMA_P3_SHIFT0_V1|MA_SLOPE_TURN_UP|MA_SLOPE_TURN_DOWN|15m|UP', 'DMA|DMA_SMA_P3_SHIFT2_V1|MA_SLOPE_TURN_UP|MA_SLOPE_TURN_DOWN|15m|UP', 'DMA|DMA_SMA_P3_SHIFT3_V1|MA_SLOPE_TURN_UP|MA_SLOPE_TURN_DOWN|15m|UP', 'DMA|DMA_SMA_P3_SHIFT5_V1|MA_SLOPE_TURN_UP|MA_SLOPE_TURN_DOWN|15m|UP']",4
224,"['DMA|DMA_SMA_P3_SHIFT0_V1|MA_SLOPE_TURN_UP|MA_SLOPE_TURN_DOWN|1D|DOWN', 'DMA|DMA_SMA_P3_SHIFT2_V1|MA_SLOPE_TURN_UP|MA_SLOPE_TURN_DOWN|1D|DOWN', 'DMA|DMA_SMA_P3_SHIFT3_V1|MA_SLOPE_TURN_UP|MA_SLOPE_TURN_DOWN|1D|DOWN', 'DMA|DMA_SMA_P3_SHIFT5_V1|MA_SLOPE_TURN_UP|MA_SLOPE_TURN_DOWN|1D|DOWN']",4
225,"['DMA|DMA_SMA_P3_SHIFT0_V1|MA_SLOPE_TURN_UP|MA_SLOPE_TURN_DOWN|1D|UP', 'DMA|DMA_SMA_P3_SHIFT2_V1|MA_SLOPE_TURN_UP|MA_SLOPE_TURN_DOWN|1D|UP', 'DMA|DMA_SMA_P3_SHIFT3_V1|MA_SLOPE_TURN_UP|MA_SLOPE_TURN_DOWN|1D|UP', 'DMA|DMA_SMA_P3_SHIFT5_V1|MA_SLOPE_TURN_UP|MA_SLOPE_TURN_DOWN|1D|UP']",4
226,"['DMA|DMA_SMA_P3_SHIFT0_V1|MA_SLOPE_TURN_UP|MA_SLOPE_TURN_DOWN|1H|DOWN', 'DMA|DMA_SMA_P3_SHIFT2_V1|MA_SLOPE_TURN_UP|MA_SLOPE_TURN_DOWN|1H|DOWN', 'DMA|DMA_SMA_P3_SHIFT3_V1|MA_SLOPE_TURN_UP|MA_SLOPE_TURN_DOWN|1H|DOWN', 'DMA|DMA_SMA_P3_SHIFT5_V1|MA_SLOPE_TURN_UP|MA_SLOPE_TURN_DOWN|1H|DOWN']",4
227,"['DMA|DMA_SMA_P3_SHIFT0_V1|MA_SLOPE_TURN_UP|MA_SLOPE_TURN_DOWN|1H|UP', 'DMA|DMA_SMA_P3_SHIFT2_V1|MA_SLOPE_TURN_UP|MA_SLOPE_TURN_DOWN|1H|UP', 'DMA|DMA_SMA_P3_SHIFT3_V1|MA_SLOPE_TURN_UP|MA_SLOPE_TURN_DOWN|1H|UP', 'DMA|DMA_SMA_P3_SHIFT5_V1|MA_SLOPE_TURN_UP|MA_SLOPE_TURN_DOWN|1H|UP']",4
228,"['DMA|DMA_SMA_P3_SHIFT0_V1|MA_SLOPE_TURN_UP|MA_SLOPE_TURN_DOWN|2H|DOWN', 'DMA|DMA_SMA_P3_SHIFT2_V1|MA_SLOPE_TURN_UP|MA_SLOPE_TURN_DOWN|2H|DOWN', 'DMA|DMA_SMA_P3_SHIFT3_V1|MA_SLOPE_TURN_UP|MA_SLOPE_TURN_DOWN|2H|DOWN', 'DMA|DMA_SMA_P3_SHIFT5_V1|MA_SLOPE_TURN_UP|MA_SLOPE_TURN_DOWN|2H|DOWN']",4
229,"['DMA|DMA_SMA_P3_SHIFT0_V1|MA_SLOPE_TURN_UP|MA_SLOPE_TURN_DOWN|2H|UP', 'DMA|DMA_SMA_P3_SHIFT2_V1|MA_SLOPE_TURN_UP|MA_SLOPE_TURN_DOWN|2H|UP', 'DMA|DMA_SMA_P3_SHIFT3_V1|MA_SLOPE_TURN_UP|MA_SLOPE_TURN_DOWN|2H|UP', 'DMA|DMA_SMA_P3_SHIFT5_V1|MA_SLOPE_TURN_UP|MA_SLOPE_TURN_DOWN|2H|UP']",4
230,"['DMA|DMA_SMA_P3_SHIFT0_V1|MA_SLOPE_TURN_UP|MA_SLOPE_TURN_DOWN|30m|DOWN', 'DMA|DMA_SMA_P3_SHIFT2_V1|MA_SLOPE_TURN_UP|MA_SLOPE_TURN_DOWN|30m|DOWN', 'DMA|DMA_SMA_P3_SHIFT3_V1|MA_SLOPE_TURN_UP|MA_SLOPE_TURN_DOWN|30m|DOWN', 'DMA|DMA_SMA_P3_SHIFT5_V1|MA_SLOPE_TURN_UP|MA_SLOPE_TURN_DOWN|30m|DOWN']",4
231,"['DMA|DMA_SMA_P3_SHIFT0_V1|MA_SLOPE_TURN_UP|MA_SLOPE_TURN_DOWN|30m|UP', 'DMA|DMA_SMA_P3_SHIFT2_V1|MA_SLOPE_TURN_UP|MA_SLOPE_TURN_DOWN|30m|UP', 'DMA|DMA_SMA_P3_SHIFT3_V1|MA_SLOPE_TURN_UP|MA_SLOPE_TURN_DOWN|30m|UP', 'DMA|DMA_SMA_P3_SHIFT5_V1|MA_SLOPE_TURN_UP|MA_SLOPE_TURN_DOWN|30m|UP']",4
232,"['DMA|DMA_SMA_P3_SHIFT0_V1|MA_SLOPE_TURN_UP|MA_SLOPE_TURN_DOWN|4H|DOWN', 'DMA|DMA_SMA_P3_SHIFT2_V1|MA_SLOPE_TURN_UP|MA_SLOPE_TURN_DOWN|4H|DOWN', 'DMA|DMA_SMA_P3_SHIFT3_V1|MA_SLOPE_TURN_UP|MA_SLOPE_TURN_DOWN|4H|DOWN', 'DMA|DMA_SMA_P3_SHIFT5_V1|MA_SLOPE_TURN_UP|MA_SLOPE_TURN_DOWN|4H|DOWN']",4
233,"['DMA|DMA_SMA_P3_SHIFT0_V1|MA_SLOPE_TURN_UP|MA_SLOPE_TURN_DOWN|4H|UP', 'DMA|DMA_SMA_P3_SHIFT2_V1|MA_SLOPE_TURN_UP|MA_SLOPE_TURN_DOWN|4H|UP', 'DMA|DMA_SMA_P3_SHIFT3_V1|MA_SLOPE_TURN_UP|MA_SLOPE_TURN_DOWN|4H|UP', 'DMA|DMA_SMA_P3_SHIFT5_V1|MA_SLOPE_TURN_UP|MA_SLOPE_TURN_DOWN|4H|UP']",4
234,"['DMA|DMA_SMA_P3_SHIFT0_V1|MA_SLOPE_TURN_UP|MA_SLOPE_TURN_DOWN|5m|DOWN', 'DMA|DMA_SMA_P3_SHIFT2_V1|MA_SLOPE_TURN_UP|MA_SLOPE_TURN_DOWN|5m|DOWN', 'DMA|DMA_SMA_P3_SHIFT3_V1|MA_SLOPE_TURN_UP|MA_SLOPE_TURN_DOWN|5m|DOWN', 'DMA|DMA_SMA_P3_SHIFT5_V1|MA_SLOPE_TURN_UP|MA_SLOPE_TURN_DOWN|5m|DOWN']",4
235,"['DMA|DMA_SMA_P3_SHIFT0_V1|MA_SLOPE_TURN_UP|MA_SLOPE_TURN_DOWN|5m|UP', 'DMA|DMA_SMA_P3_SHIFT2_V1|MA_SLOPE_TURN_UP|MA_SLOPE_TURN_DOWN|5m|UP', 'DMA|DMA_SMA_P3_SHIFT3_V1|MA_SLOPE_TURN_UP|MA_SLOPE_TURN_DOWN|5m|UP', 'DMA|DMA_SMA_P3_SHIFT5_V1|MA_SLOPE_TURN_UP|MA_SLOPE_TURN_DOWN|5m|UP']",4
236,"['DMA|DMA_SMA_P3_SHIFT0_V1|MA_SLOPE_TURN_UP|MA_SLOPE_TURN_DOWN|6H|DOWN', 'DMA|DMA_SMA_P3_SHIFT2_V1|MA_SLOPE_TURN_UP|MA_SLOPE_TURN_DOWN|6H|DOWN', 'DMA|DMA_SMA_P3_SHIFT3_V1|MA_SLOPE_TURN_UP|MA_SLOPE_TURN_DOWN|6H|DOWN', 'DMA|DMA_SMA_P3_SHIFT5_V1|MA_SLOPE_TURN_UP|MA_SLOPE_TURN_DOWN|6H|DOWN']",4
237,"['DMA|DMA_SMA_P3_SHIFT0_V1|MA_SLOPE_TURN_UP|MA_SLOPE_TURN_DOWN|6H|UP', 'DMA|DMA_SMA_P3_SHIFT2_V1|MA_SLOPE_TURN_UP|MA_SLOPE_TURN_DOWN|6H|UP', 'DMA|DMA_SMA_P3_SHIFT3_V1|MA_SLOPE_TURN_UP|MA_SLOPE_TURN_DOWN|6H|UP', 'DMA|DMA_SMA_P3_SHIFT5_V1|MA_SLOPE_TURN_UP|MA_SLOPE_TURN_DOWN|6H|UP']",4
238,"['DMA|DMA_SMA_P3_SHIFT0_V1|MA_SLOPE_TURN_UP|MA_SLOPE_TURN_DOWN|8H|DOWN', 'DMA|DMA_SMA_P3_SHIFT2_V1|MA_SLOPE_TURN_UP|MA_SLOPE_TURN_DOWN|8H|DOWN', 'DMA|DMA_SMA_P3_SHIFT3_V1|MA_SLOPE_TURN_UP|MA_SLOPE_TURN_DOWN|8H|DOWN', 'DMA|DMA_SMA_P3_SHIFT5_V1|MA_SLOPE_TURN_UP|MA_SLOPE_TURN_DOWN|8H|DOWN']",4
239,"['DMA|DMA_SMA_P3_SHIFT0_V1|MA_SLOPE_TURN_UP|MA_SLOPE_TURN_DOWN|8H|UP', 'DMA|DMA_SMA_P3_SHIFT2_V1|MA_SLOPE_TURN_UP|MA_SLOPE_TURN_DOWN|8H|UP', 'DMA|DMA_SMA_P3_SHIFT3_V1|MA_SLOPE_TURN_UP|MA_SLOPE_TURN_DOWN|8H|UP', 'DMA|DMA_SMA_P3_SHIFT5_V1|MA_SLOPE_TURN_UP|MA_SLOPE_TURN_DOWN|8H|UP']",4
240,"['DMA|DMA_SMA_P3_SHIFT0_V1|PRICE_CROSS_UP_MA|PRICE_CROSS_DOWN_MA|12H|DOWN', 'DMA|DMA_SMA_P3_SHIFT2_V1|PRICE_CROSS_UP_MA|PRICE_CROSS_DOWN_MA|12H|DOWN', 'DMA|DMA_SMA_P3_SHIFT3_V1|PRICE_CROSS_UP_MA|PRICE_CROSS_DOWN_MA|12H|DOWN', 'DMA|DMA_SMA_P3_SHIFT5_V1|PRICE_CROSS_UP_MA|PRICE_CROSS_DOWN_MA|12H|DOWN']",4
241,"['DMA|DMA_SMA_P3_SHIFT0_V1|PRICE_CROSS_UP_MA|PRICE_CROSS_DOWN_MA|12H|UP', 'DMA|DMA_SMA_P3_SHIFT2_V1|PRICE_CROSS_UP_MA|PRICE_CROSS_DOWN_MA|12H|UP', 'DMA|DMA_SMA_P3_SHIFT3_V1|PRICE_CROSS_UP_MA|PRICE_CROSS_DOWN_MA|12H|UP', 'DMA|DMA_SMA_P3_SHIFT5_V1|PRICE_CROSS_UP_MA|PRICE_CROSS_DOWN_MA|12H|UP']",4
242,"['DMA|DMA_SMA_P3_SHIFT0_V1|PRICE_CROSS_UP_MA|PRICE_CROSS_DOWN_MA|15m|DOWN', 'DMA|DMA_SMA_P3_SHIFT2_V1|PRICE_CROSS_UP_MA|PRICE_CROSS_DOWN_MA|15m|DOWN', 'DMA|DMA_SMA_P3_SHIFT3_V1|PRICE_CROSS_UP_MA|PRICE_CROSS_DOWN_MA|15m|DOWN', 'DMA|DMA_SMA_P3_SHIFT5_V1|PRICE_CROSS_UP_MA|PRICE_CROSS_DOWN_MA|15m|DOWN']",4
243,"['DMA|DMA_SMA_P3_SHIFT0_V1|PRICE_CROSS_UP_MA|PRICE_CROSS_DOWN_MA|15m|UP', 'DMA|DMA_SMA_P3_SHIFT2_V1|PRICE_CROSS_UP_MA|PRICE_CROSS_DOWN_MA|15m|UP', 'DMA|DMA_SMA_P3_SHIFT3_V1|PRICE_CROSS_UP_MA|PRICE_CROSS_DOWN_MA|15m|UP', 'DMA|DMA_SMA_P3_SHIFT5_V1|PRICE_CROSS_UP_MA|PRICE_CROSS_DOWN_MA|15m|UP']",4
244,"['DMA|DMA_SMA_P3_SHIFT0_V1|PRICE_CROSS_UP_MA|PRICE_CROSS_DOWN_MA|1D|DOWN', 'DMA|DMA_SMA_P3_SHIFT2_V1|PRICE_CROSS_UP_MA|PRICE_CROSS_DOWN_MA|1D|DOWN', 'DMA|DMA_SMA_P3_SHIFT3_V1|PRICE_CROSS_UP_MA|PRICE_CROSS_DOWN_MA|1D|DOWN', 'DMA|DMA_SMA_P3_SHIFT5_V1|PRICE_CROSS_UP_MA|PRICE_CROSS_DOWN_MA|1D|DOWN']",4
245,"['DMA|DMA_SMA_P3_SHIFT0_V1|PRICE_CROSS_UP_MA|PRICE_CROSS_DOWN_MA|1D|UP', 'DMA|DMA_SMA_P3_SHIFT2_V1|PRICE_CROSS_UP_MA|PRICE_CROSS_DOWN_MA|1D|UP', 'DMA|DMA_SMA_P3_SHIFT3_V1|PRICE_CROSS_UP_MA|PRICE_CROSS_DOWN_MA|1D|UP', 'DMA|DMA_SMA_P3_SHIFT5_V1|PRICE_CROSS_UP_MA|PRICE_CROSS_DOWN_MA|1D|UP']",4
246,"['DMA|DMA_SMA_P3_SHIFT0_V1|PRICE_CROSS_UP_MA|PRICE_CROSS_DOWN_MA|1H|DOWN', 'DMA|DMA_SMA_P3_SHIFT2_V1|PRICE_CROSS_UP_MA|PRICE_CROSS_DOWN_MA|1H|DOWN', 'DMA|DMA_SMA_P3_SHIFT3_V1|PRICE_CROSS_UP_MA|PRICE_CROSS_DOWN_MA|1H|DOWN', 'DMA|DMA_SMA_P3_SHIFT5_V1|PRICE_CROSS_UP_MA|PRICE_CROSS_DOWN_MA|1H|DOWN']",4
247,"['DMA|DMA_SMA_P3_SHIFT0_V1|PRICE_CROSS_UP_MA|PRICE_CROSS_DOWN_MA|1H|UP', 'DMA|DMA_SMA_P3_SHIFT2_V1|PRICE_CROSS_UP_MA|PRICE_CROSS_DOWN_MA|1H|UP', 'DMA|DMA_SMA_P3_SHIFT3_V1|PRICE_CROSS_UP_MA|PRICE_CROSS_DOWN_MA|1H|UP', 'DMA|DMA_SMA_P3_SHIFT5_V1|PRICE_CROSS_UP_MA|PRICE_CROSS_DOWN_MA|1H|UP']",4
248,"['DMA|DMA_SMA_P3_SHIFT0_V1|PRICE_CROSS_UP_MA|PRICE_CROSS_DOWN_MA|2H|DOWN', 'DMA|DMA_SMA_P3_SHIFT2_V1|PRICE_CROSS_UP_MA|PRICE_CROSS_DOWN_MA|2H|DOWN', 'DMA|DMA_SMA_P3_SHIFT3_V1|PRICE_CROSS_UP_MA|PRICE_CROSS_DOWN_MA|2H|DOWN', 'DMA|DMA_SMA_P3_SHIFT5_V1|PRICE_CROSS_UP_MA|PRICE_CROSS_DOWN_MA|2H|DOWN']",4
249,"['DMA|DMA_SMA_P3_SHIFT0_V1|PRICE_CROSS_UP_MA|PRICE_CROSS_DOWN_MA|2H|UP', 'DMA|DMA_SMA_P3_SHIFT2_V1|PRICE_CROSS_UP_MA|PRICE_CROSS_DOWN_MA|2H|UP', 'DMA|DMA_SMA_P3_SHIFT3_V1|PRICE_CROSS_UP_MA|PRICE_CROSS_DOWN_MA|2H|UP', 'DMA|DMA_SMA_P3_SHIFT5_V1|PRICE_CROSS_UP_MA|PRICE_CROSS_DOWN_MA|2H|UP']",4
250,"['DMA|DMA_SMA_P3_SHIFT0_V1|PRICE_CROSS_UP_MA|PRICE_CROSS_DOWN_MA|30m|DOWN', 'DMA|DMA_SMA_P3_SHIFT2_V1|PRICE_CROSS_UP_MA|PRICE_CROSS_DOWN_MA|30m|DOWN', 'DMA|DMA_SMA_P3_SHIFT3_V1|PRICE_CROSS_UP_MA|PRICE_CROSS_DOWN_MA|30m|DOWN', 'DMA|DMA_SMA_P3_SHIFT5_V1|PRICE_CROSS_UP_MA|PRICE_CROSS_DOWN_MA|30m|DOWN']",4
251,"['DMA|DMA_SMA_P3_SHIFT0_V1|PRICE_CROSS_UP_MA|PRICE_CROSS_DOWN_MA|30m|UP', 'DMA|DMA_SMA_P3_SHIFT2_V1|PRICE_CROSS_UP_MA|PRICE_CROSS_DOWN_MA|30m|UP', 'DMA|DMA_SMA_P3_SHIFT3_V1|PRICE_CROSS_UP_MA|PRICE_CROSS_DOWN_MA|30m|UP', 'DMA|DMA_SMA_P3_SHIFT5_V1|PRICE_CROSS_UP_MA|PRICE_CROSS_DOWN_MA|30m|UP']",4
252,"['DMA|DMA_SMA_P3_SHIFT0_V1|PRICE_CROSS_UP_MA|PRICE_CROSS_DOWN_MA|4H|DOWN', 'DMA|DMA_SMA_P3_SHIFT2_V1|PRICE_CROSS_UP_MA|PRICE_CROSS_DOWN_MA|4H|DOWN', 'DMA|DMA_SMA_P3_SHIFT3_V1|PRICE_CROSS_UP_MA|PRICE_CROSS_DOWN_MA|4H|DOWN', 'DMA|DMA_SMA_P3_SHIFT5_V1|PRICE_CROSS_UP_MA|PRICE_CROSS_DOWN_MA|4H|DOWN']",4
253,"['DMA|DMA_SMA_P3_SHIFT0_V1|PRICE_CROSS_UP_MA|PRICE_CROSS_DOWN_MA|4H|UP', 'DMA|DMA_SMA_P3_SHIFT2_V1|PRICE_CROSS_UP_MA|PRICE_CROSS_DOWN_MA|4H|UP', 'DMA|DMA_SMA_P3_SHIFT3_V1|PRICE_CROSS_UP_MA|PRICE_CROSS_DOWN_MA|4H|UP', 'DMA|DMA_SMA_P3_SHIFT5_V1|PRICE_CROSS_UP_MA|PRICE_CROSS_DOWN_MA|4H|UP']",4
254,"['DMA|DMA_SMA_P3_SHIFT0_V1|PRICE_CROSS_UP_MA|PRICE_CROSS_DOWN_MA|5m|DOWN', 'DMA|DMA_SMA_P3_SHIFT2_V1|PRICE_CROSS_UP_MA|PRICE_CROSS_DOWN_MA|5m|DOWN', 'DMA|DMA_SMA_P3_SHIFT3_V1|PRICE_CROSS_UP_MA|PRICE_CROSS_DOWN_MA|5m|DOWN', 'DMA|DMA_SMA_P3_SHIFT5_V1|PRICE_CROSS_UP_MA|PRICE_CROSS_DOWN_MA|5m|DOWN']",4
255,"['DMA|DMA_SMA_P3_SHIFT0_V1|PRICE_CROSS_UP_MA|PRICE_CROSS_DOWN_MA|5m|UP', 'DMA|DMA_SMA_P3_SHIFT2_V1|PRICE_CROSS_UP_MA|PRICE_CROSS_DOWN_MA|5m|UP', 'DMA|DMA_SMA_P3_SHIFT3_V1|PRICE_CROSS_UP_MA|PRICE_CROSS_DOWN_MA|5m|UP', 'DMA|DMA_SMA_P3_SHIFT5_V1|PRICE_CROSS_UP_MA|PRICE_CROSS_DOWN_MA|5m|UP']",4
256,"['DMA|DMA_SMA_P3_SHIFT0_V1|PRICE_CROSS_UP_MA|PRICE_CROSS_DOWN_MA|6H|DOWN', 'DMA|DMA_SMA_P3_SHIFT2_V1|PRICE_CROSS_UP_MA|PRICE_CROSS_DOWN_MA|6H|DOWN', 'DMA|DMA_SMA_P3_SHIFT3_V1|PRICE_CROSS_UP_MA|PRICE_CROSS_DOWN_MA|6H|DOWN', 'DMA|DMA_SMA_P3_SHIFT5_V1|PRICE_CROSS_UP_MA|PRICE_CROSS_DOWN_MA|6H|DOWN']",4
257,"['DMA|DMA_SMA_P3_SHIFT0_V1|PRICE_CROSS_UP_MA|PRICE_CROSS_DOWN_MA|6H|UP', 'DMA|DMA_SMA_P3_SHIFT2_V1|PRICE_CROSS_UP_MA|PRICE_CROSS_DOWN_MA|6H|UP', 'DMA|DMA_SMA_P3_SHIFT3_V1|PRICE_CROSS_UP_MA|PRICE_CROSS_DOWN_MA|6H|UP', 'DMA|DMA_SMA_P3_SHIFT5_V1|PRICE_CROSS_UP_MA|PRICE_CROSS_DOWN_MA|6H|UP']",4
258,"['DMA|DMA_SMA_P3_SHIFT0_V1|PRICE_CROSS_UP_MA|PRICE_CROSS_DOWN_MA|8H|DOWN', 'DMA|DMA_SMA_P3_SHIFT2_V1|PRICE_CROSS_UP_MA|PRICE_CROSS_DOWN_MA|8H|DOWN', 'DMA|DMA_SMA_P3_SHIFT3_V1|PRICE_CROSS_UP_MA|PRICE_CROSS_DOWN_MA|8H|DOWN', 'DMA|DMA_SMA_P3_SHIFT5_V1|PRICE_CROSS_UP_MA|PRICE_CROSS_DOWN_MA|8H|DOWN']",4
259,"['DMA|DMA_SMA_P3_SHIFT0_V1|PRICE_CROSS_UP_MA|PRICE_CROSS_DOWN_MA|8H|UP', 'DMA|DMA_SMA_P3_SHIFT2_V1|PRICE_CROSS_UP_MA|PRICE_CROSS_DOWN_MA|8H|UP', 'DMA|DMA_SMA_P3_SHIFT3_V1|PRICE_CROSS_UP_MA|PRICE_CROSS_DOWN_MA|8H|UP', 'DMA|DMA_SMA_P3_SHIFT5_V1|PRICE_CROSS_UP_MA|PRICE_CROSS_DOWN_MA|8H|UP']",4
260,"['DMA|DMA_SMA_P5_SHIFT3_V1|MA_SLOPE_TURN_UP|MA_SLOPE_TURN_DOWN|12H|DOWN', 'DMA|DMA_SMA_P5_SHIFT5_V1|MA_SLOPE_TURN_UP|MA_SLOPE_TURN_DOWN|12H|DOWN']",2
261,"['DMA|DMA_SMA_P5_SHIFT3_V1|MA_SLOPE_TURN_UP|MA_SLOPE_TURN_DOWN|12H|UP', 'DMA|DMA_SMA_P5_SHIFT5_V1|MA_SLOPE_TURN_UP|MA_SLOPE_TURN_DOWN|12H|UP']",2
262,"['DMA|DMA_SMA_P5_SHIFT3_V1|MA_SLOPE_TURN_UP|MA_SLOPE_TURN_DOWN|15m|DOWN', 'DMA|DMA_SMA_P5_SHIFT5_V1|MA_SLOPE_TURN_UP|MA_SLOPE_TURN_DOWN|15m|DOWN']",2
263,"['DMA|DMA_SMA_P5_SHIFT3_V1|MA_SLOPE_TURN_UP|MA_SLOPE_TURN_DOWN|15m|UP', 'DMA|DMA_SMA_P5_SHIFT5_V1|MA_SLOPE_TURN_UP|MA_SLOPE_TURN_DOWN|15m|UP']",2
264,"['DMA|DMA_SMA_P5_SHIFT3_V1|MA_SLOPE_TURN_UP|MA_SLOPE_TURN_DOWN|1D|DOWN', 'DMA|DMA_SMA_P5_SHIFT5_V1|MA_SLOPE_TURN_UP|MA_SLOPE_TURN_DOWN|1D|DOWN']",2
265,"['DMA|DMA_SMA_P5_SHIFT3_V1|MA_SLOPE_TURN_UP|MA_SLOPE_TURN_DOWN|1D|UP', 'DMA|DMA_SMA_P5_SHIFT5_V1|MA_SLOPE_TURN_UP|MA_SLOPE_TURN_DOWN|1D|UP']",2
266,"['DMA|DMA_SMA_P5_SHIFT3_V1|MA_SLOPE_TURN_UP|MA_SLOPE_TURN_DOWN|1H|DOWN', 'DMA|DMA_SMA_P5_SHIFT5_V1|MA_SLOPE_TURN_UP|MA_SLOPE_TURN_DOWN|1H|DOWN']",2
267,"['DMA|DMA_SMA_P5_SHIFT3_V1|MA_SLOPE_TURN_UP|MA_SLOPE_TURN_DOWN|1H|UP', 'DMA|DMA_SMA_P5_SHIFT5_V1|MA_SLOPE_TURN_UP|MA_SLOPE_TURN_DOWN|1H|UP']",2
268,"['DMA|DMA_SMA_P5_SHIFT3_V1|MA_SLOPE_TURN_UP|MA_SLOPE_TURN_DOWN|2H|DOWN', 'DMA|DMA_SMA_P5_SHIFT5_V1|MA_SLOPE_TURN_UP|MA_SLOPE_TURN_DOWN|2H|DOWN']",2
269,"['DMA|DMA_SMA_P5_SHIFT3_V1|MA_SLOPE_TURN_UP|MA_SLOPE_TURN_DOWN|2H|UP', 'DMA|DMA_SMA_P5_SHIFT5_V1|MA_SLOPE_TURN_UP|MA_SLOPE_TURN_DOWN|2H|UP']",2
270,"['DMA|DMA_SMA_P5_SHIFT3_V1|MA_SLOPE_TURN_UP|MA_SLOPE_TURN_DOWN|30m|DOWN', 'DMA|DMA_SMA_P5_SHIFT5_V1|MA_SLOPE_TURN_UP|MA_SLOPE_TURN_DOWN|30m|DOWN']",2
271,"['DMA|DMA_SMA_P5_SHIFT3_V1|MA_SLOPE_TURN_UP|MA_SLOPE_TURN_DOWN|30m|UP', 'DMA|DMA_SMA_P5_SHIFT5_V1|MA_SLOPE_TURN_UP|MA_SLOPE_TURN_DOWN|30m|UP']",2
272,"['DMA|DMA_SMA_P5_SHIFT3_V1|MA_SLOPE_TURN_UP|MA_SLOPE_TURN_DOWN|4H|DOWN', 'DMA|DMA_SMA_P5_SHIFT5_V1|MA_SLOPE_TURN_UP|MA_SLOPE_TURN_DOWN|4H|DOWN']",2
273,"['DMA|DMA_SMA_P5_SHIFT3_V1|MA_SLOPE_TURN_UP|MA_SLOPE_TURN_DOWN|4H|UP', 'DMA|DMA_SMA_P5_SHIFT5_V1|MA_SLOPE_TURN_UP|MA_SLOPE_TURN_DOWN|4H|UP']",2
274,"['DMA|DMA_SMA_P5_SHIFT3_V1|MA_SLOPE_TURN_UP|MA_SLOPE_TURN_DOWN|5m|DOWN', 'DMA|DMA_SMA_P5_SHIFT5_V1|MA_SLOPE_TURN_UP|MA_SLOPE_TURN_DOWN|5m|DOWN']",2
275,"['DMA|DMA_SMA_P5_SHIFT3_V1|MA_SLOPE_TURN_UP|MA_SLOPE_TURN_DOWN|5m|UP', 'DMA|DMA_SMA_P5_SHIFT5_V1|MA_SLOPE_TURN_UP|MA_SLOPE_TURN_DOWN|5m|UP']",2
276,"['DMA|DMA_SMA_P5_SHIFT3_V1|MA_SLOPE_TURN_UP|MA_SLOPE_TURN_DOWN|6H|DOWN', 'DMA|DMA_SMA_P5_SHIFT5_V1|MA_SLOPE_TURN_UP|MA_SLOPE_TURN_DOWN|6H|DOWN']",2
277,"['DMA|DMA_SMA_P5_SHIFT3_V1|MA_SLOPE_TURN_UP|MA_SLOPE_TURN_DOWN|6H|UP', 'DMA|DMA_SMA_P5_SHIFT5_V1|MA_SLOPE_TURN_UP|MA_SLOPE_TURN_DOWN|6H|UP']",2
278,"['DMA|DMA_SMA_P5_SHIFT3_V1|MA_SLOPE_TURN_UP|MA_SLOPE_TURN_DOWN|8H|DOWN', 'DMA|DMA_SMA_P5_SHIFT5_V1|MA_SLOPE_TURN_UP|MA_SLOPE_TURN_DOWN|8H|DOWN']",2
279,"['DMA|DMA_SMA_P5_SHIFT3_V1|MA_SLOPE_TURN_UP|MA_SLOPE_TURN_DOWN|8H|UP', 'DMA|DMA_SMA_P5_SHIFT5_V1|MA_SLOPE_TURN_UP|MA_SLOPE_TURN_DOWN|8H|UP']",2
280,"['DMA|DMA_SMA_P5_SHIFT3_V1|PRICE_CROSS_UP_MA|PRICE_CROSS_DOWN_MA|12H|DOWN', 'DMA|DMA_SMA_P5_SHIFT5_V1|PRICE_CROSS_UP_MA|PRICE_CROSS_DOWN_MA|12H|DOWN']",2
281,"['DMA|DMA_SMA_P5_SHIFT3_V1|PRICE_CROSS_UP_MA|PRICE_CROSS_DOWN_MA|12H|UP', 'DMA|DMA_SMA_P5_SHIFT5_V1|PRICE_CROSS_UP_MA|PRICE_CROSS_DOWN_MA|12H|UP']",2
282,"['DMA|DMA_SMA_P5_SHIFT3_V1|PRICE_CROSS_UP_MA|PRICE_CROSS_DOWN_MA|15m|DOWN', 'DMA|DMA_SMA_P5_SHIFT5_V1|PRICE_CROSS_UP_MA|PRICE_CROSS_DOWN_MA|15m|DOWN']",2
283,"['DMA|DMA_SMA_P5_SHIFT3_V1|PRICE_CROSS_UP_MA|PRICE_CROSS_DOWN_MA|15m|UP', 'DMA|DMA_SMA_P5_SHIFT5_V1|PRICE_CROSS_UP_MA|PRICE_CROSS_DOWN_MA|15m|UP']",2
284,"['DMA|DMA_SMA_P5_SHIFT3_V1|PRICE_CROSS_UP_MA|PRICE_CROSS_DOWN_MA|1D|DOWN', 'DMA|DMA_SMA_P5_SHIFT5_V1|PRICE_CROSS_UP_MA|PRICE_CROSS_DOWN_MA|1D|DOWN']",2
285,"['DMA|DMA_SMA_P5_SHIFT3_V1|PRICE_CROSS_UP_MA|PRICE_CROSS_DOWN_MA|1D|UP', 'DMA|DMA_SMA_P5_SHIFT5_V1|PRICE_CROSS_UP_MA|PRICE_CROSS_DOWN_MA|1D|UP']",2
286,"['DMA|DMA_SMA_P5_SHIFT3_V1|PRICE_CROSS_UP_MA|PRICE_CROSS_DOWN_MA|1H|DOWN', 'DMA|DMA_SMA_P5_SHIFT5_V1|PRICE_CROSS_UP_MA|PRICE_CROSS_DOWN_MA|1H|DOWN']",2
287,"['DMA|DMA_SMA_P5_SHIFT3_V1|PRICE_CROSS_UP_MA|PRICE_CROSS_DOWN_MA|1H|UP', 'DMA|DMA_SMA_P5_SHIFT5_V1|PRICE_CROSS_UP_MA|PRICE_CROSS_DOWN_MA|1H|UP']",2
288,"['DMA|DMA_SMA_P5_SHIFT3_V1|PRICE_CROSS_UP_MA|PRICE_CROSS_DOWN_MA|2H|DOWN', 'DMA|DMA_SMA_P5_SHIFT5_V1|PRICE_CROSS_UP_MA|PRICE_CROSS_DOWN_MA|2H|DOWN']",2
289,"['DMA|DMA_SMA_P5_SHIFT3_V1|PRICE_CROSS_UP_MA|PRICE_CROSS_DOWN_MA|2H|UP', 'DMA|DMA_SMA_P5_SHIFT5_V1|PRICE_CROSS_UP_MA|PRICE_CROSS_DOWN_MA|2H|UP']",2
290,"['DMA|DMA_SMA_P5_SHIFT3_V1|PRICE_CROSS_UP_MA|PRICE_CROSS_DOWN_MA|30m|DOWN', 'DMA|DMA_SMA_P5_SHIFT5_V1|PRICE_CROSS_UP_MA|PRICE_CROSS_DOWN_MA|30m|DOWN']",2
291,"['DMA|DMA_SMA_P5_SHIFT3_V1|PRICE_CROSS_UP_MA|PRICE_CROSS_DOWN_MA|30m|UP', 'DMA|DMA_SMA_P5_SHIFT5_V1|PRICE_CROSS_UP_MA|PRICE_CROSS_DOWN_MA|30m|UP']",2
292,"['DMA|DMA_SMA_P5_SHIFT3_V1|PRICE_CROSS_UP_MA|PRICE_CROSS_DOWN_MA|4H|DOWN', 'DMA|DMA_SMA_P5_SHIFT5_V1|PRICE_CROSS_UP_MA|PRICE_CROSS_DOWN_MA|4H|DOWN']",2
293,"['DMA|DMA_SMA_P5_SHIFT3_V1|PRICE_CROSS_UP_MA|PRICE_CROSS_DOWN_MA|4H|UP', 'DMA|DMA_SMA_P5_SHIFT5_V1|PRICE_CROSS_UP_MA|PRICE_CROSS_DOWN_MA|4H|UP']",2
294,"['DMA|DMA_SMA_P5_SHIFT3_V1|PRICE_CROSS_UP_MA|PRICE_CROSS_DOWN_MA|5m|DOWN', 'DMA|DMA_SMA_P5_SHIFT5_V1|PRICE_CROSS_UP_MA|PRICE_CROSS_DOWN_MA|5m|DOWN']",2
295,"['DMA|DMA_SMA_P5_SHIFT3_V1|PRICE_CROSS_UP_MA|PRICE_CROSS_DOWN_MA|5m|UP', 'DMA|DMA_SMA_P5_SHIFT5_V1|PRICE_CROSS_UP_MA|PRICE_CROSS_DOWN_MA|5m|UP']",2
296,"['DMA|DMA_SMA_P5_SHIFT3_V1|PRICE_CROSS_UP_MA|PRICE_CROSS_DOWN_MA|6H|DOWN', 'DMA|DMA_SMA_P5_SHIFT5_V1|PRICE_CROSS_UP_MA|PRICE_CROSS_DOWN_MA|6H|DOWN']",2
297,"['DMA|DMA_SMA_P5_SHIFT3_V1|PRICE_CROSS_UP_MA|PRICE_CROSS_DOWN_MA|6H|UP', 'DMA|DMA_SMA_P5_SHIFT5_V1|PRICE_CROSS_UP_MA|PRICE_CROSS_DOWN_MA|6H|UP']",2
298,"['DMA|DMA_SMA_P5_SHIFT3_V1|PRICE_CROSS_UP_MA|PRICE_CROSS_DOWN_MA|8H|DOWN', 'DMA|DMA_SMA_P5_SHIFT5_V1|PRICE_CROSS_UP_MA|PRICE_CROSS_DOWN_MA|8H|DOWN']",2
299,"['DMA|DMA_SMA_P5_SHIFT3_V1|PRICE_CROSS_UP_MA|PRICE_CROSS_DOWN_MA|8H|UP', 'DMA|DMA_SMA_P5_SHIFT5_V1|PRICE_CROSS_UP_MA|PRICE_CROSS_DOWN_MA|8H|UP']",2
300,"['DMA|DMA_SMA_P7_SHIFT3_V1|MA_SLOPE_TURN_UP|MA_SLOPE_TURN_DOWN|12H|DOWN', 'DMA|DMA_SMA_P7_SHIFT5_V1|MA_SLOPE_TURN_UP|MA_SLOPE_TURN_DOWN|12H|DOWN']",2
301,"['DMA|DMA_SMA_P7_SHIFT3_V1|MA_SLOPE_TURN_UP|MA_SLOPE_TURN_DOWN|12H|UP', 'DMA|DMA_SMA_P7_SHIFT5_V1|MA_SLOPE_TURN_UP|MA_SLOPE_TURN_DOWN|12H|UP']",2
302,"['DMA|DMA_SMA_P7_SHIFT3_V1|MA_SLOPE_TURN_UP|MA_SLOPE_TURN_DOWN|15m|DOWN', 'DMA|DMA_SMA_P7_SHIFT5_V1|MA_SLOPE_TURN_UP|MA_SLOPE_TURN_DOWN|15m|DOWN']",2
303,"['DMA|DMA_SMA_P7_SHIFT3_V1|MA_SLOPE_TURN_UP|MA_SLOPE_TURN_DOWN|15m|UP', 'DMA|DMA_SMA_P7_SHIFT5_V1|MA_SLOPE_TURN_UP|MA_SLOPE_TURN_DOWN|15m|UP']",2
304,"['DMA|DMA_SMA_P7_SHIFT3_V1|MA_SLOPE_TURN_UP|MA_SLOPE_TURN_DOWN|1D|DOWN', 'DMA|DMA_SMA_P7_SHIFT5_V1|MA_SLOPE_TURN_UP|MA_SLOPE_TURN_DOWN|1D|DOWN']",2
305,"['DMA|DMA_SMA_P7_SHIFT3_V1|MA_SLOPE_TURN_UP|MA_SLOPE_TURN_DOWN|1D|UP', 'DMA|DMA_SMA_P7_SHIFT5_V1|MA_SLOPE_TURN_UP|MA_SLOPE_TURN_DOWN|1D|UP']",2
306,"['DMA|DMA_SMA_P7_SHIFT3_V1|MA_SLOPE_TURN_UP|MA_SLOPE_TURN_DOWN|1H|DOWN', 'DMA|DMA_SMA_P7_SHIFT5_V1|MA_SLOPE_TURN_UP|MA_SLOPE_TURN_DOWN|1H|DOWN']",2
307,"['DMA|DMA_SMA_P7_SHIFT3_V1|MA_SLOPE_TURN_UP|MA_SLOPE_TURN_DOWN|1H|UP', 'DMA|DMA_SMA_P7_SHIFT5_V1|MA_SLOPE_TURN_UP|MA_SLOPE_TURN_DOWN|1H|UP']",2
308,"['DMA|DMA_SMA_P7_SHIFT3_V1|MA_SLOPE_TURN_UP|MA_SLOPE_TURN_DOWN|2H|DOWN', 'DMA|DMA_SMA_P7_SHIFT5_V1|MA_SLOPE_TURN_UP|MA_SLOPE_TURN_DOWN|2H|DOWN']",2
309,"['DMA|DMA_SMA_P7_SHIFT3_V1|MA_SLOPE_TURN_UP|MA_SLOPE_TURN_DOWN|2H|UP', 'DMA|DMA_SMA_P7_SHIFT5_V1|MA_SLOPE_TURN_UP|MA_SLOPE_TURN_DOWN|2H|UP']",2
310,"['DMA|DMA_SMA_P7_SHIFT3_V1|MA_SLOPE_TURN_UP|MA_SLOPE_TURN_DOWN|30m|DOWN', 'DMA|DMA_SMA_P7_SHIFT5_V1|MA_SLOPE_TURN_UP|MA_SLOPE_TURN_DOWN|30m|DOWN']",2
311,"['DMA|DMA_SMA_P7_SHIFT3_V1|MA_SLOPE_TURN_UP|MA_SLOPE_TURN_DOWN|30m|UP', 'DMA|DMA_SMA_P7_SHIFT5_V1|MA_SLOPE_TURN_UP|MA_SLOPE_TURN_DOWN|30m|UP']",2
312,"['DMA|DMA_SMA_P7_SHIFT3_V1|MA_SLOPE_TURN_UP|MA_SLOPE_TURN_DOWN|4H|DOWN', 'DMA|DMA_SMA_P7_SHIFT5_V1|MA_SLOPE_TURN_UP|MA_SLOPE_TURN_DOWN|4H|DOWN']",2
313,"['DMA|DMA_SMA_P7_SHIFT3_V1|MA_SLOPE_TURN_UP|MA_SLOPE_TURN_DOWN|4H|UP', 'DMA|DMA_SMA_P7_SHIFT5_V1|MA_SLOPE_TURN_UP|MA_SLOPE_TURN_DOWN|4H|UP']",2
314,"['DMA|DMA_SMA_P7_SHIFT3_V1|MA_SLOPE_TURN_UP|MA_SLOPE_TURN_DOWN|5m|DOWN', 'DMA|DMA_SMA_P7_SHIFT5_V1|MA_SLOPE_TURN_UP|MA_SLOPE_TURN_DOWN|5m|DOWN']",2
315,"['DMA|DMA_SMA_P7_SHIFT3_V1|MA_SLOPE_TURN_UP|MA_SLOPE_TURN_DOWN|5m|UP', 'DMA|DMA_SMA_P7_SHIFT5_V1|MA_SLOPE_TURN_UP|MA_SLOPE_TURN_DOWN|5m|UP']",2
316,"['DMA|DMA_SMA_P7_SHIFT3_V1|MA_SLOPE_TURN_UP|MA_SLOPE_TURN_DOWN|6H|DOWN', 'DMA|DMA_SMA_P7_SHIFT5_V1|MA_SLOPE_TURN_UP|MA_SLOPE_TURN_DOWN|6H|DOWN']",2
317,"['DMA|DMA_SMA_P7_SHIFT3_V1|MA_SLOPE_TURN_UP|MA_SLOPE_TURN_DOWN|6H|UP', 'DMA|DMA_SMA_P7_SHIFT5_V1|MA_SLOPE_TURN_UP|MA_SLOPE_TURN_DOWN|6H|UP']",2
318,"['DMA|DMA_SMA_P7_SHIFT3_V1|MA_SLOPE_TURN_UP|MA_SLOPE_TURN_DOWN|8H|DOWN', 'DMA|DMA_SMA_P7_SHIFT5_V1|MA_SLOPE_TURN_UP|MA_SLOPE_TURN_DOWN|8H|DOWN']",2
319,"['DMA|DMA_SMA_P7_SHIFT3_V1|MA_SLOPE_TURN_UP|MA_SLOPE_TURN_DOWN|8H|UP', 'DMA|DMA_SMA_P7_SHIFT5_V1|MA_SLOPE_TURN_UP|MA_SLOPE_TURN_DOWN|8H|UP']",2
320,"['DMA|DMA_SMA_P7_SHIFT3_V1|PRICE_CROSS_UP_MA|PRICE_CROSS_DOWN_MA|12H|DOWN', 'DMA|DMA_SMA_P7_SHIFT5_V1|PRICE_CROSS_UP_MA|PRICE_CROSS_DOWN_MA|12H|DOWN', 'PURE_DNO|DNO_PERIOD_7_REFERENCE|DNO_ZERO_CROSS_DOWN|12H|DOWN']",3
321,"['DMA|DMA_SMA_P7_SHIFT3_V1|PRICE_CROSS_UP_MA|PRICE_CROSS_DOWN_MA|12H|UP', 'DMA|DMA_SMA_P7_SHIFT5_V1|PRICE_CROSS_UP_MA|PRICE_CROSS_DOWN_MA|12H|UP', 'PURE_DNO|DNO_PERIOD_7_REFERENCE|DNO_ZERO_CROSS_UP|12H|UP']",3
322,"['DMA|DMA_SMA_P7_SHIFT3_V1|PRICE_CROSS_UP_MA|PRICE_CROSS_DOWN_MA|15m|DOWN', 'DMA|DMA_SMA_P7_SHIFT5_V1|PRICE_CROSS_UP_MA|PRICE_CROSS_DOWN_MA|15m|DOWN', 'PURE_DNO|DNO_PERIOD_7_REFERENCE|DNO_ZERO_CROSS_DOWN|15m|DOWN']",3
323,"['DMA|DMA_SMA_P7_SHIFT3_V1|PRICE_CROSS_UP_MA|PRICE_CROSS_DOWN_MA|15m|UP', 'DMA|DMA_SMA_P7_SHIFT5_V1|PRICE_CROSS_UP_MA|PRICE_CROSS_DOWN_MA|15m|UP', 'PURE_DNO|DNO_PERIOD_7_REFERENCE|DNO_ZERO_CROSS_UP|15m|UP']",3
324,"['DMA|DMA_SMA_P7_SHIFT3_V1|PRICE_CROSS_UP_MA|PRICE_CROSS_DOWN_MA|1D|DOWN', 'DMA|DMA_SMA_P7_SHIFT5_V1|PRICE_CROSS_UP_MA|PRICE_CROSS_DOWN_MA|1D|DOWN', 'PURE_DNO|DNO_PERIOD_7_REFERENCE|DNO_ZERO_CROSS_DOWN|1D|DOWN']",3
325,"['DMA|DMA_SMA_P7_SHIFT3_V1|PRICE_CROSS_UP_MA|PRICE_CROSS_DOWN_MA|1D|UP', 'DMA|DMA_SMA_P7_SHIFT5_V1|PRICE_CROSS_UP_MA|PRICE_CROSS_DOWN_MA|1D|UP', 'PURE_DNO|DNO_PERIOD_7_REFERENCE|DNO_ZERO_CROSS_UP|1D|UP']",3
326,"['DMA|DMA_SMA_P7_SHIFT3_V1|PRICE_CROSS_UP_MA|PRICE_CROSS_DOWN_MA|1H|DOWN', 'DMA|DMA_SMA_P7_SHIFT5_V1|PRICE_CROSS_UP_MA|PRICE_CROSS_DOWN_MA|1H|DOWN', 'PURE_DNO|DNO_PERIOD_7_REFERENCE|DNO_ZERO_CROSS_DOWN|1H|DOWN']",3
327,"['DMA|DMA_SMA_P7_SHIFT3_V1|PRICE_CROSS_UP_MA|PRICE_CROSS_DOWN_MA|1H|UP', 'DMA|DMA_SMA_P7_SHIFT5_V1|PRICE_CROSS_UP_MA|PRICE_CROSS_DOWN_MA|1H|UP', 'PURE_DNO|DNO_PERIOD_7_REFERENCE|DNO_ZERO_CROSS_UP|1H|UP']",3
328,"['DMA|DMA_SMA_P7_SHIFT3_V1|PRICE_CROSS_UP_MA|PRICE_CROSS_DOWN_MA|2H|DOWN', 'DMA|DMA_SMA_P7_SHIFT5_V1|PRICE_CROSS_UP_MA|PRICE_CROSS_DOWN_MA|2H|DOWN', 'PURE_DNO|DNO_PERIOD_7_REFERENCE|DNO_ZERO_CROSS_DOWN|2H|DOWN']",3
329,"['DMA|DMA_SMA_P7_SHIFT3_V1|PRICE_CROSS_UP_MA|PRICE_CROSS_DOWN_MA|2H|UP', 'DMA|DMA_SMA_P7_SHIFT5_V1|PRICE_CROSS_UP_MA|PRICE_CROSS_DOWN_MA|2H|UP', 'PURE_DNO|DNO_PERIOD_7_REFERENCE|DNO_ZERO_CROSS_UP|2H|UP']",3
330,"['DMA|DMA_SMA_P7_SHIFT3_V1|PRICE_CROSS_UP_MA|PRICE_CROSS_DOWN_MA|30m|DOWN', 'DMA|DMA_SMA_P7_SHIFT5_V1|PRICE_CROSS_UP_MA|PRICE_CROSS_DOWN_MA|30m|DOWN', 'PURE_DNO|DNO_PERIOD_7_REFERENCE|DNO_ZERO_CROSS_DOWN|30m|DOWN']",3
331,"['DMA|DMA_SMA_P7_SHIFT3_V1|PRICE_CROSS_UP_MA|PRICE_CROSS_DOWN_MA|30m|UP', 'DMA|DMA_SMA_P7_SHIFT5_V1|PRICE_CROSS_UP_MA|PRICE_CROSS_DOWN_MA|30m|UP', 'PURE_DNO|DNO_PERIOD_7_REFERENCE|DNO_ZERO_CROSS_UP|30m|UP']",3
332,"['DMA|DMA_SMA_P7_SHIFT3_V1|PRICE_CROSS_UP_MA|PRICE_CROSS_DOWN_MA|4H|DOWN', 'DMA|DMA_SMA_P7_SHIFT5_V1|PRICE_CROSS_UP_MA|PRICE_CROSS_DOWN_MA|4H|DOWN', 'PURE_DNO|DNO_PERIOD_7_REFERENCE|DNO_ZERO_CROSS_DOWN|4H|DOWN']",3
333,"['DMA|DMA_SMA_P7_SHIFT3_V1|PRICE_CROSS_UP_MA|PRICE_CROSS_DOWN_MA|4H|UP', 'DMA|DMA_SMA_P7_SHIFT5_V1|PRICE_CROSS_UP_MA|PRICE_CROSS_DOWN_MA|4H|UP', 'PURE_DNO|DNO_PERIOD_7_REFERENCE|DNO_ZERO_CROSS_UP|4H|UP']",3
334,"['DMA|DMA_SMA_P7_SHIFT3_V1|PRICE_CROSS_UP_MA|PRICE_CROSS_DOWN_MA|5m|DOWN', 'DMA|DMA_SMA_P7_SHIFT5_V1|PRICE_CROSS_UP_MA|PRICE_CROSS_DOWN_MA|5m|DOWN', 'PURE_DNO|DNO_PERIOD_7_REFERENCE|DNO_ZERO_CROSS_DOWN|5m|DOWN']",3
335,"['DMA|DMA_SMA_P7_SHIFT3_V1|PRICE_CROSS_UP_MA|PRICE_CROSS_DOWN_MA|5m|UP', 'DMA|DMA_SMA_P7_SHIFT5_V1|PRICE_CROSS_UP_MA|PRICE_CROSS_DOWN_MA|5m|UP', 'PURE_DNO|DNO_PERIOD_7_REFERENCE|DNO_ZERO_CROSS_UP|5m|UP']",3
336,"['DMA|DMA_SMA_P7_SHIFT3_V1|PRICE_CROSS_UP_MA|PRICE_CROSS_DOWN_MA|6H|DOWN', 'DMA|DMA_SMA_P7_SHIFT5_V1|PRICE_CROSS_UP_MA|PRICE_CROSS_DOWN_MA|6H|DOWN', 'PURE_DNO|DNO_PERIOD_7_REFERENCE|DNO_ZERO_CROSS_DOWN|6H|DOWN']",3
337,"['DMA|DMA_SMA_P7_SHIFT3_V1|PRICE_CROSS_UP_MA|PRICE_CROSS_DOWN_MA|6H|UP', 'DMA|DMA_SMA_P7_SHIFT5_V1|PRICE_CROSS_UP_MA|PRICE_CROSS_DOWN_MA|6H|UP', 'PURE_DNO|DNO_PERIOD_7_REFERENCE|DNO_ZERO_CROSS_UP|6H|UP']",3
338,"['DMA|DMA_SMA_P7_SHIFT3_V1|PRICE_CROSS_UP_MA|PRICE_CROSS_DOWN_MA|8H|DOWN', 'DMA|DMA_SMA_P7_SHIFT5_V1|PRICE_CROSS_UP_MA|PRICE_CROSS_DOWN_MA|8H|DOWN', 'PURE_DNO|DNO_PERIOD_7_REFERENCE|DNO_ZERO_CROSS_DOWN|8H|DOWN']",3
339,"['DMA|DMA_SMA_P7_SHIFT3_V1|PRICE_CROSS_UP_MA|PRICE_CROSS_DOWN_MA|8H|UP', 'DMA|DMA_SMA_P7_SHIFT5_V1|PRICE_CROSS_UP_MA|PRICE_CROSS_DOWN_MA|8H|UP', 'PURE_DNO|DNO_PERIOD_7_REFERENCE|DNO_ZERO_CROSS_UP|8H|UP']",3
340,"['DMA|DMA_WMA_P14_SHIFT5_V1|MA_SLOPE_TURN_UP|MA_SLOPE_TURN_DOWN|12H|DOWN', 'DMA|DMA_WMA_P14_SHIFT8_V1|MA_SLOPE_TURN_UP|MA_SLOPE_TURN_DOWN|12H|DOWN']",2
341,"['DMA|DMA_WMA_P14_SHIFT5_V1|MA_SLOPE_TURN_UP|MA_SLOPE_TURN_DOWN|12H|UP', 'DMA|DMA_WMA_P14_SHIFT8_V1|MA_SLOPE_TURN_UP|MA_SLOPE_TURN_DOWN|12H|UP']",2
342,"['DMA|DMA_WMA_P14_SHIFT5_V1|MA_SLOPE_TURN_UP|MA_SLOPE_TURN_DOWN|15m|DOWN', 'DMA|DMA_WMA_P14_SHIFT8_V1|MA_SLOPE_TURN_UP|MA_SLOPE_TURN_DOWN|15m|DOWN']",2
343,"['DMA|DMA_WMA_P14_SHIFT5_V1|MA_SLOPE_TURN_UP|MA_SLOPE_TURN_DOWN|15m|UP', 'DMA|DMA_WMA_P14_SHIFT8_V1|MA_SLOPE_TURN_UP|MA_SLOPE_TURN_DOWN|15m|UP']",2
344,"['DMA|DMA_WMA_P14_SHIFT5_V1|MA_SLOPE_TURN_UP|MA_SLOPE_TURN_DOWN|1D|DOWN', 'DMA|DMA_WMA_P14_SHIFT8_V1|MA_SLOPE_TURN_UP|MA_SLOPE_TURN_DOWN|1D|DOWN']",2
345,"['DMA|DMA_WMA_P14_SHIFT5_V1|MA_SLOPE_TURN_UP|MA_SLOPE_TURN_DOWN|1D|UP', 'DMA|DMA_WMA_P14_SHIFT8_V1|MA_SLOPE_TURN_UP|MA_SLOPE_TURN_DOWN|1D|UP']",2
346,"['DMA|DMA_WMA_P14_SHIFT5_V1|MA_SLOPE_TURN_UP|MA_SLOPE_TURN_DOWN|1H|DOWN', 'DMA|DMA_WMA_P14_SHIFT8_V1|MA_SLOPE_TURN_UP|MA_SLOPE_TURN_DOWN|1H|DOWN']",2
347,"['DMA|DMA_WMA_P14_SHIFT5_V1|MA_SLOPE_TURN_UP|MA_SLOPE_TURN_DOWN|1H|UP', 'DMA|DMA_WMA_P14_SHIFT8_V1|MA_SLOPE_TURN_UP|MA_SLOPE_TURN_DOWN|1H|UP']",2
348,"['DMA|DMA_WMA_P14_SHIFT5_V1|MA_SLOPE_TURN_UP|MA_SLOPE_TURN_DOWN|2H|DOWN', 'DMA|DMA_WMA_P14_SHIFT8_V1|MA_SLOPE_TURN_UP|MA_SLOPE_TURN_DOWN|2H|DOWN']",2
349,"['DMA|DMA_WMA_P14_SHIFT5_V1|MA_SLOPE_TURN_UP|MA_SLOPE_TURN_DOWN|2H|UP', 'DMA|DMA_WMA_P14_SHIFT8_V1|MA_SLOPE_TURN_UP|MA_SLOPE_TURN_DOWN|2H|UP']",2
350,"['DMA|DMA_WMA_P14_SHIFT5_V1|MA_SLOPE_TURN_UP|MA_SLOPE_TURN_DOWN|30m|DOWN', 'DMA|DMA_WMA_P14_SHIFT8_V1|MA_SLOPE_TURN_UP|MA_SLOPE_TURN_DOWN|30m|DOWN']",2
351,"['DMA|DMA_WMA_P14_SHIFT5_V1|MA_SLOPE_TURN_UP|MA_SLOPE_TURN_DOWN|30m|UP', 'DMA|DMA_WMA_P14_SHIFT8_V1|MA_SLOPE_TURN_UP|MA_SLOPE_TURN_DOWN|30m|UP']",2
352,"['DMA|DMA_WMA_P14_SHIFT5_V1|MA_SLOPE_TURN_UP|MA_SLOPE_TURN_DOWN|4H|DOWN', 'DMA|DMA_WMA_P14_SHIFT8_V1|MA_SLOPE_TURN_UP|MA_SLOPE_TURN_DOWN|4H|DOWN']",2
353,"['DMA|DMA_WMA_P14_SHIFT5_V1|MA_SLOPE_TURN_UP|MA_SLOPE_TURN_DOWN|4H|UP', 'DMA|DMA_WMA_P14_SHIFT8_V1|MA_SLOPE_TURN_UP|MA_SLOPE_TURN_DOWN|4H|UP']",2
354,"['DMA|DMA_WMA_P14_SHIFT5_V1|MA_SLOPE_TURN_UP|MA_SLOPE_TURN_DOWN|5m|DOWN', 'DMA|DMA_WMA_P14_SHIFT8_V1|MA_SLOPE_TURN_UP|MA_SLOPE_TURN_DOWN|5m|DOWN']",2
355,"['DMA|DMA_WMA_P14_SHIFT5_V1|MA_SLOPE_TURN_UP|MA_SLOPE_TURN_DOWN|5m|UP', 'DMA|DMA_WMA_P14_SHIFT8_V1|MA_SLOPE_TURN_UP|MA_SLOPE_TURN_DOWN|5m|UP']",2
356,"['DMA|DMA_WMA_P14_SHIFT5_V1|MA_SLOPE_TURN_UP|MA_SLOPE_TURN_DOWN|6H|DOWN', 'DMA|DMA_WMA_P14_SHIFT8_V1|MA_SLOPE_TURN_UP|MA_SLOPE_TURN_DOWN|6H|DOWN']",2
357,"['DMA|DMA_WMA_P14_SHIFT5_V1|MA_SLOPE_TURN_UP|MA_SLOPE_TURN_DOWN|6H|UP', 'DMA|DMA_WMA_P14_SHIFT8_V1|MA_SLOPE_TURN_UP|MA_SLOPE_TURN_DOWN|6H|UP']",2
358,"['DMA|DMA_WMA_P14_SHIFT5_V1|MA_SLOPE_TURN_UP|MA_SLOPE_TURN_DOWN|8H|DOWN', 'DMA|DMA_WMA_P14_SHIFT8_V1|MA_SLOPE_TURN_UP|MA_SLOPE_TURN_DOWN|8H|DOWN']",2
359,"['DMA|DMA_WMA_P14_SHIFT5_V1|MA_SLOPE_TURN_UP|MA_SLOPE_TURN_DOWN|8H|UP', 'DMA|DMA_WMA_P14_SHIFT8_V1|MA_SLOPE_TURN_UP|MA_SLOPE_TURN_DOWN|8H|UP']",2
360,"['DMA|DMA_WMA_P14_SHIFT5_V1|PRICE_CROSS_UP_MA|PRICE_CROSS_DOWN_MA|12H|DOWN', 'DMA|DMA_WMA_P14_SHIFT8_V1|PRICE_CROSS_UP_MA|PRICE_CROSS_DOWN_MA|12H|DOWN']",2
361,"['DMA|DMA_WMA_P14_SHIFT5_V1|PRICE_CROSS_UP_MA|PRICE_CROSS_DOWN_MA|12H|UP', 'DMA|DMA_WMA_P14_SHIFT8_V1|PRICE_CROSS_UP_MA|PRICE_CROSS_DOWN_MA|12H|UP']",2
362,"['DMA|DMA_WMA_P14_SHIFT5_V1|PRICE_CROSS_UP_MA|PRICE_CROSS_DOWN_MA|15m|DOWN', 'DMA|DMA_WMA_P14_SHIFT8_V1|PRICE_CROSS_UP_MA|PRICE_CROSS_DOWN_MA|15m|DOWN']",2
363,"['DMA|DMA_WMA_P14_SHIFT5_V1|PRICE_CROSS_UP_MA|PRICE_CROSS_DOWN_MA|15m|UP', 'DMA|DMA_WMA_P14_SHIFT8_V1|PRICE_CROSS_UP_MA|PRICE_CROSS_DOWN_MA|15m|UP']",2
364,"['DMA|DMA_WMA_P14_SHIFT5_V1|PRICE_CROSS_UP_MA|PRICE_CROSS_DOWN_MA|1D|DOWN', 'DMA|DMA_WMA_P14_SHIFT8_V1|PRICE_CROSS_UP_MA|PRICE_CROSS_DOWN_MA|1D|DOWN']",2
365,"['DMA|DMA_WMA_P14_SHIFT5_V1|PRICE_CROSS_UP_MA|PRICE_CROSS_DOWN_MA|1D|UP', 'DMA|DMA_WMA_P14_SHIFT8_V1|PRICE_CROSS_UP_MA|PRICE_CROSS_DOWN_MA|1D|UP']",2
366,"['DMA|DMA_WMA_P14_SHIFT5_V1|PRICE_CROSS_UP_MA|PRICE_CROSS_DOWN_MA|1H|DOWN', 'DMA|DMA_WMA_P14_SHIFT8_V1|PRICE_CROSS_UP_MA|PRICE_CROSS_DOWN_MA|1H|DOWN']",2
367,"['DMA|DMA_WMA_P14_SHIFT5_V1|PRICE_CROSS_UP_MA|PRICE_CROSS_DOWN_MA|1H|UP', 'DMA|DMA_WMA_P14_SHIFT8_V1|PRICE_CROSS_UP_MA|PRICE_CROSS_DOWN_MA|1H|UP']",2
368,"['DMA|DMA_WMA_P14_SHIFT5_V1|PRICE_CROSS_UP_MA|PRICE_CROSS_DOWN_MA|2H|DOWN', 'DMA|DMA_WMA_P14_SHIFT8_V1|PRICE_CROSS_UP_MA|PRICE_CROSS_DOWN_MA|2H|DOWN']",2
369,"['DMA|DMA_WMA_P14_SHIFT5_V1|PRICE_CROSS_UP_MA|PRICE_CROSS_DOWN_MA|2H|UP', 'DMA|DMA_WMA_P14_SHIFT8_V1|PRICE_CROSS_UP_MA|PRICE_CROSS_DOWN_MA|2H|UP']",2
370,"['DMA|DMA_WMA_P14_SHIFT5_V1|PRICE_CROSS_UP_MA|PRICE_CROSS_DOWN_MA|30m|DOWN', 'DMA|DMA_WMA_P14_SHIFT8_V1|PRICE_CROSS_UP_MA|PRICE_CROSS_DOWN_MA|30m|DOWN']",2
371,"['DMA|DMA_WMA_P14_SHIFT5_V1|PRICE_CROSS_UP_MA|PRICE_CROSS_DOWN_MA|30m|UP', 'DMA|DMA_WMA_P14_SHIFT8_V1|PRICE_CROSS_UP_MA|PRICE_CROSS_DOWN_MA|30m|UP']",2
372,"['DMA|DMA_WMA_P14_SHIFT5_V1|PRICE_CROSS_UP_MA|PRICE_CROSS_DOWN_MA|4H|DOWN', 'DMA|DMA_WMA_P14_SHIFT8_V1|PRICE_CROSS_UP_MA|PRICE_CROSS_DOWN_MA|4H|DOWN']",2
373,"['DMA|DMA_WMA_P14_SHIFT5_V1|PRICE_CROSS_UP_MA|PRICE_CROSS_DOWN_MA|4H|UP', 'DMA|DMA_WMA_P14_SHIFT8_V1|PRICE_CROSS_UP_MA|PRICE_CROSS_DOWN_MA|4H|UP']",2
374,"['DMA|DMA_WMA_P14_SHIFT5_V1|PRICE_CROSS_UP_MA|PRICE_CROSS_DOWN_MA|5m|DOWN', 'DMA|DMA_WMA_P14_SHIFT8_V1|PRICE_CROSS_UP_MA|PRICE_CROSS_DOWN_MA|5m|DOWN']",2
375,"['DMA|DMA_WMA_P14_SHIFT5_V1|PRICE_CROSS_UP_MA|PRICE_CROSS_DOWN_MA|5m|UP', 'DMA|DMA_WMA_P14_SHIFT8_V1|PRICE_CROSS_UP_MA|PRICE_CROSS_DOWN_MA|5m|UP']",2
376,"['DMA|DMA_WMA_P14_SHIFT5_V1|PRICE_CROSS_UP_MA|PRICE_CROSS_DOWN_MA|6H|DOWN', 'DMA|DMA_WMA_P14_SHIFT8_V1|PRICE_CROSS_UP_MA|PRICE_CROSS_DOWN_MA|6H|DOWN']",2
377,"['DMA|DMA_WMA_P14_SHIFT5_V1|PRICE_CROSS_UP_MA|PRICE_CROSS_DOWN_MA|6H|UP', 'DMA|DMA_WMA_P14_SHIFT8_V1|PRICE_CROSS_UP_MA|PRICE_CROSS_DOWN_MA|6H|UP']",2
378,"['DMA|DMA_WMA_P14_SHIFT5_V1|PRICE_CROSS_UP_MA|PRICE_CROSS_DOWN_MA|8H|DOWN', 'DMA|DMA_WMA_P14_SHIFT8_V1|PRICE_CROSS_UP_MA|PRICE_CROSS_DOWN_MA|8H|DOWN']",2
379,"['DMA|DMA_WMA_P14_SHIFT5_V1|PRICE_CROSS_UP_MA|PRICE_CROSS_DOWN_MA|8H|UP', 'DMA|DMA_WMA_P14_SHIFT8_V1|PRICE_CROSS_UP_MA|PRICE_CROSS_DOWN_MA|8H|UP']",2
380,"['DMA|DMA_WMA_P25_SHIFT5_V1|MA_SLOPE_TURN_UP|MA_SLOPE_TURN_DOWN|12H|DOWN', 'DMA|DMA_WMA_P25_SHIFT8_V1|MA_SLOPE_TURN_UP|MA_SLOPE_TURN_DOWN|12H|DOWN']",2
381,"['DMA|DMA_WMA_P25_SHIFT5_V1|MA_SLOPE_TURN_UP|MA_SLOPE_TURN_DOWN|12H|UP', 'DMA|DMA_WMA_P25_SHIFT8_V1|MA_SLOPE_TURN_UP|MA_SLOPE_TURN_DOWN|12H|UP']",2
382,"['DMA|DMA_WMA_P25_SHIFT5_V1|MA_SLOPE_TURN_UP|MA_SLOPE_TURN_DOWN|15m|DOWN', 'DMA|DMA_WMA_P25_SHIFT8_V1|MA_SLOPE_TURN_UP|MA_SLOPE_TURN_DOWN|15m|DOWN']",2
383,"['DMA|DMA_WMA_P25_SHIFT5_V1|MA_SLOPE_TURN_UP|MA_SLOPE_TURN_DOWN|15m|UP', 'DMA|DMA_WMA_P25_SHIFT8_V1|MA_SLOPE_TURN_UP|MA_SLOPE_TURN_DOWN|15m|UP']",2
384,"['DMA|DMA_WMA_P25_SHIFT5_V1|MA_SLOPE_TURN_UP|MA_SLOPE_TURN_DOWN|1D|DOWN', 'DMA|DMA_WMA_P25_SHIFT8_V1|MA_SLOPE_TURN_UP|MA_SLOPE_TURN_DOWN|1D|DOWN']",2
385,"['DMA|DMA_WMA_P25_SHIFT5_V1|MA_SLOPE_TURN_UP|MA_SLOPE_TURN_DOWN|1D|UP', 'DMA|DMA_WMA_P25_SHIFT8_V1|MA_SLOPE_TURN_UP|MA_SLOPE_TURN_DOWN|1D|UP']",2
386,"['DMA|DMA_WMA_P25_SHIFT5_V1|MA_SLOPE_TURN_UP|MA_SLOPE_TURN_DOWN|1H|DOWN', 'DMA|DMA_WMA_P25_SHIFT8_V1|MA_SLOPE_TURN_UP|MA_SLOPE_TURN_DOWN|1H|DOWN']",2
387,"['DMA|DMA_WMA_P25_SHIFT5_V1|MA_SLOPE_TURN_UP|MA_SLOPE_TURN_DOWN|1H|UP', 'DMA|DMA_WMA_P25_SHIFT8_V1|MA_SLOPE_TURN_UP|MA_SLOPE_TURN_DOWN|1H|UP']",2
388,"['DMA|DMA_WMA_P25_SHIFT5_V1|MA_SLOPE_TURN_UP|MA_SLOPE_TURN_DOWN|2H|DOWN', 'DMA|DMA_WMA_P25_SHIFT8_V1|MA_SLOPE_TURN_UP|MA_SLOPE_TURN_DOWN|2H|DOWN']",2
389,"['DMA|DMA_WMA_P25_SHIFT5_V1|MA_SLOPE_TURN_UP|MA_SLOPE_TURN_DOWN|2H|UP', 'DMA|DMA_WMA_P25_SHIFT8_V1|MA_SLOPE_TURN_UP|MA_SLOPE_TURN_DOWN|2H|UP']",2
390,"['DMA|DMA_WMA_P25_SHIFT5_V1|MA_SLOPE_TURN_UP|MA_SLOPE_TURN_DOWN|30m|DOWN', 'DMA|DMA_WMA_P25_SHIFT8_V1|MA_SLOPE_TURN_UP|MA_SLOPE_TURN_DOWN|30m|DOWN']",2
391,"['DMA|DMA_WMA_P25_SHIFT5_V1|MA_SLOPE_TURN_UP|MA_SLOPE_TURN_DOWN|30m|UP', 'DMA|DMA_WMA_P25_SHIFT8_V1|MA_SLOPE_TURN_UP|MA_SLOPE_TURN_DOWN|30m|UP']",2
392,"['DMA|DMA_WMA_P25_SHIFT5_V1|MA_SLOPE_TURN_UP|MA_SLOPE_TURN_DOWN|4H|DOWN', 'DMA|DMA_WMA_P25_SHIFT8_V1|MA_SLOPE_TURN_UP|MA_SLOPE_TURN_DOWN|4H|DOWN']",2
393,"['DMA|DMA_WMA_P25_SHIFT5_V1|MA_SLOPE_TURN_UP|MA_SLOPE_TURN_DOWN|4H|UP', 'DMA|DMA_WMA_P25_SHIFT8_V1|MA_SLOPE_TURN_UP|MA_SLOPE_TURN_DOWN|4H|UP']",2
394,"['DMA|DMA_WMA_P25_SHIFT5_V1|MA_SLOPE_TURN_UP|MA_SLOPE_TURN_DOWN|5m|DOWN', 'DMA|DMA_WMA_P25_SHIFT8_V1|MA_SLOPE_TURN_UP|MA_SLOPE_TURN_DOWN|5m|DOWN']",2
395,"['DMA|DMA_WMA_P25_SHIFT5_V1|MA_SLOPE_TURN_UP|MA_SLOPE_TURN_DOWN|5m|UP', 'DMA|DMA_WMA_P25_SHIFT8_V1|MA_SLOPE_TURN_UP|MA_SLOPE_TURN_DOWN|5m|UP']",2
396,"['DMA|DMA_WMA_P25_SHIFT5_V1|MA_SLOPE_TURN_UP|MA_SLOPE_TURN_DOWN|6H|DOWN', 'DMA|DMA_WMA_P25_SHIFT8_V1|MA_SLOPE_TURN_UP|MA_SLOPE_TURN_DOWN|6H|DOWN']",2
397,"['DMA|DMA_WMA_P25_SHIFT5_V1|MA_SLOPE_TURN_UP|MA_SLOPE_TURN_DOWN|6H|UP', 'DMA|DMA_WMA_P25_SHIFT8_V1|MA_SLOPE_TURN_UP|MA_SLOPE_TURN_DOWN|6H|UP']",2
398,"['DMA|DMA_WMA_P25_SHIFT5_V1|MA_SLOPE_TURN_UP|MA_SLOPE_TURN_DOWN|8H|DOWN', 'DMA|DMA_WMA_P25_SHIFT8_V1|MA_SLOPE_TURN_UP|MA_SLOPE_TURN_DOWN|8H|DOWN']",2
399,"['DMA|DMA_WMA_P25_SHIFT5_V1|MA_SLOPE_TURN_UP|MA_SLOPE_TURN_DOWN|8H|UP', 'DMA|DMA_WMA_P25_SHIFT8_V1|MA_SLOPE_TURN_UP|MA_SLOPE_TURN_DOWN|8H|UP']",2
400,"['DMA|DMA_WMA_P25_SHIFT5_V1|PRICE_CROSS_UP_MA|PRICE_CROSS_DOWN_MA|12H|DOWN', 'DMA|DMA_WMA_P25_SHIFT8_V1|PRICE_CROSS_UP_MA|PRICE_CROSS_DOWN_MA|12H|DOWN']",2
401,"['DMA|DMA_WMA_P25_SHIFT5_V1|PRICE_CROSS_UP_MA|PRICE_CROSS_DOWN_MA|12H|UP', 'DMA|DMA_WMA_P25_SHIFT8_V1|PRICE_CROSS_UP_MA|PRICE_CROSS_DOWN_MA|12H|UP']",2
402,"['DMA|DMA_WMA_P25_SHIFT5_V1|PRICE_CROSS_UP_MA|PRICE_CROSS_DOWN_MA|15m|DOWN', 'DMA|DMA_WMA_P25_SHIFT8_V1|PRICE_CROSS_UP_MA|PRICE_CROSS_DOWN_MA|15m|DOWN']",2
403,"['DMA|DMA_WMA_P25_SHIFT5_V1|PRICE_CROSS_UP_MA|PRICE_CROSS_DOWN_MA|15m|UP', 'DMA|DMA_WMA_P25_SHIFT8_V1|PRICE_CROSS_UP_MA|PRICE_CROSS_DOWN_MA|15m|UP']",2
404,"['DMA|DMA_WMA_P25_SHIFT5_V1|PRICE_CROSS_UP_MA|PRICE_CROSS_DOWN_MA|1D|DOWN', 'DMA|DMA_WMA_P25_SHIFT8_V1|PRICE_CROSS_UP_MA|PRICE_CROSS_DOWN_MA|1D|DOWN']",2
405,"['DMA|DMA_WMA_P25_SHIFT5_V1|PRICE_CROSS_UP_MA|PRICE_CROSS_DOWN_MA|1D|UP', 'DMA|DMA_WMA_P25_SHIFT8_V1|PRICE_CROSS_UP_MA|PRICE_CROSS_DOWN_MA|1D|UP']",2
406,"['DMA|DMA_WMA_P25_SHIFT5_V1|PRICE_CROSS_UP_MA|PRICE_CROSS_DOWN_MA|1H|DOWN', 'DMA|DMA_WMA_P25_SHIFT8_V1|PRICE_CROSS_UP_MA|PRICE_CROSS_DOWN_MA|1H|DOWN']",2
407,"['DMA|DMA_WMA_P25_SHIFT5_V1|PRICE_CROSS_UP_MA|PRICE_CROSS_DOWN_MA|1H|UP', 'DMA|DMA_WMA_P25_SHIFT8_V1|PRICE_CROSS_UP_MA|PRICE_CROSS_DOWN_MA|1H|UP']",2
408,"['DMA|DMA_WMA_P25_SHIFT5_V1|PRICE_CROSS_UP_MA|PRICE_CROSS_DOWN_MA|2H|DOWN', 'DMA|DMA_WMA_P25_SHIFT8_V1|PRICE_CROSS_UP_MA|PRICE_CROSS_DOWN_MA|2H|DOWN']",2
409,"['DMA|DMA_WMA_P25_SHIFT5_V1|PRICE_CROSS_UP_MA|PRICE_CROSS_DOWN_MA|2H|UP', 'DMA|DMA_WMA_P25_SHIFT8_V1|PRICE_CROSS_UP_MA|PRICE_CROSS_DOWN_MA|2H|UP']",2
410,"['DMA|DMA_WMA_P25_SHIFT5_V1|PRICE_CROSS_UP_MA|PRICE_CROSS_DOWN_MA|30m|DOWN', 'DMA|DMA_WMA_P25_SHIFT8_V1|PRICE_CROSS_UP_MA|PRICE_CROSS_DOWN_MA|30m|DOWN']",2
411,"['DMA|DMA_WMA_P25_SHIFT5_V1|PRICE_CROSS_UP_MA|PRICE_CROSS_DOWN_MA|30m|UP', 'DMA|DMA_WMA_P25_SHIFT8_V1|PRICE_CROSS_UP_MA|PRICE_CROSS_DOWN_MA|30m|UP']",2
412,"['DMA|DMA_WMA_P25_SHIFT5_V1|PRICE_CROSS_UP_MA|PRICE_CROSS_DOWN_MA|4H|DOWN', 'DMA|DMA_WMA_P25_SHIFT8_V1|PRICE_CROSS_UP_MA|PRICE_CROSS_DOWN_MA|4H|DOWN']",2
413,"['DMA|DMA_WMA_P25_SHIFT5_V1|PRICE_CROSS_UP_MA|PRICE_CROSS_DOWN_MA|4H|UP', 'DMA|DMA_WMA_P25_SHIFT8_V1|PRICE_CROSS_UP_MA|PRICE_CROSS_DOWN_MA|4H|UP']",2
414,"['DMA|DMA_WMA_P25_SHIFT5_V1|PRICE_CROSS_UP_MA|PRICE_CROSS_DOWN_MA|5m|DOWN', 'DMA|DMA_WMA_P25_SHIFT8_V1|PRICE_CROSS_UP_MA|PRICE_CROSS_DOWN_MA|5m|DOWN']",2
415,"['DMA|DMA_WMA_P25_SHIFT5_V1|PRICE_CROSS_UP_MA|PRICE_CROSS_DOWN_MA|5m|UP', 'DMA|DMA_WMA_P25_SHIFT8_V1|PRICE_CROSS_UP_MA|PRICE_CROSS_DOWN_MA|5m|UP']",2
416,"['DMA|DMA_WMA_P25_SHIFT5_V1|PRICE_CROSS_UP_MA|PRICE_CROSS_DOWN_MA|6H|DOWN', 'DMA|DMA_WMA_P25_SHIFT8_V1|PRICE_CROSS_UP_MA|PRICE_CROSS_DOWN_MA|6H|DOWN']",2
417,"['DMA|DMA_WMA_P25_SHIFT5_V1|PRICE_CROSS_UP_MA|PRICE_CROSS_DOWN_MA|6H|UP', 'DMA|DMA_WMA_P25_SHIFT8_V1|PRICE_CROSS_UP_MA|PRICE_CROSS_DOWN_MA|6H|UP']",2
418,"['DMA|DMA_WMA_P25_SHIFT5_V1|PRICE_CROSS_UP_MA|PRICE_CROSS_DOWN_MA|8H|DOWN', 'DMA|DMA_WMA_P25_SHIFT8_V1|PRICE_CROSS_UP_MA|PRICE_CROSS_DOWN_MA|8H|DOWN']",2
419,"['DMA|DMA_WMA_P25_SHIFT5_V1|PRICE_CROSS_UP_MA|PRICE_CROSS_DOWN_MA|8H|UP', 'DMA|DMA_WMA_P25_SHIFT8_V1|PRICE_CROSS_UP_MA|PRICE_CROSS_DOWN_MA|8H|UP']",2
420,"['DMA|DMA_WMA_P3_SHIFT0_V1|MA_SLOPE_TURN_UP|MA_SLOPE_TURN_DOWN|12H|DOWN', 'DMA|DMA_WMA_P3_SHIFT2_V1|MA_SLOPE_TURN_UP|MA_SLOPE_TURN_DOWN|12H|DOWN', 'DMA|DMA_WMA_P3_SHIFT3_V1|MA_SLOPE_TURN_UP|MA_SLOPE_TURN_DOWN|12H|DOWN', 'DMA|DMA_WMA_P3_SHIFT5_V1|MA_SLOPE_TURN_UP|MA_SLOPE_TURN_DOWN|12H|DOWN']",4
421,"['DMA|DMA_WMA_P3_SHIFT0_V1|MA_SLOPE_TURN_UP|MA_SLOPE_TURN_DOWN|12H|UP', 'DMA|DMA_WMA_P3_SHIFT2_V1|MA_SLOPE_TURN_UP|MA_SLOPE_TURN_DOWN|12H|UP', 'DMA|DMA_WMA_P3_SHIFT3_V1|MA_SLOPE_TURN_UP|MA_SLOPE_TURN_DOWN|12H|UP', 'DMA|DMA_WMA_P3_SHIFT5_V1|MA_SLOPE_TURN_UP|MA_SLOPE_TURN_DOWN|12H|UP']",4
422,"['DMA|DMA_WMA_P3_SHIFT0_V1|MA_SLOPE_TURN_UP|MA_SLOPE_TURN_DOWN|15m|DOWN', 'DMA|DMA_WMA_P3_SHIFT2_V1|MA_SLOPE_TURN_UP|MA_SLOPE_TURN_DOWN|15m|DOWN', 'DMA|DMA_WMA_P3_SHIFT3_V1|MA_SLOPE_TURN_UP|MA_SLOPE_TURN_DOWN|15m|DOWN', 'DMA|DMA_WMA_P3_SHIFT5_V1|MA_SLOPE_TURN_UP|MA_SLOPE_TURN_DOWN|15m|DOWN']",4
423,"['DMA|DMA_WMA_P3_SHIFT0_V1|MA_SLOPE_TURN_UP|MA_SLOPE_TURN_DOWN|15m|UP', 'DMA|DMA_WMA_P3_SHIFT2_V1|MA_SLOPE_TURN_UP|MA_SLOPE_TURN_DOWN|15m|UP', 'DMA|DMA_WMA_P3_SHIFT3_V1|MA_SLOPE_TURN_UP|MA_SLOPE_TURN_DOWN|15m|UP', 'DMA|DMA_WMA_P3_SHIFT5_V1|MA_SLOPE_TURN_UP|MA_SLOPE_TURN_DOWN|15m|UP']",4
424,"['DMA|DMA_WMA_P3_SHIFT0_V1|MA_SLOPE_TURN_UP|MA_SLOPE_TURN_DOWN|1D|DOWN', 'DMA|DMA_WMA_P3_SHIFT2_V1|MA_SLOPE_TURN_UP|MA_SLOPE_TURN_DOWN|1D|DOWN', 'DMA|DMA_WMA_P3_SHIFT3_V1|MA_SLOPE_TURN_UP|MA_SLOPE_TURN_DOWN|1D|DOWN', 'DMA|DMA_WMA_P3_SHIFT5_V1|MA_SLOPE_TURN_UP|MA_SLOPE_TURN_DOWN|1D|DOWN']",4
425,"['DMA|DMA_WMA_P3_SHIFT0_V1|MA_SLOPE_TURN_UP|MA_SLOPE_TURN_DOWN|1D|UP', 'DMA|DMA_WMA_P3_SHIFT2_V1|MA_SLOPE_TURN_UP|MA_SLOPE_TURN_DOWN|1D|UP', 'DMA|DMA_WMA_P3_SHIFT3_V1|MA_SLOPE_TURN_UP|MA_SLOPE_TURN_DOWN|1D|UP', 'DMA|DMA_WMA_P3_SHIFT5_V1|MA_SLOPE_TURN_UP|MA_SLOPE_TURN_DOWN|1D|UP']",4
426,"['DMA|DMA_WMA_P3_SHIFT0_V1|MA_SLOPE_TURN_UP|MA_SLOPE_TURN_DOWN|1H|DOWN', 'DMA|DMA_WMA_P3_SHIFT2_V1|MA_SLOPE_TURN_UP|MA_SLOPE_TURN_DOWN|1H|DOWN', 'DMA|DMA_WMA_P3_SHIFT3_V1|MA_SLOPE_TURN_UP|MA_SLOPE_TURN_DOWN|1H|DOWN', 'DMA|DMA_WMA_P3_SHIFT5_V1|MA_SLOPE_TURN_UP|MA_SLOPE_TURN_DOWN|1H|DOWN']",4
427,"['DMA|DMA_WMA_P3_SHIFT0_V1|MA_SLOPE_TURN_UP|MA_SLOPE_TURN_DOWN|1H|UP', 'DMA|DMA_WMA_P3_SHIFT2_V1|MA_SLOPE_TURN_UP|MA_SLOPE_TURN_DOWN|1H|UP', 'DMA|DMA_WMA_P3_SHIFT3_V1|MA_SLOPE_TURN_UP|MA_SLOPE_TURN_DOWN|1H|UP', 'DMA|DMA_WMA_P3_SHIFT5_V1|MA_SLOPE_TURN_UP|MA_SLOPE_TURN_DOWN|1H|UP']",4
428,"['DMA|DMA_WMA_P3_SHIFT0_V1|MA_SLOPE_TURN_UP|MA_SLOPE_TURN_DOWN|2H|DOWN', 'DMA|DMA_WMA_P3_SHIFT2_V1|MA_SLOPE_TURN_UP|MA_SLOPE_TURN_DOWN|2H|DOWN', 'DMA|DMA_WMA_P3_SHIFT3_V1|MA_SLOPE_TURN_UP|MA_SLOPE_TURN_DOWN|2H|DOWN', 'DMA|DMA_WMA_P3_SHIFT5_V1|MA_SLOPE_TURN_UP|MA_SLOPE_TURN_DOWN|2H|DOWN']",4
429,"['DMA|DMA_WMA_P3_SHIFT0_V1|MA_SLOPE_TURN_UP|MA_SLOPE_TURN_DOWN|2H|UP', 'DMA|DMA_WMA_P3_SHIFT2_V1|MA_SLOPE_TURN_UP|MA_SLOPE_TURN_DOWN|2H|UP', 'DMA|DMA_WMA_P3_SHIFT3_V1|MA_SLOPE_TURN_UP|MA_SLOPE_TURN_DOWN|2H|UP', 'DMA|DMA_WMA_P3_SHIFT5_V1|MA_SLOPE_TURN_UP|MA_SLOPE_TURN_DOWN|2H|UP']",4
430,"['DMA|DMA_WMA_P3_SHIFT0_V1|MA_SLOPE_TURN_UP|MA_SLOPE_TURN_DOWN|30m|DOWN', 'DMA|DMA_WMA_P3_SHIFT2_V1|MA_SLOPE_TURN_UP|MA_SLOPE_TURN_DOWN|30m|DOWN', 'DMA|DMA_WMA_P3_SHIFT3_V1|MA_SLOPE_TURN_UP|MA_SLOPE_TURN_DOWN|30m|DOWN', 'DMA|DMA_WMA_P3_SHIFT5_V1|MA_SLOPE_TURN_UP|MA_SLOPE_TURN_DOWN|30m|DOWN']",4
431,"['DMA|DMA_WMA_P3_SHIFT0_V1|MA_SLOPE_TURN_UP|MA_SLOPE_TURN_DOWN|30m|UP', 'DMA|DMA_WMA_P3_SHIFT2_V1|MA_SLOPE_TURN_UP|MA_SLOPE_TURN_DOWN|30m|UP', 'DMA|DMA_WMA_P3_SHIFT3_V1|MA_SLOPE_TURN_UP|MA_SLOPE_TURN_DOWN|30m|UP', 'DMA|DMA_WMA_P3_SHIFT5_V1|MA_SLOPE_TURN_UP|MA_SLOPE_TURN_DOWN|30m|UP']",4
432,"['DMA|DMA_WMA_P3_SHIFT0_V1|MA_SLOPE_TURN_UP|MA_SLOPE_TURN_DOWN|4H|DOWN', 'DMA|DMA_WMA_P3_SHIFT2_V1|MA_SLOPE_TURN_UP|MA_SLOPE_TURN_DOWN|4H|DOWN', 'DMA|DMA_WMA_P3_SHIFT3_V1|MA_SLOPE_TURN_UP|MA_SLOPE_TURN_DOWN|4H|DOWN', 'DMA|DMA_WMA_P3_SHIFT5_V1|MA_SLOPE_TURN_UP|MA_SLOPE_TURN_DOWN|4H|DOWN']",4
433,"['DMA|DMA_WMA_P3_SHIFT0_V1|MA_SLOPE_TURN_UP|MA_SLOPE_TURN_DOWN|4H|UP', 'DMA|DMA_WMA_P3_SHIFT2_V1|MA_SLOPE_TURN_UP|MA_SLOPE_TURN_DOWN|4H|UP', 'DMA|DMA_WMA_P3_SHIFT3_V1|MA_SLOPE_TURN_UP|MA_SLOPE_TURN_DOWN|4H|UP', 'DMA|DMA_WMA_P3_SHIFT5_V1|MA_SLOPE_TURN_UP|MA_SLOPE_TURN_DOWN|4H|UP']",4
434,"['DMA|DMA_WMA_P3_SHIFT0_V1|MA_SLOPE_TURN_UP|MA_SLOPE_TURN_DOWN|5m|DOWN', 'DMA|DMA_WMA_P3_SHIFT2_V1|MA_SLOPE_TURN_UP|MA_SLOPE_TURN_DOWN|5m|DOWN', 'DMA|DMA_WMA_P3_SHIFT3_V1|MA_SLOPE_TURN_UP|MA_SLOPE_TURN_DOWN|5m|DOWN', 'DMA|DMA_WMA_P3_SHIFT5_V1|MA_SLOPE_TURN_UP|MA_SLOPE_TURN_DOWN|5m|DOWN']",4
435,"['DMA|DMA_WMA_P3_SHIFT0_V1|MA_SLOPE_TURN_UP|MA_SLOPE_TURN_DOWN|5m|UP', 'DMA|DMA_WMA_P3_SHIFT2_V1|MA_SLOPE_TURN_UP|MA_SLOPE_TURN_DOWN|5m|UP', 'DMA|DMA_WMA_P3_SHIFT3_V1|MA_SLOPE_TURN_UP|MA_SLOPE_TURN_DOWN|5m|UP', 'DMA|DMA_WMA_P3_SHIFT5_V1|MA_SLOPE_TURN_UP|MA_SLOPE_TURN_DOWN|5m|UP']",4
436,"['DMA|DMA_WMA_P3_SHIFT0_V1|MA_SLOPE_TURN_UP|MA_SLOPE_TURN_DOWN|6H|DOWN', 'DMA|DMA_WMA_P3_SHIFT2_V1|MA_SLOPE_TURN_UP|MA_SLOPE_TURN_DOWN|6H|DOWN', 'DMA|DMA_WMA_P3_SHIFT3_V1|MA_SLOPE_TURN_UP|MA_SLOPE_TURN_DOWN|6H|DOWN', 'DMA|DMA_WMA_P3_SHIFT5_V1|MA_SLOPE_TURN_UP|MA_SLOPE_TURN_DOWN|6H|DOWN']",4
437,"['DMA|DMA_WMA_P3_SHIFT0_V1|MA_SLOPE_TURN_UP|MA_SLOPE_TURN_DOWN|6H|UP', 'DMA|DMA_WMA_P3_SHIFT2_V1|MA_SLOPE_TURN_UP|MA_SLOPE_TURN_DOWN|6H|UP', 'DMA|DMA_WMA_P3_SHIFT3_V1|MA_SLOPE_TURN_UP|MA_SLOPE_TURN_DOWN|6H|UP', 'DMA|DMA_WMA_P3_SHIFT5_V1|MA_SLOPE_TURN_UP|MA_SLOPE_TURN_DOWN|6H|UP']",4
438,"['DMA|DMA_WMA_P3_SHIFT0_V1|MA_SLOPE_TURN_UP|MA_SLOPE_TURN_DOWN|8H|DOWN', 'DMA|DMA_WMA_P3_SHIFT2_V1|MA_SLOPE_TURN_UP|MA_SLOPE_TURN_DOWN|8H|DOWN', 'DMA|DMA_WMA_P3_SHIFT3_V1|MA_SLOPE_TURN_UP|MA_SLOPE_TURN_DOWN|8H|DOWN', 'DMA|DMA_WMA_P3_SHIFT5_V1|MA_SLOPE_TURN_UP|MA_SLOPE_TURN_DOWN|8H|DOWN']",4
439,"['DMA|DMA_WMA_P3_SHIFT0_V1|MA_SLOPE_TURN_UP|MA_SLOPE_TURN_DOWN|8H|UP', 'DMA|DMA_WMA_P3_SHIFT2_V1|MA_SLOPE_TURN_UP|MA_SLOPE_TURN_DOWN|8H|UP', 'DMA|DMA_WMA_P3_SHIFT3_V1|MA_SLOPE_TURN_UP|MA_SLOPE_TURN_DOWN|8H|UP', 'DMA|DMA_WMA_P3_SHIFT5_V1|MA_SLOPE_TURN_UP|MA_SLOPE_TURN_DOWN|8H|UP']",4
440,"['DMA|DMA_WMA_P3_SHIFT0_V1|PRICE_CROSS_UP_MA|PRICE_CROSS_DOWN_MA|12H|DOWN', 'DMA|DMA_WMA_P3_SHIFT2_V1|PRICE_CROSS_UP_MA|PRICE_CROSS_DOWN_MA|12H|DOWN', 'DMA|DMA_WMA_P3_SHIFT3_V1|PRICE_CROSS_UP_MA|PRICE_CROSS_DOWN_MA|12H|DOWN', 'DMA|DMA_WMA_P3_SHIFT5_V1|PRICE_CROSS_UP_MA|PRICE_CROSS_DOWN_MA|12H|DOWN']",4
441,"['DMA|DMA_WMA_P3_SHIFT0_V1|PRICE_CROSS_UP_MA|PRICE_CROSS_DOWN_MA|12H|UP', 'DMA|DMA_WMA_P3_SHIFT2_V1|PRICE_CROSS_UP_MA|PRICE_CROSS_DOWN_MA|12H|UP', 'DMA|DMA_WMA_P3_SHIFT3_V1|PRICE_CROSS_UP_MA|PRICE_CROSS_DOWN_MA|12H|UP', 'DMA|DMA_WMA_P3_SHIFT5_V1|PRICE_CROSS_UP_MA|PRICE_CROSS_DOWN_MA|12H|UP']",4
442,"['DMA|DMA_WMA_P3_SHIFT0_V1|PRICE_CROSS_UP_MA|PRICE_CROSS_DOWN_MA|15m|DOWN', 'DMA|DMA_WMA_P3_SHIFT2_V1|PRICE_CROSS_UP_MA|PRICE_CROSS_DOWN_MA|15m|DOWN', 'DMA|DMA_WMA_P3_SHIFT3_V1|PRICE_CROSS_UP_MA|PRICE_CROSS_DOWN_MA|15m|DOWN', 'DMA|DMA_WMA_P3_SHIFT5_V1|PRICE_CROSS_UP_MA|PRICE_CROSS_DOWN_MA|15m|DOWN']",4
443,"['DMA|DMA_WMA_P3_SHIFT0_V1|PRICE_CROSS_UP_MA|PRICE_CROSS_DOWN_MA|15m|UP', 'DMA|DMA_WMA_P3_SHIFT2_V1|PRICE_CROSS_UP_MA|PRICE_CROSS_DOWN_MA|15m|UP', 'DMA|DMA_WMA_P3_SHIFT3_V1|PRICE_CROSS_UP_MA|PRICE_CROSS_DOWN_MA|15m|UP', 'DMA|DMA_WMA_P3_SHIFT5_V1|PRICE_CROSS_UP_MA|PRICE_CROSS_DOWN_MA|15m|UP']",4
444,"['DMA|DMA_WMA_P3_SHIFT0_V1|PRICE_CROSS_UP_MA|PRICE_CROSS_DOWN_MA|1D|DOWN', 'DMA|DMA_WMA_P3_SHIFT2_V1|PRICE_CROSS_UP_MA|PRICE_CROSS_DOWN_MA|1D|DOWN', 'DMA|DMA_WMA_P3_SHIFT3_V1|PRICE_CROSS_UP_MA|PRICE_CROSS_DOWN_MA|1D|DOWN', 'DMA|DMA_WMA_P3_SHIFT5_V1|PRICE_CROSS_UP_MA|PRICE_CROSS_DOWN_MA|1D|DOWN']",4
445,"['DMA|DMA_WMA_P3_SHIFT0_V1|PRICE_CROSS_UP_MA|PRICE_CROSS_DOWN_MA|1D|UP', 'DMA|DMA_WMA_P3_SHIFT2_V1|PRICE_CROSS_UP_MA|PRICE_CROSS_DOWN_MA|1D|UP', 'DMA|DMA_WMA_P3_SHIFT3_V1|PRICE_CROSS_UP_MA|PRICE_CROSS_DOWN_MA|1D|UP', 'DMA|DMA_WMA_P3_SHIFT5_V1|PRICE_CROSS_UP_MA|PRICE_CROSS_DOWN_MA|1D|UP']",4
446,"['DMA|DMA_WMA_P3_SHIFT0_V1|PRICE_CROSS_UP_MA|PRICE_CROSS_DOWN_MA|1H|DOWN', 'DMA|DMA_WMA_P3_SHIFT2_V1|PRICE_CROSS_UP_MA|PRICE_CROSS_DOWN_MA|1H|DOWN', 'DMA|DMA_WMA_P3_SHIFT3_V1|PRICE_CROSS_UP_MA|PRICE_CROSS_DOWN_MA|1H|DOWN', 'DMA|DMA_WMA_P3_SHIFT5_V1|PRICE_CROSS_UP_MA|PRICE_CROSS_DOWN_MA|1H|DOWN']",4
447,"['DMA|DMA_WMA_P3_SHIFT0_V1|PRICE_CROSS_UP_MA|PRICE_CROSS_DOWN_MA|1H|UP', 'DMA|DMA_WMA_P3_SHIFT2_V1|PRICE_CROSS_UP_MA|PRICE_CROSS_DOWN_MA|1H|UP', 'DMA|DMA_WMA_P3_SHIFT3_V1|PRICE_CROSS_UP_MA|PRICE_CROSS_DOWN_MA|1H|UP', 'DMA|DMA_WMA_P3_SHIFT5_V1|PRICE_CROSS_UP_MA|PRICE_CROSS_DOWN_MA|1H|UP']",4
448,"['DMA|DMA_WMA_P3_SHIFT0_V1|PRICE_CROSS_UP_MA|PRICE_CROSS_DOWN_MA|2H|DOWN', 'DMA|DMA_WMA_P3_SHIFT2_V1|PRICE_CROSS_UP_MA|PRICE_CROSS_DOWN_MA|2H|DOWN', 'DMA|DMA_WMA_P3_SHIFT3_V1|PRICE_CROSS_UP_MA|PRICE_CROSS_DOWN_MA|2H|DOWN', 'DMA|DMA_WMA_P3_SHIFT5_V1|PRICE_CROSS_UP_MA|PRICE_CROSS_DOWN_MA|2H|DOWN']",4
449,"['DMA|DMA_WMA_P3_SHIFT0_V1|PRICE_CROSS_UP_MA|PRICE_CROSS_DOWN_MA|2H|UP', 'DMA|DMA_WMA_P3_SHIFT2_V1|PRICE_CROSS_UP_MA|PRICE_CROSS_DOWN_MA|2H|UP', 'DMA|DMA_WMA_P3_SHIFT3_V1|PRICE_CROSS_UP_MA|PRICE_CROSS_DOWN_MA|2H|UP', 'DMA|DMA_WMA_P3_SHIFT5_V1|PRICE_CROSS_UP_MA|PRICE_CROSS_DOWN_MA|2H|UP']",4
450,"['DMA|DMA_WMA_P3_SHIFT0_V1|PRICE_CROSS_UP_MA|PRICE_CROSS_DOWN_MA|30m|DOWN', 'DMA|DMA_WMA_P3_SHIFT2_V1|PRICE_CROSS_UP_MA|PRICE_CROSS_DOWN_MA|30m|DOWN', 'DMA|DMA_WMA_P3_SHIFT3_V1|PRICE_CROSS_UP_MA|PRICE_CROSS_DOWN_MA|30m|DOWN', 'DMA|DMA_WMA_P3_SHIFT5_V1|PRICE_CROSS_UP_MA|PRICE_CROSS_DOWN_MA|30m|DOWN']",4
451,"['DMA|DMA_WMA_P3_SHIFT0_V1|PRICE_CROSS_UP_MA|PRICE_CROSS_DOWN_MA|30m|UP', 'DMA|DMA_WMA_P3_SHIFT2_V1|PRICE_CROSS_UP_MA|PRICE_CROSS_DOWN_MA|30m|UP', 'DMA|DMA_WMA_P3_SHIFT3_V1|PRICE_CROSS_UP_MA|PRICE_CROSS_DOWN_MA|30m|UP', 'DMA|DMA_WMA_P3_SHIFT5_V1|PRICE_CROSS_UP_MA|PRICE_CROSS_DOWN_MA|30m|UP']",4
452,"['DMA|DMA_WMA_P3_SHIFT0_V1|PRICE_CROSS_UP_MA|PRICE_CROSS_DOWN_MA|4H|DOWN', 'DMA|DMA_WMA_P3_SHIFT2_V1|PRICE_CROSS_UP_MA|PRICE_CROSS_DOWN_MA|4H|DOWN', 'DMA|DMA_WMA_P3_SHIFT3_V1|PRICE_CROSS_UP_MA|PRICE_CROSS_DOWN_MA|4H|DOWN', 'DMA|DMA_WMA_P3_SHIFT5_V1|PRICE_CROSS_UP_MA|PRICE_CROSS_DOWN_MA|4H|DOWN']",4
453,"['DMA|DMA_WMA_P3_SHIFT0_V1|PRICE_CROSS_UP_MA|PRICE_CROSS_DOWN_MA|4H|UP', 'DMA|DMA_WMA_P3_SHIFT2_V1|PRICE_CROSS_UP_MA|PRICE_CROSS_DOWN_MA|4H|UP', 'DMA|DMA_WMA_P3_SHIFT3_V1|PRICE_CROSS_UP_MA|PRICE_CROSS_DOWN_MA|4H|UP', 'DMA|DMA_WMA_P3_SHIFT5_V1|PRICE_CROSS_UP_MA|PRICE_CROSS_DOWN_MA|4H|UP']",4
454,"['DMA|DMA_WMA_P3_SHIFT0_V1|PRICE_CROSS_UP_MA|PRICE_CROSS_DOWN_MA|5m|DOWN', 'DMA|DMA_WMA_P3_SHIFT2_V1|PRICE_CROSS_UP_MA|PRICE_CROSS_DOWN_MA|5m|DOWN', 'DMA|DMA_WMA_P3_SHIFT3_V1|PRICE_CROSS_UP_MA|PRICE_CROSS_DOWN_MA|5m|DOWN', 'DMA|DMA_WMA_P3_SHIFT5_V1|PRICE_CROSS_UP_MA|PRICE_CROSS_DOWN_MA|5m|DOWN']",4
455,"['DMA|DMA_WMA_P3_SHIFT0_V1|PRICE_CROSS_UP_MA|PRICE_CROSS_DOWN_MA|5m|UP', 'DMA|DMA_WMA_P3_SHIFT2_V1|PRICE_CROSS_UP_MA|PRICE_CROSS_DOWN_MA|5m|UP', 'DMA|DMA_WMA_P3_SHIFT3_V1|PRICE_CROSS_UP_MA|PRICE_CROSS_DOWN_MA|5m|UP', 'DMA|DMA_WMA_P3_SHIFT5_V1|PRICE_CROSS_UP_MA|PRICE_CROSS_DOWN_MA|5m|UP']",4
456,"['DMA|DMA_WMA_P3_SHIFT0_V1|PRICE_CROSS_UP_MA|PRICE_CROSS_DOWN_MA|6H|DOWN', 'DMA|DMA_WMA_P3_SHIFT2_V1|PRICE_CROSS_UP_MA|PRICE_CROSS_DOWN_MA|6H|DOWN', 'DMA|DMA_WMA_P3_SHIFT3_V1|PRICE_CROSS_UP_MA|PRICE_CROSS_DOWN_MA|6H|DOWN', 'DMA|DMA_WMA_P3_SHIFT5_V1|PRICE_CROSS_UP_MA|PRICE_CROSS_DOWN_MA|6H|DOWN']",4
457,"['DMA|DMA_WMA_P3_SHIFT0_V1|PRICE_CROSS_UP_MA|PRICE_CROSS_DOWN_MA|6H|UP', 'DMA|DMA_WMA_P3_SHIFT2_V1|PRICE_CROSS_UP_MA|PRICE_CROSS_DOWN_MA|6H|UP', 'DMA|DMA_WMA_P3_SHIFT3_V1|PRICE_CROSS_UP_MA|PRICE_CROSS_DOWN_MA|6H|UP', 'DMA|DMA_WMA_P3_SHIFT5_V1|PRICE_CROSS_UP_MA|PRICE_CROSS_DOWN_MA|6H|UP']",4
458,"['DMA|DMA_WMA_P3_SHIFT0_V1|PRICE_CROSS_UP_MA|PRICE_CROSS_DOWN_MA|8H|DOWN', 'DMA|DMA_WMA_P3_SHIFT2_V1|PRICE_CROSS_UP_MA|PRICE_CROSS_DOWN_MA|8H|DOWN', 'DMA|DMA_WMA_P3_SHIFT3_V1|PRICE_CROSS_UP_MA|PRICE_CROSS_DOWN_MA|8H|DOWN', 'DMA|DMA_WMA_P3_SHIFT5_V1|PRICE_CROSS_UP_MA|PRICE_CROSS_DOWN_MA|8H|DOWN']",4
459,"['DMA|DMA_WMA_P3_SHIFT0_V1|PRICE_CROSS_UP_MA|PRICE_CROSS_DOWN_MA|8H|UP', 'DMA|DMA_WMA_P3_SHIFT2_V1|PRICE_CROSS_UP_MA|PRICE_CROSS_DOWN_MA|8H|UP', 'DMA|DMA_WMA_P3_SHIFT3_V1|PRICE_CROSS_UP_MA|PRICE_CROSS_DOWN_MA|8H|UP', 'DMA|DMA_WMA_P3_SHIFT5_V1|PRICE_CROSS_UP_MA|PRICE_CROSS_DOWN_MA|8H|UP']",4
460,"['DMA|DMA_WMA_P5_SHIFT3_V1|MA_SLOPE_TURN_UP|MA_SLOPE_TURN_DOWN|12H|DOWN', 'DMA|DMA_WMA_P5_SHIFT5_V1|MA_SLOPE_TURN_UP|MA_SLOPE_TURN_DOWN|12H|DOWN']",2
461,"['DMA|DMA_WMA_P5_SHIFT3_V1|MA_SLOPE_TURN_UP|MA_SLOPE_TURN_DOWN|12H|UP', 'DMA|DMA_WMA_P5_SHIFT5_V1|MA_SLOPE_TURN_UP|MA_SLOPE_TURN_DOWN|12H|UP']",2
462,"['DMA|DMA_WMA_P5_SHIFT3_V1|MA_SLOPE_TURN_UP|MA_SLOPE_TURN_DOWN|15m|DOWN', 'DMA|DMA_WMA_P5_SHIFT5_V1|MA_SLOPE_TURN_UP|MA_SLOPE_TURN_DOWN|15m|DOWN']",2
463,"['DMA|DMA_WMA_P5_SHIFT3_V1|MA_SLOPE_TURN_UP|MA_SLOPE_TURN_DOWN|15m|UP', 'DMA|DMA_WMA_P5_SHIFT5_V1|MA_SLOPE_TURN_UP|MA_SLOPE_TURN_DOWN|15m|UP']",2
464,"['DMA|DMA_WMA_P5_SHIFT3_V1|MA_SLOPE_TURN_UP|MA_SLOPE_TURN_DOWN|1D|DOWN', 'DMA|DMA_WMA_P5_SHIFT5_V1|MA_SLOPE_TURN_UP|MA_SLOPE_TURN_DOWN|1D|DOWN']",2
465,"['DMA|DMA_WMA_P5_SHIFT3_V1|MA_SLOPE_TURN_UP|MA_SLOPE_TURN_DOWN|1D|UP', 'DMA|DMA_WMA_P5_SHIFT5_V1|MA_SLOPE_TURN_UP|MA_SLOPE_TURN_DOWN|1D|UP']",2
466,"['DMA|DMA_WMA_P5_SHIFT3_V1|MA_SLOPE_TURN_UP|MA_SLOPE_TURN_DOWN|1H|DOWN', 'DMA|DMA_WMA_P5_SHIFT5_V1|MA_SLOPE_TURN_UP|MA_SLOPE_TURN_DOWN|1H|DOWN']",2
467,"['DMA|DMA_WMA_P5_SHIFT3_V1|MA_SLOPE_TURN_UP|MA_SLOPE_TURN_DOWN|1H|UP', 'DMA|DMA_WMA_P5_SHIFT5_V1|MA_SLOPE_TURN_UP|MA_SLOPE_TURN_DOWN|1H|UP']",2
468,"['DMA|DMA_WMA_P5_SHIFT3_V1|MA_SLOPE_TURN_UP|MA_SLOPE_TURN_DOWN|2H|DOWN', 'DMA|DMA_WMA_P5_SHIFT5_V1|MA_SLOPE_TURN_UP|MA_SLOPE_TURN_DOWN|2H|DOWN']",2
469,"['DMA|DMA_WMA_P5_SHIFT3_V1|MA_SLOPE_TURN_UP|MA_SLOPE_TURN_DOWN|2H|UP', 'DMA|DMA_WMA_P5_SHIFT5_V1|MA_SLOPE_TURN_UP|MA_SLOPE_TURN_DOWN|2H|UP']",2
470,"['DMA|DMA_WMA_P5_SHIFT3_V1|MA_SLOPE_TURN_UP|MA_SLOPE_TURN_DOWN|30m|DOWN', 'DMA|DMA_WMA_P5_SHIFT5_V1|MA_SLOPE_TURN_UP|MA_SLOPE_TURN_DOWN|30m|DOWN']",2
471,"['DMA|DMA_WMA_P5_SHIFT3_V1|MA_SLOPE_TURN_UP|MA_SLOPE_TURN_DOWN|30m|UP', 'DMA|DMA_WMA_P5_SHIFT5_V1|MA_SLOPE_TURN_UP|MA_SLOPE_TURN_DOWN|30m|UP']",2
472,"['DMA|DMA_WMA_P5_SHIFT3_V1|MA_SLOPE_TURN_UP|MA_SLOPE_TURN_DOWN|4H|DOWN', 'DMA|DMA_WMA_P5_SHIFT5_V1|MA_SLOPE_TURN_UP|MA_SLOPE_TURN_DOWN|4H|DOWN']",2
473,"['DMA|DMA_WMA_P5_SHIFT3_V1|MA_SLOPE_TURN_UP|MA_SLOPE_TURN_DOWN|4H|UP', 'DMA|DMA_WMA_P5_SHIFT5_V1|MA_SLOPE_TURN_UP|MA_SLOPE_TURN_DOWN|4H|UP']",2
474,"['DMA|DMA_WMA_P5_SHIFT3_V1|MA_SLOPE_TURN_UP|MA_SLOPE_TURN_DOWN|5m|DOWN', 'DMA|DMA_WMA_P5_SHIFT5_V1|MA_SLOPE_TURN_UP|MA_SLOPE_TURN_DOWN|5m|DOWN']",2
475,"['DMA|DMA_WMA_P5_SHIFT3_V1|MA_SLOPE_TURN_UP|MA_SLOPE_TURN_DOWN|5m|UP', 'DMA|DMA_WMA_P5_SHIFT5_V1|MA_SLOPE_TURN_UP|MA_SLOPE_TURN_DOWN|5m|UP']",2
476,"['DMA|DMA_WMA_P5_SHIFT3_V1|MA_SLOPE_TURN_UP|MA_SLOPE_TURN_DOWN|6H|DOWN', 'DMA|DMA_WMA_P5_SHIFT5_V1|MA_SLOPE_TURN_UP|MA_SLOPE_TURN_DOWN|6H|DOWN']",2
477,"['DMA|DMA_WMA_P5_SHIFT3_V1|MA_SLOPE_TURN_UP|MA_SLOPE_TURN_DOWN|6H|UP', 'DMA|DMA_WMA_P5_SHIFT5_V1|MA_SLOPE_TURN_UP|MA_SLOPE_TURN_DOWN|6H|UP']",2
478,"['DMA|DMA_WMA_P5_SHIFT3_V1|MA_SLOPE_TURN_UP|MA_SLOPE_TURN_DOWN|8H|DOWN', 'DMA|DMA_WMA_P5_SHIFT5_V1|MA_SLOPE_TURN_UP|MA_SLOPE_TURN_DOWN|8H|DOWN']",2
479,"['DMA|DMA_WMA_P5_SHIFT3_V1|MA_SLOPE_TURN_UP|MA_SLOPE_TURN_DOWN|8H|UP', 'DMA|DMA_WMA_P5_SHIFT5_V1|MA_SLOPE_TURN_UP|MA_SLOPE_TURN_DOWN|8H|UP']",2
480,"['DMA|DMA_WMA_P5_SHIFT3_V1|PRICE_CROSS_UP_MA|PRICE_CROSS_DOWN_MA|12H|DOWN', 'DMA|DMA_WMA_P5_SHIFT5_V1|PRICE_CROSS_UP_MA|PRICE_CROSS_DOWN_MA|12H|DOWN']",2
481,"['DMA|DMA_WMA_P5_SHIFT3_V1|PRICE_CROSS_UP_MA|PRICE_CROSS_DOWN_MA|12H|UP', 'DMA|DMA_WMA_P5_SHIFT5_V1|PRICE_CROSS_UP_MA|PRICE_CROSS_DOWN_MA|12H|UP']",2
482,"['DMA|DMA_WMA_P5_SHIFT3_V1|PRICE_CROSS_UP_MA|PRICE_CROSS_DOWN_MA|15m|DOWN', 'DMA|DMA_WMA_P5_SHIFT5_V1|PRICE_CROSS_UP_MA|PRICE_CROSS_DOWN_MA|15m|DOWN']",2
483,"['DMA|DMA_WMA_P5_SHIFT3_V1|PRICE_CROSS_UP_MA|PRICE_CROSS_DOWN_MA|15m|UP', 'DMA|DMA_WMA_P5_SHIFT5_V1|PRICE_CROSS_UP_MA|PRICE_CROSS_DOWN_MA|15m|UP']",2
484,"['DMA|DMA_WMA_P5_SHIFT3_V1|PRICE_CROSS_UP_MA|PRICE_CROSS_DOWN_MA|1D|DOWN', 'DMA|DMA_WMA_P5_SHIFT5_V1|PRICE_CROSS_UP_MA|PRICE_CROSS_DOWN_MA|1D|DOWN']",2
485,"['DMA|DMA_WMA_P5_SHIFT3_V1|PRICE_CROSS_UP_MA|PRICE_CROSS_DOWN_MA|1D|UP', 'DMA|DMA_WMA_P5_SHIFT5_V1|PRICE_CROSS_UP_MA|PRICE_CROSS_DOWN_MA|1D|UP']",2
486,"['DMA|DMA_WMA_P5_SHIFT3_V1|PRICE_CROSS_UP_MA|PRICE_CROSS_DOWN_MA|1H|DOWN', 'DMA|DMA_WMA_P5_SHIFT5_V1|PRICE_CROSS_UP_MA|PRICE_CROSS_DOWN_MA|1H|DOWN']",2
487,"['DMA|DMA_WMA_P5_SHIFT3_V1|PRICE_CROSS_UP_MA|PRICE_CROSS_DOWN_MA|1H|UP', 'DMA|DMA_WMA_P5_SHIFT5_V1|PRICE_CROSS_UP_MA|PRICE_CROSS_DOWN_MA|1H|UP']",2
488,"['DMA|DMA_WMA_P5_SHIFT3_V1|PRICE_CROSS_UP_MA|PRICE_CROSS_DOWN_MA|2H|DOWN', 'DMA|DMA_WMA_P5_SHIFT5_V1|PRICE_CROSS_UP_MA|PRICE_CROSS_DOWN_MA|2H|DOWN']",2
489,"['DMA|DMA_WMA_P5_SHIFT3_V1|PRICE_CROSS_UP_MA|PRICE_CROSS_DOWN_MA|2H|UP', 'DMA|DMA_WMA_P5_SHIFT5_V1|PRICE_CROSS_UP_MA|PRICE_CROSS_DOWN_MA|2H|UP']",2
490,"['DMA|DMA_WMA_P5_SHIFT3_V1|PRICE_CROSS_UP_MA|PRICE_CROSS_DOWN_MA|30m|DOWN', 'DMA|DMA_WMA_P5_SHIFT5_V1|PRICE_CROSS_UP_MA|PRICE_CROSS_DOWN_MA|30m|DOWN']",2
491,"['DMA|DMA_WMA_P5_SHIFT3_V1|PRICE_CROSS_UP_MA|PRICE_CROSS_DOWN_MA|30m|UP', 'DMA|DMA_WMA_P5_SHIFT5_V1|PRICE_CROSS_UP_MA|PRICE_CROSS_DOWN_MA|30m|UP']",2
492,"['DMA|DMA_WMA_P5_SHIFT3_V1|PRICE_CROSS_UP_MA|PRICE_CROSS_DOWN_MA|4H|DOWN', 'DMA|DMA_WMA_P5_SHIFT5_V1|PRICE_CROSS_UP_MA|PRICE_CROSS_DOWN_MA|4H|DOWN']",2
493,"['DMA|DMA_WMA_P5_SHIFT3_V1|PRICE_CROSS_UP_MA|PRICE_CROSS_DOWN_MA|4H|UP', 'DMA|DMA_WMA_P5_SHIFT5_V1|PRICE_CROSS_UP_MA|PRICE_CROSS_DOWN_MA|4H|UP']",2
494,"['DMA|DMA_WMA_P5_SHIFT3_V1|PRICE_CROSS_UP_MA|PRICE_CROSS_DOWN_MA|5m|DOWN', 'DMA|DMA_WMA_P5_SHIFT5_V1|PRICE_CROSS_UP_MA|PRICE_CROSS_DOWN_MA|5m|DOWN']",2
495,"['DMA|DMA_WMA_P5_SHIFT3_V1|PRICE_CROSS_UP_MA|PRICE_CROSS_DOWN_MA|5m|UP', 'DMA|DMA_WMA_P5_SHIFT5_V1|PRICE_CROSS_UP_MA|PRICE_CROSS_DOWN_MA|5m|UP']",2
496,"['DMA|DMA_WMA_P5_SHIFT3_V1|PRICE_CROSS_UP_MA|PRICE_CROSS_DOWN_MA|6H|DOWN', 'DMA|DMA_WMA_P5_SHIFT5_V1|PRICE_CROSS_UP_MA|PRICE_CROSS_DOWN_MA|6H|DOWN']",2
497,"['DMA|DMA_WMA_P5_SHIFT3_V1|PRICE_CROSS_UP_MA|PRICE_CROSS_DOWN_MA|6H|UP', 'DMA|DMA_WMA_P5_SHIFT5_V1|PRICE_CROSS_UP_MA|PRICE_CROSS_DOWN_MA|6H|UP']",2
498,"['DMA|DMA_WMA_P5_SHIFT3_V1|PRICE_CROSS_UP_MA|PRICE_CROSS_DOWN_MA|8H|DOWN', 'DMA|DMA_WMA_P5_SHIFT5_V1|PRICE_CROSS_UP_MA|PRICE_CROSS_DOWN_MA|8H|DOWN']",2
499,"['DMA|DMA_WMA_P5_SHIFT3_V1|PRICE_CROSS_UP_MA|PRICE_CROSS_DOWN_MA|8H|UP', 'DMA|DMA_WMA_P5_SHIFT5_V1|PRICE_CROSS_UP_MA|PRICE_CROSS_DOWN_MA|8H|UP']",2
500,"['DMA|DMA_WMA_P7_SHIFT3_V1|MA_SLOPE_TURN_UP|MA_SLOPE_TURN_DOWN|12H|DOWN', 'DMA|DMA_WMA_P7_SHIFT5_V1|MA_SLOPE_TURN_UP|MA_SLOPE_TURN_DOWN|12H|DOWN']",2
501,"['DMA|DMA_WMA_P7_SHIFT3_V1|MA_SLOPE_TURN_UP|MA_SLOPE_TURN_DOWN|12H|UP', 'DMA|DMA_WMA_P7_SHIFT5_V1|MA_SLOPE_TURN_UP|MA_SLOPE_TURN_DOWN|12H|UP']",2
502,"['DMA|DMA_WMA_P7_SHIFT3_V1|MA_SLOPE_TURN_UP|MA_SLOPE_TURN_DOWN|15m|DOWN', 'DMA|DMA_WMA_P7_SHIFT5_V1|MA_SLOPE_TURN_UP|MA_SLOPE_TURN_DOWN|15m|DOWN']",2
503,"['DMA|DMA_WMA_P7_SHIFT3_V1|MA_SLOPE_TURN_UP|MA_SLOPE_TURN_DOWN|15m|UP', 'DMA|DMA_WMA_P7_SHIFT5_V1|MA_SLOPE_TURN_UP|MA_SLOPE_TURN_DOWN|15m|UP']",2
504,"['DMA|DMA_WMA_P7_SHIFT3_V1|MA_SLOPE_TURN_UP|MA_SLOPE_TURN_DOWN|1D|DOWN', 'DMA|DMA_WMA_P7_SHIFT5_V1|MA_SLOPE_TURN_UP|MA_SLOPE_TURN_DOWN|1D|DOWN']",2
505,"['DMA|DMA_WMA_P7_SHIFT3_V1|MA_SLOPE_TURN_UP|MA_SLOPE_TURN_DOWN|1D|UP', 'DMA|DMA_WMA_P7_SHIFT5_V1|MA_SLOPE_TURN_UP|MA_SLOPE_TURN_DOWN|1D|UP']",2
506,"['DMA|DMA_WMA_P7_SHIFT3_V1|MA_SLOPE_TURN_UP|MA_SLOPE_TURN_DOWN|1H|DOWN', 'DMA|DMA_WMA_P7_SHIFT5_V1|MA_SLOPE_TURN_UP|MA_SLOPE_TURN_DOWN|1H|DOWN']",2
507,"['DMA|DMA_WMA_P7_SHIFT3_V1|MA_SLOPE_TURN_UP|MA_SLOPE_TURN_DOWN|1H|UP', 'DMA|DMA_WMA_P7_SHIFT5_V1|MA_SLOPE_TURN_UP|MA_SLOPE_TURN_DOWN|1H|UP']",2
508,"['DMA|DMA_WMA_P7_SHIFT3_V1|MA_SLOPE_TURN_UP|MA_SLOPE_TURN_DOWN|2H|DOWN', 'DMA|DMA_WMA_P7_SHIFT5_V1|MA_SLOPE_TURN_UP|MA_SLOPE_TURN_DOWN|2H|DOWN']",2
509,"['DMA|DMA_WMA_P7_SHIFT3_V1|MA_SLOPE_TURN_UP|MA_SLOPE_TURN_DOWN|2H|UP', 'DMA|DMA_WMA_P7_SHIFT5_V1|MA_SLOPE_TURN_UP|MA_SLOPE_TURN_DOWN|2H|UP']",2
510,"['DMA|DMA_WMA_P7_SHIFT3_V1|MA_SLOPE_TURN_UP|MA_SLOPE_TURN_DOWN|30m|DOWN', 'DMA|DMA_WMA_P7_SHIFT5_V1|MA_SLOPE_TURN_UP|MA_SLOPE_TURN_DOWN|30m|DOWN']",2
511,"['DMA|DMA_WMA_P7_SHIFT3_V1|MA_SLOPE_TURN_UP|MA_SLOPE_TURN_DOWN|30m|UP', 'DMA|DMA_WMA_P7_SHIFT5_V1|MA_SLOPE_TURN_UP|MA_SLOPE_TURN_DOWN|30m|UP']",2
512,"['DMA|DMA_WMA_P7_SHIFT3_V1|MA_SLOPE_TURN_UP|MA_SLOPE_TURN_DOWN|4H|DOWN', 'DMA|DMA_WMA_P7_SHIFT5_V1|MA_SLOPE_TURN_UP|MA_SLOPE_TURN_DOWN|4H|DOWN']",2
513,"['DMA|DMA_WMA_P7_SHIFT3_V1|MA_SLOPE_TURN_UP|MA_SLOPE_TURN_DOWN|4H|UP', 'DMA|DMA_WMA_P7_SHIFT5_V1|MA_SLOPE_TURN_UP|MA_SLOPE_TURN_DOWN|4H|UP']",2
514,"['DMA|DMA_WMA_P7_SHIFT3_V1|MA_SLOPE_TURN_UP|MA_SLOPE_TURN_DOWN|5m|DOWN', 'DMA|DMA_WMA_P7_SHIFT5_V1|MA_SLOPE_TURN_UP|MA_SLOPE_TURN_DOWN|5m|DOWN']",2
515,"['DMA|DMA_WMA_P7_SHIFT3_V1|MA_SLOPE_TURN_UP|MA_SLOPE_TURN_DOWN|5m|UP', 'DMA|DMA_WMA_P7_SHIFT5_V1|MA_SLOPE_TURN_UP|MA_SLOPE_TURN_DOWN|5m|UP']",2
516,"['DMA|DMA_WMA_P7_SHIFT3_V1|MA_SLOPE_TURN_UP|MA_SLOPE_TURN_DOWN|6H|DOWN', 'DMA|DMA_WMA_P7_SHIFT5_V1|MA_SLOPE_TURN_UP|MA_SLOPE_TURN_DOWN|6H|DOWN']",2
517,"['DMA|DMA_WMA_P7_SHIFT3_V1|MA_SLOPE_TURN_UP|MA_SLOPE_TURN_DOWN|6H|UP', 'DMA|DMA_WMA_P7_SHIFT5_V1|MA_SLOPE_TURN_UP|MA_SLOPE_TURN_DOWN|6H|UP']",2
518,"['DMA|DMA_WMA_P7_SHIFT3_V1|MA_SLOPE_TURN_UP|MA_SLOPE_TURN_DOWN|8H|DOWN', 'DMA|DMA_WMA_P7_SHIFT5_V1|MA_SLOPE_TURN_UP|MA_SLOPE_TURN_DOWN|8H|DOWN']",2
519,"['DMA|DMA_WMA_P7_SHIFT3_V1|MA_SLOPE_TURN_UP|MA_SLOPE_TURN_DOWN|8H|UP', 'DMA|DMA_WMA_P7_SHIFT5_V1|MA_SLOPE_TURN_UP|MA_SLOPE_TURN_DOWN|8H|UP']",2
520,"['DMA|DMA_WMA_P7_SHIFT3_V1|PRICE_CROSS_UP_MA|PRICE_CROSS_DOWN_MA|12H|DOWN', 'DMA|DMA_WMA_P7_SHIFT5_V1|PRICE_CROSS_UP_MA|PRICE_CROSS_DOWN_MA|12H|DOWN']",2
521,"['DMA|DMA_WMA_P7_SHIFT3_V1|PRICE_CROSS_UP_MA|PRICE_CROSS_DOWN_MA|12H|UP', 'DMA|DMA_WMA_P7_SHIFT5_V1|PRICE_CROSS_UP_MA|PRICE_CROSS_DOWN_MA|12H|UP']",2
522,"['DMA|DMA_WMA_P7_SHIFT3_V1|PRICE_CROSS_UP_MA|PRICE_CROSS_DOWN_MA|15m|DOWN', 'DMA|DMA_WMA_P7_SHIFT5_V1|PRICE_CROSS_UP_MA|PRICE_CROSS_DOWN_MA|15m|DOWN']",2
523,"['DMA|DMA_WMA_P7_SHIFT3_V1|PRICE_CROSS_UP_MA|PRICE_CROSS_DOWN_MA|15m|UP', 'DMA|DMA_WMA_P7_SHIFT5_V1|PRICE_CROSS_UP_MA|PRICE_CROSS_DOWN_MA|15m|UP']",2
524,"['DMA|DMA_WMA_P7_SHIFT3_V1|PRICE_CROSS_UP_MA|PRICE_CROSS_DOWN_MA|1D|DOWN', 'DMA|DMA_WMA_P7_SHIFT5_V1|PRICE_CROSS_UP_MA|PRICE_CROSS_DOWN_MA|1D|DOWN']",2
525,"['DMA|DMA_WMA_P7_SHIFT3_V1|PRICE_CROSS_UP_MA|PRICE_CROSS_DOWN_MA|1D|UP', 'DMA|DMA_WMA_P7_SHIFT5_V1|PRICE_CROSS_UP_MA|PRICE_CROSS_DOWN_MA|1D|UP']",2
526,"['DMA|DMA_WMA_P7_SHIFT3_V1|PRICE_CROSS_UP_MA|PRICE_CROSS_DOWN_MA|1H|DOWN', 'DMA|DMA_WMA_P7_SHIFT5_V1|PRICE_CROSS_UP_MA|PRICE_CROSS_DOWN_MA|1H|DOWN']",2
527,"['DMA|DMA_WMA_P7_SHIFT3_V1|PRICE_CROSS_UP_MA|PRICE_CROSS_DOWN_MA|1H|UP', 'DMA|DMA_WMA_P7_SHIFT5_V1|PRICE_CROSS_UP_MA|PRICE_CROSS_DOWN_MA|1H|UP']",2
528,"['DMA|DMA_WMA_P7_SHIFT3_V1|PRICE_CROSS_UP_MA|PRICE_CROSS_DOWN_MA|2H|DOWN', 'DMA|DMA_WMA_P7_SHIFT5_V1|PRICE_CROSS_UP_MA|PRICE_CROSS_DOWN_MA|2H|DOWN']",2
529,"['DMA|DMA_WMA_P7_SHIFT3_V1|PRICE_CROSS_UP_MA|PRICE_CROSS_DOWN_MA|2H|UP', 'DMA|DMA_WMA_P7_SHIFT5_V1|PRICE_CROSS_UP_MA|PRICE_CROSS_DOWN_MA|2H|UP']",2
530,"['DMA|DMA_WMA_P7_SHIFT3_V1|PRICE_CROSS_UP_MA|PRICE_CROSS_DOWN_MA|30m|DOWN', 'DMA|DMA_WMA_P7_SHIFT5_V1|PRICE_CROSS_UP_MA|PRICE_CROSS_DOWN_MA|30m|DOWN']",2
531,"['DMA|DMA_WMA_P7_SHIFT3_V1|PRICE_CROSS_UP_MA|PRICE_CROSS_DOWN_MA|30m|UP', 'DMA|DMA_WMA_P7_SHIFT5_V1|PRICE_CROSS_UP_MA|PRICE_CROSS_DOWN_MA|30m|UP']",2
532,"['DMA|DMA_WMA_P7_SHIFT3_V1|PRICE_CROSS_UP_MA|PRICE_CROSS_DOWN_MA|4H|DOWN', 'DMA|DMA_WMA_P7_SHIFT5_V1|PRICE_CROSS_UP_MA|PRICE_CROSS_DOWN_MA|4H|DOWN']",2
533,"['DMA|DMA_WMA_P7_SHIFT3_V1|PRICE_CROSS_UP_MA|PRICE_CROSS_DOWN_MA|4H|UP', 'DMA|DMA_WMA_P7_SHIFT5_V1|PRICE_CROSS_UP_MA|PRICE_CROSS_DOWN_MA|4H|UP']",2
534,"['DMA|DMA_WMA_P7_SHIFT3_V1|PRICE_CROSS_UP_MA|PRICE_CROSS_DOWN_MA|5m|DOWN', 'DMA|DMA_WMA_P7_SHIFT5_V1|PRICE_CROSS_UP_MA|PRICE_CROSS_DOWN_MA|5m|DOWN']",2
535,"['DMA|DMA_WMA_P7_SHIFT3_V1|PRICE_CROSS_UP_MA|PRICE_CROSS_DOWN_MA|5m|UP', 'DMA|DMA_WMA_P7_SHIFT5_V1|PRICE_CROSS_UP_MA|PRICE_CROSS_DOWN_MA|5m|UP']",2
536,"['DMA|DMA_WMA_P7_SHIFT3_V1|PRICE_CROSS_UP_MA|PRICE_CROSS_DOWN_MA|6H|DOWN', 'DMA|DMA_WMA_P7_SHIFT5_V1|PRICE_CROSS_UP_MA|PRICE_CROSS_DOWN_MA|6H|DOWN']",2
537,"['DMA|DMA_WMA_P7_SHIFT3_V1|PRICE_CROSS_UP_MA|PRICE_CROSS_DOWN_MA|6H|UP', 'DMA|DMA_WMA_P7_SHIFT5_V1|PRICE_CROSS_UP_MA|PRICE_CROSS_DOWN_MA|6H|UP']",2
538,"['DMA|DMA_WMA_P7_SHIFT3_V1|PRICE_CROSS_UP_MA|PRICE_CROSS_DOWN_MA|8H|DOWN', 'DMA|DMA_WMA_P7_SHIFT5_V1|PRICE_CROSS_UP_MA|PRICE_CROSS_DOWN_MA|8H|DOWN']",2
539,"['DMA|DMA_WMA_P7_SHIFT3_V1|PRICE_CROSS_UP_MA|PRICE_CROSS_DOWN_MA|8H|UP', 'DMA|DMA_WMA_P7_SHIFT5_V1|PRICE_CROSS_UP_MA|PRICE_CROSS_DOWN_MA|8H|UP']",2
540,"['MACD|DINAPOLI_MACD_REFERENCE_V1|HIST_CROSS_UP_ZERO|HIST_CROSS_DOWN_ZERO|12H|DOWN', 'MACD|DINAPOLI_MACD_REFERENCE_V1|MACD_CROSS_UP_SIGNAL|MACD_CROSS_DOWN_SIGNAL|12H|DOWN']",2
541,"['MACD|DINAPOLI_MACD_REFERENCE_V1|HIST_CROSS_UP_ZERO|HIST_CROSS_DOWN_ZERO|12H|UP', 'MACD|DINAPOLI_MACD_REFERENCE_V1|MACD_CROSS_UP_SIGNAL|MACD_CROSS_DOWN_SIGNAL|12H|UP']",2
542,"['MACD|DINAPOLI_MACD_REFERENCE_V1|HIST_CROSS_UP_ZERO|HIST_CROSS_DOWN_ZERO|15m|DOWN', 'MACD|DINAPOLI_MACD_REFERENCE_V1|MACD_CROSS_UP_SIGNAL|MACD_CROSS_DOWN_SIGNAL|15m|DOWN']",2
543,"['MACD|DINAPOLI_MACD_REFERENCE_V1|HIST_CROSS_UP_ZERO|HIST_CROSS_DOWN_ZERO|15m|UP', 'MACD|DINAPOLI_MACD_REFERENCE_V1|MACD_CROSS_UP_SIGNAL|MACD_CROSS_DOWN_SIGNAL|15m|UP']",2
544,"['MACD|DINAPOLI_MACD_REFERENCE_V1|HIST_CROSS_UP_ZERO|HIST_CROSS_DOWN_ZERO|1D|DOWN', 'MACD|DINAPOLI_MACD_REFERENCE_V1|MACD_CROSS_UP_SIGNAL|MACD_CROSS_DOWN_SIGNAL|1D|DOWN']",2
545,"['MACD|DINAPOLI_MACD_REFERENCE_V1|HIST_CROSS_UP_ZERO|HIST_CROSS_DOWN_ZERO|1D|UP', 'MACD|DINAPOLI_MACD_REFERENCE_V1|MACD_CROSS_UP_SIGNAL|MACD_CROSS_DOWN_SIGNAL|1D|UP']",2
546,"['MACD|DINAPOLI_MACD_REFERENCE_V1|HIST_CROSS_UP_ZERO|HIST_CROSS_DOWN_ZERO|1H|DOWN', 'MACD|DINAPOLI_MACD_REFERENCE_V1|MACD_CROSS_UP_SIGNAL|MACD_CROSS_DOWN_SIGNAL|1H|DOWN']",2
547,"['MACD|DINAPOLI_MACD_REFERENCE_V1|HIST_CROSS_UP_ZERO|HIST_CROSS_DOWN_ZERO|1H|UP', 'MACD|DINAPOLI_MACD_REFERENCE_V1|MACD_CROSS_UP_SIGNAL|MACD_CROSS_DOWN_SIGNAL|1H|UP']",2
548,"['MACD|DINAPOLI_MACD_REFERENCE_V1|HIST_CROSS_UP_ZERO|HIST_CROSS_DOWN_ZERO|2H|DOWN', 'MACD|DINAPOLI_MACD_REFERENCE_V1|MACD_CROSS_UP_SIGNAL|MACD_CROSS_DOWN_SIGNAL|2H|DOWN']",2
549,"['MACD|DINAPOLI_MACD_REFERENCE_V1|HIST_CROSS_UP_ZERO|HIST_CROSS_DOWN_ZERO|2H|UP', 'MACD|DINAPOLI_MACD_REFERENCE_V1|MACD_CROSS_UP_SIGNAL|MACD_CROSS_DOWN_SIGNAL|2H|UP']",2
550,"['MACD|DINAPOLI_MACD_REFERENCE_V1|HIST_CROSS_UP_ZERO|HIST_CROSS_DOWN_ZERO|30m|DOWN', 'MACD|DINAPOLI_MACD_REFERENCE_V1|MACD_CROSS_UP_SIGNAL|MACD_CROSS_DOWN_SIGNAL|30m|DOWN']",2
551,"['MACD|DINAPOLI_MACD_REFERENCE_V1|HIST_CROSS_UP_ZERO|HIST_CROSS_DOWN_ZERO|30m|UP', 'MACD|DINAPOLI_MACD_REFERENCE_V1|MACD_CROSS_UP_SIGNAL|MACD_CROSS_DOWN_SIGNAL|30m|UP']",2
552,"['MACD|DINAPOLI_MACD_REFERENCE_V1|HIST_CROSS_UP_ZERO|HIST_CROSS_DOWN_ZERO|4H|DOWN', 'MACD|DINAPOLI_MACD_REFERENCE_V1|MACD_CROSS_UP_SIGNAL|MACD_CROSS_DOWN_SIGNAL|4H|DOWN']",2
553,"['MACD|DINAPOLI_MACD_REFERENCE_V1|HIST_CROSS_UP_ZERO|HIST_CROSS_DOWN_ZERO|4H|UP', 'MACD|DINAPOLI_MACD_REFERENCE_V1|MACD_CROSS_UP_SIGNAL|MACD_CROSS_DOWN_SIGNAL|4H|UP']",2
554,"['MACD|DINAPOLI_MACD_REFERENCE_V1|HIST_CROSS_UP_ZERO|HIST_CROSS_DOWN_ZERO|5m|DOWN', 'MACD|DINAPOLI_MACD_REFERENCE_V1|MACD_CROSS_UP_SIGNAL|MACD_CROSS_DOWN_SIGNAL|5m|DOWN']",2
555,"['MACD|DINAPOLI_MACD_REFERENCE_V1|HIST_CROSS_UP_ZERO|HIST_CROSS_DOWN_ZERO|5m|UP', 'MACD|DINAPOLI_MACD_REFERENCE_V1|MACD_CROSS_UP_SIGNAL|MACD_CROSS_DOWN_SIGNAL|5m|UP']",2
556,"['MACD|DINAPOLI_MACD_REFERENCE_V1|HIST_CROSS_UP_ZERO|HIST_CROSS_DOWN_ZERO|6H|DOWN', 'MACD|DINAPOLI_MACD_REFERENCE_V1|MACD_CROSS_UP_SIGNAL|MACD_CROSS_DOWN_SIGNAL|6H|DOWN']",2
557,"['MACD|DINAPOLI_MACD_REFERENCE_V1|HIST_CROSS_UP_ZERO|HIST_CROSS_DOWN_ZERO|6H|UP', 'MACD|DINAPOLI_MACD_REFERENCE_V1|MACD_CROSS_UP_SIGNAL|MACD_CROSS_DOWN_SIGNAL|6H|UP']",2
558,"['MACD|DINAPOLI_MACD_REFERENCE_V1|HIST_CROSS_UP_ZERO|HIST_CROSS_DOWN_ZERO|8H|DOWN', 'MACD|DINAPOLI_MACD_REFERENCE_V1|MACD_CROSS_UP_SIGNAL|MACD_CROSS_DOWN_SIGNAL|8H|DOWN']",2
559,"['MACD|DINAPOLI_MACD_REFERENCE_V1|HIST_CROSS_UP_ZERO|HIST_CROSS_DOWN_ZERO|8H|UP', 'MACD|DINAPOLI_MACD_REFERENCE_V1|MACD_CROSS_UP_SIGNAL|MACD_CROSS_DOWN_SIGNAL|8H|UP']",2
560,"['MACD|DISPLACED_MACD_12_26_9_SHIFT2_V1|HIST_CROSS_UP_ZERO|HIST_CROSS_DOWN_ZERO|12H|DOWN', 'MACD|DISPLACED_MACD_12_26_9_SHIFT2_V1|MACD_CROSS_UP_SIGNAL|MACD_CROSS_DOWN_SIGNAL|12H|DOWN', 'MACD|DISPLACED_MACD_12_26_9_SHIFT3_V1|HIST_CROSS_UP_ZERO|HIST_CROSS_DOWN_ZERO|12H|DOWN', 'MACD|DISPLACED_MACD_12_26_9_SHIFT3_V1|MACD_CROSS_UP_SIGNAL|MACD_CROSS_DOWN_SIGNAL|12H|DOWN', 'MACD|DISPLACED_MACD_12_26_9_SHIFT5_V1|HIST_CROSS_UP_ZERO|HIST_CROSS_DOWN_ZERO|12H|DOWN', 'MACD|DISPLACED_MACD_12_26_9_SHIFT5_V1|MACD_CROSS_UP_SIGNAL|MACD_CROSS_DOWN_SIGNAL|12H|DOWN', 'MACD|MACD_12_26_9_SHIFT0_V1|HIST_CROSS_UP_ZERO|HIST_CROSS_DOWN_ZERO|12H|DOWN', 'MACD|MACD_12_26_9_SHIFT0_V1|MACD_CROSS_UP_SIGNAL|MACD_CROSS_DOWN_SIGNAL|12H|DOWN']",8
561,"['MACD|DISPLACED_MACD_12_26_9_SHIFT2_V1|HIST_CROSS_UP_ZERO|HIST_CROSS_DOWN_ZERO|12H|UP', 'MACD|DISPLACED_MACD_12_26_9_SHIFT2_V1|MACD_CROSS_UP_SIGNAL|MACD_CROSS_DOWN_SIGNAL|12H|UP', 'MACD|DISPLACED_MACD_12_26_9_SHIFT3_V1|HIST_CROSS_UP_ZERO|HIST_CROSS_DOWN_ZERO|12H|UP', 'MACD|DISPLACED_MACD_12_26_9_SHIFT3_V1|MACD_CROSS_UP_SIGNAL|MACD_CROSS_DOWN_SIGNAL|12H|UP', 'MACD|DISPLACED_MACD_12_26_9_SHIFT5_V1|HIST_CROSS_UP_ZERO|HIST_CROSS_DOWN_ZERO|12H|UP', 'MACD|DISPLACED_MACD_12_26_9_SHIFT5_V1|MACD_CROSS_UP_SIGNAL|MACD_CROSS_DOWN_SIGNAL|12H|UP', 'MACD|MACD_12_26_9_SHIFT0_V1|HIST_CROSS_UP_ZERO|HIST_CROSS_DOWN_ZERO|12H|UP', 'MACD|MACD_12_26_9_SHIFT0_V1|MACD_CROSS_UP_SIGNAL|MACD_CROSS_DOWN_SIGNAL|12H|UP']",8
562,"['MACD|DISPLACED_MACD_12_26_9_SHIFT2_V1|HIST_CROSS_UP_ZERO|HIST_CROSS_DOWN_ZERO|15m|DOWN', 'MACD|DISPLACED_MACD_12_26_9_SHIFT2_V1|MACD_CROSS_UP_SIGNAL|MACD_CROSS_DOWN_SIGNAL|15m|DOWN', 'MACD|DISPLACED_MACD_12_26_9_SHIFT3_V1|HIST_CROSS_UP_ZERO|HIST_CROSS_DOWN_ZERO|15m|DOWN', 'MACD|DISPLACED_MACD_12_26_9_SHIFT3_V1|MACD_CROSS_UP_SIGNAL|MACD_CROSS_DOWN_SIGNAL|15m|DOWN', 'MACD|DISPLACED_MACD_12_26_9_SHIFT5_V1|HIST_CROSS_UP_ZERO|HIST_CROSS_DOWN_ZERO|15m|DOWN', 'MACD|DISPLACED_MACD_12_26_9_SHIFT5_V1|MACD_CROSS_UP_SIGNAL|MACD_CROSS_DOWN_SIGNAL|15m|DOWN', 'MACD|MACD_12_26_9_SHIFT0_V1|HIST_CROSS_UP_ZERO|HIST_CROSS_DOWN_ZERO|15m|DOWN', 'MACD|MACD_12_26_9_SHIFT0_V1|MACD_CROSS_UP_SIGNAL|MACD_CROSS_DOWN_SIGNAL|15m|DOWN']",8
563,"['MACD|DISPLACED_MACD_12_26_9_SHIFT2_V1|HIST_CROSS_UP_ZERO|HIST_CROSS_DOWN_ZERO|15m|UP', 'MACD|DISPLACED_MACD_12_26_9_SHIFT2_V1|MACD_CROSS_UP_SIGNAL|MACD_CROSS_DOWN_SIGNAL|15m|UP', 'MACD|DISPLACED_MACD_12_26_9_SHIFT3_V1|HIST_CROSS_UP_ZERO|HIST_CROSS_DOWN_ZERO|15m|UP', 'MACD|DISPLACED_MACD_12_26_9_SHIFT3_V1|MACD_CROSS_UP_SIGNAL|MACD_CROSS_DOWN_SIGNAL|15m|UP', 'MACD|DISPLACED_MACD_12_26_9_SHIFT5_V1|HIST_CROSS_UP_ZERO|HIST_CROSS_DOWN_ZERO|15m|UP', 'MACD|DISPLACED_MACD_12_26_9_SHIFT5_V1|MACD_CROSS_UP_SIGNAL|MACD_CROSS_DOWN_SIGNAL|15m|UP', 'MACD|MACD_12_26_9_SHIFT0_V1|HIST_CROSS_UP_ZERO|HIST_CROSS_DOWN_ZERO|15m|UP', 'MACD|MACD_12_26_9_SHIFT0_V1|MACD_CROSS_UP_SIGNAL|MACD_CROSS_DOWN_SIGNAL|15m|UP']",8
564,"['MACD|DISPLACED_MACD_12_26_9_SHIFT2_V1|HIST_CROSS_UP_ZERO|HIST_CROSS_DOWN_ZERO|1D|DOWN', 'MACD|DISPLACED_MACD_12_26_9_SHIFT2_V1|MACD_CROSS_UP_SIGNAL|MACD_CROSS_DOWN_SIGNAL|1D|DOWN', 'MACD|DISPLACED_MACD_12_26_9_SHIFT3_V1|HIST_CROSS_UP_ZERO|HIST_CROSS_DOWN_ZERO|1D|DOWN', 'MACD|DISPLACED_MACD_12_26_9_SHIFT3_V1|MACD_CROSS_UP_SIGNAL|MACD_CROSS_DOWN_SIGNAL|1D|DOWN', 'MACD|DISPLACED_MACD_12_26_9_SHIFT5_V1|HIST_CROSS_UP_ZERO|HIST_CROSS_DOWN_ZERO|1D|DOWN', 'MACD|DISPLACED_MACD_12_26_9_SHIFT5_V1|MACD_CROSS_UP_SIGNAL|MACD_CROSS_DOWN_SIGNAL|1D|DOWN', 'MACD|MACD_12_26_9_SHIFT0_V1|HIST_CROSS_UP_ZERO|HIST_CROSS_DOWN_ZERO|1D|DOWN', 'MACD|MACD_12_26_9_SHIFT0_V1|MACD_CROSS_UP_SIGNAL|MACD_CROSS_DOWN_SIGNAL|1D|DOWN']",8
565,"['MACD|DISPLACED_MACD_12_26_9_SHIFT2_V1|HIST_CROSS_UP_ZERO|HIST_CROSS_DOWN_ZERO|1D|UP', 'MACD|DISPLACED_MACD_12_26_9_SHIFT2_V1|MACD_CROSS_UP_SIGNAL|MACD_CROSS_DOWN_SIGNAL|1D|UP', 'MACD|DISPLACED_MACD_12_26_9_SHIFT3_V1|HIST_CROSS_UP_ZERO|HIST_CROSS_DOWN_ZERO|1D|UP', 'MACD|DISPLACED_MACD_12_26_9_SHIFT3_V1|MACD_CROSS_UP_SIGNAL|MACD_CROSS_DOWN_SIGNAL|1D|UP', 'MACD|DISPLACED_MACD_12_26_9_SHIFT5_V1|HIST_CROSS_UP_ZERO|HIST_CROSS_DOWN_ZERO|1D|UP', 'MACD|DISPLACED_MACD_12_26_9_SHIFT5_V1|MACD_CROSS_UP_SIGNAL|MACD_CROSS_DOWN_SIGNAL|1D|UP', 'MACD|MACD_12_26_9_SHIFT0_V1|HIST_CROSS_UP_ZERO|HIST_CROSS_DOWN_ZERO|1D|UP', 'MACD|MACD_12_26_9_SHIFT0_V1|MACD_CROSS_UP_SIGNAL|MACD_CROSS_DOWN_SIGNAL|1D|UP']",8
566,"['MACD|DISPLACED_MACD_12_26_9_SHIFT2_V1|HIST_CROSS_UP_ZERO|HIST_CROSS_DOWN_ZERO|1H|DOWN', 'MACD|DISPLACED_MACD_12_26_9_SHIFT2_V1|MACD_CROSS_UP_SIGNAL|MACD_CROSS_DOWN_SIGNAL|1H|DOWN', 'MACD|DISPLACED_MACD_12_26_9_SHIFT3_V1|HIST_CROSS_UP_ZERO|HIST_CROSS_DOWN_ZERO|1H|DOWN', 'MACD|DISPLACED_MACD_12_26_9_SHIFT3_V1|MACD_CROSS_UP_SIGNAL|MACD_CROSS_DOWN_SIGNAL|1H|DOWN', 'MACD|DISPLACED_MACD_12_26_9_SHIFT5_V1|HIST_CROSS_UP_ZERO|HIST_CROSS_DOWN_ZERO|1H|DOWN', 'MACD|DISPLACED_MACD_12_26_9_SHIFT5_V1|MACD_CROSS_UP_SIGNAL|MACD_CROSS_DOWN_SIGNAL|1H|DOWN', 'MACD|MACD_12_26_9_SHIFT0_V1|HIST_CROSS_UP_ZERO|HIST_CROSS_DOWN_ZERO|1H|DOWN', 'MACD|MACD_12_26_9_SHIFT0_V1|MACD_CROSS_UP_SIGNAL|MACD_CROSS_DOWN_SIGNAL|1H|DOWN']",8
567,"['MACD|DISPLACED_MACD_12_26_9_SHIFT2_V1|HIST_CROSS_UP_ZERO|HIST_CROSS_DOWN_ZERO|1H|UP', 'MACD|DISPLACED_MACD_12_26_9_SHIFT2_V1|MACD_CROSS_UP_SIGNAL|MACD_CROSS_DOWN_SIGNAL|1H|UP', 'MACD|DISPLACED_MACD_12_26_9_SHIFT3_V1|HIST_CROSS_UP_ZERO|HIST_CROSS_DOWN_ZERO|1H|UP', 'MACD|DISPLACED_MACD_12_26_9_SHIFT3_V1|MACD_CROSS_UP_SIGNAL|MACD_CROSS_DOWN_SIGNAL|1H|UP', 'MACD|DISPLACED_MACD_12_26_9_SHIFT5_V1|HIST_CROSS_UP_ZERO|HIST_CROSS_DOWN_ZERO|1H|UP', 'MACD|DISPLACED_MACD_12_26_9_SHIFT5_V1|MACD_CROSS_UP_SIGNAL|MACD_CROSS_DOWN_SIGNAL|1H|UP', 'MACD|MACD_12_26_9_SHIFT0_V1|HIST_CROSS_UP_ZERO|HIST_CROSS_DOWN_ZERO|1H|UP', 'MACD|MACD_12_26_9_SHIFT0_V1|MACD_CROSS_UP_SIGNAL|MACD_CROSS_DOWN_SIGNAL|1H|UP']",8
568,"['MACD|DISPLACED_MACD_12_26_9_SHIFT2_V1|HIST_CROSS_UP_ZERO|HIST_CROSS_DOWN_ZERO|2H|DOWN', 'MACD|DISPLACED_MACD_12_26_9_SHIFT2_V1|MACD_CROSS_UP_SIGNAL|MACD_CROSS_DOWN_SIGNAL|2H|DOWN', 'MACD|DISPLACED_MACD_12_26_9_SHIFT3_V1|HIST_CROSS_UP_ZERO|HIST_CROSS_DOWN_ZERO|2H|DOWN', 'MACD|DISPLACED_MACD_12_26_9_SHIFT3_V1|MACD_CROSS_UP_SIGNAL|MACD_CROSS_DOWN_SIGNAL|2H|DOWN', 'MACD|DISPLACED_MACD_12_26_9_SHIFT5_V1|HIST_CROSS_UP_ZERO|HIST_CROSS_DOWN_ZERO|2H|DOWN', 'MACD|DISPLACED_MACD_12_26_9_SHIFT5_V1|MACD_CROSS_UP_SIGNAL|MACD_CROSS_DOWN_SIGNAL|2H|DOWN', 'MACD|MACD_12_26_9_SHIFT0_V1|HIST_CROSS_UP_ZERO|HIST_CROSS_DOWN_ZERO|2H|DOWN', 'MACD|MACD_12_26_9_SHIFT0_V1|MACD_CROSS_UP_SIGNAL|MACD_CROSS_DOWN_SIGNAL|2H|DOWN']",8
569,"['MACD|DISPLACED_MACD_12_26_9_SHIFT2_V1|HIST_CROSS_UP_ZERO|HIST_CROSS_DOWN_ZERO|2H|UP', 'MACD|DISPLACED_MACD_12_26_9_SHIFT2_V1|MACD_CROSS_UP_SIGNAL|MACD_CROSS_DOWN_SIGNAL|2H|UP', 'MACD|DISPLACED_MACD_12_26_9_SHIFT3_V1|HIST_CROSS_UP_ZERO|HIST_CROSS_DOWN_ZERO|2H|UP', 'MACD|DISPLACED_MACD_12_26_9_SHIFT3_V1|MACD_CROSS_UP_SIGNAL|MACD_CROSS_DOWN_SIGNAL|2H|UP', 'MACD|DISPLACED_MACD_12_26_9_SHIFT5_V1|HIST_CROSS_UP_ZERO|HIST_CROSS_DOWN_ZERO|2H|UP', 'MACD|DISPLACED_MACD_12_26_9_SHIFT5_V1|MACD_CROSS_UP_SIGNAL|MACD_CROSS_DOWN_SIGNAL|2H|UP', 'MACD|MACD_12_26_9_SHIFT0_V1|HIST_CROSS_UP_ZERO|HIST_CROSS_DOWN_ZERO|2H|UP', 'MACD|MACD_12_26_9_SHIFT0_V1|MACD_CROSS_UP_SIGNAL|MACD_CROSS_DOWN_SIGNAL|2H|UP']",8
570,"['MACD|DISPLACED_MACD_12_26_9_SHIFT2_V1|HIST_CROSS_UP_ZERO|HIST_CROSS_DOWN_ZERO|30m|DOWN', 'MACD|DISPLACED_MACD_12_26_9_SHIFT2_V1|MACD_CROSS_UP_SIGNAL|MACD_CROSS_DOWN_SIGNAL|30m|DOWN', 'MACD|DISPLACED_MACD_12_26_9_SHIFT3_V1|HIST_CROSS_UP_ZERO|HIST_CROSS_DOWN_ZERO|30m|DOWN', 'MACD|DISPLACED_MACD_12_26_9_SHIFT3_V1|MACD_CROSS_UP_SIGNAL|MACD_CROSS_DOWN_SIGNAL|30m|DOWN', 'MACD|DISPLACED_MACD_12_26_9_SHIFT5_V1|HIST_CROSS_UP_ZERO|HIST_CROSS_DOWN_ZERO|30m|DOWN', 'MACD|DISPLACED_MACD_12_26_9_SHIFT5_V1|MACD_CROSS_UP_SIGNAL|MACD_CROSS_DOWN_SIGNAL|30m|DOWN', 'MACD|MACD_12_26_9_SHIFT0_V1|HIST_CROSS_UP_ZERO|HIST_CROSS_DOWN_ZERO|30m|DOWN', 'MACD|MACD_12_26_9_SHIFT0_V1|MACD_CROSS_UP_SIGNAL|MACD_CROSS_DOWN_SIGNAL|30m|DOWN']",8
571,"['MACD|DISPLACED_MACD_12_26_9_SHIFT2_V1|HIST_CROSS_UP_ZERO|HIST_CROSS_DOWN_ZERO|30m|UP', 'MACD|DISPLACED_MACD_12_26_9_SHIFT2_V1|MACD_CROSS_UP_SIGNAL|MACD_CROSS_DOWN_SIGNAL|30m|UP', 'MACD|DISPLACED_MACD_12_26_9_SHIFT3_V1|HIST_CROSS_UP_ZERO|HIST_CROSS_DOWN_ZERO|30m|UP', 'MACD|DISPLACED_MACD_12_26_9_SHIFT3_V1|MACD_CROSS_UP_SIGNAL|MACD_CROSS_DOWN_SIGNAL|30m|UP', 'MACD|DISPLACED_MACD_12_26_9_SHIFT5_V1|HIST_CROSS_UP_ZERO|HIST_CROSS_DOWN_ZERO|30m|UP', 'MACD|DISPLACED_MACD_12_26_9_SHIFT5_V1|MACD_CROSS_UP_SIGNAL|MACD_CROSS_DOWN_SIGNAL|30m|UP', 'MACD|MACD_12_26_9_SHIFT0_V1|HIST_CROSS_UP_ZERO|HIST_CROSS_DOWN_ZERO|30m|UP', 'MACD|MACD_12_26_9_SHIFT0_V1|MACD_CROSS_UP_SIGNAL|MACD_CROSS_DOWN_SIGNAL|30m|UP']",8
572,"['MACD|DISPLACED_MACD_12_26_9_SHIFT2_V1|HIST_CROSS_UP_ZERO|HIST_CROSS_DOWN_ZERO|4H|DOWN', 'MACD|DISPLACED_MACD_12_26_9_SHIFT2_V1|MACD_CROSS_UP_SIGNAL|MACD_CROSS_DOWN_SIGNAL|4H|DOWN', 'MACD|DISPLACED_MACD_12_26_9_SHIFT3_V1|HIST_CROSS_UP_ZERO|HIST_CROSS_DOWN_ZERO|4H|DOWN', 'MACD|DISPLACED_MACD_12_26_9_SHIFT3_V1|MACD_CROSS_UP_SIGNAL|MACD_CROSS_DOWN_SIGNAL|4H|DOWN', 'MACD|DISPLACED_MACD_12_26_9_SHIFT5_V1|HIST_CROSS_UP_ZERO|HIST_CROSS_DOWN_ZERO|4H|DOWN', 'MACD|DISPLACED_MACD_12_26_9_SHIFT5_V1|MACD_CROSS_UP_SIGNAL|MACD_CROSS_DOWN_SIGNAL|4H|DOWN', 'MACD|MACD_12_26_9_SHIFT0_V1|HIST_CROSS_UP_ZERO|HIST_CROSS_DOWN_ZERO|4H|DOWN', 'MACD|MACD_12_26_9_SHIFT0_V1|MACD_CROSS_UP_SIGNAL|MACD_CROSS_DOWN_SIGNAL|4H|DOWN']",8
573,"['MACD|DISPLACED_MACD_12_26_9_SHIFT2_V1|HIST_CROSS_UP_ZERO|HIST_CROSS_DOWN_ZERO|4H|UP', 'MACD|DISPLACED_MACD_12_26_9_SHIFT2_V1|MACD_CROSS_UP_SIGNAL|MACD_CROSS_DOWN_SIGNAL|4H|UP', 'MACD|DISPLACED_MACD_12_26_9_SHIFT3_V1|HIST_CROSS_UP_ZERO|HIST_CROSS_DOWN_ZERO|4H|UP', 'MACD|DISPLACED_MACD_12_26_9_SHIFT3_V1|MACD_CROSS_UP_SIGNAL|MACD_CROSS_DOWN_SIGNAL|4H|UP', 'MACD|DISPLACED_MACD_12_26_9_SHIFT5_V1|HIST_CROSS_UP_ZERO|HIST_CROSS_DOWN_ZERO|4H|UP', 'MACD|DISPLACED_MACD_12_26_9_SHIFT5_V1|MACD_CROSS_UP_SIGNAL|MACD_CROSS_DOWN_SIGNAL|4H|UP', 'MACD|MACD_12_26_9_SHIFT0_V1|HIST_CROSS_UP_ZERO|HIST_CROSS_DOWN_ZERO|4H|UP', 'MACD|MACD_12_26_9_SHIFT0_V1|MACD_CROSS_UP_SIGNAL|MACD_CROSS_DOWN_SIGNAL|4H|UP']",8
574,"['MACD|DISPLACED_MACD_12_26_9_SHIFT2_V1|HIST_CROSS_UP_ZERO|HIST_CROSS_DOWN_ZERO|5m|DOWN', 'MACD|DISPLACED_MACD_12_26_9_SHIFT2_V1|MACD_CROSS_UP_SIGNAL|MACD_CROSS_DOWN_SIGNAL|5m|DOWN', 'MACD|DISPLACED_MACD_12_26_9_SHIFT3_V1|HIST_CROSS_UP_ZERO|HIST_CROSS_DOWN_ZERO|5m|DOWN', 'MACD|DISPLACED_MACD_12_26_9_SHIFT3_V1|MACD_CROSS_UP_SIGNAL|MACD_CROSS_DOWN_SIGNAL|5m|DOWN', 'MACD|DISPLACED_MACD_12_26_9_SHIFT5_V1|HIST_CROSS_UP_ZERO|HIST_CROSS_DOWN_ZERO|5m|DOWN', 'MACD|DISPLACED_MACD_12_26_9_SHIFT5_V1|MACD_CROSS_UP_SIGNAL|MACD_CROSS_DOWN_SIGNAL|5m|DOWN', 'MACD|MACD_12_26_9_SHIFT0_V1|HIST_CROSS_UP_ZERO|HIST_CROSS_DOWN_ZERO|5m|DOWN', 'MACD|MACD_12_26_9_SHIFT0_V1|MACD_CROSS_UP_SIGNAL|MACD_CROSS_DOWN_SIGNAL|5m|DOWN']",8
575,"['MACD|DISPLACED_MACD_12_26_9_SHIFT2_V1|HIST_CROSS_UP_ZERO|HIST_CROSS_DOWN_ZERO|5m|UP', 'MACD|DISPLACED_MACD_12_26_9_SHIFT2_V1|MACD_CROSS_UP_SIGNAL|MACD_CROSS_DOWN_SIGNAL|5m|UP', 'MACD|DISPLACED_MACD_12_26_9_SHIFT3_V1|HIST_CROSS_UP_ZERO|HIST_CROSS_DOWN_ZERO|5m|UP', 'MACD|DISPLACED_MACD_12_26_9_SHIFT3_V1|MACD_CROSS_UP_SIGNAL|MACD_CROSS_DOWN_SIGNAL|5m|UP', 'MACD|DISPLACED_MACD_12_26_9_SHIFT5_V1|HIST_CROSS_UP_ZERO|HIST_CROSS_DOWN_ZERO|5m|UP', 'MACD|DISPLACED_MACD_12_26_9_SHIFT5_V1|MACD_CROSS_UP_SIGNAL|MACD_CROSS_DOWN_SIGNAL|5m|UP', 'MACD|MACD_12_26_9_SHIFT0_V1|HIST_CROSS_UP_ZERO|HIST_CROSS_DOWN_ZERO|5m|UP', 'MACD|MACD_12_26_9_SHIFT0_V1|MACD_CROSS_UP_SIGNAL|MACD_CROSS_DOWN_SIGNAL|5m|UP']",8
576,"['MACD|DISPLACED_MACD_12_26_9_SHIFT2_V1|HIST_CROSS_UP_ZERO|HIST_CROSS_DOWN_ZERO|6H|DOWN', 'MACD|DISPLACED_MACD_12_26_9_SHIFT2_V1|MACD_CROSS_UP_SIGNAL|MACD_CROSS_DOWN_SIGNAL|6H|DOWN', 'MACD|DISPLACED_MACD_12_26_9_SHIFT3_V1|HIST_CROSS_UP_ZERO|HIST_CROSS_DOWN_ZERO|6H|DOWN', 'MACD|DISPLACED_MACD_12_26_9_SHIFT3_V1|MACD_CROSS_UP_SIGNAL|MACD_CROSS_DOWN_SIGNAL|6H|DOWN', 'MACD|DISPLACED_MACD_12_26_9_SHIFT5_V1|HIST_CROSS_UP_ZERO|HIST_CROSS_DOWN_ZERO|6H|DOWN', 'MACD|DISPLACED_MACD_12_26_9_SHIFT5_V1|MACD_CROSS_UP_SIGNAL|MACD_CROSS_DOWN_SIGNAL|6H|DOWN', 'MACD|MACD_12_26_9_SHIFT0_V1|HIST_CROSS_UP_ZERO|HIST_CROSS_DOWN_ZERO|6H|DOWN', 'MACD|MACD_12_26_9_SHIFT0_V1|MACD_CROSS_UP_SIGNAL|MACD_CROSS_DOWN_SIGNAL|6H|DOWN']",8
577,"['MACD|DISPLACED_MACD_12_26_9_SHIFT2_V1|HIST_CROSS_UP_ZERO|HIST_CROSS_DOWN_ZERO|6H|UP', 'MACD|DISPLACED_MACD_12_26_9_SHIFT2_V1|MACD_CROSS_UP_SIGNAL|MACD_CROSS_DOWN_SIGNAL|6H|UP', 'MACD|DISPLACED_MACD_12_26_9_SHIFT3_V1|HIST_CROSS_UP_ZERO|HIST_CROSS_DOWN_ZERO|6H|UP', 'MACD|DISPLACED_MACD_12_26_9_SHIFT3_V1|MACD_CROSS_UP_SIGNAL|MACD_CROSS_DOWN_SIGNAL|6H|UP', 'MACD|DISPLACED_MACD_12_26_9_SHIFT5_V1|HIST_CROSS_UP_ZERO|HIST_CROSS_DOWN_ZERO|6H|UP', 'MACD|DISPLACED_MACD_12_26_9_SHIFT5_V1|MACD_CROSS_UP_SIGNAL|MACD_CROSS_DOWN_SIGNAL|6H|UP', 'MACD|MACD_12_26_9_SHIFT0_V1|HIST_CROSS_UP_ZERO|HIST_CROSS_DOWN_ZERO|6H|UP', 'MACD|MACD_12_26_9_SHIFT0_V1|MACD_CROSS_UP_SIGNAL|MACD_CROSS_DOWN_SIGNAL|6H|UP']",8
578,"['MACD|DISPLACED_MACD_12_26_9_SHIFT2_V1|HIST_CROSS_UP_ZERO|HIST_CROSS_DOWN_ZERO|8H|DOWN', 'MACD|DISPLACED_MACD_12_26_9_SHIFT2_V1|MACD_CROSS_UP_SIGNAL|MACD_CROSS_DOWN_SIGNAL|8H|DOWN', 'MACD|DISPLACED_MACD_12_26_9_SHIFT3_V1|HIST_CROSS_UP_ZERO|HIST_CROSS_DOWN_ZERO|8H|DOWN', 'MACD|DISPLACED_MACD_12_26_9_SHIFT3_V1|MACD_CROSS_UP_SIGNAL|MACD_CROSS_DOWN_SIGNAL|8H|DOWN', 'MACD|DISPLACED_MACD_12_26_9_SHIFT5_V1|HIST_CROSS_UP_ZERO|HIST_CROSS_DOWN_ZERO|8H|DOWN', 'MACD|DISPLACED_MACD_12_26_9_SHIFT5_V1|MACD_CROSS_UP_SIGNAL|MACD_CROSS_DOWN_SIGNAL|8H|DOWN', 'MACD|MACD_12_26_9_SHIFT0_V1|HIST_CROSS_UP_ZERO|HIST_CROSS_DOWN_ZERO|8H|DOWN', 'MACD|MACD_12_26_9_SHIFT0_V1|MACD_CROSS_UP_SIGNAL|MACD_CROSS_DOWN_SIGNAL|8H|DOWN']",8
579,"['MACD|DISPLACED_MACD_12_26_9_SHIFT2_V1|HIST_CROSS_UP_ZERO|HIST_CROSS_DOWN_ZERO|8H|UP', 'MACD|DISPLACED_MACD_12_26_9_SHIFT2_V1|MACD_CROSS_UP_SIGNAL|MACD_CROSS_DOWN_SIGNAL|8H|UP', 'MACD|DISPLACED_MACD_12_26_9_SHIFT3_V1|HIST_CROSS_UP_ZERO|HIST_CROSS_DOWN_ZERO|8H|UP', 'MACD|DISPLACED_MACD_12_26_9_SHIFT3_V1|MACD_CROSS_UP_SIGNAL|MACD_CROSS_DOWN_SIGNAL|8H|UP', 'MACD|DISPLACED_MACD_12_26_9_SHIFT5_V1|HIST_CROSS_UP_ZERO|HIST_CROSS_DOWN_ZERO|8H|UP', 'MACD|DISPLACED_MACD_12_26_9_SHIFT5_V1|MACD_CROSS_UP_SIGNAL|MACD_CROSS_DOWN_SIGNAL|8H|UP', 'MACD|MACD_12_26_9_SHIFT0_V1|HIST_CROSS_UP_ZERO|HIST_CROSS_DOWN_ZERO|8H|UP', 'MACD|MACD_12_26_9_SHIFT0_V1|MACD_CROSS_UP_SIGNAL|MACD_CROSS_DOWN_SIGNAL|8H|UP']",8
580,"['MACD|DISPLACED_MACD_5_13_4_SHIFT2_V1|HIST_CROSS_UP_ZERO|HIST_CROSS_DOWN_ZERO|12H|DOWN', 'MACD|DISPLACED_MACD_5_13_4_SHIFT2_V1|MACD_CROSS_UP_SIGNAL|MACD_CROSS_DOWN_SIGNAL|12H|DOWN', 'MACD|DISPLACED_MACD_5_13_4_SHIFT3_V1|HIST_CROSS_UP_ZERO|HIST_CROSS_DOWN_ZERO|12H|DOWN', 'MACD|DISPLACED_MACD_5_13_4_SHIFT3_V1|MACD_CROSS_UP_SIGNAL|MACD_CROSS_DOWN_SIGNAL|12H|DOWN', 'MACD|DISPLACED_MACD_5_13_4_SHIFT5_V1|HIST_CROSS_UP_ZERO|HIST_CROSS_DOWN_ZERO|12H|DOWN', 'MACD|DISPLACED_MACD_5_13_4_SHIFT5_V1|MACD_CROSS_UP_SIGNAL|MACD_CROSS_DOWN_SIGNAL|12H|DOWN', 'MACD|MACD_5_13_4_SHIFT0_V1|HIST_CROSS_UP_ZERO|HIST_CROSS_DOWN_ZERO|12H|DOWN', 'MACD|MACD_5_13_4_SHIFT0_V1|MACD_CROSS_UP_SIGNAL|MACD_CROSS_DOWN_SIGNAL|12H|DOWN']",8
581,"['MACD|DISPLACED_MACD_5_13_4_SHIFT2_V1|HIST_CROSS_UP_ZERO|HIST_CROSS_DOWN_ZERO|12H|UP', 'MACD|DISPLACED_MACD_5_13_4_SHIFT2_V1|MACD_CROSS_UP_SIGNAL|MACD_CROSS_DOWN_SIGNAL|12H|UP', 'MACD|DISPLACED_MACD_5_13_4_SHIFT3_V1|HIST_CROSS_UP_ZERO|HIST_CROSS_DOWN_ZERO|12H|UP', 'MACD|DISPLACED_MACD_5_13_4_SHIFT3_V1|MACD_CROSS_UP_SIGNAL|MACD_CROSS_DOWN_SIGNAL|12H|UP', 'MACD|DISPLACED_MACD_5_13_4_SHIFT5_V1|HIST_CROSS_UP_ZERO|HIST_CROSS_DOWN_ZERO|12H|UP', 'MACD|DISPLACED_MACD_5_13_4_SHIFT5_V1|MACD_CROSS_UP_SIGNAL|MACD_CROSS_DOWN_SIGNAL|12H|UP', 'MACD|MACD_5_13_4_SHIFT0_V1|HIST_CROSS_UP_ZERO|HIST_CROSS_DOWN_ZERO|12H|UP', 'MACD|MACD_5_13_4_SHIFT0_V1|MACD_CROSS_UP_SIGNAL|MACD_CROSS_DOWN_SIGNAL|12H|UP']",8
582,"['MACD|DISPLACED_MACD_5_13_4_SHIFT2_V1|HIST_CROSS_UP_ZERO|HIST_CROSS_DOWN_ZERO|15m|DOWN', 'MACD|DISPLACED_MACD_5_13_4_SHIFT2_V1|MACD_CROSS_UP_SIGNAL|MACD_CROSS_DOWN_SIGNAL|15m|DOWN', 'MACD|DISPLACED_MACD_5_13_4_SHIFT3_V1|HIST_CROSS_UP_ZERO|HIST_CROSS_DOWN_ZERO|15m|DOWN', 'MACD|DISPLACED_MACD_5_13_4_SHIFT3_V1|MACD_CROSS_UP_SIGNAL|MACD_CROSS_DOWN_SIGNAL|15m|DOWN', 'MACD|DISPLACED_MACD_5_13_4_SHIFT5_V1|HIST_CROSS_UP_ZERO|HIST_CROSS_DOWN_ZERO|15m|DOWN', 'MACD|DISPLACED_MACD_5_13_4_SHIFT5_V1|MACD_CROSS_UP_SIGNAL|MACD_CROSS_DOWN_SIGNAL|15m|DOWN', 'MACD|MACD_5_13_4_SHIFT0_V1|HIST_CROSS_UP_ZERO|HIST_CROSS_DOWN_ZERO|15m|DOWN', 'MACD|MACD_5_13_4_SHIFT0_V1|MACD_CROSS_UP_SIGNAL|MACD_CROSS_DOWN_SIGNAL|15m|DOWN']",8
583,"['MACD|DISPLACED_MACD_5_13_4_SHIFT2_V1|HIST_CROSS_UP_ZERO|HIST_CROSS_DOWN_ZERO|15m|UP', 'MACD|DISPLACED_MACD_5_13_4_SHIFT2_V1|MACD_CROSS_UP_SIGNAL|MACD_CROSS_DOWN_SIGNAL|15m|UP', 'MACD|DISPLACED_MACD_5_13_4_SHIFT3_V1|HIST_CROSS_UP_ZERO|HIST_CROSS_DOWN_ZERO|15m|UP', 'MACD|DISPLACED_MACD_5_13_4_SHIFT3_V1|MACD_CROSS_UP_SIGNAL|MACD_CROSS_DOWN_SIGNAL|15m|UP', 'MACD|DISPLACED_MACD_5_13_4_SHIFT5_V1|HIST_CROSS_UP_ZERO|HIST_CROSS_DOWN_ZERO|15m|UP', 'MACD|DISPLACED_MACD_5_13_4_SHIFT5_V1|MACD_CROSS_UP_SIGNAL|MACD_CROSS_DOWN_SIGNAL|15m|UP', 'MACD|MACD_5_13_4_SHIFT0_V1|HIST_CROSS_UP_ZERO|HIST_CROSS_DOWN_ZERO|15m|UP', 'MACD|MACD_5_13_4_SHIFT0_V1|MACD_CROSS_UP_SIGNAL|MACD_CROSS_DOWN_SIGNAL|15m|UP']",8
584,"['MACD|DISPLACED_MACD_5_13_4_SHIFT2_V1|HIST_CROSS_UP_ZERO|HIST_CROSS_DOWN_ZERO|1D|DOWN', 'MACD|DISPLACED_MACD_5_13_4_SHIFT2_V1|MACD_CROSS_UP_SIGNAL|MACD_CROSS_DOWN_SIGNAL|1D|DOWN', 'MACD|DISPLACED_MACD_5_13_4_SHIFT3_V1|HIST_CROSS_UP_ZERO|HIST_CROSS_DOWN_ZERO|1D|DOWN', 'MACD|DISPLACED_MACD_5_13_4_SHIFT3_V1|MACD_CROSS_UP_SIGNAL|MACD_CROSS_DOWN_SIGNAL|1D|DOWN', 'MACD|DISPLACED_MACD_5_13_4_SHIFT5_V1|HIST_CROSS_UP_ZERO|HIST_CROSS_DOWN_ZERO|1D|DOWN', 'MACD|DISPLACED_MACD_5_13_4_SHIFT5_V1|MACD_CROSS_UP_SIGNAL|MACD_CROSS_DOWN_SIGNAL|1D|DOWN', 'MACD|MACD_5_13_4_SHIFT0_V1|HIST_CROSS_UP_ZERO|HIST_CROSS_DOWN_ZERO|1D|DOWN', 'MACD|MACD_5_13_4_SHIFT0_V1|MACD_CROSS_UP_SIGNAL|MACD_CROSS_DOWN_SIGNAL|1D|DOWN']",8
585,"['MACD|DISPLACED_MACD_5_13_4_SHIFT2_V1|HIST_CROSS_UP_ZERO|HIST_CROSS_DOWN_ZERO|1D|UP', 'MACD|DISPLACED_MACD_5_13_4_SHIFT2_V1|MACD_CROSS_UP_SIGNAL|MACD_CROSS_DOWN_SIGNAL|1D|UP', 'MACD|DISPLACED_MACD_5_13_4_SHIFT3_V1|HIST_CROSS_UP_ZERO|HIST_CROSS_DOWN_ZERO|1D|UP', 'MACD|DISPLACED_MACD_5_13_4_SHIFT3_V1|MACD_CROSS_UP_SIGNAL|MACD_CROSS_DOWN_SIGNAL|1D|UP', 'MACD|DISPLACED_MACD_5_13_4_SHIFT5_V1|HIST_CROSS_UP_ZERO|HIST_CROSS_DOWN_ZERO|1D|UP', 'MACD|DISPLACED_MACD_5_13_4_SHIFT5_V1|MACD_CROSS_UP_SIGNAL|MACD_CROSS_DOWN_SIGNAL|1D|UP', 'MACD|MACD_5_13_4_SHIFT0_V1|HIST_CROSS_UP_ZERO|HIST_CROSS_DOWN_ZERO|1D|UP', 'MACD|MACD_5_13_4_SHIFT0_V1|MACD_CROSS_UP_SIGNAL|MACD_CROSS_DOWN_SIGNAL|1D|UP']",8
586,"['MACD|DISPLACED_MACD_5_13_4_SHIFT2_V1|HIST_CROSS_UP_ZERO|HIST_CROSS_DOWN_ZERO|1H|DOWN', 'MACD|DISPLACED_MACD_5_13_4_SHIFT2_V1|MACD_CROSS_UP_SIGNAL|MACD_CROSS_DOWN_SIGNAL|1H|DOWN', 'MACD|DISPLACED_MACD_5_13_4_SHIFT3_V1|HIST_CROSS_UP_ZERO|HIST_CROSS_DOWN_ZERO|1H|DOWN', 'MACD|DISPLACED_MACD_5_13_4_SHIFT3_V1|MACD_CROSS_UP_SIGNAL|MACD_CROSS_DOWN_SIGNAL|1H|DOWN', 'MACD|DISPLACED_MACD_5_13_4_SHIFT5_V1|HIST_CROSS_UP_ZERO|HIST_CROSS_DOWN_ZERO|1H|DOWN', 'MACD|DISPLACED_MACD_5_13_4_SHIFT5_V1|MACD_CROSS_UP_SIGNAL|MACD_CROSS_DOWN_SIGNAL|1H|DOWN', 'MACD|MACD_5_13_4_SHIFT0_V1|HIST_CROSS_UP_ZERO|HIST_CROSS_DOWN_ZERO|1H|DOWN', 'MACD|MACD_5_13_4_SHIFT0_V1|MACD_CROSS_UP_SIGNAL|MACD_CROSS_DOWN_SIGNAL|1H|DOWN']",8
587,"['MACD|DISPLACED_MACD_5_13_4_SHIFT2_V1|HIST_CROSS_UP_ZERO|HIST_CROSS_DOWN_ZERO|1H|UP', 'MACD|DISPLACED_MACD_5_13_4_SHIFT2_V1|MACD_CROSS_UP_SIGNAL|MACD_CROSS_DOWN_SIGNAL|1H|UP', 'MACD|DISPLACED_MACD_5_13_4_SHIFT3_V1|HIST_CROSS_UP_ZERO|HIST_CROSS_DOWN_ZERO|1H|UP', 'MACD|DISPLACED_MACD_5_13_4_SHIFT3_V1|MACD_CROSS_UP_SIGNAL|MACD_CROSS_DOWN_SIGNAL|1H|UP', 'MACD|DISPLACED_MACD_5_13_4_SHIFT5_V1|HIST_CROSS_UP_ZERO|HIST_CROSS_DOWN_ZERO|1H|UP', 'MACD|DISPLACED_MACD_5_13_4_SHIFT5_V1|MACD_CROSS_UP_SIGNAL|MACD_CROSS_DOWN_SIGNAL|1H|UP', 'MACD|MACD_5_13_4_SHIFT0_V1|HIST_CROSS_UP_ZERO|HIST_CROSS_DOWN_ZERO|1H|UP', 'MACD|MACD_5_13_4_SHIFT0_V1|MACD_CROSS_UP_SIGNAL|MACD_CROSS_DOWN_SIGNAL|1H|UP']",8
588,"['MACD|DISPLACED_MACD_5_13_4_SHIFT2_V1|HIST_CROSS_UP_ZERO|HIST_CROSS_DOWN_ZERO|2H|DOWN', 'MACD|DISPLACED_MACD_5_13_4_SHIFT2_V1|MACD_CROSS_UP_SIGNAL|MACD_CROSS_DOWN_SIGNAL|2H|DOWN', 'MACD|DISPLACED_MACD_5_13_4_SHIFT3_V1|HIST_CROSS_UP_ZERO|HIST_CROSS_DOWN_ZERO|2H|DOWN', 'MACD|DISPLACED_MACD_5_13_4_SHIFT3_V1|MACD_CROSS_UP_SIGNAL|MACD_CROSS_DOWN_SIGNAL|2H|DOWN', 'MACD|DISPLACED_MACD_5_13_4_SHIFT5_V1|HIST_CROSS_UP_ZERO|HIST_CROSS_DOWN_ZERO|2H|DOWN', 'MACD|DISPLACED_MACD_5_13_4_SHIFT5_V1|MACD_CROSS_UP_SIGNAL|MACD_CROSS_DOWN_SIGNAL|2H|DOWN', 'MACD|MACD_5_13_4_SHIFT0_V1|HIST_CROSS_UP_ZERO|HIST_CROSS_DOWN_ZERO|2H|DOWN', 'MACD|MACD_5_13_4_SHIFT0_V1|MACD_CROSS_UP_SIGNAL|MACD_CROSS_DOWN_SIGNAL|2H|DOWN']",8
589,"['MACD|DISPLACED_MACD_5_13_4_SHIFT2_V1|HIST_CROSS_UP_ZERO|HIST_CROSS_DOWN_ZERO|2H|UP', 'MACD|DISPLACED_MACD_5_13_4_SHIFT2_V1|MACD_CROSS_UP_SIGNAL|MACD_CROSS_DOWN_SIGNAL|2H|UP', 'MACD|DISPLACED_MACD_5_13_4_SHIFT3_V1|HIST_CROSS_UP_ZERO|HIST_CROSS_DOWN_ZERO|2H|UP', 'MACD|DISPLACED_MACD_5_13_4_SHIFT3_V1|MACD_CROSS_UP_SIGNAL|MACD_CROSS_DOWN_SIGNAL|2H|UP', 'MACD|DISPLACED_MACD_5_13_4_SHIFT5_V1|HIST_CROSS_UP_ZERO|HIST_CROSS_DOWN_ZERO|2H|UP', 'MACD|DISPLACED_MACD_5_13_4_SHIFT5_V1|MACD_CROSS_UP_SIGNAL|MACD_CROSS_DOWN_SIGNAL|2H|UP', 'MACD|MACD_5_13_4_SHIFT0_V1|HIST_CROSS_UP_ZERO|HIST_CROSS_DOWN_ZERO|2H|UP', 'MACD|MACD_5_13_4_SHIFT0_V1|MACD_CROSS_UP_SIGNAL|MACD_CROSS_DOWN_SIGNAL|2H|UP']",8
590,"['MACD|DISPLACED_MACD_5_13_4_SHIFT2_V1|HIST_CROSS_UP_ZERO|HIST_CROSS_DOWN_ZERO|30m|DOWN', 'MACD|DISPLACED_MACD_5_13_4_SHIFT2_V1|MACD_CROSS_UP_SIGNAL|MACD_CROSS_DOWN_SIGNAL|30m|DOWN', 'MACD|DISPLACED_MACD_5_13_4_SHIFT3_V1|HIST_CROSS_UP_ZERO|HIST_CROSS_DOWN_ZERO|30m|DOWN', 'MACD|DISPLACED_MACD_5_13_4_SHIFT3_V1|MACD_CROSS_UP_SIGNAL|MACD_CROSS_DOWN_SIGNAL|30m|DOWN', 'MACD|DISPLACED_MACD_5_13_4_SHIFT5_V1|HIST_CROSS_UP_ZERO|HIST_CROSS_DOWN_ZERO|30m|DOWN', 'MACD|DISPLACED_MACD_5_13_4_SHIFT5_V1|MACD_CROSS_UP_SIGNAL|MACD_CROSS_DOWN_SIGNAL|30m|DOWN', 'MACD|MACD_5_13_4_SHIFT0_V1|HIST_CROSS_UP_ZERO|HIST_CROSS_DOWN_ZERO|30m|DOWN', 'MACD|MACD_5_13_4_SHIFT0_V1|MACD_CROSS_UP_SIGNAL|MACD_CROSS_DOWN_SIGNAL|30m|DOWN']",8
591,"['MACD|DISPLACED_MACD_5_13_4_SHIFT2_V1|HIST_CROSS_UP_ZERO|HIST_CROSS_DOWN_ZERO|30m|UP', 'MACD|DISPLACED_MACD_5_13_4_SHIFT2_V1|MACD_CROSS_UP_SIGNAL|MACD_CROSS_DOWN_SIGNAL|30m|UP', 'MACD|DISPLACED_MACD_5_13_4_SHIFT3_V1|HIST_CROSS_UP_ZERO|HIST_CROSS_DOWN_ZERO|30m|UP', 'MACD|DISPLACED_MACD_5_13_4_SHIFT3_V1|MACD_CROSS_UP_SIGNAL|MACD_CROSS_DOWN_SIGNAL|30m|UP', 'MACD|DISPLACED_MACD_5_13_4_SHIFT5_V1|HIST_CROSS_UP_ZERO|HIST_CROSS_DOWN_ZERO|30m|UP', 'MACD|DISPLACED_MACD_5_13_4_SHIFT5_V1|MACD_CROSS_UP_SIGNAL|MACD_CROSS_DOWN_SIGNAL|30m|UP', 'MACD|MACD_5_13_4_SHIFT0_V1|HIST_CROSS_UP_ZERO|HIST_CROSS_DOWN_ZERO|30m|UP', 'MACD|MACD_5_13_4_SHIFT0_V1|MACD_CROSS_UP_SIGNAL|MACD_CROSS_DOWN_SIGNAL|30m|UP']",8
592,"['MACD|DISPLACED_MACD_5_13_4_SHIFT2_V1|HIST_CROSS_UP_ZERO|HIST_CROSS_DOWN_ZERO|4H|DOWN', 'MACD|DISPLACED_MACD_5_13_4_SHIFT2_V1|MACD_CROSS_UP_SIGNAL|MACD_CROSS_DOWN_SIGNAL|4H|DOWN', 'MACD|DISPLACED_MACD_5_13_4_SHIFT3_V1|HIST_CROSS_UP_ZERO|HIST_CROSS_DOWN_ZERO|4H|DOWN', 'MACD|DISPLACED_MACD_5_13_4_SHIFT3_V1|MACD_CROSS_UP_SIGNAL|MACD_CROSS_DOWN_SIGNAL|4H|DOWN', 'MACD|DISPLACED_MACD_5_13_4_SHIFT5_V1|HIST_CROSS_UP_ZERO|HIST_CROSS_DOWN_ZERO|4H|DOWN', 'MACD|DISPLACED_MACD_5_13_4_SHIFT5_V1|MACD_CROSS_UP_SIGNAL|MACD_CROSS_DOWN_SIGNAL|4H|DOWN', 'MACD|MACD_5_13_4_SHIFT0_V1|HIST_CROSS_UP_ZERO|HIST_CROSS_DOWN_ZERO|4H|DOWN', 'MACD|MACD_5_13_4_SHIFT0_V1|MACD_CROSS_UP_SIGNAL|MACD_CROSS_DOWN_SIGNAL|4H|DOWN']",8
593,"['MACD|DISPLACED_MACD_5_13_4_SHIFT2_V1|HIST_CROSS_UP_ZERO|HIST_CROSS_DOWN_ZERO|4H|UP', 'MACD|DISPLACED_MACD_5_13_4_SHIFT2_V1|MACD_CROSS_UP_SIGNAL|MACD_CROSS_DOWN_SIGNAL|4H|UP', 'MACD|DISPLACED_MACD_5_13_4_SHIFT3_V1|HIST_CROSS_UP_ZERO|HIST_CROSS_DOWN_ZERO|4H|UP', 'MACD|DISPLACED_MACD_5_13_4_SHIFT3_V1|MACD_CROSS_UP_SIGNAL|MACD_CROSS_DOWN_SIGNAL|4H|UP', 'MACD|DISPLACED_MACD_5_13_4_SHIFT5_V1|HIST_CROSS_UP_ZERO|HIST_CROSS_DOWN_ZERO|4H|UP', 'MACD|DISPLACED_MACD_5_13_4_SHIFT5_V1|MACD_CROSS_UP_SIGNAL|MACD_CROSS_DOWN_SIGNAL|4H|UP', 'MACD|MACD_5_13_4_SHIFT0_V1|HIST_CROSS_UP_ZERO|HIST_CROSS_DOWN_ZERO|4H|UP', 'MACD|MACD_5_13_4_SHIFT0_V1|MACD_CROSS_UP_SIGNAL|MACD_CROSS_DOWN_SIGNAL|4H|UP']",8
594,"['MACD|DISPLACED_MACD_5_13_4_SHIFT2_V1|HIST_CROSS_UP_ZERO|HIST_CROSS_DOWN_ZERO|5m|DOWN', 'MACD|DISPLACED_MACD_5_13_4_SHIFT2_V1|MACD_CROSS_UP_SIGNAL|MACD_CROSS_DOWN_SIGNAL|5m|DOWN', 'MACD|DISPLACED_MACD_5_13_4_SHIFT3_V1|HIST_CROSS_UP_ZERO|HIST_CROSS_DOWN_ZERO|5m|DOWN', 'MACD|DISPLACED_MACD_5_13_4_SHIFT3_V1|MACD_CROSS_UP_SIGNAL|MACD_CROSS_DOWN_SIGNAL|5m|DOWN', 'MACD|DISPLACED_MACD_5_13_4_SHIFT5_V1|HIST_CROSS_UP_ZERO|HIST_CROSS_DOWN_ZERO|5m|DOWN', 'MACD|DISPLACED_MACD_5_13_4_SHIFT5_V1|MACD_CROSS_UP_SIGNAL|MACD_CROSS_DOWN_SIGNAL|5m|DOWN', 'MACD|MACD_5_13_4_SHIFT0_V1|HIST_CROSS_UP_ZERO|HIST_CROSS_DOWN_ZERO|5m|DOWN', 'MACD|MACD_5_13_4_SHIFT0_V1|MACD_CROSS_UP_SIGNAL|MACD_CROSS_DOWN_SIGNAL|5m|DOWN']",8
595,"['MACD|DISPLACED_MACD_5_13_4_SHIFT2_V1|HIST_CROSS_UP_ZERO|HIST_CROSS_DOWN_ZERO|5m|UP', 'MACD|DISPLACED_MACD_5_13_4_SHIFT2_V1|MACD_CROSS_UP_SIGNAL|MACD_CROSS_DOWN_SIGNAL|5m|UP', 'MACD|DISPLACED_MACD_5_13_4_SHIFT3_V1|HIST_CROSS_UP_ZERO|HIST_CROSS_DOWN_ZERO|5m|UP', 'MACD|DISPLACED_MACD_5_13_4_SHIFT3_V1|MACD_CROSS_UP_SIGNAL|MACD_CROSS_DOWN_SIGNAL|5m|UP', 'MACD|DISPLACED_MACD_5_13_4_SHIFT5_V1|HIST_CROSS_UP_ZERO|HIST_CROSS_DOWN_ZERO|5m|UP', 'MACD|DISPLACED_MACD_5_13_4_SHIFT5_V1|MACD_CROSS_UP_SIGNAL|MACD_CROSS_DOWN_SIGNAL|5m|UP', 'MACD|MACD_5_13_4_SHIFT0_V1|HIST_CROSS_UP_ZERO|HIST_CROSS_DOWN_ZERO|5m|UP', 'MACD|MACD_5_13_4_SHIFT0_V1|MACD_CROSS_UP_SIGNAL|MACD_CROSS_DOWN_SIGNAL|5m|UP']",8
596,"['MACD|DISPLACED_MACD_5_13_4_SHIFT2_V1|HIST_CROSS_UP_ZERO|HIST_CROSS_DOWN_ZERO|6H|DOWN', 'MACD|DISPLACED_MACD_5_13_4_SHIFT2_V1|MACD_CROSS_UP_SIGNAL|MACD_CROSS_DOWN_SIGNAL|6H|DOWN', 'MACD|DISPLACED_MACD_5_13_4_SHIFT3_V1|HIST_CROSS_UP_ZERO|HIST_CROSS_DOWN_ZERO|6H|DOWN', 'MACD|DISPLACED_MACD_5_13_4_SHIFT3_V1|MACD_CROSS_UP_SIGNAL|MACD_CROSS_DOWN_SIGNAL|6H|DOWN', 'MACD|DISPLACED_MACD_5_13_4_SHIFT5_V1|HIST_CROSS_UP_ZERO|HIST_CROSS_DOWN_ZERO|6H|DOWN', 'MACD|DISPLACED_MACD_5_13_4_SHIFT5_V1|MACD_CROSS_UP_SIGNAL|MACD_CROSS_DOWN_SIGNAL|6H|DOWN', 'MACD|MACD_5_13_4_SHIFT0_V1|HIST_CROSS_UP_ZERO|HIST_CROSS_DOWN_ZERO|6H|DOWN', 'MACD|MACD_5_13_4_SHIFT0_V1|MACD_CROSS_UP_SIGNAL|MACD_CROSS_DOWN_SIGNAL|6H|DOWN']",8
597,"['MACD|DISPLACED_MACD_5_13_4_SHIFT2_V1|HIST_CROSS_UP_ZERO|HIST_CROSS_DOWN_ZERO|6H|UP', 'MACD|DISPLACED_MACD_5_13_4_SHIFT2_V1|MACD_CROSS_UP_SIGNAL|MACD_CROSS_DOWN_SIGNAL|6H|UP', 'MACD|DISPLACED_MACD_5_13_4_SHIFT3_V1|HIST_CROSS_UP_ZERO|HIST_CROSS_DOWN_ZERO|6H|UP', 'MACD|DISPLACED_MACD_5_13_4_SHIFT3_V1|MACD_CROSS_UP_SIGNAL|MACD_CROSS_DOWN_SIGNAL|6H|UP', 'MACD|DISPLACED_MACD_5_13_4_SHIFT5_V1|HIST_CROSS_UP_ZERO|HIST_CROSS_DOWN_ZERO|6H|UP', 'MACD|DISPLACED_MACD_5_13_4_SHIFT5_V1|MACD_CROSS_UP_SIGNAL|MACD_CROSS_DOWN_SIGNAL|6H|UP', 'MACD|MACD_5_13_4_SHIFT0_V1|HIST_CROSS_UP_ZERO|HIST_CROSS_DOWN_ZERO|6H|UP', 'MACD|MACD_5_13_4_SHIFT0_V1|MACD_CROSS_UP_SIGNAL|MACD_CROSS_DOWN_SIGNAL|6H|UP']",8
598,"['MACD|DISPLACED_MACD_5_13_4_SHIFT2_V1|HIST_CROSS_UP_ZERO|HIST_CROSS_DOWN_ZERO|8H|DOWN', 'MACD|DISPLACED_MACD_5_13_4_SHIFT2_V1|MACD_CROSS_UP_SIGNAL|MACD_CROSS_DOWN_SIGNAL|8H|DOWN', 'MACD|DISPLACED_MACD_5_13_4_SHIFT3_V1|HIST_CROSS_UP_ZERO|HIST_CROSS_DOWN_ZERO|8H|DOWN', 'MACD|DISPLACED_MACD_5_13_4_SHIFT3_V1|MACD_CROSS_UP_SIGNAL|MACD_CROSS_DOWN_SIGNAL|8H|DOWN', 'MACD|DISPLACED_MACD_5_13_4_SHIFT5_V1|HIST_CROSS_UP_ZERO|HIST_CROSS_DOWN_ZERO|8H|DOWN', 'MACD|DISPLACED_MACD_5_13_4_SHIFT5_V1|MACD_CROSS_UP_SIGNAL|MACD_CROSS_DOWN_SIGNAL|8H|DOWN', 'MACD|MACD_5_13_4_SHIFT0_V1|HIST_CROSS_UP_ZERO|HIST_CROSS_DOWN_ZERO|8H|DOWN', 'MACD|MACD_5_13_4_SHIFT0_V1|MACD_CROSS_UP_SIGNAL|MACD_CROSS_DOWN_SIGNAL|8H|DOWN']",8
599,"['MACD|DISPLACED_MACD_5_13_4_SHIFT2_V1|HIST_CROSS_UP_ZERO|HIST_CROSS_DOWN_ZERO|8H|UP', 'MACD|DISPLACED_MACD_5_13_4_SHIFT2_V1|MACD_CROSS_UP_SIGNAL|MACD_CROSS_DOWN_SIGNAL|8H|UP', 'MACD|DISPLACED_MACD_5_13_4_SHIFT3_V1|HIST_CROSS_UP_ZERO|HIST_CROSS_DOWN_ZERO|8H|UP', 'MACD|DISPLACED_MACD_5_13_4_SHIFT3_V1|MACD_CROSS_UP_SIGNAL|MACD_CROSS_DOWN_SIGNAL|8H|UP', 'MACD|DISPLACED_MACD_5_13_4_SHIFT5_V1|HIST_CROSS_UP_ZERO|HIST_CROSS_DOWN_ZERO|8H|UP', 'MACD|DISPLACED_MACD_5_13_4_SHIFT5_V1|MACD_CROSS_UP_SIGNAL|MACD_CROSS_DOWN_SIGNAL|8H|UP', 'MACD|MACD_5_13_4_SHIFT0_V1|HIST_CROSS_UP_ZERO|HIST_CROSS_DOWN_ZERO|8H|UP', 'MACD|MACD_5_13_4_SHIFT0_V1|MACD_CROSS_UP_SIGNAL|MACD_CROSS_DOWN_SIGNAL|8H|UP']",8
600,"['MACD|DISPLACED_MACD_8_21_5_SHIFT2_V1|HIST_CROSS_UP_ZERO|HIST_CROSS_DOWN_ZERO|12H|DOWN', 'MACD|DISPLACED_MACD_8_21_5_SHIFT2_V1|MACD_CROSS_UP_SIGNAL|MACD_CROSS_DOWN_SIGNAL|12H|DOWN', 'MACD|DISPLACED_MACD_8_21_5_SHIFT3_V1|HIST_CROSS_UP_ZERO|HIST_CROSS_DOWN_ZERO|12H|DOWN', 'MACD|DISPLACED_MACD_8_21_5_SHIFT3_V1|MACD_CROSS_UP_SIGNAL|MACD_CROSS_DOWN_SIGNAL|12H|DOWN', 'MACD|DISPLACED_MACD_8_21_5_SHIFT5_V1|HIST_CROSS_UP_ZERO|HIST_CROSS_DOWN_ZERO|12H|DOWN', 'MACD|DISPLACED_MACD_8_21_5_SHIFT5_V1|MACD_CROSS_UP_SIGNAL|MACD_CROSS_DOWN_SIGNAL|12H|DOWN', 'MACD|MACD_8_21_5_SHIFT0_V1|HIST_CROSS_UP_ZERO|HIST_CROSS_DOWN_ZERO|12H|DOWN', 'MACD|MACD_8_21_5_SHIFT0_V1|MACD_CROSS_UP_SIGNAL|MACD_CROSS_DOWN_SIGNAL|12H|DOWN']",8
601,"['MACD|DISPLACED_MACD_8_21_5_SHIFT2_V1|HIST_CROSS_UP_ZERO|HIST_CROSS_DOWN_ZERO|12H|UP', 'MACD|DISPLACED_MACD_8_21_5_SHIFT2_V1|MACD_CROSS_UP_SIGNAL|MACD_CROSS_DOWN_SIGNAL|12H|UP', 'MACD|DISPLACED_MACD_8_21_5_SHIFT3_V1|HIST_CROSS_UP_ZERO|HIST_CROSS_DOWN_ZERO|12H|UP', 'MACD|DISPLACED_MACD_8_21_5_SHIFT3_V1|MACD_CROSS_UP_SIGNAL|MACD_CROSS_DOWN_SIGNAL|12H|UP', 'MACD|DISPLACED_MACD_8_21_5_SHIFT5_V1|HIST_CROSS_UP_ZERO|HIST_CROSS_DOWN_ZERO|12H|UP', 'MACD|DISPLACED_MACD_8_21_5_SHIFT5_V1|MACD_CROSS_UP_SIGNAL|MACD_CROSS_DOWN_SIGNAL|12H|UP', 'MACD|MACD_8_21_5_SHIFT0_V1|HIST_CROSS_UP_ZERO|HIST_CROSS_DOWN_ZERO|12H|UP', 'MACD|MACD_8_21_5_SHIFT0_V1|MACD_CROSS_UP_SIGNAL|MACD_CROSS_DOWN_SIGNAL|12H|UP']",8
602,"['MACD|DISPLACED_MACD_8_21_5_SHIFT2_V1|HIST_CROSS_UP_ZERO|HIST_CROSS_DOWN_ZERO|15m|DOWN', 'MACD|DISPLACED_MACD_8_21_5_SHIFT2_V1|MACD_CROSS_UP_SIGNAL|MACD_CROSS_DOWN_SIGNAL|15m|DOWN', 'MACD|DISPLACED_MACD_8_21_5_SHIFT3_V1|HIST_CROSS_UP_ZERO|HIST_CROSS_DOWN_ZERO|15m|DOWN', 'MACD|DISPLACED_MACD_8_21_5_SHIFT3_V1|MACD_CROSS_UP_SIGNAL|MACD_CROSS_DOWN_SIGNAL|15m|DOWN', 'MACD|DISPLACED_MACD_8_21_5_SHIFT5_V1|HIST_CROSS_UP_ZERO|HIST_CROSS_DOWN_ZERO|15m|DOWN', 'MACD|DISPLACED_MACD_8_21_5_SHIFT5_V1|MACD_CROSS_UP_SIGNAL|MACD_CROSS_DOWN_SIGNAL|15m|DOWN', 'MACD|MACD_8_21_5_SHIFT0_V1|HIST_CROSS_UP_ZERO|HIST_CROSS_DOWN_ZERO|15m|DOWN', 'MACD|MACD_8_21_5_SHIFT0_V1|MACD_CROSS_UP_SIGNAL|MACD_CROSS_DOWN_SIGNAL|15m|DOWN']",8
603,"['MACD|DISPLACED_MACD_8_21_5_SHIFT2_V1|HIST_CROSS_UP_ZERO|HIST_CROSS_DOWN_ZERO|15m|UP', 'MACD|DISPLACED_MACD_8_21_5_SHIFT2_V1|MACD_CROSS_UP_SIGNAL|MACD_CROSS_DOWN_SIGNAL|15m|UP', 'MACD|DISPLACED_MACD_8_21_5_SHIFT3_V1|HIST_CROSS_UP_ZERO|HIST_CROSS_DOWN_ZERO|15m|UP', 'MACD|DISPLACED_MACD_8_21_5_SHIFT3_V1|MACD_CROSS_UP_SIGNAL|MACD_CROSS_DOWN_SIGNAL|15m|UP', 'MACD|DISPLACED_MACD_8_21_5_SHIFT5_V1|HIST_CROSS_UP_ZERO|HIST_CROSS_DOWN_ZERO|15m|UP', 'MACD|DISPLACED_MACD_8_21_5_SHIFT5_V1|MACD_CROSS_UP_SIGNAL|MACD_CROSS_DOWN_SIGNAL|15m|UP', 'MACD|MACD_8_21_5_SHIFT0_V1|HIST_CROSS_UP_ZERO|HIST_CROSS_DOWN_ZERO|15m|UP', 'MACD|MACD_8_21_5_SHIFT0_V1|MACD_CROSS_UP_SIGNAL|MACD_CROSS_DOWN_SIGNAL|15m|UP']",8
604,"['MACD|DISPLACED_MACD_8_21_5_SHIFT2_V1|HIST_CROSS_UP_ZERO|HIST_CROSS_DOWN_ZERO|1D|DOWN', 'MACD|DISPLACED_MACD_8_21_5_SHIFT2_V1|MACD_CROSS_UP_SIGNAL|MACD_CROSS_DOWN_SIGNAL|1D|DOWN', 'MACD|DISPLACED_MACD_8_21_5_SHIFT3_V1|HIST_CROSS_UP_ZERO|HIST_CROSS_DOWN_ZERO|1D|DOWN', 'MACD|DISPLACED_MACD_8_21_5_SHIFT3_V1|MACD_CROSS_UP_SIGNAL|MACD_CROSS_DOWN_SIGNAL|1D|DOWN', 'MACD|DISPLACED_MACD_8_21_5_SHIFT5_V1|HIST_CROSS_UP_ZERO|HIST_CROSS_DOWN_ZERO|1D|DOWN', 'MACD|DISPLACED_MACD_8_21_5_SHIFT5_V1|MACD_CROSS_UP_SIGNAL|MACD_CROSS_DOWN_SIGNAL|1D|DOWN', 'MACD|MACD_8_21_5_SHIFT0_V1|HIST_CROSS_UP_ZERO|HIST_CROSS_DOWN_ZERO|1D|DOWN', 'MACD|MACD_8_21_5_SHIFT0_V1|MACD_CROSS_UP_SIGNAL|MACD_CROSS_DOWN_SIGNAL|1D|DOWN']",8
605,"['MACD|DISPLACED_MACD_8_21_5_SHIFT2_V1|HIST_CROSS_UP_ZERO|HIST_CROSS_DOWN_ZERO|1D|UP', 'MACD|DISPLACED_MACD_8_21_5_SHIFT2_V1|MACD_CROSS_UP_SIGNAL|MACD_CROSS_DOWN_SIGNAL|1D|UP', 'MACD|DISPLACED_MACD_8_21_5_SHIFT3_V1|HIST_CROSS_UP_ZERO|HIST_CROSS_DOWN_ZERO|1D|UP', 'MACD|DISPLACED_MACD_8_21_5_SHIFT3_V1|MACD_CROSS_UP_SIGNAL|MACD_CROSS_DOWN_SIGNAL|1D|UP', 'MACD|DISPLACED_MACD_8_21_5_SHIFT5_V1|HIST_CROSS_UP_ZERO|HIST_CROSS_DOWN_ZERO|1D|UP', 'MACD|DISPLACED_MACD_8_21_5_SHIFT5_V1|MACD_CROSS_UP_SIGNAL|MACD_CROSS_DOWN_SIGNAL|1D|UP', 'MACD|MACD_8_21_5_SHIFT0_V1|HIST_CROSS_UP_ZERO|HIST_CROSS_DOWN_ZERO|1D|UP', 'MACD|MACD_8_21_5_SHIFT0_V1|MACD_CROSS_UP_SIGNAL|MACD_CROSS_DOWN_SIGNAL|1D|UP']",8
606,"['MACD|DISPLACED_MACD_8_21_5_SHIFT2_V1|HIST_CROSS_UP_ZERO|HIST_CROSS_DOWN_ZERO|1H|DOWN', 'MACD|DISPLACED_MACD_8_21_5_SHIFT2_V1|MACD_CROSS_UP_SIGNAL|MACD_CROSS_DOWN_SIGNAL|1H|DOWN', 'MACD|DISPLACED_MACD_8_21_5_SHIFT3_V1|HIST_CROSS_UP_ZERO|HIST_CROSS_DOWN_ZERO|1H|DOWN', 'MACD|DISPLACED_MACD_8_21_5_SHIFT3_V1|MACD_CROSS_UP_SIGNAL|MACD_CROSS_DOWN_SIGNAL|1H|DOWN', 'MACD|DISPLACED_MACD_8_21_5_SHIFT5_V1|HIST_CROSS_UP_ZERO|HIST_CROSS_DOWN_ZERO|1H|DOWN', 'MACD|DISPLACED_MACD_8_21_5_SHIFT5_V1|MACD_CROSS_UP_SIGNAL|MACD_CROSS_DOWN_SIGNAL|1H|DOWN', 'MACD|MACD_8_21_5_SHIFT0_V1|HIST_CROSS_UP_ZERO|HIST_CROSS_DOWN_ZERO|1H|DOWN', 'MACD|MACD_8_21_5_SHIFT0_V1|MACD_CROSS_UP_SIGNAL|MACD_CROSS_DOWN_SIGNAL|1H|DOWN']",8
607,"['MACD|DISPLACED_MACD_8_21_5_SHIFT2_V1|HIST_CROSS_UP_ZERO|HIST_CROSS_DOWN_ZERO|1H|UP', 'MACD|DISPLACED_MACD_8_21_5_SHIFT2_V1|MACD_CROSS_UP_SIGNAL|MACD_CROSS_DOWN_SIGNAL|1H|UP', 'MACD|DISPLACED_MACD_8_21_5_SHIFT3_V1|HIST_CROSS_UP_ZERO|HIST_CROSS_DOWN_ZERO|1H|UP', 'MACD|DISPLACED_MACD_8_21_5_SHIFT3_V1|MACD_CROSS_UP_SIGNAL|MACD_CROSS_DOWN_SIGNAL|1H|UP', 'MACD|DISPLACED_MACD_8_21_5_SHIFT5_V1|HIST_CROSS_UP_ZERO|HIST_CROSS_DOWN_ZERO|1H|UP', 'MACD|DISPLACED_MACD_8_21_5_SHIFT5_V1|MACD_CROSS_UP_SIGNAL|MACD_CROSS_DOWN_SIGNAL|1H|UP', 'MACD|MACD_8_21_5_SHIFT0_V1|HIST_CROSS_UP_ZERO|HIST_CROSS_DOWN_ZERO|1H|UP', 'MACD|MACD_8_21_5_SHIFT0_V1|MACD_CROSS_UP_SIGNAL|MACD_CROSS_DOWN_SIGNAL|1H|UP']",8
608,"['MACD|DISPLACED_MACD_8_21_5_SHIFT2_V1|HIST_CROSS_UP_ZERO|HIST_CROSS_DOWN_ZERO|2H|DOWN', 'MACD|DISPLACED_MACD_8_21_5_SHIFT2_V1|MACD_CROSS_UP_SIGNAL|MACD_CROSS_DOWN_SIGNAL|2H|DOWN', 'MACD|DISPLACED_MACD_8_21_5_SHIFT3_V1|HIST_CROSS_UP_ZERO|HIST_CROSS_DOWN_ZERO|2H|DOWN', 'MACD|DISPLACED_MACD_8_21_5_SHIFT3_V1|MACD_CROSS_UP_SIGNAL|MACD_CROSS_DOWN_SIGNAL|2H|DOWN', 'MACD|DISPLACED_MACD_8_21_5_SHIFT5_V1|HIST_CROSS_UP_ZERO|HIST_CROSS_DOWN_ZERO|2H|DOWN', 'MACD|DISPLACED_MACD_8_21_5_SHIFT5_V1|MACD_CROSS_UP_SIGNAL|MACD_CROSS_DOWN_SIGNAL|2H|DOWN', 'MACD|MACD_8_21_5_SHIFT0_V1|HIST_CROSS_UP_ZERO|HIST_CROSS_DOWN_ZERO|2H|DOWN', 'MACD|MACD_8_21_5_SHIFT0_V1|MACD_CROSS_UP_SIGNAL|MACD_CROSS_DOWN_SIGNAL|2H|DOWN']",8
609,"['MACD|DISPLACED_MACD_8_21_5_SHIFT2_V1|HIST_CROSS_UP_ZERO|HIST_CROSS_DOWN_ZERO|2H|UP', 'MACD|DISPLACED_MACD_8_21_5_SHIFT2_V1|MACD_CROSS_UP_SIGNAL|MACD_CROSS_DOWN_SIGNAL|2H|UP', 'MACD|DISPLACED_MACD_8_21_5_SHIFT3_V1|HIST_CROSS_UP_ZERO|HIST_CROSS_DOWN_ZERO|2H|UP', 'MACD|DISPLACED_MACD_8_21_5_SHIFT3_V1|MACD_CROSS_UP_SIGNAL|MACD_CROSS_DOWN_SIGNAL|2H|UP', 'MACD|DISPLACED_MACD_8_21_5_SHIFT5_V1|HIST_CROSS_UP_ZERO|HIST_CROSS_DOWN_ZERO|2H|UP', 'MACD|DISPLACED_MACD_8_21_5_SHIFT5_V1|MACD_CROSS_UP_SIGNAL|MACD_CROSS_DOWN_SIGNAL|2H|UP', 'MACD|MACD_8_21_5_SHIFT0_V1|HIST_CROSS_UP_ZERO|HIST_CROSS_DOWN_ZERO|2H|UP', 'MACD|MACD_8_21_5_SHIFT0_V1|MACD_CROSS_UP_SIGNAL|MACD_CROSS_DOWN_SIGNAL|2H|UP']",8
610,"['MACD|DISPLACED_MACD_8_21_5_SHIFT2_V1|HIST_CROSS_UP_ZERO|HIST_CROSS_DOWN_ZERO|30m|DOWN', 'MACD|DISPLACED_MACD_8_21_5_SHIFT2_V1|MACD_CROSS_UP_SIGNAL|MACD_CROSS_DOWN_SIGNAL|30m|DOWN', 'MACD|DISPLACED_MACD_8_21_5_SHIFT3_V1|HIST_CROSS_UP_ZERO|HIST_CROSS_DOWN_ZERO|30m|DOWN', 'MACD|DISPLACED_MACD_8_21_5_SHIFT3_V1|MACD_CROSS_UP_SIGNAL|MACD_CROSS_DOWN_SIGNAL|30m|DOWN', 'MACD|DISPLACED_MACD_8_21_5_SHIFT5_V1|HIST_CROSS_UP_ZERO|HIST_CROSS_DOWN_ZERO|30m|DOWN', 'MACD|DISPLACED_MACD_8_21_5_SHIFT5_V1|MACD_CROSS_UP_SIGNAL|MACD_CROSS_DOWN_SIGNAL|30m|DOWN', 'MACD|MACD_8_21_5_SHIFT0_V1|HIST_CROSS_UP_ZERO|HIST_CROSS_DOWN_ZERO|30m|DOWN', 'MACD|MACD_8_21_5_SHIFT0_V1|MACD_CROSS_UP_SIGNAL|MACD_CROSS_DOWN_SIGNAL|30m|DOWN']",8
611,"['MACD|DISPLACED_MACD_8_21_5_SHIFT2_V1|HIST_CROSS_UP_ZERO|HIST_CROSS_DOWN_ZERO|30m|UP', 'MACD|DISPLACED_MACD_8_21_5_SHIFT2_V1|MACD_CROSS_UP_SIGNAL|MACD_CROSS_DOWN_SIGNAL|30m|UP', 'MACD|DISPLACED_MACD_8_21_5_SHIFT3_V1|HIST_CROSS_UP_ZERO|HIST_CROSS_DOWN_ZERO|30m|UP', 'MACD|DISPLACED_MACD_8_21_5_SHIFT3_V1|MACD_CROSS_UP_SIGNAL|MACD_CROSS_DOWN_SIGNAL|30m|UP', 'MACD|DISPLACED_MACD_8_21_5_SHIFT5_V1|HIST_CROSS_UP_ZERO|HIST_CROSS_DOWN_ZERO|30m|UP', 'MACD|DISPLACED_MACD_8_21_5_SHIFT5_V1|MACD_CROSS_UP_SIGNAL|MACD_CROSS_DOWN_SIGNAL|30m|UP', 'MACD|MACD_8_21_5_SHIFT0_V1|HIST_CROSS_UP_ZERO|HIST_CROSS_DOWN_ZERO|30m|UP', 'MACD|MACD_8_21_5_SHIFT0_V1|MACD_CROSS_UP_SIGNAL|MACD_CROSS_DOWN_SIGNAL|30m|UP']",8
612,"['MACD|DISPLACED_MACD_8_21_5_SHIFT2_V1|HIST_CROSS_UP_ZERO|HIST_CROSS_DOWN_ZERO|4H|DOWN', 'MACD|DISPLACED_MACD_8_21_5_SHIFT2_V1|MACD_CROSS_UP_SIGNAL|MACD_CROSS_DOWN_SIGNAL|4H|DOWN', 'MACD|DISPLACED_MACD_8_21_5_SHIFT3_V1|HIST_CROSS_UP_ZERO|HIST_CROSS_DOWN_ZERO|4H|DOWN', 'MACD|DISPLACED_MACD_8_21_5_SHIFT3_V1|MACD_CROSS_UP_SIGNAL|MACD_CROSS_DOWN_SIGNAL|4H|DOWN', 'MACD|DISPLACED_MACD_8_21_5_SHIFT5_V1|HIST_CROSS_UP_ZERO|HIST_CROSS_DOWN_ZERO|4H|DOWN', 'MACD|DISPLACED_MACD_8_21_5_SHIFT5_V1|MACD_CROSS_UP_SIGNAL|MACD_CROSS_DOWN_SIGNAL|4H|DOWN', 'MACD|MACD_8_21_5_SHIFT0_V1|HIST_CROSS_UP_ZERO|HIST_CROSS_DOWN_ZERO|4H|DOWN', 'MACD|MACD_8_21_5_SHIFT0_V1|MACD_CROSS_UP_SIGNAL|MACD_CROSS_DOWN_SIGNAL|4H|DOWN']",8
613,"['MACD|DISPLACED_MACD_8_21_5_SHIFT2_V1|HIST_CROSS_UP_ZERO|HIST_CROSS_DOWN_ZERO|4H|UP', 'MACD|DISPLACED_MACD_8_21_5_SHIFT2_V1|MACD_CROSS_UP_SIGNAL|MACD_CROSS_DOWN_SIGNAL|4H|UP', 'MACD|DISPLACED_MACD_8_21_5_SHIFT3_V1|HIST_CROSS_UP_ZERO|HIST_CROSS_DOWN_ZERO|4H|UP', 'MACD|DISPLACED_MACD_8_21_5_SHIFT3_V1|MACD_CROSS_UP_SIGNAL|MACD_CROSS_DOWN_SIGNAL|4H|UP', 'MACD|DISPLACED_MACD_8_21_5_SHIFT5_V1|HIST_CROSS_UP_ZERO|HIST_CROSS_DOWN_ZERO|4H|UP', 'MACD|DISPLACED_MACD_8_21_5_SHIFT5_V1|MACD_CROSS_UP_SIGNAL|MACD_CROSS_DOWN_SIGNAL|4H|UP', 'MACD|MACD_8_21_5_SHIFT0_V1|HIST_CROSS_UP_ZERO|HIST_CROSS_DOWN_ZERO|4H|UP', 'MACD|MACD_8_21_5_SHIFT0_V1|MACD_CROSS_UP_SIGNAL|MACD_CROSS_DOWN_SIGNAL|4H|UP']",8
614,"['MACD|DISPLACED_MACD_8_21_5_SHIFT2_V1|HIST_CROSS_UP_ZERO|HIST_CROSS_DOWN_ZERO|5m|DOWN', 'MACD|DISPLACED_MACD_8_21_5_SHIFT2_V1|MACD_CROSS_UP_SIGNAL|MACD_CROSS_DOWN_SIGNAL|5m|DOWN', 'MACD|DISPLACED_MACD_8_21_5_SHIFT3_V1|HIST_CROSS_UP_ZERO|HIST_CROSS_DOWN_ZERO|5m|DOWN', 'MACD|DISPLACED_MACD_8_21_5_SHIFT3_V1|MACD_CROSS_UP_SIGNAL|MACD_CROSS_DOWN_SIGNAL|5m|DOWN', 'MACD|DISPLACED_MACD_8_21_5_SHIFT5_V1|HIST_CROSS_UP_ZERO|HIST_CROSS_DOWN_ZERO|5m|DOWN', 'MACD|DISPLACED_MACD_8_21_5_SHIFT5_V1|MACD_CROSS_UP_SIGNAL|MACD_CROSS_DOWN_SIGNAL|5m|DOWN', 'MACD|MACD_8_21_5_SHIFT0_V1|HIST_CROSS_UP_ZERO|HIST_CROSS_DOWN_ZERO|5m|DOWN', 'MACD|MACD_8_21_5_SHIFT0_V1|MACD_CROSS_UP_SIGNAL|MACD_CROSS_DOWN_SIGNAL|5m|DOWN']",8
615,"['MACD|DISPLACED_MACD_8_21_5_SHIFT2_V1|HIST_CROSS_UP_ZERO|HIST_CROSS_DOWN_ZERO|5m|UP', 'MACD|DISPLACED_MACD_8_21_5_SHIFT2_V1|MACD_CROSS_UP_SIGNAL|MACD_CROSS_DOWN_SIGNAL|5m|UP', 'MACD|DISPLACED_MACD_8_21_5_SHIFT3_V1|HIST_CROSS_UP_ZERO|HIST_CROSS_DOWN_ZERO|5m|UP', 'MACD|DISPLACED_MACD_8_21_5_SHIFT3_V1|MACD_CROSS_UP_SIGNAL|MACD_CROSS_DOWN_SIGNAL|5m|UP', 'MACD|DISPLACED_MACD_8_21_5_SHIFT5_V1|HIST_CROSS_UP_ZERO|HIST_CROSS_DOWN_ZERO|5m|UP', 'MACD|DISPLACED_MACD_8_21_5_SHIFT5_V1|MACD_CROSS_UP_SIGNAL|MACD_CROSS_DOWN_SIGNAL|5m|UP', 'MACD|MACD_8_21_5_SHIFT0_V1|HIST_CROSS_UP_ZERO|HIST_CROSS_DOWN_ZERO|5m|UP', 'MACD|MACD_8_21_5_SHIFT0_V1|MACD_CROSS_UP_SIGNAL|MACD_CROSS_DOWN_SIGNAL|5m|UP']",8
616,"['MACD|DISPLACED_MACD_8_21_5_SHIFT2_V1|HIST_CROSS_UP_ZERO|HIST_CROSS_DOWN_ZERO|6H|DOWN', 'MACD|DISPLACED_MACD_8_21_5_SHIFT2_V1|MACD_CROSS_UP_SIGNAL|MACD_CROSS_DOWN_SIGNAL|6H|DOWN', 'MACD|DISPLACED_MACD_8_21_5_SHIFT3_V1|HIST_CROSS_UP_ZERO|HIST_CROSS_DOWN_ZERO|6H|DOWN', 'MACD|DISPLACED_MACD_8_21_5_SHIFT3_V1|MACD_CROSS_UP_SIGNAL|MACD_CROSS_DOWN_SIGNAL|6H|DOWN', 'MACD|DISPLACED_MACD_8_21_5_SHIFT5_V1|HIST_CROSS_UP_ZERO|HIST_CROSS_DOWN_ZERO|6H|DOWN', 'MACD|DISPLACED_MACD_8_21_5_SHIFT5_V1|MACD_CROSS_UP_SIGNAL|MACD_CROSS_DOWN_SIGNAL|6H|DOWN', 'MACD|MACD_8_21_5_SHIFT0_V1|HIST_CROSS_UP_ZERO|HIST_CROSS_DOWN_ZERO|6H|DOWN', 'MACD|MACD_8_21_5_SHIFT0_V1|MACD_CROSS_UP_SIGNAL|MACD_CROSS_DOWN_SIGNAL|6H|DOWN']",8
617,"['MACD|DISPLACED_MACD_8_21_5_SHIFT2_V1|HIST_CROSS_UP_ZERO|HIST_CROSS_DOWN_ZERO|6H|UP', 'MACD|DISPLACED_MACD_8_21_5_SHIFT2_V1|MACD_CROSS_UP_SIGNAL|MACD_CROSS_DOWN_SIGNAL|6H|UP', 'MACD|DISPLACED_MACD_8_21_5_SHIFT3_V1|HIST_CROSS_UP_ZERO|HIST_CROSS_DOWN_ZERO|6H|UP', 'MACD|DISPLACED_MACD_8_21_5_SHIFT3_V1|MACD_CROSS_UP_SIGNAL|MACD_CROSS_DOWN_SIGNAL|6H|UP', 'MACD|DISPLACED_MACD_8_21_5_SHIFT5_V1|HIST_CROSS_UP_ZERO|HIST_CROSS_DOWN_ZERO|6H|UP', 'MACD|DISPLACED_MACD_8_21_5_SHIFT5_V1|MACD_CROSS_UP_SIGNAL|MACD_CROSS_DOWN_SIGNAL|6H|UP', 'MACD|MACD_8_21_5_SHIFT0_V1|HIST_CROSS_UP_ZERO|HIST_CROSS_DOWN_ZERO|6H|UP', 'MACD|MACD_8_21_5_SHIFT0_V1|MACD_CROSS_UP_SIGNAL|MACD_CROSS_DOWN_SIGNAL|6H|UP']",8
618,"['MACD|DISPLACED_MACD_8_21_5_SHIFT2_V1|HIST_CROSS_UP_ZERO|HIST_CROSS_DOWN_ZERO|8H|DOWN', 'MACD|DISPLACED_MACD_8_21_5_SHIFT2_V1|MACD_CROSS_UP_SIGNAL|MACD_CROSS_DOWN_SIGNAL|8H|DOWN', 'MACD|DISPLACED_MACD_8_21_5_SHIFT3_V1|HIST_CROSS_UP_ZERO|HIST_CROSS_DOWN_ZERO|8H|DOWN', 'MACD|DISPLACED_MACD_8_21_5_SHIFT3_V1|MACD_CROSS_UP_SIGNAL|MACD_CROSS_DOWN_SIGNAL|8H|DOWN', 'MACD|DISPLACED_MACD_8_21_5_SHIFT5_V1|HIST_CROSS_UP_ZERO|HIST_CROSS_DOWN_ZERO|8H|DOWN', 'MACD|DISPLACED_MACD_8_21_5_SHIFT5_V1|MACD_CROSS_UP_SIGNAL|MACD_CROSS_DOWN_SIGNAL|8H|DOWN', 'MACD|MACD_8_21_5_SHIFT0_V1|HIST_CROSS_UP_ZERO|HIST_CROSS_DOWN_ZERO|8H|DOWN', 'MACD|MACD_8_21_5_SHIFT0_V1|MACD_CROSS_UP_SIGNAL|MACD_CROSS_DOWN_SIGNAL|8H|DOWN']",8
619,"['MACD|DISPLACED_MACD_8_21_5_SHIFT2_V1|HIST_CROSS_UP_ZERO|HIST_CROSS_DOWN_ZERO|8H|UP', 'MACD|DISPLACED_MACD_8_21_5_SHIFT2_V1|MACD_CROSS_UP_SIGNAL|MACD_CROSS_DOWN_SIGNAL|8H|UP', 'MACD|DISPLACED_MACD_8_21_5_SHIFT3_V1|HIST_CROSS_UP_ZERO|HIST_CROSS_DOWN_ZERO|8H|UP', 'MACD|DISPLACED_MACD_8_21_5_SHIFT3_V1|MACD_CROSS_UP_SIGNAL|MACD_CROSS_DOWN_SIGNAL|8H|UP', 'MACD|DISPLACED_MACD_8_21_5_SHIFT5_V1|HIST_CROSS_UP_ZERO|HIST_CROSS_DOWN_ZERO|8H|UP', 'MACD|DISPLACED_MACD_8_21_5_SHIFT5_V1|MACD_CROSS_UP_SIGNAL|MACD_CROSS_DOWN_SIGNAL|8H|UP', 'MACD|MACD_8_21_5_SHIFT0_V1|HIST_CROSS_UP_ZERO|HIST_CROSS_DOWN_ZERO|8H|UP', 'MACD|MACD_8_21_5_SHIFT0_V1|MACD_CROSS_UP_SIGNAL|MACD_CROSS_DOWN_SIGNAL|8H|UP']",8
620,"['OSC_PREDICTOR|OSC_PRED_SWEEP_LOOKBACK_200|CROSSED_OB_BAND_UP|12H|UP', 'OSC_PREDICTOR|PROJECT_DINAPOLI_STYLE_OSCILLATOR_PREDICTOR_REFERENCE|CROSSED_OB_BAND_UP|12H|UP']",2
621,"['OSC_PREDICTOR|OSC_PRED_SWEEP_LOOKBACK_200|CROSSED_OB_BAND_UP|15m|UP', 'OSC_PREDICTOR|PROJECT_DINAPOLI_STYLE_OSCILLATOR_PREDICTOR_REFERENCE|CROSSED_OB_BAND_UP|15m|UP']",2
622,"['OSC_PREDICTOR|OSC_PRED_SWEEP_LOOKBACK_200|CROSSED_OB_BAND_UP|1D|UP', 'OSC_PREDICTOR|PROJECT_DINAPOLI_STYLE_OSCILLATOR_PREDICTOR_REFERENCE|CROSSED_OB_BAND_UP|1D|UP']",2
623,"['OSC_PREDICTOR|OSC_PRED_SWEEP_LOOKBACK_200|CROSSED_OB_BAND_UP|1H|UP', 'OSC_PREDICTOR|PROJECT_DINAPOLI_STYLE_OSCILLATOR_PREDICTOR_REFERENCE|CROSSED_OB_BAND_UP|1H|UP']",2
624,"['OSC_PREDICTOR|OSC_PRED_SWEEP_LOOKBACK_200|CROSSED_OB_BAND_UP|2H|UP', 'OSC_PREDICTOR|PROJECT_DINAPOLI_STYLE_OSCILLATOR_PREDICTOR_REFERENCE|CROSSED_OB_BAND_UP|2H|UP']",2
625,"['OSC_PREDICTOR|OSC_PRED_SWEEP_LOOKBACK_200|CROSSED_OB_BAND_UP|30m|UP', 'OSC_PREDICTOR|PROJECT_DINAPOLI_STYLE_OSCILLATOR_PREDICTOR_REFERENCE|CROSSED_OB_BAND_UP|30m|UP']",2
626,"['OSC_PREDICTOR|OSC_PRED_SWEEP_LOOKBACK_200|CROSSED_OB_BAND_UP|4H|UP', 'OSC_PREDICTOR|PROJECT_DINAPOLI_STYLE_OSCILLATOR_PREDICTOR_REFERENCE|CROSSED_OB_BAND_UP|4H|UP']",2
627,"['OSC_PREDICTOR|OSC_PRED_SWEEP_LOOKBACK_200|CROSSED_OB_BAND_UP|5m|UP', 'OSC_PREDICTOR|PROJECT_DINAPOLI_STYLE_OSCILLATOR_PREDICTOR_REFERENCE|CROSSED_OB_BAND_UP|5m|UP']",2
628,"['OSC_PREDICTOR|OSC_PRED_SWEEP_LOOKBACK_200|CROSSED_OB_BAND_UP|6H|UP', 'OSC_PREDICTOR|PROJECT_DINAPOLI_STYLE_OSCILLATOR_PREDICTOR_REFERENCE|CROSSED_OB_BAND_UP|6H|UP']",2
629,"['OSC_PREDICTOR|OSC_PRED_SWEEP_LOOKBACK_200|CROSSED_OB_BAND_UP|8H|UP', 'OSC_PREDICTOR|PROJECT_DINAPOLI_STYLE_OSCILLATOR_PREDICTOR_REFERENCE|CROSSED_OB_BAND_UP|8H|UP']",2
630,"['OSC_PREDICTOR|OSC_PRED_SWEEP_LOOKBACK_200|CROSSED_OS_BAND_DOWN|12H|DOWN', 'OSC_PREDICTOR|PROJECT_DINAPOLI_STYLE_OSCILLATOR_PREDICTOR_REFERENCE|CROSSED_OS_BAND_DOWN|12H|DOWN']",2
631,"['OSC_PREDICTOR|OSC_PRED_SWEEP_LOOKBACK_200|CROSSED_OS_BAND_DOWN|15m|DOWN', 'OSC_PREDICTOR|PROJECT_DINAPOLI_STYLE_OSCILLATOR_PREDICTOR_REFERENCE|CROSSED_OS_BAND_DOWN|15m|DOWN']",2
632,"['OSC_PREDICTOR|OSC_PRED_SWEEP_LOOKBACK_200|CROSSED_OS_BAND_DOWN|1D|DOWN', 'OSC_PREDICTOR|PROJECT_DINAPOLI_STYLE_OSCILLATOR_PREDICTOR_REFERENCE|CROSSED_OS_BAND_DOWN|1D|DOWN']",2
633,"['OSC_PREDICTOR|OSC_PRED_SWEEP_LOOKBACK_200|CROSSED_OS_BAND_DOWN|1H|DOWN', 'OSC_PREDICTOR|PROJECT_DINAPOLI_STYLE_OSCILLATOR_PREDICTOR_REFERENCE|CROSSED_OS_BAND_DOWN|1H|DOWN']",2
634,"['OSC_PREDICTOR|OSC_PRED_SWEEP_LOOKBACK_200|CROSSED_OS_BAND_DOWN|2H|DOWN', 'OSC_PREDICTOR|PROJECT_DINAPOLI_STYLE_OSCILLATOR_PREDICTOR_REFERENCE|CROSSED_OS_BAND_DOWN|2H|DOWN']",2
635,"['OSC_PREDICTOR|OSC_PRED_SWEEP_LOOKBACK_200|CROSSED_OS_BAND_DOWN|30m|DOWN', 'OSC_PREDICTOR|PROJECT_DINAPOLI_STYLE_OSCILLATOR_PREDICTOR_REFERENCE|CROSSED_OS_BAND_DOWN|30m|DOWN']",2
636,"['OSC_PREDICTOR|OSC_PRED_SWEEP_LOOKBACK_200|CROSSED_OS_BAND_DOWN|4H|DOWN', 'OSC_PREDICTOR|PROJECT_DINAPOLI_STYLE_OSCILLATOR_PREDICTOR_REFERENCE|CROSSED_OS_BAND_DOWN|4H|DOWN']",2
637,"['OSC_PREDICTOR|OSC_PRED_SWEEP_LOOKBACK_200|CROSSED_OS_BAND_DOWN|5m|DOWN', 'OSC_PREDICTOR|PROJECT_DINAPOLI_STYLE_OSCILLATOR_PREDICTOR_REFERENCE|CROSSED_OS_BAND_DOWN|5m|DOWN']",2
638,"['OSC_PREDICTOR|OSC_PRED_SWEEP_LOOKBACK_200|CROSSED_OS_BAND_DOWN|6H|DOWN', 'OSC_PREDICTOR|PROJECT_DINAPOLI_STYLE_OSCILLATOR_PREDICTOR_REFERENCE|CROSSED_OS_BAND_DOWN|6H|DOWN']",2
639,"['OSC_PREDICTOR|OSC_PRED_SWEEP_LOOKBACK_200|CROSSED_OS_BAND_DOWN|8H|DOWN', 'OSC_PREDICTOR|PROJECT_DINAPOLI_STYLE_OSCILLATOR_PREDICTOR_REFERENCE|CROSSED_OS_BAND_DOWN|8H|DOWN']",2
640,"['OSC_PREDICTOR|OSC_PRED_SWEEP_LOOKBACK_200|FORECAST_OB_CROSS|12H|UP', 'OSC_PREDICTOR|PROJECT_DINAPOLI_STYLE_OSCILLATOR_PREDICTOR_REFERENCE|FORECAST_OB_CROSS|12H|UP']",2
641,"['OSC_PREDICTOR|OSC_PRED_SWEEP_LOOKBACK_200|FORECAST_OB_CROSS|15m|UP', 'OSC_PREDICTOR|PROJECT_DINAPOLI_STYLE_OSCILLATOR_PREDICTOR_REFERENCE|FORECAST_OB_CROSS|15m|UP']",2
642,"['OSC_PREDICTOR|OSC_PRED_SWEEP_LOOKBACK_200|FORECAST_OB_CROSS|1D|UP', 'OSC_PREDICTOR|PROJECT_DINAPOLI_STYLE_OSCILLATOR_PREDICTOR_REFERENCE|FORECAST_OB_CROSS|1D|UP']",2
643,"['OSC_PREDICTOR|OSC_PRED_SWEEP_LOOKBACK_200|FORECAST_OB_CROSS|1H|UP', 'OSC_PREDICTOR|PROJECT_DINAPOLI_STYLE_OSCILLATOR_PREDICTOR_REFERENCE|FORECAST_OB_CROSS|1H|UP']",2
644,"['OSC_PREDICTOR|OSC_PRED_SWEEP_LOOKBACK_200|FORECAST_OB_CROSS|2H|UP', 'OSC_PREDICTOR|PROJECT_DINAPOLI_STYLE_OSCILLATOR_PREDICTOR_REFERENCE|FORECAST_OB_CROSS|2H|UP']",2
645,"['OSC_PREDICTOR|OSC_PRED_SWEEP_LOOKBACK_200|FORECAST_OB_CROSS|30m|UP', 'OSC_PREDICTOR|PROJECT_DINAPOLI_STYLE_OSCILLATOR_PREDICTOR_REFERENCE|FORECAST_OB_CROSS|30m|UP']",2
646,"['OSC_PREDICTOR|OSC_PRED_SWEEP_LOOKBACK_200|FORECAST_OB_CROSS|4H|UP', 'OSC_PREDICTOR|PROJECT_DINAPOLI_STYLE_OSCILLATOR_PREDICTOR_REFERENCE|FORECAST_OB_CROSS|4H|UP']",2
647,"['OSC_PREDICTOR|OSC_PRED_SWEEP_LOOKBACK_200|FORECAST_OB_CROSS|5m|UP', 'OSC_PREDICTOR|PROJECT_DINAPOLI_STYLE_OSCILLATOR_PREDICTOR_REFERENCE|FORECAST_OB_CROSS|5m|UP']",2
648,"['OSC_PREDICTOR|OSC_PRED_SWEEP_LOOKBACK_200|FORECAST_OB_CROSS|6H|UP', 'OSC_PREDICTOR|PROJECT_DINAPOLI_STYLE_OSCILLATOR_PREDICTOR_REFERENCE|FORECAST_OB_CROSS|6H|UP']",2
649,"['OSC_PREDICTOR|OSC_PRED_SWEEP_LOOKBACK_200|FORECAST_OB_CROSS|8H|UP', 'OSC_PREDICTOR|PROJECT_DINAPOLI_STYLE_OSCILLATOR_PREDICTOR_REFERENCE|FORECAST_OB_CROSS|8H|UP']",2
650,"['OSC_PREDICTOR|OSC_PRED_SWEEP_LOOKBACK_200|FORECAST_OS_CROSS|12H|DOWN', 'OSC_PREDICTOR|PROJECT_DINAPOLI_STYLE_OSCILLATOR_PREDICTOR_REFERENCE|FORECAST_OS_CROSS|12H|DOWN']",2
651,"['OSC_PREDICTOR|OSC_PRED_SWEEP_LOOKBACK_200|FORECAST_OS_CROSS|15m|DOWN', 'OSC_PREDICTOR|PROJECT_DINAPOLI_STYLE_OSCILLATOR_PREDICTOR_REFERENCE|FORECAST_OS_CROSS|15m|DOWN']",2
652,"['OSC_PREDICTOR|OSC_PRED_SWEEP_LOOKBACK_200|FORECAST_OS_CROSS|1D|DOWN', 'OSC_PREDICTOR|PROJECT_DINAPOLI_STYLE_OSCILLATOR_PREDICTOR_REFERENCE|FORECAST_OS_CROSS|1D|DOWN']",2
653,"['OSC_PREDICTOR|OSC_PRED_SWEEP_LOOKBACK_200|FORECAST_OS_CROSS|1H|DOWN', 'OSC_PREDICTOR|PROJECT_DINAPOLI_STYLE_OSCILLATOR_PREDICTOR_REFERENCE|FORECAST_OS_CROSS|1H|DOWN']",2
654,"['OSC_PREDICTOR|OSC_PRED_SWEEP_LOOKBACK_200|FORECAST_OS_CROSS|2H|DOWN', 'OSC_PREDICTOR|PROJECT_DINAPOLI_STYLE_OSCILLATOR_PREDICTOR_REFERENCE|FORECAST_OS_CROSS|2H|DOWN']",2
655,"['OSC_PREDICTOR|OSC_PRED_SWEEP_LOOKBACK_200|FORECAST_OS_CROSS|30m|DOWN', 'OSC_PREDICTOR|PROJECT_DINAPOLI_STYLE_OSCILLATOR_PREDICTOR_REFERENCE|FORECAST_OS_CROSS|30m|DOWN']",2
656,"['OSC_PREDICTOR|OSC_PRED_SWEEP_LOOKBACK_200|FORECAST_OS_CROSS|4H|DOWN', 'OSC_PREDICTOR|PROJECT_DINAPOLI_STYLE_OSCILLATOR_PREDICTOR_REFERENCE|FORECAST_OS_CROSS|4H|DOWN']",2
657,"['OSC_PREDICTOR|OSC_PRED_SWEEP_LOOKBACK_200|FORECAST_OS_CROSS|5m|DOWN', 'OSC_PREDICTOR|PROJECT_DINAPOLI_STYLE_OSCILLATOR_PREDICTOR_REFERENCE|FORECAST_OS_CROSS|5m|DOWN']",2
658,"['OSC_PREDICTOR|OSC_PRED_SWEEP_LOOKBACK_200|FORECAST_OS_CROSS|6H|DOWN', 'OSC_PREDICTOR|PROJECT_DINAPOLI_STYLE_OSCILLATOR_PREDICTOR_REFERENCE|FORECAST_OS_CROSS|6H|DOWN']",2
659,"['OSC_PREDICTOR|OSC_PRED_SWEEP_LOOKBACK_200|FORECAST_OS_CROSS|8H|DOWN', 'OSC_PREDICTOR|PROJECT_DINAPOLI_STYLE_OSCILLATOR_PREDICTOR_REFERENCE|FORECAST_OS_CROSS|8H|DOWN']",2
660,"['STOCH|DISPLACED_STOCH_K14_KS3_D3_SHIFT2_V1|K_CROSS_UP_D|K_CROSS_DOWN_D|12H|DOWN', 'STOCH|DISPLACED_STOCH_K14_KS3_D3_SHIFT3_V1|K_CROSS_UP_D|K_CROSS_DOWN_D|12H|DOWN', 'STOCH|DISPLACED_STOCH_K14_KS3_D3_SHIFT5_V1|K_CROSS_UP_D|K_CROSS_DOWN_D|12H|DOWN', 'STOCH|STOCH_K14_KS3_D3_SHIFT0_V1|K_CROSS_UP_D|K_CROSS_DOWN_D|12H|DOWN']",4
661,"['STOCH|DISPLACED_STOCH_K14_KS3_D3_SHIFT2_V1|K_CROSS_UP_D|K_CROSS_DOWN_D|12H|UP', 'STOCH|DISPLACED_STOCH_K14_KS3_D3_SHIFT3_V1|K_CROSS_UP_D|K_CROSS_DOWN_D|12H|UP', 'STOCH|DISPLACED_STOCH_K14_KS3_D3_SHIFT5_V1|K_CROSS_UP_D|K_CROSS_DOWN_D|12H|UP', 'STOCH|STOCH_K14_KS3_D3_SHIFT0_V1|K_CROSS_UP_D|K_CROSS_DOWN_D|12H|UP']",4
662,"['STOCH|DISPLACED_STOCH_K14_KS3_D3_SHIFT2_V1|K_CROSS_UP_D|K_CROSS_DOWN_D|15m|DOWN', 'STOCH|DISPLACED_STOCH_K14_KS3_D3_SHIFT3_V1|K_CROSS_UP_D|K_CROSS_DOWN_D|15m|DOWN', 'STOCH|DISPLACED_STOCH_K14_KS3_D3_SHIFT5_V1|K_CROSS_UP_D|K_CROSS_DOWN_D|15m|DOWN', 'STOCH|STOCH_K14_KS3_D3_SHIFT0_V1|K_CROSS_UP_D|K_CROSS_DOWN_D|15m|DOWN']",4
663,"['STOCH|DISPLACED_STOCH_K14_KS3_D3_SHIFT2_V1|K_CROSS_UP_D|K_CROSS_DOWN_D|15m|UP', 'STOCH|DISPLACED_STOCH_K14_KS3_D3_SHIFT3_V1|K_CROSS_UP_D|K_CROSS_DOWN_D|15m|UP', 'STOCH|DISPLACED_STOCH_K14_KS3_D3_SHIFT5_V1|K_CROSS_UP_D|K_CROSS_DOWN_D|15m|UP', 'STOCH|STOCH_K14_KS3_D3_SHIFT0_V1|K_CROSS_UP_D|K_CROSS_DOWN_D|15m|UP']",4
664,"['STOCH|DISPLACED_STOCH_K14_KS3_D3_SHIFT2_V1|K_CROSS_UP_D|K_CROSS_DOWN_D|1D|DOWN', 'STOCH|DISPLACED_STOCH_K14_KS3_D3_SHIFT3_V1|K_CROSS_UP_D|K_CROSS_DOWN_D|1D|DOWN', 'STOCH|DISPLACED_STOCH_K14_KS3_D3_SHIFT5_V1|K_CROSS_UP_D|K_CROSS_DOWN_D|1D|DOWN', 'STOCH|STOCH_K14_KS3_D3_SHIFT0_V1|K_CROSS_UP_D|K_CROSS_DOWN_D|1D|DOWN']",4
665,"['STOCH|DISPLACED_STOCH_K14_KS3_D3_SHIFT2_V1|K_CROSS_UP_D|K_CROSS_DOWN_D|1D|UP', 'STOCH|DISPLACED_STOCH_K14_KS3_D3_SHIFT3_V1|K_CROSS_UP_D|K_CROSS_DOWN_D|1D|UP', 'STOCH|DISPLACED_STOCH_K14_KS3_D3_SHIFT5_V1|K_CROSS_UP_D|K_CROSS_DOWN_D|1D|UP', 'STOCH|STOCH_K14_KS3_D3_SHIFT0_V1|K_CROSS_UP_D|K_CROSS_DOWN_D|1D|UP']",4
666,"['STOCH|DISPLACED_STOCH_K14_KS3_D3_SHIFT2_V1|K_CROSS_UP_D|K_CROSS_DOWN_D|1H|DOWN', 'STOCH|DISPLACED_STOCH_K14_KS3_D3_SHIFT3_V1|K_CROSS_UP_D|K_CROSS_DOWN_D|1H|DOWN', 'STOCH|DISPLACED_STOCH_K14_KS3_D3_SHIFT5_V1|K_CROSS_UP_D|K_CROSS_DOWN_D|1H|DOWN', 'STOCH|STOCH_K14_KS3_D3_SHIFT0_V1|K_CROSS_UP_D|K_CROSS_DOWN_D|1H|DOWN']",4
667,"['STOCH|DISPLACED_STOCH_K14_KS3_D3_SHIFT2_V1|K_CROSS_UP_D|K_CROSS_DOWN_D|1H|UP', 'STOCH|DISPLACED_STOCH_K14_KS3_D3_SHIFT3_V1|K_CROSS_UP_D|K_CROSS_DOWN_D|1H|UP', 'STOCH|DISPLACED_STOCH_K14_KS3_D3_SHIFT5_V1|K_CROSS_UP_D|K_CROSS_DOWN_D|1H|UP', 'STOCH|STOCH_K14_KS3_D3_SHIFT0_V1|K_CROSS_UP_D|K_CROSS_DOWN_D|1H|UP']",4
668,"['STOCH|DISPLACED_STOCH_K14_KS3_D3_SHIFT2_V1|K_CROSS_UP_D|K_CROSS_DOWN_D|2H|DOWN', 'STOCH|DISPLACED_STOCH_K14_KS3_D3_SHIFT3_V1|K_CROSS_UP_D|K_CROSS_DOWN_D|2H|DOWN', 'STOCH|DISPLACED_STOCH_K14_KS3_D3_SHIFT5_V1|K_CROSS_UP_D|K_CROSS_DOWN_D|2H|DOWN', 'STOCH|STOCH_K14_KS3_D3_SHIFT0_V1|K_CROSS_UP_D|K_CROSS_DOWN_D|2H|DOWN']",4
669,"['STOCH|DISPLACED_STOCH_K14_KS3_D3_SHIFT2_V1|K_CROSS_UP_D|K_CROSS_DOWN_D|2H|UP', 'STOCH|DISPLACED_STOCH_K14_KS3_D3_SHIFT3_V1|K_CROSS_UP_D|K_CROSS_DOWN_D|2H|UP', 'STOCH|DISPLACED_STOCH_K14_KS3_D3_SHIFT5_V1|K_CROSS_UP_D|K_CROSS_DOWN_D|2H|UP', 'STOCH|STOCH_K14_KS3_D3_SHIFT0_V1|K_CROSS_UP_D|K_CROSS_DOWN_D|2H|UP']",4
670,"['STOCH|DISPLACED_STOCH_K14_KS3_D3_SHIFT2_V1|K_CROSS_UP_D|K_CROSS_DOWN_D|30m|DOWN', 'STOCH|DISPLACED_STOCH_K14_KS3_D3_SHIFT3_V1|K_CROSS_UP_D|K_CROSS_DOWN_D|30m|DOWN', 'STOCH|DISPLACED_STOCH_K14_KS3_D3_SHIFT5_V1|K_CROSS_UP_D|K_CROSS_DOWN_D|30m|DOWN', 'STOCH|STOCH_K14_KS3_D3_SHIFT0_V1|K_CROSS_UP_D|K_CROSS_DOWN_D|30m|DOWN']",4
671,"['STOCH|DISPLACED_STOCH_K14_KS3_D3_SHIFT2_V1|K_CROSS_UP_D|K_CROSS_DOWN_D|30m|UP', 'STOCH|DISPLACED_STOCH_K14_KS3_D3_SHIFT3_V1|K_CROSS_UP_D|K_CROSS_DOWN_D|30m|UP', 'STOCH|DISPLACED_STOCH_K14_KS3_D3_SHIFT5_V1|K_CROSS_UP_D|K_CROSS_DOWN_D|30m|UP', 'STOCH|STOCH_K14_KS3_D3_SHIFT0_V1|K_CROSS_UP_D|K_CROSS_DOWN_D|30m|UP']",4
672,"['STOCH|DISPLACED_STOCH_K14_KS3_D3_SHIFT2_V1|K_CROSS_UP_D|K_CROSS_DOWN_D|4H|DOWN', 'STOCH|DISPLACED_STOCH_K14_KS3_D3_SHIFT3_V1|K_CROSS_UP_D|K_CROSS_DOWN_D|4H|DOWN', 'STOCH|DISPLACED_STOCH_K14_KS3_D3_SHIFT5_V1|K_CROSS_UP_D|K_CROSS_DOWN_D|4H|DOWN', 'STOCH|STOCH_K14_KS3_D3_SHIFT0_V1|K_CROSS_UP_D|K_CROSS_DOWN_D|4H|DOWN']",4
673,"['STOCH|DISPLACED_STOCH_K14_KS3_D3_SHIFT2_V1|K_CROSS_UP_D|K_CROSS_DOWN_D|4H|UP', 'STOCH|DISPLACED_STOCH_K14_KS3_D3_SHIFT3_V1|K_CROSS_UP_D|K_CROSS_DOWN_D|4H|UP', 'STOCH|DISPLACED_STOCH_K14_KS3_D3_SHIFT5_V1|K_CROSS_UP_D|K_CROSS_DOWN_D|4H|UP', 'STOCH|STOCH_K14_KS3_D3_SHIFT0_V1|K_CROSS_UP_D|K_CROSS_DOWN_D|4H|UP']",4
674,"['STOCH|DISPLACED_STOCH_K14_KS3_D3_SHIFT2_V1|K_CROSS_UP_D|K_CROSS_DOWN_D|5m|DOWN', 'STOCH|DISPLACED_STOCH_K14_KS3_D3_SHIFT3_V1|K_CROSS_UP_D|K_CROSS_DOWN_D|5m|DOWN', 'STOCH|DISPLACED_STOCH_K14_KS3_D3_SHIFT5_V1|K_CROSS_UP_D|K_CROSS_DOWN_D|5m|DOWN', 'STOCH|STOCH_K14_KS3_D3_SHIFT0_V1|K_CROSS_UP_D|K_CROSS_DOWN_D|5m|DOWN']",4
675,"['STOCH|DISPLACED_STOCH_K14_KS3_D3_SHIFT2_V1|K_CROSS_UP_D|K_CROSS_DOWN_D|5m|UP', 'STOCH|DISPLACED_STOCH_K14_KS3_D3_SHIFT3_V1|K_CROSS_UP_D|K_CROSS_DOWN_D|5m|UP', 'STOCH|DISPLACED_STOCH_K14_KS3_D3_SHIFT5_V1|K_CROSS_UP_D|K_CROSS_DOWN_D|5m|UP', 'STOCH|STOCH_K14_KS3_D3_SHIFT0_V1|K_CROSS_UP_D|K_CROSS_DOWN_D|5m|UP']",4
676,"['STOCH|DISPLACED_STOCH_K14_KS3_D3_SHIFT2_V1|K_CROSS_UP_D|K_CROSS_DOWN_D|6H|DOWN', 'STOCH|DISPLACED_STOCH_K14_KS3_D3_SHIFT3_V1|K_CROSS_UP_D|K_CROSS_DOWN_D|6H|DOWN', 'STOCH|DISPLACED_STOCH_K14_KS3_D3_SHIFT5_V1|K_CROSS_UP_D|K_CROSS_DOWN_D|6H|DOWN', 'STOCH|STOCH_K14_KS3_D3_SHIFT0_V1|K_CROSS_UP_D|K_CROSS_DOWN_D|6H|DOWN']",4
677,"['STOCH|DISPLACED_STOCH_K14_KS3_D3_SHIFT2_V1|K_CROSS_UP_D|K_CROSS_DOWN_D|6H|UP', 'STOCH|DISPLACED_STOCH_K14_KS3_D3_SHIFT3_V1|K_CROSS_UP_D|K_CROSS_DOWN_D|6H|UP', 'STOCH|DISPLACED_STOCH_K14_KS3_D3_SHIFT5_V1|K_CROSS_UP_D|K_CROSS_DOWN_D|6H|UP', 'STOCH|STOCH_K14_KS3_D3_SHIFT0_V1|K_CROSS_UP_D|K_CROSS_DOWN_D|6H|UP']",4
678,"['STOCH|DISPLACED_STOCH_K14_KS3_D3_SHIFT2_V1|K_CROSS_UP_D|K_CROSS_DOWN_D|8H|DOWN', 'STOCH|DISPLACED_STOCH_K14_KS3_D3_SHIFT3_V1|K_CROSS_UP_D|K_CROSS_DOWN_D|8H|DOWN', 'STOCH|DISPLACED_STOCH_K14_KS3_D3_SHIFT5_V1|K_CROSS_UP_D|K_CROSS_DOWN_D|8H|DOWN', 'STOCH|STOCH_K14_KS3_D3_SHIFT0_V1|K_CROSS_UP_D|K_CROSS_DOWN_D|8H|DOWN']",4
679,"['STOCH|DISPLACED_STOCH_K14_KS3_D3_SHIFT2_V1|K_CROSS_UP_D|K_CROSS_DOWN_D|8H|UP', 'STOCH|DISPLACED_STOCH_K14_KS3_D3_SHIFT3_V1|K_CROSS_UP_D|K_CROSS_DOWN_D|8H|UP', 'STOCH|DISPLACED_STOCH_K14_KS3_D3_SHIFT5_V1|K_CROSS_UP_D|K_CROSS_DOWN_D|8H|UP', 'STOCH|STOCH_K14_KS3_D3_SHIFT0_V1|K_CROSS_UP_D|K_CROSS_DOWN_D|8H|UP']",4
680,"['STOCH|DISPLACED_STOCH_K21_KS5_D5_SHIFT2_V1|K_CROSS_UP_D|K_CROSS_DOWN_D|12H|DOWN', 'STOCH|DISPLACED_STOCH_K21_KS5_D5_SHIFT3_V1|K_CROSS_UP_D|K_CROSS_DOWN_D|12H|DOWN', 'STOCH|DISPLACED_STOCH_K21_KS5_D5_SHIFT5_V1|K_CROSS_UP_D|K_CROSS_DOWN_D|12H|DOWN', 'STOCH|STOCH_K21_KS5_D5_SHIFT0_V1|K_CROSS_UP_D|K_CROSS_DOWN_D|12H|DOWN']",4
681,"['STOCH|DISPLACED_STOCH_K21_KS5_D5_SHIFT2_V1|K_CROSS_UP_D|K_CROSS_DOWN_D|12H|UP', 'STOCH|DISPLACED_STOCH_K21_KS5_D5_SHIFT3_V1|K_CROSS_UP_D|K_CROSS_DOWN_D|12H|UP', 'STOCH|DISPLACED_STOCH_K21_KS5_D5_SHIFT5_V1|K_CROSS_UP_D|K_CROSS_DOWN_D|12H|UP', 'STOCH|STOCH_K21_KS5_D5_SHIFT0_V1|K_CROSS_UP_D|K_CROSS_DOWN_D|12H|UP']",4
682,"['STOCH|DISPLACED_STOCH_K21_KS5_D5_SHIFT2_V1|K_CROSS_UP_D|K_CROSS_DOWN_D|15m|DOWN', 'STOCH|DISPLACED_STOCH_K21_KS5_D5_SHIFT3_V1|K_CROSS_UP_D|K_CROSS_DOWN_D|15m|DOWN', 'STOCH|DISPLACED_STOCH_K21_KS5_D5_SHIFT5_V1|K_CROSS_UP_D|K_CROSS_DOWN_D|15m|DOWN', 'STOCH|STOCH_K21_KS5_D5_SHIFT0_V1|K_CROSS_UP_D|K_CROSS_DOWN_D|15m|DOWN']",4
683,"['STOCH|DISPLACED_STOCH_K21_KS5_D5_SHIFT2_V1|K_CROSS_UP_D|K_CROSS_DOWN_D|15m|UP', 'STOCH|DISPLACED_STOCH_K21_KS5_D5_SHIFT3_V1|K_CROSS_UP_D|K_CROSS_DOWN_D|15m|UP', 'STOCH|DISPLACED_STOCH_K21_KS5_D5_SHIFT5_V1|K_CROSS_UP_D|K_CROSS_DOWN_D|15m|UP', 'STOCH|STOCH_K21_KS5_D5_SHIFT0_V1|K_CROSS_UP_D|K_CROSS_DOWN_D|15m|UP']",4
684,"['STOCH|DISPLACED_STOCH_K21_KS5_D5_SHIFT2_V1|K_CROSS_UP_D|K_CROSS_DOWN_D|1D|DOWN', 'STOCH|DISPLACED_STOCH_K21_KS5_D5_SHIFT3_V1|K_CROSS_UP_D|K_CROSS_DOWN_D|1D|DOWN', 'STOCH|DISPLACED_STOCH_K21_KS5_D5_SHIFT5_V1|K_CROSS_UP_D|K_CROSS_DOWN_D|1D|DOWN', 'STOCH|STOCH_K21_KS5_D5_SHIFT0_V1|K_CROSS_UP_D|K_CROSS_DOWN_D|1D|DOWN']",4
685,"['STOCH|DISPLACED_STOCH_K21_KS5_D5_SHIFT2_V1|K_CROSS_UP_D|K_CROSS_DOWN_D|1D|UP', 'STOCH|DISPLACED_STOCH_K21_KS5_D5_SHIFT3_V1|K_CROSS_UP_D|K_CROSS_DOWN_D|1D|UP', 'STOCH|DISPLACED_STOCH_K21_KS5_D5_SHIFT5_V1|K_CROSS_UP_D|K_CROSS_DOWN_D|1D|UP', 'STOCH|STOCH_K21_KS5_D5_SHIFT0_V1|K_CROSS_UP_D|K_CROSS_DOWN_D|1D|UP']",4
686,"['STOCH|DISPLACED_STOCH_K21_KS5_D5_SHIFT2_V1|K_CROSS_UP_D|K_CROSS_DOWN_D|1H|DOWN', 'STOCH|DISPLACED_STOCH_K21_KS5_D5_SHIFT3_V1|K_CROSS_UP_D|K_CROSS_DOWN_D|1H|DOWN', 'STOCH|DISPLACED_STOCH_K21_KS5_D5_SHIFT5_V1|K_CROSS_UP_D|K_CROSS_DOWN_D|1H|DOWN', 'STOCH|STOCH_K21_KS5_D5_SHIFT0_V1|K_CROSS_UP_D|K_CROSS_DOWN_D|1H|DOWN']",4
687,"['STOCH|DISPLACED_STOCH_K21_KS5_D5_SHIFT2_V1|K_CROSS_UP_D|K_CROSS_DOWN_D|1H|UP', 'STOCH|DISPLACED_STOCH_K21_KS5_D5_SHIFT3_V1|K_CROSS_UP_D|K_CROSS_DOWN_D|1H|UP', 'STOCH|DISPLACED_STOCH_K21_KS5_D5_SHIFT5_V1|K_CROSS_UP_D|K_CROSS_DOWN_D|1H|UP', 'STOCH|STOCH_K21_KS5_D5_SHIFT0_V1|K_CROSS_UP_D|K_CROSS_DOWN_D|1H|UP']",4
688,"['STOCH|DISPLACED_STOCH_K21_KS5_D5_SHIFT2_V1|K_CROSS_UP_D|K_CROSS_DOWN_D|2H|DOWN', 'STOCH|DISPLACED_STOCH_K21_KS5_D5_SHIFT3_V1|K_CROSS_UP_D|K_CROSS_DOWN_D|2H|DOWN', 'STOCH|DISPLACED_STOCH_K21_KS5_D5_SHIFT5_V1|K_CROSS_UP_D|K_CROSS_DOWN_D|2H|DOWN', 'STOCH|STOCH_K21_KS5_D5_SHIFT0_V1|K_CROSS_UP_D|K_CROSS_DOWN_D|2H|DOWN']",4
689,"['STOCH|DISPLACED_STOCH_K21_KS5_D5_SHIFT2_V1|K_CROSS_UP_D|K_CROSS_DOWN_D|2H|UP', 'STOCH|DISPLACED_STOCH_K21_KS5_D5_SHIFT3_V1|K_CROSS_UP_D|K_CROSS_DOWN_D|2H|UP', 'STOCH|DISPLACED_STOCH_K21_KS5_D5_SHIFT5_V1|K_CROSS_UP_D|K_CROSS_DOWN_D|2H|UP', 'STOCH|STOCH_K21_KS5_D5_SHIFT0_V1|K_CROSS_UP_D|K_CROSS_DOWN_D|2H|UP']",4
690,"['STOCH|DISPLACED_STOCH_K21_KS5_D5_SHIFT2_V1|K_CROSS_UP_D|K_CROSS_DOWN_D|30m|DOWN', 'STOCH|DISPLACED_STOCH_K21_KS5_D5_SHIFT3_V1|K_CROSS_UP_D|K_CROSS_DOWN_D|30m|DOWN', 'STOCH|DISPLACED_STOCH_K21_KS5_D5_SHIFT5_V1|K_CROSS_UP_D|K_CROSS_DOWN_D|30m|DOWN', 'STOCH|STOCH_K21_KS5_D5_SHIFT0_V1|K_CROSS_UP_D|K_CROSS_DOWN_D|30m|DOWN']",4
691,"['STOCH|DISPLACED_STOCH_K21_KS5_D5_SHIFT2_V1|K_CROSS_UP_D|K_CROSS_DOWN_D|30m|UP', 'STOCH|DISPLACED_STOCH_K21_KS5_D5_SHIFT3_V1|K_CROSS_UP_D|K_CROSS_DOWN_D|30m|UP', 'STOCH|DISPLACED_STOCH_K21_KS5_D5_SHIFT5_V1|K_CROSS_UP_D|K_CROSS_DOWN_D|30m|UP', 'STOCH|STOCH_K21_KS5_D5_SHIFT0_V1|K_CROSS_UP_D|K_CROSS_DOWN_D|30m|UP']",4
692,"['STOCH|DISPLACED_STOCH_K21_KS5_D5_SHIFT2_V1|K_CROSS_UP_D|K_CROSS_DOWN_D|4H|DOWN', 'STOCH|DISPLACED_STOCH_K21_KS5_D5_SHIFT3_V1|K_CROSS_UP_D|K_CROSS_DOWN_D|4H|DOWN', 'STOCH|DISPLACED_STOCH_K21_KS5_D5_SHIFT5_V1|K_CROSS_UP_D|K_CROSS_DOWN_D|4H|DOWN', 'STOCH|STOCH_K21_KS5_D5_SHIFT0_V1|K_CROSS_UP_D|K_CROSS_DOWN_D|4H|DOWN']",4
693,"['STOCH|DISPLACED_STOCH_K21_KS5_D5_SHIFT2_V1|K_CROSS_UP_D|K_CROSS_DOWN_D|4H|UP', 'STOCH|DISPLACED_STOCH_K21_KS5_D5_SHIFT3_V1|K_CROSS_UP_D|K_CROSS_DOWN_D|4H|UP', 'STOCH|DISPLACED_STOCH_K21_KS5_D5_SHIFT5_V1|K_CROSS_UP_D|K_CROSS_DOWN_D|4H|UP', 'STOCH|STOCH_K21_KS5_D5_SHIFT0_V1|K_CROSS_UP_D|K_CROSS_DOWN_D|4H|UP']",4
694,"['STOCH|DISPLACED_STOCH_K21_KS5_D5_SHIFT2_V1|K_CROSS_UP_D|K_CROSS_DOWN_D|5m|DOWN', 'STOCH|DISPLACED_STOCH_K21_KS5_D5_SHIFT3_V1|K_CROSS_UP_D|K_CROSS_DOWN_D|5m|DOWN', 'STOCH|DISPLACED_STOCH_K21_KS5_D5_SHIFT5_V1|K_CROSS_UP_D|K_CROSS_DOWN_D|5m|DOWN', 'STOCH|STOCH_K21_KS5_D5_SHIFT0_V1|K_CROSS_UP_D|K_CROSS_DOWN_D|5m|DOWN']",4
695,"['STOCH|DISPLACED_STOCH_K21_KS5_D5_SHIFT2_V1|K_CROSS_UP_D|K_CROSS_DOWN_D|5m|UP', 'STOCH|DISPLACED_STOCH_K21_KS5_D5_SHIFT3_V1|K_CROSS_UP_D|K_CROSS_DOWN_D|5m|UP', 'STOCH|DISPLACED_STOCH_K21_KS5_D5_SHIFT5_V1|K_CROSS_UP_D|K_CROSS_DOWN_D|5m|UP', 'STOCH|STOCH_K21_KS5_D5_SHIFT0_V1|K_CROSS_UP_D|K_CROSS_DOWN_D|5m|UP']",4
696,"['STOCH|DISPLACED_STOCH_K21_KS5_D5_SHIFT2_V1|K_CROSS_UP_D|K_CROSS_DOWN_D|6H|DOWN', 'STOCH|DISPLACED_STOCH_K21_KS5_D5_SHIFT3_V1|K_CROSS_UP_D|K_CROSS_DOWN_D|6H|DOWN', 'STOCH|DISPLACED_STOCH_K21_KS5_D5_SHIFT5_V1|K_CROSS_UP_D|K_CROSS_DOWN_D|6H|DOWN', 'STOCH|STOCH_K21_KS5_D5_SHIFT0_V1|K_CROSS_UP_D|K_CROSS_DOWN_D|6H|DOWN']",4
697,"['STOCH|DISPLACED_STOCH_K21_KS5_D5_SHIFT2_V1|K_CROSS_UP_D|K_CROSS_DOWN_D|6H|UP', 'STOCH|DISPLACED_STOCH_K21_KS5_D5_SHIFT3_V1|K_CROSS_UP_D|K_CROSS_DOWN_D|6H|UP', 'STOCH|DISPLACED_STOCH_K21_KS5_D5_SHIFT5_V1|K_CROSS_UP_D|K_CROSS_DOWN_D|6H|UP', 'STOCH|STOCH_K21_KS5_D5_SHIFT0_V1|K_CROSS_UP_D|K_CROSS_DOWN_D|6H|UP']",4
698,"['STOCH|DISPLACED_STOCH_K21_KS5_D5_SHIFT2_V1|K_CROSS_UP_D|K_CROSS_DOWN_D|8H|DOWN', 'STOCH|DISPLACED_STOCH_K21_KS5_D5_SHIFT3_V1|K_CROSS_UP_D|K_CROSS_DOWN_D|8H|DOWN', 'STOCH|DISPLACED_STOCH_K21_KS5_D5_SHIFT5_V1|K_CROSS_UP_D|K_CROSS_DOWN_D|8H|DOWN', 'STOCH|STOCH_K21_KS5_D5_SHIFT0_V1|K_CROSS_UP_D|K_CROSS_DOWN_D|8H|DOWN']",4
699,"['STOCH|DISPLACED_STOCH_K21_KS5_D5_SHIFT2_V1|K_CROSS_UP_D|K_CROSS_DOWN_D|8H|UP', 'STOCH|DISPLACED_STOCH_K21_KS5_D5_SHIFT3_V1|K_CROSS_UP_D|K_CROSS_DOWN_D|8H|UP', 'STOCH|DISPLACED_STOCH_K21_KS5_D5_SHIFT5_V1|K_CROSS_UP_D|K_CROSS_DOWN_D|8H|UP', 'STOCH|STOCH_K21_KS5_D5_SHIFT0_V1|K_CROSS_UP_D|K_CROSS_DOWN_D|8H|UP']",4
700,"['STOCH|DISPLACED_STOCH_K5_KS3_D3_SHIFT2_V1|K_CROSS_UP_D|K_CROSS_DOWN_D|12H|DOWN', 'STOCH|DISPLACED_STOCH_K5_KS3_D3_SHIFT3_V1|K_CROSS_UP_D|K_CROSS_DOWN_D|12H|DOWN', 'STOCH|DISPLACED_STOCH_K5_KS3_D3_SHIFT5_V1|K_CROSS_UP_D|K_CROSS_DOWN_D|12H|DOWN', 'STOCH|STOCH_K5_KS3_D3_SHIFT0_V1|K_CROSS_UP_D|K_CROSS_DOWN_D|12H|DOWN']",4
701,"['STOCH|DISPLACED_STOCH_K5_KS3_D3_SHIFT2_V1|K_CROSS_UP_D|K_CROSS_DOWN_D|12H|UP', 'STOCH|DISPLACED_STOCH_K5_KS3_D3_SHIFT3_V1|K_CROSS_UP_D|K_CROSS_DOWN_D|12H|UP', 'STOCH|DISPLACED_STOCH_K5_KS3_D3_SHIFT5_V1|K_CROSS_UP_D|K_CROSS_DOWN_D|12H|UP', 'STOCH|STOCH_K5_KS3_D3_SHIFT0_V1|K_CROSS_UP_D|K_CROSS_DOWN_D|12H|UP']",4
702,"['STOCH|DISPLACED_STOCH_K5_KS3_D3_SHIFT2_V1|K_CROSS_UP_D|K_CROSS_DOWN_D|15m|DOWN', 'STOCH|DISPLACED_STOCH_K5_KS3_D3_SHIFT3_V1|K_CROSS_UP_D|K_CROSS_DOWN_D|15m|DOWN', 'STOCH|DISPLACED_STOCH_K5_KS3_D3_SHIFT5_V1|K_CROSS_UP_D|K_CROSS_DOWN_D|15m|DOWN', 'STOCH|STOCH_K5_KS3_D3_SHIFT0_V1|K_CROSS_UP_D|K_CROSS_DOWN_D|15m|DOWN']",4
703,"['STOCH|DISPLACED_STOCH_K5_KS3_D3_SHIFT2_V1|K_CROSS_UP_D|K_CROSS_DOWN_D|15m|UP', 'STOCH|DISPLACED_STOCH_K5_KS3_D3_SHIFT3_V1|K_CROSS_UP_D|K_CROSS_DOWN_D|15m|UP', 'STOCH|DISPLACED_STOCH_K5_KS3_D3_SHIFT5_V1|K_CROSS_UP_D|K_CROSS_DOWN_D|15m|UP', 'STOCH|STOCH_K5_KS3_D3_SHIFT0_V1|K_CROSS_UP_D|K_CROSS_DOWN_D|15m|UP']",4
704,"['STOCH|DISPLACED_STOCH_K5_KS3_D3_SHIFT2_V1|K_CROSS_UP_D|K_CROSS_DOWN_D|1D|DOWN', 'STOCH|DISPLACED_STOCH_K5_KS3_D3_SHIFT3_V1|K_CROSS_UP_D|K_CROSS_DOWN_D|1D|DOWN', 'STOCH|DISPLACED_STOCH_K5_KS3_D3_SHIFT5_V1|K_CROSS_UP_D|K_CROSS_DOWN_D|1D|DOWN', 'STOCH|STOCH_K5_KS3_D3_SHIFT0_V1|K_CROSS_UP_D|K_CROSS_DOWN_D|1D|DOWN']",4
705,"['STOCH|DISPLACED_STOCH_K5_KS3_D3_SHIFT2_V1|K_CROSS_UP_D|K_CROSS_DOWN_D|1D|UP', 'STOCH|DISPLACED_STOCH_K5_KS3_D3_SHIFT3_V1|K_CROSS_UP_D|K_CROSS_DOWN_D|1D|UP', 'STOCH|DISPLACED_STOCH_K5_KS3_D3_SHIFT5_V1|K_CROSS_UP_D|K_CROSS_DOWN_D|1D|UP', 'STOCH|STOCH_K5_KS3_D3_SHIFT0_V1|K_CROSS_UP_D|K_CROSS_DOWN_D|1D|UP']",4
706,"['STOCH|DISPLACED_STOCH_K5_KS3_D3_SHIFT2_V1|K_CROSS_UP_D|K_CROSS_DOWN_D|1H|DOWN', 'STOCH|DISPLACED_STOCH_K5_KS3_D3_SHIFT3_V1|K_CROSS_UP_D|K_CROSS_DOWN_D|1H|DOWN', 'STOCH|DISPLACED_STOCH_K5_KS3_D3_SHIFT5_V1|K_CROSS_UP_D|K_CROSS_DOWN_D|1H|DOWN', 'STOCH|STOCH_K5_KS3_D3_SHIFT0_V1|K_CROSS_UP_D|K_CROSS_DOWN_D|1H|DOWN']",4
707,"['STOCH|DISPLACED_STOCH_K5_KS3_D3_SHIFT2_V1|K_CROSS_UP_D|K_CROSS_DOWN_D|1H|UP', 'STOCH|DISPLACED_STOCH_K5_KS3_D3_SHIFT3_V1|K_CROSS_UP_D|K_CROSS_DOWN_D|1H|UP', 'STOCH|DISPLACED_STOCH_K5_KS3_D3_SHIFT5_V1|K_CROSS_UP_D|K_CROSS_DOWN_D|1H|UP', 'STOCH|STOCH_K5_KS3_D3_SHIFT0_V1|K_CROSS_UP_D|K_CROSS_DOWN_D|1H|UP']",4
708,"['STOCH|DISPLACED_STOCH_K5_KS3_D3_SHIFT2_V1|K_CROSS_UP_D|K_CROSS_DOWN_D|2H|DOWN', 'STOCH|DISPLACED_STOCH_K5_KS3_D3_SHIFT3_V1|K_CROSS_UP_D|K_CROSS_DOWN_D|2H|DOWN', 'STOCH|DISPLACED_STOCH_K5_KS3_D3_SHIFT5_V1|K_CROSS_UP_D|K_CROSS_DOWN_D|2H|DOWN', 'STOCH|STOCH_K5_KS3_D3_SHIFT0_V1|K_CROSS_UP_D|K_CROSS_DOWN_D|2H|DOWN']",4
709,"['STOCH|DISPLACED_STOCH_K5_KS3_D3_SHIFT2_V1|K_CROSS_UP_D|K_CROSS_DOWN_D|2H|UP', 'STOCH|DISPLACED_STOCH_K5_KS3_D3_SHIFT3_V1|K_CROSS_UP_D|K_CROSS_DOWN_D|2H|UP', 'STOCH|DISPLACED_STOCH_K5_KS3_D3_SHIFT5_V1|K_CROSS_UP_D|K_CROSS_DOWN_D|2H|UP', 'STOCH|STOCH_K5_KS3_D3_SHIFT0_V1|K_CROSS_UP_D|K_CROSS_DOWN_D|2H|UP']",4
710,"['STOCH|DISPLACED_STOCH_K5_KS3_D3_SHIFT2_V1|K_CROSS_UP_D|K_CROSS_DOWN_D|30m|DOWN', 'STOCH|DISPLACED_STOCH_K5_KS3_D3_SHIFT3_V1|K_CROSS_UP_D|K_CROSS_DOWN_D|30m|DOWN', 'STOCH|DISPLACED_STOCH_K5_KS3_D3_SHIFT5_V1|K_CROSS_UP_D|K_CROSS_DOWN_D|30m|DOWN', 'STOCH|STOCH_K5_KS3_D3_SHIFT0_V1|K_CROSS_UP_D|K_CROSS_DOWN_D|30m|DOWN']",4
711,"['STOCH|DISPLACED_STOCH_K5_KS3_D3_SHIFT2_V1|K_CROSS_UP_D|K_CROSS_DOWN_D|30m|UP', 'STOCH|DISPLACED_STOCH_K5_KS3_D3_SHIFT3_V1|K_CROSS_UP_D|K_CROSS_DOWN_D|30m|UP', 'STOCH|DISPLACED_STOCH_K5_KS3_D3_SHIFT5_V1|K_CROSS_UP_D|K_CROSS_DOWN_D|30m|UP', 'STOCH|STOCH_K5_KS3_D3_SHIFT0_V1|K_CROSS_UP_D|K_CROSS_DOWN_D|30m|UP']",4
712,"['STOCH|DISPLACED_STOCH_K5_KS3_D3_SHIFT2_V1|K_CROSS_UP_D|K_CROSS_DOWN_D|4H|DOWN', 'STOCH|DISPLACED_STOCH_K5_KS3_D3_SHIFT3_V1|K_CROSS_UP_D|K_CROSS_DOWN_D|4H|DOWN', 'STOCH|DISPLACED_STOCH_K5_KS3_D3_SHIFT5_V1|K_CROSS_UP_D|K_CROSS_DOWN_D|4H|DOWN', 'STOCH|STOCH_K5_KS3_D3_SHIFT0_V1|K_CROSS_UP_D|K_CROSS_DOWN_D|4H|DOWN']",4
713,"['STOCH|DISPLACED_STOCH_K5_KS3_D3_SHIFT2_V1|K_CROSS_UP_D|K_CROSS_DOWN_D|4H|UP', 'STOCH|DISPLACED_STOCH_K5_KS3_D3_SHIFT3_V1|K_CROSS_UP_D|K_CROSS_DOWN_D|4H|UP', 'STOCH|DISPLACED_STOCH_K5_KS3_D3_SHIFT5_V1|K_CROSS_UP_D|K_CROSS_DOWN_D|4H|UP', 'STOCH|STOCH_K5_KS3_D3_SHIFT0_V1|K_CROSS_UP_D|K_CROSS_DOWN_D|4H|UP']",4
714,"['STOCH|DISPLACED_STOCH_K5_KS3_D3_SHIFT2_V1|K_CROSS_UP_D|K_CROSS_DOWN_D|5m|DOWN', 'STOCH|DISPLACED_STOCH_K5_KS3_D3_SHIFT3_V1|K_CROSS_UP_D|K_CROSS_DOWN_D|5m|DOWN', 'STOCH|DISPLACED_STOCH_K5_KS3_D3_SHIFT5_V1|K_CROSS_UP_D|K_CROSS_DOWN_D|5m|DOWN', 'STOCH|STOCH_K5_KS3_D3_SHIFT0_V1|K_CROSS_UP_D|K_CROSS_DOWN_D|5m|DOWN']",4
715,"['STOCH|DISPLACED_STOCH_K5_KS3_D3_SHIFT2_V1|K_CROSS_UP_D|K_CROSS_DOWN_D|5m|UP', 'STOCH|DISPLACED_STOCH_K5_KS3_D3_SHIFT3_V1|K_CROSS_UP_D|K_CROSS_DOWN_D|5m|UP', 'STOCH|DISPLACED_STOCH_K5_KS3_D3_SHIFT5_V1|K_CROSS_UP_D|K_CROSS_DOWN_D|5m|UP', 'STOCH|STOCH_K5_KS3_D3_SHIFT0_V1|K_CROSS_UP_D|K_CROSS_DOWN_D|5m|UP']",4
716,"['STOCH|DISPLACED_STOCH_K5_KS3_D3_SHIFT2_V1|K_CROSS_UP_D|K_CROSS_DOWN_D|6H|DOWN', 'STOCH|DISPLACED_STOCH_K5_KS3_D3_SHIFT3_V1|K_CROSS_UP_D|K_CROSS_DOWN_D|6H|DOWN', 'STOCH|DISPLACED_STOCH_K5_KS3_D3_SHIFT5_V1|K_CROSS_UP_D|K_CROSS_DOWN_D|6H|DOWN', 'STOCH|STOCH_K5_KS3_D3_SHIFT0_V1|K_CROSS_UP_D|K_CROSS_DOWN_D|6H|DOWN']",4
717,"['STOCH|DISPLACED_STOCH_K5_KS3_D3_SHIFT2_V1|K_CROSS_UP_D|K_CROSS_DOWN_D|6H|UP', 'STOCH|DISPLACED_STOCH_K5_KS3_D3_SHIFT3_V1|K_CROSS_UP_D|K_CROSS_DOWN_D|6H|UP', 'STOCH|DISPLACED_STOCH_K5_KS3_D3_SHIFT5_V1|K_CROSS_UP_D|K_CROSS_DOWN_D|6H|UP', 'STOCH|STOCH_K5_KS3_D3_SHIFT0_V1|K_CROSS_UP_D|K_CROSS_DOWN_D|6H|UP']",4
718,"['STOCH|DISPLACED_STOCH_K5_KS3_D3_SHIFT2_V1|K_CROSS_UP_D|K_CROSS_DOWN_D|8H|DOWN', 'STOCH|DISPLACED_STOCH_K5_KS3_D3_SHIFT3_V1|K_CROSS_UP_D|K_CROSS_DOWN_D|8H|DOWN', 'STOCH|DISPLACED_STOCH_K5_KS3_D3_SHIFT5_V1|K_CROSS_UP_D|K_CROSS_DOWN_D|8H|DOWN', 'STOCH|STOCH_K5_KS3_D3_SHIFT0_V1|K_CROSS_UP_D|K_CROSS_DOWN_D|8H|DOWN']",4
719,"['STOCH|DISPLACED_STOCH_K5_KS3_D3_SHIFT2_V1|K_CROSS_UP_D|K_CROSS_DOWN_D|8H|UP', 'STOCH|DISPLACED_STOCH_K5_KS3_D3_SHIFT3_V1|K_CROSS_UP_D|K_CROSS_DOWN_D|8H|UP', 'STOCH|DISPLACED_STOCH_K5_KS3_D3_SHIFT5_V1|K_CROSS_UP_D|K_CROSS_DOWN_D|8H|UP', 'STOCH|STOCH_K5_KS3_D3_SHIFT0_V1|K_CROSS_UP_D|K_CROSS_DOWN_D|8H|UP']",4
720,"['STOCH|DISPLACED_STOCH_K9_KS3_D3_SHIFT2_V1|K_CROSS_UP_D|K_CROSS_DOWN_D|12H|DOWN', 'STOCH|DISPLACED_STOCH_K9_KS3_D3_SHIFT3_V1|K_CROSS_UP_D|K_CROSS_DOWN_D|12H|DOWN', 'STOCH|DISPLACED_STOCH_K9_KS3_D3_SHIFT5_V1|K_CROSS_UP_D|K_CROSS_DOWN_D|12H|DOWN', 'STOCH|STOCH_K9_KS3_D3_SHIFT0_V1|K_CROSS_UP_D|K_CROSS_DOWN_D|12H|DOWN']",4
721,"['STOCH|DISPLACED_STOCH_K9_KS3_D3_SHIFT2_V1|K_CROSS_UP_D|K_CROSS_DOWN_D|12H|UP', 'STOCH|DISPLACED_STOCH_K9_KS3_D3_SHIFT3_V1|K_CROSS_UP_D|K_CROSS_DOWN_D|12H|UP', 'STOCH|DISPLACED_STOCH_K9_KS3_D3_SHIFT5_V1|K_CROSS_UP_D|K_CROSS_DOWN_D|12H|UP', 'STOCH|STOCH_K9_KS3_D3_SHIFT0_V1|K_CROSS_UP_D|K_CROSS_DOWN_D|12H|UP']",4
722,"['STOCH|DISPLACED_STOCH_K9_KS3_D3_SHIFT2_V1|K_CROSS_UP_D|K_CROSS_DOWN_D|15m|DOWN', 'STOCH|DISPLACED_STOCH_K9_KS3_D3_SHIFT3_V1|K_CROSS_UP_D|K_CROSS_DOWN_D|15m|DOWN', 'STOCH|DISPLACED_STOCH_K9_KS3_D3_SHIFT5_V1|K_CROSS_UP_D|K_CROSS_DOWN_D|15m|DOWN', 'STOCH|STOCH_K9_KS3_D3_SHIFT0_V1|K_CROSS_UP_D|K_CROSS_DOWN_D|15m|DOWN']",4
723,"['STOCH|DISPLACED_STOCH_K9_KS3_D3_SHIFT2_V1|K_CROSS_UP_D|K_CROSS_DOWN_D|15m|UP', 'STOCH|DISPLACED_STOCH_K9_KS3_D3_SHIFT3_V1|K_CROSS_UP_D|K_CROSS_DOWN_D|15m|UP', 'STOCH|DISPLACED_STOCH_K9_KS3_D3_SHIFT5_V1|K_CROSS_UP_D|K_CROSS_DOWN_D|15m|UP', 'STOCH|STOCH_K9_KS3_D3_SHIFT0_V1|K_CROSS_UP_D|K_CROSS_DOWN_D|15m|UP']",4
724,"['STOCH|DISPLACED_STOCH_K9_KS3_D3_SHIFT2_V1|K_CROSS_UP_D|K_CROSS_DOWN_D|1D|DOWN', 'STOCH|DISPLACED_STOCH_K9_KS3_D3_SHIFT3_V1|K_CROSS_UP_D|K_CROSS_DOWN_D|1D|DOWN', 'STOCH|DISPLACED_STOCH_K9_KS3_D3_SHIFT5_V1|K_CROSS_UP_D|K_CROSS_DOWN_D|1D|DOWN', 'STOCH|STOCH_K9_KS3_D3_SHIFT0_V1|K_CROSS_UP_D|K_CROSS_DOWN_D|1D|DOWN']",4
725,"['STOCH|DISPLACED_STOCH_K9_KS3_D3_SHIFT2_V1|K_CROSS_UP_D|K_CROSS_DOWN_D|1D|UP', 'STOCH|DISPLACED_STOCH_K9_KS3_D3_SHIFT3_V1|K_CROSS_UP_D|K_CROSS_DOWN_D|1D|UP', 'STOCH|DISPLACED_STOCH_K9_KS3_D3_SHIFT5_V1|K_CROSS_UP_D|K_CROSS_DOWN_D|1D|UP', 'STOCH|STOCH_K9_KS3_D3_SHIFT0_V1|K_CROSS_UP_D|K_CROSS_DOWN_D|1D|UP']",4
726,"['STOCH|DISPLACED_STOCH_K9_KS3_D3_SHIFT2_V1|K_CROSS_UP_D|K_CROSS_DOWN_D|1H|DOWN', 'STOCH|DISPLACED_STOCH_K9_KS3_D3_SHIFT3_V1|K_CROSS_UP_D|K_CROSS_DOWN_D|1H|DOWN', 'STOCH|DISPLACED_STOCH_K9_KS3_D3_SHIFT5_V1|K_CROSS_UP_D|K_CROSS_DOWN_D|1H|DOWN', 'STOCH|STOCH_K9_KS3_D3_SHIFT0_V1|K_CROSS_UP_D|K_CROSS_DOWN_D|1H|DOWN']",4
727,"['STOCH|DISPLACED_STOCH_K9_KS3_D3_SHIFT2_V1|K_CROSS_UP_D|K_CROSS_DOWN_D|1H|UP', 'STOCH|DISPLACED_STOCH_K9_KS3_D3_SHIFT3_V1|K_CROSS_UP_D|K_CROSS_DOWN_D|1H|UP', 'STOCH|DISPLACED_STOCH_K9_KS3_D3_SHIFT5_V1|K_CROSS_UP_D|K_CROSS_DOWN_D|1H|UP', 'STOCH|STOCH_K9_KS3_D3_SHIFT0_V1|K_CROSS_UP_D|K_CROSS_DOWN_D|1H|UP']",4
728,"['STOCH|DISPLACED_STOCH_K9_KS3_D3_SHIFT2_V1|K_CROSS_UP_D|K_CROSS_DOWN_D|2H|DOWN', 'STOCH|DISPLACED_STOCH_K9_KS3_D3_SHIFT3_V1|K_CROSS_UP_D|K_CROSS_DOWN_D|2H|DOWN', 'STOCH|DISPLACED_STOCH_K9_KS3_D3_SHIFT5_V1|K_CROSS_UP_D|K_CROSS_DOWN_D|2H|DOWN', 'STOCH|STOCH_K9_KS3_D3_SHIFT0_V1|K_CROSS_UP_D|K_CROSS_DOWN_D|2H|DOWN']",4
729,"['STOCH|DISPLACED_STOCH_K9_KS3_D3_SHIFT2_V1|K_CROSS_UP_D|K_CROSS_DOWN_D|2H|UP', 'STOCH|DISPLACED_STOCH_K9_KS3_D3_SHIFT3_V1|K_CROSS_UP_D|K_CROSS_DOWN_D|2H|UP', 'STOCH|DISPLACED_STOCH_K9_KS3_D3_SHIFT5_V1|K_CROSS_UP_D|K_CROSS_DOWN_D|2H|UP', 'STOCH|STOCH_K9_KS3_D3_SHIFT0_V1|K_CROSS_UP_D|K_CROSS_DOWN_D|2H|UP']",4
730,"['STOCH|DISPLACED_STOCH_K9_KS3_D3_SHIFT2_V1|K_CROSS_UP_D|K_CROSS_DOWN_D|30m|DOWN', 'STOCH|DISPLACED_STOCH_K9_KS3_D3_SHIFT3_V1|K_CROSS_UP_D|K_CROSS_DOWN_D|30m|DOWN', 'STOCH|DISPLACED_STOCH_K9_KS3_D3_SHIFT5_V1|K_CROSS_UP_D|K_CROSS_DOWN_D|30m|DOWN', 'STOCH|STOCH_K9_KS3_D3_SHIFT0_V1|K_CROSS_UP_D|K_CROSS_DOWN_D|30m|DOWN']",4
731,"['STOCH|DISPLACED_STOCH_K9_KS3_D3_SHIFT2_V1|K_CROSS_UP_D|K_CROSS_DOWN_D|30m|UP', 'STOCH|DISPLACED_STOCH_K9_KS3_D3_SHIFT3_V1|K_CROSS_UP_D|K_CROSS_DOWN_D|30m|UP', 'STOCH|DISPLACED_STOCH_K9_KS3_D3_SHIFT5_V1|K_CROSS_UP_D|K_CROSS_DOWN_D|30m|UP', 'STOCH|STOCH_K9_KS3_D3_SHIFT0_V1|K_CROSS_UP_D|K_CROSS_DOWN_D|30m|UP']",4
732,"['STOCH|DISPLACED_STOCH_K9_KS3_D3_SHIFT2_V1|K_CROSS_UP_D|K_CROSS_DOWN_D|4H|DOWN', 'STOCH|DISPLACED_STOCH_K9_KS3_D3_SHIFT3_V1|K_CROSS_UP_D|K_CROSS_DOWN_D|4H|DOWN', 'STOCH|DISPLACED_STOCH_K9_KS3_D3_SHIFT5_V1|K_CROSS_UP_D|K_CROSS_DOWN_D|4H|DOWN', 'STOCH|STOCH_K9_KS3_D3_SHIFT0_V1|K_CROSS_UP_D|K_CROSS_DOWN_D|4H|DOWN']",4
733,"['STOCH|DISPLACED_STOCH_K9_KS3_D3_SHIFT2_V1|K_CROSS_UP_D|K_CROSS_DOWN_D|4H|UP', 'STOCH|DISPLACED_STOCH_K9_KS3_D3_SHIFT3_V1|K_CROSS_UP_D|K_CROSS_DOWN_D|4H|UP', 'STOCH|DISPLACED_STOCH_K9_KS3_D3_SHIFT5_V1|K_CROSS_UP_D|K_CROSS_DOWN_D|4H|UP', 'STOCH|STOCH_K9_KS3_D3_SHIFT0_V1|K_CROSS_UP_D|K_CROSS_DOWN_D|4H|UP']",4
734,"['STOCH|DISPLACED_STOCH_K9_KS3_D3_SHIFT2_V1|K_CROSS_UP_D|K_CROSS_DOWN_D|5m|DOWN', 'STOCH|DISPLACED_STOCH_K9_KS3_D3_SHIFT3_V1|K_CROSS_UP_D|K_CROSS_DOWN_D|5m|DOWN', 'STOCH|DISPLACED_STOCH_K9_KS3_D3_SHIFT5_V1|K_CROSS_UP_D|K_CROSS_DOWN_D|5m|DOWN', 'STOCH|STOCH_K9_KS3_D3_SHIFT0_V1|K_CROSS_UP_D|K_CROSS_DOWN_D|5m|DOWN']",4
735,"['STOCH|DISPLACED_STOCH_K9_KS3_D3_SHIFT2_V1|K_CROSS_UP_D|K_CROSS_DOWN_D|5m|UP', 'STOCH|DISPLACED_STOCH_K9_KS3_D3_SHIFT3_V1|K_CROSS_UP_D|K_CROSS_DOWN_D|5m|UP', 'STOCH|DISPLACED_STOCH_K9_KS3_D3_SHIFT5_V1|K_CROSS_UP_D|K_CROSS_DOWN_D|5m|UP', 'STOCH|STOCH_K9_KS3_D3_SHIFT0_V1|K_CROSS_UP_D|K_CROSS_DOWN_D|5m|UP']",4
736,"['STOCH|DISPLACED_STOCH_K9_KS3_D3_SHIFT2_V1|K_CROSS_UP_D|K_CROSS_DOWN_D|6H|DOWN', 'STOCH|DISPLACED_STOCH_K9_KS3_D3_SHIFT3_V1|K_CROSS_UP_D|K_CROSS_DOWN_D|6H|DOWN', 'STOCH|DISPLACED_STOCH_K9_KS3_D3_SHIFT5_V1|K_CROSS_UP_D|K_CROSS_DOWN_D|6H|DOWN', 'STOCH|STOCH_K9_KS3_D3_SHIFT0_V1|K_CROSS_UP_D|K_CROSS_DOWN_D|6H|DOWN']",4
737,"['STOCH|DISPLACED_STOCH_K9_KS3_D3_SHIFT2_V1|K_CROSS_UP_D|K_CROSS_DOWN_D|6H|UP', 'STOCH|DISPLACED_STOCH_K9_KS3_D3_SHIFT3_V1|K_CROSS_UP_D|K_CROSS_DOWN_D|6H|UP', 'STOCH|DISPLACED_STOCH_K9_KS3_D3_SHIFT5_V1|K_CROSS_UP_D|K_CROSS_DOWN_D|6H|UP', 'STOCH|STOCH_K9_KS3_D3_SHIFT0_V1|K_CROSS_UP_D|K_CROSS_DOWN_D|6H|UP']",4
738,"['STOCH|DISPLACED_STOCH_K9_KS3_D3_SHIFT2_V1|K_CROSS_UP_D|K_CROSS_DOWN_D|8H|DOWN', 'STOCH|DISPLACED_STOCH_K9_KS3_D3_SHIFT3_V1|K_CROSS_UP_D|K_CROSS_DOWN_D|8H|DOWN', 'STOCH|DISPLACED_STOCH_K9_KS3_D3_SHIFT5_V1|K_CROSS_UP_D|K_CROSS_DOWN_D|8H|DOWN', 'STOCH|STOCH_K9_KS3_D3_SHIFT0_V1|K_CROSS_UP_D|K_CROSS_DOWN_D|8H|DOWN']",4
739,"['STOCH|DISPLACED_STOCH_K9_KS3_D3_SHIFT2_V1|K_CROSS_UP_D|K_CROSS_DOWN_D|8H|UP', 'STOCH|DISPLACED_STOCH_K9_KS3_D3_SHIFT3_V1|K_CROSS_UP_D|K_CROSS_DOWN_D|8H|UP', 'STOCH|DISPLACED_STOCH_K9_KS3_D3_SHIFT5_V1|K_CROSS_UP_D|K_CROSS_DOWN_D|8H|UP', 'STOCH|STOCH_K9_KS3_D3_SHIFT0_V1|K_CROSS_UP_D|K_CROSS_DOWN_D|8H|UP']",4
