candidate_id,family,role,decision_tf,partition,source_wave_tf,pivot_type,n_events,TOTAL_SIGNALS,MATCHED_POST_C_SIGNALS,PRE_C_WARNING_SIGNALS,UNMATCHED_SIGNALS,FALSE_POSITIVE_RATE,PRECISION,EVENT_RECALL,SIGNALS_PER_YEAR,FALSE_SIGNALS_PER_YEAR,MEDIAN_DELAY_SECONDS,P75_DELAY_SECONDS,P90_DELAY_SECONDS,MEDIAN_PRICE_DISTANCE_FROM_C_PCT,MEDIAN_PRICE_DISTANCE_FROM_C_ATR,MEDIAN_REMAINING_WAVE_FRACTION,MEDIAN_MAE_AFTER_SIGNAL,P90_MAE_AFTER_SIGNAL,MEDIAN_MFE_AFTER_SIGNAL,MFE_MAE_RATIO,PRE_C_SIGNAL_RATE,MEDIAN_PRE_C_LEAD,MEDIAN_ADVERSE_EXTENSION_AFTER_PRE_C,SCANNED_TIME_FROM,SCANNED_TIME_TO,VALID_DECISION_BARS,YEARS_COVERED,sample_flag,direction,event_primitive,parameter_set_id,is_reference,PRECISION_DELTA,FPR_DELTA,PREMATURE_DELTA,discovery_fold_stability,RECALL_DELTA,MEDIAN_DELAY_SECONDS_DELTA
DMA|DMA_SMA_P25_SHIFT5_V1|MA_SLOPE_TURN_UP|MA_SLOPE_TURN_DOWN|5m|DOWN,DMA,DIRECTIONAL,5m,DISCOVERY,5m,HIGH,0,16285,0,0,16285,1.0,0.0,,5288.1106611019195,5288.1106611019195,,,,,,,,,,,0.0,,,,,323329,3.079549775648338,NORMAL,DOWN,MA_SLOPE_TURN_DOWN,DMA_SMA_P25_SHIFT5_V1,True,0.0,0.0,0.0,UNSTABLE_DISCOVERY,,
DMA|DMA_SMA_P25_SHIFT5_V1|MA_SLOPE_TURN_UP|MA_SLOPE_TURN_DOWN|5m|UP,DMA,DIRECTIONAL,5m,DISCOVERY,5m,LOW,0,16282,0,0,16282,1.0,0.0,,5286.15740546413,5286.15740546413,,,,,,,,,,,0.0,,,,,323329,3.080120161228991,NORMAL,UP,MA_SLOPE_TURN_UP,DMA_SMA_P25_SHIFT5_V1,True,0.0,0.0,0.0,UNSTABLE_DISCOVERY,,
DMA|DMA_SMA_P25_SHIFT5_V1|PRICE_CROSS_UP_MA|PRICE_CROSS_DOWN_MA|5m|DOWN,DMA,DIRECTIONAL,5m,DISCOVERY,5m,HIGH,0,18795,0,0,18795,1.0,0.0,,6101.752181199251,6101.752181199251,,,,,,,,,,,0.0,,,,,323329,3.080262757624154,NORMAL,DOWN,PRICE_CROSS_DOWN_MA,DMA_SMA_P25_SHIFT5_V1,True,0.0,0.0,0.0,UNSTABLE_DISCOVERY,,
DMA|DMA_SMA_P25_SHIFT5_V1|PRICE_CROSS_UP_MA|PRICE_CROSS_DOWN_MA|5m|UP,DMA,DIRECTIONAL,5m,DISCOVERY,5m,LOW,0,18793,0,0,18793,1.0,0.0,,6100.83928488765,6100.83928488765,,,,,,,,,,,0.0,,,,,323329,3.080395847592973,NORMAL,UP,PRICE_CROSS_UP_MA,DMA_SMA_P25_SHIFT5_V1,True,0.0,0.0,0.0,UNSTABLE_DISCOVERY,,
DMA|DMA_SMA_P3_SHIFT3_V1|MA_SLOPE_TURN_UP|MA_SLOPE_TURN_DOWN|5m|DOWN,DMA,DIRECTIONAL,5m,DISCOVERY,5m,HIGH,0,44424,0,0,44424,1.0,0.0,,14420.855576951564,14420.855576951564,,,,,,,,,,,0.0,,,,,323329,3.080538443988136,NORMAL,DOWN,MA_SLOPE_TURN_DOWN,DMA_SMA_P3_SHIFT3_V1,True,0.0,0.0,0.0,UNSTABLE_DISCOVERY,,
DMA|DMA_SMA_P3_SHIFT3_V1|MA_SLOPE_TURN_UP|MA_SLOPE_TURN_DOWN|5m|UP,DMA,DIRECTIONAL,5m,DISCOVERY,5m,LOW,0,44453,0,0,44453,1.0,0.0,,14430.180453633699,14430.180453633699,,,,,,,,,,,0.0,,,,,323329,3.0805574568408245,NORMAL,UP,MA_SLOPE_TURN_UP,DMA_SMA_P3_SHIFT3_V1,True,0.0,0.0,0.0,UNSTABLE_DISCOVERY,,
DMA|DMA_SMA_P3_SHIFT3_V1|PRICE_CROSS_UP_MA|PRICE_CROSS_DOWN_MA|5m|DOWN,DMA,DIRECTIONAL,5m,DISCOVERY,5m,HIGH,0,61677,0,0,61677,1.0,0.0,,20021.438066465256,20021.438066465256,,,,,,,,,,,0.0,,,,,323329,3.08054795041448,NORMAL,DOWN,PRICE_CROSS_DOWN_MA,DMA_SMA_P3_SHIFT3_V1,True,0.0,0.0,0.0,UNSTABLE_DISCOVERY,,
DMA|DMA_SMA_P3_SHIFT3_V1|PRICE_CROSS_UP_MA|PRICE_CROSS_DOWN_MA|5m|UP,DMA,DIRECTIONAL,5m,DISCOVERY,5m,LOW,0,61710,0,0,61710,1.0,0.0,,20032.02681059463,20032.02681059463,,,,,,,,,,,0.0,,,,,323329,3.0805669632671684,NORMAL,UP,PRICE_CROSS_UP_MA,DMA_SMA_P3_SHIFT3_V1,True,0.0,0.0,0.0,UNSTABLE_DISCOVERY,,
DMA|DMA_SMA_P7_SHIFT5_V1|MA_SLOPE_TURN_UP|MA_SLOPE_TURN_DOWN|5m|DOWN,DMA,DIRECTIONAL,5m,DISCOVERY,5m,HIGH,0,29634,0,0,29634,1.0,0.0,,9620.63752013777,9620.63752013777,,,,,,,,,,,0.0,,,,,323329,3.0802532511978096,NORMAL,DOWN,MA_SLOPE_TURN_DOWN,DMA_SMA_P7_SHIFT5_V1,True,0.0,0.0,0.0,UNSTABLE_DISCOVERY,,
DMA|DMA_SMA_P7_SHIFT5_V1|MA_SLOPE_TURN_UP|MA_SLOPE_TURN_DOWN|5m|UP,DMA,DIRECTIONAL,5m,DISCOVERY,5m,LOW,0,29656,0,0,29656,1.0,0.0,,9627.393527162525,9627.393527162525,,,,,,,,,,,0.0,,,,,323329,3.0803768347402842,NORMAL,UP,MA_SLOPE_TURN_UP,DMA_SMA_P7_SHIFT5_V1,True,0.0,0.0,0.0,UNSTABLE_DISCOVERY,,
DMA|DMA_SMA_P7_SHIFT5_V1|PRICE_CROSS_UP_MA|PRICE_CROSS_DOWN_MA|5m|DOWN,DMA,DIRECTIONAL,5m,DISCOVERY,5m,HIGH,0,36848,0,0,36848,1.0,0.0,,11961.840562893469,11961.840562893469,,,,,,,,,,,0.0,,,,,323329,3.0804623925773824,NORMAL,DOWN,PRICE_CROSS_DOWN_MA,DMA_SMA_P7_SHIFT5_V1,True,0.0,0.0,0.0,UNSTABLE_DISCOVERY,,
DMA|DMA_SMA_P7_SHIFT5_V1|PRICE_CROSS_UP_MA|PRICE_CROSS_DOWN_MA|5m|UP,DMA,DIRECTIONAL,5m,DISCOVERY,5m,LOW,0,36845,0,0,36845,1.0,0.0,,11961.161984001581,11961.161984001581,,,,,,,,,,,0.0,,,,,323329,3.0803863411666286,NORMAL,UP,PRICE_CROSS_UP_MA,DMA_SMA_P7_SHIFT5_V1,True,0.0,0.0,0.0,UNSTABLE_DISCOVERY,,
DNO_QUANTILE|CAUSAL_DNO_QUANTILE_80_20_CONTROL_V1|CROSSED_OB_BAND_UP|5m|UP,DNO_QUANTILE,DIRECTIONAL,5m,DISCOVERY,5m,LOW,0,21756,0,0,21756,1.0,0.0,,7062.946617986994,7062.946617986994,,,,,,,,,,,0.0,,,,,323329,3.080300783329531,NORMAL,UP,CROSSED_OB_BAND_UP,CAUSAL_DNO_QUANTILE_80_20_CONTROL_V1,True,0.0,0.0,0.0,UNSTABLE_DISCOVERY,,
DNO_QUANTILE|CAUSAL_DNO_QUANTILE_80_20_CONTROL_V1|CROSSED_OS_BAND_DOWN|5m|DOWN,DNO_QUANTILE,DIRECTIONAL,5m,DISCOVERY,5m,HIGH,0,22859,0,0,22859,1.0,0.0,,7420.456006517554,7420.456006517554,,,,,,,,,,,0.0,,,,,323329,3.080538443988136,NORMAL,DOWN,CROSSED_OS_BAND_DOWN,CAUSAL_DNO_QUANTILE_80_20_CONTROL_V1,True,0.0,0.0,0.0,UNSTABLE_DISCOVERY,,
DNO_QUANTILE|CAUSAL_DNO_QUANTILE_80_20_CONTROL_V1|FORECAST_OB_CROSS|5m|UP,DNO_QUANTILE,DIRECTIONAL,5m,DISCOVERY,5m,LOW,0,32696,0,0,32696,1.0,0.0,,10614.416798600116,10614.416798600116,,,,,,,,,,,0.0,,,,,323329,3.0803388090349078,NORMAL,UP,FORECAST_OB_CROSS,CAUSAL_DNO_QUANTILE_80_20_CONTROL_V1,True,0.0,0.0,0.0,UNSTABLE_DISCOVERY,,
DNO_QUANTILE|CAUSAL_DNO_QUANTILE_80_20_CONTROL_V1|FORECAST_OS_CROSS|5m|DOWN,DNO_QUANTILE,DIRECTIONAL,5m,DISCOVERY,5m,HIGH,0,33426,0,0,33426,1.0,0.0,,10850.700488816472,10850.700488816472,,,,,,,,,,,0.0,,,,,323329,3.080538443988136,NORMAL,DOWN,FORECAST_OS_CROSS,CAUSAL_DNO_QUANTILE_80_20_CONTROL_V1,True,0.0,0.0,0.0,UNSTABLE_DISCOVERY,,
INVERSE|INVERSE_DMA_25X5|DMA_SMA_P25_SHIFT5_V1|5m|DOWN,INVERSE_PREDICTOR,DIRECTIONAL,5m,DISCOVERY,5m,HIGH,0,18691,0,0,18691,1.0,0.0,,6069.206344110584,6069.206344110584,,,,,,,,,,,0.0,,,,,323329,3.07964483991178,NORMAL,DOWN,INVERSE_THRESHOLD_CROSS,DMA_SMA_P25_SHIFT5_V1,True,0.0,0.0,0.0,UNSTABLE_DISCOVERY,,
INVERSE|INVERSE_DMA_25X5|DMA_SMA_P25_SHIFT5_V1|5m|UP,INVERSE_PREDICTOR,DIRECTIONAL,5m,DISCOVERY,5m,LOW,0,18734,0,0,18734,1.0,0.0,,6081.685902361796,6081.685902361796,,,,,,,,,,,0.0,,,,,323329,3.080395847592973,NORMAL,UP,INVERSE_THRESHOLD_CROSS,DMA_SMA_P25_SHIFT5_V1,True,0.0,0.0,0.0,UNSTABLE_DISCOVERY,,
INVERSE|INVERSE_DMA_3X3|DMA_SMA_P3_SHIFT3_V1|5m|DOWN,INVERSE_PREDICTOR,DIRECTIONAL,5m,DISCOVERY,5m,HIGH,0,57311,0,0,57311,1.0,0.0,,18605.306043594865,18605.306043594865,,,,,,,,,,,0.0,,,,,323329,3.080357821887596,NORMAL,DOWN,INVERSE_THRESHOLD_CROSS,DMA_SMA_P3_SHIFT3_V1,True,0.0,0.0,0.0,UNSTABLE_DISCOVERY,,
INVERSE|INVERSE_DMA_3X3|DMA_SMA_P3_SHIFT3_V1|5m|UP,INVERSE_PREDICTOR,DIRECTIONAL,5m,DISCOVERY,5m,LOW,0,57936,0,0,57936,1.0,0.0,,18806.927650277274,18806.927650277274,,,,,,,,,,,0.0,,,,,323329,3.0805669632671684,NORMAL,UP,INVERSE_THRESHOLD_CROSS,DMA_SMA_P3_SHIFT3_V1,True,0.0,0.0,0.0,UNSTABLE_DISCOVERY,,
INVERSE|INVERSE_DMA_7X5|DMA_SMA_P7_SHIFT5_V1|5m|DOWN,INVERSE_PREDICTOR,DIRECTIONAL,5m,DISCOVERY,5m,HIGH,0,35650,0,0,35650,1.0,0.0,,11572.652199674123,11572.652199674123,,,,,,,,,,,0.0,,,,,323329,3.080538443988136,NORMAL,DOWN,INVERSE_THRESHOLD_CROSS,DMA_SMA_P7_SHIFT5_V1,True,0.0,0.0,0.0,UNSTABLE_DISCOVERY,,
INVERSE|INVERSE_DMA_7X5|DMA_SMA_P7_SHIFT5_V1|5m|UP,INVERSE_PREDICTOR,DIRECTIONAL,5m,DISCOVERY,5m,LOW,0,35659,0,0,35659,1.0,0.0,,11576.395426278837,11576.395426278837,,,,,,,,,,,0.0,,,,,323329,3.080319796182219,NORMAL,UP,INVERSE_THRESHOLD_CROSS,DMA_SMA_P7_SHIFT5_V1,True,0.0,0.0,0.0,UNSTABLE_DISCOVERY,,
INVERSE|INVERSE_DNO_N7_OB_OS|DNO_PERIOD_7_REFERENCE|5m|DOWN,INVERSE_PREDICTOR,DIRECTIONAL,5m,DISCOVERY,5m,HIGH,0,14358,0,0,14358,1.0,0.0,,4661.492063394084,4661.492063394084,,,,,,,,,,,0.0,,,,,323329,3.080129667655335,NORMAL,DOWN,INVERSE_THRESHOLD_CROSS,DNO_PERIOD_7_REFERENCE,True,0.0,0.0,0.0,UNSTABLE_DISCOVERY,,
INVERSE|INVERSE_DNO_N7_OB_OS|DNO_PERIOD_7_REFERENCE|5m|UP,INVERSE_PREDICTOR,DIRECTIONAL,5m,DISCOVERY,5m,LOW,0,14379,0,0,14379,1.0,0.0,,4667.7192991118545,4667.7192991118545,,,,,,,,,,,0.0,,,,,323329,3.0805194311354476,NORMAL,UP,INVERSE_THRESHOLD_CROSS,DNO_PERIOD_7_REFERENCE,True,0.0,0.0,0.0,UNSTABLE_DISCOVERY,,
INVERSE|INVERSE_MACD_12_26_9_SIGNAL_CROSS|MACD_12_26_9_SHIFT0_V1|5m|DOWN,INVERSE_PREDICTOR,DIRECTIONAL,5m,DISCOVERY,5m,HIGH,0,9376,0,0,9376,1.0,0.0,,3044.74187862155,3044.74187862155,,,,,,,,,,,0.0,,,,,323329,3.079407179253175,NORMAL,DOWN,INVERSE_THRESHOLD_CROSS,MACD_12_26_9_SHIFT0_V1,True,0.0,0.0,0.0,UNSTABLE_DISCOVERY,,
INVERSE|INVERSE_MACD_12_26_9_SIGNAL_CROSS|MACD_12_26_9_SHIFT0_V1|5m|UP,INVERSE_PREDICTOR,DIRECTIONAL,5m,DISCOVERY,5m,LOW,0,9323,0,0,9323,1.0,0.0,,3026.848649082413,3026.848649082413,,,,,,,,,,,0.0,,,,,323329,3.0801011483763023,NORMAL,UP,INVERSE_THRESHOLD_CROSS,MACD_12_26_9_SHIFT0_V1,True,0.0,0.0,0.0,UNSTABLE_DISCOVERY,,
INVERSE|INVERSE_STOCH_14_3_3_POINT_BAR|STOCH_K14_KS3_D3_SHIFT0_V1|5m|DOWN,INVERSE_PREDICTOR,DIRECTIONAL,5m,DISCOVERY,5m,HIGH,0,20212,0,0,20212,1.0,0.0,,6561.879128679625,6561.879128679625,,,,,,,,,,,0.0,,,,,323329,3.080215225492433,NORMAL,DOWN,INVERSE_THRESHOLD_CROSS,STOCH_K14_KS3_D3_SHIFT0_V1,True,0.0,0.0,0.0,UNSTABLE_DISCOVERY,,
INVERSE|INVERSE_STOCH_14_3_3_POINT_BAR|STOCH_K14_KS3_D3_SHIFT0_V1|5m|UP,INVERSE_PREDICTOR,DIRECTIONAL,5m,DISCOVERY,5m,LOW,0,18790,0,0,18790,1.0,0.0,,6099.526556005074,6099.526556005074,,,,,,,,,,,0.0,,,,,323329,3.0805669632671684,NORMAL,UP,INVERSE_THRESHOLD_CROSS,STOCH_K14_KS3_D3_SHIFT0_V1,True,0.0,0.0,0.0,UNSTABLE_DISCOVERY,,
MACD|DINAPOLI_MACD_REFERENCE_V1|HIST_CROSS_UP_ZERO|HIST_CROSS_DOWN_ZERO|5m|DOWN,MACD,DIRECTIONAL,5m,DISCOVERY,5m,HIGH,0,16215,0,0,16215,1.0,0.0,,5264.242532730067,5264.242532730067,,,,,,,,,,,0.0,,,,,323329,3.080215225492433,NORMAL,DOWN,HIST_CROSS_DOWN_ZERO,DINAPOLI_MACD_REFERENCE_V1,True,0.0,0.0,0.0,UNSTABLE_DISCOVERY,,
MACD|DINAPOLI_MACD_REFERENCE_V1|HIST_CROSS_UP_ZERO|HIST_CROSS_DOWN_ZERO|5m|UP,MACD,DIRECTIONAL,5m,DISCOVERY,5m,LOW,0,16215,0,0,16215,1.0,0.0,,5264.421255358747,5264.421255358747,,,,,,,,,,,0.0,,,,,323329,3.0801106548026467,NORMAL,UP,HIST_CROSS_UP_ZERO,DINAPOLI_MACD_REFERENCE_V1,True,0.0,0.0,0.0,UNSTABLE_DISCOVERY,,
MACD|DINAPOLI_MACD_REFERENCE_V1|MACD_CROSS_UP_SIGNAL|MACD_CROSS_DOWN_SIGNAL|5m|DOWN,MACD,DIRECTIONAL,5m,DISCOVERY,5m,HIGH,0,16215,0,0,16215,1.0,0.0,,5264.242532730067,5264.242532730067,,,,,,,,,,,0.0,,,,,323329,3.080215225492433,NORMAL,DOWN,MACD_CROSS_DOWN_SIGNAL,DINAPOLI_MACD_REFERENCE_V1,True,0.0,0.0,0.0,UNSTABLE_DISCOVERY,,
MACD|DINAPOLI_MACD_REFERENCE_V1|MACD_CROSS_UP_SIGNAL|MACD_CROSS_DOWN_SIGNAL|5m|UP,MACD,DIRECTIONAL,5m,DISCOVERY,5m,LOW,0,16215,0,0,16215,1.0,0.0,,5264.421255358747,5264.421255358747,,,,,,,,,,,0.0,,,,,323329,3.0801106548026467,NORMAL,UP,MACD_CROSS_UP_SIGNAL,DINAPOLI_MACD_REFERENCE_V1,True,0.0,0.0,0.0,UNSTABLE_DISCOVERY,,
MACD|MACD_12_26_9_SHIFT0_V1|HIST_CROSS_UP_ZERO|HIST_CROSS_DOWN_ZERO|5m|DOWN,MACD,DIRECTIONAL,5m,DISCOVERY,5m,HIGH,0,12948,0,0,12948,1.0,0.0,,4203.615336421687,4203.615336421687,,,,,,,,,,,0.0,,,,,323329,3.0802057190660888,NORMAL,DOWN,HIST_CROSS_DOWN_ZERO,MACD_12_26_9_SHIFT0_V1,True,0.0,0.0,0.0,UNSTABLE_DISCOVERY,,
MACD|MACD_12_26_9_SHIFT0_V1|HIST_CROSS_UP_ZERO|HIST_CROSS_DOWN_ZERO|5m|UP,MACD,DIRECTIONAL,5m,DISCOVERY,5m,LOW,0,12946,0,0,12946,1.0,0.0,,4203.108721551102,4203.108721551102,,,,,,,,,,,0.0,,,,,323329,3.0801011483763023,NORMAL,UP,HIST_CROSS_UP_ZERO,MACD_12_26_9_SHIFT0_V1,True,0.0,0.0,0.0,UNSTABLE_DISCOVERY,,
MACD|MACD_12_26_9_SHIFT0_V1|MACD_CROSS_UP_SIGNAL|MACD_CROSS_DOWN_SIGNAL|5m|DOWN,MACD,DIRECTIONAL,5m,DISCOVERY,5m,HIGH,0,12948,0,0,12948,1.0,0.0,,4203.615336421687,4203.615336421687,,,,,,,,,,,0.0,,,,,323329,3.0802057190660888,NORMAL,DOWN,MACD_CROSS_DOWN_SIGNAL,MACD_12_26_9_SHIFT0_V1,True,0.0,0.0,0.0,UNSTABLE_DISCOVERY,,
MACD|MACD_12_26_9_SHIFT0_V1|MACD_CROSS_UP_SIGNAL|MACD_CROSS_DOWN_SIGNAL|5m|UP,MACD,DIRECTIONAL,5m,DISCOVERY,5m,LOW,0,12946,0,0,12946,1.0,0.0,,4203.108721551102,4203.108721551102,,,,,,,,,,,0.0,,,,,323329,3.0801011483763023,NORMAL,UP,MACD_CROSS_UP_SIGNAL,MACD_12_26_9_SHIFT0_V1,True,0.0,0.0,0.0,UNSTABLE_DISCOVERY,,
OSC_PREDICTOR|PROJECT_DINAPOLI_STYLE_OSCILLATOR_PREDICTOR_REFERENCE|CROSSED_OB_BAND_UP|5m|UP,OSC_PREDICTOR,DIRECTIONAL,5m,DISCOVERY,5m,LOW,0,19542,0,0,19542,1.0,0.0,,6344.185641142758,6344.185641142758,,,,,,,,,,,0.0,,,,,323329,3.080300783329531,NORMAL,UP,CROSSED_OB_BAND_UP,PROJECT_DINAPOLI_STYLE_OSCILLATOR_PREDICTOR_REFERENCE,True,0.0,0.0,0.0,UNSTABLE_DISCOVERY,,
OSC_PREDICTOR|PROJECT_DINAPOLI_STYLE_OSCILLATOR_PREDICTOR_REFERENCE|CROSSED_OS_BAND_DOWN|5m|DOWN,OSC_PREDICTOR,DIRECTIONAL,5m,DISCOVERY,5m,HIGH,0,19368,0,0,19368,1.0,0.0,,6288.221632365831,6288.221632365831,,,,,,,,,,,0.0,,,,,323329,3.080044109818237,NORMAL,DOWN,CROSSED_OS_BAND_DOWN,PROJECT_DINAPOLI_STYLE_OSCILLATOR_PREDICTOR_REFERENCE,True,0.0,0.0,0.0,UNSTABLE_DISCOVERY,,
OSC_PREDICTOR|PROJECT_DINAPOLI_STYLE_OSCILLATOR_PREDICTOR_REFERENCE|FORECAST_OB_CROSS|5m|UP,OSC_PREDICTOR,DIRECTIONAL,5m,DISCOVERY,5m,LOW,0,28821,0,0,28821,1.0,0.0,,9356.4382968086,9356.4382968086,,,,,,,,,,,0.0,,,,,323329,3.0803388090349078,NORMAL,UP,FORECAST_OB_CROSS,PROJECT_DINAPOLI_STYLE_OSCILLATOR_PREDICTOR_REFERENCE,True,0.0,0.0,0.0,UNSTABLE_DISCOVERY,,
OSC_PREDICTOR|PROJECT_DINAPOLI_STYLE_OSCILLATOR_PREDICTOR_REFERENCE|FORECAST_OS_CROSS|5m|DOWN,OSC_PREDICTOR,DIRECTIONAL,5m,DISCOVERY,5m,HIGH,0,28802,0,0,28802,1.0,0.0,,9350.847308854438,9350.847308854438,,,,,,,,,,,0.0,,,,,323329,3.0801486805080236,NORMAL,DOWN,FORECAST_OS_CROSS,PROJECT_DINAPOLI_STYLE_OSCILLATOR_PREDICTOR_REFERENCE,True,0.0,0.0,0.0,UNSTABLE_DISCOVERY,,
PURE_DNO|DNO_PERIOD_7_REFERENCE|DNO_ZERO_CROSS_DOWN|5m|DOWN,PURE_DNO,DIRECTIONAL,5m,DISCOVERY,5m,HIGH,0,36846,0,0,36846,1.0,0.0,,11961.19130971485,11961.19130971485,,,,,,,,,,,0.0,,,,,323329,3.0804623925773824,NORMAL,DOWN,DNO_ZERO_CROSS_DOWN,DNO_PERIOD_7_REFERENCE,True,0.0,0.0,0.0,UNSTABLE_DISCOVERY,,
PURE_DNO|DNO_PERIOD_7_REFERENCE|DNO_ZERO_CROSS_UP|5m|UP,PURE_DNO,DIRECTIONAL,5m,DISCOVERY,5m,LOW,0,36842,0,0,36842,1.0,0.0,,11960.188080189611,11960.188080189611,,,,,,,,,,,0.0,,,,,323329,3.0803863411666286,NORMAL,UP,DNO_ZERO_CROSS_UP,DNO_PERIOD_7_REFERENCE,True,0.0,0.0,0.0,UNSTABLE_DISCOVERY,,
STOCH|DINAPOLI_PREFERRED_STOCHASTIC_REFERENCE_V1|K_CROSS_UP_D|K_CROSS_DOWN_D|5m|DOWN,STOCHASTIC,DIRECTIONAL,5m,DISCOVERY,5m,HIGH,0,29249,0,0,29249,1.0,0.0,,9495.091017383817,9495.091017383817,,,,,,,,,,,0.0,,,,,323329,3.08043387329835,NORMAL,DOWN,K_CROSS_DOWN_D,DINAPOLI_PREFERRED_STOCHASTIC_REFERENCE_V1,True,0.0,0.0,0.0,UNSTABLE_DISCOVERY,,
STOCH|DINAPOLI_PREFERRED_STOCHASTIC_REFERENCE_V1|K_CROSS_UP_D|K_CROSS_DOWN_D|5m|UP,STOCHASTIC,DIRECTIONAL,5m,DISCOVERY,5m,LOW,0,29252,0,0,29252,1.0,0.0,,9496.064906168122,9496.064906168122,,,,,,,,,,,0.0,,,,,323329,3.08043387329835,NORMAL,UP,K_CROSS_UP_D,DINAPOLI_PREFERRED_STOCHASTIC_REFERENCE_V1,True,0.0,0.0,0.0,UNSTABLE_DISCOVERY,,
STOCH|STOCH_K14_KS3_D3_SHIFT0_V1|K_CROSS_UP_D|K_CROSS_DOWN_D|5m|DOWN,STOCHASTIC,DIRECTIONAL,5m,DISCOVERY,5m,HIGH,0,38873,0,0,38873,1.0,0.0,,12619.24834973568,12619.24834973568,,,,,,,,,,,0.0,,,,,323329,3.080452886151038,NORMAL,DOWN,K_CROSS_DOWN_D,STOCH_K14_KS3_D3_SHIFT0_V1,True,0.0,0.0,0.0,UNSTABLE_DISCOVERY,,
STOCH|STOCH_K14_KS3_D3_SHIFT0_V1|K_CROSS_UP_D|K_CROSS_DOWN_D|5m|UP,STOCHASTIC,DIRECTIONAL,5m,DISCOVERY,5m,LOW,0,38871,0,0,38871,1.0,0.0,,12618.560153067521,12618.560153067521,,,,,,,,,,,0.0,,,,,323329,3.0804623925773824,NORMAL,UP,K_CROSS_UP_D,STOCH_K14_KS3_D3_SHIFT0_V1,True,0.0,0.0,0.0,UNSTABLE_DISCOVERY,,
DMA|DMA_SMA_P25_SHIFT5_V1|MA_SLOPE_TURN_UP|MA_SLOPE_TURN_DOWN|15m|DOWN,DMA,DIRECTIONAL,15m,DISCOVERY,15m,HIGH,75,5413,74,111,5166,0.9543691113984851,0.013670792536486237,0.9866666666666667,1757.290497000222,1677.1037700911043,10799.999999,16874.999999,21329.999999000003,2.019291793346714,3.239237860967454,0.8164253689375836,0.83146741500241,2.7861766251575855,9.472541218048107,12.183279556349834,0.020506188804729354,16200.000001,91.75000000000045,,,107778,3.080310289755875,NORMAL,DOWN,MA_SLOPE_TURN_DOWN,DMA_SMA_P25_SHIFT5_V1,True,0.010972756706570415,-0.0015629700462230778,-0.0007903073460728618,STABLE_POSITIVE_FOLDS,-0.013333333333333308,9000.0
DMA|DMA_SMA_P25_SHIFT5_V1|MA_SLOPE_TURN_UP|MA_SLOPE_TURN_DOWN|15m|UP,DMA,DIRECTIONAL,15m,DISCOVERY,15m,LOW,75,5410,72,107,5176,0.956746765249538,0.013308687615526803,0.96,1756.3490917171268,1680.3813121493251,12149.999999,18899.999999,21509.999999,2.843246201031651,3.1835686902780846,0.8010591943607075,1.1219362491417808,3.578407858488241,10.183420876893575,10.069094699165367,0.01977818853974122,13500.000001,81.59999999999991,,,107778,3.0802532511978096,NORMAL,UP,MA_SLOPE_TURN_UP,DMA_SMA_P25_SHIFT5_V1,True,0.010610748840750733,0.0015325489108207746,-0.0020931017944434624,STABLE_POSITIVE_FOLDS,-0.040000000000000036,10350.0
DMA|DMA_SMA_P25_SHIFT5_V1|PRICE_CROSS_UP_MA|PRICE_CROSS_DOWN_MA|15m|DOWN,DMA,DIRECTIONAL,15m,DISCOVERY,15m,HIGH,75,6312,75,128,6030,0.9553231939163498,0.01188212927756654,1.0,2049.8274367428594,1958.2476938465527,7199.999999,11699.999999,14399.999999,1.7708333333333313,2.7200659373595237,0.8591971544715445,0.8667873869709865,2.170284842013695,10.144256542716505,13.55562422744129,0.020278833967046894,18900.000001,88.91000000000008,,,107778,3.0792835957107005,NORMAL,DOWN,PRICE_CROSS_DOWN_MA,DMA_SMA_P25_SHIFT5_V1,True,0.009184093447650718,-0.000608887528358415,-0.0010176621837553225,STABLE_POSITIVE_FOLDS,0.0,5400.0
DMA|DMA_SMA_P25_SHIFT5_V1|PRICE_CROSS_UP_MA|PRICE_CROSS_DOWN_MA|15m|UP,DMA,DIRECTIONAL,15m,DISCOVERY,15m,LOW,75,6305,74,115,6046,0.9589214908802538,0.011736716891356067,0.9866666666666667,2047.1749759241425,1963.0800800059262,7199.999999,12149.999999,14399.999999,2.4987507309123105,2.8562242939773337,0.8260973693373337,1.3818143725461804,2.9239360678033197,10.399335603294725,9.045862247173755,0.01823949246629659,16200.000001,91.65999999999985,,,107778,3.079853981291353,NORMAL,UP,PRICE_CROSS_UP_MA,DMA_SMA_P25_SHIFT5_V1,True,0.009038778116579996,0.0037072745415366315,-0.0036317978678880904,STABLE_POSITIVE_FOLDS,-0.013333333333333308,5400.0
DMA|DMA_SMA_P3_SHIFT3_V1|MA_SLOPE_TURN_UP|MA_SLOPE_TURN_DOWN|15m|DOWN,DMA,DIRECTIONAL,15m,DISCOVERY,15m,HIGH,75,15226,75,317,14557,0.9560619992118744,0.0049257848417181135,1.0,4943.100049997222,4725.910116104661,2699.999999,3599.999999,3599.999999,1.084460632343168,1.6092962200542844,0.9192504882812499,0.46790474297471574,1.1578481657576374,10.925917538535861,22.920958672939754,0.020819650597661894,14400.000001,76.81999999999971,,,107778,3.0802532511978096,NORMAL,DOWN,MA_SLOPE_TURN_DOWN,DMA_SMA_P3_SHIFT3_V1,True,0.002227749011802292,0.00012991776716619885,-0.0004768455531403218,STABLE_POSITIVE_FOLDS,0.0,900.0000000000002
DMA|DMA_SMA_P3_SHIFT3_V1|MA_SLOPE_TURN_UP|MA_SLOPE_TURN_DOWN|15m|UP,DMA,DIRECTIONAL,15m,DISCOVERY,15m,LOW,75,15233,75,329,14555,0.9554913674259831,0.004923521302435502,1.0,4945.601540726475,4725.479578892788,2699.999999,2699.999999,3599.999999,1.402373247033437,1.7936808086364573,0.8934212162666343,0.607820678484093,2.393579412010827,11.53439805331813,18.398246423627054,0.02159784678001707,15300.000001,82.75,,,107778,3.0801106548026467,NORMAL,UP,MA_SLOPE_TURN_UP,DMA_SMA_P3_SHIFT3_V1,True,0.002225582527659431,0.0002771510872658922,-0.0002734435541676128,STABLE_POSITIVE_FOLDS,0.0,900.0000000000002
DMA|DMA_SMA_P3_SHIFT3_V1|PRICE_CROSS_UP_MA|PRICE_CROSS_DOWN_MA|15m|DOWN,DMA,DIRECTIONAL,15m,DISCOVERY,15m,HIGH,75,20847,75,415,19944,0.9566844150237445,0.003597639948193985,1.0,6767.511392147241,6474.3726773629105,1799.999999,2249.999999,2699.999999,0.8755381415372602,1.3757225433526052,0.9283233250912518,0.4129260958317836,0.9816428373414144,11.204069749624592,27.0967421640187,0.01990694104667338,14400.000001,75.40000000000009,,,107778,3.080452886151038,NORMAL,DOWN,PRICE_CROSS_DOWN_MA,DMA_SMA_P3_SHIFT3_V1,True,0.0008996041182781633,0.0007523335790362573,-0.0013895551041288347,STABLE_POSITIVE_FOLDS,0.0,0.0
DMA|DMA_SMA_P3_SHIFT3_V1|PRICE_CROSS_UP_MA|PRICE_CROSS_DOWN_MA|15m|UP,DMA,DIRECTIONAL,15m,DISCOVERY,15m,LOW,75,20851,75,433,19949,0.9567406839000527,0.0035969497865809795,1.0,6769.12325012962,6476.29560773276,1799.999999,1799.999999,2699.999999,1.1062736072631016,1.3880444459098609,0.9178120114643042,0.5214134345276196,2.3292099217253504,12.117905639986839,23.36647173489227,0.020766390101194188,14400.000001,82.45000000000005,,,107778,3.080310289755875,NORMAL,UP,PRICE_CROSS_UP_MA,DMA_SMA_P3_SHIFT3_V1,True,0.0008990110118049085,0.001526467561335565,-0.0011049002329904939,STABLE_POSITIVE_FOLDS,0.0,0.0
DMA|DMA_SMA_P7_SHIFT5_V1|MA_SLOPE_TURN_UP|MA_SLOPE_TURN_DOWN|15m|DOWN,DMA,DIRECTIONAL,15m,DISCOVERY,15m,HIGH,75,10062,74,207,9630,0.9570661896243292,0.007354402703239913,0.9866666666666667,3267.189272782835,3126.916388083751,4499.999999,6299.999999,6929.999999000002,1.3755178087593642,2.158832378134089,0.8944163600372165,0.5096777879779572,1.6347838459387622,10.627861558349572,18.462023421511056,0.020572450805008944,15300.000001,81.70000000000027,,,107778,3.0797113848961897,NORMAL,DOWN,MA_SLOPE_TURN_DOWN,DMA_SMA_P7_SHIFT5_V1,True,0.004656366873324091,0.0011341081796210073,-0.000724045345793272,STABLE_POSITIVE_FOLDS,-0.013333333333333308,2700.0
DMA|DMA_SMA_P7_SHIFT5_V1|MA_SLOPE_TURN_UP|MA_SLOPE_TURN_DOWN|15m|UP,DMA,DIRECTIONAL,15m,DISCOVERY,15m,LOW,75,10061,74,189,9651,0.9592485836397973,0.007355133684524401,0.9866666666666667,3266.44108850844,3133.3289876945582,4499.999999,6299.999999,7199.999999,1.9361221564209325,2.3085743843026396,0.8605425467150521,0.8795969675205716,2.6571670757999124,11.16278680418445,15.33973116139693,0.01878540900506908,14400.000001,83.2199999999998,,,107778,3.0801106548026467,NORMAL,UP,MA_SLOPE_TURN_UP,DMA_SMA_P7_SHIFT5_V1,True,0.00465719490974833,0.0040343673010800885,-0.0030858813291156015,STABLE_POSITIVE_FOLDS,-0.013333333333333308,2700.0
DMA|DMA_SMA_P7_SHIFT5_V1|PRICE_CROSS_UP_MA|PRICE_CROSS_DOWN_MA|15m|DOWN,DMA,DIRECTIONAL,15m,DISCOVERY,15m,HIGH,75,12487,75,267,11925,0.9549931929206374,0.00600624649635621,1.0,4053.9249849544003,3871.47076524235,2699.999999,4499.999999,4499.999999,1.1163629578953898,1.7255593220338954,0.9130245456420603,0.4961558768434053,1.2200691769153678,10.860513322576164,21.643094264398815,0.02138223752702811,14400.000001,81.40000000000009,,,107778,3.080224731918777,NORMAL,DOWN,PRICE_CROSS_DOWN_MA,DMA_SMA_P7_SHIFT5_V1,True,0.0033082106664403888,-0.0009388885240707578,8.574137622589448e-05,STABLE_POSITIVE_FOLDS,0.0,900.0000000000002
DMA|DMA_SMA_P7_SHIFT5_V1|PRICE_CROSS_UP_MA|PRICE_CROSS_DOWN_MA|15m|UP,DMA,DIRECTIONAL,15m,DISCOVERY,15m,LOW,75,12484,75,243,11966,0.9585068888176866,0.006007689842999039,1.0,4053.101137952426,3884.9253618022053,3599.999999,4499.999999,5399.999999,1.659205968558486,2.0168060688581995,0.8814138529021728,0.6822496774666003,2.734670321662016,11.53439805331813,17.39744175422577,0.019464915091316884,14400.000001,83.2199999999998,,,107778,3.0801106548026467,NORMAL,UP,PRICE_CROSS_UP_MA,DMA_SMA_P7_SHIFT5_V1,True,0.0033097510682229677,0.0032926724789694717,-0.0024063752428677976,STABLE_POSITIVE_FOLDS,0.0,1800.0000000000002
DNO_QUANTILE|CAUSAL_DNO_QUANTILE_80_20_CONTROL_V1|CROSSED_OB_BAND_UP|15m|UP,DNO_QUANTILE,DIRECTIONAL,15m,DISCOVERY,15m,LOW,75,7218,75,140,6798,0.941812136325852,0.010390689941812137,1.0,2343.313815899117,2206.9613910338317,3599.999999,4949.999999,7739.999999000007,1.8473375823279774,2.3431211805037955,0.8621224489795917,0.8597902097902149,3.1236514348060918,11.439906988353828,12.560390402602614,0.019395954558049322,17100.000001,86.79000000000008,,,107778,3.0802532511978096,NORMAL,UP,CROSSED_OB_BAND_UP,CAUSAL_DNO_QUANTILE_80_20_CONTROL_V1,True,0.007692751167036066,-0.013402080012865136,-0.0024753357761353595,STABLE_POSITIVE_FOLDS,0.0,1800.0000000000002
DNO_QUANTILE|CAUSAL_DNO_QUANTILE_80_20_CONTROL_V1|CROSSED_OS_BAND_DOWN|15m|DOWN,DNO_QUANTILE,DIRECTIONAL,15m,DISCOVERY,15m,HIGH,75,7714,75,135,7326,0.9497018408089188,0.009722582317863625,1.0,2504.3163498662125,2378.3538474358147,3599.999999,5399.999999,10799.999999,1.2909595412991892,2.0755653484866077,0.8922674332891051,0.5793317574004189,1.483370290363925,10.476557978005019,17.289646133682837,0.017500648172154524,16200.000001,92.2199999999998,,,107778,3.080281770476842,NORMAL,DOWN,CROSSED_OS_BAND_DOWN,CAUSAL_DNO_QUANTILE_80_20_CONTROL_V1,True,0.007024546487947803,-0.006230240635789364,-0.003795847978647692,STABLE_POSITIVE_FOLDS,0.0,1800.0000000000002
DNO_QUANTILE|CAUSAL_DNO_QUANTILE_80_20_CONTROL_V1|FORECAST_OB_CROSS|15m|UP,DNO_QUANTILE,DIRECTIONAL,15m,DISCOVERY,15m,LOW,75,10809,75,181,10256,0.9488389305208622,0.006938662225922842,1.0,3509.127048497306,3329.5963557580135,4499.999999,5849.999999,8999.999999,2.0683403068340334,2.3751001870157746,0.8588205128205118,0.888957495300962,3.1236514348060918,10.94243972117873,12.325541125541427,0.01674530483856046,18000.000001,87.23000000000002,,,107778,3.0802532511978096,NORMAL,UP,FORECAST_OB_CROSS,CAUSAL_DNO_QUANTILE_80_20_CONTROL_V1,True,0.004240723451146771,-0.006375285817854959,-0.005125985495624222,STABLE_POSITIVE_FOLDS,0.0,2700.0
DNO_QUANTILE|CAUSAL_DNO_QUANTILE_80_20_CONTROL_V1|FORECAST_OS_CROSS|15m|DOWN,DNO_QUANTILE,DIRECTIONAL,15m,DISCOVERY,15m,HIGH,75,11075,75,171,10569,0.9543115124153498,0.006772009029345372,1.0,3595.883104616923,3431.59264403578,4499.999999,5399.999999,8999.999999,1.3266896440002904,2.0755653484866077,0.8913515862668405,0.6096374414396558,1.6780979787817842,10.481937903612408,16.681432038834465,0.01544018058690745,18000.000001,93.98000000000002,,,107778,3.079911019849418,NORMAL,DOWN,FORECAST_OS_CROSS,CAUSAL_DNO_QUANTILE_80_20_CONTROL_V1,True,0.004073973199429551,-0.0016205690293583652,-0.005856315563894767,STABLE_POSITIVE_FOLDS,0.0,2700.0
INVERSE|INVERSE_DMA_25X5|DMA_SMA_P25_SHIFT5_V1|15m|DOWN,INVERSE_PREDICTOR,DIRECTIONAL,15m,DISCOVERY,15m,HIGH,75,6252,71,124,5982,0.9568138195777351,0.011356365962891874,0.9466666666666667,2030.342385062794,1942.6596525025006,7199.999999,11699.999999,14399.999999,1.7708333333333313,2.7639649507119306,0.8627929687499999,0.8356809076917073,2.03095938081239,10.488339209748574,15.42701919594343,0.01983365323096609,18900.000001,88.125,,,107778,3.0792835957107005,NORMAL,DOWN,INVERSE_THRESHOLD_CROSS,DMA_SMA_P25_SHIFT5_V1,True,0.008658330132976053,0.0008817381330269436,-0.0014628429198361263,STABLE_POSITIVE_FOLDS,-0.053333333333333344,5400.0
INVERSE|INVERSE_DMA_25X5|DMA_SMA_P25_SHIFT5_V1|15m|UP,INVERSE_PREDICTOR,DIRECTIONAL,15m,DISCOVERY,15m,LOW,75,6335,72,106,6094,0.9619573796369376,0.011365430149960536,0.96,2056.915697459071,1978.665234461812,7649.999999,12599.999999,15209.999998999998,2.472191824911495,2.8562242939773337,0.8312383354350569,1.3372249739521078,3.132947882022166,10.399335603294725,9.045862247173755,0.016732438831886347,16200.000001,93.64500000000021,,,107778,3.079853981291353,NORMAL,UP,INVERSE_THRESHOLD_CROSS,DMA_SMA_P25_SHIFT5_V1,True,0.008667491375184466,0.006743163298220445,-0.005138851502298335,STABLE_POSITIVE_FOLDS,-0.040000000000000036,5850.0
INVERSE|INVERSE_DMA_3X3|DMA_SMA_P3_SHIFT3_V1|15m|DOWN,INVERSE_PREDICTOR,DIRECTIONAL,15m,DISCOVERY,15m,HIGH,75,19112,75,369,18282,0.9565717873587275,0.003924236082042696,1.0,6204.282521548333,5934.8416209160005,1799.999999,3599.999999,7199.999999,0.9625880360970442,1.5685893543817195,0.9226502876263378,0.4790457311021905,1.2417349181275816,11.204069749624592,22.039408227649794,0.019307241523650064,16200.000001,81.0,,,107778,3.080452886151038,NORMAL,DOWN,INVERSE_THRESHOLD_CROSS,DMA_SMA_P3_SHIFT3_V1,True,0.0012262002521268743,0.0006397059140192951,-0.0019892546271521525,STABLE_POSITIVE_FOLDS,0.0,0.0
INVERSE|INVERSE_DMA_3X3|DMA_SMA_P3_SHIFT3_V1|15m|UP,INVERSE_PREDICTOR,DIRECTIONAL,15m,DISCOVERY,15m,LOW,75,19532,75,404,18640,0.9543313536760188,0.003839852549662093,1.0,6340.743516864023,6051.170343761283,1799.999999,3599.999999,7199.999999,1.402373247033437,1.6273221310170713,0.8933444511825337,0.5485344223473363,2.3292099217253504,12.029715229054888,18.577210103329428,0.02068400573417981,15300.000001,82.26499999999999,,,107778,3.080395847592973,NORMAL,UP,INVERSE_THRESHOLD_CROSS,DMA_SMA_P3_SHIFT3_V1,True,0.0011419137748860221,-0.0008828626626983249,-0.0011872846000048724,STABLE_POSITIVE_FOLDS,0.0,0.0
INVERSE|INVERSE_DMA_7X5|DMA_SMA_P7_SHIFT5_V1|15m|DOWN,INVERSE_PREDICTOR,DIRECTIONAL,15m,DISCOVERY,15m,HIGH,75,12150,75,250,11597,0.954485596707819,0.006172839506172839,1.0,3944.51738345447,3764.985028470904,3599.999999,4499.999999,8099.999999,1.1817759181775953,1.9328620863032613,0.9112251372451659,0.5172334169732524,1.4375936834318783,10.860513322576164,20.665904247501494,0.0205761316872428,16200.000001,83.59500000000003,,,107778,3.080224731918777,NORMAL,DOWN,INVERSE_THRESHOLD_CROSS,DMA_SMA_P7_SHIFT5_V1,True,0.0034748036762570177,-0.001446484736889242,-0.0007203644635594177,STABLE_POSITIVE_FOLDS,0.0,1800.0000000000002
INVERSE|INVERSE_DMA_7X5|DMA_SMA_P7_SHIFT5_V1|15m|UP,INVERSE_PREDICTOR,DIRECTIONAL,15m,DISCOVERY,15m,LOW,75,12194,74,233,11674,0.9573560767590619,0.006068558307364277,0.9866666666666667,3958.8387096774195,3790.018295618681,3599.999999,4499.999999,7829.999999000002,1.5596883887760873,1.9999383408469897,0.8841925179789847,0.6280536910306708,2.6596132464426736,11.508706693490021,19.706923756850447,0.01910775791372806,15300.000001,87.82000000000016,,,107778,3.0801962126397444,NORMAL,UP,INVERSE_THRESHOLD_CROSS,DMA_SMA_P7_SHIFT5_V1,True,0.0033706195325882062,0.002141860420344699,-0.00276353242045662,STABLE_POSITIVE_FOLDS,-0.013333333333333308,1800.0000000000002
INVERSE|INVERSE_DNO_N7_OB_OS|DNO_PERIOD_7_REFERENCE|15m|DOWN,INVERSE_PREDICTOR,DIRECTIONAL,15m,DISCOVERY,15m,HIGH,75,5643,73,237,5156,0.9136983873825979,0.012936381357433989,0.9733333333333334,1831.9582993852307,1673.8573439004517,3599.999999,4499.999999,9899.999999,1.1538865802042237,1.8305476633682793,0.9160329150972818,0.5373831775701042,1.4967370609051334,10.878116753397295,20.799768518518828,0.04199893673577884,15300.000001,82.07999999999993,,,107778,3.080310289755875,NORMAL,DOWN,INVERSE_THRESHOLD_CROSS,DNO_PERIOD_7_REFERENCE,True,0.010238345527518167,-0.042233694062110305,0.020702440584976625,STABLE_POSITIVE_FOLDS,-0.026666666666666616,1800.0000000000002
INVERSE|INVERSE_DNO_N7_OB_OS|DNO_PERIOD_7_REFERENCE|15m|UP,INVERSE_PREDICTOR,DIRECTIONAL,15m,DISCOVERY,15m,LOW,75,5633,73,210,5190,0.9213562932717912,0.012959346706905734,0.9733333333333334,1828.830399718521,1685.0043981074248,3599.999999,6299.999999,12599.999999,1.7719551861221612,2.0351699882766727,0.8795233463035019,0.8011202531400755,3.3891647979700092,10.777203521998514,16.417016177351655,0.037280312444523345,14400.000001,81.67499999999995,,,107778,3.0801106548026467,NORMAL,UP,INVERSE_THRESHOLD_CROSS,DNO_PERIOD_7_REFERENCE,True,0.010261407932129662,-0.03385792306692592,0.015409022110338663,STABLE_POSITIVE_FOLDS,-0.026666666666666616,1800.0000000000002
INVERSE|INVERSE_MACD_12_26_9_SIGNAL_CROSS|MACD_12_26_9_SHIFT0_V1|15m|DOWN,INVERSE_PREDICTOR,DIRECTIONAL,15m,DISCOVERY,15m,HIGH,75,3128,42,60,3005,0.9606777493606138,0.013427109974424553,0.56,1016.1124317914415,976.1566040707423,8549.999999,22949.999999,27809.999999,1.6144424795559442,2.3860135257009856,0.8738254702188136,0.5899505602908472,1.8231786303920234,11.557422406953478,22.07031479439447,0.01918158567774936,14400.000001,97.94500000000016,,,107778,3.0783994980606892,NORMAL,DOWN,INVERSE_THRESHOLD_CROSS,MACD_12_26_9_SHIFT0_V1,True,0.010729074144508731,0.004745667915905583,-0.002114910473052855,STABLE_POSITIVE_FOLDS,-0.43999999999999995,6750.0
INVERSE|INVERSE_MACD_12_26_9_SIGNAL_CROSS|MACD_12_26_9_SHIFT0_V1|15m|UP,INVERSE_PREDICTOR,DIRECTIONAL,15m,DISCOVERY,15m,LOW,75,3222,46,38,3112,0.9658597144630664,0.014276846679081317,0.6133333333333333,1046.1534928513222,1010.4375138899178,5399.999999,9449.999999,24749.999999,2.797342311848828,2.796512338151423,0.8057512077996598,1.071544777822462,2.7257019634499287,10.294232853438047,11.123385190119851,0.011793916821849782,18000.000001,68.19500000000016,,,107778,3.079853981291353,NORMAL,UP,INVERSE_THRESHOLD_CROSS,MACD_12_26_9_SHIFT0_V1,True,0.011578907904305245,0.010645498124349229,-0.010077373512334899,STABLE_POSITIVE_FOLDS,-0.3866666666666667,3600.0
INVERSE|INVERSE_STOCH_14_3_3_POINT_BAR|STOCH_K14_KS3_D3_SHIFT0_V1|15m|DOWN,INVERSE_PREDICTOR,DIRECTIONAL,15m,DISCOVERY,15m,HIGH,75,6580,68,174,6282,0.9547112462006079,0.01033434650455927,0.9066666666666666,2136.5440604511614,2039.7826425158353,2249.999999,5399.999999,23039.999999000007,1.030476387984859,1.4959261628086158,0.9193996791519876,0.4734752370384531,1.0919587085262816,11.256381453629364,24.542313117065802,0.026443768996960486,12150.000001,74.85500000000002,,,107778,3.0797399041752223,NORMAL,DOWN,INVERSE_THRESHOLD_CROSS,STOCH_K14_KS3_D3_SHIFT0_V1,True,0.007636310674643449,-0.0012208352441003267,0.00514727284615827,STABLE_POSITIVE_FOLDS,-0.09333333333333338,450.0000000000002
INVERSE|INVERSE_STOCH_14_3_3_POINT_BAR|STOCH_K14_KS3_D3_SHIFT0_V1|15m|UP,INVERSE_PREDICTOR,DIRECTIONAL,15m,DISCOVERY,15m,LOW,75,5590,56,182,5323,0.9522361359570662,0.01001788908765653,0.7466666666666667,1814.9370815855998,1728.2486735742661,1799.999999,3824.999999,20249.999999,1.300500680534221,1.4340208776424275,0.9087506994485123,0.6283922711699665,2.240393541440314,11.519032529814936,17.575747396708106,0.03255813953488372,13500.000001,82.42500000000018,,,107778,3.079996577686516,NORMAL,UP,INVERSE_THRESHOLD_CROSS,STOCH_K14_KS3_D3_SHIFT0_V1,True,0.007319950312880459,-0.002978080381650927,0.010686849200699039,STABLE_POSITIVE_FOLDS,-0.2533333333333333,0.0
MACD|DINAPOLI_MACD_REFERENCE_V1|HIST_CROSS_UP_ZERO|HIST_CROSS_DOWN_ZERO|15m|DOWN,MACD,DIRECTIONAL,15m,DISCOVERY,15m,HIGH,75,5347,68,110,5129,0.9592294744716664,0.012717411632691229,0.9066666666666666,1736.2659677912263,1665.4774918274172,4499.999999,6299.999999,17369.999999000003,1.4481237292755595,2.001108755677364,0.8984936795444189,0.5938203347215281,1.8770502788828989,10.597666083441617,16.987942122186414,0.020572283523471107,13950.000001,84.40499999999997,,,107778,3.0795973077800594,NORMAL,DOWN,HIST_CROSS_DOWN_ZERO,DINAPOLI_MACD_REFERENCE_V1,True,0.010019375802775407,0.0032973930269581953,-0.0007242126273311091,STABLE_POSITIVE_FOLDS,-0.09333333333333338,2700.0
MACD|DINAPOLI_MACD_REFERENCE_V1|HIST_CROSS_UP_ZERO|HIST_CROSS_DOWN_ZERO|15m|UP,MACD,DIRECTIONAL,15m,DISCOVERY,15m,LOW,75,5349,72,100,5140,0.9609272761263787,0.01346045989904655,0.96,1736.6419999999998,1668.7866666666666,4499.999999,5399.999999,8909.999998999998,1.8949313180481706,2.2651640098585744,0.8618766950792449,0.9723606042802138,3.395980299170045,10.859821621588623,14.418696865276639,0.01869508319312021,14400.000001,79.21500000000003,,,107778,3.080082135523614,NORMAL,UP,HIST_CROSS_UP_ZERO,DINAPOLI_MACD_REFERENCE_V1,True,0.01076252112427048,0.005713059787661567,-0.003176207141064473,STABLE_POSITIVE_FOLDS,-0.040000000000000036,2700.0
MACD|DINAPOLI_MACD_REFERENCE_V1|MACD_CROSS_UP_SIGNAL|MACD_CROSS_DOWN_SIGNAL|15m|DOWN,MACD,DIRECTIONAL,15m,DISCOVERY,15m,HIGH,75,5347,68,110,5129,0.9592294744716664,0.012717411632691229,0.9066666666666666,1736.2659677912263,1665.4774918274172,4499.999999,6299.999999,17369.999999000003,1.4481237292755595,2.001108755677364,0.8984936795444189,0.5938203347215281,1.8770502788828989,10.597666083441617,16.987942122186414,0.020572283523471107,13950.000001,84.40499999999997,,,107778,3.0795973077800594,NORMAL,DOWN,MACD_CROSS_DOWN_SIGNAL,DINAPOLI_MACD_REFERENCE_V1,True,0.010019375802775407,0.0032973930269581953,-0.0007242126273311091,STABLE_POSITIVE_FOLDS,-0.09333333333333338,2700.0
MACD|DINAPOLI_MACD_REFERENCE_V1|MACD_CROSS_UP_SIGNAL|MACD_CROSS_DOWN_SIGNAL|15m|UP,MACD,DIRECTIONAL,15m,DISCOVERY,15m,LOW,75,5349,72,100,5140,0.9609272761263787,0.01346045989904655,0.96,1736.6419999999998,1668.7866666666666,4499.999999,5399.999999,8909.999998999998,1.8949313180481706,2.2651640098585744,0.8618766950792449,0.9723606042802138,3.395980299170045,10.859821621588623,14.418696865276639,0.01869508319312021,14400.000001,79.21500000000003,,,107778,3.080082135523614,NORMAL,UP,MACD_CROSS_UP_SIGNAL,DINAPOLI_MACD_REFERENCE_V1,True,0.01076252112427048,0.005713059787661567,-0.003176207141064473,STABLE_POSITIVE_FOLDS,-0.040000000000000036,2700.0
MACD|MACD_12_26_9_SHIFT0_V1|HIST_CROSS_UP_ZERO|HIST_CROSS_DOWN_ZERO|15m|DOWN,MACD,DIRECTIONAL,15m,DISCOVERY,15m,HIGH,75,4242,67,84,4064,0.9580386610089581,0.015794436586515793,0.8933333333333333,1377.7335148803734,1319.9219718231584,5399.999999,8099.999999,11159.999998999998,1.5045895310721333,2.2156700652153964,0.8869471642062504,0.6225632965034694,1.7863876949263213,10.57515342341014,18.680719156850472,0.019801980198019802,13500.000001,87.52500000000009,,,107778,3.0789698836413417,NORMAL,DOWN,HIST_CROSS_DOWN_ZERO,MACD_12_26_9_SHIFT0_V1,True,0.013096400756599971,0.0021065795642498664,-0.0014945159527824138,STABLE_POSITIVE_FOLDS,-0.10666666666666669,3600.0
MACD|MACD_12_26_9_SHIFT0_V1|HIST_CROSS_UP_ZERO|HIST_CROSS_DOWN_ZERO|15m|UP,MACD,DIRECTIONAL,15m,DISCOVERY,15m,LOW,75,4245,68,70,4080,0.9611307420494699,0.0160188457008245,0.9066666666666666,1378.3120971923845,1324.7381287502778,5399.999999,6299.999999,8999.999999,2.3746556627155213,2.4465976383041985,0.84005046973744,1.0591206266044155,2.9094636859751706,10.540470622685858,9.929991393952804,0.016489988221436984,18000.000001,71.46500000000003,,,107778,3.079853981291353,NORMAL,UP,HIST_CROSS_UP_ZERO,MACD_12_26_9_SHIFT0_V1,True,0.01332090692604843,0.00591652571075274,-0.005381302112747698,STABLE_POSITIVE_FOLDS,-0.09333333333333338,3600.0
MACD|MACD_12_26_9_SHIFT0_V1|MACD_CROSS_UP_SIGNAL|MACD_CROSS_DOWN_SIGNAL|15m|DOWN,MACD,DIRECTIONAL,15m,DISCOVERY,15m,HIGH,75,4242,67,84,4064,0.9580386610089581,0.015794436586515793,0.8933333333333333,1377.7335148803734,1319.9219718231584,5399.999999,8099.999999,11159.999998999998,1.5045895310721333,2.2156700652153964,0.8869471642062504,0.6225632965034694,1.7863876949263213,10.57515342341014,18.680719156850472,0.019801980198019802,13500.000001,87.52500000000009,,,107778,3.0789698836413417,NORMAL,DOWN,MACD_CROSS_DOWN_SIGNAL,MACD_12_26_9_SHIFT0_V1,True,0.013096400756599971,0.0021065795642498664,-0.0014945159527824138,STABLE_POSITIVE_FOLDS,-0.10666666666666669,3600.0
MACD|MACD_12_26_9_SHIFT0_V1|MACD_CROSS_UP_SIGNAL|MACD_CROSS_DOWN_SIGNAL|15m|UP,MACD,DIRECTIONAL,15m,DISCOVERY,15m,LOW,75,4245,68,70,4080,0.9611307420494699,0.0160188457008245,0.9066666666666666,1378.3120971923845,1324.7381287502778,5399.999999,6299.999999,8999.999999,2.3746556627155213,2.4465976383041985,0.84005046973744,1.0591206266044155,2.9094636859751706,10.540470622685858,9.929991393952804,0.016489988221436984,18000.000001,71.46500000000003,,,107778,3.079853981291353,NORMAL,UP,MACD_CROSS_UP_SIGNAL,MACD_12_26_9_SHIFT0_V1,True,0.01332090692604843,0.00591652571075274,-0.005381302112747698,STABLE_POSITIVE_FOLDS,-0.09333333333333338,3600.0
OSC_PREDICTOR|PROJECT_DINAPOLI_STYLE_OSCILLATOR_PREDICTOR_REFERENCE|CROSSED_OB_BAND_UP|15m|UP,OSC_PREDICTOR,DIRECTIONAL,15m,DISCOVERY,15m,LOW,75,6271,74,110,5934,0.946260564503269,0.011800350821240632,0.9866666666666667,2036.3617706982773,1926.9288386738283,3599.999999,5399.999999,8999.999999,2.0072731509400032,2.3898858529865947,0.858268655439971,0.870745588346457,2.8753573602648004,11.033423486486317,11.629127857747667,0.017541062031573913,16650.000001,87.13999999999999,,,107778,3.0795117499429616,NORMAL,UP,CROSSED_OB_BAND_UP,PROJECT_DINAPOLI_STYLE_OSCILLATOR_PREDICTOR_REFERENCE,True,0.009102412046464562,-0.008953651835448162,-0.004330228302610768,STABLE_POSITIVE_FOLDS,-0.013333333333333308,1800.0000000000002
OSC_PREDICTOR|PROJECT_DINAPOLI_STYLE_OSCILLATOR_PREDICTOR_REFERENCE|CROSSED_OS_BAND_DOWN|15m|DOWN,OSC_PREDICTOR,DIRECTIONAL,15m,DISCOVERY,15m,HIGH,75,6329,74,104,6004,0.9486490756833623,0.011692210459788277,0.9866666666666667,2055.348201385544,1949.8041714518579,4499.999999,6299.999999,14129.999999000001,1.540596762357104,2.493008416156875,0.88258555449567,0.6961429160209505,1.8508756296911284,10.57567119495464,15.719377899157317,0.016432295781324064,18900.000001,96.02500000000009,,,107778,3.0792835957107005,NORMAL,DOWN,CROSSED_OS_BAND_DOWN,PROJECT_DINAPOLI_STYLE_OSCILLATOR_PREDICTOR_REFERENCE,True,0.008994174629872455,-0.007283005761345884,-0.004864200369478152,STABLE_POSITIVE_FOLDS,-0.013333333333333308,2700.0
OSC_PREDICTOR|PROJECT_DINAPOLI_STYLE_OSCILLATOR_PREDICTOR_REFERENCE|FORECAST_OB_CROSS|15m|UP,OSC_PREDICTOR,DIRECTIONAL,15m,DISCOVERY,15m,LOW,75,9208,74,152,8723,0.9473284100781929,0.008036490008688097,0.9866666666666667,2989.4753060128514,2832.0148886131738,4049.9999989999997,5399.999999,8999.999999,2.0611291757031394,2.3971078953830034,0.8579426892798773,0.9211036008434007,3.1511411242861644,10.622036642635827,11.668462233958582,0.016507384882710686,17100.000001,85.92500000000007,,,107778,3.0801391740816793,NORMAL,UP,FORECAST_OB_CROSS,PROJECT_DINAPOLI_STYLE_OSCILLATOR_PREDICTOR_REFERENCE,True,0.0053385512339120264,-0.007885806260524264,-0.005363905451473996,STABLE_POSITIVE_FOLDS,-0.013333333333333308,2250.0
OSC_PREDICTOR|PROJECT_DINAPOLI_STYLE_OSCILLATOR_PREDICTOR_REFERENCE|FORECAST_OS_CROSS|15m|DOWN,OSC_PREDICTOR,DIRECTIONAL,15m,DISCOVERY,15m,HIGH,75,9137,75,148,8682,0.95020247345956,0.008208383495676918,1.0,2967.248620012596,2819.4869781054344,4499.999999,5849.999999,8999.999999,1.398809523809518,2.2826211760846546,0.8881976076732213,0.6394073382267808,1.8353848115951379,10.597391262182995,16.094126231302525,0.01619787676480245,18000.000001,96.02500000000009,,,107778,3.0792835957107005,NORMAL,DOWN,FORECAST_OS_CROSS,PROJECT_DINAPOLI_STYLE_OSCILLATOR_PREDICTOR_REFERENCE,True,0.005510347665761096,-0.005729607985148211,-0.0050986193859997656,STABLE_POSITIVE_FOLDS,0.0,2700.0
PURE_DNO|DNO_PERIOD_7_REFERENCE|DNO_ZERO_CROSS_DOWN|15m|DOWN,PURE_DNO,DIRECTIONAL,15m,DISCOVERY,15m,HIGH,75,12483,75,267,11921,0.9549787711287351,0.00600817111271329,1.0,4052.626378408407,3870.1721586963567,2699.999999,4499.999999,4499.999999,1.1163629578953898,1.7255593220338954,0.9130245456420603,0.4961558768434053,1.2200691769153678,10.860513322576164,21.643094264398815,0.02138908916125931,14400.000001,81.40000000000009,,,107778,3.080224731918777,NORMAL,DOWN,DNO_ZERO_CROSS_DOWN,DNO_PERIOD_7_REFERENCE,True,0.0033101352827974682,-0.0009533103159731215,9.259301045709545e-05,STABLE_POSITIVE_FOLDS,0.0,900.0000000000002
PURE_DNO|DNO_PERIOD_7_REFERENCE|DNO_ZERO_CROSS_UP|15m|UP,PURE_DNO,DIRECTIONAL,15m,DISCOVERY,15m,LOW,75,12482,75,243,11964,0.9585002403460984,0.00600865245954174,1.0,4052.451810631383,3884.2760344811622,3599.999999,4499.999999,5399.999999,1.659205968558486,2.0168060688581995,0.8814138529021728,0.6822496774666003,2.734670321662016,11.53439805331813,17.39744175422577,0.01946803396891524,14400.000001,83.2199999999998,,,107778,3.0801106548026467,NORMAL,UP,DNO_ZERO_CROSS_UP,DNO_PERIOD_7_REFERENCE,True,0.0033107136847656694,0.0032860240073812053,-0.0024032563652694426,STABLE_POSITIVE_FOLDS,0.0,1800.0000000000002
STOCH|DINAPOLI_PREFERRED_STOCHASTIC_REFERENCE_V1|K_CROSS_UP_D|K_CROSS_DOWN_D|15m|DOWN,STOCHASTIC,DIRECTIONAL,15m,DISCOVERY,15m,HIGH,75,9820,75,205,9395,0.9567209775967414,0.007637474541751527,1.0,3188.108588570794,3050.130365542017,2699.999999,3599.999999,9539.999999000007,1.0327641901246012,1.586666666666671,0.9220584061044232,0.4232453192785435,1.0319083590100513,11.005719068210347,22.89090909090936,0.020875763747454174,14400.000001,79.69999999999982,,,107778,3.0801962126397444,NORMAL,DOWN,K_CROSS_DOWN_D,DINAPOLI_PREFERRED_STOCHASTIC_REFERENCE_V1,True,0.004939438711835706,0.0007888961520331472,-0.0004207324033480425,STABLE_POSITIVE_FOLDS,0.0,900.0000000000002
STOCH|DINAPOLI_PREFERRED_STOCHASTIC_REFERENCE_V1|K_CROSS_UP_D|K_CROSS_DOWN_D|15m|UP,STOCHASTIC,DIRECTIONAL,15m,DISCOVERY,15m,LOW,75,9816,75,201,9398,0.9574164629176855,0.007640586797066014,1.0,3187.075549793972,3051.358599935182,2699.999999,4499.999999,13139.999999000007,1.5341701534170153,1.8037950090665733,0.8929242098803316,0.5952732182587508,2.4538705854934326,12.029715229054888,18.778283358714546,0.02047677261613692,14400.000001,82.75,,,107778,3.0799395391284508,NORMAL,UP,K_CROSS_UP_D,DINAPOLI_PREFERRED_STOCHASTIC_REFERENCE_V1,True,0.004942648022289943,0.002202246578968281,-0.0013945177180477615,STABLE_POSITIVE_FOLDS,0.0,900.0000000000002
STOCH|STOCH_K14_KS3_D3_SHIFT0_V1|K_CROSS_UP_D|K_CROSS_DOWN_D|15m|DOWN,STOCHASTIC,DIRECTIONAL,15m,DISCOVERY,15m,HIGH,75,13163,75,279,12585,0.9560890374534681,0.005697789257767986,1.0,4273.389491227258,4085.7408453312346,1799.999999,2699.999999,4139.999999000008,0.9386288714739647,1.5288589709410911,0.9192504882812499,0.45257502960086443,1.0509572367102822,11.204069749624592,23.39028406652818,0.02119577603889691,13500.000001,75.62999999999965,,,107778,3.080224731918777,NORMAL,DOWN,K_CROSS_DOWN_D,STOCH_K14_KS3_D3_SHIFT0_V1,True,0.0029997534278521643,0.0001569560087598676,-0.00010072011190530653,STABLE_POSITIVE_FOLDS,0.0,0.0
STOCH|STOCH_K14_KS3_D3_SHIFT0_V1|K_CROSS_UP_D|K_CROSS_DOWN_D|15m|UP,STOCHASTIC,DIRECTIONAL,15m,DISCOVERY,15m,LOW,75,13162,75,285,12578,0.9556298434888315,0.005698222154687738,1.0,4273.38137170477,4083.770771410317,1799.999999,2699.999999,8279.999999000014,1.3119325859188635,1.4357310169822293,0.9088178419492071,0.4883057615516313,1.7730258812710187,12.117905639986839,27.24858757062176,0.021653244187813402,14400.000001,82.07999999999993,,,107778,3.079996577686516,NORMAL,UP,K_CROSS_UP_D,STOCH_K14_KS3_D3_SHIFT0_V1,True,0.0030002833799116667,0.00041562715011433937,-0.0002180461463712792,STABLE_POSITIVE_FOLDS,0.0,0.0
DMA|DMA_SMA_P25_SHIFT5_V1|MA_SLOPE_TURN_UP|MA_SLOPE_TURN_DOWN|30m|DOWN,DMA,DIRECTIONAL,30m,DISCOVERY,30m,HIGH,78,2577,75,48,2402,0.9320915793558401,0.02910360884749709,0.9615384615384616,836.7279798503592,779.9071042299429,21599.999999,30599.999999,39959.99999900003,2.916762095220015,3.191133004926109,0.8215915573302908,1.5635746710073808,4.114038706585374,13.848016390389265,9.72149848454932,0.018626309662398137,23400.000001,16.040000000000006,,,53893,3.079853981291353,NORMAL,DOWN,MA_SLOPE_TURN_DOWN,DMA_SMA_P25_SHIFT5_V1,True,0.02365896274949346,0.0015457186829376246,-0.01522822056236802,STABLE_POSITIVE_FOLDS,-0.038461538461538436,18000.0
DMA|DMA_SMA_P25_SHIFT5_V1|MA_SLOPE_TURN_UP|MA_SLOPE_TURN_DOWN|30m|UP,DMA,DIRECTIONAL,30m,DISCOVERY,30m,LOW,78,2564,61,60,2413,0.9411076443057722,0.02379095163806552,0.782051282051282,832.3528496833685,783.3336295967115,21599.999999,34199.999999,41399.999999,3.9701419079648947,3.206669591926278,0.79700531716252,1.5422578655151142,5.028119377087132,13.917175831636117,11.748037253694577,0.0234009360374415,23400.000001,13.28500000000001,,,53893,3.0804243668720055,NORMAL,UP,MA_SLOPE_TURN_UP,DMA_SMA_P25_SHIFT5_V1,True,0.01834820514445028,0.009909542289164852,-0.009674215731451115,STABLE_POSITIVE_FOLDS,-0.21794871794871795,18000.0
DMA|DMA_SMA_P25_SHIFT5_V1|PRICE_CROSS_UP_MA|PRICE_CROSS_DOWN_MA|30m|DOWN,DMA,DIRECTIONAL,30m,DISCOVERY,30m,HIGH,78,3057,76,73,2852,0.9329407916257769,0.024860974811907098,0.9743589743589743,992.4508638408978,925.8978945614133,15299.999999,23399.999999,30599.999999,2.57158944643363,2.805388191932634,0.8427654264972777,1.2908225370799995,3.915383633170054,14.22438913281035,10.979432928471113,0.02387962054301603,21600.000001,18.120000000000005,,,53893,3.0802532511978096,NORMAL,DOWN,PRICE_CROSS_DOWN_MA,DMA_SMA_P25_SHIFT5_V1,True,0.019416328713903468,0.0023949309528744633,-0.009974909681750129,STABLE_POSITIVE_FOLDS,-0.02564102564102566,11700.0
DMA|DMA_SMA_P25_SHIFT5_V1|PRICE_CROSS_UP_MA|PRICE_CROSS_DOWN_MA|30m|UP,DMA,DIRECTIONAL,30m,DISCOVERY,30m,LOW,78,3051,73,74,2873,0.9416584726319239,0.023926581448705343,0.9358974358974359,990.5213140254065,932.7327876745306,16199.999999,26999.999999,35999.999999,3.396962233169132,2.993710691823891,0.8263387978142078,1.2768491710705279,4.741740574607148,13.93194266402517,10.694910922897158,0.024254342838413635,24300.000001,12.965000000000018,,,53893,3.0801962126397444,NORMAL,UP,PRICE_CROSS_UP_MA,DMA_SMA_P25_SHIFT5_V1,True,0.018483834955090102,0.010460370615316572,-0.008820808930478978,STABLE_POSITIVE_FOLDS,-0.0641025641025641,12600.0
DMA|DMA_SMA_P3_SHIFT3_V1|MA_SLOPE_TURN_UP|MA_SLOPE_TURN_DOWN|30m|DOWN,DMA,DIRECTIONAL,30m,DISCOVERY,30m,HIGH,78,7778,78,258,7231,0.9296734379017743,0.010028284906145539,1.0,2525.6782797132855,2348.056009334889,5399.999999,7199.999999,7199.999999,1.3525423646800507,1.7134835178430934,0.914318284936479,0.6150685611276537,1.6469928921137549,14.68296119379419,26.001841699696946,0.03317048084340447,21600.000001,17.50500000000001,,,53893,3.0795687885010268,NORMAL,DOWN,MA_SLOPE_TURN_DOWN,DMA_SMA_P3_SHIFT3_V1,True,0.004583638808141909,-0.0008724227711282007,-0.0006840493813616844,STABLE_POSITIVE_FOLDS,0.0,1799.9999999999995
DMA|DMA_SMA_P3_SHIFT3_V1|MA_SLOPE_TURN_UP|MA_SLOPE_TURN_DOWN|30m|UP,DMA,DIRECTIONAL,30m,DISCOVERY,30m,LOW,78,7780,78,254,7249,0.9317480719794344,0.010025706940874035,1.0,2525.859891483491,2353.4650839799265,5399.999999,7199.999999,8999.999999,2.3360381345543644,1.8432486301651139,0.8827354212932759,0.9898921416526381,2.790833038197572,15.510789261036635,20.250000000000014,0.032647814910025705,21600.000001,14.749999999999986,,,53893,3.0801391740816793,NORMAL,UP,MA_SLOPE_TURN_UP,DMA_SMA_P3_SHIFT3_V1,True,0.004582960447258796,0.0005499699628270793,-0.00042733685886690853,STABLE_POSITIVE_FOLDS,0.0,1799.9999999999995
DMA|DMA_SMA_P3_SHIFT3_V1|PRICE_CROSS_UP_MA|PRICE_CROSS_DOWN_MA|30m|DOWN,DMA,DIRECTIONAL,30m,DISCOVERY,30m,HIGH,78,10551,78,349,9821,0.9308122452848071,0.007392664202445266,1.0,3425.4311321802898,3188.433243213214,3599.999999,5399.999999,5399.999999,1.2883886948395187,1.4842903578978732,0.9265220079585796,0.5346105517008909,1.4460573893540216,14.860011897697952,29.46719457013578,0.033077433418633305,21600.000001,15.610000000000014,,,53893,3.0801962126397444,NORMAL,DOWN,PRICE_CROSS_DOWN_MA,DMA_SMA_P3_SHIFT3_V1,True,0.001948018104441636,0.00026638461190464646,-0.0007770968061328529,STABLE_POSITIVE_FOLDS,0.0,0.0
DMA|DMA_SMA_P3_SHIFT3_V1|PRICE_CROSS_UP_MA|PRICE_CROSS_DOWN_MA|30m|UP,DMA,DIRECTIONAL,30m,DISCOVERY,30m,LOW,78,10553,78,338,9828,0.9312991566379228,0.007391263147920023,1.0,3426.080441465131,3190.705825710159,3599.999999,5399.999999,5399.999999,1.896808693490899,1.708523357086299,0.9035130071069954,0.8356410569023923,2.7390006051676345,16.480266563178745,22.851835279513665,0.0320288069743201,21600.000001,15.570000000000007,,,53893,3.0801962126397444,NORMAL,UP,PRICE_CROSS_UP_MA,DMA_SMA_P3_SHIFT3_V1,True,0.001948516654304783,0.00010105462131548837,-0.0010463447945725166,STABLE_POSITIVE_FOLDS,0.0,0.0
DMA|DMA_SMA_P7_SHIFT5_V1|MA_SLOPE_TURN_UP|MA_SLOPE_TURN_DOWN|30m|DOWN,DMA,DIRECTIONAL,30m,DISCOVERY,30m,HIGH,78,5067,78,152,4714,0.9303335306887704,0.015393724097098875,1.0,1645.6650302884348,1531.017357959282,7199.999999,12599.999999,14399.999999,1.6730061905138343,1.8405260448024507,0.8930936848401891,0.7289640282595485,2.381917010240914,14.56902215627488,21.25923494397752,0.029998026445628576,21600.000001,17.114999999999995,,,53893,3.0789984029203743,NORMAL,DOWN,MA_SLOPE_TURN_DOWN,DMA_SMA_P7_SHIFT5_V1,True,0.009949077999095245,-0.0002123299841320092,-0.0038565037791375816,STABLE_POSITIVE_FOLDS,0.0,3599.9999999999995
DMA|DMA_SMA_P7_SHIFT5_V1|MA_SLOPE_TURN_UP|MA_SLOPE_TURN_DOWN|30m|UP,DMA,DIRECTIONAL,30m,DISCOVERY,30m,LOW,78,5067,78,157,4729,0.9332938622459048,0.015393724097098875,1.0,1645.086,1535.3486666666665,10799.999999,12599.999999,14399.999999,2.7766482103537893,2.231259556640844,0.8549665167770522,1.1312511250850568,3.1088759466097993,14.345761571689692,15.556358381502987,0.030984803631340044,21600.000001,13.349999999999994,,,53893,3.080082135523614,NORMAL,UP,MA_SLOPE_TURN_UP,DMA_SMA_P7_SHIFT5_V1,True,0.009950977603483634,0.002095760229297472,-0.002090348137552569,STABLE_POSITIVE_FOLDS,0.0,7200.0
DMA|DMA_SMA_P7_SHIFT5_V1|PRICE_CROSS_UP_MA|PRICE_CROSS_DOWN_MA|30m|DOWN,DMA,DIRECTIONAL,30m,DISCOVERY,30m,HIGH,78,6284,78,208,5837,0.9288669637173774,0.012412476129853597,1.0,2040.5076307601125,1895.3601274262853,5399.999999,8549.999999,10799.999999,1.4970852013155458,1.835269739125288,0.9059376353690085,0.626564120848877,2.208493471151334,14.623204395742277,22.190549551860293,0.033099936346276254,20700.000001,18.049999999999997,,,53893,3.079625827059092,NORMAL,DOWN,PRICE_CROSS_DOWN_MA,DMA_SMA_P7_SHIFT5_V1,True,0.0069678300318499675,-0.0016788969555250333,-0.0007545938784899037,STABLE_POSITIVE_FOLDS,0.0,1799.9999999999995
DMA|DMA_SMA_P7_SHIFT5_V1|PRICE_CROSS_UP_MA|PRICE_CROSS_DOWN_MA|30m|UP,DMA,DIRECTIONAL,30m,DISCOVERY,30m,LOW,78,6284,77,195,5867,0.9336409929980903,0.0122533418204965,0.9871794871794872,2040.2053333333333,1904.8193333333334,7199.999999,8999.999999,11519.99999900001,2.664709336465068,2.060534124629082,0.864891430613887,1.063389034663715,3.111348662244199,15.135153685125651,13.672588704959427,0.03103119032463399,23400.000001,14.029999999999973,,,53893,3.080082135523614,NORMAL,UP,PRICE_CROSS_UP_MA,DMA_SMA_P7_SHIFT5_V1,True,0.00681059532688126,0.0024428909814829813,-0.0020439614442586233,STABLE_POSITIVE_FOLDS,-0.012820512820512775,3599.9999999999995
DNO_QUANTILE|CAUSAL_DNO_QUANTILE_80_20_CONTROL_V1|CROSSED_OB_BAND_UP|30m|UP,DNO_QUANTILE,DIRECTIONAL,30m,DISCOVERY,30m,LOW,78,3480,77,103,3179,0.9135057471264367,0.022126436781609197,0.9871794871794872,1129.8190774244922,1032.0962204403622,7199.999999,10799.999999,17639.99999900002,2.72162162162162,2.4101888449714477,0.8604538870111058,1.0148536671368165,3.1861147568688843,15.135153685125651,14.22665089037933,0.02959770114942529,23400.000001,15.389999999999986,,,53893,3.0801391740816793,NORMAL,UP,CROSSED_OB_BAND_UP,CAUSAL_DNO_QUANTILE_80_20_CONTROL_V1,True,0.016683690287993956,-0.017692354890170625,-0.0034774506194673246,STABLE_POSITIVE_FOLDS,-0.012820512820512775,3599.9999999999995
DNO_QUANTILE|CAUSAL_DNO_QUANTILE_80_20_CONTROL_V1|CROSSED_OS_BAND_DOWN|30m|DOWN,DNO_QUANTILE,DIRECTIONAL,30m,DISCOVERY,30m,HIGH,78,3780,76,105,3451,0.912962962962963,0.020105820105820106,0.9743589743589743,1227.3536438559124,1120.528419298083,7199.999999,10799.999999,17099.999999,1.9666235382165966,2.226526647699138,0.880064784329821,0.7624758687635063,2.7253275074210075,13.221368234758181,17.400355352695232,0.027777777777777776,23400.000001,21.360000000000014,,,53893,3.079796942733288,NORMAL,DOWN,CROSSED_OS_BAND_DOWN,CAUSAL_DNO_QUANTILE_80_20_CONTROL_V1,True,0.014661174007816476,-0.017582897709939482,-0.006076752446988382,STABLE_POSITIVE_FOLDS,-0.02564102564102566,3599.9999999999995
DNO_QUANTILE|CAUSAL_DNO_QUANTILE_80_20_CONTROL_V1|FORECAST_OB_CROSS|30m|UP,DNO_QUANTILE,DIRECTIONAL,30m,DISCOVERY,30m,LOW,78,5227,77,123,4852,0.9282571264587718,0.014731203367132198,0.9871794871794872,1697.2212468052007,1575.4577175241695,8999.999999,14399.999999,23399.999999,2.731523254860141,2.4401816407079027,0.8547089148748893,1.1304033672700913,3.4300835491544124,14.441161386131052,12.288898722943218,0.02353166252152286,23400.000001,18.559999999999945,,,53893,3.0797399041752223,NORMAL,UP,FORECAST_OB_CROSS,CAUSAL_DNO_QUANTILE_80_20_CONTROL_V1,True,0.009288456873516957,-0.002940975557835568,-0.009543489247369752,STABLE_POSITIVE_FOLDS,-0.012820512820512775,5400.0
DNO_QUANTILE|CAUSAL_DNO_QUANTILE_80_20_CONTROL_V1|FORECAST_OS_CROSS|30m|DOWN,DNO_QUANTILE,DIRECTIONAL,30m,DISCOVERY,30m,HIGH,78,5287,77,130,4884,0.9237752979005107,0.014564024966899944,0.9871794871794872,1716.6716177423834,1585.8188350773219,7199.999999,12599.999999,18719.99999900001,2.0113768503095564,2.167149758454111,0.8792335277284742,0.8885544458126249,2.846608750892462,13.430187423755132,16.509889652300572,0.024588613580480423,23400.000001,17.33,,,53893,3.079796942733288,NORMAL,DOWN,FORECAST_OS_CROSS,CAUSAL_DNO_QUANTILE_80_20_CONTROL_V1,True,0.009119378868896313,-0.006770562772391742,-0.009265916644285735,STABLE_POSITIVE_FOLDS,-0.012820512820512775,3599.9999999999995
INVERSE|INVERSE_DMA_25X5|DMA_SMA_P25_SHIFT5_V1|30m|DOWN,INVERSE_PREDICTOR,DIRECTIONAL,30m,DISCOVERY,30m,HIGH,78,3032,71,72,2839,0.9363456464379947,0.02341688654353562,0.9102564102564102,984.4075631030205,921.7457360321488,14399.999999,23399.999999,32399.999999,2.5959805755642904,2.7796899445313836,0.846093545858375,1.2930950969336903,3.973319945492356,15.465997271987433,10.926755765199136,0.023746701846965697,21600.000001,18.139999999999986,,,53893,3.0800250969655485,NORMAL,DOWN,INVERSE_THRESHOLD_CROSS,DMA_SMA_P25_SHIFT5_V1,True,0.01797224044553199,0.0057997857650922136,-0.01010782837780046,STABLE_POSITIVE_FOLDS,-0.08974358974358976,10800.0
INVERSE|INVERSE_DMA_25X5|DMA_SMA_P25_SHIFT5_V1|30m|UP,INVERSE_PREDICTOR,DIRECTIONAL,30m,DISCOVERY,30m,LOW,78,3062,72,73,2897,0.9461136512083606,0.023514043109079032,0.9230769230769231,994.0925150920336,940.5244990926262,16199.999999,26999.999999,35999.999999,3.5304476727438114,2.9965805968012647,0.8299394370615959,1.3109089446308464,4.592724185493893,14.187960744930818,11.147900408769837,0.023840627041149576,25200.000001,13.470000000000027,,,53893,3.0801962126397444,NORMAL,UP,INVERSE_THRESHOLD_CROSS,DMA_SMA_P25_SHIFT5_V1,True,0.01807129661546379,0.014915549191753197,-0.009234524727743037,STABLE_POSITIVE_FOLDS,-0.07692307692307687,12600.0
INVERSE|INVERSE_DMA_3X3|DMA_SMA_P3_SHIFT3_V1|30m|DOWN,INVERSE_PREDICTOR,DIRECTIONAL,30m,DISCOVERY,30m,HIGH,78,9881,78,314,9183,0.9293593765813177,0.00789393786054043,1.0,3207.6749250083326,2981.0827685812687,3599.999999,7199.999999,13139.999998999994,1.3776435358227062,1.599798671623054,0.9188428162461977,0.5636903700063599,1.7914246270367271,14.416578312248259,28.532001111339106,0.03177816010525251,21600.000001,15.600000000000023,,,53893,3.0804243668720055,NORMAL,DOWN,INVERSE_THRESHOLD_CROSS,DMA_SMA_P3_SHIFT3_V1,True,0.002449291762536801,-0.0011864840915847275,-0.00207637011951365,STABLE_POSITIVE_FOLDS,0.0,0.0
INVERSE|INVERSE_DMA_3X3|DMA_SMA_P3_SHIFT3_V1|30m|UP,INVERSE_PREDICTOR,DIRECTIONAL,30m,DISCOVERY,30m,LOW,78,10036,78,324,9317,0.9283579115185333,0.007772020725388601,1.0,3258.2339913336546,3024.807303433206,3599.999999,7199.999999,10799.999999,2.027217063195324,1.7975740464954477,0.8973497784018363,0.9362919600136266,2.6942467544503015,16.480266563178745,22.73628590475472,0.03228377839776803,21600.000001,16.039999999999978,,,53893,3.0801962126397444,NORMAL,UP,INVERSE_THRESHOLD_CROSS,DMA_SMA_P3_SHIFT3_V1,True,0.002329274231773361,-0.0028401904980740467,-0.0007913733711245804,STABLE_POSITIVE_FOLDS,0.0,0.0
INVERSE|INVERSE_DMA_7X5|DMA_SMA_P7_SHIFT5_V1|30m|DOWN,INVERSE_PREDICTOR,DIRECTIONAL,30m,DISCOVERY,30m,HIGH,78,6150,78,191,5712,0.9287804878048781,0.012682926829268294,1.0,1997.4767965319847,1855.2174734619018,7199.999999,12149.999999,16199.999999,1.676208140381488,1.9088538404768027,0.8947426493403292,0.8573582966290795,2.9005147024060633,14.00952280450879,18.87929007147681,0.03105691056910569,19800.000001,14.539999999999964,,,53893,3.0788843258042435,NORMAL,DOWN,INVERSE_THRESHOLD_CROSS,DMA_SMA_P7_SHIFT5_V1,True,0.007238280731264664,-0.0017653728680243619,-0.002797619655660468,STABLE_POSITIVE_FOLDS,0.0,3599.9999999999995
INVERSE|INVERSE_DMA_7X5|DMA_SMA_P7_SHIFT5_V1|30m|UP,INVERSE_PREDICTOR,DIRECTIONAL,30m,DISCOVERY,30m,LOW,78,6153,78,182,5752,0.9348285389241021,0.012676743052169674,1.0,1997.7479906663211,1867.5518352531576,7199.999999,12599.999999,25739.999998999996,2.675327173318858,2.252084521094644,0.8646327046254929,1.0547905364824945,4.257216306281386,14.401292662662122,13.698311347616114,0.02957906712172924,23400.000001,14.100000000000023,,,53893,3.0799680584074833,NORMAL,UP,INVERSE_THRESHOLD_CROSS,DMA_SMA_P7_SHIFT5_V1,True,0.007233996558554434,0.0036304369074947607,-0.003496084647163375,STABLE_POSITIVE_FOLDS,0.0,3599.9999999999995
INVERSE|INVERSE_DNO_N7_OB_OS|DNO_PERIOD_7_REFERENCE|30m|DOWN,INVERSE_PREDICTOR,DIRECTIONAL,30m,DISCOVERY,30m,HIGH,78,3259,52,104,3034,0.930960417305922,0.01595581466707579,0.6666666666666666,1058.265044174029,985.202867144524,4499.999999,7649.999999,12599.999999,1.5317316184181369,1.7281720870229802,0.9093089830798257,0.7079424895940136,2.726053280281395,17.184582393429924,23.906947639020615,0.03191162933415158,18900.000001,86.51499999999987,,,53893,3.0795687885010268,NORMAL,DOWN,INVERSE_THRESHOLD_CROSS,DNO_PERIOD_7_REFERENCE,True,0.010511168569072159,0.00041455663301959156,-0.0019429008906145795,STABLE_POSITIVE_FOLDS,-0.33333333333333337,899.9999999999995
INVERSE|INVERSE_DNO_N7_OB_OS|DNO_PERIOD_7_REFERENCE|30m|UP,INVERSE_PREDICTOR,DIRECTIONAL,30m,DISCOVERY,30m,LOW,78,3176,50,92,2972,0.9357682619647355,0.015743073047858942,0.6410256410256411,1031.3896308370533,965.1416822568397,7199.999999,13949.999999,30599.999999,2.8744942442167547,2.085638780658663,0.856855254038613,1.173466110977861,5.053367776926535,15.57596506381486,15.323933214272472,0.028967254408060455,18900.000001,79.00500000000011,,,53893,3.0793406342687657,NORMAL,UP,INVERSE_THRESHOLD_CROSS,DNO_PERIOD_7_REFERENCE,True,0.010300326554243702,0.00457015994812815,-0.0041078973608321585,STABLE_POSITIVE_FOLDS,-0.3589743589743589,3599.9999999999995
INVERSE|INVERSE_MACD_12_26_9_SIGNAL_CROSS|MACD_12_26_9_SHIFT0_V1|30m|DOWN,INVERSE_PREDICTOR,DIRECTIONAL,30m,DISCOVERY,30m,HIGH,78,1485,28,34,1415,0.9528619528619529,0.018855218855218854,0.358974358974359,484.291374467531,461.4628248293309,7199.999999,22049.999999,38339.999999,1.9464449276990239,2.5169902937329107,0.8773534717716757,0.8881376025269941,4.045418762038676,14.722245947821673,16.729780203084395,0.022895622895622896,27000.000001,13.060000000000002,,,53893,3.066335843029888,NORMAL,DOWN,INVERSE_THRESHOLD_CROSS,MACD_12_26_9_SHIFT0_V1,True,0.013410572757215224,0.022316092189050396,-0.010958907329143262,STABLE_POSITIVE_FOLDS,-0.641025641025641,3599.9999999999995
INVERSE|INVERSE_MACD_12_26_9_SIGNAL_CROSS|MACD_12_26_9_SHIFT0_V1|30m|UP,INVERSE_PREDICTOR,DIRECTIONAL,30m,DISCOVERY,30m,LOW,78,1588,33,40,1500,0.9445843828715366,0.020780856423173802,0.4230769230769231,515.8094673459935,487.2255673923113,12599.999999,17999.999999,33839.999999,2.9611451942740326,2.475138121546937,0.890713495040248,1.3937936734540541,4.826062700619399,16.75012114359555,12.980436726847216,0.02518891687657431,28800.000001,14.120000000000019,,,53893,3.0786561715719825,NORMAL,UP,INVERSE_THRESHOLD_CROSS,MACD_12_26_9_SHIFT0_V1,True,0.015338109929558561,0.013386280854929211,-0.007886234892318305,STABLE_POSITIVE_FOLDS,-0.5769230769230769,9000.0
INVERSE|INVERSE_STOCH_14_3_3_POINT_BAR|STOCH_K14_KS3_D3_SHIFT0_V1|30m|DOWN,INVERSE_PREDICTOR,DIRECTIONAL,30m,DISCOVERY,30m,HIGH,78,3224,60,135,3000,0.9305210918114144,0.018610421836228287,0.7692307692307693,1046.8610375419037,974.1262756283222,3599.999999,7199.999999,32399.999999,1.3507072217640652,1.5192056065643205,0.9081206031787388,0.5807958209104784,1.5278955981031792,13.70101073660581,24.90144230769215,0.04187344913151365,18000.000001,13.360000000000014,,,53893,3.079682865617157,NORMAL,DOWN,INVERSE_THRESHOLD_CROSS,STOCH_K14_KS3_D3_SHIFT0_V1,True,0.013165775738224656,-2.4768861488055904e-05,0.00801891890674749,STABLE_POSITIVE_FOLDS,-0.23076923076923073,0.0
INVERSE|INVERSE_STOCH_14_3_3_POINT_BAR|STOCH_K14_KS3_D3_SHIFT0_V1|30m|UP,INVERSE_PREDICTOR,DIRECTIONAL,30m,DISCOVERY,30m,LOW,78,2576,52,127,2383,0.9250776397515528,0.020186335403726708,0.6666666666666666,836.356821422619,773.6949943517473,3599.999999,5399.999999,10619.999998999998,1.8076504476242379,1.4608821262001817,0.9190856806040073,0.6243036768231909,2.3787866128716053,16.691450046298115,25.460669769806966,0.04930124223602485,23400.000001,18.790000000000077,,,53893,3.0800250969655485,NORMAL,UP,INVERSE_THRESHOLD_CROSS,STOCH_K14_KS3_D3_SHIFT0_V1,True,0.014743588910111467,-0.006120462265054583,0.016226090467132234,STABLE_POSITIVE_FOLDS,-0.33333333333333337,0.0
MACD|DINAPOLI_MACD_REFERENCE_V1|HIST_CROSS_UP_ZERO|HIST_CROSS_DOWN_ZERO|30m|DOWN,MACD,DIRECTIONAL,30m,DISCOVERY,30m,HIGH,78,2631,69,97,2439,0.927023945267959,0.026225769669327253,0.8846153846153846,854.5144868469803,792.155390885513,8999.999999,12599.999999,17999.999999,1.8263820666249901,2.235630689206764,0.8864473684210527,0.758410155051633,3.1136080453598884,14.561920280772132,18.69655172413771,0.03686811098441657,21600.000001,19.940000000000055,,,53893,3.078941364362309,NORMAL,DOWN,HIST_CROSS_DOWN_ZERO,DINAPOLI_MACD_REFERENCE_V1,True,0.020781123571323622,-0.0035219154049435097,0.003013580759650414,STABLE_POSITIVE_FOLDS,-0.11538461538461542,5400.0
MACD|DINAPOLI_MACD_REFERENCE_V1|HIST_CROSS_UP_ZERO|HIST_CROSS_DOWN_ZERO|30m|UP,MACD,DIRECTIONAL,30m,DISCOVERY,30m,LOW,78,2631,72,81,2461,0.935385784872672,0.027366020524515394,0.9230769230769231,854.2929214357151,799.0934548283143,8999.999999,12599.999999,16199.999999,2.6519833154473877,2.2161043294710767,0.8744396999376802,1.170564370744751,3.563204340179076,14.958561541363547,12.245511049723842,0.03078677309007982,27000.000001,14.340000000000146,,,53893,3.0797399041752223,NORMAL,UP,HIST_CROSS_UP_ZERO,DINAPOLI_MACD_REFERENCE_V1,True,0.021923274030900154,0.004187682856064634,-0.002288378678812795,STABLE_POSITIVE_FOLDS,-0.07692307692307687,5400.0
MACD|DINAPOLI_MACD_REFERENCE_V1|MACD_CROSS_UP_SIGNAL|MACD_CROSS_DOWN_SIGNAL|30m|DOWN,MACD,DIRECTIONAL,30m,DISCOVERY,30m,HIGH,78,2631,69,97,2439,0.927023945267959,0.026225769669327253,0.8846153846153846,854.5144868469803,792.155390885513,8999.999999,12599.999999,17999.999999,1.8263820666249901,2.235630689206764,0.8864473684210527,0.758410155051633,3.1136080453598884,14.561920280772132,18.69655172413771,0.03686811098441657,21600.000001,19.940000000000055,,,53893,3.078941364362309,NORMAL,DOWN,MACD_CROSS_DOWN_SIGNAL,DINAPOLI_MACD_REFERENCE_V1,True,0.020781123571323622,-0.0035219154049435097,0.003013580759650414,STABLE_POSITIVE_FOLDS,-0.11538461538461542,5400.0
MACD|DINAPOLI_MACD_REFERENCE_V1|MACD_CROSS_UP_SIGNAL|MACD_CROSS_DOWN_SIGNAL|30m|UP,MACD,DIRECTIONAL,30m,DISCOVERY,30m,LOW,78,2631,72,81,2461,0.935385784872672,0.027366020524515394,0.9230769230769231,854.2929214357151,799.0934548283143,8999.999999,12599.999999,16199.999999,2.6519833154473877,2.2161043294710767,0.8744396999376802,1.170564370744751,3.563204340179076,14.958561541363547,12.245511049723842,0.03078677309007982,27000.000001,14.340000000000146,,,53893,3.0797399041752223,NORMAL,UP,MACD_CROSS_UP_SIGNAL,DINAPOLI_MACD_REFERENCE_V1,True,0.021923274030900154,0.004187682856064634,-0.002288378678812795,STABLE_POSITIVE_FOLDS,-0.07692307692307687,5400.0
MACD|MACD_12_26_9_SHIFT0_V1|HIST_CROSS_UP_ZERO|HIST_CROSS_DOWN_ZERO|30m|DOWN,MACD,DIRECTIONAL,30m,DISCOVERY,30m,HIGH,78,2067,68,60,1927,0.9322689888727624,0.03289791969037252,0.8717948717948718,671.4341510412806,625.9572370858964,8999.999999,14399.999999,19799.999999,1.7517000731890238,2.1444998867449465,0.8712811429766543,0.7967070625556052,3.243479043779486,14.789485267656886,19.272605492297306,0.02902757619738752,22500.000001,16.36500000000001,,,53893,3.078485055897787,NORMAL,DOWN,HIST_CROSS_DOWN_ZERO,MACD_12_26_9_SHIFT0_V1,True,0.02745327359236889,0.0017231281998599801,-0.004826954027378639,STABLE_POSITIVE_FOLDS,-0.1282051282051282,5400.0
MACD|MACD_12_26_9_SHIFT0_V1|HIST_CROSS_UP_ZERO|HIST_CROSS_DOWN_ZERO|30m|UP,MACD,DIRECTIONAL,30m,DISCOVERY,30m,LOW,78,2067,67,69,1919,0.9283986453797775,0.0324141267537494,0.8589743589743589,671.1605733970441,623.1045671741305,12599.999999,16199.999999,21599.999999,2.664709336465068,2.4215283483977035,0.8753883327580261,1.1106131899320426,3.891359102801624,14.567142283309167,13.536428207739323,0.033381712626995644,25200.000001,14.340000000000032,,,53893,3.0797399041752223,NORMAL,UP,HIST_CROSS_UP_ZERO,MACD_12_26_9_SHIFT0_V1,True,0.026971380260134157,-0.0027994566368299,0.00030656085810303046,STABLE_POSITIVE_FOLDS,-0.14102564102564108,9000.0
MACD|MACD_12_26_9_SHIFT0_V1|MACD_CROSS_UP_SIGNAL|MACD_CROSS_DOWN_SIGNAL|30m|DOWN,MACD,DIRECTIONAL,30m,DISCOVERY,30m,HIGH,78,2067,68,60,1927,0.9322689888727624,0.03289791969037252,0.8717948717948718,671.4341510412806,625.9572370858964,8999.999999,14399.999999,19799.999999,1.7517000731890238,2.1444998867449465,0.8712811429766543,0.7967070625556052,3.243479043779486,14.789485267656886,19.272605492297306,0.02902757619738752,22500.000001,16.36500000000001,,,53893,3.078485055897787,NORMAL,DOWN,MACD_CROSS_DOWN_SIGNAL,MACD_12_26_9_SHIFT0_V1,True,0.02745327359236889,0.0017231281998599801,-0.004826954027378639,STABLE_POSITIVE_FOLDS,-0.1282051282051282,5400.0
MACD|MACD_12_26_9_SHIFT0_V1|MACD_CROSS_UP_SIGNAL|MACD_CROSS_DOWN_SIGNAL|30m|UP,MACD,DIRECTIONAL,30m,DISCOVERY,30m,LOW,78,2067,67,69,1919,0.9283986453797775,0.0324141267537494,0.8589743589743589,671.1605733970441,623.1045671741305,12599.999999,16199.999999,21599.999999,2.664709336465068,2.4215283483977035,0.8753883327580261,1.1106131899320426,3.891359102801624,14.567142283309167,13.536428207739323,0.033381712626995644,25200.000001,14.340000000000032,,,53893,3.0797399041752223,NORMAL,UP,MACD_CROSS_UP_SIGNAL,MACD_12_26_9_SHIFT0_V1,True,0.026971380260134157,-0.0027994566368299,0.00030656085810303046,STABLE_POSITIVE_FOLDS,-0.14102564102564108,9000.0
OSC_PREDICTOR|PROJECT_DINAPOLI_STYLE_OSCILLATOR_PREDICTOR_REFERENCE|CROSSED_OB_BAND_UP|30m|UP,OSC_PREDICTOR,DIRECTIONAL,30m,DISCOVERY,30m,LOW,78,3054,74,82,2800,0.91683038637852,0.024230517354289455,0.9487179487179487,991.6789153948733,909.2013631649133,8099.999999,16199.999999,24659.999999000003,2.8889659199622253,2.636332041953379,0.8551033849605876,1.2881652176294858,3.5050566399771794,14.81470328743549,12.645569620253152,0.026850032743942372,24300.000001,18.635000000000076,,,53893,3.079625827059092,NORMAL,UP,CROSSED_OB_BAND_UP,PROJECT_DINAPOLI_STYLE_OSCILLATOR_PREDICTOR_REFERENCE,True,0.018787770860674215,-0.014367715638087364,-0.006225119024950241,STABLE_POSITIVE_FOLDS,-0.05128205128205132,4500.0
OSC_PREDICTOR|PROJECT_DINAPOLI_STYLE_OSCILLATOR_PREDICTOR_REFERENCE|CROSSED_OS_BAND_DOWN|30m|DOWN,OSC_PREDICTOR,DIRECTIONAL,30m,DISCOVERY,30m,HIGH,78,3032,77,76,2774,0.9149076517150396,0.025395778364116096,0.9871794871794872,984.6810906935389,900.8922643746296,8999.999999,16199.999999,21599.999999,2.220689655172412,2.4240092343208866,0.8694736842105261,0.9395470071637306,2.945046591643365,14.398292047345457,16.35941320293401,0.025065963060686015,26100.000001,16.275000000000006,,,53893,3.0791695185945698,NORMAL,DOWN,CROSSED_OS_BAND_DOWN,PROJECT_DINAPOLI_STYLE_OSCILLATOR_PREDICTOR_REFERENCE,True,0.019951132266112465,-0.01563820895786283,-0.008788567164080142,STABLE_POSITIVE_FOLDS,-0.012820512820512775,5400.0
OSC_PREDICTOR|PROJECT_DINAPOLI_STYLE_OSCILLATOR_PREDICTOR_REFERENCE|FORECAST_OB_CROSS|30m|UP,OSC_PREDICTOR,DIRECTIONAL,30m,DISCOVERY,30m,LOW,78,4501,74,95,4167,0.9257942679404577,0.0164407909353477,0.9487179487179487,1461.4599870358365,1353.0112788221131,8999.999999,16199.999999,24659.999999000003,2.918443897442728,2.531562742077802,0.8542266237827465,1.2170364859221547,3.5050566399771794,14.81470328743549,11.768720379146979,0.021106420795378805,23400.000001,16.02000000000001,,,53893,3.079796942733288,NORMAL,UP,FORECAST_OB_CROSS,PROJECT_DINAPOLI_STYLE_OSCILLATOR_PREDICTOR_REFERENCE,True,0.010998044441732458,-0.005403834076149638,-0.011968730973513808,STABLE_POSITIVE_FOLDS,-0.05128205128205132,5400.0
OSC_PREDICTOR|PROJECT_DINAPOLI_STYLE_OSCILLATOR_PREDICTOR_REFERENCE|FORECAST_OS_CROSS|30m|DOWN,OSC_PREDICTOR,DIRECTIONAL,30m,DISCOVERY,30m,HIGH,78,4302,78,94,3972,0.9232914923291492,0.01813110181311018,1.0,1397.1299644339065,1289.9582098399526,8999.999999,16199.999999,21599.999999,2.19902575450243,2.3533335542563707,0.8700852796562479,0.9028334655242494,3.0580883591520367,13.914239735550295,15.079528266213066,0.02185030218503022,24300.000001,14.375,,,53893,3.0791695185945698,NORMAL,DOWN,FORECAST_OS_CROSS,PROJECT_DINAPOLI_STYLE_OSCILLATOR_PREDICTOR_REFERENCE,True,0.01268645571510655,-0.007254368343753259,-0.012004228039735939,STABLE_POSITIVE_FOLDS,0.0,5400.0
PURE_DNO|DNO_PERIOD_7_REFERENCE|DNO_ZERO_CROSS_DOWN|30m|DOWN,PURE_DNO,DIRECTIONAL,30m,DISCOVERY,30m,HIGH,78,6283,78,208,5836,0.9288556422091357,0.012414451695050135,1.0,2040.1829159875538,1895.0354126537266,5399.999999,8549.999999,10799.999999,1.4970852013155458,1.835269739125288,0.9059376353690085,0.626564120848877,2.208493471151334,14.623204395742277,22.190549551860293,0.03310520452013369,20700.000001,18.049999999999997,,,53893,3.079625827059092,NORMAL,DOWN,DNO_ZERO_CROSS_DOWN,DNO_PERIOD_7_REFERENCE,True,0.006969805597046506,-0.0016902184637667128,-0.0007493257046324656,STABLE_POSITIVE_FOLDS,0.0,1799.9999999999995
PURE_DNO|DNO_PERIOD_7_REFERENCE|DNO_ZERO_CROSS_UP|30m|UP,PURE_DNO,DIRECTIONAL,30m,DISCOVERY,30m,LOW,78,6282,77,195,5865,0.9336198662846227,0.012257242916268705,0.9871794871794872,2039.5559999999998,1904.1699999999998,7199.999999,8999.999999,11519.99999900001,2.664709336465068,2.060534124629082,0.864891430613887,1.063389034663715,3.111348662244199,15.135153685125651,13.672588704959427,0.031041069723018146,23400.000001,14.029999999999973,,,53893,3.080082135523614,NORMAL,UP,DNO_ZERO_CROSS_UP,DNO_PERIOD_7_REFERENCE,True,0.006814496422653465,0.002421764268015325,-0.002034082045874467,STABLE_POSITIVE_FOLDS,-0.012820512820512775,3599.9999999999995
STOCH|DINAPOLI_PREFERRED_STOCHASTIC_REFERENCE_V1|K_CROSS_UP_D|K_CROSS_DOWN_D|30m|DOWN,STOCHASTIC,DIRECTIONAL,30m,DISCOVERY,30m,HIGH,78,4921,77,173,4564,0.9274537695590327,0.015647226173541962,0.9871794871794872,1598.2174058019339,1482.2727575858619,3599.999999,5399.999999,8999.999999,1.3358239933582332,1.5983146067415732,0.9168726128959781,0.6176794730502008,2.020018848942455,14.158428310559797,23.547244094488,0.035155456208087785,21600.000001,18.430000000000007,,,53893,3.0790554414784395,NORMAL,DOWN,K_CROSS_DOWN_D,DINAPOLI_PREFERRED_STOCHASTIC_REFERENCE_V1,True,0.010202580075538332,-0.003092091113869766,0.001300925983321627,STABLE_POSITIVE_FOLDS,-0.012820512820512775,0.0
STOCH|DINAPOLI_PREFERRED_STOCHASTIC_REFERENCE_V1|K_CROSS_UP_D|K_CROSS_DOWN_D|30m|UP,STOCHASTIC,DIRECTIONAL,30m,DISCOVERY,30m,LOW,78,4919,77,149,4601,0.9353527139662533,0.015653588127668226,0.9871794871794872,1597.2719662172174,1494.012668543488,5399.999999,8999.999999,19439.99999900002,2.334290009566752,2.0219066937119803,0.8768710767745053,0.8786825685174924,3.206606213800866,15.188245188739929,19.46400000000001,0.030290709493799552,23400.000001,14.599999999999994,,,53893,3.079625827059092,NORMAL,UP,K_CROSS_UP_D,DINAPOLI_PREFERRED_STOCHASTIC_REFERENCE_V1,True,0.010210841634052985,0.004154611949645948,-0.002784442275093061,STABLE_POSITIVE_FOLDS,-0.012820512820512775,1799.9999999999995
STOCH|STOCH_K14_KS3_D3_SHIFT0_V1|K_CROSS_UP_D|K_CROSS_DOWN_D|30m|DOWN,STOCHASTIC,DIRECTIONAL,30m,DISCOVERY,30m,HIGH,78,6543,78,225,6082,0.9295430230780988,0.01192113709307657,1.0,2124.687460640859,1974.9884052602333,3599.999999,5399.999999,15479.999998999989,1.234880064018383,1.4844112223393024,0.9236950981889213,0.5056655559544596,1.6768036034880955,15.133339606727326,28.28363591360273,0.0343878954607978,19800.000001,17.0,,,53893,3.0795117499429616,NORMAL,DOWN,K_CROSS_DOWN_D,STOCH_K14_KS3_D3_SHIFT0_V1,True,0.006476490995072941,-0.001002837594803685,0.0005333652360316396,STABLE_POSITIVE_FOLDS,0.0,0.0
STOCH|STOCH_K14_KS3_D3_SHIFT0_V1|K_CROSS_UP_D|K_CROSS_DOWN_D|30m|UP,STOCHASTIC,DIRECTIONAL,30m,DISCOVERY,30m,LOW,78,6545,78,221,6111,0.9336898395721925,0.011917494270435447,1.0,2125.061392299572,1984.1482304572476,5399.999999,8999.999999,20339.999998999996,2.1760793083699186,1.9322870757586799,0.8878496041531989,0.9046240330060625,3.5689390252309963,14.779797995968536,18.873744979919653,0.033766233766233764,21600.000001,15.580000000000013,,,53893,3.079911019849418,NORMAL,UP,K_CROSS_UP_D,STOCH_K14_KS3_D3_SHIFT0_V1,True,0.006474747776820207,0.002491737555585183,0.0006910819973411503,STABLE_POSITIVE_FOLDS,0.0,1799.9999999999995
DMA|DMA_SMA_P25_SHIFT5_V1|MA_SLOPE_TURN_UP|MA_SLOPE_TURN_DOWN|1H|DOWN,DMA,DIRECTIONAL,1H,DISCOVERY,1H,HIGH,863,1234,474,374,121,0.09805510534846029,0.3841166936790924,0.5492468134414832,400.7574096028453,39.29631001778305,21599.999999,39599.999999,57599.999999,2.552318627957726,2.180079472184736,0.5298516385569785,0.6279974941718967,1.8230561690060993,2.3688803923198476,3.608782435129744,0.30307941653160453,28800.000001,15.825000000000003,,,26952,3.0791695185945698,NORMAL,DOWN,MA_SLOPE_TURN_DOWN,DMA_SMA_P25_SHIFT5_V1,True,0.2641613801753918,-0.054716853875111826,-0.10663989641351485,STABLE_POSITIVE_FOLDS,-0.4461181923522596,14400.0
DMA|DMA_SMA_P25_SHIFT5_V1|MA_SLOPE_TURN_UP|MA_SLOPE_TURN_DOWN|1H|UP,DMA,DIRECTIONAL,1H,DISCOVERY,1H,LOW,863,1221,468,375,139,0.11384111384111384,0.3832923832923833,0.5422943221320974,396.56487587995554,45.1453871804372,25199.999999,46799.999999,64799.999999,2.9681288179818326,2.515903396800957,0.48243488505749543,0.6171374317588425,1.986110377844947,2.206213417379557,3.8196721311474295,0.3071253071253071,25200.000001,20.110000000000014,,,26952,3.078941364362309,NORMAL,UP,MA_SLOPE_TURN_UP,DMA_SMA_P25_SHIFT5_V1,True,0.2636664759780338,-0.03551678677306819,-0.05468373810082355,STABLE_POSITIVE_FOLDS,-0.4507531865585167,18000.0
DMA|DMA_SMA_P25_SHIFT5_V1|PRICE_CROSS_UP_MA|PRICE_CROSS_DOWN_MA|1H|DOWN,DMA,DIRECTIONAL,1H,DISCOVERY,1H,HIGH,863,1441,619,374,154,0.10687022900763359,0.42956280360860516,0.7172653534183082,468.12207233916394,50.02831307441447,17999.999999,32399.999999,46799.999999,2.473706061444794,2.0918321392016357,0.5231213872832364,0.6582736772813274,1.8464806971200873,2.1443232148644262,3.3967523244493716,0.2595419847328244,25200.000001,18.379999999999967,,,26952,3.078256901665526,NORMAL,DOWN,PRICE_CROSS_DOWN_MA,DMA_SMA_P25_SHIFT5_V1,True,0.30960749010490457,-0.04590173021593853,-0.15017732821229496,STABLE_POSITIVE_FOLDS,-0.27809965237543455,10800.0
DMA|DMA_SMA_P25_SHIFT5_V1|PRICE_CROSS_UP_MA|PRICE_CROSS_DOWN_MA|1H|UP,DMA,DIRECTIONAL,1H,DISCOVERY,1H,LOW,863,1435,647,337,150,0.10452961672473868,0.4508710801393728,0.7497103128621089,466.51869158878503,48.76502002670227,21599.999999,35999.999999,53999.999999,2.891618918131501,2.26725953662532,0.4594594594594598,0.690242820583588,1.9879009235205374,2.1721595526578645,3.1222576785001923,0.2348432055749129,28800.000001,20.370000000000005,,,26952,3.075975359342916,NORMAL,UP,PRICE_CROSS_UP_MA,DMA_SMA_P25_SHIFT5_V1,True,0.3312451728250233,-0.04482828388944335,-0.12696583965121777,STABLE_POSITIVE_FOLDS,-0.24333719582850522,14400.0
DMA|DMA_SMA_P3_SHIFT3_V1|MA_SLOPE_TURN_UP|MA_SLOPE_TURN_DOWN|1H|DOWN,DMA,DIRECTIONAL,1H,DISCOVERY,1H,HIGH,863,3900,853,1422,575,0.14743589743589744,0.21871794871794872,0.9884125144843569,1266.4345249120206,186.71791072420817,10799.999999,10799.999999,14399.999999,1.5913302846089248,1.3207547169811256,0.6776418940106615,0.5847638522664067,1.5044740602128528,2.4291705021990384,4.456395348837117,0.3646153846153846,28800.000001,26.359999999999957,,,26952,3.0795117499429616,NORMAL,DOWN,MA_SLOPE_TURN_DOWN,DMA_SMA_P3_SHIFT3_V1,True,0.09876263521424812,-0.0053360617876746785,-0.045103928329734755,STABLE_POSITIVE_FOLDS,-0.006952491309385911,3600.0
DMA|DMA_SMA_P3_SHIFT3_V1|MA_SLOPE_TURN_UP|MA_SLOPE_TURN_DOWN|1H|UP,DMA,DIRECTIONAL,1H,DISCOVERY,1H,LOW,863,3892,855,1243,589,0.1513360739979445,0.2196813977389517,0.9907300115874855,1263.555868301174,191.2215843857635,10799.999999,14399.999999,14399.999999,1.9910544293873849,1.5095529586347642,0.6188925081433228,0.6427656723576151,1.9769515285617205,2.7636232839757717,4.019728535353523,0.3193730729701953,25200.000001,23.949999999999818,,,26952,3.0801962126397444,NORMAL,UP,MA_SLOPE_TURN_UP,DMA_SMA_P3_SHIFT3_V1,True,0.10005549042460218,0.001978173383762466,-0.04243597225593537,STABLE_POSITIVE_FOLDS,-0.002317497103128563,3600.0
DMA|DMA_SMA_P3_SHIFT3_V1|PRICE_CROSS_UP_MA|PRICE_CROSS_DOWN_MA|1H|DOWN,DMA,DIRECTIONAL,1H,DISCOVERY,1H,HIGH,863,5267,857,2059,797,0.15131953673818113,0.16271122080880956,0.9930475086906141,1710.2727070677138,258.7976737294414,7199.999999,10799.999999,10799.999999,1.3511127282845417,1.143329117518006,0.7201907790143063,0.539972290929855,1.392401394441043,2.5976989068083327,5.066666666666605,0.39092462502373265,28800.000001,26.53,,,26952,3.079625827059092,NORMAL,DOWN,PRICE_CROSS_DOWN_MA,DMA_SMA_P3_SHIFT3_V1,True,0.04275590730510896,-0.0014524224853909862,-0.01879468792138672,STABLE_POSITIVE_FOLDS,-0.002317497103128674,0.0
DMA|DMA_SMA_P3_SHIFT3_V1|PRICE_CROSS_UP_MA|PRICE_CROSS_DOWN_MA|1H|UP,DMA,DIRECTIONAL,1H,DISCOVERY,1H,LOW,863,5261,853,1787,792,0.15054172210606348,0.1621364759551416,0.9884125144843569,1708.0080737750454,257.12647679715565,7199.999999,10799.999999,10799.999999,1.7413756867925696,1.333032490974729,0.6636492855539762,0.6437424317971382,1.8921127201588808,2.962899969448151,4.843012075789327,0.33966926439840334,25200.000001,25.459999999999923,,,26952,3.0801962126397444,NORMAL,UP,PRICE_CROSS_UP_MA,DMA_SMA_P3_SHIFT3_V1,True,0.042510568640792085,0.0011838214918814538,-0.02213978082772733,STABLE_POSITIVE_FOLDS,-0.004634994206257237,0.0
DMA|DMA_SMA_P7_SHIFT5_V1|MA_SLOPE_TURN_UP|MA_SLOPE_TURN_DOWN|1H|DOWN,DMA,DIRECTIONAL,1H,DISCOVERY,1H,HIGH,863,2511,789,824,348,0.13859020310633213,0.3142174432497013,0.9142526071842411,815.4494128107286,113.01329974437817,17999.999999,21599.999999,25199.999999,1.8944723618090502,1.6254122211445163,0.5900383141762423,0.6041792371939508,1.6749660479855086,2.1989388396192115,3.743902439024413,0.32815611310234966,28800.000001,28.744999999999976,,,26952,3.0792835957107005,NORMAL,DOWN,MA_SLOPE_TURN_DOWN,DMA_SMA_P7_SHIFT5_V1,True,0.1942621297460007,-0.014181756117239985,-0.08156319984276972,STABLE_POSITIVE_FOLDS,-0.0811123986095017,10800.0
DMA|DMA_SMA_P7_SHIFT5_V1|MA_SLOPE_TURN_UP|MA_SLOPE_TURN_DOWN|1H|UP,DMA,DIRECTIONAL,1H,DISCOVERY,1H,LOW,863,2511,793,702,387,0.15412186379928317,0.315810434090004,0.9188876013904983,815.358793895392,125.66461698029337,17999.999999,25199.999999,28799.999999,2.4604601006470097,1.8946413931880834,0.5332612222823132,0.705350720075707,2.085627021014945,2.5219381721658043,3.4118231363464604,0.27956989247311825,25200.000001,24.10499999999999,,,26952,3.079625827059092,NORMAL,UP,MA_SLOPE_TURN_UP,DMA_SMA_P7_SHIFT5_V1,True,0.19618452677565446,0.004763963185101139,-0.08223915275301241,STABLE_POSITIVE_FOLDS,-0.07415990730011579,10800.0
DMA|DMA_SMA_P7_SHIFT5_V1|PRICE_CROSS_UP_MA|PRICE_CROSS_DOWN_MA|1H|DOWN,DMA,DIRECTIONAL,1H,DISCOVERY,1H,HIGH,863,3112,846,1038,427,0.1372107969151671,0.2718508997429306,0.9803012746234068,1010.9242912729295,138.70972762645914,10799.999999,14399.999999,21599.999999,1.7256395729918517,1.4531106907192075,0.6290195557092461,0.5944831959416613,1.58783544142614,2.284201628839373,3.8820680723169323,0.33354755784061696,28800.000001,30.05000000000001,,,26952,3.078370978781656,NORMAL,DOWN,PRICE_CROSS_DOWN_MA,DMA_SMA_P7_SHIFT5_V1,True,0.15189558623923,-0.015561162308405013,-0.07617175510450241,STABLE_POSITIVE_FOLDS,-0.015063731170335992,3600.0
DMA|DMA_SMA_P7_SHIFT5_V1|PRICE_CROSS_UP_MA|PRICE_CROSS_DOWN_MA|1H|UP,DMA,DIRECTIONAL,1H,DISCOVERY,1H,LOW,863,3103,842,912,448,0.1443764099258782,0.27135030615533356,0.9756662804171495,1007.5152974294392,145.46144158826579,10799.999999,17999.999999,21599.999999,2.1918889137308755,1.7146922424865862,0.576698928337567,0.6987864383559501,2.0887483585465345,2.5168317456417104,3.625388906769638,0.29390912020625204,25200.000001,28.39500000000004,,,26952,3.079853981291353,NORMAL,UP,PRICE_CROSS_UP_MA,DMA_SMA_P7_SHIFT5_V1,True,0.15172439884098404,-0.004981490688303836,-0.06789992501987863,STABLE_POSITIVE_FOLDS,-0.017381228273464555,3600.0
DNO_QUANTILE|CAUSAL_DNO_QUANTILE_80_20_CONTROL_V1|CROSSED_OB_BAND_UP|1H|UP,DNO_QUANTILE,DIRECTIONAL,1H,DISCOVERY,1H,LOW,863,1699,668,210,299,0.17598587404355504,0.3931724543849323,0.7740440324449595,552.8166734716602,97.2879254667607,17999.999999,28799.999999,43199.999999,3.122617925019405,2.421187811751372,0.4483088727418385,0.7702182284980653,2.3651452282157686,2.5363490085973597,3.0000000000000737,0.12360211889346674,32400.000001,21.980000000000004,,,26952,3.0733515856719142,NORMAL,UP,CROSSED_OB_BAND_UP,CAUSAL_DNO_QUANTILE_80_20_CONTROL_V1,True,0.2735465470705828,0.02662797342937301,-0.23820692633266394,STABLE_POSITIVE_FOLDS,-0.21900347624565464,10800.0
DNO_QUANTILE|CAUSAL_DNO_QUANTILE_80_20_CONTROL_V1|CROSSED_OS_BAND_DOWN|1H|DOWN,DNO_QUANTILE,DIRECTIONAL,1H,DISCOVERY,1H,HIGH,863,1895,686,365,285,0.1503957783641161,0.36200527704485486,0.7949015063731171,615.402882228726,92.55399548030971,17999.999999,25199.999999,35999.999999,2.4900745511017064,2.141665961089098,0.5081418356757156,0.7409632515380786,2.226267025584345,2.14750154375535,2.8952959028831478,0.19261213720316622,32400.000001,30.120000000000005,,,26952,3.0792835957107005,NORMAL,DOWN,CROSSED_OS_BAND_DOWN,CAUSAL_DNO_QUANTILE_80_20_CONTROL_V1,True,0.24204996354115427,-0.002376180859456012,-0.21710717574195315,STABLE_POSITIVE_FOLDS,-0.2004634994206257,10800.0
DNO_QUANTILE|CAUSAL_DNO_QUANTILE_80_20_CONTROL_V1|FORECAST_OB_CROSS|1H|UP,DNO_QUANTILE,DIRECTIONAL,1H,DISCOVERY,1H,LOW,863,2491,710,345,467,0.18747490967482938,0.28502609393817746,0.8227114716106605,810.5157937715749,151.95137522734865,17999.999999,28799.999999,39599.999999,2.9842781268282215,2.3453448191331847,0.44979297951320585,0.8231147443882052,2.3675905570917983,2.388050306922505,2.816513761467875,0.13849859494179045,28800.000001,18.649999999999977,,,26952,3.0733515856719142,NORMAL,UP,FORECAST_OB_CROSS,CAUSAL_DNO_QUANTILE_80_20_CONTROL_V1,True,0.16540018662382794,0.038117009060647356,-0.2233104502843402,STABLE_POSITIVE_FOLDS,-0.1703360370799536,10800.0
DNO_QUANTILE|CAUSAL_DNO_QUANTILE_80_20_CONTROL_V1|FORECAST_OS_CROSS|1H|DOWN,DNO_QUANTILE,DIRECTIONAL,1H,DISCOVERY,1H,HIGH,863,2542,730,504,377,0.14830841856805665,0.2871754523996853,0.8458864426419467,825.363804726276,122.40840062226832,17999.999999,25199.999999,35999.999999,2.392063653611777,2.02569995750881,0.522864687888347,0.7082532694049832,2.137065562518271,2.1500453819925203,3.1835595626023916,0.1982690794649882,32400.000001,22.715000000000003,,,26952,3.079853981291353,NORMAL,DOWN,FORECAST_OS_CROSS,CAUSAL_DNO_QUANTILE_80_20_CONTROL_V1,True,0.1672201388959847,-0.004463540655515463,-0.21145023348013117,STABLE_POSITIVE_FOLDS,-0.14947856315179608,10800.0
INVERSE|INVERSE_DMA_25X5|DMA_SMA_P25_SHIFT5_V1|1H|DOWN,INVERSE_PREDICTOR,DIRECTIONAL,1H,DISCOVERY,1H,HIGH,863,1467,609,407,159,0.1083844580777096,0.41513292433537835,0.7056778679026651,476.568410910169,51.6526089534539,17999.999999,32399.999999,46799.999999,2.406689151208547,2.084285598508801,0.5323057534777771,0.6581297207105494,1.7953397836592926,2.149828831854321,3.417790112367505,0.2774369461486026,25200.000001,18.039999999999992,,,26952,3.078256901665526,NORMAL,DOWN,INVERSE_THRESHOLD_CROSS,DMA_SMA_P25_SHIFT5_V1,True,0.29517761083167776,-0.04438750114586251,-0.13228236679651678,STABLE_POSITIVE_FOLDS,-0.2896871378910777,10800.0
INVERSE|INVERSE_DMA_25X5|DMA_SMA_P25_SHIFT5_V1|1H|UP,INVERSE_PREDICTOR,DIRECTIONAL,1H,DISCOVERY,1H,LOW,863,1437,632,334,158,0.10995128740431455,0.4398051496172582,0.7323290845886443,467.1688918558077,51.365821094793056,21599.999999,35999.999999,50399.999999,2.8523820866757355,2.249490620063547,0.4718819936561656,0.6562688893980786,1.9642604516724758,2.245127761686172,3.265625000000075,0.232428670842032,28800.000001,20.24000000000001,,,26952,3.075975359342916,NORMAL,UP,INVERSE_THRESHOLD_CROSS,DMA_SMA_P25_SHIFT5_V1,True,0.3201792423029087,-0.03940661320986748,-0.12938037438409866,STABLE_POSITIVE_FOLDS,-0.26071842410196977,14400.0
INVERSE|INVERSE_DMA_3X3|DMA_SMA_P3_SHIFT3_V1|1H|DOWN,INVERSE_PREDICTOR,DIRECTIONAL,1H,DISCOVERY,1H,HIGH,863,4797,805,1707,727,0.15155305399207838,0.1678132165937044,0.93279258400927,1557.945315105035,236.11137045681895,7199.999999,14399.999999,25199.999999,1.4575415590820806,1.2471887414988818,0.694380733944955,0.5396859662601032,1.4694462366820433,2.547287945692995,4.878980891719764,0.35584740462789244,28800.000001,24.439999999999998,,,26952,3.0790554414784395,NORMAL,DOWN,INVERSE_THRESHOLD_CROSS,DMA_SMA_P3_SHIFT3_V1,True,0.0478579030900038,-0.0012189052314937332,-0.053871908317226935,STABLE_POSITIVE_FOLDS,-0.06257242178447275,0.0
INVERSE|INVERSE_DMA_3X3|DMA_SMA_P3_SHIFT3_V1|1H|UP,INVERSE_PREDICTOR,DIRECTIONAL,1H,DISCOVERY,1H,LOW,863,4985,808,1532,784,0.15727181544633903,0.16208625877632898,0.936268829663963,1618.76310427857,254.58581218744212,7199.999999,14399.999999,21599.999999,1.8752054885359808,1.4242857723162399,0.6438042602147476,0.6711742829294117,1.9783628789831043,3.0022824369403613,4.6200000000000045,0.30732196589769306,25200.000001,22.02000000000001,,,26952,3.0795117499429616,NORMAL,UP,INVERSE_THRESHOLD_CROSS,DMA_SMA_P3_SHIFT3_V1,True,0.04246035146197946,0.007913914832157004,-0.054487079328437604,STABLE_POSITIVE_FOLDS,-0.056778679026651124,0.0
INVERSE|INVERSE_DMA_7X5|DMA_SMA_P7_SHIFT5_V1|1H|DOWN,INVERSE_PREDICTOR,DIRECTIONAL,1H,DISCOVERY,1H,HIGH,863,2993,776,1004,445,0.14868025392582693,0.2592716338122285,0.899188876013905,972.7360966928667,144.62664985911314,10799.999999,17999.999999,28799.999999,1.7551886067045306,1.490048047562782,0.6223191215451577,0.5957234618396214,1.6943652159363496,2.2642403934029476,3.7954545454545583,0.3354493818910792,28800.000001,30.05000000000001,,,26952,3.07688797627196,NORMAL,DOWN,INVERSE_THRESHOLD_CROSS,DMA_SMA_P7_SHIFT5_V1,True,0.13931632030852792,-0.004091705297745191,-0.07426993105404017,STABLE_POSITIVE_FOLDS,-0.0961761297798378,3600.0
INVERSE|INVERSE_DMA_7X5|DMA_SMA_P7_SHIFT5_V1|1H|UP,INVERSE_PREDICTOR,DIRECTIONAL,1H,DISCOVERY,1H,LOW,863,3105,787,934,483,0.15555555555555556,0.2534621578099839,0.9119351100811124,1008.6877408834865,156.906981915209,10799.999999,17999.999999,30239.99999899992,2.234680902489516,1.7270505217964256,0.580278128950696,0.6749846445845195,2.0705863343680444,2.5227018262683725,3.613230146169146,0.300805152979066,25200.000001,25.980000000000047,,,26952,3.078256901665526,NORMAL,UP,INVERSE_THRESHOLD_CROSS,DMA_SMA_P7_SHIFT5_V1,True,0.13383625049563436,0.006197654941373532,-0.06100389224706465,STABLE_POSITIVE_FOLDS,-0.0811123986095017,3600.0
INVERSE|INVERSE_DNO_N7_OB_OS|DNO_PERIOD_7_REFERENCE|1H|DOWN,INVERSE_PREDICTOR,DIRECTIONAL,1H,DISCOVERY,1H,HIGH,863,1859,535,721,250,0.13448090371167296,0.2877891339429801,0.6199304750869061,603.8684503075668,81.20877492032906,7199.999999,14399.999999,21599.999999,1.8135146055665141,1.3900364117841724,0.6590296495956882,0.6514569405220194,1.7887172202141894,2.883580721225377,4.572549019607884,0.38784292630446476,28800.000001,68.05999999999995,,,26952,3.078485055897787,NORMAL,DOWN,INVERSE_THRESHOLD_CROSS,DNO_PERIOD_7_REFERENCE,True,0.16783382043927952,-0.018291055511899162,-0.02187638664065461,STABLE_POSITIVE_FOLDS,-0.37543453070683663,0.0
INVERSE|INVERSE_DNO_N7_OB_OS|DNO_PERIOD_7_REFERENCE|1H|UP,INVERSE_PREDICTOR,DIRECTIONAL,1H,DISCOVERY,1H,LOW,863,1798,539,603,232,0.12903225806451613,0.29977753058954393,0.6245654692931634,583.7290470723307,75.31987704159106,10799.999999,14399.999999,28799.999999,2.4240636980241725,1.6173251259093493,0.6057513914656761,0.7392545663672552,2.211135911661036,3.2025834818911374,3.6610576923077245,0.3353726362625139,25200.000001,77.96000000000004,,,26952,3.0801962126397444,NORMAL,UP,INVERSE_THRESHOLD_CROSS,DNO_PERIOD_7_REFERENCE,True,0.1801516232751944,-0.0203256425496659,-0.026436408963616764,STABLE_POSITIVE_FOLDS,-0.3684820393974507,3600.0
INVERSE|INVERSE_MACD_12_26_9_SIGNAL_CROSS|MACD_12_26_9_SHIFT0_V1|1H|DOWN,INVERSE_PREDICTOR,DIRECTIONAL,1H,DISCOVERY,1H,HIGH,863,730,355,201,117,0.16027397260273973,0.4863013698630137,0.41135573580533025,237.12962276736084,38.005706662714,21599.999999,32399.999999,46799.999999,2.307125307125304,2.0596553358106684,0.5492303866029239,0.6582736772813274,1.5841279606274923,2.2492116031170983,3.3593890386343044,0.27534246575342464,25200.000001,27.590000000000032,,,26952,3.078485055897787,NORMAL,DOWN,INVERSE_THRESHOLD_CROSS,MACD_12_26_9_SHIFT0_V1,True,0.3663460563593131,0.007502013379167616,-0.13437684719169474,STABLE_POSITIVE_FOLDS,-0.5840092699884125,14400.0
INVERSE|INVERSE_MACD_12_26_9_SIGNAL_CROSS|MACD_12_26_9_SHIFT0_V1|1H|UP,INVERSE_PREDICTOR,DIRECTIONAL,1H,DISCOVERY,1H,LOW,863,782,385,160,152,0.19437340153452684,0.49232736572890023,0.4461181923522596,254.2848876029379,49.42621856220788,25199.999999,39599.999999,53999.999999,2.8224225793806235,2.3179650238473815,0.47761194029850856,0.623001529992139,2.0497211848651564,2.5236375362155696,4.175324675324606,0.20460358056265984,23400.000001,30.734999999999985,,,26952,3.0752908966461328,NORMAL,UP,INVERSE_THRESHOLD_CROSS,MACD_12_26_9_SHIFT0_V1,True,0.3727014584145507,0.045015500920344814,-0.15720546466347082,STABLE_POSITIVE_FOLDS,-0.5469293163383545,18000.0
INVERSE|INVERSE_STOCH_14_3_3_POINT_BAR|STOCH_K14_KS3_D3_SHIFT0_V1|1H|DOWN,INVERSE_PREDICTOR,DIRECTIONAL,1H,DISCOVERY,1H,HIGH,863,1594,569,703,186,0.11668757841907151,0.3569636135508156,0.6593279258400927,519.6550262188999,60.637286622782554,7199.999999,10799.999999,14399.999999,1.4150928086671306,1.1461538461538212,0.7092219300808247,0.5508030055817292,1.479752135009667,2.5668654482080084,4.942148760330398,0.4410288582183187,28800.000001,32.47,,,26952,3.067419575633128,NORMAL,DOWN,INVERSE_THRESHOLD_CROSS,STOCH_K14_KS3_D3_SHIFT0_V1,True,0.23700830004711498,-0.036084380804500604,0.031309545273199346,STABLE_POSITIVE_FOLDS,-0.33603707995365006,0.0
INVERSE|INVERSE_STOCH_14_3_3_POINT_BAR|STOCH_K14_KS3_D3_SHIFT0_V1|1H|UP,INVERSE_PREDICTOR,DIRECTIONAL,1H,DISCOVERY,1H,LOW,863,1240,497,539,92,0.07419354838709677,0.40080645161290324,0.5758980301274623,402.6612335617707,29.87486571587331,7199.999999,10799.999999,14399.999999,1.7473087818696837,1.2702032721864016,0.6843409316154607,0.6259180089515931,1.7797435473713012,3.0776541622407305,4.822873049843273,0.4346774193548387,21600.000001,38.32999999999993,,,26952,3.0795117499429616,NORMAL,UP,INVERSE_THRESHOLD_CROSS,STOCH_K14_KS3_D3_SHIFT0_V1,True,0.2811805442985537,-0.07516435222708526,0.07286837412870806,STABLE_POSITIVE_FOLDS,-0.41714947856315177,0.0
MACD|DINAPOLI_MACD_REFERENCE_V1|HIST_CROSS_UP_ZERO|HIST_CROSS_DOWN_ZERO|1H|DOWN,MACD,DIRECTIONAL,1H,DISCOVERY,1H,HIGH,863,1313,702,341,158,0.12033511043412033,0.5346534653465347,0.813441483198146,426.5084858815682,51.32394574964796,17999.999999,25199.999999,35999.999999,2.205579742649322,1.854391008413002,0.5619336793053769,0.6251822688830679,1.8795010951861368,2.0702306079664607,3.297297297297254,0.2597105864432597,28800.000001,36.01999999999998,,,26952,3.078485055897787,NORMAL,DOWN,HIST_CROSS_DOWN_ZERO,DINAPOLI_MACD_REFERENCE_V1,True,0.4146981518428341,-0.032436848789451786,-0.15000872650185965,STABLE_POSITIVE_FOLDS,-0.18192352259559674,10800.0
MACD|DINAPOLI_MACD_REFERENCE_V1|HIST_CROSS_UP_ZERO|HIST_CROSS_DOWN_ZERO|1H|UP,MACD,DIRECTIONAL,1H,DISCOVERY,1H,LOW,863,1313,715,262,190,0.1447067783701447,0.5445544554455446,0.828505214368482,426.5242912729294,61.72095608671484,21599.999999,28799.999999,35999.999999,2.6914348255264327,2.099505998588574,0.48912816224127154,0.7915761416787459,2.1894170361526513,2.505883600824173,3.116648609606382,0.19954303122619954,25200.000001,28.0799999999999,,,26952,3.078370978781656,NORMAL,UP,HIST_CROSS_UP_ZERO,DINAPOLI_MACD_REFERENCE_V1,True,0.42492854813119507,-0.004651122244037326,-0.16226601399993112,STABLE_POSITIVE_FOLDS,-0.16454229432213208,14400.0
MACD|DINAPOLI_MACD_REFERENCE_V1|MACD_CROSS_UP_SIGNAL|MACD_CROSS_DOWN_SIGNAL|1H|DOWN,MACD,DIRECTIONAL,1H,DISCOVERY,1H,HIGH,863,1313,702,341,158,0.12033511043412033,0.5346534653465347,0.813441483198146,426.5084858815682,51.32394574964796,17999.999999,25199.999999,35999.999999,2.205579742649322,1.854391008413002,0.5619336793053769,0.6251822688830679,1.8795010951861368,2.0702306079664607,3.297297297297254,0.2597105864432597,28800.000001,36.01999999999998,,,26952,3.078485055897787,NORMAL,DOWN,MACD_CROSS_DOWN_SIGNAL,DINAPOLI_MACD_REFERENCE_V1,True,0.4146981518428341,-0.032436848789451786,-0.15000872650185965,STABLE_POSITIVE_FOLDS,-0.18192352259559674,10800.0
MACD|DINAPOLI_MACD_REFERENCE_V1|MACD_CROSS_UP_SIGNAL|MACD_CROSS_DOWN_SIGNAL|1H|UP,MACD,DIRECTIONAL,1H,DISCOVERY,1H,LOW,863,1313,715,262,190,0.1447067783701447,0.5445544554455446,0.828505214368482,426.5242912729294,61.72095608671484,21599.999999,28799.999999,35999.999999,2.6914348255264327,2.099505998588574,0.48912816224127154,0.7915761416787459,2.1894170361526513,2.505883600824173,3.116648609606382,0.19954303122619954,25200.000001,28.0799999999999,,,26952,3.078370978781656,NORMAL,UP,MACD_CROSS_UP_SIGNAL,DINAPOLI_MACD_REFERENCE_V1,True,0.42492854813119507,-0.004651122244037326,-0.16226601399993112,STABLE_POSITIVE_FOLDS,-0.16454229432213208,14400.0
MACD|MACD_12_26_9_SHIFT0_V1|HIST_CROSS_UP_ZERO|HIST_CROSS_DOWN_ZERO|1H|DOWN,MACD,DIRECTIONAL,1H,DISCOVERY,1H,HIGH,863,1023,604,247,120,0.11730205278592376,0.5904203323558163,0.6998841251448435,332.58977116789674,39.01346289359493,21599.999999,32399.999999,43199.999999,2.324307570771429,2.008897911877689,0.5303114687422005,0.6403838716362655,1.6704412417222547,2.137914104706557,3.29916997473836,0.24144672531769307,28800.000001,39.13999999999987,,,26952,3.0758612822267852,NORMAL,DOWN,HIST_CROSS_DOWN_ZERO,MACD_12_26_9_SHIFT0_V1,True,0.47046501885211567,-0.03546990643764836,-0.1682725876274263,STABLE_POSITIVE_FOLDS,-0.2954808806488992,14400.0
MACD|MACD_12_26_9_SHIFT0_V1|HIST_CROSS_UP_ZERO|HIST_CROSS_DOWN_ZERO|1H|UP,MACD,DIRECTIONAL,1H,DISCOVERY,1H,LOW,863,1027,622,180,141,0.13729308666017526,0.6056475170399221,0.7207415990730012,333.86545521972926,45.83741887632116,25199.999999,35999.999999,46799.999999,2.950212152788392,2.2900526701033925,0.4633130742767357,0.7985371166251152,2.211150378222481,2.429814736297727,3.1633221204036643,0.17526777020447906,28800.000001,41.62499999999997,,,26952,3.0760894364590463,NORMAL,UP,HIST_CROSS_UP_ZERO,MACD_12_26_9_SHIFT0_V1,True,0.4860216097255726,-0.01206481395400677,-0.1865412750216516,STABLE_POSITIVE_FOLDS,-0.2723059096176129,18000.0
MACD|MACD_12_26_9_SHIFT0_V1|MACD_CROSS_UP_SIGNAL|MACD_CROSS_DOWN_SIGNAL|1H|DOWN,MACD,DIRECTIONAL,1H,DISCOVERY,1H,HIGH,863,1023,604,247,120,0.11730205278592376,0.5904203323558163,0.6998841251448435,332.58977116789674,39.01346289359493,21599.999999,32399.999999,43199.999999,2.324307570771429,2.008897911877689,0.5303114687422005,0.6403838716362655,1.6704412417222547,2.137914104706557,3.29916997473836,0.24144672531769307,28800.000001,39.13999999999987,,,26952,3.0758612822267852,NORMAL,DOWN,MACD_CROSS_DOWN_SIGNAL,MACD_12_26_9_SHIFT0_V1,True,0.47046501885211567,-0.03546990643764836,-0.1682725876274263,STABLE_POSITIVE_FOLDS,-0.2954808806488992,14400.0
MACD|MACD_12_26_9_SHIFT0_V1|MACD_CROSS_UP_SIGNAL|MACD_CROSS_DOWN_SIGNAL|1H|UP,MACD,DIRECTIONAL,1H,DISCOVERY,1H,LOW,863,1027,622,180,141,0.13729308666017526,0.6056475170399221,0.7207415990730012,333.86545521972926,45.83741887632116,25199.999999,35999.999999,46799.999999,2.950212152788392,2.2900526701033925,0.4633130742767357,0.7985371166251152,2.211150378222481,2.429814736297727,3.1633221204036643,0.17526777020447906,28800.000001,41.62499999999997,,,26952,3.0760894364590463,NORMAL,UP,MACD_CROSS_UP_SIGNAL,MACD_12_26_9_SHIFT0_V1,True,0.4860216097255726,-0.01206481395400677,-0.1865412750216516,STABLE_POSITIVE_FOLDS,-0.2723059096176129,18000.0
OSC_PREDICTOR|PROJECT_DINAPOLI_STYLE_OSCILLATOR_PREDICTOR_REFERENCE|CROSSED_OB_BAND_UP|1H|UP,OSC_PREDICTOR,DIRECTIONAL,1H,DISCOVERY,1H,LOW,863,1497,618,169,275,0.18370073480293922,0.41282565130260523,0.7161066048667439,486.2961645358533,89.33296275708727,17999.999999,28799.999999,46799.999999,3.196882545774362,2.4726635199788776,0.43968891333935983,0.8022991285367979,2.382262530347972,2.6322024847825847,3.093911287579079,0.11289245156980628,28800.000001,38.309999999999945,,,26952,3.078370978781656,NORMAL,UP,CROSSED_OB_BAND_UP,PROJECT_DINAPOLI_STYLE_OSCILLATOR_PREDICTOR_REFERENCE,True,0.2931997439882557,0.03434283418875719,-0.2489165936563244,STABLE_POSITIVE_FOLDS,-0.27694090382387015,10800.0
OSC_PREDICTOR|PROJECT_DINAPOLI_STYLE_OSCILLATOR_PREDICTOR_REFERENCE|CROSSED_OS_BAND_DOWN|1H|DOWN,OSC_PREDICTOR,DIRECTIONAL,1H,DISCOVERY,1H,HIGH,863,1438,608,220,225,0.1564673157162726,0.4228094575799722,0.7045191193511008,466.90525224090675,73.05541151196385,17999.999999,32399.999999,46799.999999,2.779753638740594,2.4016764875106578,0.48611222504478124,0.6919492802336664,2.14443905940381,2.151130722559297,3.0899280575539567,0.15299026425591097,36000.000001,32.714999999999975,,,26952,3.079853981291353,NORMAL,DOWN,CROSSED_OS_BAND_DOWN,PROJECT_DINAPOLI_STYLE_OSCILLATOR_PREDICTOR_REFERENCE,True,0.3028541440762716,0.0036953564927004745,-0.25672904868920843,STABLE_POSITIVE_FOLDS,-0.290845886442642,10800.0
OSC_PREDICTOR|PROJECT_DINAPOLI_STYLE_OSCILLATOR_PREDICTOR_REFERENCE|FORECAST_OB_CROSS|1H|UP,OSC_PREDICTOR,DIRECTIONAL,1H,DISCOVERY,1H,LOW,863,2143,667,270,410,0.19132057862809146,0.3112459169388707,0.7728852838933952,696.1474152306838,133.18732629238465,21599.999999,28799.999999,43199.999999,3.0678765707393203,2.41352075595882,0.4408267270668171,0.8254253467347964,2.3322622569566893,2.4358609034007683,2.7689075630252287,0.12599160055996267,32400.000001,27.62500000000003,,,26952,3.078370978781656,NORMAL,UP,FORECAST_OB_CROSS,PROJECT_DINAPOLI_STYLE_OSCILLATOR_PREDICTOR_REFERENCE,True,0.1916200096245212,0.04196267801390943,-0.235817444666168,STABLE_POSITIVE_FOLDS,-0.22016222479721892,14400.0
OSC_PREDICTOR|PROJECT_DINAPOLI_STYLE_OSCILLATOR_PREDICTOR_REFERENCE|FORECAST_OS_CROSS|1H|DOWN,OSC_PREDICTOR,DIRECTIONAL,1H,DISCOVERY,1H,HIGH,863,2045,650,359,334,0.16332518337408314,0.31784841075794623,0.7531865585168018,663.9925179642936,108.44669975553745,17999.999999,32399.999999,46799.999999,2.651545515448267,2.2551540540692425,0.49034251634700493,0.6728030635970542,2.13397116247061,2.172218789903596,3.304512082592212,0.17555012224938876,36000.000001,27.80000000000001,,,26952,3.079853981291353,NORMAL,DOWN,FORECAST_OS_CROSS,PROJECT_DINAPOLI_STYLE_OSCILLATOR_PREDICTOR_REFERENCE,True,0.19789309725424564,0.01055322415051102,-0.2341691906957306,STABLE_POSITIVE_FOLDS,-0.24217844727694093,10800.0
PURE_DNO|DNO_PERIOD_7_REFERENCE|DNO_ZERO_CROSS_DOWN|1H|DOWN,PURE_DNO,DIRECTIONAL,1H,DISCOVERY,1H,HIGH,863,3110,845,1038,427,0.13729903536977492,0.2717041800643087,0.9791425260718424,1010.2745969983324,138.70972762645914,10799.999999,14399.999999,21599.999999,1.724821746880567,1.4510320597277213,0.6296666428724388,0.5936627531481065,1.589689181825464,2.2913179455034727,3.8768529076396887,0.3337620578778135,28800.000001,30.05000000000001,,,26952,3.078370978781656,NORMAL,DOWN,DNO_ZERO_CROSS_DOWN,DNO_PERIOD_7_REFERENCE,True,0.1517488665606081,-0.0154729238537972,-0.07595725506730588,STABLE_POSITIVE_FOLDS,-0.016222479721900385,3600.0
PURE_DNO|DNO_PERIOD_7_REFERENCE|DNO_ZERO_CROSS_UP|1H|UP,PURE_DNO,DIRECTIONAL,1H,DISCOVERY,1H,LOW,863,3103,842,912,448,0.1443764099258782,0.27135030615533356,0.9756662804171495,1007.5152974294392,145.46144158826579,10799.999999,17999.999999,21599.999999,2.1918889137308755,1.7146922424865862,0.576698928337567,0.6987864383559501,2.0887483585465345,2.5168317456417104,3.625388906769638,0.29390912020625204,25200.000001,28.39500000000004,,,26952,3.079853981291353,NORMAL,UP,DNO_ZERO_CROSS_UP,DNO_PERIOD_7_REFERENCE,True,0.15172439884098404,-0.004981490688303836,-0.06789992501987863,STABLE_POSITIVE_FOLDS,-0.017381228273464555,3600.0
STOCH|DINAPOLI_PREFERRED_STOCHASTIC_REFERENCE_V1|K_CROSS_UP_D|K_CROSS_DOWN_D|1H|DOWN,STOCHASTIC,DIRECTIONAL,1H,DISCOVERY,1H,HIGH,863,2430,821,799,339,0.13950617283950617,0.33786008230452674,0.951332560834299,789.3492922255984,110.1190987919662,10799.999999,14399.999999,17999.999999,1.6731734523145672,1.4134005037783381,0.6516258949880663,0.5928423103545517,1.574944550853055,2.3569811909779097,4.1005331302360775,0.32880658436213994,28800.000001,22.810000000000002,,,26952,3.078485055897787,NORMAL,DOWN,K_CROSS_DOWN_D,DINAPOLI_PREFERRED_STOCHASTIC_REFERENCE_V1,True,0.21790476880082615,-0.013265786384065947,-0.08091272858297943,STABLE_POSITIVE_FOLDS,-0.044032444959443806,3600.0
STOCH|DINAPOLI_PREFERRED_STOCHASTIC_REFERENCE_V1|K_CROSS_UP_D|K_CROSS_DOWN_D|1H|UP,STOCHASTIC,DIRECTIONAL,1H,DISCOVERY,1H,LOW,863,2432,837,669,387,0.1591282894736842,0.3441611842105263,0.9698725376593279,789.706326863239,125.66461698029337,10799.999999,14399.999999,21599.999999,2.155503456081495,1.6987593052109142,0.592006138392859,0.7076142007701891,2.0977958003569617,2.5847086879847248,3.42525773195883,0.27508223684210525,25200.000001,34.23999999999978,,,26952,3.079625827059092,NORMAL,UP,K_CROSS_UP_D,DINAPOLI_PREFERRED_STOCHASTIC_REFERENCE_V1,True,0.2245352768961768,0.009770388859502183,-0.08672680838402541,STABLE_POSITIVE_FOLDS,-0.023174971031286185,3600.0
STOCH|STOCH_K14_KS3_D3_SHIFT0_V1|K_CROSS_UP_D|K_CROSS_DOWN_D|1H|DOWN,STOCHASTIC,DIRECTIONAL,1H,DISCOVERY,1H,HIGH,863,3267,823,1224,489,0.14967860422405876,0.2519130700948883,0.9536500579374276,1061.0789922193403,158.82082252686178,7199.999999,10799.999999,14399.999999,1.4840395743886534,1.2579054743284641,0.6958974358974349,0.5573288875786546,1.4585370867228962,2.5891479691912096,4.8380684620696375,0.3746556473829201,28800.000001,24.845000000000056,,,26952,3.078941364362309,NORMAL,DOWN,K_CROSS_DOWN_D,STOCH_K14_KS3_D3_SHIFT0_V1,True,0.1319577565911877,-0.0030933549995133536,-0.03506366556219925,STABLE_POSITIVE_FOLDS,-0.04171494785631513,0.0
STOCH|STOCH_K14_KS3_D3_SHIFT0_V1|K_CROSS_UP_D|K_CROSS_DOWN_D|1H|UP,STOCHASTIC,DIRECTIONAL,1H,DISCOVERY,1H,LOW,863,3270,830,1036,540,0.1651376146788991,0.25382262996941896,0.9617612977983777,1061.7779753305924,175.33948216468497,10799.999999,13499.999999,17999.999999,1.892682430996966,1.4488205074237734,0.6256069282334739,0.6294117647058783,1.9112599666722878,2.729004685649546,4.225743209681155,0.3168195718654434,25200.000001,29.719999999999914,,,26952,3.0797399041752223,NORMAL,UP,K_CROSS_UP_D,STOCH_K14_KS3_D3_SHIFT0_V1,True,0.13419672265506943,0.015779714064717065,-0.04498947336068726,STABLE_POSITIVE_FOLDS,-0.03128621089223638,3600.0
DMA|DMA_SMA_P25_SHIFT5_V1|MA_SLOPE_TURN_UP|MA_SLOPE_TURN_DOWN|2H|DOWN,DMA,DIRECTIONAL,2H,DISCOVERY,2H,HIGH,421,594,212,169,131,0.22053872053872053,0.3569023569023569,0.503562945368171,193.20979591836735,42.61024118738404,43199.999999,71999.999999,107999.999999,3.7260176514120023,2.4461637045817444,0.5370190496562061,0.7730025084689279,2.1740568017683857,3.1638637104863157,4.116555074555085,0.2845117845117845,57600.000001,32.27999999999997,,,13483,3.074378279717089,NORMAL,DOWN,MA_SLOPE_TURN_DOWN,DMA_SMA_P25_SHIFT5_V1,True,0.24242148258541701,-0.01498040514433957,-0.08679969089805156,STABLE_POSITIVE_FOLDS,-0.4916864608076009,28800.0
DMA|DMA_SMA_P25_SHIFT5_V1|MA_SLOPE_TURN_UP|MA_SLOPE_TURN_DOWN|2H|UP,DMA,DIRECTIONAL,2H,DISCOVERY,2H,LOW,422,587,212,147,112,0.19080068143100512,0.36115843270868825,0.5023696682464455,191.07471221685853,36.457185295209804,43199.999999,71999.999999,100799.999999,4.05783190206302,2.142689088415259,0.5254130019854824,0.8387113546769378,2.43991799777962,4.201486382208478,4.341346153846166,0.2504258943781942,43200.000001,32.879999999999995,,,13483,3.0720967373944785,NORMAL,UP,MA_SLOPE_TURN_UP,DMA_SMA_P25_SHIFT5_V1,True,0.24604659419259442,-0.05115240094760917,-0.07363302542540645,STABLE_POSITIVE_FOLDS,-0.49763033175355453,28800.0
DMA|DMA_SMA_P25_SHIFT5_V1|PRICE_CROSS_UP_MA|PRICE_CROSS_DOWN_MA|2H|DOWN,DMA,DIRECTIONAL,2H,DISCOVERY,2H,HIGH,421,686,291,169,116,0.16909620991253643,0.42419825072886297,0.6912114014251781,222.93601245643953,37.697634759397936,43199.999999,64799.999999,86399.999999,3.5256539682283274,2.167272727272723,0.5654393336281877,0.9031115608398668,3.1132721016461375,3.637779933310558,3.668495297805576,0.24635568513119532,64800.000001,20.389999999999986,,,13483,3.077116130504221,NORMAL,DOWN,PRICE_CROSS_DOWN_MA,DMA_SMA_P25_SHIFT5_V1,True,0.3097173764119231,-0.06642291577052367,-0.12495579027864073,STABLE_POSITIVE_FOLDS,-0.30403800475059384,28800.0
DMA|DMA_SMA_P25_SHIFT5_V1|PRICE_CROSS_UP_MA|PRICE_CROSS_DOWN_MA|2H|UP,DMA,DIRECTIONAL,2H,DISCOVERY,2H,LOW,422,682,301,140,104,0.15249266862170088,0.4413489736070381,0.7132701421800948,221.75118694362018,33.81543026706231,43199.999999,64799.999999,93599.999999,4.181844674340674,2.1694656488549287,0.5080745341614886,0.9501777065419496,2.767756328439762,3.5220645024819697,4.009822161021912,0.20527859237536658,50400.000001,53.900000000000006,,,13483,3.075519050878394,NORMAL,UP,PRICE_CROSS_UP_MA,DMA_SMA_P25_SHIFT5_V1,True,0.3262371350909443,-0.08946041375691341,-0.11878032742823405,STABLE_POSITIVE_FOLDS,-0.28672985781990523,28800.0
DMA|DMA_SMA_P3_SHIFT3_V1|MA_SLOPE_TURN_UP|MA_SLOPE_TURN_DOWN|2H|DOWN,DMA,DIRECTIONAL,2H,DISCOVERY,2H,HIGH,421,1962,415,666,431,0.21967380224260957,0.21151885830784914,0.9857482185273159,637.3737029350726,140.01430477319894,21599.999999,21599.999999,28799.999999,2.1538631468492877,1.2404463983767355,0.698588289747743,0.8027225367762061,2.4264595606637465,4.098323413149158,5.132726786192115,0.3394495412844037,50400.000001,31.689999999999998,,,13483,3.078256901665526,NORMAL,DOWN,MA_SLOPE_TURN_DOWN,DMA_SMA_P3_SHIFT3_V1,True,0.09703798399090925,-0.01584532344045053,-0.03186193412543237,STABLE_POSITIVE_FOLDS,-0.009501187648456089,7200.0
DMA|DMA_SMA_P3_SHIFT3_V1|MA_SLOPE_TURN_UP|MA_SLOPE_TURN_DOWN|2H|UP,DMA,DIRECTIONAL,2H,DISCOVERY,2H,LOW,422,1964,415,565,486,0.24745417515274948,0.21130346232179226,0.9834123222748815,637.9288572698977,157.85815918185858,21599.999999,28799.999999,28799.999999,2.6969506663875444,1.4842784197796264,0.6509723643807581,0.8748373314076463,2.703842834073526,4.104808659135268,4.988732394366271,0.2876782077393075,43200.000001,36.16,,,13483,3.078713210130048,NORMAL,UP,MA_SLOPE_TURN_UP,DMA_SMA_P3_SHIFT3_V1,True,0.09619162380569843,0.005501092774135186,-0.03638071206429311,STABLE_POSITIVE_FOLDS,-0.016587677725118488,7200.0
DMA|DMA_SMA_P3_SHIFT3_V1|PRICE_CROSS_UP_MA|PRICE_CROSS_DOWN_MA|2H|DOWN,DMA,DIRECTIONAL,2H,DISCOVERY,2H,HIGH,421,2656,418,943,618,0.23268072289156627,0.15737951807228914,0.9928741092636579,862.7620247535759,200.74809160305344,14399.999999,21599.999999,21599.999999,1.7693464849568428,1.0884588729545182,0.7444808342215075,0.7226279151986552,2.2385683598572674,4.1749061653989505,5.461905037525753,0.35504518072289154,50400.000001,33.180000000000064,,,13483,3.078485055897787,NORMAL,DOWN,PRICE_CROSS_DOWN_MA,DMA_SMA_P3_SHIFT3_V1,True,0.042898643755349256,-0.0028384027914938326,-0.016266294686944516,STABLE_POSITIVE_FOLDS,-0.002375296912114022,0.0
DMA|DMA_SMA_P3_SHIFT3_V1|PRICE_CROSS_UP_MA|PRICE_CROSS_DOWN_MA|2H|UP,DMA,DIRECTIONAL,2H,DISCOVERY,2H,LOW,422,2653,421,808,643,0.2423671315491896,0.15868827742178665,0.9976303317535545,861.2768683801199,208.7452040589586,14399.999999,21599.999999,21599.999999,2.353406184608237,1.2712507909723685,0.6898300029824043,0.8151725065416716,2.4774390253892076,4.332407150427743,5.084017857142925,0.3045608744817188,43200.000001,37.08499999999994,,,13483,3.080310289755875,NORMAL,UP,PRICE_CROSS_UP_MA,DMA_SMA_P3_SHIFT3_V1,True,0.04357643890569282,0.00041404917057530355,-0.01949804532188182,STABLE_POSITIVE_FOLDS,-0.0023696682464454666,0.0
DMA|DMA_SMA_P7_SHIFT5_V1|MA_SLOPE_TURN_UP|MA_SLOPE_TURN_DOWN|2H|DOWN,DMA,DIRECTIONAL,2H,DISCOVERY,2H,HIGH,421,1243,390,358,265,0.21319388576025744,0.3137570394207562,0.9263657957244655,403.79995552920246,86.08768158908983,28799.999999,43199.999999,57599.999999,2.750203854939188,1.6082088086852644,0.620580336951605,0.8813466025066705,2.642613382866868,3.6109630429828874,3.7829706888888497,0.28801287208366855,50400.000001,28.62000000000006,,,13483,3.078256901665526,NORMAL,DOWN,MA_SLOPE_TURN_DOWN,DMA_SMA_P7_SHIFT5_V1,True,0.19927616510381635,-0.022325239922802664,-0.08329860332616751,STABLE_POSITIVE_FOLDS,-0.06888361045130642,14400.0
DMA|DMA_SMA_P7_SHIFT5_V1|MA_SLOPE_TURN_UP|MA_SLOPE_TURN_DOWN|2H|UP,DMA,DIRECTIONAL,2H,DISCOVERY,2H,LOW,422,1237,394,319,266,0.21503637833468067,0.3185125303152789,0.933649289099526,402.1786959424375,86.48305021882649,35999.999999,50399.999999,57599.999999,3.5161632705515227,1.8108038699755724,0.5727402037948413,0.9406855143249179,2.640324246780736,3.6185293439726207,4.433410138248905,0.25788197251414713,43200.000001,44.429999999999836,,,13483,3.075747205110655,NORMAL,UP,MA_SLOPE_TURN_UP,DMA_SMA_P7_SHIFT5_V1,True,0.20340069179918505,-0.02691670404393362,-0.0661769472894535,STABLE_POSITIVE_FOLDS,-0.06635071090047395,21600.0
DMA|DMA_SMA_P7_SHIFT5_V1|PRICE_CROSS_UP_MA|PRICE_CROSS_DOWN_MA|2H|DOWN,DMA,DIRECTIONAL,2H,DISCOVERY,2H,HIGH,421,1523,411,451,330,0.21667760998030203,0.26986211424819434,0.9762470308788599,494.7238568146446,107.19558289483436,21599.999999,28799.999999,43199.999999,2.3853944562899807,1.405171029388149,0.6624533368262496,0.8897452487250268,2.9356357614905737,3.80081069560132,4.391945730591333,0.29612606697307947,50400.000001,35.16000000000008,,,13483,3.078485055897787,NORMAL,DOWN,PRICE_CROSS_DOWN_MA,DMA_SMA_P7_SHIFT5_V1,True,0.15538123993125447,-0.018841515702758077,-0.07518540843675658,STABLE_POSITIVE_FOLDS,-0.019002375296912066,7200.0
DMA|DMA_SMA_P7_SHIFT5_V1|PRICE_CROSS_UP_MA|PRICE_CROSS_DOWN_MA|2H|UP,DMA,DIRECTIONAL,2H,DISCOVERY,2H,LOW,422,1520,409,397,360,0.23684210526315788,0.26907894736842103,0.9691943127962085,493.4567809791867,116.87134286349159,28799.999999,35999.999999,43199.999999,3.0882481052356368,1.662444585180495,0.6067257785467131,1.01041909117047,3.023580632085048,3.751010509296674,3.7183098591549317,0.2611842105263158,43200.000001,44.429999999999836,,,13483,3.080310289755875,NORMAL,UP,PRICE_CROSS_UP_MA,DMA_SMA_P7_SHIFT5_V1,True,0.1539671088523272,-0.005110977115456411,-0.06287470927728483,STABLE_POSITIVE_FOLDS,-0.03080568720379151,14400.0
DNO_QUANTILE|CAUSAL_DNO_QUANTILE_80_20_CONTROL_V1|CROSSED_OB_BAND_UP|2H|UP,DNO_QUANTILE,DIRECTIONAL,2H,DISCOVERY,2H,LOW,422,828,310,97,242,0.2922705314009662,0.3743961352657005,0.7345971563981043,269.0232765011119,78.62757598220905,35999.999999,57599.999999,79199.999999,4.738117526868661,2.413358998155097,0.4759082227730945,1.0014447071184636,3.3163589610528232,3.9095120444719007,3.8702213279677653,0.11714975845410629,50400.000001,20.72,,,13483,3.0778005932010037,NORMAL,UP,CROSSED_OB_BAND_UP,CAUSAL_DNO_QUANTILE_80_20_CONTROL_V1,True,0.2592842967496066,0.05031744902235191,-0.20690916134949433,STABLE_POSITIVE_FOLDS,-0.2654028436018957,21600.0
DNO_QUANTILE|CAUSAL_DNO_QUANTILE_80_20_CONTROL_V1|CROSSED_OS_BAND_DOWN|2H|DOWN,DNO_QUANTILE,DIRECTIONAL,2H,DISCOVERY,2H,HIGH,421,943,330,144,226,0.23966065747614,0.34994697773064687,0.7838479809976246,306.79698634204277,73.5271674584323,35999.999999,50399.999999,71999.999999,3.4354383856573003,2.177943838922891,0.5151352699496072,1.1635539435750473,3.4900437507973368,3.3505737020238993,2.956990490384645,0.15270413573700956,57600.000001,21.32499999999999,,,13483,3.0736938170203056,NORMAL,DOWN,CROSSED_OS_BAND_DOWN,CAUSAL_DNO_QUANTILE_80_20_CONTROL_V1,True,0.235466103413707,0.004141531793079883,-0.2186073396728265,STABLE_POSITIVE_FOLDS,-0.2114014251781473,21600.0
DNO_QUANTILE|CAUSAL_DNO_QUANTILE_80_20_CONTROL_V1|FORECAST_OB_CROSS|2H|UP,DNO_QUANTILE,DIRECTIONAL,2H,DISCOVERY,2H,LOW,422,1226,347,149,370,0.30179445350734097,0.2830342577487765,0.8222748815165877,398.8094107169363,120.35846816090248,43199.999999,57599.999999,79199.999999,4.507462686567165,2.3152261172063087,0.48047419804741875,1.0129212459626222,3.1785007052124117,3.774236129753378,3.546666666666662,0.12153344208809136,50400.000001,20.72,,,13483,3.074150125484828,NORMAL,UP,FORECAST_OB_CROSS,CAUSAL_DNO_QUANTILE_80_20_CONTROL_V1,True,0.16792241923268267,0.05984137112872667,-0.20252547771550927,STABLE_POSITIVE_FOLDS,-0.17772511848341233,28800.0
DNO_QUANTILE|CAUSAL_DNO_QUANTILE_80_20_CONTROL_V1|FORECAST_OS_CROSS|2H|DOWN,DNO_QUANTILE,DIRECTIONAL,2H,DISCOVERY,2H,HIGH,421,1284,361,206,311,0.24221183800623053,0.2811526479750779,0.8574821852731591,417.7384204275535,101.1811906175772,35999.999999,50399.999999,71999.999999,3.282948576009141,2.064107855275827,0.5453870887954491,1.107702912474595,3.3330981977507843,3.233287444608906,3.053921890324155,0.16043613707165108,61200.000001,20.154999999999987,,,13483,3.0736938170203056,NORMAL,DOWN,FORECAST_OS_CROSS,CAUSAL_DNO_QUANTILE_80_20_CONTROL_V1,True,0.166671773658138,0.006692712323170424,-0.21087533833818498,STABLE_POSITIVE_FOLDS,-0.13776722090261284,21600.0
INVERSE|INVERSE_DMA_25X5|DMA_SMA_P25_SHIFT5_V1|2H|DOWN,INVERSE_PREDICTOR,DIRECTIONAL,2H,DISCOVERY,2H,HIGH,421,700,294,174,113,0.16142857142857142,0.42,0.6983372921615202,227.48572699636688,36.72269592941351,39599.999999,64799.999999,86399.999999,3.460309288355451,2.1206265469263146,0.5659325628674565,0.880032994793006,3.136559122852422,3.637779933310558,3.7478510028653154,0.24857142857142858,57600.000001,18.720000000000013,,,13483,3.077116130504221,NORMAL,DOWN,INVERSE_THRESHOLD_CROSS,DMA_SMA_P25_SHIFT5_V1,True,0.3055191256830601,-0.07409055425448868,-0.12274004683840747,STABLE_POSITIVE_FOLDS,-0.29691211401425177,25200.0
INVERSE|INVERSE_DMA_25X5|DMA_SMA_P25_SHIFT5_V1|2H|UP,INVERSE_PREDICTOR,DIRECTIONAL,2H,DISCOVERY,2H,LOW,422,711,301,151,107,0.15049226441631505,0.42334739803094235,0.7132701421800948,231.18048961424333,34.79087537091988,43199.999999,64799.999999,93599.999999,4.2296252230815075,2.1743749999999995,0.5067884549662905,0.9493800384662574,2.719633932097661,3.4175773174127775,3.924913516184822,0.21237693389592124,50400.000001,44.429999999999836,,,13483,3.075519050878394,NORMAL,UP,INVERSE_THRESHOLD_CROSS,DMA_SMA_P25_SHIFT5_V1,True,0.3082355595148485,-0.09146081796229924,-0.11168198590767939,STABLE_POSITIVE_FOLDS,-0.28672985781990523,28800.0
INVERSE|INVERSE_DMA_3X3|DMA_SMA_P3_SHIFT3_V1|2H|DOWN,INVERSE_PREDICTOR,DIRECTIONAL,2H,DISCOVERY,2H,HIGH,421,2431,398,784,563,0.2315919374742904,0.16371863430686961,0.9453681710213777,789.557095220452,182.85505742867727,14399.999999,28799.999999,43199.999999,1.9628799046391472,1.1458667288534725,0.711526837091087,0.7506735355977675,2.2793260973645015,4.151995643907668,5.478157267672767,0.32250102838338135,50400.000001,33.74000000000001,,,13483,3.078941364362309,NORMAL,DOWN,INVERSE_THRESHOLD_CROSS,DMA_SMA_P3_SHIFT3_V1,True,0.04923775998992973,-0.003927188208769694,-0.048810447026454706,STABLE_POSITIVE_FOLDS,-0.04988123515439424,0.0
INVERSE|INVERSE_DMA_3X3|DMA_SMA_P3_SHIFT3_V1|2H|UP,INVERSE_PREDICTOR,DIRECTIONAL,2H,DISCOVERY,2H,LOW,422,2551,402,712,643,0.25205801646413173,0.15758526068208545,0.95260663507109,828.163321235464,208.7452040589586,14399.999999,28799.999999,50399.999999,2.688003801251346,1.3939679833944867,0.6524577137018951,0.8955695532316417,2.4469225912075476,4.2570236646542075,4.690140845070461,0.2791062328498628,50400.000001,33.43999999999998,,,13483,3.080310289755875,NORMAL,UP,INVERSE_THRESHOLD_CROSS,DMA_SMA_P3_SHIFT3_V1,True,0.04247342216599162,0.010104934085517436,-0.04495268695373783,STABLE_POSITIVE_FOLDS,-0.04739336492891,0.0
INVERSE|INVERSE_DMA_7X5|DMA_SMA_P7_SHIFT5_V1|2H|DOWN,INVERSE_PREDICTOR,DIRECTIONAL,2H,DISCOVERY,2H,HIGH,421,1485,388,427,338,0.22760942760942762,0.2612794612794613,0.9216152019002375,482.48739807264644,109.8186805040771,21599.999999,35999.999999,57599.999999,2.5065349829329255,1.4558772060945842,0.6449093169925004,0.9113882985890642,2.932824075413392,3.753628374337705,4.141125769630138,0.28754208754208754,50400.000001,35.16000000000008,,,13483,3.0778005932010037,NORMAL,DOWN,INVERSE_THRESHOLD_CROSS,DMA_SMA_P7_SHIFT5_V1,True,0.1467985869625214,-0.007909698073632482,-0.08376938786774851,STABLE_POSITIVE_FOLDS,-0.07363420427553447,7200.0
INVERSE|INVERSE_DMA_7X5|DMA_SMA_P7_SHIFT5_V1|2H|UP,INVERSE_PREDICTOR,DIRECTIONAL,2H,DISCOVERY,2H,LOW,422,1509,384,384,388,0.2571239231278993,0.2544731610337972,0.909952606635071,489.8857121694689,125.96133619731872,28799.999999,35999.999999,55439.99999899992,3.099025326431513,1.674582045041599,0.5956836639080854,1.0161883327443346,3.042313757778383,3.7490546015255317,3.668766879307147,0.2544731610337972,43200.000001,36.33999999999995,,,13483,3.080310289755875,NORMAL,UP,INVERSE_THRESHOLD_CROSS,DMA_SMA_P7_SHIFT5_V1,True,0.13936132251770336,0.015170840749284986,-0.06958575876980344,STABLE_POSITIVE_FOLDS,-0.09004739336492895,14400.0
INVERSE|INVERSE_DNO_N7_OB_OS|DNO_PERIOD_7_REFERENCE|2H|DOWN,INVERSE_PREDICTOR,DIRECTIONAL,2H,DISCOVERY,2H,HIGH,421,971,293,317,212,0.21833161688980432,0.30175077239958803,0.6959619952494062,315.78934480967575,68.94679824886845,14399.999999,28799.999999,43199.999999,2.4324927471546505,1.2843459927165197,0.7006999222308634,0.955927759061229,3.02937299128358,4.388416088911182,4.70602556299452,0.32646755921730175,50400.000001,97.81999999999971,,,13483,3.0748345881816106,NORMAL,DOWN,INVERSE_THRESHOLD_CROSS,DNO_PERIOD_7_REFERENCE,True,0.18726989808264816,-0.017187508793255785,-0.044843916192534305,STABLE_POSITIVE_FOLDS,-0.2992874109263658,0.0
INVERSE|INVERSE_DNO_N7_OB_OS|DNO_PERIOD_7_REFERENCE|2H|UP,INVERSE_PREDICTOR,DIRECTIONAL,2H,DISCOVERY,2H,LOW,422,992,295,285,223,0.2247983870967742,0.2973790322580645,0.6990521327014217,322.0454781127324,72.39530405155173,21599.999999,28799.999999,64799.999999,3.2729636797953017,1.5216730954676934,0.6059782608695636,0.9879484304932712,3.0208406411215343,4.735845085245211,4.4058577405857875,0.2872983870967742,43200.000001,93.82000000000016,,,13483,3.080310289755875,NORMAL,UP,INVERSE_THRESHOLD_CROSS,DNO_PERIOD_7_REFERENCE,True,0.18226719374197067,-0.017154695281840104,-0.03676053270682644,STABLE_POSITIVE_FOLDS,-0.30094786729857825,7200.0
INVERSE|INVERSE_MACD_12_26_9_SIGNAL_CROSS|MACD_12_26_9_SHIFT0_V1|2H|DOWN,INVERSE_PREDICTOR,DIRECTIONAL,2H,DISCOVERY,2H,HIGH,421,338,166,69,84,0.2485207100591716,0.4911242603550296,0.39429928741092635,109.80240142306552,27.288170767862436,43199.999999,57599.999999,89999.999999,3.348104224189007,2.2168788265079122,0.5327593367889423,1.0031342822446927,2.657491354312783,2.744053629208567,3.145864341909422,0.20414201183431951,50400.000001,25.44999999999999,,,13483,3.078256901665526,NORMAL,DOWN,INVERSE_THRESHOLD_CROSS,MACD_12_26_9_SHIFT0_V1,True,0.3766433860380897,0.013001584376111486,-0.16716946357551654,STABLE_POSITIVE_FOLDS,-0.6009501187648456,28800.0
INVERSE|INVERSE_MACD_12_26_9_SIGNAL_CROSS|MACD_12_26_9_SHIFT0_V1|2H|UP,INVERSE_PREDICTOR,DIRECTIONAL,2H,DISCOVERY,2H,LOW,422,357,161,72,100,0.2801120448179272,0.45098039215686275,0.3815165876777251,116.14689726840855,32.53414489311164,43199.999999,71999.999999,93599.999999,4.244293478260871,2.2344152889428193,0.524324324324324,0.798044524446091,2.4246161204957435,4.500749691947035,5.178947368420946,0.20168067226890757,50400.000001,22.495000000000033,,,13483,3.0736938170203056,NORMAL,UP,INVERSE_THRESHOLD_CROSS,MACD_12_26_9_SHIFT0_V1,True,0.33586855364076895,0.03815896243931288,-0.12237824753469306,STABLE_POSITIVE_FOLDS,-0.6184834123222749,28800.0
INVERSE|INVERSE_STOCH_14_3_3_POINT_BAR|STOCH_K14_KS3_D3_SHIFT0_V1|2H|DOWN,INVERSE_PREDICTOR,DIRECTIONAL,2H,DISCOVERY,2H,HIGH,421,828,296,316,138,0.16666666666666666,0.357487922705314,0.7030878859857482,269.4227171492205,44.903786191536746,14399.999999,21599.999999,35999.999999,2.0456229424308052,1.156729939802302,0.7088309716599197,0.8880889859263023,2.363300541425131,4.1749061653989505,4.770010229925839,0.38164251207729466,43200.000001,52.5750000000001,,,13483,3.073237508555784,NORMAL,DOWN,INVERSE_THRESHOLD_CROSS,STOCH_K14_KS3_D3_SHIFT0_V1,True,0.24300704838837411,-0.06885245901639345,0.010331036667458604,STABLE_POSITIVE_FOLDS,-0.2921615201900237,0.0
INVERSE|INVERSE_STOCH_14_3_3_POINT_BAR|STOCH_K14_KS3_D3_SHIFT0_V1|2H|UP,INVERSE_PREDICTOR,DIRECTIONAL,2H,DISCOVERY,2H,LOW,422,613,261,233,71,0.11582381729200653,0.4257748776508972,0.6184834123222749,199.1681986656783,23.06842105263158,14399.999999,21599.999999,28799.999999,2.4103208564656398,1.240696117804548,0.6802424891985133,0.7988613929571687,2.4502152152458088,4.325485406224985,4.665829486831374,0.3800978792822186,36000.000001,54.83999999999969,,,13483,3.0778005932010037,NORMAL,UP,INVERSE_THRESHOLD_CROSS,STOCH_K14_KS3_D3_SHIFT0_V1,True,0.3106630391348034,-0.12612926508660777,0.05603895947861798,STABLE_POSITIVE_FOLDS,-0.3815165876777251,0.0
MACD|DINAPOLI_MACD_REFERENCE_V1|HIST_CROSS_UP_ZERO|HIST_CROSS_DOWN_ZERO|2H|DOWN,MACD,DIRECTIONAL,2H,DISCOVERY,2H,HIGH,421,635,341,138,120,0.1889763779527559,0.537007874015748,0.8099762470308789,206.2702882976358,38.980211961757945,35999.999999,50399.999999,71999.999999,3.019843868765619,1.8263283108643948,0.5641126735882954,1.0174102285092361,2.494594765289247,3.3533753727330424,3.312557286892833,0.2173228346456693,57600.000001,49.745000000000005,,,13483,3.078485055897787,NORMAL,DOWN,HIST_CROSS_DOWN_ZERO,DINAPOLI_MACD_REFERENCE_V1,True,0.42252699969880814,-0.0465427477303042,-0.15398864076416677,STABLE_POSITIVE_FOLDS,-0.18527315914489306,21600.0
MACD|DINAPOLI_MACD_REFERENCE_V1|HIST_CROSS_UP_ZERO|HIST_CROSS_DOWN_ZERO|2H|UP,MACD,DIRECTIONAL,2H,DISCOVERY,2H,LOW,422,633,352,105,137,0.21642969984202212,0.5560821484992101,0.8341232227488151,205.94113717339667,44.571778503562946,43199.999999,57599.999999,79199.999999,3.944191871796323,2.0259125572509014,0.5124823658335995,0.9329927940797128,2.8661822851650656,3.7058754544388424,4.075657894736842,0.16587677725118483,50400.000001,30.289999999999964,,,13483,3.0736938170203056,NORMAL,UP,HIST_CROSS_UP_ZERO,DINAPOLI_MACD_REFERENCE_V1,True,0.44097030998311626,-0.02552338253659217,-0.1581821425524158,STABLE_POSITIVE_FOLDS,-0.16587677725118488,28800.0
MACD|DINAPOLI_MACD_REFERENCE_V1|MACD_CROSS_UP_SIGNAL|MACD_CROSS_DOWN_SIGNAL|2H|DOWN,MACD,DIRECTIONAL,2H,DISCOVERY,2H,HIGH,421,635,341,138,120,0.1889763779527559,0.537007874015748,0.8099762470308789,206.2702882976358,38.980211961757945,35999.999999,50399.999999,71999.999999,3.019843868765619,1.8263283108643948,0.5641126735882954,1.0174102285092361,2.494594765289247,3.3533753727330424,3.312557286892833,0.2173228346456693,57600.000001,49.745000000000005,,,13483,3.078485055897787,NORMAL,DOWN,MACD_CROSS_DOWN_SIGNAL,DINAPOLI_MACD_REFERENCE_V1,True,0.42252699969880814,-0.0465427477303042,-0.15398864076416677,STABLE_POSITIVE_FOLDS,-0.18527315914489306,21600.0
MACD|DINAPOLI_MACD_REFERENCE_V1|MACD_CROSS_UP_SIGNAL|MACD_CROSS_DOWN_SIGNAL|2H|UP,MACD,DIRECTIONAL,2H,DISCOVERY,2H,LOW,422,633,352,105,137,0.21642969984202212,0.5560821484992101,0.8341232227488151,205.94113717339667,44.571778503562946,43199.999999,57599.999999,79199.999999,3.944191871796323,2.0259125572509014,0.5124823658335995,0.9329927940797128,2.8661822851650656,3.7058754544388424,4.075657894736842,0.16587677725118483,50400.000001,30.289999999999964,,,13483,3.0736938170203056,NORMAL,UP,MACD_CROSS_UP_SIGNAL,DINAPOLI_MACD_REFERENCE_V1,True,0.44097030998311626,-0.02552338253659217,-0.1581821425524158,STABLE_POSITIVE_FOLDS,-0.16587677725118488,28800.0
MACD|MACD_12_26_9_SHIFT0_V1|HIST_CROSS_UP_ZERO|HIST_CROSS_DOWN_ZERO|2H|DOWN,MACD,DIRECTIONAL,2H,DISCOVERY,2H,HIGH,421,480,291,85,89,0.18541666666666667,0.60625,0.6912114014251781,155.93240438778534,28.91246664690187,43199.999999,64799.999999,86399.999999,3.336327473373551,2.1176546474875817,0.5396935933147627,1.0038476395143103,2.4690849895525844,2.997038369961565,3.0855855855855845,0.17708333333333334,57600.000001,30.680000000000007,,,13483,3.078256901665526,NORMAL,DOWN,HIST_CROSS_DOWN_ZERO,MACD_12_26_9_SHIFT0_V1,True,0.4917691256830601,-0.05010245901639343,-0.1942281420765027,STABLE_POSITIVE_FOLDS,-0.30403800475059384,28800.0
MACD|MACD_12_26_9_SHIFT0_V1|HIST_CROSS_UP_ZERO|HIST_CROSS_DOWN_ZERO|2H|UP,MACD,DIRECTIONAL,2H,DISCOVERY,2H,LOW,422,478,299,76,86,0.1799163179916318,0.6255230125523012,0.7085308056872038,155.51321258907365,27.97936460807601,50399.999999,64799.999999,86399.999999,4.504021447721179,2.274523666442783,0.4783196366782007,0.9534786253143301,2.430787661952065,3.582779543484535,4.124710788094226,0.1589958158995816,61200.000001,20.880000000000024,,,13483,3.0736938170203056,NORMAL,UP,HIST_CROSS_UP_ZERO,MACD_12_26_9_SHIFT0_V1,True,0.5104111740362074,-0.062036764386982496,-0.16506310390401904,STABLE_POSITIVE_FOLDS,-0.29146919431279616,36000.0
MACD|MACD_12_26_9_SHIFT0_V1|MACD_CROSS_UP_SIGNAL|MACD_CROSS_DOWN_SIGNAL|2H|DOWN,MACD,DIRECTIONAL,2H,DISCOVERY,2H,HIGH,421,480,291,85,89,0.18541666666666667,0.60625,0.6912114014251781,155.93240438778534,28.91246664690187,43199.999999,64799.999999,86399.999999,3.336327473373551,2.1176546474875817,0.5396935933147627,1.0038476395143103,2.4690849895525844,2.997038369961565,3.0855855855855845,0.17708333333333334,57600.000001,30.680000000000007,,,13483,3.078256901665526,NORMAL,DOWN,MACD_CROSS_DOWN_SIGNAL,MACD_12_26_9_SHIFT0_V1,True,0.4917691256830601,-0.05010245901639343,-0.1942281420765027,STABLE_POSITIVE_FOLDS,-0.30403800475059384,28800.0
MACD|MACD_12_26_9_SHIFT0_V1|MACD_CROSS_UP_SIGNAL|MACD_CROSS_DOWN_SIGNAL|2H|UP,MACD,DIRECTIONAL,2H,DISCOVERY,2H,LOW,422,478,299,76,86,0.1799163179916318,0.6255230125523012,0.7085308056872038,155.51321258907365,27.97936460807601,50399.999999,64799.999999,86399.999999,4.504021447721179,2.274523666442783,0.4783196366782007,0.9534786253143301,2.430787661952065,3.582779543484535,4.124710788094226,0.1589958158995816,61200.000001,20.880000000000024,,,13483,3.0736938170203056,NORMAL,UP,MACD_CROSS_UP_SIGNAL,MACD_12_26_9_SHIFT0_V1,True,0.5104111740362074,-0.062036764386982496,-0.16506310390401904,STABLE_POSITIVE_FOLDS,-0.29146919431279616,36000.0
OSC_PREDICTOR|PROJECT_DINAPOLI_STYLE_OSCILLATOR_PREDICTOR_REFERENCE|CROSSED_OB_BAND_UP|2H|UP,OSC_PREDICTOR,DIRECTIONAL,2H,DISCOVERY,2H,LOW,422,746,282,84,228,0.30563002680965146,0.3780160857908847,0.6682464454976303,242.74075723830734,74.18886414253897,43199.999999,57599.999999,86399.999999,4.9862052800010135,2.5078468310664475,0.45906318121930756,0.9720042525185985,3.159676109424993,3.9095120444719007,4.057692307692283,0.1126005361930295,50400.000001,32.41,,,13483,3.073237508555784,NORMAL,UP,CROSSED_OB_BAND_UP,PROJECT_DINAPOLI_STYLE_OSCILLATOR_PREDICTOR_REFERENCE,True,0.2629042472747909,0.06367694443103716,-0.21145838361057112,STABLE_POSITIVE_FOLDS,-0.33175355450236965,28800.0
OSC_PREDICTOR|PROJECT_DINAPOLI_STYLE_OSCILLATOR_PREDICTOR_REFERENCE|CROSSED_OS_BAND_DOWN|2H|DOWN,OSC_PREDICTOR,DIRECTIONAL,2H,DISCOVERY,2H,HIGH,421,737,299,95,183,0.24830393487109906,0.4056987788331072,0.7102137767220903,239.77664786223278,59.537485154394304,35999.999999,61199.999999,86399.999999,4.01966965073761,2.403380993334767,0.48367166813768736,1.10517240120799,3.6735229772373397,3.186571390055101,3.11410788381743,0.12890094979647218,64800.000001,24.860000000000014,,,13483,3.0736938170203056,NORMAL,DOWN,CROSSED_OS_BAND_DOWN,PROJECT_DINAPOLI_STYLE_OSCILLATOR_PREDICTOR_REFERENCE,True,0.2912179045161673,0.012784809188038954,-0.24241052561336388,STABLE_POSITIVE_FOLDS,-0.28503562945368166,21600.0
OSC_PREDICTOR|PROJECT_DINAPOLI_STYLE_OSCILLATOR_PREDICTOR_REFERENCE|FORECAST_OB_CROSS|2H|UP,OSC_PREDICTOR,DIRECTIONAL,2H,DISCOVERY,2H,LOW,422,1080,314,130,351,0.325,0.29074074074074074,0.7440758293838863,351.4209354120267,114.21180400890867,43199.999999,64799.999999,86399.999999,4.711753432752051,2.4121148643568278,0.4560352967516479,0.9391072088199377,3.077749859292711,3.8551112432486003,3.9781885567262965,0.12037037037037036,57600.000001,21.570000000000007,,,13483,3.073237508555784,NORMAL,UP,FORECAST_OB_CROSS,PROJECT_DINAPOLI_STYLE_OSCILLATOR_PREDICTOR_REFERENCE,True,0.17562890222464692,0.08304691762138572,-0.20368854943323028,STABLE_POSITIVE_FOLDS,-0.2559241706161137,28800.0
OSC_PREDICTOR|PROJECT_DINAPOLI_STYLE_OSCILLATOR_PREDICTOR_REFERENCE|FORECAST_OS_CROSS|2H|DOWN,OSC_PREDICTOR,DIRECTIONAL,2H,DISCOVERY,2H,HIGH,421,1046,319,135,281,0.26864244741873805,0.3049713193116635,0.7577197149643705,339.72715820674324,91.26513523527231,35999.999999,57599.999999,79199.999999,3.6044513542263212,2.253445975989331,0.4925800904400996,1.0843988086422665,3.4962222455543936,3.5023095101690065,2.892304886544399,0.12906309751434034,57600.000001,24.100000000000023,,,13483,3.078941364362309,NORMAL,DOWN,FORECAST_OS_CROSS,PROJECT_DINAPOLI_STYLE_OSCILLATOR_PREDICTOR_REFERENCE,True,0.19049044499472362,0.033123321735677946,-0.24224837789549572,STABLE_POSITIVE_FOLDS,-0.23752969121140144,21600.0
PURE_DNO|DNO_PERIOD_7_REFERENCE|DNO_ZERO_CROSS_DOWN|2H|DOWN,PURE_DNO,DIRECTIONAL,2H,DISCOVERY,2H,HIGH,421,1522,411,450,330,0.21681997371879105,0.2700394218134034,0.9762470308788599,494.3990217149633,107.19558289483436,21599.999999,28799.999999,43199.999999,2.3853944562899807,1.405171029388149,0.6624533368262496,0.8897452487250268,2.9356357614905737,3.80081069560132,4.391945730591333,0.2956636005256242,50400.000001,35.895000000000046,,,13483,3.078485055897787,NORMAL,DOWN,DNO_ZERO_CROSS_DOWN,DNO_PERIOD_7_REFERENCE,True,0.15555854749646353,-0.01869915196426905,-0.07564787488421187,STABLE_POSITIVE_FOLDS,-0.019002375296912066,7200.0
PURE_DNO|DNO_PERIOD_7_REFERENCE|DNO_ZERO_CROSS_UP|2H|UP,PURE_DNO,DIRECTIONAL,2H,DISCOVERY,2H,LOW,422,1520,409,397,360,0.23684210526315788,0.26907894736842103,0.9691943127962085,493.4567809791867,116.87134286349159,28799.999999,35999.999999,43199.999999,3.0882481052356368,1.662444585180495,0.6067257785467131,1.01041909117047,3.023580632085048,3.751010509296674,3.7183098591549317,0.2611842105263158,43200.000001,44.429999999999836,,,13483,3.080310289755875,NORMAL,UP,DNO_ZERO_CROSS_UP,DNO_PERIOD_7_REFERENCE,True,0.1539671088523272,-0.005110977115456411,-0.06287470927728483,STABLE_POSITIVE_FOLDS,-0.03080568720379151,14400.0
STOCH|DINAPOLI_PREFERRED_STOCHASTIC_REFERENCE_V1|K_CROSS_UP_D|K_CROSS_DOWN_D|2H|DOWN,STOCHASTIC,DIRECTIONAL,2H,DISCOVERY,2H,HIGH,421,1181,401,355,256,0.21676545300592717,0.33954276037256564,0.9524940617577197,384.25677381040754,83.29359364560909,21599.999999,28799.999999,43199.999999,2.2667551971041333,1.30183798502382,0.6845425867507874,0.7807007781790487,2.620751986638868,4.023887451312561,4.858583374323721,0.3005927180355631,43200.000001,44.69999999999982,,,13483,3.0734656627880446,NORMAL,DOWN,K_CROSS_DOWN_D,DINAPOLI_PREFERRED_STOCHASTIC_REFERENCE_V1,True,0.22506188605562577,-0.018753672677132932,-0.07071875737427297,STABLE_POSITIVE_FOLDS,-0.04275534441805229,7200.0
STOCH|DINAPOLI_PREFERRED_STOCHASTIC_REFERENCE_V1|K_CROSS_UP_D|K_CROSS_DOWN_D|2H|UP,STOCHASTIC,DIRECTIONAL,2H,DISCOVERY,2H,LOW,422,1181,403,284,314,0.26587637595258257,0.34123624047417445,0.9549763033175356,383.74401364074436,102.02846764029951,21599.999999,35999.999999,43199.999999,2.957809562247139,1.6091486585586545,0.6149659863945578,0.9508214040462794,2.906117898453103,4.125651176165143,3.9107618360287426,0.24047417442845045,50400.000001,35.86500000000001,,,13483,3.0775724389687427,NORMAL,UP,K_CROSS_UP_D,DINAPOLI_PREFERRED_STOCHASTIC_REFERENCE_V1,True,0.22612440195808062,0.023923293573968274,-0.08358474537515018,STABLE_POSITIVE_FOLDS,-0.04502369668246442,7200.0
STOCH|STOCH_K14_KS3_D3_SHIFT0_V1|K_CROSS_UP_D|K_CROSS_DOWN_D|2H|DOWN,STOCHASTIC,DIRECTIONAL,2H,DISCOVERY,2H,HIGH,421,1624,404,562,377,0.23214285714285715,0.24876847290640394,0.9596199524940617,527.6886351842243,122.49914745348062,21599.999999,28799.999999,35999.999999,2.0639568366333774,1.2085169429523965,0.7111092756499027,0.7517844072462418,2.4154689295359546,4.15162291028564,4.999999999999986,0.3460591133004926,43200.000001,30.385000000000048,,,13483,3.0775724389687427,NORMAL,DOWN,K_CROSS_DOWN_D,STOCH_K14_KS3_D3_SHIFT0_V1,True,0.13428759858946404,-0.0033762685402029535,-0.02525236210934345,STABLE_POSITIVE_FOLDS,-0.03562945368171022,7200.0
STOCH|STOCH_K14_KS3_D3_SHIFT0_V1|K_CROSS_UP_D|K_CROSS_DOWN_D|2H|UP,STOCHASTIC,DIRECTIONAL,2H,DISCOVERY,2H,LOW,422,1626,407,453,432,0.2656826568265683,0.25030750307503075,0.9644549763033176,527.9471071931254,140.26639010297058,21599.999999,28799.999999,35999.999999,2.560901339829484,1.455347936523906,0.6618962432915924,0.9815544079105802,2.7076106558769006,4.348310021147935,4.6385233054941075,0.2785977859778598,43200.000001,35.17000000000007,,,13483,3.079853981291353,NORMAL,UP,K_CROSS_UP_D,STOCH_K14_KS3_D3_SHIFT0_V1,True,0.13519566455893692,0.023729574447953983,-0.04546113382574085,STABLE_POSITIVE_FOLDS,-0.03554502369668244,7200.0
DMA|DMA_SMA_P25_SHIFT5_V1|MA_SLOPE_TURN_UP|MA_SLOPE_TURN_DOWN|4H|DOWN,DMA,DIRECTIONAL,4H,DISCOVERY,4H,HIGH,217,313,87,63,134,0.4281150159744409,0.2779552715654952,0.4009216589861751,102.39431258396776,43.83654276757725,71999.999999,115199.999999,143999.999999,4.6618976919962165,2.124966078697417,0.5704340704340704,1.102821926694789,2.796633667464035,5.084570423628,5.108108108108047,0.2012779552715655,86400.000001,33.26999999999998,,,6747,3.056810403832991,NORMAL,DOWN,MA_SLOPE_TURN_DOWN,DMA_SMA_P25_SHIFT5_V1,True,0.15920870751931598,0.05153447721688181,-0.09558845484388256,STABLE_POSITIVE_FOLDS,-0.5944700460829493,43200.00000000001
DMA|DMA_SMA_P25_SHIFT5_V1|MA_SLOPE_TURN_UP|MA_SLOPE_TURN_DOWN|4H|UP,DMA,DIRECTIONAL,4H,DISCOVERY,4H,LOW,218,312,99,68,100,0.32051282051282054,0.3173076923076923,0.4541284403669725,102.20448430493273,32.75784753363229,71999.999999,115199.999999,143999.999999,5.628423576927938,2.1323199143229363,0.623490156823491,1.0995319261679806,4.154436069175556,5.685285779210939,5.019820516590068,0.21794871794871795,64800.00000099999,33.90499999999999,,,6747,3.052703627652293,NORMAL,UP,MA_SLOPE_TURN_UP,DMA_SMA_P25_SHIFT5_V1,True,0.19814239851307397,-0.05510497190892577,-0.04838845942635067,STABLE_POSITIVE_FOLDS,-0.5412844036697249,43200.00000000001
DMA|DMA_SMA_P25_SHIFT5_V1|PRICE_CROSS_UP_MA|PRICE_CROSS_DOWN_MA|4H|DOWN,DMA,DIRECTIONAL,4H,DISCOVERY,4H,HIGH,217,322,150,44,88,0.2732919254658385,0.4658385093167702,0.6912442396313364,105.68563726224352,28.883031301482703,71999.999999,111599.999999,143999.999999,4.937172522682193,2.2095115589236927,0.5075185551427819,1.195130123980781,3.4672071540539187,3.7692891474829326,2.984949148795046,0.13664596273291926,72000.000001,19.405,,,6747,3.0467716176135067,NORMAL,DOWN,PRICE_CROSS_DOWN_MA,DMA_SMA_P25_SHIFT5_V1,True,0.34709194527059095,-0.10328861329172057,-0.1602204473825288,STABLE_POSITIVE_FOLDS,-0.30414746543778803,43200.00000000001
DMA|DMA_SMA_P25_SHIFT5_V1|PRICE_CROSS_UP_MA|PRICE_CROSS_DOWN_MA|4H|UP,DMA,DIRECTIONAL,4H,DISCOVERY,4H,LOW,218,320,138,55,91,0.284375,0.43125,0.6330275229357798,105.18674066296686,29.9124793760312,71999.999999,115199.999999,148319.99999899996,6.096992212218351,2.2980889679111254,0.5098273110588365,1.1902259132637147,3.8067423582974387,4.952638311664787,3.689826953329839,0.171875,57600.000001,17.599999999999966,,,6747,3.0422085329682864,NORMAL,UP,PRICE_CROSS_UP_MA,DMA_SMA_P25_SHIFT5_V1,True,0.3120847062053817,-0.09124279242174632,-0.09446217737506862,STABLE_POSITIVE_FOLDS,-0.3623853211009175,43200.00000000001
DMA|DMA_SMA_P3_SHIFT3_V1|MA_SLOPE_TURN_UP|MA_SLOPE_TURN_DOWN|4H|DOWN,DMA,DIRECTIONAL,4H,DISCOVERY,4H,HIGH,217,933,217,235,346,0.3708467309753483,0.23258306538049303,1.0,303.0936110287578,112.4012748295286,43199.999999,57599.999999,57599.999999,2.99233657357404,1.198672199170122,0.6999889376451947,1.128548756833011,2.5551911134709835,5.43021402000097,4.70602556299452,0.25187566988210075,72000.000001,50.48000000000002,,,6747,3.078256901665526,NORMAL,DOWN,MA_SLOPE_TURN_DOWN,DMA_SMA_P3_SHIFT3_V1,True,0.1138365013343138,-0.005733807782210776,-0.044990740233347315,STABLE_POSITIVE_FOLDS,0.004608294930875556,14400.0
DMA|DMA_SMA_P3_SHIFT3_V1|MA_SLOPE_TURN_UP|MA_SLOPE_TURN_DOWN|4H|UP,DMA,DIRECTIONAL,4H,DISCOVERY,4H,LOW,218,933,217,219,340,0.36441586280814575,0.23258306538049303,0.9954128440366973,303.4084433892269,110.56684968096157,43199.999999,57599.999999,57599.999999,4.018707482993197,1.4284877763138624,0.6352793471437546,1.1396359270225924,3.6990951003438766,6.009136699074611,5.577889447236139,0.2347266881028939,72000.000001,59.44999999999999,,,6747,3.0750627424138717,NORMAL,UP,MA_SLOPE_TURN_UP,DMA_SMA_P3_SHIFT3_V1,True,0.1134177715858747,-0.011201929613600559,-0.03161048927217472,STABLE_POSITIVE_FOLDS,0.0,14400.0
DMA|DMA_SMA_P3_SHIFT3_V1|PRICE_CROSS_UP_MA|PRICE_CROSS_DOWN_MA|4H|DOWN,DMA,DIRECTIONAL,4H,DISCOVERY,4H,HIGH,217,1295,215,356,481,0.37142857142857144,0.16602316602316602,0.9907834101382489,420.81739323843414,156.30360320284697,28799.999999,43199.999999,43199.999999,2.417112299465246,1.0288836649419246,0.7485207100591709,1.0170109910156382,2.624252423180039,5.530444030842856,5.868027807231838,0.2749034749034749,72000.000001,55.10499999999996,,,6747,3.077344284736482,NORMAL,DOWN,PRICE_CROSS_DOWN_MA,DMA_SMA_P3_SHIFT3_V1,True,0.0472766019769868,-0.00515196732898765,-0.021962935211973178,STABLE_POSITIVE_FOLDS,-0.004608294930875556,0.0
DMA|DMA_SMA_P3_SHIFT3_V1|PRICE_CROSS_UP_MA|PRICE_CROSS_DOWN_MA|4H|UP,DMA,DIRECTIONAL,4H,DISCOVERY,4H,LOW,218,1299,218,327,484,0.37259430331023863,0.16782140107775212,1.0,421.74199999999996,157.13866666666667,28799.999999,43199.999999,43199.999999,3.493329043329049,1.3098468648910073,0.6853510205564474,1.187494309552437,3.9187946241051597,6.07421274656196,6.4299053784860805,0.2517321016166282,72000.000001,42.559999999999945,,,6747,3.080082135523614,NORMAL,UP,PRICE_CROSS_UP_MA,DMA_SMA_P3_SHIFT3_V1,True,0.048656107283133784,-0.0030234891115076823,-0.014605075758440444,STABLE_POSITIVE_FOLDS,0.004587155963302725,0.0
DMA|DMA_SMA_P7_SHIFT5_V1|MA_SLOPE_TURN_UP|MA_SLOPE_TURN_DOWN|4H|DOWN,DMA,DIRECTIONAL,4H,DISCOVERY,4H,HIGH,217,597,192,132,213,0.35678391959798994,0.32160804020100503,0.8847926267281107,194.02721340649563,69.22578970784517,64799.99999900001,86399.999999,100799.999999,4.13996500313163,1.6786927722207063,0.5856065310769549,1.3603561707095895,3.3361018145457777,4.741880426447661,3.361832061068711,0.22110552763819097,72000.000001,23.890000000000015,,,6747,3.07688797627196,NORMAL,DOWN,MA_SLOPE_TURN_DOWN,DMA_SMA_P7_SHIFT5_V1,True,0.2028614761548258,-0.01979661915956915,-0.0757608824772571,STABLE_POSITIVE_FOLDS,-0.11059907834101379,36000.00000000001
DMA|DMA_SMA_P7_SHIFT5_V1|MA_SLOPE_TURN_UP|MA_SLOPE_TURN_DOWN|4H|UP,DMA,DIRECTIONAL,4H,DISCOVERY,4H,LOW,218,596,203,121,208,0.348993288590604,0.34060402684563756,0.9311926605504587,193.75967957276367,67.62082777036048,71999.999999,100799.999999,115199.999999,5.002800000000007,1.8899858956276505,0.5327868852459011,1.313614375369767,4.128240780483294,4.98663913373789,3.5682593856655447,0.20302013422818793,72000.000001,35.29999999999998,,,6747,3.075975359342916,NORMAL,UP,MA_SLOPE_TURN_UP,DMA_SMA_P7_SHIFT5_V1,True,0.22143873305101924,-0.026624503831142288,-0.06331704314688069,STABLE_POSITIVE_FOLDS,-0.06422018348623859,43200.00000000001
DMA|DMA_SMA_P7_SHIFT5_V1|PRICE_CROSS_UP_MA|PRICE_CROSS_DOWN_MA|4H|DOWN,DMA,DIRECTIONAL,4H,DISCOVERY,4H,HIGH,217,749,212,166,263,0.35113484646194926,0.28304405874499333,0.9769585253456221,243.3555967383247,85.45063009636769,43199.999999,57599.999999,71999.999999,3.363117042590698,1.445200061289448,0.6548175469494932,1.1931549314817156,3.070588235294117,4.975728155339806,3.855567375886528,0.22162883845126835,79200.000001,27.950000000000017,,,6747,3.0778005932010037,NORMAL,DOWN,PRICE_CROSS_DOWN_MA,DMA_SMA_P7_SHIFT5_V1,True,0.1642974946988141,-0.025445692295609834,-0.07523757166417971,STABLE_POSITIVE_FOLDS,-0.018433179723502335,14400.0
DMA|DMA_SMA_P7_SHIFT5_V1|PRICE_CROSS_UP_MA|PRICE_CROSS_DOWN_MA|4H|UP,DMA,DIRECTIONAL,4H,DISCOVERY,4H,LOW,218,749,214,166,260,0.3471295060080107,0.2857142857142857,0.981651376146789,243.6807452494062,84.58877672209026,57599.999999,71999.999999,86399.999999,4.534666161850837,1.6764423018754235,0.5814401300075509,1.307210473055187,3.899741055194869,4.979270488713939,4.606148397444697,0.22162883845126835,72000.000001,80.025,,,6747,3.0736938170203056,NORMAL,UP,PRICE_CROSS_UP_MA,DMA_SMA_P7_SHIFT5_V1,True,0.16654899191966738,-0.02848828641373563,-0.04470833892380027,STABLE_POSITIVE_FOLDS,-0.013761467889908285,28800.0
DNO_QUANTILE|CAUSAL_DNO_QUANTILE_80_20_CONTROL_V1|CROSSED_OB_BAND_UP|4H|UP,DNO_QUANTILE,DIRECTIONAL,4H,DISCOVERY,4H,LOW,218,423,151,24,203,0.4799054373522459,0.35697399527186763,0.6926605504587156,137.80355284673703,66.13267429760666,71999.999999,100799.999999,143999.999999,6.796999999999994,2.461685214626391,0.443660664562836,1.3379505627136286,4.594912608497094,5.326422722038327,3.4591611479028725,0.05673758865248227,108000.000001,19.13499999999999,,,6747,3.0695870408396075,NORMAL,UP,CROSSED_OB_BAND_UP,CAUSAL_DNO_QUANTILE_80_20_CONTROL_V1,True,0.2378087014772493,0.10428764493049958,-0.20959958872258636,STABLE_POSITIVE_FOLDS,-0.3027522935779817,43200.00000000001
DNO_QUANTILE|CAUSAL_DNO_QUANTILE_80_20_CONTROL_V1|CROSSED_OS_BAND_DOWN|4H|DOWN,DNO_QUANTILE,DIRECTIONAL,4H,DISCOVERY,4H,HIGH,217,429,160,48,158,0.3682983682983683,0.372960372960373,0.7373271889400922,139.69591381872215,51.44977711738485,57599.999999,86399.999999,129599.999999,4.453554376099888,2.0375283801890705,0.5315071807884488,1.3934170321880686,3.4864654383909075,4.319641966710494,3.4719562243502033,0.11188811188811189,86400.000001,107.41499999999996,,,6747,3.0709559662331736,NORMAL,DOWN,CROSSED_OS_BAND_DOWN,CAUSAL_DNO_QUANTILE_80_20_CONTROL_V1,True,0.25421380891419376,-0.008282170459190774,-0.1849782982273362,STABLE_POSITIVE_FOLDS,-0.25806451612903225,28800.0
DNO_QUANTILE|CAUSAL_DNO_QUANTILE_80_20_CONTROL_V1|FORECAST_OB_CROSS|4H|UP,DNO_QUANTILE,DIRECTIONAL,4H,DISCOVERY,4H,LOW,218,645,165,54,325,0.5038759689922481,0.2558139534883721,0.7568807339449541,210.12598483722314,105.87743422030623,71999.999999,100799.999999,129599.999999,6.478025956664622,2.3086536023472335,0.4655894673847994,1.3379505627136286,4.581343882544891,5.326422722038327,3.7826426896012446,0.08372093023255814,93600.000001,29.775000000000006,,,6747,3.0695870408396075,NORMAL,UP,FORECAST_OB_CROSS,CAUSAL_DNO_QUANTILE_80_20_CONTROL_V1,True,0.13664865969375378,0.12825817657050176,-0.18261624714251048,STABLE_POSITIVE_FOLDS,-0.23853211009174313,43200.00000000001
DNO_QUANTILE|CAUSAL_DNO_QUANTILE_80_20_CONTROL_V1|FORECAST_OS_CROSS|4H|DOWN,DNO_QUANTILE,DIRECTIONAL,4H,DISCOVERY,4H,HIGH,217,586,171,72,230,0.3924914675767918,0.29180887372013653,0.7880184331797235,190.82005943536404,74.89524517087668,71999.999999,86399.999999,129599.999999,4.593624161073821,2.04603235625918,0.5396935933147627,1.3396981177072371,3.664365804788197,4.3624662315633795,3.4535353640834954,0.12286689419795221,86400.000001,31.19500000000005,,,6747,3.0709559662331736,NORMAL,DOWN,FORECAST_OS_CROSS,CAUSAL_DNO_QUANTILE_80_20_CONTROL_V1,True,0.1730623096739573,0.015910928819232728,-0.17399951591749585,STABLE_POSITIVE_FOLDS,-0.2073732718894009,43200.00000000001
INVERSE|INVERSE_DMA_25X5|DMA_SMA_P25_SHIFT5_V1|4H|DOWN,INVERSE_PREDICTOR,DIRECTIONAL,4H,DISCOVERY,4H,HIGH,217,315,144,44,87,0.2761904761904762,0.45714285714285713,0.663594470046083,103.45009740746292,28.571931664918328,71999.999999,104399.999999,143999.999999,4.937172522682193,2.1808936761453768,0.5075185551427819,1.1821862348178063,3.425285172410485,4.219230847616533,3.0574928225654445,0.13968253968253969,64800.00000099999,29.514999999999993,,,6747,3.0449463837554185,NORMAL,DOWN,INVERSE_THRESHOLD_CROSS,DMA_SMA_P25_SHIFT5_V1,True,0.3383962930966779,-0.10039006256708288,-0.15718387043290838,STABLE_POSITIVE_FOLDS,-0.3317972350230415,43200.00000000001
INVERSE|INVERSE_DMA_25X5|DMA_SMA_P25_SHIFT5_V1|4H|UP,INVERSE_PREDICTOR,DIRECTIONAL,4H,DISCOVERY,4H,LOW,218,328,135,57,96,0.2926829268292683,0.4115853658536585,0.6192660550458715,107.25335720680394,31.391226499552374,71999.999999,115199.999999,152639.9999990001,5.977344774245467,2.2701834862385346,0.5203896440608912,1.1550656802053458,3.884328934373525,4.995901613302919,4.245379296512365,0.17378048780487804,57600.000001,17.909999999999997,,,6747,3.058179329226557,NORMAL,UP,INVERSE_THRESHOLD_CROSS,DMA_SMA_P25_SHIFT5_V1,True,0.2924200720590402,-0.08293486559247804,-0.09255668957019059,STABLE_POSITIVE_FOLDS,-0.37614678899082576,43200.00000000001
INVERSE|INVERSE_DMA_3X3|DMA_SMA_P3_SHIFT3_V1|4H|DOWN,INVERSE_PREDICTOR,DIRECTIONAL,4H,DISCOVERY,4H,HIGH,217,1180,196,281,444,0.376271186440678,0.16610169491525423,0.9032258064516129,383.44750889679716,144.28024911032028,28799.999999,43199.999999,86399.999999,2.736568290873869,1.139184271786433,0.7216873689501387,1.1061761501717986,2.760736196319024,6.0494314939198395,5.730625583566713,0.23813559322033898,86400.000001,68.59999999999991,,,6747,3.077344284736482,NORMAL,DOWN,INVERSE_THRESHOLD_CROSS,DMA_SMA_P3_SHIFT3_V1,True,0.047355130869075,-0.0003093523168811174,-0.05873081689510909,STABLE_POSITIVE_FOLDS,-0.09216589861751157,0.0
INVERSE|INVERSE_DMA_3X3|DMA_SMA_P3_SHIFT3_V1|4H|UP,INVERSE_PREDICTOR,DIRECTIONAL,4H,DISCOVERY,4H,LOW,218,1256,203,276,502,0.3996815286624204,0.16162420382165604,0.9311926605504587,408.4469505861404,163.24870158777267,43199.999999,71999.999999,100799.999999,4.210266535044424,1.49773755656108,0.6329476643598615,1.2876608660110689,4.339700071139987,6.07421274656196,5.081845131064512,0.2197452229299363,72000.000001,48.32000000000001,,,6747,3.0750627424138717,NORMAL,UP,INVERSE_THRESHOLD_CROSS,DMA_SMA_P3_SHIFT3_V1,True,0.04245891002703771,0.024063736240674094,-0.04659195444513231,STABLE_POSITIVE_FOLDS,-0.06422018348623859,14400.0
INVERSE|INVERSE_DMA_7X5|DMA_SMA_P7_SHIFT5_V1|4H|DOWN,INVERSE_PREDICTOR,DIRECTIONAL,4H,DISCOVERY,4H,HIGH,217,726,197,162,273,0.3760330578512397,0.2713498622589532,0.9078341013824884,235.88272794662714,88.69970348406227,43199.999999,71999.999999,86399.999999,3.338398116896859,1.406431334622824,0.6443104747550871,1.174112256586481,2.6492067083064974,4.946336910872607,3.975218941915397,0.2231404958677686,86400.000001,30.209999999999994,,,6747,3.0778005932010037,NORMAL,DOWN,INVERSE_THRESHOLD_CROSS,DMA_SMA_P7_SHIFT5_V1,True,0.15260329821277396,-0.0005474809063193975,-0.07372591424767946,STABLE_POSITIVE_FOLDS,-0.08755760368663601,14400.0
INVERSE|INVERSE_DMA_7X5|DMA_SMA_P7_SHIFT5_V1|4H|UP,INVERSE_PREDICTOR,DIRECTIONAL,4H,DISCOVERY,4H,LOW,218,752,191,164,288,0.3829787234042553,0.25398936170212766,0.8761467889908257,244.6204542081045,93.68442927118896,57599.999999,71999.999999,86399.999999,4.504021447721179,1.6672688949111718,0.5872363366803696,1.2015325821031504,3.663937810082825,5.10290992331438,5.162399158190096,0.21808510638297873,72000.000001,69.2,,,6747,3.074150125484828,NORMAL,UP,INVERSE_THRESHOLD_CROSS,DMA_SMA_P7_SHIFT5_V1,True,0.13482406790750934,0.007360930982509006,-0.04825207099208989,STABLE_POSITIVE_FOLDS,-0.11926605504587162,28800.0
INVERSE|INVERSE_DNO_N7_OB_OS|DNO_PERIOD_7_REFERENCE|4H|DOWN,INVERSE_PREDICTOR,DIRECTIONAL,4H,DISCOVERY,4H,HIGH,217,522,155,128,190,0.36398467432950193,0.29693486590038315,0.7142857142857143,169.60163083765752,61.732394366197184,28799.999999,57599.999999,86399.999999,3.34319134012019,1.300381489467578,0.6964601769911519,1.183522279440864,2.863743362468809,5.496163274779156,4.714362794528281,0.24521072796934865,86400.000001,83.29499999999996,,,6747,3.0778005932010037,NORMAL,DOWN,INVERSE_THRESHOLD_CROSS,DNO_PERIOD_7_REFERENCE,True,0.17818830185420392,-0.012595864428057157,-0.05165568214609942,STABLE_POSITIVE_FOLDS,-0.28110599078341014,0.0
INVERSE|INVERSE_DNO_N7_OB_OS|DNO_PERIOD_7_REFERENCE|4H|UP,INVERSE_PREDICTOR,DIRECTIONAL,4H,DISCOVERY,4H,LOW,218,506,153,125,179,0.35375494071146246,0.30237154150197626,0.7018348623853211,164.5494880546075,58.21019439085918,43199.999999,57599.999999,86399.999999,4.31326417851924,1.5395990141877058,0.6197357555739067,1.1862576355843497,3.402662858327682,6.222619349903411,5.63509785039661,0.24703557312252963,72000.000001,123.5,,,6747,3.0750627424138717,NORMAL,UP,INVERSE_THRESHOLD_CROSS,DNO_PERIOD_7_REFERENCE,True,0.18320624770735794,-0.021862851710283848,-0.01930160425253899,STABLE_POSITIVE_FOLDS,-0.29357798165137616,14400.0
INVERSE|INVERSE_MACD_12_26_9_SIGNAL_CROSS|MACD_12_26_9_SHIFT0_V1|4H|DOWN,INVERSE_PREDICTOR,DIRECTIONAL,4H,DISCOVERY,4H,HIGH,217,191,90,27,60,0.31413612565445026,0.4712041884816754,0.4147465437788018,63.18135849056603,19.84754716981132,71999.999999,100799.999999,143999.999999,4.431057844367956,2.0738259900773293,0.5550018243507568,1.1975563125478754,2.887339574257519,4.840003565380164,4.29411764705872,0.14136125654450263,72000.000001,63.309999999999945,,,6747,3.023043577458362,NORMAL,DOWN,INVERSE_THRESHOLD_CROSS,MACD_12_26_9_SHIFT0_V1,True,0.35245762443549616,-0.06244441310310883,-0.15550515357094544,STABLE_POSITIVE_FOLDS,-0.5806451612903226,43200.00000000001
INVERSE|INVERSE_MACD_12_26_9_SIGNAL_CROSS|MACD_12_26_9_SHIFT0_V1|4H|UP,INVERSE_PREDICTOR,DIRECTIONAL,4H,DISCOVERY,4H,LOW,218,182,69,30,77,0.4230769230769231,0.3791208791208791,0.3165137614678899,59.441579731743666,25.148360655737704,86399.999999,129599.999999,158399.999999,5.123728099223307,2.2279942279942255,0.5790581425940544,1.0130478085764787,3.528041292717133,5.309765761371004,4.5811630847029114,0.16483516483516483,57600.000001,37.53500000000001,,,6747,3.0618297969427335,NORMAL,UP,INVERSE_THRESHOLD_CROSS,MACD_12_26_9_SHIFT0_V1,True,0.2599555853262608,0.04745913065517676,-0.10150201253990379,STABLE_POSITIVE_FOLDS,-0.6788990825688074,57600.00000000001
INVERSE|INVERSE_STOCH_14_3_3_POINT_BAR|STOCH_K14_KS3_D3_SHIFT0_V1|4H|DOWN,INVERSE_PREDICTOR,DIRECTIONAL,4H,DISCOVERY,4H,HIGH,217,409,150,125,101,0.2469437652811736,0.36674816625916873,0.6912442396313364,133.3219544846051,32.92302543507363,28799.999999,43199.999999,71999.999999,2.7762790791730034,1.1861704315494066,0.7158313423899461,1.1829129968279681,2.858541911351878,5.5836599584248,4.676954690210954,0.3056234718826406,72000.000001,62.97000000000003,,,6747,3.0677618069815193,NORMAL,DOWN,INVERSE_THRESHOLD_CROSS,STOCH_K14_KS3_D3_SHIFT0_V1,True,0.2480016022129895,-0.1296367734763855,0.008757061767192542,STABLE_POSITIVE_FOLDS,-0.30414746543778803,0.0
INVERSE|INVERSE_STOCH_14_3_3_POINT_BAR|STOCH_K14_KS3_D3_SHIFT0_V1|4H|UP,INVERSE_PREDICTOR,DIRECTIONAL,4H,DISCOVERY,4H,LOW,218,310,135,96,56,0.18064516129032257,0.43548387096774194,0.6192660550458715,101.38262945828981,18.314281450529773,28799.999999,43199.999999,57599.999999,3.466881667080131,1.2877944832484924,0.6858599676657132,1.2909225172989007,3.7425556733628778,6.222619349903411,5.258523791682317,0.3096774193548387,57600.000001,82.31999999999991,,,6747,3.057723020762035,NORMAL,UP,INVERSE_THRESHOLD_CROSS,STOCH_K14_KS3_D3_SHIFT0_V1,True,0.3163185771731236,-0.19497263113142374,0.0433402419797701,STABLE_POSITIVE_FOLDS,-0.37614678899082576,0.0
MACD|DINAPOLI_MACD_REFERENCE_V1|HIST_CROSS_UP_ZERO|HIST_CROSS_DOWN_ZERO|4H|DOWN,MACD,DIRECTIONAL,4H,DISCOVERY,4H,HIGH,217,325,172,42,99,0.3046153846153846,0.5292307692307693,0.7926267281105991,105.61054270462633,32.17059608540925,71999.999999,86399.999999,115199.999999,4.195026635222486,1.8015190403759886,0.5642504837919486,1.4699164270550686,3.7365796282839647,4.582051449891994,3.5661254612546127,0.12923076923076923,72000.000001,26.140000000000015,,,6747,3.077344284736482,NORMAL,DOWN,HIST_CROSS_DOWN_ZERO,DINAPOLI_MACD_REFERENCE_V1,True,0.41048420518459006,-0.07196515414217447,-0.16763564088467883,STABLE_POSITIVE_FOLDS,-0.20276497695852536,43200.00000000001
MACD|DINAPOLI_MACD_REFERENCE_V1|HIST_CROSS_UP_ZERO|HIST_CROSS_DOWN_ZERO|4H|UP,MACD,DIRECTIONAL,4H,DISCOVERY,4H,LOW,218,325,175,56,88,0.27076923076923076,0.5384615384615384,0.8027522935779816,105.73597090261283,28.630047505938244,86399.999999,100799.999999,143999.999999,5.881955547548815,2.1455475730687317,0.522251837492933,1.2424566735123639,4.3109749876897085,5.438589752493964,3.6764760663065688,0.1723076923076923,72000.000001,30.649999999999977,,,6747,3.0736938170203056,NORMAL,UP,HIST_CROSS_UP_ZERO,DINAPOLI_MACD_REFERENCE_V1,True,0.4192962446669201,-0.10484856165251555,-0.09402948506737632,STABLE_POSITIVE_FOLDS,-0.19266055045871566,57600.00000000001
MACD|DINAPOLI_MACD_REFERENCE_V1|MACD_CROSS_UP_SIGNAL|MACD_CROSS_DOWN_SIGNAL|4H|DOWN,MACD,DIRECTIONAL,4H,DISCOVERY,4H,HIGH,217,325,172,42,99,0.3046153846153846,0.5292307692307693,0.7926267281105991,105.61054270462633,32.17059608540925,71999.999999,86399.999999,115199.999999,4.195026635222486,1.8015190403759886,0.5642504837919486,1.4699164270550686,3.7365796282839647,4.582051449891994,3.5661254612546127,0.12923076923076923,72000.000001,26.140000000000015,,,6747,3.077344284736482,NORMAL,DOWN,MACD_CROSS_DOWN_SIGNAL,DINAPOLI_MACD_REFERENCE_V1,True,0.41048420518459006,-0.07196515414217447,-0.16763564088467883,STABLE_POSITIVE_FOLDS,-0.20276497695852536,43200.00000000001
MACD|DINAPOLI_MACD_REFERENCE_V1|MACD_CROSS_UP_SIGNAL|MACD_CROSS_DOWN_SIGNAL|4H|UP,MACD,DIRECTIONAL,4H,DISCOVERY,4H,LOW,218,325,175,56,88,0.27076923076923076,0.5384615384615384,0.8027522935779816,105.73597090261283,28.630047505938244,86399.999999,100799.999999,143999.999999,5.881955547548815,2.1455475730687317,0.522251837492933,1.2424566735123639,4.3109749876897085,5.438589752493964,3.6764760663065688,0.1723076923076923,72000.000001,30.649999999999977,,,6747,3.0736938170203056,NORMAL,UP,MACD_CROSS_UP_SIGNAL,DINAPOLI_MACD_REFERENCE_V1,True,0.4192962446669201,-0.10484856165251555,-0.09402948506737632,STABLE_POSITIVE_FOLDS,-0.19266055045871566,57600.00000000001
MACD|MACD_12_26_9_SHIFT0_V1|HIST_CROSS_UP_ZERO|HIST_CROSS_DOWN_ZERO|4H|DOWN,MACD,DIRECTIONAL,4H,DISCOVERY,4H,HIGH,217,265,150,35,76,0.28679245283018867,0.5660377358490566,0.6912442396313364,86.13875704538712,24.703945416790273,86399.999999,115199.999999,143999.999999,4.826194396387523,2.158778511291734,0.5386159094126604,1.4042077644429263,3.571626951063715,4.687159431300864,3.7408990395909054,0.1320754716981132,86400.000001,25.55000000000001,,,6747,3.0764316678074377,NORMAL,DOWN,HIST_CROSS_DOWN_ZERO,MACD_12_26_9_SHIFT0_V1,True,0.44729117180287736,-0.08978808592737042,-0.16479093841733486,STABLE_POSITIVE_FOLDS,-0.30414746543778803,57600.00000000001
MACD|MACD_12_26_9_SHIFT0_V1|HIST_CROSS_UP_ZERO|HIST_CROSS_DOWN_ZERO|4H|UP,MACD,DIRECTIONAL,4H,DISCOVERY,4H,LOW,218,266,140,39,82,0.3082706766917293,0.5263157894736842,0.6422018348623854,86.52797981297313,26.674038889713522,86399.999999,115199.999999,145439.9999990001,6.290228744378606,2.359435193413039,0.48544885324102516,1.1936157315941716,3.982326746897493,5.134321819790168,3.603397460172693,0.14661654135338345,57600.000001,54.97000000000003,,,6747,3.074150125484828,NORMAL,UP,HIST_CROSS_UP_ZERO,MACD_12_26_9_SHIFT0_V1,True,0.40715049567906586,-0.067347115730017,-0.11972063602168517,STABLE_POSITIVE_FOLDS,-0.3532110091743119,57600.00000000001
MACD|MACD_12_26_9_SHIFT0_V1|MACD_CROSS_UP_SIGNAL|MACD_CROSS_DOWN_SIGNAL|4H|DOWN,MACD,DIRECTIONAL,4H,DISCOVERY,4H,HIGH,217,265,150,35,76,0.28679245283018867,0.5660377358490566,0.6912442396313364,86.13875704538712,24.703945416790273,86399.999999,115199.999999,143999.999999,4.826194396387523,2.158778511291734,0.5386159094126604,1.4042077644429263,3.571626951063715,4.687159431300864,3.7408990395909054,0.1320754716981132,86400.000001,25.55000000000001,,,6747,3.0764316678074377,NORMAL,DOWN,MACD_CROSS_DOWN_SIGNAL,MACD_12_26_9_SHIFT0_V1,True,0.44729117180287736,-0.08978808592737042,-0.16479093841733486,STABLE_POSITIVE_FOLDS,-0.30414746543778803,57600.00000000001
MACD|MACD_12_26_9_SHIFT0_V1|MACD_CROSS_UP_SIGNAL|MACD_CROSS_DOWN_SIGNAL|4H|UP,MACD,DIRECTIONAL,4H,DISCOVERY,4H,LOW,218,266,140,39,82,0.3082706766917293,0.5263157894736842,0.6422018348623854,86.52797981297313,26.674038889713522,86399.999999,115199.999999,145439.9999990001,6.290228744378606,2.359435193413039,0.48544885324102516,1.1936157315941716,3.982326746897493,5.134321819790168,3.603397460172693,0.14661654135338345,57600.000001,54.97000000000003,,,6747,3.074150125484828,NORMAL,UP,MACD_CROSS_UP_SIGNAL,MACD_12_26_9_SHIFT0_V1,True,0.40715049567906586,-0.067347115730017,-0.11972063602168517,STABLE_POSITIVE_FOLDS,-0.3532110091743119,57600.00000000001
OSC_PREDICTOR|PROJECT_DINAPOLI_STYLE_OSCILLATOR_PREDICTOR_REFERENCE|CROSSED_OB_BAND_UP|4H|UP,OSC_PREDICTOR,DIRECTIONAL,4H,DISCOVERY,4H,LOW,218,411,147,31,183,0.44525547445255476,0.35766423357664234,0.6743119266055045,133.73518930957684,59.54632516703786,71999.999999,100799.999999,158399.999999,6.854614299908163,2.557077625570775,0.4392485361093039,1.3924717030797484,4.556435303462499,5.349134317235146,2.990116826832475,0.07542579075425791,72000.000001,20.620000000000005,,,6747,3.073237508555784,NORMAL,UP,CROSSED_OB_BAND_UP,PROJECT_DINAPOLI_STYLE_OSCILLATOR_PREDICTOR_REFERENCE,True,0.23849893978202402,0.06963768203080845,-0.1909113866208107,STABLE_POSITIVE_FOLDS,-0.32110091743119273,43200.00000000001
OSC_PREDICTOR|PROJECT_DINAPOLI_STYLE_OSCILLATOR_PREDICTOR_REFERENCE|CROSSED_OS_BAND_DOWN|4H|DOWN,OSC_PREDICTOR,DIRECTIONAL,4H,DISCOVERY,4H,HIGH,217,336,127,36,128,0.38095238095238093,0.37797619047619047,0.5852534562211982,109.41218424962852,41.680832095096584,71999.999999,86399.999999,143999.999999,5.35037878787878,2.366093688492322,0.48288556911187513,1.2937306361089769,3.6319708547090066,3.978321523158485,2.944751381215465,0.10714285714285714,86400.000001,49.854999999999976,,,6747,3.0709559662331736,NORMAL,DOWN,CROSSED_OS_BAND_DOWN,PROJECT_DINAPOLI_STYLE_OSCILLATOR_PREDICTOR_REFERENCE,True,0.25922962643001124,0.00437184219482184,-0.18972355297259091,STABLE_POSITIVE_FOLDS,-0.41013824884792627,43200.00000000001
OSC_PREDICTOR|PROJECT_DINAPOLI_STYLE_OSCILLATOR_PREDICTOR_REFERENCE|FORECAST_OB_CROSS|4H|UP,OSC_PREDICTOR,DIRECTIONAL,4H,DISCOVERY,4H,LOW,218,604,164,52,289,0.478476821192053,0.271523178807947,0.7522935779816514,196.79839429081179,94.1634701159679,71999.999999,100799.999999,143999.999999,6.70345939017265,2.3653418678717477,0.44879632712572537,1.3545647059294579,4.536136690520151,4.979563130737873,3.4591611479028725,0.08609271523178808,72000.000001,20.61500000000001,,,6747,3.0691307323750854,NORMAL,UP,FORECAST_OB_CROSS,PROJECT_DINAPOLI_STYLE_OSCILLATOR_PREDICTOR_REFERENCE,True,0.1523578850133287,0.10285902877030667,-0.18024446214328055,STABLE_POSITIVE_FOLDS,-0.24311926605504586,43200.00000000001
OSC_PREDICTOR|PROJECT_DINAPOLI_STYLE_OSCILLATOR_PREDICTOR_REFERENCE|FORECAST_OS_CROSS|4H|DOWN,OSC_PREDICTOR,DIRECTIONAL,4H,DISCOVERY,4H,HIGH,217,494,152,49,199,0.402834008097166,0.3076923076923077,0.7004608294930875,160.86196136701338,64.80066864784547,71999.999999,100799.999999,129599.999999,5.117914491306253,2.206308018966114,0.46576957721115375,1.2689918128275959,3.890098572283178,3.70357397713048,3.1189676318455417,0.09919028340080972,86400.000001,34.64999999999998,,,6747,3.0709559662331736,NORMAL,DOWN,FORECAST_OS_CROSS,PROJECT_DINAPOLI_STYLE_OSCILLATOR_PREDICTOR_REFERENCE,True,0.18894574364612848,0.026253469339606927,-0.19767612671463836,STABLE_POSITIVE_FOLDS,-0.2949308755760369,43200.00000000001
PURE_DNO|DNO_PERIOD_7_REFERENCE|DNO_ZERO_CROSS_DOWN|4H|DOWN,PURE_DNO,DIRECTIONAL,4H,DISCOVERY,4H,HIGH,217,749,212,166,263,0.35113484646194926,0.28304405874499333,0.9769585253456221,243.3555967383247,85.45063009636769,43199.999999,57599.999999,71999.999999,3.363117042590698,1.445200061289448,0.6548175469494932,1.1931549314817156,3.070588235294117,4.975728155339806,3.855567375886528,0.22162883845126835,79200.000001,27.950000000000017,,,6747,3.0778005932010037,NORMAL,DOWN,DNO_ZERO_CROSS_DOWN,DNO_PERIOD_7_REFERENCE,True,0.1642974946988141,-0.025445692295609834,-0.07523757166417971,STABLE_POSITIVE_FOLDS,-0.018433179723502335,14400.0
PURE_DNO|DNO_PERIOD_7_REFERENCE|DNO_ZERO_CROSS_UP|4H|UP,PURE_DNO,DIRECTIONAL,4H,DISCOVERY,4H,LOW,218,749,214,166,260,0.3471295060080107,0.2857142857142857,0.981651376146789,243.6807452494062,84.58877672209026,57599.999999,71999.999999,86399.999999,4.534666161850837,1.6764423018754235,0.5814401300075509,1.307210473055187,3.899741055194869,4.979270488713939,4.606148397444697,0.22162883845126835,72000.000001,80.025,,,6747,3.0736938170203056,NORMAL,UP,DNO_ZERO_CROSS_UP,DNO_PERIOD_7_REFERENCE,True,0.16654899191966738,-0.02848828641373563,-0.04470833892380027,STABLE_POSITIVE_FOLDS,-0.013761467889908285,28800.0
STOCH|DINAPOLI_PREFERRED_STOCHASTIC_REFERENCE_V1|K_CROSS_UP_D|K_CROSS_DOWN_D|4H|DOWN,STOCHASTIC,DIRECTIONAL,4H,DISCOVERY,4H,HIGH,217,586,203,138,218,0.3720136518771331,0.3464163822525597,0.9354838709677419,190.3957005189029,70.82979985174204,43199.999999,57599.999999,83519.99999900017,3.257912072175291,1.3233313527431194,0.6798245614035092,1.2433114421389058,3.1482171900225593,5.173663282589883,4.136690647482055,0.2354948805460751,72000.000001,50.06000000000006,,,6747,3.0778005932010037,NORMAL,DOWN,K_CROSS_DOWN_D,DINAPOLI_PREFERRED_STOCHASTIC_REFERENCE_V1,True,0.2276698182063805,-0.004566886880426002,-0.06137152956937297,STABLE_POSITIVE_FOLDS,-0.05990783410138256,14400.0
STOCH|DINAPOLI_PREFERRED_STOCHASTIC_REFERENCE_V1|K_CROSS_UP_D|K_CROSS_DOWN_D|4H|UP,STOCHASTIC,DIRECTIONAL,4H,DISCOVERY,4H,LOW,218,587,211,115,230,0.39182282793867124,0.3594548551959114,0.9678899082568807,190.6075714920729,74.68439768854645,43199.999999,71999.999999,86399.999999,4.4076617275027115,1.637982930732307,0.6006539000467079,1.2185311851562797,4.43786545020913,5.400578858756283,5.010981056456272,0.19591141396933562,72000.000001,75.80000000000018,,,6747,3.079625827059092,NORMAL,UP,K_CROSS_UP_D,DINAPOLI_PREFERRED_STOCHASTIC_REFERENCE_V1,True,0.2402895614012931,0.016205035516924926,-0.070425763405733,STABLE_POSITIVE_FOLDS,-0.02752293577981657,14400.0
STOCH|STOCH_K14_KS3_D3_SHIFT0_V1|K_CROSS_UP_D|K_CROSS_DOWN_D|4H|DOWN,STOCHASTIC,DIRECTIONAL,4H,DISCOVERY,4H,HIGH,217,826,207,221,307,0.37167070217917675,0.2506053268765133,0.9539170506912442,268.85177484033863,99.92432793702659,28799.999999,43199.999999,71999.999999,2.8651960784313757,1.1647889067723158,0.71099947117927,1.127720718711507,2.700932186622994,5.397810701745184,5.210966075167103,0.2675544794188862,72000.000001,55.4399999999996,,,6747,3.0723248916267396,NORMAL,DOWN,K_CROSS_DOWN_D,STOCH_K14_KS3_D3_SHIFT0_V1,True,0.1318587628303341,-0.004909836578382343,-0.02931193069656185,STABLE_POSITIVE_FOLDS,-0.04147465437788023,0.0
STOCH|STOCH_K14_KS3_D3_SHIFT0_V1|K_CROSS_UP_D|K_CROSS_DOWN_D|4H|UP,STOCHASTIC,DIRECTIONAL,4H,DISCOVERY,4H,LOW,218,824,212,183,339,0.41140776699029125,0.25728155339805825,0.9724770642201835,268.00178094390026,110.2580142475512,43199.999999,46799.999999,57599.999999,3.63498059677468,1.3466799040593922,0.6655907292255505,1.2541251089874632,3.728250159062847,6.026730874721988,6.0528369545841745,0.2220873786407767,57600.000001,61.32999999999993,,,6747,3.07460643394935,NORMAL,UP,K_CROSS_UP_D,STOCH_K14_KS3_D3_SHIFT0_V1,True,0.13811625960343993,0.035789974568544936,-0.04424979873429191,STABLE_POSITIVE_FOLDS,-0.022935779816513735,14400.0
DMA|DMA_SMA_P25_SHIFT5_V1|MA_SLOPE_TURN_UP|MA_SLOPE_TURN_DOWN|6H|DOWN,DMA,DIRECTIONAL,6H,DISCOVERY,6H,HIGH,388,196,104,68,12,0.061224489795918366,0.5306122448979592,0.26804123711340205,64.50912367650372,3.9495381842757378,64799.999999,107999.999999,151199.999999,4.091100508492918,1.2902899041646685,0.5352917681894154,1.065530101225354,2.9470805996469895,3.945843751905836,3.4952380952381064,0.3469387755102041,64800.000001,24.879999999999995,,,4499,3.0383299110198494,NORMAL,DOWN,MA_SLOPE_TURN_DOWN,DMA_SMA_P25_SHIFT5_V1,True,0.2105782890405738,0.00180173937147015,-0.07581164893801323,STABLE_POSITIVE_FOLDS,-0.7036082474226804,21600.0
DMA|DMA_SMA_P25_SHIFT5_V1|MA_SLOPE_TURN_UP|MA_SLOPE_TURN_DOWN|6H|UP,DMA,DIRECTIONAL,6H,DISCOVERY,6H,LOW,388,197,110,59,11,0.05583756345177665,0.5583756345177665,0.28350515463917525,64.59088868940754,3.6065978456014363,64799.999999,107999.999999,151199.999999,4.675983066965971,1.441319046820723,0.39899494287272286,1.1185649275498153,2.8411891322389664,3.418946074165653,3.7386419149974985,0.29949238578680204,43200.000001,64.40000000000009,,,4499,3.049965776865161,NORMAL,UP,MA_SLOPE_TURN_UP,DMA_SMA_P25_SHIFT5_V1,True,0.23239940361793626,-0.00273629053803659,-0.0731731490179518,STABLE_POSITIVE_FOLDS,-0.7061855670103093,21600.0
DMA|DMA_SMA_P25_SHIFT5_V1|PRICE_CROSS_UP_MA|PRICE_CROSS_DOWN_MA|6H|DOWN,DMA,DIRECTIONAL,6H,DISCOVERY,6H,HIGH,388,225,138,58,13,0.057777777777777775,0.6133333333333333,0.3556701030927835,73.77131956912028,4.262342908438061,64799.999999,107999.999999,151199.999999,5.0544584384072415,1.7467071730937287,0.4353410263626989,1.0694596216890597,2.526093639504884,3.310267573549316,3.4952380952381064,0.2577777777777778,64800.000001,24.385000000000005,,,4499,3.049965776865161,NORMAL,DOWN,PRICE_CROSS_DOWN_MA,DMA_SMA_P25_SHIFT5_V1,True,0.29329937747594786,-0.001644972646670441,-0.16497264667043954,STABLE_POSITIVE_FOLDS,-0.615979381443299,21600.0
DMA|DMA_SMA_P25_SHIFT5_V1|PRICE_CROSS_UP_MA|PRICE_CROSS_DOWN_MA|6H|UP,DMA,DIRECTIONAL,6H,DISCOVERY,6H,LOW,388,224,151,44,9,0.04017857142857143,0.6741071428571429,0.38917525773195877,73.57553956834532,2.956160071942446,64799.999999,107999.999999,172799.999999,5.500030104160389,1.7496280552603722,0.3743199129488573,1.0839799291509173,2.920690644904231,2.579952403268854,2.6166007905138344,0.19642857142857142,64800.000001,20.820000000000007,,,4499,3.0444900752908968,NORMAL,UP,PRICE_CROSS_UP_MA,DMA_SMA_P25_SHIFT5_V1,True,0.34813091195731266,-0.01839528256124181,-0.17623696337618242,STABLE_POSITIVE_FOLDS,-0.6005154639175259,21600.0
DMA|DMA_SMA_P3_SHIFT3_V1|MA_SLOPE_TURN_UP|MA_SLOPE_TURN_DOWN|6H|DOWN,DMA,DIRECTIONAL,6H,DISCOVERY,6H,HIGH,388,595,350,155,28,0.047058823529411764,0.5882352941176471,0.9020618556701031,193.26256113828367,9.094708759448643,43199.999999,64799.999999,86399.999999,3.1256803402177837,0.9897614717189679,0.5433505112982029,1.1710207747578882,3.288769490096928,3.3686929917818214,2.8273905996758777,0.2605042016806723,64800.000001,39.56999999999999,,,4499,3.078713210130048,NORMAL,DOWN,MA_SLOPE_TURN_DOWN,DMA_SMA_P3_SHIFT3_V1,True,0.26820133826026166,-0.012363926895036452,-0.16224622276754502,STABLE_POSITIVE_FOLDS,-0.06958762886597936,0.0
DMA|DMA_SMA_P3_SHIFT3_V1|MA_SLOPE_TURN_UP|MA_SLOPE_TURN_DOWN|6H|UP,DMA,DIRECTIONAL,6H,DISCOVERY,6H,LOW,388,594,359,130,28,0.04713804713804714,0.6043771043771043,0.9252577319587629,193.1954585930543,9.106856634016028,64799.999999,64799.999999,86399.999999,3.8964569110620886,1.153987543944177,0.4883882149046797,1.1167869171966605,2.945408840528437,3.3655119924196057,2.9516908212560007,0.21885521885521886,43200.000001,35.64500000000024,,,4499,3.07460643394935,NORMAL,UP,MA_SLOPE_TURN_UP,DMA_SMA_P3_SHIFT3_V1,True,0.2784008734772741,-0.011435806851766102,-0.15381031594953498,STABLE_POSITIVE_FOLDS,-0.06443298969072164,21600.0
DMA|DMA_SMA_P3_SHIFT3_V1|PRICE_CROSS_UP_MA|PRICE_CROSS_DOWN_MA|6H|DOWN,DMA,DIRECTIONAL,6H,DISCOVERY,6H,HIGH,388,836,372,283,49,0.05861244019138756,0.4449760765550239,0.9587628865979382,271.54201867496664,15.915740329035126,43199.999999,43199.999999,64799.999999,2.5504154515018893,0.8024614203660867,0.6048781278776145,1.1334926127313665,3.0261598618178627,3.299576019858962,2.8273905996758777,0.33851674641148327,64800.000001,35.16000000000008,,,4499,3.078713210130048,NORMAL,DOWN,PRICE_CROSS_DOWN_MA,DMA_SMA_P3_SHIFT3_V1,True,0.12494212069763849,-0.0008103102330606557,-0.08423367803673404,STABLE_POSITIVE_FOLDS,-0.012886597938144284,0.0
DMA|DMA_SMA_P3_SHIFT3_V1|PRICE_CROSS_UP_MA|PRICE_CROSS_DOWN_MA|6H|UP,DMA,DIRECTIONAL,6H,DISCOVERY,6H,LOW,388,836,374,262,46,0.05502392344497608,0.4473684210526316,0.9639175257731959,271.6628113879003,14.947953736654803,43199.999999,64799.999999,64799.999999,3.5217350770569027,1.010530439166892,0.5580770847560217,1.0810256678005894,3.2705404562071863,3.5630057356381677,3.207816128948064,0.3133971291866029,43200.000001,34.00499999999998,,,4499,3.077344284736482,NORMAL,UP,PRICE_CROSS_UP_MA,DMA_SMA_P3_SHIFT3_V1,True,0.12139219015280134,-0.0035499305448371613,-0.05926840561815094,STABLE_POSITIVE_FOLDS,-0.02577319587628868,0.0
DMA|DMA_SMA_P7_SHIFT5_V1|MA_SLOPE_TURN_UP|MA_SLOPE_TURN_DOWN|6H|DOWN,DMA,DIRECTIONAL,6H,DISCOVERY,6H,HIGH,388,399,203,148,22,0.05513784461152882,0.5087719298245614,0.5231958762886598,129.7438237257957,7.153794791898509,86399.999999,107999.999999,129599.999999,4.262331838565021,1.529527161526701,0.49438575755337233,0.999402531095527,2.876804921114087,3.071635699710023,3.416889880952372,0.37092731829573933,54000.000001,18.17,,,4499,3.0752908966461328,NORMAL,DOWN,MA_SLOPE_TURN_DOWN,DMA_SMA_P7_SHIFT5_V1,True,0.188737973967176,-0.004284905812919397,-0.05182310615247798,STABLE_POSITIVE_FOLDS,-0.44845360824742264,43200.00000000001
DMA|DMA_SMA_P7_SHIFT5_V1|MA_SLOPE_TURN_UP|MA_SLOPE_TURN_DOWN|6H|UP,DMA,DIRECTIONAL,6H,DISCOVERY,6H,LOW,388,397,207,135,15,0.037783375314861464,0.5214105793450882,0.5335051546391752,129.2085096903542,4.8819336155045665,64799.999999,107999.999999,151199.999999,4.50360719285021,1.4430850763939784,0.4556623381968599,1.150756955737649,2.9520675905492393,3.681600296162025,3.2143335565974205,0.34005037783375314,43200.000001,24.72999999999996,,,4499,3.0725530458590007,NORMAL,UP,MA_SLOPE_TURN_UP,DMA_SMA_P7_SHIFT5_V1,True,0.19543434844525792,-0.020790478674951776,-0.0326151569710007,STABLE_POSITIVE_FOLDS,-0.4561855670103093,21600.0
DMA|DMA_SMA_P7_SHIFT5_V1|PRICE_CROSS_UP_MA|PRICE_CROSS_DOWN_MA|6H|DOWN,DMA,DIRECTIONAL,6H,DISCOVERY,6H,HIGH,388,481,290,127,23,0.04781704781704782,0.6029106029106029,0.7474226804123711,156.26884589726484,7.47231487658439,64799.999999,64799.999999,107999.999999,3.6512640041570306,1.2031845915563988,0.4963949670960885,1.2265815340670367,3.2326020321935816,2.9362345627152857,2.5799614643545548,0.26403326403326405,64800.000001,29.029999999999973,,,4499,3.078028747433265,NORMAL,DOWN,PRICE_CROSS_DOWN_MA,DMA_SMA_P7_SHIFT5_V1,True,0.2828766470532175,-0.011605702607400396,-0.15871716041495326,STABLE_POSITIVE_FOLDS,-0.22422680412371132,21600.0
DMA|DMA_SMA_P7_SHIFT5_V1|PRICE_CROSS_UP_MA|PRICE_CROSS_DOWN_MA|6H|UP,DMA,DIRECTIONAL,6H,DISCOVERY,6H,LOW,388,480,302,108,22,0.04583333333333333,0.6291666666666667,0.7783505154639175,156.11754229741763,7.155387355298307,64799.999999,86399.999999,107999.999999,4.337469183716165,1.3025717837210014,0.4680672337803755,1.0638893729307228,3.210011500928051,3.520137724822186,2.966902750052413,0.225,43200.000001,30.724999999999852,,,4499,3.07460643394935,NORMAL,UP,PRICE_CROSS_UP_MA,DMA_SMA_P7_SHIFT5_V1,True,0.3031904357668364,-0.01274052065647991,-0.14766553480475383,STABLE_POSITIVE_FOLDS,-0.21134020618556704,21600.0
DNO_QUANTILE|CAUSAL_DNO_QUANTILE_80_20_CONTROL_V1|CROSSED_OB_BAND_UP|6H|UP,DNO_QUANTILE,DIRECTIONAL,6H,DISCOVERY,6H,LOW,388,284,175,44,25,0.0880281690140845,0.6161971830985915,0.45103092783505155,92.65832961143369,8.156543099598036,86399.999999,129599.999999,172799.999999,7.867310667977937,2.23052596026897,0.3652392947103283,1.1572635553078192,2.831523170839969,3.658793361935081,3.339312305401375,0.15492957746478872,64800.000001,19.390000000000015,,,4499,3.0650239561943873,NORMAL,UP,CROSSED_OB_BAND_UP,CAUSAL_DNO_QUANTILE_80_20_CONTROL_V1,True,0.29022095219876126,0.02945431502427126,-0.21773595733996512,STABLE_POSITIVE_FOLDS,-0.5386597938144331,43200.00000000001
DNO_QUANTILE|CAUSAL_DNO_QUANTILE_80_20_CONTROL_V1|CROSSED_OS_BAND_DOWN|6H|DOWN,DNO_QUANTILE,DIRECTIONAL,6H,DISCOVERY,6H,HIGH,388,299,190,56,13,0.043478260869565216,0.6354515050167224,0.4896907216494845,97.3782880071333,4.2338386090057964,64799.999999,107999.999999,151199.999999,5.617423540315109,1.812992187363974,0.3420600839517628,1.56327660658016,4.376585246257718,3.1036521531277543,2.0191444820855664,0.18729096989966554,75600.000001,26.580000000000013,,,4499,3.0704996577686514,NORMAL,DOWN,CROSSED_OS_BAND_DOWN,CAUSAL_DNO_QUANTILE_80_20_CONTROL_V1,True,0.315417549159337,-0.015944489554883,-0.23545945454855177,STABLE_POSITIVE_FOLDS,-0.48195876288659795,21600.0
DNO_QUANTILE|CAUSAL_DNO_QUANTILE_80_20_CONTROL_V1|FORECAST_OB_CROSS|6H|UP,DNO_QUANTILE,DIRECTIONAL,6H,DISCOVERY,6H,LOW,388,450,197,93,44,0.09777777777777778,0.43777777777777777,0.5077319587628866,146.81777579276462,14.355515855292541,86399.999999,129599.999999,172799.999999,7.084158415841585,2.0520203348233856,0.3647183284845277,1.1270611994231285,2.817470476562849,3.3528968552960356,3.3061485130450414,0.20666666666666667,64800.000001,20.72,,,4499,3.0650239561943873,NORMAL,UP,FORECAST_OB_CROSS,CAUSAL_DNO_QUANTILE_80_20_CONTROL_V1,True,0.11180154687794752,0.03920392378796454,-0.16599886813808717,STABLE_POSITIVE_FOLDS,-0.481958762886598,43200.00000000001
DNO_QUANTILE|CAUSAL_DNO_QUANTILE_80_20_CONTROL_V1|FORECAST_OS_CROSS|6H|DOWN,DNO_QUANTILE,DIRECTIONAL,6H,DISCOVERY,6H,HIGH,388,380,203,92,13,0.034210526315789476,0.5342105263157895,0.5231958762886598,123.75835934016942,4.2338386090057964,64799.999999,107999.999999,151199.999999,5.4664108088169,1.7571356152608513,0.36862376529559204,1.3169720482167067,3.553279755313873,3.1872973067221393,2.5799614643545548,0.24210526315789474,64800.000001,24.644999999999996,,,4499,3.0704996577686514,NORMAL,DOWN,FORECAST_OS_CROSS,CAUSAL_DNO_QUANTILE_80_20_CONTROL_V1,True,0.21417657045840405,-0.02521222410865874,-0.18064516129032257,STABLE_POSITIVE_FOLDS,-0.44845360824742264,21600.0
INVERSE|INVERSE_DMA_25X5|DMA_SMA_P25_SHIFT5_V1|6H|DOWN,INVERSE_PREDICTOR,DIRECTIONAL,6H,DISCOVERY,6H,HIGH,388,214,134,54,13,0.06074766355140187,0.6261682242990654,0.34536082474226804,70.2435407773534,4.267130981801842,64799.999999,107999.999999,151199.999999,5.01490200406784,1.7329865077094722,0.4353410263626989,1.0501177331620424,2.5451825263589627,3.310267573549316,3.4952380952381064,0.2523364485981308,64800.000001,24.71499999999999,,,4499,3.0465434633812456,NORMAL,DOWN,INVERSE_THRESHOLD_CROSS,DMA_SMA_P25_SHIFT5_V1,True,0.30613426844167996,0.001324913126953653,-0.1704139758500865,STABLE_POSITIVE_FOLDS,-0.6262886597938144,21600.0
INVERSE|INVERSE_DMA_25X5|DMA_SMA_P25_SHIFT5_V1|6H|UP,INVERSE_PREDICTOR,DIRECTIONAL,6H,DISCOVERY,6H,LOW,388,227,148,46,9,0.039647577092511016,0.6519823788546255,0.38144329896907214,74.56092625899281,2.956160071942446,64799.999999,107999.999999,172799.999999,5.363387377998338,1.73135442132488,0.37602537359755284,1.092325762878564,2.922872960472538,2.588667258394155,2.6166007905138344,0.2026431718061674,64800.000001,20.820000000000007,,,4499,3.0444900752908968,NORMAL,UP,INVERSE_THRESHOLD_CROSS,DMA_SMA_P25_SHIFT5_V1,True,0.32600614795479527,-0.018926276897302224,-0.17002236299858645,STABLE_POSITIVE_FOLDS,-0.6082474226804124,21600.0
INVERSE|INVERSE_DMA_3X3|DMA_SMA_P3_SHIFT3_V1|6H|DOWN,INVERSE_PREDICTOR,DIRECTIONAL,6H,DISCOVERY,6H,HIGH,388,801,329,270,45,0.056179775280898875,0.4107365792759051,0.8479381443298969,260.1736327256558,14.616496220542462,43199.999999,64799.999999,86399.999999,2.9307924624611914,0.9191378263509418,0.5683514974684634,1.144818372376944,3.0570138662282877,3.1525295746287387,2.747601010101009,0.33707865168539325,64800.000001,31.654999999999944,,,4499,3.078713210130048,NORMAL,DOWN,INVERSE_THRESHOLD_CROSS,DMA_SMA_P3_SHIFT3_V1,True,0.0907026234185197,-0.003242975143549341,-0.08567177276282406,STABLE_POSITIVE_FOLDS,-0.12371134020618557,0.0
INVERSE|INVERSE_DMA_3X3|DMA_SMA_P3_SHIFT3_V1|6H|UP,INVERSE_PREDICTOR,DIRECTIONAL,6H,DISCOVERY,6H,LOW,388,811,321,239,55,0.06781750924784218,0.3958076448828607,0.8273195876288659,263.5389234875445,17.872553380782918,43199.999999,64799.999999,107999.999999,3.775913129318858,1.0596279437957683,0.5336134453781523,1.0904423629664275,3.38981737433761,3.622052213456263,3.562795220894656,0.29469790382244143,43200.000001,33.90999999999997,,,4499,3.077344284736482,NORMAL,UP,INVERSE_THRESHOLD_CROSS,DMA_SMA_P3_SHIFT3_V1,True,0.06983141398303044,0.009243655258028935,-0.07796763098231241,STABLE_POSITIVE_FOLDS,-0.16237113402061865,0.0
INVERSE|INVERSE_DMA_7X5|DMA_SMA_P7_SHIFT5_V1|6H|DOWN,INVERSE_PREDICTOR,DIRECTIONAL,6H,DISCOVERY,6H,HIGH,388,470,270,128,22,0.04680851063829787,0.574468085106383,0.6958762886597938,153.3087742799732,7.176155391828533,43199.999999,64799.999999,86399.999999,3.577609007161918,1.1730263313117337,0.5109443362925353,1.2368972746331188,3.20326278756039,2.9362345627152857,2.6167247386759507,0.2723404255319149,64800.000001,28.745000000000005,,,4499,3.0657084188911705,NORMAL,DOWN,INVERSE_THRESHOLD_CROSS,DMA_SMA_P7_SHIFT5_V1,True,0.2544341292489976,-0.012614239786150346,-0.1504099989163024,STABLE_POSITIVE_FOLDS,-0.2757731958762887,0.0
INVERSE|INVERSE_DMA_7X5|DMA_SMA_P7_SHIFT5_V1|6H|UP,INVERSE_PREDICTOR,DIRECTIONAL,6H,DISCOVERY,6H,LOW,388,470,274,118,22,0.04680851063829787,0.5829787234042553,0.7061855670103093,152.86509349955475,7.155387355298307,64799.999999,86399.999999,107999.999999,4.3132007755223665,1.2456086544375053,0.5033246836916597,1.040850587576952,3.1826377381899547,3.7048549108912763,3.813097003583806,0.251063829787234,43200.000001,23.460000000000036,,,4499,3.07460643394935,NORMAL,UP,INVERSE_THRESHOLD_CROSS,DMA_SMA_P7_SHIFT5_V1,True,0.25700249250442503,-0.01176534335151537,-0.12160170501751982,STABLE_POSITIVE_FOLDS,-0.28350515463917525,21600.0
INVERSE|INVERSE_DNO_N7_OB_OS|DNO_PERIOD_7_REFERENCE|6H|DOWN,INVERSE_PREDICTOR,DIRECTIONAL,6H,DISCOVERY,6H,HIGH,388,367,223,100,16,0.043596730245231606,0.6076294277929155,0.5747422680412371,119.7113194909578,5.219022103148024,43199.999999,64799.999999,86399.999999,3.6432554351231285,1.1315505456289696,0.5453870887954491,1.2535310734463292,3.5519119888221025,3.329758439303412,2.621212121212063,0.2724795640326976,64800.000001,64.45000000000005,,,4499,3.0657084188911705,NORMAL,DOWN,INVERSE_THRESHOLD_CROSS,DNO_PERIOD_7_REFERENCE,True,0.2875954719355301,-0.01582602017921661,-0.15027086041551974,STABLE_POSITIVE_FOLDS,-0.3969072164948454,0.0
INVERSE|INVERSE_DNO_N7_OB_OS|DNO_PERIOD_7_REFERENCE|6H|UP,INVERSE_PREDICTOR,DIRECTIONAL,6H,DISCOVERY,6H,LOW,388,376,237,85,18,0.047872340425531915,0.6303191489361702,0.6108247422680413,122.26485644335634,5.853104829735144,43199.999999,64799.999999,86399.999999,4.289463494385406,1.153987543944177,0.4814568557919614,1.1151377471841948,3.314803847890448,3.3387577845919862,2.6734972677594944,0.22606382978723405,43200.000001,72.44000000000005,,,4499,3.0752908966461328,NORMAL,UP,INVERSE_THRESHOLD_CROSS,DNO_PERIOD_7_REFERENCE,True,0.30434291803634,-0.010701513564281326,-0.1466017050175198,STABLE_POSITIVE_FOLDS,-0.3788659793814433,0.0
INVERSE|INVERSE_MACD_12_26_9_SIGNAL_CROSS|MACD_12_26_9_SHIFT0_V1|6H|DOWN,INVERSE_PREDICTOR,DIRECTIONAL,6H,DISCOVERY,6H,HIGH,388,116,69,40,5,0.04310344827586207,0.5948275862068966,0.17783505154639176,38.58743169398907,1.6632513661202184,64799.999999,107999.999999,151199.999999,4.493840754249536,1.6640082325701075,0.4716331339496098,1.0403464277733152,2.7014528520120145,3.1857463074004446,3.338541666666637,0.3448275862068966,64800.000001,55.889999999999986,,,4499,3.0061601642710474,NORMAL,DOWN,INVERSE_THRESHOLD_CROSS,MACD_12_26_9_SHIFT0_V1,True,0.27479363034951115,-0.016319302148586144,-0.07792283824132074,STABLE_POSITIVE_FOLDS,-0.7938144329896907,21600.0
INVERSE|INVERSE_MACD_12_26_9_SIGNAL_CROSS|MACD_12_26_9_SHIFT0_V1|6H|UP,INVERSE_PREDICTOR,DIRECTIONAL,6H,DISCOVERY,6H,LOW,388,128,85,32,2,0.015625,0.6640625,0.2190721649484536,43.74456140350877,0.6835087719298245,86399.999999,107999.999999,151199.999999,5.779073073642305,1.7766351295763012,0.46197435132717035,1.123687195515042,3.071059966459723,4.671855206760722,3.7522208121827427,0.25,43200.000001,72.86999999999989,,,4499,2.9260780287474333,NORMAL,UP,INVERSE_THRESHOLD_CROSS,MACD_12_26_9_SHIFT0_V1,True,0.33808626910016976,-0.04294885398981324,-0.12266553480475384,STABLE_POSITIVE_FOLDS,-0.770618556701031,43200.00000000001
INVERSE|INVERSE_STOCH_14_3_3_POINT_BAR|STOCH_K14_KS3_D3_SHIFT0_V1|6H|DOWN,INVERSE_PREDICTOR,DIRECTIONAL,6H,DISCOVERY,6H,HIGH,388,283,169,76,12,0.04240282685512368,0.5971731448763251,0.43556701030927836,92.51801297829492,3.923025285298724,43199.999999,64799.999999,86399.999999,3.487624558019932,1.1809055846145715,0.5181305398871862,1.3714683919004855,3.7492997758211626,3.243123183329848,2.1971326164874374,0.26855123674911663,64800.000001,61.00999999999999,,,4499,3.0588637919233403,NORMAL,DOWN,INVERSE_THRESHOLD_CROSS,STOCH_K14_KS3_D3_SHIFT0_V1,True,0.2771391890189397,-0.017019923569324538,-0.15419918769910068,STABLE_POSITIVE_FOLDS,-0.5360824742268041,0.0
INVERSE|INVERSE_STOCH_14_3_3_POINT_BAR|STOCH_K14_KS3_D3_SHIFT0_V1|6H|UP,INVERSE_PREDICTOR,DIRECTIONAL,6H,DISCOVERY,6H,LOW,388,205,127,58,4,0.01951219512195122,0.6195121951219512,0.327319587628866,67.12348722545944,1.3097265800089646,43199.999999,43199.999999,64799.999999,3.775913129318858,1.0917538474388693,0.5464912280701753,1.1517162099530687,4.233594709734956,4.119074288509061,3.5046986258472654,0.28292682926829266,64800.000001,60.269999999999996,,,4499,3.054072553045859,NORMAL,UP,INVERSE_THRESHOLD_CROSS,STOCH_K14_KS3_D3_SHIFT0_V1,True,0.29353596422212097,-0.03906165886786202,-0.08973870553646118,STABLE_POSITIVE_FOLDS,-0.6623711340206186,0.0
MACD|DINAPOLI_MACD_REFERENCE_V1|HIST_CROSS_UP_ZERO|HIST_CROSS_DOWN_ZERO|6H|DOWN,MACD,DIRECTIONAL,6H,DISCOVERY,6H,HIGH,388,221,152,56,13,0.058823529411764705,0.6877828054298643,0.3917525773195876,71.847129506008,4.22630173564753,86399.999999,107999.999999,151199.999999,5.253088526533823,1.7428202095726184,0.3852704678362566,1.1096563675641264,3.4439199201046806,2.6123674055556965,2.6587465643609747,0.25339366515837103,75600.000001,31.265000000000015,,,4499,3.075975359342916,NORMAL,DOWN,HIST_CROSS_DOWN_ZERO,DINAPOLI_MACD_REFERENCE_V1,True,0.36774884957247883,-0.000599221012683511,-0.16935675928984628,STABLE_POSITIVE_FOLDS,-0.5798969072164948,43200.00000000001
MACD|DINAPOLI_MACD_REFERENCE_V1|HIST_CROSS_UP_ZERO|HIST_CROSS_DOWN_ZERO|6H|UP,MACD,DIRECTIONAL,6H,DISCOVERY,6H,LOW,388,221,157,46,12,0.05429864253393665,0.7104072398190046,0.40463917525773196,71.89512358049433,3.903807615230461,86399.999999,129599.999999,151199.999999,6.583397092578429,1.8627067830183608,0.4348967657238324,1.029641904695772,2.9898105817152887,4.8595952471616535,4.006376195536651,0.2081447963800905,43200.000001,25.315000000000005,,,4499,3.0739219712525667,NORMAL,UP,HIST_CROSS_UP_ZERO,DINAPOLI_MACD_REFERENCE_V1,True,0.3844310089191743,-0.0042752114558765875,-0.16452073842466333,STABLE_POSITIVE_FOLDS,-0.5850515463917526,43200.00000000001
MACD|DINAPOLI_MACD_REFERENCE_V1|MACD_CROSS_UP_SIGNAL|MACD_CROSS_DOWN_SIGNAL|6H|DOWN,MACD,DIRECTIONAL,6H,DISCOVERY,6H,HIGH,388,221,152,56,13,0.058823529411764705,0.6877828054298643,0.3917525773195876,71.847129506008,4.22630173564753,86399.999999,107999.999999,151199.999999,5.253088526533823,1.7428202095726184,0.3852704678362566,1.1096563675641264,3.4439199201046806,2.6123674055556965,2.6587465643609747,0.25339366515837103,75600.000001,31.265000000000015,,,4499,3.075975359342916,NORMAL,DOWN,MACD_CROSS_DOWN_SIGNAL,DINAPOLI_MACD_REFERENCE_V1,True,0.36774884957247883,-0.000599221012683511,-0.16935675928984628,STABLE_POSITIVE_FOLDS,-0.5798969072164948,43200.00000000001
MACD|DINAPOLI_MACD_REFERENCE_V1|MACD_CROSS_UP_SIGNAL|MACD_CROSS_DOWN_SIGNAL|6H|UP,MACD,DIRECTIONAL,6H,DISCOVERY,6H,LOW,388,221,157,46,12,0.05429864253393665,0.7104072398190046,0.40463917525773196,71.89512358049433,3.903807615230461,86399.999999,129599.999999,151199.999999,6.583397092578429,1.8627067830183608,0.4348967657238324,1.029641904695772,2.9898105817152887,4.8595952471616535,4.006376195536651,0.2081447963800905,43200.000001,25.315000000000005,,,4499,3.0739219712525667,NORMAL,UP,MACD_CROSS_UP_SIGNAL,DINAPOLI_MACD_REFERENCE_V1,True,0.3844310089191743,-0.0042752114558765875,-0.16452073842466333,STABLE_POSITIVE_FOLDS,-0.5850515463917526,43200.00000000001
MACD|MACD_12_26_9_SHIFT0_V1|HIST_CROSS_UP_ZERO|HIST_CROSS_DOWN_ZERO|6H|DOWN,MACD,DIRECTIONAL,6H,DISCOVERY,6H,HIGH,388,169,110,52,6,0.03550295857988166,0.650887573964497,0.28350515463917525,55.710514440433215,1.9778880866425994,86399.999999,129599.999999,153359.99999900017,5.417123874085014,1.8147505825404346,0.3904233189565707,1.3365782147210135,3.120021212207625,2.8574827565563066,2.496402877697814,0.3076923076923077,64800.000001,32.655,,,4499,3.033538672142368,NORMAL,DOWN,HIST_CROSS_DOWN_ZERO,MACD_12_26_9_SHIFT0_V1,True,0.3308536181071116,-0.02391979184456656,-0.1150581167559096,STABLE_POSITIVE_FOLDS,-0.6881443298969072,43200.00000000001
MACD|MACD_12_26_9_SHIFT0_V1|HIST_CROSS_UP_ZERO|HIST_CROSS_DOWN_ZERO|6H|UP,MACD,DIRECTIONAL,6H,DISCOVERY,6H,LOW,388,170,123,41,4,0.023529411764705882,0.7235294117647059,0.3170103092783505,55.95179094390629,1.3165127280919127,107999.999999,151199.999999,172799.999999,7.000964320154282,2.07317774246864,0.4283018867924523,1.1414707555838963,2.9580301339499457,4.96742177195781,4.337429942337713,0.2411764705882353,43200.000001,20.610000000000014,,,4499,3.0383299110198494,NORMAL,UP,HIST_CROSS_UP_ZERO,MACD_12_26_9_SHIFT0_V1,True,0.3975531808648756,-0.03504444222510736,-0.13148906421651854,STABLE_POSITIVE_FOLDS,-0.6726804123711341,64800.00000000001
MACD|MACD_12_26_9_SHIFT0_V1|MACD_CROSS_UP_SIGNAL|MACD_CROSS_DOWN_SIGNAL|6H|DOWN,MACD,DIRECTIONAL,6H,DISCOVERY,6H,HIGH,388,169,110,52,6,0.03550295857988166,0.650887573964497,0.28350515463917525,55.710514440433215,1.9778880866425994,86399.999999,129599.999999,153359.99999900017,5.417123874085014,1.8147505825404346,0.3904233189565707,1.3365782147210135,3.120021212207625,2.8574827565563066,2.496402877697814,0.3076923076923077,64800.000001,32.655,,,4499,3.033538672142368,NORMAL,DOWN,MACD_CROSS_DOWN_SIGNAL,MACD_12_26_9_SHIFT0_V1,True,0.3308536181071116,-0.02391979184456656,-0.1150581167559096,STABLE_POSITIVE_FOLDS,-0.6881443298969072,43200.00000000001
MACD|MACD_12_26_9_SHIFT0_V1|MACD_CROSS_UP_SIGNAL|MACD_CROSS_DOWN_SIGNAL|6H|UP,MACD,DIRECTIONAL,6H,DISCOVERY,6H,LOW,388,170,123,41,4,0.023529411764705882,0.7235294117647059,0.3170103092783505,55.95179094390629,1.3165127280919127,107999.999999,151199.999999,172799.999999,7.000964320154282,2.07317774246864,0.4283018867924523,1.1414707555838963,2.9580301339499457,4.96742177195781,4.337429942337713,0.2411764705882353,43200.000001,20.610000000000014,,,4499,3.0383299110198494,NORMAL,UP,MACD_CROSS_UP_SIGNAL,MACD_12_26_9_SHIFT0_V1,True,0.3975531808648756,-0.03504444222510736,-0.13148906421651854,STABLE_POSITIVE_FOLDS,-0.6726804123711341,64800.00000000001
OSC_PREDICTOR|PROJECT_DINAPOLI_STYLE_OSCILLATOR_PREDICTOR_REFERENCE|CROSSED_OB_BAND_UP|6H|UP,OSC_PREDICTOR,DIRECTIONAL,6H,DISCOVERY,6H,LOW,388,263,163,37,28,0.10646387832699619,0.6197718631178707,0.42010309278350516,85.80683340777134,9.135328271549799,86399.999999,129599.999999,172799.999999,7.826714801444039,2.3398469677277625,0.3647183284845277,1.1550656802053458,2.9416314324017656,3.7910003391831983,3.614425592075611,0.14068441064638784,64800.000001,72.44000000000005,,,4499,3.0650239561943873,NORMAL,UP,CROSSED_OB_BAND_UP,PROJECT_DINAPOLI_STYLE_OSCILLATOR_PREDICTOR_REFERENCE,True,0.29379563221804045,0.04789002433718295,-0.231981124158366,STABLE_POSITIVE_FOLDS,-0.5695876288659794,43200.00000000001
OSC_PREDICTOR|PROJECT_DINAPOLI_STYLE_OSCILLATOR_PREDICTOR_REFERENCE|CROSSED_OS_BAND_DOWN|6H|DOWN,OSC_PREDICTOR,DIRECTIONAL,6H,DISCOVERY,6H,HIGH,388,247,160,48,8,0.032388663967611336,0.6477732793522267,0.41237113402061853,80.44293357111013,2.605439144003567,86399.999999,129599.999999,151199.999999,6.515927890120481,2.1456346821943635,0.3406283206657955,1.6453319654918654,4.571454107860247,2.9720148668943707,2.0544373625008774,0.19433198380566802,97200.000001,34.58999999999999,,,4499,3.0704996577686514,NORMAL,DOWN,CROSSED_OS_BAND_DOWN,PROJECT_DINAPOLI_STYLE_OSCILLATOR_PREDICTOR_REFERENCE,True,0.3277393234948413,-0.02703408645683688,-0.2284184406425493,STABLE_POSITIVE_FOLDS,-0.5592783505154639,43200.00000000001
OSC_PREDICTOR|PROJECT_DINAPOLI_STYLE_OSCILLATOR_PREDICTOR_REFERENCE|FORECAST_OB_CROSS|6H|UP,OSC_PREDICTOR,DIRECTIONAL,6H,DISCOVERY,6H,LOW,388,419,188,80,45,0.10739856801909307,0.4486873508353222,0.4845360824742268,136.70366234926306,14.681777579276464,86399.999999,129599.999999,157679.99999900023,7.099269421038959,2.099798355251189,0.37339235974146945,1.1550656802053458,3.0127313881151463,3.7164688075569408,3.27456958362532,0.1909307875894988,64800.000001,25.67999999999992,,,4499,3.0650239561943873,NORMAL,UP,FORECAST_OB_CROSS,PROJECT_DINAPOLI_STYLE_OSCILLATOR_PREDICTOR_REFERENCE,True,0.12271111993549194,0.048824714029279834,-0.18173474721525504,STABLE_POSITIVE_FOLDS,-0.5051546391752577,43200.00000000001
OSC_PREDICTOR|PROJECT_DINAPOLI_STYLE_OSCILLATOR_PREDICTOR_REFERENCE|FORECAST_OS_CROSS|6H|DOWN,OSC_PREDICTOR,DIRECTIONAL,6H,DISCOVERY,6H,HIGH,388,323,171,74,12,0.03715170278637771,0.5294117647058824,0.44072164948453607,105.19460543914401,3.9081587160053504,86399.999999,118799.999999,151199.999999,6.310678089899967,2.0230672795654,0.3631969062197876,1.4871465767932257,4.587224917399865,3.159791509696166,2.2920161078291015,0.22910216718266255,97200.000001,32.974999999999994,,,4499,3.0704996577686514,NORMAL,DOWN,FORECAST_OS_CROSS,PROJECT_DINAPOLI_STYLE_OSCILLATOR_PREDICTOR_REFERENCE,True,0.20937780884849694,-0.02227104763807051,-0.19364825726555476,STABLE_POSITIVE_FOLDS,-0.5309278350515464,43200.00000000001
PURE_DNO|DNO_PERIOD_7_REFERENCE|DNO_ZERO_CROSS_DOWN|6H|DOWN,PURE_DNO,DIRECTIONAL,6H,DISCOVERY,6H,HIGH,388,480,290,127,22,0.04583333333333333,0.6041666666666666,0.7474226804123711,155.94396264176117,7.14743162108072,64799.999999,64799.999999,107999.999999,3.6512640041570306,1.2031845915563988,0.4963949670960885,1.2265815340670367,3.2326020321935816,2.9362345627152857,2.5799614643545548,0.26458333333333334,64800.000001,29.029999999999973,,,4499,3.078028747433265,NORMAL,DOWN,DNO_ZERO_CROSS_DOWN,DNO_PERIOD_7_REFERENCE,True,0.2841327108092812,-0.013589417091114886,-0.15816709111488397,STABLE_POSITIVE_FOLDS,-0.22422680412371132,21600.0
PURE_DNO|DNO_PERIOD_7_REFERENCE|DNO_ZERO_CROSS_UP|6H|UP,PURE_DNO,DIRECTIONAL,6H,DISCOVERY,6H,LOW,388,480,302,108,22,0.04583333333333333,0.6291666666666667,0.7783505154639175,156.11754229741763,7.155387355298307,64799.999999,86399.999999,107999.999999,4.337469183716165,1.3025717837210014,0.4680672337803755,1.0638893729307228,3.210011500928051,3.520137724822186,2.966902750052413,0.225,43200.000001,30.724999999999852,,,4499,3.07460643394935,NORMAL,UP,DNO_ZERO_CROSS_UP,DNO_PERIOD_7_REFERENCE,True,0.3031904357668364,-0.01274052065647991,-0.14766553480475383,STABLE_POSITIVE_FOLDS,-0.21134020618556704,21600.0
STOCH|DINAPOLI_PREFERRED_STOCHASTIC_REFERENCE_V1|K_CROSS_UP_D|K_CROSS_DOWN_D|6H|DOWN,STOCHASTIC,DIRECTIONAL,6H,DISCOVERY,6H,HIGH,388,381,250,99,20,0.05249343832020997,0.6561679790026247,0.6443298969072165,123.75300133392618,6.496220542463317,64799.999999,86399.999999,107999.999999,3.8805398647055838,1.288606322394254,0.4927252689479444,1.475960496538869,3.824836526266625,3.4482163807769775,2.64935064935065,0.25984251968503935,64800.000001,24.870000000000005,,,4499,3.078713210130048,NORMAL,DOWN,K_CROSS_DOWN_D,DINAPOLI_PREFERRED_STOCHASTIC_REFERENCE_V1,True,0.33613402314523927,-0.006929312104238243,-0.16290790476317796,STABLE_POSITIVE_FOLDS,-0.3273195876288659,21600.0
STOCH|DINAPOLI_PREFERRED_STOCHASTIC_REFERENCE_V1|K_CROSS_UP_D|K_CROSS_DOWN_D|6H|UP,STOCHASTIC,DIRECTIONAL,6H,DISCOVERY,6H,LOW,388,380,266,74,23,0.060526315789473685,0.7,0.6855670103092784,123.75835934016942,7.490637539010255,64799.999999,86399.999999,129599.999999,4.941194576496852,1.529735772694383,0.46961199080428945,1.0327880054010365,3.2095974723574265,3.4623629995589793,3.6535433070866783,0.19473684210526315,43200.000001,30.54499999999996,,,4499,3.0704996577686514,NORMAL,UP,K_CROSS_UP_D,DINAPOLI_PREFERRED_STOCHASTIC_REFERENCE_V1,True,0.3740237691001697,0.0019524617996604446,-0.1779286926994907,STABLE_POSITIVE_FOLDS,-0.3041237113402062,21600.0
STOCH|STOCH_K14_KS3_D3_SHIFT0_V1|K_CROSS_UP_D|K_CROSS_DOWN_D|6H|DOWN,STOCHASTIC,DIRECTIONAL,6H,DISCOVERY,6H,HIGH,388,557,326,163,30,0.05385996409335727,0.585278276481149,0.8402061855670103,182.21607702642186,9.814151365875503,43199.999999,64799.999999,86399.999999,2.940525469287957,0.9805286578641698,0.5570781084344295,1.144818372376944,3.076841423244588,3.453876403801827,3.0761527245172173,0.2926391382405745,64800.000001,55.09,,,4499,3.056810403832991,NORMAL,DOWN,K_CROSS_DOWN_D,STOCH_K14_KS3_D3_SHIFT0_V1,True,0.26524432062376363,-0.0055627863310909464,-0.13011128620764278,STABLE_POSITIVE_FOLDS,-0.13144329896907214,0.0
STOCH|STOCH_K14_KS3_D3_SHIFT0_V1|K_CROSS_UP_D|K_CROSS_DOWN_D|6H|UP,STOCHASTIC,DIRECTIONAL,6H,DISCOVERY,6H,LOW,388,557,345,115,34,0.06104129263913824,0.6193895870736086,0.8891752577319587,181.12107723124862,11.055864678388605,64799.999999,64799.999999,86399.999999,4.099431381589064,1.211639305665545,0.4976853093105978,1.0066597421561552,3.3828326761734298,3.691271534287578,3.3386955250073096,0.20646319569120286,43200.000001,71.11000000000001,,,4499,3.0752908966461328,NORMAL,UP,K_CROSS_UP_D,STOCH_K14_KS3_D3_SHIFT0_V1,True,0.29341335617377834,0.002467438649324999,-0.16620233911355098,STABLE_POSITIVE_FOLDS,-0.10051546391752586,21600.0
DMA|DMA_SMA_P25_SHIFT5_V1|MA_SLOPE_TURN_UP|MA_SLOPE_TURN_DOWN|8H|DOWN,DMA,DIRECTIONAL,8H,DISCOVERY,8H,HIGH,306,133,77,40,5,0.03759398496240601,0.5789473684210527,0.25163398692810457,43.76418918918919,1.6452702702702702,86399.999999,143999.999999,201599.999999,5.050657795251771,1.4801919745548526,0.4811127379209359,1.1929137388687594,3.403629562617622,3.5194477995674207,3.4952380952381064,0.3007518796992481,72000.000001,60.78499999999997,,,3375,3.0390143737166326,NORMAL,DOWN,MA_SLOPE_TURN_DOWN,DMA_SMA_P25_SHIFT5_V1,True,0.24059279136427397,-0.0191846940642452,-0.12219134162172524,STABLE_POSITIVE_FOLDS,-0.7026143790849674,28800.000000000007
DMA|DMA_SMA_P25_SHIFT5_V1|MA_SLOPE_TURN_UP|MA_SLOPE_TURN_DOWN|8H|UP,DMA,DIRECTIONAL,8H,DISCOVERY,8H,LOW,307,132,77,43,4,0.030303030303030304,0.5833333333333334,0.250814332247557,43.59222423146474,1.320976491862568,86399.999999,143999.999999,213119.99999900017,6.448492664839593,1.5953650452622052,0.45954292773316857,1.0780115434742277,3.0808018693887536,6.0427454004627075,5.837837837837757,0.32575757575757575,57600.000001,22.050000000000182,,,3375,3.028062970568104,NORMAL,UP,MA_SLOPE_TURN_UP,DMA_SMA_P25_SHIFT5_V1,True,0.24768518518518523,-0.017150673400673402,-0.04345538720538722,STABLE_POSITIVE_FOLDS,-0.6938110749185668,28800.000000000007
DMA|DMA_SMA_P25_SHIFT5_V1|PRICE_CROSS_UP_MA|PRICE_CROSS_DOWN_MA|8H|DOWN,DMA,DIRECTIONAL,8H,DISCOVERY,8H,HIGH,306,161,103,44,6,0.037267080745341616,0.639751552795031,0.3366013071895425,52.914142171565686,1.9719556088782244,86399.999999,143999.999999,201599.999999,5.914710778604649,1.7325513196480944,0.3771471247199394,1.0874635179977836,3.2896611086106815,3.436592449177151,2.690443017107526,0.2732919254658385,86400.000001,21.439999999999998,,,3375,3.0426648414328086,NORMAL,DOWN,PRICE_CROSS_DOWN_MA,DMA_SMA_P25_SHIFT5_V1,True,0.30139697573825236,-0.0195115982813096,-0.1496512958551348,STABLE_POSITIVE_FOLDS,-0.6176470588235294,28800.000000000007
DMA|DMA_SMA_P25_SHIFT5_V1|PRICE_CROSS_UP_MA|PRICE_CROSS_DOWN_MA|8H|UP,DMA,DIRECTIONAL,8H,DISCOVERY,8H,LOW,307,160,115,27,3,0.01875,0.71875,0.3745928338762215,52.71196632591702,0.9883493686109441,86399.999999,143999.999999,230399.999999,6.4297649197658595,1.6773641996061668,0.42605540780922546,1.0107919689703675,3.0294607595519856,3.7390359303129705,3.7522208121827427,0.16875,57600.000001,24.289999999999964,,,3375,3.0353639060004562,NORMAL,UP,PRICE_CROSS_UP_MA,DMA_SMA_P25_SHIFT5_V1,True,0.38310185185185186,-0.028703703703703707,-0.20046296296296295,STABLE_POSITIVE_FOLDS,-0.5700325732899023,28800.000000000007
DMA|DMA_SMA_P3_SHIFT3_V1|MA_SLOPE_TURN_UP|MA_SLOPE_TURN_DOWN|8H|DOWN,DMA,DIRECTIONAL,8H,DISCOVERY,8H,HIGH,306,482,277,125,30,0.06224066390041494,0.5746887966804979,0.9052287581699346,156.6285587188612,9.748665480427047,57599.999999,86399.999999,86399.999999,3.775924228685067,1.0779629092327387,0.5274636510500811,1.4317473251611958,3.520721333950383,3.32980972515856,2.458498089808506,0.25933609958506226,57600.000001,33.53999999999999,,,3375,3.077344284736482,NORMAL,DOWN,MA_SLOPE_TURN_DOWN,DMA_SMA_P3_SHIFT3_V1,True,0.2363342196237192,0.005461984873763724,-0.16360712173591108,STABLE_POSITIVE_FOLDS,-0.0490196078431373,0.0
DMA|DMA_SMA_P3_SHIFT3_V1|MA_SLOPE_TURN_UP|MA_SLOPE_TURN_DOWN|8H|UP,DMA,DIRECTIONAL,8H,DISCOVERY,8H,LOW,307,482,279,119,18,0.03734439834024896,0.578838174273859,0.9087947882736156,156.8145783847981,5.856146080760095,57599.999999,86399.999999,115199.999999,4.44346538520934,1.1670364500792367,0.48499999999999943,1.2576857952701122,3.426707468942374,3.7956581724877694,3.4475158290693786,0.24688796680497926,57600.000001,36.25,,,3375,3.0736938170203056,NORMAL,UP,MA_SLOPE_TURN_UP,DMA_SMA_P3_SHIFT3_V1,True,0.24319002612571083,-0.010109305363454744,-0.1223249961579837,STABLE_POSITIVE_FOLDS,-0.03583061889250816,0.0
DMA|DMA_SMA_P3_SHIFT3_V1|PRICE_CROSS_UP_MA|PRICE_CROSS_DOWN_MA|8H|DOWN,DMA,DIRECTIONAL,8H,DISCOVERY,8H,HIGH,306,613,283,208,32,0.052202283849918436,0.46166394779771613,0.9248366013071896,199.19773131672596,10.398576512455515,57599.999999,57599.999999,86399.999999,3.2497000678107653,0.8534991478027021,0.5944976076555033,1.2881030482438591,3.438753229724136,3.6060222696501207,3.105000000000018,0.33931484502446985,86400.000001,36.96499999999986,,,3375,3.077344284736482,NORMAL,DOWN,PRICE_CROSS_DOWN_MA,DMA_SMA_P3_SHIFT3_V1,True,0.12330937074093745,-0.004576395176732778,-0.08362837629650349,STABLE_POSITIVE_FOLDS,-0.02941176470588236,0.0
DMA|DMA_SMA_P3_SHIFT3_V1|PRICE_CROSS_UP_MA|PRICE_CROSS_DOWN_MA|8H|UP,DMA,DIRECTIONAL,8H,DISCOVERY,8H,LOW,307,612,291,185,28,0.0457516339869281,0.47549019607843135,0.9478827361563518,199.04986642920747,9.106856634016028,57599.999999,86399.999999,86399.999999,4.0608556394417885,1.019190140845069,0.5501183898973959,1.2888839614427314,3.079861275647069,4.304326581045533,3.7522208121827427,0.3022875816993464,57600.000001,51.23000000000002,,,3375,3.07460643394935,NORMAL,UP,PRICE_CROSS_UP_MA,DMA_SMA_P3_SHIFT3_V1,True,0.1398420479302832,-0.0017020697167756046,-0.06692538126361658,STABLE_POSITIVE_FOLDS,0.0032573289902280145,0.0
DMA|DMA_SMA_P7_SHIFT5_V1|MA_SLOPE_TURN_UP|MA_SLOPE_TURN_DOWN|8H|DOWN,DMA,DIRECTIONAL,8H,DISCOVERY,8H,HIGH,306,302,162,98,19,0.06291390728476821,0.5364238410596026,0.5294117647058824,98.7221062052506,6.210993436754177,86399.999999,143999.999999,172799.999999,4.7375811010554205,1.4427528421746096,0.4685382811234904,1.1260226406594163,3.4080096418891883,3.6026023616144744,2.823529411764673,0.32450331125827814,57600.000001,49.30000000000001,,,3375,3.059091946155601,NORMAL,DOWN,MA_SLOPE_TURN_DOWN,DMA_SMA_P7_SHIFT5_V1,True,0.19806926400282393,0.0061352282581169995,-0.0984399100626952,STABLE_POSITIVE_FOLDS,-0.4248366013071896,28800.000000000007
DMA|DMA_SMA_P7_SHIFT5_V1|MA_SLOPE_TURN_UP|MA_SLOPE_TURN_DOWN|8H|UP,DMA,DIRECTIONAL,8H,DISCOVERY,8H,LOW,307,302,174,95,8,0.026490066225165563,0.5761589403973509,0.5667752442996743,98.7515666965085,2.6159355416293644,86399.999999,143999.999999,201599.999999,5.850824432899958,1.5276568970328057,0.4450047667028153,1.1875159887439262,3.588160205073929,4.800312215428643,3.324847615632859,0.31456953642384106,57600.000001,22.680000000000007,,,3375,3.058179329226557,NORMAL,UP,MA_SLOPE_TURN_UP,DMA_SMA_P7_SHIFT5_V1,True,0.2405107922492028,-0.020963637478538143,-0.05464342653912191,STABLE_POSITIVE_FOLDS,-0.37785016286644946,28800.000000000007
DMA|DMA_SMA_P7_SHIFT5_V1|PRICE_CROSS_UP_MA|PRICE_CROSS_DOWN_MA|8H|DOWN,DMA,DIRECTIONAL,8H,DISCOVERY,8H,HIGH,306,337,218,70,22,0.06528189910979229,0.6468842729970327,0.7124183006535948,109.575,7.15326409495549,86399.999999,86399.999999,115199.999999,4.191923552412453,1.198900793639754,0.5063267878149934,1.3755823310808957,3.2451343335254204,3.533775449486769,2.4870334485416734,0.20771513353115728,72000.000001,28.564999999999998,,,3375,3.075519050878394,NORMAL,DOWN,PRICE_CROSS_DOWN_MA,DMA_SMA_P7_SHIFT5_V1,True,0.308529695940254,0.008503220083141076,-0.21522808778981606,STABLE_POSITIVE_FOLDS,-0.24183006535947715,28800.000000000007
DMA|DMA_SMA_P7_SHIFT5_V1|PRICE_CROSS_UP_MA|PRICE_CROSS_DOWN_MA|8H|UP,DMA,DIRECTIONAL,8H,DISCOVERY,8H,LOW,307,336,220,75,15,0.044642857142857144,0.6547619047619048,0.7166123778501629,109.31472684085512,4.880121733966746,86399.999999,115199.999999,143999.999999,5.108368860467181,1.287755079463737,0.4781226099334711,1.319550161559155,3.5454834519444605,4.540535453818287,3.9723063973063972,0.22321428571428573,57600.000001,71.53999999999999,,,3375,3.0736938170203056,NORMAL,UP,PRICE_CROSS_UP_MA,DMA_SMA_P7_SHIFT5_V1,True,0.3191137566137566,-0.0028108465608465624,-0.14599867724867724,STABLE_POSITIVE_FOLDS,-0.2280130293159609,28800.000000000007
DNO_QUANTILE|CAUSAL_DNO_QUANTILE_80_20_CONTROL_V1|CROSSED_OB_BAND_UP|8H|UP,DNO_QUANTILE,DIRECTIONAL,8H,DISCOVERY,8H,LOW,307,215,144,27,11,0.05116279069767442,0.6697674418604651,0.46905537459283386,70.13582911580828,3.5883447454599584,115199.999999,172799.999999,230399.999999,8.681765551794731,2.1767642179998483,0.3448449122357943,1.3916026770731196,3.6252885323151878,3.870764878963898,2.986537216104379,0.12558139534883722,86400.000001,14.289999999999992,,,3375,3.0654802646589094,NORMAL,UP,CROSSED_OB_BAND_UP,CAUSAL_DNO_QUANTILE_80_20_CONTROL_V1,True,0.33411929371231697,0.0037090869939707116,-0.24363156761412574,STABLE_POSITIVE_FOLDS,-0.4755700325732899,57600.00000000001
DNO_QUANTILE|CAUSAL_DNO_QUANTILE_80_20_CONTROL_V1|CROSSED_OS_BAND_DOWN|8H|DOWN,DNO_QUANTILE,DIRECTIONAL,8H,DISCOVERY,8H,HIGH,306,233,152,42,12,0.05150214592274678,0.6523605150214592,0.49673202614379086,76.69262541303695,3.949834785220787,86399.999999,143999.999999,172799.999999,6.475275817663995,1.7478514173998065,0.35841242081411345,1.5232495991448392,4.480296243366889,3.6776548910125597,2.1318746303962164,0.18025751072961374,115200.000001,128.91499999999996,,,3375,3.0381017567875883,NORMAL,DOWN,CROSSED_OS_BAND_DOWN,CAUSAL_DNO_QUANTILE_80_20_CONTROL_V1,True,0.3140059379646805,-0.005276533103904434,-0.2426857105913596,STABLE_POSITIVE_FOLDS,-0.4575163398692811,28800.000000000007
DNO_QUANTILE|CAUSAL_DNO_QUANTILE_80_20_CONTROL_V1|FORECAST_OB_CROSS|8H|UP,DNO_QUANTILE,DIRECTIONAL,8H,DISCOVERY,8H,LOW,307,335,160,61,23,0.06865671641791045,0.47761194029850745,0.5211726384364821,109.28140815718965,7.502902649598095,115199.999999,143999.999999,201599.999999,7.95945354947863,1.9562684186396972,0.3671014094156587,1.3593095693568942,3.403148000253513,3.911742082754516,3.7806883277520047,0.18208955223880596,57600.000001,14.289999999999992,,,3375,3.0654802646589094,NORMAL,UP,FORECAST_OB_CROSS,CAUSAL_DNO_QUANTILE_80_20_CONTROL_V1,True,0.1419637921503593,0.021203012714206743,-0.187123410724157,STABLE_POSITIVE_FOLDS,-0.42345276872964166,57600.00000000001
DNO_QUANTILE|CAUSAL_DNO_QUANTILE_80_20_CONTROL_V1|FORECAST_OS_CROSS|8H|DOWN,DNO_QUANTILE,DIRECTIONAL,8H,DISCOVERY,8H,HIGH,306,298,154,66,17,0.05704697986577181,0.5167785234899329,0.5032679738562091,97.91109445277363,5.585532233883058,86399.999999,143999.999999,172799.999999,6.229991290128476,1.6895025415293505,0.38860552978300056,1.5812149935372752,4.067532372881851,3.8414300508887416,2.5039473684210285,0.2214765100671141,129600.00000100001,43.92500000000001,,,3375,3.0435774583618525,NORMAL,DOWN,FORECAST_OS_CROSS,CAUSAL_DNO_QUANTILE_80_20_CONTROL_V1,True,0.17842394643315423,0.0002683008391205985,-0.20146671125385923,STABLE_POSITIVE_FOLDS,-0.4509803921568628,28800.000000000007
INVERSE|INVERSE_DMA_25X5|DMA_SMA_P25_SHIFT5_V1|8H|DOWN,INVERSE_PREDICTOR,DIRECTIONAL,8H,DISCOVERY,8H,HIGH,306,159,99,41,7,0.0440251572327044,0.6226415094339622,0.3235294117647059,52.256823635272944,2.300614877024595,86399.999999,143999.999999,207359.99999900008,5.697172975563003,1.7657541117769726,0.37399652404204237,1.0941566122545507,3.3930096021471634,3.243628835986244,2.5631184373884555,0.2578616352201258,86400.000001,29.029999999999973,,,3375,3.0426648414328086,NORMAL,DOWN,INVERSE_THRESHOLD_CROSS,DMA_SMA_P25_SHIFT5_V1,True,0.28428693237718355,-0.012753521793946815,-0.16508158610084755,STABLE_POSITIVE_FOLDS,-0.630718954248366,28800.000000000007
INVERSE|INVERSE_DMA_25X5|DMA_SMA_P25_SHIFT5_V1|8H|UP,INVERSE_PREDICTOR,DIRECTIONAL,8H,DISCOVERY,8H,LOW,307,158,111,25,4,0.02531645569620253,0.7025316455696202,0.36156351791530944,52.05306674684306,1.3177991581479254,86399.999999,143999.999999,230399.999999,6.4297649197658595,1.682059221985678,0.4216990788126919,0.999797161570622,3.449172140962328,3.6019787897005524,3.7027027027026693,0.15822784810126583,57600.000001,22.039999999999992,,,3375,3.0353639060004562,NORMAL,UP,INVERSE_THRESHOLD_CROSS,DMA_SMA_P25_SHIFT5_V1,True,0.3668834974214721,-0.022137248007501175,-0.21098511486169713,STABLE_POSITIVE_FOLDS,-0.5830618892508144,28800.000000000007
INVERSE|INVERSE_DMA_3X3|DMA_SMA_P3_SHIFT3_V1|8H|DOWN,INVERSE_PREDICTOR,DIRECTIONAL,8H,DISCOVERY,8H,HIGH,306,534,226,189,29,0.054307116104868915,0.4232209737827715,0.738562091503268,173.52624555160142,9.423709964412812,57599.999999,86399.999999,143999.999999,3.451351986814621,0.9304259620493247,0.5577831462526492,1.3766808845368832,3.3112308114233873,3.54097989649985,2.690443017107526,0.3539325842696629,57600.000001,33.53999999999999,,,3375,3.077344284736482,NORMAL,DOWN,INVERSE_THRESHOLD_CROSS,DMA_SMA_P3_SHIFT3_V1,True,0.08486639672599283,-0.0024715629217823,-0.06901063705131044,STABLE_POSITIVE_FOLDS,-0.21568627450980393,0.0
INVERSE|INVERSE_DMA_3X3|DMA_SMA_P3_SHIFT3_V1|8H|UP,INVERSE_PREDICTOR,DIRECTIONAL,8H,DISCOVERY,8H,LOW,307,604,247,175,34,0.056291390728476824,0.40894039735099336,0.8045602605863192,196.27313167259786,11.048487544483985,57599.999999,86399.999999,143999.999999,4.199773840934793,1.089449890790877,0.50336071695295,1.295698408408644,3.542913069589268,4.304326581045533,3.21684867394696,0.2897350993377483,57600.000001,36.299999999999955,,,3375,3.077344284736482,NORMAL,UP,INVERSE_THRESHOLD_CROSS,DMA_SMA_P3_SHIFT3_V1,True,0.07329224920284522,0.008837687024773118,-0.07947786362521464,STABLE_POSITIVE_FOLDS,-0.1400651465798045,0.0
INVERSE|INVERSE_DMA_7X5|DMA_SMA_P7_SHIFT5_V1|8H|DOWN,INVERSE_PREDICTOR,DIRECTIONAL,8H,DISCOVERY,8H,HIGH,306,330,206,74,19,0.05757575757575758,0.6242424242424243,0.673202614379085,107.68240023823704,6.199895771292436,57599.999999,86399.999999,115199.999999,4.096362411193961,1.152025659401951,0.5190938994059985,1.3755823310808957,3.4348516463442147,3.6338827369578244,2.4870334485416734,0.22424242424242424,57600.000001,21.130000000000038,,,3375,3.0645676477298656,NORMAL,DOWN,INVERSE_THRESHOLD_CROSS,DMA_SMA_P7_SHIFT5_V1,True,0.2858878471856456,0.0007970785491063642,-0.1987007970785491,STABLE_POSITIVE_FOLDS,-0.28104575163398693,0.0
INVERSE|INVERSE_DMA_7X5|DMA_SMA_P7_SHIFT5_V1|8H|UP,INVERSE_PREDICTOR,DIRECTIONAL,8H,DISCOVERY,8H,LOW,307,349,210,87,17,0.04871060171919771,0.6017191977077364,0.6840390879478827,113.47678041543027,5.527522255192879,57599.999999,86399.999999,143999.999999,4.748874463190995,1.2723403853597266,0.512808788775329,1.237923502964662,3.1471346156948656,4.981792419282536,4.596866096866107,0.2492836676217765,57600.000001,28.699999999999818,,,3375,3.075519050878394,NORMAL,UP,INVERSE_THRESHOLD_CROSS,DMA_SMA_P7_SHIFT5_V1,True,0.26607104955958827,0.0012568980154940013,-0.11992929534118646,STABLE_POSITIVE_FOLDS,-0.26058631921824105,0.0
INVERSE|INVERSE_DNO_N7_OB_OS|DNO_PERIOD_7_REFERENCE|8H|DOWN,INVERSE_PREDICTOR,DIRECTIONAL,8H,DISCOVERY,8H,HIGH,306,292,183,65,18,0.06164383561643835,0.6267123287671232,0.5980392156862745,94.88701067615658,5.849199288256227,57599.999999,86399.999999,115199.999999,4.097305780800423,1.0921027225333126,0.532558266470171,1.5092775889020547,3.4517843432623194,3.855938886927837,2.42576810944157,0.2226027397260274,57600.000001,29.899999999999977,,,3375,3.077344284736482,NORMAL,DOWN,INVERSE_THRESHOLD_CROSS,DNO_PERIOD_7_REFERENCE,True,0.28835775171034456,0.004865156589787138,-0.20034048159494594,STABLE_POSITIVE_FOLDS,-0.35620915032679745,0.0
INVERSE|INVERSE_DNO_N7_OB_OS|DNO_PERIOD_7_REFERENCE|8H|UP,INVERSE_PREDICTOR,DIRECTIONAL,8H,DISCOVERY,8H,LOW,307,273,174,72,9,0.03296703296703297,0.6373626373626373,0.5667752442996743,88.81821555819478,2.9280730403800477,57599.999999,86399.999999,115199.999999,5.125686873089721,1.287755079463737,0.4854394502845203,1.3168284047782828,3.35635003444309,4.0549145462418075,3.252849339731328,0.26373626373626374,57600.000001,103.66999999999996,,,3375,3.0736938170203056,NORMAL,UP,INVERSE_THRESHOLD_CROSS,DNO_PERIOD_7_REFERENCE,True,0.3017144892144892,-0.014486670736670738,-0.10547669922669922,STABLE_POSITIVE_FOLDS,-0.37785016286644946,0.0
INVERSE|INVERSE_MACD_12_26_9_SIGNAL_CROSS|MACD_12_26_9_SHIFT0_V1|8H|DOWN,INVERSE_PREDICTOR,DIRECTIONAL,8H,DISCOVERY,8H,HIGH,306,84,56,19,6,0.07142857142857142,0.6666666666666666,0.1830065359477124,28.55817561278312,2.039869686627366,86399.999999,122399.999999,187199.999999,4.8680402889552115,1.3920348432400553,0.4578958012326653,1.102640435653627,3.0900297707978983,3.679699865193011,3.5540229885057677,0.2261904761904762,86400.000001,29.029999999999973,,,3375,2.9413643623089207,LOW_SAMPLE,DOWN,INVERSE_THRESHOLD_CROSS,MACD_12_26_9_SHIFT0_V1,True,0.32831208960988795,0.01464989240192021,-0.19675274513049715,STABLE_POSITIVE_FOLDS,-0.7712418300653595,28800.000000000007
INVERSE|INVERSE_MACD_12_26_9_SIGNAL_CROSS|MACD_12_26_9_SHIFT0_V1|8H|UP,INVERSE_PREDICTOR,DIRECTIONAL,8H,DISCOVERY,8H,LOW,307,101,71,22,1,0.009900990099009901,0.7029702970297029,0.23127035830618892,34.13656693399136,0.33798581122763727,115199.999999,143999.999999,201599.999999,6.983455175067325,1.9031208117939866,0.4193004919468966,1.3015444101658615,3.7132599552521466,4.211343366672535,3.9499740424550076,0.21782178217821782,57600.000001,39.584999999999894,,,3375,2.9587040839607575,NORMAL,UP,INVERSE_THRESHOLD_CROSS,MACD_12_26_9_SHIFT0_V1,True,0.3673221488815548,-0.0375527136046938,-0.15139118078474514,STABLE_POSITIVE_FOLDS,-0.7133550488599348,57600.00000000001
INVERSE|INVERSE_STOCH_14_3_3_POINT_BAR|STOCH_K14_KS3_D3_SHIFT0_V1|8H|DOWN,INVERSE_PREDICTOR,DIRECTIONAL,8H,DISCOVERY,8H,HIGH,306,209,134,51,8,0.03827751196172249,0.6411483253588517,0.43790849673202614,68.07721462544589,2.6058263971462545,57599.999999,86399.999999,106559.9999990001,4.062956604173081,1.198900793639754,0.4997035034568752,1.5747045323573845,3.9425529422739736,3.3773603643183785,2.1660486272893866,0.24401913875598086,57600.000001,41.68000000000001,,,3375,3.0700433493041297,NORMAL,DOWN,INVERSE_THRESHOLD_CROSS,STOCH_K14_KS3_D3_SHIFT0_V1,True,0.302793748302073,-0.018501167064928728,-0.17892408256499248,STABLE_POSITIVE_FOLDS,-0.5163398692810458,0.0
INVERSE|INVERSE_STOCH_14_3_3_POINT_BAR|STOCH_K14_KS3_D3_SHIFT0_V1|8H|UP,INVERSE_PREDICTOR,DIRECTIONAL,8H,DISCOVERY,8H,LOW,307,148,101,33,5,0.033783783783783786,0.6824324324324325,0.3289902280130293,48.65616561656165,1.6437893789378937,57599.999999,86399.999999,115199.999999,4.699074074074077,1.1063840666785987,0.5501183898973959,1.6569984275623837,4.035268471442019,4.948983086338904,2.576071808196529,0.22297297297297297,28800.000001,120.52999999999975,,,3375,3.0417522245037647,NORMAL,UP,INVERSE_THRESHOLD_CROSS,STOCH_K14_KS3_D3_SHIFT0_V1,True,0.3467842842842843,-0.01366991991991992,-0.14623998998999,STABLE_POSITIVE_FOLDS,-0.6156351791530945,0.0
MACD|DINAPOLI_MACD_REFERENCE_V1|HIST_CROSS_UP_ZERO|HIST_CROSS_DOWN_ZERO|8H|DOWN,MACD,DIRECTIONAL,8H,DISCOVERY,8H,HIGH,306,158,107,39,10,0.06329113924050633,0.6772151898734177,0.34967320261437906,51.55702799285289,3.2631030375223347,86399.999999,143999.999999,172799.999999,4.962347364315508,1.5425884364646787,0.4129464285714274,1.3519928918607311,4.369996289017838,3.572363044603007,2.9351540616246456,0.2468354430379747,115200.000001,92.30000000000018,,,3375,3.0645676477298656,NORMAL,DOWN,HIST_CROSS_DOWN_ZERO,DINAPOLI_MACD_REFERENCE_V1,True,0.338860612816639,0.006512460213855119,-0.17610777828299864,STABLE_POSITIVE_FOLDS,-0.6045751633986929,28800.000000000007
MACD|DINAPOLI_MACD_REFERENCE_V1|HIST_CROSS_UP_ZERO|HIST_CROSS_DOWN_ZERO|8H|UP,MACD,DIRECTIONAL,8H,DISCOVERY,8H,LOW,307,157,115,38,2,0.012738853503184714,0.732484076433121,0.3745928338762215,51.86395839614109,0.6606873681037082,115199.999999,172799.999999,230399.999999,7.672315772375341,1.8374081295935238,0.4569491525423735,1.2150856389986782,3.2816867738624733,4.707382646667512,4.447370196215271,0.24203821656050956,57600.000001,21.75500000000001,,,3375,3.02715035363906,NORMAL,UP,HIST_CROSS_UP_ZERO,DINAPOLI_MACD_REFERENCE_V1,True,0.3968359282849728,-0.034714850200518996,-0.1271747464024534,STABLE_POSITIVE_FOLDS,-0.5700325732899023,57600.00000000001
MACD|DINAPOLI_MACD_REFERENCE_V1|MACD_CROSS_UP_SIGNAL|MACD_CROSS_DOWN_SIGNAL|8H|DOWN,MACD,DIRECTIONAL,8H,DISCOVERY,8H,HIGH,306,158,107,39,10,0.06329113924050633,0.6772151898734177,0.34967320261437906,51.55702799285289,3.2631030375223347,86399.999999,143999.999999,172799.999999,4.962347364315508,1.5425884364646787,0.4129464285714274,1.3519928918607311,4.369996289017838,3.572363044603007,2.9351540616246456,0.2468354430379747,115200.000001,92.30000000000018,,,3375,3.0645676477298656,NORMAL,DOWN,MACD_CROSS_DOWN_SIGNAL,DINAPOLI_MACD_REFERENCE_V1,True,0.338860612816639,0.006512460213855119,-0.17610777828299864,STABLE_POSITIVE_FOLDS,-0.6045751633986929,28800.000000000007
MACD|DINAPOLI_MACD_REFERENCE_V1|MACD_CROSS_UP_SIGNAL|MACD_CROSS_DOWN_SIGNAL|8H|UP,MACD,DIRECTIONAL,8H,DISCOVERY,8H,LOW,307,157,115,38,2,0.012738853503184714,0.732484076433121,0.3745928338762215,51.86395839614109,0.6606873681037082,115199.999999,172799.999999,230399.999999,7.672315772375341,1.8374081295935238,0.4569491525423735,1.2150856389986782,3.2816867738624733,4.707382646667512,4.447370196215271,0.24203821656050956,57600.000001,21.75500000000001,,,3375,3.02715035363906,NORMAL,UP,MACD_CROSS_UP_SIGNAL,DINAPOLI_MACD_REFERENCE_V1,True,0.3968359282849728,-0.034714850200518996,-0.1271747464024534,STABLE_POSITIVE_FOLDS,-0.5700325732899023,57600.00000000001
MACD|MACD_12_26_9_SHIFT0_V1|HIST_CROSS_UP_ZERO|HIST_CROSS_DOWN_ZERO|8H|DOWN,MACD,DIRECTIONAL,8H,DISCOVERY,8H,HIGH,306,128,87,33,7,0.0546875,0.6796875,0.28431372549019607,42.068386322735456,2.300614877024595,115199.999999,172799.999999,201599.999999,6.064061763319188,1.7547501197509179,0.4209956305784816,1.0751336426708635,3.244882343050158,3.564138226453763,2.7921283912877812,0.2578125,86400.000001,33.129999999999995,,,3375,3.0426648414328086,NORMAL,DOWN,HIST_CROSS_DOWN_ZERO,MACD_12_26_9_SHIFT0_V1,True,0.3413329229432213,-0.0020911790266512145,-0.16513072132097334,STABLE_POSITIVE_FOLDS,-0.6699346405228759,57600.00000000001
MACD|MACD_12_26_9_SHIFT0_V1|HIST_CROSS_UP_ZERO|HIST_CROSS_DOWN_ZERO|8H|UP,MACD,DIRECTIONAL,8H,DISCOVERY,8H,LOW,307,128,97,29,2,0.015625,0.7578125,0.31596091205211724,42.283991558637325,0.6606873681037082,115199.999999,172799.999999,230399.999999,8.437749373503758,1.9747946757292558,0.4125212327105074,1.4340296696621002,3.1936641873662652,5.626114185036606,4.75082629897279,0.2265625,57600.000001,36.24000000000001,,,3375,3.02715035363906,NORMAL,UP,HIST_CROSS_UP_ZERO,MACD_12_26_9_SHIFT0_V1,True,0.42216435185185186,-0.031828703703703706,-0.14265046296296297,STABLE_POSITIVE_FOLDS,-0.6286644951140066,57600.00000000001
MACD|MACD_12_26_9_SHIFT0_V1|MACD_CROSS_UP_SIGNAL|MACD_CROSS_DOWN_SIGNAL|8H|DOWN,MACD,DIRECTIONAL,8H,DISCOVERY,8H,HIGH,306,128,87,33,7,0.0546875,0.6796875,0.28431372549019607,42.068386322735456,2.300614877024595,115199.999999,172799.999999,201599.999999,6.064061763319188,1.7547501197509179,0.4209956305784816,1.0751336426708635,3.244882343050158,3.564138226453763,2.7921283912877812,0.2578125,86400.000001,33.129999999999995,,,3375,3.0426648414328086,NORMAL,DOWN,MACD_CROSS_DOWN_SIGNAL,MACD_12_26_9_SHIFT0_V1,True,0.3413329229432213,-0.0020911790266512145,-0.16513072132097334,STABLE_POSITIVE_FOLDS,-0.6699346405228759,57600.00000000001
MACD|MACD_12_26_9_SHIFT0_V1|MACD_CROSS_UP_SIGNAL|MACD_CROSS_DOWN_SIGNAL|8H|UP,MACD,DIRECTIONAL,8H,DISCOVERY,8H,LOW,307,128,97,29,2,0.015625,0.7578125,0.31596091205211724,42.283991558637325,0.6606873681037082,115199.999999,172799.999999,230399.999999,8.437749373503758,1.9747946757292558,0.4125212327105074,1.4340296696621002,3.1936641873662652,5.626114185036606,4.75082629897279,0.2265625,57600.000001,36.24000000000001,,,3375,3.02715035363906,NORMAL,UP,MACD_CROSS_UP_SIGNAL,MACD_12_26_9_SHIFT0_V1,True,0.42216435185185186,-0.031828703703703706,-0.14265046296296297,STABLE_POSITIVE_FOLDS,-0.6286644951140066,57600.00000000001
OSC_PREDICTOR|PROJECT_DINAPOLI_STYLE_OSCILLATOR_PREDICTOR_REFERENCE|CROSSED_OB_BAND_UP|8H|UP,OSC_PREDICTOR,DIRECTIONAL,8H,DISCOVERY,8H,LOW,307,206,138,26,9,0.043689320388349516,0.6699029126213593,0.4495114006514658,67.19991068770467,2.9359184281036024,115199.999999,172799.999999,230399.999999,8.72895259840029,2.171212216581603,0.3529009531703271,1.2693394644824476,3.3083806163480007,4.111480284617602,3.6797813709804057,0.1262135922330097,57600.000001,43.39999999999988,,,3375,3.0654802646589094,NORMAL,UP,CROSSED_OB_BAND_UP,PROJECT_DINAPOLI_STYLE_OSCILLATOR_PREDICTOR_REFERENCE,True,0.3342547644732111,-0.0037643833153541903,-0.24299937072995326,STABLE_POSITIVE_FOLDS,-0.495114006514658,57600.00000000001
OSC_PREDICTOR|PROJECT_DINAPOLI_STYLE_OSCILLATOR_PREDICTOR_REFERENCE|CROSSED_OS_BAND_DOWN|8H|DOWN,OSC_PREDICTOR,DIRECTIONAL,8H,DISCOVERY,8H,HIGH,306,174,115,32,12,0.06896551724137931,0.6609195402298851,0.3758169934640523,56.693577163247106,3.9099018733273865,115199.999999,143999.999999,201599.999999,7.598917456021656,2.157138886315207,0.357238766604325,1.6560432603099344,5.119778265373456,3.62051491341135,2.421124239169357,0.1839080459770115,86400.000001,103.56000000000006,,,3375,3.0691307323750854,NORMAL,DOWN,CROSSED_OS_BAND_DOWN,PROJECT_DINAPOLI_STYLE_OSCILLATOR_PREDICTOR_REFERENCE,True,0.3225649631731064,0.012186838214728095,-0.23903517534396185,STABLE_POSITIVE_FOLDS,-0.5784313725490197,57600.00000000001
OSC_PREDICTOR|PROJECT_DINAPOLI_STYLE_OSCILLATOR_PREDICTOR_REFERENCE|FORECAST_OB_CROSS|8H|UP,OSC_PREDICTOR,DIRECTIONAL,8H,DISCOVERY,8H,LOW,307,288,149,48,20,0.06944444444444445,0.5173611111111112,0.48534201954397393,93.94938969931528,6.52426317356356,115199.999999,172799.999999,230399.999999,8.232878827793584,2.06737062886486,0.34649864412186987,1.2811648753234066,3.403148000253513,3.8022808192385886,3.6797813709804057,0.16666666666666666,57600.000001,32.60499999999999,,,3375,3.0654802646589094,NORMAL,UP,FORECAST_OB_CROSS,PROJECT_DINAPOLI_STYLE_OSCILLATOR_PREDICTOR_REFERENCE,True,0.18171296296296302,0.02199074074074074,-0.2025462962962963,STABLE_POSITIVE_FOLDS,-0.4592833876221498,57600.00000000001
OSC_PREDICTOR|PROJECT_DINAPOLI_STYLE_OSCILLATOR_PREDICTOR_REFERENCE|FORECAST_OS_CROSS|8H|DOWN,OSC_PREDICTOR,DIRECTIONAL,8H,DISCOVERY,8H,HIGH,306,226,125,51,13,0.05752212389380531,0.5530973451327433,0.4084967320261438,73.90017905102954,4.250895255147717,115199.999999,143999.999999,201599.999999,7.515152534580303,2.0565584566514326,0.36536467334946454,1.5821677351679626,4.088492437302332,3.5138304372660016,2.3177515833919813,0.22566371681415928,144000.000001,143.4699999999998,,,3375,3.058179329226557,NORMAL,DOWN,FORECAST_OS_CROSS,PROJECT_DINAPOLI_STYLE_OSCILLATOR_PREDICTOR_REFERENCE,True,0.21474276807596465,0.0007434448671540944,-0.19727950450681406,STABLE_POSITIVE_FOLDS,-0.5457516339869282,57600.00000000001
PURE_DNO|DNO_PERIOD_7_REFERENCE|DNO_ZERO_CROSS_DOWN|8H|DOWN,PURE_DNO,DIRECTIONAL,8H,DISCOVERY,8H,HIGH,306,337,218,70,22,0.06528189910979229,0.6468842729970327,0.7124183006535948,109.575,7.15326409495549,86399.999999,86399.999999,115199.999999,4.191923552412453,1.198900793639754,0.5063267878149934,1.3755823310808957,3.2451343335254204,3.533775449486769,2.4870334485416734,0.20771513353115728,72000.000001,28.564999999999998,,,3375,3.075519050878394,NORMAL,DOWN,DNO_ZERO_CROSS_DOWN,DNO_PERIOD_7_REFERENCE,True,0.308529695940254,0.008503220083141076,-0.21522808778981606,STABLE_POSITIVE_FOLDS,-0.24183006535947715,28800.000000000007
PURE_DNO|DNO_PERIOD_7_REFERENCE|DNO_ZERO_CROSS_UP|8H|UP,PURE_DNO,DIRECTIONAL,8H,DISCOVERY,8H,LOW,307,336,220,75,15,0.044642857142857144,0.6547619047619048,0.7166123778501629,109.31472684085512,4.880121733966746,86399.999999,115199.999999,143999.999999,5.108368860467181,1.287755079463737,0.4781226099334711,1.319550161559155,3.5454834519444605,4.540535453818287,3.9723063973063972,0.22321428571428573,57600.000001,71.53999999999999,,,3375,3.0736938170203056,NORMAL,UP,DNO_ZERO_CROSS_UP,DNO_PERIOD_7_REFERENCE,True,0.3191137566137566,-0.0028108465608465624,-0.14599867724867724,STABLE_POSITIVE_FOLDS,-0.2280130293159609,28800.000000000007
STOCH|DINAPOLI_PREFERRED_STOCHASTIC_REFERENCE_V1|K_CROSS_UP_D|K_CROSS_DOWN_D|8H|DOWN,STOCHASTIC,DIRECTIONAL,8H,DISCOVERY,8H,HIGH,306,298,209,67,14,0.04697986577181208,0.7013422818791947,0.6830065359477124,96.80803439075008,4.548028461310406,86399.999999,115199.999999,115199.999999,4.310586913788268,1.310881837648433,0.43105849582172645,1.4317473251611958,3.5109990484326716,3.5277829548177535,2.260273972602716,0.22483221476510068,57600.000001,31.889999999999873,,,3375,3.078256901665526,NORMAL,DOWN,K_CROSS_DOWN_D,DINAPOLI_PREFERRED_STOCHASTIC_REFERENCE_V1,True,0.362987704822416,-0.009798813254839132,-0.19811100655587266,STABLE_POSITIVE_FOLDS,-0.2712418300653595,28800.000000000007
STOCH|DINAPOLI_PREFERRED_STOCHASTIC_REFERENCE_V1|K_CROSS_UP_D|K_CROSS_DOWN_D|8H|UP,STOCHASTIC,DIRECTIONAL,8H,DISCOVERY,8H,LOW,307,297,218,56,11,0.037037037037037035,0.734006734006734,0.7100977198697068,96.59772929652715,3.5776936776491537,86399.999999,115199.999999,172799.999999,6.083795098537482,1.4987954803969474,0.4437996222082297,1.2919654932449878,3.825057673672773,4.32546581076411,3.556028368794332,0.18855218855218855,57600.000001,28.045000000000073,,,3375,3.07460643394935,NORMAL,UP,K_CROSS_UP_D,DINAPOLI_PREFERRED_STOCHASTIC_REFERENCE_V1,True,0.39835858585858586,-0.010416666666666671,-0.1806607744107744,STABLE_POSITIVE_FOLDS,-0.23452768729641693,28800.000000000007
STOCH|STOCH_K14_KS3_D3_SHIFT0_V1|K_CROSS_UP_D|K_CROSS_DOWN_D|8H|DOWN,STOCHASTIC,DIRECTIONAL,8H,DISCOVERY,8H,HIGH,306,407,249,111,24,0.05896805896805897,0.6117936117936118,0.8137254901960784,132.33538575667654,7.803560830860534,57599.999999,86399.999999,86399.999999,3.790828091964066,1.0617497456765004,0.5284090909090905,1.2580591412098052,3.176045916756964,3.4284532706981388,2.7541322314049594,0.2727272727272727,57600.000001,67.57999999999993,,,3375,3.075519050878394,NORMAL,DOWN,K_CROSS_DOWN_D,STOCH_K14_KS3_D3_SHIFT0_V1,True,0.2734390347368331,0.0021893799414077555,-0.15021594859370063,STABLE_POSITIVE_FOLDS,-0.14052287581699352,0.0
STOCH|STOCH_K14_KS3_D3_SHIFT0_V1|K_CROSS_UP_D|K_CROSS_DOWN_D|8H|UP,STOCHASTIC,DIRECTIONAL,8H,DISCOVERY,8H,LOW,307,406,259,89,19,0.046798029556650245,0.6379310344827587,0.8436482084690554,132.2063893016345,6.186998514115899,86399.999999,86399.999999,115199.999999,5.116596378069958,1.2642784861364094,0.4783196366782007,1.2160085290208278,3.5295572594429454,3.7910003391831983,3.401515151515081,0.21921182266009853,57600.000001,49.529999999999745,,,3375,3.0709559662331736,NORMAL,UP,K_CROSS_UP_D,STOCH_K14_KS3_D3_SHIFT0_V1,True,0.30228288633461053,-0.0006556741470534616,-0.15000114030286443,STABLE_POSITIVE_FOLDS,-0.10097719869706834,28800.000000000007
DMA|DMA_SMA_P25_SHIFT5_V1|MA_SLOPE_TURN_UP|MA_SLOPE_TURN_DOWN|12H|DOWN,DMA,DIRECTIONAL,12H,DISCOVERY,12H,HIGH,199,81,45,27,5,0.06172839506172839,0.5555555555555556,0.22613065326633167,27.06793229643184,1.6708600182982618,129599.999999,215999.999999,241919.99999900005,5.299422799422799,1.316524637249193,0.5427408412483036,1.3670119672674022,2.9808611473991515,4.953625632377729,5.551823416506706,0.3333333333333333,129600.000001,20.49000000000001,,,2250,2.9924709103353866,LOW_SAMPLE,DOWN,MA_SLOPE_TURN_DOWN,DMA_SMA_P25_SHIFT5_V1,True,0.23033816425120773,0.007815351583467522,-0.09449275362318843,STABLE_POSITIVE_FOLDS,-0.7135678391959799,43200.0
DMA|DMA_SMA_P25_SHIFT5_V1|MA_SLOPE_TURN_UP|MA_SLOPE_TURN_DOWN|12H|UP,DMA,DIRECTIONAL,12H,DISCOVERY,12H,LOW,200,81,50,23,2,0.024691358024691357,0.6172839506172839,0.25,26.895681818181817,0.6640909090909091,129599.999999,259199.999999,345599.999999,7.253704841628832,1.4140408215165798,0.45221402661089527,2.002753494238473,4.032581634790045,6.5873550974340205,2.8485160736773665,0.2839506172839506,43200.000001,38.82999999999993,,,2250,3.0116358658453115,LOW_SAMPLE,UP,MA_SLOPE_TURN_UP,DMA_SMA_P25_SHIFT5_V1,True,0.2914999784918484,-0.015378328386458466,-0.10106680431883686,STABLE_POSITIVE_FOLDS,-0.685,43200.0
DMA|DMA_SMA_P25_SHIFT5_V1|PRICE_CROSS_UP_MA|PRICE_CROSS_DOWN_MA|12H|DOWN,DMA,DIRECTIONAL,12H,DISCOVERY,12H,HIGH,199,96,65,19,6,0.0625,0.6770833333333334,0.32663316582914576,31.775260534662436,1.9859537834164023,129599.999999,215999.999999,302399.999999,7.312780677266666,1.6658992069583023,0.4045006096885045,1.773251305381795,4.971014895443481,4.30629104003389,2.587372448979597,0.19791666666666666,86400.000001,54.190000000000055,,,2250,3.0212183436002737,LOW_SAMPLE,DOWN,PRICE_CROSS_DOWN_MA,DMA_SMA_P25_SHIFT5_V1,True,0.3518659420289855,0.00858695652173913,-0.2299094202898551,STABLE_POSITIVE_FOLDS,-0.6130653266331658,43200.0
DMA|DMA_SMA_P25_SHIFT5_V1|PRICE_CROSS_UP_MA|PRICE_CROSS_DOWN_MA|12H|UP,DMA,DIRECTIONAL,12H,DISCOVERY,12H,LOW,200,95,66,20,1,0.010526315789473684,0.6947368421052632,0.33,31.50136177939174,0.3315932818883341,172799.999999,259199.999999,302399.999999,7.915087762188689,1.5156544910883636,0.45642180121811293,1.572739187418095,3.6071598754761407,6.308828785892991,4.526416122004383,0.21052631578947367,86400.000001,59.124999999999886,,,2250,3.0157426420260096,LOW_SAMPLE,UP,PRICE_CROSS_UP_MA,DMA_SMA_P25_SHIFT5_V1,True,0.3689528699798277,-0.02954337062167614,-0.17449110581331378,STABLE_POSITIVE_FOLDS,-0.605,86399.99999999999
DMA|DMA_SMA_P3_SHIFT3_V1|MA_SLOPE_TURN_UP|MA_SLOPE_TURN_DOWN|12H|DOWN,DMA,DIRECTIONAL,12H,DISCOVERY,12H,HIGH,199,307,180,84,14,0.04560260586319218,0.5863192182410424,0.9045226130653267,99.80574098798397,4.5514018691588785,86399.999999,129599.999999,172799.999999,4.32767396791869,1.0314624705760558,0.5370801392150389,1.546012940979427,5.366847826086944,4.43972760237021,2.773964693086401,0.2736156351791531,129600.000001,44.3,,,2250,3.075975359342916,NORMAL,DOWN,MA_SLOPE_TURN_DOWN,DMA_SMA_P3_SHIFT3_V1,True,0.26110182693669454,-0.008310437615068687,-0.15421045177736864,STABLE_POSITIVE_FOLDS,-0.035175879396984855,0.0
DMA|DMA_SMA_P3_SHIFT3_V1|MA_SLOPE_TURN_UP|MA_SLOPE_TURN_DOWN|12H|UP,DMA,DIRECTIONAL,12H,DISCOVERY,12H,LOW,200,306,175,83,11,0.03594771241830065,0.5718954248366013,0.875,99.56926503340756,3.5792873051224943,129599.999999,129599.999999,172799.999999,5.566578483245147,1.0528853789180372,0.5136607768350587,1.6716973668604473,4.707986704080972,5.2863553263351815,2.6353122590593765,0.27124183006535946,86400.000001,52.72000000000003,,,2250,3.073237508555784,NORMAL,UP,MA_SLOPE_TURN_UP,DMA_SMA_P3_SHIFT3_V1,True,0.24611145271116575,-0.004121973992849172,-0.113775591537428,STABLE_POSITIVE_FOLDS,-0.06000000000000005,43200.0
DMA|DMA_SMA_P3_SHIFT3_V1|PRICE_CROSS_UP_MA|PRICE_CROSS_DOWN_MA|12H|DOWN,DMA,DIRECTIONAL,12H,DISCOVERY,12H,HIGH,199,423,182,157,20,0.04728132387706856,0.4302600472813239,0.914572864321608,137.45618327402136,6.499110320284697,86399.999999,86399.999999,129599.999999,3.970501889353822,0.9142950884861317,0.5409023605711638,1.8602158769042385,5.824692347224665,4.305075893394215,2.371671868803444,0.37115839243498816,129600.000001,40.81,,,2250,3.077344284736482,NORMAL,DOWN,PRICE_CROSS_DOWN_MA,DMA_SMA_P3_SHIFT3_V1,True,0.10504265597697604,-0.006631719601192312,-0.056667694521533585,STABLE_POSITIVE_FOLDS,-0.025125628140703515,0.0
DMA|DMA_SMA_P3_SHIFT3_V1|PRICE_CROSS_UP_MA|PRICE_CROSS_DOWN_MA|12H|UP,DMA,DIRECTIONAL,12H,DISCOVERY,12H,LOW,200,423,190,141,13,0.030732860520094562,0.4491725768321513,0.95,137.57858414959927,4.228183437221727,86399.999999,129599.999999,129599.999999,5.090511041600164,1.001308931723214,0.5320117338816381,1.6316187258258195,4.957539807486209,5.01719771045944,2.961889367816089,0.3333333333333333,86400.000001,44.97000000000003,,,2250,3.07460643394935,NORMAL,UP,PRICE_CROSS_UP_MA,DMA_SMA_P3_SHIFT3_V1,True,0.12338860470671575,-0.00933682589105526,-0.05168408826945414,STABLE_POSITIVE_FOLDS,0.014999999999999902,0.0
DMA|DMA_SMA_P7_SHIFT5_V1|MA_SLOPE_TURN_UP|MA_SLOPE_TURN_DOWN|12H|DOWN,DMA,DIRECTIONAL,12H,DISCOVERY,12H,HIGH,199,189,103,61,11,0.0582010582010582,0.544973544973545,0.5175879396984925,61.85685483870968,3.6001344086021505,172799.999999,215999.999999,302399.999999,5.679929488793759,1.3447491638795968,0.4835027644016411,1.3632009431876753,4.599562111033903,4.708213748804161,3.7001350308641867,0.32275132275132273,129600.000001,44.88000000000011,,,2250,3.055441478439425,NORMAL,DOWN,MA_SLOPE_TURN_DOWN,DMA_SMA_P7_SHIFT5_V1,True,0.21975615366919715,0.004288014722797329,-0.10507476420519901,STABLE_POSITIVE_FOLDS,-0.42211055276381904,86399.99999999999
DMA|DMA_SMA_P7_SHIFT5_V1|MA_SLOPE_TURN_UP|MA_SLOPE_TURN_DOWN|12H|UP,DMA,DIRECTIONAL,12H,DISCOVERY,12H,LOW,200,188,111,59,6,0.031914893617021274,0.5904255319148937,0.555,61.64003590664273,1.9672351885098742,172799.999999,215999.999999,259199.999999,7.013349154553547,1.4510904996147667,0.4748404813827638,1.3090427125021977,3.822395517424155,6.0273847242794485,4.362686515612063,0.31382978723404253,86400.000001,36.0,,,2250,3.049965776865161,NORMAL,UP,MA_SLOPE_TURN_UP,DMA_SMA_P7_SHIFT5_V1,True,0.26464155978945814,-0.008154792794128549,-0.07118763436874492,STABLE_POSITIVE_FOLDS,-0.38,86399.99999999999
DMA|DMA_SMA_P7_SHIFT5_V1|PRICE_CROSS_UP_MA|PRICE_CROSS_DOWN_MA|12H|DOWN,DMA,DIRECTIONAL,12H,DISCOVERY,12H,HIGH,199,226,141,58,11,0.048672566371681415,0.6238938053097345,0.7085427135678392,73.90017905102954,3.596911369740376,129599.999999,172799.999999,215999.999999,5.35037878787878,1.2196424902403966,0.47730581756029533,1.3985206181851662,4.942329023039506,4.1642109181855735,3.0747461654785058,0.25663716814159293,172800.000001,40.605000000000004,,,2250,3.058179329226557,NORMAL,DOWN,PRICE_CROSS_DOWN_MA,DMA_SMA_P7_SHIFT5_V1,True,0.29867641400538664,-0.005240477106579454,-0.17118891881492881,STABLE_POSITIVE_FOLDS,-0.23115577889447236,43200.0
DMA|DMA_SMA_P7_SHIFT5_V1|PRICE_CROSS_UP_MA|PRICE_CROSS_DOWN_MA|12H|UP,DMA,DIRECTIONAL,12H,DISCOVERY,12H,LOW,200,225,146,51,6,0.02666666666666667,0.6488888888888888,0.73,73.70515695067265,1.9654708520179371,129599.999999,172799.999999,215999.999999,6.248713760884147,1.2301485732220385,0.5042111600396486,1.4941100283745723,4.0681826096063265,5.434078813668812,3.516967967015547,0.22666666666666666,86400.000001,36.0,,,2250,3.052703627652293,NORMAL,UP,PRICE_CROSS_UP_MA,DMA_SMA_P7_SHIFT5_V1,True,0.3231049167634533,-0.013403019744483154,-0.1583507549361208,STABLE_POSITIVE_FOLDS,-0.20500000000000007,43200.0
DNO_QUANTILE|CAUSAL_DNO_QUANTILE_80_20_CONTROL_V1|CROSSED_OB_BAND_UP|12H|UP,DNO_QUANTILE,DIRECTIONAL,12H,DISCOVERY,12H,LOW,200,144,87,22,14,0.09722222222222222,0.6041666666666666,0.435,47.002680965147455,4.569705093833781,172799.999999,259199.999999,302399.999999,9.933793897524465,2.0744006644110886,0.4173492453151207,1.6242004485151869,4.959248129730883,6.421743661863959,4.020873474630718,0.1527777777777778,129600.000001,31.710000000000008,,,2250,3.0636550308008212,NORMAL,UP,CROSSED_OB_BAND_UP,CAUSAL_DNO_QUANTILE_80_20_CONTROL_V1,True,0.2783826945412311,0.0571525358110724,-0.23223964382500967,STABLE_POSITIVE_FOLDS,-0.5,86399.99999999999
DNO_QUANTILE|CAUSAL_DNO_QUANTILE_80_20_CONTROL_V1|CROSSED_OS_BAND_DOWN|12H|DOWN,DNO_QUANTILE,DIRECTIONAL,12H,DISCOVERY,12H,HIGH,199,149,95,25,12,0.08053691275167785,0.6375838926174496,0.47738693467336685,49.90577716643742,4.019257221458047,129599.999999,215999.999999,302399.999999,7.698710178362958,1.6292385954878617,0.3850658857979498,1.9962152523962118,5.377823198050855,4.294499487529892,2.1329635748564146,0.16778523489932887,172800.000001,18.970000000000027,,,2250,2.9856262833675564,NORMAL,DOWN,CROSSED_OS_BAND_DOWN,CAUSAL_DNO_QUANTILE_80_20_CONTROL_V1,True,0.3123665013131018,0.026623869273416978,-0.26004085205719285,STABLE_POSITIVE_FOLDS,-0.46231155778894467,43200.0
DNO_QUANTILE|CAUSAL_DNO_QUANTILE_80_20_CONTROL_V1|FORECAST_OB_CROSS|12H|UP,DNO_QUANTILE,DIRECTIONAL,12H,DISCOVERY,12H,LOW,200,213,103,46,20,0.09389671361502347,0.4835680751173709,0.515,69.46272321428572,6.522321428571429,215999.999999,259199.999999,302399.999999,9.532247438606053,2.0064807938972478,0.3807654563297347,1.7009358562743226,3.9952490191113332,6.1634209997992375,4.170818416433011,0.215962441314554,129600.000001,22.019999999999996,,,2250,3.0663928815879533,NORMAL,UP,FORECAST_OB_CROSS,CAUSAL_DNO_QUANTILE_80_20_CONTROL_V1,True,0.15778410299193535,0.05382702720387365,-0.16905498028823346,STABLE_POSITIVE_FOLDS,-0.42000000000000004,129599.99999999999
DNO_QUANTILE|CAUSAL_DNO_QUANTILE_80_20_CONTROL_V1|FORECAST_OS_CROSS|12H|DOWN,DNO_QUANTILE,DIRECTIONAL,12H,DISCOVERY,12H,HIGH,199,201,108,45,15,0.07462686567164178,0.5373134328358209,0.542713567839196,65.96159029649596,4.922506738544474,129599.999999,215999.999999,302399.999999,7.106184795094279,1.6390095234034445,0.3464884019040362,2.204607183319452,7.6258611231094,4.1320114274642075,1.9590643274853676,0.22388059701492538,216000.000001,25.060000000000002,,,2250,3.047227926078029,NORMAL,DOWN,FORECAST_OS_CROSS,CAUSAL_DNO_QUANTILE_80_20_CONTROL_V1,True,0.21209604153147305,0.020713822193380915,-0.20394548994159636,STABLE_POSITIVE_FOLDS,-0.3969849246231155,43200.0
INVERSE|INVERSE_DMA_25X5|DMA_SMA_P25_SHIFT5_V1|12H|DOWN,INVERSE_PREDICTOR,DIRECTIONAL,12H,DISCOVERY,12H,HIGH,199,101,63,23,6,0.0594059405940594,0.6237623762376238,0.3165829145728643,33.43022202084278,1.9859537834164023,129599.999999,215999.999999,293759.99999900017,6.716417910447764,1.5318917655309452,0.42299546142208727,1.773251305381795,4.953010856582172,5.80788900703833,3.380383402968622,0.22772277227722773,86400.000001,81.58999999999969,,,2250,3.0212183436002737,NORMAL,DOWN,INVERSE_THRESHOLD_CROSS,DMA_SMA_P25_SHIFT5_V1,True,0.2985449849332759,0.005492897115798534,-0.20010331467929401,STABLE_POSITIVE_FOLDS,-0.6231155778894473,43200.0
INVERSE|INVERSE_DMA_25X5|DMA_SMA_P25_SHIFT5_V1|12H|UP,INVERSE_PREDICTOR,DIRECTIONAL,12H,DISCOVERY,12H,LOW,200,94,64,20,1,0.010638297872340425,0.6808510638297872,0.32,31.169768497503405,0.3315932818883341,172799.999999,259199.999999,302399.999999,7.865967725430174,1.5156544910883636,0.5215495505701739,1.5392664821273765,4.245510279531144,5.213040262950626,4.657147454941588,0.2127659574468085,86400.000001,59.124999999999886,,,2250,3.0157426420260096,LOW_SAMPLE,UP,INVERSE_THRESHOLD_CROSS,DMA_SMA_P25_SHIFT5_V1,True,0.3550670917043517,-0.029431388538809396,-0.17225146415597895,STABLE_POSITIVE_FOLDS,-0.615,86399.99999999999
INVERSE|INVERSE_DMA_3X3|DMA_SMA_P3_SHIFT3_V1|12H|DOWN,INVERSE_PREDICTOR,DIRECTIONAL,12H,DISCOVERY,12H,HIGH,199,365,146,135,18,0.049315068493150684,0.4,0.7336683417085427,119.08552925413132,5.872711031710585,86399.999999,86399.999999,129599.999999,4.189945854876483,0.9419625845160697,0.5816482737918063,1.6073206581006187,5.296979342093177,5.232142857142852,3.023984236514349,0.3698630136986301,129600.000001,37.47,,,2250,3.0650239561943873,NORMAL,DOWN,INVERSE_THRESHOLD_CROSS,DMA_SMA_P3_SHIFT3_V1,True,0.07478260869565218,-0.004597974985110186,-0.05796307325789163,STABLE_POSITIVE_FOLDS,-0.20603015075376885,0.0
INVERSE|INVERSE_DMA_3X3|DMA_SMA_P3_SHIFT3_V1|12H|UP,INVERSE_PREDICTOR,DIRECTIONAL,12H,DISCOVERY,12H,LOW,200,387,147,133,17,0.04392764857881137,0.3798449612403101,0.735,125.86976847729295,5.529162956366874,86399.999999,129599.999999,172799.999999,5.229962440649145,0.9724959569987541,0.5843845150065249,1.822344740534053,4.953735025774063,6.0463296240753,3.0757437032024963,0.34366925064599485,86400.000001,44.309999999999945,,,2250,3.07460643394935,NORMAL,UP,INVERSE_THRESHOLD_CROSS,DMA_SMA_P3_SHIFT3_V1,True,0.05406098911487456,0.003857962167661544,-0.04134817095679261,STABLE_POSITIVE_FOLDS,-0.20000000000000007,0.0
INVERSE|INVERSE_DMA_7X5|DMA_SMA_P7_SHIFT5_V1|12H|DOWN,INVERSE_PREDICTOR,DIRECTIONAL,12H,DISCOVERY,12H,HIGH,199,218,127,58,11,0.05045871559633028,0.5825688073394495,0.6381909547738693,71.28424350940018,3.596911369740376,86399.999999,172799.999999,215999.999999,5.202688055495339,1.1689735906736367,0.4615384615384604,1.4576441319165236,4.9647897843657605,3.8642620320115917,2.908333333333276,0.26605504587155965,172800.000001,51.83499999999992,,,2250,3.058179329226557,NORMAL,DOWN,INVERSE_THRESHOLD_CROSS,DMA_SMA_P7_SHIFT5_V1,True,0.25735141603510164,-0.003454327881930591,-0.1617710410849621,STABLE_POSITIVE_FOLDS,-0.3015075376884422,0.0
INVERSE|INVERSE_DMA_7X5|DMA_SMA_P7_SHIFT5_V1|12H|UP,INVERSE_PREDICTOR,DIRECTIONAL,12H,DISCOVERY,12H,LOW,200,226,133,55,8,0.035398230088495575,0.588495575221239,0.665,74.03273542600897,2.620627802690583,129599.999999,172799.999999,215999.999999,5.827972533429715,1.1805119735755576,0.5184621240959274,1.577678948545311,4.131209292387473,5.473808122424976,2.6353122590593765,0.24336283185840707,86400.000001,36.0,,,2250,3.052703627652293,NORMAL,UP,INVERSE_THRESHOLD_CROSS,DMA_SMA_P7_SHIFT5_V1,True,0.26271160309580344,-0.004671456322654248,-0.1416545897443804,STABLE_POSITIVE_FOLDS,-0.27,43200.0
INVERSE|INVERSE_DNO_N7_OB_OS|DNO_PERIOD_7_REFERENCE|12H|DOWN,INVERSE_PREDICTOR,DIRECTIONAL,12H,DISCOVERY,12H,HIGH,199,200,121,54,8,0.04,0.605,0.6080402010050251,65.3983885407341,2.6159355416293644,86399.999999,129599.999999,215999.999999,5.038318912237329,1.1689735906736367,0.4979076398918641,1.523710327767172,5.271757908858097,4.496365578284282,2.6763285024154273,0.27,108000.000001,63.559999999999945,,,2250,3.058179329226557,NORMAL,DOWN,INVERSE_THRESHOLD_CROSS,DNO_PERIOD_7_REFERENCE,True,0.27978260869565214,-0.013913043478260868,-0.15782608695652173,STABLE_POSITIVE_FOLDS,-0.3316582914572864,0.0
INVERSE|INVERSE_DNO_N7_OB_OS|DNO_PERIOD_7_REFERENCE|12H|UP,INVERSE_PREDICTOR,DIRECTIONAL,12H,DISCOVERY,12H,LOW,200,177,118,42,4,0.022598870056497175,0.6666666666666666,0.59,58.033438061041295,1.3114901256732496,86399.999999,129599.999999,215999.999999,6.227087181608456,1.1733081736514004,0.4992149349624446,1.577678948545311,4.190797189342254,5.473808122424976,3.0757437032024963,0.23728813559322035,86400.000001,82.81999999999994,,,2250,3.049965776865161,NORMAL,UP,INVERSE_THRESHOLD_CROSS,DNO_PERIOD_7_REFERENCE,True,0.3408826945412311,-0.017470816354652648,-0.1477292860095671,STABLE_POSITIVE_FOLDS,-0.3450000000000001,0.0
INVERSE|INVERSE_MACD_12_26_9_SIGNAL_CROSS|MACD_12_26_9_SHIFT0_V1|12H|DOWN,INVERSE_PREDICTOR,DIRECTIONAL,12H,DISCOVERY,12H,HIGH,199,63,38,19,2,0.031746031746031744,0.6031746031746031,0.19095477386934673,20.88089836660617,0.6628856624319419,172799.999999,248399.999999,302399.999999,8.253696852961554,1.9069126884266758,0.3611326136064052,1.9590424403264417,4.705242255583105,4.425870434552513,1.8827751196172176,0.30158730158730157,129600.000001,89.35000000000014,,,2250,3.0171115674195756,LOW_SAMPLE,DOWN,INVERSE_THRESHOLD_CROSS,MACD_12_26_9_SHIFT0_V1,True,0.2779572118702553,-0.022167011732229125,-0.12623878536922017,STABLE_POSITIVE_FOLDS,-0.7487437185929648,86399.99999999999
INVERSE|INVERSE_MACD_12_26_9_SIGNAL_CROSS|MACD_12_26_9_SHIFT0_V1|12H|UP,INVERSE_PREDICTOR,DIRECTIONAL,12H,DISCOVERY,12H,LOW,200,54,36,12,2,0.037037037037037035,0.6666666666666666,0.18,17.906037221970042,0.6631865637766682,129599.999999,215999.999999,323999.999999,7.726381680398935,1.6137135688256763,0.5148426973845395,1.123079080956563,4.2862782644670405,6.263686059155827,3.9586776859503807,0.2222222222222222,64800.00000099999,155.36,,,2250,3.0157426420260096,LOW_SAMPLE,UP,INVERSE_THRESHOLD_CROSS,MACD_12_26_9_SHIFT0_V1,True,0.3408826945412311,-0.0030326493741127877,-0.16279519938056525,STABLE_POSITIVE_FOLDS,-0.7550000000000001,43200.0
INVERSE|INVERSE_STOCH_14_3_3_POINT_BAR|STOCH_K14_KS3_D3_SHIFT0_V1|12H|DOWN,INVERSE_PREDICTOR,DIRECTIONAL,12H,DISCOVERY,12H,HIGH,199,155,94,42,3,0.01935483870967742,0.6064516129032258,0.4723618090452261,50.9804142278253,0.9867176947321026,86399.999999,129599.999999,172799.999999,5.110049314230731,1.1594867718897424,0.5148770677683991,2.0170468099676375,5.771885246703489,3.938443149559238,2.1300848379377966,0.2709677419354839,129600.000001,95.49999999999989,,,2250,3.0403832991101987,NORMAL,DOWN,INVERSE_THRESHOLD_CROSS,STOCH_K14_KS3_D3_SHIFT0_V1,True,0.28123422159887795,-0.03455820476858345,-0.15685834502103785,STABLE_POSITIVE_FOLDS,-0.4673366834170854,0.0
INVERSE|INVERSE_STOCH_14_3_3_POINT_BAR|STOCH_K14_KS3_D3_SHIFT0_V1|12H|UP,INVERSE_PREDICTOR,DIRECTIONAL,12H,DISCOVERY,12H,LOW,200,97,61,30,0,0.0,0.6288659793814433,0.305,32.26707650273224,0.0,86399.999999,129599.999999,172799.999999,4.909822087358468,1.0369136118943845,0.5273159144893099,1.4477789815884128,4.791786137952469,4.101842673697095,3.3552581770561485,0.30927835051546393,43200.000001,87.93499999999995,,,2250,3.0061601642710474,LOW_SAMPLE,UP,INVERSE_THRESHOLD_CROSS,STOCH_K14_KS3_D3_SHIFT0_V1,True,0.30308200725600776,-0.04006968641114982,-0.07573907108732353,STABLE_POSITIVE_FOLDS,-0.6300000000000001,0.0
MACD|DINAPOLI_MACD_REFERENCE_V1|HIST_CROSS_UP_ZERO|HIST_CROSS_DOWN_ZERO|12H|DOWN,MACD,DIRECTIONAL,12H,DISCOVERY,12H,HIGH,199,101,66,28,5,0.04950495049504951,0.6534653465346535,0.3316582914572864,33.189608636977056,1.6430499325236168,172799.999999,215999.999999,302399.999999,7.253540714356854,1.6921189263567527,0.4272262893488461,1.752962353807728,4.970910728485606,4.366208709216496,2.833308299268023,0.27722772277227725,172800.000001,30.430000000000007,,,2250,3.0431211498973307,NORMAL,DOWN,HIST_CROSS_DOWN_ZERO,DINAPOLI_MACD_REFERENCE_V1,True,0.32824795523030564,-0.004408092983211362,-0.1505983641842445,STABLE_POSITIVE_FOLDS,-0.6080402010050251,86399.99999999999
MACD|DINAPOLI_MACD_REFERENCE_V1|HIST_CROSS_UP_ZERO|HIST_CROSS_DOWN_ZERO|12H|UP,MACD,DIRECTIONAL,12H,DISCOVERY,12H,LOW,200,101,75,19,5,0.04950495049504951,0.7425742574257426,0.375,33.11512567324955,1.6393626570915618,172799.999999,259199.999999,345599.999999,8.843300072104757,1.7228834493599843,0.49339339339339344,1.2282295116999684,5.005196630768068,6.1634209997992375,8.301136060826753,0.18811881188118812,86400.000001,45.13999999999987,,,2250,3.049965776865161,NORMAL,UP,HIST_CROSS_UP_ZERO,DINAPOLI_MACD_REFERENCE_V1,True,0.41679028530030704,0.009435264083899685,-0.19689860972159934,STABLE_POSITIVE_FOLDS,-0.56,86399.99999999999
MACD|DINAPOLI_MACD_REFERENCE_V1|MACD_CROSS_UP_SIGNAL|MACD_CROSS_DOWN_SIGNAL|12H|DOWN,MACD,DIRECTIONAL,12H,DISCOVERY,12H,HIGH,199,101,66,28,5,0.04950495049504951,0.6534653465346535,0.3316582914572864,33.189608636977056,1.6430499325236168,172799.999999,215999.999999,302399.999999,7.253540714356854,1.6921189263567527,0.4272262893488461,1.752962353807728,4.970910728485606,4.366208709216496,2.833308299268023,0.27722772277227725,172800.000001,30.430000000000007,,,2250,3.0431211498973307,NORMAL,DOWN,MACD_CROSS_DOWN_SIGNAL,DINAPOLI_MACD_REFERENCE_V1,True,0.32824795523030564,-0.004408092983211362,-0.1505983641842445,STABLE_POSITIVE_FOLDS,-0.6080402010050251,86399.99999999999
MACD|DINAPOLI_MACD_REFERENCE_V1|MACD_CROSS_UP_SIGNAL|MACD_CROSS_DOWN_SIGNAL|12H|UP,MACD,DIRECTIONAL,12H,DISCOVERY,12H,LOW,200,101,75,19,5,0.04950495049504951,0.7425742574257426,0.375,33.11512567324955,1.6393626570915618,172799.999999,259199.999999,345599.999999,8.843300072104757,1.7228834493599843,0.49339339339339344,1.2282295116999684,5.005196630768068,6.1634209997992375,8.301136060826753,0.18811881188118812,86400.000001,45.13999999999987,,,2250,3.049965776865161,NORMAL,UP,MACD_CROSS_UP_SIGNAL,DINAPOLI_MACD_REFERENCE_V1,True,0.41679028530030704,0.009435264083899685,-0.19689860972159934,STABLE_POSITIVE_FOLDS,-0.56,86399.99999999999
MACD|MACD_12_26_9_SHIFT0_V1|HIST_CROSS_UP_ZERO|HIST_CROSS_DOWN_ZERO|12H|DOWN,MACD,DIRECTIONAL,12H,DISCOVERY,12H,HIGH,199,86,54,27,3,0.03488372093023256,0.627906976744186,0.271356783919598,28.31140153222172,0.9876070301937809,172799.999999,215999.999999,302399.999999,7.568695344439432,1.9270628025908065,0.4066219625982628,1.7373439227024603,4.705242255583106,4.425870434552513,2.8101068376068143,0.313953488372093,129600.000001,59.929999999999836,,,2250,3.0376454483230666,LOW_SAMPLE,DOWN,HIST_CROSS_DOWN_ZERO,MACD_12_26_9_SHIFT0_V1,True,0.3026895854398382,-0.01902932254802831,-0.11387259858442872,STABLE_POSITIVE_FOLDS,-0.6683417085427135,86399.99999999999
MACD|MACD_12_26_9_SHIFT0_V1|HIST_CROSS_UP_ZERO|HIST_CROSS_DOWN_ZERO|12H|UP,MACD,DIRECTIONAL,12H,DISCOVERY,12H,LOW,200,86,62,19,3,0.03488372093023256,0.7209302325581395,0.31,28.465337562301766,0.9929768917082011,215999.999999,302399.999999,384479.99999899993,9.109389365930923,1.9007675728660844,0.38261344997266206,1.4884183485792666,3.507440173961725,5.985987669975359,4.373405097070572,0.22093023255813954,86400.000001,108.05999999999995,,,2250,3.0212183436002737,LOW_SAMPLE,UP,HIST_CROSS_UP_ZERO,MACD_12_26_9_SHIFT0_V1,True,0.39514626043270396,-0.005185965480917265,-0.16408718904464792,STABLE_POSITIVE_FOLDS,-0.625,129599.99999999999
MACD|MACD_12_26_9_SHIFT0_V1|MACD_CROSS_UP_SIGNAL|MACD_CROSS_DOWN_SIGNAL|12H|DOWN,MACD,DIRECTIONAL,12H,DISCOVERY,12H,HIGH,199,86,54,27,3,0.03488372093023256,0.627906976744186,0.271356783919598,28.31140153222172,0.9876070301937809,172799.999999,215999.999999,302399.999999,7.568695344439432,1.9270628025908065,0.4066219625982628,1.7373439227024603,4.705242255583106,4.425870434552513,2.8101068376068143,0.313953488372093,129600.000001,59.929999999999836,,,2250,3.0376454483230666,LOW_SAMPLE,DOWN,MACD_CROSS_DOWN_SIGNAL,MACD_12_26_9_SHIFT0_V1,True,0.3026895854398382,-0.01902932254802831,-0.11387259858442872,STABLE_POSITIVE_FOLDS,-0.6683417085427135,86399.99999999999
MACD|MACD_12_26_9_SHIFT0_V1|MACD_CROSS_UP_SIGNAL|MACD_CROSS_DOWN_SIGNAL|12H|UP,MACD,DIRECTIONAL,12H,DISCOVERY,12H,LOW,200,86,62,19,3,0.03488372093023256,0.7209302325581395,0.31,28.465337562301766,0.9929768917082011,215999.999999,302399.999999,384479.99999899993,9.109389365930923,1.9007675728660844,0.38261344997266206,1.4884183485792666,3.507440173961725,5.985987669975359,4.373405097070572,0.22093023255813954,86400.000001,108.05999999999995,,,2250,3.0212183436002737,LOW_SAMPLE,UP,MACD_CROSS_UP_SIGNAL,MACD_12_26_9_SHIFT0_V1,True,0.39514626043270396,-0.005185965480917265,-0.16408718904464792,STABLE_POSITIVE_FOLDS,-0.625,129599.99999999999
OSC_PREDICTOR|PROJECT_DINAPOLI_STYLE_OSCILLATOR_PREDICTOR_REFERENCE|CROSSED_OB_BAND_UP|12H|UP,OSC_PREDICTOR,DIRECTIONAL,12H,DISCOVERY,12H,LOW,200,141,87,17,11,0.07801418439716312,0.6170212765957447,0.435,46.02345844504022,3.5904825737265416,215999.999999,259199.999999,319679.9999990002,10.698454043363965,2.1793472665499807,0.4173492453151207,1.6660136881152483,4.633159864380427,6.349039768817082,5.128834355828137,0.12056737588652482,129600.000001,58.61999999999989,,,2250,3.0636550308008212,NORMAL,UP,CROSSED_OB_BAND_UP,PROJECT_DINAPOLI_STYLE_OSCILLATOR_PREDICTOR_REFERENCE,True,0.29123730447030916,0.0379444979860133,-0.2644500457162626,STABLE_POSITIVE_FOLDS,-0.5,129599.99999999999
OSC_PREDICTOR|PROJECT_DINAPOLI_STYLE_OSCILLATOR_PREDICTOR_REFERENCE|CROSSED_OS_BAND_DOWN|12H|DOWN,OSC_PREDICTOR,DIRECTIONAL,12H,DISCOVERY,12H,HIGH,199,115,75,19,13,0.11304347826086956,0.6521739130434783,0.3768844221105528,37.79014844804318,4.271929824561403,172799.999999,215999.999999,302399.999999,8.619621342512916,1.966281286763215,0.38119459522786714,1.8841655376887316,5.780083574607401,5.143717110493026,3.59905411015827,0.16521739130434782,129600.000001,26.5,,,2250,3.0431211498973307,NORMAL,DOWN,CROSSED_OS_BAND_DOWN,PROJECT_DINAPOLI_STYLE_OSCILLATOR_PREDICTOR_REFERENCE,True,0.3269565217391304,0.059130434782608696,-0.26260869565217393,STABLE_POSITIVE_FOLDS,-0.5628140703517588,86399.99999999999
OSC_PREDICTOR|PROJECT_DINAPOLI_STYLE_OSCILLATOR_PREDICTOR_REFERENCE|FORECAST_OB_CROSS|12H|UP,OSC_PREDICTOR,DIRECTIONAL,12H,DISCOVERY,12H,LOW,200,226,102,46,16,0.07079646017699115,0.45132743362831856,0.51,73.70223214285714,5.217857142857143,194399.999999,259199.999999,302399.999999,9.49020622276836,2.056738677100299,0.4179912598920016,1.5729082978254347,4.030637337366656,5.394571789370916,4.680000000000007,0.20353982300884957,129600.000001,35.27499999999998,,,2250,3.0663928815879533,NORMAL,UP,FORECAST_OB_CROSS,PROJECT_DINAPOLI_STYLE_OSCILLATOR_PREDICTOR_REFERENCE,True,0.12554346150288304,0.030726773765841327,-0.1814775985939379,STABLE_POSITIVE_FOLDS,-0.42500000000000004,107999.99999999999
OSC_PREDICTOR|PROJECT_DINAPOLI_STYLE_OSCILLATOR_PREDICTOR_REFERENCE|FORECAST_OS_CROSS|12H|DOWN,OSC_PREDICTOR,DIRECTIONAL,12H,DISCOVERY,12H,HIGH,199,158,83,35,14,0.08860759493670886,0.5253164556962026,0.41708542713567837,51.85040431266846,4.59433962264151,172799.999999,215999.999999,302399.999999,8.619621342512916,1.9410185208773856,0.3778891673628517,1.9234661199867724,6.210559507219594,5.143717110493026,3.591838618732222,0.22151898734177214,172800.000001,26.389999999999986,,,2250,3.047227926078029,NORMAL,DOWN,FORECAST_OS_CROSS,PROJECT_DINAPOLI_STYLE_OSCILLATOR_PREDICTOR_REFERENCE,True,0.2000990643918547,0.03469455145844799,-0.2063070996147496,STABLE_POSITIVE_FOLDS,-0.5226130653266332,86399.99999999999
PURE_DNO|DNO_PERIOD_7_REFERENCE|DNO_ZERO_CROSS_DOWN|12H|DOWN,PURE_DNO,DIRECTIONAL,12H,DISCOVERY,12H,HIGH,199,226,141,58,11,0.048672566371681415,0.6238938053097345,0.7085427135678392,73.90017905102954,3.596911369740376,129599.999999,172799.999999,215999.999999,5.35037878787878,1.2196424902403966,0.47730581756029533,1.3985206181851662,4.942329023039506,4.1642109181855735,3.0747461654785058,0.25663716814159293,172800.000001,40.605000000000004,,,2250,3.058179329226557,NORMAL,DOWN,DNO_ZERO_CROSS_DOWN,DNO_PERIOD_7_REFERENCE,True,0.29867641400538664,-0.005240477106579454,-0.17118891881492881,STABLE_POSITIVE_FOLDS,-0.23115577889447236,43200.0
PURE_DNO|DNO_PERIOD_7_REFERENCE|DNO_ZERO_CROSS_UP|12H|UP,PURE_DNO,DIRECTIONAL,12H,DISCOVERY,12H,LOW,200,225,146,51,6,0.02666666666666667,0.6488888888888888,0.73,73.70515695067265,1.9654708520179371,129599.999999,172799.999999,215999.999999,6.248713760884147,1.2301485732220385,0.5042111600396486,1.4941100283745723,4.0681826096063265,5.434078813668812,3.516967967015547,0.22666666666666666,86400.000001,36.0,,,2250,3.052703627652293,NORMAL,UP,DNO_ZERO_CROSS_UP,DNO_PERIOD_7_REFERENCE,True,0.3231049167634533,-0.013403019744483154,-0.1583507549361208,STABLE_POSITIVE_FOLDS,-0.20500000000000007,43200.0
STOCH|DINAPOLI_PREFERRED_STOCHASTIC_REFERENCE_V1|K_CROSS_UP_D|K_CROSS_DOWN_D|12H|DOWN,STOCHASTIC,DIRECTIONAL,12H,DISCOVERY,12H,HIGH,199,199,138,46,8,0.04020100502512563,0.6934673366834171,0.6934673366834171,65.07139659803045,2.6159355416293644,129599.999999,172799.999999,228959.99999899988,5.508512661955097,1.32874511200294,0.42038419710862307,2.0170468099676375,5.122746373394806,3.911477392233783,2.059649122807023,0.23115577889447236,129600.000001,90.81999999999991,,,2250,3.058179329226557,NORMAL,DOWN,K_CROSS_DOWN_D,DINAPOLI_PREFERRED_STOCHASTIC_REFERENCE_V1,True,0.36824994537906924,-0.01371203845313524,-0.19667030806204938,STABLE_POSITIVE_FOLDS,-0.24623115577889443,43200.0
STOCH|DINAPOLI_PREFERRED_STOCHASTIC_REFERENCE_V1|K_CROSS_UP_D|K_CROSS_DOWN_D|12H|UP,STOCHASTIC,DIRECTIONAL,12H,DISCOVERY,12H,LOW,200,198,138,45,6,0.030303030303030304,0.696969696969697,0.69,65.06477732793522,1.97165991902834,129599.999999,215999.999999,259199.999999,6.972797749978742,1.4745204742083704,0.4667182823676542,1.5699103215653367,4.475924849994414,6.065872838126571,4.3596837944664015,0.22727272727272727,129600.000001,33.870000000000005,,,2250,3.0431211498973307,NORMAL,UP,K_CROSS_UP_D,DINAPOLI_PREFERRED_STOCHASTIC_REFERENCE_V1,True,0.3711857248442615,-0.009766656108119519,-0.1577446943300602,STABLE_POSITIVE_FOLDS,-0.2450000000000001,43200.0
STOCH|STOCH_K14_KS3_D3_SHIFT0_V1|K_CROSS_UP_D|K_CROSS_DOWN_D|12H|DOWN,STOCHASTIC,DIRECTIONAL,12H,DISCOVERY,12H,HIGH,199,276,164,81,12,0.043478260869565216,0.5942028985507246,0.8241206030150754,89.88765046812306,3.9081587160053504,86399.999999,129599.999999,172799.999999,4.406082845738334,1.039003662199283,0.5292326038611539,1.8223591457365198,5.65082715655602,4.58044104452945,2.556074766355122,0.29347826086956524,86400.000001,47.47999999999996,,,2250,3.0704996577686514,NORMAL,DOWN,K_CROSS_DOWN_D,STOCH_K14_KS3_D3_SHIFT0_V1,True,0.26898550724637676,-0.010434782608695653,-0.1343478260869565,STABLE_POSITIVE_FOLDS,-0.11557788944723613,0.0
STOCH|STOCH_K14_KS3_D3_SHIFT0_V1|K_CROSS_UP_D|K_CROSS_DOWN_D|12H|UP,STOCHASTIC,DIRECTIONAL,12H,DISCOVERY,12H,LOW,200,276,173,70,11,0.03985507246376811,0.6268115942028986,0.865,89.84759358288771,3.5808823529411766,129599.999999,172799.999999,207359.9999990005,5.9051527587779296,1.1187720794250233,0.4947683109118092,1.4674078178341055,5.220470412355781,5.2932561139306475,3.8600755667506226,0.2536231884057971,86400.000001,41.96500000000003,,,2250,3.0718685831622174,NORMAL,UP,K_CROSS_UP_D,STOCH_K14_KS3_D3_SHIFT0_V1,True,0.30102762207746303,-0.0002146139473817102,-0.13139423319699034,STABLE_POSITIVE_FOLDS,-0.07000000000000006,43200.0
DMA|DMA_SMA_P25_SHIFT5_V1|MA_SLOPE_TURN_UP|MA_SLOPE_TURN_DOWN|1D|DOWN,DMA,DIRECTIONAL,1D,DISCOVERY,1D,HIGH,101,42,21,15,3,0.07142857142857142,0.5,0.2079207920792079,14.708053691275166,1.0505752636625119,259199.999999,259199.999999,431999.999999,5.88188091799069,1.2287468513853912,0.4045006096885045,2.96231883302762,7.621795599777061,6.393914900114107,3.39262413414434,0.35714285714285715,172800.000001,149.18000000000006,,,1125,2.855578370978782,LOW_SAMPLE,DOWN,MA_SLOPE_TURN_DOWN,DMA_SMA_P25_SHIFT5_V1,True,0.18333333333333335,-0.06523809523809523,-0.03285714285714286,STABLE_POSITIVE_FOLDS,-0.7326732673267327,172800.0
DMA|DMA_SMA_P25_SHIFT5_V1|MA_SLOPE_TURN_UP|MA_SLOPE_TURN_DOWN|1D|UP,DMA,DIRECTIONAL,1D,DISCOVERY,1D,LOW,102,41,24,10,5,0.12195121951219512,0.5853658536585366,0.23529411764705882,14.856398809523808,1.8117559523809523,215999.999999,345599.999999,492479.99999899993,10.476061963335958,1.8052384980705032,0.3751578409002666,2.23272964958184,4.967329694409841,4.66197758209357,2.0874442751537776,0.24390243902439024,172800.000001,115.41999999999999,,,1125,2.759753593429158,LOW_SAMPLE,UP,MA_SLOPE_TURN_UP,DMA_SMA_P25_SHIFT5_V1,True,0.25760665633412183,-0.011828044701851698,-0.08051227669467331,STABLE_POSITIVE_FOLDS,-0.7254901960784315,43200.0
DMA|DMA_SMA_P25_SHIFT5_V1|PRICE_CROSS_UP_MA|PRICE_CROSS_DOWN_MA|1D|DOWN,DMA,DIRECTIONAL,1D,DISCOVERY,1D,HIGH,101,43,24,12,4,0.09302325581395349,0.5581395348837209,0.2376237623762376,15.072696737044147,1.4021113243761998,172799.999999,259199.999999,406079.99999899993,8.89394508895169,1.4583792368585675,0.4324356804197008,2.391476349964606,5.102770056972628,4.93027888446215,2.5311481430018272,0.27906976744186046,345600.000001,60.359999999999985,,,1125,2.8528405201916494,LOW_SAMPLE,DOWN,PRICE_CROSS_DOWN_MA,DMA_SMA_P25_SHIFT5_V1,True,0.24147286821705427,-0.04364341085271317,-0.11093023255813955,STABLE_POSITIVE_FOLDS,-0.7029702970297029,86399.99999999999
DMA|DMA_SMA_P25_SHIFT5_V1|PRICE_CROSS_UP_MA|PRICE_CROSS_DOWN_MA|1D|UP,DMA,DIRECTIONAL,1D,DISCOVERY,1D,LOW,102,42,30,6,4,0.09523809523809523,0.7142857142857143,0.29411764705882354,15.21875,1.4494047619047619,259199.999999,410399.999999,527039.9999990001,11.86534792540328,1.725532574652192,0.4056256027263826,2.2087824809372436,3.6010179800499116,5.145806193005302,2.338739773216606,0.14285714285714285,172800.000001,31.460000000000008,,,1125,2.759753593429158,LOW_SAMPLE,UP,PRICE_CROSS_UP_MA,DMA_SMA_P25_SHIFT5_V1,True,0.3865265169612996,-0.038541168975951584,-0.1815575728619207,STABLE_POSITIVE_FOLDS,-0.6666666666666667,86400.0
DMA|DMA_SMA_P3_SHIFT3_V1|MA_SLOPE_TURN_UP|MA_SLOPE_TURN_DOWN|1D|DOWN,DMA,DIRECTIONAL,1D,DISCOVERY,1D,HIGH,101,154,92,27,16,0.1038961038961039,0.5974025974025974,0.9108910891089109,50.356759176365266,5.231871083258729,172799.999999,259199.999999,336959.99999900046,6.01568579823851,0.993955690574465,0.49801574389441067,1.7511219672750564,7.807625280332164,6.3087802113514115,4.420168067226892,0.17532467532467533,259200.000001,95.57999999999998,,,1125,3.058179329226557,NORMAL,DOWN,MA_SLOPE_TURN_DOWN,DMA_SMA_P3_SHIFT3_V1,True,0.2807359307359307,-0.032770562770562756,-0.21467532467532469,STABLE_POSITIVE_FOLDS,-0.02970297029702962,86399.99999999999
DMA|DMA_SMA_P3_SHIFT3_V1|MA_SLOPE_TURN_UP|MA_SLOPE_TURN_DOWN|1D|UP,DMA,DIRECTIONAL,1D,DISCOVERY,1D,LOW,102,153,90,31,16,0.10457516339869281,0.5882352941176471,0.8823529411764706,50.20956873315364,5.250673854447439,172799.999999,259199.999999,345599.999999,8.362004047525637,1.1400512644535423,0.49921664240869923,2.2087824809372436,7.1517700511601054,7.036265833767147,4.260651629072672,0.20261437908496732,86400.000001,22.120000000000005,,,1125,3.047227926078029,NORMAL,UP,MA_SLOPE_TURN_UP,DMA_SMA_P3_SHIFT3_V1,True,0.26047609679323236,-0.029204100815354003,-0.12180033663409623,STABLE_POSITIVE_FOLDS,-0.07843137254901966,0.0
DMA|DMA_SMA_P3_SHIFT3_V1|PRICE_CROSS_UP_MA|PRICE_CROSS_DOWN_MA|1D|DOWN,DMA,DIRECTIONAL,1D,DISCOVERY,1D,HIGH,101,209,91,65,23,0.11004784688995216,0.4354066985645933,0.900990099009901,68.34131602506714,7.520814682184422,172799.999999,172799.999999,259199.999999,5.598535181794402,0.8704228055862183,0.535532827449686,2.3184629920000663,5.79562431364395,5.916477528357802,3.6282073282274845,0.31100478468899523,172800.000001,92.75,,,1125,3.058179329226557,NORMAL,DOWN,PRICE_CROSS_DOWN_MA,DMA_SMA_P3_SHIFT3_V1,True,0.11874003189792665,-0.0266188197767145,-0.07899521531100478,STABLE_POSITIVE_FOLDS,-0.03960396039603953,86399.99999999999
DMA|DMA_SMA_P3_SHIFT3_V1|PRICE_CROSS_UP_MA|PRICE_CROSS_DOWN_MA|1D|UP,DMA,DIRECTIONAL,1D,DISCOVERY,1D,LOW,102,208,97,48,27,0.12980769230769232,0.46634615384615385,0.9509803921568627,68.25876010781671,8.860512129380053,172799.999999,172799.999999,259199.999999,7.795296397427995,1.0600946941805642,0.5579051977166102,2.5160296026685125,7.943033993750991,7.99239944155137,2.4769230769230726,0.23076923076923078,172800.000001,35.595,,,1125,3.047227926078029,NORMAL,UP,PRICE_CROSS_UP_MA,DMA_SMA_P3_SHIFT3_V1,True,0.13858695652173914,-0.0039715719063544985,-0.09364548494983277,STABLE_POSITIVE_FOLDS,-0.009803921568627527,0.0
DMA|DMA_SMA_P7_SHIFT5_V1|MA_SLOPE_TURN_UP|MA_SLOPE_TURN_DOWN|1D|DOWN,DMA,DIRECTIONAL,1D,DISCOVERY,1D,HIGH,101,99,56,34,5,0.050505050505050504,0.5656565656565656,0.5544554455445545,32.57635135135135,1.6452702702702702,259199.999999,431999.999999,518399.999999,7.916856637947918,1.2444894916462483,0.422539883609964,2.4034171084245446,5.618945985880807,6.896301416123042,3.332010858216745,0.3434343434343434,172800.000001,46.920000000000016,,,1125,3.0390143737166326,LOW_SAMPLE,DOWN,MA_SLOPE_TURN_DOWN,DMA_SMA_P7_SHIFT5_V1,True,0.24898989898989898,-0.08616161616161616,-0.04656565656565659,STABLE_POSITIVE_FOLDS,-0.38613861386138604,172800.0
DMA|DMA_SMA_P7_SHIFT5_V1|MA_SLOPE_TURN_UP|MA_SLOPE_TURN_DOWN|1D|UP,DMA,DIRECTIONAL,1D,DISCOVERY,1D,LOW,102,98,54,25,9,0.09183673469387756,0.5510204081632653,0.5294117647058824,32.39321266968326,2.9748868778280544,259199.999999,345599.999999,518399.999999,9.722446652630559,1.2788359956439175,0.49732966495142844,1.7367115307514753,4.7867005469195325,8.836427733311773,4.366530312147598,0.25510204081632654,172800.000001,13.159999999999997,,,1125,3.025325119780972,LOW_SAMPLE,UP,MA_SLOPE_TURN_UP,DMA_SMA_P7_SHIFT5_V1,True,0.22326121083885053,-0.04194252952016926,-0.06931267490273701,STABLE_POSITIVE_FOLDS,-0.43137254901960786,86400.0
DMA|DMA_SMA_P7_SHIFT5_V1|PRICE_CROSS_UP_MA|PRICE_CROSS_DOWN_MA|1D|DOWN,DMA,DIRECTIONAL,1D,DISCOVERY,1D,HIGH,101,123,74,24,10,0.08130081300813008,0.6016260162601627,0.7326732673267327,40.40085431654676,3.284622302158273,172799.999999,259199.999999,345599.999999,7.036191784317075,1.0956140888065602,0.4535915638174816,2.4699586072575297,6.924187840341165,6.1764247275588415,2.786988167773055,0.1951219512195122,216000.000001,82.39999999999998,,,1125,3.0444900752908968,NORMAL,DOWN,PRICE_CROSS_DOWN_MA,DMA_SMA_P7_SHIFT5_V1,True,0.284959349593496,-0.05536585365853658,-0.1948780487804878,STABLE_POSITIVE_FOLDS,-0.20792079207920788,86399.99999999999
DMA|DMA_SMA_P7_SHIFT5_V1|PRICE_CROSS_UP_MA|PRICE_CROSS_DOWN_MA|1D|UP,DMA,DIRECTIONAL,1D,DISCOVERY,1D,LOW,102,122,73,23,12,0.09836065573770492,0.5983606557377049,0.7156862745098039,40.18079350766457,3.952209197475203,259199.999999,345599.999999,518399.999999,9.678873239436623,1.2469333333333328,0.42605540780922546,2.39208780735278,7.678642058436643,8.254601002223719,2.66382206593339,0.1885245901639344,172800.000001,33.50999999999999,,,1125,3.0362765229295,NORMAL,UP,PRICE_CROSS_UP_MA,DMA_SMA_P7_SHIFT5_V1,True,0.2706014584132902,-0.0354186084763419,-0.13589012555512914,STABLE_POSITIVE_FOLDS,-0.2450980392156863,86400.0
DNO_QUANTILE|CAUSAL_DNO_QUANTILE_80_20_CONTROL_V1|CROSSED_OB_BAND_UP|1D|UP,DNO_QUANTILE,DIRECTIONAL,1D,DISCOVERY,1D,LOW,102,81,44,10,23,0.2839506172839506,0.5432098765432098,0.43137254901960786,26.725609756097562,7.588753387533876,345599.999999,518399.999999,604799.999999,15.517880915642827,1.9740396154097297,0.3503134221187034,2.523660933830614,6.439031750136172,9.098321423434239,3.4301830727643186,0.12345679012345678,172800.000001,153.81,,,1125,3.030800821355236,LOW_SAMPLE,UP,CROSSED_OB_BAND_UP,CAUSAL_DNO_QUANTILE_80_20_CONTROL_V1,True,0.21545067921879513,0.15017135306990378,-0.20095792559560677,STABLE_POSITIVE_FOLDS,-0.5294117647058824,172800.0
DNO_QUANTILE|CAUSAL_DNO_QUANTILE_80_20_CONTROL_V1|CROSSED_OS_BAND_DOWN|1D|DOWN,DNO_QUANTILE,DIRECTIONAL,1D,DISCOVERY,1D,HIGH,101,84,52,16,9,0.10714285714285714,0.6190476190476191,0.5148514851485149,27.86648501362398,2.9856948228882834,259199.999999,280799.999999,431999.999999,10.201913262600264,1.6438527734757864,0.3511563901530286,4.516967288291047,8.72144442664278,5.810505035993377,1.2804316775115054,0.19047619047619047,345600.000001,111.58499999999998,,,1125,3.0143737166324436,LOW_SAMPLE,DOWN,CROSSED_OS_BAND_DOWN,CAUSAL_DNO_QUANTILE_80_20_CONTROL_V1,True,0.3023809523809524,-0.02952380952380952,-0.19952380952380955,STABLE_POSITIVE_FOLDS,-0.4257425742574257,172800.0
DNO_QUANTILE|CAUSAL_DNO_QUANTILE_80_20_CONTROL_V1|FORECAST_OB_CROSS|1D|UP,DNO_QUANTILE,DIRECTIONAL,1D,DISCOVERY,1D,LOW,102,117,49,17,37,0.3162393162393162,0.4188034188034188,0.4803921568627451,38.60365853658537,12.207994579945801,345599.999999,518399.999999,604799.999999,14.517903243910657,1.963819448510039,0.38535402521823436,2.4081162718261004,5.991257361858889,9.270322016794678,3.4301830727643186,0.1452991452991453,172800.000001,37.27000000000001,,,1125,3.030800821355236,NORMAL,UP,FORECAST_OB_CROSS,CAUSAL_DNO_QUANTILE_80_20_CONTROL_V1,True,0.0910442214790041,0.1824600520252694,-0.17911557041991824,STABLE_POSITIVE_FOLDS,-0.4803921568627451,172800.0
DNO_QUANTILE|CAUSAL_DNO_QUANTILE_80_20_CONTROL_V1|FORECAST_OS_CROSS|1D|DOWN,DNO_QUANTILE,DIRECTIONAL,1D,DISCOVERY,1D,HIGH,101,98,54,20,13,0.1326530612244898,0.5510204081632653,0.5346534653465347,32.51089918256131,4.312670299727521,259199.999999,345599.999999,492479.9999990002,10.59724720488132,1.6606802343457114,0.32728906121930956,3.7882007623550713,6.947789820005825,4.971326873640503,1.2898935119606725,0.20408163265306123,345600.000001,99.32999999999998,,,1125,3.0143737166324436,LOW_SAMPLE,DOWN,FORECAST_OS_CROSS,CAUSAL_DNO_QUANTILE_80_20_CONTROL_V1,True,0.2343537414965986,-0.004013605442176854,-0.18591836734693878,STABLE_POSITIVE_FOLDS,-0.40594059405940586,172800.0
INVERSE|INVERSE_DMA_25X5|DMA_SMA_P25_SHIFT5_V1|1D|DOWN,INVERSE_PREDICTOR,DIRECTIONAL,1D,DISCOVERY,1D,HIGH,101,43,24,10,3,0.06976744186046512,0.5581395348837209,0.2376237623762376,15.65877367896311,1.0924725822532402,172799.999999,259199.999999,345599.999999,8.60300888669493,1.2745181458693482,0.4905574498038342,2.2664642971365305,5.017300078302781,5.663880920993526,3.4218782975729845,0.23255813953488372,345600.000001,60.359999999999985,,,1125,2.746064339493498,LOW_SAMPLE,DOWN,INVERSE_THRESHOLD_CROSS,DMA_SMA_P25_SHIFT5_V1,True,0.24147286821705427,-0.06689922480620154,-0.1574418604651163,STABLE_POSITIVE_FOLDS,-0.7029702970297029,86399.99999999999
INVERSE|INVERSE_DMA_25X5|DMA_SMA_P25_SHIFT5_V1|1D|UP,INVERSE_PREDICTOR,DIRECTIONAL,1D,DISCOVERY,1D,LOW,102,45,31,7,4,0.08888888888888889,0.6888888888888889,0.30392156862745096,16.30580357142857,1.4494047619047619,259199.999999,388799.999999,518399.999999,11.762332660920613,1.7146418352005441,0.3860467802483399,2.2882133894309185,3.7128444100805726,4.70194770687983,2.3140399373697065,0.15555555555555556,172800.000001,37.68000000000001,,,1125,2.759753593429158,LOW_SAMPLE,UP,INVERSE_THRESHOLD_CROSS,DMA_SMA_P25_SHIFT5_V1,True,0.36112969156447416,-0.044890375325157925,-0.168859160163508,STABLE_POSITIVE_FOLDS,-0.6568627450980393,86400.0
INVERSE|INVERSE_DMA_3X3|DMA_SMA_P3_SHIFT3_V1|1D|DOWN,INVERSE_PREDICTOR,DIRECTIONAL,1D,DISCOVERY,1D,HIGH,101,196,76,60,30,0.15306122448979592,0.3877551020408163,0.7524752475247525,64.09042076991943,9.809758281110117,172799.999999,259199.999999,345599.999999,5.728780523053304,0.8721218219717735,0.5400548732688792,2.2400993303583547,6.199879833167196,6.1324341482179845,4.461784713885558,0.30612244897959184,172800.000001,104.76500000000001,,,1125,3.058179329226557,NORMAL,DOWN,INVERSE_THRESHOLD_CROSS,DMA_SMA_P3_SHIFT3_V1,True,0.07108843537414966,0.016394557823129263,-0.08387755102040817,STABLE_POSITIVE_FOLDS,-0.18811881188118806,86399.99999999999
INVERSE|INVERSE_DMA_3X3|DMA_SMA_P3_SHIFT3_V1|1D|UP,INVERSE_PREDICTOR,DIRECTIONAL,1D,DISCOVERY,1D,LOW,102,199,81,53,31,0.15577889447236182,0.40703517587939697,0.7941176470588235,65.42281728172817,10.191494149414941,172799.999999,259199.999999,431999.999999,8.123420559223925,1.1063388137155052,0.540585801536744,2.39208780735278,7.502540442047316,7.961289503330246,2.556042464218595,0.2663316582914573,172800.000001,37.68000000000001,,,1125,3.0417522245037647,NORMAL,UP,INVERSE_THRESHOLD_CROSS,DMA_SMA_P3_SHIFT3_V1,True,0.07927597855498225,0.021999630258315,-0.05808305742760628,STABLE_POSITIVE_FOLDS,-0.16666666666666674,0.0
INVERSE|INVERSE_DMA_7X5|DMA_SMA_P7_SHIFT5_V1|1D|DOWN,INVERSE_PREDICTOR,DIRECTIONAL,1D,DISCOVERY,1D,HIGH,101,124,74,25,10,0.08064516129032258,0.5967741935483871,0.7326732673267327,40.72931654676259,3.284622302158273,172799.999999,259199.999999,345599.999999,7.100710207014348,1.0956140888065602,0.46269833693169593,2.4557788081744762,6.748529920847741,6.245928054078626,3.4218782975729845,0.20161290322580644,172800.000001,136.78999999999996,,,1125,3.0444900752908968,NORMAL,DOWN,INVERSE_THRESHOLD_CROSS,DMA_SMA_P7_SHIFT5_V1,True,0.28010752688172047,-0.05602150537634408,-0.18838709677419357,STABLE_POSITIVE_FOLDS,-0.20792079207920788,86399.99999999999
INVERSE|INVERSE_DMA_7X5|DMA_SMA_P7_SHIFT5_V1|1D|UP,INVERSE_PREDICTOR,DIRECTIONAL,1D,DISCOVERY,1D,LOW,102,130,75,28,11,0.08461538461538462,0.5769230769230769,0.7352941176470589,42.62342908438061,3.6065978456014363,172799.999999,302399.999999,518399.999999,8.86889292857422,1.2020493115593969,0.42605540780922546,2.3488555262023016,7.8283581508634,7.99239944155137,2.6015690884446676,0.2153846153846154,129600.00000100001,34.0,,,1125,3.049965776865161,NORMAL,UP,INVERSE_THRESHOLD_CROSS,DMA_SMA_P7_SHIFT5_V1,True,0.24916387959866215,-0.0491638795986622,-0.10903010033444815,STABLE_POSITIVE_FOLDS,-0.22549019607843135,0.0
INVERSE|INVERSE_DNO_N7_OB_OS|DNO_PERIOD_7_REFERENCE|1D|DOWN,INVERSE_PREDICTOR,DIRECTIONAL,1D,DISCOVERY,1D,HIGH,101,113,70,25,8,0.07079646017699115,0.6194690265486725,0.693069306930693,37.11623201438849,2.6276978417266186,172799.999999,259199.999999,267839.9999990001,6.825242384247263,1.035675973301696,0.4946155630668559,2.6248125133919036,6.948950271321468,6.25322599025331,3.4218782975729845,0.22123893805309736,172800.000001,178.20000000000005,,,1125,3.0444900752908968,NORMAL,DOWN,INVERSE_THRESHOLD_CROSS,DNO_PERIOD_7_REFERENCE,True,0.3028023598820059,-0.06587020648967551,-0.16876106194690266,STABLE_POSITIVE_FOLDS,-0.24752475247524752,86399.99999999999
INVERSE|INVERSE_DNO_N7_OB_OS|DNO_PERIOD_7_REFERENCE|1D|UP,INVERSE_PREDICTOR,DIRECTIONAL,1D,DISCOVERY,1D,LOW,102,116,72,23,8,0.06896551724137931,0.6206896551724138,0.7058823529411765,38.20468890892696,2.6348061316501354,172799.999999,259199.999999,509759.9999989999,8.6826285481104,1.2126277801445178,0.4221135375294889,2.34741779492028,6.919971945753115,7.99239944155137,2.556042464218595,0.19827586206896552,172800.000001,37.68000000000001,,,1125,3.0362765229295,NORMAL,UP,INVERSE_THRESHOLD_CROSS,DNO_PERIOD_7_REFERENCE,True,0.2929304578479991,-0.06481374697266751,-0.12613885365009803,STABLE_POSITIVE_FOLDS,-0.2549019607843137,0.0
INVERSE|INVERSE_MACD_12_26_9_SIGNAL_CROSS|MACD_12_26_9_SHIFT0_V1|1D|DOWN,INVERSE_PREDICTOR,DIRECTIONAL,1D,DISCOVERY,1D,HIGH,101,24,18,3,2,0.08333333333333333,0.75,0.1782178217821782,8.184873949579831,0.6820728291316526,172799.999999,259199.999999,483839.9999990001,10.231391996309544,1.4887401970934,0.3665539536988922,3.6863682951827883,6.015980795650436,4.294499487529892,1.3155845420033103,0.125,432000.000001,20.24000000000001,,,1125,2.9322381930184807,INSUFFICIENT,DOWN,INVERSE_THRESHOLD_CROSS,MACD_12_26_9_SHIFT0_V1,True,0.43333333333333335,-0.05333333333333333,-0.265,STABLE_POSITIVE_FOLDS,-0.7623762376237624,86399.99999999999
INVERSE|INVERSE_MACD_12_26_9_SIGNAL_CROSS|MACD_12_26_9_SHIFT0_V1|1D|UP,INVERSE_PREDICTOR,DIRECTIONAL,1D,DISCOVERY,1D,LOW,102,26,17,7,1,0.038461538461538464,0.6538461538461539,0.16666666666666666,9.402475247524752,0.3616336633663366,345599.999999,431999.999999,501119.99999900005,11.62634948699402,1.874053682037167,0.44892225551112735,1.7306538298071446,3.416384095074686,10.186893945962314,6.676298812119483,0.2692307692307692,172800.000001,166.97999999999996,,,1125,2.7652292950034223,INSUFFICIENT,UP,INVERSE_THRESHOLD_CROSS,MACD_12_26_9_SHIFT0_V1,True,0.32608695652173914,-0.09531772575250835,-0.05518394648829433,STABLE_POSITIVE_FOLDS,-0.7941176470588236,172800.0
INVERSE|INVERSE_STOCH_14_3_3_POINT_BAR|STOCH_K14_KS3_D3_SHIFT0_V1|1D|DOWN,INVERSE_PREDICTOR,DIRECTIONAL,1D,DISCOVERY,1D,HIGH,101,79,49,18,6,0.0759493670886076,0.620253164556962,0.48514851485148514,27.376423149905126,2.0792220113851996,172799.999999,259199.999999,259199.999999,6.339637509850276,1.094631297813589,0.46931106471816225,2.548350398179747,7.093780495090914,6.245928054078626,2.492822966507177,0.22784810126582278,172800.000001,73.26999999999998,,,1125,2.8856947296372346,LOW_SAMPLE,DOWN,INVERSE_THRESHOLD_CROSS,STOCH_K14_KS3_D3_SHIFT0_V1,True,0.30358649789029535,-0.06071729957805906,-0.16215189873417724,STABLE_POSITIVE_FOLDS,-0.4554455445544554,86399.99999999999
INVERSE|INVERSE_STOCH_14_3_3_POINT_BAR|STOCH_K14_KS3_D3_SHIFT0_V1|1D|UP,INVERSE_PREDICTOR,DIRECTIONAL,1D,DISCOVERY,1D,LOW,102,55,35,11,4,0.07272727272727272,0.6363636363636364,0.3431372549019608,18.345890410958905,1.334246575342466,172799.999999,259199.999999,483839.9999990001,8.825866389584986,1.2412111880934045,0.37578726382085326,3.205877972011749,10.190565731395578,3.9787513001478545,1.6883230904301922,0.2,1e-06,277.19000000000005,,,1125,2.9979466119096507,LOW_SAMPLE,UP,INVERSE_THRESHOLD_CROSS,STOCH_K14_KS3_D3_SHIFT0_V1,True,0.30860443903922163,-0.06105199148677409,-0.12441471571906354,STABLE_POSITIVE_FOLDS,-0.6176470588235294,0.0
MACD|DINAPOLI_MACD_REFERENCE_V1|HIST_CROSS_UP_ZERO|HIST_CROSS_DOWN_ZERO|1D|DOWN,MACD,DIRECTIONAL,1D,DISCOVERY,1D,HIGH,101,55,31,15,8,0.14545454545454545,0.5636363636363636,0.3069306930693069,18.61793327154773,2.7080630213160335,259199.999999,388799.999999,518399.999999,9.298050139275766,1.702203644332618,0.4045006096885045,2.292713128495431,5.076726302678745,7.500777789626186,3.2928744266266907,0.2727272727272727,259200.000001,92.75,,,1125,2.954140999315537,LOW_SAMPLE,DOWN,HIST_CROSS_DOWN_ZERO,DINAPOLI_MACD_REFERENCE_V1,True,0.24696969696969695,0.008787878787878789,-0.1172727272727273,STABLE_POSITIVE_FOLDS,-0.6336633663366336,172800.0
MACD|DINAPOLI_MACD_REFERENCE_V1|HIST_CROSS_UP_ZERO|HIST_CROSS_DOWN_ZERO|1D|UP,MACD,DIRECTIONAL,1D,DISCOVERY,1D,LOW,102,55,37,8,9,0.16363636363636364,0.6727272727272727,0.3627450980392157,18.774532710280372,3.072196261682243,345599.999999,518399.999999,604799.999999,13.399071925754061,1.8139057717423206,0.38947677836566713,1.9692858541497722,5.161844922030414,7.8216270123949245,5.037181996086116,0.14545454545454545,216000.000001,147.89500000000007,,,1125,2.9295003422313486,LOW_SAMPLE,UP,HIST_CROSS_UP_ZERO,DINAPOLI_MACD_REFERENCE_V1,True,0.344968075402858,0.02985709942231682,-0.1789601702645181,STABLE_POSITIVE_FOLDS,-0.5980392156862746,172800.0
MACD|DINAPOLI_MACD_REFERENCE_V1|MACD_CROSS_UP_SIGNAL|MACD_CROSS_DOWN_SIGNAL|1D|DOWN,MACD,DIRECTIONAL,1D,DISCOVERY,1D,HIGH,101,55,31,15,8,0.14545454545454545,0.5636363636363636,0.3069306930693069,18.61793327154773,2.7080630213160335,259199.999999,388799.999999,518399.999999,9.298050139275766,1.702203644332618,0.4045006096885045,2.292713128495431,5.076726302678745,7.500777789626186,3.2928744266266907,0.2727272727272727,259200.000001,92.75,,,1125,2.954140999315537,LOW_SAMPLE,DOWN,MACD_CROSS_DOWN_SIGNAL,DINAPOLI_MACD_REFERENCE_V1,True,0.24696969696969695,0.008787878787878789,-0.1172727272727273,STABLE_POSITIVE_FOLDS,-0.6336633663366336,172800.0
MACD|DINAPOLI_MACD_REFERENCE_V1|MACD_CROSS_UP_SIGNAL|MACD_CROSS_DOWN_SIGNAL|1D|UP,MACD,DIRECTIONAL,1D,DISCOVERY,1D,LOW,102,55,37,8,9,0.16363636363636364,0.6727272727272727,0.3627450980392157,18.774532710280372,3.072196261682243,345599.999999,518399.999999,604799.999999,13.399071925754061,1.8139057717423206,0.38947677836566713,1.9692858541497722,5.161844922030414,7.8216270123949245,5.037181996086116,0.14545454545454545,216000.000001,147.89500000000007,,,1125,2.9295003422313486,LOW_SAMPLE,UP,MACD_CROSS_UP_SIGNAL,DINAPOLI_MACD_REFERENCE_V1,True,0.344968075402858,0.02985709942231682,-0.1789601702645181,STABLE_POSITIVE_FOLDS,-0.5980392156862746,172800.0
MACD|MACD_12_26_9_SHIFT0_V1|HIST_CROSS_UP_ZERO|HIST_CROSS_DOWN_ZERO|1D|DOWN,MACD,DIRECTIONAL,1D,DISCOVERY,1D,HIGH,101,43,24,13,6,0.13953488372093023,0.5581395348837209,0.2376237623762376,15.072696737044147,2.1031669865642995,259199.999999,345599.999999,431999.999999,11.336356975299598,1.876813786378525,0.3665539536988922,2.796633195529723,5.475208764874006,6.931128828309958,1.7857300732145243,0.3023255813953488,259200.000001,53.22000000000003,,,1125,2.8528405201916494,LOW_SAMPLE,DOWN,HIST_CROSS_DOWN_ZERO,MACD_12_26_9_SHIFT0_V1,True,0.24147286821705427,0.002868217054263572,-0.0876744186046512,STABLE_POSITIVE_FOLDS,-0.7029702970297029,172800.0
MACD|MACD_12_26_9_SHIFT0_V1|HIST_CROSS_UP_ZERO|HIST_CROSS_DOWN_ZERO|1D|UP,MACD,DIRECTIONAL,1D,DISCOVERY,1D,LOW,102,43,27,9,7,0.16279069767441862,0.627906976744186,0.2647058823529412,14.678271028037383,2.389485981308411,345599.999999,518399.999999,604799.999999,13.085937500000005,1.8713887371719322,0.41836878433582253,1.6613054277454342,4.184134654600798,8.266888150609084,5.582003828972575,0.20930232558139536,172800.000001,26.73999999999998,,,1125,2.9295003422313486,LOW_SAMPLE,UP,HIST_CROSS_UP_ZERO,MACD_12_26_9_SHIFT0_V1,True,0.30014777941977133,0.0290114334603718,-0.11511239013766819,STABLE_POSITIVE_FOLDS,-0.696078431372549,172800.0
MACD|MACD_12_26_9_SHIFT0_V1|MACD_CROSS_UP_SIGNAL|MACD_CROSS_DOWN_SIGNAL|1D|DOWN,MACD,DIRECTIONAL,1D,DISCOVERY,1D,HIGH,101,43,24,13,6,0.13953488372093023,0.5581395348837209,0.2376237623762376,15.072696737044147,2.1031669865642995,259199.999999,345599.999999,431999.999999,11.336356975299598,1.876813786378525,0.3665539536988922,2.796633195529723,5.475208764874006,6.931128828309958,1.7857300732145243,0.3023255813953488,259200.000001,53.22000000000003,,,1125,2.8528405201916494,LOW_SAMPLE,DOWN,MACD_CROSS_DOWN_SIGNAL,MACD_12_26_9_SHIFT0_V1,True,0.24147286821705427,0.002868217054263572,-0.0876744186046512,STABLE_POSITIVE_FOLDS,-0.7029702970297029,172800.0
MACD|MACD_12_26_9_SHIFT0_V1|MACD_CROSS_UP_SIGNAL|MACD_CROSS_DOWN_SIGNAL|1D|UP,MACD,DIRECTIONAL,1D,DISCOVERY,1D,LOW,102,43,27,9,7,0.16279069767441862,0.627906976744186,0.2647058823529412,14.678271028037383,2.389485981308411,345599.999999,518399.999999,604799.999999,13.085937500000005,1.8713887371719322,0.41836878433582253,1.6613054277454342,4.184134654600798,8.266888150609084,5.582003828972575,0.20930232558139536,172800.000001,26.73999999999998,,,1125,2.9295003422313486,LOW_SAMPLE,UP,MACD_CROSS_UP_SIGNAL,MACD_12_26_9_SHIFT0_V1,True,0.30014777941977133,0.0290114334603718,-0.11511239013766819,STABLE_POSITIVE_FOLDS,-0.696078431372549,172800.0
OSC_PREDICTOR|PROJECT_DINAPOLI_STYLE_OSCILLATOR_PREDICTOR_REFERENCE|CROSSED_OB_BAND_UP|1D|UP,OSC_PREDICTOR,DIRECTIONAL,1D,DISCOVERY,1D,LOW,102,77,42,10,20,0.2597402597402597,0.5454545454545454,0.4117647058823529,25.590764331210192,6.646951774340309,431999.999999,518399.999999,604799.999999,14.989800401922999,2.1160499681411027,0.36664288979493165,2.6745709347512534,5.016011807202398,9.978641196093015,3.4644067796610187,0.12987012987012986,216000.000001,161.2749999999998,,,1125,3.0088980150581794,LOW_SAMPLE,UP,CROSSED_OB_BAND_UP,PROJECT_DINAPOLI_STYLE_OSCILLATOR_PREDICTOR_REFERENCE,True,0.2176953481301307,0.1259609955262129,-0.1945445858489337,STABLE_POSITIVE_FOLDS,-0.5490196078431373,259200.0
OSC_PREDICTOR|PROJECT_DINAPOLI_STYLE_OSCILLATOR_PREDICTOR_REFERENCE|CROSSED_OS_BAND_DOWN|1D|DOWN,OSC_PREDICTOR,DIRECTIONAL,1D,DISCOVERY,1D,HIGH,101,66,37,10,12,0.18181818181818182,0.5606060606060606,0.36633663366336633,22.445530726256983,4.081005586592179,259199.999999,345599.999999,518399.999999,12.269011768676254,1.8888223444220609,0.35887577886782435,3.84798924124767,8.597572949146134,6.106921401039057,1.3525484770626084,0.15151515151515152,302400.000001,51.22999999999999,,,1125,2.940451745379877,LOW_SAMPLE,DOWN,CROSSED_OS_BAND_DOWN,PROJECT_DINAPOLI_STYLE_OSCILLATOR_PREDICTOR_REFERENCE,True,0.2439393939393939,0.045151515151515165,-0.2384848484848485,STABLE_POSITIVE_FOLDS,-0.5742574257425742,172800.0
OSC_PREDICTOR|PROJECT_DINAPOLI_STYLE_OSCILLATOR_PREDICTOR_REFERENCE|FORECAST_OB_CROSS|1D|UP,OSC_PREDICTOR,DIRECTIONAL,1D,DISCOVERY,1D,LOW,102,122,49,19,29,0.23770491803278687,0.4016393442622951,0.4803921568627451,40.25338753387534,9.568428184281844,345599.999999,431999.999999,604799.999999,14.421419402163965,1.9670957718344246,0.40289189364042166,2.299519973329853,4.84666264597958,9.270322016794678,4.182350558362243,0.1557377049180328,172800.000001,85.42000000000007,,,1125,3.030800821355236,NORMAL,UP,FORECAST_OB_CROSS,PROJECT_DINAPOLI_STYLE_OSCILLATOR_PREDICTOR_REFERENCE,True,0.07388014693788036,0.10392565381874005,-0.16867701080103076,STABLE_POSITIVE_FOLDS,-0.4803921568627451,172800.0
OSC_PREDICTOR|PROJECT_DINAPOLI_STYLE_OSCILLATOR_PREDICTOR_REFERENCE|FORECAST_OS_CROSS|1D|DOWN,OSC_PREDICTOR,DIRECTIONAL,1D,DISCOVERY,1D,HIGH,101,82,44,15,16,0.1951219512195122,0.5365853658536586,0.43564356435643564,27.680683918669132,5.401109057301294,259199.999999,431999.999999,578879.9999990002,12.034997880734775,1.888590462520223,0.32532098042181645,3.8566057402375065,8.335220980694555,5.146938105401409,1.3155845420033103,0.18292682926829268,259200.000001,67.0,,,1125,2.9623545516769334,LOW_SAMPLE,DOWN,FORECAST_OS_CROSS,PROJECT_DINAPOLI_STYLE_OSCILLATOR_PREDICTOR_REFERENCE,True,0.21991869918699192,0.05845528455284554,-0.20707317073170733,STABLE_POSITIVE_FOLDS,-0.504950495049505,172800.0
PURE_DNO|DNO_PERIOD_7_REFERENCE|DNO_ZERO_CROSS_DOWN|1D|DOWN,PURE_DNO,DIRECTIONAL,1D,DISCOVERY,1D,HIGH,101,123,74,24,10,0.08130081300813008,0.6016260162601627,0.7326732673267327,40.40085431654676,3.284622302158273,172799.999999,259199.999999,345599.999999,7.036191784317075,1.0956140888065602,0.4535915638174816,2.4699586072575297,6.924187840341165,6.1764247275588415,2.786988167773055,0.1951219512195122,216000.000001,82.39999999999998,,,1125,3.0444900752908968,NORMAL,DOWN,DNO_ZERO_CROSS_DOWN,DNO_PERIOD_7_REFERENCE,True,0.284959349593496,-0.05536585365853658,-0.1948780487804878,STABLE_POSITIVE_FOLDS,-0.20792079207920788,86399.99999999999
PURE_DNO|DNO_PERIOD_7_REFERENCE|DNO_ZERO_CROSS_UP|1D|UP,PURE_DNO,DIRECTIONAL,1D,DISCOVERY,1D,LOW,102,122,73,23,12,0.09836065573770492,0.5983606557377049,0.7156862745098039,40.18079350766457,3.952209197475203,259199.999999,345599.999999,518399.999999,9.678873239436623,1.2469333333333328,0.42605540780922546,2.39208780735278,7.678642058436643,8.254601002223719,2.66382206593339,0.1885245901639344,172800.000001,33.50999999999999,,,1125,3.0362765229295,NORMAL,UP,DNO_ZERO_CROSS_UP,DNO_PERIOD_7_REFERENCE,True,0.2706014584132902,-0.0354186084763419,-0.13589012555512914,STABLE_POSITIVE_FOLDS,-0.2450980392156863,86400.0
STOCH|DINAPOLI_PREFERRED_STOCHASTIC_REFERENCE_V1|K_CROSS_UP_D|K_CROSS_DOWN_D|1D|DOWN,STOCHASTIC,DIRECTIONAL,1D,DISCOVERY,1D,HIGH,101,101,67,23,11,0.10891089108910891,0.6633663366336634,0.6633663366336634,33.17468525179856,3.6130845323741005,172799.999999,259199.999999,380159.9999989999,7.4727371864776515,1.2907224481890376,0.48913191605342116,2.8059236165237764,6.824508703141856,6.397482957524902,3.5655526992287854,0.22772277227722773,259200.000001,113.43000000000006,,,1125,3.0444900752908968,NORMAL,DOWN,K_CROSS_DOWN_D,DINAPOLI_PREFERRED_STOCHASTIC_REFERENCE_V1,True,0.34669966996699675,-0.027755775577557748,-0.16227722772277228,STABLE_POSITIVE_FOLDS,-0.27722772277227714,86399.99999999999
STOCH|DINAPOLI_PREFERRED_STOCHASTIC_REFERENCE_V1|K_CROSS_UP_D|K_CROSS_DOWN_D|1D|UP,STOCHASTIC,DIRECTIONAL,1D,DISCOVERY,1D,LOW,102,100,69,11,15,0.15,0.69,0.6764705882352942,33.20454545454545,4.980681818181818,259199.999999,431999.999999,518399.999999,11.03629412540184,1.406974675286162,0.4258582907231552,2.3022106289093793,5.3356117038462925,9.36528258816102,4.417486926203901,0.11,172800.000001,35.31,,,1125,3.0116358658453115,NORMAL,UP,K_CROSS_UP_D,DINAPOLI_PREFERRED_STOCHASTIC_REFERENCE_V1,True,0.3622408026755852,0.016220735785953178,-0.21441471571906356,STABLE_POSITIVE_FOLDS,-0.28431372549019607,86400.0
STOCH|STOCH_K14_KS3_D3_SHIFT0_V1|K_CROSS_UP_D|K_CROSS_DOWN_D|1D|DOWN,STOCHASTIC,DIRECTIONAL,1D,DISCOVERY,1D,HIGH,101,140,80,38,19,0.1357142857142857,0.5714285714285714,0.7920792079207921,45.6970509383378,6.201742627345845,172799.999999,259199.999999,345599.999999,6.47837790216784,1.0686167904733517,0.4706593933629425,2.0170468099676375,6.005117619661662,5.582654545822787,3.0837581022952314,0.2714285714285714,259200.000001,102.495,,,1125,3.0636550308008212,NORMAL,DOWN,K_CROSS_DOWN_D,STOCH_K14_KS3_D3_SHIFT0_V1,True,0.25476190476190474,-0.0009523809523809545,-0.1185714285714286,STABLE_POSITIVE_FOLDS,-0.14851485148514842,86399.99999999999
STOCH|STOCH_K14_KS3_D3_SHIFT0_V1|K_CROSS_UP_D|K_CROSS_DOWN_D|1D|UP,STOCHASTIC,DIRECTIONAL,1D,DISCOVERY,1D,LOW,102,139,83,22,19,0.1366906474820144,0.5971223021582733,0.8137254901960784,45.615229110512125,6.235175202156334,172799.999999,259199.999999,345599.999999,9.341047894567662,1.2414603112459623,0.5190924183729938,2.2087824809372436,7.923506155815825,7.036265833767147,3.61296296296295,0.15827338129496402,86400.000001,49.360000000000014,,,1125,3.047227926078029,NORMAL,UP,K_CROSS_UP_D,STOCH_K14_KS3_D3_SHIFT0_V1,True,0.2693631048338586,0.002911383267967582,-0.16614133442409953,STABLE_POSITIVE_FOLDS,-0.1470588235294118,0.0
