timeframe,split,direction,control_id,event_semantics,horizon,event_count,sample_flag,reversal_rate,reversal_wilson_lo,reversal_wilson_hi,base_rate,absolute_lift,relative_lift,forward_return_mean,forward_return_median,forward_return_mean_ci_lo,forward_return_mean_ci_hi,mfe_mean,mfe_median,mfe_mean_ci_lo,mfe_mean_ci_hi,mae_mean,mae_median,mae_mean_ci_lo,mae_mean_ci_hi
12H,DISCOVERY,OB,ATR_1X_PRICE_BAND_CONTROL_V1,FORECAST_REALIZATION,1,130,N_GE_100,0.4461538461538462,0.3634686477864737,0.5319300922166345,0.4753223654957759,-0.02916851934192971,-0.061365762394761436,0.005954208330312371,0.0017610941209410536,1.4674006822350927e-05,0.0128079723878344,7.62640200191251,5.981052631578944,6.5004018437111135,8.77526691819981,10.188909201975937,7.543523283375693,8.661671289884337,11.860056434190925
12H,DISCOVERY,OB,ATR_1X_PRICE_BAND_CONTROL_V1,FORECAST_REALIZATION,3,130,N_GE_100,0.43846153846153846,0.3561441424577135,0.5243115604029815,0.4712950600801068,-0.03283352161856834,-0.06966659402920028,0.0155775003419135,0.008887455320959914,0.004696264346012865,0.026336341030058746,7.62640200191251,5.981052631578944,6.5004018437111135,8.77526691819981,10.188909201975937,7.543523283375693,8.661671289884337,11.860056434190925
12H,DISCOVERY,OB,ATR_1X_PRICE_BAND_CONTROL_V1,FORECAST_REALIZATION,5,130,N_GE_100,0.4153846153846154,0.3342905969843901,0.5013359944490656,0.4552338530066815,-0.0398492376220661,-0.08753575191931351,0.02134849818008944,0.01594553077724903,0.007614163535033172,0.03531759201553093,7.62640200191251,5.981052631578944,6.5004018437111135,8.77526691819981,10.188909201975937,7.543523283375693,8.661671289884337,11.860056434190925
12H,DISCOVERY,OB,ATR_1X_PRICE_BAND_CONTROL_V1,FORECAST_REALIZATION,10,129,N_GE_100,0.4496124031007752,0.3664624265425491,0.5356766624175358,0.44375,0.0058624031007752375,0.013211049241183659,0.025724306030352046,0.008980716253443433,0.005744196728863124,0.04514514639978122,7.610654941666171,5.889230769230766,6.502950271074055,8.784313330044888,10.26365075120101,7.632266204994274,8.669615994194974,11.913499499843729
12H,DISCOVERY,OB,CAUSAL_DNO_QUANTILE_80_20_CONTROL_V1,FORECAST_REALIZATION,1,213,N_GE_100,0.4507042253521127,0.3853450077431652,0.5178101064046736,0.4753223654957759,-0.024618140143663203,-0.05179251373535876,0.003797082596509104,0.0015884656362856742,-0.000658005902461616,0.008204010751543702,7.4632805225056735,6.021267120683856,6.599173914491692,8.243238754451504,9.027821149840914,6.755279360147309,7.876441523778483,10.182815121014901
12H,DISCOVERY,OB,CAUSAL_DNO_QUANTILE_80_20_CONTROL_V1,FORECAST_REALIZATION,3,213,N_GE_100,0.47417840375586856,0.40817206570259545,0.5410996607557963,0.4712950600801068,0.0028833436757617625,0.006117916184548378,0.005009052886152355,0.0016629664235079389,-0.0031886861832141574,0.012215360443050171,7.4632805225056735,6.021267120683856,6.599173914491692,8.243238754451504,9.027821149840914,6.755279360147309,7.876441523778483,10.182815121014901
12H,DISCOVERY,OB,CAUSAL_DNO_QUANTILE_80_20_CONTROL_V1,FORECAST_REALIZATION,5,213,N_GE_100,0.5211267605633803,0.45425982853643193,0.5872451225430656,0.4552338530066815,0.06589290755669874,0.14474518342934317,0.007235637867051637,-0.0036336803991470212,-0.002570446730281774,0.017418247052766418,7.4632805225056735,6.021267120683856,6.599173914491692,8.243238754451504,9.027821149840914,6.755279360147309,7.876441523778483,10.182815121014901
12H,DISCOVERY,OB,CAUSAL_DNO_QUANTILE_80_20_CONTROL_V1,FORECAST_REALIZATION,10,212,N_GE_100,0.4481132075471698,0.3826854008193554,0.5153880011569087,0.44375,0.004363207547169845,0.009832580387988399,0.020065476693732754,0.012802092024520095,0.007020351395466995,0.03461344174146591,7.452929143962352,5.969933015755354,6.591126363852445,8.289380700936416,9.067823847000817,6.801191307013253,7.952294059315697,10.235975534212967
12H,DISCOVERY,OB,PROJECT_DYNAMIC_EXTREMA_V1,FORECAST_REALIZATION,1,226,N_GE_100,0.4557522123893805,0.3920995952137125,0.520883955196657,0.4753223654957759,-0.01957015310639537,-0.04117238010877755,0.003441941296582629,0.0016222830862796522,-0.0008178335207862616,0.007844369366142148,7.451292725467315,6.04707080730549,6.603252522053257,8.446237368487779,9.131801217112816,7.252225935523551,8.044564215291473,10.381732653331865
12H,DISCOVERY,OB,PROJECT_DYNAMIC_EXTREMA_V1,FORECAST_REALIZATION,3,226,N_GE_100,0.4646017699115044,0.4007113560878442,0.5296754842404513,0.4712950600801068,-0.006693290168602373,-0.01420191030108553,0.009874628875275583,0.003919027520529306,0.0029963157370126482,0.0175700476740263,7.451292725467315,6.04707080730549,6.603252522053257,8.446237368487779,9.131801217112816,7.252225935523551,8.044564215291473,10.381732653331865
12H,DISCOVERY,OB,PROJECT_DYNAMIC_EXTREMA_V1,FORECAST_REALIZATION,5,226,N_GE_100,0.49557522123893805,0.431010117048992,0.5602882379920449,0.4552338530066815,0.040341368232256536,0.08861680203661049,0.01220574442549031,0.000792302053157834,0.0027888436022406775,0.022753008159870632,7.451292725467315,6.04707080730549,6.603252522053257,8.446237368487779,9.131801217112816,7.252225935523551,8.044564215291473,10.381732653331865
12H,DISCOVERY,OB,PROJECT_DYNAMIC_EXTREMA_V1,FORECAST_REALIZATION,10,225,N_GE_100,0.44,0.37668483725095925,0.5053296216586095,0.44375,-0.0037499999999999756,-0.008450704225352101,0.019197331219186917,0.011922440493869146,0.005622492921252944,0.03414279141710851,7.441486147475215,6.021267120683856,6.630679811584644,8.439388215097516,9.16995478095802,7.316344767406589,8.046407077481838,10.371719060128228
12H,DISCOVERY,OS,ATR_1X_PRICE_BAND_CONTROL_V1,FORECAST_REALIZATION,1,133,N_GE_100,0.5789473684210527,0.49397675745299596,0.6594853476378536,0.5246776345042241,0.054269733916828544,0.10343443354148074,0.00011860285647958047,0.004101079548881392,-0.0080478832017305,0.007961139900549256,9.070687268444981,6.579820276219768,7.707007192344249,10.480941782023354,9.066987534185708,6.179340390293088,7.414667483160288,10.871612502725066
12H,DISCOVERY,OS,ATR_1X_PRICE_BAND_CONTROL_V1,FORECAST_REALIZATION,3,133,N_GE_100,0.5864661654135338,0.5014897655961853,0.666587778074745,0.5282599020916778,0.05820626332185597,0.1101848977963018,0.00878132377888136,0.01307796479009471,-0.0027403498660986386,0.019681817699080232,9.070687268444981,6.579820276219768,7.707007192344249,10.480941782023354,9.066987534185708,6.179340390293088,7.414667483160288,10.871612502725066
12H,DISCOVERY,OS,ATR_1X_PRICE_BAND_CONTROL_V1,FORECAST_REALIZATION,5,133,N_GE_100,0.556390977443609,0.47155185481916273,0.6380639345314439,0.5443207126948775,0.012070264748731518,0.022174913552293285,0.007651135228692165,0.012965084535002225,-0.006966854610732988,0.021992823283296953,9.070687268444981,6.579820276219768,7.707007192344249,10.480941782023354,9.066987534185708,6.179340390293088,7.414667483160288,10.871612502725066
12H,DISCOVERY,OS,ATR_1X_PRICE_BAND_CONTROL_V1,FORECAST_REALIZATION,10,132,N_GE_100,0.5909090909090909,0.5056164209755144,0.6710599432604781,0.5558035714285714,0.03510551948051954,0.06316173786053314,0.015661886191528567,0.019611549060811417,-0.0037044584316558815,0.03542525418144564,9.087008583465238,6.448999383296206,7.683517010589056,10.47152638170931,9.128108376734788,6.180231743060493,7.627712410340264,10.865967578583637
12H,DISCOVERY,OS,CAUSAL_DNO_QUANTILE_80_20_CONTROL_V1,FORECAST_REALIZATION,1,201,N_GE_100,0.5422885572139303,0.47326358207226243,0.6097273728900108,0.5246776345042241,0.01761092270970621,0.03356522472383827,-0.003448163032254618,0.002944249216449757,-0.009444524860396392,0.002270666682544667,8.435113227499594,6.6044697448872025,7.469522230701726,9.509832584435316,9.556376226118342,5.31206831596132,8.096908421072543,11.012661438371413
12H,DISCOVERY,OS,CAUSAL_DNO_QUANTILE_80_20_CONTROL_V1,FORECAST_REALIZATION,3,201,N_GE_100,0.5422885572139303,0.47326358207226243,0.6097273728900108,0.5282599020916778,0.014028655122252487,0.02655635051364902,-0.0045121757806749225,0.008959478721237923,-0.014563571278733931,0.00548005122514829,8.435113227499594,6.6044697448872025,7.469522230701726,9.509832584435316,9.556376226118342,5.31206831596132,8.096908421072543,11.012661438371413
12H,DISCOVERY,OS,CAUSAL_DNO_QUANTILE_80_20_CONTROL_V1,FORECAST_REALIZATION,5,201,N_GE_100,0.5870646766169154,0.5179855410742539,0.6528781897304264,0.5443207126948775,0.04274396392203794,0.07852716776184554,0.004669442286852027,0.013155349197137012,-0.007229048329214444,0.015755389743566203,8.435113227499594,6.6044697448872025,7.469522230701726,9.509832584435316,9.556376226118342,5.31206831596132,8.096908421072543,11.012661438371413
12H,DISCOVERY,OS,CAUSAL_DNO_QUANTILE_80_20_CONTROL_V1,FORECAST_REALIZATION,10,201,N_GE_100,0.5422885572139303,0.47326358207226243,0.6097273728900108,0.5558035714285714,-0.013515014214641075,-0.024316170153249828,0.004423539391653154,0.007815422531595395,-0.014207543429109772,0.020085609249286405,8.435113227499594,6.6044697448872025,7.469522230701726,9.509832584435316,9.556376226118342,5.31206831596132,8.096908421072543,11.012661438371413
12H,DISCOVERY,OS,PROJECT_DYNAMIC_EXTREMA_V1,FORECAST_REALIZATION,1,158,N_GE_100,0.5379746835443038,0.460256754162251,0.6138898187831475,0.5246776345042241,0.013297049040079667,0.025343273975541702,-0.004087918999233661,0.0016881876803030993,-0.010957363306933351,0.0026272469622697033,8.215689241814195,6.5573855829712135,7.174762469643114,9.277143470264157,9.450739316724231,5.768669191545156,7.859683022416206,11.141127471822344
12H,DISCOVERY,OS,PROJECT_DYNAMIC_EXTREMA_V1,FORECAST_REALIZATION,3,158,N_GE_100,0.5189873417721519,0.44155714629009724,0.595516140182602,0.5282599020916778,-0.009272560319525947,-0.017553026990711706,0.00029534388093473016,0.0022080455043252956,-0.009796996750573246,0.010334860783351493,8.215689241814195,6.5573855829712135,7.174762469643114,9.277143470264157,9.450739316724231,5.768669191545156,7.859683022416206,11.141127471822344
12H,DISCOVERY,OS,PROJECT_DYNAMIC_EXTREMA_V1,FORECAST_REALIZATION,5,158,N_GE_100,0.5443037974683544,0.4665142231256855,0.6199901119772793,0.5443207126948775,-1.6915226523028792e-05,-3.1075845780881295e-05,0.004128464942069747,0.008942700461550102,-0.008223634181105539,0.017463291558458428,8.215689241814195,6.5573855829712135,7.174762469643114,9.277143470264157,9.450739316724231,5.768669191545156,7.859683022416206,11.141127471822344
12H,DISCOVERY,OS,PROJECT_DYNAMIC_EXTREMA_V1,FORECAST_REALIZATION,10,158,N_GE_100,0.5822784810126582,0.5043167728851662,0.6563341351631972,0.5558035714285714,0.026474909584086825,0.047633572263738655,0.004860829872659381,0.011484246066901016,-0.011083260227296535,0.022433276174712167,8.215689241814195,6.5573855829712135,7.174762469643114,9.277143470264157,9.450739316724231,5.768669191545156,7.859683022416206,11.141127471822344
12H,VALIDATION,OB,ATR_1X_PRICE_BAND_CONTROL_V1,FORECAST_REALIZATION,1,50,N_30_99,0.26,0.15871379651367384,0.3955342198899992,0.520694259012016,-0.26069425901201604,-0.5006666666666666,0.009248839188501355,0.005041965551317973,0.004674458074299951,0.01438717082670193,4.154365649792764,2.6831860059453563,2.8513524236158534,5.732652779330953,7.745286668891344,6.084447861755832,6.040585108510206,9.758329178025264
12H,VALIDATION,OB,ATR_1X_PRICE_BAND_CONTROL_V1,FORECAST_REALIZATION,3,50,N_30_99,0.42,0.2937479723456693,0.5576680331222217,0.5033467202141901,-0.08334672021419015,-0.16558510638297885,0.011208943251777612,0.0038184700884917877,0.0011161790838974865,0.020682380986657697,4.154365649792764,2.6831860059453563,2.8513524236158534,5.732652779330953,7.745286668891344,6.084447861755832,6.040585108510206,9.758329178025264
12H,VALIDATION,OB,ATR_1X_PRICE_BAND_CONTROL_V1,FORECAST_REALIZATION,5,50,N_30_99,0.34,0.2243676963506106,0.47846431458517147,0.4912751677852349,-0.15127516778523487,-0.30792349726775947,0.01981806880809119,0.0154537203188857,0.005921871788003363,0.03470652139737509,4.154365649792764,2.6831860059453563,2.8513524236158534,5.732652779330953,7.745286668891344,6.084447861755832,6.040585108510206,9.758329178025264
12H,VALIDATION,OB,ATR_1X_PRICE_BAND_CONTROL_V1,FORECAST_REALIZATION,10,49,N_30_99,0.40816326530612246,0.2821503460597105,0.5475293002795374,0.4635135135135135,-0.05535024820739104,-0.11941452966026056,0.024824205372921723,0.01835938713988261,0.00044492145714781237,0.04795884631608915,4.232115912534466,2.714902090939259,3.0133680772213576,5.834861427367137,7.841484905703373,6.102963062395308,6.043499431972971,9.856957556071947
12H,VALIDATION,OB,CAUSAL_DNO_QUANTILE_80_20_CONTROL_V1,FORECAST_REALIZATION,1,69,N_30_99,0.4782608695652174,0.36468525497597737,0.5941294882476751,0.520694259012016,-0.04243338944679864,-0.0814938684503902,0.0023400486421664615,0.0016081682811563969,-0.0035906318938111873,0.008768848606750815,5.183629330769474,3.4251040941218323,4.075184348544361,6.225043555848014,6.748844282207432,4.446664392573461,5.246309905508909,8.284195285619596
12H,VALIDATION,OB,CAUSAL_DNO_QUANTILE_80_20_CONTROL_V1,FORECAST_REALIZATION,3,69,N_30_99,0.463768115942029,0.35113991297637237,0.5802179923963817,0.5033467202141901,-0.039578604272161144,-0.07863089731729889,0.004137158157497497,0.001212561143601798,-0.0032110487834073153,0.011779550648053362,5.183629330769474,3.4251040941218323,4.075184348544361,6.225043555848014,6.748844282207432,4.446664392573461,5.246309905508909,8.284195285619596
12H,VALIDATION,OB,CAUSAL_DNO_QUANTILE_80_20_CONTROL_V1,FORECAST_REALIZATION,5,69,N_30_99,0.391304347826087,0.28481147647724914,0.509262239641013,0.4912751677852349,-0.09997081995914792,-0.20349251603706342,0.01171458540337955,0.008132277037570468,0.00018237829734139746,0.023568226834317932,5.183629330769474,3.4251040941218323,4.075184348544361,6.225043555848014,6.748844282207432,4.446664392573461,5.246309905508909,8.284195285619596
12H,VALIDATION,OB,CAUSAL_DNO_QUANTILE_80_20_CONTROL_V1,FORECAST_REALIZATION,10,68,N_30_99,0.5294117647058824,0.4124071581374707,0.643270889122056,0.4635135135135135,0.06589825119236886,0.14217115417595605,0.008388834740015796,-0.0014879358952763488,-0.010941732900598695,0.027660355188189923,5.254791485994769,3.5106910360792773,4.173403925267561,6.3919294377436575,6.803510035400159,4.50142795353212,5.285144927190484,8.398401761337785
12H,VALIDATION,OB,PROJECT_DYNAMIC_EXTREMA_V1,FORECAST_REALIZATION,1,58,N_30_99,0.46551724137931033,0.34331815357826717,0.5920004668972703,0.520694259012016,-0.055177017632705716,-0.10596816976127332,0.0010044020704776946,0.0026655946214391157,-0.005129809742027086,0.007261975518083391,6.01596465075215,4.999145442022631,4.555124276673881,7.3902007813076755,6.629352470274643,4.522140752429143,5.286522665581734,8.379190767617413
12H,VALIDATION,OB,PROJECT_DYNAMIC_EXTREMA_V1,FORECAST_REALIZATION,3,58,N_30_99,0.5172413793103449,0.39162043429213433,0.640720255470097,0.5033467202141901,0.013894659096154727,0.02760454878943497,0.0038104866543008874,-0.0007831436577929174,-0.0035160422693613445,0.012348390508894047,6.01596465075215,4.999145442022631,4.555124276673881,7.3902007813076755,6.629352470274643,4.522140752429143,5.286522665581734,8.379190767617413
12H,VALIDATION,OB,PROJECT_DYNAMIC_EXTREMA_V1,FORECAST_REALIZATION,5,58,N_30_99,0.4482758620689655,0.32749651292941145,0.5754814177838947,0.4912751677852349,-0.042999305716269365,-0.08752590917655922,0.007815690873994717,0.0028702456756286576,-0.003970846262502836,0.02092513523579498,6.01596465075215,4.999145442022631,4.555124276673881,7.3902007813076755,6.629352470274643,4.522140752429143,5.286522665581734,8.379190767617413
12H,VALIDATION,OB,PROJECT_DYNAMIC_EXTREMA_V1,FORECAST_REALIZATION,10,57,N_30_99,0.5789473684210527,0.4497991014068138,0.6981260024694814,0.4635135135135135,0.11543385490753916,0.24904096977136736,0.0015509780895743258,-0.006432076850788393,-0.022860073692157687,0.025609674421149142,6.1154622275118475,5.043747338231882,4.650524778338611,7.695147685510224,6.692471407207497,4.55619151449078,5.209665000741504,8.335688912331195
12H,VALIDATION,OS,ATR_1X_PRICE_BAND_CONTROL_V1,FORECAST_REALIZATION,1,38,N_30_99,0.4473684210526316,0.3014616531155089,0.6029397082091058,0.47930574098798395,-0.03193731993535237,-0.0666324585837853,-0.010024811421150859,-0.0050845086664904615,-0.021624009608661128,0.0016112944093228966,7.499831546612066,6.072648633262287,5.398912715438624,9.673484017023071,8.548554077184697,5.288505740752165,5.694266832897046,11.499626282260563
12H,VALIDATION,OS,ATR_1X_PRICE_BAND_CONTROL_V1,FORECAST_REALIZATION,3,38,N_30_99,0.5789473684210527,0.42192070613127325,0.7214772518818047,0.4966532797858099,0.08229408863524273,0.16569726202298196,-0.0025898187585679873,0.005455366876313095,-0.02296720074263011,0.015142511733569912,7.499831546612066,6.072648633262287,5.398912715438624,9.673484017023071,8.548554077184697,5.288505740752165,5.694266832897046,11.499626282260563
12H,VALIDATION,OS,ATR_1X_PRICE_BAND_CONTROL_V1,FORECAST_REALIZATION,5,38,N_30_99,0.6052631578947368,0.4471758699869596,0.7440214073638108,0.508724832214765,0.09653832567997178,0.18976531037355926,-0.0017957001020651832,0.00939169831447273,-0.03127241698526269,0.02340281593346138,7.499831546612066,6.072648633262287,5.398912715438624,9.673484017023071,8.548554077184697,5.288505740752165,5.694266832897046,11.499626282260563
12H,VALIDATION,OS,ATR_1X_PRICE_BAND_CONTROL_V1,FORECAST_REALIZATION,10,38,N_30_99,0.631578947368421,0.47283672824260115,0.7661598684458619,0.5364864864864864,0.09509246088193457,0.1772504308630518,0.0036026384539045984,0.02524571176545265,-0.030506952297122733,0.03684799399511823,7.499831546612066,6.072648633262287,5.398912715438624,9.673484017023071,8.548554077184697,5.288505740752165,5.694266832897046,11.499626282260563
12H,VALIDATION,OS,CAUSAL_DNO_QUANTILE_80_20_CONTROL_V1,FORECAST_REALIZATION,1,66,N_30_99,0.5303030303030303,0.41157476624932443,0.645697690280881,0.47930574098798395,0.050997289315046324,0.10639824428125255,0.0006993656015063235,0.0008539985548531304,-0.0065482121162205855,0.0074879134649078714,7.334803723570233,5.39093313177618,5.6303787304103965,9.102201614170125,7.1002465750518144,4.730794496030677,5.322136026788373,9.083508448517012
12H,VALIDATION,OS,CAUSAL_DNO_QUANTILE_80_20_CONTROL_V1,FORECAST_REALIZATION,3,66,N_30_99,0.5454545454545454,0.4261479973870641,0.659760687408244,0.4966532797858099,0.048801265668735494,0.09826023033570186,0.0004925819415107334,0.002570927671805334,-0.008828302137773124,0.009759569401134064,7.334803723570233,5.39093313177618,5.6303787304103965,9.102201614170125,7.1002465750518144,4.730794496030677,5.322136026788373,9.083508448517012
12H,VALIDATION,OS,CAUSAL_DNO_QUANTILE_80_20_CONTROL_V1,FORECAST_REALIZATION,5,66,N_30_99,0.6212121212121212,0.5005825419249831,0.728507284195839,0.508724832214765,0.11248728899735616,0.2211161749420325,0.004076918131380361,0.012842712667320733,-0.014351751946492693,0.021533113612253563,7.334803723570233,5.39093313177618,5.6303787304103965,9.102201614170125,7.1002465750518144,4.730794496030677,5.322136026788373,9.083508448517012
12H,VALIDATION,OS,CAUSAL_DNO_QUANTILE_80_20_CONTROL_V1,FORECAST_REALIZATION,10,66,N_30_99,0.5606060606060606,0.4408242143005392,0.6737206987598716,0.5364864864864864,0.024119574119574105,0.04495840012212815,0.0033403020599764113,0.008933459845141267,-0.021853546079158688,0.02866240748012126,7.334803723570233,5.39093313177618,5.6303787304103965,9.102201614170125,7.1002465750518144,4.730794496030677,5.322136026788373,9.083508448517012
12H,VALIDATION,OS,PROJECT_DYNAMIC_EXTREMA_V1,FORECAST_REALIZATION,1,54,N_30_99,0.6296296296296297,0.49627222791081016,0.745768102923745,0.47930574098798395,0.1503238886416457,0.31362839162282063,0.0043003230688884635,0.0040697418746791225,-0.002533934742874415,0.01134823662706193,6.513787011927354,5.156050034481169,5.064364609841801,8.110132284688682,7.247338738133784,5.349126658008846,5.400145097334473,9.315130958787721
12H,VALIDATION,OS,PROJECT_DYNAMIC_EXTREMA_V1,FORECAST_REALIZATION,3,54,N_30_99,0.5925925925925926,0.45966610248851525,0.7132198481075954,0.4966532797858099,0.09593931280678264,0.19317160826594781,0.003995628633732951,0.0048014829367375444,-0.0066023572006521595,0.014952242999502157,6.513787011927354,5.156050034481169,5.064364609841801,8.110132284688682,7.247338738133784,5.349126658008846,5.400145097334473,9.315130958787721
12H,VALIDATION,OS,PROJECT_DYNAMIC_EXTREMA_V1,FORECAST_REALIZATION,5,54,N_30_99,0.5370370370370371,0.4060512701625496,0.6631031100758948,0.508724832214765,0.028312204822272036,0.05565327860842384,-0.0036485012533547237,0.008428972983158478,-0.02562011804862633,0.016137666907122757,6.513787011927354,5.156050034481169,5.064364609841801,8.110132284688682,7.247338738133784,5.349126658008846,5.400145097334473,9.315130958787721
12H,VALIDATION,OS,PROJECT_DYNAMIC_EXTREMA_V1,FORECAST_REALIZATION,10,54,N_30_99,0.5555555555555556,0.42375413911364457,0.6799774312440219,0.5364864864864864,0.019069069069069133,0.035544360481388315,-0.0024526492606135207,0.009659613055023053,-0.028186105705142725,0.01973251811063427,6.513787011927354,5.156050034481169,5.064364609841801,8.110132284688682,7.247338738133784,5.349126658008846,5.400145097334473,9.315130958787721
15m,DISCOVERY,OB,ATR_1X_PRICE_BAND_CONTROL_V1,FORECAST_REALIZATION,1,5443,N_GE_100,0.5120338048870109,0.4987505179993145,0.5253001171430772,0.4947807346326837,0.017253070254327207,0.03487013346858703,0.0004444629373637358,-0.0001598285946314837,0.0002708880157255107,0.0006423643874421939,1.1305029606181491,0.7383100902379033,1.0931239009082252,1.16988714567389,1.2654527007509981,0.8373060915626224,1.2319683384090727,1.3039437291217195
15m,DISCOVERY,OB,ATR_1X_PRICE_BAND_CONTROL_V1,FORECAST_REALIZATION,3,5443,N_GE_100,0.5021128054381775,0.48883279052424206,0.515389840073277,0.49188515526902676,0.010227650169150726,0.020792760382363884,0.0006938257981817142,-5.179602724469934e-05,0.0004187156729258663,0.000952606573345193,1.1305029606181491,0.7383100902379033,1.0931239009082252,1.16988714567389,1.2654527007509981,0.8373060915626224,1.2319683384090727,1.3039437291217195
15m,DISCOVERY,OB,ATR_1X_PRICE_BAND_CONTROL_V1,FORECAST_REALIZATION,5,5443,N_GE_100,0.5004593055300386,0.4871803439435553,0.5137376192298184,0.4909760485775329,0.009483256952505681,0.019315111154568188,0.0008263228685450826,-4.0500965792333865e-05,0.0004674246447262156,0.0011757966154164845,1.1305029606181491,0.7383100902379033,1.0931239009082252,1.16988714567389,1.2654527007509981,0.8373060915626224,1.2319683384090727,1.3039437291217195
15m,DISCOVERY,OB,ATR_1X_PRICE_BAND_CONTROL_V1,FORECAST_REALIZATION,10,5442,N_GE_100,0.5060639470782801,0.49278078310140744,0.5193385558084866,0.4870725604670559,0.01899138661122418,0.038990877648729105,0.000901678695018203,-0.0001639720140867995,0.00047766751519776247,0.0013363334128738877,1.1306008583346423,0.7383270141085099,1.0958629403416789,1.1675435507819645,1.2656385409147268,0.8378291953188534,1.228498201846425,1.3031749465903513
15m,DISCOVERY,OB,CAUSAL_DNO_QUANTILE_80_20_CONTROL_V1,FORECAST_REALIZATION,1,10809,N_GE_100,0.542140808585438,0.5327349042037421,0.5515167692878957,0.4947807346326837,0.04736007395275432,0.09571931693725633,0.00012681890077592038,-0.00032778580687464753,3.531033314969013e-05,0.0002271176175457948,1.0979288500935898,0.7336458121051547,1.0739691308031594,1.1230265267864017,1.0817476170445774,0.6858013716027512,1.0596905658354985,1.1039746002549964
15m,DISCOVERY,OB,CAUSAL_DNO_QUANTILE_80_20_CONTROL_V1,FORECAST_REALIZATION,3,10809,N_GE_100,0.5417707466000555,0.532364386527057,0.5511474259459935,0.49188515526902676,0.04988559133102877,0.10141715153762831,1.0896584997123145e-05,-0.0005241090146749228,-0.00014928093705525222,0.00015299896522603286,1.0979288500935898,0.7336458121051547,1.0739691308031594,1.1230265267864017,1.0817476170445774,0.6858013716027512,1.0596905658354985,1.1039746002549964
15m,DISCOVERY,OB,CAUSAL_DNO_QUANTILE_80_20_CONTROL_V1,FORECAST_REALIZATION,5,10809,N_GE_100,0.53298177444722,0.5235661224353706,0.5423739908462298,0.4909760485775329,0.04200572586968704,0.08555554999350168,3.687366074606848e-05,-0.0005224274146249375,-0.00017645939604086537,0.00023682143012171628,1.0979288500935898,0.7336458121051547,1.0739691308031594,1.1230265267864017,1.0817476170445774,0.6858013716027512,1.0596905658354985,1.1039746002549964
15m,DISCOVERY,OB,CAUSAL_DNO_QUANTILE_80_20_CONTROL_V1,FORECAST_REALIZATION,10,10806,N_GE_100,0.5208217656857301,0.5113967789704348,0.5302319531286552,0.4870725604670559,0.03374920521867425,0.0692898922212164,0.00017420541331344426,-0.0004846944867868963,-0.0001087838420213732,0.00046970362267922234,1.098175492268109,0.7342500216752298,1.075585169462707,1.1200441098786231,1.08182328742834,0.6857322141271762,1.0577003585955518,1.106974471618948
15m,DISCOVERY,OB,PROJECT_DYNAMIC_EXTREMA_V1,FORECAST_REALIZATION,1,9214,N_GE_100,0.5418927718688952,0.531703875098467,0.5520467504275782,0.4947807346326837,0.04711203723621149,0.09521801060258861,0.00011371894570378549,-0.0003401439493621594,2.0540159358926283e-05,0.00023851823867416874,1.128506035651533,0.7554098154212603,1.1004622997344433,1.1554025426409424,1.0782041017875588,0.6912234970938027,1.052854195870698,1.103318686971344
15m,DISCOVERY,OB,PROJECT_DYNAMIC_EXTREMA_V1,FORECAST_REALIZATION,3,9214,N_GE_100,0.54699370523117,0.5368119717023465,0.5571362688488906,0.49188515526902676,0.055108549962143205,0.11203539966967013,-4.162993557886734e-05,-0.0005769804817584712,-0.00021525345958022448,0.0001407690211971629,1.128506035651533,0.7554098154212603,1.1004622997344433,1.1554025426409424,1.0782041017875588,0.6912234970938027,1.052854195870698,1.103318686971344
15m,DISCOVERY,OB,PROJECT_DYNAMIC_EXTREMA_V1,FORECAST_REALIZATION,5,9214,N_GE_100,0.5408074668981984,0.5306171845913318,0.5509637356102043,0.4909760485775329,0.049831418320665455,0.10149460134570343,-2.5179287018779695e-05,-0.0006519888316154909,-0.0002575325644869567,0.00021677525542287667,1.128506035651533,0.7554098154212603,1.1004622997344433,1.1554025426409424,1.0782041017875588,0.6912234970938027,1.052854195870698,1.103318686971344
15m,DISCOVERY,OB,PROJECT_DYNAMIC_EXTREMA_V1,FORECAST_REALIZATION,10,9213,N_GE_100,0.5274069249972865,0.5172029746748183,0.5375880287856296,0.4870725604670559,0.04033436453023059,0.08280976553381247,-0.00016210343765341498,-0.0006172839506173311,-0.0004539981308819882,0.00014137534017618503,1.1286261520811043,0.7555060878950417,1.1025483156337221,1.1539802509265888,1.0781912828381128,0.6911665542818597,1.0547729494619336,1.1038399511009696
15m,DISCOVERY,OS,ATR_1X_PRICE_BAND_CONTROL_V1,FORECAST_REALIZATION,1,5443,N_GE_100,0.5671504684916406,0.5539446761374489,0.5802615398097892,0.5013399550224887,0.0658105134691519,0.13126923719095918,1.6621515882728552e-06,0.0006723442402509772,-0.00021668581348343262,0.00024018538825782584,1.2924766982050921,0.8700240455274758,1.2482532404240614,1.3387728645796195,1.4453017171182496,0.8750607681088951,1.3933323823396275,1.4881715329237444
15m,DISCOVERY,OS,ATR_1X_PRICE_BAND_CONTROL_V1,FORECAST_REALIZATION,3,5443,N_GE_100,0.5596178577990079,0.546391829832253,0.5727597900716561,0.5055379598568189,0.054079897942188926,0.10697494992760914,0.0005209088513667061,0.0008365371442895508,0.00019928649278855797,0.0008621374431070509,1.2924766982050921,0.8700240455274758,1.2482532404240614,1.3387728645796195,1.4453017171182496,0.8750607681088951,1.3933323823396275,1.4881715329237444
15m,DISCOVERY,OS,ATR_1X_PRICE_BAND_CONTROL_V1,FORECAST_REALIZATION,5,5443,N_GE_100,0.5653132463714863,0.5521022338378273,0.5784321294159159,0.5073466021964841,0.05796664417500219,0.11425452328653418,0.0009380605649544558,0.0011840471308517397,0.0005295096940958464,0.001324232496532015,1.2924766982050921,0.8700240455274758,1.2482532404240614,1.3387728645796195,1.4453017171182496,0.8750607681088951,1.3933323823396275,1.4881715329237444
15m,DISCOVERY,OS,ATR_1X_PRICE_BAND_CONTROL_V1,FORECAST_REALIZATION,10,5443,N_GE_100,0.563476024251332,0.5502599753764734,0.5766025351837749,0.5113156094498225,0.05216041480150957,0.10201216985656747,0.001200764614961687,0.0017706936759660508,0.0007039468059762668,0.0017498934157379206,1.2924766982050921,0.8700240455274758,1.2482532404240614,1.3387728645796195,1.4453017171182496,0.8750607681088951,1.3933323823396275,1.4881715329237444
15m,DISCOVERY,OS,CAUSAL_DNO_QUANTILE_80_20_CONTROL_V1,FORECAST_REALIZATION,1,11075,N_GE_100,0.5538600451467268,0.544584899999207,0.5630978382394188,0.5013399550224887,0.052520090124238084,0.10475943438795365,-9.328340750327478e-05,0.00046734718976759737,-0.0002136964127872524,1.9479758636757832e-05,1.1103117262895783,0.7621361904235906,1.0881010598721421,1.1356192066596962,1.270854008987186,0.753686510103766,1.2425705587121019,1.303111182855718
15m,DISCOVERY,OS,CAUSAL_DNO_QUANTILE_80_20_CONTROL_V1,FORECAST_REALIZATION,3,11075,N_GE_100,0.5581941309255078,0.5489265806130733,0.5674213234854922,0.5055379598568189,0.05265617106868892,0.10415868886206381,0.00016105257690943178,0.0007098071690523344,-1.8679165171507553e-05,0.0003465453795073141,1.1103117262895783,0.7621361904235906,1.0881010598721421,1.1356192066596962,1.270854008987186,0.753686510103766,1.2425705587121019,1.303111182855718
15m,DISCOVERY,OS,CAUSAL_DNO_QUANTILE_80_20_CONTROL_V1,FORECAST_REALIZATION,5,11075,N_GE_100,0.5568397291196389,0.5475697288462268,0.5660703109211077,0.5073466021964841,0.04949312692315477,0.09755288930463202,0.00038316627127408956,0.0009201083098926421,0.00014174364992858385,0.0006282783344233338,1.1103117262895783,0.7621361904235906,1.0881010598721421,1.1356192066596962,1.270854008987186,0.753686510103766,1.2425705587121019,1.303111182855718
15m,DISCOVERY,OS,CAUSAL_DNO_QUANTILE_80_20_CONTROL_V1,FORECAST_REALIZATION,10,11075,N_GE_100,0.5519638826185101,0.5426856386424794,0.5612060895324229,0.5113156094498225,0.04064827316868769,0.07949742276091554,0.0005889549957183704,0.0011985018726592411,0.0003005773364266859,0.0009246855659602357,1.1103117262895783,0.7621361904235906,1.0881010598721421,1.1356192066596962,1.270854008987186,0.753686510103766,1.2425705587121019,1.303111182855718
15m,DISCOVERY,OS,PROJECT_DYNAMIC_EXTREMA_V1,FORECAST_REALIZATION,1,9140,N_GE_100,0.5591903719912472,0.548989005233748,0.5693420034748891,0.5013399550224887,0.05785041696875848,0.11539159484339012,-0.00011364480912695737,0.0004950330048456575,-0.00024542844524453163,2.1601943395153214e-05,1.143924382134786,0.7876129254998251,1.1165833293005234,1.1719483799536186,1.258900707492754,0.753154945734196,1.2252557708727843,1.296077278869077
15m,DISCOVERY,OS,PROJECT_DYNAMIC_EXTREMA_V1,FORECAST_REALIZATION,3,9140,N_GE_100,0.563457330415755,0.5532649748925689,0.5735963653126246,0.5055379598568189,0.057919370558936034,0.11456977548301261,0.00029221862920247063,0.0007658659555532799,5.239031838668851e-05,0.0005106702495076555,1.143924382134786,0.7876129254998251,1.1165833293005234,1.1719483799536186,1.258900707492754,0.753154945734196,1.2252557708727843,1.296077278869077
15m,DISCOVERY,OS,PROJECT_DYNAMIC_EXTREMA_V1,FORECAST_REALIZATION,5,9140,N_GE_100,0.5599562363238512,0.5497564307863685,0.5701056630626762,0.5073466021964841,0.05260963412736708,0.10369564691987931,0.0005727258534396307,0.001031962876225312,0.0003016295372434086,0.0008103477645325318,1.143924382134786,0.7876129254998251,1.1165833293005234,1.1719483799536186,1.258900707492754,0.753154945734196,1.2252557708727843,1.296077278869077
15m,DISCOVERY,OS,PROJECT_DYNAMIC_EXTREMA_V1,FORECAST_REALIZATION,10,9140,N_GE_100,0.5614879649890591,0.5512913555932192,0.5716329085366406,0.5113156094498225,0.0501723555392366,0.09812404435143729,0.0010062941164942112,0.0014733134147250082,0.0006412973046244641,0.0013430913958654292,1.143924382134786,0.7876129254998251,1.1165833293005234,1.1719483799536186,1.258900707492754,0.753154945734196,1.2252557708727843,1.296077278869077
15m,VALIDATION,OB,ATR_1X_PRICE_BAND_CONTROL_V1,FORECAST_REALIZATION,1,1829,N_GE_100,0.5571350464734828,0.5342739802451263,0.5797566048310746,0.496272808188696,0.06086223828478676,0.1226386722797137,0.00018158787314148393,-0.00032939806084797407,-0.00011738173496171531,0.0004306057008790668,0.914318163594296,0.5682343870470232,0.8649737415790367,0.9625942518914627,1.0261744622086673,0.6239281523603182,0.9625634382184389,1.0866303987885158
15m,VALIDATION,OB,ATR_1X_PRICE_BAND_CONTROL_V1,FORECAST_REALIZATION,3,1829,N_GE_100,0.5352651722252597,0.5123572052451285,0.5580253089885073,0.4973018080667594,0.03796336415850032,0.0763386811443163,0.0001199188533776927,-0.0003655880934845257,-0.00028734722198737556,0.0005124645953744381,0.914318163594296,0.5682343870470232,0.8649737415790367,0.9625942518914627,1.0261744622086673,0.6239281523603182,0.9625634382184389,1.0866303987885158
15m,VALIDATION,OB,ATR_1X_PRICE_BAND_CONTROL_V1,FORECAST_REALIZATION,5,1829,N_GE_100,0.5472936030617824,0.5244059516591068,0.56998300153794,0.49685657060198063,0.0504370324598018,0.10151225815267662,0.00022727566328421944,-0.0005072068312413913,-0.0002562130300674267,0.000744936890576584,0.914318163594296,0.5682343870470232,0.8649737415790367,0.9625942518914627,1.0261744622086673,0.6239281523603182,0.9625634382184389,1.0866303987885158
15m,VALIDATION,OB,ATR_1X_PRICE_BAND_CONTROL_V1,FORECAST_REALIZATION,10,1829,N_GE_100,0.5456533624931657,0.5227621537099234,0.5683531941739308,0.49995826725648945,0.0456950952366762,0.09139781903683097,5.558660563547477e-05,-0.0007505629221917776,-0.0005921530073173811,0.0007287863297766081,0.914318163594296,0.5682343870470232,0.8649737415790367,0.9625942518914627,1.0261744622086673,0.6239281523603182,0.9625634382184389,1.0866303987885158
15m,VALIDATION,OB,CAUSAL_DNO_QUANTILE_80_20_CONTROL_V1,FORECAST_REALIZATION,1,3495,N_GE_100,0.5759656652360515,0.5595066142870301,0.5922579011457348,0.496272808188696,0.07969285704735551,0.16058275958785595,1.722011233523463e-05,-0.0003685090338120256,-0.00015606850800103708,0.0001690320615052082,0.8027873707882482,0.4929636486929245,0.7673621578474196,0.8332430984067964,0.8758754552649073,0.480530872201667,0.8399586326897486,0.9205963023223191
15m,VALIDATION,OB,CAUSAL_DNO_QUANTILE_80_20_CONTROL_V1,FORECAST_REALIZATION,3,3495,N_GE_100,0.5545064377682404,0.5379774558977015,0.5709157274919097,0.4973018080667594,0.05720462970148099,0.11503000546863418,4.609711034011361e-05,-0.00040335309178918255,-0.00020239023052916593,0.00029066623307475375,0.8027873707882482,0.4929636486929245,0.7673621578474196,0.8332430984067964,0.8758754552649073,0.480530872201667,0.8399586326897486,0.9205963023223191
15m,VALIDATION,OB,CAUSAL_DNO_QUANTILE_80_20_CONTROL_V1,FORECAST_REALIZATION,5,3495,N_GE_100,0.551931330472103,0.5353960520700047,0.5683525714744277,0.49685657060198063,0.055074759870122336,0.1108463953760237,0.00015066498661883349,-0.000495285614704577,-0.00015449621724068004,0.00046008759207876864,0.8027873707882482,0.4929636486929245,0.7673621578474196,0.8332430984067964,0.8758754552649073,0.480530872201667,0.8399586326897486,0.9205963023223191
15m,VALIDATION,OB,CAUSAL_DNO_QUANTILE_80_20_CONTROL_V1,FORECAST_REALIZATION,10,3495,N_GE_100,0.5393419170243204,0.5227822655580362,0.5558151765210794,0.49995826725648945,0.039383649767830986,0.07877387443545625,0.00021582461648626523,-0.0006050009713318705,-0.00018273690838210418,0.0006303979083962167,0.8027873707882482,0.4929636486929245,0.7673621578474196,0.8332430984067964,0.8758754552649073,0.480530872201667,0.8399586326897486,0.9205963023223191
15m,VALIDATION,OB,PROJECT_DYNAMIC_EXTREMA_V1,FORECAST_REALIZATION,1,2952,N_GE_100,0.5609756097560976,0.5430053021758204,0.5787874217644612,0.496272808188696,0.0647028015674016,0.13037748693819196,0.00015171382247163885,-0.00032650563653796594,2.3159392174834335e-06,0.0003173986539287329,0.8095026135994505,0.4980585459986008,0.7780574785857803,0.8474001218831358,0.9150137417977077,0.5164355719121901,0.8659747335476513,0.9573402802042037
15m,VALIDATION,OB,PROJECT_DYNAMIC_EXTREMA_V1,FORECAST_REALIZATION,3,2952,N_GE_100,0.5538617886178862,0.5358711173780227,0.5717124554358924,0.4973018080667594,0.056559980551126765,0.11373371187006409,0.00015942910430934132,-0.00042228265215854544,-0.00011949116200198378,0.0004244794871990556,0.8095026135994505,0.4980585459986008,0.7780574785857803,0.8474001218831358,0.9150137417977077,0.5164355719121901,0.8659747335476513,0.9573402802042037
15m,VALIDATION,OB,PROJECT_DYNAMIC_EXTREMA_V1,FORECAST_REALIZATION,5,2952,N_GE_100,0.551490514905149,0.5334938807415672,0.5693533083635594,0.49685657060198063,0.05463394430316837,0.10995918648509573,0.00034231799073905424,-0.00044599633701158936,-4.1655086325858313e-05,0.0006980572517095013,0.8095026135994505,0.4980585459986008,0.7780574785857803,0.8474001218831358,0.9150137417977077,0.5164355719121901,0.8659747335476513,0.9573402802042037
15m,VALIDATION,OB,PROJECT_DYNAMIC_EXTREMA_V1,FORECAST_REALIZATION,10,2952,N_GE_100,0.5220189701897019,0.5039823930585791,0.5399983128087448,0.49995826725648945,0.02206070293321244,0.04412508878845056,0.00033644478713935514,-0.00034680844762391416,-0.00015252357004825584,0.0008383030310783225,0.8095026135994505,0.4980585459986008,0.7780574785857803,0.8474001218831358,0.9150137417977077,0.5164355719121901,0.8659747335476513,0.9573402802042037
15m,VALIDATION,OS,ATR_1X_PRICE_BAND_CONTROL_V1,FORECAST_REALIZATION,1,1842,N_GE_100,0.5646036916395223,0.5418498540750265,0.5870886203856207,0.5020026702269693,0.06260102141255297,0.12470256659043133,-0.00015850637137166933,0.00040967642038891583,-0.00037814006096728516,9.865433507237448e-05,0.9211720854066336,0.5649391728552384,0.866419372919836,0.9678792064923329,1.0606118787891783,0.6440415624231548,1.0011027401465689,1.1228571178704125
15m,VALIDATION,OS,ATR_1X_PRICE_BAND_CONTROL_V1,FORECAST_REALIZATION,3,1842,N_GE_100,0.5564603691639523,0.5336782643594138,0.5790074612196392,0.5014464534075105,0.05501391575644177,0.10971044940611763,-2.7927529200319385e-05,0.000494191420614909,-0.0004075299516795133,0.0004261764188176044,0.9211720854066336,0.5649391728552384,0.866419372919836,0.9678792064923329,1.0606118787891783,0.6440415624231548,1.0011027401465689,1.1228571178704125
15m,VALIDATION,OS,ATR_1X_PRICE_BAND_CONTROL_V1,FORECAST_REALIZATION,5,1842,N_GE_100,0.5548317046688382,0.5320446861621915,0.5773904896405426,0.5025314342939802,0.05230027037485807,0.10407362963937983,-5.321687366082059e-05,0.0006267889658541081,-0.0005505119250142225,0.00047736337055480474,0.9211720854066336,0.5649391728552384,0.866419372919836,0.9678792064923329,1.0606118787891783,0.6440415624231548,1.0011027401465689,1.1228571178704125
15m,VALIDATION,OS,ATR_1X_PRICE_BAND_CONTROL_V1,FORECAST_REALIZATION,10,1842,N_GE_100,0.5347448425624322,0.5119173679987555,0.5574276938960464,0.4997078707954261,0.03503697176700604,0.07011490875906112,0.0001023545718583199,0.0006913369496293065,-0.0005041073202371241,0.0007784252809411366,0.9211720854066336,0.5649391728552384,0.866419372919836,0.9678792064923329,1.0606118787891783,0.6440415624231548,1.0011027401465689,1.1228571178704125
15m,VALIDATION,OS,CAUSAL_DNO_QUANTILE_80_20_CONTROL_V1,FORECAST_REALIZATION,1,3541,N_GE_100,0.5721547585427845,0.5557887504946564,0.5883643761217769,0.5020026702269693,0.07015208831581521,0.1397444525227276,-4.244179795264931e-05,0.00039179323764870766,-0.0001755639399682625,9.675128087117122e-05,0.8084753845744489,0.5136722955307519,0.7758430910921503,0.8418145587249132,0.9103303450362175,0.5310726837599749,0.871940312218254,0.9484621301700131
15m,VALIDATION,OS,CAUSAL_DNO_QUANTILE_80_20_CONTROL_V1,FORECAST_REALIZATION,3,3541,N_GE_100,0.5732843829426716,0.5569226112960273,0.5894873157371017,0.5014464534075105,0.0718379295351611,0.14326141714034724,0.00015781490160443815,0.0005239717055278703,-8.800729043467468e-05,0.000409495914399226,0.8084753845744489,0.5136722955307519,0.7758430910921503,0.8418145587249132,0.9103303450362175,0.5310726837599749,0.871940312218254,0.9484621301700131
15m,VALIDATION,OS,CAUSAL_DNO_QUANTILE_80_20_CONTROL_V1,FORECAST_REALIZATION,5,3541,N_GE_100,0.5529511437447049,0.5365263031631438,0.5692612163694639,0.5025314342939802,0.050419709450724715,0.10033145393493781,1.736186505848936e-05,0.0005410778774646019,-0.00030045858967457976,0.00036058312659919715,0.8084753845744489,0.5136722955307519,0.7758430910921503,0.8418145587249132,0.9103303450362175,0.5310726837599749,0.871940312218254,0.9484621301700131
15m,VALIDATION,OS,CAUSAL_DNO_QUANTILE_80_20_CONTROL_V1,FORECAST_REALIZATION,10,3539,N_GE_100,0.5445040972025996,0.5280565558024908,0.5608551245842361,0.4997078707954261,0.04479622640717351,0.08964482855926947,-2.6477934179773767e-05,0.0006672298331313886,-0.00043210911368599965,0.00038479168339120755,0.808875967347914,0.5141005530302173,0.7762640546307678,0.8404268724256363,0.910758154865472,0.5310799660009521,0.8741700456498328,0.953327931756517
15m,VALIDATION,OS,PROJECT_DYNAMIC_EXTREMA_V1,FORECAST_REALIZATION,1,2823,N_GE_100,0.5614594403117251,0.5430833817583192,0.5796684554864702,0.5020026702269693,0.059456770084755806,0.11843915104649483,-0.00010262062979335366,0.00035543453377817613,-0.00027811003105715856,6.737684272688544e-05,0.8203374775523024,0.5180776880684835,0.7855297702760865,0.8598818376579047,0.9578442428458995,0.549590351636041,0.916952276054302,1.0009712614523352
15m,VALIDATION,OS,PROJECT_DYNAMIC_EXTREMA_V1,FORECAST_REALIZATION,3,2823,N_GE_100,0.5681898689337584,0.5498370615865402,0.5863573399674769,0.5014464534075105,0.06674341552624796,0.13310178000602502,7.207553505952834e-05,0.0005172437895797355,-0.00017154379847525151,0.0003279852188467128,0.8203374775523024,0.5180776880684835,0.7855297702760865,0.8598818376579047,0.9578442428458995,0.549590351636041,0.916952276054302,1.0009712614523352
15m,VALIDATION,OS,PROJECT_DYNAMIC_EXTREMA_V1,FORECAST_REALIZATION,5,2823,N_GE_100,0.5501239815798795,0.5317164679566364,0.5683952609778746,0.5025314342939802,0.047592547285899345,0.09470561250116294,-0.00012151445435395863,0.00047962908683940597,-0.0004579847826701307,0.00020187942447343838,0.8203374775523024,0.5180776880684835,0.7855297702760865,0.8598818376579047,0.9578442428458995,0.549590351636041,0.916952276054302,1.0009712614523352
15m,VALIDATION,OS,PROJECT_DYNAMIC_EXTREMA_V1,FORECAST_REALIZATION,10,2823,N_GE_100,0.5363088912504428,0.5178760238244264,0.5546430731069332,0.4997078707954261,0.036601020455016675,0.07324483482070399,-0.00024575195932373856,0.0005778333623569498,-0.0007454538187129118,0.00021438545549821734,0.8203374775523024,0.5180776880684835,0.7855297702760865,0.8598818376579047,0.9578442428458995,0.549590351636041,0.916952276054302,1.0009712614523352
1D,DISCOVERY,OB,ATR_1X_PRICE_BAND_CONTROL_V1,FORECAST_REALIZATION,1,90,N_30_99,0.4888888888888889,0.3882031497910542,0.5904843406183163,0.46441281138790036,0.024476077500988513,0.052703277990634234,0.003811252643670895,0.0010650226930010165,-0.006730526902141101,0.016195596868119957,11.129257985452618,9.527781145412193,9.404776762332359,13.240478891515837,15.205849109808554,9.293043956409964,12.076167902311784,18.712334467519103
1D,DISCOVERY,OB,ATR_1X_PRICE_BAND_CONTROL_V1,FORECAST_REALIZATION,3,90,N_30_99,0.43333333333333335,0.33576405263265097,0.5363608898235731,0.45276292335115864,-0.019429590017825293,-0.04291338582677162,0.017089833556527927,0.007676780506301939,-0.0016932198033772503,0.03859894275573632,11.129257985452618,9.527781145412193,9.404776762332359,13.240478891515837,15.205849109808554,9.293043956409964,12.076167902311784,18.712334467519103
1D,DISCOVERY,OB,ATR_1X_PRICE_BAND_CONTROL_V1,FORECAST_REALIZATION,5,90,N_30_99,0.5222222222222223,0.4202438257848399,0.6223811933964188,0.4455357142857143,0.07668650793650794,0.17212202182142056,0.010559761347118208,-0.005004275839871675,-0.014615674103420209,0.0375637193163453,11.129257985452618,9.527781145412193,9.404776762332359,13.240478891515837,15.205849109808554,9.293043956409964,12.076167902311784,18.712334467519103
1D,DISCOVERY,OB,ATR_1X_PRICE_BAND_CONTROL_V1,FORECAST_REALIZATION,10,90,N_30_99,0.4111111111111111,0.3151304105521081,0.5143695127228572,0.4260089686098655,-0.014897857498754385,-0.03497076023391821,0.04858932849926287,0.0110616442207917,0.0119993939310372,0.08763976434312756,11.129257985452618,9.527781145412193,9.404776762332359,13.240478891515837,15.205849109808554,9.293043956409964,12.076167902311784,18.712334467519103
1D,DISCOVERY,OB,CAUSAL_DNO_QUANTILE_80_20_CONTROL_V1,FORECAST_REALIZATION,1,117,N_GE_100,0.49572649572649574,0.40671622435748067,0.5850084797179371,0.46441281138790036,0.03131368433859538,0.06742640075973405,0.0049458710046262335,4.113025953200733e-05,-0.004349951780693689,0.013937697977591368,9.96832381533956,6.780952556885091,8.448439864481,11.694703293264386,14.442222622112334,11.447590206553718,12.160963566334365,16.881254487076504
1D,DISCOVERY,OB,CAUSAL_DNO_QUANTILE_80_20_CONTROL_V1,FORECAST_REALIZATION,3,117,N_GE_100,0.42735042735042733,0.3414265447745581,0.5178934245075434,0.45276292335115864,-0.02541249600073131,-0.05612759943468604,0.019120801737730096,0.014780443281400713,0.003548231862402614,0.034760455921036215,9.96832381533956,6.780952556885091,8.448439864481,11.694703293264386,14.442222622112334,11.447590206553718,12.160963566334365,16.881254487076504
1D,DISCOVERY,OB,CAUSAL_DNO_QUANTILE_80_20_CONTROL_V1,FORECAST_REALIZATION,5,117,N_GE_100,0.39316239316239315,0.3094022423100855,0.48371535957535794,0.4455357142857143,-0.05237332112332116,-0.11755134200023987,0.028891971858233494,0.02160246885358319,0.009754687115874744,0.048721434518465785,9.96832381533956,6.780952556885091,8.448439864481,11.694703293264386,14.442222622112334,11.447590206553718,12.160963566334365,16.881254487076504
1D,DISCOVERY,OB,CAUSAL_DNO_QUANTILE_80_20_CONTROL_V1,FORECAST_REALIZATION,10,117,N_GE_100,0.4017094017094017,0.3173685049510957,0.49229968878351227,0.4260089686098655,-0.024299566900463754,-0.05704003598740437,0.03966042814693207,0.035913837617047584,0.008593830772150195,0.07044944168429758,9.96832381533956,6.780952556885091,8.448439864481,11.694703293264386,14.442222622112334,11.447590206553718,12.160963566334365,16.881254487076504
1D,DISCOVERY,OB,PROJECT_DYNAMIC_EXTREMA_V1,FORECAST_REALIZATION,1,122,N_GE_100,0.5081967213114754,0.42059761056042066,0.5952953850785413,0.46441281138790036,0.04378390992357506,0.09427799761321531,0.0020071059794518776,-0.0013460348769684938,-0.005823119089704362,0.011770579964740348,11.135595925906427,7.217024091103964,9.320455043751922,13.025994338609198,14.057824409804347,10.088947500967526,11.897217624330581,16.510126714200773
1D,DISCOVERY,OB,PROJECT_DYNAMIC_EXTREMA_V1,FORECAST_REALIZATION,3,122,N_GE_100,0.5081967213114754,0.42059761056042066,0.5952953850785413,0.45276292335115864,0.05543379796031678,0.12243449077062096,0.011272778388761898,-8.518128655649049e-05,-0.0027295647034507623,0.02807971749550187,11.135595925906427,7.217024091103964,9.320455043751922,13.025994338609198,14.057824409804347,10.088947500967526,11.897217624330581,16.510126714200773
1D,DISCOVERY,OB,PROJECT_DYNAMIC_EXTREMA_V1,FORECAST_REALIZATION,5,122,N_GE_100,0.47540983606557374,0.3889027223505297,0.5634182907325843,0.4455357142857143,0.02987412177985943,0.0670521370610071,0.014787815472511743,0.005213745250622681,-0.003820255089701666,0.033349785457428074,11.135595925906427,7.217024091103964,9.320455043751922,13.025994338609198,14.057824409804347,10.088947500967526,11.897217624330581,16.510126714200773
1D,DISCOVERY,OB,PROJECT_DYNAMIC_EXTREMA_V1,FORECAST_REALIZATION,10,122,N_GE_100,0.4180327868852459,0.33432031040117327,0.5067497332092068,0.4260089686098655,-0.007976181724619558,-0.018723037100949025,0.03383086843533676,0.026429106300306038,0.003990945097538265,0.06980979456344316,11.135595925906427,7.217024091103964,9.320455043751922,13.025994338609198,14.057824409804347,10.088947500967526,11.897217624330581,16.510126714200773
1D,DISCOVERY,OS,ATR_1X_PRICE_BAND_CONTROL_V1,FORECAST_REALIZATION,1,58,N_30_99,0.5689655172413793,0.44117876705727427,0.6881839919916508,0.5355871886120996,0.0333783286292797,0.062320998968954155,0.003862624392523686,0.010262872218789187,-0.01098835461639114,0.021336850203322724,10.986867250315841,8.324806684095728,8.728917368890327,13.374624309897143,13.620187315092233,9.653179728770176,10.91121080366043,16.969487780544338
1D,DISCOVERY,OS,ATR_1X_PRICE_BAND_CONTROL_V1,FORECAST_REALIZATION,3,58,N_30_99,0.5517241379310345,0.4245185822161052,0.6725034870705885,0.5472370766488414,0.004487061282193117,0.008199483320229017,0.0015845185161665963,0.006518783525753524,-0.0189292398532868,0.022540165954703366,10.986867250315841,8.324806684095728,8.728917368890327,13.374624309897143,13.620187315092233,9.653179728770176,10.91121080366043,16.969487780544338
1D,DISCOVERY,OS,ATR_1X_PRICE_BAND_CONTROL_V1,FORECAST_REALIZATION,5,58,N_30_99,0.5344827586206896,0.40799953310272974,0.6566818464217328,0.5535714285714286,-0.01908866995073899,-0.034482758620689835,-0.0006519705871950931,0.009839165646179815,-0.026706049736720628,0.028827653705346203,10.986867250315841,8.324806684095728,8.728917368890327,13.374624309897143,13.620187315092233,9.653179728770176,10.91121080366043,16.969487780544338
1D,DISCOVERY,OS,ATR_1X_PRICE_BAND_CONTROL_V1,FORECAST_REALIZATION,10,58,N_30_99,0.5,0.3753805824767928,0.6246194175232072,0.5739910313901345,-0.07399103139013452,-0.12890625,-0.008708805337651625,-0.002397905767442421,-0.03962395126553946,0.025463540205279304,10.986867250315841,8.324806684095728,8.728917368890327,13.374624309897143,13.620187315092233,9.653179728770176,10.91121080366043,16.969487780544338
1D,DISCOVERY,OS,CAUSAL_DNO_QUANTILE_80_20_CONTROL_V1,FORECAST_REALIZATION,1,98,N_30_99,0.5714285714285714,0.4725825662207811,0.6648858160512964,0.5355871886120996,0.035841382816471756,0.06691979117228275,0.0017972369398987157,0.005730389739891262,-0.0072539799926611415,0.010820508832077276,13.958996384642518,9.782023238084363,12.038214676111167,16.268661294027236,9.898768569468748,6.611728563020401,8.05412561533822,11.96672284706614
1D,DISCOVERY,OS,CAUSAL_DNO_QUANTILE_80_20_CONTROL_V1,FORECAST_REALIZATION,3,98,N_30_99,0.6632653061224489,0.5651133741942346,0.7491000709990853,0.5472370766488414,0.11602822947360758,0.21202552682310705,0.02413310488684725,0.02450777206335053,0.006360641259679197,0.04250629573064166,13.958996384642518,9.782023238084363,12.038214676111167,16.268661294027236,9.898768569468748,6.611728563020401,8.05412561533822,11.96672284706614
1D,DISCOVERY,OS,CAUSAL_DNO_QUANTILE_80_20_CONTROL_V1,FORECAST_REALIZATION,5,98,N_30_99,0.6326530612244898,0.5338857137383178,0.7214127104812545,0.5535714285714286,0.07908163265306123,0.1428571428571428,0.023764783068601532,0.028183848946692902,0.00042743755076902866,0.047562304232743456,13.958996384642518,9.782023238084363,12.038214676111167,16.268661294027236,9.898768569468748,6.611728563020401,8.05412561533822,11.96672284706614
1D,DISCOVERY,OS,CAUSAL_DNO_QUANTILE_80_20_CONTROL_V1,FORECAST_REALIZATION,10,98,N_30_99,0.673469387755102,0.5756129567648199,0.7582388287530822,0.5739910313901345,0.09947835636496749,0.17330994897959173,0.0473834826517168,0.04147576270536124,0.020037467817363142,0.07730998935640818,13.958996384642518,9.782023238084363,12.038214676111167,16.268661294027236,9.898768569468748,6.611728563020401,8.05412561533822,11.96672284706614
1D,DISCOVERY,OS,PROJECT_DYNAMIC_EXTREMA_V1,FORECAST_REALIZATION,1,82,N_30_99,0.6219512195121951,0.5137693688945206,0.7192179006810697,0.5355871886120996,0.08636403090009548,0.16125111417227123,0.005277970413508437,0.010845454398446086,-0.0048003794130806856,0.013948751622051921,14.626382064914088,10.498771990644341,12.37098797879131,16.919020969964105,10.453271041598628,6.389511655849015,8.305356445058866,12.85055738577819
1D,DISCOVERY,OS,PROJECT_DYNAMIC_EXTREMA_V1,FORECAST_REALIZATION,3,82,N_30_99,0.6585365853658537,0.5508753748631217,0.7520080755851459,0.5472370766488414,0.11129950871701233,0.2033844442678956,0.02209138166414692,0.024180842161207083,0.003232227007474517,0.04067050626185653,14.626382064914088,10.498771990644341,12.37098797879131,16.919020969964105,10.453271041598628,6.389511655849015,8.305356445058866,12.85055738577819
1D,DISCOVERY,OS,PROJECT_DYNAMIC_EXTREMA_V1,FORECAST_REALIZATION,5,82,N_30_99,0.6707317073170732,0.5633818520351263,0.7628003253707004,0.5535714285714286,0.11716027874564461,0.21164437450826123,0.023131011847254686,0.02702785201215263,-0.002888985073311974,0.048278470367083944,14.626382064914088,10.498771990644341,12.37098797879131,16.919020969964105,10.453271041598628,6.389511655849015,8.305356445058866,12.85055738577819
1D,DISCOVERY,OS,PROJECT_DYNAMIC_EXTREMA_V1,FORECAST_REALIZATION,10,82,N_30_99,0.6707317073170732,0.5633818520351263,0.7628003253707004,0.5739910313901345,0.09674067592693869,0.16854039634146356,0.041234236364656666,0.04147576270536124,0.004700474668521413,0.07404048057555539,14.626382064914088,10.498771990644341,12.37098797879131,16.919020969964105,10.453271041598628,6.389511655849015,8.305356445058866,12.85055738577819
1D,VALIDATION,OB,ATR_1X_PRICE_BAND_CONTROL_V1,FORECAST_REALIZATION,1,25,N_LT_30,0.68,0.4840991373457672,0.8279501248310885,0.516042780748663,0.163957219251337,0.3177202072538863,-0.002662260085708672,-0.010822116027675355,-0.013878087178532995,0.010186217626515904,8.166211613985086,5.905937611050171,5.592210663271202,11.226642204370322,8.572352277242354,7.272843368878111,5.641351793092951,11.778793657637742
1D,VALIDATION,OB,ATR_1X_PRICE_BAND_CONTROL_V1,FORECAST_REALIZATION,3,25,N_LT_30,0.44,0.2666537494700257,0.6293298298043557,0.47043010752688175,-0.030430107526881744,-0.06468571428571435,0.011842712264430273,0.005704511098734821,-0.006798144028097198,0.03153412314966584,8.166211613985086,5.905937611050171,5.592210663271202,11.226642204370322,8.572352277242354,7.272843368878111,5.641351793092951,11.778793657637742
1D,VALIDATION,OB,ATR_1X_PRICE_BAND_CONTROL_V1,FORECAST_REALIZATION,5,25,N_LT_30,0.44,0.2666537494700257,0.6293298298043557,0.4702702702702703,-0.030270270270270294,-0.06436781609195408,0.0037248130953451987,0.003647377239335059,-0.03419511873247422,0.03612755187705015,8.166211613985086,5.905937611050171,5.592210663271202,11.226642204370322,8.572352277242354,7.272843368878111,5.641351793092951,11.778793657637742
1D,VALIDATION,OB,ATR_1X_PRICE_BAND_CONTROL_V1,FORECAST_REALIZATION,10,25,N_LT_30,0.48,0.30031003928960015,0.6650178204685269,0.4438356164383562,0.03616438356164381,0.08148148148148149,8.939244920203482e-05,0.0034717155503671826,-0.040682314052142066,0.039693596182690846,8.166211613985086,5.905937611050171,5.592210663271202,11.226642204370322,8.572352277242354,7.272843368878111,5.641351793092951,11.778793657637742
1D,VALIDATION,OB,CAUSAL_DNO_QUANTILE_80_20_CONTROL_V1,FORECAST_REALIZATION,1,28,N_LT_30,0.6428571428571429,0.4582997758222723,0.7929438802754113,0.516042780748663,0.12681436210847985,0.2457438934122873,0.00026264796748038625,-0.009876967526722069,-0.01090719402667787,0.012260287064280596,8.09129968928544,6.148007751134472,5.476292147303685,11.150226737484926,10.42139895054197,7.539175857552046,7.152337109208129,13.935189890194827
1D,VALIDATION,OB,CAUSAL_DNO_QUANTILE_80_20_CONTROL_V1,FORECAST_REALIZATION,3,28,N_LT_30,0.42857142857142855,0.2650829618073123,0.6092952101438459,0.47043010752688175,-0.0418586789554532,-0.08897959183673476,0.010862315719237906,0.007368678907031634,-0.007576995399506917,0.02911544670848427,8.09129968928544,6.148007751134472,5.476292147303685,11.150226737484926,10.42139895054197,7.539175857552046,7.152337109208129,13.935189890194827
1D,VALIDATION,OB,CAUSAL_DNO_QUANTILE_80_20_CONTROL_V1,FORECAST_REALIZATION,5,28,N_LT_30,0.4642857142857143,0.29531303739659587,0.6418760485789833,0.4702702702702703,-0.005984555984555995,-0.01272577996715929,0.019935785379039613,0.008858650032405047,-0.018761544296041033,0.05457119009415353,8.09129968928544,6.148007751134472,5.476292147303685,11.150226737484926,10.42139895054197,7.539175857552046,7.152337109208129,13.935189890194827
1D,VALIDATION,OB,CAUSAL_DNO_QUANTILE_80_20_CONTROL_V1,FORECAST_REALIZATION,10,28,N_LT_30,0.4642857142857143,0.29531303739659587,0.6418760485789833,0.4438356164383562,0.02045009784735813,0.046075837742504344,0.022289541416029186,0.009111270417880402,-0.02738240381773196,0.06721308518752023,8.09129968928544,6.148007751134472,5.476292147303685,11.150226737484926,10.42139895054197,7.539175857552046,7.152337109208129,13.935189890194827
1D,VALIDATION,OB,PROJECT_DYNAMIC_EXTREMA_V1,FORECAST_REALIZATION,1,25,N_LT_30,0.56,0.37067017019564436,0.7333462505299744,0.516042780748663,0.043957219251337,0.08518134715025938,0.00840743703869359,-0.0016468350613503269,-0.004681239045130022,0.021033522700629616,8.619796291281435,7.0206338213168475,6.280733273852674,11.392917789741048,10.965409978473733,4.488089990367506,7.171635383709077,14.993238015491793
1D,VALIDATION,OB,PROJECT_DYNAMIC_EXTREMA_V1,FORECAST_REALIZATION,3,25,N_LT_30,0.44,0.2666537494700257,0.6293298298043557,0.47043010752688175,-0.030430107526881744,-0.06468571428571435,0.020134394089890737,0.005704511098734821,-0.006979421972488588,0.050909376436006674,8.619796291281435,7.0206338213168475,6.280733273852674,11.392917789741048,10.965409978473733,4.488089990367506,7.171635383709077,14.993238015491793
1D,VALIDATION,OB,PROJECT_DYNAMIC_EXTREMA_V1,FORECAST_REALIZATION,5,25,N_LT_30,0.56,0.37067017019564436,0.7333462505299744,0.4702702702702703,0.08972972972972976,0.19080459770114944,0.015626620133160418,-0.01747085383112079,-0.018888399208913383,0.05018188612257973,8.619796291281435,7.0206338213168475,6.280733273852674,11.392917789741048,10.965409978473733,4.488089990367506,7.171635383709077,14.993238015491793
1D,VALIDATION,OB,PROJECT_DYNAMIC_EXTREMA_V1,FORECAST_REALIZATION,10,25,N_LT_30,0.56,0.37067017019564436,0.7333462505299744,0.4438356164383562,0.11616438356164388,0.2617283950617284,0.018723598444860406,-0.021715618868099584,-0.026143886123060792,0.06770478069426512,8.619796291281435,7.0206338213168475,6.280733273852674,11.392917789741048,10.965409978473733,4.488089990367506,7.171635383709077,14.993238015491793
1D,VALIDATION,OS,ATR_1X_PRICE_BAND_CONTROL_V1,FORECAST_REALIZATION,1,24,N_LT_30,0.5416666666666666,0.35074553553106635,0.7210894164831857,0.4839572192513369,0.05770944741532974,0.11924493554327809,-0.0004325267927300878,0.0027428722488923585,-0.023935718066925776,0.02242519537604812,8.372904704144412,6.184868687744519,5.56585210487215,11.478223029510836,12.267417177829252,7.967585651893291,8.011772313797126,16.958694706937404
1D,VALIDATION,OS,ATR_1X_PRICE_BAND_CONTROL_V1,FORECAST_REALIZATION,3,24,N_LT_30,0.4583333333333333,0.27891058351681425,0.6492544644689338,0.5295698924731183,-0.07123655913978494,-0.13451776649746194,-0.012485873291114174,-0.0030269978484676607,-0.05539824376851089,0.02422070651304998,8.372904704144412,6.184868687744519,5.56585210487215,11.478223029510836,12.267417177829252,7.967585651893291,8.011772313797126,16.958694706937404
1D,VALIDATION,OS,ATR_1X_PRICE_BAND_CONTROL_V1,FORECAST_REALIZATION,5,24,N_LT_30,0.5,0.31427131627763083,0.6857286837223692,0.5297297297297298,-0.02972972972972976,-0.056122448979591844,-0.018986469637231777,0.0006318919460652217,-0.06971838794231823,0.026441439136444235,8.372904704144412,6.184868687744519,5.56585210487215,11.478223029510836,12.267417177829252,7.967585651893291,8.011772313797126,16.958694706937404
1D,VALIDATION,OS,ATR_1X_PRICE_BAND_CONTROL_V1,FORECAST_REALIZATION,10,22,N_LT_30,0.45454545454545453,0.26920014432004846,0.6534052671095845,0.5561643835616439,-0.10161892901618935,-0.18271383788625173,-0.012271488587221525,-0.011537835622437986,-0.06528224289213568,0.03755019908212516,8.736963171477008,6.184868687744519,5.627730019879855,11.961394652298322,12.988230038742115,8.41224793741029,8.332344961925443,17.880639961875858
1D,VALIDATION,OS,CAUSAL_DNO_QUANTILE_80_20_CONTROL_V1,FORECAST_REALIZATION,1,34,N_30_99,0.5588235294117647,0.3945361778918369,0.7111675978470325,0.4839572192513369,0.07486631016042783,0.15469613259668513,-0.00017161941000318366,0.004640493917910771,-0.018770903093272468,0.016919257868204578,8.184366062644209,6.298514479884411,5.97543098014214,10.804251707701154,9.790357882980224,5.9683493276374655,6.523555172418688,13.405773082502506
1D,VALIDATION,OS,CAUSAL_DNO_QUANTILE_80_20_CONTROL_V1,FORECAST_REALIZATION,3,34,N_30_99,0.5294117647058824,0.3673644042005483,0.6854874836688863,0.5295698924731183,-0.00015812776723589383,-0.00029859659599873467,-0.008204929119266506,0.001792447913192996,-0.03696254834204911,0.016746653372682992,8.184366062644209,6.298514479884411,5.97543098014214,10.804251707701154,9.790357882980224,5.9683493276374655,6.523555172418688,13.405773082502506
1D,VALIDATION,OS,CAUSAL_DNO_QUANTILE_80_20_CONTROL_V1,FORECAST_REALIZATION,5,34,N_30_99,0.5294117647058824,0.3673644042005483,0.6854874836688863,0.5297297297297298,-0.00031796502384739966,-0.0006002400960384291,-0.003405292648325871,0.011686718092587811,-0.037131537908378545,0.029224509026484255,8.184366062644209,6.298514479884411,5.97543098014214,10.804251707701154,9.790357882980224,5.9683493276374655,6.523555172418688,13.405773082502506
1D,VALIDATION,OS,CAUSAL_DNO_QUANTILE_80_20_CONTROL_V1,FORECAST_REALIZATION,10,32,N_30_99,0.5,0.33630614316859386,0.6636938568314061,0.5561643835616439,-0.05616438356164388,-0.10098522167487689,-0.00023962836855024108,-0.005648377465295784,-0.03844542034822154,0.04313671161564457,8.422872593841603,6.298514479884411,5.729536753966304,11.136986807279879,10.131100518929756,5.9683493276374655,6.782924499390372,13.975593881845265
1D,VALIDATION,OS,PROJECT_DYNAMIC_EXTREMA_V1,FORECAST_REALIZATION,1,29,N_LT_30,0.5172413793103449,0.3443073797056916,0.6861418066920478,0.4839572192513369,0.03328416005900797,0.06877500476281195,-0.010158022843950449,0.0007022431816754438,-0.032520273169606914,0.006173112752995589,7.679737516225564,5.57433065319856,5.096248911299652,10.391307055735215,11.979641646602973,8.580677552060306,8.204271682398344,16.086713799624704
1D,VALIDATION,OS,PROJECT_DYNAMIC_EXTREMA_V1,FORECAST_REALIZATION,3,29,N_LT_30,0.4827586206896552,0.3138581933079522,0.6556926202943085,0.5295698924731183,-0.04681127178346306,-0.08839488884999114,-0.014594912894479815,-0.0023001688489598937,-0.03898364994460795,0.00895067470185729,7.679737516225564,5.57433065319856,5.096248911299652,10.391307055735215,11.979641646602973,8.580677552060306,8.204271682398344,16.086713799624704
1D,VALIDATION,OS,PROJECT_DYNAMIC_EXTREMA_V1,FORECAST_REALIZATION,5,29,N_LT_30,0.4827586206896552,0.3138581933079522,0.6556926202943085,0.5297297297297298,-0.046971109040074566,-0.08866995073891626,-0.017237618305210187,-0.005440199024360992,-0.053765530927708485,0.016517608121015815,7.679737516225564,5.57433065319856,5.096248911299652,10.391307055735215,11.979641646602973,8.580677552060306,8.204271682398344,16.086713799624704
1D,VALIDATION,OS,PROJECT_DYNAMIC_EXTREMA_V1,FORECAST_REALIZATION,10,28,N_LT_30,0.5,0.3263284683244634,0.6736715316755366,0.5561643835616439,-0.05616438356164388,-0.10098522167487689,-0.015272162304577409,-0.005696798308661155,-0.05738944876808007,0.03255908992774369,7.899530877535687,5.836452712079602,5.2972201613705865,10.383964134135457,12.151546490067881,9.385340156864178,8.479501957216177,16.1987667693049
1H,DISCOVERY,OB,ATR_1X_PRICE_BAND_CONTROL_V1,FORECAST_REALIZATION,1,1363,N_GE_100,0.504035216434336,0.47751734517336314,0.5305304052023937,0.49124961621123736,0.012785600223098659,0.02602668745414527,0.0008562225950264728,-8.834312469618855e-05,0.00017944943175891671,0.0014782959698053412,2.2079563495961754,1.432127158971398,2.0784351685693574,2.3546925087688333,2.4435956737048103,1.7864617664464715,2.3000718567376084,2.576013657397014
1H,DISCOVERY,OB,ATR_1X_PRICE_BAND_CONTROL_V1,FORECAST_REALIZATION,3,1363,N_GE_100,0.5084372707263389,0.48190993002240906,0.5349171843996279,0.4835341982037307,0.024903072522608205,0.051502194912210975,0.000747705899216658,-0.00022465178972597144,-0.0002015700536655464,0.0017247760707990536,2.2079563495961754,1.432127158971398,2.0784351685693574,2.3546925087688333,2.4435956737048103,1.7864617664464715,2.3000718567376084,2.576013657397014
1H,DISCOVERY,OB,ATR_1X_PRICE_BAND_CONTROL_V1,FORECAST_REALIZATION,5,1363,N_GE_100,0.495964783565664,0.4694695947976063,0.5224826548266368,0.4810763089206203,0.01488847464504367,0.03094825991005168,0.0010938950842223581,1.278243863378492e-05,-0.0001285359872362811,0.0022403835774109527,2.2079563495961754,1.432127158971398,2.0784351685693574,2.3546925087688333,2.4435956737048103,1.7864617664464715,2.3000718567376084,2.576013657397014
1H,DISCOVERY,OB,ATR_1X_PRICE_BAND_CONTROL_V1,FORECAST_REALIZATION,10,1363,N_GE_100,0.45341159207630227,0.4271501346172456,0.47993492922628966,0.47947940261834376,-0.026067810542041492,-0.05436690377040232,0.0028744338959408172,0.00239605237803997,0.0011901437329954164,0.004453221144048071,2.2079563495961754,1.432127158971398,2.0784351685693574,2.3546925087688333,2.4435956737048103,1.7864617664464715,2.3000718567376084,2.576013657397014
1H,DISCOVERY,OB,CAUSAL_DNO_QUANTILE_80_20_CONTROL_V1,FORECAST_REALIZATION,1,2491,N_GE_100,0.5447611401043757,0.525150621155443,0.5642338111067094,0.49124961621123736,0.053511523893138346,0.10892939582496974,0.0001335261571811313,-0.0007669131744728608,-0.0003254737051056249,0.0005733293713938058,2.2510998351049176,1.5399526168425508,2.168420424477466,2.3481124301945373,2.249847006408535,1.5778075693513471,2.1643627435807007,2.338851661516564
1H,DISCOVERY,OB,CAUSAL_DNO_QUANTILE_80_20_CONTROL_V1,FORECAST_REALIZATION,3,2491,N_GE_100,0.5387394620634284,0.5191184458186408,0.5582411749284241,0.4835341982037307,0.05520526385969765,0.11417034010164806,0.00015365117216707775,-0.001031041449825465,-0.0005145893868660536,0.0007442651352417042,2.2510998351049176,1.5399526168425508,2.168420424477466,2.3481124301945373,2.249847006408535,1.5778075693513471,2.1643627435807007,2.338851661516564
1H,DISCOVERY,OB,CAUSAL_DNO_QUANTILE_80_20_CONTROL_V1,FORECAST_REALIZATION,5,2491,N_GE_100,0.53472501003613,0.51509858898586,0.554244490751146,0.4810763089206203,0.053648701115509734,0.11151806921417529,-1.7841397694683396e-05,-0.0011230276826325047,-0.0008528926970563111,0.0007766954517177266,2.2510998351049176,1.5399526168425508,2.168420424477466,2.3481124301945373,2.249847006408535,1.5778075693513471,2.1643627435807007,2.338851661516564
1H,DISCOVERY,OB,CAUSAL_DNO_QUANTILE_80_20_CONTROL_V1,FORECAST_REALIZATION,10,2491,N_GE_100,0.48414291449217184,0.4645569334257701,0.5037777295844988,0.47947940261834376,0.0046635118738280745,0.009726198556938126,0.0017486304573437175,0.0005988830830501168,0.0005411123569264212,0.0028185894529002553,2.2510998351049176,1.5399526168425508,2.168420424477466,2.3481124301945373,2.249847006408535,1.5778075693513471,2.1643627435807007,2.338851661516564
1H,DISCOVERY,OB,PROJECT_DYNAMIC_EXTREMA_V1,FORECAST_REALIZATION,1,2145,N_GE_100,0.5286713286713287,0.5075138757676334,0.5497262670144125,0.49124961621123736,0.03742171246009135,0.07617657342657336,0.000482842928783662,-0.0003825902698999517,2.7664376435892662e-05,0.0008761609772014546,2.221038222365897,1.520029112896455,2.1140749141098496,2.310452424359585,2.2514860834140498,1.5824400204185778,2.1541805376215737,2.3619854514863436
1H,DISCOVERY,OB,PROJECT_DYNAMIC_EXTREMA_V1,FORECAST_REALIZATION,3,2145,N_GE_100,0.531934731934732,0.5107798078966053,0.5529754730882752,0.4835341982037307,0.04840053373100123,0.10009743656354231,0.00020454270869080588,-0.0007735661399048688,-0.0005499336473931245,0.000912887786251529,2.221038222365897,1.520029112896455,2.1140749141098496,2.310452424359585,2.2514860834140498,1.5824400204185778,2.1541805376215737,2.3619854514863436
1H,DISCOVERY,OB,PROJECT_DYNAMIC_EXTREMA_V1,FORECAST_REALIZATION,5,2145,N_GE_100,0.5272727272727272,0.5061144671883315,0.5483334735067853,0.4810763089206203,0.046196418352106916,0.09602721542400783,0.00036290544478656675,-0.0010209290454313846,-0.0005608448842208903,0.001244659782819751,2.221038222365897,1.520029112896455,2.1140749141098496,2.310452424359585,2.2514860834140498,1.5824400204185778,2.1541805376215737,2.3619854514863436
1H,DISCOVERY,OB,PROJECT_DYNAMIC_EXTREMA_V1,FORECAST_REALIZATION,10,2145,N_GE_100,0.49696969696969695,0.47583458239762183,0.5181156464140318,0.47947940261834376,0.017490294351353186,0.0364776761125547,0.0015287500748862187,0.00011798296326004376,0.0001592889017285735,0.0027939635430909537,2.221038222365897,1.520029112896455,2.1140749141098496,2.310452424359585,2.2514860834140498,1.5824400204185778,2.1541805376215737,2.3619854514863436
1H,DISCOVERY,OS,ATR_1X_PRICE_BAND_CONTROL_V1,FORECAST_REALIZATION,1,1302,N_GE_100,0.554531490015361,0.5274129138277026,0.5813292184492902,0.506409272336506,0.04812221767885494,0.09502633602427002,0.0004196477753596611,0.0011964448194445865,-0.00025113488746533557,0.0011058021675903944,2.5241005524389033,1.7752462421342683,2.3762698764043937,2.6816511565609193,3.026537481787243,1.9052795529518571,2.8119094183859055,3.2368414872719016
1H,DISCOVERY,OS,ATR_1X_PRICE_BAND_CONTROL_V1,FORECAST_REALIZATION,3,1302,N_GE_100,0.5645161290322581,0.5374329230688923,0.5912197404700852,0.5153143471252015,0.049201781907056596,0.09547916176124338,0.0014369619162316804,0.001977326523627587,0.0002860515169288223,0.0025343382471957956,2.5241005524389033,1.7752462421342683,2.3762698764043937,2.6816511565609193,3.026537481787243,1.9052795529518571,2.8119094183859055,3.2368414872719016
1H,DISCOVERY,OS,ATR_1X_PRICE_BAND_CONTROL_V1,FORECAST_REALIZATION,5,1302,N_GE_100,0.5645161290322581,0.5374329230688923,0.5912197404700852,0.5180792261630585,0.04643690286919966,0.08963282163061348,0.0017819560665404573,0.0025189105005304357,0.0003301919765767081,0.003153838814924955,2.5241005524389033,1.7752462421342683,2.3762698764043937,2.6816511565609193,3.026537481787243,1.9052795529518571,2.8119094183859055,3.2368414872719016
1H,DISCOVERY,OS,ATR_1X_PRICE_BAND_CONTROL_V1,FORECAST_REALIZATION,10,1302,N_GE_100,0.5399385560675883,0.5127880146846202,0.5668541103633182,0.5195607939493991,0.020377762118189202,0.03922113130070737,0.0011274503047279754,0.0021434560824334925,-0.00102592099010371,0.0030075992602764104,2.5241005524389033,1.7752462421342683,2.3762698764043937,2.6816511565609193,3.026537481787243,1.9052795529518571,2.8119094183859055,3.2368414872719016
1H,DISCOVERY,OS,CAUSAL_DNO_QUANTILE_80_20_CONTROL_V1,FORECAST_REALIZATION,1,2542,N_GE_100,0.5649095200629426,0.545552950316397,0.5840701967010766,0.506409272336506,0.05850024772643658,0.11551970100492848,-5.825297249500341e-05,0.0011748674924900726,-0.0005721140334829097,0.0003355107598855869,2.282330906100266,1.6462715115798905,2.203659706119203,2.374248849379491,2.664604536298629,1.7349881811850056,2.544720308564434,2.7959467413704995
1H,DISCOVERY,OS,CAUSAL_DNO_QUANTILE_80_20_CONTROL_V1,FORECAST_REALIZATION,3,2542,N_GE_100,0.5680566483084186,0.5487117057190986,0.5871961999416465,0.5153143471252015,0.0527423011832171,0.10234976277577368,0.0007103029291440063,0.0016434693654130417,-0.000127512497781165,0.0014378294024454624,2.282330906100266,1.6462715115798905,2.203659706119203,2.374248849379491,2.664604536298629,1.7349881811850056,2.544720308564434,2.7959467413704995
1H,DISCOVERY,OS,CAUSAL_DNO_QUANTILE_80_20_CONTROL_V1,FORECAST_REALIZATION,5,2541,N_GE_100,0.5588351042896498,0.5394544952441747,0.5780380826828759,0.5180792261630585,0.040755878126591316,0.07866726953796821,0.00086575799241958,0.0020104946150443226,-7.663252954797529e-05,0.0017976871153943948,2.2825679901377467,1.6453767075840315,2.1998895524412396,2.368330554598338,2.6655336424432603,1.7370163800974792,2.5487370485607768,2.7904690403363968
1H,DISCOVERY,OS,CAUSAL_DNO_QUANTILE_80_20_CONTROL_V1,FORECAST_REALIZATION,10,2540,N_GE_100,0.5413385826771654,0.5219122076808688,0.560640102179934,0.5195607939493991,0.021777788727766256,0.0419157661266627,0.0008127224871375791,0.002082927823673475,-0.00033929599076977404,0.0019976952300662467,2.2831187898038134,1.6462715115798905,2.197245114075501,2.3745100403398514,2.6657282302679244,1.7349881811850056,2.5486954915057805,2.787834389016975
1H,DISCOVERY,OS,PROJECT_DYNAMIC_EXTREMA_V1,FORECAST_REALIZATION,1,2047,N_GE_100,0.5593551538837322,0.5377565645788656,0.5807313771519829,0.506409272336506,0.05294588154722624,0.10455156419814537,5.0783019895676725e-05,0.0011781569115076884,-0.00043485650894486375,0.0005242492990732399,2.3019227023406628,1.6730854220594762,2.2090354762069864,2.404599693645115,2.736764111289754,1.6710619076216178,2.60371650807694,2.8931634428727824
1H,DISCOVERY,OS,PROJECT_DYNAMIC_EXTREMA_V1,FORECAST_REALIZATION,3,2047,N_GE_100,0.5666829506595017,0.5451108542789437,0.5880052284063305,0.5153143471252015,0.05136860353430017,0.09968401582620712,0.0005000938577143167,0.0015949173542826323,-0.000226349796469048,0.0011922162484991363,2.3019227023406628,1.6730854220594762,2.2090354762069864,2.404599693645115,2.736764111289754,1.6710619076216178,2.60371650807694,2.8931634428727824
1H,DISCOVERY,OS,PROJECT_DYNAMIC_EXTREMA_V1,FORECAST_REALIZATION,5,2046,N_GE_100,0.5679374389051809,0.5463650637468052,0.5892551714947862,0.5180792261630585,0.04985821274212243,0.09623665691322314,0.0008808756613767857,0.0022366733972049024,-8.087999063687111e-05,0.001923230013835358,2.302226721077456,1.6724527786362602,2.2067509873082587,2.4115431577016984,2.7379532697885316,1.6714455058797055,2.603728147594295,2.8885266680918877
1H,DISCOVERY,OS,PROJECT_DYNAMIC_EXTREMA_V1,FORECAST_REALIZATION,10,2046,N_GE_100,0.5434995112414467,0.5218544903241911,0.5649814876362522,0.5195607939493991,0.02393871729204755,0.04607491090711324,0.00036934022784858756,0.0023734076582421215,-0.0010029437819970746,0.001782895786426453,2.302226721077456,1.6724527786362602,2.2067509873082587,2.4115431577016984,2.7379532697885316,1.6714455058797055,2.603728147594295,2.8885266680918877
1H,VALIDATION,OB,ATR_1X_PRICE_BAND_CONTROL_V1,FORECAST_REALIZATION,1,438,N_GE_100,0.5570776255707762,0.510261276336393,0.6029014498532641,0.503687974966473,0.05338965060430323,0.10599746918289443,-1.2070449991875823e-05,-0.000719762212859465,-0.0009624800912275033,0.0009532601439339089,1.7985237489890673,1.1884247850028373,1.6094809239068202,1.9862168294337978,2.026921255343293,1.239850187162003,1.821794152332992,2.234542390363662
1H,VALIDATION,OB,ATR_1X_PRICE_BAND_CONTROL_V1,FORECAST_REALIZATION,3,438,N_GE_100,0.5388127853881278,0.49199257936116336,0.5849580744478035,0.49586407332886207,0.04294871205926576,0.08661388144323512,0.0004894172938328486,-0.000614129006912878,-0.0011141417111916487,0.0020425453506873648,1.7985237489890673,1.1884247850028373,1.6094809239068202,1.9862168294337978,2.026921255343293,1.239850187162003,1.821794152332992,2.234542390363662
1H,VALIDATION,OB,ATR_1X_PRICE_BAND_CONTROL_V1,FORECAST_REALIZATION,5,438,N_GE_100,0.5251141552511416,0.4783319349080687,0.5714596646153806,0.4991055456171735,0.02600860963396806,0.05211044009099686,0.0005604949257421533,-0.0010175271914439343,-0.001408693278617162,0.0027211977390350565,1.7985237489890673,1.1884247850028373,1.6094809239068202,1.9862168294337978,2.026921255343293,1.239850187162003,1.821794152332992,2.234542390363662
1H,VALIDATION,OB,ATR_1X_PRICE_BAND_CONTROL_V1,FORECAST_REALIZATION,10,438,N_GE_100,0.5091324200913242,0.4624385266044035,0.5556675095859416,0.5120259536860946,-0.0028935335947704033,-0.005651146341195679,0.0007888087780079108,-0.0002098232292612745,-0.0016893796219612943,0.003472984104098676,1.7985237489890673,1.1884247850028373,1.6094809239068202,1.9862168294337978,2.026921255343293,1.239850187162003,1.821794152332992,2.234542390363662
1H,VALIDATION,OB,CAUSAL_DNO_QUANTILE_80_20_CONTROL_V1,FORECAST_REALIZATION,1,793,N_GE_100,0.5901639344262295,0.5555787818451569,0.6238797203213967,0.503687974966473,0.0864759594597565,0.17168557471619716,2.0115120175636677e-05,-0.0008020683123288741,-0.0006516938696464033,0.0007761749860919575,1.8110619911898949,1.1593501479436343,1.6706385270691375,1.9620190052413704,1.9334157361563622,1.1472153200513586,1.7858009315214138,2.0949337547848264
1H,VALIDATION,OB,CAUSAL_DNO_QUANTILE_80_20_CONTROL_V1,FORECAST_REALIZATION,3,793,N_GE_100,0.5334174022698613,0.49861671506407657,0.5678958766480029,0.49586407332886207,0.037553328940999275,0.07573311106992331,0.00046050229371028196,-0.000709519061133812,-0.0006005584960434202,0.001682628848681934,1.8110619911898949,1.1593501479436343,1.6706385270691375,1.9620190052413704,1.9334157361563622,1.1472153200513586,1.7858009315214138,2.0949337547848264
1H,VALIDATION,OB,CAUSAL_DNO_QUANTILE_80_20_CONTROL_V1,FORECAST_REALIZATION,5,793,N_GE_100,0.519546027742749,0.4847613737064221,0.5541422176723413,0.4991055456171735,0.020440482125575532,0.04095422762794532,0.000596640463514689,-0.0006797491916066267,-0.0009781515970306723,0.002013740122336016,1.8110619911898949,1.1593501479436343,1.6706385270691375,1.9620190052413704,1.9334157361563622,1.1472153200513586,1.7858009315214138,2.0949337547848264
1H,VALIDATION,OB,CAUSAL_DNO_QUANTILE_80_20_CONTROL_V1,FORECAST_REALIZATION,10,791,N_GE_100,0.5208596713021492,0.48602848898934425,0.5554892171800359,0.5120259536860946,0.00883371761605456,0.017252480176952467,0.0006970485508552065,-0.0011040866329893317,-0.00124582480790367,0.00270835498802654,1.8146761977851262,1.165374859628882,1.6776664225591036,1.9580017940842722,1.9359655688576884,1.151001768973604,1.7849761064147431,2.1138135680911523
1H,VALIDATION,OB,PROJECT_DYNAMIC_EXTREMA_V1,FORECAST_REALIZATION,1,661,N_GE_100,0.5537065052950075,0.5156074980114326,0.5911848567389321,0.503687974966473,0.05001853032853454,0.0993045949367044,0.00031895157118100044,-0.0005904198475535916,-0.0002539745271757911,0.0009774820211298542,1.8176450962789212,1.1021028629338712,1.6690168869656894,2.0009312419502847,1.9781851202396508,1.2094742146816808,1.8270561521956366,2.1405781431916218
1H,VALIDATION,OB,PROJECT_DYNAMIC_EXTREMA_V1,FORECAST_REALIZATION,3,661,N_GE_100,0.5431164901664145,0.5050008144765387,0.5807338928582612,0.49586407332886207,0.047252416837552436,0.09529308409124071,0.000511846140735048,-0.0007276354301225529,-0.0006620735726590272,0.001827714289561114,1.8176450962789212,1.1021028629338712,1.6690168869656894,2.0009312419502847,1.9781851202396508,1.2094742146816808,1.8270561521956366,2.1405781431916218
1H,VALIDATION,OB,PROJECT_DYNAMIC_EXTREMA_V1,FORECAST_REALIZATION,5,661,N_GE_100,0.5143721633888049,0.47629743503916233,0.5522808007391043,0.4991055456171735,0.015266617771631352,0.030587954603376044,0.0010024965940525219,-0.0003923231223857959,-0.0004864862691359056,0.0026742236304510537,1.8176450962789212,1.1021028629338712,1.6690168869656894,2.0009312419502847,1.9781851202396508,1.2094742146816808,1.8270561521956366,2.1405781431916218
1H,VALIDATION,OB,PROJECT_DYNAMIC_EXTREMA_V1,FORECAST_REALIZATION,10,660,N_GE_100,0.5212121212121212,0.48308750144976237,0.5590912351645144,0.5120259536860946,0.009186167526026634,0.017940824014671675,0.0006349525948545349,-0.0009206087301182886,-0.0014276968293685922,0.002869357091953464,1.8199665563104217,1.103389198853325,1.6732930264790615,1.9711463512357708,1.979485452560537,1.212735364216961,1.8083486921310905,2.1480953486089986
1H,VALIDATION,OS,ATR_1X_PRICE_BAND_CONTROL_V1,FORECAST_REALIZATION,1,458,N_GE_100,0.5502183406113537,0.5044277434336395,0.5951735051329685,0.49564148413053194,0.05457685648082172,0.1101135765029071,-0.0006279379794580089,0.0007395102490820316,-0.0015084375457369995,0.0002984252907687994,1.8070998386634374,1.199023806005871,1.6285389014575142,1.9824498711527958,1.9507040474396253,1.339653788598225,1.7875045066642357,2.1242080957831826
1H,VALIDATION,OS,ATR_1X_PRICE_BAND_CONTROL_V1,FORECAST_REALIZATION,3,458,N_GE_100,0.5589519650655022,0.5131754735889729,0.6037477312500887,0.5036887994634474,0.0552631656020548,0.10971688403816748,-3.331818762428223e-06,0.0011575877782207256,-0.0014449928424978865,0.0015195572068956635,1.8070998386634374,1.199023806005871,1.6285389014575142,1.9824498711527958,1.9507040474396253,1.339653788598225,1.7875045066642357,2.1242080957831826
1H,VALIDATION,OS,ATR_1X_PRICE_BAND_CONTROL_V1,FORECAST_REALIZATION,5,458,N_GE_100,0.5676855895196506,0.5219372927291261,0.612307868382389,0.5001118067978533,0.06757378272179737,0.13511735136681335,0.0006505239887978404,0.0016016354822000478,-0.0009833737532998568,0.0024127424655479295,1.8070998386634374,1.199023806005871,1.6285389014575142,1.9824498711527958,1.9507040474396253,1.339653788598225,1.7875045066642357,2.1242080957831826
1H,VALIDATION,OS,ATR_1X_PRICE_BAND_CONTROL_V1,FORECAST_REALIZATION,10,458,N_GE_100,0.5458515283842795,0.5000591359799896,0.5908811344503918,0.4877503076406757,0.058101220743603854,0.11912082849244832,0.0007004340074671991,0.0018140631220733283,-0.0015324693446732546,0.003029952637638527,1.8070998386634374,1.199023806005871,1.6285389014575142,1.9824498711527958,1.9507040474396253,1.339653788598225,1.7875045066642357,2.1242080957831826
1H,VALIDATION,OS,CAUSAL_DNO_QUANTILE_80_20_CONTROL_V1,FORECAST_REALIZATION,1,818,N_GE_100,0.5672371638141809,0.533047191811621,0.6007985516990505,0.49564148413053194,0.07159567968364894,0.14445053930310947,-0.00047263320998880735,0.0007967996919304721,-0.0010588743132101232,5.8385453910840546e-05,1.7714261371472597,1.1537218418575905,1.6339441464680076,1.9052415299106766,1.8859295676163288,1.3433379615956185,1.754623991653375,2.02949261559706
1H,VALIDATION,OS,CAUSAL_DNO_QUANTILE_80_20_CONTROL_V1,FORECAST_REALIZATION,3,817,N_GE_100,0.554467564259486,0.5202097226550293,0.5882155813256658,0.5036887994634474,0.0507787647960386,0.10081376605977832,-0.0006157317595750042,0.0011558478878634926,-0.0016913283806565507,0.00035098818637867616,1.7734210798533003,1.1549343082666865,1.6411722047406465,1.9010256802863592,1.8881014361269468,1.3451661941739692,1.7547411848635532,2.0254686337949375
1H,VALIDATION,OS,CAUSAL_DNO_QUANTILE_80_20_CONTROL_V1,FORECAST_REALIZATION,5,817,N_GE_100,0.5618115055079559,0.5275778365678954,0.595466609522556,0.5001118067978533,0.06169969871010261,0.12337180980620555,-0.00014182100529083421,0.0011940846881601797,-0.0014547453701888576,0.0010331015030021662,1.7734210798533003,1.1549343082666865,1.6411722047406465,1.9010256802863592,1.8881014361269468,1.3451661941739692,1.7547411848635532,2.0254686337949375
1H,VALIDATION,OS,CAUSAL_DNO_QUANTILE_80_20_CONTROL_V1,FORECAST_REALIZATION,10,817,N_GE_100,0.5348837209302325,0.500597885443844,0.5688430395774999,0.4877503076406757,0.047133413289556836,0.09663430765948355,0.0007002389283318059,0.0012390130255215404,-0.0012092736455421977,0.002257260114983369,1.7734210798533003,1.1549343082666865,1.6411722047406465,1.9010256802863592,1.8881014361269468,1.3451661941739692,1.7547411848635532,2.0254686337949375
1H,VALIDATION,OS,PROJECT_DYNAMIC_EXTREMA_V1,FORECAST_REALIZATION,1,692,N_GE_100,0.5505780346820809,0.5133372806125216,0.5872603266590184,0.49564148413053194,0.054936550551548946,0.11083929071820964,-0.0006215839370463344,0.0007231631213415746,-0.0013001756292967855,1.0817966269281207e-05,1.7342384345745443,1.1396356697747478,1.5787498533526683,1.8927241277376736,1.8650373483419413,1.2436277196546235,1.713254915055851,2.023137201007353
1H,VALIDATION,OS,PROJECT_DYNAMIC_EXTREMA_V1,FORECAST_REALIZATION,3,692,N_GE_100,0.5635838150289018,0.5263816981641912,0.6000838652628876,0.5036887994634474,0.0598950155654544,0.11891274062329238,-0.0008549387389846673,0.0012135128491896907,-0.001997145056512979,0.0002910769110781972,1.7342384345745443,1.1396356697747478,1.5787498533526683,1.8927241277376736,1.8650373483419413,1.2436277196546235,1.713254915055851,2.023137201007353
1H,VALIDATION,OS,PROJECT_DYNAMIC_EXTREMA_V1,FORECAST_REALIZATION,5,692,N_GE_100,0.5635838150289018,0.5263816981641912,0.6000838652628876,0.5001118067978533,0.06347200823104848,0.12691563640029013,-0.000169219098087493,0.0012174696194677814,-0.0013682347844117223,0.001092026900471746,1.7342384345745443,1.1396356697747478,1.5787498533526683,1.8927241277376736,1.8650373483419413,1.2436277196546235,1.713254915055851,2.023137201007353
1H,VALIDATION,OS,PROJECT_DYNAMIC_EXTREMA_V1,FORECAST_REALIZATION,10,692,N_GE_100,0.5303468208092486,0.49309636190485406,0.56726220245807,0.4877503076406757,0.04259651316857288,0.08733262183804436,0.00016130198397597408,0.0009921210369183697,-0.00152057788376311,0.0020867162764369404,1.7342384345745443,1.1396356697747478,1.5787498533526683,1.8927241277376736,1.8650373483419413,1.2436277196546235,1.713254915055851,2.023137201007353
2H,DISCOVERY,OB,ATR_1X_PRICE_BAND_CONTROL_V1,FORECAST_REALIZATION,1,723,N_GE_100,0.4951590594744122,0.4588361918347267,0.5315330990809282,0.4871517027863777,0.008007356688034484,0.016437090627487327,0.000873551096594607,8.512449457342974e-05,-0.0003358750128730206,0.0019651980965728227,3.143772884059929,2.0786722531830994,2.900218508139833,3.4223482817112907,3.5965911641260027,2.679644316270132,3.346880628013424,3.862953572471028
2H,DISCOVERY,OB,ATR_1X_PRICE_BAND_CONTROL_V1,FORECAST_REALIZATION,3,723,N_GE_100,0.47579529737206083,0.43961547127426054,0.5122309833040135,0.47801517262734167,-0.0022198752552808343,-0.004643943084650659,0.0013299953386502526,0.0009716187941990473,-0.00030644074053378224,0.0029056314615199578,3.143772884059929,2.0786722531830994,2.900218508139833,3.4223482817112907,3.5965911641260027,2.679644316270132,3.346880628013424,3.862953572471028
2H,DISCOVERY,OB,ATR_1X_PRICE_BAND_CONTROL_V1,FORECAST_REALIZATION,5,723,N_GE_100,0.45228215767634855,0.41634925176117127,0.4887194729788546,0.47785692164756893,-0.025574763971220382,-0.053519710215859106,0.002515064493481018,0.001707977504686431,0.0003397280474353784,0.0046292825936075175,3.143772884059929,2.0786722531830994,2.900218508139833,3.4223482817112907,3.5965911641260027,2.679644316270132,3.346880628013424,3.862953572471028
2H,DISCOVERY,OB,ATR_1X_PRICE_BAND_CONTROL_V1,FORECAST_REALIZATION,10,723,N_GE_100,0.45228215767634855,0.41634925176117127,0.4887194729788546,0.4735496863139958,-0.02126752863764725,-0.044910870500599276,0.005473390789653494,0.004193671368661889,0.002529863392584136,0.008590018337989249,3.143772884059929,2.0786722531830994,2.900218508139833,3.4223482817112907,3.5965911641260027,2.679644316270132,3.346880628013424,3.862953572471028
2H,DISCOVERY,OB,CAUSAL_DNO_QUANTILE_80_20_CONTROL_V1,FORECAST_REALIZATION,1,1226,N_GE_100,0.5432300163132137,0.5152544667395506,0.5709354946343369,0.4871517027863777,0.056078313526835954,0.1151146823588689,0.00015186475598961857,-0.001120438669866497,-0.0005441585811069973,0.0009377740441436322,3.1252849446243225,2.21304854891058,2.9317476282917445,3.323187954459581,3.2784228846592756,2.4226790809654437,3.094823895925081,3.4570164360729327
2H,DISCOVERY,OB,CAUSAL_DNO_QUANTILE_80_20_CONTROL_V1,FORECAST_REALIZATION,3,1226,N_GE_100,0.5114192495921697,0.48344601504476326,0.5393211445634334,0.47801517262734167,0.033404076964828,0.06988078805370823,0.0009892660462461225,-0.00034379430911507525,-0.00024458484456265636,0.002241958853223741,3.1252849446243225,2.21304854891058,2.9317476282917445,3.323187954459581,3.2784228846592756,2.4226790809654437,3.094823895925081,3.4570164360729327
2H,DISCOVERY,OB,CAUSAL_DNO_QUANTILE_80_20_CONTROL_V1,FORECAST_REALIZATION,5,1226,N_GE_100,0.48613376835236544,0.45824296528239983,0.5141111980505042,0.47785692164756893,0.008276846704796503,0.017320763454172328,0.0017315400819954304,0.0003741436003780185,0.0001928642095980258,0.0034109313279982547,3.1252849446243225,2.21304854891058,2.9317476282917445,3.323187954459581,3.2784228846592756,2.4226790809654437,3.094823895925081,3.4570164360729327
2H,DISCOVERY,OB,CAUSAL_DNO_QUANTILE_80_20_CONTROL_V1,FORECAST_REALIZATION,10,1225,N_GE_100,0.4742857142857143,0.446446782590865,0.5022854217876327,0.4735496863139958,0.0007360279717185114,0.0015542782373008102,0.003773049540038026,0.0030190750651846177,0.0012778304354863375,0.006295083692202102,3.1260121396114307,2.2096694576647016,2.948830289000848,3.309921415691165,3.2809905840371636,2.4271437752051286,3.0743045842165913,3.4590362892052733
2H,DISCOVERY,OB,PROJECT_DYNAMIC_EXTREMA_V1,FORECAST_REALIZATION,1,1082,N_GE_100,0.5582255083179297,0.528481004507768,0.5875580199687301,0.4871517027863777,0.07107380553155201,0.14589665832024967,-0.0003152479438633576,-0.0012239921237092166,-0.0010377163848720855,0.00038905918578210154,3.051050109031317,2.1681295396905695,2.8652495319637055,3.269927421270776,3.2309398471186976,2.311863770161315,3.0251129595027124,3.4196073351247023
2H,DISCOVERY,OB,PROJECT_DYNAMIC_EXTREMA_V1,FORECAST_REALIZATION,3,1082,N_GE_100,0.5175600739371534,0.4877761016760174,0.5472197945946725,0.47801517262734167,0.03954490130981175,0.08272729313686611,0.0008613730385412688,-0.000658465347994075,-0.00033997045461878986,0.0020727827307179866,3.051050109031317,2.1681295396905695,2.8652495319637055,3.269927421270776,3.2309398471186976,2.311863770161315,3.0251129595027124,3.4196073351247023
2H,DISCOVERY,OB,PROJECT_DYNAMIC_EXTREMA_V1,FORECAST_REALIZATION,5,1082,N_GE_100,0.4879852125693161,0.45829614853482326,0.5177592908589153,0.47785692164756893,0.010128290921747163,0.021195237450629678,0.0019922711141715952,0.00032698567935507405,0.00029927477680390157,0.003830012102424041,3.051050109031317,2.1681295396905695,2.8652495319637055,3.269927421270776,3.2309398471186976,2.311863770161315,3.0251129595027124,3.4196073351247023
2H,DISCOVERY,OB,PROJECT_DYNAMIC_EXTREMA_V1,FORECAST_REALIZATION,10,1082,N_GE_100,0.46210720887245843,0.43258636701249237,0.49189617261391355,0.4735496863139958,-0.011442477441537369,-0.024163203507963527,0.0043333618015529715,0.003597337623242769,0.0017984548424226717,0.007009347396605915,3.051050109031317,2.1681295396905695,2.8652495319637055,3.269927421270776,3.2309398471186976,2.311863770161315,3.0251129595027124,3.4196073351247023
2H,DISCOVERY,OS,ATR_1X_PRICE_BAND_CONTROL_V1,FORECAST_REALIZATION,1,691,N_GE_100,0.552821997105644,0.5155590948421491,0.5895008209717572,0.5115325077399381,0.04128948936570587,0.080717234468894,0.0005406807928505378,0.0016357112705782662,-0.0007756396818913082,0.0019263498531140917,3.444403170704076,2.5352610781060823,3.218468085359098,3.6986920474746063,4.218655252367932,2.874188912598526,3.843963560383226,4.606553870094954
2H,DISCOVERY,OS,ATR_1X_PRICE_BAND_CONTROL_V1,FORECAST_REALIZATION,3,691,N_GE_100,0.5455861070911722,0.5083102997848147,0.5823578467395153,0.5211333023687877,0.024452804722384425,0.04692236057691068,0.0011777764985903497,0.0017289335713366327,-0.0008265141628440452,0.003081327487277597,3.444403170704076,2.5352610781060823,3.218468085359098,3.6986920474746063,4.218655252367932,2.874188912598526,3.843963560383226,4.606553870094954
2H,DISCOVERY,OS,ATR_1X_PRICE_BAND_CONTROL_V1,FORECAST_REALIZATION,5,691,N_GE_100,0.5383502170767004,0.5010693453497894,0.5752070318849645,0.5212139981418396,0.017136218934860836,0.03287751095702052,0.000966464682654865,0.002556150599258844,-0.0014616993899253367,0.0034457440135169264,3.444403170704076,2.5352610781060823,3.218468085359098,3.6986920474746063,4.218655252367932,2.874188912598526,3.843963560383226,4.606553870094954
2H,DISCOVERY,OS,ATR_1X_PRICE_BAND_CONTROL_V1,FORECAST_REALIZATION,10,691,N_GE_100,0.5499276410998553,0.5126586339030649,0.5866445741950109,0.5259855936798079,0.023942047420047352,0.045518447097663284,0.0015460654307467374,0.004829193417610567,-0.0019132733480974272,0.005207185860587008,3.444403170704076,2.5352610781060823,3.218468085359098,3.6986920474746063,4.218655252367932,2.874188912598526,3.843963560383226,4.606553870094954
2H,DISCOVERY,OS,CAUSAL_DNO_QUANTILE_80_20_CONTROL_V1,FORECAST_REALIZATION,1,1284,N_GE_100,0.5693146417445483,0.5420624554509489,0.5961533002755318,0.5115325077399381,0.057782134004610186,0.11295886992579263,0.0003439771666721463,0.0016028373915041305,-0.0005960607697332342,0.0012116040188722259,3.1982315782047266,2.29022358237882,3.0313681185863595,3.361268614083214,3.7600515359467424,2.488233068352642,3.5260206780059344,4.018142724491433
2H,DISCOVERY,OS,CAUSAL_DNO_QUANTILE_80_20_CONTROL_V1,FORECAST_REALIZATION,3,1284,N_GE_100,0.5327102803738317,0.5053627204368419,0.5598626923779016,0.5211333023687877,0.01157697800504398,0.02221500324853798,7.518213585212858e-05,0.0011445263044636,-0.0013569834213715333,0.0014813304632167307,3.1982315782047266,2.29022358237882,3.0313681185863595,3.361268614083214,3.7600515359467424,2.488233068352642,3.5260206780059344,4.018142724491433
2H,DISCOVERY,OS,CAUSAL_DNO_QUANTILE_80_20_CONTROL_V1,FORECAST_REALIZATION,5,1284,N_GE_100,0.5537383177570093,0.5264274131533119,0.5807286221851956,0.5212139981418396,0.03252431961516977,0.06240108617788653,0.0006727800656682149,0.002689133367804186,-0.001270558818998118,0.002503452660390869,3.1982315782047266,2.29022358237882,3.0313681185863595,3.361268614083214,3.7600515359467424,2.488233068352642,3.5260206780059344,4.018142724491433
2H,DISCOVERY,OS,CAUSAL_DNO_QUANTILE_80_20_CONTROL_V1,FORECAST_REALIZATION,10,1284,N_GE_100,0.544392523364486,0.5170593132612528,0.5714608898444707,0.5259855936798079,0.018406929684678053,0.034995121360459125,0.0018041937579706868,0.004208789914225686,-0.0009260298263956017,0.00440126898174985,3.1982315782047266,2.29022358237882,3.0313681185863595,3.361268614083214,3.7600515359467424,2.488233068352642,3.5260206780059344,4.018142724491433
2H,DISCOVERY,OS,PROJECT_DYNAMIC_EXTREMA_V1,FORECAST_REALIZATION,1,1047,N_GE_100,0.5549188156638013,0.5246689462175858,0.5847671476713505,0.5115325077399381,0.04338630792386322,0.08481632597614053,-0.0004909329011148244,0.0013633648594717496,-0.0015799183179852619,0.0005683727941979042,3.2488561994232206,2.3622047244094437,3.062261360683403,3.446595035765903,4.022490527792132,2.6515623054898607,3.731703936805692,4.338030184400502
2H,DISCOVERY,OS,PROJECT_DYNAMIC_EXTREMA_V1,FORECAST_REALIZATION,3,1046,N_GE_100,0.5468451242829828,0.5165605208277921,0.5767868946299304,0.5211333023687877,0.025711821914195077,0.04933828215798752,-0.0005012034140499398,0.0015360148059463397,-0.0023632777797297,0.00112977064008278,3.2504475544048623,2.3714050391711448,3.0628185723313996,3.4427157445714363,4.026287678831945,2.662344396551531,3.737129069571547,4.324811178218735
2H,DISCOVERY,OS,PROJECT_DYNAMIC_EXTREMA_V1,FORECAST_REALIZATION,5,1046,N_GE_100,0.5458891013384322,0.5156026298273976,0.5758397363352693,0.5212139981418396,0.024675103196592607,0.04734159727973708,-0.00028686495403783046,0.002421248298566381,-0.002575178471126271,0.00174592858695357,3.2504475544048623,2.3714050391711448,3.0628185723313996,3.4427157445714363,4.026287678831945,2.662344396551531,3.737129069571547,4.324811178218735
2H,DISCOVERY,OS,PROJECT_DYNAMIC_EXTREMA_V1,FORECAST_REALIZATION,10,1046,N_GE_100,0.5468451242829828,0.5165605208277921,0.5767868946299304,0.5259855936798079,0.020859530603174914,0.03965798845789892,0.0014369940478809859,0.003909173290236434,-0.0014217344642013991,0.004231806701816984,3.2504475544048623,2.3714050391711448,3.0628185723313996,3.4427157445714363,4.026287678831945,2.662344396551531,3.737129069571547,4.324811178218735
2H,VALIDATION,OB,ATR_1X_PRICE_BAND_CONTROL_V1,FORECAST_REALIZATION,1,240,N_GE_100,0.5541666666666667,0.49091837418388323,0.6157082227544571,0.49133333333333334,0.06283333333333335,0.12788331071913173,0.0003234568815613699,-0.0012499773182711449,-0.001335265068281938,0.0019386866619517233,2.2326392502963386,1.5012160367129195,1.937456886275621,2.508031538146093,3.130823820701475,2.1970094367108857,2.7256792215574164,3.511742093398724
2H,VALIDATION,OB,ATR_1X_PRICE_BAND_CONTROL_V1,FORECAST_REALIZATION,3,240,N_GE_100,0.5083333333333333,0.44545218038399503,0.5709519114526727,0.5024455313472654,0.005887801986067864,0.011718289085545619,0.0008984732922650128,-0.0002082363638705731,-0.0016339525501222762,0.0036582485817814167,2.2326392502963386,1.5012160367129195,1.937456886275621,2.508031538146093,3.130823820701475,2.1970094367108857,2.7256792215574164,3.511742093398724
2H,VALIDATION,OB,ATR_1X_PRICE_BAND_CONTROL_V1,FORECAST_REALIZATION,5,240,N_GE_100,0.4625,0.4005063165740798,0.5256752701609153,0.5115658362989324,-0.04906583629893235,-0.0959130434782608,0.0031148487085694778,0.001726213511231811,0.00014423625049759292,0.006809466589334482,2.2326392502963386,1.5012160367129195,1.937456886275621,2.508031538146093,3.130823820701475,2.1970094367108857,2.7256792215574164,3.511742093398724
2H,VALIDATION,OB,ATR_1X_PRICE_BAND_CONTROL_V1,FORECAST_REALIZATION,10,240,N_GE_100,0.4083333333333333,0.34806585437712095,0.4714891354195338,0.5021153417947005,-0.0937820084613672,-0.18677383592017738,0.00729626705591089,0.0034390495877480998,0.003121752751487219,0.012124321498192859,2.2326392502963386,1.5012160367129195,1.937456886275621,2.508031538146093,3.130823820701475,2.1970094367108857,2.7256792215574164,3.511742093398724
2H,VALIDATION,OB,CAUSAL_DNO_QUANTILE_80_20_CONTROL_V1,FORECAST_REALIZATION,1,390,N_GE_100,0.5358974358974359,0.48629186050051937,0.5848027115304697,0.49133333333333334,0.04456410256410254,0.09070034443168762,0.0006208690958037583,-0.0005766792727412429,-0.00045195619725254475,0.001925311074177235,2.3270411188841913,1.515509686257841,2.0662681785818,2.584197474310236,2.7196021709891602,1.8219189856346774,2.4432821699068175,2.9801407037562697
2H,VALIDATION,OB,CAUSAL_DNO_QUANTILE_80_20_CONTROL_V1,FORECAST_REALIZATION,3,390,N_GE_100,0.5282051282051282,0.4786262602930005,0.577233760588491,0.5024455313472654,0.025759596857862777,0.05126843657817104,0.0002141438740181285,-0.0005547757131412201,-0.0018501868826531769,0.0024800590631469874,2.3270411188841913,1.515509686257841,2.0662681785818,2.584197474310236,2.7196021709891602,1.8219189856346774,2.4432821699068175,2.9801407037562697
2H,VALIDATION,OB,CAUSAL_DNO_QUANTILE_80_20_CONTROL_V1,FORECAST_REALIZATION,5,389,N_GE_100,0.5038560411311054,0.4543753628484156,0.5532613029222156,0.5115658362989324,-0.007709795167826994,-0.01507097351067399,0.0013627573129882204,-0.0005562202212286982,-0.0011803066334070407,0.004207279127176794,2.331655831385989,1.5187577921342021,2.062966863702037,2.611662692742733,2.7247169631585186,1.8224668969487685,2.477490128351587,2.998688455858275
2H,VALIDATION,OB,CAUSAL_DNO_QUANTILE_80_20_CONTROL_V1,FORECAST_REALIZATION,10,389,N_GE_100,0.4781491002570694,0.4289651303085142,0.5277604303245755,0.5021153417947005,-0.023966241537631106,-0.04773055021973449,0.003199893464032598,0.0006175723074242079,-0.0002625268127918817,0.007103837530072455,2.331655831385989,1.5187577921342021,2.062966863702037,2.611662692742733,2.7247169631585186,1.8224668969487685,2.477490128351587,2.998688455858275
2H,VALIDATION,OB,PROJECT_DYNAMIC_EXTREMA_V1,FORECAST_REALIZATION,1,343,N_GE_100,0.5131195335276968,0.4603709710005691,0.5655774734766793,0.49133333333333334,0.021786200194363448,0.04434097732909792,0.001287597526601716,-0.00018871949718568537,-0.00021412680617514002,0.0027620532075885037,2.3529756162784605,1.5023390650019381,2.0628179523607275,2.669375824339238,2.8326684201044525,2.0470463049375094,2.5408799151461436,3.1308845640610676
2H,VALIDATION,OB,PROJECT_DYNAMIC_EXTREMA_V1,FORECAST_REALIZATION,3,343,N_GE_100,0.5160349854227405,0.4632629816272798,0.5684517838449127,0.5024455313472654,0.013589454075475071,0.027046621429861473,0.0008553507154822084,-0.00046531175887853937,-0.0014102123926595608,0.003209684411535587,2.3529756162784605,1.5023390650019381,2.0628179523607275,2.669375824339238,2.8326684201044525,2.0470463049375094,2.5408799151461436,3.1308845640610676
2H,VALIDATION,OB,PROJECT_DYNAMIC_EXTREMA_V1,FORECAST_REALIZATION,5,343,N_GE_100,0.49271137026239065,0.44017645983821524,0.5454077376744244,0.5115658362989324,-0.018854466036541728,-0.03685638230447463,0.001990411083361629,0.0003822366962518142,-0.0006478084964767586,0.004872184656227467,2.3529756162784605,1.5023390650019381,2.0628179523607275,2.669375824339238,2.8326684201044525,2.0470463049375094,2.5408799151461436,3.1308845640610676
2H,VALIDATION,OB,PROJECT_DYNAMIC_EXTREMA_V1,FORECAST_REALIZATION,10,343,N_GE_100,0.46355685131195334,0.41147773216907246,0.5164432553941263,0.5021153417947005,-0.038558490482747176,-0.07679209789712527,0.004456144302347158,0.0017347195137999982,0.0008381104202738952,0.008672746299385272,2.3529756162784605,1.5023390650019381,2.0628179523607275,2.669375824339238,2.8326684201044525,2.0470463049375094,2.5408799151461436,3.1308845640610676
2H,VALIDATION,OS,ATR_1X_PRICE_BAND_CONTROL_V1,FORECAST_REALIZATION,1,241,N_GE_100,0.6058091286307054,0.5429147290462576,0.6653832072521492,0.5077777777777778,0.09803135085292758,0.1930595531020456,0.00052952753216207,0.0014844727920040324,-0.0014105326692776634,0.0023606836651990366,2.6913809684274175,1.7203916047493957,2.3098037093398176,3.04702612258715,2.899088128384387,2.064881594801254,2.543529182269741,3.2880925205397733
2H,VALIDATION,OS,ATR_1X_PRICE_BAND_CONTROL_V1,FORECAST_REALIZATION,3,241,N_GE_100,0.5435684647302904,0.480489195218591,0.6052805432572235,0.49733214762116495,0.04623631710912546,0.09296868768745914,0.0005995212215859523,0.0009797746518300787,-0.0023627185351015544,0.003340945939972872,2.6913809684274175,1.7203916047493957,2.3098037093398176,3.04702612258715,2.899088128384387,2.064881594801254,2.543529182269741,3.2880925205397733
2H,VALIDATION,OS,ATR_1X_PRICE_BAND_CONTROL_V1,FORECAST_REALIZATION,5,241,N_GE_100,0.5145228215767634,0.451690813442397,0.5768990993828744,0.48821174377224197,0.026311077804521465,0.053892758910764726,0.0008331097664029222,0.000822458287561334,-0.0029674304744684104,0.004267581339571543,2.6913809684274175,1.7203916047493957,2.3098037093398176,3.04702612258715,2.899088128384387,2.064881594801254,2.543529182269741,3.2880925205397733
2H,VALIDATION,OS,ATR_1X_PRICE_BAND_CONTROL_V1,FORECAST_REALIZATION,10,241,N_GE_100,0.5103734439834025,0.4475937993237404,0.5728275669800249,0.4972166555332888,0.013156788450113643,0.026460876367873087,-0.001081158462809496,0.0008172414598266453,-0.006165339576344057,0.0037155923673832746,2.6913809684274175,1.7203916047493957,2.3098037093398176,3.04702612258715,2.899088128384387,2.064881594801254,2.543529182269741,3.2880925205397733
2H,VALIDATION,OS,CAUSAL_DNO_QUANTILE_80_20_CONTROL_V1,FORECAST_REALIZATION,1,385,N_GE_100,0.6103896103896104,0.5608150049953383,0.657783005094117,0.5077777777777778,0.1026118326118326,0.20208019551564416,-0.000122465656545969,0.0015372137036036015,-0.001312883887207253,0.0011540794482099543,2.453297048121947,1.572813499571666,2.202791394229661,2.730764778654161,2.6965356906289144,1.9245733257249642,2.426523907881746,3.0236997689796037
2H,VALIDATION,OS,CAUSAL_DNO_QUANTILE_80_20_CONTROL_V1,FORECAST_REALIZATION,3,385,N_GE_100,0.5506493506493506,0.5007039753925302,0.5995939351191022,0.49733214762116495,0.053317203028185656,0.10720642790379031,-7.441517770120351e-05,0.0016317045131462038,-0.0022172186427083513,0.0018841890798683512,2.453297048121947,1.572813499571666,2.202791394229661,2.730764778654161,2.6965356906289144,1.9245733257249642,2.426523907881746,3.0236997689796037
2H,VALIDATION,OS,CAUSAL_DNO_QUANTILE_80_20_CONTROL_V1,FORECAST_REALIZATION,5,385,N_GE_100,0.5194805194805194,0.4696273291069079,0.568948790320643,0.48821174377224197,0.03126877570827746,0.06404756974233061,-0.0007324422241060799,0.0008886861600894136,-0.003180230457442081,0.0016637535235693188,2.453297048121947,1.572813499571666,2.202791394229661,2.730764778654161,2.6965356906289144,1.9245733257249642,2.426523907881746,3.0236997689796037
2H,VALIDATION,OS,CAUSAL_DNO_QUANTILE_80_20_CONTROL_V1,FORECAST_REALIZATION,10,385,N_GE_100,0.4961038961038961,0.4464457900563516,0.5458389860581382,0.4972166555332888,-0.0011127594293927068,-0.0022379769804758975,-0.001066453204977838,-0.00027101919811500785,-0.0052586952170464345,0.002239524636467697,2.453297048121947,1.572813499571666,2.202791394229661,2.730764778654161,2.6965356906289144,1.9245733257249642,2.426523907881746,3.0236997689796037
2H,VALIDATION,OS,PROJECT_DYNAMIC_EXTREMA_V1,FORECAST_REALIZATION,1,356,N_GE_100,0.5646067415730337,0.512683559562905,0.6151504651857621,0.5077777777777778,0.05682896379525593,0.11191699653332687,-0.0006190464169181643,0.0009061471578366564,-0.0021867674699868676,0.0006421311297676948,2.7098586603772787,1.6826744454271327,2.426197786275108,3.032387042501008,2.988658890636261,2.079514922960686,2.678446273091107,3.3379856633053833
2H,VALIDATION,OS,PROJECT_DYNAMIC_EXTREMA_V1,FORECAST_REALIZATION,3,356,N_GE_100,0.5393258426966292,0.4874024347761342,0.590409580288272,0.49733214762116495,0.041993695075464244,0.0844379259943846,-0.0005783667983118526,0.0014526729518802295,-0.0028233336798362744,0.001755237712315571,2.7098586603772787,1.6826744454271327,2.426197786275108,3.032387042501008,2.988658890636261,2.079514922960686,2.678446273091107,3.3379856633053833
2H,VALIDATION,OS,PROJECT_DYNAMIC_EXTREMA_V1,FORECAST_REALIZATION,5,356,N_GE_100,0.5140449438202247,0.4622532687503381,0.5655367366298069,0.48821174377224197,0.02583320004798273,0.052913925929717776,-0.00164929703747025,0.0004997324695772409,-0.00432981105362801,0.0014852813072606052,2.7098586603772787,1.6826744454271327,2.426197786275108,3.032387042501008,2.988658890636261,2.079514922960686,2.678446273091107,3.3379856633053833
2H,VALIDATION,OS,PROJECT_DYNAMIC_EXTREMA_V1,FORECAST_REALIZATION,10,356,N_GE_100,0.5028089887640449,0.4511179051236424,0.5544400959523866,0.4972166555332888,0.005592333230756086,0.011247276551422214,-0.0006375675527672133,0.00038124543380990694,-0.00494068019919181,0.0036700883509300807,2.7098586603772787,1.6826744454271327,2.426197786275108,3.032387042501008,2.988658890636261,2.079514922960686,2.678446273091107,3.3379856633053833
30m,DISCOVERY,OB,ATR_1X_PRICE_BAND_CONTROL_V1,FORECAST_REALIZATION,1,2734,N_GE_100,0.5135332845647403,0.4947918315356517,0.5322367591614873,0.49380942479632534,0.01972385976841501,0.039942250548478775,0.00047597651016460405,-0.00018098531204496782,0.0001342415069594478,0.0008406359777575176,1.6184512869549215,1.0709957383441542,1.5419382320427002,1.6997082993466428,1.7033021117185947,1.1867900857282345,1.6445012632151284,1.7630911883505862
30m,DISCOVERY,OB,ATR_1X_PRICE_BAND_CONTROL_V1,FORECAST_REALIZATION,3,2733,N_GE_100,0.5064032199048665,0.4876630286159696,0.5251254352834391,0.49087918942931136,0.015524030475555117,0.03162495133192156,0.0007183857484876233,-0.00013062788469908604,0.00022027707598227132,0.0012228654635352497,1.6188780118410877,1.0711289230362837,1.5536855041976183,1.6968411669380852,1.7039038001677138,1.1872013898943001,1.6382589700163983,1.7617661668849605
30m,DISCOVERY,OB,ATR_1X_PRICE_BAND_CONTROL_V1,FORECAST_REALIZATION,5,2733,N_GE_100,0.508964507866813,0.4902221941895474,0.5276816552696247,0.4871358626817142,0.021828645185098805,0.044810178961020686,0.0006252769130557884,-0.00024154341100413035,4.31932515283848e-05,0.001230949965098638,1.6188780118410877,1.0711289230362837,1.5536855041976183,1.6968411669380852,1.7039038001677138,1.1872013898943001,1.6382589700163983,1.7617661668849605
30m,DISCOVERY,OB,ATR_1X_PRICE_BAND_CONTROL_V1,FORECAST_REALIZATION,10,2733,N_GE_100,0.5056714233443103,0.48693192863904877,0.5243949965289989,0.48007335425568115,0.025598069088629105,0.05332116198849879,0.000634104179594826,-0.00015317454239094364,-0.00014234322823733072,0.0014523959769283782,1.6188780118410877,1.0711289230362837,1.5536855041976183,1.6968411669380852,1.7039038001677138,1.1872013898943001,1.6382589700163983,1.7617661668849605
30m,DISCOVERY,OB,CAUSAL_DNO_QUANTILE_80_20_CONTROL_V1,FORECAST_REALIZATION,1,5227,N_GE_100,0.5551941840443849,0.5416863672393901,0.5686209301561189,0.49380942479632534,0.061384759248059584,0.12430860199433846,5.642799320718206e-05,-0.000583294447036975,-0.000140377054461717,0.00023944909503888418,1.5769916679019358,1.076006555458609,1.529279301577603,1.6254214134012177,1.5314237990337571,1.0102079479350012,1.4824501892615627,1.5810868464214947
30m,DISCOVERY,OB,CAUSAL_DNO_QUANTILE_80_20_CONTROL_V1,FORECAST_REALIZATION,3,5227,N_GE_100,0.5448632102544481,0.5313348455454812,0.5583256786806778,0.49087918942931136,0.0539840208251367,0.10997414840074549,9.06225153908078e-05,-0.0007535011822173976,-0.0002370468187951997,0.0004124384127755563,1.5769916679019358,1.076006555458609,1.529279301577603,1.6254214134012177,1.5314237990337571,1.0102079479350012,1.4824501892615627,1.5810868464214947
30m,DISCOVERY,OB,CAUSAL_DNO_QUANTILE_80_20_CONTROL_V1,FORECAST_REALIZATION,5,5226,N_GE_100,0.5392269422120168,0.525688539376357,0.5527077164490585,0.4871358626817142,0.05209107953030262,0.10693337017631577,0.00011008815247724465,-0.0008549955384989372,-0.0002573352383034919,0.0005268539802711729,1.5772917133311266,1.0761870777156741,1.5313083913730083,1.6297960297606293,1.5315298630841996,1.0111188679907919,1.4820105060496567,1.5789355418924584
30m,DISCOVERY,OB,CAUSAL_DNO_QUANTILE_80_20_CONTROL_V1,FORECAST_REALIZATION,10,5226,N_GE_100,0.5262150784538844,0.5126631204843252,0.5397285236526598,0.48007335425568115,0.04614172419820323,0.09611390382151619,-5.3917399941828454e-05,-0.0008109020796195354,-0.0006451812872939971,0.0004759276523033453,1.5772917133311266,1.0761870777156741,1.5313083913730083,1.6297960297606293,1.5315298630841996,1.0111188679907919,1.4820105060496567,1.5789355418924584
30m,DISCOVERY,OB,PROJECT_DYNAMIC_EXTREMA_V1,FORECAST_REALIZATION,1,4504,N_GE_100,0.5575044404973357,0.5429559408042347,0.5719549291784195,0.49380942479632534,0.06369501570101038,0.12898703933664657,8.079097888404276e-06,-0.0006241478461154193,-0.00019577616291298935,0.00025162826462100707,1.580788721303186,1.0572875268935102,1.5299195499256044,1.6317738734149783,1.5724135398894723,1.0579942357576582,1.5205808351514718,1.6243321707414404
30m,DISCOVERY,OB,PROJECT_DYNAMIC_EXTREMA_V1,FORECAST_REALIZATION,3,4503,N_GE_100,0.5369753497668222,0.5223858839331338,0.5515017805456889,0.49087918942931136,0.046096160337510794,0.09390530568448319,0.00019581896248455183,-0.0006193046093958543,-0.00017060585800387476,0.0005494249108476294,1.581039349006548,1.057492601355716,1.52877222222759,1.6332273087964213,1.5727496549149251,1.0581840403975455,1.5235690066772218,1.631149809526751
30m,DISCOVERY,OB,PROJECT_DYNAMIC_EXTREMA_V1,FORECAST_REALIZATION,5,4503,N_GE_100,0.528758605374195,0.5141603530254867,0.543307830458042,0.4871358626817142,0.04162274269248073,0.08544380712055322,0.0003130169434321136,-0.0006456854126751788,-0.00014928405397289616,0.0007656584749124294,1.581039349006548,1.057492601355716,1.52877222222759,1.6332273087964213,1.5727496549149251,1.0581840403975455,1.5235690066772218,1.631149809526751
30m,DISCOVERY,OB,PROJECT_DYNAMIC_EXTREMA_V1,FORECAST_REALIZATION,10,4503,N_GE_100,0.5178769709082833,0.5032731736114142,0.5324502917972658,0.48007335425568115,0.03780361665260218,0.07874550069793806,0.0003522231993261886,-0.0005231341548477264,-0.00028666777013176354,0.0009387394031994377,1.581039349006548,1.057492601355716,1.52877222222759,1.6332273087964213,1.5727496549149251,1.0581840403975455,1.5235690066772218,1.631149809526751
30m,DISCOVERY,OS,ATR_1X_PRICE_BAND_CONTROL_V1,FORECAST_REALIZATION,1,2667,N_GE_100,0.5620547431571054,0.543149105167319,0.580781868500307,0.5034875148857343,0.05856722827137106,0.11632309946089281,0.000339069445277634,0.0007676019057700767,-0.00011828675633793134,0.0007784427656711525,1.8016644983941148,1.231041672617178,1.723324798933688,1.8804695983118052,2.0784937959894103,1.293877039943234,1.9868828757669224,2.1734499526594
30m,DISCOVERY,OS,ATR_1X_PRICE_BAND_CONTROL_V1,FORECAST_REALIZATION,3,2667,N_GE_100,0.5538057742782152,0.5348755604044886,0.5725812052831507,0.507325003308066,0.04648077097014924,0.09161931832073433,0.0008455772859022034,0.0012501953430221757,0.00010357547537023619,0.001479436435538917,1.8016644983941148,1.231041672617178,1.723324798933688,1.8804695983118052,2.0784937959894103,1.293877039943234,1.9868828757669224,2.1734499526594
30m,DISCOVERY,OS,ATR_1X_PRICE_BAND_CONTROL_V1,FORECAST_REALIZATION,5,2667,N_GE_100,0.5568053993250843,0.5378835137716325,0.5755638729996384,0.5112762055993497,0.04552919372573461,0.0890500931338325,0.0012778098545905493,0.0015445712775088438,0.0005076203377204741,0.0019370821176064338,1.8016644983941148,1.231041672617178,1.723324798933688,1.8804695983118052,2.0784937959894103,1.293877039943234,1.9868828757669224,2.1734499526594
30m,DISCOVERY,OS,ATR_1X_PRICE_BAND_CONTROL_V1,FORECAST_REALIZATION,10,2666,N_GE_100,0.5630157539384846,0.5441097648091838,0.581740397986991,0.5191326048323062,0.04388314910617841,0.08453167591034627,0.0018143860102103459,0.0022817338776375262,0.0008065997848046967,0.002831018764043139,1.8019901955407656,1.231699038693682,1.7256328722977181,1.8789817533236157,2.0791383829986714,1.2942102888452138,1.9852953040705792,2.1655522306973665
30m,DISCOVERY,OS,CAUSAL_DNO_QUANTILE_80_20_CONTROL_V1,FORECAST_REALIZATION,1,5287,N_GE_100,0.5678078305277094,0.5544099943809446,0.5811071981957523,0.5034875148857343,0.06432031564197516,0.12774957420060873,4.432956603997538e-05,0.0007622479384656877,-0.00017784323041835075,0.00028933459806800054,1.5972049011846123,1.1096742569116909,1.5539091670873442,1.6439583428592035,1.8373333733361554,1.11802552473368,1.7732086727844918,1.8982472498749612
30m,DISCOVERY,OS,CAUSAL_DNO_QUANTILE_80_20_CONTROL_V1,FORECAST_REALIZATION,3,5287,N_GE_100,0.5640249668999433,0.5506163308428539,0.5773406278383512,0.507325003308066,0.056699963591877345,0.1117626042914488,0.0002974548904642831,0.0011629765585816632,-0.00010490766086090656,0.0006878990216178771,1.5972049011846123,1.1096742569116909,1.5539091670873442,1.6439583428592035,1.8373333733361554,1.11802552473368,1.7732086727844918,1.8982472498749612
30m,DISCOVERY,OS,CAUSAL_DNO_QUANTILE_80_20_CONTROL_V1,FORECAST_REALIZATION,5,5287,N_GE_100,0.5670512578021563,0.5536511983611525,0.5803539474364461,0.5112762055993497,0.05577505220280654,0.10908986491445183,0.0005644812446960512,0.0015585505479902562,8.881893543538188e-05,0.0010430370743871155,1.5972049011846123,1.1096742569116909,1.5539091670873442,1.6439583428592035,1.8373333733361554,1.11802552473368,1.7732086727844918,1.8982472498749612
30m,DISCOVERY,OS,CAUSAL_DNO_QUANTILE_80_20_CONTROL_V1,FORECAST_REALIZATION,10,5286,N_GE_100,0.5539160045402951,0.5404811045826301,0.5672725945073389,0.5191326048323062,0.03478339970798894,0.06700291868437924,0.00103049046292139,0.0018237599326481613,0.00042507758490005775,0.0016545537728699113,1.5973304874494176,1.1099818597679207,1.5493707956054983,1.636884967066305,1.8376128490349892,1.1180276716022277,1.7705951431399167,1.8986983655988405
30m,DISCOVERY,OS,PROJECT_DYNAMIC_EXTREMA_V1,FORECAST_REALIZATION,1,4306,N_GE_100,0.5647933116581514,0.5499335279427165,0.5795375876546641,0.5034875148857343,0.0613057967724171,0.121762297891995,-3.629327553343968e-05,0.0007045299956648376,-0.0003192593700000523,0.00022120420900955567,1.6121091697595917,1.1229583895620583,1.5626505576920235,1.6664654470009708,1.880637933493155,1.1443972899622827,1.8102177309410012,1.957366907894637
30m,DISCOVERY,OS,PROJECT_DYNAMIC_EXTREMA_V1,FORECAST_REALIZATION,3,4306,N_GE_100,0.5559684161634928,0.5410844741194841,0.5707525827226977,0.507325003308066,0.04864341285542684,0.09588215155618651,0.0003257977240486105,0.0011209298496016595,-0.00012656200103324013,0.0007512563643939571,1.6121091697595917,1.1229583895620583,1.5626505576920235,1.6664654470009708,1.880637933493155,1.1443972899622827,1.8102177309410012,1.957366907894637
30m,DISCOVERY,OS,PROJECT_DYNAMIC_EXTREMA_V1,FORECAST_REALIZATION,5,4306,N_GE_100,0.5631676730143985,0.5483030819552763,0.5779196543977256,0.5112762055993497,0.0518914674150488,0.10149400039890066,0.00034148508348968667,0.0014295230136622816,-0.00021155794045557078,0.0007974335223245256,1.6121091697595917,1.1229583895620583,1.5626505576920235,1.6664654470009708,1.880637933493155,1.1443972899622827,1.8102177309410012,1.957366907894637
30m,DISCOVERY,OS,PROJECT_DYNAMIC_EXTREMA_V1,FORECAST_REALIZATION,10,4305,N_GE_100,0.5572590011614402,0.5423765632264438,0.5720393391822222,0.5191326048323062,0.03812639632913406,0.0734424999975678,0.0010434763469182164,0.0019295706705257931,0.0003218841247721073,0.001703220364626982,1.6122668360230845,1.123016690706783,1.5611689804654967,1.6656211922089983,1.8809911537264177,1.1457011457011474,1.80541747924604,1.9533595755875552
30m,VALIDATION,OB,ATR_1X_PRICE_BAND_CONTROL_V1,FORECAST_REALIZATION,1,876,N_GE_100,0.5502283105022832,0.5171366317794986,0.5828813714610847,0.49415172106494376,0.0560765894373394,0.11348051022971051,6.450135677702235e-05,-0.00039525793930889064,-0.0004551980515648549,0.0005329509570898531,1.3353080496677492,0.8572774154818442,1.2275471022679534,1.4435849632950386,1.5769937843287298,0.9743246841481654,1.4454388284229507,1.7002844429091708
30m,VALIDATION,OB,ATR_1X_PRICE_BAND_CONTROL_V1,FORECAST_REALIZATION,3,876,N_GE_100,0.5468036529680366,0.5137049620253025,0.579493631903423,0.49721479500891264,0.04958885795912393,0.09973327112729025,0.00042156234927744247,-0.000593210954476231,-0.0004537754007768607,0.0011829919164240256,1.3353080496677492,0.8572774154818442,1.2275471022679534,1.4435849632950386,1.5769937843287298,0.9743246841481654,1.4454388284229507,1.7002844429091708
30m,VALIDATION,OB,ATR_1X_PRICE_BAND_CONTROL_V1,FORECAST_REALIZATION,5,876,N_GE_100,0.5399543378995434,0.5068463104712057,0.5727134648338038,0.5006685236768802,0.039285814222663196,0.0784667147320357,0.00029121238635470176,-0.0008061984675800105,-0.0007646027861007446,0.001290613225506798,1.3353080496677492,0.8572774154818442,1.2275471022679534,1.4435849632950386,1.5769937843287298,0.9743246841481654,1.4454388284229507,1.7002844429091708
30m,VALIDATION,OB,ATR_1X_PRICE_BAND_CONTROL_V1,FORECAST_REALIZATION,10,876,N_GE_100,0.523972602739726,0.4908669953753782,0.5568688698076274,0.5000278629144609,0.023944739825265127,0.04788681111828619,0.000891203095604829,-0.0009947992474659828,-0.0005988649788917233,0.0023592406453877036,1.3353080496677492,0.8572774154818442,1.2275471022679534,1.4435849632950386,1.5769937843287298,0.9743246841481654,1.4454388284229507,1.7002844429091708
30m,VALIDATION,OB,CAUSAL_DNO_QUANTILE_80_20_CONTROL_V1,FORECAST_REALIZATION,1,1654,N_GE_100,0.5725513905683193,0.5485686023189573,0.5961979423255974,0.49415172106494376,0.07839966950337551,0.15865505706307537,-2.8172359861029356e-05,-0.0004066953629701664,-0.00031875878009306446,0.0002682519261091422,1.2112846742546428,0.7707146465339902,1.1430539637886088,1.2895072208044436,1.3162095250686516,0.8006415995104929,1.2435322575911274,1.3992150529617966
30m,VALIDATION,OB,CAUSAL_DNO_QUANTILE_80_20_CONTROL_V1,FORECAST_REALIZATION,3,1654,N_GE_100,0.5671100362756953,0.543102998658852,0.5908060551373611,0.49721479500891264,0.0698952412667827,0.14057353475479317,0.00012642789737835988,-0.000767632522588102,-0.00038127562121380087,0.0005742126886400518,1.2112846742546428,0.7707146465339902,1.1430539637886088,1.2895072208044436,1.3162095250686516,0.8006415995104929,1.2435322575911274,1.3992150529617966
30m,VALIDATION,OB,CAUSAL_DNO_QUANTILE_80_20_CONTROL_V1,FORECAST_REALIZATION,5,1654,N_GE_100,0.5417170495767836,0.517635300858733,0.5656054623118859,0.5006685236768802,0.041048525899903376,0.08198743072251768,0.00010305285789583219,-0.0006666369227529279,-0.0005956693426548383,0.0007257240480540182,1.2112846742546428,0.7707146465339902,1.1430539637886088,1.2895072208044436,1.3162095250686516,0.8006415995104929,1.2435322575911274,1.3992150529617966
30m,VALIDATION,OB,CAUSAL_DNO_QUANTILE_80_20_CONTROL_V1,FORECAST_REALIZATION,10,1654,N_GE_100,0.5423216444981862,0.5182409436119243,0.5662062074307327,0.5000278629144609,0.04229378158372532,0.08458284971803764,0.000297257687967942,-0.0009022290460176663,-0.0006307041508591417,0.001123420205435272,1.2112846742546428,0.7707146465339902,1.1430539637886088,1.2895072208044436,1.3162095250686516,0.8006415995104929,1.2435322575911274,1.3992150529617966
30m,VALIDATION,OB,PROJECT_DYNAMIC_EXTREMA_V1,FORECAST_REALIZATION,1,1400,N_GE_100,0.5614285714285714,0.5353023341019321,0.5872186112810798,0.49415172106494376,0.06727685036362763,0.1361461419554295,-6.436922942954647e-05,-0.0003268966483626068,-0.00044601360457738294,0.00028142374433974825,1.194680645300737,0.7522106530174503,1.1148212826208737,1.2656247573750088,1.315784164031495,0.8191658768958374,1.2404710366435634,1.404419929322835
30m,VALIDATION,OB,PROJECT_DYNAMIC_EXTREMA_V1,FORECAST_REALIZATION,3,1400,N_GE_100,0.55,0.5238381824511067,0.5758881684420425,0.49721479500891264,0.05278520499108741,0.10616177459108234,0.00016976731448910043,-0.0005789016642369638,-0.0003586928978507463,0.0007316788615537287,1.194680645300737,0.7522106530174503,1.1148212826208737,1.2656247573750088,1.315784164031495,0.8191658768958374,1.2404710366435634,1.404419929322835
30m,VALIDATION,OB,PROJECT_DYNAMIC_EXTREMA_V1,FORECAST_REALIZATION,5,1400,N_GE_100,0.5328571428571428,0.5066678702363565,0.5588665889219986,0.5006685236768802,0.03218861918026261,0.06429127787756905,0.00012187339347163547,-0.0004978763726113944,-0.0005316407151685806,0.0008835586905551908,1.194680645300737,0.7522106530174503,1.1148212826208737,1.2656247573750088,1.315784164031495,0.8191658768958374,1.2404710366435634,1.404419929322835
30m,VALIDATION,OB,PROJECT_DYNAMIC_EXTREMA_V1,FORECAST_REALIZATION,10,1400,N_GE_100,0.5257142857142857,0.49952269594076854,0.5517651416614225,0.5000278629144609,0.025686422799824804,0.051369982964767136,0.000251201681554675,-0.0006741149843352279,-0.0006662273784017461,0.0012916130732302626,1.194680645300737,0.7522106530174503,1.1148212826208737,1.2656247573750088,1.315784164031495,0.8191658768958374,1.2404710366435634,1.404419929322835
30m,VALIDATION,OS,ATR_1X_PRICE_BAND_CONTROL_V1,FORECAST_REALIZATION,1,897,N_GE_100,0.5730211817168339,0.5404069585641746,0.6050126135337393,0.5044001336749471,0.06862104804188685,0.13604486490106416,6.417654791072839e-05,0.0006719609040928276,-0.00044089280197140033,0.0006083744349157802,1.25489720285009,0.845175125089348,1.1638628822428552,1.3461328685056337,1.4760971909967837,0.9294329568570465,1.350079158213688,1.5943461994079908
30m,VALIDATION,OS,ATR_1X_PRICE_BAND_CONTROL_V1,FORECAST_REALIZATION,3,897,N_GE_100,0.568561872909699,0.5359251959719775,0.6006137915703385,0.5022281639928698,0.0663337089168291,0.13207883124167208,-3.637686810836543e-05,0.0011070767243708257,-0.0008204966910037567,0.0007318445738092583,1.25489720285009,0.845175125089348,1.1638628822428552,1.3461328685056337,1.4760971909967837,0.9294329568570465,1.350079158213688,1.5943461994079908
30m,VALIDATION,OS,ATR_1X_PRICE_BAND_CONTROL_V1,FORECAST_REALIZATION,5,897,N_GE_100,0.5406911928651059,0.507974106779622,0.5730612272902078,0.49899721448467965,0.041693978380426266,0.08355553331792476,-0.0006073319679606091,0.0009319286871962706,-0.0015151097339761955,0.000367490391611127,1.25489720285009,0.845175125089348,1.1638628822428552,1.3461328685056337,1.4760971909967837,0.9294329568570465,1.350079158213688,1.5943461994079908
30m,VALIDATION,OS,ATR_1X_PRICE_BAND_CONTROL_V1,FORECAST_REALIZATION,10,897,N_GE_100,0.5328874024526199,0.5001661566579438,0.5653281544395898,0.49941487879632207,0.033472523656297826,0.06702348103238842,-0.00024926146859560055,0.0007585557099281104,-0.0015207709988225872,0.0010707936086967282,1.25489720285009,0.845175125089348,1.1638628822428552,1.3461328685056337,1.4760971909967837,0.9294329568570465,1.350079158213688,1.5943461994079908
30m,VALIDATION,OS,CAUSAL_DNO_QUANTILE_80_20_CONTROL_V1,FORECAST_REALIZATION,1,1726,N_GE_100,0.5799536500579374,0.5565160317132928,0.6030361492494035,0.5044001336749471,0.07555351638299035,0.14978885083262017,0.000117179142643479,0.0005571733662621536,-0.0001620032597155149,0.0003936126916345072,1.2133764687129156,0.7346189635062915,1.1506916643279803,1.281862368809946,1.262573167971329,0.7769670636974662,1.1940164941448206,1.3420306873099357
30m,VALIDATION,OS,CAUSAL_DNO_QUANTILE_80_20_CONTROL_V1,FORECAST_REALIZATION,3,1726,N_GE_100,0.5666280417149478,0.5431271627125243,0.5898329880897226,0.5022281639928698,0.064399877722078,0.12822832795771344,2.85760708689064e-05,0.0008199476122504601,-0.0004836149554399613,0.0005182144564663465,1.2133764687129156,0.7346189635062915,1.1506916643279803,1.281862368809946,1.262573167971329,0.7769670636974662,1.1940164941448206,1.3420306873099357
30m,VALIDATION,OS,CAUSAL_DNO_QUANTILE_80_20_CONTROL_V1,FORECAST_REALIZATION,5,1725,N_GE_100,0.5739130434782609,0.5504377763503735,0.5970598312962726,0.49899721448467965,0.07491582899358123,0.15013275990117037,0.0003329005155853144,0.0010740702035507699,-0.0003140928051055273,0.0009045551917294633,1.213949580085218,0.7353412573245649,1.1467927978856438,1.2886199370881628,1.2632404492313463,0.77746117411733,1.1823348074654114,1.340961779972917
30m,VALIDATION,OS,CAUSAL_DNO_QUANTILE_80_20_CONTROL_V1,FORECAST_REALIZATION,10,1723,N_GE_100,0.5647127103888566,0.5411836160174632,0.5879538798594024,0.49941487879632207,0.06529783159253455,0.13074867082437325,0.0006760801937348074,0.0012396856839260728,-0.00013325726334793717,0.0015287570895298754,1.2152402281179486,0.7361128633254569,1.145722776794027,1.286147771325605,1.2643406955221423,0.7826695659944588,1.1901979017314908,1.3522879219121422
30m,VALIDATION,OS,PROJECT_DYNAMIC_EXTREMA_V1,FORECAST_REALIZATION,1,1351,N_GE_100,0.6032568467801629,0.5769118250644872,0.6290163070507359,0.5044001336749471,0.09885671310521582,0.19598867348620197,7.06488423121598e-05,0.0007261932312407904,-0.00028657968459280835,0.0003989820277301646,1.212246371622814,0.7533348849173753,1.1366552531253753,1.287133572988469,1.273166694651903,0.7760115722426044,1.1830893904523587,1.3593583533170073
30m,VALIDATION,OS,PROJECT_DYNAMIC_EXTREMA_V1,FORECAST_REALIZATION,3,1351,N_GE_100,0.5677276091783864,0.5411557352373162,0.5939154051823461,0.5022281639928698,0.06549944518551654,0.1304177062966274,0.00016988191922042228,0.0008390296868445724,-0.00034751599658307774,0.000737111267561985,1.212246371622814,0.7533348849173753,1.1366552531253753,1.287133572988469,1.273166694651903,0.7760115722426044,1.1830893904523587,1.3593583533170073
30m,VALIDATION,OS,PROJECT_DYNAMIC_EXTREMA_V1,FORECAST_REALIZATION,5,1350,N_GE_100,0.5718518518518518,0.5452892713111768,0.5980066652297007,0.49899721448467965,0.07285463736717218,0.1460020923010763,0.0003182010703178352,0.0010981778082139737,-0.00038922431307620003,0.0010401339324384866,1.212977843489578,0.7540290422082059,1.143367855102269,1.2874766655037524,1.2740271788742807,0.7761239689021944,1.1935521181506674,1.3618996208749556
30m,VALIDATION,OS,PROJECT_DYNAMIC_EXTREMA_V1,FORECAST_REALIZATION,10,1350,N_GE_100,0.5711111111111111,0.5445449491807945,0.5972737096637852,0.49941487879632207,0.07169623231478905,0.14356046517394438,0.0006451168601341285,0.0013965417715156025,-0.00022066328199126073,0.0015769453775686135,1.212977843489578,0.7540290422082059,1.143367855102269,1.2874766655037524,1.2740271788742807,0.7761239689021944,1.1935521181506674,1.3618996208749556
4H,DISCOVERY,OB,ATR_1X_PRICE_BAND_CONTROL_V1,FORECAST_REALIZATION,1,402,N_GE_100,0.5049751243781094,0.45628434259075534,0.5535717194787811,0.4824548078383716,0.02252031653973785,0.046678603205634106,0.0010814982286831655,-0.0001683749910893484,-0.0008178649414747635,0.003006472743366088,3.9783558582345364,2.866051308666398,3.640242711693263,4.351101617411291,5.384404132793372,3.87415485255714,4.845698235880248,5.967286469665606
4H,DISCOVERY,OB,ATR_1X_PRICE_BAND_CONTROL_V1,FORECAST_REALIZATION,3,402,N_GE_100,0.4154228855721393,0.3682717246026977,0.46417522021518204,0.4745479410423948,-0.05912505547025548,-0.12459237593651984,0.005772287905044542,0.004122736471294575,0.002677532363485467,0.009135081944694281,3.9783558582345364,2.866051308666398,3.640242711693263,4.351101617411291,5.384404132793372,3.87415485255714,4.845698235880248,5.967286469665606
4H,DISCOVERY,OB,ATR_1X_PRICE_BAND_CONTROL_V1,FORECAST_REALIZATION,5,402,N_GE_100,0.4253731343283582,0.37797316198007963,0.4741859069768732,0.46770025839793283,-0.04232712406957462,-0.09050053599406283,0.009116187019776054,0.006397971587240425,0.004527970770287644,0.013636654460473782,3.9783558582345364,2.866051308666398,3.640242711693263,4.351101617411291,5.384404132793372,3.87415485255714,4.845698235880248,5.967286469665606
4H,DISCOVERY,OB,ATR_1X_PRICE_BAND_CONTROL_V1,FORECAST_REALIZATION,10,402,N_GE_100,0.4577114427860697,0.40963831145863483,0.5065851609503051,0.4625798600547612,-0.004868417268691527,-0.010524490340144022,0.011919700070827448,0.00620298159766941,0.005820892321462865,0.018044060570416003,3.9783558582345364,2.866051308666398,3.640242711693263,4.351101617411291,5.384404132793372,3.87415485255714,4.845698235880248,5.967286469665606
4H,DISCOVERY,OB,CAUSAL_DNO_QUANTILE_80_20_CONTROL_V1,FORECAST_REALIZATION,1,645,N_GE_100,0.517829457364341,0.47927515740160664,0.5561726313961523,0.4824548078383716,0.03537464952596947,0.07332220334680639,0.00125725836947576,-0.0004937296336525732,-0.0002182388507984609,0.002632113634422563,4.203829601153731,3.096588967120105,3.907360294242843,4.5598264309367185,5.019423103217328,3.629237503817569,4.665920354629448,5.369671844481436
4H,DISCOVERY,OB,CAUSAL_DNO_QUANTILE_80_20_CONTROL_V1,FORECAST_REALIZATION,3,645,N_GE_100,0.4697674418604651,0.4315433562770761,0.5083495235875933,0.4745479410423948,-0.004780499181929687,-0.010073796066692009,0.003122082782112051,0.0018908187245079144,0.0006892686304423772,0.0057571258186172435,4.203829601153731,3.096588967120105,3.907360294242843,4.5598264309367185,5.019423103217328,3.629237503817569,4.665920354629448,5.369671844481436
4H,DISCOVERY,OB,CAUSAL_DNO_QUANTILE_80_20_CONTROL_V1,FORECAST_REALIZATION,5,645,N_GE_100,0.44651162790697674,0.4085747224380308,0.4850819111686922,0.46770025839793283,-0.021188630490956095,-0.045303867403314935,0.006697792462135336,0.00556861384108176,0.0032479974395701883,0.00987393759186882,4.203829601153731,3.096588967120105,3.907360294242843,4.5598264309367185,5.019423103217328,3.629237503817569,4.665920354629448,5.369671844481436
4H,DISCOVERY,OB,CAUSAL_DNO_QUANTILE_80_20_CONTROL_V1,FORECAST_REALIZATION,10,645,N_GE_100,0.4666666666666667,0.42847604686036217,0.5052520001699146,0.4625798600547612,0.004086806611905469,0.008834813109722672,0.00866514530031235,0.0048164897462616985,0.004081926703065592,0.013362804231286905,4.203829601153731,3.096588967120105,3.907360294242843,4.5598264309367185,5.019423103217328,3.629237503817569,4.665920354629448,5.369671844481436
4H,DISCOVERY,OB,PROJECT_DYNAMIC_EXTREMA_V1,FORECAST_REALIZATION,1,605,N_GE_100,0.5289256198347108,0.4890924357410039,0.5683937807067553,0.4824548078383716,0.04647081199633918,0.09632158544455316,0.0008545512726188692,-0.0009989576094511232,-0.0005849397625899568,0.002363672689890948,4.220374467069747,2.9943697932228015,3.921388434207192,4.537789197856616,5.140726721370012,3.732956801835595,4.720929164853521,5.561094145733682
4H,DISCOVERY,OB,PROJECT_DYNAMIC_EXTREMA_V1,FORECAST_REALIZATION,3,605,N_GE_100,0.46611570247933887,0.4267034617472562,0.5059555418425117,0.4745479410423948,-0.008432238563055916,-0.017768991989584038,0.0035909948647629593,0.0026745851234100115,0.0010694124730191797,0.0062357016387925655,4.220374467069747,2.9943697932228015,3.921388434207192,4.537789197856616,5.140726721370012,3.732956801835595,4.720929164853521,5.561094145733682
4H,DISCOVERY,OB,PROJECT_DYNAMIC_EXTREMA_V1,FORECAST_REALIZATION,5,605,N_GE_100,0.4479338842975207,0.40876019135849784,0.4877646190355356,0.46770025839793283,-0.019766374100412154,-0.04226291036938956,0.006347086858164922,0.005513678508476616,0.0028051931762809535,0.009758085213502512,4.220374467069747,2.9943697932228015,3.921388434207192,4.537789197856616,5.140726721370012,3.732956801835595,4.720929164853521,5.561094145733682
4H,DISCOVERY,OB,PROJECT_DYNAMIC_EXTREMA_V1,FORECAST_REALIZATION,10,605,N_GE_100,0.4628099173553719,0.42343712759393015,0.5026520226875223,0.4625798600547612,0.00023005730061070873,0.0004973353154273941,0.011203548014183799,0.0059190031152649425,0.006344064519095903,0.016419735853810492,4.220374467069747,2.9943697932228015,3.921388434207192,4.537789197856616,5.140726721370012,3.732956801835595,4.720929164853521,5.561094145733682
4H,DISCOVERY,OS,ATR_1X_PRICE_BAND_CONTROL_V1,FORECAST_REALIZATION,1,367,N_GE_100,0.5776566757493188,0.526573389766401,0.6271310490020651,0.516329940756494,0.061326734992824816,0.11877431493314683,0.0006707754654901791,0.0026775320139695857,-0.002653844771600348,0.0036305635793824485,4.8818020408129605,3.929273084479374,4.401921017552415,5.326487430372926,5.81130204272257,3.6730043997485833,5.101035768074033,6.524429063907029
4H,DISCOVERY,OS,ATR_1X_PRICE_BAND_CONTROL_V1,FORECAST_REALIZATION,3,367,N_GE_100,0.5149863760217984,0.4639638272807262,0.5656984328324866,0.5251481537760219,-0.010161777754223444,-0.01935030653950942,-0.00015519415496185551,0.0007305656020852869,-0.0048039166495851635,0.003975152576968673,4.8818020408129605,3.929273084479374,4.401921017552415,5.326487430372926,5.81130204272257,3.6730043997485833,5.101035768074033,6.524429063907029
4H,DISCOVERY,OS,ATR_1X_PRICE_BAND_CONTROL_V1,FORECAST_REALIZATION,5,367,N_GE_100,0.5803814713896458,0.5293138798205324,0.6297836971503361,0.5321477428180574,0.04823372857158836,0.09063973158311334,0.0020943481334595128,0.0065316183318882,-0.0046503900955347155,0.007907236716841718,4.8818020408129605,3.929273084479374,4.401921017552415,5.326487430372926,5.81130204272257,3.6730043997485833,5.101035768074033,6.524429063907029
4H,DISCOVERY,OS,ATR_1X_PRICE_BAND_CONTROL_V1,FORECAST_REALIZATION,10,367,N_GE_100,0.5749318801089919,0.5238344506025747,0.6244768499634892,0.5372680255552176,0.0376638545537743,0.07010254242256853,0.005345083424626886,0.0051806727064458435,-0.001592770404836194,0.011089048724767205,4.8818020408129605,3.929273084479374,4.401921017552415,5.326487430372926,5.81130204272257,3.6730043997485833,5.101035768074033,6.524429063907029
4H,DISCOVERY,OS,CAUSAL_DNO_QUANTILE_80_20_CONTROL_V1,FORECAST_REALIZATION,1,586,N_GE_100,0.5853242320819113,0.5450051340394872,0.6245319077697036,0.516329940756494,0.06899429132541735,0.13362442477058623,0.0009208120616011454,0.002638038084996075,-0.0009753859816580782,0.002614985848184702,4.796827067661932,3.642274711006494,4.430586889977305,5.15569756190765,5.086429140922524,3.495276336318735,4.616047060715689,5.554360467695015
4H,DISCOVERY,OS,CAUSAL_DNO_QUANTILE_80_20_CONTROL_V1,FORECAST_REALIZATION,3,586,N_GE_100,0.5699658703071673,0.5295532211980029,0.6094671530855337,0.5251481537760219,0.04481771653114541,0.08534299551257751,0.001205751022097237,0.004424311902692213,-0.0016287405028203345,0.0038825032119561187,4.796827067661932,3.642274711006494,4.430586889977305,5.15569756190765,5.086429140922524,3.495276336318735,4.616047060715689,5.554360467695015
4H,DISCOVERY,OS,CAUSAL_DNO_QUANTILE_80_20_CONTROL_V1,FORECAST_REALIZATION,5,586,N_GE_100,0.5648464163822525,0.5244112672701173,0.6044368845048675,0.5321477428180574,0.03269867356419509,0.06144660764891152,0.002690410518046081,0.0056389241440687465,-0.0014796355236534363,0.006486725168452975,4.796827067661932,3.642274711006494,4.430586889977305,5.15569756190765,5.086429140922524,3.495276336318735,4.616047060715689,5.554360467695015
4H,DISCOVERY,OS,CAUSAL_DNO_QUANTILE_80_20_CONTROL_V1,FORECAST_REALIZATION,10,586,N_GE_100,0.5563139931740614,0.5158509144766359,0.5960435331174299,0.5372680255552176,0.019045967618843807,0.03544965773677222,0.007327572297533189,0.0048772516289522505,0.0023026087243408926,0.011837662805849497,4.796827067661932,3.642274711006494,4.430586889977305,5.15569756190765,5.086429140922524,3.495276336318735,4.616047060715689,5.554360467695015
4H,DISCOVERY,OS,PROJECT_DYNAMIC_EXTREMA_V1,FORECAST_REALIZATION,1,494,N_GE_100,0.5668016194331984,0.5227550197448554,0.6098172683082121,0.516329940756494,0.050471678676704435,0.0977508269281393,0.0009835976400428986,0.002187296684268758,-0.0010863349180220813,0.002856846914361077,4.918455371307006,3.9386766289546635,4.560099924287443,5.316767217602327,4.645847098649758,3.1990900347920506,4.21035845770041,5.178183906128103
4H,DISCOVERY,OS,PROJECT_DYNAMIC_EXTREMA_V1,FORECAST_REALIZATION,3,494,N_GE_100,0.5951417004048583,0.5512819400729022,0.6375331368511635,0.5251481537760219,0.06999354662883639,0.13328342892487632,0.0033860687248371724,0.005436705008679543,0.00033431228900234833,0.00602836426761541,4.918455371307006,3.9386766289546635,4.560099924287443,5.316767217602327,4.645847098649758,3.1990900347920506,4.21035845770041,5.178183906128103
4H,DISCOVERY,OS,PROJECT_DYNAMIC_EXTREMA_V1,FORECAST_REALIZATION,5,494,N_GE_100,0.5910931174089069,0.5471977145284305,0.633582678271207,0.5321477428180574,0.058945374590849475,0.11076881446249609,0.0054461078310467925,0.0074129947906949045,0.0011168905640333373,0.008980501308391986,4.918455371307006,3.9386766289546635,4.560099924287443,5.316767217602327,4.645847098649758,3.1990900347920506,4.21035845770041,5.178183906128103
4H,DISCOVERY,OS,PROJECT_DYNAMIC_EXTREMA_V1,FORECAST_REALIZATION,10,494,N_GE_100,0.5991902834008097,0.5553691843668668,0.6414805766816273,0.5372680255552176,0.06192225784559213,0.11525394198100858,0.011341375844185226,0.009012822718402758,0.006168270038974496,0.01614764959012849,4.918455371307006,3.9386766289546635,4.560099924287443,5.316767217602327,4.645847098649758,3.1990900347920506,4.21035845770041,5.178183906128103
4H,VALIDATION,OB,ATR_1X_PRICE_BAND_CONTROL_V1,FORECAST_REALIZATION,1,126,N_GE_100,0.5555555555555556,0.46842447964780765,0.6393992070596883,0.5006669630947087,0.054888592460846874,0.10963094533254414,0.0011375371085467541,-0.001291742237418514,-0.0018874031135885157,0.004450317911084831,3.0485727958080373,2.079852123383624,2.4836868984248914,3.673452869946681,4.513063059033416,3.1689779337661466,3.8082904024775566,5.2258848547683785
4H,VALIDATION,OB,ATR_1X_PRICE_BAND_CONTROL_V1,FORECAST_REALIZATION,3,126,N_GE_100,0.42063492063492064,0.3380368812599529,0.5079292805864816,0.5122385402759234,-0.09160361964100278,-0.17883000289603235,0.003526710121798247,0.002818323600997319,-0.0015852562789667416,0.008430055865678004,3.0485727958080373,2.079852123383624,2.4836868984248914,3.673452869946681,4.513063059033416,3.1689779337661466,3.8082904024775566,5.2258848547683785
4H,VALIDATION,OB,ATR_1X_PRICE_BAND_CONTROL_V1,FORECAST_REALIZATION,5,126,N_GE_100,0.4126984126984127,0.3305590263103976,0.5000037517206803,0.5086859688195992,-0.09598755612118648,-0.18869707836432892,0.009228312603372538,0.006318730287368068,0.0021334168028193283,0.015733532271887757,3.0485727958080373,2.079852123383624,2.4836868984248914,3.673452869946681,4.513063059033416,3.1689779337661466,3.8082904024775566,5.2258848547683785
4H,VALIDATION,OB,ATR_1X_PRICE_BAND_CONTROL_V1,FORECAST_REALIZATION,10,126,N_GE_100,0.4365079365079365,0.3530579106505297,0.523715018826618,0.5008928571428571,-0.06438492063492063,-0.1285403050108932,0.012096653286463576,0.0035298961002614426,0.0020736833563186246,0.01991880655652392,3.0485727958080373,2.079852123383624,2.4836868984248914,3.673452869946681,4.513063059033416,3.1689779337661466,3.8082904024775566,5.2258848547683785
4H,VALIDATION,OB,CAUSAL_DNO_QUANTILE_80_20_CONTROL_V1,FORECAST_REALIZATION,1,197,N_GE_100,0.5482233502538071,0.478466026025584,0.6161358891155021,0.5006669630947087,0.04755638715909838,0.09498606991191139,0.0021009886375073458,-0.0009104889436662988,-0.00021371155965421493,0.004692000685534239,3.2151088489070836,2.168850960073144,2.7426989571087406,3.72557852189891,4.237484683515165,2.8019788606355363,3.694632423517019,4.865288871170885
4H,VALIDATION,OB,CAUSAL_DNO_QUANTILE_80_20_CONTROL_V1,FORECAST_REALIZATION,3,196,N_GE_100,0.4744897959183674,0.4057448120499269,0.5442155565620136,0.5122385402759234,-0.03774874435755604,-0.07369368251210118,0.003443906414790979,0.0011485159902826503,-0.0008506501813652269,0.007223984097570828,3.2294241976011935,2.177076618819723,2.7654542006476595,3.7180296623577243,4.2553802787519315,2.8465510280643356,3.7287369765830594,4.918200048292049
4H,VALIDATION,OB,CAUSAL_DNO_QUANTILE_80_20_CONTROL_V1,FORECAST_REALIZATION,5,196,N_GE_100,0.45918367346938777,0.3908712872467186,0.5290653025323864,0.5086859688195992,-0.04950229535021139,-0.09731405697129991,0.005667610746902852,0.0019490648605545724,5.610999565829716e-05,0.01075236076974126,3.2294241976011935,2.177076618819723,2.7654542006476595,3.7180296623577243,4.2553802787519315,2.8465510280643356,3.7287369765830594,4.918200048292049
4H,VALIDATION,OB,CAUSAL_DNO_QUANTILE_80_20_CONTROL_V1,FORECAST_REALIZATION,10,196,N_GE_100,0.45408163265306123,0.38592772367371286,0.5240009398277802,0.5008928571428571,-0.04681122448979591,-0.09345556404379929,0.007864538796750555,0.002391148536780463,0.0005210213485908777,0.014991951779940206,3.2294241976011935,2.177076618819723,2.7654542006476595,3.7180296623577243,4.2553802787519315,2.8465510280643356,3.7287369765830594,4.918200048292049
4H,VALIDATION,OB,PROJECT_DYNAMIC_EXTREMA_V1,FORECAST_REALIZATION,1,166,N_GE_100,0.5240963855421686,0.44843914393929696,0.59866356823487,0.5006669630947087,0.023429422447459936,0.046796421922146836,0.0025448681098348106,-0.0004513322488283733,-2.5289918406747836e-06,0.005329599658142866,3.0768259660804174,2.235126551493212,2.625355973947731,3.5097164519815465,4.18117377514734,2.8465510280643356,3.5087502519442317,4.854437501159685
4H,VALIDATION,OB,PROJECT_DYNAMIC_EXTREMA_V1,FORECAST_REALIZATION,3,166,N_GE_100,0.463855421686747,0.3896676381568331,0.5396782935819162,0.5122385402759234,-0.04838311858917643,-0.09445427234568149,0.0050576685313905335,0.001917115607957709,0.0008660564166894472,0.00872151645532976,3.0768259660804174,2.235126551493212,2.625355973947731,3.5097164519815465,4.18117377514734,2.8465510280643356,3.5087502519442317,4.854437501159685
4H,VALIDATION,OB,PROJECT_DYNAMIC_EXTREMA_V1,FORECAST_REALIZATION,5,166,N_GE_100,0.4759036144578313,0.4013364317651299,0.5515608560607029,0.5086859688195992,-0.03278235436176785,-0.06444517122781857,0.0065053287945423255,0.0007021094900773184,0.0012620979002666635,0.011185959418704062,3.0768259660804174,2.235126551493212,2.625355973947731,3.5097164519815465,4.18117377514734,2.8465510280643356,3.5087502519442317,4.854437501159685
4H,VALIDATION,OB,PROJECT_DYNAMIC_EXTREMA_V1,FORECAST_REALIZATION,10,166,N_GE_100,0.46987951807228917,0.39549667190525584,0.5456249378770354,0.5008928571428571,-0.03101333907056797,-0.06191611365247085,0.008247315907708568,0.0014479720553368658,0.000671532063063427,0.015616417900102084,3.0768259660804174,2.235126551493212,2.625355973947731,3.5097164519815465,4.18117377514734,2.8465510280643356,3.5087502519442317,4.854437501159685
4H,VALIDATION,OS,ATR_1X_PRICE_BAND_CONTROL_V1,FORECAST_REALIZATION,1,128,N_GE_100,0.6015625,0.5149808076118778,0.682225536971319,0.49933303690529124,0.10222946309470876,0.20473202359750675,0.001303124422020502,0.0020642495264632243,-0.001511781750743205,0.004394756754639925,4.191472857465883,2.985529878525801,3.545721049560084,4.859633463388593,4.63870539880264,2.641094293429828,3.7074591853664787,5.616371837955467
4H,VALIDATION,OS,ATR_1X_PRICE_BAND_CONTROL_V1,FORECAST_REALIZATION,3,128,N_GE_100,0.5234375,0.43749638578492134,0.6080127706573549,0.48776145972407653,0.03567604027592347,0.07314239279197077,0.0016799882973739938,0.001230799105496061,-0.002732854496316817,0.0067700635204875105,4.191472857465883,2.985529878525801,3.545721049560084,4.859633463388593,4.63870539880264,2.641094293429828,3.7074591853664787,5.616371837955467
4H,VALIDATION,OS,ATR_1X_PRICE_BAND_CONTROL_V1,FORECAST_REALIZATION,5,128,N_GE_100,0.53125,0.4451521555712906,0.6155267196850777,0.4908685968819599,0.040381403118040116,0.08226519963702361,0.0012115266209905221,0.0030756567864733686,-0.006936964961618905,0.008246969489553878,4.191472857465883,2.985529878525801,3.545721049560084,4.859633463388593,4.63870539880264,2.641094293429828,3.7074591853664787,5.616371837955467
4H,VALIDATION,OS,ATR_1X_PRICE_BAND_CONTROL_V1,FORECAST_REALIZATION,10,127,N_GE_100,0.5590551181102362,0.4722284228757405,0.6424140150033437,0.49910714285714286,0.059947975253093366,0.12011043342301364,-0.0014186177191027008,0.007274562025381126,-0.014425017102396954,0.010367697154086235,4.2101830654290096,2.9875513514521312,3.516829063469269,4.896490233017174,4.664730120343635,2.64366119496904,3.7340380237938935,5.597307914823983
4H,VALIDATION,OS,CAUSAL_DNO_QUANTILE_80_20_CONTROL_V1,FORECAST_REALIZATION,1,200,N_GE_100,0.57,0.500703604055383,0.636657955116052,0.49933303690529124,0.07066696309470871,0.14152270703472825,0.00012067147788542842,0.001474066023585574,-0.0023093568806720577,0.0025430628442529614,3.6859603853603757,2.6742277485109733,3.2095210419175992,4.244682661803197,4.1339401501609245,2.513642658208987,3.493230129526597,4.798899908276504
4H,VALIDATION,OS,CAUSAL_DNO_QUANTILE_80_20_CONTROL_V1,FORECAST_REALIZATION,3,200,N_GE_100,0.51,0.441184632709161,0.5784384471724727,0.48776145972407653,0.02223854027592348,0.04559306569343069,-0.0008196532943641959,0.000990767695508099,-0.004826299975122464,0.0034659398677008854,3.6859603853603757,2.6742277485109733,3.2095210419175992,4.244682661803197,4.1339401501609245,2.513642658208987,3.493230129526597,4.798899908276504
4H,VALIDATION,OS,CAUSAL_DNO_QUANTILE_80_20_CONTROL_V1,FORECAST_REALIZATION,5,200,N_GE_100,0.515,0.44610724474630287,0.5833273750761476,0.4908685968819599,0.02413140311804013,0.049160617059891276,0.0002902998454185063,0.0022925246237653907,-0.005211232882449442,0.00622718282335219,3.6859603853603757,2.6742277485109733,3.2095210419175992,4.244682661803197,4.1339401501609245,2.513642658208987,3.493230129526597,4.798899908276504
4H,VALIDATION,OS,CAUSAL_DNO_QUANTILE_80_20_CONTROL_V1,FORECAST_REALIZATION,10,200,N_GE_100,0.535,0.46586521028994954,0.6028155692957681,0.49910714285714286,0.03589285714285717,0.07191413237924871,-0.0021233611111126476,0.002955976816749084,-0.009561907017946198,0.0053109410485002485,3.6859603853603757,2.6742277485109733,3.2095210419175992,4.244682661803197,4.1339401501609245,2.513642658208987,3.493230129526597,4.798899908276504
4H,VALIDATION,OS,PROJECT_DYNAMIC_EXTREMA_V1,FORECAST_REALIZATION,1,168,N_GE_100,0.5833333333333334,0.5077337368021919,0.6552070179393841,0.49933303690529124,0.08400029642804213,0.1682249925794006,-8.998960318019426e-05,0.001623164425786805,-0.0024959859216568546,0.002402275073311583,3.8391626965868775,2.417111533105473,3.246878245047163,4.502570778552468,3.864727075045882,2.513642658208987,3.3012042022390915,4.453282069216501
4H,VALIDATION,OS,PROJECT_DYNAMIC_EXTREMA_V1,FORECAST_REALIZATION,3,168,N_GE_100,0.4523809523809524,0.37901896797822315,0.5278720293123049,0.48776145972407653,-0.035380507343124146,-0.07253649635036497,-0.000788867423913292,-0.0013368730067832568,-0.0049207943343003244,0.003527383620404737,3.8391626965868775,2.417111533105473,3.246878245047163,4.502570778552468,3.864727075045882,2.513642658208987,3.3012042022390915,4.453282069216501
4H,VALIDATION,OS,PROJECT_DYNAMIC_EXTREMA_V1,FORECAST_REALIZATION,5,168,N_GE_100,0.5238095238095238,0.4486014310801917,0.5979530702745445,0.4908685968819599,0.03294092692756395,0.06710742373174328,0.0009961284667158242,0.0028079206085668273,-0.004847301291320972,0.007157179542966893,3.8391626965868775,2.417111533105473,3.246878245047163,4.502570778552468,3.864727075045882,2.513642658208987,3.3012042022390915,4.453282069216501
4H,VALIDATION,OS,PROJECT_DYNAMIC_EXTREMA_V1,FORECAST_REALIZATION,10,168,N_GE_100,0.5595238095238095,0.48395411206432865,0.6324321413225114,0.49910714285714286,0.060416666666666674,0.12104949314251634,0.003140404870464397,0.005396308297317964,-0.005047703844419161,0.011420136680484071,3.8391626965868775,2.417111533105473,3.246878245047163,4.502570778552468,3.864727075045882,2.513642658208987,3.3012042022390915,4.453282069216501
5m,DISCOVERY,OB,ATR_1X_PRICE_BAND_CONTROL_V1,FORECAST_REALIZATION,1,19095,N_GE_100,0.5291437549096623,0.5220587005118141,0.5362170851777223,0.4952635383990046,0.033880216510657646,0.06840846111987009,1.999660034949693e-05,-0.00015901998256462324,-3.465226006416551e-05,7.409441320734169e-05,0.6583711783815324,0.428816466552308,0.6468539125877648,0.6697960865467402,0.6939710547272947,0.42774781476658996,0.68124829678483,0.7072298808317682
5m,DISCOVERY,OB,ATR_1X_PRICE_BAND_CONTROL_V1,FORECAST_REALIZATION,3,19095,N_GE_100,0.5123854412149778,0.5052938792731149,0.519472020665026,0.4940192686597266,0.018366172555251137,0.03717703684934914,0.00020542248568089798,-0.0001162956834366291,0.000118771935068353,0.00030323544767437913,0.6583711783815324,0.428816466552308,0.6468539125877648,0.6697960865467402,0.6939710547272947,0.42774781476658996,0.68124829678483,0.7072298808317682
5m,DISCOVERY,OB,ATR_1X_PRICE_BAND_CONTROL_V1,FORECAST_REALIZATION,5,19095,N_GE_100,0.519298245614035,0.5122084005124536,0.5263803272981376,0.4941898890105901,0.02510835660344496,0.05080710302210756,0.0001938912840249086,-0.00023183396472969964,8.443593898508938e-05,0.00030826262465407983,0.6583711783815324,0.428816466552308,0.6468539125877648,0.6697960865467402,0.6939710547272947,0.42774781476658996,0.68124829678483,0.7072298808317682
5m,DISCOVERY,OB,ATR_1X_PRICE_BAND_CONTROL_V1,FORECAST_REALIZATION,10,19095,N_GE_100,0.5184603299293009,0.5113702044258635,0.5255430290971583,0.4919603572071317,0.026499972722169196,0.05386607342227734,0.000273126268223199,-0.00027388505957004483,0.0001362554032530717,0.00043669555739539174,0.6583711783815324,0.428816466552308,0.6468539125877648,0.6697960865467402,0.6939710547272947,0.42774781476658996,0.68124829678483,0.7072298808317682
5m,DISCOVERY,OB,CAUSAL_DNO_QUANTILE_80_20_CONTROL_V1,FORECAST_REALIZATION,1,32696,N_GE_100,0.5363041350623929,0.5308947472130687,0.5417049928419411,0.4952635383990046,0.04104059666338833,0.08286617826956677,-1.5735780390248138e-05,-0.00016967847573917672,-5.05923844587473e-05,1.6257012805359827e-05,0.6229460075364044,0.41544054455402724,0.6149390376829764,0.6307245470863557,0.6156594084237372,0.38366580513469817,0.6068812531557636,0.6245227267955743
5m,DISCOVERY,OB,CAUSAL_DNO_QUANTILE_80_20_CONTROL_V1,FORECAST_REALIZATION,3,32696,N_GE_100,0.5360594568142892,0.5306499053176483,0.5414605357310938,0.4940192686597266,0.04204018815456262,0.08509827616363541,-1.3202762083285686e-05,-0.00027631930519350645,-7.320387689040611e-05,4.7622477025956854e-05,0.6229460075364044,0.41544054455402724,0.6149390376829764,0.6307245470863557,0.6156594084237372,0.38366580513469817,0.6068812531557636,0.6245227267955743
5m,DISCOVERY,OB,CAUSAL_DNO_QUANTILE_80_20_CONTROL_V1,FORECAST_REALIZATION,5,32696,N_GE_100,0.5400966479080009,0.5346899639370173,0.545493910715146,0.4941898890105901,0.04590675889741086,0.09289295454692548,-8.041382878769236e-05,-0.0003819846339954136,-0.00014952881123467783,-7.558720125157769e-06,0.6229460075364044,0.41544054455402724,0.6149390376829764,0.6307245470863557,0.6156594084237372,0.38366580513469817,0.6068812531557636,0.6245227267955743
5m,DISCOVERY,OB,CAUSAL_DNO_QUANTILE_80_20_CONTROL_V1,FORECAST_REALIZATION,10,32696,N_GE_100,0.5267922681673599,0.5213774801665797,0.5322007610197629,0.4919603572071317,0.034831910960228196,0.07080227186997257,-1.959064599008748e-05,-0.0003539987008935319,-0.00012453042606043972,8.711023626079664e-05,0.6229460075364044,0.41544054455402724,0.6149390376829764,0.6307245470863557,0.6156594084237372,0.38366580513469817,0.6068812531557636,0.6245227267955743
5m,DISCOVERY,OB,PROJECT_DYNAMIC_EXTREMA_V1,FORECAST_REALIZATION,1,28829,N_GE_100,0.5371674355683513,0.5314070332800132,0.5429179337048573,0.4952635383990046,0.04190389716934673,0.0846092916607708,-8.341685570745922e-06,-0.0001724548537829218,-4.706667675575733e-05,3.0008812874884213e-05,0.6223712222414309,0.41386445938954786,0.61369615694795,0.6304182676309726,0.6231353285064354,0.386215170956624,0.6136640653057991,0.6316791259366484
5m,DISCOVERY,OB,PROJECT_DYNAMIC_EXTREMA_V1,FORECAST_REALIZATION,3,28829,N_GE_100,0.53078497346422,0.5250204043560615,0.5365413391801704,0.4940192686597266,0.036765704804493426,0.07442160080969851,2.5921305710399606e-05,-0.000235841640199963,-3.2918463595071666e-05,8.475341504729367e-05,0.6223712222414309,0.41386445938954786,0.61369615694795,0.6304182676309726,0.6231353285064354,0.386215170956624,0.6136640653057991,0.6316791259366484
5m,DISCOVERY,OB,PROJECT_DYNAMIC_EXTREMA_V1,FORECAST_REALIZATION,5,28829,N_GE_100,0.5373755593326165,0.5316153088675638,0.543125850186284,0.4941898890105901,0.043185670322026415,0.08738679459526733,-4.112026778780901e-05,-0.00036823882256220575,-0.00010947140943041439,2.9168018661235178e-05,0.6223712222414309,0.41386445938954786,0.61369615694795,0.6304182676309726,0.6231353285064354,0.386215170956624,0.6136640653057991,0.6316791259366484
5m,DISCOVERY,OB,PROJECT_DYNAMIC_EXTREMA_V1,FORECAST_REALIZATION,10,28829,N_GE_100,0.5238475146553817,0.518079488952384,0.5296091856179365,0.4919603572071317,0.03188715744824999,0.06481651820336509,5.86833890746454e-05,-0.00032451728054527784,-4.88363223547945e-05,0.0001572484644281065,0.6223712222414309,0.41386445938954786,0.61369615694795,0.6304182676309726,0.6231353285064354,0.386215170956624,0.6136640653057991,0.6316791259366484
5m,DISCOVERY,OS,ATR_1X_PRICE_BAND_CONTROL_V1,FORECAST_REALIZATION,1,18799,N_GE_100,0.5479546784403426,0.5408309760492749,0.555058785634406,0.4971283359241918,0.05082634251615081,0.1022398822261088,0.00013329514199673996,0.0002387774594077019,6.85561515152765e-05,0.00020058177489510131,0.6948362704183065,0.4649787668655642,0.6831161100770866,0.7086106688997023,0.7929642553318691,0.4532428984466614,0.7756349400035517,0.8095398093868997
5m,DISCOVERY,OS,ATR_1X_PRICE_BAND_CONTROL_V1,FORECAST_REALIZATION,3,18799,N_GE_100,0.5419969147295068,0.5348667396903549,0.5491099290276328,0.5016894984253067,0.040307416304200094,0.08034335267275128,0.00014496819044563494,0.0003690284487385398,4.177852398578605e-05,0.00024063589929816656,0.6948362704183065,0.4649787668655642,0.6831161100770866,0.7086106688997023,0.7929642553318691,0.4532428984466614,0.7756349400035517,0.8095398093868997
5m,DISCOVERY,OS,ATR_1X_PRICE_BAND_CONTROL_V1,FORECAST_REALIZATION,5,18799,N_GE_100,0.548061067078036,0.5409374896081789,0.5551650058784607,0.5026389849914517,0.04542208208658438,0.09036720875790571,0.0002961631640662669,0.0004951039718341654,0.00016715841507246876,0.0004290429484368218,0.6948362704183065,0.4649787668655642,0.6831161100770866,0.7086106688997023,0.7929642553318691,0.4532428984466614,0.7756349400035517,0.8095398093868997
5m,DISCOVERY,OS,ATR_1X_PRICE_BAND_CONTROL_V1,FORECAST_REALIZATION,10,18799,N_GE_100,0.5477950954838023,0.5406712063259425,0.5548994546533002,0.5057000477848317,0.042095047698970656,0.08324113846412273,0.0004415059065883754,0.0006802721088434716,0.00029300120537589195,0.0006077194455954429,0.6948362704183065,0.4649787668655642,0.6831161100770866,0.7086106688997023,0.7929642553318691,0.4532428984466614,0.7756349400035517,0.8095398093868997
5m,DISCOVERY,OS,CAUSAL_DNO_QUANTILE_80_20_CONTROL_V1,FORECAST_REALIZATION,1,33426,N_GE_100,0.534524023215461,0.5291729192419651,0.5398671925125579,0.4971283359241918,0.037395687291269186,0.07522340729531818,3.836406322855042e-05,0.00016497000675275153,7.980991386590144e-07,7.537455098922727e-05,0.6323727285421941,0.4314861087772428,0.6256680709259217,0.6399678632744382,0.6907933413665936,0.41117269664588085,0.6806682664479259,0.701620754978644
5m,DISCOVERY,OS,CAUSAL_DNO_QUANTILE_80_20_CONTROL_V1,FORECAST_REALIZATION,3,33425,N_GE_100,0.5489304412864622,0.5435905350957604,0.5542591014288865,0.5016894984253067,0.04724094286115543,0.09416370685341113,0.00015392717939134864,0.00037015711112942107,9.363632459879571e-05,0.00021811763479661625,0.6323883543207586,0.4315056671077613,0.6247664995387248,0.6403048829944848,0.6908115675568395,0.41118335500650055,0.6792608676333096,0.7016633094196648
5m,DISCOVERY,OS,CAUSAL_DNO_QUANTILE_80_20_CONTROL_V1,FORECAST_REALIZATION,5,33424,N_GE_100,0.5550801819052178,0.5497463827834663,0.5604013211592256,0.5026389849914517,0.05244119691376614,0.10433173406686302,0.0003082214690820126,0.0005328725100058884,0.00023096361795779663,0.00037922880583182765,0.6324038174845702,0.4315133062352873,0.6249616142538786,0.641118628446696,0.690825906159689,0.41119807157252164,0.6795306664590482,0.7016183128915205
5m,DISCOVERY,OS,CAUSAL_DNO_QUANTILE_80_20_CONTROL_V1,FORECAST_REALIZATION,10,33423,N_GE_100,0.5419621218921102,0.5366160390987136,0.5472985596410012,0.5057000477848317,0.03626207410727855,0.07170668515085366,0.00033194020266391226,0.0005697017735062371,0.00022644465542056137,0.00044463951842380745,0.6324218060789132,0.43152094536281327,0.624990293794452,0.6404947769407093,0.6908360833380591,0.41121278813854273,0.6794133914684327,0.7014076371289244
5m,DISCOVERY,OS,PROJECT_DYNAMIC_EXTREMA_V1,FORECAST_REALIZATION,1,28807,N_GE_100,0.5422640330475231,0.5365054393091667,0.5480113559239165,0.4971283359241918,0.04513569712333132,0.0907928473628874,6.680543940756622e-05,0.0001906218917022695,2.8511702461919015e-05,0.0001081001902087737,0.6368656604584267,0.4327516066091986,0.6282588620477516,0.6451948293740891,0.6926531899306863,0.4132002730073249,0.6809183572367076,0.7030274407512845
5m,DISCOVERY,OS,PROJECT_DYNAMIC_EXTREMA_V1,FORECAST_REALIZATION,3,28807,N_GE_100,0.5491720762314715,0.5434198850131691,0.5549111543688945,0.5016894984253067,0.047482577806164716,0.0946453492752033,0.00019473540209988033,0.0003785199487660318,0.0001243916336054633,0.00025824848565787035,0.6368656604584267,0.4327516066091986,0.6282588620477516,0.6451948293740891,0.6926531899306863,0.4132002730073249,0.6809183572367076,0.7030274407512845
5m,DISCOVERY,OS,PROJECT_DYNAMIC_EXTREMA_V1,FORECAST_REALIZATION,5,28807,N_GE_100,0.5552469885791648,0.5495013515896875,0.5609778924460022,0.5026389849914517,0.052608003587713115,0.10466359585818408,0.00035555763023006036,0.0005140947648016869,0.00027354592876530933,0.00043503940219200113,0.6368656604584267,0.4327516066091986,0.6282588620477516,0.6451948293740891,0.6926531899306863,0.4132002730073249,0.6809183572367076,0.7030274407512845
5m,DISCOVERY,OS,PROJECT_DYNAMIC_EXTREMA_V1,FORECAST_REALIZATION,10,28807,N_GE_100,0.5437220120109696,0.5379646766853472,0.5494676876646065,0.5057000477848317,0.038021964226137905,0.07518679183972665,0.00039615782086188076,0.0005810799192416116,0.0002808373949610517,0.0005015381326061306,0.6368656604584267,0.4327516066091986,0.6282588620477516,0.6451948293740891,0.6926531899306863,0.4132002730073249,0.6809183572367076,0.7030274407512845
5m,VALIDATION,OB,ATR_1X_PRICE_BAND_CONTROL_V1,FORECAST_REALIZATION,1,6991,N_GE_100,0.5608639679588042,0.549200072136351,0.572461010224685,0.49880953483847656,0.06205443312032766,0.12440506603471801,-2.166679689652114e-05,-0.00019129969009445968,-9.815697895081143e-05,5.4389047095334066e-05,0.46847146098514014,0.2761145646619039,0.45484777622573863,0.4832272778323999,0.5064120145415087,0.26989961051071615,0.4884781210342132,0.523494746155196
5m,VALIDATION,OB,ATR_1X_PRICE_BAND_CONTROL_V1,FORECAST_REALIZATION,3,6991,N_GE_100,0.5477041911028465,0.5360138567056436,0.5593421267665197,0.4977440962024847,0.049960094900361796,0.10037305370677418,3.922778896828709e-05,-0.00022150847269908347,-7.45464490153131e-05,0.00014613460776690171,0.46847146098514014,0.2761145646619039,0.45484777622573863,0.4832272778323999,0.5064120145415087,0.26989961051071615,0.4884781210342132,0.523494746155196
5m,VALIDATION,OB,ATR_1X_PRICE_BAND_CONTROL_V1,FORECAST_REALIZATION,5,6991,N_GE_100,0.5497067658417966,0.5380199224928512,0.5613390108102274,0.4973456738653103,0.05236109197648625,0.10528108462177266,-5.7545839264202624e-06,-0.00029395838168178035,-0.0001456854539446276,0.0001235009041126782,0.46847146098514014,0.2761145646619039,0.45484777622573863,0.4832272778323999,0.5064120145415087,0.26989961051071615,0.4884781210342132,0.523494746155196
5m,VALIDATION,OB,ATR_1X_PRICE_BAND_CONTROL_V1,FORECAST_REALIZATION,10,6991,N_GE_100,0.5422686310971249,0.5305697804290441,0.5539210535020631,0.49646073453656003,0.04580789656056483,0.09226892153581079,-5.935133605983875e-05,-0.000347077971592169,-0.000236129529876859,0.00012154417945643407,0.46847146098514014,0.2761145646619039,0.45484777622573863,0.4832272778323999,0.5064120145415087,0.26989961051071615,0.4884781210342132,0.523494746155196
5m,VALIDATION,OB,CAUSAL_DNO_QUANTILE_80_20_CONTROL_V1,FORECAST_REALIZATION,1,10764,N_GE_100,0.5503530286138982,0.5409389335897202,0.5597311951387708,0.49880953483847656,0.05154349377542167,0.10333301626263491,6.07410150801592e-06,-0.00014434627465070848,-4.396625721768485e-05,5.145714417823627e-05,0.44510962119738906,0.2688117848179029,0.4345256169081332,0.45577863535072094,0.48572823362315265,0.2611070002028,0.47115533086261063,0.4993326184736941
5m,VALIDATION,OB,CAUSAL_DNO_QUANTILE_80_20_CONTROL_V1,FORECAST_REALIZATION,3,10764,N_GE_100,0.5485878855444073,0.5391711064447763,0.5579699956308709,0.4977440962024847,0.050843789341922574,0.10214845284923091,5.5162910930072555e-05,-0.0002211515625534788,-3.2033205700572315e-05,0.0001477394720233918,0.44510962119738906,0.2688117848179029,0.4345256169081332,0.45577863535072094,0.48572823362315265,0.2611070002028,0.47115533086261063,0.4993326184736941
5m,VALIDATION,OB,CAUSAL_DNO_QUANTILE_80_20_CONTROL_V1,FORECAST_REALIZATION,5,10764,N_GE_100,0.5453363062058714,0.5359148950818126,0.5547253684228065,0.4973456738653103,0.04799063234056106,0.09649351519956673,2.3548158473087245e-05,-0.0002559046995729841,-8.517101663274703e-05,0.00013765066995188475,0.44510962119738906,0.2688117848179029,0.4345256169081332,0.45577863535072094,0.48572823362315265,0.2611070002028,0.47115533086261063,0.4993326184736941
5m,VALIDATION,OB,CAUSAL_DNO_QUANTILE_80_20_CONTROL_V1,FORECAST_REALIZATION,10,10764,N_GE_100,0.5316796729840209,0.5222432138867122,0.5410935276195893,0.49646073453656003,0.035218938447460824,0.0709400280776229,6.797387130475977e-05,-0.0002609127460481697,-8.216385898289773e-05,0.00021006167491521778,0.44510962119738906,0.2688117848179029,0.4345256169081332,0.45577863535072094,0.48572823362315265,0.2611070002028,0.47115533086261063,0.4993326184736941
5m,VALIDATION,OB,PROJECT_DYNAMIC_EXTREMA_V1,FORECAST_REALIZATION,1,9214,N_GE_100,0.5566529194703712,0.5464877014371203,0.5667709165022463,0.49880953483847656,0.057843384631894645,0.11596286877440187,-3.95282886691859e-06,-0.0001589849867929538,-5.736540442558663e-05,4.813890721491804e-05,0.44668549215561804,0.2718626632568623,0.43578980088264146,0.4579990742234256,0.4845936733040354,0.25914220471107663,0.4695479846543903,0.49934709920379217
5m,VALIDATION,OB,PROJECT_DYNAMIC_EXTREMA_V1,FORECAST_REALIZATION,3,9214,N_GE_100,0.547319296722379,0.5371380569266168,0.5574610952219731,0.4977440962024847,0.04957520051989428,0.09959977606590598,3.873111372164741e-05,-0.00022030046726723151,-5.4142460608844554e-05,0.0001271498773489039,0.44668549215561804,0.2718626632568623,0.43578980088264146,0.4579990742234256,0.4845936733040354,0.25914220471107663,0.4695479846543903,0.49934709920379217
5m,VALIDATION,OB,PROJECT_DYNAMIC_EXTREMA_V1,FORECAST_REALIZATION,5,9214,N_GE_100,0.5484046016930757,0.5382250393501018,0.5585438181229967,0.4973456738653103,0.05105892782776539,0.10266285706466816,-1.970659980830943e-05,-0.0002725913910182065,-0.00013621835023269676,8.472748276773839e-05,0.44668549215561804,0.2718626632568623,0.43578980088264146,0.4579990742234256,0.4845936733040354,0.25914220471107663,0.4695479846543903,0.49934709920379217
5m,VALIDATION,OB,PROJECT_DYNAMIC_EXTREMA_V1,FORECAST_REALIZATION,10,9214,N_GE_100,0.532884740612112,0.5226858133358617,0.5430562579967592,0.49646073453656003,0.03642400607555196,0.07336734517293353,8.610864570468247e-05,-0.00027274890280104547,-7.834060556615313e-05,0.0002399707400213398,0.44668549215561804,0.2718626632568623,0.43578980088264146,0.4579990742234256,0.4845936733040354,0.25914220471107663,0.4695479846543903,0.49934709920379217
5m,VALIDATION,OS,ATR_1X_PRICE_BAND_CONTROL_V1,FORECAST_REALIZATION,1,6918,N_GE_100,0.5688060132986412,0.5571006432665534,0.5804350090950955,0.4980220676110097,0.07078394568763152,0.14213013898596705,-5.6928972347771714e-06,0.00018390136691270875,-7.322467244675681e-05,6.281428927206644e-05,0.46687929412712936,0.2867092645134149,0.45306334980319757,0.4805435347021204,0.5226369234136599,0.27728057545074547,0.5070029401195422,0.5422572079669707
5m,VALIDATION,OS,ATR_1X_PRICE_BAND_CONTROL_V1,FORECAST_REALIZATION,3,6918,N_GE_100,0.5566637756577045,0.5449289853287216,0.5683356695573423,0.5004771213370515,0.05618665432065306,0.11226617946200501,2.521471576845542e-05,0.00026509394235196826,-8.848651117036035e-05,0.00013306635135699045,0.46687929412712936,0.2867092645134149,0.45306334980319757,0.4805435347021204,0.5226369234136599,0.27728057545074547,0.5070029401195422,0.5422572079669707
5m,VALIDATION,OS,ATR_1X_PRICE_BAND_CONTROL_V1,FORECAST_REALIZATION,5,6918,N_GE_100,0.5562301243133854,0.5444944145495969,0.5679034189980532,0.5011441859603287,0.05508593835305664,0.10992033809091684,6.177001126802208e-05,0.00032031944855281935,-8.225362849429314e-05,0.00019899011604898893,0.46687929412712936,0.2867092645134149,0.45306334980319757,0.4805435347021204,0.5226369234136599,0.27728057545074547,0.5070029401195422,0.5422572079669707
5m,VALIDATION,OS,ATR_1X_PRICE_BAND_CONTROL_V1,FORECAST_REALIZATION,10,6917,N_GE_100,0.5539973977157727,0.5422562465778205,0.5656786034265489,0.5025942259941445,0.05140317172162823,0.1022756909312903,8.097315749895887e-05,0.00039981943638345285,-0.00010514128285699368,0.00025381717487484674,0.46694629035227997,0.2867443968879708,0.45249290141114334,0.4795752209062147,0.5226893456444395,0.27732011922879113,0.5067225865306509,0.5405883677892982
5m,VALIDATION,OS,CAUSAL_DNO_QUANTILE_80_20_CONTROL_V1,FORECAST_REALIZATION,1,10848,N_GE_100,0.5521755162241888,0.5428008849017377,0.5615132068188787,0.4980220676110097,0.05415344861317911,0.10873704627779013,1.101885260623585e-05,0.0001419298919737022,-3.6447690689797584e-05,5.7543098833094453e-05,0.4581909094020353,0.27651646981704936,0.4454690818148258,0.46956121047427335,0.4988711879418454,0.2644394135670458,0.48547163360925216,0.5113853068947187
5m,VALIDATION,OS,CAUSAL_DNO_QUANTILE_80_20_CONTROL_V1,FORECAST_REALIZATION,3,10848,N_GE_100,0.554019174041298,0.5446475934192003,0.563352508609565,0.5004771213370515,0.0535420527042465,0.10698201860098222,4.370733010715013e-05,0.0002474720985478074,-2.7914452480861503e-05,0.00012490907946846288,0.4581909094020353,0.27651646981704936,0.4454690818148258,0.46956121047427335,0.4988711879418454,0.2644394135670458,0.48547163360925216,0.5113853068947187
5m,VALIDATION,OS,CAUSAL_DNO_QUANTILE_80_20_CONTROL_V1,FORECAST_REALIZATION,5,10848,N_GE_100,0.5530051622418879,0.5436318876406017,0.5623409087186817,0.5011441859603287,0.05186097628155917,0.10348514007436682,8.093969842278252e-05,0.0002915789599091667,-2.260926056474869e-05,0.000186151323637165,0.4581909094020353,0.27651646981704936,0.4454690818148258,0.46956121047427335,0.4988711879418454,0.2644394135670458,0.48547163360925216,0.5113853068947187
5m,VALIDATION,OS,CAUSAL_DNO_QUANTILE_80_20_CONTROL_V1,FORECAST_REALIZATION,10,10847,N_GE_100,0.5457730247994838,0.536388374623351,0.5551252642818562,0.5025942259941445,0.04317879880533926,0.08591184811152663,8.421129560397111e-05,0.0003472758141689347,-3.987512273029905e-05,0.0002193139890478147,0.4582311255517263,0.27653818983787076,0.44630669535591116,0.47009153350818284,0.49890625465137123,0.26446752591177847,0.4844237037620975,0.5114559537272958
5m,VALIDATION,OS,PROJECT_DYNAMIC_EXTREMA_V1,FORECAST_REALIZATION,1,9251,N_GE_100,0.5585342125175656,0.5483930437336068,0.568626787270308,0.4980220676110097,0.06051214490655593,0.12150494695311398,2.7795459360525083e-05,0.00016370879237470604,-2.4921002554876874e-05,7.558132842161398e-05,0.4558322768175539,0.2748537453594676,0.44526667954840526,0.4670324065764848,0.49916434147118516,0.2631877346160416,0.4850103188121009,0.5124732136310296
5m,VALIDATION,OS,PROJECT_DYNAMIC_EXTREMA_V1,FORECAST_REALIZATION,3,9251,N_GE_100,0.5585342125175656,0.5483930437336068,0.568626787270308,0.5004771213370515,0.058057091180514164,0.11600348688349937,8.39418201110356e-05,0.0002782127097917808,-9.149262490282016e-06,0.00016517415962737596,0.4558322768175539,0.2748537453594676,0.44526667954840526,0.4670324065764848,0.49916434147118516,0.2631877346160416,0.4850103188121009,0.5124732136310296
5m,VALIDATION,OS,PROJECT_DYNAMIC_EXTREMA_V1,FORECAST_REALIZATION,5,9251,N_GE_100,0.5551832234353042,0.5450356343930286,0.5652850003761282,0.5011441859603287,0.054039037474975515,0.10783131679243563,5.4121970959523604e-05,0.00030413047197241916,-7.104818243848817e-05,0.00015888865423710298,0.4558322768175539,0.2748537453594676,0.44526667954840526,0.4670324065764848,0.49916434147118516,0.2631877346160416,0.4850103188121009,0.5124732136310296
5m,VALIDATION,OS,PROJECT_DYNAMIC_EXTREMA_V1,FORECAST_REALIZATION,10,9250,N_GE_100,0.5458378378378378,0.5356742516480701,0.555963366181913,0.5025942259941445,0.0432436118436933,0.08604080510108592,6.945500966067042e-05,0.00035111935344567247,-0.00010242555161708551,0.00023654859900811717,0.4558791812438366,0.2748808451554096,0.4435854690781251,0.468328869330498,0.49920549409299664,0.263227553113315,0.4845528409757838,0.5141402145691256
6H,DISCOVERY,OB,ATR_1X_PRICE_BAND_CONTROL_V1,FORECAST_REALIZATION,1,254,N_GE_100,0.4251968503937008,0.3659570467639349,0.4866656487204244,0.4741107609185052,-0.04891391052480437,-0.10316979608318189,0.0024183184672269165,0.0017742271520370112,-0.0008785348773951309,0.005709162871984198,5.184231088432771,3.400756373105335,4.458751660972272,5.932524222168307,6.553246336066299,4.90459210828887,5.887594265376669,7.3189036408587995
6H,DISCOVERY,OB,ATR_1X_PRICE_BAND_CONTROL_V1,FORECAST_REALIZATION,3,254,N_GE_100,0.4094488188976378,0.3507611049598731,0.47083478957382496,0.46959459459459457,-0.06014577569695678,-0.1280802129949583,0.006534785682593576,0.004916121179849409,0.00044291658995470695,0.012911755425322738,5.184231088432771,3.400756373105335,4.458751660972272,5.932524222168307,6.553246336066299,4.90459210828887,5.887594265376669,7.3189036408587995
6H,DISCOVERY,OB,ATR_1X_PRICE_BAND_CONTROL_V1,FORECAST_REALIZATION,5,254,N_GE_100,0.4645669291338583,0.40421512871209264,0.5259745691489196,0.47070752591257325,-0.0061405967787149796,-0.013045461227351396,0.005047080162199572,0.001926932125382308,-0.0025933565301001294,0.01193454317717254,5.184231088432771,3.400756373105335,4.458751660972272,5.932524222168307,6.553246336066299,4.90459210828887,5.887594265376669,7.3189036408587995
6H,DISCOVERY,OB,ATR_1X_PRICE_BAND_CONTROL_V1,FORECAST_REALIZATION,10,254,N_GE_100,0.43700787401574803,0.3773945306269806,0.4984982655703746,0.4561245206406497,-0.019116646624901645,-0.04191102595855045,0.01327154720258839,0.011631365290669327,0.0034234370490992204,0.022161158551211195,5.184231088432771,3.400756373105335,4.458751660972272,5.932524222168307,6.553246336066299,4.90459210828887,5.887594265376669,7.3189036408587995
6H,DISCOVERY,OB,CAUSAL_DNO_QUANTILE_80_20_CONTROL_V1,FORECAST_REALIZATION,1,450,N_GE_100,0.5044444444444445,0.4584069212774926,0.5504067264797867,0.4741107609185052,0.030333683525939292,0.0639801624986811,0.0009378646161719721,-0.00011890162881184052,-0.0009575190014927795,0.0026812886744874477,5.1951205758500425,3.824684559632906,4.772036057730606,5.6459220761593985,5.792601832111901,4.171015220774169,5.3334393922133065,6.300186678963748
6H,DISCOVERY,OB,CAUSAL_DNO_QUANTILE_80_20_CONTROL_V1,FORECAST_REALIZATION,3,450,N_GE_100,0.4666666666666667,0.4210485889272526,0.5128490528931535,0.46959459459459457,-0.002927927927927898,-0.006235011990407657,0.003325971474169621,0.002586008873753376,-0.000449415576220152,0.006809600510874837,5.1951205758500425,3.824684559632906,4.772036057730606,5.6459220761593985,5.792601832111901,4.171015220774169,5.3334393922133065,6.300186678963748
6H,DISCOVERY,OB,CAUSAL_DNO_QUANTILE_80_20_CONTROL_V1,FORECAST_REALIZATION,5,450,N_GE_100,0.5044444444444445,0.4584069212774926,0.5504067264797867,0.47070752591257325,0.03373691853187122,0.0716727833625872,0.0035691044107431114,-0.0010212690554432524,-0.0012195477508104696,0.00827796299691536,5.1951205758500425,3.824684559632906,4.772036057730606,5.6459220761593985,5.792601832111901,4.171015220774169,5.3334393922133065,6.300186678963748
6H,DISCOVERY,OB,CAUSAL_DNO_QUANTILE_80_20_CONTROL_V1,FORECAST_REALIZATION,10,450,N_GE_100,0.4711111111111111,0.4254301364411205,0.5172811531365649,0.4561245206406497,0.014986590470461414,0.03285635784152108,0.0073813461326864135,0.004725698042283288,0.0010073511306232937,0.013890642246791854,5.1951205758500425,3.824684559632906,4.772036057730606,5.6459220761593985,5.792601832111901,4.171015220774169,5.3334393922133065,6.300186678963748
6H,DISCOVERY,OB,PROJECT_DYNAMIC_EXTREMA_V1,FORECAST_REALIZATION,1,419,N_GE_100,0.477326968973747,0.42992338184708534,0.525142534089284,0.4741107609185052,0.0032162080552418093,0.006783663903791037,0.0009166523641466012,0.0006273222988950611,-0.0010219340817304143,0.002937143417278261,5.3593059753178505,3.812947818821683,4.891958995083618,5.856562280494905,6.133326725459312,4.336695151281797,5.602862118292102,6.725865165079322
6H,DISCOVERY,OB,PROJECT_DYNAMIC_EXTREMA_V1,FORECAST_REALIZATION,3,419,N_GE_100,0.4343675417661098,0.38771427886209897,0.48221337253265495,0.46959459459459457,-0.03522705282848476,-0.07501588228224099,0.004178888622117324,0.0046298193141312005,0.0006243029891222199,0.008237929434224085,5.3593059753178505,3.812947818821683,4.891958995083618,5.856562280494905,6.133326725459312,4.336695151281797,5.602862118292102,6.725865165079322
6H,DISCOVERY,OB,PROJECT_DYNAMIC_EXTREMA_V1,FORECAST_REALIZATION,5,419,N_GE_100,0.49403341288782815,0.44643282846355686,0.5417424125723298,0.47070752591257325,0.023325886975254895,0.04955494801157556,0.005054730398780203,0.0008398894634986664,0.000273195554759634,0.009625707947983973,5.3593059753178505,3.812947818821683,4.891958995083618,5.856562280494905,6.133326725459312,4.336695151281797,5.602862118292102,6.725865165079322
6H,DISCOVERY,OB,PROJECT_DYNAMIC_EXTREMA_V1,FORECAST_REALIZATION,10,419,N_GE_100,0.477326968973747,0.42992338184708534,0.525142534089284,0.4561245206406497,0.021202448333097312,0.046483903788635095,0.008933885408911874,0.00491597978640379,0.0011532852901066947,0.016778628172283462,5.3593059753178505,3.812947818821683,4.891958995083618,5.856562280494905,6.133326725459312,4.336695151281797,5.602862118292102,6.725865165079322
6H,DISCOVERY,OS,ATR_1X_PRICE_BAND_CONTROL_V1,FORECAST_REALIZATION,1,233,N_GE_100,0.5021459227467812,0.4384325682768475,0.5657896629528014,0.5258892390814949,-0.023743316334713715,-0.04514889176318426,-0.0025126025693523834,0.00039393730487780054,-0.006908051798697748,0.0017032652424070647,5.449341293356612,4.1698201607380945,4.870426584865302,6.0657392337950515,7.270117498322862,4.611092878240885,6.276916183519648,8.343049635010182
6H,DISCOVERY,OS,ATR_1X_PRICE_BAND_CONTROL_V1,FORECAST_REALIZATION,3,233,N_GE_100,0.5278969957081545,0.4638629613688173,0.5910260446166178,0.5301801801801802,-0.00228318447202569,-0.004306431204670336,-0.005180180730739667,0.0008221102823573467,-0.012853586630651934,0.0016185307142064357,5.449341293356612,4.1698201607380945,4.870426584865302,6.0657392337950515,7.270117498322862,4.611092878240885,6.276916183519648,8.343049635010182
6H,DISCOVERY,OS,ATR_1X_PRICE_BAND_CONTROL_V1,FORECAST_REALIZATION,5,233,N_GE_100,0.5579399141630901,0.4937430067230032,0.6202572364775155,0.5292924740874267,0.028647440075663333,0.054124026843675566,0.00045560832118037134,0.0063083887123183136,-0.008375563114789805,0.008039355018392829,5.449341293356612,4.1698201607380945,4.870426584865302,6.0657392337950515,7.270117498322862,4.611092878240885,6.276916183519648,8.343049635010182
6H,DISCOVERY,OS,ATR_1X_PRICE_BAND_CONTROL_V1,FORECAST_REALIZATION,10,233,N_GE_100,0.5407725321888412,0.4766407002730665,0.6035816930902617,0.543424317617866,-0.0026517854290247778,-0.004879769533776224,0.00016156507634860307,0.005864708779155681,-0.009332955653088166,0.009771721063572178,5.449341293356612,4.1698201607380945,4.870426584865302,6.0657392337950515,7.270117498322862,4.611092878240885,6.276916183519648,8.343049635010182
6H,DISCOVERY,OS,CAUSAL_DNO_QUANTILE_80_20_CONTROL_V1,FORECAST_REALIZATION,1,380,N_GE_100,0.5789473684210527,0.528757649734167,0.6275568299887188,0.5258892390814949,0.05305812933955778,0.10089221341023791,3.139387919402229e-05,0.0028695331134855895,-0.0030172148135584964,0.0028823988589137925,6.0206691287090575,4.182530693290823,5.394119017423906,6.572017311020799,6.3014241324797355,3.6811761723695717,5.637887829113089,7.049517116188519
6H,DISCOVERY,OS,CAUSAL_DNO_QUANTILE_80_20_CONTROL_V1,FORECAST_REALIZATION,3,380,N_GE_100,0.5605263157894737,0.5102639700693952,0.6095771310514837,0.5301801801801802,0.030346135609293445,0.05723740106425779,-0.0009253837643325602,0.003389444706751732,-0.005852764569974583,0.004229257816481978,6.0206691287090575,4.182530693290823,5.394119017423906,6.572017311020799,6.3014241324797355,3.6811761723695717,5.637887829113089,7.049517116188519
6H,DISCOVERY,OS,CAUSAL_DNO_QUANTILE_80_20_CONTROL_V1,FORECAST_REALIZATION,5,380,N_GE_100,0.5578947368421052,0.5076276477911689,0.6070029706722805,0.5292924740874267,0.028602262754678476,0.05403867267146145,0.0036112191656949345,0.006168882782845553,-0.00244093573807986,0.009950114669458885,6.0206691287090575,4.182530693290823,5.394119017423906,6.572017311020799,6.3014241324797355,3.6811761723695717,5.637887829113089,7.049517116188519
6H,DISCOVERY,OS,CAUSAL_DNO_QUANTILE_80_20_CONTROL_V1,FORECAST_REALIZATION,10,380,N_GE_100,0.5894736842105263,0.5393567276845296,0.6377996826680742,0.543424317617866,0.046049366592660235,0.08473924537370814,0.011257606323756185,0.013555023494905005,0.0031613920497778956,0.019551642707409417,6.0206691287090575,4.182530693290823,5.394119017423906,6.572017311020799,6.3014241324797355,3.6811761723695717,5.637887829113089,7.049517116188519
6H,DISCOVERY,OS,PROJECT_DYNAMIC_EXTREMA_V1,FORECAST_REALIZATION,1,323,N_GE_100,0.5851393188854489,0.5307136342237292,0.6375635985397868,0.5258892390814949,0.059250079803954026,0.112666461682005,0.0017507418979401364,0.0033631720022253564,-0.0012080987323765816,0.004571518866379912,5.682466758239321,4.599053024554579,5.189314032646035,6.18587110032869,6.472054812177775,3.9084268393704407,5.663460711939848,7.412099746490675
6H,DISCOVERY,OS,PROJECT_DYNAMIC_EXTREMA_V1,FORECAST_REALIZATION,3,323,N_GE_100,0.5572755417956656,0.502747706533445,0.6104569773256475,0.5301801801801802,0.027095361615485425,0.05110594969105997,0.00048546373642494636,0.004164012663161909,-0.004540075953207432,0.005408009609161629,5.682466758239321,4.599053024554579,5.189314032646035,6.18587110032869,6.472054812177775,3.9084268393704407,5.663460711939848,7.412099746490675
6H,DISCOVERY,OS,PROJECT_DYNAMIC_EXTREMA_V1,FORECAST_REALIZATION,5,323,N_GE_100,0.541795665634675,0.48728464226929447,0.5953241810873406,0.5292924740874267,0.012503191547248216,0.023622462361297503,0.0007250865832008086,0.0044440609224662975,-0.005594013497897217,0.007088548727589493,5.682466758239321,4.599053024554579,5.189314032646035,6.18587110032869,6.472054812177775,3.9084268393704407,5.663460711939848,7.412099746490675
6H,DISCOVERY,OS,PROJECT_DYNAMIC_EXTREMA_V1,FORECAST_REALIZATION,10,323,N_GE_100,0.5758513931888545,0.5213725732782561,0.6285471431837855,0.543424317617866,0.03242707557098845,0.05967174180414769,0.008123237232767538,0.013657040018138611,-0.0008408765585625359,0.016180526256661776,5.682466758239321,4.599053024554579,5.189314032646035,6.18587110032869,6.472054812177775,3.9084268393704407,5.663460711939848,7.412099746490675
6H,VALIDATION,OB,ATR_1X_PRICE_BAND_CONTROL_V1,FORECAST_REALIZATION,1,82,N_30_99,0.4146341463414634,0.3141639024666607,0.522745008830426,0.49666666666666665,-0.08203252032520325,-0.16516614830577836,0.00258486810035191,0.0015611808658155812,-0.0007130970643560772,0.0061253663576074455,2.9537476795159083,2.3794422203294867,2.347685013750568,3.6638622727666723,5.890828722529005,4.198849175815516,4.7023895497539545,7.1577529548354075
6H,VALIDATION,OB,ATR_1X_PRICE_BAND_CONTROL_V1,FORECAST_REALIZATION,3,82,N_30_99,0.35365853658536583,0.2588541267448773,0.4615611497644142,0.5033377837116155,-0.1496792471262497,-0.29737335834896816,0.011084226207855931,0.007837718679555739,0.004953702871657245,0.01704422166192699,2.9537476795159083,2.3794422203294867,2.347685013750568,3.6638622727666723,5.890828722529005,4.198849175815516,4.7023895497539545,7.1577529548354075
6H,VALIDATION,OB,ATR_1X_PRICE_BAND_CONTROL_V1,FORECAST_REALIZATION,5,82,N_30_99,0.43902439024390244,0.33673363578460386,0.546772729427601,0.4979946524064171,-0.058970262162514664,-0.11841545261090192,0.008372581091190361,0.004009197040597101,0.0008484740220293282,0.01694287726379148,2.9537476795159083,2.3794422203294867,2.347685013750568,3.6638622727666723,5.890828722529005,4.198849175815516,4.7023895497539545,7.1577529548354075
6H,VALIDATION,OB,ATR_1X_PRICE_BAND_CONTROL_V1,FORECAST_REALIZATION,10,82,N_30_99,0.36585365853658536,0.26978466322708194,0.4739293402397686,0.4922870556673374,-0.12643339713075202,-0.25682860370838045,0.021128050874261315,0.01237929994805742,0.008875517549278773,0.03271195893241948,2.9537476795159083,2.3794422203294867,2.347685013750568,3.6638622727666723,5.890828722529005,4.198849175815516,4.7023895497539545,7.1577529548354075
6H,VALIDATION,OB,CAUSAL_DNO_QUANTILE_80_20_CONTROL_V1,FORECAST_REALIZATION,1,124,N_GE_100,0.47580645161290325,0.3899577057750623,0.5631092145388261,0.49666666666666665,-0.020860215053763398,-0.04200043299415446,0.0028179522892406187,0.0007218878963072273,-0.0011926871225489953,0.006913299607912069,3.6994966627254646,2.3794422203294867,3.1044458965288557,4.359320739942375,5.135083159401613,3.756805528555353,4.341803447813777,5.911782477107904
6H,VALIDATION,OB,CAUSAL_DNO_QUANTILE_80_20_CONTROL_V1,FORECAST_REALIZATION,3,124,N_GE_100,0.4274193548387097,0.343816476111844,0.5153842848298212,0.5033377837116155,-0.07591842887290584,-0.15082998203131692,0.006841337695289144,0.002216332774117369,0.0013876840941588339,0.012381408989639549,3.6994966627254646,2.3794422203294867,3.1044458965288557,4.359320739942375,5.135083159401613,3.756805528555353,4.341803447813777,5.911782477107904
6H,VALIDATION,OB,CAUSAL_DNO_QUANTILE_80_20_CONTROL_V1,FORECAST_REALIZATION,5,124,N_GE_100,0.4838709677419355,0.3977251649074819,0.570986115301777,0.4979946524064171,-0.014123684664481606,-0.028361117124918733,0.005375931156968164,0.0014360337592632666,-0.0020820042587119353,0.01388200324331029,3.6994966627254646,2.3794422203294867,3.1044458965288557,4.359320739942375,5.135083159401613,3.756805528555353,4.341803447813777,5.911782477107904
6H,VALIDATION,OB,CAUSAL_DNO_QUANTILE_80_20_CONTROL_V1,FORECAST_REALIZATION,10,124,N_GE_100,0.4274193548387097,0.343816476111844,0.5153842848298212,0.4922870556673374,-0.0648677008286277,-0.13176804078403803,0.01076874927098203,0.009246402785297425,0.00012445565299920922,0.021073660254817956,3.6994966627254646,2.3794422203294867,3.1044458965288557,4.359320739942375,5.135083159401613,3.756805528555353,4.341803447813777,5.911782477107904
6H,VALIDATION,OB,PROJECT_DYNAMIC_EXTREMA_V1,FORECAST_REALIZATION,1,128,N_GE_100,0.4765625,0.3919872293426451,0.5625036142150788,0.49666666666666665,-0.020104166666666645,-0.040478187919463005,0.0022391784146153313,0.0009096521706383198,-0.001113657960644046,0.005719383400491272,3.33624588674171,2.481371187337773,2.807387089852231,3.9560875088576886,5.182186029503746,3.592602768662353,4.321007043581781,6.139456534195368
6H,VALIDATION,OB,PROJECT_DYNAMIC_EXTREMA_V1,FORECAST_REALIZATION,3,128,N_GE_100,0.4375,0.35462168452480924,0.5240205649624543,0.5033377837116155,-0.06583778371161553,-0.1308023872679046,0.0060439253706264144,0.0021054871830088473,0.0009560680407273079,0.011160142652414388,3.33624588674171,2.481371187337773,2.807387089852231,3.9560875088576886,5.182186029503746,3.592602768662353,4.321007043581781,6.139456534195368
6H,VALIDATION,OB,PROJECT_DYNAMIC_EXTREMA_V1,FORECAST_REALIZATION,5,128,N_GE_100,0.4765625,0.3919872293426451,0.5625036142150788,0.4979946524064171,-0.021432152406417104,-0.04303691275167787,0.005444582972177797,0.0008904986444280283,-0.001984912383562966,0.01232521763787416,3.33624588674171,2.481371187337773,2.807387089852231,3.9560875088576886,5.182186029503746,3.592602768662353,4.321007043581781,6.139456534195368
6H,VALIDATION,OB,PROJECT_DYNAMIC_EXTREMA_V1,FORECAST_REALIZATION,10,128,N_GE_100,0.421875,0.3398196990498745,0.5084831128092049,0.4922870556673374,-0.07041205566733738,-0.14303048365122617,0.014902175998287926,0.010341113295452842,0.004125315671960138,0.025231606976168254,3.33624588674171,2.481371187337773,2.807387089852231,3.9560875088576886,5.182186029503746,3.592602768662353,4.321007043581781,6.139456534195368
6H,VALIDATION,OS,ATR_1X_PRICE_BAND_CONTROL_V1,FORECAST_REALIZATION,1,83,N_30_99,0.5783132530120482,0.4709262842089882,0.6787715564572362,0.5033333333333333,0.07497991967871487,0.14896672783850629,3.740690403590123e-06,0.004324518736726679,-0.004556564658125882,0.003488569210307014,4.799217086545096,3.1848668234205713,3.890598828961769,5.792111932546044,5.637617346327693,3.2251103658481868,4.228269215503021,7.201533506127809
6H,VALIDATION,OS,ATR_1X_PRICE_BAND_CONTROL_V1,FORECAST_REALIZATION,3,83,N_30_99,0.5180722891566265,0.4121756969766282,0.6223699585617313,0.49666221628838453,0.02141007286824198,0.043107915533100005,-0.005136678578559353,0.00019415368977671044,-0.014916959089792724,0.002706568601853268,4.799217086545096,3.1848668234205713,3.890598828961769,5.792111932546044,5.637617346327693,3.2251103658481868,4.228269215503021,7.201533506127809
6H,VALIDATION,OS,ATR_1X_PRICE_BAND_CONTROL_V1,FORECAST_REALIZATION,5,83,N_30_99,0.5903614457831325,0.48285572426842,0.6898725534233776,0.5020053475935828,0.0883560981895497,0.17600628880368352,-0.0016913394857527057,0.005210598309520531,-0.01305845386344139,0.009072185862743824,4.799217086545096,3.1848668234205713,3.890598828961769,5.792111932546044,5.637617346327693,3.2251103658481868,4.228269215503021,7.201533506127809
6H,VALIDATION,OS,ATR_1X_PRICE_BAND_CONTROL_V1,FORECAST_REALIZATION,10,83,N_30_99,0.5783132530120482,0.4709262842089882,0.6787715564572362,0.5077129443326627,0.07060030867938549,0.13905556174499845,-0.00012378543671522833,0.011217553227290011,-0.017028902219334955,0.016899043273610262,4.799217086545096,3.1848668234205713,3.890598828961769,5.792111932546044,5.637617346327693,3.2251103658481868,4.228269215503021,7.201533506127809
6H,VALIDATION,OS,CAUSAL_DNO_QUANTILE_80_20_CONTROL_V1,FORECAST_REALIZATION,1,123,N_GE_100,0.6016260162601627,0.5132936289239914,0.6838025918742326,0.5033333333333333,0.09829268292682936,0.1952834760135682,0.0007568779475325497,0.0030770782889426584,-0.002660143693239498,0.0038758236786839524,4.758953861086265,3.629928079225811,4.031640034437888,5.574134489896177,5.339179254216836,3.19022668947819,4.284463868638666,6.627909324720082
6H,VALIDATION,OS,CAUSAL_DNO_QUANTILE_80_20_CONTROL_V1,FORECAST_REALIZATION,3,123,N_GE_100,0.5528455284552846,0.4647023677965987,0.6377876670184777,0.49666221628838453,0.056183312166900035,0.11312177637905418,-0.0009102901321327466,0.0010542200911873856,-0.0076470078661776885,0.004928781712110076,4.758953861086265,3.629928079225811,4.031640034437888,5.574134489896177,5.339179254216836,3.19022668947819,4.284463868638666,6.627909324720082
6H,VALIDATION,OS,CAUSAL_DNO_QUANTILE_80_20_CONTROL_V1,FORECAST_REALIZATION,5,123,N_GE_100,0.5691056910569106,0.4808071908005235,0.6532182393422689,0.5020053475935828,0.06710034346332772,0.1336645989629004,0.0017181010403932166,0.003054658504844099,-0.0071063068632020625,0.009418737734029285,4.758953861086265,3.629928079225811,4.031640034437888,5.574134489896177,5.339179254216836,3.19022668947819,4.284463868638666,6.627909324720082
6H,VALIDATION,OS,CAUSAL_DNO_QUANTILE_80_20_CONTROL_V1,FORECAST_REALIZATION,10,123,N_GE_100,0.5284552845528455,0.44071500414036036,0.6144719376831423,0.5077129443326627,0.020742340220182842,0.0408544640268067,-0.004207310796917726,0.0011287855931585433,-0.018814727359620764,0.008670260931078935,4.758953861086265,3.629928079225811,4.031640034437888,5.574134489896177,5.339179254216836,3.19022668947819,4.284463868638666,6.627909324720082
6H,VALIDATION,OS,PROJECT_DYNAMIC_EXTREMA_V1,FORECAST_REALIZATION,1,114,N_GE_100,0.5964912280701754,0.5047098907900662,0.6819813964972754,0.5033333333333333,0.0931578947368421,0.1850819100731962,-8.589562344196235e-05,0.0029268534575115357,-0.0031812543136942933,0.003437873185572779,4.556290288560538,3.2224497285400053,3.8242416102813723,5.322549114936808,5.441069070659963,3.2387401223571897,4.259363799540845,6.679470754368517
6H,VALIDATION,OS,PROJECT_DYNAMIC_EXTREMA_V1,FORECAST_REALIZATION,3,114,N_GE_100,0.5263157894736842,0.4353020195230544,0.615613786100766,0.49666221628838453,0.029653573185299653,0.05970571590265972,-0.002807303958158224,0.0005311953413158488,-0.009003793698570567,0.002698828992423929,4.556290288560538,3.2224497285400053,3.8242416102813723,5.322549114936808,5.441069070659963,3.2387401223571897,4.259363799540845,6.679470754368517
6H,VALIDATION,OS,PROJECT_DYNAMIC_EXTREMA_V1,FORECAST_REALIZATION,5,114,N_GE_100,0.5614035087719298,0.4697858335407131,0.6490177129148679,0.5020053475935828,0.05939816117834695,0.118321769804004,0.000989282819223745,0.003188460847910246,-0.007606746485726499,0.00985101392572807,4.556290288560538,3.2224497285400053,3.8242416102813723,5.322549114936808,5.441069070659963,3.2387401223571897,4.259363799540845,6.679470754368517
6H,VALIDATION,OS,PROJECT_DYNAMIC_EXTREMA_V1,FORECAST_REALIZATION,10,114,N_GE_100,0.5087719298245614,0.41822248317802435,0.5987494520299159,0.5077129443326627,0.0010589854918987562,0.0020857957310713715,-0.008370034567683217,0.0007648423293018514,-0.0214081455006401,0.005957861845701272,4.556290288560538,3.2224497285400053,3.8242416102813723,5.322549114936808,5.441069070659963,3.2387401223571897,4.259363799540845,6.679470754368517
8H,DISCOVERY,OB,ATR_1X_PRICE_BAND_CONTROL_V1,FORECAST_REALIZATION,1,215,N_GE_100,0.4186046511627907,0.354655328301763,0.48541164251183005,0.48043864848844103,-0.061833997325650314,-0.12870321220033565,0.0038821147654101414,0.0028259007186712815,0.0005520352043148161,0.0073781458527662136,6.048446869077084,4.5878131100026875,5.263012013963673,6.907432665694965,7.982862406037033,5.685202230765066,7.021060233467542,8.87568595881957
8H,DISCOVERY,OB,ATR_1X_PRICE_BAND_CONTROL_V1,FORECAST_REALIZATION,3,215,N_GE_100,0.44651162790697674,0.38157781139580943,0.513323340853123,0.46174377224199287,-0.015232144335016129,-0.03298830487968807,0.004969010587276649,0.0045882637044194485,-0.0023637043899866175,0.011810034874112328,6.048446869077084,4.5878131100026875,5.263012013963673,6.907432665694965,7.982862406037033,5.685202230765066,7.021060233467542,8.87568595881957
8H,DISCOVERY,OB,ATR_1X_PRICE_BAND_CONTROL_V1,FORECAST_REALIZATION,5,215,N_GE_100,0.42790697674418604,0.36360630953261086,0.4947387217594287,0.457566765578635,-0.029659788834448975,-0.06482067987814077,0.012294620815209645,0.010405021195939002,0.00258713496252547,0.021695951205652892,6.048446869077084,4.5878131100026875,5.263012013963673,6.907432665694965,7.982862406037033,5.685202230765066,7.021060233467542,8.87568595881957
8H,DISCOVERY,OB,ATR_1X_PRICE_BAND_CONTROL_V1,FORECAST_REALIZATION,10,215,N_GE_100,0.44651162790697674,0.38157781139580943,0.513323340853123,0.45052005943536405,-0.004008431528387313,-0.008897343069276586,0.0182541173705604,0.00658866820106252,0.006140847622355996,0.03071960798518018,6.048446869077084,4.5878131100026875,5.263012013963673,6.907432665694965,7.982862406037033,5.685202230765066,7.021060233467542,8.87568595881957
8H,DISCOVERY,OB,CAUSAL_DNO_QUANTILE_80_20_CONTROL_V1,FORECAST_REALIZATION,1,335,N_GE_100,0.4716417910447761,0.41880929206696915,0.525117309625385,0.48043864848844103,-0.00879685744366493,-0.018310053679781335,0.002603346365933939,0.0010696144101056682,0.0003566006917425403,0.005164096535536863,5.359805234249831,3.9730503853460246,4.828220680206353,5.860679622585675,7.379308481705313,5.842443400506349,6.776193998995944,8.05193893851862
8H,DISCOVERY,OB,CAUSAL_DNO_QUANTILE_80_20_CONTROL_V1,FORECAST_REALIZATION,3,335,N_GE_100,0.43582089552238806,0.3837451737675897,0.4893518721677382,0.46174377224199287,-0.025922876719604804,-0.05614125902280498,0.007543501482265913,0.005132401071109793,0.003061949281871047,0.01243331835316963,5.359805234249831,3.9730503853460246,4.828220680206353,5.860679622585675,7.379308481705313,5.842443400506349,6.776193998995944,8.05193893851862
8H,DISCOVERY,OB,CAUSAL_DNO_QUANTILE_80_20_CONTROL_V1,FORECAST_REALIZATION,5,335,N_GE_100,0.42388059701492536,0.37211835166332324,0.47736884235299587,0.457566765578635,-0.03368616856370965,-0.07362022571965077,0.010715628710786575,0.009421742184529514,0.0046415114562605095,0.0169008375370999,5.359805234249831,3.9730503853460246,4.828220680206353,5.860679622585675,7.379308481705313,5.842443400506349,6.776193998995944,8.05193893851862
8H,DISCOVERY,OB,CAUSAL_DNO_QUANTILE_80_20_CONTROL_V1,FORECAST_REALIZATION,10,335,N_GE_100,0.41194029850746267,0.3605226135600167,0.46535472853729365,0.45052005943536405,-0.038579760927901385,-0.08563383609656205,0.01849691843491564,0.015303703065051577,0.010142552502882455,0.026757263314519525,5.359805234249831,3.9730503853460246,4.828220680206353,5.860679622585675,7.379308481705313,5.842443400506349,6.776193998995944,8.05193893851862
8H,DISCOVERY,OB,PROJECT_DYNAMIC_EXTREMA_V1,FORECAST_REALIZATION,1,288,N_GE_100,0.4652777777777778,0.40850577925272213,0.5229638947073988,0.48043864848844103,-0.015160870710663243,-0.03155630954828981,0.00270656108050667,0.001581992870973159,-4.7368524820402324e-05,0.005097023424235036,5.864796445706294,4.0249180024061,5.270786733727509,6.546625493146994,7.538121705455272,5.682759635858094,6.7950286139509055,8.196386227300922
8H,DISCOVERY,OB,PROJECT_DYNAMIC_EXTREMA_V1,FORECAST_REALIZATION,3,288,N_GE_100,0.4305555555555556,0.37465258652921607,0.4882867613910258,0.46174377224199287,-0.031188216686437287,-0.06754442303575248,0.007731021242276013,0.005998490598221773,0.002503867608701966,0.013594910326245371,5.864796445706294,4.0249180024061,5.270786733727509,6.546625493146994,7.538121705455272,5.682759635858094,6.7950286139509055,8.196386227300922
8H,DISCOVERY,OB,PROJECT_DYNAMIC_EXTREMA_V1,FORECAST_REALIZATION,5,288,N_GE_100,0.3993055555555556,0.34442501780798734,0.45683703667636316,0.457566765578635,-0.058261210023079435,-0.12732832540711914,0.012923072572193732,0.00885617426981744,0.005956440365148238,0.020592765240484714,5.864796445706294,4.0249180024061,5.270786733727509,6.546625493146994,7.538121705455272,5.682759635858094,6.7950286139509055,8.196386227300922
8H,DISCOVERY,OB,PROJECT_DYNAMIC_EXTREMA_V1,FORECAST_REALIZATION,10,288,N_GE_100,0.4270833333333333,0.37128260508135985,0.48480371023489394,0.45052005943536405,-0.023436726102030736,-0.05202149296394021,0.01606088719417246,0.011395208503851895,0.005141519788984301,0.026586212809988893,5.864796445706294,4.0249180024061,5.270786733727509,6.546625493146994,7.538121705455272,5.682759635858094,6.7950286139509055,8.196386227300922
8H,DISCOVERY,OS,ATR_1X_PRICE_BAND_CONTROL_V1,FORECAST_REALIZATION,1,165,N_GE_100,0.5212121212121212,0.4453758760422212,0.5960831008923732,0.518968583283936,0.002243537928185213,0.004323070799369999,-0.0032248189743342742,0.0011779792437074388,-0.009773935792684794,0.0037482490613643445,6.914836941287908,4.953066692969064,6.057483279795225,7.9307211729218405,8.10181950844688,4.927231172583863,6.791781515822513,9.439949882824036
8H,DISCOVERY,OS,ATR_1X_PRICE_BAND_CONTROL_V1,FORECAST_REALIZATION,3,165,N_GE_100,0.6303030303030303,0.5544641055856944,0.7002124670125277,0.5379596678529063,0.09234336245012398,0.17165480605392403,0.006073543034944878,0.010120608285264954,-0.0030781265542966963,0.014292436657275177,6.914836941287908,4.953066692969064,6.057483279795225,7.9307211729218405,8.10181950844688,4.927231172583863,6.791781515822513,9.439949882824036
8H,DISCOVERY,OS,ATR_1X_PRICE_BAND_CONTROL_V1,FORECAST_REALIZATION,5,165,N_GE_100,0.5757575757575758,0.4994647229488726,0.6486030518175356,0.5421364985163205,0.03362107724125529,0.062015889602096586,0.005685927478258172,0.005981107226769922,-0.004971122698020886,0.015322880732007847,6.914836941287908,4.953066692969064,6.057483279795225,7.9307211729218405,8.10181950844688,4.927231172583863,6.791781515822513,9.439949882824036
8H,DISCOVERY,OS,ATR_1X_PRICE_BAND_CONTROL_V1,FORECAST_REALIZATION,10,164,N_GE_100,0.573170731707317,0.4966473087688765,0.646344655082755,0.549479940564636,0.023690791142681022,0.0431149335830836,0.0025783061553078307,0.01004408387533029,-0.011158887560622452,0.017229223889679835,6.918281900764542,4.942448396300998,5.957822336023572,7.833597661527552,8.141931130470029,4.999889527092857,6.847993287676012,9.630018042113257
8H,DISCOVERY,OS,CAUSAL_DNO_QUANTILE_80_20_CONTROL_V1,FORECAST_REALIZATION,1,298,N_GE_100,0.5536912751677853,0.4969224747876634,0.6090933957881618,0.518968583283936,0.034722691883849244,0.06690711731359644,-0.0006829198065482796,0.0026603571951461236,-0.004171722141087699,0.003053115611769598,7.205160420080608,5.120014456664183,6.408165978229004,7.979408172234834,7.338876286685358,4.742298339318311,6.4286674613126005,8.104549435202554
8H,DISCOVERY,OS,CAUSAL_DNO_QUANTILE_80_20_CONTROL_V1,FORECAST_REALIZATION,3,298,N_GE_100,0.587248322147651,0.530584754110348,0.6416910355753679,0.5379596678529063,0.049288654294744716,0.09162146763058399,0.0013350773156559604,0.006942717599599413,-0.0049812211353393206,0.0073106588002956946,7.205160420080608,5.120014456664183,6.408165978229004,7.979408172234834,7.338876286685358,4.742298339318311,6.4286674613126005,8.104549435202554
8H,DISCOVERY,OS,CAUSAL_DNO_QUANTILE_80_20_CONTROL_V1,FORECAST_REALIZATION,5,298,N_GE_100,0.5704697986577181,0.5137213035428513,0.6254245265879191,0.5421364985163205,0.028333300141397566,0.05226229965873541,0.006069591287541595,0.0050896962328649265,-0.0004898607676797714,0.014031040911466971,7.205160420080608,5.120014456664183,6.408165978229004,7.979408172234834,7.338876286685358,4.742298339318311,6.4286674613126005,8.104549435202554
8H,DISCOVERY,OS,CAUSAL_DNO_QUANTILE_80_20_CONTROL_V1,FORECAST_REALIZATION,10,298,N_GE_100,0.5973154362416108,0.5407342684486484,0.651419496970035,0.549479940564636,0.04783549567697476,0.08705594535047045,0.01331790184599039,0.014090149255599926,0.0027300084451903016,0.023886411508870137,7.205160420080608,5.120014456664183,6.408165978229004,7.979408172234834,7.338876286685358,4.742298339318311,6.4286674613126005,8.104549435202554
8H,DISCOVERY,OS,PROJECT_DYNAMIC_EXTREMA_V1,FORECAST_REALIZATION,1,226,N_GE_100,0.5176991150442478,0.4528015749340677,0.5820050049017844,0.518968583283936,-0.0012694682396882095,-0.0024461369735625516,0.0007247579721422194,0.0014329052451124147,-0.0032023290198037275,0.0045772850641300706,7.022903492531381,4.958169462495156,6.264067482281586,7.866609848388489,7.418301962885584,5.082936389393146,6.435507917829565,8.527679984881853
8H,DISCOVERY,OS,PROJECT_DYNAMIC_EXTREMA_V1,FORECAST_REALIZATION,3,226,N_GE_100,0.584070796460177,0.5189288974813233,0.6464023567389745,0.5379596678529063,0.046111128607270735,0.08571484325452983,0.0038494174919695124,0.004446706596343608,-0.0030289518562051448,0.010653545381288742,7.022903492531381,4.958169462495156,6.264067482281586,7.866609848388489,7.418301962885584,5.082936389393146,6.435507917829565,8.527679984881853
8H,DISCOVERY,OS,PROJECT_DYNAMIC_EXTREMA_V1,FORECAST_REALIZATION,5,226,N_GE_100,0.5398230088495575,0.4747177678777475,0.6035970367529198,0.5421364985163205,-0.0023134896667630356,-0.004267356418714563,0.0059707681161193,0.0033983007362361484,-0.0021635065082667463,0.014707949408191891,7.022903492531381,4.958169462495156,6.264067482281586,7.866609848388489,7.418301962885584,5.082936389393146,6.435507917829565,8.527679984881853
8H,DISCOVERY,OS,PROJECT_DYNAMIC_EXTREMA_V1,FORECAST_REALIZATION,10,225,N_GE_100,0.56,0.49467037834139044,0.6233151627490408,0.549479940564636,0.010520059435364049,0.019145484045429928,0.0077807795444733464,0.011388335979451769,-0.005345481916755624,0.02043513882358779,7.025894780999877,4.953066692969064,6.165591785306392,7.8801111118270475,7.444501022735517,5.093324897184441,6.529300810918635,8.505239929825882
8H,VALIDATION,OB,ATR_1X_PRICE_BAND_CONTROL_V1,FORECAST_REALIZATION,1,73,N_30_99,0.4246575342465753,0.31784011426782005,0.5390082595297062,0.48576512455516013,-0.061107590308584814,-0.12579657785137244,0.005979769698957995,0.003391612124397314,0.000698920318173095,0.011119941925108916,3.5124298349706504,2.5916103387236036,2.691287067404388,4.461232130557316,7.367606218737931,5.831438236646651,6.016686899394213,8.906560592485572
8H,VALIDATION,OB,ATR_1X_PRICE_BAND_CONTROL_V1,FORECAST_REALIZATION,3,73,N_30_99,0.4657534246575342,0.3559185287228166,0.5790125502760589,0.5089126559714795,-0.04315923131394528,-0.08480675575174534,0.010873646643152723,0.001872366983928897,0.0018936957876457138,0.01943050473957523,3.5124298349706504,2.5916103387236036,2.691287067404388,4.461232130557316,7.367606218737931,5.831438236646651,6.016686899394213,8.906560592485572
8H,VALIDATION,OB,ATR_1X_PRICE_BAND_CONTROL_V1,FORECAST_REALIZATION,5,73,N_30_99,0.410958904109589,0.30531095731906,0.5255098480780166,0.5017857142857143,-0.09082681017612526,-0.18100716618729584,0.02321924160562304,0.011752584520815734,0.011757438170812309,0.03481500429692041,3.5124298349706504,2.5916103387236036,2.691287067404388,4.461232130557316,7.367606218737931,5.831438236646651,6.016686899394213,8.906560592485572
8H,VALIDATION,OB,ATR_1X_PRICE_BAND_CONTROL_V1,FORECAST_REALIZATION,10,72,N_30_99,0.3055555555555556,0.21126482045921047,0.4195446561341104,0.47533632286995514,-0.16978076731439956,-0.3571802935010482,0.02838797786345082,0.01122602578064602,0.010291651067460647,0.046306586567052804,3.558254577990736,2.593994368134224,2.7295072979563204,4.453933469826595,7.42782890142732,5.904507226159055,6.018581390098984,9.091240841040715
8H,VALIDATION,OB,CAUSAL_DNO_QUANTILE_80_20_CONTROL_V1,FORECAST_REALIZATION,1,96,N_30_99,0.5,0.40192229167030874,0.5980777083296912,0.48576512455516013,0.014234875444839867,0.029304029304029422,0.002447638780793269,0.00024944980714780574,-0.001326498286486301,0.006790768633519651,4.298287877605941,2.9781449201194055,3.520281665892388,5.285798080194171,5.5799216472526,3.8167310759541158,4.484393125524856,6.866813868151672
8H,VALIDATION,OB,CAUSAL_DNO_QUANTILE_80_20_CONTROL_V1,FORECAST_REALIZATION,3,96,N_30_99,0.5208333333333334,0.42203591721406514,0.618027543307401,0.5089126559714795,0.01192067736185387,0.023423817863397645,0.0032447160891510445,-0.0017333133390208255,-0.0044376849966776405,0.01165979013363504,4.298287877605941,2.9781449201194055,3.520281665892388,5.285798080194171,5.5799216472526,3.8167310759541158,4.484393125524856,6.866813868151672
8H,VALIDATION,OB,CAUSAL_DNO_QUANTILE_80_20_CONTROL_V1,FORECAST_REALIZATION,5,96,N_30_99,0.4479166666666667,0.35235593933641585,0.5474854093599193,0.5017857142857143,-0.053869047619047594,-0.10735468564650053,0.005699866951224757,0.002486827640538869,-0.0030518301227015127,0.015274746601330625,4.298287877605941,2.9781449201194055,3.520281665892388,5.285798080194171,5.5799216472526,3.8167310759541158,4.484393125524856,6.866813868151672
8H,VALIDATION,OB,CAUSAL_DNO_QUANTILE_80_20_CONTROL_V1,FORECAST_REALIZATION,10,96,N_30_99,0.46875,0.3720590570105098,0.5678457522072913,0.47533632286995514,-0.006586322869955141,-0.01385613207547165,0.008271285858084449,0.0012749498062485376,-0.005168131060735782,0.021015337129265156,4.298287877605941,2.9781449201194055,3.520281665892388,5.285798080194171,5.5799216472526,3.8167310759541158,4.484393125524856,6.866813868151672
8H,VALIDATION,OB,PROJECT_DYNAMIC_EXTREMA_V1,FORECAST_REALIZATION,1,79,N_30_99,0.45569620253164556,0.35048276758066016,0.5650186230250259,0.48576512455516013,-0.030068922023514577,-0.06190012519126442,0.0032863046442721264,0.001236909375772921,-0.0014116282403428644,0.0075248655694971885,4.22584730646134,3.1723711963414045,3.426034312444362,5.086458018837866,6.441498078468675,4.446664392573461,5.128499064125398,7.818108014429122
8H,VALIDATION,OB,PROJECT_DYNAMIC_EXTREMA_V1,FORECAST_REALIZATION,3,79,N_30_99,0.4936708860759494,0.38630084542959936,0.6016279246569272,0.5089126559714795,-0.01524176989553011,-0.02994967744795929,0.005446548905946163,0.0008771502363431605,-0.0017238510475187977,0.012743327961043535,4.22584730646134,3.1723711963414045,3.426034312444362,5.086458018837866,6.441498078468675,4.446664392573461,5.128499064125398,7.818108014429122
8H,VALIDATION,OB,PROJECT_DYNAMIC_EXTREMA_V1,FORECAST_REALIZATION,5,79,N_30_99,0.4430379746835443,0.33867609150989586,0.5526828392688433,0.5017857142857143,-0.05874773960217,-0.11707734582638862,0.011216498739460803,0.0016296296296296475,0.0014378863317097586,0.02106383856752146,4.22584730646134,3.1723711963414045,3.426034312444362,5.086458018837866,6.441498078468675,4.446664392573461,5.128499064125398,7.818108014429122
8H,VALIDATION,OB,PROJECT_DYNAMIC_EXTREMA_V1,FORECAST_REALIZATION,10,79,N_30_99,0.4430379746835443,0.33867609150989586,0.5526828392688433,0.47533632286995514,-0.032298348186410863,-0.0679484117506568,0.01620310379482821,0.002503012885881173,0.0005281390227166904,0.032319868600480445,4.22584730646134,3.1723711963414045,3.426034312444362,5.086458018837866,6.441498078468675,4.446664392573461,5.128499064125398,7.818108014429122
8H,VALIDATION,OS,ATR_1X_PRICE_BAND_CONTROL_V1,FORECAST_REALIZATION,1,59,N_30_99,0.4406779661016949,0.3215001223396273,0.5671086972957734,0.5142348754448398,-0.0735569093431449,-0.14304146384376282,-0.006450627039587572,-0.0013882015720098062,-0.013207610698703206,-0.00027710821419145833,5.624258311303545,3.9799683711122884,4.313353031049328,7.029768522032267,7.5764984097154,4.203088076720109,5.4172160029187,9.866720947915537
8H,VALIDATION,OS,ATR_1X_PRICE_BAND_CONTROL_V1,FORECAST_REALIZATION,3,59,N_30_99,0.5423728813559322,0.4165761502342809,0.6629889785975757,0.49019607843137253,0.05217680292455967,0.1064406779661018,-0.004863872677805817,0.0024035125348540465,-0.018006159994213795,0.008245155447396865,5.624258311303545,3.9799683711122884,4.313353031049328,7.029768522032267,7.5764984097154,4.203088076720109,5.4172160029187,9.866720947915537
8H,VALIDATION,OS,ATR_1X_PRICE_BAND_CONTROL_V1,FORECAST_REALIZATION,5,59,N_30_99,0.4406779661016949,0.3215001223396273,0.5671086972957734,0.4982142857142857,-0.057536319612590814,-0.1154850859607558,-0.009875117359330594,-0.004028224318063822,-0.026357569960056323,0.007066562135757601,5.624258311303545,3.9799683711122884,4.313353031049328,7.029768522032267,7.5764984097154,4.203088076720109,5.4172160029187,9.866720947915537
8H,VALIDATION,OS,ATR_1X_PRICE_BAND_CONTROL_V1,FORECAST_REALIZATION,10,59,N_30_99,0.5423728813559322,0.4165761502342809,0.6629889785975757,0.5246636771300448,0.0177092042258874,0.0337534405331017,-0.009011111176618364,0.0063262078465384786,-0.03510096720049823,0.015280533435699581,5.624258311303545,3.9799683711122884,4.313353031049328,7.029768522032267,7.5764984097154,4.203088076720109,5.4172160029187,9.866720947915537
8H,VALIDATION,OS,CAUSAL_DNO_QUANTILE_80_20_CONTROL_V1,FORECAST_REALIZATION,1,92,N_30_99,0.532608695652174,0.43140275849037324,0.6312005369470985,0.5142348754448398,0.018373820207334135,0.03573040469384692,-0.002527742621669248,0.0012934790555368947,-0.006799981887579373,0.001215961919658923,6.1265515036932126,4.127116343311722,5.101027676249562,7.20043325115194,6.166321887788523,3.5865557872929905,4.7001312659837415,7.9689581619228305
8H,VALIDATION,OS,CAUSAL_DNO_QUANTILE_80_20_CONTROL_V1,FORECAST_REALIZATION,3,92,N_30_99,0.6086956521739131,0.5065323092393207,0.7021453422189189,0.49019607843137253,0.11849957374254055,0.24173913043478268,0.0023798836967429743,0.004283121538088075,-0.006726956617023191,0.010938466552308205,6.1265515036932126,4.127116343311722,5.101027676249562,7.20043325115194,6.166321887788523,3.5865557872929905,4.7001312659837415,7.9689581619228305
8H,VALIDATION,OS,CAUSAL_DNO_QUANTILE_80_20_CONTROL_V1,FORECAST_REALIZATION,5,92,N_30_99,0.5869565217391305,0.48483148595056913,0.6821106352160224,0.4982142857142857,0.08874223602484477,0.17812061711079963,0.0008862102053214551,0.008559900492535633,-0.011924613272301186,0.012193276220081144,6.1265515036932126,4.127116343311722,5.101027676249562,7.20043325115194,6.166321887788523,3.5865557872929905,4.7001312659837415,7.9689581619228305
8H,VALIDATION,OS,CAUSAL_DNO_QUANTILE_80_20_CONTROL_V1,FORECAST_REALIZATION,10,92,N_30_99,0.5652173913043478,0.46332061916830214,0.6618859717066414,0.5246636771300448,0.04055371417430298,0.07729468599033806,0.003884535494295431,0.008674353954417069,-0.013014411252585597,0.019271349645560112,6.1265515036932126,4.127116343311722,5.101027676249562,7.20043325115194,6.166321887788523,3.5865557872929905,4.7001312659837415,7.9689581619228305
8H,VALIDATION,OS,PROJECT_DYNAMIC_EXTREMA_V1,FORECAST_REALIZATION,1,85,N_30_99,0.5647058823529412,0.4587719281568645,0.6650439418859984,0.5142348754448398,0.05047100690810136,0.09814777121921447,-0.003100171455277621,0.0013559363630228916,-0.007946693114649465,0.0012461004871196443,5.52113345801377,3.9869581617415344,4.53091669470137,6.7616739329783115,6.513565760173416,4.149988441838101,4.97795708908768,8.137297238953911
8H,VALIDATION,OS,PROJECT_DYNAMIC_EXTREMA_V1,FORECAST_REALIZATION,3,85,N_30_99,0.5647058823529412,0.4587719281568645,0.6650439418859984,0.49019607843137253,0.07450980392156864,0.15200000000000014,-0.0003317462993325941,0.0066142426692143985,-0.008833010165299828,0.008193540301044246,5.52113345801377,3.9869581617415344,4.53091669470137,6.7616739329783115,6.513565760173416,4.149988441838101,4.97795708908768,8.137297238953911
8H,VALIDATION,OS,PROJECT_DYNAMIC_EXTREMA_V1,FORECAST_REALIZATION,5,85,N_30_99,0.5411764705882353,0.4357614755911955,0.6430304417088081,0.4982142857142857,0.04296218487394954,0.0862323423993252,-0.004787029137136433,0.0021845624255263374,-0.016933410886334745,0.007082403907354835,5.52113345801377,3.9869581617415344,4.53091669470137,6.7616739329783115,6.513565760173416,4.149988441838101,4.97795708908768,8.137297238953911
8H,VALIDATION,OS,PROJECT_DYNAMIC_EXTREMA_V1,FORECAST_REALIZATION,10,85,N_30_99,0.5058823529411764,0.40166252134606184,0.609593466839653,0.5246636771300448,-0.018781324188868354,-0.03579688285570637,-0.005099283943768145,0.0005217861045290206,-0.024063920287584972,0.012156476536938389,5.52113345801377,3.9869581617415344,4.53091669470137,6.7616739329783115,6.513565760173416,4.149988441838101,4.97795708908768,8.137297238953911
