timeframe,split,direction,control_id,event_semantics,horizon,event_count,sample_flag,reversal_rate,reversal_wilson_lo,reversal_wilson_hi,base_rate,absolute_lift,relative_lift,forward_return_mean,forward_return_median,forward_return_mean_ci_lo,forward_return_mean_ci_hi,mfe_mean,mfe_median,mfe_mean_ci_lo,mfe_mean_ci_hi,mae_mean,mae_median,mae_mean_ci_lo,mae_mean_ci_hi
12H,DISCOVERY,OB,CAUSAL_DNO_QUANTILE_80_20_CONTROL_V1,STATE_BAND_CROSS,1,144,N_GE_100,0.4305555555555556,0.35252216241189166,0.5121979163751345,0.4753223654957759,-0.04476680994022031,-0.09418199771333535,0.00402356218167075,0.0037866607241329175,-0.0026602713905931738,0.009873844534469465,7.244374927534805,5.5198095710433,6.214194637389997,8.347555059948577,9.706068989536568,7.60322493979765,8.456308804787298,10.943124825024167
12H,DISCOVERY,OB,CAUSAL_DNO_QUANTILE_80_20_CONTROL_V1,STATE_BAND_CROSS,3,144,N_GE_100,0.4375,0.35914105544017205,0.5191070154681514,0.4712950600801068,-0.0337950600801068,-0.07170679886685549,0.011266999998244483,0.00723871354333161,0.0019265302303011782,0.02082323115430351,7.244374927534805,5.5198095710433,6.214194637389997,8.347555059948577,9.706068989536568,7.60322493979765,8.456308804787298,10.943124825024167
12H,DISCOVERY,OB,CAUSAL_DNO_QUANTILE_80_20_CONTROL_V1,STATE_BAND_CROSS,5,144,N_GE_100,0.4791666666666667,0.3991775402732238,0.5602384833628841,0.4552338530066815,0.023932813659985175,0.05257257012394012,0.013581505791981899,0.004506540148431659,0.0005102766735092766,0.02691400880017535,7.244374927534805,5.5198095710433,6.214194637389997,8.347555059948577,9.706068989536568,7.60322493979765,8.456308804787298,10.943124825024167
12H,DISCOVERY,OB,CAUSAL_DNO_QUANTILE_80_20_CONTROL_V1,STATE_BAND_CROSS,10,143,N_GE_100,0.4195804195804196,0.34183688468115886,0.5015317519994549,0.44375,-0.024169580419580394,-0.05446666010046286,0.023396305879052122,0.01555392516507692,0.005386516450112509,0.04095102101268918,7.227498019519735,5.371778414140415,6.2233686379466295,8.316218751217724,9.77011667930996,7.632266204994274,8.5303455971242,11.069004659060584
12H,DISCOVERY,OB,PROJECT_DYNAMIC_EXTREMA_V1,STATE_BAND_CROSS,1,141,N_GE_100,0.475177304964539,0.3945043568293785,0.5571669862101902,0.4753223654957759,-0.00014506053123686247,-0.0003051834749782101,0.004521563398146805,0.001382023069154359,-0.0011074548241375387,0.010748160608397197,7.51959078572392,5.7456714648934994,6.523895092615937,8.61488354302561,8.904550973551926,7.39376882002902,7.661956121764169,10.348909916413575
12H,DISCOVERY,OB,PROJECT_DYNAMIC_EXTREMA_V1,STATE_BAND_CROSS,3,141,N_GE_100,0.44680851063829785,0.3672400378434736,0.5291985543841736,0.4712950600801068,-0.024486549441808947,-0.05195587969380988,0.01300658831093019,0.007114941376891393,0.0040350712481620685,0.021586176787506378,7.51959078572392,5.7456714648934994,6.523895092615937,8.61488354302561,8.904550973551926,7.39376882002902,7.661956121764169,10.348909916413575
12H,DISCOVERY,OB,PROJECT_DYNAMIC_EXTREMA_V1,STATE_BAND_CROSS,5,141,N_GE_100,0.49645390070921985,0.41512088716989126,0.5779750189786187,0.4552338530066815,0.04122004770253834,0.09054697367142728,0.013144338653968008,0.0009828331804482282,0.003142895686492813,0.024200897052537286,7.51959078572392,5.7456714648934994,6.523895092615937,8.61488354302561,8.904550973551926,7.39376882002902,7.661956121764169,10.348909916413575
12H,DISCOVERY,OB,PROJECT_DYNAMIC_EXTREMA_V1,STATE_BAND_CROSS,10,140,N_GE_100,0.42857142857142855,0.3495830563292003,0.5113751087635129,0.44375,-0.01517857142857143,-0.03420523138832998,0.017542507798265054,0.013463368207295323,-0.00022915403877948992,0.03550895645224421,7.504318057238447,5.639205356623431,6.421210577288797,8.56864493522151,8.964245985134855,7.456787031889043,7.707348707928743,10.283963770390082
12H,DISCOVERY,OS,CAUSAL_DNO_QUANTILE_80_20_CONTROL_V1,STATE_BAND_CROSS,1,149,N_GE_100,0.5234899328859061,0.44371550158975537,0.6020835478836866,0.5246776345042241,-0.0011877016183180489,-0.0022636787623705468,-0.00483082365002414,0.00134300658005726,-0.0114434883273891,0.0019280547518882737,8.614292985619983,6.734312927774849,7.526167867596581,9.940634826758961,9.360591744837386,5.824740044009147,7.925747211838521,11.095540075022829
12H,DISCOVERY,OS,CAUSAL_DNO_QUANTILE_80_20_CONTROL_V1,STATE_BAND_CROSS,3,149,N_GE_100,0.5167785234899329,0.43713097681847984,0.5955826299482643,0.5282599020916778,-0.011481378601744918,-0.021734336746521365,-0.002014209875294046,0.0024330900243310083,-0.011525642849165605,0.00799175232619609,8.614292985619983,6.734312927774849,7.526167867596581,9.940634826758961,9.360591744837386,5.824740044009147,7.925747211838521,11.095540075022829
12H,DISCOVERY,OS,CAUSAL_DNO_QUANTILE_80_20_CONTROL_V1,STATE_BAND_CROSS,5,149,N_GE_100,0.5906040268456376,0.5103364560820506,0.6663170204583678,0.5443207126948775,0.046283314150760146,0.08502949285471084,0.006314574334141512,0.01235667625965009,-0.007004561797744823,0.019546355832225547,8.614292985619983,6.734312927774849,7.526167867596581,9.940634826758961,9.360591744837386,5.824740044009147,7.925747211838521,11.095540075022829
12H,DISCOVERY,OS,CAUSAL_DNO_QUANTILE_80_20_CONTROL_V1,STATE_BAND_CROSS,10,149,N_GE_100,0.5771812080536913,0.49689802489707047,0.6535845662299526,0.5558035714285714,0.021377636625119933,0.03846257513274587,0.012705858294491446,0.016099730411937463,-0.004560178495950243,0.032797544771457986,8.614292985619983,6.734312927774849,7.526167867596581,9.940634826758961,9.360591744837386,5.824740044009147,7.925747211838521,11.095540075022829
12H,DISCOVERY,OS,PROJECT_DYNAMIC_EXTREMA_V1,STATE_BAND_CROSS,1,115,N_GE_100,0.5217391304347826,0.4312223611420244,0.6108504483792206,0.5246776345042241,-0.0029385040694415165,-0.005600589535740608,-0.006792510785444806,0.001212622201575364,-0.013756962516208105,9.90943031112477e-05,7.920060903790117,6.370726249629804,6.818985487880324,9.131536212770298,9.2814300381514,5.146938105401409,7.581509663210783,11.348281978938887
12H,DISCOVERY,OS,PROJECT_DYNAMIC_EXTREMA_V1,STATE_BAND_CROSS,3,115,N_GE_100,0.5565217391304348,0.46535589607313604,0.6440334086821011,0.5282599020916778,0.028261837038756954,0.05349987179956761,0.002909034536424746,0.0068349421428144375,-0.006942860065099773,0.013306410064023465,7.920060903790117,6.370726249629804,6.818985487880324,9.131536212770298,9.2814300381514,5.146938105401409,7.581509663210783,11.348281978938887
12H,DISCOVERY,OS,PROJECT_DYNAMIC_EXTREMA_V1,STATE_BAND_CROSS,5,115,N_GE_100,0.5478260869565217,0.4567826246113187,0.6357775563354204,0.5443207126948775,0.003505374261644212,0.006439906069878321,0.0013659772051440567,0.009730764861487495,-0.012400629911475555,0.015276812627683779,7.920060903790117,6.370726249629804,6.818985487880324,9.131536212770298,9.2814300381514,5.146938105401409,7.581509663210783,11.348281978938887
12H,DISCOVERY,OS,PROJECT_DYNAMIC_EXTREMA_V1,STATE_BAND_CROSS,10,115,N_GE_100,0.5826086956521739,0.4912372597020915,0.6686394164786398,0.5558035714285714,0.026805124223602483,0.048227693382224546,0.006748564790378671,0.01645397773554169,-0.01259395076926781,0.02568799123007264,7.920060903790117,6.370726249629804,6.818985487880324,9.131536212770298,9.2814300381514,5.146938105401409,7.581509663210783,11.348281978938887
12H,VALIDATION,OB,CAUSAL_DNO_QUANTILE_80_20_CONTROL_V1,STATE_BAND_CROSS,1,47,N_30_99,0.40425531914893614,0.27639828961388174,0.5465813176368735,0.520694259012016,-0.1164389398630799,-0.2236224768139663,0.004638360730715705,0.0035335689045936647,-0.004890883222219253,0.013425884702105087,5.474854593027289,3.4251040941218323,3.9063973239951113,7.32000469779628,7.304846941438114,4.55619151449078,5.422868546033725,9.451450665162437
12H,VALIDATION,OB,CAUSAL_DNO_QUANTILE_80_20_CONTROL_V1,STATE_BAND_CROSS,3,47,N_30_99,0.44680851063829785,0.31410747474911305,0.5875478626124176,0.5033467202141901,-0.056538209575892284,-0.1123245812584881,0.006611840277977202,0.0035417889177633555,-0.004185943438373077,0.016948763463026623,5.474854593027289,3.4251040941218323,3.9063973239951113,7.32000469779628,7.304846941438114,4.55619151449078,5.422868546033725,9.451450665162437
12H,VALIDATION,OB,CAUSAL_DNO_QUANTILE_80_20_CONTROL_V1,STATE_BAND_CROSS,5,47,N_30_99,0.40425531914893614,0.27639828961388174,0.5465813176368735,0.4912751677852349,-0.08701984863629875,-0.1771305662132311,0.015391117156495694,0.011106568547288198,-0.0009257806360811647,0.03133429842044707,5.474854593027289,3.4251040941218323,3.9063973239951113,7.32000469779628,7.304846941438114,4.55619151449078,5.422868546033725,9.451450665162437
12H,VALIDATION,OB,CAUSAL_DNO_QUANTILE_80_20_CONTROL_V1,STATE_BAND_CROSS,10,46,N_30_99,0.5869565217391305,0.44339242387017885,0.7171160670289899,0.4635135135135135,0.12344300822561699,0.2663201926733427,0.010988944361828101,-0.003634960306597934,-0.015406005719811974,0.03709461886077351,5.586381806452895,3.5106910360792773,4.058243275478335,7.460256490721789,7.397744199619335,4.860267368677077,5.49161948507061,9.665256818310587
12H,VALIDATION,OB,PROJECT_DYNAMIC_EXTREMA_V1,STATE_BAND_CROSS,1,43,N_30_99,0.37209302325581395,0.2437613889377433,0.5214046173472684,0.520694259012016,-0.1486012357562021,-0.2853905784138343,0.004082085332385601,0.0035335689045936647,-0.002263427097027468,0.010671890964850031,5.5826925791238455,3.4251040941218323,3.800190892888161,7.36847654258682,6.963656971549947,4.488089990367506,5.063268047349366,9.104451619462383
12H,VALIDATION,OB,PROJECT_DYNAMIC_EXTREMA_V1,STATE_BAND_CROSS,3,43,N_30_99,0.46511627906976744,0.32510826263918563,0.6108461027112722,0.5033467202141901,-0.0382304411444227,-0.07595249876298871,0.008440956240657417,0.0035417889177633555,-0.000427373388556845,0.0190118647186373,5.5826925791238455,3.4251040941218323,3.800190892888161,7.36847654258682,6.963656971549947,4.488089990367506,5.063268047349366,9.104451619462383
12H,VALIDATION,OB,PROJECT_DYNAMIC_EXTREMA_V1,STATE_BAND_CROSS,5,43,N_30_99,0.3953488372093023,0.263651061984564,0.5442120340668091,0.4912751677852349,-0.09592633057593258,-0.19525988054390653,0.013580787598386651,0.011106568547288198,-0.0017938918993285662,0.029943421129585066,5.5826925791238455,3.4251040941218323,3.800190892888161,7.36847654258682,6.963656971549947,4.488089990367506,5.063268047349366,9.104451619462383
12H,VALIDATION,OB,PROJECT_DYNAMIC_EXTREMA_V1,STATE_BAND_CROSS,10,42,N_30_99,0.5714285714285714,0.42205977911874476,0.7088257048085178,0.4635135135135135,0.1079150579150579,0.23281965847563502,0.004130907007428049,-0.005057685115780752,-0.029761629674041227,0.034928864302730685,5.707409003020857,3.5106910360792773,3.983459365072594,7.665705120204752,7.057278016941566,4.522140752429143,5.138028759073307,9.227978280929506
12H,VALIDATION,OS,CAUSAL_DNO_QUANTILE_80_20_CONTROL_V1,STATE_BAND_CROSS,1,43,N_30_99,0.5116279069767442,0.36752063766074083,0.6538279072224399,0.47930574098798395,0.032322165988760254,0.06743538252251091,-0.0019252192060815148,0.001557580778790424,-0.008910929153575498,0.005278860505348977,6.324178113258786,5.1321138211382085,4.810457580452791,7.996318740787993,6.172305480089445,3.420690982786926,4.268833360199872,8.42156566781767
12H,VALIDATION,OS,CAUSAL_DNO_QUANTILE_80_20_CONTROL_V1,STATE_BAND_CROSS,3,43,N_30_99,0.6046511627906976,0.4557879659331908,0.7363489380154359,0.4966532797858099,0.10799788300488772,0.21745126308531293,0.002950717502065098,0.005283397425179803,-0.007878922161310104,0.012513961314863004,6.324178113258786,5.1321138211382085,4.810457580452791,7.996318740787993,6.172305480089445,3.420690982786926,4.268833360199872,8.42156566781767
12H,VALIDATION,OS,CAUSAL_DNO_QUANTILE_80_20_CONTROL_V1,STATE_BAND_CROSS,5,43,N_30_99,0.627906976744186,0.47859538265273166,0.7562386110622568,0.508724832214765,0.119182144529421,0.23427624716205453,0.0048698600008563525,0.012296648207956506,-0.017914077762813563,0.024498430776942616,6.324178113258786,5.1321138211382085,4.810457580452791,7.996318740787993,6.172305480089445,3.420690982786926,4.268833360199872,8.42156566781767
12H,VALIDATION,OS,CAUSAL_DNO_QUANTILE_80_20_CONTROL_V1,STATE_BAND_CROSS,10,43,N_30_99,0.6046511627906976,0.4557879659331908,0.7363489380154359,0.5364864864864864,0.06816467630421119,0.12705758303555736,0.0031601882800960774,0.016669453268684187,-0.02306702707437882,0.02856490603153977,6.324178113258786,5.1321138211382085,4.810457580452791,7.996318740787993,6.172305480089445,3.420690982786926,4.268833360199872,8.42156566781767
12H,VALIDATION,OS,PROJECT_DYNAMIC_EXTREMA_V1,STATE_BAND_CROSS,1,31,N_30_99,0.5483870967741935,0.37771879603669134,0.7083851716341388,0.47930574098798395,0.06908135578620955,0.1441279539940694,-0.0043259454755742895,0.003007278763887067,-0.012191178103895854,0.003727800600955629,6.094007235346696,4.75951009814259,4.087109819026889,8.214417367710148,7.646000953380137,5.398129873491432,5.041119879185353,10.974413117031528
12H,VALIDATION,OS,PROJECT_DYNAMIC_EXTREMA_V1,STATE_BAND_CROSS,3,31,N_30_99,0.5161290322580645,0.34840118286973176,0.6803001396872117,0.4966532797858099,0.01947575247225458,0.039213981392922204,-0.0042884878505134285,7.671385731211622e-05,-0.018235644846657368,0.008148424890327672,6.094007235346696,4.75951009814259,4.087109819026889,8.214417367710148,7.646000953380137,5.398129873491432,5.041119879185353,10.974413117031528
12H,VALIDATION,OS,PROJECT_DYNAMIC_EXTREMA_V1,STATE_BAND_CROSS,5,31,N_30_99,0.4838709677419355,0.3196998603127883,0.6515988171302683,0.508724832214765,-0.024853864472829557,-0.04885522172099743,-0.012882908165111362,-0.0030778912440287964,-0.043925231250910066,0.012826839265510323,6.094007235346696,4.75951009814259,4.087109819026889,8.214417367710148,7.646000953380137,5.398129873491432,5.041119879185353,10.974413117031528
12H,VALIDATION,OS,PROJECT_DYNAMIC_EXTREMA_V1,STATE_BAND_CROSS,10,31,N_30_99,0.5483870967741935,0.37771879603669134,0.7083851716341388,0.5364864864864864,0.011900610287707059,0.02218249776549941,-0.008026422359440535,0.0067039829164914355,-0.04130194631561519,0.025424910760073634,6.094007235346696,4.75951009814259,4.087109819026889,8.214417367710148,7.646000953380137,5.398129873491432,5.041119879185353,10.974413117031528
15m,DISCOVERY,OB,CAUSAL_DNO_QUANTILE_80_20_CONTROL_V1,STATE_BAND_CROSS,1,7218,N_GE_100,0.5380991964533112,0.52658050647151,0.549577353318713,0.4947807346326837,0.043318461820627485,0.08755082562538807,0.000164092638522726,-0.00030041093672195096,3.2612519544805864e-05,0.0002984645934909602,1.1258639422141246,0.7361277341689829,1.0954257454225629,1.1593423059266552,1.114193028221675,0.7113355964488937,1.0851715704683553,1.1432934206708754
15m,DISCOVERY,OB,CAUSAL_DNO_QUANTILE_80_20_CONTROL_V1,STATE_BAND_CROSS,3,7218,N_GE_100,0.5314491548905514,0.5199233148912089,0.5429415366447207,0.49188515526902676,0.03956399962152468,0.08043340848512881,0.00015091655632599495,-0.000415181751303062,-4.8128812006757804e-05,0.0003365141781975437,1.1258639422141246,0.7361277341689829,1.0954257454225629,1.1593423059266552,1.114193028221675,0.7113355964488937,1.0851715704683553,1.1432934206708754
15m,DISCOVERY,OB,CAUSAL_DNO_QUANTILE_80_20_CONTROL_V1,STATE_BAND_CROSS,5,7218,N_GE_100,0.5223053477417567,0.5107730245035856,0.5338139406826904,0.4909760485775329,0.031329299164223834,0.06381023932835794,0.00019624605543970558,-0.00037360925238349996,-4.6432504622550714e-05,0.0004367128812217186,1.1258639422141246,0.7361277341689829,1.0954257454225629,1.1593423059266552,1.114193028221675,0.7113355964488937,1.0851715704683553,1.1432934206708754
15m,DISCOVERY,OB,CAUSAL_DNO_QUANTILE_80_20_CONTROL_V1,STATE_BAND_CROSS,10,7216,N_GE_100,0.5174611973392461,0.5059254080493035,0.5289784047988898,0.4870725604670559,0.030388636872190233,0.0623903691947878,0.0001400228346264512,-0.0004136310792827169,-0.0002189419881639245,0.0004813748241614349,1.1260901216663075,0.7362755582614402,1.0929550969341124,1.1613807510224219,1.1143008400902543,0.7113355964488937,1.0822943094659139,1.1428557840036444
15m,DISCOVERY,OB,PROJECT_DYNAMIC_EXTREMA_V1,STATE_BAND_CROSS,1,6271,N_GE_100,0.5294211449529581,0.5170529893981379,0.5417532759265518,0.4947807346326837,0.03464041032027443,0.07001163928904952,0.00024471214206582775,-0.0002673201158387428,0.00010136281285110608,0.00038252761262747085,1.1230002483077237,0.740719931078399,1.0907016677936703,1.1605309387201883,1.1229832921573657,0.726082004555816,1.0918626569376333,1.154029597964701
15m,DISCOVERY,OB,PROJECT_DYNAMIC_EXTREMA_V1,STATE_BAND_CROSS,3,6271,N_GE_100,0.5273481103492266,0.5149783091453148,0.5396844252892883,0.49188515526902676,0.03546295508019981,0.07209600594838861,0.0002756908121025319,-0.0003307052124398302,5.5472957058834195e-05,0.00047257156425545174,1.1230002483077237,0.740719931078399,1.0907016677936703,1.1605309387201883,1.1229832921573657,0.726082004555816,1.0918626569376333,1.154029597964701
15m,DISCOVERY,OB,PROJECT_DYNAMIC_EXTREMA_V1,STATE_BAND_CROSS,5,6271,N_GE_100,0.5267102535480784,0.5143399889486436,0.5390478129043944,0.4909760485775329,0.035734204970545524,0.072781971898783,0.000277575608038909,-0.0004190825543327614,-1.1828127120499607e-05,0.0005538209615760165,1.1230002483077237,0.740719931078399,1.0907016677936703,1.1605309387201883,1.1229832921573657,0.726082004555816,1.0918626569376333,1.154029597964701
15m,DISCOVERY,OB,PROJECT_DYNAMIC_EXTREMA_V1,STATE_BAND_CROSS,10,6270,N_GE_100,0.512280701754386,0.49990435988387294,0.5246420041811682,0.4870725604670559,0.02520814128733012,0.05175438596491233,0.00015018014547388405,-0.00033579020852542163,-0.00023043161187721796,0.0005597536094199391,1.1231758666296208,0.7410016297642258,1.0882913725023706,1.1622260340259287,1.1229715980918349,0.7259696789031961,1.0901096931860697,1.1520884803145024
15m,DISCOVERY,OS,CAUSAL_DNO_QUANTILE_80_20_CONTROL_V1,STATE_BAND_CROSS,1,7713,N_GE_100,0.5603526513678205,0.5492481908968981,0.5713970222949859,0.5013399550224887,0.059012696345331794,0.11770994063835327,-9.489071706491697e-05,0.0005092634741441504,-0.00024218444781363323,2.7934472406708455e-05,1.127718910842248,0.7747865630609859,1.0996265055336196,1.1543881360555355,1.2630635484402704,0.7560071266913821,1.2238713508427577,1.2992135468180523
15m,DISCOVERY,OS,CAUSAL_DNO_QUANTILE_80_20_CONTROL_V1,STATE_BAND_CROSS,3,7713,N_GE_100,0.5573706728899261,0.5462598134285398,0.5684244117860869,0.5055379598568189,0.051832713033107214,0.1025298140772406,0.00015921476013439808,0.000729315374588646,-5.248010727818437e-05,0.0003775683476610557,1.127718910842248,0.7747865630609859,1.0996265055336196,1.1543881360555355,1.2630635484402704,0.7560071266913821,1.2238713508427577,1.2992135468180523
15m,DISCOVERY,OS,CAUSAL_DNO_QUANTILE_80_20_CONTROL_V1,STATE_BAND_CROSS,5,7713,N_GE_100,0.5565927654609102,0.5454803032675242,0.5676488816052094,0.5073466021964841,0.0492461632644261,0.09706611427221934,0.0004685527146085204,0.0009609084953046132,0.0001931686990480628,0.000727270574067042,1.127718910842248,0.7747865630609859,1.0996265055336196,1.1543881360555355,1.2630635484402704,0.7560071266913821,1.2238713508427577,1.2992135468180523
15m,DISCOVERY,OS,CAUSAL_DNO_QUANTILE_80_20_CONTROL_V1,STATE_BAND_CROSS,10,7713,N_GE_100,0.5547776481265396,0.5436615532105774,0.5658392041977386,0.5113156094498225,0.04346203867671716,0.08500041436928263,0.0008107244387282153,0.0012477962688999256,0.00044351668172451926,0.0011932548790210434,1.127718910842248,0.7747865630609859,1.0996265055336196,1.1543881360555355,1.2630635484402704,0.7560071266913821,1.2238713508427577,1.2992135468180523
15m,DISCOVERY,OS,PROJECT_DYNAMIC_EXTREMA_V1,STATE_BAND_CROSS,1,6329,N_GE_100,0.5648601674830147,0.5526100281888713,0.5770316164087135,0.5013399550224887,0.06352021246052597,0.1267008779654848,-8.421853267778055e-05,0.0005474452554745657,-0.00025339840492924346,8.239995655271973e-05,1.1546629646762019,0.7924484325836064,1.1193468756689606,1.1866430981602878,1.2596038828564553,0.7533445902065242,1.2129008589527375,1.307105223448557
15m,DISCOVERY,OS,PROJECT_DYNAMIC_EXTREMA_V1,STATE_BAND_CROSS,3,6329,N_GE_100,0.5642281561068099,0.5519763750751417,0.5764020135458526,0.5055379598568189,0.058690196249990945,0.11609453871003761,0.0003884583109113255,0.0007589623503769793,0.00011593957323415767,0.0006328124238164849,1.1546629646762019,0.7924484325836064,1.1193468756689606,1.1866430981602878,1.2596038828564553,0.7533445902065242,1.2129008589527375,1.307105223448557
15m,DISCOVERY,OS,PROJECT_DYNAMIC_EXTREMA_V1,STATE_BAND_CROSS,5,6329,N_GE_100,0.5582240480328646,0.5459576746352343,0.5704197822081519,0.5073466021964841,0.05087744583638054,0.10028143603626005,0.000611231904946703,0.0010061581729137181,0.00033315819039107607,0.0009479263752450903,1.1546629646762019,0.7924484325836064,1.1193468756689606,1.1866430981602878,1.2596038828564553,0.7533445902065242,1.2129008589527375,1.307105223448557
15m,DISCOVERY,OS,PROJECT_DYNAMIC_EXTREMA_V1,STATE_BAND_CROSS,10,6329,N_GE_100,0.5623321219781956,0.5500755366585834,0.57451308403264,0.5113156094498225,0.05101651252837314,0.09977499529745848,0.001038049761656495,0.0015143616096919832,0.0006447308364881396,0.0014678931716758884,1.1546629646762019,0.7924484325836064,1.1193468756689606,1.1866430981602878,1.2596038828564553,0.7533445902065242,1.2129008589527375,1.307105223448557
15m,VALIDATION,OB,CAUSAL_DNO_QUANTILE_80_20_CONTROL_V1,STATE_BAND_CROSS,1,2431,N_GE_100,0.5734265734265734,0.553665179195251,0.5929562683765336,0.496272808188696,0.07715376523787743,0.15546643693712414,5.714195739477748e-05,-0.0003645876058444575,-0.00014651010664825238,0.00024525956871643956,0.8325864325095546,0.5084242244196416,0.7891509607505278,0.874199679708045,0.9030651813006287,0.5030495751446562,0.8568596107973946,0.947850451478995
15m,VALIDATION,OB,CAUSAL_DNO_QUANTILE_80_20_CONTROL_V1,STATE_BAND_CROSS,3,2431,N_GE_100,0.5405183052241875,0.5206590677884165,0.5602496861937726,0.4973018080667594,0.043216497157428146,0.08690195059903472,0.00012895010333715106,-0.0003252432731778443,-0.00018454381078709232,0.00045873144061456267,0.8325864325095546,0.5084242244196416,0.7891509607505278,0.874199679708045,0.9030651813006287,0.5030495751446562,0.8568596107973946,0.947850451478995
15m,VALIDATION,OB,CAUSAL_DNO_QUANTILE_80_20_CONTROL_V1,STATE_BAND_CROSS,5,2431,N_GE_100,0.5520361990950227,0.5322012511291971,0.5717069456093504,0.49685657060198063,0.05517962849304203,0.11105745955253776,0.00020638146918135246,-0.0004931334897413375,-0.00019145193967365348,0.0006142699551577041,0.8325864325095546,0.5084242244196416,0.7891509607505278,0.874199679708045,0.9030651813006287,0.5030495751446562,0.8568596107973946,0.947850451478995
15m,VALIDATION,OB,CAUSAL_DNO_QUANTILE_80_20_CONTROL_V1,STATE_BAND_CROSS,10,2431,N_GE_100,0.5335252982311806,0.5136565025427814,0.5532883040516189,0.49995826725648945,0.0335670309746911,0.06713966579428621,0.0001863693735209495,-0.0005563565697092043,-0.0003369528843858021,0.0006921554810445504,0.8325864325095546,0.5084242244196416,0.7891509607505278,0.874199679708045,0.9030651813006287,0.5030495751446562,0.8568596107973946,0.947850451478995
15m,VALIDATION,OB,PROJECT_DYNAMIC_EXTREMA_V1,STATE_BAND_CROSS,1,2053,N_GE_100,0.5547978567949342,0.5332168792593989,0.5761741404477093,0.496272808188696,0.058525048606238195,0.11792918660976781,0.00016463687880326037,-0.00030111173622615617,-4.769653074595115e-05,0.00040216162928325837,0.8395914814476877,0.5160536501058988,0.7972838591465761,0.8871544501847755,0.9316015269384935,0.532616066870367,0.8815725085509546,0.9881451504896418
15m,VALIDATION,OB,PROJECT_DYNAMIC_EXTREMA_V1,STATE_BAND_CROSS,3,2053,N_GE_100,0.5528494885533366,0.5312630499406324,0.5742385112880007,0.4973018080667594,0.05554768048657721,0.1116981269433075,0.0001630006374914387,-0.00042289258528327434,-0.00016240821160619433,0.00046369959800080136,0.8395914814476877,0.5160536501058988,0.7972838591465761,0.8871544501847755,0.9316015269384935,0.532616066870367,0.8815725085509546,0.9881451504896418
15m,VALIDATION,OB,PROJECT_DYNAMIC_EXTREMA_V1,STATE_BAND_CROSS,5,2053,N_GE_100,0.5470043838285436,0.5254035587329371,0.5684296270602711,0.49685657060198063,0.05014781322656292,0.10093016011804967,0.0003223769013994595,-0.0004493877092461851,-5.3207732984048024e-05,0.0007147851894531427,0.8395914814476877,0.5160536501058988,0.7972838591465761,0.8871544501847755,0.9316015269384935,0.532616066870367,0.8815725085509546,0.9881451504896418
15m,VALIDATION,OB,PROJECT_DYNAMIC_EXTREMA_V1,STATE_BAND_CROSS,10,2053,N_GE_100,0.5163175840233805,0.4946900447553064,0.5378841700019215,0.49995826725648945,0.016359316766891008,0.03272136463841746,0.00026175727328475295,-0.00022198731501066327,-0.0002987314210252959,0.0008049996136640274,0.8395914814476877,0.5160536501058988,0.7972838591465761,0.8871544501847755,0.9316015269384935,0.532616066870367,0.8815725085509546,0.9881451504896418
15m,VALIDATION,OS,CAUSAL_DNO_QUANTILE_80_20_CONTROL_V1,STATE_BAND_CROSS,1,2451,N_GE_100,0.5687474500203998,0.5490479713159037,0.5882317619263552,0.5020026702269693,0.06674477979343052,0.13295702145021138,-0.0001230906063724676,0.0004082754943048883,-0.0002932100240264344,4.472394155169858e-05,0.8168235633965205,0.511764928050768,0.7751338663504032,0.858912401890025,0.9406332964928326,0.5507038072770981,0.8946613946258434,0.9907319285855306
15m,VALIDATION,OS,CAUSAL_DNO_QUANTILE_80_20_CONTROL_V1,STATE_BAND_CROSS,3,2451,N_GE_100,0.5650754793961649,0.5453621623827896,0.5845851221996454,0.5014464534075105,0.06362902598865439,0.1268909682305499,1.3853527905596884e-05,0.00047147571900052476,-0.0002767100427755955,0.00029171566531785594,0.8168235633965205,0.511764928050768,0.7751338663504032,0.858912401890025,0.9406332964928326,0.5507038072770981,0.8946613946258434,0.9907319285855306
15m,VALIDATION,OS,CAUSAL_DNO_QUANTILE_80_20_CONTROL_V1,STATE_BAND_CROSS,5,2451,N_GE_100,0.5446756425948592,0.5249052638596806,0.5643061948348437,0.5025314342939802,0.04214420830087906,0.08386382507611412,-0.00014408179534753973,0.0004662032526641102,-0.0005335060520889066,0.0002452327868808405,0.8168235633965205,0.511764928050768,0.7751338663504032,0.858912401890025,0.9406332964928326,0.5507038072770981,0.8946613946258434,0.9907319285855306
15m,VALIDATION,OS,CAUSAL_DNO_QUANTILE_80_20_CONTROL_V1,STATE_BAND_CROSS,10,2450,N_GE_100,0.5359183673469388,0.5161296822290573,0.5555945888078344,0.4997078707954261,0.03621049655151265,0.0724633304131741,-0.0002096697747228138,0.0005470983557278597,-0.0007354413305820997,0.0003246241770525077,0.8170991820157387,0.5119593658888344,0.7796997217547967,0.8582473047596367,0.9409717129426493,0.5510284321071275,0.8928042995446135,0.9876465779429305
15m,VALIDATION,OS,PROJECT_DYNAMIC_EXTREMA_V1,STATE_BAND_CROSS,1,1997,N_GE_100,0.5473209814722083,0.525419419915657,0.569040831210669,0.5020026702269693,0.045318311245238996,0.09027504021990418,-0.00016781101769803937,0.0003066568117127133,-0.00038295897130180974,4.6064623550638896e-05,0.8340425300343433,0.5176862874194267,0.7845435128934793,0.8799247957600227,0.977010185597671,0.5621717979832705,0.9279291085536769,1.0319954640035294
15m,VALIDATION,OS,PROJECT_DYNAMIC_EXTREMA_V1,STATE_BAND_CROSS,3,1997,N_GE_100,0.5533299949924887,0.5314434820565247,0.5750117215937792,0.5014464534075105,0.05188354158497821,0.10346776058023899,-0.00010705117641870589,0.00042007845773039953,-0.00045937481012080873,0.00020566688694208682,0.8340425300343433,0.5176862874194267,0.7845435128934793,0.8799247957600227,0.977010185597671,0.5621717979832705,0.9279291085536769,1.0319954640035294
15m,VALIDATION,OS,PROJECT_DYNAMIC_EXTREMA_V1,STATE_BAND_CROSS,5,1997,N_GE_100,0.5363044566850276,0.5143836128598446,0.5580858919725221,0.5025314342939802,0.0337730223910474,0.06720579069545374,-0.0003090940971438029,0.00042153637610953254,-0.0007060797897835334,7.349020535096452e-05,0.8340425300343433,0.5176862874194267,0.7845435128934793,0.8799247957600227,0.977010185597671,0.5621717979832705,0.9279291085536769,1.0319954640035294
15m,VALIDATION,OS,PROJECT_DYNAMIC_EXTREMA_V1,STATE_BAND_CROSS,10,1997,N_GE_100,0.5257886830245369,0.5038594165390283,0.547618921376377,0.4997078707954261,0.02608081222911074,0.0521921181421372,-0.0002961795189421209,0.0004522366410950607,-0.0008676610628129531,0.00027052797842157467,0.8340425300343433,0.5176862874194267,0.7845435128934793,0.8799247957600227,0.977010185597671,0.5621717979832705,0.9279291085536769,1.0319954640035294
1D,DISCOVERY,OB,CAUSAL_DNO_QUANTILE_80_20_CONTROL_V1,STATE_BAND_CROSS,1,81,N_30_99,0.5061728395061729,0.3995059708753621,0.6122806998144883,0.46441281138790036,0.04176002811827251,0.08992006054585877,0.0003447846332607894,-0.007465718638903107,-0.008867522783971597,0.009698403706576984,11.008339616330968,7.899645588509606,8.766090164074058,13.382980689697952,14.220212193186295,9.948383414785681,11.758842627841542,17.22152350865164
1D,DISCOVERY,OB,CAUSAL_DNO_QUANTILE_80_20_CONTROL_V1,STATE_BAND_CROSS,3,81,N_30_99,0.41975308641975306,0.3183079093457035,0.528465371686243,0.45276292335115864,-0.03300983693140558,-0.07290755322251385,0.014014207094357382,0.015339106621163223,-0.0028901051732914784,0.03150905327931025,11.008339616330968,7.899645588509606,8.766090164074058,13.382980689697952,14.220212193186295,9.948383414785681,11.758842627841542,17.22152350865164
1D,DISCOVERY,OB,CAUSAL_DNO_QUANTILE_80_20_CONTROL_V1,STATE_BAND_CROSS,5,81,N_30_99,0.4444444444444444,0.3411937567641278,0.5527262070272198,0.4455357142857143,-0.001091269841269893,-0.0024493431307059943,0.01702584992320495,0.014231642694928048,-0.004732202315886912,0.03591214238803749,11.008339616330968,7.899645588509606,8.766090164074058,13.382980689697952,14.220212193186295,9.948383414785681,11.758842627841542,17.22152350865164
1D,DISCOVERY,OB,CAUSAL_DNO_QUANTILE_80_20_CONTROL_V1,STATE_BAND_CROSS,10,81,N_30_99,0.4444444444444444,0.3411937567641278,0.5527262070272198,0.4260089686098655,0.01843547583457894,0.04327485380116958,0.03521636347448525,0.010356243042128233,-0.003196313958013685,0.07466153443171122,11.008339616330968,7.899645588509606,8.766090164074058,13.382980689697952,14.220212193186295,9.948383414785681,11.758842627841542,17.22152350865164
1D,DISCOVERY,OB,PROJECT_DYNAMIC_EXTREMA_V1,STATE_BAND_CROSS,1,77,N_30_99,0.5584415584415584,0.4473803679096196,0.6639484528955104,0.46441281138790036,0.09402874705365805,0.20246803005423697,-0.004624973727492467,-0.009365244536940653,-0.014872170501213136,0.005028932054234203,13.02994471652963,9.358256455706398,10.519886657779228,15.996278977048034,12.410092276192403,8.530894859637245,9.696147594966577,15.647770100677237
1D,DISCOVERY,OB,PROJECT_DYNAMIC_EXTREMA_V1,STATE_BAND_CROSS,3,77,N_30_99,0.5194805194805194,0.40963811196379796,0.6274714949712452,0.45276292335115864,0.06671759612936079,0.14735658042744637,0.0021386943301387224,-0.003236245954692629,-0.014518162646090625,0.01849929719738028,13.02994471652963,9.358256455706398,10.519886657779228,15.996278977048034,12.410092276192403,8.530894859637245,9.696147594966577,15.647770100677237
1D,DISCOVERY,OB,PROJECT_DYNAMIC_EXTREMA_V1,STATE_BAND_CROSS,5,77,N_30_99,0.5324675324675324,0.4221482516277276,0.6397010932640111,0.4455357142857143,0.08693181818181811,0.19511750774275805,0.0006728982614715742,-0.003376249212208471,-0.019215329847847934,0.020896383375845772,13.02994471652963,9.358256455706398,10.519886657779228,15.996278977048034,12.410092276192403,8.530894859637245,9.696147594966577,15.647770100677237
1D,DISCOVERY,OB,PROJECT_DYNAMIC_EXTREMA_V1,STATE_BAND_CROSS,10,77,N_30_99,0.5324675324675324,0.4221482516277276,0.6397010932640111,0.4260089686098655,0.10645856385766694,0.2498974709501025,0.003139759881150707,-0.01569202980356743,-0.041864200063819614,0.049222198192959934,13.02994471652963,9.358256455706398,10.519886657779228,15.996278977048034,12.410092276192403,8.530894859637245,9.696147594966577,15.647770100677237
1D,DISCOVERY,OS,CAUSAL_DNO_QUANTILE_80_20_CONTROL_V1,STATE_BAND_CROSS,1,84,N_30_99,0.5952380952380952,0.4883404055387379,0.6938056391599015,0.5355871886120996,0.05965090662599559,0.11137478247112798,0.005740064942716559,0.0076182075545876415,-0.0034633817957597257,0.014922654082271322,14.377897522598996,10.26618500069511,11.795477298473033,16.976360325540124,11.053494645236887,8.107906304877863,8.806673539210394,13.50698806809091
1D,DISCOVERY,OS,CAUSAL_DNO_QUANTILE_80_20_CONTROL_V1,STATE_BAND_CROSS,3,84,N_30_99,0.6428571428571429,0.5362111603479548,0.7370079067000043,0.5472370766488414,0.09562006620830155,0.1747324336900884,0.025549066663618974,0.02615190210973284,0.00753548807132779,0.040743960647707314,14.377897522598996,10.26618500069511,11.795477298473033,16.976360325540124,11.053494645236887,8.107906304877863,8.806673539210394,13.50698806809091
1D,DISCOVERY,OS,CAUSAL_DNO_QUANTILE_80_20_CONTROL_V1,STATE_BAND_CROSS,5,84,N_30_99,0.6428571428571429,0.5362111603479548,0.7370079067000043,0.5535714285714286,0.0892857142857143,0.16129032258064524,0.022704120909637665,0.026078698387397514,-0.0009608070929049146,0.042597273754739394,14.377897522598996,10.26618500069511,11.795477298473033,16.976360325540124,11.053494645236887,8.107906304877863,8.806673539210394,13.50698806809091
1D,DISCOVERY,OS,CAUSAL_DNO_QUANTILE_80_20_CONTROL_V1,STATE_BAND_CROSS,10,84,N_30_99,0.6190476190476191,0.5121524397704628,0.7155301161028366,0.5739910313901345,0.04505658765748455,0.07849702380952395,0.03995240491780316,0.02886355854186795,0.004740133602571939,0.07205778729378981,14.377897522598996,10.26618500069511,11.795477298473033,16.976360325540124,11.053494645236887,8.107906304877863,8.806673539210394,13.50698806809091
1D,DISCOVERY,OS,PROJECT_DYNAMIC_EXTREMA_V1,STATE_BAND_CROSS,1,66,N_30_99,0.6212121212121212,0.5005825419249831,0.728507284195839,0.5355871886120996,0.08562493260002157,0.1598711366153227,0.004392259036726544,0.012239109570258977,-0.008668520537288523,0.016708209604417087,13.19650953884882,8.842977613604557,10.835116403624355,15.717704484641045,11.651601020710869,7.501338248614722,8.769766656392255,14.795151309820236
1D,DISCOVERY,OS,PROJECT_DYNAMIC_EXTREMA_V1,STATE_BAND_CROSS,3,66,N_30_99,0.6060606060606061,0.48548180775863853,0.7149717900970809,0.5472370766488414,0.05882352941176472,0.10749185667752448,0.01307361541689242,0.017183454123533393,-0.00686544091196257,0.032455349924544415,13.19650953884882,8.842977613604557,10.835116403624355,15.717704484641045,11.651601020710869,7.501338248614722,8.769766656392255,14.795151309820236
1D,DISCOVERY,OS,PROJECT_DYNAMIC_EXTREMA_V1,STATE_BAND_CROSS,5,66,N_30_99,0.6212121212121212,0.5005825419249831,0.728507284195839,0.5535714285714286,0.06764069264069261,0.12218963831867047,0.012144261133852,0.022791009214754743,-0.01666164968921091,0.0380343042943931,13.19650953884882,8.842977613604557,10.835116403624355,15.717704484641045,11.651601020710869,7.501338248614722,8.769766656392255,14.795151309820236
1D,DISCOVERY,OS,PROJECT_DYNAMIC_EXTREMA_V1,STATE_BAND_CROSS,10,66,N_30_99,0.6060606060606061,0.48548180775863853,0.7149717900970809,0.5739910313901345,0.03206957467047156,0.055871212121212155,0.01773387805555051,0.01977332025595846,-0.021535146616852494,0.05517527668671437,13.19650953884882,8.842977613604557,10.835116403624355,15.717704484641045,11.651601020710869,7.501338248614722,8.769766656392255,14.795151309820236
1D,VALIDATION,OB,CAUSAL_DNO_QUANTILE_80_20_CONTROL_V1,STATE_BAND_CROSS,1,21,N_LT_30,0.5714285714285714,0.3654621629703244,0.7553030051347894,0.516042780748663,0.05538579067990834,0.1073279052553664,0.005145369398082829,-0.003994831145500255,-0.008404623631275214,0.01868018091643306,7.420902396954189,5.905937611050171,4.99896880797847,10.681811906425944,11.606388200974324,9.112083827503145,7.640111625729537,16.44738252993892
1D,VALIDATION,OB,CAUSAL_DNO_QUANTILE_80_20_CONTROL_V1,STATE_BAND_CROSS,3,21,N_LT_30,0.38095238095238093,0.20750767797982506,0.5912170418449848,0.47043010752688175,-0.08947772657450082,-0.19020408163265312,0.021714698013835125,0.02316891312233338,0.0027946826791095374,0.04143324981548974,7.420902396954189,5.905937611050171,4.99896880797847,10.681811906425944,11.606388200974324,9.112083827503145,7.640111625729537,16.44738252993892
1D,VALIDATION,OB,CAUSAL_DNO_QUANTILE_80_20_CONTROL_V1,STATE_BAND_CROSS,5,21,N_LT_30,0.38095238095238093,0.20750767797982506,0.5912170418449848,0.4702702702702703,-0.08931788931788937,-0.18992884510125896,0.0407831111073362,0.024541830090042405,0.006109038598621838,0.08059140901388785,7.420902396954189,5.905937611050171,4.99896880797847,10.681811906425944,11.606388200974324,9.112083827503145,7.640111625729537,16.44738252993892
1D,VALIDATION,OB,CAUSAL_DNO_QUANTILE_80_20_CONTROL_V1,STATE_BAND_CROSS,10,21,N_LT_30,0.47619047619047616,0.28343712296762946,0.6763078209973324,0.4438356164383562,0.03235485975211999,0.07289829512051726,0.03330809688210804,0.03353833738858247,-0.017638553992882496,0.09220869906517298,7.420902396954189,5.905937611050171,4.99896880797847,10.681811906425944,11.606388200974324,9.112083827503145,7.640111625729537,16.44738252993892
1D,VALIDATION,OB,PROJECT_DYNAMIC_EXTREMA_V1,STATE_BAND_CROSS,1,19,N_LT_30,0.5263157894736842,0.31707482511825114,0.7267049451255145,0.516042780748663,0.010273008725021127,0.019907281156258616,0.012775567269518515,-0.0013283191744348777,-0.0023053718173038614,0.029449238844295986,9.015832744030496,8.060831114548341,6.124524462933768,12.172650946073894,10.247161862661459,4.118773388894384,5.692078957793498,14.856681609891568
1D,VALIDATION,OB,PROJECT_DYNAMIC_EXTREMA_V1,STATE_BAND_CROSS,3,19,N_LT_30,0.47368421052631576,0.27329505487448547,0.6829251748817489,0.47043010752688175,0.0032541029994340165,0.006917293233082544,0.019448691599396814,0.00554942232875022,-0.013717060832868923,0.05840367890901974,9.015832744030496,8.060831114548341,6.124524462933768,12.172650946073894,10.247161862661459,4.118773388894384,5.692078957793498,14.856681609891568
1D,VALIDATION,OB,PROJECT_DYNAMIC_EXTREMA_V1,STATE_BAND_CROSS,5,19,N_LT_30,0.5789473684210527,0.36275551465160105,0.7685837960796962,0.4702702702702703,0.10867709815078236,0.2310949788263763,0.0142782705508453,-0.02808528085280848,-0.026220628939279726,0.05846245539260165,9.015832744030496,8.060831114548341,6.124524462933768,12.172650946073894,10.247161862661459,4.118773388894384,5.692078957793498,14.856681609891568
1D,VALIDATION,OB,PROJECT_DYNAMIC_EXTREMA_V1,STATE_BAND_CROSS,10,19,N_LT_30,0.631578947368421,0.4103915749815672,0.8085072762372616,0.4438356164383562,0.18774333093006484,0.4230019493177386,0.008072308950080966,-0.04008613462989352,-0.041403567094540655,0.06027664813738975,9.015832744030496,8.060831114548341,6.124524462933768,12.172650946073894,10.247161862661459,4.118773388894384,5.692078957793498,14.856681609891568
1D,VALIDATION,OS,CAUSAL_DNO_QUANTILE_80_20_CONTROL_V1,STATE_BAND_CROSS,1,25,N_LT_30,0.64,0.44518154601046633,0.7975234356826436,0.4839572192513369,0.15604278074866312,0.32243093922651944,0.0013709730814872546,0.0073287633060246105,-0.018023942768244875,0.015908831825589883,7.877109986680577,7.022330501364193,5.626127684228477,10.597283238172732,8.760403356264781,5.708867641793429,5.436570414578416,12.240210287025855
1D,VALIDATION,OS,CAUSAL_DNO_QUANTILE_80_20_CONTROL_V1,STATE_BAND_CROSS,3,25,N_LT_30,0.6,0.40739127785127344,0.7659694233580909,0.5295698924731183,0.07043010752688172,0.13299492385786804,-0.0009499714877465059,0.009726477772046271,-0.028891618653490925,0.022900267070598574,7.877109986680577,7.022330501364193,5.626127684228477,10.597283238172732,8.760403356264781,5.708867641793429,5.436570414578416,12.240210287025855
1D,VALIDATION,OS,CAUSAL_DNO_QUANTILE_80_20_CONTROL_V1,STATE_BAND_CROSS,5,25,N_LT_30,0.6,0.40739127785127344,0.7659694233580909,0.5297297297297298,0.07027027027027022,0.1326530612244896,0.0003684702680129348,0.029552333422415034,-0.039882678357682944,0.03308547037772783,7.877109986680577,7.022330501364193,5.626127684228477,10.597283238172732,8.760403356264781,5.708867641793429,5.436570414578416,12.240210287025855
1D,VALIDATION,OS,CAUSAL_DNO_QUANTILE_80_20_CONTROL_V1,STATE_BAND_CROSS,10,23,N_LT_30,0.5217391304347826,0.3296242986421849,0.7076313046005427,0.5561643835616439,-0.03442525312686129,-0.06189762261726295,0.0013515231537523677,0.0020157211261062624,-0.042423001444717695,0.04276660717098446,8.18222724087142,7.022330501364193,5.826610282141333,10.618753035239205,9.14491880395844,5.708867641793429,5.474251163802463,12.925491258667929
1D,VALIDATION,OS,PROJECT_DYNAMIC_EXTREMA_V1,STATE_BAND_CROSS,1,19,N_LT_30,0.47368421052631576,0.27329505487448547,0.6829251748817489,0.4839572192513369,-0.010273008725021127,-0.021227100901424878,-0.013880467843624336,-0.0017330912102966334,-0.042054242877698746,0.0070883432932604086,6.4307451982585615,4.84893675780171,3.9988677371147623,9.645794157827229,12.764700662696324,10.190002761668048,8.783756611061913,16.955801848234234
1D,VALIDATION,OS,PROJECT_DYNAMIC_EXTREMA_V1,STATE_BAND_CROSS,3,19,N_LT_30,0.42105263157894735,0.2314162039203038,0.6372444853483988,0.5295698924731183,-0.10851726089417091,-0.20491584290675924,-0.019343910276903433,-0.006514304636517809,-0.04892039890913793,0.008112121026664747,6.4307451982585615,4.84893675780171,3.9988677371147623,9.645794157827229,12.764700662696324,10.190002761668048,8.783756611061913,16.955801848234234
1D,VALIDATION,OS,PROJECT_DYNAMIC_EXTREMA_V1,STATE_BAND_CROSS,5,19,N_LT_30,0.42105263157894735,0.2314162039203038,0.6372444853483988,0.5297297297297298,-0.10867709815078241,-0.20515574650913004,-0.02611739955038597,-0.023619739399152517,-0.06712231494670721,0.010940296288417478,6.4307451982585615,4.84893675780171,3.9988677371147623,9.645794157827229,12.764700662696324,10.190002761668048,8.783756611061913,16.955801848234234
1D,VALIDATION,OS,PROJECT_DYNAMIC_EXTREMA_V1,STATE_BAND_CROSS,10,18,N_LT_30,0.3888888888888889,0.20304991926931162,0.6138133141934384,0.5561643835616439,-0.167275494672755,-0.3007662835249043,-0.03699882400862887,-0.030826899244181083,-0.09184556045726372,0.013148943522911499,6.703257520409476,4.990525289469959,4.101026504273246,9.737332214019785,13.075722586758033,10.720148068023255,8.585732850461516,18.100705591625385
1H,DISCOVERY,OB,CAUSAL_DNO_QUANTILE_80_20_CONTROL_V1,STATE_BAND_CROSS,1,1699,N_GE_100,0.5291347851677457,0.5053606665952415,0.552777447953992,0.49124961621123736,0.03788516895650834,0.07711999705709238,0.00043040875229517333,-0.00040404040404040664,-4.358835594318941e-05,0.0009737647911923313,2.3023922735614533,1.5415196138087637,2.1742587435179566,2.4248828461749965,2.287067554108984,1.6386793218139053,2.173418087550469,2.400406323616965
1H,DISCOVERY,OB,CAUSAL_DNO_QUANTILE_80_20_CONTROL_V1,STATE_BAND_CROSS,3,1699,N_GE_100,0.5126545026486168,0.48888489301594185,0.5363670153236241,0.4835341982037307,0.029120304444886058,0.060223877758934785,0.0004913286618169082,-0.0003672150411279107,-0.00026444995979376605,0.0013091901316232676,2.3023922735614533,1.5415196138087637,2.1742587435179566,2.4248828461749965,2.287067554108984,1.6386793218139053,2.173418087550469,2.400406323616965
1H,DISCOVERY,OB,CAUSAL_DNO_QUANTILE_80_20_CONTROL_V1,STATE_BAND_CROSS,5,1699,N_GE_100,0.5261918775750442,0.5024166702164145,0.5498489075096641,0.4810763089206203,0.04511556865442384,0.0937804830914426,0.00016677627934670862,-0.0008432349559218677,-0.0007896413777347659,0.001232663212322303,2.3023922735614533,1.5415196138087637,2.1742587435179566,2.4248828461749965,2.287067554108984,1.6386793218139053,2.173418087550469,2.400406323616965
1H,DISCOVERY,OB,CAUSAL_DNO_QUANTILE_80_20_CONTROL_V1,STATE_BAND_CROSS,10,1699,N_GE_100,0.48322542672160096,0.4595279574826302,0.506998582625387,0.47947940261834376,0.003746024103257195,0.007812690352913876,0.0013506287083516926,0.0005628268890012222,-9.509295716058217e-05,0.0027489931118031925,2.3023922735614533,1.5415196138087637,2.1742587435179566,2.4248828461749965,2.287067554108984,1.6386793218139053,2.173418087550469,2.400406323616965
1H,DISCOVERY,OB,PROJECT_DYNAMIC_EXTREMA_V1,STATE_BAND_CROSS,1,1497,N_GE_100,0.5230460921843687,0.49771752339193265,0.5482566820138877,0.49124961621123736,0.031796475973131344,0.06472570140280554,0.0006691553251427499,-0.00029578169793853526,6.279717484340499e-05,0.0011815229027483387,2.2763725124241385,1.4768923973859787,2.1417598886364564,2.4097386376926515,2.3489913600677608,1.6747984359320371,2.222402021445354,2.4617243669311692
1H,DISCOVERY,OB,PROJECT_DYNAMIC_EXTREMA_V1,STATE_BAND_CROSS,3,1497,N_GE_100,0.5090180360721442,0.4837026617823775,0.5342872446807696,0.4835341982037307,0.025483837868413517,0.05270327923667617,0.0005634558709498386,-0.0002985329239166834,-0.00025007459357122524,0.0013922075765132093,2.2763725124241385,1.4768923973859787,2.1417598886364564,2.4097386376926515,2.3489913600677608,1.6747984359320371,2.222402021445354,2.4617243669311692
1H,DISCOVERY,OB,PROJECT_DYNAMIC_EXTREMA_V1,STATE_BAND_CROSS,5,1497,N_GE_100,0.5130260521042084,0.48770487847713484,0.5382805419696332,0.4810763089206203,0.031949743183588064,0.06641304631124512,0.000766010246199105,-0.0005057803468208055,-0.00036926934708984404,0.0018108489238522626,2.2763725124241385,1.4768923973859787,2.1417598886364564,2.4097386376926515,2.3489913600677608,1.6747984359320371,2.222402021445354,2.4617243669311692
1H,DISCOVERY,OB,PROJECT_DYNAMIC_EXTREMA_V1,STATE_BAND_CROSS,10,1497,N_GE_100,0.48964595858383436,0.46438147595148377,0.5149634462574956,0.47947940261834376,0.010166555965490598,0.02120332158164251,0.0014494047623012534,0.0003284252011603872,-0.00016019569852599125,0.0029907954809852795,2.2763725124241385,1.4768923973859787,2.1417598886364564,2.4097386376926515,2.3489913600677608,1.6747984359320371,2.222402021445354,2.4617243669311692
1H,DISCOVERY,OS,CAUSAL_DNO_QUANTILE_80_20_CONTROL_V1,STATE_BAND_CROSS,1,1895,N_GE_100,0.5704485488126649,0.5480403181551152,0.5925717265778421,0.506409272336506,0.06403927647615892,0.12645755118323576,0.00013331354317281204,0.0013037841010505868,-0.00047115505594608545,0.0007084272008938287,2.3469988508641464,1.7152350590453922,2.251229993585876,2.43893058465485,2.6563377818723324,1.728575878633528,2.521612831526962,2.805467722179842
1H,DISCOVERY,OS,CAUSAL_DNO_QUANTILE_80_20_CONTROL_V1,STATE_BAND_CROSS,3,1895,N_GE_100,0.570976253298153,0.5485703389992311,0.5930949794770441,0.5153143471252015,0.055661906172951525,0.10801544044615508,0.0008760317678614746,0.0016889771902992567,-1.6495726838822464e-05,0.0017144436817012802,2.3469988508641464,1.7152350590453922,2.251229993585876,2.43893058465485,2.6563377818723324,1.728575878633528,2.521612831526962,2.805467722179842
1H,DISCOVERY,OS,CAUSAL_DNO_QUANTILE_80_20_CONTROL_V1,STATE_BAND_CROSS,5,1895,N_GE_100,0.5662269129287599,0.5438010778676905,0.5883847769187225,0.5180792261630585,0.04814768676570147,0.09293498819145407,0.0012428353527009842,0.0022237046920168257,0.00016688773339179557,0.0023659251591979977,2.3469988508641464,1.7152350590453922,2.251229993585876,2.43893058465485,2.6563377818723324,1.728575878633528,2.521612831526962,2.805467722179842
1H,DISCOVERY,OS,CAUSAL_DNO_QUANTILE_80_20_CONTROL_V1,STATE_BAND_CROSS,10,1894,N_GE_100,0.5591341077085533,0.5366764457125348,0.58135237186634,0.5195607939493991,0.03957331375915418,0.07616685904712095,0.0013142262960407175,0.002694044366730375,-0.00017852195089316042,0.002751411753951633,2.347771534080902,1.716399024441418,2.2477133163485936,2.4435515671520394,2.6565938838861,1.7281602566639398,2.501252398064637,2.8024997740560225
1H,DISCOVERY,OS,PROJECT_DYNAMIC_EXTREMA_V1,STATE_BAND_CROSS,1,1438,N_GE_100,0.545201668984701,0.5193778641455474,0.5707846058511569,0.506409272336506,0.038792396648195004,0.07660285616258955,-0.00023476087307502873,0.0009539402596711044,-0.0008768550950035624,0.00041766968919541543,2.2708656353557357,1.6525847872692307,2.1539037652124233,2.392568770745194,2.753324409313163,1.697444663620406,2.5830126669284272,2.934206649343044
1H,DISCOVERY,OS,PROJECT_DYNAMIC_EXTREMA_V1,STATE_BAND_CROSS,3,1438,N_GE_100,0.5556328233657858,0.5298356534438231,0.5811335403982743,0.5153143471252015,0.04031847624058427,0.07824054669836,0.0005544167649817396,0.001486625922400009,-0.00042388157597783116,0.001510456874419145,2.2708656353557357,1.6525847872692307,2.1539037652124233,2.392568770745194,2.753324409313163,1.697444663620406,2.5830126669284272,2.934206649343044
1H,DISCOVERY,OS,PROJECT_DYNAMIC_EXTREMA_V1,STATE_BAND_CROSS,5,1437,N_GE_100,0.5671537926235213,0.5413903117479882,0.5925591799935052,0.5180792261630585,0.04907456646046282,0.09472405760005764,0.0008649653839936179,0.0021213879718839923,-0.00036916262753906073,0.002115354774451355,2.271276884672711,1.6480394014017758,2.1480672994479653,2.3820567334582394,2.7550290569029494,1.6974972796517978,2.591412375672534,2.9322936831424915
1H,DISCOVERY,OS,PROJECT_DYNAMIC_EXTREMA_V1,STATE_BAND_CROSS,10,1437,N_GE_100,0.5497564370215727,0.5239338608504516,0.5753136900253699,0.5195607939493991,0.030195643072173595,0.05811763209199028,0.00014500720238900825,0.0022137084308615496,-0.0015328059177770407,0.0017866809255044967,2.271276884672711,1.6480394014017758,2.1480672994479653,2.3820567334582394,2.7550290569029494,1.6974972796517978,2.591412375672534,2.9322936831424915
1H,VALIDATION,OB,CAUSAL_DNO_QUANTILE_80_20_CONTROL_V1,STATE_BAND_CROSS,1,584,N_GE_100,0.5856164383561644,0.5452300122960619,0.6248838415040093,0.503687974966473,0.0819284633896914,0.16265717559595272,-0.0001239525721702414,-0.0008218114952655564,-0.0009494169261614179,0.0007028449975427182,1.8665956339217769,1.1610138896242088,1.6853465953689375,2.0665733358374068,1.9487644514544669,1.2362566762800395,1.7947468420698085,2.1239311970446177
1H,VALIDATION,OB,CAUSAL_DNO_QUANTILE_80_20_CONTROL_V1,STATE_BAND_CROSS,3,584,N_GE_100,0.5273972602739726,0.4868585807992797,0.5675778524167431,0.49586407332886207,0.031533186945110536,0.06359240090418372,0.0003845781491019887,-0.0003961449862975863,-0.0009354157462285026,0.0019020609564357773,1.8665956339217769,1.1610138896242088,1.6853465953689375,2.0665733358374068,1.9487644514544669,1.2362566762800395,1.7947468420698085,2.1239311970446177
1H,VALIDATION,OB,CAUSAL_DNO_QUANTILE_80_20_CONTROL_V1,STATE_BAND_CROSS,5,584,N_GE_100,0.5171232876712328,0.4766149766424109,0.5574077941176033,0.4991055456171735,0.018017742054059316,0.036100063828742535,0.00013780141905578606,-0.0004756544087168857,-0.0015786818277573084,0.0019076886969452208,1.8665956339217769,1.1610138896242088,1.6853465953689375,2.0665733358374068,1.9487644514544669,1.2362566762800395,1.7947468420698085,2.1239311970446177
1H,VALIDATION,OB,CAUSAL_DNO_QUANTILE_80_20_CONTROL_V1,STATE_BAND_CROSS,10,582,N_GE_100,0.49828178694158076,0.45780439201532,0.5387817159019054,0.5120259536860946,-0.013744166744513842,-0.02684271499436519,0.000817904472677436,7.512083166871797e-05,-0.0014570460736717627,0.0030506550806032604,1.8716985629635152,1.1673008965395866,1.6904585136641856,2.0602210483717096,1.9522826904533421,1.2441000017561348,1.7961322026608295,2.149724087764371
1H,VALIDATION,OB,PROJECT_DYNAMIC_EXTREMA_V1,STATE_BAND_CROSS,1,472,N_GE_100,0.5402542372881356,0.49514820474563825,0.5847103027913237,0.503687974966473,0.0365662623216626,0.07259705241940018,0.0004238577588656052,-0.0005447733800972299,-0.000381733266751676,0.0012844046745628492,1.861203750389381,1.0947508163834565,1.6638029671528938,2.065409621759327,1.9644297154104917,1.2340350524024541,1.7946058615435068,2.1552079242421787
1H,VALIDATION,OB,PROJECT_DYNAMIC_EXTREMA_V1,STATE_BAND_CROSS,3,472,N_GE_100,0.5254237288135594,0.48035041905858006,0.5700865330700275,0.49586407332886207,0.0295596554846973,0.059612416133025814,0.0001978190857807316,-0.00032246270954749967,-0.0014083124025354938,0.0016181661910410672,1.861203750389381,1.0947508163834565,1.6638029671528938,2.065409621759327,1.9644297154104917,1.2340350524024541,1.7946058615435068,2.1552079242421787
1H,VALIDATION,OB,PROJECT_DYNAMIC_EXTREMA_V1,STATE_BAND_CROSS,5,472,N_GE_100,0.5021186440677966,0.45717623772037635,0.5470268416236742,0.4991055456171735,0.0030130984506230862,0.006036996537269967,0.0006417872816558289,-4.1995672980410514e-05,-0.001436167005523243,0.002612224583656331,1.861203750389381,1.0947508163834565,1.6638029671528938,2.065409621759327,1.9644297154104917,1.2340350524024541,1.7946058615435068,2.1552079242421787
1H,VALIDATION,OB,PROJECT_DYNAMIC_EXTREMA_V1,STATE_BAND_CROSS,10,471,N_GE_100,0.5116772823779193,0.46662199416800815,0.5565436256934361,0.5120259536860946,-0.0003486713081752857,-0.0006809641301679381,7.94228351145231e-05,-0.0006113870844478564,-0.0024642259729658737,0.0026451716049295643,1.8645492329263256,1.1003431501942114,1.6795552441936599,2.0651400792669743,1.9662226324528604,1.2393542646498055,1.7809501258081362,2.160989259949845
1H,VALIDATION,OS,CAUSAL_DNO_QUANTILE_80_20_CONTROL_V1,STATE_BAND_CROSS,1,590,N_GE_100,0.5644067796610169,0.5241077422312341,0.6038725137831642,0.49564148413053194,0.068765295530485,0.13873999197447118,-0.00035876471747998663,0.0007834217807521915,-0.0009942472587193714,0.00029107728990158217,1.7133714572301084,1.1386798574912937,1.5524170635330496,1.8757590960110548,1.8660144772030092,1.3537759668716065,1.705733655732383,2.029647784985211
1H,VALIDATION,OS,CAUSAL_DNO_QUANTILE_80_20_CONTROL_V1,STATE_BAND_CROSS,3,589,N_GE_100,0.567062818336163,0.5267404108441908,0.6065160947721492,0.5036887994634474,0.06337401887271565,0.12581978979922637,-0.00044498049087376686,0.0012560357851705284,-0.0014787535982912071,0.0006902035593767682,1.7160400710007673,1.139365918097757,1.542138875658925,1.8848595493397293,1.868993257309565,1.356017855638837,1.6903848388505545,2.045464772103209
1H,VALIDATION,OS,CAUSAL_DNO_QUANTILE_80_20_CONTROL_V1,STATE_BAND_CROSS,5,589,N_GE_100,0.5568760611205433,0.5165179053701086,0.5964971057222306,0.5001118067978533,0.056764254322690055,0.11350312780284821,-0.000588045393619203,0.0011212373860793878,-0.00195946286698858,0.0007597511476563968,1.7160400710007673,1.139365918097757,1.542138875658925,1.8848595493397293,1.868993257309565,1.356017855638837,1.6903848388505545,2.045464772103209
1H,VALIDATION,OS,CAUSAL_DNO_QUANTILE_80_20_CONTROL_V1,STATE_BAND_CROSS,10,589,N_GE_100,0.5263157894736842,0.4859515349129156,0.5663389926074202,0.4877503076406757,0.03856548183300851,0.0790680830516659,0.00020745436694013378,0.0009986481713777362,-0.0018460827364237449,0.0021654069694412815,1.7160400710007673,1.139365918097757,1.542138875658925,1.8848595493397293,1.868993257309565,1.356017855638837,1.6903848388505545,2.045464772103209
1H,VALIDATION,OS,PROJECT_DYNAMIC_EXTREMA_V1,STATE_BAND_CROSS,1,485,N_GE_100,0.554639175257732,0.5101488352987615,0.5982707427404235,0.49564148413053194,0.05899769112720005,0.11903299666430356,-0.0003873655185099594,0.0007230242524360886,-0.001153679152683443,0.000281062952741141,1.6660990982213206,1.0916359163591671,1.4775154774636166,1.856725402705942,1.7507502195617843,1.2426679567031547,1.5789870885573993,1.9199547545716131
1H,VALIDATION,OS,PROJECT_DYNAMIC_EXTREMA_V1,STATE_BAND_CROSS,3,485,N_GE_100,0.5649484536082474,0.5204863135087697,0.6083897886887518,0.5036887994634474,0.06125965414480006,0.12162202973355107,-0.0006755306133154093,0.0011493646860336604,-0.0018481065684253174,0.0005456315231493502,1.6660990982213206,1.0916359163591671,1.4775154774636166,1.856725402705942,1.7507502195617843,1.2426679567031547,1.5789870885573993,1.9199547545716131
1H,VALIDATION,OS,PROJECT_DYNAMIC_EXTREMA_V1,STATE_BAND_CROSS,5,485,N_GE_100,0.5567010309278351,0.5122148039903095,0.6002960788805428,0.5001118067978533,0.0565892241299818,0.1131531456781929,0.00047538878766840856,0.0009589601695587646,-0.0010411860812865688,0.0019156483835475165,1.6660990982213206,1.0916359163591671,1.4775154774636166,1.856725402705942,1.7507502195617843,1.2426679567031547,1.5789870885573993,1.9199547545716131
1H,VALIDATION,OS,PROJECT_DYNAMIC_EXTREMA_V1,STATE_BAND_CROSS,10,485,N_GE_100,0.5298969072164949,0.4854163321540617,0.573907587905115,0.4877503076406757,0.04214659957581918,0.08641019578170828,0.0008533858737060835,0.0009986481713777362,-0.0014511847075601176,0.002710400374423464,1.6660990982213206,1.0916359163591671,1.4775154774636166,1.856725402705942,1.7507502195617843,1.2426679567031547,1.5789870885573993,1.9199547545716131
2H,DISCOVERY,OB,CAUSAL_DNO_QUANTILE_80_20_CONTROL_V1,STATE_BAND_CROSS,1,828,N_GE_100,0.532608695652174,0.49855148427461715,0.5663647209259884,0.4871517027863777,0.04545699286579624,0.09331178071593382,0.00019690060090749015,-0.0008579438261290262,-0.0006512745877457341,0.001097767073074721,3.1052795033078167,2.161070690702918,2.8688228253095622,3.385871549134522,3.3929278521670474,2.4647590103600097,3.164716120693759,3.6383397063020575
2H,DISCOVERY,OB,CAUSAL_DNO_QUANTILE_80_20_CONTROL_V1,STATE_BAND_CROSS,3,828,N_GE_100,0.5060386473429952,0.47203460478859993,0.5399869146929936,0.47801517262734167,0.02802347471565353,0.058624655283694205,0.0008299072518067935,-0.0001541833337448395,-0.000569393767640236,0.0023690613672688464,3.1052795033078167,2.161070690702918,2.8688228253095622,3.385871549134522,3.3929278521670474,2.4647590103600097,3.164716120693759,3.6383397063020575
2H,DISCOVERY,OB,CAUSAL_DNO_QUANTILE_80_20_CONTROL_V1,STATE_BAND_CROSS,5,828,N_GE_100,0.47342995169082125,0.4396218231113396,0.5074834911696484,0.47785692164756893,-0.004426969956747684,-0.009264216455177054,0.0020219587581300673,0.0009001095340693821,1.4119961106154633e-05,0.004180750957929753,3.1052795033078167,2.161070690702918,2.8688228253095622,3.385871549134522,3.3929278521670474,2.4647590103600097,3.164716120693759,3.6383397063020575
2H,DISCOVERY,OB,CAUSAL_DNO_QUANTILE_80_20_CONTROL_V1,STATE_BAND_CROSS,10,827,N_GE_100,0.43893591293833134,0.40547251823555785,0.47296399722057725,0.4735496863139958,-0.03461377337566446,-0.07309428002178664,0.005642723897603336,0.00624886161433591,0.002636281465648411,0.008616666174240652,3.10633247600176,2.15498476273399,2.8760244021880994,3.352853905821055,3.3968697345194308,2.4662827266023735,3.1847646898778086,3.601257573088727
2H,DISCOVERY,OB,PROJECT_DYNAMIC_EXTREMA_V1,STATE_BAND_CROSS,1,746,N_GE_100,0.5415549597855228,0.5056769232539583,0.5770072063008703,0.4871517027863777,0.05440325699914511,0.11167621233380287,-4.706940450517731e-05,-0.0009221801642124716,-0.0009516207855893289,0.0008766651769911051,3.1086566885028315,2.126964957862846,2.852980099344884,3.396698484212725,3.3194980829179257,2.3805409627170726,3.0906819008515134,3.552081497687154
2H,DISCOVERY,OB,PROJECT_DYNAMIC_EXTREMA_V1,STATE_BAND_CROSS,3,746,N_GE_100,0.4959785522788204,0.46021198678033437,0.5317863232627468,0.47801517262734167,0.017963379651478706,0.03757909932595993,0.0009614902417485423,0.0001749458340576382,-0.0006023118660925027,0.0025649676030750916,3.1086566885028315,2.126964957862846,2.852980099344884,3.396698484212725,3.3194980829179257,2.3805409627170726,3.0906819008515134,3.552081497687154
2H,DISCOVERY,OB,PROJECT_DYNAMIC_EXTREMA_V1,STATE_BAND_CROSS,5,746,N_GE_100,0.47989276139410186,0.44423625707948694,0.5157552931359185,0.47785692164756893,0.0020358397465329303,0.0042603542070998035,0.002268300209492771,0.0008901480959048191,0.0002405958862923572,0.004317702121834235,3.1086566885028315,2.126964957862846,2.852980099344884,3.396698484212725,3.3194980829179257,2.3805409627170726,3.0906819008515134,3.552081497687154
2H,DISCOVERY,OB,PROJECT_DYNAMIC_EXTREMA_V1,STATE_BAND_CROSS,10,746,N_GE_100,0.4544235924932976,0.4190169952434093,0.4902971852448432,0.4735496863139958,-0.019126093820698187,-0.040388779411029474,0.004679881724030616,0.0037368665115520283,0.001394703053981054,0.007813458226824749,3.1086566885028315,2.126964957862846,2.852980099344884,3.396698484212725,3.3194980829179257,2.3805409627170726,3.0906819008515134,3.552081497687154
2H,DISCOVERY,OS,CAUSAL_DNO_QUANTILE_80_20_CONTROL_V1,STATE_BAND_CROSS,1,943,N_GE_100,0.5726405090137858,0.5408339209087039,0.603857651578183,0.5115325077399381,0.061108001273847745,0.11946064101348353,0.000648124730319373,0.0015782272760818117,-0.0004193097692730173,0.0016293720260521193,3.3653161494936814,2.4430871737923407,3.150304223511864,3.5731071396581,3.715802769241701,2.480301853290422,3.4324860091399456,3.9902371376845887
2H,DISCOVERY,OS,CAUSAL_DNO_QUANTILE_80_20_CONTROL_V1,STATE_BAND_CROSS,3,943,N_GE_100,0.542948038176034,0.511042631253206,0.5745049408010848,0.5211333023687877,0.021814735807246244,0.04186018377272838,0.0008631769153191624,0.0013325274061046777,-0.0008210013196418622,0.0026701733872395647,3.3653161494936814,2.4430871737923407,3.150304223511864,3.5731071396581,3.715802769241701,2.480301853290422,3.4324860091399456,3.9902371376845887
2H,DISCOVERY,OS,CAUSAL_DNO_QUANTILE_80_20_CONTROL_V1,STATE_BAND_CROSS,5,943,N_GE_100,0.5620360551431601,0.530181056563334,0.5933876586261972,0.5212139981418396,0.04082205700132058,0.07832110639171974,0.0021581880477155543,0.0032048169369718327,0.00011134611054715176,0.004291823420022799,3.3653161494936814,2.4430871737923407,3.150304223511864,3.5731071396581,3.715802769241701,2.480301853290422,3.4324860091399456,3.9902371376845887
2H,DISCOVERY,OS,CAUSAL_DNO_QUANTILE_80_20_CONTROL_V1,STATE_BAND_CROSS,10,943,N_GE_100,0.5620360551431601,0.530181056563334,0.5933876586261972,0.5259855936798079,0.036050461463352224,0.06853887615275234,0.0036253833740520023,0.0057775425597601515,0.0007724049137275269,0.006683811319342573,3.3653161494936814,2.4430871737923407,3.150304223511864,3.5731071396581,3.715802769241701,2.480301853290422,3.4324860091399456,3.9902371376845887
2H,DISCOVERY,OS,PROJECT_DYNAMIC_EXTREMA_V1,STATE_BAND_CROSS,1,737,N_GE_100,0.5508819538670285,0.5147990053870968,0.5864372102897768,0.5115325077399381,0.03934944612709046,0.07692462459706584,-0.00016295365314960178,0.001440450468146448,-0.0015295012434724737,0.0010572955725450504,3.37623054514599,2.4582104228121926,3.1581798184764986,3.607557218987487,3.9180264643448712,2.574808629088388,3.597122566108263,4.2324447957370355
2H,DISCOVERY,OS,PROJECT_DYNAMIC_EXTREMA_V1,STATE_BAND_CROSS,3,737,N_GE_100,0.5644504748982361,0.528410030822496,0.5998225090348769,0.5211333023687877,0.04331717252944833,0.08312109844554572,0.0009777887141192436,0.001911943936623972,-0.0010169579050378027,0.002959830824685987,3.37623054514599,2.4582104228121926,3.1581798184764986,3.607557218987487,3.9180264643448712,2.574808629088388,3.597122566108263,4.2324447957370355
2H,DISCOVERY,OS,PROJECT_DYNAMIC_EXTREMA_V1,STATE_BAND_CROSS,5,737,N_GE_100,0.5468113975576662,0.5107209328145453,0.5824163856081782,0.5212139981418396,0.025597399415826616,0.04911111272353197,0.0011054406567422193,0.002525385384332113,-0.00166009836906848,0.003764602253325915,3.37623054514599,2.4582104228121926,3.1581798184764986,3.607557218987487,3.9180264643448712,2.574808629088388,3.597122566108263,4.2324447957370355
2H,DISCOVERY,OS,PROJECT_DYNAMIC_EXTREMA_V1,STATE_BAND_CROSS,10,737,N_GE_100,0.5644504748982361,0.528410030822496,0.5998225090348769,0.5259855936798079,0.03846488121842817,0.07312915349891425,0.0027203695783585653,0.00543512591594375,-0.0007890327440642311,0.006122939921639469,3.37623054514599,2.4582104228121926,3.1581798184764986,3.607557218987487,3.9180264643448712,2.574808629088388,3.597122566108263,4.2324447957370355
2H,VALIDATION,OB,CAUSAL_DNO_QUANTILE_80_20_CONTROL_V1,STATE_BAND_CROSS,1,278,N_GE_100,0.5431654676258992,0.48441752391706516,0.6007366903649995,0.49133333333333334,0.05183213429256589,0.10549281063615856,0.0002666466906197539,-0.0006251671170108275,-0.0010754104878133383,0.0017536931429572855,2.42826504955737,1.5073003226917088,2.080482597165667,2.7458928677417362,2.8355870877358105,1.8842683341208728,2.508338630375758,3.214941132791308
2H,VALIDATION,OB,CAUSAL_DNO_QUANTILE_80_20_CONTROL_V1,STATE_BAND_CROSS,3,278,N_GE_100,0.5251798561151079,0.46653515686374913,0.5831381348007886,0.5024455313472654,0.02273432476784243,0.04524734194944924,-0.00024306260128756623,-0.0005379369533904943,-0.0028242499370047967,0.002396608483305374,2.42826504955737,1.5073003226917088,2.080482597165667,2.7458928677417362,2.8355870877358105,1.8842683341208728,2.508338630375758,3.214941132791308
2H,VALIDATION,OB,CAUSAL_DNO_QUANTILE_80_20_CONTROL_V1,STATE_BAND_CROSS,5,278,N_GE_100,0.4892086330935252,0.4309945876858243,0.5477168587436595,0.5115658362989324,-0.022357203205407183,-0.043703472005004684,0.0010867004709196834,0.00046858273768501935,-0.0021272705017983855,0.004390720716539765,2.42826504955737,1.5073003226917088,2.080482597165667,2.7458928677417362,2.8355870877358105,1.8842683341208728,2.508338630375758,3.214941132791308
2H,VALIDATION,OB,CAUSAL_DNO_QUANTILE_80_20_CONTROL_V1,STATE_BAND_CROSS,10,278,N_GE_100,0.4568345323741007,0.3992633096350004,0.5155824760829348,0.5021153417947005,-0.04528080942059981,-0.09018009539153604,0.0037625605038759872,0.0017835088252229347,-0.0007657145760101818,0.00827832922645649,2.42826504955737,1.5073003226917088,2.080482597165667,2.7458928677417362,2.8355870877358105,1.8842683341208728,2.508338630375758,3.214941132791308
2H,VALIDATION,OB,PROJECT_DYNAMIC_EXTREMA_V1,STATE_BAND_CROSS,1,244,N_GE_100,0.48360655737704916,0.42164366298272593,0.5460776557950742,0.49133333333333334,-0.007726775956284182,-0.01572613830994063,0.001473959534599365,0.00030635086690167235,-0.00031019059973547353,0.003482820783191244,2.2879184549682954,1.5198019087424834,1.9573048070041141,2.6271157615527403,2.890140153191975,2.129212229280232,2.511102508707062,3.2593116262819786
2H,VALIDATION,OB,PROJECT_DYNAMIC_EXTREMA_V1,STATE_BAND_CROSS,3,244,N_GE_100,0.4959016393442623,0.4337172784108756,0.5582130512835745,0.5024455313472654,-0.006543892003003149,-0.013024082402437243,0.000891613915554776,0.0003625677597137722,-0.0017364833982835592,0.004088607763994545,2.2879184549682954,1.5198019087424834,1.9573048070041141,2.6271157615527403,2.890140153191975,2.129212229280232,2.511102508707062,3.2593116262819786
2H,VALIDATION,OB,PROJECT_DYNAMIC_EXTREMA_V1,STATE_BAND_CROSS,5,244,N_GE_100,0.48770491803278687,0.42566408087997964,0.5501269082033704,0.5115658362989324,-0.023860918266145503,-0.046642908054169596,0.0027642148533984926,0.0004376203625646724,-0.0006327626925649427,0.005802251444296902,2.2879184549682954,1.5198019087424834,1.9573048070041141,2.6271157615527403,2.890140153191975,2.129212229280232,2.511102508707062,3.2593116262819786
2H,VALIDATION,OB,PROJECT_DYNAMIC_EXTREMA_V1,STATE_BAND_CROSS,10,244,N_GE_100,0.430327868852459,0.369755708640759,0.4930598961648911,0.5021153417947005,-0.07178747294224153,-0.14297008469339545,0.005478415772899422,0.002430801751051148,0.000861995395103515,0.009990699308225466,2.2879184549682954,1.5198019087424834,1.9573048070041141,2.6271157615527403,2.890140153191975,2.129212229280232,2.511102508707062,3.2593116262819786
2H,VALIDATION,OS,CAUSAL_DNO_QUANTILE_80_20_CONTROL_V1,STATE_BAND_CROSS,1,284,N_GE_100,0.5985915492957746,0.540631576264372,0.6539198714763298,0.5077777777777778,0.09081377151799686,0.17884550189539872,-0.0003698455641533259,0.0015185619268133221,-0.002034392281722256,0.0011368822897324094,2.4857806102869877,1.592597930858677,2.2068569927489547,2.8348740797562115,2.6756547322508073,1.9629877762496066,2.3496147070677256,3.0262323498378305
2H,VALIDATION,OS,CAUSAL_DNO_QUANTILE_80_20_CONTROL_V1,STATE_BAND_CROSS,3,284,N_GE_100,0.5774647887323944,0.5193560782410539,0.6335057735552118,0.49733214762116495,0.08013264111122942,0.16112499763894061,-0.0005860868260225557,0.001852555087073382,-0.002762564135787488,0.001599440933240914,2.4857806102869877,1.592597930858677,2.2068569927489547,2.8348740797562115,2.6756547322508073,1.9629877762496066,2.3496147070677256,3.0262323498378305
2H,VALIDATION,OS,CAUSAL_DNO_QUANTILE_80_20_CONTROL_V1,STATE_BAND_CROSS,5,284,N_GE_100,0.5352112676056338,0.47711988368818353,0.59236277621921,0.48821174377224197,0.04699952383339179,0.09626872854438706,-0.00026048191163293447,0.0012039633976055342,-0.0030479343600852823,0.0025488305545076275,2.4857806102869877,1.592597930858677,2.2068569927489547,2.8348740797562115,2.6756547322508073,1.9629877762496066,2.3496147070677256,3.0262323498378305
2H,VALIDATION,OS,CAUSAL_DNO_QUANTILE_80_20_CONTROL_V1,STATE_BAND_CROSS,10,284,N_GE_100,0.4964788732394366,0.43876433944378057,0.55428739456548,0.4972166555332888,-0.000737782293852185,-0.0014838245775593562,-0.0014532213740516148,-0.00034172083718087,-0.005612383451840201,0.002610727310515622,2.4857806102869877,1.592597930858677,2.2068569927489547,2.8348740797562115,2.6756547322508073,1.9629877762496066,2.3496147070677256,3.0262323498378305
2H,VALIDATION,OS,PROJECT_DYNAMIC_EXTREMA_V1,STATE_BAND_CROSS,1,244,N_GE_100,0.5409836065573771,0.47830462350081776,0.6023920795546823,0.5077777777777778,0.03320582877959932,0.06539441116332467,-0.0007323440217703974,0.0007780251780423741,-0.002203450601210931,0.0009842896413655726,2.4743405363151605,1.72288282831645,2.1516052949557922,2.8616989140905917,2.888703058640474,2.1347790855437574,2.554298042694263,3.2391709175334893
2H,VALIDATION,OS,PROJECT_DYNAMIC_EXTREMA_V1,STATE_BAND_CROSS,3,244,N_GE_100,0.5409836065573771,0.47830462350081776,0.6023920795546823,0.49733214762116495,0.04365145893621214,0.08777123929149844,-0.000640458507951804,0.0009331750151522211,-0.0028295047356907367,0.0018645078628281365,2.4743405363151605,1.72288282831645,2.1516052949557922,2.8616989140905917,2.888703058640474,2.1347790855437574,2.554298042694263,3.2391709175334893
2H,VALIDATION,OS,PROJECT_DYNAMIC_EXTREMA_V1,STATE_BAND_CROSS,5,244,N_GE_100,0.5286885245901639,0.4660948617733403,0.5903928303655096,0.48821174377224197,0.04047678081792194,0.08290824900108285,-0.0011635113338335518,0.0013612101002569155,-0.003858176629973393,0.001688428236784281,2.4743405363151605,1.72288282831645,2.1516052949557922,2.8616989140905917,2.888703058640474,2.1347790855437574,2.554298042694263,3.2391709175334893
2H,VALIDATION,OS,PROJECT_DYNAMIC_EXTREMA_V1,STATE_BAND_CROSS,10,244,N_GE_100,0.48360655737704916,0.42164366298272593,0.5460776557950742,0.4972166555332888,-0.013610098156239647,-0.02737257089998757,-0.0024251464888984716,-0.0009445632124111536,-0.007284751288953186,0.0026821986081354407,2.4743405363151605,1.72288282831645,2.1516052949557922,2.8616989140905917,2.888703058640474,2.1347790855437574,2.554298042694263,3.2391709175334893
30m,DISCOVERY,OB,CAUSAL_DNO_QUANTILE_80_20_CONTROL_V1,STATE_BAND_CROSS,1,3480,N_GE_100,0.5511494252873563,0.5345766391340795,0.5676094074416317,0.49380942479632534,0.057340000491030996,0.11611767133582185,0.0001649048479670993,-0.0005444964003875064,-8.835796193120686e-05,0.0004638056122071717,1.628936510248443,1.0567865915413237,1.5729471046894947,1.6946934425609272,1.5801596412721703,1.0525577746459645,1.5287326784478972,1.6376979730424075
30m,DISCOVERY,OB,CAUSAL_DNO_QUANTILE_80_20_CONTROL_V1,STATE_BAND_CROSS,3,3480,N_GE_100,0.5339080459770115,0.5173054433221991,0.5504358684527104,0.49087918942931136,0.04302885654770011,0.0876567136564188,0.00019933001403342877,-0.0005396194000397148,-0.0002404323901162443,0.0006096664006862056,1.628936510248443,1.0567865915413237,1.5729471046894947,1.6946934425609272,1.5801596412721703,1.0525577746459645,1.5287326784478972,1.6376979730424075
30m,DISCOVERY,OB,CAUSAL_DNO_QUANTILE_80_20_CONTROL_V1,STATE_BAND_CROSS,5,3479,N_GE_100,0.5306122448979592,0.5140038195737968,0.5471531391578321,0.4871358626817142,0.043476382216245,0.08924898687792093,0.00013682918251569688,-0.0007084159818645519,-0.0003787302297070506,0.000660536233660902,1.629402156197077,1.0570824524313045,1.5750977315062096,1.6998497898551124,1.580332974577675,1.0532843491905437,1.5291222759186074,1.6365682518803213
30m,DISCOVERY,OB,CAUSAL_DNO_QUANTILE_80_20_CONTROL_V1,STATE_BAND_CROSS,10,3479,N_GE_100,0.5139407875826387,0.49732608195791816,0.5305247396240913,0.48007335425568115,0.033867433326957574,0.0705463717715944,7.006251576196602e-05,-0.0003753518923991228,-0.0006830896230820073,0.0007107146542093087,1.629402156197077,1.0570824524313045,1.5750977315062096,1.6998497898551124,1.580332974577675,1.0532843491905437,1.5291222759186074,1.6365682518803213
30m,DISCOVERY,OB,PROJECT_DYNAMIC_EXTREMA_V1,STATE_BAND_CROSS,1,3054,N_GE_100,0.5412573673870335,0.5235436560684005,0.5588674145377422,0.49380942479632534,0.047447942590708114,0.09608553463773672,0.00025509378777895667,-0.0004763870662932712,-5.237945713905486e-05,0.0005236827276048428,1.6171777976805937,1.0345673036896266,1.5479183977294952,1.6862036937147045,1.6067559553417985,1.0866914540509889,1.5467116938314436,1.6635455437335498
30m,DISCOVERY,OB,PROJECT_DYNAMIC_EXTREMA_V1,STATE_BAND_CROSS,3,3053,N_GE_100,0.5230920406157877,0.5053567729261935,0.5407692677557966,0.49087918942931136,0.03221285118647638,0.06562276804589451,0.0003924630291453768,-0.00039019822069596977,-6.967283929013654e-05,0.0008148660633414182,1.6175593782978939,1.0356150543066345,1.5548457334417725,1.6832594880842404,1.60726295448201,1.0867624743372322,1.5448238994050936,1.662712386577466
30m,DISCOVERY,OB,PROJECT_DYNAMIC_EXTREMA_V1,STATE_BAND_CROSS,5,3053,N_GE_100,0.524729773992794,0.5069952242580192,0.5424021668269491,0.4871358626817142,0.03759391131107975,0.0771733600234703,0.0005521421468698931,-0.000447393930355644,1.1001071729329989e-05,0.001075100941172303,1.6175593782978939,1.0356150543066345,1.5548457334417725,1.6832594880842404,1.60726295448201,1.0867624743372322,1.5448238994050936,1.662712386577466
30m,DISCOVERY,OB,PROJECT_DYNAMIC_EXTREMA_V1,STATE_BAND_CROSS,10,3053,N_GE_100,0.5109728136259417,0.49323814999403126,0.5286798977059215,0.48007335425568115,0.030899459370260562,0.06436403748791242,0.00038567080496002253,-0.00023810153707781723,-0.0003999392070709123,0.0010895150169293669,1.6175593782978939,1.0356150543066345,1.5548457334417725,1.6832594880842404,1.60726295448201,1.0867624743372322,1.5448238994050936,1.662712386577466
30m,DISCOVERY,OS,CAUSAL_DNO_QUANTILE_80_20_CONTROL_V1,STATE_BAND_CROSS,1,3780,N_GE_100,0.5671957671957671,0.5513403172917926,0.5829147741475531,0.5034875148857343,0.06370825231003285,0.12653392671413388,1.1685116385864253e-05,0.0007527346232726329,-0.00029318911374728163,0.00030677381690898304,1.6300172654595204,1.1281841634194045,1.5749378168582024,1.6851968344372326,1.8398011570554835,1.1411913037145043,1.7739267479579497,1.9213032541211297
30m,DISCOVERY,OS,CAUSAL_DNO_QUANTILE_80_20_CONTROL_V1,STATE_BAND_CROSS,3,3780,N_GE_100,0.5666666666666667,0.5508094790110094,0.5823884857240895,0.507325003308066,0.059341663358600694,0.11696971955187929,0.000466411777073834,0.0012405086259780207,4.764631757475093e-06,0.0009339570397655484,1.6300172654595204,1.1281841634194045,1.5749378168582024,1.6851968344372326,1.8398011570554835,1.1411913037145043,1.7739267479579497,1.9213032541211297
30m,DISCOVERY,OS,CAUSAL_DNO_QUANTILE_80_20_CONTROL_V1,STATE_BAND_CROSS,5,3780,N_GE_100,0.5722222222222222,0.5563841955855628,0.5879135995441276,0.5112762055993497,0.06094601662287247,0.11920370233429445,0.0009360460546189271,0.0017306707815206712,0.00040933829355932884,0.0014792256670925273,1.6300172654595204,1.1281841634194045,1.5749378168582024,1.6851968344372326,1.8398011570554835,1.1411913037145043,1.7739267479579497,1.9213032541211297
30m,DISCOVERY,OS,CAUSAL_DNO_QUANTILE_80_20_CONTROL_V1,STATE_BAND_CROSS,10,3779,N_GE_100,0.5567610478962689,0.5408725909169659,0.5725342194554272,0.5191326048323062,0.037628443063962735,0.0724832975499925,0.001282203507460762,0.0018646839575022778,0.0005902554808331793,0.002013918484032388,1.6302016161766508,1.1282144977846793,1.5713545976232308,1.6864360175084223,1.840192735866745,1.1419418637012213,1.7702830366575877,1.9186728797910322
30m,DISCOVERY,OS,PROJECT_DYNAMIC_EXTREMA_V1,STATE_BAND_CROSS,1,3032,N_GE_100,0.5686015831134564,0.5508964292354811,0.586133118024165,0.5034875148857343,0.06511406822772214,0.12932608317507066,-1.1140959000269036e-05,0.0007400643722070832,-0.00035001032522387836,0.00035018715226993485,1.626267742526905,1.1422301397165402,1.5648378741439661,1.6915821841651058,1.8457660763267345,1.1603847341901579,1.7669908829493208,1.930407916729013
30m,DISCOVERY,OS,PROJECT_DYNAMIC_EXTREMA_V1,STATE_BAND_CROSS,3,3032,N_GE_100,0.5587071240105541,0.5409693693452753,0.5762963009057682,0.507325003308066,0.051382120702488154,0.10128048167830417,0.0003932468294343188,0.0012138494893025875,-0.0001078040606143109,0.000934863930033257,1.626267742526905,1.1422301397165402,1.5648378741439661,1.6915821841651058,1.8457660763267345,1.1603847341901579,1.7669908829493208,1.930407916729013
30m,DISCOVERY,OS,PROJECT_DYNAMIC_EXTREMA_V1,STATE_BAND_CROSS,5,3032,N_GE_100,0.5692612137203166,0.5515584870769242,0.5867886519832953,0.5112762055993497,0.05798500812096685,0.11341229551841403,0.0007488767973321144,0.001598138061632337,0.00012784826401014706,0.0013672673922655594,1.626267742526905,1.1422301397165402,1.5648378741439661,1.6915821841651058,1.8457660763267345,1.1603847341901579,1.7669908829493208,1.930407916729013
30m,DISCOVERY,OS,PROJECT_DYNAMIC_EXTREMA_V1,STATE_BAND_CROSS,10,3031,N_GE_100,0.5615308479049819,0.5437987368692684,0.5791071834924401,0.5191326048323062,0.0423982430726757,0.08167131611078737,0.0014832572792269172,0.0022634014538196467,0.0006335150887361497,0.0023526087354812262,1.6264963508532342,1.1424966706385407,1.5665195631739912,1.6883530554640227,1.8462562581964237,1.1606262536973424,1.7698363937416823,1.9319981783215292
30m,VALIDATION,OB,CAUSAL_DNO_QUANTILE_80_20_CONTROL_V1,STATE_BAND_CROSS,1,1178,N_GE_100,0.5679117147707979,0.5394476064655549,0.5959343262739931,0.49415172106494376,0.07375999370585418,0.14926588446741507,4.130655728943933e-05,-0.00037293332750415464,-0.0003536667712348771,0.00042042405413433663,1.2247015919738469,0.7724792897261302,1.143399668681192,1.3107061959617752,1.4002272592712963,0.864090938254731,1.3041718085238447,1.4912083800492926
30m,VALIDATION,OB,CAUSAL_DNO_QUANTILE_80_20_CONTROL_V1,STATE_BAND_CROSS,3,1178,N_GE_100,0.5534804753820034,0.5249629725361384,0.5816502994962558,0.49721479500891264,0.056265680373090765,0.11316171790922303,0.00034988967141265235,-0.0006158149384551947,-0.00022084159522420927,0.0009918804757550886,1.2247015919738469,0.7724792897261302,1.143399668681192,1.3107061959617752,1.4002272592712963,0.864090938254731,1.3041718085238447,1.4912083800492926
30m,VALIDATION,OB,CAUSAL_DNO_QUANTILE_80_20_CONTROL_V1,STATE_BAND_CROSS,5,1178,N_GE_100,0.5186757215619694,0.49012817648063967,0.5471018550227359,0.5006685236768802,0.0180071978850892,0.0359663071144265,0.00031752371779973957,-0.00037101538091427466,-0.00040238700293358706,0.0011545381432046262,1.2247015919738469,0.7724792897261302,1.143399668681192,1.3107061959617752,1.4002272592712963,0.864090938254731,1.3041718085238447,1.4912083800492926
30m,VALIDATION,OB,CAUSAL_DNO_QUANTILE_80_20_CONTROL_V1,STATE_BAND_CROSS,10,1178,N_GE_100,0.5144312393887945,0.48588950106456386,0.5428791596425901,0.5000278629144609,0.014403376474333651,0.028805147757931193,0.0007975584608808396,-0.00033898702382800794,-0.000292927268723057,0.0020021715310249927,1.2247015919738469,0.7724792897261302,1.143399668681192,1.3107061959617752,1.4002272592712963,0.864090938254731,1.3041718085238447,1.4912083800492926
30m,VALIDATION,OB,PROJECT_DYNAMIC_EXTREMA_V1,STATE_BAND_CROSS,1,972,N_GE_100,0.5627572016460906,0.5313856759504294,0.5936346142278126,0.49415172106494376,0.0686054805811468,0.13883485103177517,-8.566618925819863e-05,-0.00031045125126982764,-0.0005346733299355488,0.0002994296159435073,1.2206963418399663,0.7618780564655094,1.1214184309230948,1.3211847408179032,1.3222065180940625,0.7991387106082342,1.219677218108737,1.426094276957377
30m,VALIDATION,OB,PROJECT_DYNAMIC_EXTREMA_V1,STATE_BAND_CROSS,3,972,N_GE_100,0.551440329218107,0.5200320521710226,0.5824435955160613,0.49721479500891264,0.054225534209194404,0.10905856936180358,0.0001723668651542648,-0.0006435036454845999,-0.00040477259863214865,0.000773328061997454,1.2206963418399663,0.7618780564655094,1.1214184309230948,1.3211847408179032,1.3222065180940625,0.7991387106082342,1.219677218108737,1.426094276957377
30m,VALIDATION,OB,PROJECT_DYNAMIC_EXTREMA_V1,STATE_BAND_CROSS,5,972,N_GE_100,0.5349794238683128,0.5035467000318422,0.5661367403953746,0.5006685236768802,0.03431090019143257,0.06853017229734215,-6.602029776682614e-05,-0.0004511732817806813,-0.0009569051425386685,0.0007858286343338447,1.2206963418399663,0.7618780564655094,1.1214184309230948,1.3211847408179032,1.3222065180940625,0.7991387106082342,1.219677218108737,1.426094276957377
30m,VALIDATION,OB,PROJECT_DYNAMIC_EXTREMA_V1,STATE_BAND_CROSS,10,972,N_GE_100,0.5216049382716049,0.49017748971942804,0.5528622823091471,0.5000278629144609,0.021577075357144038,0.043151746047470185,0.000189418250730427,-0.0006311420186668193,-0.0009764677720674261,0.0015086407804370554,1.2206963418399663,0.7618780564655094,1.1214184309230948,1.3211847408179032,1.3222065180940625,0.7991387106082342,1.219677218108737,1.426094276957377
30m,VALIDATION,OS,CAUSAL_DNO_QUANTILE_80_20_CONTROL_V1,STATE_BAND_CROSS,1,1210,N_GE_100,0.6008264462809917,0.572954937977305,0.6280597578446209,0.5044001336749471,0.09642631260604462,0.19117027567678058,0.00022206881770474603,0.0007175463737630894,-8.615594357174308e-05,0.0005587396211680259,1.206308518935808,0.7463604117929843,1.1346614694749024,1.2843387088064866,1.2642172501207407,0.7900812452984762,1.181155919346706,1.3521680071580122
30m,VALIDATION,OS,CAUSAL_DNO_QUANTILE_80_20_CONTROL_V1,STATE_BAND_CROSS,3,1210,N_GE_100,0.5702479338842975,0.5421753195876607,0.5978759029112221,0.5022281639928698,0.06801976989142766,0.13543599257884975,0.000156546877077008,0.0009975079048470947,-0.0004060931391378509,0.0007034722027421163,1.206308518935808,0.7463604117929843,1.1346614694749024,1.2843387088064866,1.2642172501207407,0.7900812452984762,1.181155919346706,1.3521680071580122
30m,VALIDATION,OS,CAUSAL_DNO_QUANTILE_80_20_CONTROL_V1,STATE_BAND_CROSS,5,1209,N_GE_100,0.5773366418527709,0.5492892534448924,0.6048941122971797,0.49899721448467965,0.07833942736809124,0.15699371678656227,0.00018514264548807064,0.0010530508097015279,-0.0005912287408282832,0.0008854299882968248,1.2071203875606586,0.7464229859504423,1.133999873677278,1.2824341442240845,1.2651706862296561,0.7908379953721465,1.1850551703117838,1.3531183548177994
30m,VALIDATION,OS,CAUSAL_DNO_QUANTILE_80_20_CONTROL_V1,STATE_BAND_CROSS,10,1208,N_GE_100,0.5538079470198676,0.5256487382645387,0.5816260078739006,0.49941487879632207,0.054393068223545504,0.10891359175089543,0.00035500416659574915,0.0010101564653715034,-0.0007179269530128989,0.0013642287089662107,1.207974555225402,0.7467077306361551,1.1338945815934132,1.2796792861574025,1.2660122895972508,0.7928695849103691,1.1901232351423112,1.3516584435436514
30m,VALIDATION,OS,PROJECT_DYNAMIC_EXTREMA_V1,STATE_BAND_CROSS,1,982,N_GE_100,0.6018329938900203,0.5708757237420929,0.6319966241077035,0.5044001336749471,0.09743286021507325,0.19316580966225994,0.0001765738086407375,0.0007689580856934386,-0.00020948769741357173,0.0005622121301306097,1.1706083291793377,0.7564523100737529,1.0927562148522478,1.243770470943525,1.3095018945834938,0.7753242656768844,1.219544284952172,1.4061533279235554
30m,VALIDATION,OS,PROJECT_DYNAMIC_EXTREMA_V1,STATE_BAND_CROSS,3,982,N_GE_100,0.5743380855397149,0.5431818752941545,0.604914938636197,0.5022281639928698,0.07210992154684503,0.1435800035058743,0.00016851341734220484,0.0009596717701197965,-0.0004789639679323446,0.0008469250338129026,1.1706083291793377,0.7564523100737529,1.0927562148522478,1.243770470943525,1.3095018945834938,0.7753242656768844,1.219544284952172,1.4061533279235554
30m,VALIDATION,OS,PROJECT_DYNAMIC_EXTREMA_V1,STATE_BAND_CROSS,5,982,N_GE_100,0.5743380855397149,0.5431818752941545,0.604914938636197,0.49899721448467965,0.07534087105503523,0.1509845523543465,3.689829605452641e-05,0.0011687435386412703,-0.0007965876828270061,0.0008607599411690378,1.1706083291793377,0.7564523100737529,1.0927562148522478,1.243770470943525,1.3095018945834938,0.7753242656768844,1.219544284952172,1.4061533279235554
30m,VALIDATION,OS,PROJECT_DYNAMIC_EXTREMA_V1,STATE_BAND_CROSS,10,982,N_GE_100,0.554989816700611,0.5237520660180865,0.5857990018208035,0.49941487879632207,0.05557493790428891,0.11128010050127934,-0.00017988845967077492,0.0010905218361656477,-0.0011883934765853895,0.0008874546973282042,1.1706083291793377,0.7564523100737529,1.0927562148522478,1.243770470943525,1.3095018945834938,0.7753242656768844,1.219544284952172,1.4061533279235554
4H,DISCOVERY,OB,CAUSAL_DNO_QUANTILE_80_20_CONTROL_V1,STATE_BAND_CROSS,1,423,N_GE_100,0.5011820330969267,0.4537372031347187,0.5486055863216042,0.4824548078383716,0.01872722525855508,0.038816537744668755,0.0020673828864682512,-3.930401656815352e-05,0.0005555597541133141,0.003585295043572891,4.307527254739972,3.051372703068389,3.917405822643922,4.736134299112863,5.169724234633865,3.6421192560298223,4.645224572157985,5.658116281235224
4H,DISCOVERY,OB,CAUSAL_DNO_QUANTILE_80_20_CONTROL_V1,STATE_BAND_CROSS,3,423,N_GE_100,0.44208037825059104,0.39548378079666285,0.48971953584351463,0.4745479410423948,-0.03246756279180374,-0.06841787727597193,0.004025550678731438,0.0032842241598631805,0.001264518725458666,0.00718683856472146,4.307527254739972,3.051372703068389,3.917405822643922,4.736134299112863,5.169724234633865,3.6421192560298223,4.645224572157985,5.658116281235224
4H,DISCOVERY,OB,CAUSAL_DNO_QUANTILE_80_20_CONTROL_V1,STATE_BAND_CROSS,5,423,N_GE_100,0.4515366430260047,0.40475982188261594,0.4991858104081447,0.46770025839793283,-0.01616361537192812,-0.03455977430351487,0.006951990788815589,0.005604319845361694,0.003148529503484631,0.011266213831359744,4.307527254739972,3.051372703068389,3.917405822643922,4.736134299112863,5.169724234633865,3.6421192560298223,4.645224572157985,5.658116281235224
4H,DISCOVERY,OB,CAUSAL_DNO_QUANTILE_80_20_CONTROL_V1,STATE_BAND_CROSS,10,423,N_GE_100,0.4657210401891253,0.4187058307168437,0.5133532750497918,0.4625798600547612,0.0031411801343640966,0.0067905683009896745,0.008961624777094987,0.005100505033613034,0.0029392150211203696,0.01529654747181877,4.307527254739972,3.051372703068389,3.917405822643922,4.736134299112863,5.169724234633865,3.6421192560298223,4.645224572157985,5.658116281235224
4H,DISCOVERY,OB,PROJECT_DYNAMIC_EXTREMA_V1,STATE_BAND_CROSS,1,411,N_GE_100,0.5182481751824818,0.4699954566228479,0.5661629228646481,0.4824548078383716,0.035793367344110205,0.07419009358509987,0.0006139883540562555,-0.0008634568355142536,-0.0009522833226416176,0.0023415152853860795,4.456570647932885,3.0666244515808048,4.03225841197885,4.919173375037546,4.955292795281425,3.6080738309855134,4.448040566039886,5.441025953751262
4H,DISCOVERY,OB,PROJECT_DYNAMIC_EXTREMA_V1,STATE_BAND_CROSS,3,411,N_GE_100,0.4720194647201946,0.4242377848863867,0.5203193665661197,0.4745479410423948,-0.002528476322200157,-0.005328178890937951,0.0021639636640224395,0.00211912943871706,-0.0010176644498807374,0.0056383718018830796,4.456570647932885,3.0666244515808048,4.03225841197885,4.919173375037546,4.955292795281425,3.6080738309855134,4.448040566039886,5.441025953751262
4H,DISCOVERY,OB,PROJECT_DYNAMIC_EXTREMA_V1,STATE_BAND_CROSS,5,411,N_GE_100,0.45498783454987834,0.40748273082305997,0.5033265997744502,0.46770025839793283,-0.012712423848054488,-0.027180707343630317,0.003709968599121402,0.005022414302203959,-0.0011608757411739378,0.007983291591599497,4.456570647932885,3.0666244515808048,4.03225841197885,4.919173375037546,4.955292795281425,3.6080738309855134,4.448040566039886,5.441025953751262
4H,DISCOVERY,OB,PROJECT_DYNAMIC_EXTREMA_V1,STATE_BAND_CROSS,10,411,N_GE_100,0.4720194647201946,0.4242377848863867,0.5203193665661197,0.4625798600547612,0.009439604665433421,0.020406432446747447,0.008566870059616576,0.005362242816343343,0.0019385961726647721,0.014207515224941264,4.456570647932885,3.0666244515808048,4.03225841197885,4.919173375037546,4.955292795281425,3.6080738309855134,4.448040566039886,5.441025953751262
4H,DISCOVERY,OS,CAUSAL_DNO_QUANTILE_80_20_CONTROL_V1,STATE_BAND_CROSS,1,429,N_GE_100,0.5524475524475524,0.5051352020673898,0.5988289270736169,0.516329940756494,0.03611761169105843,0.06995064364879022,-0.0006890775507809929,0.00170671321600957,-0.0028615183990612003,0.0014431222846461803,4.608010869622073,3.1893554426317263,4.146276456192341,5.061391252497763,5.285831551758871,3.813887070863329,4.733224654024218,5.859043336831756
4H,DISCOVERY,OS,CAUSAL_DNO_QUANTILE_80_20_CONTROL_V1,STATE_BAND_CROSS,3,429,N_GE_100,0.5361305361305362,0.4888275038660202,0.5827922295422289,0.5251481537760219,0.01098238235451432,0.020912921954588715,-0.0009244760853990439,0.0015495186601610644,-0.0044282712484253525,0.0024976163209993836,4.608010869622073,3.1893554426317263,4.146276456192341,5.061391252497763,5.285831551758871,3.813887070863329,4.733224654024218,5.859043336831756
4H,DISCOVERY,OS,CAUSAL_DNO_QUANTILE_80_20_CONTROL_V1,STATE_BAND_CROSS,5,429,N_GE_100,0.5407925407925408,0.4934817157331878,0.5873792735987063,0.5321477428180574,0.008644797974483365,0.016245108790095886,0.0008451478770325036,0.003773334659637362,-0.0038124617895890097,0.005620377254430186,4.608010869622073,3.1893554426317263,4.146276456192341,5.061391252497763,5.285831551758871,3.813887070863329,4.733224654024218,5.859043336831756
4H,DISCOVERY,OS,CAUSAL_DNO_QUANTILE_80_20_CONTROL_V1,STATE_BAND_CROSS,10,429,N_GE_100,0.5431235431235432,0.49581035833752685,0.5896712589561899,0.5372680255552176,0.0058555175683255856,0.01089868983413722,0.00462290642917376,0.004531923401608351,-0.0012327655780375165,0.01068617501706575,4.608010869622073,3.1893554426317263,4.146276456192341,5.061391252497763,5.285831551758871,3.813887070863329,4.733224654024218,5.859043336831756
4H,DISCOVERY,OS,PROJECT_DYNAMIC_EXTREMA_V1,STATE_BAND_CROSS,1,336,N_GE_100,0.5535714285714286,0.5001080467118834,0.6058236579411079,0.516329940756494,0.03724148781493464,0.07212730635060738,-0.00045036711747142323,0.0018423358577946969,-0.0030368997652234606,0.0018549245209845255,4.784295036478671,3.7966107037316457,4.392149593564798,5.242680183567328,4.999262239783055,3.4313757217266065,4.353479652406409,5.598469329008033
4H,DISCOVERY,OS,PROJECT_DYNAMIC_EXTREMA_V1,STATE_BAND_CROSS,3,336,N_GE_100,0.5714285714285714,0.5179998432211432,0.6232424296495118,0.5251481537760219,0.04628041765254953,0.08812830687830675,0.0009755552256562711,0.003341072622993879,-0.00318990976468494,0.004717617576158158,4.784295036478671,3.7966107037316457,4.392149593564798,5.242680183567328,4.999262239783055,3.4313757217266065,4.353479652406409,5.598469329008033
4H,DISCOVERY,OS,PROJECT_DYNAMIC_EXTREMA_V1,STATE_BAND_CROSS,5,336,N_GE_100,0.5773809523809523,0.523979087195548,0.6290333750809948,0.5321477428180574,0.045233209562894894,0.08500122414004152,0.0030592763905699116,0.006289067379991242,-0.002238884895242833,0.008245891524954543,4.784295036478671,3.7966107037316457,4.392149593564798,5.242680183567328,4.999262239783055,3.4313757217266065,4.353479652406409,5.598469329008033
4H,DISCOVERY,OS,PROJECT_DYNAMIC_EXTREMA_V1,STATE_BAND_CROSS,10,336,N_GE_100,0.5863095238095238,0.5329624455786134,0.6377053008067616,0.5372680255552176,0.04904149825430626,0.09127939114490635,0.008298434945711041,0.00788935708890448,0.0017208029645386516,0.015201860806705526,4.784295036478671,3.7966107037316457,4.392149593564798,5.242680183567328,4.999262239783055,3.4313757217266065,4.353479652406409,5.598469329008033
4H,VALIDATION,OB,CAUSAL_DNO_QUANTILE_80_20_CONTROL_V1,STATE_BAND_CROSS,1,137,N_GE_100,0.5547445255474452,0.4711569003312963,0.6353457238933646,0.5006669630947087,0.05407756245273654,0.10801104614227741,0.0009157728133934212,-0.0010180087969239304,-0.0019752147199606,0.003965886339432251,3.0824702770125456,1.9432717074880737,2.5296890421395,3.610428292287617,4.204247152803235,2.7291199286939136,3.6206273382684584,4.7730052953812505
4H,VALIDATION,OB,CAUSAL_DNO_QUANTILE_80_20_CONTROL_V1,STATE_BAND_CROSS,3,136,N_GE_100,0.4485294117647059,0.3674994885807923,0.5323872404040019,0.5122385402759234,-0.06370912851121752,-0.12437394592937079,0.0034203630573319656,0.002024153367819914,-0.0009849355627394964,0.007771268300059365,3.102125937101891,1.9553012752114407,2.5942051455413266,3.657975761657394,4.229793469977458,2.8101215620935243,3.6084995678462084,4.816708957010283
4H,VALIDATION,OB,CAUSAL_DNO_QUANTILE_80_20_CONTROL_V1,STATE_BAND_CROSS,5,136,N_GE_100,0.41911764705882354,0.33952885974887803,0.5031502857986557,0.5086859688195992,-0.08956832176077562,-0.17607783043164726,0.006989856781944195,0.0033787143370814787,0.0018975723988427788,0.012342652506157455,3.102125937101891,1.9553012752114407,2.5942051455413266,3.657975761657394,4.229793469977458,2.8101215620935243,3.6084995678462084,4.816708957010283
4H,VALIDATION,OB,CAUSAL_DNO_QUANTILE_80_20_CONTROL_V1,STATE_BAND_CROSS,10,136,N_GE_100,0.4117647058823529,0.33258120745899433,0.49579604222922424,0.5008928571428571,-0.08912815126050422,-0.17793855510118495,0.009774823891324351,0.003890504878776735,0.0019481381682442424,0.017607597886620197,3.102125937101891,1.9553012752114407,2.5942051455413266,3.657975761657394,4.229793469977458,2.8101215620935243,3.6084995678462084,4.816708957010283
4H,VALIDATION,OB,PROJECT_DYNAMIC_EXTREMA_V1,STATE_BAND_CROSS,1,107,N_GE_100,0.4953271028037383,0.402409058672728,0.5885690578467014,0.5006669630947087,-0.0053398602909703885,-0.01066549360070368,0.0032401392135077787,0.0006882686421185724,-0.0004445856856099881,0.006657294747071557,3.0156003539503233,2.0161459645586555,2.506351361680585,3.642358054472042,4.386163101846012,3.4986576843074944,3.5960083961475604,5.17078225642924
4H,VALIDATION,OB,PROJECT_DYNAMIC_EXTREMA_V1,STATE_BAND_CROSS,3,107,N_GE_100,0.42990654205607476,0.34013913708365806,0.5245326107077849,0.5122385402759234,-0.08233199821984866,-0.16072980017376193,0.00596412896790859,0.0029277552267936713,-0.00041618403918307416,0.011205662128343489,3.0156003539503233,2.0161459645586555,2.506351361680585,3.642358054472042,4.386163101846012,3.4986576843074944,3.5960083961475604,5.17078225642924
4H,VALIDATION,OB,PROJECT_DYNAMIC_EXTREMA_V1,STATE_BAND_CROSS,5,107,N_GE_100,0.38317757009345793,0.29662839013259595,0.4778245228531422,0.5086859688195992,-0.12550839872614122,-0.24673060870419183,0.010038720667624424,0.006317468590335773,0.0028570684004116747,0.01680282245823358,3.0156003539503233,2.0161459645586555,2.506351361680585,3.642358054472042,4.386163101846012,3.4986576843074944,3.5960083961475604,5.17078225642924
4H,VALIDATION,OB,PROJECT_DYNAMIC_EXTREMA_V1,STATE_BAND_CROSS,10,107,N_GE_100,0.411214953271028,0.3226357894349217,0.5059484244342394,0.5008928571428571,-0.08967790387182911,-0.179036100421477,0.009531296725038356,0.006417881545824233,-0.00011001671813886014,0.019235540553463184,3.0156003539503233,2.0161459645586555,2.506351361680585,3.642358054472042,4.386163101846012,3.4986576843074944,3.5960083961475604,5.17078225642924
4H,VALIDATION,OS,CAUSAL_DNO_QUANTILE_80_20_CONTROL_V1,STATE_BAND_CROSS,1,132,N_GE_100,0.5606060606060606,0.4754112154490123,0.6423730273749825,0.49933303690529124,0.061273023700769313,0.12270973312825495,2.795980669491285e-05,0.001474066023585574,-0.002781938660806344,0.0031495265187836212,3.7636117270824156,2.6923816397851486,3.135559367452967,4.405192176255886,3.9737852555400046,2.5681085963588597,3.2684682386932904,4.657643877021557
4H,VALIDATION,OS,CAUSAL_DNO_QUANTILE_80_20_CONTROL_V1,STATE_BAND_CROSS,3,132,N_GE_100,0.49242424242424243,0.4085645767019153,0.5767123929450853,0.48776145972407653,0.004662782700165902,0.00955955540809561,-8.790541368513252e-05,-0.0004018670772974464,-0.0046621504028992854,0.004841394499971678,3.7636117270824156,2.6923816397851486,3.135559367452967,4.405192176255886,3.9737852555400046,2.5681085963588597,3.2684682386932904,4.657643877021557
4H,VALIDATION,OS,CAUSAL_DNO_QUANTILE_80_20_CONTROL_V1,STATE_BAND_CROSS,5,132,N_GE_100,0.5,0.4159167128645038,0.5840832871354962,0.4908685968819599,0.009131403118040116,0.018602540834845804,0.0008286894479295532,-0.0002171019469001667,-0.006209467007331925,0.008139914502961433,3.7636117270824156,2.6923816397851486,3.135559367452967,4.405192176255886,3.9737852555400046,2.5681085963588597,3.2684682386932904,4.657643877021557
4H,VALIDATION,OS,CAUSAL_DNO_QUANTILE_80_20_CONTROL_V1,STATE_BAND_CROSS,10,132,N_GE_100,0.5151515151515151,0.4306772655530051,0.5987687951529936,0.49910714285714286,0.016044372294372278,0.032146148425218124,-0.0017620257843842515,0.0018763304715980755,-0.010923871520861637,0.007588848546071575,3.7636117270824156,2.6923816397851486,3.135559367452967,4.405192176255886,3.9737852555400046,2.5681085963588597,3.2684682386932904,4.657643877021557
4H,VALIDATION,OS,PROJECT_DYNAMIC_EXTREMA_V1,STATE_BAND_CROSS,1,114,N_GE_100,0.5614035087719298,0.4697858335407131,0.6490177129148679,0.49933303690529124,0.062070471866638555,0.12430675977566352,-0.0015117344404034334,0.001603792192155451,-0.00411398546186161,0.0009347884725960279,3.2551699406805548,2.3873405302920663,2.7577849911182515,3.7550962017529956,4.0210056885406384,2.4972292680955457,3.30330762840895,4.842559350464052
4H,VALIDATION,OS,PROJECT_DYNAMIC_EXTREMA_V1,STATE_BAND_CROSS,3,114,N_GE_100,0.43859649122807015,0.35098228708513207,0.5302141664592868,0.48776145972407653,-0.04916496849600638,-0.10079715712639259,-0.003140931929546276,-0.0022452550263859505,-0.007120355868205169,0.0003139787906619121,3.2551699406805548,2.3873405302920663,2.7577849911182515,3.7550962017529956,4.0210056885406384,2.4972292680955457,3.30330762840895,4.842559350464052
4H,VALIDATION,OS,PROJECT_DYNAMIC_EXTREMA_V1,STATE_BAND_CROSS,5,114,N_GE_100,0.5175438596491229,0.4267487861701612,0.6071950842457191,0.4908685968819599,0.026675262767162977,0.05434298086413869,-0.00317068553449546,0.0022925246237653907,-0.009122408144211341,0.002153593057949599,3.2551699406805548,2.3873405302920663,2.7577849911182515,3.7550962017529956,4.0210056885406384,2.4972292680955457,3.30330762840895,4.842559350464052
4H,VALIDATION,OS,PROJECT_DYNAMIC_EXTREMA_V1,STATE_BAND_CROSS,10,114,N_GE_100,0.5614035087719298,0.4697858335407131,0.6490177129148679,0.49910714285714286,0.06229636591478693,0.12481561685968035,-0.0025307095089788342,0.006881249234992226,-0.011207864070386306,0.0066560772238804565,3.2551699406805548,2.3873405302920663,2.7577849911182515,3.7550962017529956,4.0210056885406384,2.4972292680955457,3.30330762840895,4.842559350464052
5m,DISCOVERY,OB,CAUSAL_DNO_QUANTILE_80_20_CONTROL_V1,STATE_BAND_CROSS,1,21756,N_GE_100,0.5381963596249311,0.5315655069982154,0.5448137254682562,0.4952635383990046,0.042932821225926454,0.08668682004072337,-4.7118926965193484e-06,-0.00018454726155359147,-4.774732928317329e-05,3.5603295023384165e-05,0.6483276288225318,0.42164035340251715,0.6373116052177307,0.658359537039728,0.6338674223935481,0.3918566870702105,0.6229950627765152,0.6448773183233292
5m,DISCOVERY,OB,CAUSAL_DNO_QUANTILE_80_20_CONTROL_V1,STATE_BAND_CROSS,3,21756,N_GE_100,0.5319911748483177,0.525355617466492,0.5386154364404445,0.4940192686597266,0.03797190618859109,0.07686320878051744,2.0709121869532702e-05,-0.0002511677198285267,-5.5240759144897924e-05,9.231331418177864e-05,0.6483276288225318,0.42164035340251715,0.6373116052177307,0.658359537039728,0.6338674223935481,0.3918566870702105,0.6229950627765152,0.6448773183233292
5m,DISCOVERY,OB,CAUSAL_DNO_QUANTILE_80_20_CONTROL_V1,STATE_BAND_CROSS,5,21756,N_GE_100,0.537001287001287,0.5303694481182234,0.5436200610701155,0.4941898890105901,0.04281139799069694,0.08662944941348139,-7.70618856879785e-05,-0.0003574538840195318,-0.00016490439401577187,2.032461725279176e-05,0.6483276288225318,0.42164035340251715,0.6373116052177307,0.658359537039728,0.6338674223935481,0.3918566870702105,0.6229950627765152,0.6448773183233292
5m,DISCOVERY,OB,CAUSAL_DNO_QUANTILE_80_20_CONTROL_V1,STATE_BAND_CROSS,10,21756,N_GE_100,0.5222927008641295,0.5156518510437732,0.528925679336779,0.4919603572071317,0.030332343656997773,0.0616560729185478,-1.1046104029981536e-05,-0.0003131248974073131,-0.00013867646974023107,0.00012386774176426102,0.6483276288225318,0.42164035340251715,0.6373116052177307,0.658359537039728,0.6338674223935481,0.3918566870702105,0.6229950627765152,0.6448773183233292
5m,DISCOVERY,OB,PROJECT_DYNAMIC_EXTREMA_V1,STATE_BAND_CROSS,1,19542,N_GE_100,0.5361784873605567,0.5291800556929572,0.5431626977651492,0.4952635383990046,0.04091494896155212,0.08261247959786089,1.4302113062727613e-05,-0.00016566295314901502,-2.877681039259887e-05,5.564153528813182e-05,0.6360855677364449,0.41425180654747484,0.6244010237443214,0.6470914111937366,0.6403835214941884,0.3951422043982973,0.6290048291717791,0.6525049943957928
5m,DISCOVERY,OB,PROJECT_DYNAMIC_EXTREMA_V1,STATE_BAND_CROSS,3,19542,N_GE_100,0.52630232320131,0.5192971660201658,0.5332971413029836,0.4940192686597266,0.03228305454158337,0.0653477639225839,6.489675390184969e-05,-0.00020165068982791468,-8.859853348538724e-06,0.00014070654192846317,0.6360855677364449,0.41425180654747484,0.6244010237443214,0.6470914111937366,0.6403835214941884,0.3951422043982973,0.6290048291717791,0.6525049943957928
5m,DISCOVERY,OB,PROJECT_DYNAMIC_EXTREMA_V1,STATE_BAND_CROSS,5,19542,N_GE_100,0.5315218503735544,0.5245199049035515,0.538511405040145,0.4941898890105901,0.037331961362964294,0.07554173444888979,3.850624021464793e-06,-0.0003104028171970197,-9.122514380822388e-05,9.416386651310313e-05,0.6360855677364449,0.41425180654747484,0.6244010237443214,0.6470914111937366,0.6403835214941884,0.3951422043982973,0.6290048291717791,0.6525049943957928
5m,DISCOVERY,OB,PROJECT_DYNAMIC_EXTREMA_V1,STATE_BAND_CROSS,10,19542,N_GE_100,0.5168355337222392,0.5098265075149135,0.5238379421141062,0.4919603572071317,0.02487517651510751,0.050563375992985105,0.0001291373729576677,-0.00023708464770749726,-1.3699144448551143e-05,0.0002614397896436687,0.6360855677364449,0.41425180654747484,0.6244010237443214,0.6470914111937366,0.6403835214941884,0.3951422043982973,0.6290048291717791,0.6525049943957928
5m,DISCOVERY,OS,CAUSAL_DNO_QUANTILE_80_20_CONTROL_V1,STATE_BAND_CROSS,1,22859,N_GE_100,0.5401811102847893,0.5337140346364646,0.5466346828212987,0.4971283359241918,0.04305277436059751,0.08660293781194306,4.593945424588544e-05,0.00019090735538762615,-3.4655166378731485e-06,8.757222124433352e-05,0.6414365904584658,0.4342153545072768,0.6318614682204721,0.6511690320917741,0.7043684915016623,0.41903226478947436,0.6913347748147759,0.7176597787514827
5m,DISCOVERY,OS,CAUSAL_DNO_QUANTILE_80_20_CONTROL_V1,STATE_BAND_CROSS,3,22858,N_GE_100,0.5469857380348236,0.5405250943979286,0.5534305911317968,0.5016894984253067,0.0452962396095169,0.09028739838424338,0.00013997155628023535,0.00036536899514927335,6.475030056931007e-05,0.0002154277084426518,0.6414598363903249,0.4342453490192645,0.6319644869410971,0.6505120139968122,0.7043957373481536,0.4191118738371026,0.6905922082164682,0.7165663169903744
5m,DISCOVERY,OS,CAUSAL_DNO_QUANTILE_80_20_CONTROL_V1,STATE_BAND_CROSS,5,22858,N_GE_100,0.5538542304663575,0.5474014556820753,0.5602889064101894,0.5026389849914517,0.05121524547490586,0.10189270431496045,0.000271979841187614,0.0005308464690280124,0.00018113867876754202,0.0003622910197631497,0.6414598363903249,0.4342453490192645,0.6319644869410971,0.6505120139968122,0.7043957373481536,0.4191118738371026,0.6905922082164682,0.7165663169903744
5m,DISCOVERY,OS,CAUSAL_DNO_QUANTILE_80_20_CONTROL_V1,STATE_BAND_CROSS,10,22857,N_GE_100,0.5393533709585685,0.5328852952470504,0.5458082205682204,0.5057000477848317,0.033653323173736815,0.06654799286879998,0.00032736326119647103,0.0005455360216135574,0.00019714844597449935,0.00046587167977370735,0.6414865366925357,0.43427534353125224,0.6318091736906999,0.651301392646147,0.7044112127676686,0.41919148288473074,0.6902514081586822,0.7171680255789405
5m,DISCOVERY,OS,PROJECT_DYNAMIC_EXTREMA_V1,STATE_BAND_CROSS,1,19368,N_GE_100,0.546416769929781,0.5393968632786079,0.5534182669049881,0.4971283359241918,0.04928843400558924,0.09914629773408312,8.005024858844233e-05,0.00020802995731405982,3.075849917306566e-05,0.00013097326594544922,0.6364805652023247,0.43082666947958764,0.6275113367166011,0.6465336150427786,0.7072730683025322,0.4182423142287147,0.6928509926998175,0.7218773602401103
5m,DISCOVERY,OS,PROJECT_DYNAMIC_EXTREMA_V1,STATE_BAND_CROSS,3,19368,N_GE_100,0.5438868236266006,0.5368641888532866,0.5508920521434393,0.5016894984253067,0.04219732520129382,0.08411044148570368,0.0001228014185731222,0.00035019220469767465,4.047424508878362e-05,0.00020312211853262393,0.6364805652023247,0.43082666947958764,0.6275113367166011,0.6465336150427786,0.7072730683025322,0.4182423142287147,0.6928509926998175,0.7218773602401103
5m,DISCOVERY,OS,PROJECT_DYNAMIC_EXTREMA_V1,STATE_BAND_CROSS,5,19368,N_GE_100,0.5499277158199092,0.5429118977079781,0.5569237317553561,0.5026389849914517,0.047288730828457526,0.09408090546192271,0.0002579090034000589,0.00047346121103608585,0.00015215313753170928,0.0003619076338242366,0.6364805652023247,0.43082666947958764,0.6275113367166011,0.6465336150427786,0.7072730683025322,0.4182423142287147,0.6928509926998175,0.7218773602401103
5m,DISCOVERY,OS,PROJECT_DYNAMIC_EXTREMA_V1,STATE_BAND_CROSS,10,19368,N_GE_100,0.5384138785625775,0.5313859656909765,0.5454265558402753,0.5057000477848317,0.03271383077774581,0.0646901872385528,0.0003180955562734591,0.0005318989853840828,0.00017182003628424017,0.0004589318244028568,0.6364805652023247,0.43082666947958764,0.6275113367166011,0.6465336150427786,0.7072730683025322,0.4182423142287147,0.6928509926998175,0.7218773602401103
5m,VALIDATION,OB,CAUSAL_DNO_QUANTILE_80_20_CONTROL_V1,STATE_BAND_CROSS,1,7315,N_GE_100,0.5468215994531784,0.5353920744489146,0.5582019719094601,0.49880953483847656,0.048012064614701866,0.09625330163395729,3.404337754504668e-05,-0.00014378504760526045,-3.9879659144543345e-05,9.93502842352564e-05,0.45875809256729916,0.2786476640889709,0.44740238052104203,0.47179920275098114,0.504740294072182,0.2773978098564187,0.48731674242607714,0.5213043683861447
5m,VALIDATION,OB,CAUSAL_DNO_QUANTILE_80_20_CONTROL_V1,STATE_BAND_CROSS,3,7315,N_GE_100,0.5406698564593302,0.5292311882591318,0.5520658301105512,0.4977440962024847,0.04292576025684547,0.08624062160524959,0.00010523699138762517,-0.00019217908015400909,-3.901275574361028e-06,0.00020626051279412739,0.45875809256729916,0.2786476640889709,0.44740238052104203,0.47179920275098114,0.504740294072182,0.2773978098564187,0.48731674242607714,0.5213043683861447
5m,VALIDATION,OB,CAUSAL_DNO_QUANTILE_80_20_CONTROL_V1,STATE_BAND_CROSS,5,7315,N_GE_100,0.5352016404647983,0.5237563147284434,0.546610012095736,0.4973456738653103,0.03785596659948803,0.07611600661020335,7.601517166945107e-05,-0.000199433374588609,-4.440301283207554e-05,0.0002101183241244435,0.45875809256729916,0.2786476640889709,0.44740238052104203,0.47179920275098114,0.504740294072182,0.2773978098564187,0.48731674242607714,0.5213043683861447
5m,VALIDATION,OB,CAUSAL_DNO_QUANTILE_80_20_CONTROL_V1,STATE_BAND_CROSS,10,7315,N_GE_100,0.5233082706766917,0.5118532246025765,0.5347388481101326,0.49646073453656003,0.02684753614013169,0.05407786411385285,0.00015259667371577925,-0.00020559797600205876,-2.3434695155072924e-06,0.000329245382599872,0.45875809256729916,0.2786476640889709,0.44740238052104203,0.47179920275098114,0.504740294072182,0.2773978098564187,0.48731674242607714,0.5213043683861447
5m,VALIDATION,OB,PROJECT_DYNAMIC_EXTREMA_V1,STATE_BAND_CROSS,1,6275,N_GE_100,0.5555378486055776,0.5432127281613045,0.5677950093168952,0.49880953483847656,0.05672831376710108,0.11372740456028119,3.5060874969176346e-06,-0.00016435554365157312,-6.592999524726276e-05,7.553211504796225e-05,0.4590388552231122,0.2799093852668051,0.4462962821007908,0.4738519272241754,0.49760354310477417,0.26936924923322864,0.47820969405144803,0.5151022810898748
5m,VALIDATION,OB,PROJECT_DYNAMIC_EXTREMA_V1,STATE_BAND_CROSS,3,6275,N_GE_100,0.538804780876494,0.5264506937514509,0.5511113839413514,0.4977440962024847,0.04106068467400925,0.08249356443859379,9.713322687955467e-05,-0.00018948724750822432,-1.1203550937891434e-05,0.00021294275754371963,0.4590388552231122,0.2799093852668051,0.4462962821007908,0.4738519272241754,0.49760354310477417,0.26936924923322864,0.47820969405144803,0.5151022810898748
5m,VALIDATION,OB,PROJECT_DYNAMIC_EXTREMA_V1,STATE_BAND_CROSS,5,6275,N_GE_100,0.5376892430278885,0.5253337228126331,0.5499986442278095,0.4973456738653103,0.04034356916257814,0.08111776432884765,2.2771054802794243e-05,-0.00021270835750486494,-0.00011546756540798121,0.0001630956529617907,0.4590388552231122,0.2799093852668051,0.4462962821007908,0.4738519272241754,0.49760354310477417,0.26936924923322864,0.47820969405144803,0.5151022810898748
5m,VALIDATION,OB,PROJECT_DYNAMIC_EXTREMA_V1,STATE_BAND_CROSS,10,6275,N_GE_100,0.5300398406374502,0.5176761635678041,0.5423667589993141,0.49646073453656003,0.03357910610089021,0.06763698267544949,0.00010075433102118513,-0.00025342391890426086,-9.666681290170206e-05,0.0003114278184426241,0.4590388552231122,0.2799093852668051,0.4462962821007908,0.4738519272241754,0.49760354310477417,0.26936924923322864,0.47820969405144803,0.5151022810898748
5m,VALIDATION,OS,CAUSAL_DNO_QUANTILE_80_20_CONTROL_V1,STATE_BAND_CROSS,1,7445,N_GE_100,0.5611820013431833,0.5498808742020117,0.5724200215506915,0.4980220676110097,0.0631599337321736,0.12682155639236847,1.909966257721928e-05,0.0001648299896392924,-4.587499869419709e-05,8.006576821272744e-05,0.4682029366348346,0.2834195690786814,0.4542983591757082,0.483367197904156,0.5073278416416604,0.2743157850539935,0.48954259895344576,0.5238998515206157
5m,VALIDATION,OS,CAUSAL_DNO_QUANTILE_80_20_CONTROL_V1,STATE_BAND_CROSS,3,7445,N_GE_100,0.554734721289456,0.5434198404823786,0.5659931452897985,0.5004771213370515,0.054257599952404534,0.10841174878774162,4.113958970190741e-05,0.00025766997629417254,-6.466022179713051e-05,0.00014590032808359837,0.4682029366348346,0.2834195690786814,0.4542983591757082,0.483367197904156,0.5073278416416604,0.2743157850539935,0.48954259895344576,0.5238998515206157
5m,VALIDATION,OS,CAUSAL_DNO_QUANTILE_80_20_CONTROL_V1,STATE_BAND_CROSS,5,7445,N_GE_100,0.5500335795836132,0.5387098818802633,0.5613056695311133,0.5011441859603287,0.04888939362328448,0.09755554387925125,4.180448320457681e-05,0.00028846883777422505,-9.132443804841676e-05,0.000180319394086512,0.4682029366348346,0.2834195690786814,0.4542983591757082,0.483367197904156,0.5073278416416604,0.2743157850539935,0.48954259895344576,0.5238998515206157
5m,VALIDATION,OS,CAUSAL_DNO_QUANTILE_80_20_CONTROL_V1,STATE_BAND_CROSS,10,7444,N_GE_100,0.542853304674906,0.5315173430226486,0.5541450588200544,0.5025942259941445,0.040259078680761506,0.08010254913121617,0.00010991368438705487,0.00034487688886430945,-5.3482482887798514e-05,0.0002820169867641403,0.4682628824439334,0.2834475855330957,0.4538704643095567,0.48348177410915544,0.5073800750177925,0.2743283152696626,0.4906186766210118,0.5240963022597501
5m,VALIDATION,OS,PROJECT_DYNAMIC_EXTREMA_V1,STATE_BAND_CROSS,1,6383,N_GE_100,0.5602381325395582,0.5480285520530613,0.572375248160177,0.4980220676110097,0.06221606492854853,0.12492632149213057,1.2367443503545909e-05,0.00016515175611386823,-5.680716084300815e-05,8.175287267481892e-05,0.46094378276645315,0.2762749673085271,0.447440451501246,0.47677132473029127,0.5074261540674426,0.27048297256202114,0.4897689815308023,0.5232986625244047
5m,VALIDATION,OS,PROJECT_DYNAMIC_EXTREMA_V1,STATE_BAND_CROSS,3,6383,N_GE_100,0.5564781450728498,0.5442599956479607,0.568628352796441,0.5004771213370515,0.056001023735798294,0.11189527222780637,4.54920300116308e-05,0.0002550301338237748,-7.000308087360318e-05,0.00015073149517077776,0.46094378276645315,0.2762749673085271,0.447440451501246,0.47677132473029127,0.5074261540674426,0.27048297256202114,0.4897689815308023,0.5232986625244047
5m,VALIDATION,OS,PROJECT_DYNAMIC_EXTREMA_V1,STATE_BAND_CROSS,5,6383,N_GE_100,0.545668181106063,0.5334293254679466,0.5578520991410495,0.5011441859603287,0.04452399514573424,0.08884468061904016,-2.4243660345894893e-05,0.00025604112117028066,-0.0001638999147396871,9.952786960744387e-05,0.46094378276645315,0.2762749673085271,0.447440451501246,0.47677132473029127,0.5074261540674426,0.27048297256202114,0.4897689815308023,0.5232986625244047
5m,VALIDATION,OS,PROJECT_DYNAMIC_EXTREMA_V1,STATE_BAND_CROSS,10,6382,N_GE_100,0.5394860545283611,0.5272370061143533,0.551687594834095,0.5025942259941445,0.036891828534216575,0.0734028101123596,4.047798709960087e-05,0.0003004269735784604,-0.000127726115231299,0.00022224223934843286,0.4610125664469708,0.27634713706697844,0.4483018457804334,0.47691937093725667,0.5074870947700989,0.270588233631128,0.49054538785522334,0.5253835649045601
6H,DISCOVERY,OB,CAUSAL_DNO_QUANTILE_80_20_CONTROL_V1,STATE_BAND_CROSS,1,284,N_GE_100,0.4788732394366197,0.4214431593026753,0.5368672447528886,0.4741107609185052,0.00476247851811451,0.010045075772775247,0.002629028939111524,0.0005452973963085972,8.609048429821054e-05,0.005362162414533292,5.1838910597544325,3.7601618830244052,4.608006247189937,5.845706753241049,6.203949171013319,4.692181707724105,5.560034206696594,6.970567852387793
6H,DISCOVERY,OB,CAUSAL_DNO_QUANTILE_80_20_CONTROL_V1,STATE_BAND_CROSS,3,284,N_GE_100,0.4471830985915493,0.3904439170712117,0.5053320930676981,0.46959459459459457,-0.02241149600304526,-0.04772520012159276,0.005141468344087363,0.003643703097595874,0.0006055587049958969,0.00932478750389156,5.1838910597544325,3.7601618830244052,4.608006247189937,5.845706753241049,6.203949171013319,4.692181707724105,5.560034206696594,6.970567852387793
6H,DISCOVERY,OB,CAUSAL_DNO_QUANTILE_80_20_CONTROL_V1,STATE_BAND_CROSS,5,284,N_GE_100,0.4964788732394366,0.43876433944378057,0.55428739456548,0.47070752591257325,0.02577134732686337,0.0547502342923023,0.005490112586414524,5.2786385725922536e-05,-0.0005892946160152238,0.011516601748406418,5.1838910597544325,3.7601618830244052,4.608006247189937,5.845706753241049,6.203949171013319,4.692181707724105,5.560034206696594,6.970567852387793
6H,DISCOVERY,OB,CAUSAL_DNO_QUANTILE_80_20_CONTROL_V1,STATE_BAND_CROSS,10,284,N_GE_100,0.4788732394366197,0.4214431593026753,0.5368672447528886,0.4561245206406497,0.022748718795970013,0.04987392206851382,0.008854918800849383,0.004106292232452846,0.0009081228805713327,0.01739939337009002,5.1838910597544325,3.7601618830244052,4.608006247189937,5.845706753241049,6.203949171013319,4.692181707724105,5.560034206696594,6.970567852387793
6H,DISCOVERY,OB,PROJECT_DYNAMIC_EXTREMA_V1,STATE_BAND_CROSS,1,263,N_GE_100,0.45627376425855515,0.3971369827610321,0.5166695601468202,0.4741107609185052,-0.017836996659950033,-0.03762200340147104,0.002787276241571928,0.001392409341309131,0.0004544171297088097,0.00509455846729916,5.18967128353323,3.6617808147723174,4.601749066413924,5.808313637934502,6.247735681265382,4.365594499735556,5.4672686504108,6.959779574104558
6H,DISCOVERY,OB,PROJECT_DYNAMIC_EXTREMA_V1,STATE_BAND_CROSS,3,263,N_GE_100,0.41064638783269963,0.35289167905374813,0.4709738651492546,0.46959459459459457,-0.05894820676189494,-0.12552999425554612,0.005348257031177558,0.004823245691430111,0.00039600192506821034,0.010341675244195814,5.18967128353323,3.6617808147723174,4.601749066413924,5.808313637934502,6.247735681265382,4.365594499735556,5.4672686504108,6.959779574104558
6H,DISCOVERY,OB,PROJECT_DYNAMIC_EXTREMA_V1,STATE_BAND_CROSS,5,263,N_GE_100,0.5019011406844106,0.44188137395507837,0.5618661676576235,0.47070752591257325,0.031193614771837352,0.06626963253107432,0.00606467480949156,-0.0020872936002087616,-0.00011163826194367315,0.012697172671409736,5.18967128353323,3.6617808147723174,4.601749066413924,5.808313637934502,6.247735681265382,4.365594499735556,5.4672686504108,6.959779574104558
6H,DISCOVERY,OB,PROJECT_DYNAMIC_EXTREMA_V1,STATE_BAND_CROSS,10,263,N_GE_100,0.4866920152091255,0.426911727564888,0.5468554811461974,0.4561245206406497,0.030567494568475795,0.06701567923939322,0.009087678345047598,0.0029814770323866036,-4.449291627838999e-05,0.01747746808508002,5.18967128353323,3.6617808147723174,4.601749066413924,5.808313637934502,6.247735681265382,4.365594499735556,5.4672686504108,6.959779574104558
6H,DISCOVERY,OS,CAUSAL_DNO_QUANTILE_80_20_CONTROL_V1,STATE_BAND_CROSS,1,299,N_GE_100,0.5785953177257525,0.5219752185948722,0.6332214254593133,0.5258892390814949,0.05270607864425758,0.10022277454528772,0.0007474235905711231,0.0033275295028052376,-0.0025515113423872087,0.0037149527906369176,6.138357148174129,4.245929082331466,5.455686442501511,6.9470071810214264,6.3391523635018165,3.9122160986580377,5.595156207161472,7.151396758616927
6H,DISCOVERY,OS,CAUSAL_DNO_QUANTILE_80_20_CONTROL_V1,STATE_BAND_CROSS,3,299,N_GE_100,0.5451505016722408,0.48849065520256707,0.6006648637221778,0.5301801801801802,0.014970321492060568,0.02823629032487207,0.00011015616849867902,0.003399101826735862,-0.005617610258202364,0.005853269679065936,6.138357148174129,4.245929082331466,5.455686442501511,6.9470071810214264,6.3391523635018165,3.9122160986580377,5.595156207161472,7.151396758616927
6H,DISCOVERY,OS,CAUSAL_DNO_QUANTILE_80_20_CONTROL_V1,STATE_BAND_CROSS,5,299,N_GE_100,0.5551839464882943,0.4985093350285562,0.6104585214350208,0.5292924740874267,0.025891472400867532,0.048917136873158906,0.004343562438482882,0.0063083887123183136,-0.003210682143862509,0.011227413655722402,6.138357148174129,4.245929082331466,5.455686442501511,6.9470071810214264,6.3391523635018165,3.9122160986580377,5.595156207161472,7.151396758616927
6H,DISCOVERY,OS,CAUSAL_DNO_QUANTILE_80_20_CONTROL_V1,STATE_BAND_CROSS,10,299,N_GE_100,0.5785953177257525,0.5219752185948722,0.6332214254593133,0.543424317617866,0.03517100010788643,0.0647210641254714,0.011804444942049496,0.011532401354386712,0.0018252758263635242,0.02142822574003717,6.138357148174129,4.245929082331466,5.455686442501511,6.9470071810214264,6.3391523635018165,3.9122160986580377,5.595156207161472,7.151396758616927
6H,DISCOVERY,OS,PROJECT_DYNAMIC_EXTREMA_V1,STATE_BAND_CROSS,1,247,N_GE_100,0.582995951417004,0.5206934715973667,0.6427562911214167,0.5258892390814949,0.057106712335509124,0.10859076035716253,0.0029898870040410684,0.0034470246734397136,-9.901123382227716e-06,0.0059317008026270575,5.851416503056481,4.792672981619732,5.262419974955477,6.511303693150344,6.4837237900052385,3.760022117777161,5.503943464118345,7.476052017943047
6H,DISCOVERY,OS,PROJECT_DYNAMIC_EXTREMA_V1,STATE_BAND_CROSS,3,247,N_GE_100,0.5668016194331984,0.5044481802967467,0.6271089457939816,0.5301801801801802,0.036621439253018195,0.0690735727627021,0.001757499056076188,0.005931612002791242,-0.003969991991117717,0.007629446962351169,5.851416503056481,4.792672981619732,5.262419974955477,6.511303693150344,6.4837237900052385,3.760022117777161,5.503943464118345,7.476052017943047
6H,DISCOVERY,OS,PROJECT_DYNAMIC_EXTREMA_V1,STATE_BAND_CROSS,5,247,N_GE_100,0.5506072874493927,0.48826854675278236,0.6113959427098905,0.5292924740874267,0.021314813361965945,0.04027038812277772,0.003124649673970759,0.005481698895027476,-0.004247045905303124,0.010542162726169698,5.851416503056481,4.792672981619732,5.262419974955477,6.511303693150344,6.4837237900052385,3.760022117777161,5.503943464118345,7.476052017943047
6H,DISCOVERY,OS,PROJECT_DYNAMIC_EXTREMA_V1,STATE_BAND_CROSS,10,247,N_GE_100,0.582995951417004,0.5206934715973667,0.6427562911214167,0.543424317617866,0.03957163379913797,0.07281903388608502,0.009049484859379748,0.013155349197137012,-0.0004939037734912399,0.019579376549898952,5.851416503056481,4.792672981619732,5.262419974955477,6.511303693150344,6.4837237900052385,3.760022117777161,5.503943464118345,7.476052017943047
6H,VALIDATION,OB,CAUSAL_DNO_QUANTILE_80_20_CONTROL_V1,STATE_BAND_CROSS,1,88,N_30_99,0.4659090909090909,0.3653029337228942,0.5693671939752296,0.49666666666666665,-0.03075757575757576,-0.06192800488102501,0.0018000250224434152,0.0009646738287901746,-0.0023245803953145447,0.00584347093944852,3.3437133798801453,2.2806136509093466,2.657313904300298,4.047732281119833,5.269164533552879,3.9641818522599843,4.214753608315436,6.30345554890065
6H,VALIDATION,OB,CAUSAL_DNO_QUANTILE_80_20_CONTROL_V1,STATE_BAND_CROSS,3,88,N_30_99,0.42045454545454547,0.32276925999189043,0.5247943713037317,0.5033377837116155,-0.08288323825707006,-0.16466722932240174,0.006340174896250015,0.0042714954774302205,9.296550047202128e-05,0.012366137579194188,3.3437133798801453,2.2806136509093466,2.657313904300298,4.047732281119833,5.269164533552879,3.9641818522599843,4.214753608315436,6.30345554890065
6H,VALIDATION,OB,CAUSAL_DNO_QUANTILE_80_20_CONTROL_V1,STATE_BAND_CROSS,5,88,N_30_99,0.48863636363636365,0.38687686309205005,0.5913465128073245,0.4979946524064171,-0.009358288770053458,-0.018791946308724827,0.0052203501010507905,0.0014360337592632666,-0.0031139292955998806,0.013465906445818706,3.3437133798801453,2.2806136509093466,2.657313904300298,4.047732281119833,5.269164533552879,3.9641818522599843,4.214753608315436,6.30345554890065
6H,VALIDATION,OB,CAUSAL_DNO_QUANTILE_80_20_CONTROL_V1,STATE_BAND_CROSS,10,88,N_30_99,0.3977272727272727,0.3018157656690707,0.5021946174253005,0.4922870556673374,-0.09455978294006467,-0.19208261084964096,0.015526402846934044,0.010307992177443492,0.0036631843313230557,0.02654175482304744,3.3437133798801453,2.2806136509093466,2.657313904300298,4.047732281119833,5.269164533552879,3.9641818522599843,4.214753608315436,6.30345554890065
6H,VALIDATION,OB,PROJECT_DYNAMIC_EXTREMA_V1,STATE_BAND_CROSS,1,87,N_30_99,0.5057471264367817,0.4026891499485618,0.6083190225186779,0.49666666666666665,0.009080459770115012,0.018282804906271766,0.0005492008133054403,-0.0002217932394135147,-0.0036249052334422485,0.004592544160844335,3.5926483082511997,2.596378397544844,2.8692250973902897,4.384749547774827,5.245375143562026,4.186260999190306,4.200123804482892,6.403610123633694
6H,VALIDATION,OB,PROJECT_DYNAMIC_EXTREMA_V1,STATE_BAND_CROSS,3,87,N_30_99,0.42528735632183906,0.3267307291558499,0.5301630287700343,0.5033377837116155,-0.07805042738977647,-0.15506570322265933,0.005537111229943075,0.0021142742608122322,-0.0007518540497340907,0.011784409377941427,3.5926483082511997,2.596378397544844,2.8692250973902897,4.384749547774827,5.245375143562026,4.186260999190306,4.200123804482892,6.403610123633694
6H,VALIDATION,OB,PROJECT_DYNAMIC_EXTREMA_V1,STATE_BAND_CROSS,5,87,N_30_99,0.45977011494252873,0.3589691971689781,0.5639735955603442,0.4979946524064171,-0.038224537463888375,-0.07675692355164698,0.00336547307882451,0.0013461819599434044,-0.004934348750183284,0.011389760378694522,3.5926483082511997,2.596378397544844,2.8692250973902897,4.384749547774827,5.245375143562026,4.186260999190306,4.200123804482892,6.403610123633694
6H,VALIDATION,OB,PROJECT_DYNAMIC_EXTREMA_V1,STATE_BAND_CROSS,10,87,N_30_99,0.39080459770114945,0.2949766847095907,0.49586803841285554,0.4922870556673374,-0.10148245796618793,-0.20614488396128905,0.013532420076762619,0.009372320119505506,0.0014244197854552773,0.023989274476772564,3.5926483082511997,2.596378397544844,2.8692250973902897,4.384749547774827,5.245375143562026,4.186260999190306,4.200123804482892,6.403610123633694
6H,VALIDATION,OS,CAUSAL_DNO_QUANTILE_80_20_CONTROL_V1,STATE_BAND_CROSS,1,93,N_30_99,0.5913978494623656,0.4897977403042717,0.6857466538403933,0.5033333333333333,0.08806451612903232,0.17496261482589204,0.0007638373622216955,0.002902838468489488,-0.002703458240325134,0.0039805871852018,4.576253234160023,3.320542366201197,3.842365453501109,5.461438581371068,4.940481904862866,3.1061641857150994,3.9266693609475305,6.228081777852719
6H,VALIDATION,OS,CAUSAL_DNO_QUANTILE_80_20_CONTROL_V1,STATE_BAND_CROSS,3,93,N_30_99,0.5268817204301075,0.42636839646712893,0.6252623076930667,0.49666221628838453,0.030219504141722975,0.060845184414383136,-0.0024724610185891927,0.00040183137694227433,-0.009467509394037645,0.003426632276437051,4.576253234160023,3.320542366201197,3.842365453501109,5.461438581371068,4.940481904862866,3.1061641857150994,3.9266693609475305,6.228081777852719
6H,VALIDATION,OS,CAUSAL_DNO_QUANTILE_80_20_CONTROL_V1,STATE_BAND_CROSS,5,93,N_30_99,0.5376344086021505,0.4368274986652971,0.6354554871589767,0.5020053475935828,0.035629061008567664,0.07097346906633462,0.0003897515466557425,0.001996184508092247,-0.009237442962918181,0.008775666714437273,4.576253234160023,3.320542366201197,3.842365453501109,5.461438581371068,4.940481904862866,3.1061641857150994,3.9266693609475305,6.228081777852719
6H,VALIDATION,OS,CAUSAL_DNO_QUANTILE_80_20_CONTROL_V1,STATE_BAND_CROSS,10,93,N_30_99,0.5161290322580645,0.4159537133977669,0.6150247090983505,0.5077129443326627,0.008416087925401827,0.016576469084245815,-0.002909073146522864,0.0004008990654451594,-0.017802559602861562,0.01084846607141749,4.576253234160023,3.320542366201197,3.842365453501109,5.461438581371068,4.940481904862866,3.1061641857150994,3.9266693609475305,6.228081777852719
6H,VALIDATION,OS,PROJECT_DYNAMIC_EXTREMA_V1,STATE_BAND_CROSS,1,89,N_30_99,0.5842696629213483,0.4804691516664702,0.6810963534519249,0.5033333333333333,0.080936329588015,0.16080065481062578,0.000291219520089704,0.002917850302710967,-0.0030357814837071702,0.0032661111296396054,4.521682724032336,3.320542366201197,3.7622065657175465,5.360409175429155,4.994747050012853,3.0091091718837966,3.8452673015590366,6.21219580268088
6H,VALIDATION,OS,PROJECT_DYNAMIC_EXTREMA_V1,STATE_BAND_CROSS,3,89,N_30_99,0.48314606741573035,0.3821909362267175,0.5854959627496036,0.49666221628838453,-0.013516148872654177,-0.027213966412951596,-0.002106244251286627,-0.0004603410157787424,-0.008735762901935932,0.003509028652239692,4.521682724032336,3.320542366201197,3.7622065657175465,5.360409175429155,4.994747050012853,3.0091091718837966,3.8452673015590366,6.21219580268088
6H,VALIDATION,OS,PROJECT_DYNAMIC_EXTREMA_V1,STATE_BAND_CROSS,5,89,N_30_99,0.6067415730337079,0.5028634843406101,0.7017861554760239,0.5020053475935828,0.10473622544012506,0.20863567677553552,0.0028007244530713934,0.005492311378422654,-0.0066721675114934315,0.01120203925136324,4.521682724032336,3.320542366201197,3.7622065657175465,5.360409175429155,4.994747050012853,3.0091091718837966,3.8452673015590366,6.21219580268088
6H,VALIDATION,OS,PROJECT_DYNAMIC_EXTREMA_V1,STATE_BAND_CROSS,10,89,N_30_99,0.5280898876404494,0.4253736442483641,0.6284815241244343,0.5077129443326627,0.02037694330778672,0.04013477208970939,-0.004958741240033012,0.0013853156540668543,-0.019336250404397588,0.008525815814436578,4.521682724032336,3.320542366201197,3.7622065657175465,5.360409175429155,4.994747050012853,3.0091091718837966,3.8452673015590366,6.21219580268088
8H,DISCOVERY,OB,CAUSAL_DNO_QUANTILE_80_20_CONTROL_V1,STATE_BAND_CROSS,1,215,N_GE_100,0.4511627906976744,0.38608505413267435,0.5179551283554814,0.48043864848844103,-0.029275857790766635,-0.06093568426036189,0.002439511230056438,0.0012213663201909863,-0.0006497650031892313,0.005073960721505964,5.857584259751232,4.756761448292815,5.144480127024383,6.587804378960795,7.41518119225678,5.489857574449719,6.503463698392658,8.280965208468224
8H,DISCOVERY,OB,CAUSAL_DNO_QUANTILE_80_20_CONTROL_V1,STATE_BAND_CROSS,3,215,N_GE_100,0.44651162790697674,0.38157781139580943,0.513323340853123,0.46174377224199287,-0.015232144335016129,-0.03298830487968807,0.004878409175686159,0.003931479921370329,-0.0011342974426946692,0.011555647782596774,5.857584259751232,4.756761448292815,5.144480127024383,6.587804378960795,7.41518119225678,5.489857574449719,6.503463698392658,8.280965208468224
8H,DISCOVERY,OB,CAUSAL_DNO_QUANTILE_80_20_CONTROL_V1,STATE_BAND_CROSS,5,215,N_GE_100,0.4418604651162791,0.3770762969936011,0.5086858250161082,0.457566765578635,-0.015706300462355938,-0.03432570204808005,0.009377168758239884,0.008544714356014893,0.0018739225224014618,0.017137242089421023,5.857584259751232,4.756761448292815,5.144480127024383,6.587804378960795,7.41518119225678,5.489857574449719,6.503463698392658,8.280965208468224
8H,DISCOVERY,OB,CAUSAL_DNO_QUANTILE_80_20_CONTROL_V1,STATE_BAND_CROSS,10,215,N_GE_100,0.4604651162790698,0.395116661284975,0.5272015816816273,0.45052005943536405,0.009945056843705724,0.02207461495980856,0.013723490718355309,0.007508245035436234,0.0034395411963974248,0.024625593555691133,5.857584259751232,4.756761448292815,5.144480127024383,6.587804378960795,7.41518119225678,5.489857574449719,6.503463698392658,8.280965208468224
8H,DISCOVERY,OB,PROJECT_DYNAMIC_EXTREMA_V1,STATE_BAND_CROSS,1,206,N_GE_100,0.44660194174757284,0.3803073658493984,0.5148516493315761,0.48043864848844103,-0.033836706740868194,-0.07042877763336786,0.002970109104416958,0.002220889984980934,5.175236451147521e-05,0.006308594500314441,5.94800622756633,4.106539786787156,5.278615998579091,6.718172657802217,7.721391794675532,5.9269187958647995,6.785332031326462,8.62492677161902
8H,DISCOVERY,OB,PROJECT_DYNAMIC_EXTREMA_V1,STATE_BAND_CROSS,3,206,N_GE_100,0.4174757281553398,0.3522452824206981,0.48572774104080796,0.46174377224199287,-0.04426804408665308,-0.09587144807976511,0.008116447356213065,0.007605157805003038,0.002023198278473737,0.013761961399188258,5.94800622756633,4.106539786787156,5.278615998579091,6.718172657802217,7.721391794675532,5.9269187958647995,6.785332031326462,8.62492677161902
8H,DISCOVERY,OB,PROJECT_DYNAMIC_EXTREMA_V1,STATE_BAND_CROSS,5,206,N_GE_100,0.3737864077669903,0.31059515501858037,0.4415988808637231,0.457566765578635,-0.08378035781164472,-0.18309974437434673,0.013914732403308231,0.01063909800959928,0.004432354099699047,0.021781331098966083,5.94800622756633,4.106539786787156,5.278615998579091,6.718172657802217,7.721391794675532,5.9269187958647995,6.785332031326462,8.62492677161902
8H,DISCOVERY,OB,PROJECT_DYNAMIC_EXTREMA_V1,STATE_BAND_CROSS,10,206,N_GE_100,0.4320388349514563,0.36624736283574294,0.5003186564854973,0.45052005943536405,-0.018481224483907766,-0.041021979147987886,0.014953108185675893,0.010636923830610545,0.0018583136925474969,0.026966641293605795,5.94800622756633,4.106539786787156,5.278615998579091,6.718172657802217,7.721391794675532,5.9269187958647995,6.785332031326462,8.62492677161902
8H,DISCOVERY,OS,CAUSAL_DNO_QUANTILE_80_20_CONTROL_V1,STATE_BAND_CROSS,1,233,N_GE_100,0.5579399141630901,0.4937430067230032,0.6202572364775155,0.518968583283936,0.038971330879154054,0.07509381518347569,0.00036213203150727913,0.002364269440742861,-0.004082155681513154,0.004462091568718848,7.587588662175784,5.461106099507304,6.647031478359729,8.672581765470076,7.331102593271703,4.57905475465765,6.258079392489129,8.370690516243767
8H,DISCOVERY,OS,CAUSAL_DNO_QUANTILE_80_20_CONTROL_V1,STATE_BAND_CROSS,3,233,N_GE_100,0.6008583690987125,0.5368308527297471,0.6616140150637487,0.5379596678529063,0.06289870124580621,0.11692084928382496,0.00468218333976026,0.006979750107712235,-0.003058980866580848,0.011660789489622295,7.587588662175784,5.461106099507304,6.647031478359729,8.672581765470076,7.331102593271703,4.57905475465765,6.258079392489129,8.370690516243767
8H,DISCOVERY,OS,CAUSAL_DNO_QUANTILE_80_20_CONTROL_V1,STATE_BAND_CROSS,5,233,N_GE_100,0.6008583690987125,0.5368308527297471,0.6616140150637487,0.5421364985163205,0.05872187058239198,0.10831565619193273,0.00828009776571391,0.007177831826320258,-0.0006178735616653584,0.017344925441163922,7.587588662175784,5.461106099507304,6.647031478359729,8.672581765470076,7.331102593271703,4.57905475465765,6.258079392489129,8.370690516243767
8H,DISCOVERY,OS,CAUSAL_DNO_QUANTILE_80_20_CONTROL_V1,STATE_BAND_CROSS,10,233,N_GE_100,0.6223175965665236,0.5585574761695937,0.6821097039203905,0.549479940564636,0.07283765600188763,0.13255744318353258,0.017033585102814955,0.01733606116076225,0.0038639465780153726,0.0320485989171747,7.587588662175784,5.461106099507304,6.647031478359729,8.672581765470076,7.331102593271703,4.57905475465765,6.258079392489129,8.370690516243767
8H,DISCOVERY,OS,PROJECT_DYNAMIC_EXTREMA_V1,STATE_BAND_CROSS,1,174,N_GE_100,0.5057471264367817,0.4321409207992579,0.5791050419001331,0.518968583283936,-0.013221456847154367,-0.02547641085225516,-0.0003592540507420993,0.0005572018921324862,-0.005759639842176214,0.0044839363474049885,6.813585618027313,4.939352850192228,5.755053261827963,7.80530472416421,7.337261174175518,4.650665791550802,6.064452501131989,8.718723874790278
8H,DISCOVERY,OS,PROJECT_DYNAMIC_EXTREMA_V1,STATE_BAND_CROSS,3,174,N_GE_100,0.5862068965517241,0.5119344547532682,0.6567549857375955,0.5379596678529063,0.04824722869881781,0.08968558719537678,0.003002713158838297,0.005284052964997565,-0.0054567145876781905,0.010653992973652542,6.813585618027313,4.939352850192228,5.755053261827963,7.80530472416421,7.337261174175518,4.650665791550802,6.064452501131989,8.718723874790278
8H,DISCOVERY,OS,PROJECT_DYNAMIC_EXTREMA_V1,STATE_BAND_CROSS,5,174,N_GE_100,0.5344827586206896,0.46042226268372766,0.6070535135126177,0.5421364985163205,-0.0076537398956308955,-0.014117735877545723,0.003309657426648776,0.0033983007362361484,-0.006282668952579297,0.012824075795644613,6.813585618027313,4.939352850192228,5.755053261827963,7.80530472416421,7.337261174175518,4.650665791550802,6.064452501131989,8.718723874790278
8H,DISCOVERY,OS,PROJECT_DYNAMIC_EXTREMA_V1,STATE_BAND_CROSS,10,173,N_GE_100,0.5780346820809249,0.5035285171338473,0.6491504905204604,0.549479940564636,0.028554741516288895,0.05196684975787558,0.0087915583811447,0.012877848819028204,-0.006933780672300974,0.024242332394241402,6.816266092194409,4.925639007415392,5.815028270450657,7.945318025333246,7.370866652080287,4.654783635777939,6.212718129290042,8.517052391103244
8H,VALIDATION,OB,CAUSAL_DNO_QUANTILE_80_20_CONTROL_V1,STATE_BAND_CROSS,1,61,N_30_99,0.45901639344262296,0.3401273088828912,0.5827617006418584,0.48576512455516013,-0.026748731112537172,-0.05506515342580909,0.004001248865732318,0.0017575653423738125,-0.0014746940889153837,0.00997393268121173,3.807081429948282,2.596378397544844,2.863272381582899,4.929678992841595,6.479878812945228,4.596147070150868,5.066847263656957,7.965647300184203
8H,VALIDATION,OB,CAUSAL_DNO_QUANTILE_80_20_CONTROL_V1,STATE_BAND_CROSS,3,61,N_30_99,0.5081967213114754,0.386024064532302,0.6293981335627482,0.5089126559714795,-0.0007159346600040806,-0.0014067927995176088,0.004796790019528662,-0.0007747603833866412,-0.007008105780151756,0.014257653113555247,3.807081429948282,2.596378397544844,2.863272381582899,4.929678992841595,6.479878812945228,4.596147070150868,5.066847263656957,7.965647300184203
8H,VALIDATION,OB,CAUSAL_DNO_QUANTILE_80_20_CONTROL_V1,STATE_BAND_CROSS,5,61,N_30_99,0.4098360655737705,0.2953514834927377,0.5350043374617113,0.5017857142857143,-0.09194964871194378,-0.1832448515255819,0.012448097206816312,0.004526983969345588,-0.0007100867128405264,0.024702852204117755,3.807081429948282,2.596378397544844,2.863272381582899,4.929678992841595,6.479878812945228,4.596147070150868,5.066847263656957,7.965647300184203
8H,VALIDATION,OB,CAUSAL_DNO_QUANTILE_80_20_CONTROL_V1,STATE_BAND_CROSS,10,61,N_30_99,0.36065573770491804,0.25173936505814554,0.48608326732600293,0.47533632286995514,-0.1146805851650371,-0.24126198577172897,0.019083761954154007,0.010439297124600566,0.001119686001331305,0.037556149763874495,3.807081429948282,2.596378397544844,2.863272381582899,4.929678992841595,6.479878812945228,4.596147070150868,5.066847263656957,7.965647300184203
8H,VALIDATION,OB,PROJECT_DYNAMIC_EXTREMA_V1,STATE_BAND_CROSS,1,65,N_30_99,0.4153846153846154,0.3036005547380231,0.5366123397908664,0.48576512455516013,-0.07038050917054472,-0.1448858833474217,0.005139035906575403,0.003973566093851133,0.0003055812777628328,0.010191935308987972,3.6407899854328507,2.8244870107715494,2.84905660547646,4.5187447055646865,6.431934760399715,4.6746621679976545,5.138541892423875,8.048337132551158
8H,VALIDATION,OB,PROJECT_DYNAMIC_EXTREMA_V1,STATE_BAND_CROSS,3,65,N_30_99,0.47692307692307695,0.36021590253064156,0.5962057959772373,0.5089126559714795,-0.03198957904840255,-0.06285868247339343,0.006596014618280752,0.0018398175952270002,-0.0019976528174307545,0.014994542450515767,3.6407899854328507,2.8244870107715494,2.84905660547646,4.5187447055646865,6.431934760399715,4.6746621679976545,5.138541892423875,8.048337132551158
8H,VALIDATION,OB,PROJECT_DYNAMIC_EXTREMA_V1,STATE_BAND_CROSS,5,65,N_30_99,0.4,0.28971847853161004,0.5214422150025321,0.5017857142857143,-0.10178571428571426,-0.20284697508896787,0.016164381308731324,0.004044372544488084,0.006081296864596182,0.026989856130254005,3.6407899854328507,2.8244870107715494,2.84905660547646,4.5187447055646865,6.431934760399715,4.6746621679976545,5.138541892423875,8.048337132551158
8H,VALIDATION,OB,PROJECT_DYNAMIC_EXTREMA_V1,STATE_BAND_CROSS,10,65,N_30_99,0.36923076923076925,0.26229222189067253,0.49076406965397484,0.47533632286995514,-0.10610555363918589,-0.22322206095790997,0.02108226384355307,0.008971207719873364,0.00338751108844362,0.038125347360841354,3.6407899854328507,2.8244870107715494,2.84905660547646,4.5187447055646865,6.431934760399715,4.6746621679976545,5.138541892423875,8.048337132551158
8H,VALIDATION,OS,CAUSAL_DNO_QUANTILE_80_20_CONTROL_V1,STATE_BAND_CROSS,1,65,N_30_99,0.46153846153846156,0.34590137149936684,0.5814681260137647,0.5142348754448398,-0.05269641390637825,-0.10247537929198813,-0.005256708872272586,-0.0013260401127134225,-0.0102238079251575,-0.0007951484746178202,5.054002090016628,3.5821821872195554,4.152822885535489,6.225382650378104,6.584978960567977,3.7901110744254667,4.796070045890168,8.636709043331171
8H,VALIDATION,OS,CAUSAL_DNO_QUANTILE_80_20_CONTROL_V1,STATE_BAND_CROSS,3,65,N_30_99,0.6,0.47855778499746787,0.71028152146839,0.49019607843137253,0.10980392156862745,0.22399999999999998,-0.0001966435989122973,0.002917209382434116,-0.01082421168506002,0.009633807462740049,5.054002090016628,3.5821821872195554,4.152822885535489,6.225382650378104,6.584978960567977,3.7901110744254667,4.796070045890168,8.636709043331171
8H,VALIDATION,OS,CAUSAL_DNO_QUANTILE_80_20_CONTROL_V1,STATE_BAND_CROSS,5,65,N_30_99,0.46153846153846156,0.34590137149936684,0.5814681260137647,0.4982142857142857,-0.03667582417582416,-0.07361455748552514,-0.007561146294240698,-0.0010172806447591443,-0.021563668508538976,0.00506959177398938,5.054002090016628,3.5821821872195554,4.152822885535489,6.225382650378104,6.584978960567977,3.7901110744254667,4.796070045890168,8.636709043331171
8H,VALIDATION,OS,CAUSAL_DNO_QUANTILE_80_20_CONTROL_V1,STATE_BAND_CROSS,10,65,N_30_99,0.49230769230769234,0.37463636042469284,0.6108375390779336,0.5246636771300448,-0.03235598482235247,-0.061669953977646186,-0.012210340979253475,-0.00013876624195785503,-0.033341090681187985,0.0070957053845844735,5.054002090016628,3.5821821872195554,4.152822885535489,6.225382650378104,6.584978960567977,3.7901110744254667,4.796070045890168,8.636709043331171
8H,VALIDATION,OS,PROJECT_DYNAMIC_EXTREMA_V1,STATE_BAND_CROSS,1,63,N_30_99,0.5555555555555556,0.4331942064087128,0.6715309946636732,0.5142348754448398,0.04132068011071577,0.08035371011149572,-0.002421296151871653,0.0013559363630228916,-0.006605641628659487,0.0013912188977997313,5.348706820634331,4.028588482438395,4.397943617245361,6.4525188333315215,6.766301005942432,3.7450904464236343,5.152187337409464,8.659777988724182
8H,VALIDATION,OS,PROJECT_DYNAMIC_EXTREMA_V1,STATE_BAND_CROSS,3,63,N_30_99,0.5873015873015873,0.4641509535181111,0.7004172195956385,0.49019607843137253,0.0971055088702148,0.1980952380952381,0.0008737414582604827,0.0066142426692143985,-0.008895660962620438,0.010181640852505213,5.348706820634331,4.028588482438395,4.397943617245361,6.4525188333315215,6.766301005942432,3.7450904464236343,5.152187337409464,8.659777988724182
8H,VALIDATION,OS,PROJECT_DYNAMIC_EXTREMA_V1,STATE_BAND_CROSS,5,63,N_30_99,0.5396825396825397,0.41789036921596123,0.656913345835743,0.4982142857142857,0.04146825396825393,0.08323377140581445,-0.006941491257228443,0.0011875739216491432,-0.021584883915124947,0.006475463389496958,5.348706820634331,4.028588482438395,4.397943617245361,6.4525188333315215,6.766301005942432,3.7450904464236343,5.152187337409464,8.659777988724182
8H,VALIDATION,OS,PROJECT_DYNAMIC_EXTREMA_V1,STATE_BAND_CROSS,10,63,N_30_99,0.5079365079365079,0.38762677115387556,0.6273339718564653,0.5246636771300448,-0.016727169193536895,-0.0318816985483652,-0.008466563407821618,0.0005217861045290206,-0.02783195581072517,0.012204937473357337,5.348706820634331,4.028588482438395,4.397943617245361,6.4525188333315215,6.766301005942432,3.7450904464236343,5.152187337409464,8.659777988724182
