candidate_id,family,role,decision_tf,partition,source_wave_tf,pivot_type,n_events,TOTAL_SIGNALS,MATCHED_POST_C_SIGNALS,PRE_C_WARNING_SIGNALS,UNMATCHED_SIGNALS,FALSE_POSITIVE_RATE,PRECISION,EVENT_RECALL,SIGNALS_PER_YEAR,FALSE_SIGNALS_PER_YEAR,MEDIAN_DELAY_SECONDS,P75_DELAY_SECONDS,P90_DELAY_SECONDS,MEDIAN_PRICE_DISTANCE_FROM_C_PCT,MEDIAN_PRICE_DISTANCE_FROM_C_ATR,MEDIAN_REMAINING_WAVE_FRACTION,MEDIAN_MAE_AFTER_SIGNAL,P90_MAE_AFTER_SIGNAL,MEDIAN_MFE_AFTER_SIGNAL,MFE_MAE_RATIO,PRE_C_SIGNAL_RATE,MEDIAN_PRE_C_LEAD,MEDIAN_ADVERSE_EXTENSION_AFTER_PRE_C,SCANNED_TIME_FROM,SCANNED_TIME_TO,VALID_DECISION_BARS,YEARS_COVERED
PRICE_ONE_BAR_DIRECTION_CHANGE_5m,PRICE_ONLY,PRICE_BASELINE,5m,DISCOVERY,ALL,ALL,5301,164667,3577,23903,105451,0.6403893919243079,0.02172262809184597,0.6747783437087342,53452.779230205226,34230.592787895395,599.999999,1199.999999,1499.999999,1.2991927346115035,0.6868087402212044,0.8159390059699364,,,,,0.14515962518294498,6600.000001,16.629999999999995,2019-05-12T00:00:00+00:00,2022-06-10T04:36:00+00:00,323329,3.080606890257814
PRICE_ONE_BAR_DIRECTION_CHANGE_5m,PRICE_ONLY,PRICE_BASELINE,5m,DISCOVERY,5m,ALL,0,105451,0,0,105451,1.0,0.0,,34230.592787895395,34230.592787895395,,,,,,,,,,,0.0,,,2019-05-12T00:00:00+00:00,2022-06-10T04:36:00+00:00,323329,3.080606890257814
PRICE_ONE_BAR_DIRECTION_CHANGE_5m,PRICE_ONLY,PRICE_BASELINE,5m,DISCOVERY,15m,ALL,150,106943,127,54,105451,0.9860486427349149,0.001187548507148668,0.8466666666666667,34714.912940758244,34230.592787895395,599.999999,899.999999,1199.999999,0.6030077145926307,0.8895575221239053,0.9531889081455802,,,,,0.0005049418849293549,7950.000001,7.58500000000015,2019-05-12T00:00:00+00:00,2022-06-10T04:36:00+00:00,323329,3.080606890257814
PRICE_ONE_BAR_DIRECTION_CHANGE_5m,PRICE_ONLY,PRICE_BASELINE,5m,DISCOVERY,30m,ALL,156,106501,86,158,105451,0.990140937643778,0.0008075041548905644,0.5512820512820513,34571.43471852944,34230.592787895395,749.999999,1199.999999,1499.999999,0.9080126839575685,0.9578514452803707,0.9406598141701509,,,,,0.001483554145031502,5700.000001,4.609999999999999,2019-05-12T00:00:00+00:00,2022-06-10T04:36:00+00:00,323329,3.080606890257814
PRICE_ONE_BAR_DIRECTION_CHANGE_5m,PRICE_ONLY,PRICE_BASELINE,5m,DISCOVERY,1H,ALL,1726,130948,1368,10160,105451,0.8052891223997312,0.01044689495066744,0.7925840092699884,42507.208697777416,34230.592787895395,599.999999,1199.999999,1499.999999,0.8076020097629399,0.6932346029126116,0.8386874366137032,,,,,0.07758805021840731,6900.000001,18.220000000000013,2019-05-12T00:00:00+00:00,2022-06-10T04:36:00+00:00,323329,3.080606890257814
PRICE_ONE_BAR_DIRECTION_CHANGE_5m,PRICE_ONLY,PRICE_BASELINE,5m,DISCOVERY,2H,ALL,843,110652,430,2245,105451,0.9529967827061417,0.003886057188302064,0.5100830367734283,35918.89648430268,34230.592787895395,599.999999,1199.999999,1499.999999,1.4232594114349912,0.8389692250924743,0.8122616675363958,,,,,0.020288833459856125,6900.000001,10.079999999999984,2019-05-12T00:00:00+00:00,2022-06-10T04:36:00+00:00,323329,3.080606890257814
PRICE_ONE_BAR_DIRECTION_CHANGE_5m,PRICE_ONLY,PRICE_BASELINE,5m,DISCOVERY,4H,ALL,435,107402,185,770,105451,0.9818346027075846,0.0017225005120947469,0.42528735632183906,34863.909556149694,34230.592787895395,599.999999,1199.999999,2099.999999,2.211905602933511,0.8746928746928746,0.8098757285824257,,,,,0.007169326455745703,6900.000001,17.639999999999986,2019-05-12T00:00:00+00:00,2022-06-10T04:36:00+00:00,323329,3.080606890257814
PRICE_ONE_BAR_DIRECTION_CHANGE_5m,PRICE_ONLY,PRICE_BASELINE,5m,DISCOVERY,6H,ALL,776,114258,561,3800,105451,0.9229200581140927,0.004909940660610198,0.7229381443298969,37089.445057508725,34230.592787895395,599.999999,1199.999999,1799.999999,1.926012918379328,0.6018950643473323,0.7485930094786731,,,,,0.03325806508078209,6600.000001,11.550000000000011,2019-05-12T00:00:00+00:00,2022-06-10T04:36:00+00:00,323329,3.080606890257814
PRICE_ONE_BAR_DIRECTION_CHANGE_5m,PRICE_ONLY,PRICE_BASELINE,5m,DISCOVERY,8H,ALL,613,112292,421,2886,105451,0.9390784739785559,0.0037491539913796176,0.6867862969004894,36451.25911881679,34230.592787895395,599.999999,1199.999999,1799.999999,2.21576314299213,0.5768667642752558,0.7333645461461932,,,,,0.025700851351832723,6600.000001,19.26000000000002,2019-05-12T00:00:00+00:00,2022-06-10T04:36:00+00:00,323329,3.080606890257814
PRICE_ONE_BAR_DIRECTION_CHANGE_5m,PRICE_ONLY,PRICE_BASELINE,5m,DISCOVERY,12H,ALL,399,110763,257,2419,105451,0.9520417467927015,0.0023202694040428662,0.6441102756892231,35954.928345541135,34230.592787895395,599.999999,1199.999999,1499.999999,2.741266605749615,0.619336994102096,0.7337328767123278,,,,,0.021839422911983243,6600.000001,18.53000000000003,2019-05-12T00:00:00+00:00,2022-06-10T04:36:00+00:00,323329,3.080606890257814
PRICE_ONE_BAR_DIRECTION_CHANGE_5m,PRICE_ONLY,PRICE_BASELINE,5m,DISCOVERY,1D,ALL,203,108516,142,1411,105451,0.9717553171882487,0.0013085627925835822,0.6995073891625616,35225.526613984286,34230.592787895395,599.999999,1199.999999,1769.9999990000015,3.898615130201493,0.6023278307777251,0.7326722191103647,,,,,0.013002690847432637,6900.000001,25.149999999999977,2019-05-12T00:00:00+00:00,2022-06-10T04:36:00+00:00,323329,3.080606890257814
PRICE_ONE_BAR_DIRECTION_CHANGE_5m,PRICE_ONLY,PRICE_BASELINE,5m,DISCOVERY,ALL,HIGH,2648,134715,1760,11768,105451,0.782771035148276,0.013064617897041903,0.6646525679758308,43730.01970034735,34230.592787895395,599.999999,1199.999999,1499.999999,1.0662970730308197,0.5996707052381193,0.8348547763097092,,,,,0.08735478602976654,6600.000001,15.735000000000014,2019-05-12T00:00:00+00:00,2022-06-10T04:36:00+00:00,323329,3.080606890257814
PRICE_ONE_BAR_DIRECTION_CHANGE_5m,PRICE_ONLY,PRICE_BASELINE,5m,DISCOVERY,ALL,LOW,2653,135403,1817,12135,105451,0.778793675177064,0.01341920046084651,0.6848850358085187,43953.35231775328,34230.592787895395,599.999999,1199.999999,1499.999999,1.5202284469240417,0.7883105862385948,0.7958916083916087,,,,,0.08962135255496555,6600.000001,18.29000000000002,2019-05-12T00:00:00+00:00,2022-06-10T04:36:00+00:00,323329,3.080606890257814
PRICE_CLOSE_ABOVE_PREVIOUS_HIGH_5m,PRICE_ONLY,PRICE_BASELINE,5m,DISCOVERY,ALL,ALL,5301,156511,3472,20161,102142,0.65261866578068,0.022183744273565436,0.6549707602339181,50805.248957585005,33156.45378935441,1199.999999,2099.999999,2999.999999,1.317481485520123,0.7050576585962403,0.8069069875220396,,,,,0.12881522704474446,6900.000001,17.089999999999918,2019-05-12T00:00:00+00:00,2022-06-10T04:36:00+00:00,323329,3.080606890257814
PRICE_CLOSE_ABOVE_PREVIOUS_HIGH_5m,PRICE_ONLY,PRICE_BASELINE,5m,DISCOVERY,5m,ALL,0,102142,0,0,102142,1.0,0.0,,33156.45378935441,33156.45378935441,,,,,,,,,,,0.0,,,2019-05-12T00:00:00+00:00,2022-06-10T04:36:00+00:00,323329,3.080606890257814
PRICE_CLOSE_ABOVE_PREVIOUS_HIGH_5m,PRICE_ONLY,PRICE_BASELINE,5m,DISCOVERY,15m,ALL,150,103784,125,48,102142,0.9841786787944192,0.0012044245741154706,0.8333333333333334,33689.46564659355,33156.45378935441,899.999999,1199.999999,1799.999999,0.802900461437046,1.1308357348703166,0.9358878865623885,,,,,0.0004624990364603407,6900.000001,10.754999999999995,2019-05-12T00:00:00+00:00,2022-06-10T04:36:00+00:00,323329,3.080606890257814
PRICE_CLOSE_ABOVE_PREVIOUS_HIGH_5m,PRICE_ONLY,PRICE_BASELINE,5m,DISCOVERY,30m,ALL,156,103223,78,120,102142,0.9895275277796615,0.0007556455441132306,0.5,33507.35867222622,33156.45378935441,1349.999999,2024.9999990000001,2399.999999,1.1351852245712055,1.1163020712699,0.9318588969404186,,,,,0.001162531606328047,6300.000001,5.03000000000003,2019-05-12T00:00:00+00:00,2022-06-10T04:36:00+00:00,323329,3.080606890257814
PRICE_CLOSE_ABOVE_PREVIOUS_HIGH_5m,PRICE_ONLY,PRICE_BASELINE,5m,DISCOVERY,1H,ALL,1726,126294,1337,7958,102142,0.8087636784011909,0.01058640948897018,0.7746234067207416,40996.46741666235,33156.45378935441,1199.999999,2099.999999,2999.999999,0.8734693877551057,0.7112427383528928,0.8235201312634108,,,,,0.06301170285207532,7200.000001,20.024999999999977,2019-05-12T00:00:00+00:00,2022-06-10T04:36:00+00:00,323329,3.080606890257814
PRICE_CLOSE_ABOVE_PREVIOUS_HIGH_5m,PRICE_ONLY,PRICE_BASELINE,5m,DISCOVERY,2H,ALL,843,106717,396,1841,102142,0.9571296044678917,0.003710748990320193,0.4697508896797153,34641.550772831295,33156.45378935441,1199.999999,2099.999999,2699.999999,1.425764042332891,0.7877731144738553,0.8037701686835355,,,,,0.01725123457368554,6900.000001,9.539999999999964,2019-05-12T00:00:00+00:00,2022-06-10T04:36:00+00:00,323329,3.080606890257814
PRICE_CLOSE_ABOVE_PREVIOUS_HIGH_5m,PRICE_ONLY,PRICE_BASELINE,5m,DISCOVERY,4H,ALL,435,103811,176,673,102142,0.9839227056862953,0.0016953887352978009,0.4045977011494253,33698.23015338128,33156.45378935441,899.999999,1799.999999,2699.999999,2.1735471239049726,0.8518067027373053,0.8055855446862239,,,,,0.006482935334405795,7200.000001,16.940000000000055,2019-05-12T00:00:00+00:00,2022-06-10T04:36:00+00:00,323329,3.080606890257814
PRICE_CLOSE_ABOVE_PREVIOUS_HIGH_5m,PRICE_ONLY,PRICE_BASELINE,5m,DISCOVERY,6H,ALL,776,109873,551,3422,102142,0.9296369444722543,0.005014880816943198,0.7100515463917526,35666.02423290847,33156.45378935441,899.999999,1799.999999,2999.999999,1.926012918379328,0.6080036666247285,0.7404772683179197,,,,,0.031145049284173547,6600.000001,12.759999999999991,2019-05-12T00:00:00+00:00,2022-06-10T04:36:00+00:00,323329,3.080606890257814
PRICE_CLOSE_ABOVE_PREVIOUS_HIGH_5m,PRICE_ONLY,PRICE_BASELINE,5m,DISCOVERY,8H,ALL,613,108056,413,2568,102142,0.9452691197157029,0.0038220922484637596,0.6737357259380098,35076.20538723033,33156.45378935441,899.999999,1799.999999,2999.999999,2.0103719828414204,0.5713388792968145,0.7392024347670411,,,,,0.023765454949285555,6900.000001,20.755000000000024,2019-05-12T00:00:00+00:00,2022-06-10T04:36:00+00:00,323329,3.080606890257814
PRICE_CLOSE_ABOVE_PREVIOUS_HIGH_5m,PRICE_ONLY,PRICE_BASELINE,5m,DISCOVERY,12H,ALL,399,106952,256,2232,102142,0.9550265539681352,0.0023935971276834466,0.6416040100250626,34717.83444302082,33156.45378935441,899.999999,1799.999999,2699.999999,2.849548052682427,0.6248871075417017,0.7290363022613016,,,,,0.02086917495699005,6600.000001,18.17500000000001,2019-05-12T00:00:00+00:00,2022-06-10T04:36:00+00:00,323329,3.080606890257814
PRICE_CLOSE_ABOVE_PREVIOUS_HIGH_5m,PRICE_ONLY,PRICE_BASELINE,5m,DISCOVERY,1D,ALL,203,104937,140,1299,102142,0.9733649713637706,0.0013341338136215063,0.6896551724137931,34063.74254756597,33156.45378935441,899.999999,1499.999999,2429.999999000003,3.8711108831095977,0.6290137142398531,0.7167849686847598,,,,,0.012378855884959548,6600.000001,20.399999999999977,2019-05-12T00:00:00+00:00,2022-06-10T04:36:00+00:00,323329,3.080606890257814
PRICE_CLOSE_ABOVE_PREVIOUS_HIGH_5m,PRICE_ONLY,PRICE_BASELINE,5m,DISCOVERY,ALL,HIGH,2648,128836,1708,9734,102142,0.7928063584712347,0.013257164146667081,0.6450151057401813,41821.62950015924,33156.45378935441,1199.999999,2099.999999,2999.999999,1.0887561782874862,0.6170416980782563,0.8280570326088759,,,,,0.07555341674687199,6900.000001,16.36,2019-05-12T00:00:00+00:00,2022-06-10T04:36:00+00:00,323329,3.080606890257814
PRICE_CLOSE_ABOVE_PREVIOUS_HIGH_5m,PRICE_ONLY,PRICE_BASELINE,5m,DISCOVERY,ALL,LOW,2653,129817,1764,10427,102142,0.7868152861335572,0.013588358997665945,0.6649076517150396,42140.07324678018,33156.45378935441,1199.999999,1799.999999,2999.999999,1.5450075149896394,0.8131300210756314,0.7877151455537195,,,,,0.08032075922259796,6900.000001,18.230000000000018,2019-05-12T00:00:00+00:00,2022-06-10T04:36:00+00:00,323329,3.080606890257814
PRICE_N3_BAR_EXTREME_BREAK_5m,PRICE_ONLY,PRICE_BASELINE,5m,DISCOVERY,ALL,ALL,5301,97688,3287,11798,64425,0.6594975841454427,0.03364794038162313,0.6200716845878136,31710.63478074106,20913.087029617178,2099.999999,3299.999999,4499.999999,1.3875000000000028,0.7600832989528693,0.7893258426966293,,,,,0.12077225452460896,7200.000001,17.014999999999986,2019-05-12T00:00:00+00:00,2022-06-10T04:36:00+00:00,323329,3.080606890257814
PRICE_N3_BAR_EXTREME_BREAK_5m,PRICE_ONLY,PRICE_BASELINE,5m,DISCOVERY,5m,ALL,0,64425,0,0,64425,1.0,0.0,,20913.087029617178,20913.087029617178,,,,,,,,,,,0.0,,,2019-05-12T00:00:00+00:00,2022-06-10T04:36:00+00:00,323329,3.080606890257814
PRICE_N3_BAR_EXTREME_BREAK_5m,PRICE_ONLY,PRICE_BASELINE,5m,DISCOVERY,15m,ALL,150,65512,123,27,64425,0.9834076199780193,0.001877518622542435,0.82,21265.939580664035,20913.087029617178,1499.999999,2249.999999,2999.999999,1.0437496115408234,1.4867188572998076,0.9175188900468997,,,,,0.0004121382342166321,6900.000001,9.690000000000055,2019-05-12T00:00:00+00:00,2022-06-10T04:36:00+00:00,323329,3.080606890257814
PRICE_N3_BAR_EXTREME_BREAK_5m,PRICE_ONLY,PRICE_BASELINE,5m,DISCOVERY,30m,ALL,156,65112,77,61,64425,0.9894489495023959,0.0011825777122496622,0.4935897435897436,21136.095035660594,20913.087029617178,2099.999999,2699.999999,3419.999999000002,1.3671788020485511,1.3225509198945076,0.9232254949299854,,,,,0.0009368472785354466,6300.000001,6.78000000000003,2019-05-12T00:00:00+00:00,2022-06-10T04:36:00+00:00,323329,3.080606890257814
PRICE_N3_BAR_EXTREME_BREAK_5m,PRICE_ONLY,PRICE_BASELINE,5m,DISCOVERY,1H,ALL,1726,79309,1308,4444,64425,0.8123289916655109,0.01649245356769093,0.7578215527230591,25744.602549195322,20913.087029617178,2399.999999,3599.999999,4499.999999,0.9641298332049179,0.7984528138742492,0.7970344135303936,,,,,0.056033993619891816,7800.000001,20.74000000000001,2019-05-12T00:00:00+00:00,2022-06-10T04:36:00+00:00,323329,3.080606890257814
PRICE_N3_BAR_EXTREME_BREAK_5m,PRICE_ONLY,PRICE_BASELINE,5m,DISCOVERY,2H,ALL,843,67195,338,1064,64425,0.9587766946945457,0.005030136170846045,0.40094899169632264,21812.260503766025,20913.087029617178,1799.999999,2999.999999,3899.999999,1.4308864740491671,0.7802838945937636,0.7978881401336657,,,,,0.0158345114963911,7200.000001,9.070000000000007,2019-05-12T00:00:00+00:00,2022-06-10T04:36:00+00:00,323329,3.080606890257814
PRICE_N3_BAR_EXTREME_BREAK_5m,PRICE_ONLY,PRICE_BASELINE,5m,DISCOVERY,4H,ALL,435,65389,145,390,64425,0.9852574592056768,0.0022174983559925983,0.3333333333333333,21226.01238307548,20913.087029617178,1499.999999,2999.999999,4799.999999,2.2832534330056085,0.8746928746928746,0.7868135364059324,,,,,0.005964305923014574,7800.000001,15.944999999999993,2019-05-12T00:00:00+00:00,2022-06-10T04:36:00+00:00,323329,3.080606890257814
PRICE_N3_BAR_EXTREME_BREAK_5m,PRICE_ONLY,PRICE_BASELINE,5m,DISCOVERY,6H,ALL,776,69076,517,2056,64425,0.9326683652788234,0.007484509815275928,0.6662371134020618,22422.85447664472,20913.087029617178,1499.999999,2999.999999,4499.999999,1.9739178971938838,0.6011431982002641,0.732630721910621,,,,,0.029764317563263653,6600.000001,12.969999999999985,2019-05-12T00:00:00+00:00,2022-06-10T04:36:00+00:00,323329,3.080606890257814
PRICE_N3_BAR_EXTREME_BREAK_5m,PRICE_ONLY,PRICE_BASELINE,5m,DISCOVERY,8H,ALL,613,67983,388,1576,64425,0.947663386434844,0.0057073091802362355,0.632952691680261,22068.05425742281,20913.087029617178,1499.999999,3299.999999,5099.999999,2.088330449312677,0.5640653688404883,0.7388319866142896,,,,,0.02318226615477399,7200.000001,20.084999999999994,2019-05-12T00:00:00+00:00,2022-06-10T04:36:00+00:00,323329,3.080606890257814
PRICE_N3_BAR_EXTREME_BREAK_5m,PRICE_ONLY,PRICE_BASELINE,5m,DISCOVERY,12H,ALL,399,67386,251,1398,64425,0.9560591220728342,0.0037248093075713056,0.6290726817042607,21874.26127400517,20913.087029617178,1499.999999,2999.999999,4799.999999,2.929027936702856,0.6296092460099065,0.7415841584158414,,,,,0.020746149051731815,6900.000001,18.210000000000008,2019-05-12T00:00:00+00:00,2022-06-10T04:36:00+00:00,323329,3.080606890257814
PRICE_N3_BAR_EXTREME_BREAK_5m,PRICE_ONLY,PRICE_BASELINE,5m,DISCOVERY,1D,ALL,203,66126,140,782,64425,0.9742763814535886,0.002117170250733448,0.6896551724137931,21465.250957244323,20913.087029617178,1499.999999,3374.999999,5129.999999000002,3.681815155317763,0.6142612030632175,0.7200974631794852,,,,,0.011825908114811119,6900.000001,18.735,2019-05-12T00:00:00+00:00,2022-06-10T04:36:00+00:00,323329,3.080606890257814
PRICE_N3_BAR_EXTREME_BREAK_5m,PRICE_ONLY,PRICE_BASELINE,5m,DISCOVERY,ALL,HIGH,2648,80605,1614,5664,64425,0.7992680354816699,0.020023571738725886,0.6095166163141994,26165.298875006483,20913.087029617178,2099.999999,3299.999999,4499.999999,1.1817442415687127,0.6721892469447049,0.8081517204327965,,,,,0.07026859375969233,7200.000001,16.144999999999996,2019-05-12T00:00:00+00:00,2022-06-10T04:36:00+00:00,323329,3.080606890257814
PRICE_N3_BAR_EXTREME_BREAK_5m,PRICE_ONLY,PRICE_BASELINE,5m,DISCOVERY,ALL,LOW,2653,81508,1673,6134,64425,0.790413210973156,0.02052559257986946,0.6306068601583114,26458.422935351755,20913.087029617178,2099.999999,3299.999999,4499.999999,1.598711079914823,0.8608414239482068,0.772748483434438,,,,,0.0752564165480689,7200.000001,18.354999999999947,2019-05-12T00:00:00+00:00,2022-06-10T04:36:00+00:00,323329,3.080606890257814
PRICE_N5_BAR_EXTREME_BREAK_5m,PRICE_ONLY,PRICE_BASELINE,5m,DISCOVERY,ALL,ALL,5301,74526,3133,8497,49571,0.6651504173040281,0.042039019939350025,0.5910205621580834,24191.986402316645,16091.30985091429,2699.999999,4199.999999,5699.999999,1.458204059923762,0.8253022023513771,0.7727948990435712,,,,,0.11401390118884684,7500.000001,16.769999999999996,2019-05-12T00:00:00+00:00,2022-06-10T04:36:00+00:00,323329,3.080606890257814
PRICE_N5_BAR_EXTREME_BREAK_5m,PRICE_ONLY,PRICE_BASELINE,5m,DISCOVERY,5m,ALL,0,49571,0,0,49571,1.0,0.0,,16091.30985091429,16091.30985091429,,,,,,,,,,,0.0,,,2019-05-12T00:00:00+00:00,2022-06-10T04:36:00+00:00,323329,3.080606890257814
PRICE_N5_BAR_EXTREME_BREAK_5m,PRICE_ONLY,PRICE_BASELINE,5m,DISCOVERY,15m,ALL,150,50436,122,21,49571,0.9828495519073678,0.0024189071298279007,0.8133333333333334,16372.098679484237,16091.30985091429,2099.999999,2999.999999,4199.999999,1.2927652926682596,1.7467199748328808,0.903169076451128,,,,,0.0004163692600523436,6900.000001,11.920000000000073,2019-05-12T00:00:00+00:00,2022-06-10T04:36:00+00:00,323329,3.080606890257814
PRICE_N5_BAR_EXTREME_BREAK_5m,PRICE_ONLY,PRICE_BASELINE,5m,DISCOVERY,30m,ALL,156,50085,73,43,49571,0.98973744634122,0.0014575222122391934,0.46794871794871795,16258.160091243715,16091.30985091429,2399.999999,3299.999999,5759.999998999996,1.5015525968777919,1.567352834958467,0.9037974683544303,,,,,0.0008585404811819906,6600.000001,4.1499999999999915,2019-05-12T00:00:00+00:00,2022-06-10T04:36:00+00:00,323329,3.080606890257814
PRICE_N5_BAR_EXTREME_BREAK_5m,PRICE_ONLY,PRICE_BASELINE,5m,DISCOVERY,1H,ALL,1726,60793,1290,3058,49571,0.8154063790239008,0.0212195483032586,0.7473928157589803,19734.09856098591,16091.30985091429,2999.999999,4199.999999,5699.999999,1.0842539988968525,0.8972890613089497,0.7715846477488967,,,,,0.05030184396229829,8100.000001,21.17499999999997,2019-05-12T00:00:00+00:00,2022-06-10T04:36:00+00:00,323329,3.080606890257814
PRICE_N5_BAR_EXTREME_BREAK_5m,PRICE_ONLY,PRICE_BASELINE,5m,DISCOVERY,2H,ALL,843,51628,299,766,49571,0.9601572789958936,0.005791431006430619,0.35468564650059314,16759.0354235945,16091.30985091429,2399.999999,3899.999999,5699.999999,1.4074242769300858,0.809523809523809,0.7960692390912371,,,,,0.014836910203765399,7200.000001,8.689999999999998,2019-05-12T00:00:00+00:00,2022-06-10T04:36:00+00:00,323329,3.080606890257814
PRICE_N5_BAR_EXTREME_BREAK_5m,PRICE_ONLY,PRICE_BASELINE,5m,DISCOVERY,4H,ALL,435,50286,132,282,49571,0.9857813307878932,0.002624985085312015,0.30344827586206896,16323.406975107946,16091.30985091429,2099.999999,3599.999999,5399.999999,2.2715219421101827,0.8919361209864007,0.7767613124328362,,,,,0.005607922682257487,8100.000001,17.040000000000006,2019-05-12T00:00:00+00:00,2022-06-10T04:36:00+00:00,323329,3.080606890257814
PRICE_N5_BAR_EXTREME_BREAK_5m,PRICE_ONLY,PRICE_BASELINE,5m,DISCOVERY,6H,ALL,776,53022,483,1491,49571,0.9349138093621515,0.009109426275885481,0.6224226804123711,17211.5436629315,16091.30985091429,2099.999999,3899.999999,5999.999999,1.9247311827957057,0.6044330228075836,0.7310235387463637,,,,,0.028120402851646485,6900.000001,12.480000000000018,2019-05-12T00:00:00+00:00,2022-06-10T04:36:00+00:00,323329,3.080606890257814
PRICE_N5_BAR_EXTREME_BREAK_5m,PRICE_ONLY,PRICE_BASELINE,5m,DISCOVERY,8H,ALL,613,52219,359,1192,49571,0.9492904881365021,0.006874892280587526,0.5856443719412724,16950.880738837088,16091.30985091429,2399.999999,4349.999999,6599.999999,2.0328777342605164,0.566463252852218,0.7306678383128291,,,,,0.02282694038568337,7200.000001,19.89999999999999,2019-05-12T00:00:00+00:00,2022-06-10T04:36:00+00:00,323329,3.080606890257814
PRICE_N5_BAR_EXTREME_BREAK_5m,PRICE_ONLY,PRICE_BASELINE,5m,DISCOVERY,12H,ALL,399,51777,242,1071,49571,0.9573942097842671,0.004673889951136605,0.606516290726817,16807.402516608283,16091.30985091429,2099.999999,3899.999999,6299.999999,2.9354073999172723,0.6260073243655653,0.7370542656171986,,,,,0.02068486007300539,6900.000001,18.70999999999998,2019-05-12T00:00:00+00:00,2022-06-10T04:36:00+00:00,323329,3.080606890257814
PRICE_N5_BAR_EXTREME_BREAK_5m,PRICE_ONLY,PRICE_BASELINE,5m,DISCOVERY,1D,ALL,203,50848,133,573,49571,0.9748859345500315,0.0026156387665198237,0.6551724137931034,16505.838560837783,16091.30985091429,2099.999999,4199.999999,6599.999999,3.7668213457076596,0.6368285007866935,0.7188710570005542,,,,,0.011268879798615482,6900.000001,19.519999999999982,2019-05-12T00:00:00+00:00,2022-06-10T04:36:00+00:00,323329,3.080606890257814
PRICE_N5_BAR_EXTREME_BREAK_5m,PRICE_ONLY,PRICE_BASELINE,5m,DISCOVERY,ALL,HIGH,2648,61595,1544,3981,49571,0.8047893497848851,0.02506696972156831,0.5830815709969789,19994.436873717812,16091.30985091429,2699.999999,4199.999999,5699.999999,1.2791117871681061,0.728656873094377,0.7926571296672107,,,,,0.06463186946992451,7500.000001,15.79000000000002,2019-05-12T00:00:00+00:00,2022-06-10T04:36:00+00:00,323329,3.080606890257814
PRICE_N5_BAR_EXTREME_BREAK_5m,PRICE_ONLY,PRICE_BASELINE,5m,DISCOVERY,ALL,LOW,2653,62502,1589,4516,49571,0.7931106204601452,0.025423186458033344,0.5989445910290238,20288.85937951312,16091.30985091429,2699.999999,3899.999999,5699.999999,1.6630140518241607,0.9164030842320491,0.7512152010605385,,,,,0.07225368788198777,7500.000001,18.155,2019-05-12T00:00:00+00:00,2022-06-10T04:36:00+00:00,323329,3.080606890257814
PRICE_SHORT_TERM_SLOPE_SIGN_CHANGE_5m,PRICE_ONLY,PRICE_BASELINE,5m,DISCOVERY,ALL,ALL,5301,110518,3540,16013,70770,0.6403481785772454,0.032030981378598965,0.6677985285795133,35875.39856172652,22972.746124734305,899.999999,1499.999999,2099.999999,1.2789484045802308,0.6862271791472169,0.8154586457711688,,,,,0.14489042508912575,6600.000001,16.610000000000014,2019-05-12T00:00:00+00:00,2022-06-10T04:36:00+00:00,323329,3.080606890257814
PRICE_SHORT_TERM_SLOPE_SIGN_CHANGE_5m,PRICE_ONLY,PRICE_BASELINE,5m,DISCOVERY,5m,ALL,0,70770,0,0,70770,1.0,0.0,,22972.746124734305,22972.746124734305,,,,,,,,,,,0.0,,,2019-05-12T00:00:00+00:00,2022-06-10T04:36:00+00:00,323329,3.080606890257814
PRICE_SHORT_TERM_SLOPE_SIGN_CHANGE_5m,PRICE_ONLY,PRICE_BASELINE,5m,DISCOVERY,15m,ALL,150,71781,126,33,70770,0.9859154929577465,0.001755339156601329,0.84,23300.928212230512,22972.746124734305,899.999999,1199.999999,1199.999999,0.6507617827551129,0.9666661890509314,0.9474612433559031,,,,,0.00045973168387177665,6900.000001,9.0,2019-05-12T00:00:00+00:00,2022-06-10T04:36:00+00:00,323329,3.080606890257814
PRICE_SHORT_TERM_SLOPE_SIGN_CHANGE_5m,PRICE_ONLY,PRICE_BASELINE,5m,DISCOVERY,30m,ALL,156,71474,83,103,70770,0.9901502644318214,0.0011612614377256064,0.532051282051282,23201.272523940366,22972.746124734305,1199.999999,1499.999999,1799.999999,1.1028841823966564,1.1237911025145049,0.9400843881856533,,,,,0.0014410834709124997,6600.000001,4.6299999999999955,2019-05-12T00:00:00+00:00,2022-06-10T04:36:00+00:00,323329,3.080606890257814
PRICE_SHORT_TERM_SLOPE_SIGN_CHANGE_5m,PRICE_ONLY,PRICE_BASELINE,5m,DISCOVERY,1H,ALL,1726,88055,1353,6827,70770,0.8037022315598206,0.015365396627108058,0.7838933951332561,28583.653525695623,22972.746124734305,899.999999,1499.999999,2099.999999,0.8227565533516118,0.6816798539257307,0.8376168224299082,,,,,0.07753108852421782,6900.000001,18.690000000000055,2019-05-12T00:00:00+00:00,2022-06-10T04:36:00+00:00,323329,3.080606890257814
PRICE_SHORT_TERM_SLOPE_SIGN_CHANGE_5m,PRICE_ONLY,PRICE_BASELINE,5m,DISCOVERY,2H,ALL,843,74216,420,1502,70770,0.9535679637813949,0.005659157055082462,0.498220640569395,24091.356879938976,22972.746124734305,899.999999,1499.999999,2399.999999,1.4271379373018451,0.8178864289103227,0.8044136957595944,,,,,0.02023822356365204,6900.000001,9.245000000000005,2019-05-12T00:00:00+00:00,2022-06-10T04:36:00+00:00,323329,3.080606890257814
PRICE_SHORT_TERM_SLOPE_SIGN_CHANGE_5m,PRICE_ONLY,PRICE_BASELINE,5m,DISCOVERY,4H,ALL,435,72091,183,520,70770,0.9816759373569516,0.002538458337379146,0.4206896551724138,23401.55773460818,22972.746124734305,899.999999,1799.999999,2399.999999,2.158333333333333,0.8426048984241468,0.8111282092816069,,,,,0.007213105658126534,6900.000001,17.240000000000123,2019-05-12T00:00:00+00:00,2022-06-10T04:36:00+00:00,323329,3.080606890257814
PRICE_SHORT_TERM_SLOPE_SIGN_CHANGE_5m,PRICE_ONLY,PRICE_BASELINE,5m,DISCOVERY,6H,ALL,776,76656,558,2564,70770,0.9232154038822793,0.007279273638071384,0.7190721649484536,24883.408604459983,22972.746124734305,899.999999,1499.999999,2399.999999,1.8547681173822343,0.5965545575290996,0.7455173799305836,,,,,0.033448131914005426,6300.000001,12.300000000000011,2019-05-12T00:00:00+00:00,2022-06-10T04:36:00+00:00,323329,3.080606890257814
PRICE_SHORT_TERM_SLOPE_SIGN_CHANGE_5m,PRICE_ONLY,PRICE_BASELINE,5m,DISCOVERY,8H,ALL,613,75311,419,1899,70770,0.9397033633864906,0.005563596287394936,0.6835236541598695,24446.806321885902,22972.746124734305,899.999999,1649.999999,2399.999999,2.100376411543288,0.5592972181551966,0.7393577296489908,,,,,0.02521543997556798,6900.000001,19.980000000000018,2019-05-12T00:00:00+00:00,2022-06-10T04:36:00+00:00,323329,3.080606890257814
PRICE_SHORT_TERM_SLOPE_SIGN_CHANGE_5m,PRICE_ONLY,PRICE_BASELINE,5m,DISCOVERY,12H,ALL,399,74251,257,1583,70770,0.9531184765188347,0.003461232845348884,0.6441102756892231,24102.718277626776,22972.746124734305,899.999999,1799.999999,2399.999999,2.8045266043438395,0.6273688123621797,0.7302132477826004,,,,,0.021319578187499157,6600.000001,19.27000000000004,2019-05-12T00:00:00+00:00,2022-06-10T04:36:00+00:00,323329,3.080606890257814
PRICE_SHORT_TERM_SLOPE_SIGN_CHANGE_5m,PRICE_ONLY,PRICE_BASELINE,5m,DISCOVERY,1D,ALL,203,72843,141,982,70770,0.971541534533174,0.0019356698653267988,0.6945812807881774,23645.665479214655,22972.746124734305,899.999999,1799.999999,2399.999999,3.905930470347648,0.6080377321411046,0.7305555555555558,,,,,0.013481048281921393,6900.000001,21.44999999999999,2019-05-12T00:00:00+00:00,2022-06-10T04:36:00+00:00,323329,3.080606890257814
PRICE_SHORT_TERM_SLOPE_SIGN_CHANGE_5m,PRICE_ONLY,PRICE_BASELINE,5m,DISCOVERY,ALL,HIGH,2648,90382,1742,7849,70770,0.7830098913500476,0.01927374919784913,0.6578549848942599,29339.02416625316,22972.746124734305,899.999999,1499.999999,2099.999999,1.047804874263512,0.5946274517141015,0.8355242290652132,,,,,0.08684251288973469,6900.000001,15.700000000000017,2019-05-12T00:00:00+00:00,2022-06-10T04:36:00+00:00,323329,3.080606890257814
PRICE_SHORT_TERM_SLOPE_SIGN_CHANGE_5m,PRICE_ONLY,PRICE_BASELINE,5m,DISCOVERY,ALL,LOW,2653,90906,1798,8164,70770,0.778496468879942,0.019778672474864145,0.6777233320768941,29509.12052020767,22972.746124734305,899.999999,1499.999999,2399.999999,1.5078094947742744,0.7897109581531137,0.7941674584753249,,,,,0.08980705343981696,6600.000001,18.039999999999964,2019-05-12T00:00:00+00:00,2022-06-10T04:36:00+00:00,323329,3.080606890257814
IND_DMA_3X3_V1_PRICE_CROSS_UP_DMA_5m,DMA,DIRECTIONAL_TRIGGER,5m,DISCOVERY,ALL,ALL,5301,123387,3550,17866,79048,0.6406509599876811,0.028771264395762924,0.6696849651009243,40052.82218584982,25659.878983580576,899.999999,1499.999999,2099.999999,1.278626732861675,0.6853968111891129,0.8151223847956046,,,,,0.14479645343512687,6600.000001,16.230000000000118,2019-05-12T00:00:00+00:00,2022-06-10T04:36:00+00:00,323329,3.080606890257814
IND_DMA_3X3_V1_PRICE_CROSS_UP_DMA_5m,DMA,DIRECTIONAL_TRIGGER,5m,DISCOVERY,5m,ALL,0,79048,0,0,79048,1.0,0.0,,25659.878983580576,25659.878983580576,,,,,,,,,,,0.0,,,2019-05-12T00:00:00+00:00,2022-06-10T04:36:00+00:00,323329,3.080606890257814
IND_DMA_3X3_V1_PRICE_CROSS_UP_DMA_5m,DMA,DIRECTIONAL_TRIGGER,5m,DISCOVERY,15m,ALL,150,80162,126,40,79048,0.9861031411391932,0.0015718170704323744,0.84,26021.49604141517,25659.878983580576,899.999999,1199.999999,1199.999999,0.6495628252281479,0.9413819687188459,0.9490448292630145,,,,,0.0004989895461690077,7950.000001,7.985000000000127,2019-05-12T00:00:00+00:00,2022-06-10T04:36:00+00:00,323329,3.080606890257814
IND_DMA_3X3_V1_PRICE_CROSS_UP_DMA_5m,DMA,DIRECTIONAL_TRIGGER,5m,DISCOVERY,30m,ALL,156,79831,84,115,79048,0.9901917801355363,0.0010522228207087473,0.5384615384615384,25914.049680424818,25659.878983580576,899.999999,1199.999999,1799.999999,0.9343447718157118,1.0299759640387642,0.9368271800764645,,,,,0.00144054314739888,6600.000001,4.1499999999999915,2019-05-12T00:00:00+00:00,2022-06-10T04:36:00+00:00,323329,3.080606890257814
IND_DMA_3X3_V1_PRICE_CROSS_UP_DMA_5m,DMA,DIRECTIONAL_TRIGGER,5m,DISCOVERY,1H,ALL,1726,98253,1357,7586,79048,0.8045352304764231,0.01381128311603717,0.7862108922363847,31894.040200558426,25659.878983580576,899.999999,1499.999999,2099.999999,0.8245614035087799,0.6816687265349936,0.8360488798370662,,,,,0.07720883840696977,6900.000001,17.779999999999973,2019-05-12T00:00:00+00:00,2022-06-10T04:36:00+00:00,323329,3.080606890257814
IND_DMA_3X3_V1_PRICE_CROSS_UP_DMA_5m,DMA,DIRECTIONAL_TRIGGER,5m,DISCOVERY,2H,ALL,843,82861,423,1661,79048,0.9539831766452251,0.005104934770277935,0.501779359430605,26897.622108825904,25659.878983580576,899.999999,1349.999999,2099.999999,1.4107167909924199,0.8426774031202852,0.8038366336633662,,,,,0.02004561856603227,6900.000001,8.879999999999995,2019-05-12T00:00:00+00:00,2022-06-10T04:36:00+00:00,323329,3.080606890257814
IND_DMA_3X3_V1_PRICE_CROSS_UP_DMA_5m,DMA,DIRECTIONAL_TRIGGER,5m,DISCOVERY,4H,ALL,435,80514,184,587,79048,0.9817919864868222,0.00228531683930745,0.42298850574712643,26135.759241018197,25659.878983580576,899.999999,1499.999999,2099.999999,2.179341496717236,0.8298723304309888,0.8131679143164718,,,,,0.00729065752539931,6900.000001,16.940000000000055,2019-05-12T00:00:00+00:00,2022-06-10T04:36:00+00:00,323329,3.080606890257814
IND_DMA_3X3_V1_PRICE_CROSS_UP_DMA_5m,DMA,DIRECTIONAL_TRIGGER,5m,DISCOVERY,6H,ALL,776,85663,558,2878,79048,0.9227787959795944,0.0065138974819933925,0.7190721649484536,27807.18314657503,25659.878983580576,899.999999,1499.999999,2099.999999,1.8606711217599676,0.593803678645859,0.7464585774544642,,,,,0.033596768733292086,6300.000001,12.065000000000012,2019-05-12T00:00:00+00:00,2022-06-10T04:36:00+00:00,323329,3.080606890257814
IND_DMA_3X3_V1_PRICE_CROSS_UP_DMA_5m,DMA,DIRECTIONAL_TRIGGER,5m,DISCOVERY,8H,ALL,613,84143,418,2126,79048,0.9394483201216975,0.004967733501301356,0.6818923327895595,27313.773875561943,25659.878983580576,899.999999,1499.999999,2099.999999,2.111920872060917,0.5674169800245896,0.742366782966959,,,,,0.025266510583173883,6900.000001,18.64500000000001,2019-05-12T00:00:00+00:00,2022-06-10T04:36:00+00:00,323329,3.080606890257814
IND_DMA_3X3_V1_PRICE_CROSS_UP_DMA_5m,DMA,DIRECTIONAL_TRIGGER,5m,DISCOVERY,12H,ALL,399,82979,258,1782,79048,0.9526265681678497,0.003109220405162752,0.6466165413533834,26935.926249601922,25659.878983580576,899.999999,1499.999999,2099.999999,2.7851341420354765,0.6248871075417017,0.7384867534809324,,,,,0.021475313031007845,6600.000001,19.22999999999999,2019-05-12T00:00:00+00:00,2022-06-10T04:36:00+00:00,323329,3.080606890257814
IND_DMA_3X3_V1_PRICE_CROSS_UP_DMA_5m,DMA,DIRECTIONAL_TRIGGER,5m,DISCOVERY,1D,ALL,203,81365,142,1091,79048,0.9715233822896823,0.001745222147114853,0.6995073891625616,26412.003510513026,25659.878983580576,899.999999,1499.999999,2069.999999000002,3.925427003846206,0.6071426091996585,0.7325947723142086,,,,,0.013408713820438763,6900.000001,21.870000000000005,2019-05-12T00:00:00+00:00,2022-06-10T04:36:00+00:00,323329,3.080606890257814
IND_DMA_3X3_V1_PRICE_CROSS_UP_DMA_5m,DMA,DIRECTIONAL_TRIGGER,5m,DISCOVERY,ALL,HIGH,2648,100940,1749,8767,79048,0.7831186843669506,0.017327125024767187,0.6604984894259819,32766.27093161906,25659.878983580576,899.999999,1499.999999,2099.999999,1.048017826097596,0.5990162935449702,0.8345490431648505,,,,,0.08685357638200912,6900.000001,15.379999999999995,2019-05-12T00:00:00+00:00,2022-06-10T04:36:00+00:00,323329,3.080606890257814
IND_DMA_3X3_V1_PRICE_CROSS_UP_DMA_5m,DMA,DIRECTIONAL_TRIGGER,5m,DISCOVERY,ALL,LOW,2653,101495,1801,9099,79048,0.7788363958815705,0.01774471648849697,0.67885412740294,32946.430237811335,25659.878983580576,899.999999,1499.999999,2099.999999,1.4916940149541613,0.7888198757763846,0.7970598780925063,,,,,0.08964973644021873,6600.000001,17.620000000000005,2019-05-12T00:00:00+00:00,2022-06-10T04:36:00+00:00,323329,3.080606890257814
IND_DMA_7X5_V1_PRICE_CROSS_UP_DMA_5m,DMA,DIRECTIONAL_TRIGGER,5m,DISCOVERY,ALL,ALL,5301,73693,3428,10611,47304,0.6419062868929206,0.04651730829251082,0.6466704395397095,23921.58513734697,15355.415892107272,1499.999999,2399.999999,3389.9999990000547,1.2907536629457586,0.7081548873267067,0.8071257510227083,,,,,0.14398925271056953,6900.000001,17.8900000000001,2019-05-12T00:00:00+00:00,2022-06-10T04:36:00+00:00,323329,3.080606890257814
IND_DMA_7X5_V1_PRICE_CROSS_UP_DMA_5m,DMA,DIRECTIONAL_TRIGGER,5m,DISCOVERY,5m,ALL,0,47304,0,0,47304,1.0,0.0,,15355.415892107272,15355.415892107272,,,,,,,,,,,0.0,,,2019-05-12T00:00:00+00:00,2022-06-10T04:36:00+00:00,323329,3.080606890257814
IND_DMA_7X5_V1_PRICE_CROSS_UP_DMA_5m,DMA,DIRECTIONAL_TRIGGER,5m,DISCOVERY,15m,ALL,150,47990,125,20,47304,0.9857053552823505,0.0026047093144405085,0.8333333333333334,15578.099286788178,15355.415892107272,1199.999999,1499.999999,2099.999999,0.8066399516609227,1.1765704584040735,0.9314477638324205,,,,,0.00041675349031048136,7950.000001,12.485000000000127,2019-05-12T00:00:00+00:00,2022-06-10T04:36:00+00:00,323329,3.080606890257814
IND_DMA_7X5_V1_PRICE_CROSS_UP_DMA_5m,DMA,DIRECTIONAL_TRIGGER,5m,DISCOVERY,30m,ALL,156,47759,77,64,47304,0.9904729998534307,0.0016122615632655625,0.4935897435897436,15503.11406204869,15355.415892107272,1499.999999,2099.999999,2699.999999,1.1314815602535184,1.1224051539011952,0.9315217391304343,,,,,0.0013400615590778702,5700.000001,5.680000000000035,2019-05-12T00:00:00+00:00,2022-06-10T04:36:00+00:00,323329,3.080606890257814
IND_DMA_7X5_V1_PRICE_CROSS_UP_DMA_5m,DMA,DIRECTIONAL_TRIGGER,5m,DISCOVERY,1H,ALL,1726,58691,1332,4461,47304,0.8059838816854373,0.022695132132694962,0.7717265353418308,19051.76547699281,15355.415892107272,1499.999999,2399.999999,3299.999999,0.8783690813366836,0.7233418963913141,0.8179381588408418,,,,,0.0760082465795437,6900.000001,19.340000000000032,2019-05-12T00:00:00+00:00,2022-06-10T04:36:00+00:00,323329,3.080606890257814
IND_DMA_7X5_V1_PRICE_CROSS_UP_DMA_5m,DMA,DIRECTIONAL_TRIGGER,5m,DISCOVERY,2H,ALL,843,49577,376,992,47304,0.9541521269943724,0.007584162010609759,0.4460260972716489,16093.257519089342,15355.415892107272,1499.999999,2399.999999,3299.999999,1.3793676804602923,0.7609989411055351,0.8055255340987111,,,,,0.02000927849607681,6900.000001,9.049999999999969,2019-05-12T00:00:00+00:00,2022-06-10T04:36:00+00:00,323329,3.080606890257814
IND_DMA_7X5_V1_PRICE_CROSS_UP_DMA_5m,DMA,DIRECTIONAL_TRIGGER,5m,DISCOVERY,4H,ALL,435,48181,168,343,47304,0.9817978041136548,0.0034868516635188146,0.38620689655172413,15640.100057027323,15355.415892107272,1199.999999,2099.999999,3299.999999,2.164945349862024,0.8391061922978142,0.8045828192720548,,,,,0.007118988813017579,6600.000001,17.170000000000073,2019-05-12T00:00:00+00:00,2022-06-10T04:36:00+00:00,323329,3.080606890257814
IND_DMA_7X5_V1_PRICE_CROSS_UP_DMA_5m,DMA,DIRECTIONAL_TRIGGER,5m,DISCOVERY,6H,ALL,776,51295,547,1734,47304,0.9221951457257043,0.01066380738863437,0.7048969072164949,16650.939839879135,15355.415892107272,1199.999999,2399.999999,3599.999999,1.9223040857334257,0.5847726471624969,0.738734419942474,,,,,0.03380446437274588,6600.000001,13.550000000000011,2019-05-12T00:00:00+00:00,2022-06-10T04:36:00+00:00,323329,3.080606890257814
IND_DMA_7X5_V1_PRICE_CROSS_UP_DMA_5m,DMA,DIRECTIONAL_TRIGGER,5m,DISCOVERY,8H,ALL,613,50318,410,1266,47304,0.940100957907707,0.008148177590524266,0.6688417618270799,16333.794538708222,15355.415892107272,1499.999999,2999.999999,4199.999999,2.01082417553658,0.5548881124004922,0.7454637841832963,,,,,0.025159982511228585,6900.000001,21.11500000000001,2019-05-12T00:00:00+00:00,2022-06-10T04:36:00+00:00,323329,3.080606890257814
IND_DMA_7X5_V1_PRICE_CROSS_UP_DMA_5m,DMA,DIRECTIONAL_TRIGGER,5m,DISCOVERY,12H,ALL,399,49663,253,1100,47304,0.9524998489821396,0.005094335823450053,0.6340852130325815,16121.174096265082,15355.415892107272,1499.999999,2699.999999,3899.999999,2.899419194247254,0.6069364161849714,0.7291957921756471,,,,,0.022149286188913275,6600.000001,20.090000000000202,2019-05-12T00:00:00+00:00,2022-06-10T04:36:00+00:00,323329,3.080606890257814
IND_DMA_7X5_V1_PRICE_CROSS_UP_DMA_5m,DMA,DIRECTIONAL_TRIGGER,5m,DISCOVERY,1D,ALL,203,48651,140,631,47304,0.9723130048714312,0.002877638691907669,0.6896551724137931,15792.667397406369,15355.415892107272,1199.999999,2699.999999,4199.999999,3.6839318895830564,0.5998372331777474,0.7226824660140652,,,,,0.012969928675669564,6900.000001,27.100000000000023,2019-05-12T00:00:00+00:00,2022-06-10T04:36:00+00:00,323329,3.080606890257814
IND_DMA_7X5_V1_PRICE_CROSS_UP_DMA_5m,DMA,DIRECTIONAL_TRIGGER,5m,DISCOVERY,ALL,HIGH,2648,60349,1685,5203,47304,0.7838406601600689,0.027920926610217237,0.6363293051359517,19589.971116032084,15355.415892107272,1499.999999,2399.999999,3299.999999,1.0729613733905654,0.621063032648529,0.824110671936756,,,,,0.0862151816931515,6900.000001,16.829999999999927,2019-05-12T00:00:00+00:00,2022-06-10T04:36:00+00:00,323329,3.080606890257814
IND_DMA_7X5_V1_PRICE_CROSS_UP_DMA_5m,DMA,DIRECTIONAL_TRIGGER,5m,DISCOVERY,ALL,LOW,2653,60648,1743,5408,47304,0.77997625643055,0.02873961218836565,0.6569920844327177,19687.02991342216,15355.415892107272,1499.999999,2399.999999,3599.999999,1.5175531458327363,0.7997266193394797,0.7857996948831077,,,,,0.08917029415644374,6900.000001,18.620000000000005,2019-05-12T00:00:00+00:00,2022-06-10T04:36:00+00:00,323329,3.080606890257814
IND_DMA_25X5_V1_PRICE_CROSS_UP_DMA_5m,DMA,DIRECTIONAL_TRIGGER,5m,DISCOVERY,ALL,ALL,5301,37588,3052,5401,24228,0.644567415132489,0.08119612642332659,0.5757404263346538,12201.49189397362,7864.684090858595,3299.999999,5099.999999,6899.999999,1.5062916525893075,0.865598187375754,0.7633885161976464,,,,,0.14368947536447801,6900.000001,16.560000000000002,2019-05-12T00:00:00+00:00,2022-06-10T04:36:00+00:00,323329,3.080606890257814
IND_DMA_25X5_V1_PRICE_CROSS_UP_DMA_5m,DMA,DIRECTIONAL_TRIGGER,5m,DISCOVERY,5m,ALL,0,24228,0,0,24228,1.0,0.0,,7864.684090858595,7864.684090858595,,,,,,,,,,,0.0,,,2019-05-12T00:00:00+00:00,2022-06-10T04:36:00+00:00,323329,3.080606890257814
IND_DMA_25X5_V1_PRICE_CROSS_UP_DMA_5m,DMA,DIRECTIONAL_TRIGGER,5m,DISCOVERY,15m,ALL,150,24568,119,11,24228,0.9861608596548356,0.004843699120807555,0.7933333333333333,7975.051954111522,7864.684090858595,2999.999999,4349.999999,5099.999999,1.3585097752254847,1.8117042115572843,0.8989270061961612,,,,,0.00044773689352002605,7500.000001,8.25,2019-05-12T00:00:00+00:00,2022-06-10T04:36:00+00:00,323329,3.080606890257814
IND_DMA_25X5_V1_PRICE_CROSS_UP_DMA_5m,DMA,DIRECTIONAL_TRIGGER,5m,DISCOVERY,30m,ALL,156,24450,71,46,24228,0.990920245398773,0.002903885480572597,0.4551282051282051,7936.747813335506,7864.684090858595,2999.999999,4349.999999,6299.999999,1.7546296296296258,1.7111111111111004,0.9041666666666663,,,,,0.0018813905930470348,6900.000001,6.210000000000036,2019-05-12T00:00:00+00:00,2022-06-10T04:36:00+00:00,323329,3.080606890257814
IND_DMA_25X5_V1_PRICE_CROSS_UP_DMA_5m,DMA,DIRECTIONAL_TRIGGER,5m,DISCOVERY,1H,ALL,1726,29941,1290,2173,24228,0.8091914097725527,0.04308473330884072,0.7473928157589803,9719.188804870282,7864.684090858595,3899.999999,5399.999999,6599.999999,1.139318143650843,0.970832843686932,0.7514200581264716,,,,,0.07257606626365184,7200.000001,19.48999999999978,2019-05-12T00:00:00+00:00,2022-06-10T04:36:00+00:00,323329,3.080606890257814
IND_DMA_25X5_V1_PRICE_CROSS_UP_DMA_5m,DMA,DIRECTIONAL_TRIGGER,5m,DISCOVERY,2H,ALL,843,25398,276,516,24228,0.9539333805811481,0.010866997401370187,0.3274021352313167,8244.479384993669,7864.684090858595,2699.999999,4799.999999,6899.999999,1.5282370583468867,0.8507368674208384,0.7726378934902272,,,,,0.020316560359083392,7200.000001,8.094999999999999,2019-05-12T00:00:00+00:00,2022-06-10T04:36:00+00:00,323329,3.080606890257814
IND_DMA_25X5_V1_PRICE_CROSS_UP_DMA_5m,DMA,DIRECTIONAL_TRIGGER,5m,DISCOVERY,4H,ALL,435,24664,133,170,24228,0.9823224132338632,0.005392474862147259,0.3057471264367816,8006.214644912348,7864.684090858595,2099.999999,3299.999999,5519.999998999997,2.17553688141923,0.9443408147301305,0.7762762762762774,,,,,0.006892637041842361,6600.000001,16.91000000000001,2019-05-12T00:00:00+00:00,2022-06-10T04:36:00+00:00,323329,3.080606890257814
IND_DMA_25X5_V1_PRICE_CROSS_UP_DMA_5m,DMA,DIRECTIONAL_TRIGGER,5m,DISCOVERY,6H,ALL,776,26245,458,874,24228,0.9231472661459326,0.017450943036768907,0.5902061855670103,8519.42520903846,7864.684090858595,2399.999999,4199.999999,6899.999999,1.8553813271138584,0.5825865923326479,0.7429571503178913,,,,,0.03330158125357211,6600.000001,12.619999999999976,2019-05-12T00:00:00+00:00,2022-06-10T04:36:00+00:00,323329,3.080606890257814
IND_DMA_25X5_V1_PRICE_CROSS_UP_DMA_5m,DMA,DIRECTIONAL_TRIGGER,5m,DISCOVERY,8H,ALL,613,25747,340,665,24228,0.9410028352817804,0.013205421990911563,0.5546492659053833,8357.768750509173,7864.684090858595,2699.999999,5399.999999,8099.999999,1.927878049999202,0.5525284866458312,0.7491121095421482,,,,,0.025828251835165263,7200.000001,14.689999999999998,2019-05-12T00:00:00+00:00,2022-06-10T04:36:00+00:00,323329,3.080606890257814
IND_DMA_25X5_V1_PRICE_CROSS_UP_DMA_5m,DMA,DIRECTIONAL_TRIGGER,5m,DISCOVERY,12H,ALL,399,25491,230,630,24228,0.950453101094504,0.009022792358087168,0.5764411027568922,8274.66824170697,7864.684090858595,2399.999999,5099.999999,10199.999999,2.9757060897592775,0.6446215623251076,0.7425716256905854,,,,,0.024714605154760504,6600.000001,20.829999999999984,2019-05-12T00:00:00+00:00,2022-06-10T04:36:00+00:00,323329,3.080606890257814
IND_DMA_25X5_V1_PRICE_CROSS_UP_DMA_5m,DMA,DIRECTIONAL_TRIGGER,5m,DISCOVERY,1D,ALL,203,24908,135,316,24228,0.9726995342861731,0.005419945399068572,0.6650246305418719,8085.41981736445,7864.684090858595,2399.999999,5849.999999,10979.999999000001,3.738787355187366,0.581394460362942,0.7368004552486972,,,,,0.01268668700819014,6600.000001,21.680000000000007,2019-05-12T00:00:00+00:00,2022-06-10T04:36:00+00:00,323329,3.080606890257814
IND_DMA_25X5_V1_PRICE_CROSS_UP_DMA_5m,DMA,DIRECTIONAL_TRIGGER,5m,DISCOVERY,ALL,HIGH,2648,30868,1511,2673,24228,0.7848905014902164,0.048950369314500454,0.570619335347432,10020.103537915764,7864.684090858595,3299.999999,4799.999999,6899.999999,1.3225715094874018,0.7684115272170389,0.7861834654586636,,,,,0.08659453155371258,6900.000001,17.78000000000003,2019-05-12T00:00:00+00:00,2022-06-10T04:36:00+00:00,323329,3.080606890257814
IND_DMA_25X5_V1_PRICE_CROSS_UP_DMA_5m,DMA,DIRECTIONAL_TRIGGER,5m,DISCOVERY,ALL,LOW,2653,30948,1541,2728,24228,0.7828615742535867,0.04979320149928913,0.580851865812288,10046.072446916452,7864.684090858595,3299.999999,5099.999999,7199.999999,1.7292406561812967,0.9589442815249277,0.7411167512690352,,,,,0.08814786092800828,6900.000001,15.34999999999998,2019-05-12T00:00:00+00:00,2022-06-10T04:36:00+00:00,323329,3.080606890257814
IND_MACD_12_26_9_V1_MACD_CROSS_UP_SIGNAL_5m,MACD,DIRECTIONAL_TRIGGER,5m,DISCOVERY,ALL,ALL,5301,25894,3062,3807,16733,0.6462114775623696,0.11825133235498571,0.5776268628560649,8405.48662079794,5431.721928856566,2699.999999,4499.999999,6299.999999,1.3306184898811757,0.7442615107163457,0.7964007905526014,,,,,0.14702247624932416,6600.000001,15.96999999999997,2019-05-12T00:00:00+00:00,2022-06-10T04:36:00+00:00,323329,3.080606890257814
IND_MACD_12_26_9_V1_MACD_CROSS_UP_SIGNAL_5m,MACD,DIRECTIONAL_TRIGGER,5m,DISCOVERY,5m,ALL,0,16733,0,0,16733,1.0,0.0,,5431.721928856566,5431.721928856566,,,,,,,,,,,0.0,,,2019-05-12T00:00:00+00:00,2022-06-10T04:36:00+00:00,323329,3.080606890257814
IND_MACD_12_26_9_V1_MACD_CROSS_UP_SIGNAL_5m,MACD,DIRECTIONAL_TRIGGER,5m,DISCOVERY,15m,ALL,150,16964,124,9,16733,0.9863829285545862,0.007309596793209149,0.8266666666666667,5506.707153596054,5431.721928856566,2099.999999,2774.999999,3509.999999000001,1.1523832116503194,1.6080838777876494,0.9181776315608783,,,,,0.0005305352511200188,6600.000001,16.050000000000182,2019-05-12T00:00:00+00:00,2022-06-10T04:36:00+00:00,323329,3.080606890257814
IND_MACD_12_26_9_V1_MACD_CROSS_UP_SIGNAL_5m,MACD,DIRECTIONAL_TRIGGER,5m,DISCOVERY,30m,ALL,156,16885,74,25,16733,0.9909979271542789,0.004382588095943145,0.47435897435897434,5481.0628559578745,5431.721928856566,2399.999999,2999.999999,4499.999999,1.3569331108435922,1.640408900392806,0.9040083542254551,,,,,0.0014806040864672786,6000.000001,4.6299999999999955,2019-05-12T00:00:00+00:00,2022-06-10T04:36:00+00:00,323329,3.080606890257814
IND_MACD_12_26_9_V1_MACD_CROSS_UP_SIGNAL_5m,MACD,DIRECTIONAL_TRIGGER,5m,DISCOVERY,1H,ALL,1726,20607,1283,1576,16733,0.8120056291551414,0.06226039695249187,0.7433371958285052,6689.26634721492,5431.721928856566,2999.999999,3899.999999,5099.999999,0.9480201664644864,0.8109235016809769,0.7937589670014347,,,,,0.07647886640461979,6900.000001,16.504999999999995,2019-05-12T00:00:00+00:00,2022-06-10T04:36:00+00:00,323329,3.080606890257814
IND_MACD_12_26_9_V1_MACD_CROSS_UP_SIGNAL_5m,MACD,DIRECTIONAL_TRIGGER,5m,DISCOVERY,2H,ALL,843,17506,273,350,16733,0.9558437107277505,0.015594653261738832,0.3238434163701068,5682.646512075721,5431.721928856566,2699.999999,3899.999999,4799.999999,1.3182458947689264,0.7334136194438398,0.8319615912208495,,,,,0.01999314520735748,6600.000001,8.975000000000009,2019-05-12T00:00:00+00:00,2022-06-10T04:36:00+00:00,323329,3.080606890257814
IND_MACD_12_26_9_V1_MACD_CROSS_UP_SIGNAL_5m,MACD,DIRECTIONAL_TRIGGER,5m,DISCOVERY,4H,ALL,435,17033,119,120,16733,0.9823871308636177,0.006986438090764986,0.2735632183908046,5529.105337609149,5431.721928856566,2099.999999,3899.999999,5099.999999,2.2860031453606053,0.8846678394244268,0.78891820580475,,,,,0.0070451476545529265,6600.000001,16.245000000000005,2019-05-12T00:00:00+00:00,2022-06-10T04:36:00+00:00,323329,3.080606890257814
IND_MACD_12_26_9_V1_MACD_CROSS_UP_SIGNAL_5m,MACD,DIRECTIONAL_TRIGGER,5m,DISCOVERY,6H,ALL,776,18145,473,627,16733,0.9221824193992836,0.026067787269220172,0.6095360824742269,5890.073172718722,5431.721928856566,3299.999999,5699.999999,7799.999999,1.7867839507838374,0.5765986578542568,0.7461538461538442,,,,,0.03455497382198953,6600.000001,11.140000000000015,2019-05-12T00:00:00+00:00,2022-06-10T04:36:00+00:00,323329,3.080606890257814
IND_MACD_12_26_9_V1_MACD_CROSS_UP_SIGNAL_5m,MACD,DIRECTIONAL_TRIGGER,5m,DISCOVERY,8H,ALL,613,17790,351,456,16733,0.9405845980888139,0.01973018549747049,0.5725938009787929,5774.836139028166,5431.721928856566,2999.999999,5399.999999,7799.999999,1.8927914227330997,0.5115333290970323,0.7813632905160456,,,,,0.025632377740303542,6900.000001,20.004999999999995,2019-05-12T00:00:00+00:00,2022-06-10T04:36:00+00:00,323329,3.080606890257814
IND_MACD_12_26_9_V1_MACD_CROSS_UP_SIGNAL_5m,MACD,DIRECTIONAL_TRIGGER,5m,DISCOVERY,12H,ALL,399,17605,234,403,16733,0.9504686168702073,0.013291678500426016,0.5864661654135338,5714.783036964073,5431.721928856566,3599.999999,6299.999999,8699.999999,2.83680611981317,0.614042552256573,0.7436155084668785,,,,,0.022891224084067026,6900.000001,19.139999999999986,2019-05-12T00:00:00+00:00,2022-06-10T04:36:00+00:00,323329,3.080606890257814
IND_MACD_12_26_9_V1_MACD_CROSS_UP_SIGNAL_5m,MACD,DIRECTIONAL_TRIGGER,5m,DISCOVERY,1D,ALL,203,17223,131,241,16733,0.9715496719502991,0.007606108111246589,0.645320197044335,5590.781496485784,5431.721928856566,2999.999999,6899.999999,10499.999999,3.9394683026584936,0.6259211948511364,0.7213005972130048,,,,,0.013992916448934564,6600.000001,24.210000000000036,2019-05-12T00:00:00+00:00,2022-06-10T04:36:00+00:00,323329,3.080606890257814
IND_MACD_12_26_9_V1_MACD_CROSS_UP_SIGNAL_5m,MACD,DIRECTIONAL_TRIGGER,5m,DISCOVERY,ALL,HIGH,2648,21268,1510,1900,16733,0.7867688546172654,0.07099868346812112,0.5702416918429003,6903.834457833111,5431.721928856566,2999.999999,4499.999999,6299.999999,1.1288189428036832,0.6590213722309983,0.814285377007714,,,,,0.08933609178107955,6600.000001,16.060000000000116,2019-05-12T00:00:00+00:00,2022-06-10T04:36:00+00:00,323329,3.080606890257814
IND_MACD_12_26_9_V1_MACD_CROSS_UP_SIGNAL_5m,MACD,DIRECTIONAL_TRIGGER,5m,DISCOVERY,ALL,LOW,2653,21359,1552,1907,16733,0.7834168266304602,0.072662577836041,0.5849981153411232,6933.374091821393,5431.721928856566,2699.999999,4499.999999,6299.999999,1.550408406374001,0.8473299915822483,0.7782833454897322,,,,,0.08928320614260968,6600.000001,15.779999999999973,2019-05-12T00:00:00+00:00,2022-06-10T04:36:00+00:00,323329,3.080606890257814
IND_MACD_12_26_9_V1_HISTOGRAM_CROSS_UP_ZERO_5m,MACD,DIRECTIONAL_TRIGGER,5m,DISCOVERY,ALL,ALL,5301,25894,3062,3807,16733,0.6462114775623696,0.11825133235498571,0.5776268628560649,8405.48662079794,5431.721928856566,2699.999999,4499.999999,6299.999999,1.3306184898811757,0.7442615107163457,0.7964007905526014,,,,,0.14702247624932416,6600.000001,15.96999999999997,2019-05-12T00:00:00+00:00,2022-06-10T04:36:00+00:00,323329,3.080606890257814
IND_MACD_12_26_9_V1_HISTOGRAM_CROSS_UP_ZERO_5m,MACD,DIRECTIONAL_TRIGGER,5m,DISCOVERY,5m,ALL,0,16733,0,0,16733,1.0,0.0,,5431.721928856566,5431.721928856566,,,,,,,,,,,0.0,,,2019-05-12T00:00:00+00:00,2022-06-10T04:36:00+00:00,323329,3.080606890257814
IND_MACD_12_26_9_V1_HISTOGRAM_CROSS_UP_ZERO_5m,MACD,DIRECTIONAL_TRIGGER,5m,DISCOVERY,15m,ALL,150,16964,124,9,16733,0.9863829285545862,0.007309596793209149,0.8266666666666667,5506.707153596054,5431.721928856566,2099.999999,2774.999999,3509.999999000001,1.1523832116503194,1.6080838777876494,0.9181776315608783,,,,,0.0005305352511200188,6600.000001,16.050000000000182,2019-05-12T00:00:00+00:00,2022-06-10T04:36:00+00:00,323329,3.080606890257814
IND_MACD_12_26_9_V1_HISTOGRAM_CROSS_UP_ZERO_5m,MACD,DIRECTIONAL_TRIGGER,5m,DISCOVERY,30m,ALL,156,16885,74,25,16733,0.9909979271542789,0.004382588095943145,0.47435897435897434,5481.0628559578745,5431.721928856566,2399.999999,2999.999999,4499.999999,1.3569331108435922,1.640408900392806,0.9040083542254551,,,,,0.0014806040864672786,6000.000001,4.6299999999999955,2019-05-12T00:00:00+00:00,2022-06-10T04:36:00+00:00,323329,3.080606890257814
IND_MACD_12_26_9_V1_HISTOGRAM_CROSS_UP_ZERO_5m,MACD,DIRECTIONAL_TRIGGER,5m,DISCOVERY,1H,ALL,1726,20607,1283,1576,16733,0.8120056291551414,0.06226039695249187,0.7433371958285052,6689.26634721492,5431.721928856566,2999.999999,3899.999999,5099.999999,0.9480201664644864,0.8109235016809769,0.7937589670014347,,,,,0.07647886640461979,6900.000001,16.504999999999995,2019-05-12T00:00:00+00:00,2022-06-10T04:36:00+00:00,323329,3.080606890257814
IND_MACD_12_26_9_V1_HISTOGRAM_CROSS_UP_ZERO_5m,MACD,DIRECTIONAL_TRIGGER,5m,DISCOVERY,2H,ALL,843,17506,273,350,16733,0.9558437107277505,0.015594653261738832,0.3238434163701068,5682.646512075721,5431.721928856566,2699.999999,3899.999999,4799.999999,1.3182458947689264,0.7334136194438398,0.8319615912208495,,,,,0.01999314520735748,6600.000001,8.975000000000009,2019-05-12T00:00:00+00:00,2022-06-10T04:36:00+00:00,323329,3.080606890257814
IND_MACD_12_26_9_V1_HISTOGRAM_CROSS_UP_ZERO_5m,MACD,DIRECTIONAL_TRIGGER,5m,DISCOVERY,4H,ALL,435,17033,119,120,16733,0.9823871308636177,0.006986438090764986,0.2735632183908046,5529.105337609149,5431.721928856566,2099.999999,3899.999999,5099.999999,2.2860031453606053,0.8846678394244268,0.78891820580475,,,,,0.0070451476545529265,6600.000001,16.245000000000005,2019-05-12T00:00:00+00:00,2022-06-10T04:36:00+00:00,323329,3.080606890257814
IND_MACD_12_26_9_V1_HISTOGRAM_CROSS_UP_ZERO_5m,MACD,DIRECTIONAL_TRIGGER,5m,DISCOVERY,6H,ALL,776,18145,473,627,16733,0.9221824193992836,0.026067787269220172,0.6095360824742269,5890.073172718722,5431.721928856566,3299.999999,5699.999999,7799.999999,1.7867839507838374,0.5765986578542568,0.7461538461538442,,,,,0.03455497382198953,6600.000001,11.140000000000015,2019-05-12T00:00:00+00:00,2022-06-10T04:36:00+00:00,323329,3.080606890257814
IND_MACD_12_26_9_V1_HISTOGRAM_CROSS_UP_ZERO_5m,MACD,DIRECTIONAL_TRIGGER,5m,DISCOVERY,8H,ALL,613,17790,351,456,16733,0.9405845980888139,0.01973018549747049,0.5725938009787929,5774.836139028166,5431.721928856566,2999.999999,5399.999999,7799.999999,1.8927914227330997,0.5115333290970323,0.7813632905160456,,,,,0.025632377740303542,6900.000001,20.004999999999995,2019-05-12T00:00:00+00:00,2022-06-10T04:36:00+00:00,323329,3.080606890257814
IND_MACD_12_26_9_V1_HISTOGRAM_CROSS_UP_ZERO_5m,MACD,DIRECTIONAL_TRIGGER,5m,DISCOVERY,12H,ALL,399,17605,234,403,16733,0.9504686168702073,0.013291678500426016,0.5864661654135338,5714.783036964073,5431.721928856566,3599.999999,6299.999999,8699.999999,2.83680611981317,0.614042552256573,0.7436155084668785,,,,,0.022891224084067026,6900.000001,19.139999999999986,2019-05-12T00:00:00+00:00,2022-06-10T04:36:00+00:00,323329,3.080606890257814
IND_MACD_12_26_9_V1_HISTOGRAM_CROSS_UP_ZERO_5m,MACD,DIRECTIONAL_TRIGGER,5m,DISCOVERY,1D,ALL,203,17223,131,241,16733,0.9715496719502991,0.007606108111246589,0.645320197044335,5590.781496485784,5431.721928856566,2999.999999,6899.999999,10499.999999,3.9394683026584936,0.6259211948511364,0.7213005972130048,,,,,0.013992916448934564,6600.000001,24.210000000000036,2019-05-12T00:00:00+00:00,2022-06-10T04:36:00+00:00,323329,3.080606890257814
IND_MACD_12_26_9_V1_HISTOGRAM_CROSS_UP_ZERO_5m,MACD,DIRECTIONAL_TRIGGER,5m,DISCOVERY,ALL,HIGH,2648,21268,1510,1900,16733,0.7867688546172654,0.07099868346812112,0.5702416918429003,6903.834457833111,5431.721928856566,2999.999999,4499.999999,6299.999999,1.1288189428036832,0.6590213722309983,0.814285377007714,,,,,0.08933609178107955,6600.000001,16.060000000000116,2019-05-12T00:00:00+00:00,2022-06-10T04:36:00+00:00,323329,3.080606890257814
IND_MACD_12_26_9_V1_HISTOGRAM_CROSS_UP_ZERO_5m,MACD,DIRECTIONAL_TRIGGER,5m,DISCOVERY,ALL,LOW,2653,21359,1552,1907,16733,0.7834168266304602,0.072662577836041,0.5849981153411232,6933.374091821393,5431.721928856566,2699.999999,4499.999999,6299.999999,1.550408406374001,0.8473299915822483,0.7782833454897322,,,,,0.08928320614260968,6600.000001,15.779999999999973,2019-05-12T00:00:00+00:00,2022-06-10T04:36:00+00:00,323329,3.080606890257814
IND_RSI_14_V1_RSI_CROSS_UP_30_5m,RSI,DIRECTIONAL_TRIGGER,5m,DISCOVERY,ALL,ALL,5301,7901,1802,1682,3652,0.4622199721554234,0.22807239589925327,0.339935861158272,2564.754375180525,1185.4806958814424,1799.999999,3299.999999,6899.999999,1.0679982942875434,0.6460785139511642,0.8341234298177784,,,,,0.21288444500696113,5700.000001,20.40000000000009,2019-05-12T00:00:00+00:00,2022-06-10T04:36:00+00:00,323329,3.080606890257814
IND_RSI_14_V1_RSI_CROSS_UP_30_5m,RSI,DIRECTIONAL_TRIGGER,5m,DISCOVERY,5m,ALL,0,3652,0,0,3652,1.0,0.0,,1185.4806958814424,1185.4806958814424,,,,,,,,,,,0.0,,,2019-05-12T00:00:00+00:00,2022-06-10T04:36:00+00:00,323329,3.080606890257814
IND_RSI_14_V1_RSI_CROSS_UP_30_5m,RSI,DIRECTIONAL_TRIGGER,5m,DISCOVERY,15m,ALL,150,3743,80,1,3652,0.9756879508415709,0.02137323002938819,0.5333333333333333,1215.020329869726,1185.4806958814424,899.999999,1199.999999,1829.9999990000024,0.8008350140543217,1.1004541748195396,0.9406465705975342,,,,,0.0002671653753673524,8100.000001,0.0,2019-05-12T00:00:00+00:00,2022-06-10T04:36:00+00:00,323329,3.080606890257814
IND_RSI_14_V1_RSI_CROSS_UP_30_5m,RSI,DIRECTIONAL_TRIGGER,5m,DISCOVERY,30m,ALL,156,3729,53,6,3652,0.9793510324483776,0.014212925717350496,0.33974358974358976,1210.4757707946055,1185.4806958814424,1199.999999,1799.999999,2639.9999990000015,1.294211506072151,1.345520513536143,0.9196131761861591,,,,,0.0016090104585679806,7950.000001,1.8399999999999963,2019-05-12T00:00:00+00:00,2022-06-10T04:36:00+00:00,323329,3.080606890257814
IND_RSI_14_V1_RSI_CROSS_UP_30_5m,RSI,DIRECTIONAL_TRIGGER,5m,DISCOVERY,1H,ALL,1726,5591,840,828,3652,0.6531926310141298,0.1502414594884636,0.48667439165701043,1814.9021277856366,1185.4806958814424,1499.999999,2399.999999,3299.999999,0.7329213089654186,0.6461046967591797,0.8399658760917763,,,,,0.1480951529243427,4800.000001,19.589999999999918,2019-05-12T00:00:00+00:00,2022-06-10T04:36:00+00:00,323329,3.080606890257814
IND_RSI_14_V1_RSI_CROSS_UP_30_5m,RSI,DIRECTIONAL_TRIGGER,5m,DISCOVERY,2H,ALL,843,4093,194,176,3652,0.8922550696310775,0.04739799657952602,0.23013048635824437,1328.6343067477394,1185.4806958814424,1499.999999,2699.999999,3599.999999,1.1146263162952559,0.6064258954824476,0.849260331682206,,,,,0.043000244319569995,6300.000001,28.0,2019-05-12T00:00:00+00:00,2022-06-10T04:36:00+00:00,323329,3.080606890257814
IND_RSI_14_V1_RSI_CROSS_UP_30_5m,RSI,DIRECTIONAL_TRIGGER,5m,DISCOVERY,4H,ALL,435,3838,83,73,3652,0.9515372589890568,0.021625846795205836,0.19080459770114944,1245.858409308044,1185.4806958814424,2099.999999,4799.999999,6539.999998999999,1.6290617649620962,0.6850006824075343,0.8367023384859293,,,,,0.019020323084940075,6000.000001,24.88000000000011,2019-05-12T00:00:00+00:00,2022-06-10T04:36:00+00:00,323329,3.080606890257814
IND_RSI_14_V1_RSI_CROSS_UP_30_5m,RSI,DIRECTIONAL_TRIGGER,5m,DISCOVERY,6H,ALL,776,4153,202,196,3652,0.879364314953046,0.04863953768360221,0.2603092783505155,1348.110988498256,1185.4806958814424,3899.999999,7424.999999,11339.999999000003,1.7463101839609425,0.5747355209710965,0.7765975739001674,,,,,0.047194798940524925,5700.000001,9.870000000000005,2019-05-12T00:00:00+00:00,2022-06-10T04:36:00+00:00,323329,3.080606890257814
IND_RSI_14_V1_RSI_CROSS_UP_30_5m,RSI,DIRECTIONAL_TRIGGER,5m,DISCOVERY,8H,ALL,613,4114,173,168,3652,0.8877005347593583,0.04205153135634419,0.2822185970636215,1335.4511453604202,1185.4806958814424,3299.999999,6299.999999,10739.999999000003,1.9347649918962688,0.5437774601662151,0.7646381263198314,,,,,0.04083616917841517,6000.000001,30.299999999999727,2019-05-12T00:00:00+00:00,2022-06-10T04:36:00+00:00,323329,3.080606890257814
IND_RSI_14_V1_RSI_CROSS_UP_30_5m,RSI,DIRECTIONAL_TRIGGER,5m,DISCOVERY,12H,ALL,399,4001,115,130,3652,0.9127718070482379,0.028742814296425893,0.2882205513784461,1298.7700613969473,1185.4806958814424,6599.999999,10499.999999,12599.999999,2.96935933147633,0.5855333230618759,0.7563951200314837,,,,,0.032491877030742314,7050.000001,19.439999999999998,2019-05-12T00:00:00+00:00,2022-06-10T04:36:00+00:00,323329,3.080606890257814
IND_RSI_14_V1_RSI_CROSS_UP_30_5m,RSI,DIRECTIONAL_TRIGGER,5m,DISCOVERY,1D,ALL,203,3855,62,104,3652,0.9473411154345006,0.016083009079118027,0.3054187192118227,1251.3768024706903,1185.4806958814424,5999.999999,9899.999999,12749.999998999998,3.9299815246895373,0.5731397064550463,0.7453326552560742,,,,,0.026977950713359275,6150.000001,24.94500000000002,2019-05-12T00:00:00+00:00,2022-06-10T04:36:00+00:00,323329,3.080606890257814
IND_RSI_14_V1_RSI_CROSS_UP_30_5m,RSI,DIRECTIONAL_TRIGGER,5m,DISCOVERY,ALL,HIGH,2648,5693,860,838,3652,0.6414895485684173,0.15106270858949586,0.324773413897281,1848.0124867615148,1185.4806958814424,1799.999999,3299.999999,7199.999999,0.8397454139005394,0.5650277837774516,0.849957841483979,,,,,0.1471983137186018,5700.000001,17.54499999999996,2019-05-12T00:00:00+00:00,2022-06-10T04:36:00+00:00,323329,3.080606890257814
IND_RSI_14_V1_RSI_CROSS_UP_30_5m,RSI,DIRECTIONAL_TRIGGER,5m,DISCOVERY,ALL,LOW,2653,5860,942,844,3652,0.6232081911262799,0.16075085324232083,0.35506973237843953,1902.2225843004526,1185.4806958814424,1799.999999,3299.999999,6899.999999,1.3120816344166921,0.7402096527790025,0.81754646883463,,,,,0.1440273037542662,5550.000001,24.810000000000002,2019-05-12T00:00:00+00:00,2022-06-10T04:36:00+00:00,323329,3.080606890257814
IND_RSI_14_V1_RSI_CROSS_UP_50_5m,RSI,DIRECTIONAL_TRIGGER,5m,DISCOVERY,ALL,ALL,5301,41352,3017,5878,26561,0.6423147610756432,0.07295898626426775,0.5691378985097152,13423.329062456027,8622.002399591182,3299.999999,5099.999999,7499.999999,1.5532940546330893,0.8950819672131087,0.752225519287836,,,,,0.1421454826852389,6900.000001,16.53,2019-05-12T00:00:00+00:00,2022-06-10T04:36:00+00:00,323329,3.080606890257814
IND_RSI_14_V1_RSI_CROSS_UP_50_5m,RSI,DIRECTIONAL_TRIGGER,5m,DISCOVERY,5m,ALL,0,26561,0,0,26561,1.0,0.0,,8622.002399591182,8622.002399591182,,,,,,,,,,,0.0,,,2019-05-12T00:00:00+00:00,2022-06-10T04:36:00+00:00,323329,3.080606890257814
IND_RSI_14_V1_RSI_CROSS_UP_50_5m,RSI,DIRECTIONAL_TRIGGER,5m,DISCOVERY,15m,ALL,150,26956,120,6,26561,0.985346490577237,0.004451699065143196,0.8,8750.223887782082,8622.002399591182,2999.999999,4799.999999,5729.999999000002,1.4092918813789994,1.983645788808834,0.8939061393600803,,,,,0.00022258495325715982,6600.000001,6.9500000000000455,2019-05-12T00:00:00+00:00,2022-06-10T04:36:00+00:00,323329,3.080606890257814
IND_RSI_14_V1_RSI_CROSS_UP_50_5m,RSI,DIRECTIONAL_TRIGGER,5m,DISCOVERY,30m,ALL,156,26784,71,41,26561,0.9916741338112306,0.002650836320191159,0.4551282051282051,8694.3907334306,8622.002399591182,3299.999999,5099.999999,7799.999999,1.8510948905109472,1.7402766284430902,0.9025099723841671,,,,,0.0015307646356033453,5700.000001,6.78000000000003,2019-05-12T00:00:00+00:00,2022-06-10T04:36:00+00:00,323329,3.080606890257814
IND_RSI_14_V1_RSI_CROSS_UP_50_5m,RSI,DIRECTIONAL_TRIGGER,5m,DISCOVERY,1H,ALL,1726,32957,1284,2360,26561,0.8059289377067087,0.03895985678308098,0.7439165701042874,10698.216674196248,8622.002399591182,3899.999999,5699.999999,7499.999999,1.2194015270359901,1.013763830871492,0.7325119754406437,,,,,0.07160845950784356,7200.000001,20.16499999999992,2019-05-12T00:00:00+00:00,2022-06-10T04:36:00+00:00,323329,3.080606890257814
IND_RSI_14_V1_RSI_CROSS_UP_50_5m,RSI,DIRECTIONAL_TRIGGER,5m,DISCOVERY,2H,ALL,843,27825,274,555,26561,0.9545732255166217,0.009847259658580413,0.3250296559905101,9032.311161802065,8622.002399591182,2699.999999,5099.999999,7709.999999000005,1.559839612569782,0.8788649679993108,0.7672132430055145,,,,,0.019946091644204852,6900.000001,8.410000000000025,2019-05-12T00:00:00+00:00,2022-06-10T04:36:00+00:00,323329,3.080606890257814
IND_RSI_14_V1_RSI_CROSS_UP_50_5m,RSI,DIRECTIONAL_TRIGGER,5m,DISCOVERY,4H,ALL,435,27035,127,187,26561,0.9824671721842057,0.004697614203809876,0.29195402298850576,8775.868185420262,8622.002399591182,2099.999999,3299.999999,5819.9999990000015,2.2334169482623945,0.9443408147301305,0.7664720600500433,,,,,0.0069169594969484,7500.000001,17.01000000000002,2019-05-12T00:00:00+00:00,2022-06-10T04:36:00+00:00,323329,3.080606890257814
IND_RSI_14_V1_RSI_CROSS_UP_50_5m,RSI,DIRECTIONAL_TRIGGER,5m,DISCOVERY,6H,ALL,776,28811,443,1004,26561,0.9219048280170768,0.015376071639304432,0.5708762886597938,9352.377965235553,8622.002399591182,2099.999999,4199.999999,6299.999999,1.890201528839471,0.6018696701214239,0.7343191649426372,,,,,0.03484780118704661,6600.000001,12.744999999999997,2019-05-12T00:00:00+00:00,2022-06-10T04:36:00+00:00,323329,3.080606890257814
IND_RSI_14_V1_RSI_CROSS_UP_50_5m,RSI,DIRECTIONAL_TRIGGER,5m,DISCOVERY,8H,ALL,613,28241,337,740,26561,0.9405120215289827,0.011933005205198115,0.5497553017944535,9167.349488605645,8622.002399591182,2399.999999,5399.999999,8519.99999900001,1.9488956258120367,0.566463252852218,0.7428571428571435,,,,,0.02620303813604334,7050.000001,14.080000000000013,2019-05-12T00:00:00+00:00,2022-06-10T04:36:00+00:00,323329,3.080606890257814
IND_RSI_14_V1_RSI_CROSS_UP_50_5m,RSI,DIRECTIONAL_TRIGGER,5m,DISCOVERY,12H,ALL,399,27938,230,651,26561,0.9507122915026129,0.008232514854320281,0.5764411027568922,9068.992245765538,8622.002399591182,2099.999999,4724.999999,9029.999998999998,2.985448424754873,0.6434025725039054,0.7423934754131754,,,,,0.023301596392010883,6300.000001,17.99000000000001,2019-05-12T00:00:00+00:00,2022-06-10T04:36:00+00:00,323329,3.080606890257814
IND_RSI_14_V1_RSI_CROSS_UP_50_5m,RSI,DIRECTIONAL_TRIGGER,5m,DISCOVERY,1D,ALL,203,27293,131,334,26561,0.9731799362473894,0.004799765507639321,0.645320197044335,8859.617916947484,8622.002399591182,2099.999999,4649.999999,7199.999999,3.738787355187366,0.5744184473897752,0.7264143394414656,,,,,0.01223757007291247,6300.000001,21.625,2019-05-12T00:00:00+00:00,2022-06-10T04:36:00+00:00,323329,3.080606890257814
IND_RSI_14_V1_RSI_CROSS_UP_50_5m,RSI,DIRECTIONAL_TRIGGER,5m,DISCOVERY,ALL,HIGH,2648,33945,1491,2924,26561,0.7824716453085874,0.043923994697304465,0.5630664652567976,11018.932700354755,8622.002399591182,2999.999999,4799.999999,7199.999999,1.351039910061837,0.8008084226358314,0.7731848519488191,,,,,0.08613934305494182,6900.000001,16.819999999999993,2019-05-12T00:00:00+00:00,2022-06-10T04:36:00+00:00,323329,3.080606890257814
IND_RSI_14_V1_RSI_CROSS_UP_50_5m,RSI,DIRECTIONAL_TRIGGER,5m,DISCOVERY,ALL,LOW,2653,33968,1526,2954,26561,0.7819418276024493,0.044924634950541685,0.575197889182058,11026.398761692453,8622.002399591182,3299.999999,5399.999999,7649.999999,1.7701215534790669,0.9814369647061125,0.730665902181089,,,,,0.08696420160150731,6900.000001,15.865000000000009,2019-05-12T00:00:00+00:00,2022-06-10T04:36:00+00:00,323329,3.080606890257814
PRICE_ONE_BAR_DIRECTION_CHANGE_15m,PRICE_ONLY,PRICE_BASELINE,15m,DISCOVERY,ALL,ALL,5301,55597,3399,12500,24133,0.4340701836430023,0.06113639225138047,0.6411997736276174,18047.41792139117,7833.846011420277,1799.999999,2699.999999,3599.999999,1.2666080752727171,0.6823852823006956,0.8126964560862859,0.9345674416216251,4.2451159934529725,4.495188855378423,4.9329470198675915,0.2248322751227584,12600.000001,18.900000000000034,2019-05-12T00:00:00+00:00,2022-06-10T04:36:00+00:00,107778,3.080606890257814
PRICE_ONE_BAR_DIRECTION_CHANGE_15m,PRICE_ONLY,PRICE_BASELINE,15m,DISCOVERY,5m,ALL,0,24133,0,0,24133,1.0,0.0,,7833.846011420277,7833.846011420277,,,,,,,,,,,0.0,,,2019-05-12T00:00:00+00:00,2022-06-10T04:36:00+00:00,107778,3.080606890257814
PRICE_ONE_BAR_DIRECTION_CHANGE_15m,PRICE_ONLY,PRICE_BASELINE,15m,DISCOVERY,15m,ALL,150,25030,125,20,24133,0.9641630043947264,0.004994007191370355,0.8333333333333334,8125.0224035905,7833.846011420277,1799.999999,1799.999999,2699.999999,0.8205818292801302,1.2072543377800915,0.9320890965566678,0.36823299943038174,1.2485274886219508,11.404908164667164,33.90160484163165,0.0007990411506192569,9000.000001,19.390000000000327,2019-05-12T00:00:00+00:00,2022-06-10T04:36:00+00:00,107778,3.080606890257814
PRICE_ONE_BAR_DIRECTION_CHANGE_15m,PRICE_ONLY,PRICE_BASELINE,15m,DISCOVERY,30m,ALL,156,24755,75,58,24133,0.9748737628761867,0.0030296909715209048,0.4807692307692308,8035.754278900632,7833.846011420277,1799.999999,2699.999999,2699.999999,1.1665507967580868,1.2843163903234567,0.9315217391304343,0.49620896351871707,1.5688635481050308,15.903971547125082,34.97135842880525,0.0023429610179761663,11250.000001,3.3400000000000034,2019-05-12T00:00:00+00:00,2022-06-10T04:36:00+00:00,107778,3.080606890257814
PRICE_ONE_BAR_DIRECTION_CHANGE_15m,PRICE_ONLY,PRICE_BASELINE,15m,DISCOVERY,1H,ALL,1726,38674,1323,5635,24133,0.6240109634379687,0.03420902932202513,0.7665121668597914,12554.01983365797,7833.846011420277,1799.999999,2699.999999,3599.999999,0.8227565533516118,0.6913580246913668,0.8291666666666672,0.42171333300643044,1.4325951772265713,3.2165710482578693,7.850456045604676,0.14570512489010704,11700.000001,19.50999999999999,2019-05-12T00:00:00+00:00,2022-06-10T04:36:00+00:00,107778,3.080606890257814
PRICE_ONE_BAR_DIRECTION_CHANGE_15m,PRICE_ONLY,PRICE_BASELINE,15m,DISCOVERY,2H,ALL,843,27060,369,1326,24133,0.8918329637841833,0.013636363636363636,0.4377224199288256,8783.983469482977,7833.846011420277,1799.999999,2699.999999,3599.999999,1.2832592991429914,0.720408163265312,0.8222650868007702,1.0796662849664593,2.9585940280277154,4.636067414900133,4.700934579439283,0.04900221729490022,13500.000001,9.279999999999987,2019-05-12T00:00:00+00:00,2022-06-10T04:36:00+00:00,107778,3.080606890257814
PRICE_ONE_BAR_DIRECTION_CHANGE_15m,PRICE_ONLY,PRICE_BASELINE,15m,DISCOVERY,4H,ALL,435,25064,161,429,24133,0.9628550909671242,0.006423555697414618,0.3701149425287356,8136.059189915793,7833.846011420277,1799.999999,2699.999999,4499.999999,1.9900224768378902,0.7993342455998877,0.8153127653552221,1.9180628339830155,4.660222190160149,6.972339361017794,3.6971313714597915,0.01711618257261411,13500.000001,21.760000000000005,2019-05-12T00:00:00+00:00,2022-06-10T04:36:00+00:00,107778,3.080606890257814
PRICE_ONE_BAR_DIRECTION_CHANGE_15m,PRICE_ONLY,PRICE_BASELINE,15m,DISCOVERY,6H,ALL,776,28298,547,1847,24133,0.8528164534596084,0.01932998798501661,0.7048969072164949,9185.852336268636,7833.846011420277,1799.999999,3599.999999,4499.999999,1.8625082363276875,0.5949008498583568,0.7304075235109703,1.8612497495188458,4.94500275853705,4.175081581105107,2.4615384615384315,0.06526963036256979,12600.000001,14.889999999999873,2019-05-12T00:00:00+00:00,2022-06-10T04:36:00+00:00,107778,3.080606890257814
PRICE_ONE_BAR_DIRECTION_CHANGE_15m,PRICE_ONLY,PRICE_BASELINE,15m,DISCOVERY,8H,ALL,613,27248,406,1305,24133,0.8856796829125073,0.014900176159718144,0.6623164763458401,8845.010405634595,7833.846011420277,1799.999999,3599.999999,4499.999999,1.9871656408554892,0.5542518972084429,0.7526800850664486,1.9717782479329502,6.0989517729234715,5.380446998063597,2.6315891640848057,0.04789342337052261,12600.000001,27.950000000000045,2019-05-12T00:00:00+00:00,2022-06-10T04:36:00+00:00,107778,3.080606890257814
PRICE_ONE_BAR_DIRECTION_CHANGE_15m,PRICE_ONLY,PRICE_BASELINE,15m,DISCOVERY,12H,ALL,399,26627,253,1122,24133,0.9063356743155444,0.009501633680099148,0.6340852130325815,8643.42674951675,7833.846011420277,1799.999999,3599.999999,4499.999999,2.8527715811638177,0.6067819447563421,0.7409594095940966,2.9701198783324325,7.578613790844361,6.445616555329839,2.2807799442896846,0.04213767979870057,11700.000001,24.210000000000008,2019-05-12T00:00:00+00:00,2022-06-10T04:36:00+00:00,107778,3.080606890257814
PRICE_ONE_BAR_DIRECTION_CHANGE_15m,PRICE_ONLY,PRICE_BASELINE,15m,DISCOVERY,1D,ALL,203,25905,140,758,24133,0.9315962169465354,0.0054043620922601815,0.6896551724137931,8409.057345785533,7833.846011420277,1799.999999,3599.999999,5399.999999,3.8665418337933493,0.592150486704301,0.7210492104003827,4.022074636293757,10.898493392425953,8.854227390195003,2.363841525662163,0.029260760470951552,12600.000001,29.965000000000018,2019-05-12T00:00:00+00:00,2022-06-10T04:36:00+00:00,107778,3.080606890257814
PRICE_ONE_BAR_DIRECTION_CHANGE_15m,PRICE_ONLY,PRICE_BASELINE,15m,DISCOVERY,ALL,HIGH,2648,39756,1667,6316,24133,0.607027870007043,0.04193077774423987,0.6295317220543807,12905.249327892287,7833.846011420277,1799.999999,2699.999999,3599.999999,1.0463491104143992,0.5997403721332628,0.8317355229783762,0.7670696676031461,3.6154643852807022,4.289168245689097,5.571773516237448,0.15886910151926753,12600.000001,18.155,2019-05-12T00:00:00+00:00,2022-06-10T04:36:00+00:00,107778,3.080606890257814
PRICE_ONE_BAR_DIRECTION_CHANGE_15m,PRICE_ONLY,PRICE_BASELINE,15m,DISCOVERY,ALL,LOW,2653,39974,1732,6184,24133,0.6037174163206084,0.043328163306149,0.6528458349038824,12976.014604919163,7833.846011420277,1799.999999,2699.999999,3599.999999,1.5149806613149641,0.7777352225331171,0.7915639631823068,1.1054821930221093,5.016148369406426,4.7444750690052855,4.452477660438683,0.15470055536098465,11700.000001,19.560000000000002,2019-05-12T00:00:00+00:00,2022-06-10T04:36:00+00:00,107778,3.080606890257814
PRICE_CLOSE_ABOVE_PREVIOUS_HIGH_15m,PRICE_ONLY,PRICE_BASELINE,15m,DISCOVERY,ALL,ALL,5301,49923,3097,9105,22369,0.448070027842878,0.06203553472347415,0.5842293906810035,16205.57305051732,7261.231567955089,2699.999999,4499.999999,6299.999999,1.441903666681406,0.8182697890458686,0.774957909833509,0.8964333396910036,4.237935989352611,4.233470573988851,4.559013176338648,0.18238086653446306,13500.000001,19.079999999999927,2019-05-12T00:00:00+00:00,2022-06-10T04:36:00+00:00,107778,3.080606890257814
PRICE_CLOSE_ABOVE_PREVIOUS_HIGH_15m,PRICE_ONLY,PRICE_BASELINE,15m,DISCOVERY,5m,ALL,0,22369,0,0,22369,1.0,0.0,,7261.231567955089,7261.231567955089,,,,,,,,,,,0.0,,,2019-05-12T00:00:00+00:00,2022-06-10T04:36:00+00:00,107778,3.080606890257814
PRICE_CLOSE_ABOVE_PREVIOUS_HIGH_15m,PRICE_ONLY,PRICE_BASELINE,15m,DISCOVERY,15m,ALL,150,23393,123,16,22369,0.9562262215192578,0.0052579831573547646,0.82,7593.633603163906,7261.231567955089,2699.999999,3599.999999,5399.999999,1.2890687751495786,1.7161118363794523,0.8953181184413306,0.55063598946382,1.6589091863148815,11.053040895848348,20.93139002036669,0.0006839652887615954,10800.000001,8.960000000000036,2019-05-12T00:00:00+00:00,2022-06-10T04:36:00+00:00,107778,3.080606890257814
PRICE_CLOSE_ABOVE_PREVIOUS_HIGH_15m,PRICE_ONLY,PRICE_BASELINE,15m,DISCOVERY,30m,ALL,156,22988,73,34,22369,0.9730729076039673,0.003175569862536976,0.46794871794871795,7462.166001347919,7261.231567955089,2699.999999,3599.999999,6119.999998999997,1.5427726796822046,1.5541904344010427,0.9019123997532386,0.7346421785940507,2.113479461823334,13.823855876500641,26.92156862745144,0.0014790325387158518,15300.000001,3.135000000000005,2019-05-12T00:00:00+00:00,2022-06-10T04:36:00+00:00,107778,3.080606890257814
PRICE_CLOSE_ABOVE_PREVIOUS_HIGH_15m,PRICE_ONLY,PRICE_BASELINE,15m,DISCOVERY,1H,ALL,1726,35616,1291,3781,22369,0.6280604222821204,0.03624775381850853,0.7479721900347625,11561.358287106641,7261.231567955089,3599.999999,4499.999999,6299.999999,1.0726764080828959,0.8958176208433295,0.7688888888888875,0.4813947436898315,1.411950420954175,2.8778729888702204,6.086206896551893,0.10616015274034142,13500.000001,22.549999999999955,2019-05-12T00:00:00+00:00,2022-06-10T04:36:00+00:00,107778,3.080606890257814
PRICE_CLOSE_ABOVE_PREVIOUS_HIGH_15m,PRICE_ONLY,PRICE_BASELINE,15m,DISCOVERY,2H,ALL,843,24858,284,986,22369,0.8998712688068228,0.01142489339448065,0.3368920521945433,8069.189249239019,7261.231567955089,2699.999999,4499.999999,6299.999999,1.3805287065815075,0.775200542795025,0.8052114473069312,0.8785011104077592,2.9926221556081254,4.516359401656615,5.535108958837591,0.039665298897739155,14400.000001,9.400000000000006,2019-05-12T00:00:00+00:00,2022-06-10T04:36:00+00:00,107778,3.080606890257814
PRICE_CLOSE_ABOVE_PREVIOUS_HIGH_15m,PRICE_ONLY,PRICE_BASELINE,15m,DISCOVERY,4H,ALL,435,23067,119,310,22369,0.9697403216716521,0.005158884987211168,0.2735632183908046,7487.810298986099,7261.231567955089,2699.999999,4049.9999989999997,5579.999999000002,2.322905653336651,0.9608022832604501,0.7608462242016943,2.2169811320754715,4.542854601864995,5.988051683415925,3.074836295603369,0.013439112151558503,13500.000001,26.82499999999999,2019-05-12T00:00:00+00:00,2022-06-10T04:36:00+00:00,107778,3.080606890257814
PRICE_CLOSE_ABOVE_PREVIOUS_HIGH_15m,PRICE_ONLY,PRICE_BASELINE,15m,DISCOVERY,6H,ALL,776,25831,474,1451,22369,0.8659749912895358,0.018350044520150207,0.6108247422680413,8385.036104959896,7261.231567955089,2699.999999,4499.999999,7199.999999,1.7861451642703816,0.577778060070294,0.7382791033074094,1.7316007804343343,4.668099478413336,4.053264502325586,2.466213740636691,0.05617281560915179,13500.000001,14.629999999999995,2019-05-12T00:00:00+00:00,2022-06-10T04:36:00+00:00,107778,3.080606890257814
PRICE_CLOSE_ABOVE_PREVIOUS_HIGH_15m,PRICE_ONLY,PRICE_BASELINE,15m,DISCOVERY,8H,ALL,613,24928,354,1026,22369,0.897344351732991,0.014200898587933247,0.5774877650897227,8091.912044614622,7261.231567955089,2699.999999,4499.999999,7199.999999,2.0258635543741046,0.5533098617201466,0.7381231027320646,1.9010230274445539,5.623694374511064,5.229765905172985,2.5602841143328203,0.041158536585365856,12600.000001,24.10000000000001,2019-05-12T00:00:00+00:00,2022-06-10T04:36:00+00:00,107778,3.080606890257814
PRICE_CLOSE_ABOVE_PREVIOUS_HIGH_15m,PRICE_ONLY,PRICE_BASELINE,15m,DISCOVERY,12H,ALL,399,24392,240,916,22369,0.9170629714660544,0.009839291571006888,0.6015037593984962,7917.920354310007,7261.231567955089,2699.999999,5399.999999,8099.999999,2.852985652572247,0.6346151638663531,0.7381110687876079,2.9908884574819803,8.025961699711464,6.425953392395508,2.342482984718136,0.03755329616267629,11700.000001,21.099999999999994,2019-05-12T00:00:00+00:00,2022-06-10T04:36:00+00:00,107778,3.080606890257814
PRICE_CLOSE_ABOVE_PREVIOUS_HIGH_15m,PRICE_ONLY,PRICE_BASELINE,15m,DISCOVERY,1D,ALL,203,23802,139,585,22369,0.939794975212167,0.005839845391143602,0.6847290640394089,7726.3996504299275,7261.231567955089,2699.999999,5399.999999,9179.999999000001,3.861979354652418,0.6302768053063001,0.7197520725793835,3.9574895024339405,10.585711848844948,8.792411528639187,2.181898066783831,0.02457776657423746,13500.000001,21.80000000000001,2019-05-12T00:00:00+00:00,2022-06-10T04:36:00+00:00,107778,3.080606890257814
PRICE_CLOSE_ABOVE_PREVIOUS_HIGH_15m,PRICE_ONLY,PRICE_BASELINE,15m,DISCOVERY,ALL,HIGH,2648,35818,1529,4507,22369,0.6245183985705511,0.04268803394941091,0.577416918429003,11626.929782333382,7261.231567955089,2699.999999,4499.999999,6299.999999,1.2602662135372544,0.719444444444437,0.7903621670158612,0.7758012694929824,3.5911628755524534,4.103896103896112,4.962406042271522,0.12583058797252777,13500.000001,18.620000000000005,2019-05-12T00:00:00+00:00,2022-06-10T04:36:00+00:00,107778,3.080606890257814
PRICE_CLOSE_ABOVE_PREVIOUS_HIGH_15m,PRICE_ONLY,PRICE_BASELINE,15m,DISCOVERY,ALL,LOW,2653,36474,1568,4598,22369,0.6132861764544607,0.04298952678620387,0.5910290237467019,11839.874836139028,7261.231567955089,2699.999999,4499.999999,6299.999999,1.6580538829718983,0.9065166637378661,0.7538425250879145,1.0433485660564412,4.836621031384179,4.421723822296196,4.182008368200862,0.1260624006141361,13500.000001,19.660000000000025,2019-05-12T00:00:00+00:00,2022-06-10T04:36:00+00:00,107778,3.080606890257814
PRICE_N3_BAR_EXTREME_BREAK_15m,PRICE_ONLY,PRICE_BASELINE,15m,DISCOVERY,ALL,ALL,5301,29876,2718,4864,13605,0.45538224661936,0.09097603427500335,0.5127334465195246,9698.089066307222,4416.337586929634,4499.999999,7199.999999,10799.999999,1.6326161117811488,0.98581941608397,0.7329472102854354,0.8907692747491455,4.004365152628637,3.881417256460366,4.272815533980578,0.1628062658990494,13500.000001,21.789999999999992,2019-05-12T00:00:00+00:00,2022-06-10T04:36:00+00:00,107778,3.080606890257814
PRICE_N3_BAR_EXTREME_BREAK_15m,PRICE_ONLY,PRICE_BASELINE,15m,DISCOVERY,5m,ALL,0,13605,0,0,13605,1.0,0.0,,4416.337586929634,4416.337586929634,,,,,,,,,,,0.0,,,2019-05-12T00:00:00+00:00,2022-06-10T04:36:00+00:00,107778,3.080606890257814
PRICE_N3_BAR_EXTREME_BREAK_15m,PRICE_ONLY,PRICE_BASELINE,15m,DISCOVERY,15m,ALL,150,14301,118,11,13605,0.9513320746800923,0.00825117124676596,0.7866666666666666,4642.267095235627,4416.337586929634,3599.999999,5399.999999,8099.999999,1.4484898849854404,2.126650293611906,0.8835730552287027,0.724138997784996,2.0165013357364576,10.663074547539782,14.982873453853143,0.0007691769806307252,15300.000001,12.930000000000064,2019-05-12T00:00:00+00:00,2022-06-10T04:36:00+00:00,107778,3.080606890257814
PRICE_N3_BAR_EXTREME_BREAK_15m,PRICE_ONLY,PRICE_BASELINE,15m,DISCOVERY,30m,ALL,156,14005,71,20,13605,0.9714387718671903,0.0050696179935737235,0.4551282051282051,4546.182131933078,4416.337586929634,3599.999999,6299.999999,9899.999999,1.9627912577518158,1.9792267743796974,0.882744031429435,0.8321529745042473,2.8004471771939583,13.95499984525393,22.91304347826075,0.0014280614066404856,15300.000001,4.6850000000000165,2019-05-12T00:00:00+00:00,2022-06-10T04:36:00+00:00,107778,3.080606890257814
PRICE_N3_BAR_EXTREME_BREAK_15m,PRICE_ONLY,PRICE_BASELINE,15m,DISCOVERY,1H,ALL,1726,21568,1257,1954,13605,0.6307956231454006,0.05828078635014837,0.7282734646581692,7001.217866585694,4416.337586929634,5399.999999,7199.999999,10799.999999,1.3823529411764672,1.157619199060608,0.6994235272923778,0.5568737619832078,1.5423824920673774,2.526911542579204,4.688350705088888,0.09059718100890207,14400.000001,24.85499999999999,2019-05-12T00:00:00+00:00,2022-06-10T04:36:00+00:00,107778,3.080606890257814
PRICE_N3_BAR_EXTREME_BREAK_15m,PRICE_ONLY,PRICE_BASELINE,15m,DISCOVERY,2H,ALL,843,15056,215,511,13605,0.9036264612114772,0.014280021253985122,0.25504151838671413,4887.348673929627,4416.337586929634,4499.999999,7199.999999,10799.999999,1.5265091863517022,0.9380787715390925,0.7696583055434736,0.8245790610387713,2.9569882520840314,4.2027717478643,5.053101997896825,0.03393995749202976,15300.000001,9.909999999999997,2019-05-12T00:00:00+00:00,2022-06-10T04:36:00+00:00,107778,3.080606890257814
PRICE_N3_BAR_EXTREME_BREAK_15m,PRICE_ONLY,PRICE_BASELINE,15m,DISCOVERY,4H,ALL,435,13994,79,160,13605,0.9722023724453337,0.005645276547091611,0.18160919540229886,4542.611406945483,4416.337586929634,3599.999999,5399.999999,8099.999999,2.2403106384004876,0.9444016789879532,0.753176043557171,1.887301667001402,4.659523507071041,5.875847478001634,3.805052537446898,0.011433471487780478,13950.000001,29.305,2019-05-12T00:00:00+00:00,2022-06-10T04:36:00+00:00,107778,3.080606890257814
PRICE_N3_BAR_EXTREME_BREAK_15m,PRICE_ONLY,PRICE_BASELINE,15m,DISCOVERY,6H,ALL,776,15565,356,799,13605,0.8740764535817539,0.022871827818824287,0.4587628865979381,5052.57585744651,4416.337586929634,3599.999999,6299.999999,9899.999999,1.8242044224607237,0.5803434092846608,0.7261751282827147,1.6797106384160254,4.640418788444453,3.7622944582627724,2.6938131176317652,0.05133311917764215,13500.000001,14.629999999999995,2019-05-12T00:00:00+00:00,2022-06-10T04:36:00+00:00,107778,3.080606890257814
PRICE_N3_BAR_EXTREME_BREAK_15m,PRICE_ONLY,PRICE_BASELINE,15m,DISCOVERY,8H,ALL,613,15069,286,568,13605,0.9028469042404937,0.018979361603291525,0.466557911908646,4891.568621642239,4416.337586929634,4499.999999,8099.999999,11699.999999,2.0557398832608516,0.5533098617201466,0.7477821019569646,1.8014557276780545,5.44632812185899,5.100756737705655,3.286565969673373,0.0376932775897538,11700.000001,26.200000000000017,2019-05-12T00:00:00+00:00,2022-06-10T04:36:00+00:00,107778,3.080606890257814
PRICE_N3_BAR_EXTREME_BREAK_15m,PRICE_ONLY,PRICE_BASELINE,15m,DISCOVERY,12H,ALL,399,14773,206,529,13605,0.9209368442428755,0.013944357950314764,0.5162907268170426,4795.483658339691,4416.337586929634,4499.999999,8099.999999,12599.999999,2.7475567638709526,0.6063254789488609,0.7548746200099734,2.790052981499626,7.227522600512284,6.662641562591241,2.5734418588888914,0.03580856968794422,11700.000001,26.279999999999973,2019-05-12T00:00:00+00:00,2022-06-10T04:36:00+00:00,107778,3.080606890257814
PRICE_N3_BAR_EXTREME_BREAK_15m,PRICE_ONLY,PRICE_BASELINE,15m,DISCOVERY,1D,ALL,203,14385,130,312,13605,0.9457768508863399,0.009037191518943343,0.6403940886699507,4669.53444968635,4416.337586929634,4499.999999,8099.999999,17099.999999,3.8454858898404756,0.6341618394235577,0.7212021891001933,3.925115712006672,10.827728093177589,8.739303500260775,2.178412151354224,0.021689259645464025,13500.000001,33.435,2019-05-12T00:00:00+00:00,2022-06-10T04:36:00+00:00,107778,3.080606890257814
PRICE_N3_BAR_EXTREME_BREAK_15m,PRICE_ONLY,PRICE_BASELINE,15m,DISCOVERY,ALL,HIGH,2648,21442,1349,2349,13605,0.6345023785094674,0.06291390728476821,0.5094410876132931,6960.316834909609,4416.337586929634,4499.999999,7199.999999,10799.999999,1.4851164007324145,0.905511811023628,0.7463039014373712,0.8187022502695457,3.512339810195577,3.7559361901079766,4.348722986247515,0.10955134782203153,14400.000001,20.659999999999997,2019-05-12T00:00:00+00:00,2022-06-10T04:36:00+00:00,107778,3.080606890257814
PRICE_N3_BAR_EXTREME_BREAK_15m,PRICE_ONLY,PRICE_BASELINE,15m,DISCOVERY,ALL,LOW,2653,22039,1369,2515,13605,0.6173147601978312,0.06211715595081446,0.5160196004523181,7154.109818327249,4416.337586929634,4499.999999,7199.999999,10799.999999,1.773958728953038,1.0575318401405358,0.7166230366492139,0.9655596555965518,4.5318696257410895,4.04174354243542,4.171008354606701,0.11411588547574754,13500.000001,23.07000000000005,2019-05-12T00:00:00+00:00,2022-06-10T04:36:00+00:00,107778,3.080606890257814
PRICE_N5_BAR_EXTREME_BREAK_15m,PRICE_ONLY,PRICE_BASELINE,15m,DISCOVERY,ALL,ALL,5301,22492,2494,3321,10424,0.4634536724168593,0.11088386982038058,0.470477268439917,7301.158765543649,3383.748842789747,6299.999999,9899.999999,14399.999999,1.7528871902627796,1.1202324329025504,0.7019543304254408,0.8931317539874004,3.767958212769543,3.7169198286895173,3.9586464634380643,0.14765249866619243,13500.000001,21.230000000000018,2019-05-12T00:00:00+00:00,2022-06-10T04:36:00+00:00,107778,3.080606890257814
PRICE_N5_BAR_EXTREME_BREAK_15m,PRICE_ONLY,PRICE_BASELINE,15m,DISCOVERY,5m,ALL,0,10424,0,0,10424,1.0,0.0,,3383.748842789747,3383.748842789747,,,,,,,,,,,0.0,,,2019-05-12T00:00:00+00:00,2022-06-10T04:36:00+00:00,107778,3.080606890257814
PRICE_N5_BAR_EXTREME_BREAK_15m,PRICE_ONLY,PRICE_BASELINE,15m,DISCOVERY,15m,ALL,150,10981,115,10,10424,0.9492760222201986,0.010472634550587378,0.7666666666666667,3564.557371707043,3383.748842789747,5399.999999,8549.999999,13139.999999000007,1.625245373653629,2.4639561085529613,0.8621224489795917,0.8944832514927219,2.5538619123966786,10.488339209748574,14.058611361587127,0.0009106638739641199,15300.000001,14.455000000000041,2019-05-12T00:00:00+00:00,2022-06-10T04:36:00+00:00,107778,3.080606890257814
PRICE_N5_BAR_EXTREME_BREAK_15m,PRICE_ONLY,PRICE_BASELINE,15m,DISCOVERY,30m,ALL,156,10726,69,14,10424,0.9718441170986388,0.00643296662315868,0.4423076923076923,3481.781474267347,3383.748842789747,5399.999999,8999.999999,13499.999999,2.204408817635278,2.1988184966388222,0.8621036738802225,0.8187065614324507,3.5919136582963778,13.726216950827775,18.37724550898219,0.0013052396046988625,16200.000001,4.6850000000000165,2019-05-12T00:00:00+00:00,2022-06-10T04:36:00+00:00,107778,3.080606890257814
PRICE_N5_BAR_EXTREME_BREAK_15m,PRICE_ONLY,PRICE_BASELINE,15m,DISCOVERY,1H,ALL,1726,16433,1229,1308,10424,0.6343333536177205,0.07478853526440699,0.7120509849362688,5334.338520103983,3383.748842789747,7199.999999,9899.999999,14399.999999,1.5616523393746284,1.3375601224311304,0.6509057764612068,0.5935754189944293,1.6519991480622804,2.3468803663422966,3.7803552011598383,0.07959593500882371,15300.000001,24.85499999999999,2019-05-12T00:00:00+00:00,2022-06-10T04:36:00+00:00,107778,3.080606890257814
PRICE_N5_BAR_EXTREME_BREAK_15m,PRICE_ONLY,PRICE_BASELINE,15m,DISCOVERY,2H,ALL,843,11494,198,348,10424,0.9069079519749434,0.01722637898033757,0.23487544483985764,3731.0830006739593,3383.748842789747,6299.999999,9899.999999,14669.99999900001,1.6482682375400985,0.9877398609622448,0.7348140692395153,0.8831818558762558,2.505156432454632,3.930631260463183,4.307029906056793,0.030276666086653907,16200.000001,10.179999999999993,2019-05-12T00:00:00+00:00,2022-06-10T04:36:00+00:00,107778,3.080606890257814
PRICE_N5_BAR_EXTREME_BREAK_15m,PRICE_ONLY,PRICE_BASELINE,15m,DISCOVERY,4H,ALL,435,10698,63,107,10424,0.9743877360254253,0.005888951205832866,0.14482758620689656,3472.692356117106,3383.748842789747,4499.999999,6299.999999,11339.999999000007,2.3401316324043306,0.8765049879600915,0.7652173913043477,1.6707416462917675,4.688225676980835,6.111480865224628,4.038369304556361,0.010001869508319312,13500.000001,28.629999999999995,2019-05-12T00:00:00+00:00,2022-06-10T04:36:00+00:00,107778,3.080606890257814
PRICE_N5_BAR_EXTREME_BREAK_15m,PRICE_ONLY,PRICE_BASELINE,15m,DISCOVERY,6H,ALL,776,11840,302,550,10424,0.8804054054054054,0.025506756756756756,0.38917525773195877,3843.3985321019386,3383.748842789747,4499.999999,8999.999999,13499.999999,1.8743646844854702,0.5745205736939569,0.7079974489795914,1.6722808562234763,4.215335702936129,3.7001345225362927,2.703600341130689,0.0464527027027027,13500.000001,14.879999999999995,2019-05-12T00:00:00+00:00,2022-06-10T04:36:00+00:00,107778,3.080606890257814
PRICE_N5_BAR_EXTREME_BREAK_15m,PRICE_ONLY,PRICE_BASELINE,15m,DISCOVERY,8H,ALL,613,11476,221,393,10424,0.9083304287208086,0.01925758103868944,0.3605220228384992,3725.2399961488045,3383.748842789747,5399.999999,8999.999999,13499.999999,2.0252279635258392,0.5408921030917816,0.754649360712902,1.7009659806803794,4.814166799215318,5.2282352941176535,4.088538269683531,0.03424538166608575,11700.000001,26.089999999999975,2019-05-12T00:00:00+00:00,2022-06-10T04:36:00+00:00,107778,3.080606890257814
PRICE_N5_BAR_EXTREME_BREAK_15m,PRICE_ONLY,PRICE_BASELINE,15m,DISCOVERY,12H,ALL,399,11262,176,373,10424,0.925590481264429,0.01562777481797194,0.44110275689223055,3655.773164571962,3383.748842789747,4499.999999,9899.999999,13499.999999,2.6767756741250732,0.5812842364553797,0.764998549454394,2.6703614175466424,7.372047822277198,6.73911020335848,2.6959204855321888,0.03312022731308826,11700.000001,24.170000000000016,2019-05-12T00:00:00+00:00,2022-06-10T04:36:00+00:00,107778,3.080606890257814
PRICE_N5_BAR_EXTREME_BREAK_15m,PRICE_ONLY,PRICE_BASELINE,15m,DISCOVERY,1D,ALL,203,10974,121,218,10424,0.9498815381811555,0.0110260616001458,0.5960591133004927,3562.2850921694826,3383.748842789747,5399.999999,11699.999999,19799.999999,3.973094170403593,0.6530729555543743,0.7197520725793835,4.017119687640783,11.282390959635503,8.755423983129898,2.1961722488038222,0.019865135775469292,13950.000001,30.33499999999998,2019-05-12T00:00:00+00:00,2022-06-10T04:36:00+00:00,107778,3.080606890257814
PRICE_N5_BAR_EXTREME_BREAK_15m,PRICE_ONLY,PRICE_BASELINE,15m,DISCOVERY,ALL,HIGH,2648,16227,1252,1587,10424,0.6423861465458803,0.07715535835336168,0.472809667673716,5267.468579427209,3383.748842789747,6299.999999,8999.999999,13499.999999,1.6174314675310284,1.0220982285335687,0.716481166270051,0.873067428868379,3.4532163742690067,3.6140861210278064,3.8439626642977247,0.09779996302458865,14400.000001,19.789999999999964,2019-05-12T00:00:00+00:00,2022-06-10T04:36:00+00:00,107778,3.080606890257814
PRICE_N5_BAR_EXTREME_BREAK_15m,PRICE_ONLY,PRICE_BASELINE,15m,DISCOVERY,ALL,LOW,2653,16689,1242,1734,10424,0.6246030319372041,0.07442027682904907,0.46814926498303805,5417.439028906187,3383.748842789747,6299.999999,9899.999999,14399.999999,1.9385924953527427,1.2094199909046792,0.6858180913327203,0.9146877748460915,4.140484493221232,3.857393337229683,4.086007178335286,0.10390077296422794,13500.000001,23.105000000000018,2019-05-12T00:00:00+00:00,2022-06-10T04:36:00+00:00,107778,3.080606890257814
PRICE_SHORT_TERM_SLOPE_SIGN_CHANGE_15m,PRICE_ONLY,PRICE_BASELINE,15m,DISCOVERY,ALL,ALL,5301,37985,3267,8455,16467,0.4335132289061472,0.08600763459260234,0.6162988115449916,12330.362604889538,5345.375306429275,2699.999999,3599.999999,5399.999999,1.3444951801116092,0.7393156875403468,0.7937775559437654,0.9136695490401306,4.3215705077734725,4.4432527173557546,4.908685835638632,0.2225878636303804,12600.000001,17.649999999999977,2019-05-12T00:00:00+00:00,2022-06-10T04:36:00+00:00,107778,3.080606890257814
PRICE_SHORT_TERM_SLOPE_SIGN_CHANGE_15m,PRICE_ONLY,PRICE_BASELINE,15m,DISCOVERY,5m,ALL,0,16467,0,0,16467,1.0,0.0,,5345.375306429275,5345.375306429275,,,,,,,,,,,0.0,,,2019-05-12T00:00:00+00:00,2022-06-10T04:36:00+00:00,107778,3.080606890257814
PRICE_SHORT_TERM_SLOPE_SIGN_CHANGE_15m,PRICE_ONLY,PRICE_BASELINE,15m,DISCOVERY,15m,ALL,150,17101,124,9,16467,0.9629261446699023,0.007251037950997017,0.8266666666666667,5551.178910259734,5345.375306429275,1799.999999,2699.999999,2699.999999,1.000078211493261,1.4038972798726967,0.921912500480567,0.5026249280499198,1.5356247722138037,11.142493694197519,24.99137239165312,0.0005262850125723642,11700.000001,12.070000000000164,2019-05-12T00:00:00+00:00,2022-06-10T04:36:00+00:00,107778,3.080606890257814
PRICE_SHORT_TERM_SLOPE_SIGN_CHANGE_15m,PRICE_ONLY,PRICE_BASELINE,15m,DISCOVERY,30m,ALL,156,16904,75,42,16467,0.9741481306199716,0.004436819687647894,0.4807692307692308,5487.230471845538,5345.375306429275,2699.999999,2699.999999,3599.999999,1.317409816292113,1.5119277885235363,0.9152148664343787,0.6502597927880199,2.1469399793911883,13.823855876500641,27.347382251870066,0.0024846190250828208,11700.000001,3.1599999999999966,2019-05-12T00:00:00+00:00,2022-06-10T04:36:00+00:00,107778,3.080606890257814
PRICE_SHORT_TERM_SLOPE_SIGN_CHANGE_15m,PRICE_ONLY,PRICE_BASELINE,15m,DISCOVERY,1H,ALL,1726,26386,1310,3761,16467,0.6240809520200106,0.04964754036231335,0.7589803012746235,8565.195411152175,5345.375306429275,2699.999999,3599.999999,4499.999999,0.9058443331966921,0.7824738045689996,0.8011187361067876,0.4372912205111907,1.4097422239912354,3.0393995474743862,7.278491916247109,0.1425377093913439,11700.000001,18.210000000000036,2019-05-12T00:00:00+00:00,2022-06-10T04:36:00+00:00,107778,3.080606890257814
PRICE_SHORT_TERM_SLOPE_SIGN_CHANGE_15m,PRICE_ONLY,PRICE_BASELINE,15m,DISCOVERY,2H,ALL,843,18449,320,925,16467,0.8925687029107269,0.017345113556290315,0.37959667852906287,5988.75502692134,5345.375306429275,2699.999999,3599.999999,4499.999999,1.3583228398871794,0.7499627485926194,0.8199633136094673,0.973402062592329,3.0883576692762014,4.599461151932575,5.019400591685013,0.05013821887365169,13500.000001,9.449999999999989,2019-05-12T00:00:00+00:00,2022-06-10T04:36:00+00:00,107778,3.080606890257814
PRICE_SHORT_TERM_SLOPE_SIGN_CHANGE_15m,PRICE_ONLY,PRICE_BASELINE,15m,DISCOVERY,4H,ALL,435,17115,152,298,16467,0.9621384750219106,0.0088810984516506,0.34942528735632183,5555.723469334855,5345.375306429275,2699.999999,3599.999999,5399.999999,2.1621156277981806,0.8964439666956844,0.7916918767507004,2.0987160181121363,5.044396889081012,6.606297892539884,3.448592392932012,0.017411627227578146,13500.000001,21.235000000000007,2019-05-12T00:00:00+00:00,2022-06-10T04:36:00+00:00,107778,3.080606890257814
PRICE_SHORT_TERM_SLOPE_SIGN_CHANGE_15m,PRICE_ONLY,PRICE_BASELINE,15m,DISCOVERY,6H,ALL,776,19305,524,1249,16467,0.852991452991453,0.027143227143227144,0.6752577319587629,6266.6223532287095,5345.375306429275,2699.999999,4499.999999,6299.999999,1.734140705486677,0.5720111603563107,0.7380310685523329,1.7155392507994023,4.838734568296871,4.202688463250143,2.584010009703298,0.0646982646982647,12600.000001,14.0,2019-05-12T00:00:00+00:00,2022-06-10T04:36:00+00:00,107778,3.080606890257814
PRICE_SHORT_TERM_SLOPE_SIGN_CHANGE_15m,PRICE_ONLY,PRICE_BASELINE,15m,DISCOVERY,8H,ALL,613,18580,375,877,16467,0.886275565123789,0.020182992465016147,0.6117455138662317,6031.279115409968,5345.375306429275,2699.999999,4499.999999,6299.999999,1.9676913425345048,0.5577689243027867,0.758876961189101,1.8733374837285655,5.5472745169417275,5.45092585721246,2.8439050079208315,0.04720129171151776,12600.000001,27.129999999999995,2019-05-12T00:00:00+00:00,2022-06-10T04:36:00+00:00,107778,3.080606890257814
PRICE_SHORT_TERM_SLOPE_SIGN_CHANGE_15m,PRICE_ONLY,PRICE_BASELINE,15m,DISCOVERY,12H,ALL,399,18178,247,776,16467,0.9058752337990978,0.013587853449224337,0.6190476190476191,5900.785347681506,5345.375306429275,2699.999999,4499.999999,6299.999999,2.9515665753243745,0.6143802258802168,0.74322080796901,3.097442370216772,7.924640583843109,6.5125992097153835,2.33313713949381,0.04268896468258334,10800.000001,21.81499999999997,2019-05-12T00:00:00+00:00,2022-06-10T04:36:00+00:00,107778,3.080606890257814
PRICE_SHORT_TERM_SLOPE_SIGN_CHANGE_15m,PRICE_ONLY,PRICE_BASELINE,15m,DISCOVERY,1D,ALL,203,17703,140,518,16467,0.9301813251991188,0.007908264136022143,0.6896551724137931,5746.594950489917,5345.375306429275,2699.999999,4499.999999,7289.999999000007,3.9717079367249424,0.618464361691209,0.7039894868862924,3.888382886361708,10.873568782971558,8.868536786744048,2.2497082847141208,0.02926057730328193,12600.000001,29.45999999999998,2019-05-12T00:00:00+00:00,2022-06-10T04:36:00+00:00,107778,3.080606890257814
PRICE_SHORT_TERM_SLOPE_SIGN_CHANGE_15m,PRICE_ONLY,PRICE_BASELINE,15m,DISCOVERY,ALL,HIGH,2648,27141,1615,4253,16467,0.6067204598209351,0.05950407133119635,0.6098942598187311,8810.276989846176,5345.375306429275,2699.999999,3599.999999,5399.999999,1.1338222291569182,0.6367713004484293,0.8164251207729428,0.7810961601575305,3.596327683704245,4.22515070180843,5.412720014516378,0.15670019527651893,12600.000001,17.430000000000007,2019-05-12T00:00:00+00:00,2022-06-10T04:36:00+00:00,107778,3.080606890257814
PRICE_SHORT_TERM_SLOPE_SIGN_CHANGE_15m,PRICE_ONLY,PRICE_BASELINE,15m,DISCOVERY,ALL,LOW,2653,27311,1652,4202,16467,0.602943868770825,0.060488447878144336,0.6226912928759895,8865.460921472639,5345.375306429275,2699.999999,3599.999999,5399.999999,1.5721545436593802,0.8338507983632005,0.7740948647716059,1.081848394266144,5.0514189450874385,4.661496597734994,4.392505840673024,0.15385742008714437,11700.000001,18.009999999999977,2019-05-12T00:00:00+00:00,2022-06-10T04:36:00+00:00,107778,3.080606890257814
IND_DMA_3X3_V1_PRICE_CROSS_UP_DMA_15m,DMA,DIRECTIONAL_TRIGGER,15m,DISCOVERY,ALL,ALL,5301,41698,3291,9337,17984,0.4312916686651638,0.07892464866420452,0.620826259196378,13535.644593884006,5837.810743354837,2699.999999,3599.999999,4499.999999,1.3071256828744013,0.715144230769226,0.8019047619047616,0.9091169478417849,4.213114754098369,4.463633414479121,4.983870967741859,0.22391961245143652,12600.000001,17.660000000000025,2019-05-12T00:00:00+00:00,2022-06-10T04:36:00+00:00,107778,3.080606890257814
IND_DMA_3X3_V1_PRICE_CROSS_UP_DMA_15m,DMA,DIRECTIONAL_TRIGGER,15m,DISCOVERY,5m,ALL,0,17984,0,0,17984,1.0,0.0,,5837.810743354837,5837.810743354837,,,,,,,,,,,0.0,,,2019-05-12T00:00:00+00:00,2022-06-10T04:36:00+00:00,107778,3.080606890257814
IND_DMA_3X3_V1_PRICE_CROSS_UP_DMA_15m,DMA,DIRECTIONAL_TRIGGER,15m,DISCOVERY,15m,ALL,150,18676,125,15,17984,0.9629470978796316,0.006693082030413365,0.8333333333333334,6062.441806210794,5837.810743354837,1799.999999,1799.999999,2699.999999,0.8893537889353839,1.2913647342995218,0.924023047942675,0.46961680001465683,1.4595825788712689,11.376456161863885,24.693402220438813,0.0008031698436496038,4500.000001,12.710000000000036,2019-05-12T00:00:00+00:00,2022-06-10T04:36:00+00:00,107778,3.080606890257814
IND_DMA_3X3_V1_PRICE_CROSS_UP_DMA_15m,DMA,DIRECTIONAL_TRIGGER,15m,DISCOVERY,30m,ALL,156,18457,75,48,17984,0.9743728666630547,0.004063498943490275,0.4807692307692308,5991.351917821408,5837.810743354837,1799.999999,2699.999999,3599.999999,1.317409816292113,1.4046379555134922,0.9225713829956932,0.5240913552394466,1.7444792777430091,15.13338456471621,30.45029239766067,0.002600639323833776,11250.000001,3.2649999999999864,2019-05-12T00:00:00+00:00,2022-06-10T04:36:00+00:00,107778,3.080606890257814
IND_DMA_3X3_V1_PRICE_CROSS_UP_DMA_15m,DMA,DIRECTIONAL_TRIGGER,15m,DISCOVERY,1H,ALL,1726,28939,1309,4158,17984,0.6214451086768721,0.045233076471198036,0.7584009269988412,9393.928219636655,5837.810743354837,2699.999999,3599.999999,4499.999999,0.8844639962954373,0.753432180120816,0.8091139240506339,0.4268943436499434,1.3825379105939886,3.1202848693342915,7.284256559766874,0.14368153702615846,11700.000001,18.88499999999999,2019-05-12T00:00:00+00:00,2022-06-10T04:36:00+00:00,107778,3.080606890257814
IND_DMA_3X3_V1_PRICE_CROSS_UP_DMA_15m,DMA,DIRECTIONAL_TRIGGER,15m,DISCOVERY,2H,ALL,843,20172,326,1029,17984,0.8915328177672021,0.016161015268689273,0.3867141162514828,6548.060404523674,5837.810743354837,2699.999999,3599.999999,4499.999999,1.277759821328584,0.724137404546052,0.8224849922978753,0.9353573449382901,3.0108754772912794,4.573374272027754,5.506849315068584,0.05101130279595479,13500.000001,9.060000000000002,2019-05-12T00:00:00+00:00,2022-06-10T04:36:00+00:00,107778,3.080606890257814
IND_DMA_3X3_V1_PRICE_CROSS_UP_DMA_15m,DMA,DIRECTIONAL_TRIGGER,15m,DISCOVERY,4H,ALL,435,18694,151,326,17984,0.9620198994329732,0.008077458007916979,0.3471264367816092,6068.284810735949,5837.810743354837,2699.999999,3599.999999,4499.999999,2.1133120597266486,0.8637770897832798,0.803233256351039,2.069575471698108,5.003613484674578,6.872933396315532,3.758959965764636,0.017438750401198244,13950.000001,21.215000000000003,2019-05-12T00:00:00+00:00,2022-06-10T04:36:00+00:00,107778,3.080606890257814
IND_DMA_3X3_V1_PRICE_CROSS_UP_DMA_15m,DMA,DIRECTIONAL_TRIGGER,15m,DISCOVERY,6H,ALL,776,21106,530,1359,17984,0.8520799772576518,0.025111342746138538,0.6829896907216495,6851.247417106715,5837.810743354837,2699.999999,3599.999999,5399.999999,1.7854104791255363,0.5670243820449983,0.7334387548203333,1.8009331884766056,4.839282011090708,4.243295024494759,2.4819677871148587,0.06438927319245712,12600.000001,14.549999999999955,2019-05-12T00:00:00+00:00,2022-06-10T04:36:00+00:00,107778,3.080606890257814
IND_DMA_3X3_V1_PRICE_CROSS_UP_DMA_15m,DMA,DIRECTIONAL_TRIGGER,15m,DISCOVERY,8H,ALL,613,20315,385,981,17984,0.8852571991139552,0.01895151365985725,0.6280587275693311,6594.479829362405,5837.810743354837,2699.999999,4499.999999,5399.999999,2.024885778166611,0.5600167627866124,0.758876961189101,1.9712835675870466,5.998902092202037,5.413888697963203,2.784981147884391,0.04828944129953237,12600.000001,26.25999999999999,2019-05-12T00:00:00+00:00,2022-06-10T04:36:00+00:00,107778,3.080606890257814
IND_DMA_3X3_V1_PRICE_CROSS_UP_DMA_15m,DMA,DIRECTIONAL_TRIGGER,15m,DISCOVERY,12H,ALL,399,19872,251,854,17984,0.9049919484702094,0.01263083735909823,0.6290726817042607,6450.676995771091,5837.810743354837,2699.999999,4499.999999,5399.999999,2.9806405275701073,0.6157931398416889,0.7409594095940966,3.072212127330236,7.601644973926318,6.451535909492319,2.332761578044591,0.04297504025764895,11700.000001,21.81499999999997,2019-05-12T00:00:00+00:00,2022-06-10T04:36:00+00:00,107778,3.080606890257814
IND_DMA_3X3_V1_PRICE_CROSS_UP_DMA_15m,DMA,DIRECTIONAL_TRIGGER,15m,DISCOVERY,1D,ALL,203,19339,139,567,17984,0.9299343295930503,0.007187548477170485,0.6847290640394089,6277.659139554003,5837.810743354837,2699.999999,4499.999999,6299.999999,3.961002785515328,0.6149159870295763,0.7054576494229364,3.9784298463539725,10.457512700414467,8.814589665653495,2.254815433239907,0.02931899270903356,12600.000001,28.95999999999998,2019-05-12T00:00:00+00:00,2022-06-10T04:36:00+00:00,107778,3.080606890257814
IND_DMA_3X3_V1_PRICE_CROSS_UP_DMA_15m,DMA,DIRECTIONAL_TRIGGER,15m,DISCOVERY,ALL,HIGH,2648,29780,1620,4720,17984,0.603895231699127,0.05439892545332438,0.6117824773413897,9666.926375506397,5837.810743354837,2699.999999,3599.999999,4499.999999,1.096292041410336,0.6262249004274583,0.8187200400243524,0.7685018221305977,3.61118783390276,4.255844085804355,5.457303884670041,0.1584956346541303,12600.000001,17.45999999999998,2019-05-12T00:00:00+00:00,2022-06-10T04:36:00+00:00,107778,3.080606890257814
IND_DMA_3X3_V1_PRICE_CROSS_UP_DMA_15m,DMA,DIRECTIONAL_TRIGGER,15m,DISCOVERY,ALL,LOW,2653,29902,1671,4617,17984,0.6014313423851247,0.05588254966222995,0.6298529966076141,9706.528961732447,5837.810743354837,2699.999999,3599.999999,4499.999999,1.5292490118577096,0.8055414691507775,0.783109404990403,1.0626423864348626,5.021347688880636,4.6956793499492075,4.50608407079648,0.15440438766637682,11700.000001,17.97999999999999,2019-05-12T00:00:00+00:00,2022-06-10T04:36:00+00:00,107778,3.080606890257814
IND_DMA_7X5_V1_PRICE_CROSS_UP_DMA_15m,DMA,DIRECTIONAL_TRIGGER,15m,DISCOVERY,ALL,ALL,5301,24971,3022,5417,10745,0.43029914701053223,0.12102038364502823,0.5700811167704207,8105.870333202492,3487.9490901550107,3599.999999,5399.999999,7199.999999,1.4615482049439064,0.8364092165459196,0.769977667623222,0.8713456974529252,4.249712627981276,4.1945160067257845,4.673333333333328,0.21693164070321572,12600.000001,16.659999999999997,2019-05-12T00:00:00+00:00,2022-06-10T04:36:00+00:00,107778,3.080606890257814
IND_DMA_7X5_V1_PRICE_CROSS_UP_DMA_15m,DMA,DIRECTIONAL_TRIGGER,15m,DISCOVERY,5m,ALL,0,10745,0,0,10745,1.0,0.0,,3487.9490901550107,3487.9490901550107,,,,,,,,,,,0.0,,,2019-05-12T00:00:00+00:00,2022-06-10T04:36:00+00:00,107778,3.080606890257814
IND_DMA_7X5_V1_PRICE_CROSS_UP_DMA_15m,DMA,DIRECTIONAL_TRIGGER,15m,DISCOVERY,15m,ALL,150,11151,120,8,10745,0.9635907093534212,0.010761366693570083,0.8,3619.7413033335065,3487.9490901550107,3599.999999,4499.999999,5399.999999,1.2953162459558092,1.8300651377045374,0.9007269066084793,0.5874818945837273,1.7453101435665366,10.829907010938435,20.799768518518828,0.0007174244462380056,7200.000001,17.25500000000011,2019-05-12T00:00:00+00:00,2022-06-10T04:36:00+00:00,107778,3.080606890257814
IND_DMA_7X5_V1_PRICE_CROSS_UP_DMA_15m,DMA,DIRECTIONAL_TRIGGER,15m,DISCOVERY,30m,ALL,156,11035,72,32,10745,0.9737199818758495,0.0065246941549614865,0.46153846153846156,3582.0863852825078,3487.9490901550107,3149.999999,4499.999999,6209.999998999999,1.6669987869639795,1.7193059683539982,0.8916400252218204,0.7814466806363876,2.1969964596431586,14.274390015628114,23.49242766726949,0.002899864068871772,9900.000001,3.0449999999999875,2019-05-12T00:00:00+00:00,2022-06-10T04:36:00+00:00,107778,3.080606890257814
IND_DMA_7X5_V1_PRICE_CROSS_UP_DMA_15m,DMA,DIRECTIONAL_TRIGGER,15m,DISCOVERY,1H,ALL,1726,17334,1291,2370,10745,0.6198800046152071,0.07447790469597323,0.7479721900347625,5626.81335772424,3487.9490901550107,3599.999999,5399.999999,6299.999999,1.0968571350419902,0.9392529193333268,0.756328417345367,0.4695336676982307,1.4089798174328374,2.803483941208495,6.113280504642477,0.13672551055728627,11700.000001,18.41999999999996,2019-05-12T00:00:00+00:00,2022-06-10T04:36:00+00:00,107778,3.080606890257814
IND_DMA_7X5_V1_PRICE_CROSS_UP_DMA_15m,DMA,DIRECTIONAL_TRIGGER,15m,DISCOVERY,2H,ALL,843,12062,256,609,10745,0.890814127010446,0.021223677665395457,0.3036773428232503,3915.4622545788498,3487.9490901550107,3599.999999,5399.999999,6299.999999,1.3823591519082807,0.8089889773505619,0.8052114473069312,0.873086195492623,2.887040509046698,4.2659848212902505,5.069030367359673,0.05048913944619466,13500.000001,8.92999999999995,2019-05-12T00:00:00+00:00,2022-06-10T04:36:00+00:00,107778,3.080606890257814
IND_DMA_7X5_V1_PRICE_CROSS_UP_DMA_15m,DMA,DIRECTIONAL_TRIGGER,15m,DISCOVERY,4H,ALL,435,11166,116,188,10745,0.9622962564929249,0.010388679921189324,0.26666666666666666,3624.6104737711357,3487.9490901550107,2699.999999,4499.999999,6299.999999,2.155615213044147,0.9059342143177481,0.788174246617519,2.100717556974137,4.716459188906793,6.099935814637556,3.505489605176588,0.016836826079168907,14400.000001,18.345000000000013,2019-05-12T00:00:00+00:00,2022-06-10T04:36:00+00:00,107778,3.080606890257814
IND_DMA_7X5_V1_PRICE_CROSS_UP_DMA_15m,DMA,DIRECTIONAL_TRIGGER,15m,DISCOVERY,6H,ALL,776,12645,456,826,10745,0.8497429814155792,0.03606168446026097,0.5876288659793815,4104.710678921369,3487.9490901550107,3599.999999,5624.999999,8099.999999,1.718795865609382,0.5803661123114916,0.7454102349862901,1.6482376588911571,4.632892226920866,4.152209443353149,2.577616469328252,0.0653222617635429,12600.000001,13.155000000000015,2019-05-12T00:00:00+00:00,2022-06-10T04:36:00+00:00,107778,3.080606890257814
IND_DMA_7X5_V1_PRICE_CROSS_UP_DMA_15m,DMA,DIRECTIONAL_TRIGGER,15m,DISCOVERY,8H,ALL,613,12129,340,555,10745,0.8858933135460466,0.028031989446780443,0.5546492659053833,3937.2112158669265,3487.9490901550107,3599.999999,6299.999999,8999.999999,1.9352326433304903,0.526826668207577,0.7496792130025655,1.771233912037096,5.374807592556022,5.271650494916669,2.9154283751743137,0.04575810042047984,13500.000001,25.220000000000027,2019-05-12T00:00:00+00:00,2022-06-10T04:36:00+00:00,107778,3.080606890257814
IND_DMA_7X5_V1_PRICE_CROSS_UP_DMA_15m,DMA,DIRECTIONAL_TRIGGER,15m,DISCOVERY,12H,ALL,399,11872,233,513,10745,0.9050707547169812,0.019626010781671158,0.5839598997493735,3853.786095702214,3487.9490901550107,3599.999999,6299.999999,10799.999999,2.8168451334505398,0.6194690265486734,0.7446645507278105,2.9369981470043207,7.823270486713927,6.441547374884609,2.344234079173838,0.04321091644204852,10800.000001,21.66999999999996,2019-05-12T00:00:00+00:00,2022-06-10T04:36:00+00:00,107778,3.080606890257814
IND_DMA_7X5_V1_PRICE_CROSS_UP_DMA_15m,DMA,DIRECTIONAL_TRIGGER,15m,DISCOVERY,1D,ALL,203,11537,138,316,10745,0.9313513044985698,0.011961515125249199,0.6798029556650246,3745.0412892618297,3487.9490901550107,4499.999999,8774.999999,11699.999999,3.6942840295980077,0.580619114593439,0.7274779303627427,3.633823596106269,10.30806210475976,8.80289944152311,2.2766264838448267,0.027390136083903963,13050.000001,19.58999999999999,2019-05-12T00:00:00+00:00,2022-06-10T04:36:00+00:00,107778,3.080606890257814
IND_DMA_7X5_V1_PRICE_CROSS_UP_DMA_15m,DMA,DIRECTIONAL_TRIGGER,15m,DISCOVERY,ALL,HIGH,2648,17855,1500,2733,10745,0.6017922150658079,0.08401008120974517,0.5664652567975831,5795.935877591225,3487.9490901550107,3599.999999,5399.999999,7199.999999,1.2590149703909352,0.7454583725219243,0.7893120768700846,0.7856215399425643,3.512094651482921,4.069703854751166,4.90666666666665,0.1530663679641557,12600.000001,18.430000000000007,2019-05-12T00:00:00+00:00,2022-06-10T04:36:00+00:00,107778,3.080606890257814
IND_DMA_7X5_V1_PRICE_CROSS_UP_DMA_15m,DMA,DIRECTIONAL_TRIGGER,15m,DISCOVERY,ALL,LOW,2653,17861,1522,2684,10745,0.6015900565477856,0.08521359386372543,0.5736901620806634,5797.883545766277,3487.9490901550107,3599.999999,5399.999999,7199.999999,1.6767967919673563,0.9221787022791366,0.7524734518457481,0.977797283779225,4.832810165035372,4.340314526927761,4.409765410521897,0.15027154134706902,12600.000001,15.365000000000009,2019-05-12T00:00:00+00:00,2022-06-10T04:36:00+00:00,107778,3.080606890257814
IND_DMA_25X5_V1_PRICE_CROSS_UP_DMA_15m,DMA,DIRECTIONAL_TRIGGER,15m,DISCOVERY,ALL,ALL,5301,12617,2423,2672,5210,0.41293492906396134,0.19204248236506302,0.4570835691378985,4095.6215607711283,1691.2251986698564,7199.999999,11699.999999,16199.999999,1.8116109901311332,1.1773716146218747,0.6920919798093104,0.9222413444979132,3.6088850308719964,3.5930017849468405,3.773064392047974,0.21177776016485694,12600.000001,17.330000000000112,2019-05-12T00:00:00+00:00,2022-06-10T04:36:00+00:00,107778,3.080606890257814
IND_DMA_25X5_V1_PRICE_CROSS_UP_DMA_15m,DMA,DIRECTIONAL_TRIGGER,15m,DISCOVERY,5m,ALL,0,5210,0,0,5210,1.0,0.0,,1691.2251986698564,1691.2251986698564,,,,,,,,,,,0.0,,,2019-05-12T00:00:00+00:00,2022-06-10T04:36:00+00:00,107778,3.080606890257814
IND_DMA_25X5_V1_PRICE_CROSS_UP_DMA_15m,DMA,DIRECTIONAL_TRIGGER,15m,DISCOVERY,15m,ALL,150,5423,109,4,5210,0.9607228471325835,0.020099575880508945,0.7266666666666667,1760.36741888419,1691.2251986698564,7199.999999,10799.999999,13679.999999000001,1.9118296027751631,2.7181796407185455,0.8319906008727757,1.0674142280299979,2.598243140400304,10.135950087109318,11.27706369608676,0.0007375991148810622,5400.000001,6.565000000000055,2019-05-12T00:00:00+00:00,2022-06-10T04:36:00+00:00,107778,3.080606890257814
IND_DMA_25X5_V1_PRICE_CROSS_UP_DMA_15m,DMA,DIRECTIONAL_TRIGGER,15m,DISCOVERY,30m,ALL,156,5346,66,8,5210,0.9745604190048635,0.012345679012345678,0.4230769230769231,1735.3723439710272,1691.2251986698564,6749.999999,10799.999999,17099.999999,2.4167587292964683,2.5057498798809883,0.8581791260109897,1.0091754377609985,3.121112234648475,13.738740426880016,12.61068141193763,0.0014964459408903852,16200.000001,5.115000000000009,2019-05-12T00:00:00+00:00,2022-06-10T04:36:00+00:00,107778,3.080606890257814
IND_DMA_25X5_V1_PRICE_CROSS_UP_DMA_15m,DMA,DIRECTIONAL_TRIGGER,15m,DISCOVERY,1H,ALL,1726,8757,1210,1119,5210,0.5949526093410985,0.13817517414639716,0.7010428736964078,2842.621701487895,1691.2251986698564,8999.999999,11699.999999,15299.999999,1.6739717794334228,1.4118983470541604,0.629304975816604,0.6030584882585915,1.6700156478425947,2.1800221408498577,3.56825485522747,0.12778348749571772,12600.000001,20.29000000000042,2019-05-12T00:00:00+00:00,2022-06-10T04:36:00+00:00,107778,3.080606890257814
IND_DMA_25X5_V1_PRICE_CROSS_UP_DMA_15m,DMA,DIRECTIONAL_TRIGGER,15m,DISCOVERY,2H,ALL,843,5875,196,292,5210,0.8868085106382979,0.03336170212765958,0.232502965599051,1907.0917547380818,1691.2251986698564,8099.999999,12599.999999,16199.999999,1.7755689596325381,1.0529497687147764,0.7160632966751502,0.9213759492840965,2.8269112228121864,3.8003878522188623,4.001402534952087,0.04970212765957447,13950.000001,7.639999999999986,2019-05-12T00:00:00+00:00,2022-06-10T04:36:00+00:00,107778,3.080606890257814
IND_DMA_25X5_V1_PRICE_CROSS_UP_DMA_15m,DMA,DIRECTIONAL_TRIGGER,15m,DISCOVERY,4H,ALL,435,5418,68,85,5210,0.961609449981543,0.012550756736803248,0.15632183908045977,1758.7443620716472,1691.2251986698564,3599.999999,7424.999999,11969.999999000003,2.6080659986802384,0.956426822659736,0.7956281670069982,2.156037816230718,4.384837325863528,6.72662074561123,4.105818315644508,0.01568844592100406,13500.000001,35.889999999999986,2019-05-12T00:00:00+00:00,2022-06-10T04:36:00+00:00,107778,3.080606890257814
IND_DMA_25X5_V1_PRICE_CROSS_UP_DMA_15m,DMA,DIRECTIONAL_TRIGGER,15m,DISCOVERY,6H,ALL,776,6248,292,456,5210,0.8338668373879642,0.04673495518565941,0.37628865979381443,2028.171792953793,1691.2251986698564,4499.999999,8099.999999,14309.99999900003,1.7529568866375156,0.5624737116089848,0.7281914703371313,1.482818189429566,4.164647603115585,3.947095371947622,3.0822392414296345,0.07298335467349552,12600.000001,13.86,2019-05-12T00:00:00+00:00,2022-06-10T04:36:00+00:00,107778,3.080606890257814
IND_DMA_25X5_V1_PRICE_CROSS_UP_DMA_15m,DMA,DIRECTIONAL_TRIGGER,15m,DISCOVERY,8H,ALL,613,5858,208,284,5210,0.8893820416524411,0.035506998975759645,0.33931484502446985,1901.5733615754355,1691.2251986698564,6299.999999,11699.999999,17369.99999900001,1.896170742280086,0.5126243007981267,0.7386731540076645,1.695835306829137,4.991391864883751,5.2927394055960235,3.4324736296567098,0.04848071013997952,11700.000001,35.450000000000045,2019-05-12T00:00:00+00:00,2022-06-10T04:36:00+00:00,107778,3.080606890257814
IND_DMA_25X5_V1_PRICE_CROSS_UP_DMA_15m,DMA,DIRECTIONAL_TRIGGER,15m,DISCOVERY,12H,ALL,399,5789,171,259,5210,0.8999827258593885,0.02953878044567283,0.42857142857142855,1879.1751775623413,1691.2251986698564,4499.999999,10349.999999,17099.999999,2.8168451334505398,0.5888565185724677,0.7598229109020473,2.9250520023600077,6.856935542387231,6.507806080525884,2.5289855072463676,0.044740024183796856,11700.000001,23.389999999999873,2019-05-12T00:00:00+00:00,2022-06-10T04:36:00+00:00,107778,3.080606890257814
IND_DMA_25X5_V1_PRICE_CROSS_UP_DMA_15m,DMA,DIRECTIONAL_TRIGGER,15m,DISCOVERY,1D,ALL,203,5583,103,165,5210,0.9331900411964893,0.0184488626186638,0.5073891625615764,1812.3052368855679,1691.2251986698564,7199.999999,14849.999999,22139.999998999996,4.029887920298876,0.619104828608676,0.704117236566643,4.174236717330623,10.428367412459401,7.67049231178268,2.1576075766934317,0.02955400322407308,13500.000001,18.02000000000001,2019-05-12T00:00:00+00:00,2022-06-10T04:36:00+00:00,107778,3.080606890257814
IND_DMA_25X5_V1_PRICE_CROSS_UP_DMA_15m,DMA,DIRECTIONAL_TRIGGER,15m,DISCOVERY,ALL,HIGH,2648,8916,1222,1308,5210,0.5843427545984746,0.1370569762225213,0.46148036253776437,2894.234908126764,1691.2251986698564,7199.999999,10799.999999,15299.999999,1.6847753064563042,1.071109628817787,0.703976719969728,0.908699603041755,3.3541653900944968,3.4913093858632593,3.7479315051589612,0.14670255720053835,12600.000001,19.129999999999995,2019-05-12T00:00:00+00:00,2022-06-10T04:36:00+00:00,107778,3.080606890257814
IND_DMA_25X5_V1_PRICE_CROSS_UP_DMA_15m,DMA,DIRECTIONAL_TRIGGER,15m,DISCOVERY,ALL,LOW,2653,8911,1201,1364,5210,0.5846706318033891,0.1347772416114914,0.45269506219374295,2892.6118513142205,1691.2251986698564,8099.999999,11699.999999,16199.999999,2.038247397724512,1.2634683444750392,0.6697294375735222,0.9483326831761686,3.9436358594372063,3.7210413183663684,3.8528743956870626,0.1530692402648412,12600.000001,15.480000000000004,2019-05-12T00:00:00+00:00,2022-06-10T04:36:00+00:00,107778,3.080606890257814
IND_STOCH_14_3_3_V1_K_CROSS_UP_D_15m,STOCHASTIC,DIRECTIONAL_TRIGGER,15m,DISCOVERY,ALL,ALL,5301,26325,3168,5828,11533,0.43810066476733145,0.12034188034188034,0.597623089983022,8545.39411803915,3743.7428438117954,2699.999999,4499.999999,7199.999999,1.299644592710841,0.7051392029652741,0.8037572934312049,0.842128901863912,4.104180747154459,4.470664646027274,5.398633257403168,0.22138651471984805,11700.000001,17.49000000000001,2019-05-12T00:00:00+00:00,2022-06-10T04:36:00+00:00,107778,3.080606890257814
IND_STOCH_14_3_3_V1_K_CROSS_UP_D_15m,STOCHASTIC,DIRECTIONAL_TRIGGER,15m,DISCOVERY,5m,ALL,0,11533,0,0,11533,1.0,0.0,,3743.7428438117954,3743.7428438117954,,,,,,,,,,,0.0,,,2019-05-12T00:00:00+00:00,2022-06-10T04:36:00+00:00,107778,3.080606890257814
IND_STOCH_14_3_3_V1_K_CROSS_UP_D_15m,STOCHASTIC,DIRECTIONAL_TRIGGER,15m,DISCOVERY,15m,ALL,150,11960,123,6,11533,0.9642976588628762,0.01028428093645485,0.82,3882.3518956029716,3743.7428438117954,1799.999999,2699.999999,3599.999999,1.0090817356205928,1.4599306316173766,0.9162919573195925,0.4883057615516313,1.3031921135140139,11.404908164667164,24.99137239165312,0.0005016722408026755,10800.000001,26.670000000000073,2019-05-12T00:00:00+00:00,2022-06-10T04:36:00+00:00,107778,3.080606890257814
IND_STOCH_14_3_3_V1_K_CROSS_UP_D_15m,STOCHASTIC,DIRECTIONAL_TRIGGER,15m,DISCOVERY,30m,ALL,156,11830,74,30,11533,0.974894336432798,0.006255283178360101,0.47435897435897434,3840.1524184768523,3743.7428438117954,2699.999999,2699.999999,7199.999999,1.2658026911156357,1.4077636340351987,0.9222409606411369,0.502693063016228,2.0975659271648905,15.41922793535532,30.132205255193263,0.00253592561284869,10350.000001,2.805000000000007,2019-05-12T00:00:00+00:00,2022-06-10T04:36:00+00:00,107778,3.080606890257814
IND_STOCH_14_3_3_V1_K_CROSS_UP_D_15m,STOCHASTIC,DIRECTIONAL_TRIGGER,15m,DISCOVERY,1H,ALL,1726,18309,1305,2577,11533,0.629908788027746,0.07127642143208258,0.7560834298957126,5943.309436170134,3743.7428438117954,2699.999999,3599.999999,5399.999999,0.888052584973781,0.7483506126295932,0.8044209831738696,0.4160515057024082,1.3782450607106238,3.0674260439864938,7.780590717299562,0.1407504505980665,11700.000001,18.019999999999982,2019-05-12T00:00:00+00:00,2022-06-10T04:36:00+00:00,107778,3.080606890257814
IND_STOCH_14_3_3_V1_K_CROSS_UP_D_15m,STOCHASTIC,DIRECTIONAL_TRIGGER,15m,DISCOVERY,2H,ALL,843,12927,291,649,11533,0.8921636884041154,0.022511023439313067,0.34519572953736655,4196.251083148797,3743.7428438117954,2699.999999,3599.999999,4499.999999,1.200660363199777,0.66878097125867,0.8291777431478597,0.8142820446956116,2.9220779220779236,4.703320473760186,5.941730254474368,0.05020499729248859,13500.000001,9.25,2019-05-12T00:00:00+00:00,2022-06-10T04:36:00+00:00,107778,3.080606890257814
IND_STOCH_14_3_3_V1_K_CROSS_UP_D_15m,STOCHASTIC,DIRECTIONAL_TRIGGER,15m,DISCOVERY,4H,ALL,435,11984,133,208,11533,0.9623664886515354,0.011098130841121495,0.3057471264367816,3890.142568303178,3743.7428438117954,2699.999999,4499.999999,5399.999999,2.056299030918318,0.8081463224802182,0.8075662597602554,1.9180628339830155,4.161289693350946,6.51930787085884,3.568337912087936,0.017356475300400534,13500.000001,25.419999999999987,2019-05-12T00:00:00+00:00,2022-06-10T04:36:00+00:00,107778,3.080606890257814
IND_STOCH_14_3_3_V1_K_CROSS_UP_D_15m,STOCHASTIC,DIRECTIONAL_TRIGGER,15m,DISCOVERY,6H,ALL,776,13469,489,857,11533,0.8562625287697676,0.03630559061548742,0.6301546391752577,4372.190441628463,3743.7428438117954,3599.999999,5399.999999,8099.999999,1.6456567568730323,0.5537215820616636,0.7521572387344204,1.5943348304321827,4.671419001100808,4.303746597738513,2.8953488372092506,0.06362758927908531,12600.000001,13.710000000000008,2019-05-12T00:00:00+00:00,2022-06-10T04:36:00+00:00,107778,3.080606890257814
IND_STOCH_14_3_3_V1_K_CROSS_UP_D_15m,STOCHASTIC,DIRECTIONAL_TRIGGER,15m,DISCOVERY,8H,ALL,613,12998,366,606,11533,0.8872903523619018,0.028158178181258656,0.5970636215334421,4219.298489886908,3743.7428438117954,3599.999999,5399.999999,8999.999999,1.801010515502437,0.511522703672235,0.7663282980573702,1.7267518190394926,5.558682155094803,5.539586940881317,3.0527356774780348,0.04662255731651023,12600.000001,24.02000000000001,2019-05-12T00:00:00+00:00,2022-06-10T04:36:00+00:00,107778,3.080606890257814
IND_STOCH_14_3_3_V1_K_CROSS_UP_D_15m,STOCHASTIC,DIRECTIONAL_TRIGGER,15m,DISCOVERY,12H,ALL,399,12743,249,541,11533,0.9050459075570901,0.019540139684532686,0.6240601503759399,4136.522592447213,3743.7428438117954,3599.999999,6299.999999,9899.999999,2.845208845208841,0.6144511354898616,0.7259953161592498,3.072212127330236,7.8000647602827184,6.451535909492319,2.3383620689655227,0.042454681001334066,11700.000001,20.600000000000023,2019-05-12T00:00:00+00:00,2022-06-10T04:36:00+00:00,107778,3.080606890257814
IND_STOCH_14_3_3_V1_K_CROSS_UP_D_15m,STOCHASTIC,DIRECTIONAL_TRIGGER,15m,DISCOVERY,1D,ALL,203,12369,138,354,11533,0.9324116743471582,0.011156924569488236,0.6798029556650246,4015.117942868993,3743.7428438117954,4499.999999,8099.999999,10169.999998999998,3.6170207204986218,0.6214650450010761,0.7108068534781343,3.6895322302161517,11.056668679094484,8.83119968898545,2.285339187428582,0.028619936939121998,12600.000001,27.97,2019-05-12T00:00:00+00:00,2022-06-10T04:36:00+00:00,107778,3.080606890257814
IND_STOCH_14_3_3_V1_K_CROSS_UP_D_15m,STOCHASTIC,DIRECTIONAL_TRIGGER,15m,DISCOVERY,ALL,HIGH,2648,18840,1562,2923,11533,0.6121549893842887,0.08290870488322717,0.5898791540785498,6115.678069662206,3743.7428438117954,2699.999999,4499.999999,7199.999999,1.1157839556560498,0.633368399159346,0.8206644599867143,0.7204486744704538,3.434955726327751,4.209888449062189,5.614262194273798,0.15514861995753715,11700.000001,17.45999999999998,2019-05-12T00:00:00+00:00,2022-06-10T04:36:00+00:00,107778,3.080606890257814
IND_STOCH_14_3_3_V1_K_CROSS_UP_D_15m,STOCHASTIC,DIRECTIONAL_TRIGGER,15m,DISCOVERY,ALL,LOW,2653,19018,1606,2905,11533,0.6064254916394994,0.08444631401829845,0.605352431209951,6173.458892188739,3743.7428438117954,2699.999999,4499.999999,7199.999999,1.5041224542879101,0.7873719584407499,0.7885519299065947,0.9709543568464745,4.845150707550194,4.747252747252753,5.103563693640485,0.15275002629088233,11700.000001,17.560000000000002,2019-05-12T00:00:00+00:00,2022-06-10T04:36:00+00:00,107778,3.080606890257814
IND_STOCH_14_3_3_V1_K_CROSS_UP_LEVEL_15m,STOCHASTIC,DIRECTIONAL_TRIGGER,15m,DISCOVERY,ALL,ALL,5301,7607,2151,2059,2903,0.3816221900880768,0.28276587353753124,0.4057724957555178,2469.318634602994,942.3467853624938,3599.999999,5399.999999,12599.999999,1.309523809523808,0.7715919349984942,0.7934186471663601,0.7518445876529438,3.7675645005173433,4.378228991019431,5.9496157722642655,0.2706717497042198,10800.000001,20.67999999999995,2019-05-12T00:00:00+00:00,2022-06-10T04:36:00+00:00,107778,3.080606890257814
IND_STOCH_14_3_3_V1_K_CROSS_UP_LEVEL_15m,STOCHASTIC,DIRECTIONAL_TRIGGER,15m,DISCOVERY,5m,ALL,0,2903,0,0,2903,1.0,0.0,,942.3467853624938,942.3467853624938,,,,,,,,,,,0.0,,,2019-05-12T00:00:00+00:00,2022-06-10T04:36:00+00:00,107778,3.080606890257814
IND_STOCH_14_3_3_V1_K_CROSS_UP_LEVEL_15m,STOCHASTIC,DIRECTIONAL_TRIGGER,15m,DISCOVERY,15m,ALL,150,3022,98,2,2903,0.9606221045665122,0.03242885506287227,0.6533333333333333,980.9755375010184,942.3467853624938,2699.999999,3599.999999,5669.999998999997,1.202337560375958,1.7350238028908942,0.9111050277840567,0.5550798799491684,1.7714744284643287,10.954464686353672,22.819397993310947,0.0006618133686300463,11250.000001,34.05500000000029,2019-05-12T00:00:00+00:00,2022-06-10T04:36:00+00:00,107778,3.080606890257814
IND_STOCH_14_3_3_V1_K_CROSS_UP_LEVEL_15m,STOCHASTIC,DIRECTIONAL_TRIGGER,15m,DISCOVERY,30m,ALL,156,2977,56,6,2903,0.975142761168962,0.018810883439704402,0.358974358974359,966.368026188131,942.3467853624938,2699.999999,3599.999999,4499.999999,1.4307478780761231,1.5047629243226393,0.9142319902658684,0.5648820695713761,2.331845263660113,15.169451306998742,28.9713663243074,0.002015451797111186,7200.000001,1.6650000000000063,2019-05-12T00:00:00+00:00,2022-06-10T04:36:00+00:00,107778,3.080606890257814
IND_STOCH_14_3_3_V1_K_CROSS_UP_LEVEL_15m,STOCHASTIC,DIRECTIONAL_TRIGGER,15m,DISCOVERY,1H,ALL,1726,5055,1021,935,2903,0.5742828882294758,0.2019782393669634,0.5915411355735806,1640.9104374810217,942.3467853624938,3599.999999,4499.999999,5399.999999,0.9952830188679309,0.8307201827222789,0.7836919592299013,0.44157421206600594,1.3593048400642826,2.93997311356596,6.921081081081079,0.18496538081107813,10800.000001,20.67999999999995,2019-05-12T00:00:00+00:00,2022-06-10T04:36:00+00:00,107778,3.080606890257814
IND_STOCH_14_3_3_V1_K_CROSS_UP_LEVEL_15m,STOCHASTIC,DIRECTIONAL_TRIGGER,15m,DISCOVERY,2H,ALL,843,3340,182,224,2903,0.8691616766467066,0.05449101796407185,0.2158956109134045,1084.2019507787563,942.3467853624938,3599.999999,4499.999999,5399.999999,1.2334808374120225,0.6529060544444005,0.8229475785929614,0.6244811784968676,2.137725026406508,4.858362309813021,7.1327433628318895,0.06706586826347305,11700.000001,9.51000000000002,2019-05-12T00:00:00+00:00,2022-06-10T04:36:00+00:00,107778,3.080606890257814
IND_STOCH_14_3_3_V1_K_CROSS_UP_LEVEL_15m,STOCHASTIC,DIRECTIONAL_TRIGGER,15m,DISCOVERY,4H,ALL,435,3057,67,79,2903,0.9496238141969251,0.02191691200523389,0.15402298850574714,992.3369351888198,942.3467853624938,3599.999999,5399.999999,6299.999999,1.9246666666666592,0.6914746466043661,0.8075662597602554,1.4938192678772797,3.6501884819236596,6.936894351217211,5.5544041450777,0.025842329080798167,14400.000001,26.42999999999995,2019-05-12T00:00:00+00:00,2022-06-10T04:36:00+00:00,107778,3.080606890257814
IND_STOCH_14_3_3_V1_K_CROSS_UP_LEVEL_15m,STOCHASTIC,DIRECTIONAL_TRIGGER,15m,DISCOVERY,6H,ALL,776,3522,255,309,2903,0.8242475865985236,0.07240204429301533,0.3286082474226804,1143.2812187553232,942.3467853624938,4499.999999,8549.999999,14399.999999,1.7253887026253418,0.5017990589537785,0.7744360902255658,1.6424112126348849,4.709863450002628,4.763029444182017,3.16177892362227,0.08773424190800681,12600.000001,20.019999999999982,2019-05-12T00:00:00+00:00,2022-06-10T04:36:00+00:00,107778,3.080606890257814
IND_STOCH_14_3_3_V1_K_CROSS_UP_LEVEL_15m,STOCHASTIC,DIRECTIONAL_TRIGGER,15m,DISCOVERY,8H,ALL,613,3372,213,212,2903,0.8609134045077106,0.06316725978647687,0.3474714518760196,1094.5895143790317,942.3467853624938,6299.999999,11699.999999,17099.999999,1.832543443917853,0.46766779037695555,0.7659793814433006,1.600826765046208,5.594211690667837,5.679880097162648,3.4014304052815127,0.06287069988137604,12600.000001,41.89499999999998,2019-05-12T00:00:00+00:00,2022-06-10T04:36:00+00:00,107778,3.080606890257814
IND_STOCH_14_3_3_V1_K_CROSS_UP_LEVEL_15m,STOCHASTIC,DIRECTIONAL_TRIGGER,15m,DISCOVERY,12H,ALL,399,3308,153,189,2903,0.8775695284159613,0.046251511487303505,0.38345864661654133,1073.8143871784807,942.3467853624938,8099.999999,13499.999999,19799.999999,2.5313146198274508,0.517544418264026,0.7514991604701364,2.81752085652634,8.196180527140385,7.163838120104439,2.6368534482758728,0.05713422007255139,9900.000001,19.139999999999986,2019-05-12T00:00:00+00:00,2022-06-10T04:36:00+00:00,107778,3.080606890257814
IND_STOCH_14_3_3_V1_K_CROSS_UP_LEVEL_15m,STOCHASTIC,DIRECTIONAL_TRIGGER,15m,DISCOVERY,1D,ALL,203,3178,106,103,2903,0.9134675896790434,0.03335431088735054,0.5221674876847291,1031.6149100523614,942.3467853624938,10799.999999,17099.999999,21599.999999,3.9555343886073544,0.637706130766176,0.7335803868045806,3.9566824594715087,11.669183731113254,9.117017126660354,2.307327897043322,0.03241032095657646,9900.000001,33.690000000000055,2019-05-12T00:00:00+00:00,2022-06-10T04:36:00+00:00,107778,3.080606890257814
IND_STOCH_14_3_3_V1_K_CROSS_UP_LEVEL_15m,STOCHASTIC,DIRECTIONAL_TRIGGER,15m,DISCOVERY,ALL,HIGH,2648,5416,1101,1141,2903,0.5360044313146234,0.20328655834564255,0.415785498489426,1758.09513934663,942.3467853624938,3599.999999,5399.999999,11699.999999,1.1555271543018506,0.7035004268813284,0.8013136288998384,0.6569051785001822,3.072212127330236,4.107830551989734,5.684015218497986,0.21067208271787297,10800.000001,19.079999999999927,2019-05-12T00:00:00+00:00,2022-06-10T04:36:00+00:00,107778,3.080606890257814
IND_STOCH_14_3_3_V1_K_CROSS_UP_LEVEL_15m,STOCHASTIC,DIRECTIONAL_TRIGGER,15m,DISCOVERY,ALL,LOW,2653,5094,1050,918,2903,0.5698861405575186,0.2061248527679623,0.39577836411609496,1653.5702806188576,942.3467853624938,3599.999999,6299.999999,14399.999999,1.5053466607058854,0.8307937379283156,0.7841477029099387,0.8602494299560743,4.7270668802457365,4.800817270649844,6.157621752863367,0.18021201413427562,11700.000001,22.714999999999918,2019-05-12T00:00:00+00:00,2022-06-10T04:36:00+00:00,107778,3.080606890257814
IND_MACD_12_26_9_V1_MACD_CROSS_UP_SIGNAL_15m,MACD,DIRECTIONAL_TRIGGER,15m,DISCOVERY,ALL,ALL,5301,8487,2385,1714,3669,0.4323082361258395,0.28101802757158006,0.44991511035653653,2754.9766336105704,1190.9990890440888,6299.999999,8999.999999,12599.999999,1.6246349880541557,1.01677961801906,0.7297452752670494,0.8020094302207699,3.531005673318465,3.7906379235435828,4.605263157894792,0.20195593260280428,13500.000001,19.849999999999994,2019-05-12T00:00:00+00:00,2022-06-10T04:36:00+00:00,107778,3.080606890257814
IND_MACD_12_26_9_V1_MACD_CROSS_UP_SIGNAL_15m,MACD,DIRECTIONAL_TRIGGER,15m,DISCOVERY,5m,ALL,0,3669,0,0,3669,1.0,0.0,,1190.9990890440888,1190.9990890440888,,,,,,,,,,,0.0,,,2019-05-12T00:00:00+00:00,2022-06-10T04:36:00+00:00,107778,3.080606890257814
IND_MACD_12_26_9_V1_MACD_CROSS_UP_SIGNAL_15m,MACD,DIRECTIONAL_TRIGGER,15m,DISCOVERY,15m,ALL,150,3808,104,4,3669,0.9634978991596639,0.0273109243697479,0.6933333333333334,1236.1200684327855,1190.9990890440888,5399.999999,7199.999999,8999.999999,1.6592180256474593,2.394861948072665,0.8626957548306764,0.885914052363102,2.5001404727817604,10.440101253528969,13.690390813336663,0.0010504201680672268,6300.000001,17.49000000000001,2019-05-12T00:00:00+00:00,2022-06-10T04:36:00+00:00,107778,3.080606890257814
IND_MACD_12_26_9_V1_MACD_CROSS_UP_SIGNAL_15m,MACD,DIRECTIONAL_TRIGGER,15m,DISCOVERY,30m,ALL,156,3772,68,6,3669,0.972693531283139,0.018027571580063628,0.4358974358974359,1224.4340593824757,1190.9990890440888,5399.999999,8099.999999,9899.999999,2.2041658300175158,2.0625102917266864,0.863686836461601,0.8411187431568923,2.7200084078203046,13.36066677379986,15.771532641069125,0.0015906680805938495,14850.000001,3.884999999999991,2019-05-12T00:00:00+00:00,2022-06-10T04:36:00+00:00,107778,3.080606890257814
IND_MACD_12_26_9_V1_MACD_CROSS_UP_SIGNAL_15m,MACD,DIRECTIONAL_TRIGGER,15m,DISCOVERY,1H,ALL,1726,5933,1223,671,3669,0.6184055284004719,0.20613517613349064,0.7085747392815759,1925.9192137635812,1190.9990890440888,7199.999999,8999.999999,10799.999999,1.4293609324758836,1.2020565552699145,0.6899618805590856,0.5549610792891543,1.5241959483360183,2.399743716690453,4.725274725274756,0.11309624136187427,13500.000001,25.42999999999995,2019-05-12T00:00:00+00:00,2022-06-10T04:36:00+00:00,107778,3.080606890257814
IND_MACD_12_26_9_V1_MACD_CROSS_UP_SIGNAL_15m,MACD,DIRECTIONAL_TRIGGER,15m,DISCOVERY,2H,ALL,843,4111,198,194,3669,0.8924835806373145,0.04816346387740209,0.23487544483985764,1334.4773112728944,1190.9990890440888,5399.999999,8099.999999,10799.999999,1.4366613962101824,0.875304740424273,0.7720905014702164,0.7714601141493919,2.6233130665788726,4.426556180329486,5.688939601540531,0.047190464607151546,14400.000001,8.775000000000006,2019-05-12T00:00:00+00:00,2022-06-10T04:36:00+00:00,107778,3.080606890257814
IND_MACD_12_26_9_V1_MACD_CROSS_UP_SIGNAL_15m,MACD,DIRECTIONAL_TRIGGER,15m,DISCOVERY,4H,ALL,435,3807,61,65,3669,0.9637509850275807,0.016023115313895456,0.14022988505747128,1235.795457070277,1190.9990890440888,3599.999999,5399.999999,8999.999999,1.787414965986393,0.7764620589656841,0.7916336241078513,1.452784503631962,4.464884923611386,6.385705595909191,4.565737051792849,0.017073811400052534,15300.000001,25.659999999999968,2019-05-12T00:00:00+00:00,2022-06-10T04:36:00+00:00,107778,3.080606890257814
IND_MACD_12_26_9_V1_MACD_CROSS_UP_SIGNAL_15m,MACD,DIRECTIONAL_TRIGGER,15m,DISCOVERY,6H,ALL,776,4352,286,311,3669,0.8430606617647058,0.06571691176470588,0.36855670103092786,1412.7086496374693,1190.9990890440888,5399.999999,10574.999999,17999.999999,1.7532816931464854,0.5530584967118246,0.7265352796769301,1.4917395278660637,4.293460850428099,3.9772950030156204,3.0143406593406565,0.07146139705882353,12600.000001,14.129999999999995,2019-05-12T00:00:00+00:00,2022-06-10T04:36:00+00:00,107778,3.080606890257814
IND_MACD_12_26_9_V1_MACD_CROSS_UP_SIGNAL_15m,MACD,DIRECTIONAL_TRIGGER,15m,DISCOVERY,8H,ALL,613,4100,201,177,3669,0.8948780487804878,0.04902439024390244,0.3278955954323002,1330.9065862852997,1190.9990890440888,7199.999999,10799.999999,17999.999999,1.8402125315881572,0.48846370287000934,0.769611795876051,1.516220958613146,4.549793191218584,5.306262765161475,4.300963676797624,0.04317073170731707,14400.000001,37.23999999999978,2019-05-12T00:00:00+00:00,2022-06-10T04:36:00+00:00,107778,3.080606890257814
IND_MACD_12_26_9_V1_MACD_CROSS_UP_SIGNAL_15m,MACD,DIRECTIONAL_TRIGGER,15m,DISCOVERY,12H,ALL,399,4030,140,171,3669,0.9104218362282879,0.034739454094292806,0.3508771929824561,1308.1837909096969,1190.9990890440888,5399.999999,11699.999999,19799.999999,2.8265231655151433,0.6173578394798754,0.7515629274965804,2.8837385742580652,6.735359831998101,6.730718321631547,2.338183177035824,0.0424317617866005,10800.000001,26.279999999999973,2019-05-12T00:00:00+00:00,2022-06-10T04:36:00+00:00,107778,3.080606890257814
IND_MACD_12_26_9_V1_MACD_CROSS_UP_SIGNAL_15m,MACD,DIRECTIONAL_TRIGGER,15m,DISCOVERY,1D,ALL,203,3926,104,115,3669,0.934538970962812,0.026490066225165563,0.5123152709359606,1274.4242092088016,1190.9990890440888,8099.999999,16199.999999,21329.999999000003,4.036181284107532,0.6301701612120051,0.7259199028666916,3.94625097226284,11.202434927529605,9.504404799355955,2.5871610680051345,0.029291900152827306,14400.000001,19.870000000000005,2019-05-12T00:00:00+00:00,2022-06-10T04:36:00+00:00,107778,3.080606890257814
IND_MACD_12_26_9_V1_MACD_CROSS_UP_SIGNAL_15m,MACD,DIRECTIONAL_TRIGGER,15m,DISCOVERY,ALL,HIGH,2648,6067,1190,879,3669,0.6047469919235207,0.19614306906213944,0.44939577039274925,1969.4171363397347,1190.9990890440888,6299.999999,8999.999999,12599.999999,1.4557233830434897,0.9067890725822605,0.7451984331248797,0.7347354493322223,3.1999047851571834,3.695317091093978,4.563356330774498,0.14488214933245427,13500.000001,21.450000000000045,2019-05-12T00:00:00+00:00,2022-06-10T04:36:00+00:00,107778,3.080606890257814
IND_MACD_12_26_9_V1_MACD_CROSS_UP_SIGNAL_15m,MACD,DIRECTIONAL_TRIGGER,15m,DISCOVERY,ALL,LOW,2653,6089,1195,835,3669,0.6025619970438496,0.19625554278206603,0.450433471541651,1976.5585863149242,1190.9990890440888,6299.999999,9899.999999,13139.999999000123,1.8179440230185688,1.1155436130632446,0.7130375774026649,0.8569957334117982,3.7774234544242127,3.9283678510355227,4.729508196721325,0.1371325340778453,13500.000001,17.090000000000032,2019-05-12T00:00:00+00:00,2022-06-10T04:36:00+00:00,107778,3.080606890257814
IND_MACD_12_26_9_V1_HISTOGRAM_CROSS_UP_ZERO_15m,MACD,DIRECTIONAL_TRIGGER,15m,DISCOVERY,ALL,ALL,5301,8487,2385,1714,3669,0.4323082361258395,0.28101802757158006,0.44991511035653653,2754.9766336105704,1190.9990890440888,6299.999999,8999.999999,12599.999999,1.6246349880541557,1.01677961801906,0.7297452752670494,0.8020094302207699,3.531005673318465,3.7906379235435828,4.605263157894792,0.20195593260280428,13500.000001,19.849999999999994,2019-05-12T00:00:00+00:00,2022-06-10T04:36:00+00:00,107778,3.080606890257814
IND_MACD_12_26_9_V1_HISTOGRAM_CROSS_UP_ZERO_15m,MACD,DIRECTIONAL_TRIGGER,15m,DISCOVERY,5m,ALL,0,3669,0,0,3669,1.0,0.0,,1190.9990890440888,1190.9990890440888,,,,,,,,,,,0.0,,,2019-05-12T00:00:00+00:00,2022-06-10T04:36:00+00:00,107778,3.080606890257814
IND_MACD_12_26_9_V1_HISTOGRAM_CROSS_UP_ZERO_15m,MACD,DIRECTIONAL_TRIGGER,15m,DISCOVERY,15m,ALL,150,3808,104,4,3669,0.9634978991596639,0.0273109243697479,0.6933333333333334,1236.1200684327855,1190.9990890440888,5399.999999,7199.999999,8999.999999,1.6592180256474593,2.394861948072665,0.8626957548306764,0.885914052363102,2.5001404727817604,10.440101253528969,13.690390813336663,0.0010504201680672268,6300.000001,17.49000000000001,2019-05-12T00:00:00+00:00,2022-06-10T04:36:00+00:00,107778,3.080606890257814
IND_MACD_12_26_9_V1_HISTOGRAM_CROSS_UP_ZERO_15m,MACD,DIRECTIONAL_TRIGGER,15m,DISCOVERY,30m,ALL,156,3772,68,6,3669,0.972693531283139,0.018027571580063628,0.4358974358974359,1224.4340593824757,1190.9990890440888,5399.999999,8099.999999,9899.999999,2.2041658300175158,2.0625102917266864,0.863686836461601,0.8411187431568923,2.7200084078203046,13.36066677379986,15.771532641069125,0.0015906680805938495,14850.000001,3.884999999999991,2019-05-12T00:00:00+00:00,2022-06-10T04:36:00+00:00,107778,3.080606890257814
IND_MACD_12_26_9_V1_HISTOGRAM_CROSS_UP_ZERO_15m,MACD,DIRECTIONAL_TRIGGER,15m,DISCOVERY,1H,ALL,1726,5933,1223,671,3669,0.6184055284004719,0.20613517613349064,0.7085747392815759,1925.9192137635812,1190.9990890440888,7199.999999,8999.999999,10799.999999,1.4293609324758836,1.2020565552699145,0.6899618805590856,0.5549610792891543,1.5241959483360183,2.399743716690453,4.725274725274756,0.11309624136187427,13500.000001,25.42999999999995,2019-05-12T00:00:00+00:00,2022-06-10T04:36:00+00:00,107778,3.080606890257814
IND_MACD_12_26_9_V1_HISTOGRAM_CROSS_UP_ZERO_15m,MACD,DIRECTIONAL_TRIGGER,15m,DISCOVERY,2H,ALL,843,4111,198,194,3669,0.8924835806373145,0.04816346387740209,0.23487544483985764,1334.4773112728944,1190.9990890440888,5399.999999,8099.999999,10799.999999,1.4366613962101824,0.875304740424273,0.7720905014702164,0.7714601141493919,2.6233130665788726,4.426556180329486,5.688939601540531,0.047190464607151546,14400.000001,8.775000000000006,2019-05-12T00:00:00+00:00,2022-06-10T04:36:00+00:00,107778,3.080606890257814
IND_MACD_12_26_9_V1_HISTOGRAM_CROSS_UP_ZERO_15m,MACD,DIRECTIONAL_TRIGGER,15m,DISCOVERY,4H,ALL,435,3807,61,65,3669,0.9637509850275807,0.016023115313895456,0.14022988505747128,1235.795457070277,1190.9990890440888,3599.999999,5399.999999,8999.999999,1.787414965986393,0.7764620589656841,0.7916336241078513,1.452784503631962,4.464884923611386,6.385705595909191,4.565737051792849,0.017073811400052534,15300.000001,25.659999999999968,2019-05-12T00:00:00+00:00,2022-06-10T04:36:00+00:00,107778,3.080606890257814
IND_MACD_12_26_9_V1_HISTOGRAM_CROSS_UP_ZERO_15m,MACD,DIRECTIONAL_TRIGGER,15m,DISCOVERY,6H,ALL,776,4352,286,311,3669,0.8430606617647058,0.06571691176470588,0.36855670103092786,1412.7086496374693,1190.9990890440888,5399.999999,10574.999999,17999.999999,1.7532816931464854,0.5530584967118246,0.7265352796769301,1.4917395278660637,4.293460850428099,3.9772950030156204,3.0143406593406565,0.07146139705882353,12600.000001,14.129999999999995,2019-05-12T00:00:00+00:00,2022-06-10T04:36:00+00:00,107778,3.080606890257814
IND_MACD_12_26_9_V1_HISTOGRAM_CROSS_UP_ZERO_15m,MACD,DIRECTIONAL_TRIGGER,15m,DISCOVERY,8H,ALL,613,4100,201,177,3669,0.8948780487804878,0.04902439024390244,0.3278955954323002,1330.9065862852997,1190.9990890440888,7199.999999,10799.999999,17999.999999,1.8402125315881572,0.48846370287000934,0.769611795876051,1.516220958613146,4.549793191218584,5.306262765161475,4.300963676797624,0.04317073170731707,14400.000001,37.23999999999978,2019-05-12T00:00:00+00:00,2022-06-10T04:36:00+00:00,107778,3.080606890257814
IND_MACD_12_26_9_V1_HISTOGRAM_CROSS_UP_ZERO_15m,MACD,DIRECTIONAL_TRIGGER,15m,DISCOVERY,12H,ALL,399,4030,140,171,3669,0.9104218362282879,0.034739454094292806,0.3508771929824561,1308.1837909096969,1190.9990890440888,5399.999999,11699.999999,19799.999999,2.8265231655151433,0.6173578394798754,0.7515629274965804,2.8837385742580652,6.735359831998101,6.730718321631547,2.338183177035824,0.0424317617866005,10800.000001,26.279999999999973,2019-05-12T00:00:00+00:00,2022-06-10T04:36:00+00:00,107778,3.080606890257814
IND_MACD_12_26_9_V1_HISTOGRAM_CROSS_UP_ZERO_15m,MACD,DIRECTIONAL_TRIGGER,15m,DISCOVERY,1D,ALL,203,3926,104,115,3669,0.934538970962812,0.026490066225165563,0.5123152709359606,1274.4242092088016,1190.9990890440888,8099.999999,16199.999999,21329.999999000003,4.036181284107532,0.6301701612120051,0.7259199028666916,3.94625097226284,11.202434927529605,9.504404799355955,2.5871610680051345,0.029291900152827306,14400.000001,19.870000000000005,2019-05-12T00:00:00+00:00,2022-06-10T04:36:00+00:00,107778,3.080606890257814
IND_MACD_12_26_9_V1_HISTOGRAM_CROSS_UP_ZERO_15m,MACD,DIRECTIONAL_TRIGGER,15m,DISCOVERY,ALL,HIGH,2648,6067,1190,879,3669,0.6047469919235207,0.19614306906213944,0.44939577039274925,1969.4171363397347,1190.9990890440888,6299.999999,8999.999999,12599.999999,1.4557233830434897,0.9067890725822605,0.7451984331248797,0.7347354493322223,3.1999047851571834,3.695317091093978,4.563356330774498,0.14488214933245427,13500.000001,21.450000000000045,2019-05-12T00:00:00+00:00,2022-06-10T04:36:00+00:00,107778,3.080606890257814
IND_MACD_12_26_9_V1_HISTOGRAM_CROSS_UP_ZERO_15m,MACD,DIRECTIONAL_TRIGGER,15m,DISCOVERY,ALL,LOW,2653,6089,1195,835,3669,0.6025619970438496,0.19625554278206603,0.450433471541651,1976.5585863149242,1190.9990890440888,6299.999999,9899.999999,13139.999999000123,1.8179440230185688,1.1155436130632446,0.7130375774026649,0.8569957334117982,3.7774234544242127,3.9283678510355227,4.729508196721325,0.1371325340778453,13500.000001,17.090000000000032,2019-05-12T00:00:00+00:00,2022-06-10T04:36:00+00:00,107778,3.080606890257814
IND_RSI_14_V1_RSI_CROSS_UP_30_15m,RSI,DIRECTIONAL_TRIGGER,15m,DISCOVERY,ALL,ALL,5301,2789,1102,753,730,0.26174256005736823,0.39512370025098603,0.2078853046594982,905.3410900365124,236.96629463128505,2699.999999,4499.999999,8099.999999,1.3410414667756814,0.8071923082387404,0.786792320857449,0.7675428728483693,3.801052102638278,4.24305465260071,5.323529411764748,0.269989243456436,11700.000001,29.92999999999995,2019-05-12T00:00:00+00:00,2022-06-10T04:36:00+00:00,107778,3.080606890257814
IND_RSI_14_V1_RSI_CROSS_UP_30_15m,RSI,DIRECTIONAL_TRIGGER,15m,DISCOVERY,5m,ALL,0,730,0,0,730,1.0,0.0,,236.96629463128505,236.96629463128505,,,,,,,,,,,0.0,,,2019-05-12T00:00:00+00:00,2022-06-10T04:36:00+00:00,107778,3.080606890257814
IND_RSI_14_V1_RSI_CROSS_UP_30_15m,RSI,DIRECTIONAL_TRIGGER,15m,DISCOVERY,15m,ALL,150,810,71,2,730,0.9012345679012346,0.08765432098765433,0.47333333333333333,262.9352036319738,236.96629463128505,1799.999999,1799.999999,3599.999999,1.1822596502378395,1.5740740740740695,0.9093068811736749,0.5172334169732524,1.6833413595511035,11.053040895848348,22.78654292343387,0.0024691358024691358,18900.000001,41.66500000000019,2019-05-12T00:00:00+00:00,2022-06-10T04:36:00+00:00,107778,3.080606890257814
IND_RSI_14_V1_RSI_CROSS_UP_30_15m,RSI,DIRECTIONAL_TRIGGER,15m,DISCOVERY,30m,ALL,156,787,45,3,730,0.9275730622617535,0.05717916137229987,0.28846153846153844,255.4691422942758,236.96629463128505,2699.999999,3599.999999,5579.999999000002,1.5480490612471742,1.6267223382045917,0.8954366878210938,0.6960613710448351,2.0127233934134807,12.945948587625846,19.818181818182293,0.0038119440914866584,24300.000001,12.300000000000011,2019-05-12T00:00:00+00:00,2022-06-10T04:36:00+00:00,107778,3.080606890257814
IND_RSI_14_V1_RSI_CROSS_UP_30_15m,RSI,DIRECTIONAL_TRIGGER,15m,DISCOVERY,1H,ALL,1726,1555,500,259,730,0.4694533762057878,0.3215434083601286,0.28968713789107764,504.77066870088805,236.96629463128505,2699.999999,3599.999999,5399.999999,1.0720524897557349,0.8761905341423154,0.762244554862331,0.4956844644707427,1.624574499033988,2.741112179577482,5.44961240310081,0.1665594855305466,10800.000001,29.99000000000001,2019-05-12T00:00:00+00:00,2022-06-10T04:36:00+00:00,107778,3.080606890257814
IND_RSI_14_V1_RSI_CROSS_UP_30_15m,RSI,DIRECTIONAL_TRIGGER,15m,DISCOVERY,2H,ALL,843,979,133,92,730,0.745658835546476,0.13585291113381,0.15776986951364175,317.7945238959289,236.96629463128505,2699.999999,3599.999999,5399.999999,1.2977974879171388,0.6992078584178225,0.818130150610968,0.6938499662086148,2.2656907903308894,4.319720911143027,5.519230769230769,0.09397344228804903,13050.000001,11.000000000000014,2019-05-12T00:00:00+00:00,2022-06-10T04:36:00+00:00,107778,3.080606890257814
IND_RSI_14_V1_RSI_CROSS_UP_30_15m,RSI,DIRECTIONAL_TRIGGER,15m,DISCOVERY,4H,ALL,435,833,43,50,730,0.8763505402160864,0.05162064825930372,0.09885057471264368,270.40126496967184,236.96629463128505,2699.999999,4499.999999,6299.999999,1.7148634755096623,0.7028640325736786,0.8374306106264862,1.6784515391757897,4.949163926639631,9.127716046605782,5.4463457674583635,0.060024009603841535,15750.000001,27.410000000000082,2019-05-12T00:00:00+00:00,2022-06-10T04:36:00+00:00,107778,3.080606890257814
IND_RSI_14_V1_RSI_CROSS_UP_30_15m,RSI,DIRECTIONAL_TRIGGER,15m,DISCOVERY,6H,ALL,776,993,109,131,730,0.7351460221550856,0.10976837865055387,0.1404639175257732,322.3390829710494,236.96629463128505,3599.999999,7199.999999,11699.999999,1.7722496523072748,0.5531985691706174,0.7524253731343288,1.6812194996048972,4.282023266706752,4.158504227936613,3.183227837709164,0.13192346424974824,12600.000001,17.32000000000005,2019-05-12T00:00:00+00:00,2022-06-10T04:36:00+00:00,107778,3.080606890257814
IND_RSI_14_V1_RSI_CROSS_UP_30_15m,RSI,DIRECTIONAL_TRIGGER,15m,DISCOVERY,8H,ALL,613,936,94,92,730,0.7799145299145299,0.10042735042735043,0.1533442088091354,303.83623530805863,236.96629463128505,4049.9999989999997,7199.999999,11699.999999,1.7582545959251559,0.4926071895918578,0.7609622252726166,1.653146856472154,6.988868522242685,5.722102765282088,3.075191040843212,0.09829059829059829,16200.000001,31.904999999999973,2019-05-12T00:00:00+00:00,2022-06-10T04:36:00+00:00,107778,3.080606890257814
IND_RSI_14_V1_RSI_CROSS_UP_30_15m,RSI,DIRECTIONAL_TRIGGER,15m,DISCOVERY,12H,ALL,399,892,64,72,730,0.8183856502242153,0.07174887892376682,0.16040100250626566,289.5533353576798,236.96629463128505,6299.999999,11699.999999,18629.999999000003,2.738750816330845,0.5683401580504812,0.715084555328651,3.0473337527405935,10.458660277709024,6.677995527260114,2.628030782205358,0.08071748878923767,9900.000001,47.64999999999998,2019-05-12T00:00:00+00:00,2022-06-10T04:36:00+00:00,107778,3.080606890257814
IND_RSI_14_V1_RSI_CROSS_UP_30_15m,RSI,DIRECTIONAL_TRIGGER,15m,DISCOVERY,1D,ALL,203,844,43,52,730,0.8649289099526066,0.0509478672985782,0.21182266009852216,273.97198995726654,236.96629463128505,10799.999999,19349.999999,24659.99999900001,3.888379812928987,0.5468208933507934,0.7478106640062077,4.018538073448313,11.30946899836465,9.126847713991063,2.6208439897698095,0.061611374407582936,9900.000001,39.36,2019-05-12T00:00:00+00:00,2022-06-10T04:36:00+00:00,107778,3.080606890257814
IND_RSI_14_V1_RSI_CROSS_UP_30_15m,RSI,DIRECTIONAL_TRIGGER,15m,DISCOVERY,ALL,HIGH,2648,1714,493,406,730,0.425904317386231,0.28763127187864646,0.18617824773413896,556.383875339757,236.96629463128505,2699.999999,4499.999999,8099.999999,1.1102817689867623,0.7358887845962544,0.8089705882352951,0.6252337946881933,2.4785580655057187,3.5323626042318583,6.032163742690154,0.23687281213535588,12600.000001,20.29499999999993,2019-05-12T00:00:00+00:00,2022-06-10T04:36:00+00:00,107778,3.080606890257814
IND_RSI_14_V1_RSI_CROSS_UP_30_15m,RSI,DIRECTIONAL_TRIGGER,15m,DISCOVERY,ALL,LOW,2653,1805,609,347,730,0.40443213296398894,0.33739612188365653,0.22955145118733508,585.9235093280405,236.96629463128505,2699.999999,4499.999999,8999.999999,1.6301703163017032,0.8709377901578288,0.7690157716111009,0.9159011920724195,4.852212238114702,4.601817020370488,4.746987951807155,0.1922437673130194,10800.000001,39.73000000000002,2019-05-12T00:00:00+00:00,2022-06-10T04:36:00+00:00,107778,3.080606890257814
IND_RSI_14_V1_RSI_CROSS_UP_50_15m,RSI,DIRECTIONAL_TRIGGER,15m,DISCOVERY,ALL,ALL,5301,13624,2377,2909,5485,0.40259835584263065,0.17447152084556664,0.44840596113940767,4422.505202817298,1780.493323359724,7199.999999,10799.999999,16199.999999,1.839360994009311,1.1845873996650633,0.6896329684481654,0.9196515004840271,3.6698263430489977,3.6280213195650806,3.745555662470829,0.21352025836758662,12600.000001,17.95999999999998,2019-05-12T00:00:00+00:00,2022-06-10T04:36:00+00:00,107778,3.080606890257814
IND_RSI_14_V1_RSI_CROSS_UP_50_15m,RSI,DIRECTIONAL_TRIGGER,15m,DISCOVERY,5m,ALL,0,5485,0,0,5485,1.0,0.0,,1780.493323359724,1780.493323359724,,,,,,,,,,,0.0,,,2019-05-12T00:00:00+00:00,2022-06-10T04:36:00+00:00,107778,3.080606890257814
IND_RSI_14_V1_RSI_CROSS_UP_50_15m,RSI,DIRECTIONAL_TRIGGER,15m,DISCOVERY,15m,ALL,150,5723,107,4,5485,0.9584134195352088,0.01869648785601957,0.7133333333333334,1857.750827636773,1780.493323359724,8099.999999,10799.999999,14399.999999,1.9730134932533787,2.926638622870613,0.8301533719820945,1.1002950444573734,2.792637791980597,9.842007183946851,10.912957564748956,0.0006989341254586755,12600.000001,7.44500000000005,2019-05-12T00:00:00+00:00,2022-06-10T04:36:00+00:00,107778,3.080606890257814
IND_RSI_14_V1_RSI_CROSS_UP_50_15m,RSI,DIRECTIONAL_TRIGGER,15m,DISCOVERY,30m,ALL,156,5626,65,9,5485,0.97493778883754,0.011553501599715606,0.4166666666666667,1826.263525473438,1780.493323359724,5399.999999,11699.999999,19979.999999000003,2.5309602761047634,2.509726668308304,0.8494998465787053,0.9502305014582659,3.301375055630092,13.751263902932257,11.864332603938754,0.0015997156061144685,16200.000001,5.610000000000014,2019-05-12T00:00:00+00:00,2022-06-10T04:36:00+00:00,107778,3.080606890257814
IND_RSI_14_V1_RSI_CROSS_UP_50_15m,RSI,DIRECTIONAL_TRIGGER,15m,DISCOVERY,1H,ALL,1726,9458,1179,1261,5485,0.5799323324170015,0.12465637555508564,0.683082271147161,3070.17426660643,1780.493323359724,8099.999999,11699.999999,16199.999999,1.67420239327415,1.3941843493881225,0.627952046151072,0.6051698798305426,1.6949152542372832,2.158112490215819,3.53102969450972,0.13332628462677099,12600.000001,19.66999999999996,2019-05-12T00:00:00+00:00,2022-06-10T04:36:00+00:00,107778,3.080606890257814
IND_RSI_14_V1_RSI_CROSS_UP_50_15m,RSI,DIRECTIONAL_TRIGGER,15m,DISCOVERY,2H,ALL,843,6169,188,292,5485,0.8891230345274761,0.030474955422272652,0.22301304863582444,2002.5274953156131,1780.493323359724,8099.999999,13499.999999,16199.999999,1.8403595840209097,1.0975092677444422,0.6990018190408696,0.9413815783509587,3.0175696758536015,3.817947188828542,4.310249307479209,0.047333441400551145,13500.000001,7.759999999999991,2019-05-12T00:00:00+00:00,2022-06-10T04:36:00+00:00,107778,3.080606890257814
IND_RSI_14_V1_RSI_CROSS_UP_50_15m,RSI,DIRECTIONAL_TRIGGER,15m,DISCOVERY,4H,ALL,435,5685,61,78,5485,0.9648197009674582,0.010729991204925241,0.14022988505747128,1845.415595861446,1780.493323359724,5399.999999,8099.999999,15299.999999,2.8088540834265627,0.9815137774677359,0.7864918357248889,2.2155112512694477,5.003613484674578,6.694312796208537,3.90560203710436,0.013720316622691292,14850.000001,37.150000000000006,2019-05-12T00:00:00+00:00,2022-06-10T04:36:00+00:00,107778,3.080606890257814
IND_RSI_14_V1_RSI_CROSS_UP_50_15m,RSI,DIRECTIONAL_TRIGGER,15m,DISCOVERY,6H,ALL,776,6597,290,491,5485,0.8314385326663635,0.043959375473700164,0.37371134020618557,2141.461158469298,1780.493323359724,4499.999999,8099.999999,13589.99999900002,1.7650487984890302,0.5777334038043569,0.7260490022244551,1.515255840256624,4.373920434603456,3.7597006966365534,2.9446833748036374,0.0744277701985751,12600.000001,16.649999999999977,2019-05-12T00:00:00+00:00,2022-06-10T04:36:00+00:00,107778,3.080606890257814
IND_RSI_14_V1_RSI_CROSS_UP_50_15m,RSI,DIRECTIONAL_TRIGGER,15m,DISCOVERY,8H,ALL,613,6224,216,309,5485,0.8812660668380463,0.03470437017994859,0.3523654159869494,2020.3811202535865,1780.493323359724,5399.999999,10799.999999,16649.999999,1.9331015227376427,0.54383443888123,0.7463942672251432,1.7267518190394926,5.256167002323625,5.230170699882974,3.4324736296567098,0.049646529562982,11700.000001,27.129999999999995,2019-05-12T00:00:00+00:00,2022-06-10T04:36:00+00:00,107778,3.080606890257814
IND_RSI_14_V1_RSI_CROSS_UP_50_15m,RSI,DIRECTIONAL_TRIGGER,15m,DISCOVERY,12H,ALL,399,6123,172,283,5485,0.8958027110893353,0.028090805160868856,0.43107769423558895,1987.595372640217,1780.493323359724,4499.999999,8999.999999,15299.999999,2.796025320165593,0.5993079304263256,0.7654545940109797,2.872323308841896,6.660628216783493,6.6733745950765915,2.6622991779147642,0.04621917360770864,11700.000001,22.930000000000007,2019-05-12T00:00:00+00:00,2022-06-10T04:36:00+00:00,107778,3.080606890257814
IND_RSI_14_V1_RSI_CROSS_UP_50_15m,RSI,DIRECTIONAL_TRIGGER,15m,DISCOVERY,1D,ALL,203,5899,99,182,5485,0.9298186133242923,0.016782505509408373,0.4876847290640394,1914.8824274382885,1780.493323359724,5399.999999,11249.999999,18359.999999000003,3.667075723669972,0.6116446406559073,0.7065245519829203,3.6996134732192183,10.471995347813925,8.710549571124918,2.1961722488038222,0.030852686896084083,13500.000001,18.55499999999998,2019-05-12T00:00:00+00:00,2022-06-10T04:36:00+00:00,107778,3.080606890257814
IND_RSI_14_V1_RSI_CROSS_UP_50_15m,RSI,DIRECTIONAL_TRIGGER,15m,DISCOVERY,ALL,HIGH,2648,9531,1184,1445,5485,0.5754905046689749,0.1242262092120449,0.4471299093655589,3093.8708960695585,1780.493323359724,6299.999999,10799.999999,15299.999999,1.6951892899472323,1.0956790026295746,0.7011956814560756,0.878977781394969,3.328871824513196,3.5725100325440087,3.6638865721434457,0.15161053404679467,13500.000001,22.840000000000146,2019-05-12T00:00:00+00:00,2022-06-10T04:36:00+00:00,107778,3.080606890257814
IND_RSI_14_V1_RSI_CROSS_UP_50_15m,RSI,DIRECTIONAL_TRIGGER,15m,DISCOVERY,ALL,LOW,2653,9578,1193,1464,5485,0.5726665274587597,0.12455627479640843,0.44967960799095363,3109.1276301074636,1780.493323359724,7199.999999,11699.999999,16199.999999,2.03642426356128,1.261001186409781,0.6680555555555578,0.9717577385280753,4.135317430722863,3.673697200655492,3.8070784177654424,0.15285028189601169,11700.000001,15.340000000000003,2019-05-12T00:00:00+00:00,2022-06-10T04:36:00+00:00,107778,3.080606890257814
IND_SMA_CROSS_10_50_V1_MA_CROSS_UP_15m,MA/DMI,DIRECTIONAL_TRIGGER,15m,DISCOVERY,ALL,ALL,5301,3020,1445,448,1046,0.34635761589403974,0.478476821192053,0.2725900773438974,980.3263147760011,339.5434851840057,14399.999999,20699.999999,25199.999999,2.4143209921542645,1.6836648274092094,0.5912310573812364,0.8374392615566041,3.3884253316217414,3.204486466444198,3.433778682930993,0.14834437086092717,13500.000001,17.159999999999982,2019-05-12T00:00:00+00:00,2022-06-10T04:36:00+00:00,107778,3.080606890257814
IND_SMA_CROSS_10_50_V1_MA_CROSS_UP_15m,MA/DMI,DIRECTIONAL_TRIGGER,15m,DISCOVERY,5m,ALL,0,1046,0,0,1046,1.0,0.0,,339.5434851840057,339.5434851840057,,,,,,,,,,,0.0,,,2019-05-12T00:00:00+00:00,2022-06-10T04:36:00+00:00,107778,3.080606890257814
IND_SMA_CROSS_10_50_V1_MA_CROSS_UP_15m,MA/DMI,DIRECTIONAL_TRIGGER,15m,DISCOVERY,15m,ALL,150,1132,84,1,1046,0.9240282685512368,0.07420494699646643,0.56,367.46006235974613,339.5434851840057,16199.999999,23399.999999,25559.999999000003,2.810613269948691,4.079671903798927,0.7377088744891442,1.1045761209285014,3.7867160160176723,9.01304327373603,9.296438599476785,0.0008833922261484099,14400.000001,24.65000000000009,2019-05-12T00:00:00+00:00,2022-06-10T04:36:00+00:00,107778,3.080606890257814
IND_SMA_CROSS_10_50_V1_MA_CROSS_UP_15m,MA/DMI,DIRECTIONAL_TRIGGER,15m,DISCOVERY,30m,ALL,156,1103,49,3,1046,0.9483227561196736,0.044424297370806894,0.3141025641025641,358.04633284699645,339.5434851840057,12599.999999,18899.999999,23759.999999000003,3.0891527470315943,3.268100043878885,0.791396133783369,1.4277389277389334,3.39088488935048,14.134409851959786,12.59836065573772,0.0027198549410698096,12600.000001,5.310000000000002,2019-05-12T00:00:00+00:00,2022-06-10T04:36:00+00:00,107778,3.080606890257814
IND_SMA_CROSS_10_50_V1_MA_CROSS_UP_15m,MA/DMI,DIRECTIONAL_TRIGGER,15m,DISCOVERY,1H,ALL,1726,2015,775,154,1046,0.5191066997518611,0.38461538461538464,0.44901506373117034,654.0918954548484,339.5434851840057,16199.999999,21599.999999,25199.999999,2.3097238895558236,1.9915659263424275,0.503455608718768,0.6085953487170923,1.892869031729783,1.9012776403175282,3.0070210631894483,0.07642679900744417,14850.000001,15.65500000000003,2019-05-12T00:00:00+00:00,2022-06-10T04:36:00+00:00,107778,3.080606890257814
IND_SMA_CROSS_10_50_V1_MA_CROSS_UP_15m,MA/DMI,DIRECTIONAL_TRIGGER,15m,DISCOVERY,2H,ALL,843,1206,122,37,1046,0.867330016583748,0.1011608623548922,0.14472123368920523,391.48130318538324,339.5434851840057,17999.999999,23399.999999,26999.999999,2.6642980450278086,1.5607779808716615,0.5594106334239173,1.0121374202838955,3.274606179874847,2.8323704610118874,2.840909090909044,0.03067993366500829,13500.000001,10.22999999999999,2019-05-12T00:00:00+00:00,2022-06-10T04:36:00+00:00,107778,3.080606890257814
IND_SMA_CROSS_10_50_V1_MA_CROSS_UP_15m,MA/DMI,DIRECTIONAL_TRIGGER,15m,DISCOVERY,4H,ALL,435,1082,27,9,1046,0.966728280961183,0.024953789279112754,0.06206896551724138,351.22949423431567,339.5434851840057,15299.999999,19349.999999,26459.999999000003,2.8873943224482073,1.2877944832484924,0.7227926078028742,1.9860440150295267,4.248122197915582,8.405647889395494,4.241206030150764,0.00831792975970425,21600.000001,61.090000000000146,2019-05-12T00:00:00+00:00,2022-06-10T04:36:00+00:00,107778,3.080606890257814
IND_SMA_CROSS_10_50_V1_MA_CROSS_UP_15m,MA/DMI,DIRECTIONAL_TRIGGER,15m,DISCOVERY,6H,ALL,776,1315,160,95,1046,0.7954372623574144,0.12167300380228137,0.20618556701030927,426.8639416988217,339.5434851840057,11699.999999,17099.999999,22499.999999,1.8739617434437195,0.591521319772834,0.7028548630154188,1.223077753877711,3.630125964862674,3.7671061789171505,3.2196969696969515,0.07224334600760456,14400.000001,16.370000000000005,2019-05-12T00:00:00+00:00,2022-06-10T04:36:00+00:00,107778,3.080606890257814
IND_SMA_CROSS_10_50_V1_MA_CROSS_UP_15m,MA/DMI,DIRECTIONAL_TRIGGER,15m,DISCOVERY,8H,ALL,613,1209,98,61,1046,0.8651778329197684,0.08105872622001654,0.1598694942903752,392.4551372729091,339.5434851840057,12599.999999,18899.999999,22769.999998999996,2.3350370851849536,0.5622993275451016,0.724176896264304,1.4602041196358644,3.6145538236112653,5.1173496311366975,3.8472222222222454,0.050454921422663356,11700.000001,17.019999999999982,2019-05-12T00:00:00+00:00,2022-06-10T04:36:00+00:00,107778,3.080606890257814
IND_SMA_CROSS_10_50_V1_MA_CROSS_UP_15m,MA/DMI,DIRECTIONAL_TRIGGER,15m,DISCOVERY,12H,ALL,399,1188,79,50,1046,0.8804713804713805,0.0664983164983165,0.19799498746867167,385.63829866022826,339.5434851840057,8999.999999,13499.999999,19799.999999,2.560092058296148,0.5027045689952818,0.8105577689243029,2.627354758819964,5.331409650555936,7.650596919712016,3.9465116279069923,0.04208754208754209,9900.000001,18.864999999999995,2019-05-12T00:00:00+00:00,2022-06-10T04:36:00+00:00,107778,3.080606890257814
IND_SMA_CROSS_10_50_V1_MA_CROSS_UP_15m,MA/DMI,DIRECTIONAL_TRIGGER,15m,DISCOVERY,1D,ALL,203,1138,51,38,1046,0.9191564147627417,0.04481546572934974,0.2512315270935961,369.4077305347978,339.5434851840057,8999.999999,15299.999999,23399.999999,4.219416215505689,0.6951068138760035,0.7072222222222216,3.807568835658717,10.929806644491732,8.378833285438645,1.8273244781783637,0.033391915641476276,12600.000001,39.75999999999999,2019-05-12T00:00:00+00:00,2022-06-10T04:36:00+00:00,107778,3.080606890257814
IND_SMA_CROSS_10_50_V1_MA_CROSS_UP_15m,MA/DMI,DIRECTIONAL_TRIGGER,15m,DISCOVERY,ALL,HIGH,2648,2023,728,213,1046,0.5170538803756797,0.35986159169550175,0.27492447129909364,656.6887863549174,339.5434851840057,14399.999999,20699.999999,24569.99999900006,2.2832675940460136,1.5538556018953014,0.6137215498554909,0.790515644193603,3.596872491456133,3.2792421628017374,3.487040098658892,0.10528917449332674,14400.000001,21.25999999999999,2019-05-12T00:00:00+00:00,2022-06-10T04:36:00+00:00,107778,3.080606890257814
IND_SMA_CROSS_10_50_V1_MA_CROSS_UP_15m,MA/DMI,DIRECTIONAL_TRIGGER,15m,DISCOVERY,ALL,LOW,2653,2043,717,235,1046,0.5119921683798335,0.3509544787077827,0.2702600829249906,663.1810136050896,339.5434851840057,15299.999999,20699.999999,25199.999999,2.5739393939393955,1.789209675621451,0.5656913367756747,0.897987207747629,3.3102807399188015,3.135755258126184,3.3926038500506843,0.11502692119432208,13500.000001,15.759999999999991,2019-05-12T00:00:00+00:00,2022-06-10T04:36:00+00:00,107778,3.080606890257814
IND_ADX_14_V1_DI_CROSS_UP_15m,MA/DMI,DIRECTIONAL_TRIGGER,15m,DISCOVERY,ALL,ALL,5301,8753,2115,1749,3523,0.4024905746601165,0.24163144064892036,0.398981324278438,2841.3232560378606,1143.6058301178318,8099.999999,13499.999999,19799.999999,1.9320688134098034,1.2588555858310486,0.6757679180887374,0.9023479034625775,3.5126462585863965,3.5697245716764336,3.6671584901020484,0.19981720552953272,12600.000001,20.579999999999927,2019-05-12T00:00:00+00:00,2022-06-10T04:36:00+00:00,107778,3.080606890257814
IND_ADX_14_V1_DI_CROSS_UP_15m,MA/DMI,DIRECTIONAL_TRIGGER,15m,DISCOVERY,5m,ALL,0,3523,0,0,3523,1.0,0.0,,1143.6058301178318,1143.6058301178318,,,,,,,,,,,0.0,,,2019-05-12T00:00:00+00:00,2022-06-10T04:36:00+00:00,107778,3.080606890257814
IND_ADX_14_V1_DI_CROSS_UP_15m,MA/DMI,DIRECTIONAL_TRIGGER,15m,DISCOVERY,15m,ALL,150,3701,102,2,3523,0.9519048905701162,0.027560118886787353,0.68,1201.3866526443644,1143.6058301178318,8549.999999,12374.999999,17099.999999,2.042258481207697,3.19052916256162,0.8317778038655483,1.09537623225243,2.634294436246064,9.704064450437311,13.210176991150494,0.0005403944879762226,9000.000001,14.275000000000091,2019-05-12T00:00:00+00:00,2022-06-10T04:36:00+00:00,107778,3.080606890257814
IND_ADX_14_V1_DI_CROSS_UP_15m,MA/DMI,DIRECTIONAL_TRIGGER,15m,DISCOVERY,30m,ALL,156,3623,61,7,3523,0.9723985647253657,0.01683687551752691,0.391025641025641,1176.0669663686929,1143.6058301178318,7199.999999,12599.999999,19799.999999,2.652771198484141,2.509726668308304,0.8279385543821147,1.1916235871374743,3.6394493682821034,13.30276640920699,12.290909090909507,0.0019321004692243997,16200.000001,5.610000000000014,2019-05-12T00:00:00+00:00,2022-06-10T04:36:00+00:00,107778,3.080606890257814
IND_ADX_14_V1_DI_CROSS_UP_15m,MA/DMI,DIRECTIONAL_TRIGGER,15m,DISCOVERY,1H,ALL,1726,5986,1087,694,3523,0.5885399264951554,0.1815903775476111,0.6297798377752027,1943.1236159765374,1143.6058301178318,9899.999999,14399.999999,19799.999999,1.7774041492779342,1.5290726720725591,0.5989085948158264,0.6238117173244624,1.6804847087186585,2.097736050780445,3.362483087335413,0.11593718676912797,12150.000001,24.055000000000007,2019-05-12T00:00:00+00:00,2022-06-10T04:36:00+00:00,107778,3.080606890257814
IND_ADX_14_V1_DI_CROSS_UP_15m,MA/DMI,DIRECTIONAL_TRIGGER,15m,DISCOVERY,2H,ALL,843,3949,158,161,3523,0.8921245885034186,0.040010129146619396,0.1874258600237248,1281.8902705464996,1143.6058301178318,9899.999999,15299.999999,22499.999999,1.788776744970472,1.1816723816997468,0.6756318623262276,0.9018181818181883,2.9379752901348923,3.4151636606546334,4.2803030303029885,0.0407698151430742,14400.000001,9.449999999999989,2019-05-12T00:00:00+00:00,2022-06-10T04:36:00+00:00,107778,3.080606890257814
IND_ADX_14_V1_DI_CROSS_UP_15m,MA/DMI,DIRECTIONAL_TRIGGER,15m,DISCOVERY,4H,ALL,435,3653,47,57,3523,0.9644128113879004,0.012866137421297564,0.10804597701149425,1185.8053072439511,1143.6058301178318,7199.999999,11699.999999,17099.999999,2.9197127223861696,0.9608022832604501,0.7746761307572335,2.095230782520235,4.627832440011442,6.848828956706892,4.038369304556361,0.015603613468382151,17100.000001,26.5,2019-05-12T00:00:00+00:00,2022-06-10T04:36:00+00:00,107778,3.080606890257814
IND_ADX_14_V1_DI_CROSS_UP_15m,MA/DMI,DIRECTIONAL_TRIGGER,15m,DISCOVERY,6H,ALL,776,4248,243,318,3523,0.829331450094162,0.057203389830508475,0.3131443298969072,1378.9490679365738,1143.6058301178318,6299.999999,10799.999999,16199.999999,1.7795698924731196,0.5537215820616636,0.7295123177476119,1.3539486610003058,3.8297098345406706,4.400865520590197,3.119148936170184,0.0748587570621469,12600.000001,16.55000000000001,2019-05-12T00:00:00+00:00,2022-06-10T04:36:00+00:00,107778,3.080606890257814
IND_ADX_14_V1_DI_CROSS_UP_15m,MA/DMI,DIRECTIONAL_TRIGGER,15m,DISCOVERY,8H,ALL,613,4019,178,193,3523,0.8765862154764867,0.04428962428464792,0.2903752039151713,1304.6130659221024,1143.6058301178318,7199.999999,12374.999999,20969.99999900001,1.9153268596645288,0.5305429889851523,0.740821710191355,1.4951446449382193,5.513027801545406,5.554295465919214,3.661832675565708,0.04802189599402837,11700.000001,41.460000000000036,2019-05-12T00:00:00+00:00,2022-06-10T04:36:00+00:00,107778,3.080606890257814
IND_ADX_14_V1_DI_CROSS_UP_15m,MA/DMI,DIRECTIONAL_TRIGGER,15m,DISCOVERY,12H,ALL,399,3961,146,198,3523,0.8894218631658672,0.03685937894471093,0.3659147869674185,1285.785606896603,1143.6058301178318,5849.999999,11474.999999,14399.999999,2.7136164954511015,0.5618999712683361,0.7630564189011214,2.7240642616129755,6.406287149929095,6.637128167820574,2.6278683816765964,0.049987376925018936,11700.000001,21.72000000000014,2019-05-12T00:00:00+00:00,2022-06-10T04:36:00+00:00,107778,3.080606890257814
IND_ADX_14_V1_DI_CROSS_UP_15m,MA/DMI,DIRECTIONAL_TRIGGER,15m,DISCOVERY,1D,ALL,203,3797,93,119,3523,0.9278377666578878,0.024493020805899393,0.458128078817734,1232.549343445191,1143.6058301178318,7199.999999,13499.999999,20699.999999,3.477975555737847,0.6035298890992699,0.7459878251245154,3.59565176995262,10.588516942418034,9.107186539329643,2.7547169811320784,0.031340531998946534,11700.000001,20.909999999999854,2019-05-12T00:00:00+00:00,2022-06-10T04:36:00+00:00,107778,3.080606890257814
IND_ADX_14_V1_DI_CROSS_UP_15m,MA/DMI,DIRECTIONAL_TRIGGER,15m,DISCOVERY,ALL,HIGH,2648,6225,1091,908,3523,0.5659437751004016,0.17526104417670682,0.41200906344410876,2020.7057316160951,1143.6058301178318,7199.999999,11699.999999,17999.999999,1.7185333111443954,1.1104199066873985,0.7036837859639685,0.8547864206900211,3.1920865069727453,3.6378403560966115,3.846846846846804,0.14586345381526106,12600.000001,21.170000000000016,2019-05-12T00:00:00+00:00,2022-06-10T04:36:00+00:00,107778,3.080606890257814
IND_ADX_14_V1_DI_CROSS_UP_15m,MA/DMI,DIRECTIONAL_TRIGGER,15m,DISCOVERY,ALL,LOW,2653,6051,1024,841,3523,0.5822178152371509,0.16922822673938193,0.3859781379570298,1964.223354539597,1143.6058301178318,9899.999999,15299.999999,20699.999999,2.239290581306343,1.418307544130003,0.6467979569150187,0.9706279540850824,3.905565778917604,3.4782231099917578,3.448979591836866,0.1389852916873244,12600.000001,18.700000000000045,2019-05-12T00:00:00+00:00,2022-06-10T04:36:00+00:00,107778,3.080606890257814
PRICE_ONE_BAR_DIRECTION_CHANGE_1H,PRICE_ONLY,PRICE_BASELINE,1H,DISCOVERY,ALL,ALL,5301,14325,2768,4430,1368,0.09549738219895287,0.19322862129144852,0.5221656291265799,4650.057767935833,444.068343911778,7199.999999,7199.999999,10799.999999,1.558483175064706,0.9029335696311439,0.7511974163269433,0.8401098605202231,3.9525486550541165,4.054610932936771,4.705069124424068,0.3092495636998255,25200.000001,27.349999999999994,2019-05-12T00:00:00+00:00,2022-06-10T04:36:00+00:00,26952,3.080606890257814
PRICE_ONE_BAR_DIRECTION_CHANGE_1H,PRICE_ONLY,PRICE_BASELINE,1H,DISCOVERY,5m,ALL,0,1368,0,0,1368,1.0,0.0,,444.068343911778,444.068343911778,,,,,,,,,,,0.0,,,2019-05-12T00:00:00+00:00,2022-06-10T04:36:00+00:00,26952,3.080606890257814
PRICE_ONE_BAR_DIRECTION_CHANGE_1H,PRICE_ONLY,PRICE_BASELINE,1H,DISCOVERY,15m,ALL,150,1889,121,3,1368,0.7241926945473796,0.06405505558496559,0.8066666666666666,613.1908637787636,444.068343911778,5399.999999,6299.999999,9899.999999,1.520690557154069,2.241493946234342,0.8771976032132738,0.6870576339737067,2.3371823777893628,10.504389465283312,15.666666666666652,0.0015881418740074113,14400.000001,48.620000000000346,2019-05-12T00:00:00+00:00,2022-06-10T04:36:00+00:00,26952,3.080606890257814
PRICE_ONE_BAR_DIRECTION_CHANGE_1H,PRICE_ONLY,PRICE_BASELINE,1H,DISCOVERY,30m,ALL,156,1740,73,4,1368,0.7862068965517242,0.04195402298850575,0.46794871794871795,564.8237707649808,444.068343911778,5399.999999,5399.999999,8999.999999,2.054121639724924,1.9675675675675703,0.8929242098803316,0.8494674658272601,3.2816142789380316,13.813376841911435,18.843611003794024,0.0022988505747126436,10800.000001,6.010000000000019,2019-05-12T00:00:00+00:00,2022-06-10T04:36:00+00:00,26952,3.080606890257814
PRICE_ONE_BAR_DIRECTION_CHANGE_1H,PRICE_ONLY,PRICE_BASELINE,1H,DISCOVERY,1H,ALL,1726,7109,1271,1788,1368,0.19243212828808554,0.17878745252496836,0.7363847045191193,2307.662176073706,444.068343911778,7199.999999,7199.999999,10799.999999,1.2862852439181642,1.0918238993710663,0.722436391673092,0.47767261026115504,1.469135815790308,2.5468639960665174,5.3908685968819325,0.25151216767477846,21600.000001,28.920000000000073,2019-05-12T00:00:00+00:00,2022-06-10T04:36:00+00:00,26952,3.080606890257814
PRICE_ONE_BAR_DIRECTION_CHANGE_1H,PRICE_ONLY,PRICE_BASELINE,1H,DISCOVERY,2H,ALL,843,2542,224,488,1368,0.5381589299763966,0.08811959087332809,0.265717674970344,825.1620834968858,444.068343911778,3599.999999,7199.999999,10799.999999,1.41439018315354,0.8246907330676418,0.7999568418888463,0.7933226903333519,2.418090752775703,4.5766829804550415,5.942404006677754,0.1919748229740362,25200.000001,12.469999999999999,2019-05-12T00:00:00+00:00,2022-06-10T04:36:00+00:00,26952,3.080606890257814
PRICE_ONE_BAR_DIRECTION_CHANGE_1H,PRICE_ONLY,PRICE_BASELINE,1H,DISCOVERY,4H,ALL,435,1738,81,185,1368,0.7871116225546605,0.04660529344073648,0.18620689655172415,564.1745480399636,444.068343911778,3599.999999,7199.999999,7199.999999,2.1423333333333328,0.8235294117647035,0.8027385537013267,1.7694636130928687,3.9491682478047996,6.684845341853897,4.071012805587891,0.10644418872266974,28800.000001,37.389999999999986,2019-05-12T00:00:00+00:00,2022-06-10T04:36:00+00:00,26952,3.080606890257814
PRICE_ONE_BAR_DIRECTION_CHANGE_1H,PRICE_ONLY,PRICE_BASELINE,1H,DISCOVERY,6H,ALL,776,3167,372,801,1368,0.4319545311019893,0.11746131986106725,0.4793814432989691,1028.044185064767,444.068343911778,7199.999999,10799.999999,14039.999999000123,1.725684175341454,0.5699801535179623,0.7358962535117739,1.5378839656141583,4.388042568342187,4.004938217014666,2.9229578172078856,0.2529207451847174,28800.000001,17.52000000000004,2019-05-12T00:00:00+00:00,2022-06-10T04:36:00+00:00,26952,3.080606890257814
PRICE_ONE_BAR_DIRECTION_CHANGE_1H,PRICE_ONLY,PRICE_BASELINE,1H,DISCOVERY,8H,ALL,613,2746,286,535,1368,0.4981791697013838,0.10415149308084487,0.466557911908646,891.3828014486421,444.068343911778,7199.999999,10799.999999,14399.999999,1.9034848588649511,0.5170219864869788,0.7437437951836331,1.735191601455343,4.943913459857326,5.287681077517492,3.4014304052815127,0.1948288419519301,28800.000001,39.720000000000255,2019-05-12T00:00:00+00:00,2022-06-10T04:36:00+00:00,26952,3.080606890257814
PRICE_ONE_BAR_DIRECTION_CHANGE_1H,PRICE_ONLY,PRICE_BASELINE,1H,DISCOVERY,12H,ALL,399,2300,209,368,1368,0.5947826086956521,0.0908695652173913,0.5238095238095238,746.6061337698022,444.068343911778,7199.999999,10799.999999,14399.999999,2.9587856362704184,0.6038072575847698,0.74322080796901,2.845104091019133,7.229694103732807,6.464133403613019,2.5092889173606614,0.16,27000.000001,41.19,2019-05-12T00:00:00+00:00,2022-06-10T04:36:00+00:00,26952,3.080606890257814
PRICE_ONE_BAR_DIRECTION_CHANGE_1H,PRICE_ONLY,PRICE_BASELINE,1H,DISCOVERY,1D,ALL,203,2038,131,258,1368,0.6712463199214916,0.06427870461236507,0.645320197044335,661.5579567925465,444.068343911778,7199.999999,14399.999999,17999.999999,3.8078394571572987,0.593979286814216,0.7386952019330344,3.911453121225708,10.929806644491732,8.814589665653495,2.5301032110091746,0.12659470068694798,25200.000001,30.63499999999999,2019-05-12T00:00:00+00:00,2022-06-10T04:36:00+00:00,26952,3.080606890257814
PRICE_ONE_BAR_DIRECTION_CHANGE_1H,PRICE_ONLY,PRICE_BASELINE,1H,DISCOVERY,ALL,HIGH,2648,7825,1375,2400,1368,0.17482428115015974,0.1757188498402556,0.5192598187311178,2540.0839116298707,444.068343911778,7199.999999,7199.999999,10799.999999,1.3794202898550767,0.8150163220892233,0.7710810810810803,0.7598321089762595,3.396854871554092,3.9225482630513273,4.8696232077359465,0.30670926517571884,25200.000001,29.089999999999804,2019-05-12T00:00:00+00:00,2022-06-10T04:36:00+00:00,26952,3.080606890257814
PRICE_ONE_BAR_DIRECTION_CHANGE_1H,PRICE_ONLY,PRICE_BASELINE,1H,DISCOVERY,ALL,LOW,2653,7868,1393,2030,1368,0.17386883579054396,0.17704626334519574,0.525065963060686,2554.0422002177406,444.068343911778,7199.999999,7199.999999,10799.999999,1.7862361820276142,0.9812390471965543,0.7354988399071959,0.9553267295720671,4.563230786135602,4.246654776443303,4.466913393625075,0.2580071174377224,21600.000001,25.404999999999987,2019-05-12T00:00:00+00:00,2022-06-10T04:36:00+00:00,26952,3.080606890257814
PRICE_CLOSE_ABOVE_PREVIOUS_HIGH_1H,PRICE_ONLY,PRICE_BASELINE,1H,DISCOVERY,ALL,ALL,5301,11549,2270,2256,1209,0.1046843882587237,0.19655381418304615,0.42822109036030936,3748.936625611933,392.4551372729091,8999.999999,14399.999999,21599.999999,1.971562773224699,1.2825734758019096,0.6608079683445796,0.8765612311975446,3.511356421000725,3.4920582436794447,3.625238049814284,0.19534158801627846,25200.000001,31.495000000000005,2019-05-12T00:00:00+00:00,2022-06-10T04:36:00+00:00,26952,3.080606890257814
PRICE_CLOSE_ABOVE_PREVIOUS_HIGH_1H,PRICE_ONLY,PRICE_BASELINE,1H,DISCOVERY,5m,ALL,0,1209,0,0,1209,1.0,0.0,,392.4551372729091,392.4551372729091,,,,,,,,,,,0.0,,,2019-05-12T00:00:00+00:00,2022-06-10T04:36:00+00:00,26952,3.080606890257814
PRICE_CLOSE_ABOVE_PREVIOUS_HIGH_1H,PRICE_ONLY,PRICE_BASELINE,1H,DISCOVERY,15m,ALL,150,1764,112,2,1209,0.685374149659864,0.06349206349206349,0.7466666666666667,572.6144434651875,392.4551372729091,8099.999999,12599.999999,16199.999999,2.101295993413428,2.837070391014235,0.8322036973887768,1.0435526632006327,2.6196395706720796,9.890122603285594,11.655292479108525,0.0011337868480725624,25200.000001,104.97000000000025,2019-05-12T00:00:00+00:00,2022-06-10T04:36:00+00:00,26952,3.080606890257814
PRICE_CLOSE_ABOVE_PREVIOUS_HIGH_1H,PRICE_ONLY,PRICE_BASELINE,1H,DISCOVERY,30m,ALL,156,1546,68,2,1209,0.7820181112548512,0.04398447606727038,0.4358974358974359,501.84916643831053,392.4551372729091,7199.999999,12599.999999,18539.999999000007,2.7192474171025225,2.834628809789847,0.8502744302633793,1.1223926134785018,3.886257133487338,12.033173033124474,12.337601862631004,0.00129366106080207,36000.000001,14.580000000000013,2019-05-12T00:00:00+00:00,2022-06-10T04:36:00+00:00,26952,3.080606890257814
PRICE_CLOSE_ABOVE_PREVIOUS_HIGH_1H,PRICE_ONLY,PRICE_BASELINE,1H,DISCOVERY,1H,ALL,1726,6132,1201,860,1209,0.1971624266144814,0.19585779517286367,0.6958285052143685,1990.5168749027944,392.4551372729091,10799.999999,14399.999999,17999.999999,1.8538578193185014,1.531249999999991,0.5900383141762423,0.6385386356288252,1.7569948852114743,2.0773900111681334,3.1630932528507456,0.14024787997390736,25200.000001,36.610000000000014,2019-05-12T00:00:00+00:00,2022-06-10T04:36:00+00:00,26952,3.080606890257814
PRICE_CLOSE_ABOVE_PREVIOUS_HIGH_1H,PRICE_ONLY,PRICE_BASELINE,1H,DISCOVERY,2H,ALL,843,2108,172,250,1209,0.5735294117647058,0.08159392789373814,0.2040332147093713,684.2807521681492,392.4551372729091,10799.999999,14399.999999,21599.999999,1.8613580887174606,1.0758264056522837,0.7035926110358031,0.7970379435695122,2.205168529480267,3.8152610441767023,4.629931389365307,0.11859582542694497,25200.000001,11.819999999999993,2019-05-12T00:00:00+00:00,2022-06-10T04:36:00+00:00,26952,3.080606890257814
PRICE_CLOSE_ABOVE_PREVIOUS_HIGH_1H,PRICE_ONLY,PRICE_BASELINE,1H,DISCOVERY,4H,ALL,435,1450,44,87,1209,0.8337931034482758,0.030344827586206897,0.10114942528735632,470.686475637484,392.4551372729091,7199.999999,10799.999999,16919.99999900001,2.7452251889067334,0.9897219082354269,0.7317791562597442,1.955118908548315,4.5098480177488645,5.855300854713045,3.9253086099853753,0.06,39600.000001,36.69,2019-05-12T00:00:00+00:00,2022-06-10T04:36:00+00:00,26952,3.080606890257814
PRICE_CLOSE_ABOVE_PREVIOUS_HIGH_1H,PRICE_ONLY,PRICE_BASELINE,1H,DISCOVERY,6H,ALL,776,2467,238,422,1209,0.4900689096068099,0.09647344953384678,0.30670103092783507,800.81623130874,392.4551372729091,7199.999999,10799.999999,19079.99999900004,1.84020435942911,0.5823983128007322,0.7159685905373392,1.2701016891258303,3.9737597464451633,4.147611659711043,3.242542153047974,0.17105796513984597,28800.000001,20.369999999999976,2019-05-12T00:00:00+00:00,2022-06-10T04:36:00+00:00,26952,3.080606890257814
PRICE_CLOSE_ABOVE_PREVIOUS_HIGH_1H,PRICE_ONLY,PRICE_BASELINE,1H,DISCOVERY,8H,ALL,613,2222,183,288,1209,0.5441044104410441,0.08235823582358236,0.29853181076672103,721.2864474941307,392.4551372729091,7199.999999,14399.999999,21599.999999,1.9735858460005022,0.5804971021821135,0.7306010585995532,1.528394090883561,4.606903178346781,4.9123094127594555,3.681818181818211,0.12961296129612962,28800.000001,49.79499999999996,2019-05-12T00:00:00+00:00,2022-06-10T04:36:00+00:00,26952,3.080606890257814
PRICE_CLOSE_ABOVE_PREVIOUS_HIGH_1H,PRICE_ONLY,PRICE_BASELINE,1H,DISCOVERY,12H,ALL,399,1874,141,198,1209,0.6451440768409819,0.07524012806830309,0.3533834586466165,608.3216933411345,392.4551372729091,7199.999999,10799.999999,14399.999999,2.627545807506292,0.5484782480720551,0.7835080659394956,2.5602734498149817,6.508353884597167,7.004586516731388,3.4138854035968236,0.1056563500533618,28800.000001,47.92500000000007,2019-05-12T00:00:00+00:00,2022-06-10T04:36:00+00:00,26952,3.080606890257814
PRICE_CLOSE_ABOVE_PREVIOUS_HIGH_1H,PRICE_ONLY,PRICE_BASELINE,1H,DISCOVERY,1D,ALL,203,1658,111,147,1209,0.7291917973462002,0.0669481302774427,0.5467980295566502,538.2056390392748,392.4551372729091,10799.999999,17999.999999,28799.999999,3.813787895134315,0.642295911572781,0.7285415212840197,3.9029535864978824,9.848020590758667,8.407684269753242,2.4045174537987704,0.08866103739445115,28800.000001,30.350000000000023,2019-05-12T00:00:00+00:00,2022-06-10T04:36:00+00:00,26952,3.080606890257814
PRICE_CLOSE_ABOVE_PREVIOUS_HIGH_1H,PRICE_ONLY,PRICE_BASELINE,1H,DISCOVERY,ALL,HIGH,2648,6184,1120,1180,1209,0.1955045278137128,0.18111254851228978,0.4229607250755287,2007.3966657532421,392.4551372729091,7199.999999,14399.999999,17999.999999,1.8288159270906807,1.1882724241094675,0.6728755122839747,0.829994732725742,3.3201977459806846,3.310766182298555,3.600000000000006,0.1908150064683053,28800.000001,32.12500000000006,2019-05-12T00:00:00+00:00,2022-06-10T04:36:00+00:00,26952,3.080606890257814
PRICE_CLOSE_ABOVE_PREVIOUS_HIGH_1H,PRICE_ONLY,PRICE_BASELINE,1H,DISCOVERY,ALL,LOW,2653,6574,1150,1076,1209,0.1839062975357469,0.17493154852449042,0.4334715416509612,2133.9950971316,392.4551372729091,10799.999999,14399.999999,21599.999999,2.1617608368969474,1.3734951960096595,0.6470445878672006,0.9270373967869963,3.712926448588281,3.686571626887817,3.626415949252393,0.1636750836629145,25200.000001,29.769999999999982,2019-05-12T00:00:00+00:00,2022-06-10T04:36:00+00:00,26952,3.080606890257814
PRICE_N3_BAR_EXTREME_BREAK_1H,PRICE_ONLY,PRICE_BASELINE,1H,DISCOVERY,ALL,ALL,5301,6827,1862,980,763,0.11176212099018602,0.2727405888384356,0.35125448028673834,2216.121771846278,247.67846959406918,14399.999999,21599.999999,32399.999999,2.431417764379924,1.6610546119884149,0.5811825083682544,0.9346418318979943,3.408638975445618,3.3282434845622233,3.3240223463687233,0.14354767833601875,32400.000001,38.8899999999999,2019-05-12T00:00:00+00:00,2022-06-10T04:36:00+00:00,26952,3.080606890257814
PRICE_N3_BAR_EXTREME_BREAK_1H,PRICE_ONLY,PRICE_BASELINE,1H,DISCOVERY,5m,ALL,0,763,0,0,763,1.0,0.0,,247.67846959406918,247.67846959406918,,,,,,,,,,,0.0,,,2019-05-12T00:00:00+00:00,2022-06-10T04:36:00+00:00,26952,3.080606890257814
PRICE_N3_BAR_EXTREME_BREAK_1H,PRICE_ONLY,PRICE_BASELINE,1H,DISCOVERY,15m,ALL,150,1142,101,1,763,0.6681260945709282,0.08844133099824869,0.6733333333333333,370.7061759848322,247.67846959406918,13499.999999,17099.999999,27899.999999,2.7515507034396944,3.6283268192815803,0.7816774408345575,1.2839706604319256,4.115593978370524,8.864289383513311,7.922125661788595,0.0008756567425569177,36000.000001,161.32000000000016,2019-05-12T00:00:00+00:00,2022-06-10T04:36:00+00:00,26952,3.080606890257814
PRICE_N3_BAR_EXTREME_BREAK_1H,PRICE_ONLY,PRICE_BASELINE,1H,DISCOVERY,30m,ALL,156,973,60,2,763,0.7841726618705036,0.06166495375128469,0.38461538461538464,315.8468557208772,247.67846959406918,12599.999999,23399.999999,30959.999999000003,3.5242299604247913,3.20070636107664,0.7931523315146414,1.3611496710977562,5.166332363161482,11.66554709820942,9.64133738601826,0.0020554984583761563,36000.000001,14.580000000000013,2019-05-12T00:00:00+00:00,2022-06-10T04:36:00+00:00,26952,3.080606890257814
PRICE_N3_BAR_EXTREME_BREAK_1H,PRICE_ONLY,PRICE_BASELINE,1H,DISCOVERY,1H,ALL,1726,3699,1035,371,763,0.206271965396053,0.2798053527980535,0.5996523754345308,1200.737429919347,247.67846959406918,14399.999999,21599.999999,28799.999999,2.379744177500916,1.9289116892634708,0.486310247063589,0.7007320172480429,1.9626418311554992,1.9097676833401698,2.8363296754611005,0.10029737766964045,28800.000001,39.92000000000007,2019-05-12T00:00:00+00:00,2022-06-10T04:36:00+00:00,26952,3.080606890257814
PRICE_N3_BAR_EXTREME_BREAK_1H,PRICE_ONLY,PRICE_BASELINE,1H,DISCOVERY,2H,ALL,843,1269,150,104,763,0.6012608353033885,0.1182033096926714,0.17793594306049823,411.93181902342565,247.67846959406918,14399.999999,21599.999999,32759.999998999978,2.309647342594361,1.3646423080999168,0.6187223215464354,0.8849557522124001,2.8725585458214837,3.1013474059955684,3.397447494812379,0.08195429472025216,25200.000001,16.72999999999999,2019-05-12T00:00:00+00:00,2022-06-10T04:36:00+00:00,26952,3.080606890257814
PRICE_N3_BAR_EXTREME_BREAK_1H,PRICE_ONLY,PRICE_BASELINE,1H,DISCOVERY,4H,ALL,435,903,29,42,763,0.8449612403100775,0.03211517165005537,0.06666666666666667,293.12406034527453,247.67846959406918,14399.999999,17999.999999,30239.999998999996,3.1462474043310573,1.0446228917516867,0.7371681415929201,2.123920783650553,3.8694733911910544,9.084548732576286,3.909909909909922,0.046511627906976744,46800.000001,64.93499999999995,2019-05-12T00:00:00+00:00,2022-06-10T04:36:00+00:00,26952,3.080606890257814
PRICE_N3_BAR_EXTREME_BREAK_1H,PRICE_ONLY,PRICE_BASELINE,1H,DISCOVERY,6H,ALL,776,1453,181,182,763,0.5251204404679972,0.12456985547143841,0.23324742268041238,471.6603097250098,247.67846959406918,14399.999999,25199.999999,32399.999999,2.100533557989334,0.6910671715047003,0.6466571383198337,1.1909951426080427,3.58771295652682,3.661758634856387,3.20808505985897,0.12525808671713695,36000.000001,26.935000000000002,2019-05-12T00:00:00+00:00,2022-06-10T04:36:00+00:00,26952,3.080606890257814
PRICE_N3_BAR_EXTREME_BREAK_1H,PRICE_ONLY,PRICE_BASELINE,1H,DISCOVERY,8H,ALL,613,1348,140,119,763,0.5660237388724035,0.10385756676557864,0.22838499184339314,437.57611666160585,247.67846959406918,12599.999999,21599.999999,32399.999999,2.281793501917818,0.6090982330549758,0.6964515789406328,1.4954654295258654,4.133543273714402,4.634492540724581,3.1524163568773225,0.08827893175074183,32400.000001,49.98000000000002,2019-05-12T00:00:00+00:00,2022-06-10T04:36:00+00:00,26952,3.080606890257814
PRICE_N3_BAR_EXTREME_BREAK_1H,PRICE_ONLY,PRICE_BASELINE,1H,DISCOVERY,12H,ALL,399,1129,91,85,763,0.6758193091231178,0.08060230292294066,0.22807017543859648,366.48622827222033,247.67846959406918,7199.999999,14399.999999,32399.999999,2.720197832569634,0.5701986754966896,0.7794896798309764,2.065716356607886,5.631355187073944,7.065168131967734,4.481393584716865,0.07528786536758193,21600.000001,70.55999999999995,2019-05-12T00:00:00+00:00,2022-06-10T04:36:00+00:00,26952,3.080606890257814
PRICE_N3_BAR_EXTREME_BREAK_1H,PRICE_ONLY,PRICE_BASELINE,1H,DISCOVERY,1D,ALL,203,1015,75,74,763,0.7517241379310344,0.07389162561576355,0.3694581280788177,329.4805329462388,247.67846959406918,14399.999999,21599.999999,38159.99999900003,3.813787895134315,0.642295911572781,0.7396125907990315,3.630902192242841,7.8870920885204265,8.525164335930564,2.6347634763476324,0.0729064039408867,28800.000001,31.67500000000001,2019-05-12T00:00:00+00:00,2022-06-10T04:36:00+00:00,26952,3.080606890257814
PRICE_N3_BAR_EXTREME_BREAK_1H,PRICE_ONLY,PRICE_BASELINE,1H,DISCOVERY,ALL,HIGH,2648,3560,905,484,763,0.21432584269662922,0.2542134831460674,0.34176737160120846,1155.6164505306504,247.67846959406918,14399.999999,21599.999999,32399.999999,2.277282292814919,1.6055514974433953,0.5838703902613678,0.9050272218855441,3.462162483177349,3.1553245479330867,3.434948556256173,0.13595505617977527,32400.000001,43.70500000000001,2019-05-12T00:00:00+00:00,2022-06-10T04:36:00+00:00,26952,3.080606890257814
PRICE_N3_BAR_EXTREME_BREAK_1H,PRICE_ONLY,PRICE_BASELINE,1H,DISCOVERY,ALL,LOW,2653,4030,957,496,763,0.18933002481389577,0.23746898263027294,0.36072370900866946,1308.1837909096969,247.67846959406918,14399.999999,21599.999999,32399.999999,2.5894657258064604,1.7215664971109648,0.5801376597836772,0.9801202034211763,3.39092728386301,3.4175773174127775,3.2392900856793143,0.12307692307692308,28800.000001,36.61500000000002,2019-05-12T00:00:00+00:00,2022-06-10T04:36:00+00:00,26952,3.080606890257814
PRICE_N5_BAR_EXTREME_BREAK_1H,PRICE_ONLY,PRICE_BASELINE,1H,DISCOVERY,ALL,ALL,5301,5197,1597,639,614,0.11814508370213585,0.30729266884741196,0.3012639124693454,1687.0052509572445,199.31137658028632,17999.999999,28799.999999,39599.999999,2.7330296127562543,1.9184541747917088,0.5275847977114831,0.9931811443818584,3.4117758245912477,3.2877797583679986,3.2096642096642025,0.12295555127958438,32400.000001,31.819999999999993,2019-05-12T00:00:00+00:00,2022-06-10T04:36:00+00:00,26952,3.080606890257814
PRICE_N5_BAR_EXTREME_BREAK_1H,PRICE_ONLY,PRICE_BASELINE,1H,DISCOVERY,5m,ALL,0,614,0,0,614,1.0,0.0,,199.31137658028632,199.31137658028632,,,,,,,,,,,0.0,,,2019-05-12T00:00:00+00:00,2022-06-10T04:36:00+00:00,26952,3.080606890257814
PRICE_N5_BAR_EXTREME_BREAK_1H,PRICE_ONLY,PRICE_BASELINE,1H,DISCOVERY,15m,ALL,150,919,95,1,614,0.6681175190424374,0.10337323177366703,0.6333333333333333,298.31784214541227,199.31137658028632,18899.999999,26549.999999,38159.99999900003,3.3407970419063293,4.7325762636383955,0.7324787045627058,1.4996751308546619,4.178574728729852,8.496685797429476,5.813263525305382,0.001088139281828074,36000.000001,161.32000000000016,2019-05-12T00:00:00+00:00,2022-06-10T04:36:00+00:00,26952,3.080606890257814
PRICE_N5_BAR_EXTREME_BREAK_1H,PRICE_ONLY,PRICE_BASELINE,1H,DISCOVERY,30m,ALL,156,794,56,2,614,0.7732997481108312,0.07052896725440806,0.358974358974359,257.7414218318361,199.31137658028632,16199.999999,25199.999999,37799.999999,3.701068298438405,3.5460414265161235,0.7705520393811534,1.5637035068834169,5.801176575863271,10.581345345457407,7.645588235294106,0.0025188916876574307,36000.000001,14.580000000000013,2019-05-12T00:00:00+00:00,2022-06-10T04:36:00+00:00,26952,3.080606890257814
PRICE_N5_BAR_EXTREME_BREAK_1H,PRICE_ONLY,PRICE_BASELINE,1H,DISCOVERY,1H,ALL,1726,2806,874,248,614,0.21881682109764788,0.3114754098360656,0.5063731170336037,910.8594831991587,199.31137658028632,17999.999999,28799.999999,38519.99999900017,2.719024888605544,2.2898116224105456,0.4238414179330985,0.705691877506758,2.0059958217446106,1.9591227112955423,2.7129905452661305,0.08838203848895225,28800.000001,26.39,2019-05-12T00:00:00+00:00,2022-06-10T04:36:00+00:00,26952,3.080606890257814
PRICE_N5_BAR_EXTREME_BREAK_1H,PRICE_ONLY,PRICE_BASELINE,1H,DISCOVERY,2H,ALL,843,995,130,69,614,0.6170854271356784,0.1306532663316583,0.1542111506524318,322.9883056960666,199.31137658028632,21599.999999,28799.999999,43199.999999,2.537141251892237,1.6193806289112644,0.5218940511684916,0.9106529209622013,2.9631119168410036,2.8502540782225165,2.840121391236389,0.06934673366834171,32400.000001,29.889999999999986,2019-05-12T00:00:00+00:00,2022-06-10T04:36:00+00:00,26952,3.080606890257814
PRICE_N5_BAR_EXTREME_BREAK_1H,PRICE_ONLY,PRICE_BASELINE,1H,DISCOVERY,4H,ALL,435,720,24,28,614,0.8527777777777777,0.03333333333333333,0.05517241379310345,233.72018100619897,199.31137658028632,14399.999999,28799.999999,35999.999999,3.1504016495760787,1.1782762901458348,0.698331194648711,2.184564262989623,4.248980459340817,8.35994224890857,3.8147498457184588,0.03888888888888889,46800.000001,35.42500000000001,2019-05-12T00:00:00+00:00,2022-06-10T04:36:00+00:00,26952,3.080606890257814
PRICE_N5_BAR_EXTREME_BREAK_1H,PRICE_ONLY,PRICE_BASELINE,1H,DISCOVERY,6H,ALL,776,1134,164,112,614,0.5414462081128748,0.14462081128747795,0.211340206185567,368.10928508476337,199.31137658028632,17999.999999,28799.999999,39599.999999,2.4444645866911863,0.7265579233047113,0.6159927071014242,1.2558041635284238,3.486407328803751,3.3297798959051876,3.1782471385017574,0.09876543209876543,37800.000001,22.555,2019-05-12T00:00:00+00:00,2022-06-10T04:36:00+00:00,26952,3.080606890257814
PRICE_N5_BAR_EXTREME_BREAK_1H,PRICE_ONLY,PRICE_BASELINE,1H,DISCOVERY,8H,ALL,613,1067,123,78,614,0.5754451733833177,0.11527647610121837,0.200652528548124,346.3603237966865,199.31137658028632,17999.999999,28799.999999,38879.99999899999,2.453987730061351,0.6968325791855211,0.6785151462090714,1.498310728100672,3.832642794755853,4.375745577298919,3.130699431533772,0.07310215557638237,28800.000001,48.840000000000146,2019-05-12T00:00:00+00:00,2022-06-10T04:36:00+00:00,26952,3.080606890257814
PRICE_N5_BAR_EXTREME_BREAK_1H,PRICE_ONLY,PRICE_BASELINE,1H,DISCOVERY,12H,ALL,399,878,77,54,614,0.6993166287015945,0.08769931662870159,0.19298245614035087,285.00877628255927,199.31137658028632,10799.999999,25199.999999,39599.999999,3.1947061659143663,0.6001059625408091,0.7748611111111114,2.053206755712566,4.779395823866863,6.844770427717307,4.091371029256175,0.06150341685649203,23400.000001,48.08999999999986,2019-05-12T00:00:00+00:00,2022-06-10T04:36:00+00:00,26952,3.080606890257814
PRICE_N5_BAR_EXTREME_BREAK_1H,PRICE_ONLY,PRICE_BASELINE,1H,DISCOVERY,1D,ALL,203,796,54,47,614,0.7713567839195979,0.0678391959798995,0.2660098522167488,258.3906445568533,199.31137658028632,14399.999999,25199.999999,39599.999999,3.626990947647876,0.5764128850729758,0.7540861266885355,3.220058127867679,8.168733169469022,8.451998810684604,3.398480302300336,0.059045226130653265,28800.000001,83.92000000000007,2019-05-12T00:00:00+00:00,2022-06-10T04:36:00+00:00,26952,3.080606890257814
PRICE_N5_BAR_EXTREME_BREAK_1H,PRICE_ONLY,PRICE_BASELINE,1H,DISCOVERY,ALL,HIGH,2648,2705,774,318,614,0.22698706099815158,0.2861367837338262,0.29229607250755285,878.0737355857891,199.31137658028632,17999.999999,25199.999999,35999.999999,2.598541265547029,1.8874685581180746,0.535090269407092,0.9749309218705073,3.7490676136114445,3.2749510397994954,3.1744186046511005,0.11756007393715343,32400.000001,43.39500000000001,2019-05-12T00:00:00+00:00,2022-06-10T04:36:00+00:00,26952,3.080606890257814
PRICE_N5_BAR_EXTREME_BREAK_1H,PRICE_ONLY,PRICE_BASELINE,1H,DISCOVERY,ALL,LOW,2653,3106,823,321,614,0.19768190598840954,0.2649710238248551,0.31021485111194874,1008.2428919517416,199.31137658028632,18899.999999,28799.999999,39599.999999,2.8805970149253692,1.9557295181535759,0.5213020584011485,1.0133912414042707,3.1477819570359387,3.2877797583679986,3.278793114906631,0.10334835801674179,32400.000001,27.720000000000027,2019-05-12T00:00:00+00:00,2022-06-10T04:36:00+00:00,26952,3.080606890257814
PRICE_SHORT_TERM_SLOPE_SIGN_CHANGE_1H,PRICE_ONLY,PRICE_BASELINE,1H,DISCOVERY,ALL,ALL,5301,9665,2519,2839,910,0.0941541645111226,0.2606311433005691,0.4751933597434446,3137.3688186457125,295.3963398828348,7199.999999,10799.999999,14399.999999,1.707632902771325,1.0309439874657218,0.7232558139534887,0.8365101910603431,3.5613734676135467,3.868373413526685,4.386084972911362,0.29374030005173307,25200.000001,29.980000000000004,2019-05-12T00:00:00+00:00,2022-06-10T04:36:00+00:00,26952,3.080606890257814
PRICE_SHORT_TERM_SLOPE_SIGN_CHANGE_1H,PRICE_ONLY,PRICE_BASELINE,1H,DISCOVERY,5m,ALL,0,910,0,0,910,1.0,0.0,,295.3963398828348,295.3963398828348,,,,,,,,,,,0.0,,,2019-05-12T00:00:00+00:00,2022-06-10T04:36:00+00:00,26952,3.080606890257814
PRICE_SHORT_TERM_SLOPE_SIGN_CHANGE_1H,PRICE_ONLY,PRICE_BASELINE,1H,DISCOVERY,15m,ALL,150,1266,117,2,910,0.7187993680884676,0.0924170616113744,0.78,410.95798493589984,295.3963398828348,6299.999999,8999.999999,12599.999999,1.8292887029288682,2.4574468085106265,0.865102488075287,0.8669456920448692,2.299940689829765,10.217176252149697,13.094217549534974,0.001579778830963665,9000.000001,32.970000000000255,2019-05-12T00:00:00+00:00,2022-06-10T04:36:00+00:00,26952,3.080606890257814
PRICE_SHORT_TERM_SLOPE_SIGN_CHANGE_1H,PRICE_ONLY,PRICE_BASELINE,1H,DISCOVERY,30m,ALL,156,1167,70,2,910,0.779777206512425,0.05998286203941731,0.44871794871794873,378.8214600475475,295.3963398828348,7199.999999,8999.999999,10979.999999000001,2.2184987725191663,2.094247693644592,0.8607824990611085,0.8086884373358654,3.412174578233354,12.951613132114161,15.268456375839124,0.001713796058269066,23400.000001,11.955000000000013,2019-05-12T00:00:00+00:00,2022-06-10T04:36:00+00:00,26952,3.080606890257814
PRICE_SHORT_TERM_SLOPE_SIGN_CHANGE_1H,PRICE_ONLY,PRICE_BASELINE,1H,DISCOVERY,1H,ALL,1726,4819,1251,1120,910,0.18883585806183856,0.259597426852044,0.7247972190034763,1564.30215592899,295.3963398828348,7199.999999,10799.999999,10799.999999,1.507826336700017,1.2743778876550271,0.6644565474780946,0.557089319329616,1.5245088453341196,2.313572776746182,4.426356589147293,0.23241336376841668,21600.000001,35.9249999999999,2019-05-12T00:00:00+00:00,2022-06-10T04:36:00+00:00,26952,3.080606890257814
PRICE_SHORT_TERM_SLOPE_SIGN_CHANGE_1H,PRICE_ONLY,PRICE_BASELINE,1H,DISCOVERY,2H,ALL,843,1720,194,331,910,0.5290697674418605,0.1127906976744186,0.23013048635824437,558.3315435148086,295.3963398828348,7199.999999,10799.999999,10799.999999,1.5120307697719677,0.9068603719058914,0.7683076587885185,0.7767212023718877,2.2336051229771408,4.1200489110488885,5.978260869565299,0.19244186046511627,25200.000001,11.599999999999994,2019-05-12T00:00:00+00:00,2022-06-10T04:36:00+00:00,26952,3.080606890257814
PRICE_SHORT_TERM_SLOPE_SIGN_CHANGE_1H,PRICE_ONLY,PRICE_BASELINE,1H,DISCOVERY,4H,ALL,435,1171,70,120,910,0.7771135781383433,0.059777967549103334,0.16091954022988506,380.1199054975819,295.3963398828348,5399.999999,7199.999999,10799.999999,2.103610999689645,0.8588324682409876,0.7737351259380412,1.6801555522152711,3.9716892186237445,5.648781313010943,3.971187255830256,0.10247651579846286,28800.000001,36.359999999999985,2019-05-12T00:00:00+00:00,2022-06-10T04:36:00+00:00,26952,3.080606890257814
PRICE_SHORT_TERM_SLOPE_SIGN_CHANGE_1H,PRICE_ONLY,PRICE_BASELINE,1H,DISCOVERY,6H,ALL,776,2087,295,502,910,0.43603258265452804,0.1413512218495448,0.3801546391752577,677.4639135554684,295.3963398828348,7199.999999,10799.999999,16559.99999900008,1.7083016439478076,0.5417567924030582,0.7424812030075176,1.4592511013215892,3.7598720548675497,4.254600876735715,3.2121212121212355,0.24053665548634404,28800.000001,16.934999999999988,2019-05-12T00:00:00+00:00,2022-06-10T04:36:00+00:00,26952,3.080606890257814
PRICE_SHORT_TERM_SLOPE_SIGN_CHANGE_1H,PRICE_ONLY,PRICE_BASELINE,1H,DISCOVERY,8H,ALL,613,1844,227,354,910,0.49349240780911063,0.12310195227765727,0.3703099510603589,598.5833524658763,295.3963398828348,7199.999999,10799.999999,17999.999999,1.8913436763335438,0.49545171339563887,0.7736960179472789,1.5740803877241656,4.5281651518850445,5.279698302954124,3.9495772946860015,0.19197396963123645,28800.000001,43.74499999999995,2019-05-12T00:00:00+00:00,2022-06-10T04:36:00+00:00,26952,3.080606890257814
PRICE_SHORT_TERM_SLOPE_SIGN_CHANGE_1H,PRICE_ONLY,PRICE_BASELINE,1H,DISCOVERY,12H,ALL,399,1514,174,246,910,0.6010568031704095,0.11492734478203434,0.43609022556390975,491.46160283803505,295.3963398828348,7199.999999,14399.999999,20519.99999900006,2.803806455139605,0.5698131345361519,0.7588292023754901,2.8337512567169956,6.723539875342738,6.790460907382265,2.5349323878054655,0.16248348745046234,28800.000001,49.335000000000036,2019-05-12T00:00:00+00:00,2022-06-10T04:36:00+00:00,26952,3.080606890257814
PRICE_SHORT_TERM_SLOPE_SIGN_CHANGE_1H,PRICE_ONLY,PRICE_BASELINE,1H,DISCOVERY,1D,ALL,203,1357,121,162,910,0.6705969049373618,0.08916728076639646,0.5960591133004927,440.4976189241833,295.3963398828348,10799.999999,17999.999999,21599.999999,3.816793893129771,0.5826713225665651,0.7326391976241707,3.820816864295114,10.929806644491732,8.87776188205374,2.6319758672699893,0.11938098747236552,25200.000001,26.765000000000015,2019-05-12T00:00:00+00:00,2022-06-10T04:36:00+00:00,26952,3.080606890257814
PRICE_SHORT_TERM_SLOPE_SIGN_CHANGE_1H,PRICE_ONLY,PRICE_BASELINE,1H,DISCOVERY,ALL,HIGH,2648,5291,1257,1530,910,0.171990171990172,0.23757323757323756,0.4746978851963746,1717.5187190330537,295.3963398828348,7199.999999,10799.999999,14399.999999,1.5117420832992363,0.9348627611634609,0.7402182592494007,0.7822856218085172,3.0612622437122368,3.774060055045516,4.459294953081401,0.2891702891702892,28800.000001,31.3900000000001,2019-05-12T00:00:00+00:00,2022-06-10T04:36:00+00:00,26952,3.080606890257814
PRICE_SHORT_TERM_SLOPE_SIGN_CHANGE_1H,PRICE_ONLY,PRICE_BASELINE,1H,DISCOVERY,ALL,LOW,2653,5284,1262,1309,910,0.17221801665404995,0.23883421650264952,0.4756879004900113,1715.2464394954934,295.3963398828348,7199.999999,10799.999999,14399.999999,1.9141486463468567,1.118736615918472,0.6973475382198837,0.8959827331803419,3.9868343325012057,3.957871647596219,4.179793024492634,0.24772899318697955,21600.000001,28.460000000000036,2019-05-12T00:00:00+00:00,2022-06-10T04:36:00+00:00,26952,3.080606890257814
IND_DMA_3X3_V1_PRICE_CROSS_UP_DMA_1H,DMA,DIRECTIONAL_TRIGGER,1H,DISCOVERY,ALL,ALL,5301,10528,2538,3127,1004,0.09536474164133739,0.24107142857142858,0.47877758913412566,3417.5084244906425,325.9098079586441,7199.999999,10799.999999,14399.999999,1.653293079168892,1.0030079082341687,0.7266780346687696,0.8281342821428296,3.541442183839723,3.905814308892526,4.5660377358490765,0.2970174772036474,25200.000001,28.700000000000045,2019-05-12T00:00:00+00:00,2022-06-10T04:36:00+00:00,26952,3.080606890257814
IND_DMA_3X3_V1_PRICE_CROSS_UP_DMA_1H,DMA,DIRECTIONAL_TRIGGER,1H,DISCOVERY,5m,ALL,0,1004,0,0,1004,1.0,0.0,,325.9098079586441,325.9098079586441,,,,,,,,,,,0.0,,,2019-05-12T00:00:00+00:00,2022-06-10T04:36:00+00:00,26952,3.080606890257814
IND_DMA_3X3_V1_PRICE_CROSS_UP_DMA_1H,DMA,DIRECTIONAL_TRIGGER,1H,DISCOVERY,15m,ALL,150,1380,117,2,1004,0.7275362318840579,0.08478260869565217,0.78,447.96368026188134,325.9098079586441,6299.999999,8099.999999,12059.999999000005,1.7751067175915574,2.448766912395996,0.865102488075287,0.7749453511496793,2.2644639332565846,10.387476751394914,13.247167436005089,0.0014492753623188406,21600.000001,93.07000000000039,2019-05-12T00:00:00+00:00,2022-06-10T04:36:00+00:00,26952,3.080606890257814
IND_DMA_3X3_V1_PRICE_CROSS_UP_DMA_1H,DMA,DIRECTIONAL_TRIGGER,1H,DISCOVERY,30m,ALL,156,1293,71,3,1004,0.7764887857695282,0.05491105955143078,0.4551282051282051,419.7224917236323,325.9098079586441,5399.999999,8999.999999,10799.999999,2.1858293293632114,2.0498640072529555,0.8699436763952891,0.8786825685174924,2.76915731678205,13.813376841911435,15.898099648674705,0.002320185614849188,10800.000001,5.720000000000027,2019-05-12T00:00:00+00:00,2022-06-10T04:36:00+00:00,26952,3.080606890257814
IND_DMA_3X3_V1_PRICE_CROSS_UP_DMA_1H,DMA,DIRECTIONAL_TRIGGER,1H,DISCOVERY,1H,ALL,1726,5261,1248,1228,1004,0.19083824367990876,0.23721725907622124,0.7230590961761297,1707.7803781577954,325.9098079586441,7199.999999,10799.999999,10799.999999,1.451705059415886,1.217814947867801,0.6754494375248683,0.5525771282222849,1.5139907637358732,2.3640003765237507,4.631875000000013,0.23341570043717924,21600.000001,33.014999999999986,2019-05-12T00:00:00+00:00,2022-06-10T04:36:00+00:00,26952,3.080606890257814
IND_DMA_3X3_V1_PRICE_CROSS_UP_DMA_1H,DMA,DIRECTIONAL_TRIGGER,1H,DISCOVERY,2H,ALL,843,1877,202,358,1004,0.5348961108151306,0.10761854022376133,0.23962040332147094,609.2955274286603,325.9098079586441,7199.999999,10799.999999,10799.999999,1.5120307697719677,0.8929770405609756,0.7753283910074775,0.7805230639523811,2.39817033175686,4.303970772255569,5.728197674418612,0.19072988811933936,25200.000001,11.399999999999991,2019-05-12T00:00:00+00:00,2022-06-10T04:36:00+00:00,26952,3.080606890257814
IND_DMA_3X3_V1_PRICE_CROSS_UP_DMA_1H,DMA,DIRECTIONAL_TRIGGER,1H,DISCOVERY,4H,ALL,435,1281,68,130,1004,0.7837626854020296,0.05308352849336456,0.15632183908045977,415.82715537352897,325.9098079586441,3599.999999,7199.999999,11879.999999000014,2.0009616695703887,0.8279077701646149,0.7792411752844104,1.6248074940474453,3.6974928910495497,5.753689007967026,4.05408245043024,0.1014832162373146,27000.000001,40.55000000000007,2019-05-12T00:00:00+00:00,2022-06-10T04:36:00+00:00,26952,3.080606890257814
IND_DMA_3X3_V1_PRICE_CROSS_UP_DMA_1H,DMA,DIRECTIONAL_TRIGGER,1H,DISCOVERY,6H,ALL,776,2293,301,565,1004,0.437854339293502,0.13126907980811164,0.38788659793814434,744.333854232242,325.9098079586441,7199.999999,10799.999999,14399.999999,1.672334919986685,0.5132189070428048,0.741237882177478,1.3681317873885026,4.028802666031903,4.213256999731634,3.1351574403250377,0.24640209332751853,28800.000001,17.910000000000025,2019-05-12T00:00:00+00:00,2022-06-10T04:36:00+00:00,26952,3.080606890257814
IND_DMA_3X3_V1_PRICE_CROSS_UP_DMA_1H,DMA,DIRECTIONAL_TRIGGER,1H,DISCOVERY,8H,ALL,613,2000,227,392,1004,0.502,0.1135,0.3703099510603589,649.2227250172193,325.9098079586441,7199.999999,10799.999999,17999.999999,1.780244948661698,0.47207424899774697,0.7759455782312927,1.5378959622572017,4.60413734904875,5.299528625692194,4.006488935527439,0.196,28800.000001,43.55499999999995,2019-05-12T00:00:00+00:00,2022-06-10T04:36:00+00:00,26952,3.080606890257814
IND_DMA_3X3_V1_PRICE_CROSS_UP_DMA_1H,DMA,DIRECTIONAL_TRIGGER,1H,DISCOVERY,12H,ALL,399,1683,179,274,1004,0.5965537730243613,0.10635769459298872,0.44862155388471175,546.32092310199,325.9098079586441,7199.999999,14399.999999,17999.999999,2.7463525005851688,0.5737346711259754,0.7488908220965638,2.789998926923499,6.603202097979175,6.510354105607065,2.5694822888283206,0.1628045157456922,28800.000001,39.35000000000002,2019-05-12T00:00:00+00:00,2022-06-10T04:36:00+00:00,26952,3.080606890257814
IND_DMA_3X3_V1_PRICE_CROSS_UP_DMA_1H,DMA,DIRECTIONAL_TRIGGER,1H,DISCOVERY,1D,ALL,203,1492,125,175,1004,0.6729222520107239,0.08378016085790885,0.6157635467980296,484.32015286284565,325.9098079586441,7199.999999,17999.999999,21599.999999,3.778981147212196,0.592012529365701,0.7316560080780883,3.820816864295114,10.875410064966847,9.016393442622961,2.4045174537987704,0.11729222520107238,25200.000001,27.33000000000004,2019-05-12T00:00:00+00:00,2022-06-10T04:36:00+00:00,26952,3.080606890257814
IND_DMA_3X3_V1_PRICE_CROSS_UP_DMA_1H,DMA,DIRECTIONAL_TRIGGER,1H,DISCOVERY,ALL,HIGH,2648,5765,1263,1697,1004,0.17415437987857763,0.21908065915004338,0.47696374622356497,1871.3845048621347,325.9098079586441,7199.999999,10799.999999,14399.999999,1.4919011082694007,0.9238402381543089,0.7345132743362838,0.7677705380127918,3.156955741780466,3.774432433991739,4.56279991526177,0.2943625325238508,25200.000001,29.600000000000136,2019-05-12T00:00:00+00:00,2022-06-10T04:36:00+00:00,26952,3.080606890257814
IND_DMA_3X3_V1_PRICE_CROSS_UP_DMA_1H,DMA,DIRECTIONAL_TRIGGER,1H,DISCOVERY,ALL,LOW,2653,5767,1275,1430,1004,0.17409398300676263,0.22108548638807005,0.4805880135695439,1872.033727587152,325.9098079586441,7199.999999,10799.999999,14399.999999,1.8253600823045217,1.0798827409307394,0.7161988429397896,0.8959827331803419,4.018499101285756,4.028843917190056,4.584821428571402,0.24796254551760014,21600.000001,28.059999999999974,2019-05-12T00:00:00+00:00,2022-06-10T04:36:00+00:00,26952,3.080606890257814
IND_DMA_7X5_V1_PRICE_CROSS_UP_DMA_1H,DMA,DIRECTIONAL_TRIGGER,1H,DISCOVERY,ALL,ALL,5301,6215,2188,1619,544,0.08753016894609815,0.3520514883346742,0.41275231088473874,2017.459617991009,176.58858120468366,10799.999999,14399.999999,21599.999999,1.9616869013946703,1.3100267201633502,0.6540310078645373,0.8585659439197075,3.1950269544613086,3.5032191627086107,3.8413407821228973,0.2604987932421561,25200.000001,32.63999999999987,2019-05-12T00:00:00+00:00,2022-06-10T04:36:00+00:00,26952,3.080606890257814
IND_DMA_7X5_V1_PRICE_CROSS_UP_DMA_1H,DMA,DIRECTIONAL_TRIGGER,1H,DISCOVERY,5m,ALL,0,544,0,0,544,1.0,0.0,,176.58858120468366,176.58858120468366,,,,,,,,,,,0.0,,,2019-05-12T00:00:00+00:00,2022-06-10T04:36:00+00:00,26952,3.080606890257814
IND_DMA_7X5_V1_PRICE_CROSS_UP_DMA_1H,DMA,DIRECTIONAL_TRIGGER,1H,DISCOVERY,15m,ALL,150,785,105,1,544,0.6929936305732484,0.1337579617834395,0.7,254.8199195692586,176.58858120468366,9899.999999,13499.999999,17099.999999,2.248863636363632,3.105626560893203,0.8049246683157183,1.1243407907235758,2.8028105115251525,9.760263229440428,10.402055936060407,0.0012738853503184713,28800.000001,137.52000000000044,2019-05-12T00:00:00+00:00,2022-06-10T04:36:00+00:00,26952,3.080606890257814
IND_DMA_7X5_V1_PRICE_CROSS_UP_DMA_1H,DMA,DIRECTIONAL_TRIGGER,1H,DISCOVERY,30m,ALL,156,704,66,0,544,0.7727272727272727,0.09375,0.4230769230769231,228.5263992060612,176.58858120468366,8999.999999,16199.999999,19799.999999,2.728601908811375,2.89720875618708,0.8275532674656028,1.0672757316711714,4.725391387669254,13.115553904824846,13.118279569892442,0.0,,,2019-05-12T00:00:00+00:00,2022-06-10T04:36:00+00:00,26952,3.080606890257814
IND_DMA_7X5_V1_PRICE_CROSS_UP_DMA_1H,DMA,DIRECTIONAL_TRIGGER,1H,DISCOVERY,1H,ALL,1726,3193,1187,610,544,0.17037269025994362,0.3717507046664579,0.6877172653534183,1036.4840804899907,176.58858120468366,10799.999999,14399.999999,17999.999999,1.8629441624365417,1.54819427148195,0.5852088604785366,0.5910513608910871,1.7643862620864224,2.0726325036000155,3.269676837270283,0.1910429063576574,25200.000001,41.204999999999984,2019-05-12T00:00:00+00:00,2022-06-10T04:36:00+00:00,26952,3.080606890257814
IND_DMA_7X5_V1_PRICE_CROSS_UP_DMA_1H,DMA,DIRECTIONAL_TRIGGER,1H,DISCOVERY,2H,ALL,843,1034,170,176,544,0.5261121856866537,0.1644100580270793,0.20166073546856464,335.6481488339024,176.58858120468366,10799.999999,17999.999999,21599.999999,1.8826053519957808,1.0740491091031383,0.7022316774788278,0.7970379435695122,2.174078546315033,3.7945329847628066,4.559862778730691,0.1702127659574468,21600.000001,10.680000000000007,2019-05-12T00:00:00+00:00,2022-06-10T04:36:00+00:00,26952,3.080606890257814
IND_DMA_7X5_V1_PRICE_CROSS_UP_DMA_1H,DMA,DIRECTIONAL_TRIGGER,1H,DISCOVERY,4H,ALL,435,693,46,58,544,0.784992784992785,0.06637806637806638,0.10574712643678161,224.9556742184665,176.58858120468366,7199.999999,10799.999999,17999.999999,2.402099634879294,0.8776141961077069,0.7674316801907484,1.68635382208554,4.211608736011687,6.304802349941632,4.222395252770319,0.0836940836940837,28800.000001,37.68999999999997,2019-05-12T00:00:00+00:00,2022-06-10T04:36:00+00:00,26952,3.080606890257814
IND_DMA_7X5_V1_PRICE_CROSS_UP_DMA_1H,DMA,DIRECTIONAL_TRIGGER,1H,DISCOVERY,6H,ALL,776,1293,224,325,544,0.42072699149265275,0.17324052590873937,0.28865979381443296,419.7224917236323,176.58858120468366,7199.999999,14399.999999,24119.99999900006,1.778290712249337,0.5544371638752628,0.7156707853278277,1.1914309801926701,3.809087453510741,3.782835913090285,3.313084112149498,0.251353441608662,25200.000001,19.159999999999968,2019-05-12T00:00:00+00:00,2022-06-10T04:36:00+00:00,26952,3.080606890257814
IND_DMA_7X5_V1_PRICE_CROSS_UP_DMA_1H,DMA,DIRECTIONAL_TRIGGER,1H,DISCOVERY,8H,ALL,613,1124,168,212,544,0.48398576512455516,0.1494661921708185,0.2740619902120718,364.8631714596773,176.58858120468366,10799.999999,15299.999999,28799.999999,1.965481134184047,0.5390014595435293,0.75234957801814,1.5085003523352345,3.9419772663679757,5.062435121887345,4.285451362633166,0.18861209964412812,28800.000001,65.18500000000017,2019-05-12T00:00:00+00:00,2022-06-10T04:36:00+00:00,26952,3.080606890257814
IND_DMA_7X5_V1_PRICE_CROSS_UP_DMA_1H,DMA,DIRECTIONAL_TRIGGER,1H,DISCOVERY,12H,ALL,399,936,127,149,544,0.5811965811965812,0.13568376068376067,0.3182957393483709,303.83623530805863,176.58858120468366,7199.999999,14399.999999,25199.999999,2.650602409638557,0.5305098913346351,0.7859396124380349,2.3454634976053037,6.4456164440747346,6.624610956795291,3.4138854035968236,0.15918803418803418,28800.000001,59.929999999999836,2019-05-12T00:00:00+00:00,2022-06-10T04:36:00+00:00,26952,3.080606890257814
IND_DMA_7X5_V1_PRICE_CROSS_UP_DMA_1H,DMA,DIRECTIONAL_TRIGGER,1H,DISCOVERY,1D,ALL,203,805,95,88,544,0.675776397515528,0.11801242236024845,0.46798029556650245,261.3121468194308,176.58858120468366,14399.999999,26999.999999,35999.999999,3.6584365515544324,0.5921289710763407,0.7656512958599796,3.577461128676002,8.58371526401868,8.758066945509741,2.623318385650217,0.1093167701863354,23400.000001,24.43500000000003,2019-05-12T00:00:00+00:00,2022-06-10T04:36:00+00:00,26952,3.080606890257814
IND_DMA_7X5_V1_PRICE_CROSS_UP_DMA_1H,DMA,DIRECTIONAL_TRIGGER,1H,DISCOVERY,ALL,HIGH,2648,3389,1101,865,544,0.16051932723517262,0.3248745942755975,0.415785498489426,1100.107907541678,176.58858120468366,10799.999999,14399.999999,19799.999999,1.7818959372772627,1.2151515151515127,0.6749008844159811,0.8124823445473213,3.1158943110608344,3.4619150485829486,3.8880860629414533,0.2552375331956329,28800.000001,33.10000000000002,2019-05-12T00:00:00+00:00,2022-06-10T04:36:00+00:00,26952,3.080606890257814
IND_DMA_7X5_V1_PRICE_CROSS_UP_DMA_1H,DMA,DIRECTIONAL_TRIGGER,1H,DISCOVERY,ALL,LOW,2653,3370,1087,754,544,0.16142433234421366,0.3225519287833828,0.4097248398039955,1093.9402916540146,176.58858120468366,10799.999999,17999.999999,21599.999999,2.1593663582670404,1.4180087595268482,0.6393121462777542,0.8937153066482282,3.412972085517566,3.5584969948701417,3.7542857142857105,0.22373887240356083,21600.000001,31.329999999999927,2019-05-12T00:00:00+00:00,2022-06-10T04:36:00+00:00,26952,3.080606890257814
IND_DMA_25X5_V1_PRICE_CROSS_UP_DMA_1H,DMA,DIRECTIONAL_TRIGGER,1H,DISCOVERY,ALL,ALL,5301,2876,1481,577,177,0.061543810848400556,0.5149513212795549,0.2793812488209772,933.5822785747614,57.45621116402391,15299.999999,28799.999999,43199.999999,2.4706457925635923,1.6259716506630053,0.5897058823529389,0.897987207747629,3.3863496604919563,3.2561800308137547,3.4232359222685047,0.2006258692628651,25200.000001,23.629999999999995,2019-05-12T00:00:00+00:00,2022-06-10T04:36:00+00:00,26952,3.080606890257814
IND_DMA_25X5_V1_PRICE_CROSS_UP_DMA_1H,DMA,DIRECTIONAL_TRIGGER,1H,DISCOVERY,5m,ALL,0,177,0,0,177,1.0,0.0,,57.45621116402391,57.45621116402391,,,,,,,,,,,0.0,,,2019-05-12T00:00:00+00:00,2022-06-10T04:36:00+00:00,26952,3.080606890257814
IND_DMA_25X5_V1_PRICE_CROSS_UP_DMA_1H,DMA,DIRECTIONAL_TRIGGER,1H,DISCOVERY,15m,ALL,150,308,89,0,177,0.5746753246753247,0.288961038961039,0.5933333333333334,99.98029965265178,57.45621116402391,20699.999999,31499.999999,40499.999999,3.4742424242424166,4.974689204901163,0.7163831274761129,1.6541550279329593,4.217658994058088,8.31564271884419,7.268733850129238,0.0,,,2019-05-12T00:00:00+00:00,2022-06-10T04:36:00+00:00,26952,3.080606890257814
IND_DMA_25X5_V1_PRICE_CROSS_UP_DMA_1H,DMA,DIRECTIONAL_TRIGGER,1H,DISCOVERY,30m,ALL,156,248,53,0,177,0.7137096774193549,0.21370967741935484,0.33974358974358976,80.50361790213519,57.45621116402391,16199.999999,32399.999999,48239.99999900001,3.734058122517251,3.993646759847522,0.7495586866514754,1.2959472196041404,6.009397162528284,11.63878650411114,8.73529785125076,0.0,,,2019-05-12T00:00:00+00:00,2022-06-10T04:36:00+00:00,26952,3.080606890257814
IND_DMA_25X5_V1_PRICE_CROSS_UP_DMA_1H,DMA,DIRECTIONAL_TRIGGER,1H,DISCOVERY,1H,ALL,1726,1428,763,198,177,0.12394957983193278,0.5343137254901961,0.4420625724217845,463.5450256622946,57.45621116402391,14399.999999,25199.999999,39599.999999,2.2842165417500144,2.0047184472945356,0.49488752556237103,0.6160776390314914,1.7409339031350366,1.8974924794505366,3.0588435374150187,0.13865546218487396,25200.000001,30.915000000000077,2019-05-12T00:00:00+00:00,2022-06-10T04:36:00+00:00,26952,3.080606890257814
IND_DMA_25X5_V1_PRICE_CROSS_UP_DMA_1H,DMA,DIRECTIONAL_TRIGGER,1H,DISCOVERY,2H,ALL,843,432,128,70,177,0.4097222222222222,0.2962962962962963,0.15183867141162516,140.23210860371938,57.45621116402391,21599.999999,35999.999999,46799.999999,2.587101864851565,1.6364175835441417,0.5115314099373417,0.803810821924653,2.710438014528255,2.620052319037656,3.4278631850445507,0.16203703703703703,25200.000001,10.039999999999992,2019-05-12T00:00:00+00:00,2022-06-10T04:36:00+00:00,26952,3.080606890257814
IND_DMA_25X5_V1_PRICE_CROSS_UP_DMA_1H,DMA,DIRECTIONAL_TRIGGER,1H,DISCOVERY,4H,ALL,435,238,20,25,177,0.7436974789915967,0.08403361344537816,0.04597701149425287,77.2575042770491,57.45621116402391,19799.999999,35999.999999,43559.99999900001,3.702529823812995,1.3216685841972253,0.7318211101063361,1.6671004489291361,4.187487537047603,9.97870697733573,3.8119917358620707,0.10504201680672269,39600.000001,91.17000000000007,2019-05-12T00:00:00+00:00,2022-06-10T04:36:00+00:00,26952,3.080606890257814
IND_DMA_25X5_V1_PRICE_CROSS_UP_DMA_1H,DMA,DIRECTIONAL_TRIGGER,1H,DISCOVERY,6H,ALL,776,523,162,99,177,0.3384321223709369,0.30975143403441685,0.20876288659793815,169.77174259200285,57.45621116402391,14399.999999,25199.999999,35999.999999,2.0319713700555466,0.6607016207820138,0.6556182899144479,1.1159807873552863,3.3887701344517596,3.6897812475464393,3.2425397332404007,0.18929254302103252,25200.000001,30.120000000000005,2019-05-12T00:00:00+00:00,2022-06-10T04:36:00+00:00,26952,3.080606890257814
IND_DMA_25X5_V1_PRICE_CROSS_UP_DMA_1H,DMA,DIRECTIONAL_TRIGGER,1H,DISCOVERY,8H,ALL,613,451,126,72,177,0.3924611973392461,0.2793791574279379,0.20554649265905384,146.39972449138295,57.45621116402391,17999.999999,28799.999999,39599.999999,2.495714488343702,0.6540643932513928,0.6566815219695646,1.4598186554105022,3.6044235767765915,4.276944261688715,2.6676514032496383,0.15964523281596452,25200.000001,20.860000000000014,2019-05-12T00:00:00+00:00,2022-06-10T04:36:00+00:00,26952,3.080606890257814
IND_DMA_25X5_V1_PRICE_CROSS_UP_DMA_1H,DMA,DIRECTIONAL_TRIGGER,1H,DISCOVERY,12H,ALL,399,361,84,61,177,0.4903047091412742,0.23268698060941828,0.21052631578947367,117.18470186560809,57.45621116402391,10799.999999,17999.999999,32399.999999,2.824850152635587,0.6006790818378078,0.7413828391094659,2.2763316162112086,6.122566929604566,7.115437552868064,3.600486615077334,0.16897506925207756,28800.000001,28.069999999999993,2019-05-12T00:00:00+00:00,2022-06-10T04:36:00+00:00,26952,3.080606890257814
IND_DMA_25X5_V1_PRICE_CROSS_UP_DMA_1H,DMA,DIRECTIONAL_TRIGGER,1H,DISCOVERY,1D,ALL,203,303,56,52,177,0.5841584158415841,0.1848184818481848,0.27586206896551724,98.35724284010873,57.45621116402391,14399.999999,26099.999999,41399.999999,3.92760716553435,0.5255493095278732,0.7346490509792363,3.1777888543551347,8.395864933513511,9.28399141881008,2.6568797566678732,0.1716171617161716,25200.000001,19.705000000000013,2019-05-12T00:00:00+00:00,2022-06-10T04:36:00+00:00,26952,3.080606890257814
IND_DMA_25X5_V1_PRICE_CROSS_UP_DMA_1H,DMA,DIRECTIONAL_TRIGGER,1H,DISCOVERY,ALL,HIGH,2648,1525,728,300,177,0.1160655737704918,0.47737704918032786,0.27492447129909364,495.03232782562975,57.45621116402391,14399.999999,25199.999999,39599.999999,2.3622904754517533,1.543424958059108,0.6017131702871013,0.8905819670021458,3.3918024670276443,3.2570180236994406,3.4423894666735007,0.19672131147540983,27000.000001,18.67999999999998,2019-05-12T00:00:00+00:00,2022-06-10T04:36:00+00:00,26952,3.080606890257814
IND_DMA_25X5_V1_PRICE_CROSS_UP_DMA_1H,DMA,DIRECTIONAL_TRIGGER,1H,DISCOVERY,ALL,LOW,2653,1528,753,277,177,0.11583769633507854,0.49280104712041883,0.2838296268375424,496.00616191315555,57.45621116402391,17999.999999,28799.999999,43199.999999,2.6217598075151773,1.704965987333213,0.5736486486486488,0.8985112173102656,3.370106519423087,3.232786125734658,3.403369043101935,0.181282722513089,25200.000001,35.430000000000064,2019-05-12T00:00:00+00:00,2022-06-10T04:36:00+00:00,26952,3.080606890257814
IND_STOCH_14_3_3_V1_K_CROSS_UP_D_1H,STOCHASTIC,DIRECTIONAL_TRIGGER,1H,DISCOVERY,ALL,ALL,5301,6537,2307,1835,647,0.09897506501453265,0.35291418081688847,0.4352009054895303,2121.9844767187815,210.02355154307045,9899.999999,14399.999999,21599.999999,1.77937705296865,1.105579399141638,0.7058109280138762,0.8057377745425869,3.343841429612306,3.694218867199239,4.4334193245778595,0.28070980572127885,25200.000001,31.269999999999982,2019-05-12T00:00:00+00:00,2022-06-10T04:36:00+00:00,26952,3.080606890257814
IND_STOCH_14_3_3_V1_K_CROSS_UP_D_1H,STOCHASTIC,DIRECTIONAL_TRIGGER,1H,DISCOVERY,5m,ALL,0,647,0,0,647,1.0,0.0,,210.02355154307045,210.02355154307045,,,,,,,,,,,0.0,,,2019-05-12T00:00:00+00:00,2022-06-10T04:36:00+00:00,26952,3.080606890257814
IND_STOCH_14_3_3_V1_K_CROSS_UP_D_1H,STOCHASTIC,DIRECTIONAL_TRIGGER,1H,DISCOVERY,15m,ALL,150,868,106,1,647,0.7453917050691244,0.12211981566820276,0.7066666666666667,281.7626626574732,210.02355154307045,6299.999999,10799.999999,22499.999999,2.041763056223696,2.6720234434246777,0.8486848218026173,0.840779347327627,2.6295640232076094,9.92907640810211,12.472633798437137,0.001152073732718894,36000.000001,161.32000000000016,2019-05-12T00:00:00+00:00,2022-06-10T04:36:00+00:00,26952,3.080606890257814
IND_STOCH_14_3_3_V1_K_CROSS_UP_D_1H,STOCHASTIC,DIRECTIONAL_TRIGGER,1H,DISCOVERY,30m,ALL,156,814,69,2,647,0.7948402948402948,0.08476658476658476,0.4423076923076923,264.23364908200824,210.02355154307045,7199.999999,10799.999999,29519.99999900001,2.664709336465068,2.538369606239786,0.8538700703649157,1.1064862989941024,4.149911110727482,13.751263902932257,10.528471357190696,0.002457002457002457,23400.000001,11.115000000000038,2019-05-12T00:00:00+00:00,2022-06-10T04:36:00+00:00,26952,3.080606890257814
IND_STOCH_14_3_3_V1_K_CROSS_UP_D_1H,STOCHASTIC,DIRECTIONAL_TRIGGER,1H,DISCOVERY,1H,ALL,1726,3347,1187,698,647,0.19330743949805795,0.35464595159844636,0.6877172653534183,1086.4742303163166,210.02355154307045,10799.999999,10799.999999,14399.999999,1.6219588271989893,1.3477511961722568,0.6413612565445008,0.569011684518015,1.567555421067362,2.228397079655663,4.011180992313089,0.2085449656408724,21600.000001,39.15500000000003,2019-05-12T00:00:00+00:00,2022-06-10T04:36:00+00:00,26952,3.080606890257814
IND_STOCH_14_3_3_V1_K_CROSS_UP_D_1H,STOCHASTIC,DIRECTIONAL_TRIGGER,1H,DISCOVERY,2H,ALL,843,1161,188,199,647,0.5572782084409992,0.16192937123169682,0.22301304863582444,376.8737918724958,210.02355154307045,7199.999999,10799.999999,17999.999999,1.6091540677548262,0.9019512427199685,0.7708072636565433,0.7735138198913057,2.343950586575583,4.409867172675524,5.734398417343602,0.17140396210163653,21600.000001,11.70999999999998,2019-05-12T00:00:00+00:00,2022-06-10T04:36:00+00:00,26952,3.080606890257814
IND_STOCH_14_3_3_V1_K_CROSS_UP_D_1H,STOCHASTIC,DIRECTIONAL_TRIGGER,1H,DISCOVERY,4H,ALL,435,833,71,78,647,0.7767106842737095,0.08523409363745499,0.1632183908045977,270.40126496967184,210.02355154307045,7199.999999,7199.999999,14399.999999,1.9483682415976589,0.7885958839448688,0.7856136348386216,1.5713102857700507,3.804071114620893,5.866577271203487,4.271523178807984,0.0936374549819928,28800.000001,43.625000000000114,2019-05-12T00:00:00+00:00,2022-06-10T04:36:00+00:00,26952,3.080606890257814
IND_STOCH_14_3_3_V1_K_CROSS_UP_D_1H,STOCHASTIC,DIRECTIONAL_TRIGGER,1H,DISCOVERY,6H,ALL,776,1443,249,354,647,0.4483714483714484,0.17255717255717257,0.32087628865979384,468.41419609992374,210.02355154307045,7199.999999,14399.999999,25199.999999,1.7334299851870527,0.5596781554793031,0.7300521998508578,1.2120217981664712,3.79959557964826,3.6412338341773696,3.2040489075967047,0.24532224532224534,25200.000001,17.54000000000005,2019-05-12T00:00:00+00:00,2022-06-10T04:36:00+00:00,26952,3.080606890257814
IND_STOCH_14_3_3_V1_K_CROSS_UP_D_1H,STOCHASTIC,DIRECTIONAL_TRIGGER,1H,DISCOVERY,8H,ALL,613,1267,193,241,647,0.510655090765588,0.15232833464877663,0.31484502446982054,411.28259629840846,210.02355154307045,10799.999999,14399.999999,28799.999999,1.903754627181383,0.5065463552724737,0.7741572701174939,1.2861736334405076,3.806019164898544,5.420679773939348,4.92333954065801,0.19021310181531176,25200.000001,41.51999999999998,2019-05-12T00:00:00+00:00,2022-06-10T04:36:00+00:00,26952,3.080606890257814
IND_STOCH_14_3_3_V1_K_CROSS_UP_D_1H,STOCHASTIC,DIRECTIONAL_TRIGGER,1H,DISCOVERY,12H,ALL,399,1044,132,160,647,0.6197318007662835,0.12643678160919541,0.3308270676691729,338.89426245898846,210.02355154307045,10799.999999,17999.999999,25199.999999,2.5418136275433083,0.5169749670182651,0.7832321198631014,2.249790682648529,5.815896064496066,6.614842154854493,3.5458262396214684,0.1532567049808429,28800.000001,50.05499999999995,2019-05-12T00:00:00+00:00,2022-06-10T04:36:00+00:00,26952,3.080606890257814
IND_STOCH_14_3_3_V1_K_CROSS_UP_D_1H,STOCHASTIC,DIRECTIONAL_TRIGGER,1H,DISCOVERY,1D,ALL,203,936,112,102,647,0.6912393162393162,0.11965811965811966,0.5517241379310345,303.83623530805863,210.02355154307045,14399.999999,25199.999999,35999.999999,3.6843351609515995,0.5877581713174607,0.7557579329680134,3.618377350671503,10.214338039397926,8.803500597146341,2.7346929895124488,0.10897435897435898,21600.000001,32.160000000000025,2019-05-12T00:00:00+00:00,2022-06-10T04:36:00+00:00,26952,3.080606890257814
IND_STOCH_14_3_3_V1_K_CROSS_UP_D_1H,STOCHASTIC,DIRECTIONAL_TRIGGER,1H,DISCOVERY,ALL,HIGH,2648,3598,1143,1000,647,0.17982212340188994,0.3176764869371873,0.4316465256797583,1167.9516823059776,210.02355154307045,7199.999999,11249.999999,21599.999999,1.601348504003376,1.035561877667145,0.7256812249580209,0.7674994303089336,2.9052456172348267,3.67849391581552,4.520491803278894,0.27793218454697055,25200.000001,29.470000000000027,2019-05-12T00:00:00+00:00,2022-06-10T04:36:00+00:00,26952,3.080606890257814
IND_STOCH_14_3_3_V1_K_CROSS_UP_D_1H,STOCHASTIC,DIRECTIONAL_TRIGGER,1H,DISCOVERY,ALL,LOW,2653,3586,1164,835,647,0.1804238706079197,0.324595649749024,0.4387485865058424,1164.0563459558743,210.02355154307045,10799.999999,14399.999999,21599.999999,1.9867440047458707,1.2083716517760184,0.6840072005016091,0.8591662883117809,3.606617977518649,3.7286280113128765,4.251955016518068,0.23284997211377578,21600.000001,33.95999999999981,2019-05-12T00:00:00+00:00,2022-06-10T04:36:00+00:00,26952,3.080606890257814
IND_STOCH_14_3_3_V1_K_CROSS_UP_LEVEL_1H,STOCHASTIC,DIRECTIONAL_TRIGGER,1H,DISCOVERY,ALL,ALL,5301,1732,1074,523,83,0.04792147806004619,0.6200923787528868,0.20260328239954725,562.2268798649119,26.942743088214602,10799.999999,14399.999999,17999.999999,1.858726486559984,1.2315175200525528,0.68658696502229,0.8664418996716761,3.19178624635573,3.7175200871562253,3.826711250983483,0.30196304849884525,21600.000001,41.8900000000001,2019-05-12T00:00:00+00:00,2022-06-10T04:36:00+00:00,26952,3.080606890257814
IND_STOCH_14_3_3_V1_K_CROSS_UP_LEVEL_1H,STOCHASTIC,DIRECTIONAL_TRIGGER,1H,DISCOVERY,5m,ALL,0,83,0,0,83,1.0,0.0,,26.942743088214602,26.942743088214602,,,,,,,,,,,0.0,,,2019-05-12T00:00:00+00:00,2022-06-10T04:36:00+00:00,26952,3.080606890257814
IND_STOCH_14_3_3_V1_K_CROSS_UP_LEVEL_1H,STOCHASTIC,DIRECTIONAL_TRIGGER,1H,DISCOVERY,15m,ALL,150,167,80,0,83,0.49700598802395207,0.47904191616766467,0.5333333333333333,54.210097538937816,26.942743088214602,8099.999999,11699.999999,14489.999999000007,2.074811231355411,2.6716252939147704,0.8404015618528369,0.960952444119284,2.491721743344249,10.38881576188722,12.400849540722604,0.0,,,2019-05-12T00:00:00+00:00,2022-06-10T04:36:00+00:00,26952,3.080606890257814
IND_STOCH_14_3_3_V1_K_CROSS_UP_LEVEL_1H,STOCHASTIC,DIRECTIONAL_TRIGGER,1H,DISCOVERY,30m,ALL,156,124,39,1,83,0.6693548387096774,0.31451612903225806,0.25,40.251808951067595,26.942743088214602,8999.999999,10799.999999,12959.999999000005,2.54324324324325,2.432786885245865,0.8437642759250793,1.102321359097386,5.602585356526905,10.49884254005719,11.599060297572453,0.008064516129032258,32400.000001,16.32000000000005,2019-05-12T00:00:00+00:00,2022-06-10T04:36:00+00:00,26952,3.080606890257814
IND_STOCH_14_3_3_V1_K_CROSS_UP_LEVEL_1H,STOCHASTIC,DIRECTIONAL_TRIGGER,1H,DISCOVERY,1H,ALL,1726,823,558,163,83,0.10085054678007291,0.6780072904009721,0.32329084588644263,267.15515134458576,26.942743088214602,10799.999999,14399.999999,17999.999999,1.725600699613985,1.4070647741841287,0.6009145517879205,0.6219909698520973,1.718611381931019,1.9351271722886745,3.2204623287671694,0.19805589307411908,25200.000001,46.56,2019-05-12T00:00:00+00:00,2022-06-10T04:36:00+00:00,26952,3.080606890257814
IND_STOCH_14_3_3_V1_K_CROSS_UP_LEVEL_1H,STOCHASTIC,DIRECTIONAL_TRIGGER,1H,DISCOVERY,2H,ALL,843,270,117,63,83,0.3074074074074074,0.43333333333333335,0.1387900355871886,87.6450678773246,26.942743088214602,10799.999999,14399.999999,14399.999999,1.8019564098163754,0.9684608915054653,0.7264215686274512,0.7226221640488678,2.54932901181224,4.186992560864373,4.559862778730691,0.23333333333333334,18000.000001,13.019999999999982,2019-05-12T00:00:00+00:00,2022-06-10T04:36:00+00:00,26952,3.080606890257814
IND_STOCH_14_3_3_V1_K_CROSS_UP_LEVEL_1H,STOCHASTIC,DIRECTIONAL_TRIGGER,1H,DISCOVERY,4H,ALL,435,156,35,36,83,0.532051282051282,0.22435897435897437,0.08045977011494253,50.63937255134311,26.942743088214602,7199.999999,10799.999999,14399.999999,2.355449251247921,0.7920426207209232,0.7887871610873484,1.6649722008346075,3.4901648781578687,8.248587570621469,4.071012805587891,0.23076923076923078,19800.000001,87.56000000000017,2019-05-12T00:00:00+00:00,2022-06-10T04:36:00+00:00,26952,3.080606890257814
IND_STOCH_14_3_3_V1_K_CROSS_UP_LEVEL_1H,STOCHASTIC,DIRECTIONAL_TRIGGER,1H,DISCOVERY,6H,ALL,776,272,84,100,83,0.30514705882352944,0.3088235294117647,0.10824742268041238,88.29429060234183,26.942743088214602,7199.999999,10799.999999,14399.999999,1.739965692313635,0.5477391872323609,0.7556224004753411,1.2522782550701483,3.7698115652606994,5.17153831954711,3.7846047743909064,0.36764705882352944,18000.000001,18.704999999999984,2019-05-12T00:00:00+00:00,2022-06-10T04:36:00+00:00,26952,3.080606890257814
IND_STOCH_14_3_3_V1_K_CROSS_UP_LEVEL_1H,STOCHASTIC,DIRECTIONAL_TRIGGER,1H,DISCOVERY,8H,ALL,613,240,73,80,83,0.3458333333333333,0.30416666666666664,0.11908646003262642,77.90672700206632,26.942743088214602,7199.999999,10799.999999,14399.999999,2.6579282723466244,0.5693858415377403,0.762776202638424,1.7339596242254642,4.462836246405969,4.766563400184798,3.115534521158122,0.3333333333333333,18000.000001,48.830000000000155,2019-05-12T00:00:00+00:00,2022-06-10T04:36:00+00:00,26952,3.080606890257814
IND_STOCH_14_3_3_V1_K_CROSS_UP_LEVEL_1H,STOCHASTIC,DIRECTIONAL_TRIGGER,1H,DISCOVERY,12H,ALL,399,185,47,52,83,0.4486486486486487,0.25405405405405407,0.11779448621553884,60.05310206409279,26.942743088214602,10799.999999,16199.999999,21599.999999,2.5622317596566515,0.5161848710403312,0.7308789214415345,2.5602159363873924,5.732807597838193,7.592836299136013,3.2529711375212136,0.2810810810810811,25200.000001,70.28499999999997,2019-05-12T00:00:00+00:00,2022-06-10T04:36:00+00:00,26952,3.080606890257814
IND_STOCH_14_3_3_V1_K_CROSS_UP_LEVEL_1H,STOCHASTIC,DIRECTIONAL_TRIGGER,1H,DISCOVERY,1D,ALL,203,159,41,28,83,0.5220125786163522,0.2578616352201258,0.2019704433497537,51.61320663886894,26.942743088214602,21599.999999,35999.999999,43199.999999,3.8894246223079425,0.48152360321328763,0.7607894736842105,4.0468227424749195,10.494869463566696,9.12762520193861,2.2190909090909114,0.1761006289308176,16200.000001,30.025000000000034,2019-05-12T00:00:00+00:00,2022-06-10T04:36:00+00:00,26952,3.080606890257814
IND_STOCH_14_3_3_V1_K_CROSS_UP_LEVEL_1H,STOCHASTIC,DIRECTIONAL_TRIGGER,1H,DISCOVERY,ALL,HIGH,2648,1031,608,308,83,0.08050436469447139,0.5897187196896218,0.229607250755287,334.6743147463766,26.942743088214602,10799.999999,14399.999999,17999.999999,1.7196728390761327,1.1872101504139303,0.6884607925926784,0.8122870080761778,2.75290354166433,3.4190974133186502,3.775071633237619,0.2987390882638215,25200.000001,41.32499999999996,2019-05-12T00:00:00+00:00,2022-06-10T04:36:00+00:00,26952,3.080606890257814
IND_STOCH_14_3_3_V1_K_CROSS_UP_LEVEL_1H,STOCHASTIC,DIRECTIONAL_TRIGGER,1H,DISCOVERY,ALL,LOW,2653,784,466,215,83,0.10586734693877552,0.5943877551020408,0.17565020731247644,254.49530820674997,26.942743088214602,8999.999999,11474.999999,17999.999999,2.130322932277343,1.2906919910580383,0.6860687853722216,0.9606411958586512,3.590351917754058,4.089652671919393,4.113218043005599,0.274234693877551,18000.000001,43.82999999999993,2019-05-12T00:00:00+00:00,2022-06-10T04:36:00+00:00,26952,3.080606890257814
IND_MACD_12_26_9_V1_MACD_CROSS_UP_SIGNAL_1H,MACD,DIRECTIONAL_TRIGGER,1H,DISCOVERY,ALL,ALL,5301,2052,1380,359,170,0.08284600389863547,0.672514619883041,0.26032823995472554,666.1025158676671,55.18393162646364,21599.999999,28799.999999,39599.999999,2.529613238341076,1.7403963424017075,0.5710293804556099,0.8865148382782464,3.2688224177077507,3.344493809323891,3.5291351805205577,0.17495126705653022,25200.000001,52.57999999999993,2019-05-12T00:00:00+00:00,2022-06-10T04:36:00+00:00,26952,3.080606890257814
IND_MACD_12_26_9_V1_MACD_CROSS_UP_SIGNAL_1H,MACD,DIRECTIONAL_TRIGGER,1H,DISCOVERY,5m,ALL,0,170,0,0,170,1.0,0.0,,55.18393162646364,55.18393162646364,,,,,,,,,,,0.0,,,2019-05-12T00:00:00+00:00,2022-06-10T04:36:00+00:00,26952,3.080606890257814
IND_MACD_12_26_9_V1_MACD_CROSS_UP_SIGNAL_1H,MACD,DIRECTIONAL_TRIGGER,1H,DISCOVERY,15m,ALL,150,253,81,0,170,0.6719367588932806,0.3201581027667984,0.54,82.12667471467824,55.18393162646364,15299.999999,24299.999999,27899.999999,3.109902370990231,3.8476174200347617,0.7414518193454005,1.288549977226309,3.687487334704423,8.645742385920062,8.308783687163896,0.0,,,2019-05-12T00:00:00+00:00,2022-06-10T04:36:00+00:00,26952,3.080606890257814
IND_MACD_12_26_9_V1_MACD_CROSS_UP_SIGNAL_1H,MACD,DIRECTIONAL_TRIGGER,1H,DISCOVERY,30m,ALL,156,219,45,0,170,0.776255707762557,0.2054794520547945,0.28846153846153844,71.08988838938552,55.18393162646364,19799.999999,28799.999999,35279.999999,2.9968199213065283,3.1071199486850607,0.7917799939558775,1.2933025404157095,5.1032359619798076,11.692307692307699,9.64133738601826,0.0,,,2019-05-12T00:00:00+00:00,2022-06-10T04:36:00+00:00,26952,3.080606890257814
IND_MACD_12_26_9_V1_MACD_CROSS_UP_SIGNAL_1H,MACD,DIRECTIONAL_TRIGGER,1H,DISCOVERY,1H,ALL,1726,1092,725,130,170,0.15567765567765568,0.6639194139194139,0.4200463499420626,354.47560785940175,55.18393162646364,21599.999999,28799.999999,39599.999999,2.4238659407413117,2.1416980011874243,0.46341463414633577,0.6652974771074271,1.8583931146163757,1.8814068575468328,2.6698441107738304,0.11904761904761904,25200.000001,39.254999999999825,2019-05-12T00:00:00+00:00,2022-06-10T04:36:00+00:00,26952,3.080606890257814
IND_MACD_12_26_9_V1_MACD_CROSS_UP_SIGNAL_1H,MACD,DIRECTIONAL_TRIGGER,1H,DISCOVERY,2H,ALL,843,350,132,37,170,0.4857142857142857,0.37714285714285717,0.15658362989323843,113.61397687801339,55.18393162646364,21599.999999,32399.999999,42839.99999900002,2.449606738915511,1.5840854210557556,0.5585948685190655,0.8563244492761872,3.4301362606989962,2.786984788755908,3.551399304920415,0.10571428571428572,28800.000001,93.30999999999995,2019-05-12T00:00:00+00:00,2022-06-10T04:36:00+00:00,26952,3.080606890257814
IND_MACD_12_26_9_V1_MACD_CROSS_UP_SIGNAL_1H,MACD,DIRECTIONAL_TRIGGER,1H,DISCOVERY,4H,ALL,435,206,24,10,170,0.8252427184466019,0.11650485436893204,0.05517241379310345,66.8699406767736,55.18393162646364,17999.999999,25199.999999,37439.99999899999,2.538231535379475,1.085924549343582,0.7593477711253709,1.3820583194166818,4.462322111342298,10.34562022734443,4.644592787484115,0.04854368932038835,34200.000001,81.45499999999993,2019-05-12T00:00:00+00:00,2022-06-10T04:36:00+00:00,26952,3.080606890257814
IND_MACD_12_26_9_V1_MACD_CROSS_UP_SIGNAL_1H,MACD,DIRECTIONAL_TRIGGER,1H,DISCOVERY,6H,ALL,776,409,148,66,170,0.4156479217603912,0.36185819070904646,0.19072164948453607,132.76604726602136,55.18393162646364,17999.999999,28799.999999,39599.999999,2.232001278532878,0.7334468431327335,0.6512851753387168,1.1201717511194085,4.2079270399211905,3.4811964936882624,3.1351574403250377,0.16136919315403422,25200.000001,21.419999999999995,2019-05-12T00:00:00+00:00,2022-06-10T04:36:00+00:00,26952,3.080606890257814
IND_MACD_12_26_9_V1_MACD_CROSS_UP_SIGNAL_1H,MACD,DIRECTIONAL_TRIGGER,1H,DISCOVERY,8H,ALL,613,354,114,50,170,0.480225988700565,0.3220338983050847,0.1859706362153344,114.91242232804782,55.18393162646364,17999.999999,25199.999999,35999.999999,2.371437709705371,0.6092435153922802,0.7322695116675921,1.201426317801696,3.3752731182477014,4.912283087820368,4.360714650439663,0.14124293785310735,28800.000001,72.43499999999995,2019-05-12T00:00:00+00:00,2022-06-10T04:36:00+00:00,26952,3.080606890257814
IND_MACD_12_26_9_V1_MACD_CROSS_UP_SIGNAL_1H,MACD,DIRECTIONAL_TRIGGER,1H,DISCOVERY,12H,ALL,399,282,67,38,170,0.6028368794326241,0.2375886524822695,0.16791979949874686,91.54040422742793,55.18393162646364,14399.999999,21599.999999,37439.99999899999,2.5991944899087778,0.6108547920158477,0.7878048780487805,2.097902097902098,4.641039046134006,7.469738668744967,5.086235489220532,0.1347517730496454,25200.000001,80.9849999999999,2019-05-12T00:00:00+00:00,2022-06-10T04:36:00+00:00,26952,3.080606890257814
IND_MACD_12_26_9_V1_MACD_CROSS_UP_SIGNAL_1H,MACD,DIRECTIONAL_TRIGGER,1H,DISCOVERY,1D,ALL,203,247,44,28,170,0.6882591093117408,0.17813765182186234,0.21674876847290642,80.17900653962658,55.18393162646364,14399.999999,28799.999999,50759.99999900003,2.926342869765827,0.495254582341222,0.7652680295538433,2.782672285752592,7.015869650698354,8.622533566345663,3.0467710907128787,0.11336032388663968,19800.000001,57.109999999999985,2019-05-12T00:00:00+00:00,2022-06-10T04:36:00+00:00,26952,3.080606890257814
IND_MACD_12_26_9_V1_MACD_CROSS_UP_SIGNAL_1H,MACD,DIRECTIONAL_TRIGGER,1H,DISCOVERY,ALL,HIGH,2648,1115,688,198,170,0.15246636771300448,0.6170403587443947,0.2598187311178248,361.94166919709977,55.18393162646364,17999.999999,25199.999999,35999.999999,2.2991868021214534,1.6131213860203666,0.5858624236283816,0.8230880679060941,3.2639692735450256,3.208918021558876,3.509345794392495,0.17757847533632287,25200.000001,53.2349999999999,2019-05-12T00:00:00+00:00,2022-06-10T04:36:00+00:00,26952,3.080606890257814
IND_MACD_12_26_9_V1_MACD_CROSS_UP_SIGNAL_1H,MACD,DIRECTIONAL_TRIGGER,1H,DISCOVERY,ALL,LOW,2653,1107,692,161,170,0.15356820234869015,0.6251129177958447,0.260836788541274,359.34477829703087,55.18393162646364,21599.999999,32399.999999,39599.999999,2.770148941980627,1.8901481703459897,0.5521300698882687,0.9849384548893255,3.2590601130186165,3.485251601544638,3.6060282526474405,0.14543812104787715,25200.000001,48.85000000000002,2019-05-12T00:00:00+00:00,2022-06-10T04:36:00+00:00,26952,3.080606890257814
IND_MACD_12_26_9_V1_HISTOGRAM_CROSS_UP_ZERO_1H,MACD,DIRECTIONAL_TRIGGER,1H,DISCOVERY,ALL,ALL,5301,2052,1380,359,170,0.08284600389863547,0.672514619883041,0.26032823995472554,666.1025158676671,55.18393162646364,21599.999999,28799.999999,39599.999999,2.529613238341076,1.7403963424017075,0.5710293804556099,0.8865148382782464,3.2688224177077507,3.344493809323891,3.5291351805205577,0.17495126705653022,25200.000001,52.57999999999993,2019-05-12T00:00:00+00:00,2022-06-10T04:36:00+00:00,26952,3.080606890257814
IND_MACD_12_26_9_V1_HISTOGRAM_CROSS_UP_ZERO_1H,MACD,DIRECTIONAL_TRIGGER,1H,DISCOVERY,5m,ALL,0,170,0,0,170,1.0,0.0,,55.18393162646364,55.18393162646364,,,,,,,,,,,0.0,,,2019-05-12T00:00:00+00:00,2022-06-10T04:36:00+00:00,26952,3.080606890257814
IND_MACD_12_26_9_V1_HISTOGRAM_CROSS_UP_ZERO_1H,MACD,DIRECTIONAL_TRIGGER,1H,DISCOVERY,15m,ALL,150,253,81,0,170,0.6719367588932806,0.3201581027667984,0.54,82.12667471467824,55.18393162646364,15299.999999,24299.999999,27899.999999,3.109902370990231,3.8476174200347617,0.7414518193454005,1.288549977226309,3.687487334704423,8.645742385920062,8.308783687163896,0.0,,,2019-05-12T00:00:00+00:00,2022-06-10T04:36:00+00:00,26952,3.080606890257814
IND_MACD_12_26_9_V1_HISTOGRAM_CROSS_UP_ZERO_1H,MACD,DIRECTIONAL_TRIGGER,1H,DISCOVERY,30m,ALL,156,219,45,0,170,0.776255707762557,0.2054794520547945,0.28846153846153844,71.08988838938552,55.18393162646364,19799.999999,28799.999999,35279.999999,2.9968199213065283,3.1071199486850607,0.7917799939558775,1.2933025404157095,5.1032359619798076,11.692307692307699,9.64133738601826,0.0,,,2019-05-12T00:00:00+00:00,2022-06-10T04:36:00+00:00,26952,3.080606890257814
IND_MACD_12_26_9_V1_HISTOGRAM_CROSS_UP_ZERO_1H,MACD,DIRECTIONAL_TRIGGER,1H,DISCOVERY,1H,ALL,1726,1092,725,130,170,0.15567765567765568,0.6639194139194139,0.4200463499420626,354.47560785940175,55.18393162646364,21599.999999,28799.999999,39599.999999,2.4238659407413117,2.1416980011874243,0.46341463414633577,0.6652974771074271,1.8583931146163757,1.8814068575468328,2.6698441107738304,0.11904761904761904,25200.000001,39.254999999999825,2019-05-12T00:00:00+00:00,2022-06-10T04:36:00+00:00,26952,3.080606890257814
IND_MACD_12_26_9_V1_HISTOGRAM_CROSS_UP_ZERO_1H,MACD,DIRECTIONAL_TRIGGER,1H,DISCOVERY,2H,ALL,843,350,132,37,170,0.4857142857142857,0.37714285714285717,0.15658362989323843,113.61397687801339,55.18393162646364,21599.999999,32399.999999,42839.99999900002,2.449606738915511,1.5840854210557556,0.5585948685190655,0.8563244492761872,3.4301362606989962,2.786984788755908,3.551399304920415,0.10571428571428572,28800.000001,93.30999999999995,2019-05-12T00:00:00+00:00,2022-06-10T04:36:00+00:00,26952,3.080606890257814
IND_MACD_12_26_9_V1_HISTOGRAM_CROSS_UP_ZERO_1H,MACD,DIRECTIONAL_TRIGGER,1H,DISCOVERY,4H,ALL,435,206,24,10,170,0.8252427184466019,0.11650485436893204,0.05517241379310345,66.8699406767736,55.18393162646364,17999.999999,25199.999999,37439.99999899999,2.538231535379475,1.085924549343582,0.7593477711253709,1.3820583194166818,4.462322111342298,10.34562022734443,4.644592787484115,0.04854368932038835,34200.000001,81.45499999999993,2019-05-12T00:00:00+00:00,2022-06-10T04:36:00+00:00,26952,3.080606890257814
IND_MACD_12_26_9_V1_HISTOGRAM_CROSS_UP_ZERO_1H,MACD,DIRECTIONAL_TRIGGER,1H,DISCOVERY,6H,ALL,776,409,148,66,170,0.4156479217603912,0.36185819070904646,0.19072164948453607,132.76604726602136,55.18393162646364,17999.999999,28799.999999,39599.999999,2.232001278532878,0.7334468431327335,0.6512851753387168,1.1201717511194085,4.2079270399211905,3.4811964936882624,3.1351574403250377,0.16136919315403422,25200.000001,21.419999999999995,2019-05-12T00:00:00+00:00,2022-06-10T04:36:00+00:00,26952,3.080606890257814
IND_MACD_12_26_9_V1_HISTOGRAM_CROSS_UP_ZERO_1H,MACD,DIRECTIONAL_TRIGGER,1H,DISCOVERY,8H,ALL,613,354,114,50,170,0.480225988700565,0.3220338983050847,0.1859706362153344,114.91242232804782,55.18393162646364,17999.999999,25199.999999,35999.999999,2.371437709705371,0.6092435153922802,0.7322695116675921,1.201426317801696,3.3752731182477014,4.912283087820368,4.360714650439663,0.14124293785310735,28800.000001,72.43499999999995,2019-05-12T00:00:00+00:00,2022-06-10T04:36:00+00:00,26952,3.080606890257814
IND_MACD_12_26_9_V1_HISTOGRAM_CROSS_UP_ZERO_1H,MACD,DIRECTIONAL_TRIGGER,1H,DISCOVERY,12H,ALL,399,282,67,38,170,0.6028368794326241,0.2375886524822695,0.16791979949874686,91.54040422742793,55.18393162646364,14399.999999,21599.999999,37439.99999899999,2.5991944899087778,0.6108547920158477,0.7878048780487805,2.097902097902098,4.641039046134006,7.469738668744967,5.086235489220532,0.1347517730496454,25200.000001,80.9849999999999,2019-05-12T00:00:00+00:00,2022-06-10T04:36:00+00:00,26952,3.080606890257814
IND_MACD_12_26_9_V1_HISTOGRAM_CROSS_UP_ZERO_1H,MACD,DIRECTIONAL_TRIGGER,1H,DISCOVERY,1D,ALL,203,247,44,28,170,0.6882591093117408,0.17813765182186234,0.21674876847290642,80.17900653962658,55.18393162646364,14399.999999,28799.999999,50759.99999900003,2.926342869765827,0.495254582341222,0.7652680295538433,2.782672285752592,7.015869650698354,8.622533566345663,3.0467710907128787,0.11336032388663968,19800.000001,57.109999999999985,2019-05-12T00:00:00+00:00,2022-06-10T04:36:00+00:00,26952,3.080606890257814
IND_MACD_12_26_9_V1_HISTOGRAM_CROSS_UP_ZERO_1H,MACD,DIRECTIONAL_TRIGGER,1H,DISCOVERY,ALL,HIGH,2648,1115,688,198,170,0.15246636771300448,0.6170403587443947,0.2598187311178248,361.94166919709977,55.18393162646364,17999.999999,25199.999999,35999.999999,2.2991868021214534,1.6131213860203666,0.5858624236283816,0.8230880679060941,3.2639692735450256,3.208918021558876,3.509345794392495,0.17757847533632287,25200.000001,53.2349999999999,2019-05-12T00:00:00+00:00,2022-06-10T04:36:00+00:00,26952,3.080606890257814
IND_MACD_12_26_9_V1_HISTOGRAM_CROSS_UP_ZERO_1H,MACD,DIRECTIONAL_TRIGGER,1H,DISCOVERY,ALL,LOW,2653,1107,692,161,170,0.15356820234869015,0.6251129177958447,0.260836788541274,359.34477829703087,55.18393162646364,21599.999999,32399.999999,39599.999999,2.770148941980627,1.8901481703459897,0.5521300698882687,0.9849384548893255,3.2590601130186165,3.485251601544638,3.6060282526474405,0.14543812104787715,25200.000001,48.85000000000002,2019-05-12T00:00:00+00:00,2022-06-10T04:36:00+00:00,26952,3.080606890257814
IND_RSI_14_V1_RSI_CROSS_UP_30_1H,RSI,DIRECTIONAL_TRIGGER,1H,DISCOVERY,ALL,ALL,5301,833,467,240,47,0.056422569027611044,0.56062424969988,0.08809658554989624,270.40126496967184,15.256734037904653,7199.999999,10799.999999,17999.999999,2.062203626220358,1.289710409133018,0.6653019447287608,1.0949292542247717,4.445958006482223,3.758843432789919,3.432291666666625,0.28811524609843936,21600.000001,54.389999999999986,2019-05-12T00:00:00+00:00,2022-06-10T04:36:00+00:00,26952,3.080606890257814
IND_RSI_14_V1_RSI_CROSS_UP_30_1H,RSI,DIRECTIONAL_TRIGGER,1H,DISCOVERY,5m,ALL,0,47,0,0,47,1.0,0.0,,15.256734037904653,15.256734037904653,,,,,,,,,,,0.0,,,2019-05-12T00:00:00+00:00,2022-06-10T04:36:00+00:00,26952,3.080606890257814
IND_RSI_14_V1_RSI_CROSS_UP_30_1H,RSI,DIRECTIONAL_TRIGGER,1H,DISCOVERY,15m,ALL,150,95,43,0,47,0.49473684210526314,0.45263157894736844,0.2866666666666667,30.83807943831792,15.256734037904653,5399.999999,6299.999999,12599.999999,1.8685714285714325,2.216108956435452,0.830176470588236,1.0148536671368165,2.510350769732082,10.396977150654171,12.0632630410655,0.0,,,2019-05-12T00:00:00+00:00,2022-06-10T04:36:00+00:00,26952,3.080606890257814
IND_RSI_14_V1_RSI_CROSS_UP_30_1H,RSI,DIRECTIONAL_TRIGGER,1H,DISCOVERY,30m,ALL,156,87,34,0,47,0.5402298850574713,0.39080459770114945,0.21794871794871795,28.24118853824904,15.256734037904653,7199.999999,8999.999999,13859.999998999998,2.7265515515515517,2.1558339306933196,0.8146212216229786,0.9385237172625509,4.435304108366888,10.23648438346514,10.50998668442062,0.0,,,2019-05-12T00:00:00+00:00,2022-06-10T04:36:00+00:00,26952,3.080606890257814
IND_RSI_14_V1_RSI_CROSS_UP_30_1H,RSI,DIRECTIONAL_TRIGGER,1H,DISCOVERY,1H,ALL,1726,362,204,82,47,0.1298342541436464,0.56353591160221,0.11819235225955968,117.5093132281167,15.256734037904653,7199.999999,10799.999999,16919.99999900006,1.8847486801692788,1.4452564826181513,0.5867785543017514,0.73930865516176,1.9889672634930518,1.7888096878802393,2.6121057118499813,0.2265193370165746,25200.000001,68.68500000000006,2019-05-12T00:00:00+00:00,2022-06-10T04:36:00+00:00,26952,3.080606890257814
IND_RSI_14_V1_RSI_CROSS_UP_30_1H,RSI,DIRECTIONAL_TRIGGER,1H,DISCOVERY,2H,ALL,843,114,43,18,47,0.41228070175438597,0.37719298245614036,0.051008303677342826,37.0056953259815,15.256734037904653,7199.999999,10799.999999,17999.999999,2.19693588309286,1.130146784025158,0.7323108261937569,0.9868421052631612,3.235723377497453,3.9873362157891314,3.786041189931337,0.15789473684210525,23400.000001,15.625,2019-05-12T00:00:00+00:00,2022-06-10T04:36:00+00:00,26952,3.080606890257814
IND_RSI_14_V1_RSI_CROSS_UP_30_1H,RSI,DIRECTIONAL_TRIGGER,1H,DISCOVERY,4H,ALL,435,85,18,18,47,0.5529411764705883,0.21176470588235294,0.041379310344827586,27.59196581323182,15.256734037904653,7199.999999,7199.999999,10799.999999,2.09969411579658,0.9420091604180845,0.7888188074044591,1.3341699800816589,4.6326014033495335,7.044538600052009,5.309789947486928,0.21176470588235294,41400.000001,98.59500000000014,2019-05-12T00:00:00+00:00,2022-06-10T04:36:00+00:00,26952,3.080606890257814
IND_RSI_14_V1_RSI_CROSS_UP_30_1H,RSI,DIRECTIONAL_TRIGGER,1H,DISCOVERY,6H,ALL,776,149,38,54,47,0.31543624161073824,0.2550335570469799,0.04896907216494845,48.36709301378284,15.256734037904653,7199.999999,10799.999999,14399.999999,2.489601635367468,0.8098557871820824,0.6409716051526306,2.1236291335311392,5.314126796269601,2.9914379712810346,1.845607359803862,0.3624161073825503,18000.000001,43.76999999999998,2019-05-12T00:00:00+00:00,2022-06-10T04:36:00+00:00,26952,3.080606890257814
IND_RSI_14_V1_RSI_CROSS_UP_30_1H,RSI,DIRECTIONAL_TRIGGER,1H,DISCOVERY,8H,ALL,613,125,42,32,47,0.376,0.336,0.06851549755301795,40.57642031357621,15.256734037904653,7199.999999,10799.999999,17639.999998999996,3.0673906467375627,0.6522578297083463,0.6481382978723377,1.8883163825738258,5.133385565621245,4.327216716387644,2.3786792410870325,0.256,21600.000001,54.61500000000001,2019-05-12T00:00:00+00:00,2022-06-10T04:36:00+00:00,26952,3.080606890257814
IND_RSI_14_V1_RSI_CROSS_UP_30_1H,RSI,DIRECTIONAL_TRIGGER,1H,DISCOVERY,12H,ALL,399,92,21,21,47,0.5108695652173914,0.22826086956521738,0.05263157894736842,29.86424535079209,15.256734037904653,7199.999999,14399.999999,21599.999999,3.461607662149101,0.5305098913346351,0.6798857519499066,3.3619118341996823,4.965077687697117,7.534303122368442,2.4794955387783144,0.22826086956521738,39600.000001,60.860000000000014,2019-05-12T00:00:00+00:00,2022-06-10T04:36:00+00:00,26952,3.080606890257814
IND_RSI_14_V1_RSI_CROSS_UP_30_1H,RSI,DIRECTIONAL_TRIGGER,1H,DISCOVERY,1D,ALL,203,100,24,15,47,0.47,0.24,0.11822660098522167,32.46113625086097,15.256734037904653,16199.999999,21599.999999,31319.999998999996,3.801438263105881,0.5650532414449612,0.6556034497353749,3.8057690650603266,10.823708473433701,8.927876679005973,1.964042053064758,0.15,21600.000001,35.8900000000001,2019-05-12T00:00:00+00:00,2022-06-10T04:36:00+00:00,26952,3.080606890257814
IND_RSI_14_V1_RSI_CROSS_UP_30_1H,RSI,DIRECTIONAL_TRIGGER,1H,DISCOVERY,ALL,HIGH,2648,471,238,144,47,0.09978768577494693,0.505307855626327,0.08987915407854985,152.89195174155515,15.256734037904653,7199.999999,10799.999999,17999.999999,1.6765907875741908,1.1350339882943368,0.7168430122109216,0.9921197346788366,3.304636161147879,3.5697245716764336,3.7272727272727413,0.3057324840764331,25200.000001,49.63499999999988,2019-05-12T00:00:00+00:00,2022-06-10T04:36:00+00:00,26952,3.080606890257814
IND_RSI_14_V1_RSI_CROSS_UP_30_1H,RSI,DIRECTIONAL_TRIGGER,1H,DISCOVERY,ALL,LOW,2653,409,229,96,47,0.11491442542787286,0.5599022004889975,0.08631737655484358,132.76604726602136,15.256734037904653,7199.999999,10799.999999,17999.999999,2.8597725330352994,1.4153789303950561,0.6327160493827165,1.2430774749719689,5.412061674089182,3.937933498522093,3.1961703245412707,0.23471882640586797,19800.000001,64.86000000000013,2019-05-12T00:00:00+00:00,2022-06-10T04:36:00+00:00,26952,3.080606890257814
IND_RSI_14_V1_RSI_CROSS_UP_50_1H,RSI,DIRECTIONAL_TRIGGER,1H,DISCOVERY,ALL,ALL,5301,3091,1491,656,202,0.06535101908767389,0.482368165642187,0.2812676853423882,1003.3737215141125,65.57149522673915,14399.999999,25199.999999,39599.999999,2.4420632942935487,1.5945204276525258,0.6047985675917632,0.8857763510330094,3.4900481130040775,3.4356673229684014,3.58156028368796,0.21222905208670334,25200.000001,24.10499999999999,2019-05-12T00:00:00+00:00,2022-06-10T04:36:00+00:00,26952,3.080606890257814
IND_RSI_14_V1_RSI_CROSS_UP_50_1H,RSI,DIRECTIONAL_TRIGGER,1H,DISCOVERY,5m,ALL,0,202,0,0,202,1.0,0.0,,65.57149522673915,65.57149522673915,,,,,,,,,,,0.0,,,2019-05-12T00:00:00+00:00,2022-06-10T04:36:00+00:00,26952,3.080606890257814
IND_RSI_14_V1_RSI_CROSS_UP_50_1H,RSI,DIRECTIONAL_TRIGGER,1H,DISCOVERY,15m,ALL,150,347,89,0,202,0.5821325648414986,0.2564841498559078,0.5933333333333334,112.64014279048756,65.57149522673915,22499.999999,31499.999999,45179.999999,3.8305041152263333,5.128687040783725,0.6907517117915222,1.4959820709978655,4.217658994058088,8.31564271884419,6.688302252361275,0.0,,,2019-05-12T00:00:00+00:00,2022-06-10T04:36:00+00:00,26952,3.080606890257814
IND_RSI_14_V1_RSI_CROSS_UP_50_1H,RSI,DIRECTIONAL_TRIGGER,1H,DISCOVERY,30m,ALL,156,280,53,0,202,0.7214285714285714,0.18928571428571428,0.33974358974358976,90.8911815024107,65.57149522673915,17999.999999,32399.999999,52199.999999,4.013505578391069,4.266437964551172,0.7495586866514754,1.556954237849601,5.4257063994202,10.66727884909704,9.566546481563961,0.0,,,2019-05-12T00:00:00+00:00,2022-06-10T04:36:00+00:00,26952,3.080606890257814
IND_RSI_14_V1_RSI_CROSS_UP_50_1H,RSI,DIRECTIONAL_TRIGGER,1H,DISCOVERY,1H,ALL,1726,1533,773,248,202,0.13176777560339203,0.5042400521852577,0.447856315179606,497.6292187256986,65.57149522673915,14399.999999,21599.999999,39599.999999,2.1708365597714336,1.9397049390635013,0.5030411449016103,0.5904976400838098,1.7622287882413439,1.9067673945079775,3.2885906040268105,0.16177429876060012,25200.000001,33.11500000000001,2019-05-12T00:00:00+00:00,2022-06-10T04:36:00+00:00,26952,3.080606890257814
IND_RSI_14_V1_RSI_CROSS_UP_50_1H,RSI,DIRECTIONAL_TRIGGER,1H,DISCOVERY,2H,ALL,843,479,130,72,202,0.42171189979123175,0.27139874739039666,0.1542111506524318,155.48884264162402,65.57149522673915,17999.999999,28799.999999,43559.99999900003,2.411801957367771,1.5233955263627625,0.5817806617937828,0.9145327641312666,2.6096899731520464,2.760491458247563,3.0800429256067043,0.15031315240083507,21600.000001,9.165000000000006,2019-05-12T00:00:00+00:00,2022-06-10T04:36:00+00:00,26952,3.080606890257814
IND_RSI_14_V1_RSI_CROSS_UP_50_1H,RSI,DIRECTIONAL_TRIGGER,1H,DISCOVERY,4H,ALL,435,265,26,19,202,0.7622641509433963,0.09811320754716982,0.059770114942528735,86.02201106478157,65.57149522673915,16199.999999,24299.999999,35999.999999,3.464631749239117,1.4165365434718844,0.6938879836167398,2.004681420590371,4.4325111520186535,5.226919110792185,2.778888194878203,0.07169811320754717,25200.000001,91.17000000000007,2019-05-12T00:00:00+00:00,2022-06-10T04:36:00+00:00,26952,3.080606890257814
IND_RSI_14_V1_RSI_CROSS_UP_50_1H,RSI,DIRECTIONAL_TRIGGER,1H,DISCOVERY,6H,ALL,776,555,149,116,202,0.36396396396396397,0.26846846846846845,0.19201030927835053,180.15930619227836,65.57149522673915,14399.999999,25199.999999,35999.999999,2.027684883376369,0.5918862308455528,0.6897746967071061,1.1131314027229549,3.398419307725988,4.0549145462418075,3.9755434782608607,0.209009009009009,25200.000001,38.29499999999997,2019-05-12T00:00:00+00:00,2022-06-10T04:36:00+00:00,26952,3.080606890257814
IND_RSI_14_V1_RSI_CROSS_UP_50_1H,RSI,DIRECTIONAL_TRIGGER,1H,DISCOVERY,8H,ALL,613,495,124,84,202,0.4080808080808081,0.2505050505050505,0.20228384991843393,160.6826244417618,65.57149522673915,17999.999999,32399.999999,43199.999999,2.5440234121272054,0.6629152279091665,0.6712347948311136,1.3201793876120314,3.6162528877267497,4.788141834973773,3.3944990840226543,0.1696969696969697,32400.000001,41.650000000000034,2019-05-12T00:00:00+00:00,2022-06-10T04:36:00+00:00,26952,3.080606890257814
IND_RSI_14_V1_RSI_CROSS_UP_50_1H,RSI,DIRECTIONAL_TRIGGER,1H,DISCOVERY,12H,ALL,399,400,86,63,202,0.505,0.215,0.21553884711779447,129.84454500344387,65.57149522673915,10799.999999,21599.999999,37799.999999,2.774739683733474,0.6043659119786214,0.7555483246701253,2.0918871855424026,6.230895577732587,7.404720128720175,3.856964842468002,0.1575,32400.000001,24.170000000000016,2019-05-12T00:00:00+00:00,2022-06-10T04:36:00+00:00,26952,3.080606890257814
IND_RSI_14_V1_RSI_CROSS_UP_50_1H,RSI,DIRECTIONAL_TRIGGER,1H,DISCOVERY,1D,ALL,203,353,61,54,202,0.5722379603399433,0.17280453257790368,0.30049261083743845,114.5878109655392,65.57149522673915,14399.999999,25199.999999,39599.999999,4.076233183856504,0.5552251639021246,0.7386952019330344,3.3935898857713234,8.539001042555201,9.233869964418128,2.6347634763476324,0.1529745042492918,34200.000001,15.679999999999993,2019-05-12T00:00:00+00:00,2022-06-10T04:36:00+00:00,26952,3.080606890257814
IND_RSI_14_V1_RSI_CROSS_UP_50_1H,RSI,DIRECTIONAL_TRIGGER,1H,DISCOVERY,ALL,HIGH,2648,1638,736,348,202,0.12332112332112333,0.44932844932844934,0.27794561933534745,531.7134117891027,65.57149522673915,14399.999999,25199.999999,39599.999999,2.357278938972004,1.4844263621986924,0.6178096606695673,0.8358856714696987,3.666948481869953,3.4747229107234747,3.7242779524432272,0.21245421245421245,28800.000001,19.730000000000018,2019-05-12T00:00:00+00:00,2022-06-10T04:36:00+00:00,26952,3.080606890257814
IND_RSI_14_V1_RSI_CROSS_UP_50_1H,RSI,DIRECTIONAL_TRIGGER,1H,DISCOVERY,ALL,LOW,2653,1655,755,308,202,0.12205438066465257,0.4561933534743202,0.2845834903882397,537.231804951749,65.57149522673915,14399.999999,28349.999999,40139.99999900002,2.591505620466253,1.6829152863227634,0.5933762649494008,0.9077155824508236,3.3574521283778376,3.416914040295583,3.4599092284417483,0.18610271903323264,25200.000001,32.334999999999994,2019-05-12T00:00:00+00:00,2022-06-10T04:36:00+00:00,26952,3.080606890257814
IND_SMA_CROSS_10_50_V1_MA_CROSS_UP_1H,MA/DMI,DIRECTIONAL_TRIGGER,1H,DISCOVERY,ALL,ALL,5301,723,522,146,43,0.059474412171507604,0.7219917012448133,0.09847198641765705,234.6940150937248,13.958288587870216,43199.999999,57599.999999,71999.999999,3.979082536719919,2.2633686679295573,0.5216075562251772,0.9787800485474905,3.8889511864572976,3.8644395291485494,3.4143844093885205,0.20193637621023514,28800.000001,20.924999999999997,2019-05-12T00:00:00+00:00,2022-06-10T04:36:00+00:00,26952,3.080606890257814
IND_SMA_CROSS_10_50_V1_MA_CROSS_UP_1H,MA/DMI,DIRECTIONAL_TRIGGER,1H,DISCOVERY,5m,ALL,0,43,0,0,43,1.0,0.0,,13.958288587870216,13.958288587870216,,,,,,,,,,,0.0,,,2019-05-12T00:00:00+00:00,2022-06-10T04:36:00+00:00,26952,3.080606890257814
IND_SMA_CROSS_10_50_V1_MA_CROSS_UP_1H,MA/DMI,DIRECTIONAL_TRIGGER,1H,DISCOVERY,15m,ALL,150,95,52,0,43,0.45263157894736844,0.5473684210526316,0.3466666666666667,30.83807943831792,13.958288587870216,51299.999999,66374.999999,74699.999999,5.8474660782466925,8.461407617807051,0.5523640390855947,1.4824262799124865,4.203825356578185,5.871983950777902,3.493516506623676,0.0,,,2019-05-12T00:00:00+00:00,2022-06-10T04:36:00+00:00,26952,3.080606890257814
IND_SMA_CROSS_10_50_V1_MA_CROSS_UP_1H,MA/DMI,DIRECTIONAL_TRIGGER,1H,DISCOVERY,30m,ALL,156,87,43,0,43,0.4942528735632184,0.4942528735632184,0.27564102564102566,28.24118853824904,13.958288587870216,44999.999999,64799.99999900001,80279.99999900002,5.931132385783277,6.590541381456118,0.6226688769167014,1.9848895674836182,6.041291685378607,9.145676201318723,3.7803921568627494,0.0,,,2019-05-12T00:00:00+00:00,2022-06-10T04:36:00+00:00,26952,3.080606890257814
IND_SMA_CROSS_10_50_V1_MA_CROSS_UP_1H,MA/DMI,DIRECTIONAL_TRIGGER,1H,DISCOVERY,1H,ALL,1726,284,171,67,43,0.15140845070422534,0.602112676056338,0.09907300115874855,92.18962695244514,13.958288587870216,39599.999999,50399.999999,64799.999999,3.629833754969266,3.293175752954627,0.440108892921961,0.55806131029737,1.6006930533151904,2.363720480082533,3.790954495005523,0.23591549295774647,21600.000001,20.52000000000001,2019-05-12T00:00:00+00:00,2022-06-10T04:36:00+00:00,26952,3.080606890257814
IND_SMA_CROSS_10_50_V1_MA_CROSS_UP_1H,MA/DMI,DIRECTIONAL_TRIGGER,1H,DISCOVERY,2H,ALL,843,97,38,16,43,0.44329896907216493,0.3917525773195876,0.045077105575326216,31.487302163335137,13.958288587870216,43199.999999,56699.999999,64799.999999,4.154294257580204,2.705577827046344,0.3749797119025926,0.970988521499822,2.046641884577664,1.6266652327776439,1.8318451784039125,0.16494845360824742,41400.000001,12.185000000000002,2019-05-12T00:00:00+00:00,2022-06-10T04:36:00+00:00,26952,3.080606890257814
IND_SMA_CROSS_10_50_V1_MA_CROSS_UP_1H,MA/DMI,DIRECTIONAL_TRIGGER,1H,DISCOVERY,4H,ALL,435,58,13,2,43,0.7413793103448276,0.22413793103448276,0.029885057471264367,18.827459025499362,13.958288587870216,53999.999999,61199.999999,79919.99999900002,5.863954227590592,2.188745762711864,0.5620175814751287,1.5154943778405299,2.8540372365135758,6.995251928384157,3.2508459517193082,0.034482758620689655,27000.000001,81.9399999999999,2019-05-12T00:00:00+00:00,2022-06-10T04:36:00+00:00,26952,3.080606890257814
IND_SMA_CROSS_10_50_V1_MA_CROSS_UP_1H,MA/DMI,DIRECTIONAL_TRIGGER,1H,DISCOVERY,6H,ALL,776,128,64,17,43,0.3359375,0.5,0.08247422680412371,41.55025440110204,13.958288587870216,39599.999999,53999.999999,61199.999999,3.2245403370954384,0.9189881960072,0.5819623846516317,0.8460496952602432,2.8786269721451325,2.749298510016766,2.865248226950356,0.1328125,50400.000001,13.620000000000005,2019-05-12T00:00:00+00:00,2022-06-10T04:36:00+00:00,26952,3.080606890257814
IND_SMA_CROSS_10_50_V1_MA_CROSS_UP_1H,MA/DMI,DIRECTIONAL_TRIGGER,1H,DISCOVERY,8H,ALL,613,122,64,11,43,0.3524590163934426,0.5245901639344263,0.10440456769983687,39.60258622605038,13.958288587870216,46799.999999,64799.999999,75599.999999,3.6894849441436204,0.9238499818386525,0.5049899340851958,1.312292555013526,3.426152170845052,4.045161128274689,2.45625906234897,0.09016393442622951,32400.000001,106.05999999999995,2019-05-12T00:00:00+00:00,2022-06-10T04:36:00+00:00,26952,3.080606890257814
IND_SMA_CROSS_10_50_V1_MA_CROSS_UP_1H,MA/DMI,DIRECTIONAL_TRIGGER,1H,DISCOVERY,12H,ALL,399,104,46,15,43,0.41346153846153844,0.4423076923076923,0.11528822055137844,33.7595817008954,13.958288587870216,43199.999999,56699.999999,66599.999999,3.3015079999038264,0.7094085124552414,0.6838161523436588,1.615177917904027,4.665660679418526,5.739262537352996,3.5595553202752597,0.14423076923076922,21600.000001,17.610000000000014,2019-05-12T00:00:00+00:00,2022-06-10T04:36:00+00:00,26952,3.080606890257814
IND_SMA_CROSS_10_50_V1_MA_CROSS_UP_1H,MA/DMI,DIRECTIONAL_TRIGGER,1H,DISCOVERY,1D,ALL,203,92,31,18,43,0.4673913043478261,0.33695652173913043,0.15270935960591134,29.86424535079209,13.958288587870216,32399.999999,43199.999999,71999.999999,3.8335338949057425,0.6161841128433565,0.7272373540856033,2.9016663390216824,8.22007103106391,7.0363305297840935,4.571830985915512,0.1956521739130435,19800.000001,62.329999999999984,2019-05-12T00:00:00+00:00,2022-06-10T04:36:00+00:00,26952,3.080606890257814
IND_SMA_CROSS_10_50_V1_MA_CROSS_UP_1H,MA/DMI,DIRECTIONAL_TRIGGER,1H,DISCOVERY,ALL,HIGH,2648,381,254,79,43,0.11286089238845144,0.6666666666666666,0.09592145015105741,123.67692911578028,13.958288587870216,39599.999999,57599.999999,71999.999999,3.715138432431808,2.3454353748360313,0.5315417050170075,0.981333566478366,3.653699271855575,4.10219054694352,3.282892608765998,0.2073490813648294,28800.000001,18.060000000000002,2019-05-12T00:00:00+00:00,2022-06-10T04:36:00+00:00,26952,3.080606890257814
IND_SMA_CROSS_10_50_V1_MA_CROSS_UP_1H,MA/DMI,DIRECTIONAL_TRIGGER,1H,DISCOVERY,ALL,LOW,2653,385,268,67,43,0.11168831168831168,0.6961038961038961,0.10101771579344139,124.97537456581472,13.958288587870216,43199.999999,57599.999999,68399.999999,4.526919094470564,2.053468484797026,0.4889679479896486,0.9787800485474905,3.926502346297167,3.5246995994659622,3.523958906164154,0.17402597402597403,28800.000001,24.029999999999973,2019-05-12T00:00:00+00:00,2022-06-10T04:36:00+00:00,26952,3.080606890257814
IND_ADX_14_V1_DI_CROSS_UP_1H,MA/DMI,DIRECTIONAL_TRIGGER,1H,DISCOVERY,ALL,ALL,5301,2049,1172,409,137,0.06686188384577843,0.5719863347974622,0.2210903603093756,665.1286817801412,44.47175666367952,17999.999999,32399.999999,46799.999999,2.670085195008819,1.7401526444227127,0.5779973926573864,0.8709055876685899,3.318830194449792,3.250595900206585,3.5893719806763436,0.19960956564177648,25200.000001,23.0,2019-05-12T00:00:00+00:00,2022-06-10T04:36:00+00:00,26952,3.080606890257814
IND_ADX_14_V1_DI_CROSS_UP_1H,MA/DMI,DIRECTIONAL_TRIGGER,1H,DISCOVERY,5m,ALL,0,137,0,0,137,1.0,0.0,,44.47175666367952,44.47175666367952,,,,,,,,,,,0.0,,,2019-05-12T00:00:00+00:00,2022-06-10T04:36:00+00:00,26952,3.080606890257814
IND_ADX_14_V1_DI_CROSS_UP_1H,MA/DMI,DIRECTIONAL_TRIGGER,1H,DISCOVERY,15m,ALL,150,244,79,0,137,0.5614754098360656,0.3237704918032787,0.5266666666666666,79.20517245210075,44.47175666367952,24299.999999,38699.999999,50759.99999900001,3.7437015503875957,5.49029015307289,0.7322268061018893,1.2839706604319256,3.664535409477317,8.31564271884419,8.095221230790038,0.0,,,2019-05-12T00:00:00+00:00,2022-06-10T04:36:00+00:00,26952,3.080606890257814
IND_ADX_14_V1_DI_CROSS_UP_1H,MA/DMI,DIRECTIONAL_TRIGGER,1H,DISCOVERY,30m,ALL,156,202,47,1,137,0.6782178217821783,0.23267326732673269,0.30128205128205127,65.57149522673915,44.47175666367952,23399.999999,37799.999999,61919.999999,4.199903035181776,5.1554349022341235,0.7347280334728041,1.5346856703530656,5.686414610334184,8.419952773366472,6.9468085106383155,0.0049504950495049506,14400.000001,3.6100000000000136,2019-05-12T00:00:00+00:00,2022-06-10T04:36:00+00:00,26952,3.080606890257814
IND_ADX_14_V1_DI_CROSS_UP_1H,MA/DMI,DIRECTIONAL_TRIGGER,1H,DISCOVERY,1H,ALL,1726,995,570,158,137,0.13768844221105528,0.5728643216080402,0.3302433371958285,322.9883056960666,44.47175666367952,17999.999999,28799.999999,43199.999999,2.457690836258892,2.2215603006632634,0.4839172438480247,0.5994403716678072,1.7228690849380497,1.7630030665165193,3.0233644859813404,0.15879396984924624,23400.000001,22.29000000000005,2019-05-12T00:00:00+00:00,2022-06-10T04:36:00+00:00,26952,3.080606890257814
IND_ADX_14_V1_DI_CROSS_UP_1H,MA/DMI,DIRECTIONAL_TRIGGER,1H,DISCOVERY,2H,ALL,843,303,104,37,137,0.4521452145214521,0.3432343234323432,0.12336892052194544,98.35724284010873,44.47175666367952,25199.999999,35999.999999,50399.999999,2.337216600400654,1.6249584202727654,0.5649052222245116,0.6768429672090975,2.2571670678092155,2.6864807427603155,3.7975088183421644,0.12211221122112212,25200.000001,21.939999999999998,2019-05-12T00:00:00+00:00,2022-06-10T04:36:00+00:00,26952,3.080606890257814
IND_ADX_14_V1_DI_CROSS_UP_1H,MA/DMI,DIRECTIONAL_TRIGGER,1H,DISCOVERY,4H,ALL,435,182,23,14,137,0.7527472527472527,0.12637362637362637,0.052873563218390804,59.07926797656696,44.47175666367952,25199.999999,41399.999999,57599.999999,3.3017886855241234,1.2413579290032557,0.700771978338518,1.7986526660403845,4.06275032552469,6.026369935559695,2.97804102860443,0.07692307692307693,25200.000001,30.51000000000002,2019-05-12T00:00:00+00:00,2022-06-10T04:36:00+00:00,26952,3.080606890257814
IND_ADX_14_V1_DI_CROSS_UP_1H,MA/DMI,DIRECTIONAL_TRIGGER,1H,DISCOVERY,6H,ALL,776,371,133,63,137,0.3692722371967655,0.3584905660377358,0.1713917525773196,120.43081549069419,44.47175666367952,17999.999999,28799.999999,43199.999999,2.4137378912817233,0.7593521174835653,0.6433121019108279,1.1766803351756172,3.542041029295618,3.2641949701840893,3.1133450862934486,0.16981132075471697,18000.000001,16.169999999999987,2019-05-12T00:00:00+00:00,2022-06-10T04:36:00+00:00,26952,3.080606890257814
IND_ADX_14_V1_DI_CROSS_UP_1H,MA/DMI,DIRECTIONAL_TRIGGER,1H,DISCOVERY,8H,ALL,613,355,112,58,137,0.38591549295774646,0.3154929577464789,0.18270799347471453,115.23703369055643,44.47175666367952,21599.999999,39599.999999,57239.99999900002,2.5878520645338936,0.6463957441355179,0.6650762799626178,1.123450836863552,3.5354819752697506,4.168746988197648,3.832420537254868,0.16338028169014085,27000.000001,68.5,2019-05-12T00:00:00+00:00,2022-06-10T04:36:00+00:00,26952,3.080606890257814
IND_ADX_14_V1_DI_CROSS_UP_1H,MA/DMI,DIRECTIONAL_TRIGGER,1H,DISCOVERY,12H,ALL,399,272,64,45,137,0.5036764705882353,0.23529411764705882,0.16040100250626566,88.29429060234183,44.47175666367952,12599.999999,26099.999999,39599.999999,3.179109433073672,0.651147424043006,0.7442059429276897,2.2718360876497097,6.312512803968745,7.312102129665412,3.8986365788099278,0.16544117647058823,28800.000001,24.170000000000016,2019-05-12T00:00:00+00:00,2022-06-10T04:36:00+00:00,26952,3.080606890257814
IND_ADX_14_V1_DI_CROSS_UP_1H,MA/DMI,DIRECTIONAL_TRIGGER,1H,DISCOVERY,1D,ALL,203,221,40,33,137,0.6199095022624435,0.18099547511312217,0.19704433497536947,71.73911111440273,44.47175666367952,16199.999999,30599.999999,47159.99999900001,3.74944283606181,0.5380201310292985,0.7417881100976742,2.7923266656845405,7.808026616093777,7.971162234379524,3.627600348789299,0.1493212669683258,36000.000001,16.909999999999997,2019-05-12T00:00:00+00:00,2022-06-10T04:36:00+00:00,26952,3.080606890257814
IND_ADX_14_V1_DI_CROSS_UP_1H,MA/DMI,DIRECTIONAL_TRIGGER,1H,DISCOVERY,ALL,HIGH,2648,1099,592,223,137,0.12465878070973613,0.5386715195632393,0.22356495468277945,356.747887396962,44.47175666367952,14399.999999,28799.999999,43199.999999,2.5246336973169274,1.6194779967254036,0.5848546081695547,0.9405323358811805,3.590835973085505,3.2673620397610827,3.379310344827577,0.20291173794358508,28800.000001,18.29000000000002,2019-05-12T00:00:00+00:00,2022-06-10T04:36:00+00:00,26952,3.080606890257814
IND_ADX_14_V1_DI_CROSS_UP_1H,MA/DMI,DIRECTIONAL_TRIGGER,1H,DISCOVERY,ALL,LOW,2653,1087,580,186,137,0.12603495860165592,0.5335786568537259,0.2186204297022239,352.8525510468587,44.47175666367952,21599.999999,35999.999999,50399.999999,2.859486308693746,1.8189191856162275,0.5667243837958179,0.8067881961266181,3.119008394342312,3.2195816708485876,3.98062888198762,0.17111315547378106,25200.000001,33.5,2019-05-12T00:00:00+00:00,2022-06-10T04:36:00+00:00,26952,3.080606890257814
PRICE_ONE_BAR_DIRECTION_CHANGE_4H,PRICE_ONLY,PRICE_BASELINE,4H,DISCOVERY,ALL,ALL,5301,3640,1845,995,69,0.018956043956043955,0.5068681318681318,0.34804753820033957,1181.5853595313392,22.398184013094067,14399.999999,21599.999999,28799.999999,2.258448049496535,1.429161193469693,0.633535004321522,0.9162690537516428,3.380631154532063,3.96879314501107,4.069641649763339,0.2733516483516483,28800.000001,36.63000000000001,2019-05-12T00:00:00+00:00,2022-06-10T04:36:00+00:00,6747,3.080606890257814
PRICE_ONE_BAR_DIRECTION_CHANGE_4H,PRICE_ONLY,PRICE_BASELINE,4H,DISCOVERY,5m,ALL,0,69,0,0,69,1.0,0.0,,22.398184013094067,22.398184013094067,,,,,,,,,,,0.0,,,2019-05-12T00:00:00+00:00,2022-06-10T04:36:00+00:00,6747,3.080606890257814
PRICE_ONE_BAR_DIRECTION_CHANGE_4H,PRICE_ONLY,PRICE_BASELINE,4H,DISCOVERY,15m,ALL,150,256,106,0,69,0.26953125,0.4140625,0.7066666666666667,83.10050880220408,22.398184013094067,13499.999999,17999.999999,24299.999999,2.4482249400429565,3.4391530639495205,0.8033147409502696,1.1507484577092277,4.008564954078296,9.411183505258872,8.605200597189052,0.0,,,2019-05-12T00:00:00+00:00,2022-06-10T04:36:00+00:00,6747,3.080606890257814
PRICE_ONE_BAR_DIRECTION_CHANGE_4H,PRICE_ONLY,PRICE_BASELINE,4H,DISCOVERY,30m,ALL,156,183,65,0,69,0.3770491803278688,0.3551912568306011,0.4166666666666667,59.403879339075566,22.398184013094067,17999.999999,25199.999999,40679.999999,3.4031281533804143,3.080179602309178,0.7908827186075423,1.1821862348178063,4.8691050856635725,11.63878650411114,10.481937602627239,0.0,,,2019-05-12T00:00:00+00:00,2022-06-10T04:36:00+00:00,6747,3.080606890257814
PRICE_ONE_BAR_DIRECTION_CHANGE_4H,PRICE_ONLY,PRICE_BASELINE,4H,DISCOVERY,1H,ALL,1726,1679,997,344,69,0.0410958904109589,0.5938058368076236,0.5776361529548089,545.0224776519557,22.398184013094067,17999.999999,21599.999999,28799.999999,2.048152004164499,1.7231603408210658,0.5511212701550633,0.6872965960187865,1.858652703924536,2.3116884400234055,3.341911764705885,0.20488385944014295,28800.000001,46.47000000000003,2019-05-12T00:00:00+00:00,2022-06-10T04:36:00+00:00,6747,3.080606890257814
PRICE_ONE_BAR_DIRECTION_CHANGE_4H,PRICE_ONLY,PRICE_BASELINE,4H,DISCOVERY,2H,ALL,843,380,161,106,69,0.18157894736842106,0.4236842105263158,0.19098457888493475,123.35231775327168,22.398184013094067,21599.999999,21599.999999,28799.999999,2.1285426301434858,1.1671438009249053,0.6746031746031734,0.7301066585779905,2.44854685083662,3.6091711433425786,4.703822498096448,0.2789473684210526,28800.000001,18.215000000000003,2019-05-12T00:00:00+00:00,2022-06-10T04:36:00+00:00,6747,3.080606890257814
PRICE_ONE_BAR_DIRECTION_CHANGE_4H,PRICE_ONLY,PRICE_BASELINE,4H,DISCOVERY,4H,ALL,435,152,30,37,69,0.45394736842105265,0.19736842105263158,0.06896551724137931,49.34092710130867,22.398184013094067,14399.999999,14399.999999,28799.999999,2.6570829776407896,0.9119069078841269,0.7907281404078121,1.1265812158638315,4.170767561437568,8.818208560082365,7.811133266866076,0.24342105263157895,28800.000001,49.6400000000001,2019-05-12T00:00:00+00:00,2022-06-10T04:36:00+00:00,6747,3.080606890257814
PRICE_ONE_BAR_DIRECTION_CHANGE_4H,PRICE_ONLY,PRICE_BASELINE,4H,DISCOVERY,6H,ALL,776,522,197,172,69,0.13218390804597702,0.3773946360153257,0.2538659793814433,169.44713122949423,22.398184013094067,14399.999999,21599.999999,35999.999999,1.9544630263953373,0.6268588498392116,0.675417661097852,1.1600701891206842,3.7559713166177073,3.4098275638532294,3.308759732368824,0.32950191570881227,28800.000001,20.850000000000037,2019-05-12T00:00:00+00:00,2022-06-10T04:36:00+00:00,6747,3.080606890257814
PRICE_ONE_BAR_DIRECTION_CHANGE_4H,PRICE_ONLY,PRICE_BASELINE,4H,DISCOVERY,8H,ALL,613,430,132,147,69,0.16046511627906976,0.30697674418604654,0.21533442088091354,139.58288587870214,22.398184013094067,14399.999999,28799.999999,57599.999999,2.367609199214403,0.6059303967595762,0.7445448897317634,1.189869385876338,3.426010179688032,4.703991859620345,4.4379843519448325,0.34186046511627904,28800.000001,41.53999999999999,2019-05-12T00:00:00+00:00,2022-06-10T04:36:00+00:00,6747,3.080606890257814
PRICE_ONE_BAR_DIRECTION_CHANGE_4H,PRICE_ONLY,PRICE_BASELINE,4H,DISCOVERY,12H,ALL,399,336,83,116,69,0.20535714285714285,0.24702380952380953,0.20802005012531327,109.06941780289284,22.398184013094067,14399.999999,28799.999999,43199.999999,2.5967250897369123,0.5326701823665168,0.7349943374858439,1.9663499115553915,5.561242515270878,6.3903468427033125,3.360419397116647,0.34523809523809523,28800.000001,55.96499999999992,2019-05-12T00:00:00+00:00,2022-06-10T04:36:00+00:00,6747,3.080606890257814
PRICE_ONE_BAR_DIRECTION_CHANGE_4H,PRICE_ONLY,PRICE_BASELINE,4H,DISCOVERY,1D,ALL,203,254,74,73,69,0.27165354330708663,0.29133858267716534,0.3645320197044335,82.45128607718685,22.398184013094067,14399.999999,28799.999999,43199.999999,3.8992785096378175,0.5887111301675434,0.7163430352594516,3.4966578829039525,9.703065261607057,8.251085870460326,2.6461249199363617,0.2874015748031496,28800.000001,19.72999999999999,2019-05-12T00:00:00+00:00,2022-06-10T04:36:00+00:00,6747,3.080606890257814
PRICE_ONE_BAR_DIRECTION_CHANGE_4H,PRICE_ONLY,PRICE_BASELINE,4H,DISCOVERY,ALL,HIGH,2648,1846,910,549,69,0.03737811484290358,0.49295774647887325,0.34365558912386707,599.2325751908934,22.398184013094067,14399.999999,21599.999999,28799.999999,2.0282784860703504,1.3317478746119327,0.6511088901113058,0.910992704906313,3.1207255037412844,3.8217093159391147,4.356922973967791,0.2973997833152763,28800.000001,41.29000000000008,2019-05-12T00:00:00+00:00,2022-06-10T04:36:00+00:00,6747,3.080606890257814
PRICE_ONE_BAR_DIRECTION_CHANGE_4H,PRICE_ONLY,PRICE_BASELINE,4H,DISCOVERY,ALL,LOW,2653,1863,935,446,69,0.037037037037037035,0.5018786902844874,0.35243120995099886,604.7509683535399,22.398184013094067,17999.999999,25199.999999,32399.999999,2.4148967122490554,1.5509396636993136,0.6188109866281181,0.9175581565112132,3.5822428879869537,4.103133805941027,3.8113213448006382,0.23939881910896404,28800.000001,32.37999999999998,2019-05-12T00:00:00+00:00,2022-06-10T04:36:00+00:00,6747,3.080606890257814
PRICE_CLOSE_ABOVE_PREVIOUS_HIGH_4H,PRICE_ONLY,PRICE_BASELINE,4H,DISCOVERY,ALL,ALL,5301,2855,1258,480,71,0.024868651488616462,0.44063047285464096,0.23731371439351065,926.7654399620806,23.047406738111285,28799.999999,35999.999999,53999.999999,3.248096894293373,2.12646221261246,0.4926533424971848,1.132825083217016,3.5991894369460304,3.9072098230508105,3.366492146596803,0.1681260945709282,36000.000001,21.590000000000003,2019-05-12T00:00:00+00:00,2022-06-10T04:36:00+00:00,6747,3.080606890257814
PRICE_CLOSE_ABOVE_PREVIOUS_HIGH_4H,PRICE_ONLY,PRICE_BASELINE,4H,DISCOVERY,5m,ALL,0,71,0,0,71,1.0,0.0,,23.047406738111285,23.047406738111285,,,,,,,,,,,0.0,,,2019-05-12T00:00:00+00:00,2022-06-10T04:36:00+00:00,6747,3.080606890257814
PRICE_CLOSE_ABOVE_PREVIOUS_HIGH_4H,PRICE_ONLY,PRICE_BASELINE,4H,DISCOVERY,15m,ALL,150,248,81,1,71,0.2862903225806452,0.32661290322580644,0.54,80.50361790213519,23.047406738111285,26999.999999,38699.999999,54899.999999,4.504021447721179,5.260748185371313,0.6848420734471815,1.4486967834657316,4.4412961254012995,7.797459957006807,5.839633063498573,0.004032258064516129,28800.000001,137.52000000000044,2019-05-12T00:00:00+00:00,2022-06-10T04:36:00+00:00,6747,3.080606890257814
PRICE_CLOSE_ABOVE_PREVIOUS_HIGH_4H,PRICE_ONLY,PRICE_BASELINE,4H,DISCOVERY,30m,ALL,156,198,54,1,71,0.35858585858585856,0.2727272727272727,0.34615384615384615,64.27304977670471,23.047406738111285,24299.999999,37799.999999,52919.99999900001,4.8096346782811015,4.644652903802427,0.7373412722329902,1.8730873953388039,4.143293392787469,10.886061913187747,7.370143616249725,0.005050505050505051,57600.000001,25.55000000000001,2019-05-12T00:00:00+00:00,2022-06-10T04:36:00+00:00,6747,3.080606890257814
PRICE_CLOSE_ABOVE_PREVIOUS_HIGH_4H,PRICE_ONLY,PRICE_BASELINE,4H,DISCOVERY,1H,ALL,1726,1312,634,201,71,0.054115853658536585,0.48323170731707316,0.36732329084588644,425.8901076112959,23.047406738111285,28799.999999,35999.999999,50399.999999,3.260475188228925,2.7174070187509782,0.3848184151844245,0.845801589289136,2.3277352986960778,2.268908835379814,2.553100036494866,0.15320121951219512,28800.000001,21.889999999999986,2019-05-12T00:00:00+00:00,2022-06-10T04:36:00+00:00,6747,3.080606890257814
PRICE_CLOSE_ABOVE_PREVIOUS_HIGH_4H,PRICE_ONLY,PRICE_BASELINE,4H,DISCOVERY,2H,ALL,843,302,116,49,71,0.23509933774834438,0.3841059602649007,0.1376037959667853,98.03263147760012,23.047406738111285,28799.999999,43199.999999,50399.999999,3.194397444324612,1.92200925490465,0.47658095889889485,1.272642429898613,3.216178544117704,2.6671879476649765,1.8698461905496622,0.16225165562913907,28800.000001,9.949999999999989,2019-05-12T00:00:00+00:00,2022-06-10T04:36:00+00:00,6747,3.080606890257814
PRICE_CLOSE_ABOVE_PREVIOUS_HIGH_4H,PRICE_ONLY,PRICE_BASELINE,4H,DISCOVERY,4H,ALL,435,137,17,24,71,0.5182481751824818,0.12408759124087591,0.03908045977011494,44.47175666367952,23.047406738111285,28799.999999,57599.999999,57599.999999,4.302168021680216,1.344663722256385,0.6741271752216275,1.297599329635645,3.939328309945769,10.822299229518576,3.0674356900766,0.17518248175182483,43200.000001,14.36,2019-05-12T00:00:00+00:00,2022-06-10T04:36:00+00:00,6747,3.080606890257814
PRICE_CLOSE_ABOVE_PREVIOUS_HIGH_4H,PRICE_ONLY,PRICE_BASELINE,4H,DISCOVERY,6H,ALL,776,400,136,70,71,0.1775,0.34,0.17525773195876287,129.84454500344387,23.047406738111285,28799.999999,43199.999999,50399.999999,2.500946974964629,0.8284991432112969,0.6281371530487799,1.1355544728853688,3.0314474909988216,3.210123439762776,3.242542153047974,0.175,46800.000001,29.315000000000026,2019-05-12T00:00:00+00:00,2022-06-10T04:36:00+00:00,6747,3.080606890257814
PRICE_CLOSE_ABOVE_PREVIOUS_HIGH_4H,PRICE_ONLY,PRICE_BASELINE,4H,DISCOVERY,8H,ALL,613,368,109,57,71,0.19293478260869565,0.296195652173913,0.17781402936378465,119.45698140316836,23.047406738111285,28799.999999,43199.999999,57599.999999,3.0837629475476613,0.7896357691430298,0.648130714031675,1.2824858757062205,3.3644951255400843,4.3333521412853235,3.2168468045112633,0.15489130434782608,57600.000001,34.940000000000055,2019-05-12T00:00:00+00:00,2022-06-10T04:36:00+00:00,6747,3.080606890257814
PRICE_CLOSE_ABOVE_PREVIOUS_HIGH_4H,PRICE_ONLY,PRICE_BASELINE,4H,DISCOVERY,12H,ALL,399,256,62,37,71,0.27734375,0.2421875,0.15538847117794485,83.10050880220408,23.047406738111285,14399.999999,28799.999999,57599.999999,3.1916494429457214,0.6344678544906939,0.6855112904454859,1.7389362641947135,6.274993096747016,5.792730199472241,3.2818532818532837,0.14453125,28800.000001,27.180000000000007,2019-05-12T00:00:00+00:00,2022-06-10T04:36:00+00:00,6747,3.080606890257814
PRICE_CLOSE_ABOVE_PREVIOUS_HIGH_4H,PRICE_ONLY,PRICE_BASELINE,4H,DISCOVERY,1D,ALL,203,202,49,40,71,0.35148514851485146,0.24257425742574257,0.2413793103448276,65.57149522673915,23.047406738111285,14399.999999,43199.999999,46079.99999900004,3.5075989492475688,0.5762656888456412,0.726369508406883,3.178463948550937,9.470195607839232,8.51717703874438,3.2952142994426317,0.19801980198019803,36000.000001,22.11500000000001,2019-05-12T00:00:00+00:00,2022-06-10T04:36:00+00:00,6747,3.080606890257814
PRICE_CLOSE_ABOVE_PREVIOUS_HIGH_4H,PRICE_ONLY,PRICE_BASELINE,4H,DISCOVERY,ALL,HIGH,2648,1335,610,243,71,0.05318352059925094,0.45692883895131087,0.23036253776435045,433.3561689489939,23.047406738111285,28799.999999,35999.999999,53999.999999,3.1708895935550556,2.1036442149539365,0.5017306228941146,1.1604781380966724,3.929856144436074,3.966239913318687,3.266187050359672,0.18202247191011237,39600.000001,21.889999999999986,2019-05-12T00:00:00+00:00,2022-06-10T04:36:00+00:00,6747,3.080606890257814
PRICE_CLOSE_ABOVE_PREVIOUS_HIGH_4H,PRICE_ONLY,PRICE_BASELINE,4H,DISCOVERY,ALL,LOW,2653,1591,648,237,71,0.044626021370207415,0.4072910119421747,0.2442517904259329,516.456677751198,23.047406738111285,28799.999999,35999.999999,50399.999999,3.3971388867057786,2.1329133110908947,0.4834348588367884,1.070837989531249,3.359145802088354,3.840971033054614,3.5507963594994716,0.14896291640477688,28800.000001,21.29000000000002,2019-05-12T00:00:00+00:00,2022-06-10T04:36:00+00:00,6747,3.080606890257814
PRICE_N3_BAR_EXTREME_BREAK_4H,PRICE_ONLY,PRICE_BASELINE,4H,DISCOVERY,ALL,ALL,5301,1768,834,263,52,0.029411764705882353,0.47171945701357465,0.15732880588568196,573.9128889152219,16.8797908504477,35999.999999,53999.999999,68129.99999900005,4.356564312272913,3.1193527231234026,0.4400544464609806,1.1899744099641665,3.6727934656003782,3.9325738377974426,3.266187050359672,0.14875565610859728,39600.000001,18.810000000000002,2019-05-12T00:00:00+00:00,2022-06-10T04:36:00+00:00,6747,3.080606890257814
PRICE_N3_BAR_EXTREME_BREAK_4H,PRICE_ONLY,PRICE_BASELINE,4H,DISCOVERY,5m,ALL,0,52,0,0,52,1.0,0.0,,16.8797908504477,16.8797908504477,,,,,,,,,,,0.0,,,2019-05-12T00:00:00+00:00,2022-06-10T04:36:00+00:00,6747,3.080606890257814
PRICE_N3_BAR_EXTREME_BREAK_4H,PRICE_ONLY,PRICE_BASELINE,4H,DISCOVERY,15m,ALL,150,172,65,0,52,0.3023255813953488,0.37790697674418605,0.43333333333333335,55.833154351480864,16.8797908504477,39599.999999,58499.999999,71639.999999,5.7057461833738765,7.902676399026773,0.569070277168937,1.5091049350073975,4.281746961227022,7.330222116088065,4.931576623458537,0.0,,,2019-05-12T00:00:00+00:00,2022-06-10T04:36:00+00:00,6747,3.080606890257814
PRICE_N3_BAR_EXTREME_BREAK_4H,PRICE_ONLY,PRICE_BASELINE,4H,DISCOVERY,30m,ALL,156,147,47,0,52,0.35374149659863946,0.3197278911564626,0.30128205128205127,47.71787028876562,16.8797908504477,37799.999999,57599.999999,74519.99999899999,5.367567567567572,5.488469601677144,0.6301786393006454,2.1963938483295027,5.729632756288358,10.362626163000964,6.098837209302358,0.0,,,2019-05-12T00:00:00+00:00,2022-06-10T04:36:00+00:00,6747,3.080606890257814
PRICE_N3_BAR_EXTREME_BREAK_4H,PRICE_ONLY,PRICE_BASELINE,4H,DISCOVERY,1H,ALL,1726,802,385,123,52,0.06483790523690773,0.4800498753117207,0.2230590961761298,260.338312731905,16.8797908504477,35999.999999,50399.999999,64799.999999,4.4566153846153895,3.7351616564754053,0.3504391672088495,0.853414794451752,2.1033888012825006,2.6088129935815036,2.8907173608117454,0.15336658354114713,25200.000001,18.810000000000002,2019-05-12T00:00:00+00:00,2022-06-10T04:36:00+00:00,6747,3.080606890257814
PRICE_N3_BAR_EXTREME_BREAK_4H,PRICE_ONLY,PRICE_BASELINE,4H,DISCOVERY,2H,ALL,843,177,65,29,52,0.2937853107344633,0.3672316384180791,0.0771055753262159,57.45621116402391,16.8797908504477,43199.999999,50399.999999,64799.999999,4.0873555404486694,2.588642659279779,0.3697234352256186,1.0014447071184636,2.643285249070114,2.259265433127748,1.8980786595873187,0.1638418079096045,28800.000001,9.23999999999998,2019-05-12T00:00:00+00:00,2022-06-10T04:36:00+00:00,6747,3.080606890257814
PRICE_N3_BAR_EXTREME_BREAK_4H,PRICE_ONLY,PRICE_BASELINE,4H,DISCOVERY,4H,ALL,435,92,14,13,52,0.5652173913043478,0.15217391304347827,0.03218390804597701,29.86424535079209,16.8797908504477,50399.999999,57599.999999,67679.99999900002,5.196113671646078,1.9124196642748865,0.6004330212859699,1.3066582067652726,4.476648293038798,9.709747565472252,2.5660091047041105,0.14130434782608695,57600.000001,7.410000000000025,2019-05-12T00:00:00+00:00,2022-06-10T04:36:00+00:00,6747,3.080606890257814
PRICE_N3_BAR_EXTREME_BREAK_4H,PRICE_ONLY,PRICE_BASELINE,4H,DISCOVERY,6H,ALL,776,245,92,35,52,0.21224489795918366,0.37551020408163266,0.11855670103092783,79.52978381460937,16.8797908504477,35999.999999,50399.999999,57599.999999,3.3842893262604687,1.1210606845966662,0.44550690407059657,1.224281584764494,3.158404392487433,2.6931521888294103,2.6246006389776206,0.14285714285714285,57600.000001,29.05000000000001,2019-05-12T00:00:00+00:00,2022-06-10T04:36:00+00:00,6747,3.080606890257814
PRICE_N3_BAR_EXTREME_BREAK_4H,PRICE_ONLY,PRICE_BASELINE,4H,DISCOVERY,8H,ALL,613,262,88,32,52,0.1984732824427481,0.33587786259541985,0.14355628058727568,85.04817697725574,16.8797908504477,43199.999999,57599.999999,71999.999999,3.7447213255784595,0.9039428337324321,0.5726505161205655,1.2405818342937787,3.0370867407129007,4.253573096442617,2.5007653460638117,0.12213740458015267,57600.000001,28.614999999999952,2019-05-12T00:00:00+00:00,2022-06-10T04:36:00+00:00,6747,3.080606890257814
PRICE_N3_BAR_EXTREME_BREAK_4H,PRICE_ONLY,PRICE_BASELINE,4H,DISCOVERY,12H,ALL,399,166,48,15,52,0.3132530120481928,0.2891566265060241,0.12030075187969924,53.885486176429204,16.8797908504477,43199.999999,57599.999999,61919.999999000065,3.569408188600733,0.8187932378837538,0.6603938964768925,1.6534932159584246,6.261918895226628,5.927027010847111,3.224311124045035,0.09036144578313253,43200.000001,79.09999999999991,2019-05-12T00:00:00+00:00,2022-06-10T04:36:00+00:00,6747,3.080606890257814
PRICE_N3_BAR_EXTREME_BREAK_4H,PRICE_ONLY,PRICE_BASELINE,4H,DISCOVERY,1D,ALL,203,121,30,16,52,0.4297520661157025,0.24793388429752067,0.1477832512315271,39.27797486354177,16.8797908504477,28799.999999,57599.999999,73439.99999900002,4.100447113688889,0.6944287684167241,0.7483341829382564,2.3577221058878086,6.11898372360874,7.744863174854512,4.999489795918371,0.1322314049586777,43200.000001,16.435000000000002,2019-05-12T00:00:00+00:00,2022-06-10T04:36:00+00:00,6747,3.080606890257814
PRICE_N3_BAR_EXTREME_BREAK_4H,PRICE_ONLY,PRICE_BASELINE,4H,DISCOVERY,ALL,HIGH,2648,793,396,128,52,0.06557377049180328,0.49936948297604034,0.14954682779456194,257.41681046932746,16.8797908504477,35999.999999,50399.999999,64799.999999,4.117654084437005,3.121306514205594,0.4559416231720902,1.2408959135888415,4.044658828743388,3.878745285456236,2.7250061470371567,0.1614123581336696,43200.000001,17.78,2019-05-12T00:00:00+00:00,2022-06-10T04:36:00+00:00,6747,3.080606890257814
PRICE_N3_BAR_EXTREME_BREAK_4H,PRICE_ONLY,PRICE_BASELINE,4H,DISCOVERY,ALL,LOW,2653,1027,438,135,52,0.05063291139240506,0.42648490749756574,0.16509611760271392,333.3758692963421,16.8797908504477,39599.999999,57374.999999,68399.999999,4.568304601774157,3.1136737570543342,0.43364102949896355,1.1647605990664176,3.414236865329415,3.9847355242356794,3.363636363636284,0.1314508276533593,36000.000001,24.430000000000007,2019-05-12T00:00:00+00:00,2022-06-10T04:36:00+00:00,6747,3.080606890257814
PRICE_N5_BAR_EXTREME_BREAK_4H,PRICE_ONLY,PRICE_BASELINE,4H,DISCOVERY,ALL,ALL,5301,1373,653,204,47,0.03423160961398398,0.47560087399854334,0.12318430484814186,445.69140072432106,15.256734037904653,43199.999999,57599.999999,81719.99999900007,4.876656278992316,3.5518518518518416,0.4155098133078034,1.2349799732977296,3.9778236555826627,3.7888716787799432,3.0479591836734663,0.14857975236707938,36000.000001,20.209999999999994,2019-05-12T00:00:00+00:00,2022-06-10T04:36:00+00:00,6747,3.080606890257814
PRICE_N5_BAR_EXTREME_BREAK_4H,PRICE_ONLY,PRICE_BASELINE,4H,DISCOVERY,5m,ALL,0,47,0,0,47,1.0,0.0,,15.256734037904653,15.256734037904653,,,,,,,,,,,0.0,,,2019-05-12T00:00:00+00:00,2022-06-10T04:36:00+00:00,6747,3.080606890257814
PRICE_N5_BAR_EXTREME_BREAK_4H,PRICE_ONLY,PRICE_BASELINE,4H,DISCOVERY,15m,ALL,150,135,52,0,47,0.34814814814814815,0.3851851851851852,0.3466666666666667,43.8225339386623,15.256734037904653,50849.999999,71099.999999,86309.999999,6.724307474945634,9.244586516593039,0.5077725718353155,1.5695130865490632,4.869181831948134,7.571466808537358,3.7542180641183327,0.0,,,2019-05-12T00:00:00+00:00,2022-06-10T04:36:00+00:00,6747,3.080606890257814
PRICE_N5_BAR_EXTREME_BREAK_4H,PRICE_ONLY,PRICE_BASELINE,4H,DISCOVERY,30m,ALL,156,118,37,0,47,0.3983050847457627,0.3135593220338983,0.23717948717948717,38.30414077601594,15.256734037904653,41399.999999,66599.999999,88199.99999899999,5.455136976470476,6.606492478226442,0.6110607434270171,2.3276633840644525,5.41167144286368,9.701041823946847,5.027759845061334,0.0,,,2019-05-12T00:00:00+00:00,2022-06-10T04:36:00+00:00,6747,3.080606890257814
PRICE_N5_BAR_EXTREME_BREAK_4H,PRICE_ONLY,PRICE_BASELINE,4H,DISCOVERY,1H,ALL,1726,658,304,99,47,0.07142857142857142,0.46200607902735563,0.1761297798377752,213.59427653066516,15.256734037904653,35999.999999,53999.999999,70919.99999899996,4.697971176761827,4.260640674094185,0.3647765086727453,0.8749352417643356,2.1147733148119157,2.7900317032242707,3.27583326463126,0.15045592705167174,25200.000001,21.889999999999986,2019-05-12T00:00:00+00:00,2022-06-10T04:36:00+00:00,6747,3.080606890257814
PRICE_N5_BAR_EXTREME_BREAK_4H,PRICE_ONLY,PRICE_BASELINE,4H,DISCOVERY,2H,ALL,843,136,39,26,47,0.34558823529411764,0.2867647058823529,0.046263345195729534,44.147145301170916,15.256734037904653,43199.999999,50399.999999,79199.999999,4.507462686567165,3.4031993167783487,0.3172348484848479,0.8452208885816621,2.3627344373335086,3.09053441960529,3.0123087397427053,0.19117647058823528,28800.000001,9.134999999999991,2019-05-12T00:00:00+00:00,2022-06-10T04:36:00+00:00,6747,3.080606890257814
PRICE_N5_BAR_EXTREME_BREAK_4H,PRICE_ONLY,PRICE_BASELINE,4H,DISCOVERY,4H,ALL,435,81,11,12,47,0.5802469135802469,0.13580246913580246,0.02528735632183908,26.293520363197384,15.256734037904653,57599.999999,71999.999999,71999.999999,5.624920534011444,2.298187388307382,0.5798826214541902,1.3066582067652726,2.9416314324017656,9.709747565472252,3.698144233027961,0.14814814814814814,57600.000001,8.440000000000012,2019-05-12T00:00:00+00:00,2022-06-10T04:36:00+00:00,6747,3.080606890257814
PRICE_N5_BAR_EXTREME_BREAK_4H,PRICE_ONLY,PRICE_BASELINE,4H,DISCOVERY,6H,ALL,776,185,71,25,47,0.25405405405405407,0.3837837837837838,0.09149484536082474,60.05310206409279,15.256734037904653,43199.999999,57599.999999,79199.999999,4.075981931494281,1.4322899505766085,0.3936651583710402,1.3990554899645835,3.0666244515808048,2.2866295477080327,1.742083048647856,0.13513513513513514,57600.000001,29.05000000000001,2019-05-12T00:00:00+00:00,2022-06-10T04:36:00+00:00,6747,3.080606890257814
PRICE_N5_BAR_EXTREME_BREAK_4H,PRICE_ONLY,PRICE_BASELINE,4H,DISCOVERY,8H,ALL,613,199,72,23,47,0.23618090452261306,0.36180904522613067,0.11745513866231648,64.59766113921333,15.256734037904653,57599.999999,71999.999999,86399.999999,4.773379495597066,1.1638463897716864,0.5106241669968662,1.3814018379390924,3.2986830625777586,3.6610227079676103,2.1318746303962164,0.11557788944723618,72000.000001,28.859999999999957,2019-05-12T00:00:00+00:00,2022-06-10T04:36:00+00:00,6747,3.080606890257814
PRICE_N5_BAR_EXTREME_BREAK_4H,PRICE_ONLY,PRICE_BASELINE,4H,DISCOVERY,12H,ALL,399,141,42,11,47,0.3333333333333333,0.2978723404255319,0.10526315789473684,45.770202113713964,15.256734037904653,57599.999999,57599.999999,71999.999999,4.390947499789659,0.8996417872837358,0.6004124462769975,1.7469289280410716,4.065100188122416,4.831544446037748,3.0479591836734663,0.07801418439716312,43200.000001,124.93000000000029,2019-05-12T00:00:00+00:00,2022-06-10T04:36:00+00:00,6747,3.080606890257814
PRICE_N5_BAR_EXTREME_BREAK_4H,PRICE_ONLY,PRICE_BASELINE,4H,DISCOVERY,1D,ALL,203,96,25,8,47,0.4895833333333333,0.2604166666666667,0.12315270935960591,31.162690800826528,15.256734037904653,57599.999999,71999.999999,86399.999999,5.63012524988781,0.7632653061224509,0.7173642210175438,3.3608289590292504,7.043892143177014,8.833534461167151,5.020408163265334,0.08333333333333333,14400.000001,12.329999999999998,2019-05-12T00:00:00+00:00,2022-06-10T04:36:00+00:00,6747,3.080606890257814
PRICE_N5_BAR_EXTREME_BREAK_4H,PRICE_ONLY,PRICE_BASELINE,4H,DISCOVERY,ALL,HIGH,2648,602,309,94,47,0.07807308970099668,0.5132890365448505,0.11669184290030211,195.41604023018303,15.256734037904653,43199.999999,57599.999999,78479.99999899999,4.7312925170067945,3.6520195679466654,0.408262548262548,1.3908039051167282,4.245097947009144,3.667013553858097,2.3050847457626977,0.15614617940199335,43200.000001,20.209999999999994,2019-05-12T00:00:00+00:00,2022-06-10T04:36:00+00:00,6747,3.080606890257814
PRICE_N5_BAR_EXTREME_BREAK_4H,PRICE_ONLY,PRICE_BASELINE,4H,DISCOVERY,ALL,LOW,2653,818,344,110,47,0.05745721271393643,0.42053789731051344,0.1296645307199397,265.5320945320427,15.256734037904653,43199.999999,57599.999999,84059.99999899999,5.134308579162316,3.492011140964329,0.42674961452801136,1.1594614304102924,3.4653047264037387,3.955585897005235,3.7649134766649355,0.13447432762836187,36000.000001,19.580000000000013,2019-05-12T00:00:00+00:00,2022-06-10T04:36:00+00:00,6747,3.080606890257814
PRICE_SHORT_TERM_SLOPE_SIGN_CHANGE_4H,PRICE_ONLY,PRICE_BASELINE,4H,DISCOVERY,ALL,ALL,5301,2356,1500,559,44,0.01867572156196944,0.6366723259762309,0.2829654782116582,764.7843700702844,14.282899950378825,25199.999999,32399.999999,39599.999999,2.558995726662995,1.6539408065016366,0.5777106699708339,0.9786688388819966,3.4433913347422664,3.972379053546671,3.992187500000096,0.23726655348047537,28800.000001,31.900000000000034,2019-05-12T00:00:00+00:00,2022-06-10T04:36:00+00:00,6747,3.080606890257814
PRICE_SHORT_TERM_SLOPE_SIGN_CHANGE_4H,PRICE_ONLY,PRICE_BASELINE,4H,DISCOVERY,5m,ALL,0,44,0,0,44,1.0,0.0,,14.282899950378825,14.282899950378825,,,,,,,,,,,0.0,,,2019-05-12T00:00:00+00:00,2022-06-10T04:36:00+00:00,6747,3.080606890257814
PRICE_SHORT_TERM_SLOPE_SIGN_CHANGE_4H,PRICE_ONLY,PRICE_BASELINE,4H,DISCOVERY,15m,ALL,150,164,91,1,44,0.2682926829268293,0.5548780487804879,0.6066666666666667,53.236263451411986,14.282899950378825,25199.999999,28799.999999,35099.999999,3.356645601793637,4.140992372414884,0.7185714285714287,1.2679164831645018,3.901535929786068,8.176828961280908,8.124543462381261,0.006097560975609756,28800.000001,137.52000000000044,2019-05-12T00:00:00+00:00,2022-06-10T04:36:00+00:00,6747,3.080606890257814
PRICE_SHORT_TERM_SLOPE_SIGN_CHANGE_4H,PRICE_ONLY,PRICE_BASELINE,4H,DISCOVERY,30m,ALL,156,123,57,0,44,0.35772357723577236,0.4634146341463415,0.36538461538461536,39.92719758855899,14.282899950378825,23399.999999,32399.999999,38519.999999,4.58289776291031,3.649675777723058,0.7594907407407405,1.5955601803676807,4.766605585617933,10.771132746097997,8.172870140612098,0.0,,,2019-05-12T00:00:00+00:00,2022-06-10T04:36:00+00:00,6747,3.080606890257814
PRICE_SHORT_TERM_SLOPE_SIGN_CHANGE_4H,PRICE_ONLY,PRICE_BASELINE,4H,DISCOVERY,1H,ALL,1726,1106,791,198,44,0.039783001808318265,0.7151898734177216,0.4582850521436848,359.0201669345223,14.282899950378825,25199.999999,32399.999999,39599.999999,2.4215430488259337,1.9901112484548793,0.4870129870129865,0.7282600223440515,2.1020492097512364,2.3475564176380983,3.2607915029826886,0.17902350813743217,28800.000001,27.845000000000013,2019-05-12T00:00:00+00:00,2022-06-10T04:36:00+00:00,6747,3.080606890257814
PRICE_SHORT_TERM_SLOPE_SIGN_CHANGE_4H,PRICE_ONLY,PRICE_BASELINE,4H,DISCOVERY,2H,ALL,843,243,136,52,44,0.18106995884773663,0.5596707818930041,0.16132858837485173,78.88056108959215,14.282899950378825,28799.999999,35999.999999,43199.999999,2.707544162247669,1.4344912198842805,0.5648792242509089,0.8532741358809941,3.0538654649948436,2.920948648813263,3.3611940298507434,0.2139917695473251,28800.000001,15.450000000000003,2019-05-12T00:00:00+00:00,2022-06-10T04:36:00+00:00,6747,3.080606890257814
PRICE_SHORT_TERM_SLOPE_SIGN_CHANGE_4H,PRICE_ONLY,PRICE_BASELINE,4H,DISCOVERY,4H,ALL,435,97,28,19,44,0.4536082474226804,0.28865979381443296,0.06436781609195402,31.487302163335137,14.282899950378825,28799.999999,28799.999999,43199.999999,2.9417484661894564,1.23484698227887,0.7777637425770184,1.3119464755890902,4.338844070455496,9.15765898167276,6.9080225422327945,0.1958762886597938,57600.000001,94.07999999999993,2019-05-12T00:00:00+00:00,2022-06-10T04:36:00+00:00,6747,3.080606890257814
PRICE_SHORT_TERM_SLOPE_SIGN_CHANGE_4H,PRICE_ONLY,PRICE_BASELINE,4H,DISCOVERY,6H,ALL,776,339,164,96,44,0.12979351032448377,0.4837758112094395,0.211340206185567,110.04325189041867,14.282899950378825,21599.999999,28799.999999,43199.999999,2.0091721317318347,0.6105149442949112,0.68711662169606,1.0362421318248716,3.4287117415105524,3.56337493581014,3.9899755002041664,0.2831858407079646,28800.000001,29.850000000000023,2019-05-12T00:00:00+00:00,2022-06-10T04:36:00+00:00,6747,3.080606890257814
PRICE_SHORT_TERM_SLOPE_SIGN_CHANGE_4H,PRICE_ONLY,PRICE_BASELINE,4H,DISCOVERY,8H,ALL,613,268,107,78,44,0.16417910447761194,0.39925373134328357,0.17455138662316477,86.9958451523074,14.282899950378825,28799.999999,28799.999999,48959.99999900008,2.521257929545141,0.6283548142532209,0.6912820512820493,1.1876195945803594,3.3334197076040035,4.661956477597631,4.411666734370562,0.291044776119403,28800.000001,33.42500000000001,2019-05-12T00:00:00+00:00,2022-06-10T04:36:00+00:00,6747,3.080606890257814
PRICE_SHORT_TERM_SLOPE_SIGN_CHANGE_4H,PRICE_ONLY,PRICE_BASELINE,4H,DISCOVERY,12H,ALL,399,198,69,62,44,0.2222222222222222,0.3484848484848485,0.17293233082706766,64.27304977670471,14.282899950378825,14399.999999,28799.999999,60479.99999900004,2.7694157025093156,0.6063947078280042,0.7579063046929057,2.1305676153722395,5.409978955294599,7.08943384252753,3.2818532818532837,0.31313131313131315,28800.000001,37.52000000000001,2019-05-12T00:00:00+00:00,2022-06-10T04:36:00+00:00,6747,3.080606890257814
PRICE_SHORT_TERM_SLOPE_SIGN_CHANGE_4H,PRICE_ONLY,PRICE_BASELINE,4H,DISCOVERY,1D,ALL,203,170,57,53,44,0.25882352941176473,0.3352941176470588,0.28078817733990147,55.18393162646364,14.282899950378825,28799.999999,43199.999999,43199.999999,3.537936913895998,0.5762656888456412,0.726369508406883,3.2389544801216634,7.708717529617608,8.604623018274228,2.382085089030857,0.31176470588235294,28800.000001,34.49000000000001,2019-05-12T00:00:00+00:00,2022-06-10T04:36:00+00:00,6747,3.080606890257814
PRICE_SHORT_TERM_SLOPE_SIGN_CHANGE_4H,PRICE_ONLY,PRICE_BASELINE,4H,DISCOVERY,ALL,HIGH,2648,1196,728,320,44,0.03678929765886288,0.6086956521739131,0.27492447129909364,388.23518956029716,14.282899950378825,21599.999999,28799.999999,39599.999999,2.377387389067047,1.5684513234149828,0.5982897106902145,0.954087346024634,3.426643470926248,3.9072098230508105,3.9864627285513285,0.26755852842809363,28800.000001,34.99000000000001,2019-05-12T00:00:00+00:00,2022-06-10T04:36:00+00:00,6747,3.080606890257814
PRICE_SHORT_TERM_SLOPE_SIGN_CHANGE_4H,PRICE_ONLY,PRICE_BASELINE,4H,DISCOVERY,ALL,LOW,2653,1204,772,239,44,0.036544850498338874,0.6411960132890365,0.290991330569167,390.83208046036606,14.282899950378825,25199.999999,32399.999999,39599.999999,2.789624606831787,1.7433676714876074,0.5643018851642714,1.0017257710822938,3.4865578343798482,4.028536937594675,4.059411764705857,0.19850498338870431,28800.000001,25.07000000000005,2019-05-12T00:00:00+00:00,2022-06-10T04:36:00+00:00,6747,3.080606890257814
IND_DMA_3X3_V1_PRICE_CROSS_UP_DMA_4H,DMA,DIRECTIONAL_TRIGGER,4H,DISCOVERY,ALL,ALL,5301,2594,1600,607,45,0.017347725520431765,0.6168080185042406,0.30182984342576874,842.0418743473334,14.607511312887436,21599.999999,28799.999999,39599.999999,2.5207890470077223,1.6776962995657165,0.5810331106268962,0.9692576669710172,3.4679676962358457,3.872443821281256,3.8467908902691605,0.23400154202004625,28800.000001,31.900000000000034,2019-05-12T00:00:00+00:00,2022-06-10T04:36:00+00:00,6747,3.080606890257814
IND_DMA_3X3_V1_PRICE_CROSS_UP_DMA_4H,DMA,DIRECTIONAL_TRIGGER,4H,DISCOVERY,5m,ALL,0,45,0,0,45,1.0,0.0,,14.607511312887436,14.607511312887436,,,,,,,,,,,0.0,,,2019-05-12T00:00:00+00:00,2022-06-10T04:36:00+00:00,6747,3.080606890257814
IND_DMA_3X3_V1_PRICE_CROSS_UP_DMA_4H,DMA,DIRECTIONAL_TRIGGER,4H,DISCOVERY,15m,ALL,150,180,99,1,45,0.25,0.55,0.66,58.43004525154974,14.607511312887436,17099.999999,26099.999999,35099.999999,3.1132518796992548,3.8699099238014427,0.7331051828639771,1.2780160227380748,3.8467366284136806,8.070685179451754,7.198744264670403,0.005555555555555556,28800.000001,137.52000000000044,2019-05-12T00:00:00+00:00,2022-06-10T04:36:00+00:00,6747,3.080606890257814
IND_DMA_3X3_V1_PRICE_CROSS_UP_DMA_4H,DMA,DIRECTIONAL_TRIGGER,4H,DISCOVERY,30m,ALL,156,130,57,0,45,0.34615384615384615,0.43846153846153846,0.36538461538461536,42.199477126119255,14.607511312887436,17999.999999,26999.999999,35999.999999,3.494594594594597,3.349305222807859,0.7762004175365338,1.3122638268636377,4.9165548235597045,11.083882504884599,9.075314881630883,0.0,,,2019-05-12T00:00:00+00:00,2022-06-10T04:36:00+00:00,6747,3.080606890257814
IND_DMA_3X3_V1_PRICE_CROSS_UP_DMA_4H,DMA,DIRECTIONAL_TRIGGER,4H,DISCOVERY,1H,ALL,1726,1229,871,202,45,0.03661513425549227,0.708706265256306,0.5046349942062572,398.94736452308126,14.607511312887436,21599.999999,28799.999999,35999.999999,2.4026158657947083,1.9306583560576571,0.48388289676425267,0.7440362046483151,2.0972476183577493,2.1735131564645287,2.8322653239542523,0.1643612693246542,30600.000001,41.82499999999999,2019-05-12T00:00:00+00:00,2022-06-10T04:36:00+00:00,6747,3.080606890257814
IND_DMA_3X3_V1_PRICE_CROSS_UP_DMA_4H,DMA,DIRECTIONAL_TRIGGER,4H,DISCOVERY,2H,ALL,843,267,142,62,45,0.16853932584269662,0.5318352059925093,0.16844602609727166,86.67123378979878,14.607511312887436,21599.999999,28799.999999,43199.999999,2.707544162247669,1.4200358088994594,0.592158628264489,0.8617573832775653,3.0360963208188503,2.8934344698980716,3.77374404954477,0.23220973782771537,28800.000001,16.37999999999998,2019-05-12T00:00:00+00:00,2022-06-10T04:36:00+00:00,6747,3.080606890257814
IND_DMA_3X3_V1_PRICE_CROSS_UP_DMA_4H,DMA,DIRECTIONAL_TRIGGER,4H,DISCOVERY,4H,ALL,435,103,29,23,45,0.4368932038834951,0.2815533980582524,0.06666666666666667,33.4349703383868,14.607511312887436,14399.999999,28799.999999,31679.99999899999,3.1351710395217522,1.1818994813092474,0.7797603765511346,1.205246366536681,4.226216097166451,8.405647889395494,7.658823529411822,0.22330097087378642,43200.000001,66.25,2019-05-12T00:00:00+00:00,2022-06-10T04:36:00+00:00,6747,3.080606890257814
IND_DMA_3X3_V1_PRICE_CROSS_UP_DMA_4H,DMA,DIRECTIONAL_TRIGGER,4H,DISCOVERY,6H,ALL,776,359,168,104,45,0.12534818941504178,0.467966573816156,0.21649484536082475,116.53547914059087,14.607511312887436,17999.999999,28799.999999,43199.999999,2.0164259891102883,0.6508511541567826,0.6770320136029071,1.0470572735617387,3.5498202538801693,3.46732387023965,3.588040652328058,0.28969359331476324,28800.000001,26.495000000000033,2019-05-12T00:00:00+00:00,2022-06-10T04:36:00+00:00,6747,3.080606890257814
IND_DMA_3X3_V1_PRICE_CROSS_UP_DMA_4H,DMA,DIRECTIONAL_TRIGGER,4H,DISCOVERY,8H,ALL,613,290,110,83,45,0.15517241379310345,0.3793103448275862,0.17944535073409462,94.1372951274968,14.607511312887436,14399.999999,28799.999999,43199.999999,2.342765763879517,0.6144251547942514,0.7032902865826502,1.1024628517952075,3.4786476643640425,4.7213675549744885,4.4174757281553365,0.28620689655172415,28800.000001,32.97999999999999,2019-05-12T00:00:00+00:00,2022-06-10T04:36:00+00:00,6747,3.080606890257814
IND_DMA_3X3_V1_PRICE_CROSS_UP_DMA_4H,DMA,DIRECTIONAL_TRIGGER,4H,DISCOVERY,12H,ALL,399,224,72,76,45,0.20089285714285715,0.32142857142857145,0.18045112781954886,72.71294520192856,14.607511312887436,14399.999999,28799.999999,56159.99999899998,2.6185310684838026,0.6032503351844066,0.7818480476354055,2.060310919647874,4.734243511792456,7.5895096376621245,4.443597560975609,0.3392857142857143,28800.000001,36.855,2019-05-12T00:00:00+00:00,2022-06-10T04:36:00+00:00,6747,3.080606890257814
IND_DMA_3X3_V1_PRICE_CROSS_UP_DMA_4H,DMA,DIRECTIONAL_TRIGGER,4H,DISCOVERY,1D,ALL,203,172,52,56,45,0.2616279069767442,0.3023255813953488,0.2561576354679803,55.833154351480864,14.607511312887436,28799.999999,43199.999999,56159.99999899998,3.9601566607686793,0.5827684758537042,0.7284378321788179,3.6571125510248486,7.752649390800206,8.39744691673772,2.4770583093210807,0.32558139534883723,28800.000001,19.950000000000017,2019-05-12T00:00:00+00:00,2022-06-10T04:36:00+00:00,6747,3.080606890257814
IND_DMA_3X3_V1_PRICE_CROSS_UP_DMA_4H,DMA,DIRECTIONAL_TRIGGER,4H,DISCOVERY,ALL,HIGH,2648,1312,779,334,45,0.03429878048780488,0.59375,0.29418429003021146,425.8901076112959,14.607511312887436,17999.999999,28799.999999,39599.999999,2.345937778686613,1.5704797047970604,0.6010745854757633,0.9675881792183036,3.4828288248490287,3.8689985589628786,4.0382882882882605,0.2545731707317073,28800.000001,34.85000000000002,2019-05-12T00:00:00+00:00,2022-06-10T04:36:00+00:00,6747,3.080606890257814
IND_DMA_3X3_V1_PRICE_CROSS_UP_DMA_4H,DMA,DIRECTIONAL_TRIGGER,4H,DISCOVERY,ALL,LOW,2653,1327,821,273,45,0.03391107761868877,0.6186887716654107,0.3094609875612514,430.759278048925,14.607511312887436,21599.999999,28799.999999,39599.999999,2.6831683168316767,1.776948203453102,0.5631279694680281,0.9694313128352798,3.4511724500919976,3.8821975783997034,3.7183098591549317,0.2057272042200452,28800.000001,26.920000000000016,2019-05-12T00:00:00+00:00,2022-06-10T04:36:00+00:00,6747,3.080606890257814
IND_DMA_7X5_V1_PRICE_CROSS_UP_DMA_4H,DMA,DIRECTIONAL_TRIGGER,4H,DISCOVERY,ALL,ALL,5301,1498,1108,275,26,0.017356475300400534,0.739652870493992,0.20901716657234484,486.26782103789725,8.43989542522385,26999.999999,39599.999999,53999.999999,2.99850323319545,1.9047594617633061,0.5396786324156029,0.9945182327157231,3.6451763256294103,3.8838041771056515,3.5783434922911503,0.1835781041388518,28800.000001,19.569999999999993,2019-05-12T00:00:00+00:00,2022-06-10T04:36:00+00:00,6747,3.080606890257814
IND_DMA_7X5_V1_PRICE_CROSS_UP_DMA_4H,DMA,DIRECTIONAL_TRIGGER,4H,DISCOVERY,5m,ALL,0,26,0,0,26,1.0,0.0,,8.43989542522385,8.43989542522385,,,,,,,,,,,0.0,,,2019-05-12T00:00:00+00:00,2022-06-10T04:36:00+00:00,6747,3.080606890257814
IND_DMA_7X5_V1_PRICE_CROSS_UP_DMA_4H,DMA,DIRECTIONAL_TRIGGER,4H,DISCOVERY,15m,ALL,150,116,82,0,26,0.22413793103448276,0.7068965517241379,0.5466666666666666,37.654918050998724,8.43989542522385,27899.999999,41399.999999,56519.99999900001,4.307181609122502,5.3706632832132755,0.6709297341928039,1.307210473055187,4.066240432668715,7.743000937523287,6.319067998097958,0.0,,,2019-05-12T00:00:00+00:00,2022-06-10T04:36:00+00:00,6747,3.080606890257814
IND_DMA_7X5_V1_PRICE_CROSS_UP_DMA_4H,DMA,DIRECTIONAL_TRIGGER,4H,DISCOVERY,30m,ALL,156,81,50,0,26,0.32098765432098764,0.6172839506172839,0.32051282051282054,26.293520363197384,8.43989542522385,26099.999999,39149.999999,61379.999999,4.248560842893731,4.429419762247917,0.7565982780100506,1.5458199541013333,4.719969144842965,11.042436792581048,7.189629629629634,0.0,,,2019-05-12T00:00:00+00:00,2022-06-10T04:36:00+00:00,6747,3.080606890257814
IND_DMA_7X5_V1_PRICE_CROSS_UP_DMA_4H,DMA,DIRECTIONAL_TRIGGER,4H,DISCOVERY,1H,ALL,1726,679,514,110,26,0.03829160530191458,0.7569955817378498,0.29779837775202783,220.41111514334597,8.43989542522385,25199.999999,35999.999999,50399.999999,2.7639012041508577,2.3147034821788117,0.4360340095634215,0.6793597796101916,1.969873814402683,2.184559656976596,3.2643678160919407,0.16200294550810015,30600.000001,17.789999999999992,2019-05-12T00:00:00+00:00,2022-06-10T04:36:00+00:00,6747,3.080606890257814
IND_DMA_7X5_V1_PRICE_CROSS_UP_DMA_4H,DMA,DIRECTIONAL_TRIGGER,4H,DISCOVERY,2H,ALL,843,160,110,18,26,0.1625,0.6875,0.13048635824436536,51.93781800137754,8.43989542522385,28799.999999,43199.999999,57599.999999,2.991423321198086,1.8243905783592758,0.49326620201719057,0.8101995123260135,3.0716346091708377,2.713987951219366,3.5740740740741392,0.1125,28800.000001,9.169999999999987,2019-05-12T00:00:00+00:00,2022-06-10T04:36:00+00:00,6747,3.080606890257814
IND_DMA_7X5_V1_PRICE_CROSS_UP_DMA_4H,DMA,DIRECTIONAL_TRIGGER,4H,DISCOVERY,4H,ALL,435,55,16,10,26,0.4727272727272727,0.2909090909090909,0.0367816091954023,17.85362493797353,8.43989542522385,35999.999999,43199.999999,57599.999999,4.191447652977168,1.5124111630330357,0.6769068875301593,0.8926120216957382,2.4466344927462584,9.084548732576286,8.446601941747494,0.18181818181818182,43200.000001,65.71999999999997,2019-05-12T00:00:00+00:00,2022-06-10T04:36:00+00:00,6747,3.080606890257814
IND_DMA_7X5_V1_PRICE_CROSS_UP_DMA_4H,DMA,DIRECTIONAL_TRIGGER,4H,DISCOVERY,6H,ALL,776,211,133,37,26,0.12322274881516587,0.6303317535545023,0.1713917525773196,68.49299748931664,8.43989542522385,28799.999999,35999.999999,43199.999999,2.3245621207908864,0.7347447659374304,0.5995280633743454,1.0362421318248716,3.641538676217381,2.8582406200928827,3.0773230704008663,0.17535545023696683,43200.000001,51.33999999999992,2019-05-12T00:00:00+00:00,2022-06-10T04:36:00+00:00,6747,3.080606890257814
IND_DMA_7X5_V1_PRICE_CROSS_UP_DMA_4H,DMA,DIRECTIONAL_TRIGGER,4H,DISCOVERY,8H,ALL,613,170,102,32,26,0.15294117647058825,0.6,0.16639477977161501,55.18393162646364,8.43989542522385,28799.999999,43199.999999,57599.999999,3.0971500132206073,0.7350241248245419,0.642775926491923,1.285886204657428,3.4191850573808207,4.315395229508912,3.2250812567713893,0.18823529411764706,28800.000001,21.680000000000007,2019-05-12T00:00:00+00:00,2022-06-10T04:36:00+00:00,6747,3.080606890257814
IND_DMA_7X5_V1_PRICE_CROSS_UP_DMA_4H,DMA,DIRECTIONAL_TRIGGER,4H,DISCOVERY,12H,ALL,399,131,60,36,26,0.1984732824427481,0.4580152671755725,0.15037593984962405,42.52408848862787,8.43989542522385,14399.999999,28799.999999,43199.999999,2.8117524214781078,0.579599606721203,0.7230701261599843,1.906839550781732,6.380824093473116,7.4016987411903585,3.322883827470994,0.2748091603053435,28800.000001,16.920000000000016,2019-05-12T00:00:00+00:00,2022-06-10T04:36:00+00:00,6747,3.080606890257814
IND_DMA_7X5_V1_PRICE_CROSS_UP_DMA_4H,DMA,DIRECTIONAL_TRIGGER,4H,DISCOVERY,1D,ALL,203,103,41,32,26,0.2524271844660194,0.39805825242718446,0.2019704433497537,33.4349703383868,8.43989542522385,28799.999999,43199.999999,71999.999999,4.560538116591922,0.6027501185395931,0.701778932640416,3.0542281321421125,6.800737787826505,7.987331505156211,2.9988876529477144,0.3106796116504854,21600.000001,19.950000000000017,2019-05-12T00:00:00+00:00,2022-06-10T04:36:00+00:00,6747,3.080606890257814
IND_DMA_7X5_V1_PRICE_CROSS_UP_DMA_4H,DMA,DIRECTIONAL_TRIGGER,4H,DISCOVERY,ALL,HIGH,2648,761,538,155,26,0.03416557161629435,0.7069645203679369,0.20317220543806647,247.02924686905195,8.43989542522385,25199.999999,35999.999999,50399.999999,2.8091272043985853,1.8472238907760616,0.5648058600186259,1.0771569908131085,3.929856144436074,3.966239913318687,3.4966666666666697,0.20367936925098554,28800.000001,17.610000000000014,2019-05-12T00:00:00+00:00,2022-06-10T04:36:00+00:00,6747,3.080606890257814
IND_DMA_7X5_V1_PRICE_CROSS_UP_DMA_4H,DMA,DIRECTIONAL_TRIGGER,4H,DISCOVERY,ALL,LOW,2653,763,570,120,26,0.03407601572739188,0.747051114023591,0.21485111194873727,247.67846959406918,8.43989542522385,28799.999999,43199.999999,57599.999999,3.155569850131955,1.9732066075684527,0.5118462830734021,0.9391072088199377,3.364116468192436,3.6685029360130774,3.7216465448579314,0.15727391874180865,28800.000001,22.345,2019-05-12T00:00:00+00:00,2022-06-10T04:36:00+00:00,6747,3.080606890257814
IND_DMA_25X5_V1_PRICE_CROSS_UP_DMA_4H,DMA,DIRECTIONAL_TRIGGER,4H,DISCOVERY,ALL,ALL,5301,642,487,108,10,0.01557632398753894,0.7585669781931464,0.09186945859271836,208.4004947305274,3.2461136250860965,32399.999999,50399.999999,71999.999999,3.738998482549315,2.439468495499343,0.49460043196544357,1.0461949967091333,3.536486058379691,3.6494013206390843,3.1780821917808764,0.16822429906542055,28800.000001,15.810000000000002,2019-05-12T00:00:00+00:00,2022-06-10T04:36:00+00:00,6747,3.080606890257814
IND_DMA_25X5_V1_PRICE_CROSS_UP_DMA_4H,DMA,DIRECTIONAL_TRIGGER,4H,DISCOVERY,5m,ALL,0,10,0,0,10,1.0,0.0,,3.2461136250860965,3.2461136250860965,,,,,,,,,,,0.0,,,2019-05-12T00:00:00+00:00,2022-06-10T04:36:00+00:00,6747,3.080606890257814
IND_DMA_25X5_V1_PRICE_CROSS_UP_DMA_4H,DMA,DIRECTIONAL_TRIGGER,4H,DISCOVERY,15m,ALL,150,64,50,0,10,0.15625,0.78125,0.3333333333333333,20.77512720055102,3.2461136250860965,40049.999999,72449.999999,106649.999999,6.572546536093599,9.244586516593039,0.6189981745426173,1.3055392891275195,4.869181831948134,7.870775981744566,5.23170214570436,0.0,,,2019-05-12T00:00:00+00:00,2022-06-10T04:36:00+00:00,6747,3.080606890257814
IND_DMA_25X5_V1_PRICE_CROSS_UP_DMA_4H,DMA,DIRECTIONAL_TRIGGER,4H,DISCOVERY,30m,ALL,156,40,28,0,10,0.25,0.7,0.1794871794871795,12.984454500344386,3.2461136250860965,49499.999999,79649.999999,97739.999999,6.296522569559832,8.078367429801325,0.6342478810617682,2.3772420169682693,5.474369747899155,7.348373490887388,5.906315337363662,0.0,,,2019-05-12T00:00:00+00:00,2022-06-10T04:36:00+00:00,6747,3.080606890257814
IND_DMA_25X5_V1_PRICE_CROSS_UP_DMA_4H,DMA,DIRECTIONAL_TRIGGER,4H,DISCOVERY,1H,ALL,1726,280,214,44,10,0.03571428571428571,0.7642857142857142,0.12398609501738123,90.8911815024107,3.2461136250860965,28799.999999,43199.999999,56519.99999900006,3.0218830874928417,3.0585470032916353,0.4180124637267494,0.7526077197306491,1.7779063409047378,2.1983064280649107,2.728323699421981,0.15714285714285714,32400.000001,12.939999999999984,2019-05-12T00:00:00+00:00,2022-06-10T04:36:00+00:00,6747,3.080606890257814
IND_DMA_25X5_V1_PRICE_CROSS_UP_DMA_4H,DMA,DIRECTIONAL_TRIGGER,4H,DISCOVERY,2H,ALL,843,76,50,13,10,0.13157894736842105,0.6578947368421053,0.05931198102016608,24.670463550654336,3.2461136250860965,28799.999999,43199.999999,51839.99999900002,3.0953506805309976,2.156448103968974,0.47866077384923467,1.016264926694343,2.295136467339129,3.018981290678255,2.7732426303855258,0.17105263157894737,50400.000001,8.92999999999995,2019-05-12T00:00:00+00:00,2022-06-10T04:36:00+00:00,6747,3.080606890257814
IND_DMA_25X5_V1_PRICE_CROSS_UP_DMA_4H,DMA,DIRECTIONAL_TRIGGER,4H,DISCOVERY,4H,ALL,435,26,9,6,10,0.38461538461538464,0.34615384615384615,0.020689655172413793,8.43989542522385,3.2461136250860965,57599.999999,57599.999999,74879.999999,4.7673068092807105,2.3259944495837157,0.6565499999999997,0.8926120216957382,3.7091398627202814,10.872865222095173,8.800261096605682,0.23076923076923078,36000.000001,5.3799999999999955,2019-05-12T00:00:00+00:00,2022-06-10T04:36:00+00:00,6747,3.080606890257814
IND_DMA_25X5_V1_PRICE_CROSS_UP_DMA_4H,DMA,DIRECTIONAL_TRIGGER,4H,DISCOVERY,6H,ALL,776,88,52,19,10,0.11363636363636363,0.5909090909090909,0.06701030927835051,28.56579990075765,3.2461136250860965,35999.999999,50399.999999,71999.999999,3.0615482067343995,0.8827454216342219,0.5187822783885447,0.9081372568167657,2.871512555145782,2.383543040526849,2.768236380424708,0.2159090909090909,28800.000001,25.27000000000004,2019-05-12T00:00:00+00:00,2022-06-10T04:36:00+00:00,6747,3.080606890257814
IND_DMA_25X5_V1_PRICE_CROSS_UP_DMA_4H,DMA,DIRECTIONAL_TRIGGER,4H,DISCOVERY,8H,ALL,613,57,36,8,10,0.17543859649122806,0.631578947368421,0.05872756933115824,18.50284766299075,3.2461136250860965,43199.999999,71999.999999,71999.999999,4.330296889543259,1.0858533800541887,0.5188115174963736,1.311427218239123,3.4364985239790777,3.8081433653972825,2.6507400919383475,0.14035087719298245,28800.000001,80.75999999999993,2019-05-12T00:00:00+00:00,2022-06-10T04:36:00+00:00,6747,3.080606890257814
IND_DMA_25X5_V1_PRICE_CROSS_UP_DMA_4H,DMA,DIRECTIONAL_TRIGGER,4H,DISCOVERY,12H,ALL,399,43,24,8,10,0.23255813953488372,0.5581395348837209,0.06015037593984962,13.958288587870216,3.2461136250860965,35999.999999,57599.999999,67679.99999899999,3.0268832355641626,0.8301451206129034,0.6620771073975356,0.9183165795133833,3.01275998764332,5.941344846617311,4.478971744515835,0.18604651162790697,21600.000001,63.690000000000005,2019-05-12T00:00:00+00:00,2022-06-10T04:36:00+00:00,6747,3.080606890257814
IND_DMA_25X5_V1_PRICE_CROSS_UP_DMA_4H,DMA,DIRECTIONAL_TRIGGER,4H,DISCOVERY,1D,ALL,203,48,24,10,10,0.20833333333333334,0.5,0.11822660098522167,15.581345400413264,3.2461136250860965,43199.999999,57599.999999,71999.999999,4.517245530182982,0.7064216919646271,0.7596346021386389,2.955476592584704,5.855318652809778,10.566532261458107,4.720175359296497,0.20833333333333334,14400.000001,17.47999999999999,2019-05-12T00:00:00+00:00,2022-06-10T04:36:00+00:00,6747,3.080606890257814
IND_DMA_25X5_V1_PRICE_CROSS_UP_DMA_4H,DMA,DIRECTIONAL_TRIGGER,4H,DISCOVERY,ALL,HIGH,2648,323,247,53,10,0.030959752321981424,0.7647058823529411,0.09327794561933535,104.84947009028092,3.2461136250860965,32399.999999,50399.999999,71999.999999,3.574070338242219,2.5565390967527306,0.48435619735258695,1.0874635179977836,3.8706603812969265,3.5555568144159713,2.7632653061224777,0.16408668730650156,28800.000001,28.32000000000005,2019-05-12T00:00:00+00:00,2022-06-10T04:36:00+00:00,6747,3.080606890257814
IND_DMA_25X5_V1_PRICE_CROSS_UP_DMA_4H,DMA,DIRECTIONAL_TRIGGER,4H,DISCOVERY,ALL,LOW,2653,329,240,55,10,0.030395136778115502,0.729483282674772,0.09046362608367886,106.79713826533258,3.2461136250860965,32399.999999,53999.999999,71999.999999,3.8927403565332286,2.2535656167186744,0.5087268991430018,1.0167141646769016,3.0858126383083357,3.9095120444719007,3.6694413543627835,0.16717325227963525,32400.000001,9.98999999999998,2019-05-12T00:00:00+00:00,2022-06-10T04:36:00+00:00,6747,3.080606890257814
IND_STOCH_14_3_3_V1_K_CROSS_UP_D_4H,STOCHASTIC,DIRECTIONAL_TRIGGER,4H,DISCOVERY,ALL,ALL,5301,1650,1143,399,27,0.016363636363636365,0.6927272727272727,0.21561969439728354,535.608748139206,8.764506787732461,28799.999999,39599.999999,50399.999999,2.8918322295805634,1.830669317428758,0.5668789808917195,1.0792880142923833,3.289760184336214,4.055904790495336,3.8866666666666654,0.24181818181818182,28800.000001,30.77000000000004,2019-05-12T00:00:00+00:00,2022-06-10T04:36:00+00:00,6747,3.080606890257814
IND_STOCH_14_3_3_V1_K_CROSS_UP_D_4H,STOCHASTIC,DIRECTIONAL_TRIGGER,4H,DISCOVERY,5m,ALL,0,27,0,0,27,1.0,0.0,,8.764506787732461,8.764506787732461,,,,,,,,,,,0.0,,,2019-05-12T00:00:00+00:00,2022-06-10T04:36:00+00:00,6747,3.080606890257814
IND_STOCH_14_3_3_V1_K_CROSS_UP_D_4H,STOCHASTIC,DIRECTIONAL_TRIGGER,4H,DISCOVERY,15m,ALL,150,110,80,0,27,0.24545454545454545,0.7272727272727273,0.5333333333333333,35.70724987594706,8.764506787732461,20699.999999,35099.999999,41489.99999900001,3.162968510660232,4.0197616399065,0.7673656331560723,1.2946296249654998,3.9229417346445157,9.171575697735832,8.393427364320925,0.0,,,2019-05-12T00:00:00+00:00,2022-06-10T04:36:00+00:00,6747,3.080606890257814
IND_STOCH_14_3_3_V1_K_CROSS_UP_D_4H,STOCHASTIC,DIRECTIONAL_TRIGGER,4H,DISCOVERY,30m,ALL,156,83,49,0,27,0.3253012048192771,0.5903614457831325,0.3141025641025641,26.942743088214602,8.764506787732461,19799.999999,28799.999999,39599.999999,3.1099575271354563,3.080179602309178,0.7945246690734052,1.3122638268636377,5.02615412364805,11.000991080277498,9.890410958904177,0.0,,,2019-05-12T00:00:00+00:00,2022-06-10T04:36:00+00:00,6747,3.080606890257814
IND_STOCH_14_3_3_V1_K_CROSS_UP_D_4H,STOCHASTIC,DIRECTIONAL_TRIGGER,4H,DISCOVERY,1H,ALL,1726,752,538,151,27,0.03590425531914894,0.7154255319148937,0.31170336037079954,244.10774460647445,8.764506787732461,28799.999999,43199.999999,50399.999999,2.990377212930631,2.3978201154549126,0.4349474008028261,0.7295647213555563,2.384316594578431,2.063844154204812,2.8123192821352454,0.20079787234042554,28800.000001,27.74000000000001,2019-05-12T00:00:00+00:00,2022-06-10T04:36:00+00:00,6747,3.080606890257814
IND_STOCH_14_3_3_V1_K_CROSS_UP_D_4H,STOCHASTIC,DIRECTIONAL_TRIGGER,4H,DISCOVERY,2H,ALL,843,178,107,38,27,0.15168539325842698,0.601123595505618,0.1269276393831554,57.78082252653252,8.764506787732461,35999.999999,43199.999999,50399.999999,2.8741328047571804,1.6419541488936757,0.5285714285714255,0.9184126073003319,2.7914949150220947,2.740359599930629,3.432612918892638,0.21348314606741572,28800.000001,8.129999999999981,2019-05-12T00:00:00+00:00,2022-06-10T04:36:00+00:00,6747,3.080606890257814
IND_STOCH_14_3_3_V1_K_CROSS_UP_D_4H,STOCHASTIC,DIRECTIONAL_TRIGGER,4H,DISCOVERY,4H,ALL,435,67,24,15,27,0.40298507462686567,0.3582089552238806,0.05517241379310345,21.74896128807685,8.764506787732461,28799.999999,43199.999999,57599.999999,3.2173423267123606,1.295692798394611,0.7055913762514426,1.45094334397051,5.270168671027011,10.318717403901864,3.896380720375846,0.22388059701492538,43200.000001,66.25,2019-05-12T00:00:00+00:00,2022-06-10T04:36:00+00:00,6747,3.080606890257814
IND_STOCH_14_3_3_V1_K_CROSS_UP_D_4H,STOCHASTIC,DIRECTIONAL_TRIGGER,4H,DISCOVERY,6H,ALL,776,232,133,65,27,0.11637931034482758,0.5732758620689655,0.1713917525773196,75.30983610199745,8.764506787732461,28799.999999,35999.999999,43199.999999,2.0878746594005433,0.7055827357415755,0.6420118343195238,1.174112256586481,3.065777492975052,3.202801655523719,3.2988246659153027,0.2801724137931034,21600.000001,32.84,2019-05-12T00:00:00+00:00,2022-06-10T04:36:00+00:00,6747,3.080606890257814
IND_STOCH_14_3_3_V1_K_CROSS_UP_D_4H,STOCHASTIC,DIRECTIONAL_TRIGGER,4H,DISCOVERY,8H,ALL,613,198,106,58,27,0.13636363636363635,0.5353535353535354,0.1729200652528548,64.27304977670471,8.764506787732461,28799.999999,43199.999999,57599.999999,2.6291684888226774,0.6477882742825598,0.6932984691740065,1.3070173684855333,2.937381937483778,5.302653330714598,4.3236797274276455,0.29292929292929293,28800.000001,40.69,2019-05-12T00:00:00+00:00,2022-06-10T04:36:00+00:00,6747,3.080606890257814
IND_STOCH_14_3_3_V1_K_CROSS_UP_D_4H,STOCHASTIC,DIRECTIONAL_TRIGGER,4H,DISCOVERY,12H,ALL,399,135,63,38,27,0.2,0.4666666666666667,0.15789473684210525,43.8225339386623,8.764506787732461,28799.999999,43199.999999,57599.999999,2.9099999999999966,0.6411606478566918,0.7796585365853655,1.7839479193025136,4.175700915765764,7.632574826755784,5.295061089953043,0.2814814814814815,28800.000001,68.52999999999997,2019-05-12T00:00:00+00:00,2022-06-10T04:36:00+00:00,6747,3.080606890257814
IND_STOCH_14_3_3_V1_K_CROSS_UP_D_4H,STOCHASTIC,DIRECTIONAL_TRIGGER,4H,DISCOVERY,1D,ALL,203,111,43,34,27,0.24324324324324326,0.38738738738738737,0.21182266009852216,36.031861238455676,8.764506787732461,28799.999999,43199.999999,71999.999999,3.5075989492475688,0.5392886045705059,0.7305061559507526,3.0231379834487444,6.140634217707574,8.55854073517192,3.5630630630630633,0.3063063063063063,28800.000001,26.185000000000002,2019-05-12T00:00:00+00:00,2022-06-10T04:36:00+00:00,6747,3.080606890257814
IND_STOCH_14_3_3_V1_K_CROSS_UP_D_4H,STOCHASTIC,DIRECTIONAL_TRIGGER,4H,DISCOVERY,ALL,HIGH,2648,837,561,223,27,0.03225806451612903,0.6702508960573477,0.21185800604229607,271.69971041970626,8.764506787732461,28799.999999,38699.999999,46799.999999,2.5884274297654084,1.7449046679815883,0.5913272010512473,1.104319500983503,3.2552382211637942,4.03935728402003,3.5585585585585533,0.26642771804062126,28800.000001,33.129999999999995,2019-05-12T00:00:00+00:00,2022-06-10T04:36:00+00:00,6747,3.080606890257814
IND_STOCH_14_3_3_V1_K_CROSS_UP_D_4H,STOCHASTIC,DIRECTIONAL_TRIGGER,4H,DISCOVERY,ALL,LOW,2653,840,582,176,27,0.03214285714285714,0.6928571428571428,0.2193742932529212,272.6735445072321,8.764506787732461,28799.999999,43199.999999,53999.999999,3.2245514108674307,1.9497820805635135,0.5444785704463854,1.0742885859206872,3.329302933662971,4.2330090480063465,4.223404255319158,0.20952380952380953,25200.000001,26.595,2019-05-12T00:00:00+00:00,2022-06-10T04:36:00+00:00,6747,3.080606890257814
IND_STOCH_14_3_3_V1_K_CROSS_UP_LEVEL_4H,STOCHASTIC,DIRECTIONAL_TRIGGER,4H,DISCOVERY,ALL,ALL,5301,452,355,86,8,0.017699115044247787,0.7853982300884956,0.06696849651009243,146.72433585389157,2.5968909000688774,28799.999999,43199.999999,57599.999999,3.4142389967297695,2.038528598766746,0.5775145143574463,1.284816086018898,4.247347223297952,4.596874999999994,3.577841579949334,0.1902654867256637,28800.000001,31.66500000000002,2019-05-12T00:00:00+00:00,2022-06-10T04:36:00+00:00,6747,3.080606890257814
IND_STOCH_14_3_3_V1_K_CROSS_UP_LEVEL_4H,STOCHASTIC,DIRECTIONAL_TRIGGER,4H,DISCOVERY,5m,ALL,0,8,0,0,8,1.0,0.0,,2.5968909000688774,2.5968909000688774,,,,,,,,,,,0.0,,,2019-05-12T00:00:00+00:00,2022-06-10T04:36:00+00:00,6747,3.080606890257814
IND_STOCH_14_3_3_V1_K_CROSS_UP_LEVEL_4H,STOCHASTIC,DIRECTIONAL_TRIGGER,4H,DISCOVERY,15m,ALL,150,65,57,0,8,0.12307692307692308,0.8769230769230769,0.38,21.099738563059628,2.5968909000688774,31499.999999,42299.999999,57059.999999,4.85264692206822,5.2508199281586565,0.6938127211031705,1.4727666769868335,4.014163686661644,9.85054632226735,6.093724619321234,0.0,,,2019-05-12T00:00:00+00:00,2022-06-10T04:36:00+00:00,6747,3.080606890257814
IND_STOCH_14_3_3_V1_K_CROSS_UP_LEVEL_4H,STOCHASTIC,DIRECTIONAL_TRIGGER,4H,DISCOVERY,30m,ALL,156,49,39,1,8,0.16326530612244897,0.7959183673469388,0.25,15.905956762921873,2.5968909000688774,25199.999999,34199.999999,41399.999999,4.485636334456751,4.03196080718532,0.7116255661801717,2.080220327561461,5.940099726725877,9.288350525220022,4.575757575757606,0.02040816326530612,57600.000001,25.55000000000001,2019-05-12T00:00:00+00:00,2022-06-10T04:36:00+00:00,6747,3.080606890257814
IND_STOCH_14_3_3_V1_K_CROSS_UP_LEVEL_4H,STOCHASTIC,DIRECTIONAL_TRIGGER,4H,DISCOVERY,1H,ALL,1726,158,107,41,8,0.05063291139240506,0.6772151898734177,0.06199304750869061,51.288595276360326,2.5968909000688774,32399.999999,43199.999999,50399.999999,3.173326735123095,2.3902158745793347,0.4102473498233219,0.6872570041626784,2.4549667533836543,1.9341436905312692,2.7092391304347774,0.25949367088607594,28800.000001,55.01000000000022,2019-05-12T00:00:00+00:00,2022-06-10T04:36:00+00:00,6747,3.080606890257814
IND_STOCH_14_3_3_V1_K_CROSS_UP_LEVEL_4H,STOCHASTIC,DIRECTIONAL_TRIGGER,4H,DISCOVERY,2H,ALL,843,46,35,3,8,0.17391304347826086,0.7608695652173914,0.04151838671411625,14.932122675396045,2.5968909000688774,35999.999999,43199.999999,57599.999999,2.9415951036675128,1.6981602743997508,0.5621674876847286,1.052428309355991,2.923446662535896,2.579626743396077,3.379310344827577,0.06521739130434782,57600.000001,8.550000000000011,2019-05-12T00:00:00+00:00,2022-06-10T04:36:00+00:00,6747,3.080606890257814
IND_STOCH_14_3_3_V1_K_CROSS_UP_LEVEL_4H,STOCHASTIC,DIRECTIONAL_TRIGGER,4H,DISCOVERY,4H,ALL,435,20,9,3,8,0.4,0.45,0.020689655172413793,6.492227250172193,2.5968909000688774,43199.999999,43199.999999,57599.999999,3.445870535714304,1.562534690101757,0.6841802050927525,1.2885404525060176,2.358753797210799,10.02022829070943,9.838952071486645,0.15,14400.000001,60.7199999999998,2019-05-12T00:00:00+00:00,2022-06-10T04:36:00+00:00,6747,3.080606890257814
IND_STOCH_14_3_3_V1_K_CROSS_UP_LEVEL_4H,STOCHASTIC,DIRECTIONAL_TRIGGER,4H,DISCOVERY,6H,ALL,776,50,35,7,8,0.16,0.7,0.045103092783505154,16.230568125430484,2.5968909000688774,28799.999999,35999.999999,47519.99999900001,2.613799339926383,0.9262574719346821,0.545507546803133,1.2843992147232368,4.4552362619888815,3.210123439762776,2.621212121212063,0.14,57600.000001,17.5,2019-05-12T00:00:00+00:00,2022-06-10T04:36:00+00:00,6747,3.080606890257814
IND_STOCH_14_3_3_V1_K_CROSS_UP_LEVEL_4H,STOCHASTIC,DIRECTIONAL_TRIGGER,4H,DISCOVERY,8H,ALL,613,55,33,14,8,0.14545454545454545,0.6,0.053833605220228384,17.85362493797353,2.5968909000688774,28799.999999,57599.999999,69119.99999900002,4.038586944300776,0.9494864218376239,0.523059928196631,1.875619114347331,3.791114350447514,3.7648745931869056,2.2043621362004924,0.2545454545454545,14400.000001,47.02000000000004,2019-05-12T00:00:00+00:00,2022-06-10T04:36:00+00:00,6747,3.080606890257814
IND_STOCH_14_3_3_V1_K_CROSS_UP_LEVEL_4H,STOCHASTIC,DIRECTIONAL_TRIGGER,4H,DISCOVERY,12H,ALL,399,37,20,9,8,0.21621621621621623,0.5405405405405406,0.05012531328320802,12.010620412818557,2.5968909000688774,28799.999999,43199.999999,43199.999999,3.1090404040404054,0.6551061685551799,0.6944737077341316,1.528762662083174,4.8245090136621736,7.083696813923719,5.596153846153882,0.24324324324324326,43200.000001,9.29000000000002,2019-05-12T00:00:00+00:00,2022-06-10T04:36:00+00:00,6747,3.080606890257814
IND_STOCH_14_3_3_V1_K_CROSS_UP_LEVEL_4H,STOCHASTIC,DIRECTIONAL_TRIGGER,4H,DISCOVERY,1D,ALL,203,36,20,8,8,0.2222222222222222,0.5555555555555556,0.09852216748768473,11.686009050309949,2.5968909000688774,28799.999999,43199.999999,71999.999999,3.531579461147986,0.519775250236747,0.7130891417240286,2.924139265154908,6.208972847376517,6.501558694679122,2.004088326763652,0.2222222222222222,21600.000001,44.21000000000001,2019-05-12T00:00:00+00:00,2022-06-10T04:36:00+00:00,6747,3.080606890257814
IND_STOCH_14_3_3_V1_K_CROSS_UP_LEVEL_4H,STOCHASTIC,DIRECTIONAL_TRIGGER,4H,DISCOVERY,ALL,HIGH,2648,265,199,57,8,0.03018867924528302,0.7509433962264151,0.07515105740181269,86.02201106478157,2.5968909000688774,28799.999999,43199.999999,57599.999999,3.282348316268208,1.9655330374208255,0.5932453358896846,1.394173255259631,4.191763906761401,4.5407909628422995,3.432820512820516,0.21509433962264152,36000.000001,29.05000000000001,2019-05-12T00:00:00+00:00,2022-06-10T04:36:00+00:00,6747,3.080606890257814
IND_STOCH_14_3_3_V1_K_CROSS_UP_LEVEL_4H,STOCHASTIC,DIRECTIONAL_TRIGGER,4H,DISCOVERY,ALL,LOW,2653,195,156,29,8,0.041025641025641026,0.8,0.05880135695439125,63.29921568917889,2.5968909000688774,28799.999999,43199.999999,50399.999999,3.8695993943549425,2.163930741030108,0.5454394667788073,1.1797708166887175,4.375181948294231,4.794682588581539,4.4367816091953625,0.14871794871794872,25200.000001,43.870000000000005,2019-05-12T00:00:00+00:00,2022-06-10T04:36:00+00:00,6747,3.080606890257814
IND_MACD_12_26_9_V1_MACD_CROSS_UP_SIGNAL_4H,MACD,DIRECTIONAL_TRIGGER,4H,DISCOVERY,ALL,ALL,5301,532,419,105,6,0.011278195488721804,0.7875939849624061,0.07904169024712318,172.69324485458034,1.947668175051658,43199.999999,66599.999999,86399.999999,4.663435703494915,2.5309985802177026,0.5019083969465641,1.2218878338031112,4.369294133421505,4.23399423548531,3.7836538461538494,0.19736842105263158,36000.000001,24.890000000000043,2019-05-12T00:00:00+00:00,2022-06-10T04:36:00+00:00,6747,3.080606890257814
IND_MACD_12_26_9_V1_MACD_CROSS_UP_SIGNAL_4H,MACD,DIRECTIONAL_TRIGGER,4H,DISCOVERY,5m,ALL,0,6,0,0,6,1.0,0.0,,1.947668175051658,1.947668175051658,,,,,,,,,,,0.0,,,2019-05-12T00:00:00+00:00,2022-06-10T04:36:00+00:00,6747,3.080606890257814
IND_MACD_12_26_9_V1_MACD_CROSS_UP_SIGNAL_4H,MACD,DIRECTIONAL_TRIGGER,4H,DISCOVERY,15m,ALL,150,58,52,0,6,0.10344827586206896,0.896551724137931,0.3466666666666667,18.827459025499362,1.947668175051658,56699.999999,77624.999999,91349.999999,6.179768267905507,8.75274727387449,0.5233477124217738,1.3806515348824286,4.731480612975816,4.821836277399603,6.546885328081977,0.0,,,2019-05-12T00:00:00+00:00,2022-06-10T04:36:00+00:00,6747,3.080606890257814
IND_MACD_12_26_9_V1_MACD_CROSS_UP_SIGNAL_4H,MACD,DIRECTIONAL_TRIGGER,4H,DISCOVERY,30m,ALL,156,44,37,1,6,0.13636363636363635,0.8409090909090909,0.23717948717948717,14.282899950378825,1.947668175051658,44999.999999,64799.999999,81719.999999,6.2162335449167685,6.993269230769237,0.6393961529096663,2.47961026876129,6.717151255060556,9.64309967554516,4.398889770023827,0.022727272727272728,57600.000001,25.55000000000001,2019-05-12T00:00:00+00:00,2022-06-10T04:36:00+00:00,6747,3.080606890257814
IND_MACD_12_26_9_V1_MACD_CROSS_UP_SIGNAL_4H,MACD,DIRECTIONAL_TRIGGER,4H,DISCOVERY,1H,ALL,1726,190,136,47,6,0.031578947368421054,0.7157894736842105,0.07879490150637311,61.67615887663584,1.947668175051658,34199.999999,53999.999999,71999.999999,3.5406667114003176,3.1217151586600815,0.41740130436938916,0.5878618938536682,1.8683976566919789,2.7449978756167464,5.20840431572973,0.24736842105263157,28800.000001,28.069999999999993,2019-05-12T00:00:00+00:00,2022-06-10T04:36:00+00:00,6747,3.080606890257814
IND_MACD_12_26_9_V1_MACD_CROSS_UP_SIGNAL_4H,MACD,DIRECTIONAL_TRIGGER,4H,DISCOVERY,2H,ALL,843,47,33,8,6,0.1276595744680851,0.7021276595744681,0.03914590747330961,15.256734037904653,1.947668175051658,43199.999999,57599.999999,79199.999999,5.153069853977569,2.8402599960606634,0.38105536332179935,1.2762553102195846,3.1604255228397586,2.605273277183784,2.34772771985047,0.1702127659574468,28800.000001,17.19500000000002,2019-05-12T00:00:00+00:00,2022-06-10T04:36:00+00:00,6747,3.080606890257814
IND_MACD_12_26_9_V1_MACD_CROSS_UP_SIGNAL_4H,MACD,DIRECTIONAL_TRIGGER,4H,DISCOVERY,4H,ALL,435,14,6,2,6,0.42857142857142855,0.42857142857142855,0.013793103448275862,4.544559075120535,1.947668175051658,86399.999999,86399.999999,100799.999999,8.346480051924631,3.2309475134885717,0.5867613066410263,0.9720042525185985,2.2403997103387665,12.652351167009051,16.19791666666677,0.14285714285714285,93600.000001,18.014999999999986,2019-05-12T00:00:00+00:00,2022-06-10T04:36:00+00:00,6747,3.080606890257814
IND_MACD_12_26_9_V1_MACD_CROSS_UP_SIGNAL_4H,MACD,DIRECTIONAL_TRIGGER,4H,DISCOVERY,6H,ALL,776,67,42,19,6,0.08955223880597014,0.6268656716417911,0.05412371134020619,21.74896128807685,1.947668175051658,35999.999999,57599.999999,79199.999999,4.397192265125095,1.3892175962091762,0.39663486198491354,1.4420380365837975,3.300211414290367,2.6660090014942615,2.2079745631973706,0.2835820895522388,43200.000001,24.890000000000043,2019-05-12T00:00:00+00:00,2022-06-10T04:36:00+00:00,6747,3.080606890257814
IND_MACD_12_26_9_V1_MACD_CROSS_UP_SIGNAL_4H,MACD,DIRECTIONAL_TRIGGER,4H,DISCOVERY,8H,ALL,613,68,53,9,6,0.08823529411764706,0.7794117647058824,0.0864600326264274,22.073572650585458,1.947668175051658,57599.999999,71999.999999,86399.999999,4.249063280599497,1.1685514270328532,0.4981884057971014,1.0409695372505499,3.0889328801404328,3.9853412734768554,3.401515151515081,0.1323529411764706,57600.000001,54.97000000000003,2019-05-12T00:00:00+00:00,2022-06-10T04:36:00+00:00,6747,3.080606890257814
IND_MACD_12_26_9_V1_MACD_CROSS_UP_SIGNAL_4H,MACD,DIRECTIONAL_TRIGGER,4H,DISCOVERY,12H,ALL,399,43,31,5,6,0.13953488372093023,0.7209302325581395,0.07769423558897243,13.958288587870216,1.947668175051658,57599.999999,71999.999999,86399.999999,4.357923072135423,1.007529934575981,0.6412678727750221,1.8733658439750074,4.455725015001987,6.174637343649094,3.4714929707850932,0.11627906976744186,28800.000001,13.560000000000002,2019-05-12T00:00:00+00:00,2022-06-10T04:36:00+00:00,6747,3.080606890257814
IND_MACD_12_26_9_V1_MACD_CROSS_UP_SIGNAL_4H,MACD,DIRECTIONAL_TRIGGER,4H,DISCOVERY,1D,ALL,203,49,29,14,6,0.12244897959183673,0.5918367346938775,0.14285714285714285,15.905956762921873,1.947668175051658,43199.999999,71999.999999,89279.99999899999,4.966980700631125,0.6754756946172066,0.6925844493304019,3.2727387092716045,6.950392777287726,7.987331505156211,3.2952142994426317,0.2857142857142857,36000.000001,21.93000000000002,2019-05-12T00:00:00+00:00,2022-06-10T04:36:00+00:00,6747,3.080606890257814
IND_MACD_12_26_9_V1_MACD_CROSS_UP_SIGNAL_4H,MACD,DIRECTIONAL_TRIGGER,4H,DISCOVERY,ALL,HIGH,2648,269,214,48,6,0.022304832713754646,0.7955390334572491,0.08081570996978851,87.320456514816,1.947668175051658,43199.999999,67949.999999,86399.999999,4.365088685139592,2.490011004195168,0.4927498824662312,1.4077037639650445,4.969573514375945,3.9560575586791344,3.0766963273331536,0.17843866171003717,39600.000001,19.22500000000001,2019-05-12T00:00:00+00:00,2022-06-10T04:36:00+00:00,6747,3.080606890257814
IND_MACD_12_26_9_V1_MACD_CROSS_UP_SIGNAL_4H,MACD,DIRECTIONAL_TRIGGER,4H,DISCOVERY,ALL,LOW,2653,269,205,57,6,0.022304832713754646,0.7620817843866171,0.07727101394647569,87.320456514816,1.947668175051658,43199.999999,64799.999999,86399.999999,5.112764198842837,2.68220367278798,0.5076315449495233,1.044229503659917,4.095216140387816,4.738922814697803,5.043918918918927,0.21189591078066913,32400.000001,28.07000000000002,2019-05-12T00:00:00+00:00,2022-06-10T04:36:00+00:00,6747,3.080606890257814
IND_MACD_12_26_9_V1_HISTOGRAM_CROSS_UP_ZERO_4H,MACD,DIRECTIONAL_TRIGGER,4H,DISCOVERY,ALL,ALL,5301,532,419,105,6,0.011278195488721804,0.7875939849624061,0.07904169024712318,172.69324485458034,1.947668175051658,43199.999999,66599.999999,86399.999999,4.663435703494915,2.5309985802177026,0.5019083969465641,1.2218878338031112,4.369294133421505,4.23399423548531,3.7836538461538494,0.19736842105263158,36000.000001,24.890000000000043,2019-05-12T00:00:00+00:00,2022-06-10T04:36:00+00:00,6747,3.080606890257814
IND_MACD_12_26_9_V1_HISTOGRAM_CROSS_UP_ZERO_4H,MACD,DIRECTIONAL_TRIGGER,4H,DISCOVERY,5m,ALL,0,6,0,0,6,1.0,0.0,,1.947668175051658,1.947668175051658,,,,,,,,,,,0.0,,,2019-05-12T00:00:00+00:00,2022-06-10T04:36:00+00:00,6747,3.080606890257814
IND_MACD_12_26_9_V1_HISTOGRAM_CROSS_UP_ZERO_4H,MACD,DIRECTIONAL_TRIGGER,4H,DISCOVERY,15m,ALL,150,58,52,0,6,0.10344827586206896,0.896551724137931,0.3466666666666667,18.827459025499362,1.947668175051658,56699.999999,77624.999999,91349.999999,6.179768267905507,8.75274727387449,0.5233477124217738,1.3806515348824286,4.731480612975816,4.821836277399603,6.546885328081977,0.0,,,2019-05-12T00:00:00+00:00,2022-06-10T04:36:00+00:00,6747,3.080606890257814
IND_MACD_12_26_9_V1_HISTOGRAM_CROSS_UP_ZERO_4H,MACD,DIRECTIONAL_TRIGGER,4H,DISCOVERY,30m,ALL,156,44,37,1,6,0.13636363636363635,0.8409090909090909,0.23717948717948717,14.282899950378825,1.947668175051658,44999.999999,64799.999999,81719.999999,6.2162335449167685,6.993269230769237,0.6393961529096663,2.47961026876129,6.717151255060556,9.64309967554516,4.398889770023827,0.022727272727272728,57600.000001,25.55000000000001,2019-05-12T00:00:00+00:00,2022-06-10T04:36:00+00:00,6747,3.080606890257814
IND_MACD_12_26_9_V1_HISTOGRAM_CROSS_UP_ZERO_4H,MACD,DIRECTIONAL_TRIGGER,4H,DISCOVERY,1H,ALL,1726,190,136,47,6,0.031578947368421054,0.7157894736842105,0.07879490150637311,61.67615887663584,1.947668175051658,34199.999999,53999.999999,71999.999999,3.5406667114003176,3.1217151586600815,0.41740130436938916,0.5878618938536682,1.8683976566919789,2.7449978756167464,5.20840431572973,0.24736842105263157,28800.000001,28.069999999999993,2019-05-12T00:00:00+00:00,2022-06-10T04:36:00+00:00,6747,3.080606890257814
IND_MACD_12_26_9_V1_HISTOGRAM_CROSS_UP_ZERO_4H,MACD,DIRECTIONAL_TRIGGER,4H,DISCOVERY,2H,ALL,843,47,33,8,6,0.1276595744680851,0.7021276595744681,0.03914590747330961,15.256734037904653,1.947668175051658,43199.999999,57599.999999,79199.999999,5.153069853977569,2.8402599960606634,0.38105536332179935,1.2762553102195846,3.1604255228397586,2.605273277183784,2.34772771985047,0.1702127659574468,28800.000001,17.19500000000002,2019-05-12T00:00:00+00:00,2022-06-10T04:36:00+00:00,6747,3.080606890257814
IND_MACD_12_26_9_V1_HISTOGRAM_CROSS_UP_ZERO_4H,MACD,DIRECTIONAL_TRIGGER,4H,DISCOVERY,4H,ALL,435,14,6,2,6,0.42857142857142855,0.42857142857142855,0.013793103448275862,4.544559075120535,1.947668175051658,86399.999999,86399.999999,100799.999999,8.346480051924631,3.2309475134885717,0.5867613066410263,0.9720042525185985,2.2403997103387665,12.652351167009051,16.19791666666677,0.14285714285714285,93600.000001,18.014999999999986,2019-05-12T00:00:00+00:00,2022-06-10T04:36:00+00:00,6747,3.080606890257814
IND_MACD_12_26_9_V1_HISTOGRAM_CROSS_UP_ZERO_4H,MACD,DIRECTIONAL_TRIGGER,4H,DISCOVERY,6H,ALL,776,67,42,19,6,0.08955223880597014,0.6268656716417911,0.05412371134020619,21.74896128807685,1.947668175051658,35999.999999,57599.999999,79199.999999,4.397192265125095,1.3892175962091762,0.39663486198491354,1.4420380365837975,3.300211414290367,2.6660090014942615,2.2079745631973706,0.2835820895522388,43200.000001,24.890000000000043,2019-05-12T00:00:00+00:00,2022-06-10T04:36:00+00:00,6747,3.080606890257814
IND_MACD_12_26_9_V1_HISTOGRAM_CROSS_UP_ZERO_4H,MACD,DIRECTIONAL_TRIGGER,4H,DISCOVERY,8H,ALL,613,68,53,9,6,0.08823529411764706,0.7794117647058824,0.0864600326264274,22.073572650585458,1.947668175051658,57599.999999,71999.999999,86399.999999,4.249063280599497,1.1685514270328532,0.4981884057971014,1.0409695372505499,3.0889328801404328,3.9853412734768554,3.401515151515081,0.1323529411764706,57600.000001,54.97000000000003,2019-05-12T00:00:00+00:00,2022-06-10T04:36:00+00:00,6747,3.080606890257814
IND_MACD_12_26_9_V1_HISTOGRAM_CROSS_UP_ZERO_4H,MACD,DIRECTIONAL_TRIGGER,4H,DISCOVERY,12H,ALL,399,43,31,5,6,0.13953488372093023,0.7209302325581395,0.07769423558897243,13.958288587870216,1.947668175051658,57599.999999,71999.999999,86399.999999,4.357923072135423,1.007529934575981,0.6412678727750221,1.8733658439750074,4.455725015001987,6.174637343649094,3.4714929707850932,0.11627906976744186,28800.000001,13.560000000000002,2019-05-12T00:00:00+00:00,2022-06-10T04:36:00+00:00,6747,3.080606890257814
IND_MACD_12_26_9_V1_HISTOGRAM_CROSS_UP_ZERO_4H,MACD,DIRECTIONAL_TRIGGER,4H,DISCOVERY,1D,ALL,203,49,29,14,6,0.12244897959183673,0.5918367346938775,0.14285714285714285,15.905956762921873,1.947668175051658,43199.999999,71999.999999,89279.99999899999,4.966980700631125,0.6754756946172066,0.6925844493304019,3.2727387092716045,6.950392777287726,7.987331505156211,3.2952142994426317,0.2857142857142857,36000.000001,21.93000000000002,2019-05-12T00:00:00+00:00,2022-06-10T04:36:00+00:00,6747,3.080606890257814
IND_MACD_12_26_9_V1_HISTOGRAM_CROSS_UP_ZERO_4H,MACD,DIRECTIONAL_TRIGGER,4H,DISCOVERY,ALL,HIGH,2648,269,214,48,6,0.022304832713754646,0.7955390334572491,0.08081570996978851,87.320456514816,1.947668175051658,43199.999999,67949.999999,86399.999999,4.365088685139592,2.490011004195168,0.4927498824662312,1.4077037639650445,4.969573514375945,3.9560575586791344,3.0766963273331536,0.17843866171003717,39600.000001,19.22500000000001,2019-05-12T00:00:00+00:00,2022-06-10T04:36:00+00:00,6747,3.080606890257814
IND_MACD_12_26_9_V1_HISTOGRAM_CROSS_UP_ZERO_4H,MACD,DIRECTIONAL_TRIGGER,4H,DISCOVERY,ALL,LOW,2653,269,205,57,6,0.022304832713754646,0.7620817843866171,0.07727101394647569,87.320456514816,1.947668175051658,43199.999999,64799.999999,86399.999999,5.112764198842837,2.68220367278798,0.5076315449495233,1.044229503659917,4.095216140387816,4.738922814697803,5.043918918918927,0.21189591078066913,32400.000001,28.07000000000002,2019-05-12T00:00:00+00:00,2022-06-10T04:36:00+00:00,6747,3.080606890257814
IND_RSI_14_V1_RSI_CROSS_UP_30_4H,RSI,DIRECTIONAL_TRIGGER,4H,DISCOVERY,ALL,ALL,5301,204,150,46,3,0.014705882352941176,0.7352941176470589,0.028296547821165818,66.22071795175637,0.973834087525829,17999.999999,28799.999999,46979.99999899999,3.511045850553917,1.8192909251947622,0.538798638695368,1.6326735780146309,5.029226335662031,3.703026314706655,2.7695092656142575,0.22549019607843138,43200.000001,59.00999999999999,2019-05-12T00:00:00+00:00,2022-06-10T04:36:00+00:00,6747,3.080606890257814
IND_RSI_14_V1_RSI_CROSS_UP_30_4H,RSI,DIRECTIONAL_TRIGGER,4H,DISCOVERY,5m,ALL,0,3,0,0,3,1.0,0.0,,0.973834087525829,0.973834087525829,,,,,,,,,,,0.0,,,2019-05-12T00:00:00+00:00,2022-06-10T04:36:00+00:00,6747,3.080606890257814
IND_RSI_14_V1_RSI_CROSS_UP_30_4H,RSI,DIRECTIONAL_TRIGGER,4H,DISCOVERY,15m,ALL,150,24,21,0,3,0.125,0.875,0.14,7.790672700206632,0.973834087525829,17099.999999,26099.999999,31499.999999,3.90933333333334,4.194880340693398,0.6072276945491394,1.8926650366748132,2.819182474171568,4.513454639399217,4.326369282891007,0.0,,,2019-05-12T00:00:00+00:00,2022-06-10T04:36:00+00:00,6747,3.080606890257814
IND_RSI_14_V1_RSI_CROSS_UP_30_4H,RSI,DIRECTIONAL_TRIGGER,4H,DISCOVERY,30m,ALL,156,22,18,1,3,0.13636363636363635,0.8181818181818182,0.11538461538461539,7.1414499751894125,0.973834087525829,16199.999999,21149.999999,30239.999999000007,5.277336902711511,3.781344969104291,0.6967584329588132,1.7221775811049334,5.619698959149217,8.460566944408438,3.843663488833397,0.045454545454545456,57600.000001,25.55000000000001,2019-05-12T00:00:00+00:00,2022-06-10T04:36:00+00:00,6747,3.080606890257814
IND_RSI_14_V1_RSI_CROSS_UP_30_4H,RSI,DIRECTIONAL_TRIGGER,4H,DISCOVERY,1H,ALL,1726,73,56,11,3,0.0410958904109589,0.7671232876712328,0.03244495944380069,23.696629463128506,0.973834087525829,17999.999999,32399.999999,55799.999999,2.7703751633478015,1.882472125545645,0.48478419608112605,1.0686651284057422,2.8955719386043954,1.60543128271288,1.3376160434938678,0.1506849315068493,32400.000001,67.82999999999993,2019-05-12T00:00:00+00:00,2022-06-10T04:36:00+00:00,6747,3.080606890257814
IND_RSI_14_V1_RSI_CROSS_UP_30_4H,RSI,DIRECTIONAL_TRIGGER,4H,DISCOVERY,2H,ALL,843,20,12,5,3,0.15,0.6,0.014234875444839857,6.492227250172193,0.973834087525829,14399.999999,50399.999999,63359.99999900001,4.3362787982132645,1.6734434361327502,0.5078091104079059,1.8567900040162137,3.210629047529556,6.220058473511223,4.841123649476829,0.25,7200.000001,22.089999999999918,2019-05-12T00:00:00+00:00,2022-06-10T04:36:00+00:00,6747,3.080606890257814
IND_RSI_14_V1_RSI_CROSS_UP_30_4H,RSI,DIRECTIONAL_TRIGGER,4H,DISCOVERY,4H,ALL,435,10,3,4,3,0.3,0.3,0.006896551724137931,3.2461136250860965,0.973834087525829,14399.999999,21599.999999,25919.999999,3.096286536527862,0.905154937735303,0.8126874791689814,2.1540002862458785,2.224606592503606,10.813434625214198,5.476895734597161,0.4,79200.000001,92.80999999999995,2019-05-12T00:00:00+00:00,2022-06-10T04:36:00+00:00,6747,3.080606890257814
IND_RSI_14_V1_RSI_CROSS_UP_30_4H,RSI,DIRECTIONAL_TRIGGER,4H,DISCOVERY,6H,ALL,776,16,10,2,3,0.1875,0.625,0.01288659793814433,5.193781800137755,0.973834087525829,21599.999999,34199.999999,36719.999999,4.023053687323463,1.3187428256631466,0.2886271614524489,1.6415921720451667,7.079833478407508,1.7730445480974348,0.6829620161200015,0.125,54000.00000099999,41.07999999999991,2019-05-12T00:00:00+00:00,2022-06-10T04:36:00+00:00,6747,3.080606890257814
IND_RSI_14_V1_RSI_CROSS_UP_30_4H,RSI,DIRECTIONAL_TRIGGER,4H,DISCOVERY,8H,ALL,613,23,15,5,3,0.13043478260869565,0.6521739130434783,0.024469820554649267,7.466061337698022,0.973834087525829,14399.999999,28799.999999,37439.99999899999,2.6756885395628887,0.6082029141931998,0.7356321839080462,1.815937940761638,2.4974069281443376,3.4983050847457564,3.435114503816788,0.21739130434782608,14400.000001,15.759999999999991,2019-05-12T00:00:00+00:00,2022-06-10T04:36:00+00:00,6747,3.080606890257814
IND_RSI_14_V1_RSI_CROSS_UP_30_4H,RSI,DIRECTIONAL_TRIGGER,4H,DISCOVERY,12H,ALL,399,17,5,9,3,0.17647058823529413,0.29411764705882354,0.012531328320802004,5.5183931626463645,0.973834087525829,14399.999999,14399.999999,23039.999999,2.353302072834044,0.7226066897347179,0.5915530606789623,1.4982109777450698,5.880674738157558,6.5204850646125525,5.596153846153882,0.5294117647058824,86400.000001,62.98000000000002,2019-05-12T00:00:00+00:00,2022-06-10T04:36:00+00:00,6747,3.080606890257814
IND_RSI_14_V1_RSI_CROSS_UP_30_4H,RSI,DIRECTIONAL_TRIGGER,4H,DISCOVERY,1D,ALL,203,23,10,9,3,0.13043478260869565,0.43478260869565216,0.04926108374384237,7.466061337698022,0.973834087525829,28799.999999,39599.999999,46079.99999899999,3.686666580454477,0.6385353575478925,0.6566342561961352,2.8294666317980255,13.749090357417264,9.055797416014144,2.9469399482808143,0.391304347826087,1e-06,67.91999999999996,2019-05-12T00:00:00+00:00,2022-06-10T04:36:00+00:00,6747,3.080606890257814
IND_RSI_14_V1_RSI_CROSS_UP_30_4H,RSI,DIRECTIONAL_TRIGGER,4H,DISCOVERY,ALL,HIGH,2648,127,84,38,3,0.023622047244094488,0.6614173228346457,0.03172205438066465,41.225643038593425,0.973834087525829,16199.999999,28799.999999,45719.99999900001,2.800521750954837,1.7690113042563658,0.5781509187047937,1.7335265845398422,4.389633175465687,3.552163677197939,2.7127411016105967,0.2992125984251969,43200.000001,62.97500000000002,2019-05-12T00:00:00+00:00,2022-06-10T04:36:00+00:00,6747,3.080606890257814
IND_RSI_14_V1_RSI_CROSS_UP_30_4H,RSI,DIRECTIONAL_TRIGGER,4H,DISCOVERY,ALL,LOW,2653,80,66,8,3,0.0375,0.825,0.024877497173011683,25.96890900068877,0.973834087525829,25199.999999,28799.999999,45899.999999,3.934675822778374,1.8587135653658278,0.5105277307067351,1.560239248612185,5.188426749613653,3.9009534356425637,2.806072632866818,0.1,16200.000001,35.36500000000004,2019-05-12T00:00:00+00:00,2022-06-10T04:36:00+00:00,6747,3.080606890257814
IND_RSI_14_V1_RSI_CROSS_UP_50_4H,RSI,DIRECTIONAL_TRIGGER,4H,DISCOVERY,ALL,ALL,5301,639,496,99,8,0.012519561815336464,0.7762128325508607,0.0935672514619883,207.42666064300158,2.5968909000688774,28799.999999,50399.999999,71999.999999,3.7360520598714655,2.604793531215235,0.4902118777998633,0.940225390479126,3.3030513635214738,3.6730043997485833,3.586469043442844,0.15492957746478872,36000.000001,21.29000000000002,2019-05-12T00:00:00+00:00,2022-06-10T04:36:00+00:00,6747,3.080606890257814
IND_RSI_14_V1_RSI_CROSS_UP_50_4H,RSI,DIRECTIONAL_TRIGGER,4H,DISCOVERY,5m,ALL,0,8,0,0,8,1.0,0.0,,2.5968909000688774,2.5968909000688774,,,,,,,,,,,0.0,,,2019-05-12T00:00:00+00:00,2022-06-10T04:36:00+00:00,6747,3.080606890257814
IND_RSI_14_V1_RSI_CROSS_UP_50_4H,RSI,DIRECTIONAL_TRIGGER,4H,DISCOVERY,15m,ALL,150,59,49,0,8,0.13559322033898305,0.8305084745762712,0.32666666666666666,19.15207038800797,2.5968909000688774,37799.999999,58499.999999,108539.99999900002,5.1711736566476745,8.00232537340129,0.6625241717158697,1.3049912265198107,4.307832761790349,7.846101398476641,6.629161614625303,0.0,,,2019-05-12T00:00:00+00:00,2022-06-10T04:36:00+00:00,6747,3.080606890257814
IND_RSI_14_V1_RSI_CROSS_UP_50_4H,RSI,DIRECTIONAL_TRIGGER,4H,DISCOVERY,30m,ALL,156,41,30,0,8,0.1951219512195122,0.7317073170731707,0.19230769230769232,13.309065862852997,2.5968909000688774,42299.999999,76499.999999,97919.99999900002,5.695758411699012,7.158114551845976,0.6535496161107502,2.232185877657287,5.194467287426494,8.36856847365637,5.120899485246433,0.0,,,2019-05-12T00:00:00+00:00,2022-06-10T04:36:00+00:00,6747,3.080606890257814
IND_RSI_14_V1_RSI_CROSS_UP_50_4H,RSI,DIRECTIONAL_TRIGGER,4H,DISCOVERY,1H,ALL,1726,282,223,40,8,0.028368794326241134,0.7907801418439716,0.12920046349942063,91.54040422742793,2.5968909000688774,28799.999999,43199.999999,64799.999999,3.3978926622195176,3.2594079277471195,0.3903837670930751,0.7989188590040472,1.8214541871531313,2.348818651771168,2.7632653061224777,0.14184397163120568,34200.000001,22.215000000000032,2019-05-12T00:00:00+00:00,2022-06-10T04:36:00+00:00,6747,3.080606890257814
IND_RSI_14_V1_RSI_CROSS_UP_50_4H,RSI,DIRECTIONAL_TRIGGER,4H,DISCOVERY,2H,ALL,843,69,46,11,8,0.11594202898550725,0.6666666666666666,0.054567022538552785,22.398184013094067,2.5968909000688774,28799.999999,43199.999999,64799.999999,3.188619186181533,2.2929692983099983,0.49078432747524126,0.6360219716681089,1.9090083645863247,2.6025466019200203,3.477311878474696,0.15942028985507245,50400.000001,4.72999999999999,2019-05-12T00:00:00+00:00,2022-06-10T04:36:00+00:00,6747,3.080606890257814
IND_RSI_14_V1_RSI_CROSS_UP_50_4H,RSI,DIRECTIONAL_TRIGGER,4H,DISCOVERY,4H,ALL,435,23,11,3,8,0.34782608695652173,0.4782608695652174,0.02528735632183908,7.466061337698022,2.5968909000688774,57599.999999,57599.999999,71999.999999,4.7673068092807105,1.9155094284461334,0.5798826214541902,0.8926120216957382,6.037969183977798,9.709747565472252,6.169149868536388,0.13043478260869565,14400.000001,339.1199999999999,2019-05-12T00:00:00+00:00,2022-06-10T04:36:00+00:00,6747,3.080606890257814
IND_RSI_14_V1_RSI_CROSS_UP_50_4H,RSI,DIRECTIONAL_TRIGGER,4H,DISCOVERY,6H,ALL,776,86,52,17,8,0.09302325581395349,0.6046511627906976,0.06701030927835051,27.916577175740432,2.5968909000688774,35999.999999,50399.999999,71279.99999899999,2.6017754819770254,0.9198231214314595,0.6260058824316646,0.8517032975796087,2.534123408659386,2.892267015094383,3.219471947194717,0.19767441860465115,36000.000001,13.20999999999998,2019-05-12T00:00:00+00:00,2022-06-10T04:36:00+00:00,6747,3.080606890257814
IND_RSI_14_V1_RSI_CROSS_UP_50_4H,RSI,DIRECTIONAL_TRIGGER,4H,DISCOVERY,8H,ALL,613,60,38,13,8,0.13333333333333333,0.6333333333333333,0.06199021207177814,19.47668175051658,2.5968909000688774,43199.999999,57599.999999,71999.999999,3.8338809795805715,0.9469555139223735,0.5577308229087201,1.2824858757062205,2.7101560464600816,4.407339093291905,5.385911695315144,0.21666666666666667,43200.000001,87.90999999999985,2019-05-12T00:00:00+00:00,2022-06-10T04:36:00+00:00,6747,3.080606890257814
IND_RSI_14_V1_RSI_CROSS_UP_50_4H,RSI,DIRECTIONAL_TRIGGER,4H,DISCOVERY,12H,ALL,399,43,26,8,8,0.18604651162790697,0.6046511627906976,0.06516290726817042,13.958288587870216,2.5968909000688774,28799.999999,57599.999999,64799.99999900001,2.9151895486560826,0.7290491411704294,0.6982093216478196,1.0787200038706808,3.1038042447323644,5.210974377357548,4.478971744515835,0.18604651162790697,28800.000001,21.35499999999999,2019-05-12T00:00:00+00:00,2022-06-10T04:36:00+00:00,6747,3.080606890257814
IND_RSI_14_V1_RSI_CROSS_UP_50_4H,RSI,DIRECTIONAL_TRIGGER,4H,DISCOVERY,1D,ALL,203,40,21,7,8,0.2,0.525,0.10344827586206896,12.984454500344386,2.5968909000688774,43199.999999,57599.999999,71999.999999,4.564096385542165,0.6697299229080513,0.7601314348302302,2.898589088598895,5.606407322654468,8.99840680302683,4.271232876712309,0.175,14400.000001,7.060000000000002,2019-05-12T00:00:00+00:00,2022-06-10T04:36:00+00:00,6747,3.080606890257814
IND_RSI_14_V1_RSI_CROSS_UP_50_4H,RSI,DIRECTIONAL_TRIGGER,4H,DISCOVERY,ALL,HIGH,2648,323,252,45,8,0.02476780185758514,0.7801857585139319,0.09516616314199396,104.84947009028092,2.5968909000688774,28799.999999,50399.999999,71639.99999900002,3.4207834124118293,2.8368017662172895,0.4902118777998633,1.0040818108397231,3.6585439269169164,3.6327902111202626,3.361832061068711,0.1393188854489164,36000.000001,28.860000000000014,2019-05-12T00:00:00+00:00,2022-06-10T04:36:00+00:00,6747,3.080606890257814
IND_RSI_14_V1_RSI_CROSS_UP_50_4H,RSI,DIRECTIONAL_TRIGGER,4H,DISCOVERY,ALL,LOW,2653,324,244,54,8,0.024691358024691357,0.7530864197530864,0.0919713531850735,105.17408145278954,2.5968909000688774,31049.999999,53999.999999,71999.999999,3.958012268004399,2.441800802941615,0.4903081119489542,0.9359877629386177,3.0099699796125696,3.850392481706601,3.9077186963979247,0.16666666666666666,28800.000001,19.88499999999999,2019-05-12T00:00:00+00:00,2022-06-10T04:36:00+00:00,6747,3.080606890257814
IND_SMA_CROSS_10_50_V1_MA_CROSS_UP_4H,MA/DMI,DIRECTIONAL_TRIGGER,4H,DISCOVERY,ALL,ALL,5301,189,113,68,6,0.031746031746031744,0.5978835978835979,0.021316732691944916,61.351547514127226,1.947668175051658,43199.999999,81899.999999,115019.999999,4.114028705602222,2.0478542115879548,0.4975473020322347,0.9272767059338481,3.231342005239298,3.554221503886707,4.142857142857162,0.35978835978835977,36000.000001,14.434999999999917,2019-05-12T00:00:00+00:00,2022-06-10T04:36:00+00:00,6747,3.080606890257814
IND_SMA_CROSS_10_50_V1_MA_CROSS_UP_4H,MA/DMI,DIRECTIONAL_TRIGGER,4H,DISCOVERY,5m,ALL,0,6,0,0,6,1.0,0.0,,1.947668175051658,1.947668175051658,,,,,,,,,,,0.0,,,2019-05-12T00:00:00+00:00,2022-06-10T04:36:00+00:00,6747,3.080606890257814
IND_SMA_CROSS_10_50_V1_MA_CROSS_UP_4H,MA/DMI,DIRECTIONAL_TRIGGER,4H,DISCOVERY,15m,ALL,150,12,6,0,6,0.5,0.5,0.04,3.895336350103316,1.947668175051658,99449.999999,113624.999999,114299.999999,7.017902621507851,12.928811671662816,0.3026304303591639,2.5514940300996116,4.220963658791202,3.8520137087972426,2.289005611663387,0.0,,,2019-05-12T00:00:00+00:00,2022-06-10T04:36:00+00:00,6747,3.080606890257814
IND_SMA_CROSS_10_50_V1_MA_CROSS_UP_4H,MA/DMI,DIRECTIONAL_TRIGGER,4H,DISCOVERY,30m,ALL,156,11,5,0,6,0.5454545454545454,0.45454545454545453,0.03205128205128205,3.5707249875947062,1.947668175051658,104399.999999,127799.999999,143999.999999,10.672048435923308,14.397297297297257,0.4807732433261737,0.9706762106432295,2.8011329315400344,8.781372654140569,9.13915966169102,0.0,,,2019-05-12T00:00:00+00:00,2022-06-10T04:36:00+00:00,6747,3.080606890257814
IND_SMA_CROSS_10_50_V1_MA_CROSS_UP_4H,MA/DMI,DIRECTIONAL_TRIGGER,4H,DISCOVERY,1H,ALL,1726,93,61,26,6,0.06451612903225806,0.6559139784946236,0.03534183082271147,30.188856713300698,1.947668175051658,32399.999999,43199.999999,75599.999999,2.9112698220554423,2.914640198511163,0.4945984641416118,0.749129060443906,1.8299430406667059,3.3846875049700857,3.8365873779733426,0.27956989247311825,18000.000001,15.724999999999909,2019-05-12T00:00:00+00:00,2022-06-10T04:36:00+00:00,6747,3.080606890257814
IND_SMA_CROSS_10_50_V1_MA_CROSS_UP_4H,MA/DMI,DIRECTIONAL_TRIGGER,4H,DISCOVERY,2H,ALL,843,18,6,6,6,0.3333333333333333,0.3333333333333333,0.0071174377224199285,5.843004525154974,1.947668175051658,21599.999999,39599.999999,46799.999999,1.6492572284840095,1.0448058503638507,0.7076438554746716,0.5707545730756559,0.9920844881305515,3.4907949026313063,5.529003587777598,0.3333333333333333,18000.000001,4.464999999999989,2019-05-12T00:00:00+00:00,2022-06-10T04:36:00+00:00,6747,3.080606890257814
IND_SMA_CROSS_10_50_V1_MA_CROSS_UP_4H,MA/DMI,DIRECTIONAL_TRIGGER,4H,DISCOVERY,4H,ALL,435,8,0,2,6,0.75,0.0,0.0,2.5968909000688774,1.947668175051658,,,,,,,,,,,0.25,36000.000001,10.340000000000003,2019-05-12T00:00:00+00:00,2022-06-10T04:36:00+00:00,6747,3.080606890257814
IND_SMA_CROSS_10_50_V1_MA_CROSS_UP_4H,MA/DMI,DIRECTIONAL_TRIGGER,4H,DISCOVERY,6H,ALL,776,38,14,18,6,0.15789473684210525,0.3684210526315789,0.01804123711340206,12.335231775327168,1.947668175051658,50399.999999,86399.999999,103679.99999900002,4.6571137816422725,1.2025787089932856,0.4173750652914038,1.3990554899645835,7.2213527879365165,1.9528492776810396,1.4909090909090992,0.47368421052631576,43200.000001,13.200000000000017,2019-05-12T00:00:00+00:00,2022-06-10T04:36:00+00:00,6747,3.080606890257814
IND_SMA_CROSS_10_50_V1_MA_CROSS_UP_4H,MA/DMI,DIRECTIONAL_TRIGGER,4H,DISCOVERY,8H,ALL,613,23,9,8,6,0.2608695652173913,0.391304347826087,0.01468189233278956,7.466061337698022,1.947668175051658,71999.999999,100799.999999,115199.999999,4.5579656205099806,1.1034104288479574,0.7300724637681161,0.6195336364559927,2.963671414755696,7.210931250323968,17.08265151515185,0.34782608695652173,57600.000001,85.56,2019-05-12T00:00:00+00:00,2022-06-10T04:36:00+00:00,6747,3.080606890257814
IND_SMA_CROSS_10_50_V1_MA_CROSS_UP_4H,MA/DMI,DIRECTIONAL_TRIGGER,4H,DISCOVERY,12H,ALL,399,18,8,3,6,0.3333333333333333,0.4444444444444444,0.020050125313283207,5.843004525154974,1.947668175051658,93599.999999,115199.999999,132479.999999,4.672780048324935,1.0635041127474696,0.5265901854137154,1.2677727711996567,2.960356816319092,2.8475502181849945,3.978717184741928,0.16666666666666666,43200.000001,11.629999999999995,2019-05-12T00:00:00+00:00,2022-06-10T04:36:00+00:00,6747,3.080606890257814
IND_SMA_CROSS_10_50_V1_MA_CROSS_UP_4H,MA/DMI,DIRECTIONAL_TRIGGER,4H,DISCOVERY,1D,ALL,203,16,4,5,6,0.375,0.25,0.019704433497536946,5.193781800137755,1.947668175051658,100799.999999,122399.999999,135359.999999,6.28603767237445,0.6869057620399313,0.5885180468504219,2.31241213394134,5.2623713330504795,8.588168986219063,5.833326257594647,0.3125,72000.000001,41.60000000000002,2019-05-12T00:00:00+00:00,2022-06-10T04:36:00+00:00,6747,3.080606890257814
IND_SMA_CROSS_10_50_V1_MA_CROSS_UP_4H,MA/DMI,DIRECTIONAL_TRIGGER,4H,DISCOVERY,ALL,HIGH,2648,97,55,36,6,0.061855670103092786,0.5670103092783505,0.020770392749244714,31.487302163335137,1.947668175051658,46799.999999,90449.999999,115199.999999,3.452946965295639,1.7187539571989394,0.4794979079497904,1.1341149807304574,3.8046130212281772,3.0683720999785664,2.7822031989186775,0.3711340206185567,39600.000001,14.579999999999998,2019-05-12T00:00:00+00:00,2022-06-10T04:36:00+00:00,6747,3.080606890257814
IND_SMA_CROSS_10_50_V1_MA_CROSS_UP_4H,MA/DMI,DIRECTIONAL_TRIGGER,4H,DISCOVERY,ALL,LOW,2653,98,58,32,6,0.061224489795918366,0.5918367346938775,0.02186204297022239,31.811913525843746,1.947668175051658,39599.999999,71999.999999,104039.99999900005,4.269769713642695,2.2020926959525706,0.532934439154336,0.8157342312514918,2.473155709138866,3.9444349168238677,5.265562913907276,0.32653061224489793,32400.000001,14.414999999999935,2019-05-12T00:00:00+00:00,2022-06-10T04:36:00+00:00,6747,3.080606890257814
IND_ADX_14_V1_DI_CROSS_UP_4H,MA/DMI,DIRECTIONAL_TRIGGER,4H,DISCOVERY,ALL,ALL,5301,510,384,113,7,0.013725490196078431,0.7529411764705882,0.0724391624221845,165.55179487939094,2.2722795375602676,35999.999999,57599.999999,79199.999999,4.21475024602408,2.614158758734815,0.47455282532075516,1.012603650762376,3.267955876823933,3.613993541889761,3.8974358974358814,0.22156862745098038,28800.000001,12.96999999999997,2019-05-12T00:00:00+00:00,2022-06-10T04:36:00+00:00,6747,3.080606890257814
IND_ADX_14_V1_DI_CROSS_UP_4H,MA/DMI,DIRECTIONAL_TRIGGER,4H,DISCOVERY,5m,ALL,0,7,0,0,7,1.0,0.0,,2.2722795375602676,2.2722795375602676,,,,,,,,,,,0.0,,,2019-05-12T00:00:00+00:00,2022-06-10T04:36:00+00:00,6747,3.080606890257814
IND_ADX_14_V1_DI_CROSS_UP_4H,MA/DMI,DIRECTIONAL_TRIGGER,4H,DISCOVERY,15m,ALL,150,43,35,0,7,0.16279069767441862,0.813953488372093,0.23333333333333334,13.958288587870216,2.2722795375602676,42299.999999,78749.999999,111059.99999900002,6.719346049046326,10.376639499109405,0.5076651847309531,1.4486967834657316,3.8901649550221173,7.792207792207792,5.598290598290606,0.0,,,2019-05-12T00:00:00+00:00,2022-06-10T04:36:00+00:00,6747,3.080606890257814
IND_ADX_14_V1_DI_CROSS_UP_4H,MA/DMI,DIRECTIONAL_TRIGGER,4H,DISCOVERY,30m,ALL,156,31,24,0,7,0.22580645161290322,0.7741935483870968,0.15384615384615385,10.062952237766899,2.2722795375602676,39599.999999,61199.999999,95039.999999,5.369056038129518,6.313388226942843,0.6088179661368214,1.692049804460947,4.126458936166327,10.6041279883821,7.027575353975854,0.0,,,2019-05-12T00:00:00+00:00,2022-06-10T04:36:00+00:00,6747,3.080606890257814
IND_ADX_14_V1_DI_CROSS_UP_4H,MA/DMI,DIRECTIONAL_TRIGGER,4H,DISCOVERY,1H,ALL,1726,221,157,55,7,0.03167420814479638,0.7104072398190046,0.09096176129779837,71.73911111440273,2.2722795375602676,32399.999999,46799.999999,64799.999999,3.953379407285931,3.6738310708898885,0.41724941724941744,0.5667156648586115,1.7860460386274843,2.8056190152911484,4.520193151887618,0.248868778280543,28800.000001,7.400000000000006,2019-05-12T00:00:00+00:00,2022-06-10T04:36:00+00:00,6747,3.080606890257814
IND_ADX_14_V1_DI_CROSS_UP_4H,MA/DMI,DIRECTIONAL_TRIGGER,4H,DISCOVERY,2H,ALL,843,56,37,11,7,0.125,0.6607142857142857,0.04389086595492289,18.17823630048214,2.2722795375602676,35999.999999,50399.999999,57599.999999,3.3485867703010292,2.411283512771797,0.39930332752772985,0.8260639464811657,2.1718205137263795,2.803381909548171,2.8101291364003114,0.19642857142857142,28800.000001,9.23999999999998,2019-05-12T00:00:00+00:00,2022-06-10T04:36:00+00:00,6747,3.080606890257814
IND_ADX_14_V1_DI_CROSS_UP_4H,MA/DMI,DIRECTIONAL_TRIGGER,4H,DISCOVERY,4H,ALL,435,18,7,4,7,0.3888888888888889,0.3888888888888889,0.016091954022988506,5.843004525154974,2.2722795375602676,57599.999999,71999.999999,89279.99999900002,4.7673068092807105,2.070790547704456,0.6079835248378477,1.403895147846104,2.4518547094836043,11.655430021704941,7.614859969897607,0.2222222222222222,43200.000001,148.14499999999998,2019-05-12T00:00:00+00:00,2022-06-10T04:36:00+00:00,6747,3.080606890257814
IND_ADX_14_V1_DI_CROSS_UP_4H,MA/DMI,DIRECTIONAL_TRIGGER,4H,DISCOVERY,6H,ALL,776,70,50,13,7,0.1,0.7142857142857143,0.06443298969072164,22.722795375602676,2.2722795375602676,35999.999999,48599.999999,66959.99999900004,3.121070563505213,1.0583215631123188,0.45717649533237525,0.9253147494458271,3.0842582214213676,1.6959418392621393,2.0465116279070013,0.18571428571428572,36000.000001,9.789999999999992,2019-05-12T00:00:00+00:00,2022-06-10T04:36:00+00:00,6747,3.080606890257814
IND_ADX_14_V1_DI_CROSS_UP_4H,MA/DMI,DIRECTIONAL_TRIGGER,4H,DISCOVERY,8H,ALL,613,52,35,10,7,0.1346153846153846,0.6730769230769231,0.057096247960848286,16.8797908504477,2.2722795375602676,43199.999999,57599.999999,95039.99999900002,4.2917301317086345,1.072376201034738,0.523059928196631,1.091517126105961,3.401507834032069,3.8867996751516856,2.9185652709359635,0.19230769230769232,36000.000001,95.53999999999996,2019-05-12T00:00:00+00:00,2022-06-10T04:36:00+00:00,6747,3.080606890257814
IND_ADX_14_V1_DI_CROSS_UP_4H,MA/DMI,DIRECTIONAL_TRIGGER,4H,DISCOVERY,12H,ALL,399,38,20,10,7,0.18421052631578946,0.5263157894736842,0.05012531328320802,12.335231775327168,2.2722795375602676,43199.999999,61199.999999,71999.999999,3.5275600520237633,0.9201130410807814,0.623403570901516,0.996484882448391,3.4783920235241865,4.425576914861487,7.302238237610977,0.2631578947368421,28800.000001,99.92499999999995,2019-05-12T00:00:00+00:00,2022-06-10T04:36:00+00:00,6747,3.080606890257814
IND_ADX_14_V1_DI_CROSS_UP_4H,MA/DMI,DIRECTIONAL_TRIGGER,4H,DISCOVERY,1D,ALL,203,37,19,10,7,0.1891891891891892,0.5135135135135135,0.09359605911330049,12.010620412818557,2.2722795375602676,43199.999999,64799.99999900001,86399.999999,4.804127035305504,0.6965221161569125,0.7448810182623139,2.898589088598895,5.686481033574799,7.987331505156211,4.271232876712309,0.2702702702702703,36000.000001,14.039999999999992,2019-05-12T00:00:00+00:00,2022-06-10T04:36:00+00:00,6747,3.080606890257814
IND_ADX_14_V1_DI_CROSS_UP_4H,MA/DMI,DIRECTIONAL_TRIGGER,4H,DISCOVERY,ALL,HIGH,2648,259,195,51,7,0.02702702702702703,0.752895752895753,0.0736404833836858,84.0743428897299,2.2722795375602676,35999.999999,50399.999999,71999.999999,3.9726231215592733,2.658591129332836,0.4965384851022118,0.9542218831941474,3.304303438908767,3.6569204233582537,3.6525854181222748,0.1969111969111969,28800.000001,7.580000000000041,2019-05-12T00:00:00+00:00,2022-06-10T04:36:00+00:00,6747,3.080606890257814
IND_ADX_14_V1_DI_CROSS_UP_4H,MA/DMI,DIRECTIONAL_TRIGGER,4H,DISCOVERY,ALL,LOW,2653,258,189,62,7,0.027131782945736434,0.7325581395348837,0.0712401055408971,83.7497315272213,2.2722795375602676,39599.999999,57599.999999,85679.99999900002,4.434176188175683,2.487768272549902,0.4409377817853909,1.0217261368347055,3.2087473800010122,3.5408191252085714,4.398889770023827,0.24031007751937986,28800.000001,14.484999999999971,2019-05-12T00:00:00+00:00,2022-06-10T04:36:00+00:00,6747,3.080606890257814
