timeframe,split,direction,control_id,event_semantics,comparison_scope,horizon,event_count,base_sample_count,sample_flag,reversal_rate,reversal_wilson_lo,reversal_wilson_hi,base_rate,absolute_lift,relative_lift,forward_return_mean,forward_return_median,forward_return_mean_ci_lo,forward_return_mean_ci_hi,mfe_pct_mean,mfe_pct_median,mfe_pct_mean_ci_lo,mfe_pct_mean_ci_hi,mae_pct_mean,mae_pct_median,mae_pct_mean_ci_lo,mae_pct_mean_ci_hi,mfe_atr_mean,mfe_atr_median,mfe_atr_mean_ci_lo,mfe_atr_mean_ci_hi,mae_atr_mean,mae_atr_median,mae_atr_mean_ci_lo,mae_atr_mean_ci_hi
12H,DISCOVERY,OB,ATR_1X_PRICE_BAND_CONTROL_V1,FORECAST_REALIZATION,COMMON_ELIGIBILITY,1,130,2249,N_GE_100,0.4461538461538462,0.3634686477864737,0.5319300922166345,0.4753223654957759,-0.02916851934192971,-0.061365762394761436,0.005954208330312371,0.0017610941209410536,1.4674006822350927e-05,0.0128079723878344,2.788694047797433,2.0261195782536117,2.367925316754455,3.2661563912943654,3.2439548663461486,2.025653036169115,2.683662936919495,3.8577641666387166,0.6255087241622229,0.47243876411377694,0.5364084571076307,0.7380084389977511,0.7811838084800535,0.4948212551207223,0.6600491185260003,0.9270119909208115
12H,DISCOVERY,OB,ATR_1X_PRICE_BAND_CONTROL_V1,FORECAST_REALIZATION,COMMON_ELIGIBILITY,3,130,2247,N_GE_100,0.43846153846153846,0.3561441424577135,0.5243115604029815,0.4712950600801068,-0.03283352161856834,-0.06966659402920028,0.0155775003419135,0.008887455320959914,0.004696264346012865,0.026336341030058746,4.292652601285872,3.0504430988857862,3.6391200966012143,5.0267569122450615,5.831587374380884,4.3497246831020355,4.74167861827006,6.920250346671383,0.9653994371507049,0.7640977276946502,0.8264630625274088,1.120513148211788,1.4305014342545186,1.0594189966794194,1.1909569760142975,1.7103262781670572
12H,DISCOVERY,OB,ATR_1X_PRICE_BAND_CONTROL_V1,FORECAST_REALIZATION,COMMON_ELIGIBILITY,5,130,2245,N_GE_100,0.4153846153846154,0.3342905969843901,0.5013359944490656,0.4552338530066815,-0.0398492376220661,-0.08753575191931351,0.02134849818008944,0.01594553077724903,0.007614163535033172,0.03531759201553093,5.213002513105946,3.517979387840204,4.357358805905688,6.114037100768821,7.369005905099552,5.540153721366414,6.229312160923862,8.662834651410993,1.1697704564246536,0.9236881722195847,1.0001825804763766,1.3553318032483044,1.8265034946624024,1.3468072629957621,1.5188644593834564,2.1520933517776633
12H,DISCOVERY,OB,ATR_1X_PRICE_BAND_CONTROL_V1,FORECAST_REALIZATION,COMMON_ELIGIBILITY,10,129,2240,N_GE_100,0.4496124031007752,0.3664624265425491,0.5356766624175358,0.44375,0.0058624031007752375,0.013211049241183659,0.025724306030352046,0.008980716253443433,0.005744196728863124,0.04514514639978122,7.610654941666171,5.889230769230766,6.502950271074055,8.784313330044888,10.26365075120101,7.632266204994274,8.669615994194974,11.913499499843729,1.75399515351643,1.4526132356234238,1.4881954441839178,2.0409880150017994,2.630790153453208,1.821315213312083,2.2025951058192406,3.092295344960891
12H,DISCOVERY,OB,CAUSAL_DNO_QUANTILE_80_20_CONTROL_V1,FORECAST_REALIZATION,COMMON_ELIGIBILITY,1,213,2249,N_GE_100,0.4507042253521127,0.3853450077431652,0.5178101064046736,0.4753223654957759,-0.024618140143663203,-0.05179251373535876,0.003797082596509104,0.0015884656362856742,-0.000658005902461616,0.008204010751543702,2.375821343938189,1.6969050160085355,2.068320921153341,2.702905197364774,2.6503843422452475,1.86784887700884,2.291365346897279,2.9948404402166107,0.5011448706092808,0.39041630893725765,0.44596184391689575,0.5768348763840225,0.576016764787379,0.3833827477014778,0.4896879898031492,0.6542956853334667
12H,DISCOVERY,OB,CAUSAL_DNO_QUANTILE_80_20_CONTROL_V1,FORECAST_REALIZATION,COMMON_ELIGIBILITY,3,213,2247,N_GE_100,0.47417840375586856,0.40817206570259545,0.5410996607557963,0.4712950600801068,0.0028833436757617625,0.006117916184548378,0.005009052886152355,0.0016629664235079389,-0.0031886861832141574,0.012215360443050171,4.117749854994158,2.71475876412797,3.5778805221813967,4.686903393559022,4.650084632833811,3.4282319996605763,4.012727297977005,5.399526809797021,0.8561655917657048,0.6374343909159298,0.757437515524375,0.9620031627588378,1.0416670069401306,0.7336948183784545,0.895315758697203,1.1980554784151087
12H,DISCOVERY,OB,CAUSAL_DNO_QUANTILE_80_20_CONTROL_V1,FORECAST_REALIZATION,COMMON_ELIGIBILITY,5,213,2245,N_GE_100,0.5211267605633803,0.45425982853643193,0.5872451225430656,0.4552338530066815,0.06589290755669874,0.14474518342934317,0.007235637867051637,-0.0036336803991470212,-0.002570446730281774,0.017418247052766418,5.2919444930171595,3.8730288093577516,4.621881166798313,5.959786776678686,6.077825672452378,4.46587273373623,5.183741378018286,7.020430785471669,1.0981773173580462,0.8585669041902918,0.9930402420621267,1.2199632448117141,1.386808501801761,0.898102583863108,1.1979701346396612,1.6091305204013653
12H,DISCOVERY,OB,CAUSAL_DNO_QUANTILE_80_20_CONTROL_V1,FORECAST_REALIZATION,COMMON_ELIGIBILITY,10,212,2240,N_GE_100,0.4481132075471698,0.3826854008193554,0.5153880011569087,0.44375,0.004363207547169845,0.009832580387988399,0.020065476693732754,0.012802092024520095,0.007020351395466995,0.03461344174146591,7.452929143962352,5.969933015755354,6.591126363852445,8.289380700936416,9.067823847000817,6.801191307013253,7.952294059315697,10.235975534212967,1.5837293916543767,1.2484483469977459,1.406864144597817,1.785248805492268,2.1301106292195233,1.3825635632398154,1.8193132852200415,2.4352765960226246
12H,DISCOVERY,OB,PROJECT_DYNAMIC_EXTREMA_V1,FORECAST_REALIZATION,COMMON_ELIGIBILITY,1,226,2249,N_GE_100,0.4557522123893805,0.3920995952137125,0.520883955196657,0.4753223654957759,-0.01957015310639537,-0.04117238010877755,0.003441941296582629,0.0016222830862796522,-0.0008178335207862616,0.007844369366142148,2.3964185426704945,1.6660136881152483,2.1000293545804283,2.7524168804917455,2.6232987621041435,1.869708773532592,2.2815706027090084,3.0132217346174746,0.5095878336842408,0.37883813585001536,0.45036065005386344,0.5726698865371398,0.5873041826898489,0.38342875071982574,0.5150059055554657,0.685525837977119
12H,DISCOVERY,OB,PROJECT_DYNAMIC_EXTREMA_V1,FORECAST_REALIZATION,COMMON_ELIGIBILITY,3,226,2247,N_GE_100,0.4646017699115044,0.4007113560878442,0.5296754842404513,0.4712950600801068,-0.006693290168602373,-0.01420191030108553,0.009874628875275583,0.003919027520529306,0.0029963157370126482,0.0175700476740263,3.9391730725303065,2.7276617208962914,3.478139120174675,4.477026668238047,4.830254906701877,3.4391552052667773,4.157869970328493,5.5462607063266995,0.8396635208808233,0.6439321234699562,0.7443976082562273,0.9382585491838444,1.1172908033932842,0.7268272173106598,0.9674379426002805,1.3187166974953342
12H,DISCOVERY,OB,PROJECT_DYNAMIC_EXTREMA_V1,FORECAST_REALIZATION,COMMON_ELIGIBILITY,5,226,2245,N_GE_100,0.49557522123893805,0.431010117048992,0.5602882379920449,0.4552338530066815,0.040341368232256536,0.08861680203661049,0.01220574442549031,0.000792302053157834,0.0027888436022406775,0.022753008159870632,5.0302485944482145,3.6608201343115914,4.474413101241456,5.604862832931812,6.318495277664866,4.47946929521923,5.480210599949089,7.199452500391233,1.0739515558333868,0.8693485121751352,0.9797753030573414,1.199400431646969,1.4697707549661838,0.9332452865339049,1.2727411860027307,1.7210684904151998
12H,DISCOVERY,OB,PROJECT_DYNAMIC_EXTREMA_V1,FORECAST_REALIZATION,COMMON_ELIGIBILITY,10,225,2240,N_GE_100,0.44,0.37668483725095925,0.5053296216586095,0.44375,-0.0037499999999999756,-0.008450704225352101,0.019197331219186917,0.011922440493869146,0.005622492921252944,0.03414279141710851,7.441486147475215,6.021267120683856,6.630679811584644,8.439388215097516,9.16995478095802,7.316344767406589,8.046407077481838,10.371719060128228,1.6147587503252618,1.2950346528393941,1.4319417385176094,1.7924468293546834,2.1915631828956585,1.4657268996166344,1.905289574877236,2.5374150188225952
12H,DISCOVERY,OS,ATR_1X_PRICE_BAND_CONTROL_V1,FORECAST_REALIZATION,COMMON_ELIGIBILITY,1,133,2249,N_GE_100,0.5789473684210527,0.49397675745299596,0.6594853476378536,0.5246776345042241,0.054269733916828544,0.10343443354148074,0.00011860285647958047,0.004101079548881392,-0.0080478832017305,0.007961139900549256,3.2911189667653726,2.4155549356272394,2.7443612689939747,3.975881802305554,4.406961442421434,2.370182739279903,3.5536187998120856,5.328204568983365,0.5608771061130706,0.44606684703109173,0.48684593506874146,0.6422837039670587,0.7774951432835705,0.45510497573322045,0.6544810686690813,0.9153845209134911
12H,DISCOVERY,OS,ATR_1X_PRICE_BAND_CONTROL_V1,FORECAST_REALIZATION,COMMON_ELIGIBILITY,3,133,2247,N_GE_100,0.5864661654135338,0.5014897655961853,0.666587778074745,0.5282599020916778,0.05820626332185597,0.1101848977963018,0.00878132377888136,0.01307796479009471,-0.0027403498660986386,0.019681817699080232,5.067095587466947,3.94303754953987,4.292023068149611,5.917061852518316,6.119773390368676,3.545452920888513,4.91530717142079,7.210004583475405,0.9033724842058215,0.7229147885181039,0.7876430094358561,1.032775490976347,1.1426858753564462,0.6771090706850073,0.9362202110468576,1.385339479129604
12H,DISCOVERY,OS,ATR_1X_PRICE_BAND_CONTROL_V1,FORECAST_REALIZATION,COMMON_ELIGIBILITY,5,133,2245,N_GE_100,0.556390977443609,0.47155185481916273,0.6380639345314439,0.5443207126948775,0.012070264748731518,0.022174913552293285,0.007651135228692165,0.012965084535002225,-0.006966854610732988,0.021992823283296953,6.29276813882799,5.00999135733828,5.276062931056475,7.3061836361828725,7.047466602775991,3.821504865891294,5.840392311469574,8.187470551350232,1.1321188563307223,0.9377316683206901,0.970600871857395,1.312816724356978,1.3264778716322931,0.9396308051666099,1.0999872935089234,1.5600575052554218
12H,DISCOVERY,OS,ATR_1X_PRICE_BAND_CONTROL_V1,FORECAST_REALIZATION,COMMON_ELIGIBILITY,10,132,2240,N_GE_100,0.5909090909090909,0.5056164209755144,0.6710599432604781,0.5558035714285714,0.03510551948051954,0.06316173786053314,0.015661886191528567,0.019611549060811417,-0.0037044584316558815,0.03542525418144564,9.087008583465238,6.448999383296206,7.683517010589056,10.47152638170931,9.128108376734788,6.180231743060493,7.627712410340264,10.865967578583637,1.6292237771371523,1.367517327970627,1.4109547976061534,1.8627596357677383,1.7281260750542755,1.2030653079617306,1.4477860963535123,2.0075337642906264
12H,DISCOVERY,OS,CAUSAL_DNO_QUANTILE_80_20_CONTROL_V1,FORECAST_REALIZATION,COMMON_ELIGIBILITY,1,201,2249,N_GE_100,0.5422885572139303,0.47326358207226243,0.6097273728900108,0.5246776345042241,0.01761092270970621,0.03356522472383827,-0.003448163032254618,0.002944249216449757,-0.009444524860396392,0.002270666682544667,2.596882088378223,2.0368714039701494,2.2875032596304554,2.9697036428145136,3.6457188558782203,2.103403306549998,3.1262884395848642,4.26880273651802,0.473250825049223,0.3947247021758897,0.42590597587182294,0.5247369670033242,0.6819690913828543,0.3866504899638069,0.5883553172279785,0.782095752740977
12H,DISCOVERY,OS,CAUSAL_DNO_QUANTILE_80_20_CONTROL_V1,FORECAST_REALIZATION,COMMON_ELIGIBILITY,3,201,2247,N_GE_100,0.5422885572139303,0.47326358207226243,0.6097273728900108,0.5282599020916778,0.014028655122252487,0.02655635051364902,-0.0045121757806749225,0.008959478721237923,-0.014563571278733931,0.00548005122514829,4.313005271179922,3.4934000910332266,3.819951162024899,4.866650102929037,6.274359771715921,3.3105732875802762,5.266275288665419,7.331403651193455,0.7959447604018299,0.6539645644347158,0.6902999330783691,0.8924560897471436,1.1815206965142937,0.6506344238151764,0.9907543840010902,1.4037507179785265
12H,DISCOVERY,OS,CAUSAL_DNO_QUANTILE_80_20_CONTROL_V1,FORECAST_REALIZATION,COMMON_ELIGIBILITY,5,201,2245,N_GE_100,0.5870646766169154,0.5179855410742539,0.6528781897304264,0.5443207126948775,0.04274396392203794,0.07852716776184554,0.004669442286852027,0.013155349197137012,-0.007229048329214444,0.015755389743566203,5.679213131967468,4.181116003541377,4.9736005737916456,6.439110138745527,7.204566006922068,3.7002226693832663,6.132015013426331,8.293365396894215,1.0595125453349954,0.8802041684976082,0.9141229778286406,1.197755685106187,1.3720188418787056,0.7725172275274997,1.147857025605462,1.6211997694356555
12H,DISCOVERY,OS,CAUSAL_DNO_QUANTILE_80_20_CONTROL_V1,FORECAST_REALIZATION,COMMON_ELIGIBILITY,10,201,2240,N_GE_100,0.5422885572139303,0.47326358207226243,0.6097273728900108,0.5558035714285714,-0.013515014214641075,-0.024316170153249828,0.004423539391653154,0.007815422531595395,-0.014207543429109772,0.020085609249286405,8.435113227499594,6.6044697448872025,7.469522230701726,9.509832584435316,9.556376226118342,5.31206831596132,8.096908421072543,11.012661438371413,1.5516753290625058,1.2893896059023193,1.362418351539949,1.7293001040247766,1.874838572032042,1.1224680323318459,1.5814611774336347,2.1744134524452927
12H,DISCOVERY,OS,PROJECT_DYNAMIC_EXTREMA_V1,FORECAST_REALIZATION,COMMON_ELIGIBILITY,1,158,2249,N_GE_100,0.5379746835443038,0.460256754162251,0.6138898187831475,0.5246776345042241,0.013297049040079667,0.025343273975541702,-0.004087918999233661,0.0016881876803030993,-0.010957363306933351,0.0026272469622697033,2.641815970033719,1.9700035290596944,2.3000968402343656,3.0290462547953254,3.9596338827864863,2.050051802916677,3.2724081799544367,4.775321256886135,0.4769520884366901,0.3999565222125675,0.4214046950357564,0.5364198458161042,0.696945469829352,0.41807346285232433,0.5886270533762806,0.8193566205293326
12H,DISCOVERY,OS,PROJECT_DYNAMIC_EXTREMA_V1,FORECAST_REALIZATION,COMMON_ELIGIBILITY,3,158,2247,N_GE_100,0.5189873417721519,0.44155714629009724,0.595516140182602,0.5282599020916778,-0.009272560319525947,-0.017553026990711706,0.00029534388093473016,0.0022080455043252956,-0.009796996750573246,0.010334860783351493,4.552992788224034,3.7822580124367975,3.9306522362532386,5.276061149816344,6.152184904061305,3.410645063050328,5.173273751098469,7.403600074407599,0.8095063236955681,0.6913607912670081,0.7192493889685155,0.9024915871965241,1.1385192619633195,0.6531770137743922,0.9471400600738692,1.3358253225705519
12H,DISCOVERY,OS,PROJECT_DYNAMIC_EXTREMA_V1,FORECAST_REALIZATION,COMMON_ELIGIBILITY,5,158,2245,N_GE_100,0.5443037974683544,0.4665142231256855,0.6199901119772793,0.5443207126948775,-1.6915226523028792e-05,-3.1075845780881295e-05,0.004128464942069747,0.008942700461550102,-0.008223634181105539,0.017463291558458428,5.8580226235417,4.583879590133641,5.032802621700109,6.873404710214129,7.181209126955773,4.434755715438495,6.065739990611311,8.502539500581465,1.0673148697530517,0.8288022119990915,0.9245684760651707,1.2156347981187265,1.3336575120589267,0.8767130997166936,1.1407717926481218,1.5458996965422078
12H,DISCOVERY,OS,PROJECT_DYNAMIC_EXTREMA_V1,FORECAST_REALIZATION,COMMON_ELIGIBILITY,10,158,2240,N_GE_100,0.5822784810126582,0.5043167728851662,0.6563341351631972,0.5558035714285714,0.026474909584086825,0.047633572263738655,0.004860829872659381,0.011484246066901016,-0.011083260227296535,0.022433276174712167,8.215689241814195,6.5573855829712135,7.174762469643114,9.277143470264157,9.450739316724231,5.768669191545156,7.859683022416206,11.141127471822344,1.5074534856381416,1.3019680912772431,1.322294724236694,1.699930856288856,1.762131382150128,1.103591755797216,1.506377095051595,2.051203942921517
12H,VALIDATION,OB,ATR_1X_PRICE_BAND_CONTROL_V1,FORECAST_REALIZATION,COMMON_ELIGIBILITY,1,50,749,N_30_99,0.26,0.15871379651367384,0.3955342198899992,0.520694259012016,-0.26069425901201604,-0.5006666666666666,0.009248839188501355,0.005041965551317973,0.004674458074299951,0.01438717082670193,1.3447327518837766,0.9238806342945027,0.9775000761675269,1.716623035523082,2.4269252409849464,1.9213649441523115,1.9834245126757688,2.9945591410959413,0.38433640454030077,0.31140165248138396,0.30746319963824764,0.4772153799966715,0.7842234550376397,0.5692788032062889,0.5969028222250269,1.0106558497030471
12H,VALIDATION,OB,ATR_1X_PRICE_BAND_CONTROL_V1,FORECAST_REALIZATION,COMMON_ELIGIBILITY,3,50,747,N_30_99,0.42,0.2937479723456693,0.5576680331222217,0.5033467202141901,-0.08334672021419015,-0.16558510638297885,0.011208943251777612,0.0038184700884917877,0.0011161790838974865,0.020682380986657697,2.1635478236267485,1.8996647726518778,1.7006616360504547,2.689739617407691,4.123076485145236,3.448599399182923,3.304933939451925,4.989058892102248,0.6602766359429054,0.4989431719776315,0.5244672670841879,0.8144996367836586,1.273291445756492,1.0343214435671853,0.9956907150516048,1.5866233432737389
12H,VALIDATION,OB,ATR_1X_PRICE_BAND_CONTROL_V1,FORECAST_REALIZATION,COMMON_ELIGIBILITY,5,50,745,N_30_99,0.34,0.2243676963506106,0.47846431458517147,0.4912751677852349,-0.15127516778523487,-0.30792349726775947,0.01981806880809119,0.0154537203188857,0.005921871788003363,0.03470652139737509,2.8027350542432004,2.526010465610111,2.186526611187492,3.4934397862040414,5.689239985655329,4.413691778707147,4.503762697615098,6.981157055485183,0.8658048173340496,0.7475803731133084,0.680522555574758,1.0862869607211163,1.8251803180922506,1.3442860848094251,1.415314860877539,2.283408130941797
12H,VALIDATION,OB,ATR_1X_PRICE_BAND_CONTROL_V1,FORECAST_REALIZATION,COMMON_ELIGIBILITY,10,49,740,N_30_99,0.40816326530612246,0.2821503460597105,0.5475293002795374,0.4635135135135135,-0.05535024820739104,-0.11941452966026056,0.024824205372921723,0.01835938713988261,0.00044492145714781237,0.04795884631608915,4.232115912534466,2.714902090939259,3.0133680772213576,5.834861427367137,7.841484905703373,6.102963062395308,6.043499431972971,9.856957556071947,1.3013214689042047,0.8532055577624224,0.9267191686829268,1.74571088171479,2.6369087200999752,1.7328436611921945,1.9895204609737844,3.476480325746002
12H,VALIDATION,OB,CAUSAL_DNO_QUANTILE_80_20_CONTROL_V1,FORECAST_REALIZATION,COMMON_ELIGIBILITY,1,69,749,N_30_99,0.4782608695652174,0.36468525497597737,0.5941294882476751,0.520694259012016,-0.04243338944679864,-0.0814938684503902,0.0023400486421664615,0.0016081682811563969,-0.0035906318938111873,0.008768848606750815,1.939092374404887,1.2069379426239424,1.508867450450423,2.3786547645506153,2.188595989653905,1.5613449807483377,1.7169706929697646,2.701579412470758,0.502690071310836,0.36427899552956233,0.4050771403369979,0.6096007400048781,0.6586232576884731,0.41924018458086965,0.5154460065208882,0.8511714911628214
12H,VALIDATION,OB,CAUSAL_DNO_QUANTILE_80_20_CONTROL_V1,FORECAST_REALIZATION,COMMON_ELIGIBILITY,3,69,747,N_30_99,0.463768115942029,0.35113991297637237,0.5802179923963817,0.5033467202141901,-0.039578604272161144,-0.07863089731729889,0.004137158157497497,0.001212561143601798,-0.0032110487834073153,0.011779550648053362,2.8522829702726455,2.2695853995713193,2.2664141993650317,3.4711432194987983,3.5112938284393906,2.4252474085515883,2.8083862157048007,4.256990189865056,0.7994866640340981,0.6395830096529141,0.6485918902358845,0.963367919835594,1.0062430706816536,0.7777200555950098,0.805454903473524,1.2532541409418212
12H,VALIDATION,OB,CAUSAL_DNO_QUANTILE_80_20_CONTROL_V1,FORECAST_REALIZATION,COMMON_ELIGIBILITY,5,69,745,N_30_99,0.391304347826087,0.28481147647724914,0.509262239641013,0.4912751677852349,-0.09997081995914792,-0.20349251603706342,0.01171458540337955,0.008132277037570468,0.00018237829734139746,0.023568226834317932,3.430555371352247,2.662293923432826,2.735799869048595,4.110012348350659,4.831729176023697,3.2150897334769004,3.7834555842407678,5.890503744683874,0.9989882569882199,0.7787985391541876,0.8007935058883607,1.2125284164877914,1.4078847993987225,0.86252077502334,1.1279746147679428,1.7726819708933428
12H,VALIDATION,OB,CAUSAL_DNO_QUANTILE_80_20_CONTROL_V1,FORECAST_REALIZATION,COMMON_ELIGIBILITY,10,68,740,N_30_99,0.5294117647058824,0.4124071581374707,0.643270889122056,0.4635135135135135,0.06589825119236886,0.14217115417595605,0.008388834740015796,-0.0014879358952763488,-0.010941732900598695,0.027660355188189923,5.254791485994769,3.5106910360792773,4.173403925267561,6.3919294377436575,6.803510035400159,4.50142795353212,5.285144927190484,8.398401761337785,1.5027688219621107,1.0772374578862474,1.1866308665828018,1.8584708401839234,2.075146404070584,1.1949020347805037,1.5804275901408704,2.6693687568512163
12H,VALIDATION,OB,PROJECT_DYNAMIC_EXTREMA_V1,FORECAST_REALIZATION,COMMON_ELIGIBILITY,1,58,749,N_30_99,0.46551724137931033,0.34331815357826717,0.5920004668972703,0.520694259012016,-0.055177017632705716,-0.10596816976127332,0.0010044020704776946,0.0026655946214391157,-0.005129809742027086,0.007261975518083391,1.926122364177759,1.204341504233179,1.4034479461360503,2.4586600242079077,2.05992664281331,1.4577405599302582,1.653047449962038,2.5861548522743107,0.45952833445742747,0.35466928934983877,0.3504107520943521,0.5599015777930133,0.6011259568575048,0.3986454400340976,0.4400802225265952,0.8037325776171755
12H,VALIDATION,OB,PROJECT_DYNAMIC_EXTREMA_V1,FORECAST_REALIZATION,COMMON_ELIGIBILITY,3,58,747,N_30_99,0.5172413793103449,0.39162043429213433,0.640720255470097,0.5033467202141901,0.013894659096154727,0.02760454878943497,0.0038104866543008874,-0.0007831436577929174,-0.0035160422693613445,0.012348390508894047,2.988029523409788,2.5373167344459606,2.338592127516608,3.6134338708678713,3.4496919257580982,2.9893979462329403,2.784152349628902,4.292450331694867,0.7864513708020211,0.6053175031902884,0.6137383792690412,0.9612071720697161,0.9463680721024483,0.5595268679751793,0.7185334114386147,1.200619351335655
12H,VALIDATION,OB,PROJECT_DYNAMIC_EXTREMA_V1,FORECAST_REALIZATION,COMMON_ELIGIBILITY,5,58,745,N_30_99,0.4482758620689655,0.32749651292941145,0.5754814177838947,0.4912751677852349,-0.042999305716269365,-0.08752590917655922,0.007815690873994717,0.0028702456756286576,-0.003970846262502836,0.02092513523579498,3.5912061757663496,2.8246112859035826,2.864247275088402,4.234615111383364,4.9635385943901715,3.630536240695316,3.9055290575652766,6.223097510344045,0.954417551544629,0.8913153447442417,0.7522705163314801,1.1618384909725588,1.4269128088453529,0.8708462464018096,1.0623168900399438,1.8600658836682773
12H,VALIDATION,OB,PROJECT_DYNAMIC_EXTREMA_V1,FORECAST_REALIZATION,COMMON_ELIGIBILITY,10,57,740,N_30_99,0.5789473684210527,0.4497991014068138,0.6981260024694814,0.4635135135135135,0.11543385490753916,0.24904096977136736,0.0015509780895743258,-0.006432076850788393,-0.022860073692157687,0.025609674421149142,6.1154622275118475,5.043747338231882,4.650524778338611,7.695147685510224,6.692471407207497,4.55619151449078,5.209665000741504,8.335688912331195,1.5676641623055563,1.268362986041884,1.2090191113873041,1.961628192960895,1.9619405181622853,1.1075323545811555,1.4629876257115852,2.526141961746133
12H,VALIDATION,OS,ATR_1X_PRICE_BAND_CONTROL_V1,FORECAST_REALIZATION,COMMON_ELIGIBILITY,1,38,749,N_30_99,0.4473684210526316,0.3014616531155089,0.6029397082091058,0.47930574098798395,-0.03193731993535237,-0.0666324585837853,-0.010024811421150859,-0.0050845086664904615,-0.021624009608661128,0.0016112944093228966,2.1341689005092075,1.1295751700791792,1.4234391452472028,2.9011506967623935,3.443276771469346,2.2776774351837883,2.359962549916401,4.606689077114537,0.42949277571636896,0.3166284280047841,0.3042443671405298,0.5529583797618324,0.7645739249159499,0.5357408299254167,0.5412915544683621,1.0117253663927153
12H,VALIDATION,OS,ATR_1X_PRICE_BAND_CONTROL_V1,FORECAST_REALIZATION,COMMON_ELIGIBILITY,3,38,747,N_30_99,0.5789473684210527,0.42192070613127325,0.7214772518818047,0.4966532797858099,0.08229408863524273,0.16569726202298196,-0.0025898187585679873,0.005455366876313095,-0.02296720074263011,0.015142511733569912,4.016763396749028,2.7472207021645043,2.778464272498505,5.573335564053658,4.951896423795106,3.481798381503075,3.439893028969467,6.66410902454753,0.8610420580535585,0.6812447219738118,0.6337306729104768,1.0679790838254035,1.0674064395512504,0.7753748337121134,0.7678666409536539,1.4803732471497557
12H,VALIDATION,OS,ATR_1X_PRICE_BAND_CONTROL_V1,FORECAST_REALIZATION,COMMON_ELIGIBILITY,5,38,745,N_30_99,0.6052631578947368,0.4471758699869596,0.7440214073638108,0.508724832214765,0.09653832567997178,0.18976531037355926,-0.0017957001020651832,0.00939169831447273,-0.03127241698526269,0.02340281593346138,5.29458389155394,3.9785677397513943,3.741640523566418,6.915408089867103,6.736567096307443,4.177727166426503,4.284612251164878,9.268293723280554,1.1962402501482885,0.8862933759271345,0.8695323676291784,1.514750504777083,1.3881566764466073,0.927895995996904,0.9451104731176901,1.8948748482047206
12H,VALIDATION,OS,ATR_1X_PRICE_BAND_CONTROL_V1,FORECAST_REALIZATION,COMMON_ELIGIBILITY,10,38,740,N_30_99,0.631578947368421,0.47283672824260115,0.7661598684458619,0.5364864864864864,0.09509246088193457,0.1772504308630518,0.0036026384539045984,0.02524571176545265,-0.030506952297122733,0.03684799399511823,7.499831546612066,6.072648633262287,5.398912715438624,9.673484017023071,8.548554077184697,5.288505740752165,5.694266832897046,11.499626282260563,1.7991815612539623,1.3969649220853237,1.3096215901994144,2.374500704812027,1.8033545346174407,1.5264072553538457,1.3214569682156267,2.4204495947720304
12H,VALIDATION,OS,CAUSAL_DNO_QUANTILE_80_20_CONTROL_V1,FORECAST_REALIZATION,COMMON_ELIGIBILITY,1,66,749,N_30_99,0.5303030303030303,0.41157476624932443,0.645697690280881,0.47930574098798395,0.050997289315046324,0.10639824428125255,0.0006993656015063235,0.0008539985548531304,-0.0065482121162205855,0.0074879134649078714,2.029207192318976,1.2234126940565353,1.5715254430528325,2.5792036094165787,2.2199205377115856,1.5675320774788468,1.7669431984787378,2.772193347493672,0.4909383438699931,0.3686443739388345,0.4038449123262208,0.5924274737655245,0.5801228492113684,0.4328261033538544,0.46882070507368717,0.6997862357895241
12H,VALIDATION,OS,CAUSAL_DNO_QUANTILE_80_20_CONTROL_V1,FORECAST_REALIZATION,COMMON_ELIGIBILITY,3,66,747,N_30_99,0.5454545454545454,0.4261479973870641,0.659760687408244,0.4966532797858099,0.048801265668735494,0.09826023033570186,0.0004925819415107334,0.002570927671805334,-0.008828302137773124,0.009759569401134064,3.6084134256304696,2.5225166252620608,2.889044247716846,4.252507520239802,3.4533623166787506,2.6917967569052914,2.708988023483207,4.3067658353671,0.9327065680586738,0.6875581773279098,0.7799054259738294,1.1069205168228333,0.8957655065415961,0.7050888159454451,0.735047341238492,1.0962969699589171
12H,VALIDATION,OS,CAUSAL_DNO_QUANTILE_80_20_CONTROL_V1,FORECAST_REALIZATION,COMMON_ELIGIBILITY,5,66,745,N_30_99,0.6212121212121212,0.5005825419249831,0.728507284195839,0.508724832214765,0.11248728899735616,0.2211161749420325,0.004076918131380361,0.012842712667320733,-0.014351751946492693,0.021533113612253563,5.11207147798506,3.896575239332787,4.053314276099256,6.161351103386271,4.832273987323667,3.1646493566808793,3.512251505338994,6.3922886489465665,1.3123834656984072,1.073935448822236,1.1065559100535007,1.5833538015631103,1.2456708123941325,0.8461435253210916,0.9523296646146353,1.600407925581167
12H,VALIDATION,OS,CAUSAL_DNO_QUANTILE_80_20_CONTROL_V1,FORECAST_REALIZATION,COMMON_ELIGIBILITY,10,66,740,N_30_99,0.5606060606060606,0.4408242143005392,0.6737206987598716,0.5364864864864864,0.024119574119574105,0.04495840012212815,0.0033403020599764113,0.008933459845141267,-0.021853546079158688,0.02866240748012126,7.334803723570233,5.39093313177618,5.6303787304103965,9.102201614170125,7.1002465750518144,4.730794496030677,5.322136026788373,9.083508448517012,1.8908864940845411,1.461276886009101,1.5330169822505824,2.2753162621180696,1.7932982699883944,1.1858800763473607,1.3891830965501508,2.222958987724142
12H,VALIDATION,OS,PROJECT_DYNAMIC_EXTREMA_V1,FORECAST_REALIZATION,COMMON_ELIGIBILITY,1,54,749,N_30_99,0.6296296296296297,0.49627222791081016,0.745768102923745,0.47930574098798395,0.1503238886416457,0.31362839162282063,0.0043003230688884635,0.0040697418746791225,-0.002533934742874415,0.01134823662706193,2.001719586027677,1.3689593995350875,1.4376783237778712,2.5442394193386364,2.0066792306526295,1.1278966316643757,1.5106862848296354,2.677397768994013,0.4810888962647685,0.43718781846837523,0.39420014774692175,0.5819813312899837,0.5094591423346974,0.33195299142175894,0.3809469002010237,0.6482547530763635
12H,VALIDATION,OS,PROJECT_DYNAMIC_EXTREMA_V1,FORECAST_REALIZATION,COMMON_ELIGIBILITY,3,54,747,N_30_99,0.5925925925925926,0.45966610248851525,0.7132198481075954,0.4966532797858099,0.09593931280678264,0.19317160826594781,0.003995628633732951,0.0048014829367375444,-0.0066023572006521595,0.014952242999502157,3.7901947157183553,2.581731617279753,2.9033098308834933,4.716915918971713,3.0753884013552417,1.7563043053599185,2.31177760815317,4.053642030737137,0.9229352821768458,0.8162126504072864,0.7800333267660389,1.0662256949982003,0.7972151521509159,0.5804265899361469,0.607447377086658,1.015934311758454
12H,VALIDATION,OS,PROJECT_DYNAMIC_EXTREMA_V1,FORECAST_REALIZATION,COMMON_ELIGIBILITY,5,54,745,N_30_99,0.5370370370370371,0.4060512701625496,0.6631031100758948,0.508724832214765,0.028312204822272036,0.05565327860842384,-0.0036485012533547237,0.008428972983158478,-0.02562011804862633,0.016137666907122757,4.8773451896585,3.2330094689830013,3.8348837823026645,6.051468616569864,4.955784519321406,3.633149747674503,3.5244595327538035,6.650244971061069,1.2162264781484156,1.0503978063008557,1.0047078513157004,1.4558842329637534,1.2831787722644539,0.8898071513791654,0.9700669932790003,1.6922838955115975
12H,VALIDATION,OS,PROJECT_DYNAMIC_EXTREMA_V1,FORECAST_REALIZATION,COMMON_ELIGIBILITY,10,54,740,N_30_99,0.5555555555555556,0.42375413911364457,0.6799774312440219,0.5364864864864864,0.019069069069069133,0.035544360481388315,-0.0024526492606135207,0.009659613055023053,-0.028186105705142725,0.01973251811063427,6.513787011927354,5.156050034481169,5.064364609841801,8.110132284688682,7.247338738133784,5.349126658008846,5.400145097334473,9.315130958787721,1.6698249358949442,1.4010706251960134,1.3687157911390648,2.0552217778408046,1.884729213500599,1.4083995360998731,1.4739407864850178,2.39735644321125
15m,DISCOVERY,OB,ATR_1X_PRICE_BAND_CONTROL_V1,FORECAST_REALIZATION,COMMON_ELIGIBILITY,1,5393,106720,N_GE_100,0.5119599480808456,0.4986152362498841,0.5252876331617362,0.4947619940029985,0.017197954077847077,0.03476005490782064,0.000438820940875813,-0.0001598285946314837,0.0002587208647842236,0.0006274235997223572,0.3886202775504516,0.28276576085141036,0.3757514833267704,0.400373479573679,0.4645703210320676,0.29940119760480177,0.44781991408631827,0.48029033067090593,0.5787743408645546,0.48405507323104774,0.5645132229191931,0.5942369314737291,0.7073356585151301,0.5018887494266037,0.6884740947583723,0.7276003856327776
15m,DISCOVERY,OB,ATR_1X_PRICE_BAND_CONTROL_V1,FORECAST_REALIZATION,COMMON_ELIGIBILITY,3,5393,106718,N_GE_100,0.5023178193955127,0.4889763001431115,0.5156560388901481,0.4919038962499297,0.010413923145582982,0.02117064578055672,0.0006830693002790007,-5.485981792641148e-05,0.00041052741255283244,0.0009297328879573683,0.6365363547666784,0.4349465744814628,0.6144791089220462,0.6613891113719983,0.7553935967732407,0.48564189189189033,0.7302833365530182,0.7803270125416004,0.9546073496790518,0.7367280684947644,0.9300012525421589,0.9807340067233857,1.1716743664319547,0.8001134539566382,1.1393919465769657,1.2072382189461932
15m,DISCOVERY,OB,ATR_1X_PRICE_BAND_CONTROL_V1,FORECAST_REALIZATION,COMMON_ELIGIBILITY,5,5393,106716,N_GE_100,0.5019469682922306,0.48860567085294115,0.5152854939349969,0.490957307245399,0.010989661046831634,0.02238414804026645,0.0007827671289087687,-5.215939912373013e-05,0.0004366199644398307,0.0011160077739798858,0.8108429701227505,0.5289112604440793,0.7837395107391593,0.8408347399261793,0.9372031466955502,0.6085486597440187,0.9061676799650767,0.9707738344505626,1.2155621605830684,0.9070777353246965,1.1847848089990913,1.249610399546747,1.456471719577482,1.017611928140273,1.4112756252494798,1.5000218240594414
15m,DISCOVERY,OB,ATR_1X_PRICE_BAND_CONTROL_V1,FORECAST_REALIZATION,COMMON_ELIGIBILITY,10,5392,106711,N_GE_100,0.5077893175074184,0.49444414103780465,0.5211234026795646,0.48702570494138375,0.02076361256603465,0.04263350446468461,0.0008058789636168636,-0.00024123565254230428,0.00038107481249331917,0.0012204858120419503,1.1332472032200243,0.7375877756033635,1.095878662557865,1.17112317434648,1.2590423118556235,0.8322291320283816,1.2211482740043906,1.294983653328296,1.7245637754694365,1.2580590716437874,1.6732138581121248,1.779539578931675,1.9719730508885858,1.3855969781898254,1.919617050303037,2.035026936965312
15m,DISCOVERY,OB,CAUSAL_DNO_QUANTILE_80_20_CONTROL_V1,FORECAST_REALIZATION,COMMON_ELIGIBILITY,1,10720,106720,N_GE_100,0.5422574626865672,0.5328126907068609,0.5516719588985566,0.4947619940029985,0.04749546868356869,0.09599659888847656,0.00012654132854874207,-0.0003276573010572714,2.4831160881097723e-05,0.00022248909216962586,0.32868748828917477,0.2435025587670884,0.3213277729553259,0.33521253673449347,0.35654132211628087,0.2185475299728888,0.34801663250236275,0.36495982906866903,0.5026165552189704,0.4254346607772753,0.4938188544602294,0.5118343517431198,0.5592010879939022,0.3776033630409623,0.5467406044604887,0.5705258937391074
15m,DISCOVERY,OB,CAUSAL_DNO_QUANTILE_80_20_CONTROL_V1,FORECAST_REALIZATION,COMMON_ELIGIBILITY,3,10720,106718,N_GE_100,0.5424440298507462,0.5329994911015301,0.551858159164397,0.4919038962499297,0.05054013360081655,0.10274391804194583,-1.436402624336861e-06,-0.0005282010271981941,-0.00016334723101137086,0.00016671571387107928,0.5736059968348286,0.406588077339219,0.5613180689062849,0.5850815703482363,0.5988884460199106,0.3684141920138923,0.5855255302976793,0.6135428836132538,0.8813298521884758,0.7096477551648857,0.8659236582548301,0.8963310760048345,0.9475403493950932,0.6296997902037135,0.9267544251860113,0.9673175514050741
15m,DISCOVERY,OB,CAUSAL_DNO_QUANTILE_80_20_CONTROL_V1,FORECAST_REALIZATION,COMMON_ELIGIBILITY,5,10720,106716,N_GE_100,0.5342350746268657,0.5247815316004893,0.5436640896030167,0.490957307245399,0.043277767381466714,0.08814975710267792,1.3658780040535176e-05,-0.0005597119220980828,-0.00019975897797984475,0.00022639739174533027,0.754508291422213,0.5190118102227655,0.7367780033517236,0.7714859588944345,0.7652340360098887,0.4788136598294408,0.7491342578022999,0.7844000130649424,1.1617297268576767,0.9054228655822473,1.1400413639075693,1.1831256984805714,1.2163594425556428,0.8125376252446657,1.1910591445595184,1.2431781386856218
15m,DISCOVERY,OB,CAUSAL_DNO_QUANTILE_80_20_CONTROL_V1,FORECAST_REALIZATION,COMMON_ELIGIBILITY,10,10717,106711,N_GE_100,0.5216945040589718,0.512230836273879,0.5311426242574286,0.48702570494138375,0.03466879911758802,0.0711847419260152,0.00012336892941936116,-0.0004926310603883266,-0.0001602028236473518,0.00040947408735156495,1.0987072691461912,0.7344632768361646,1.0762894860636103,1.1245429312902908,1.0771893487697903,0.6825288232404273,1.0544553920586544,1.101861786493421,1.7024532832253978,1.2822017091955777,1.6697292171443343,1.735368419215729,1.7260072276030416,1.1609424226632663,1.6899728620937458,1.7622458164076868
15m,DISCOVERY,OB,PROJECT_DYNAMIC_EXTREMA_V1,FORECAST_REALIZATION,COMMON_ELIGIBILITY,1,9214,106720,N_GE_100,0.5418927718688952,0.531703875098467,0.5520467504275782,0.4947619940029985,0.0471307778658967,0.09525949534759759,0.00011371894570378549,-0.0003401439493621594,2.0540159358926283e-05,0.00023851823867416874,0.3337057613032982,0.24983746243842936,0.32542426492531806,0.34074615786499074,0.3573734181851381,0.22280862215463818,0.34730762582991803,0.3676440026231292,0.5087735856167227,0.43524792250103456,0.4997436023587737,0.5169745431912681,0.5642641190127508,0.38297908385160884,0.5509694922184263,0.5774550126492782
15m,DISCOVERY,OB,PROJECT_DYNAMIC_EXTREMA_V1,FORECAST_REALIZATION,COMMON_ELIGIBILITY,3,9214,106718,N_GE_100,0.54699370523117,0.5368119717023465,0.5571362688488906,0.4919038962499297,0.055089808981240274,0.1119930323813696,-4.162993557886734e-05,-0.0005769804817584712,-0.00021525345958022448,0.0001407690211971629,0.5865223281712996,0.4174699262991212,0.5716015470815741,0.6013862458742191,0.6063978633771911,0.3729392262532616,0.5905417091294747,0.6236800996221902,0.9014089328198827,0.7220359648496537,0.8844263596175328,0.9180846882955248,0.9625086734230451,0.6358411059967042,0.9357956613169955,0.9869805656290683
15m,DISCOVERY,OB,PROJECT_DYNAMIC_EXTREMA_V1,FORECAST_REALIZATION,COMMON_ELIGIBILITY,5,9214,106716,N_GE_100,0.5408074668981984,0.5306171845913318,0.5509637356102043,0.490957307245399,0.049850159652799375,0.10153664874139934,-2.5179287018779695e-05,-0.0006519888316154909,-0.0002575325644869567,0.00021677525542287667,0.7713849642865604,0.529253681734946,0.7520929282533458,0.7915301030517473,0.7722532319442756,0.48137431959175153,0.7527718383866824,0.7923666913437402,1.1845764393150948,0.9284851772352651,1.1644519283419987,1.2079138999961885,1.2309848160359822,0.8179993399503485,1.1996398435662832,1.2627167664469976
15m,DISCOVERY,OB,PROJECT_DYNAMIC_EXTREMA_V1,FORECAST_REALIZATION,COMMON_ELIGIBILITY,10,9213,106711,N_GE_100,0.5274069249972865,0.5172029746748183,0.5375880287856296,0.48702570494138375,0.04038122005590272,0.08291393995469454,-0.00016210343765341498,-0.0006172839506173311,-0.0004539981308819882,0.00014137534017618503,1.1286261520811043,0.7555060878950417,1.1025483156337221,1.1539802509265888,1.0781912828381128,0.6911665542818597,1.0547729494619336,1.1038399511009696,1.7379574097694201,1.3187424797657847,1.7011822353862156,1.772404046590036,1.7357037965237272,1.166271003739855,1.6941291603327497,1.7727307877491247
15m,DISCOVERY,OS,ATR_1X_PRICE_BAND_CONTROL_V1,FORECAST_REALIZATION,COMMON_ELIGIBILITY,1,5408,106720,N_GE_100,0.5673076923076923,0.5540595683035924,0.5804602594755502,0.501358695652174,0.06594899665551834,0.13154054617469235,4.528583556789313e-06,0.000674035853763244,-0.00023034302167396917,0.00020197561890649955,0.4809060576519958,0.3360814859935667,0.4643946613347395,0.49993143439468074,0.5884544204745011,0.3236627861170496,0.5628826450736573,0.6157911810091442,0.6406423593042095,0.5616956102488497,0.6261248909177878,0.6533622008916344,0.806695690699784,0.5386692267342783,0.777757926399366,0.8383705470470696
15m,DISCOVERY,OS,ATR_1X_PRICE_BAND_CONTROL_V1,FORECAST_REALIZATION,COMMON_ELIGIBILITY,3,5408,106718,N_GE_100,0.5599112426035503,0.5466431107320946,0.5730943183899995,0.505519218875916,0.0543920237276343,0.10759635182334248,0.0005288933378370456,0.0008372746896341265,0.00020730134703196118,0.0008585627922020147,0.7574592462677795,0.5056844758615677,0.7283747229871579,0.789642033536589,0.9114622570893609,0.5156554928772796,0.8742911563582698,0.9507287488461783,1.0177590109341972,0.8490876331113609,0.9937524385418274,1.0405166009814322,1.2707029616690761,0.8364340473247769,1.2293618018847887,1.3149609253361785
15m,DISCOVERY,OS,ATR_1X_PRICE_BAND_CONTROL_V1,FORECAST_REALIZATION,COMMON_ELIGIBILITY,5,5408,106716,N_GE_100,0.5652736686390533,0.5520197447507067,0.5784349233977477,0.5073653435286181,0.0579083251104352,0.11413535798029706,0.0009457599664470852,0.0011827334109579812,0.0005701763076600689,0.0013403579313911282,0.94377824591479,0.6253858313963261,0.9084429758850238,0.9817361828953064,1.099052720174364,0.6440730978385997,1.0604651727926777,1.1398787621062625,1.2846460723313269,1.04877972129256,1.2547221673359397,1.3129385127542728,1.5584461598369996,1.0549513437578248,1.5123612563093858,1.6103757309361262
15m,DISCOVERY,OS,ATR_1X_PRICE_BAND_CONTROL_V1,FORECAST_REALIZATION,COMMON_ELIGIBILITY,10,5408,106711,N_GE_100,0.5632396449704142,0.549980147250192,0.576409361267574,0.5113624649754945,0.0518771799949197,0.10144893993618753,0.0011924092070311892,0.001755797160327588,0.000697693281857577,0.0017214789987124715,1.2932071684236843,0.8705046810877523,1.2519221042759077,1.3409760881664554,1.4453004763122141,0.8747276927249463,1.3937846102973304,1.4973854294088815,1.7999668199348475,1.4131121345802047,1.7599337404388542,1.8418396346714165,2.0765452978563914,1.4226078702424085,2.0200733531809516,2.1351489748358805
15m,DISCOVERY,OS,CAUSAL_DNO_QUANTILE_80_20_CONTROL_V1,FORECAST_REALIZATION,COMMON_ELIGIBILITY,1,10997,106720,N_GE_100,0.554242066018005,0.5449346729999486,0.5635115753307246,0.501358695652174,0.05288337036583102,0.10548010999797186,-9.145773595058512e-05,0.00047104388558860677,-0.0001999985491837042,2.3283515232236518e-05,0.35671058420604407,0.26275115919630054,0.3497927974428453,0.36410026880020047,0.431487254503018,0.24434594840321536,0.4203179610678256,0.4445842813069887,0.5347295711982005,0.46422721475061424,0.5270402335829674,0.5428319766794408,0.646494463653406,0.4354141471422124,0.6307347778247867,0.6626134315356947
15m,DISCOVERY,OS,CAUSAL_DNO_QUANTILE_80_20_CONTROL_V1,FORECAST_REALIZATION,COMMON_ELIGIBILITY,3,10997,106718,N_GE_100,0.5585159588978812,0.5492161337291722,0.567774915392015,0.505519218875916,0.052996740021965194,0.10483625160643739,0.00016408755869867298,0.0007129951108906241,-3.911417002014591e-05,0.00033167796335681896,0.6019627119940639,0.42936288088642977,0.589896317555832,0.6145552381624658,0.7157503693298365,0.40791100123610935,0.6975722515675641,0.7357823119550262,0.9104081957249703,0.7538698362864966,0.8970915658959213,0.9260610804459295,1.0741214846426694,0.7267280375765818,1.0489705627395998,1.1009642825797525
15m,DISCOVERY,OS,CAUSAL_DNO_QUANTILE_80_20_CONTROL_V1,FORECAST_REALIZATION,COMMON_ELIGIBILITY,5,10997,106716,N_GE_100,0.5572428844230245,0.5479407322390971,0.5665050570721498,0.5073653435286181,0.049877540894406436,0.09830695283110735,0.000393864512446783,0.0009257371925532887,0.000181250977685548,0.0006181806449162795,0.777507337442985,0.5438870566452569,0.7621971287411347,0.7934192456283784,0.9098261791967701,0.5264379264759962,0.8835551291927023,0.9349840002196377,1.1864576498440682,0.9585304717318972,1.166386260266666,1.2084282808337685,1.376474987812541,0.9348176728555028,1.3481511680484641,1.408958460566398
15m,DISCOVERY,OS,CAUSAL_DNO_QUANTILE_80_20_CONTROL_V1,FORECAST_REALIZATION,COMMON_ELIGIBILITY,10,10997,106711,N_GE_100,0.5525143220878421,0.5432040670137007,0.5617879001463392,0.5113624649754945,0.04115185711234759,0.08047492714256932,0.0006009543478688537,0.0012121718776123558,0.00029226368441927767,0.0009087655731127883,1.11120447553447,0.7631661936297569,1.0892580938672967,1.1360843045153344,1.2698302626979998,0.7515473032714487,1.238076182384514,1.3029072467573726,1.72018321115898,1.3233313308740904,1.6902398834557344,1.7504704889124576,1.9303405743459745,1.313602995594322,1.8892309761498045,1.9765952191709113
15m,DISCOVERY,OS,PROJECT_DYNAMIC_EXTREMA_V1,FORECAST_REALIZATION,COMMON_ELIGIBILITY,1,9140,106720,N_GE_100,0.5591903719912472,0.548989005233748,0.5693420034748891,0.501358695652174,0.05783167633907327,0.11534990185788052,-0.00011364480912695737,0.0004950330048456575,-0.00024542844524453163,2.1601943395153214e-05,0.373915208645344,0.2718534122972616,0.365578211652886,0.38330593094036597,0.4540563837913178,0.25319149156747456,0.43968988533856374,0.4713768558654324,0.5487636850816922,0.48303182417365503,0.540699916712711,0.5579843066227868,0.6769757962716211,0.4516334803180652,0.6589203383340252,0.6969052556295802
15m,DISCOVERY,OS,PROJECT_DYNAMIC_EXTREMA_V1,FORECAST_REALIZATION,COMMON_ELIGIBILITY,3,9140,106718,N_GE_100,0.563457330415755,0.5532649748925689,0.5735963653126246,0.505519218875916,0.057938111539838966,0.1146110956348434,0.00029221862920247063,0.0007658659555532799,5.239031838668851e-05,0.0005106702495076555,0.6248521285456102,0.4394400393386285,0.6108997740579822,0.640204845576427,0.7459735495051096,0.419305427528574,0.7233406974634746,0.7728575380158573,0.9223095505634804,0.7726330484437666,0.907548052019291,0.937993002884227,1.1200171335206586,0.7507201597511614,1.0931259230951602,1.1509401735048626
15m,DISCOVERY,OS,PROJECT_DYNAMIC_EXTREMA_V1,FORECAST_REALIZATION,COMMON_ELIGIBILITY,5,9140,106716,N_GE_100,0.5599562363238512,0.5497564307863685,0.5701056630626762,0.5073653435286181,0.0525908927952331,0.10365487802039186,0.0005727258534396307,0.001031962876225312,0.0003016295372434086,0.0008103477645325318,0.8039484944241861,0.5524175545964592,0.7848520636525086,0.8233788973984175,0.932958862644334,0.5328127061161996,0.902918674969916,0.9635261715793919,1.2000410393835843,0.9820374435010937,1.1800022774566377,1.222369598381872,1.4162970107674568,0.954123138739938,1.3862215943006984,1.4507357116392647
15m,DISCOVERY,OS,PROJECT_DYNAMIC_EXTREMA_V1,FORECAST_REALIZATION,COMMON_ELIGIBILITY,10,9140,106711,N_GE_100,0.5614879649890591,0.5512913555932192,0.5716329085366406,0.5113624649754945,0.05012550001356453,0.09802342457021496,0.0010062941164942112,0.0014733134147250082,0.0006412973046244641,0.0013430913958654292,1.143924382134786,0.7876129254998251,1.1165833293005234,1.1719483799536186,1.258900707492754,0.753154945734196,1.2252557708727843,1.296077278869077,1.7349251334982752,1.359880297823671,1.704519327495087,1.7694396543489332,1.9453062424754914,1.3213115705180472,1.901125863056004,1.9934711450115923
15m,VALIDATION,OB,ATR_1X_PRICE_BAND_CONTROL_V1,FORECAST_REALIZATION,COMMON_ELIGIBILITY,1,1829,35952,N_GE_100,0.5571350464734828,0.5342739802451263,0.5797566048310746,0.4963006230529595,0.060834423420523254,0.12257575468332971,0.00018158787314148393,-0.00032939806084797407,-0.00011738173496171531,0.0004306057008790668,0.3037865332265083,0.19839239180922696,0.28428563126674317,0.3256789183191445,0.4073413070428857,0.2235771051904593,0.38092697009682763,0.4352559449517727,0.6153663586697741,0.4868668407640971,0.5817710597627092,0.6510837172422891,0.8453832414968028,0.5456977445849115,0.7943860477840005,0.9016597560183046
15m,VALIDATION,OB,ATR_1X_PRICE_BAND_CONTROL_V1,FORECAST_REALIZATION,COMMON_ELIGIBILITY,3,1829,35950,N_GE_100,0.5352651722252597,0.5123572052451285,0.5580253089885073,0.49732962447844226,0.037935547746817455,0.07627847986453862,0.0001199188533776927,-0.0003655880934845257,-0.00028734722198737556,0.0005124645953744381,0.5067378738252876,0.31271026240747696,0.4786447652643871,0.5391446886169013,0.6201247478948051,0.36429206720518653,0.5819232662198079,0.6564800976960392,1.062675596661746,0.7663619615320123,1.007832357354046,1.1148130395557252,1.3144302319802728,0.8907113492406397,1.2390502326549553,1.3838332871949548
15m,VALIDATION,OB,ATR_1X_PRICE_BAND_CONTROL_V1,FORECAST_REALIZATION,COMMON_ELIGIBILITY,5,1829,35948,N_GE_100,0.5472936030617824,0.5244059516591068,0.56998300153794,0.49688438856125516,0.050409214500527266,0.10145059023989211,0.00022727566328421944,-0.0005072068312413913,-0.0002562130300674267,0.000744936890576584,0.6413566696892701,0.3873384528938058,0.605829276483002,0.6796052277763235,0.7713326573554549,0.4571518229017983,0.7240253427011992,0.8191571939613247,1.3581133196541197,0.9783116775353742,1.2997862599002905,1.422013146915817,1.6409804809830182,1.074038914077256,1.5466533008326708,1.7346225173242233
15m,VALIDATION,OB,ATR_1X_PRICE_BAND_CONTROL_V1,FORECAST_REALIZATION,COMMON_ELIGIBILITY,10,1829,35943,N_GE_100,0.5456533624931657,0.5227621537099234,0.5683531941739308,0.49995826725648945,0.0456950952366762,0.09139781903683097,5.558660563547477e-05,-0.0007505629221917776,-0.0005921530073173811,0.0007287863297766081,0.914318163594296,0.5682343870470232,0.8649737415790367,0.9625942518914627,1.0261744622086673,0.6239281523603182,0.9625634382184389,1.0866303987885158,1.9611956534186599,1.3619169170975007,1.864601584516852,2.0552941335979718,2.2139368959878687,1.4497718989903168,2.0982374083453483,2.3152258347048282
15m,VALIDATION,OB,CAUSAL_DNO_QUANTILE_80_20_CONTROL_V1,FORECAST_REALIZATION,COMMON_ELIGIBILITY,1,3489,35952,N_GE_100,0.5760963026655203,0.5596235712066019,0.5924016451673672,0.4963006230529595,0.07979567961256073,0.16078093781487324,1.6198249328632074e-05,-0.0003685090338120256,-0.00013843637457294655,0.00016262534263128384,0.23395706679423178,0.1570688423058525,0.22350049193868873,0.2451429409308396,0.28895400012900907,0.153083047553312,0.27458198234422126,0.30214184316048304,0.4974745268239634,0.40521108782820875,0.48302850316569135,0.516436052757282,0.6215596866832831,0.3806825057484696,0.5969598339750776,0.6505455951743331
15m,VALIDATION,OB,CAUSAL_DNO_QUANTILE_80_20_CONTROL_V1,FORECAST_REALIZATION,COMMON_ELIGIBILITY,3,3489,35950,N_GE_100,0.5546001719690455,0.5380571855792128,0.5710230544179288,0.49732962447844226,0.057270547490603285,0.1151561151231717,4.469875037755614e-05,-0.00040335309178918255,-0.00018731387071153706,0.000275127645174483,0.41572282343136685,0.2639241393270402,0.39792942792877584,0.43466254351779327,0.4749891618872119,0.2573697756303973,0.4500437221217036,0.49584277934841287,0.8977218057655553,0.6879298927042153,0.8700003902686485,0.9291704496897943,1.043041053494787,0.6461665547006795,1.0006724046719935,1.090937930664777
15m,VALIDATION,OB,CAUSAL_DNO_QUANTILE_80_20_CONTROL_V1,FORECAST_REALIZATION,COMMON_ELIGIBILITY,5,3489,35948,N_GE_100,0.5520206362854686,0.5354713236605746,0.5684555191713476,0.49688438856125516,0.05513624772421344,0.11096393646792202,0.00014753140008001733,-0.0004963793506190806,-0.00016870085818827718,0.0004817777016962721,0.5477367272914255,0.33451558708232354,0.524956926930333,0.5726124226137034,0.6173937813293777,0.33239727204997593,0.5880721181242112,0.646262522647969,1.1940819611804636,0.8694405658006727,1.1554211442909808,1.2380883836391514,1.3548220912859588,0.8447860868670893,1.3041280299128042,1.4115697092874087
15m,VALIDATION,OB,CAUSAL_DNO_QUANTILE_80_20_CONTROL_V1,FORECAST_REALIZATION,COMMON_ELIGIBILITY,10,3489,35943,N_GE_100,0.5399828030954428,0.523409882020788,0.5564677740401109,0.49995826725648945,0.04002453583895332,0.0800557535703672,0.00021284823314107217,-0.0006077117943886767,-0.0001827823492589696,0.0006658866763230694,0.80347406472474,0.49391048255974895,0.7727055950265125,0.8387466193268898,0.8763657738862436,0.48001835926792247,0.8368984045606926,0.9166086832871647,1.7970791354317175,1.2563983369984881,1.7344994878216422,1.8636425608962828,1.9754129958981055,1.2163609068036512,1.8926140765611474,2.0591711955512393
15m,VALIDATION,OB,PROJECT_DYNAMIC_EXTREMA_V1,FORECAST_REALIZATION,COMMON_ELIGIBILITY,1,2952,35952,N_GE_100,0.5609756097560976,0.5430053021758204,0.5787874217644612,0.4963006230529595,0.0646749867031381,0.13031413562468308,0.00015171382247163885,-0.00032650563653796594,2.3159392174834335e-06,0.0003173986539287329,0.23683511558111833,0.1581611930907421,0.2252388771548658,0.25054481750093005,0.31412836901843905,0.1670362977427301,0.298123141598955,0.3308393354137008,0.5060944803218531,0.4052656805796521,0.48586362145912326,0.5274435094836619,0.6860464745504352,0.41437778139535647,0.6540124720301665,0.7229126294171241
15m,VALIDATION,OB,PROJECT_DYNAMIC_EXTREMA_V1,FORECAST_REALIZATION,COMMON_ELIGIBILITY,3,2952,35950,N_GE_100,0.5538617886178862,0.5358711173780227,0.5717124554358924,0.49732962447844226,0.0565321641394439,0.11367141902863742,0.00015942910430934132,-0.00042228265215854544,-0.00011949116200198378,0.0004244794871990556,0.4171222975308196,0.26246043622808296,0.39935059481045226,0.43906718808895834,0.5016241706252833,0.26984525943487,0.4763226762416025,0.5268235389088577,0.9150937178543711,0.6949995005150728,0.8816391997680283,0.9562384934506314,1.1210643300900212,0.6772822791312194,1.0690090141668884,1.1754036082760602
15m,VALIDATION,OB,PROJECT_DYNAMIC_EXTREMA_V1,FORECAST_REALIZATION,COMMON_ELIGIBILITY,5,2952,35948,N_GE_100,0.551490514905149,0.5334938807415672,0.5693533083635594,0.49688438856125516,0.054606126343893835,0.10989704567295355,0.00034231799073905424,-0.00044599633701158936,-4.1655086325858313e-05,0.0006980572517095013,0.5460656475177728,0.3375049056154198,0.5232007900733284,0.5719527877845555,0.6479374209299062,0.3520770618510487,0.6148307525910766,0.6840848686545129,1.2081747988846294,0.8913131366108882,1.1630670690544198,1.2567014970746515,1.461133208747964,0.8856712681264935,1.394191421458145,1.5240755548396845
15m,VALIDATION,OB,PROJECT_DYNAMIC_EXTREMA_V1,FORECAST_REALIZATION,COMMON_ELIGIBILITY,10,2952,35943,N_GE_100,0.5220189701897019,0.5039823930585791,0.5399983128087448,0.49995826725648945,0.02206070293321244,0.04412508878845056,0.00033644478713935514,-0.00034680844762391416,-0.00015252357004825584,0.0008383030310783225,0.8095026135994505,0.4980585459986008,0.7780574785857803,0.8474001218831358,0.9150137417977077,0.5164355719121901,0.8659747335476513,0.9573402802042037,1.8170178029761765,1.2968274779901605,1.7432491758088562,1.8883038992429606,2.1319268117515873,1.3098932500033722,2.0362651835601,2.2265400394841732
15m,VALIDATION,OS,ATR_1X_PRICE_BAND_CONTROL_V1,FORECAST_REALIZATION,COMMON_ELIGIBILITY,1,1841,35952,N_GE_100,0.5643671917436176,0.5416062432996154,0.5868600705562734,0.5019748553627058,0.062392336380911795,0.12429374841062457,-0.00016043454969326705,0.00040910845233499415,-0.00041411843557270214,7.708809633086652e-05,0.3204827322506003,0.20742465011495567,0.302049416206884,0.33861488805209394,0.42260345931548743,0.2543223770591356,0.4009354610861046,0.44841158554523997,0.6247613153626412,0.5117999402258141,0.597701132483575,0.6487487202323972,0.8707327183711203,0.571566521230345,0.8229729684946979,0.9163130368442747
15m,VALIDATION,OS,ATR_1X_PRICE_BAND_CONTROL_V1,FORECAST_REALIZATION,COMMON_ELIGIBILITY,3,1841,35950,N_GE_100,0.5567626290059751,0.5339752575606967,0.5793136014936525,0.5014186369958276,0.0553439920101475,0.1103748204130035,-2.4913084583199877e-05,0.0005038302550068874,-0.0004138873649347893,0.0003784827041982488,0.529674112174874,0.32862755811245214,0.4973021229248243,0.5616336153557564,0.6409204584041551,0.3724073164544591,0.6059952311560496,0.6805378506767581,1.0557990851017056,0.8061879169591322,1.0071240494200306,1.104312039400153,1.31803493086024,0.8799097232488347,1.246737730356908,1.387655100441991
15m,VALIDATION,OS,ATR_1X_PRICE_BAND_CONTROL_V1,FORECAST_REALIZATION,COMMON_ELIGIBILITY,5,1841,35948,N_GE_100,0.55458989679522,0.531795963544739,0.5771564798520273,0.5025036163347056,0.052086280460514334,0.10365354351165679,-5.402500196967022e-05,0.0006261542241632334,-0.0005325810901225511,0.0005084795457953281,0.655529615972902,0.4062378232285016,0.618991687847053,0.6967585236349165,0.7913073525235208,0.4687660884315082,0.7465585048167652,0.8420462768862571,1.323852280652853,0.9857646236846276,1.2637672086759186,1.383956359699568,1.6416997636755621,1.1338144676265127,1.558310354355519,1.7334820459438691
15m,VALIDATION,OS,ATR_1X_PRICE_BAND_CONTROL_V1,FORECAST_REALIZATION,COMMON_ELIGIBILITY,10,1841,35943,N_GE_100,0.534492123845736,0.5116581711584587,0.5571824274056674,0.4997078707954261,0.034784253050309855,0.06960917584696213,0.00010120393377304046,0.0006871855991668063,-0.0005224871578097412,0.0007911021058704423,0.9213071512898713,0.5645380543427927,0.8708288180822354,0.9751213685336343,1.0607441404471118,0.6421984681600621,1.0033325284797727,1.1232743792180684,1.8668682847841185,1.3515878744549958,1.7785459902605598,1.9534808452559642,2.241417860177686,1.5451074319162275,2.1437829209106316,2.3563460407873156
15m,VALIDATION,OS,CAUSAL_DNO_QUANTILE_80_20_CONTROL_V1,FORECAST_REALIZATION,COMMON_ELIGIBILITY,1,3538,35952,N_GE_100,0.5720746184284907,0.5557013500767773,0.5882915376909874,0.5019748553627058,0.07009976306578491,0.13964795709763944,-4.335116890530542e-05,0.00039136335429534874,-0.00017459737503567758,0.00010627733528430513,0.24873631923153863,0.16623554275163854,0.23915159286818286,0.2578731577081972,0.3076060653141881,0.16167388038270442,0.2917159509501946,0.32141741074493313,0.5235858548294485,0.4325839834355522,0.5096416618308153,0.5388753648710611,0.6769669268789651,0.41594729852031936,0.6473147573824451,0.7046889069960958
15m,VALIDATION,OS,CAUSAL_DNO_QUANTILE_80_20_CONTROL_V1,FORECAST_REALIZATION,COMMON_ELIGIBILITY,3,3538,35950,N_GE_100,0.5732052006783493,0.5568361674730177,0.5894154322597315,0.5014186369958276,0.07178656368252179,0.1431669235763151,0.0001567453797131692,0.0005224649689542504,-8.831325944816588e-05,0.0003962758794166818,0.43777064880215316,0.2806501558515938,0.4193670386481406,0.4561438421836947,0.5003663293069384,0.27810429379301094,0.47606915125487687,0.52339433262444,0.9391503389518953,0.7236510669072225,0.9108409962380746,0.9686202981343315,1.1003884725751862,0.7000632788072485,1.059635614739815,1.148893645254472
15m,VALIDATION,OS,CAUSAL_DNO_QUANTILE_80_20_CONTROL_V1,FORECAST_REALIZATION,COMMON_ELIGIBILITY,5,3538,35948,N_GE_100,0.5525720746184285,0.5361393428857562,0.5688907634860252,0.5025036163347056,0.05006845828372286,0.0996380058892421,1.3974388711663645e-05,0.0005279181180630754,-0.0003171650731331644,0.0003126424825665244,0.560139262972274,0.3579516050059738,0.5370551568295578,0.5847865648865919,0.6434799322112001,0.35392937954894865,0.6142223755484825,0.6709756989359588,1.2047616567791832,0.9113540585207938,1.165426358252828,1.243129648784126,1.4219901084234208,0.9275456104876177,1.3715533442758914,1.481834736111563
15m,VALIDATION,OS,CAUSAL_DNO_QUANTILE_80_20_CONTROL_V1,FORECAST_REALIZATION,COMMON_ELIGIBILITY,10,3536,35943,N_GE_100,0.5441176470588235,0.5276624049525279,0.5604771321386232,0.4997078707954261,0.04440977626339737,0.08887147643423488,-3.090387267125425e-05,0.0006572482629272347,-0.0004705740716069264,0.0004051850884361248,0.8088407214081835,0.5133040050419472,0.7755744272332938,0.8437553371800366,0.9110096480810947,0.5310763248804635,0.874838166936886,0.9507046520938301,1.7751851443864426,1.2569846341507733,1.7171760645687157,1.8419455007199101,2.031818838005054,1.3371523376511296,1.9545110294368646,2.1100208370549027
15m,VALIDATION,OS,PROJECT_DYNAMIC_EXTREMA_V1,FORECAST_REALIZATION,COMMON_ELIGIBILITY,1,2823,35952,N_GE_100,0.5614594403117251,0.5430833817583192,0.5796684554864702,0.5019748553627058,0.059484584949019315,0.11850112473470054,-0.00010262062979335366,0.00035543453377817613,-0.00027811003105715856,6.737684272688544e-05,0.25533685869301037,0.16891799550646128,0.24440916250503225,0.26602033966373123,0.32866971286242397,0.17385757437414232,0.3143220755234451,0.34367816202825413,0.5359247285071166,0.4395375278808557,0.5175945873148554,0.5543582813119862,0.722397581475628,0.4529400696189556,0.688857727233406,0.7574030745543493
15m,VALIDATION,OS,PROJECT_DYNAMIC_EXTREMA_V1,FORECAST_REALIZATION,COMMON_ELIGIBILITY,3,2823,35950,N_GE_100,0.5681898689337584,0.5498370615865402,0.5863573399674769,0.5014186369958276,0.06677123193793089,0.1331646393081447,7.207553505952834e-05,0.0005172437895797355,-0.00017154379847525151,0.0003279852188467128,0.446253829964488,0.27682761912336856,0.4260306745651082,0.46763056934992997,0.5296853419543026,0.2988176373399492,0.5040470697668284,0.5545095663470656,0.9536104757677696,0.7298328431799961,0.9168257960290787,0.9897151902824917,1.1653016972883605,0.7290477777434987,1.117487653720218,1.2198683472099392
15m,VALIDATION,OS,PROJECT_DYNAMIC_EXTREMA_V1,FORECAST_REALIZATION,COMMON_ELIGIBILITY,5,2823,35948,N_GE_100,0.5501239815798795,0.5317164679566364,0.5683952609778746,0.5025036163347056,0.04762036524517388,0.09476621400761243,-0.00012151445435395863,0.00047962908683940597,-0.0004579847826701307,0.00020187942447343838,0.5687070023530142,0.36255479023168213,0.5419793421261767,0.5955699559206589,0.6801231591480518,0.3805835983958019,0.6479763151184326,0.71167771118612,1.2223280450486689,0.9214412684247753,1.176706041462373,1.2604497939136623,1.5131813131262741,0.987035068366876,1.4483070462385002,1.577372689758646
15m,VALIDATION,OS,PROJECT_DYNAMIC_EXTREMA_V1,FORECAST_REALIZATION,COMMON_ELIGIBILITY,10,2823,35943,N_GE_100,0.5363088912504428,0.5178760238244264,0.5546430731069332,0.4997078707954261,0.036601020455016675,0.07324483482070399,-0.00024575195932373856,0.0005778333623569498,-0.0007454538187129118,0.00021438545549821734,0.8203374775523024,0.5180776880684835,0.7855297702760865,0.8598818376579047,0.9578442428458995,0.549590351636041,0.916952276054302,1.0009712614523352,1.7852393651834697,1.2738173447298056,1.7231648942180973,1.853616307109666,2.144229703084947,1.4423852388907488,2.063028612704045,2.2333957824019257
1D,DISCOVERY,OB,ATR_1X_PRICE_BAND_CONTROL_V1,FORECAST_REALIZATION,COMMON_ELIGIBILITY,1,90,1124,N_30_99,0.4888888888888889,0.3882031497910542,0.5904843406183163,0.46441281138790036,0.024476077500988513,0.052703277990634234,0.003811252643670895,0.0010650226930010165,-0.006730526902141101,0.016195596868119957,4.3010824156640695,3.4676613325327112,3.561873067078716,5.163749829538003,4.266063837845874,2.8284821907757918,3.3845416303847258,5.204173597167213,0.7149565780390578,0.5471632902374676,0.5984568908528504,0.8369494494440121,0.7622297591693394,0.46008130034940176,0.5862627695996516,0.9406775570009133
1D,DISCOVERY,OB,ATR_1X_PRICE_BAND_CONTROL_V1,FORECAST_REALIZATION,COMMON_ELIGIBILITY,3,90,1122,N_30_99,0.43333333333333335,0.33576405263265097,0.5363608898235731,0.45276292335115864,-0.019429590017825293,-0.04291338582677162,0.017089833556527927,0.007676780506301939,-0.0016932198033772503,0.03859894275573632,6.517624564572134,5.325678497822935,5.3793209500038754,7.7902428536414305,7.617842051785268,5.31723974764996,6.015864463789111,9.175687859420878,1.0562112732311166,0.8838203960557819,0.8902082124793128,1.2288190695580354,1.3781623655769268,0.8530467086303732,1.0797829125701128,1.693777051312721
1D,DISCOVERY,OB,ATR_1X_PRICE_BAND_CONTROL_V1,FORECAST_REALIZATION,COMMON_ELIGIBILITY,5,90,1120,N_30_99,0.5222222222222223,0.4202438257848399,0.6223811933964188,0.4455357142857143,0.07668650793650794,0.17212202182142056,0.010559761347118208,-0.005004275839871675,-0.014615674103420209,0.0375637193163453,9.062389904787397,7.402156826150129,7.4648925109959565,10.940485953135276,9.967975243877104,7.38556256458185,7.9010450305379,11.991620131825245,1.4881904861260495,1.2313467063685317,1.223907414305613,1.795835697008372,1.8286743428990497,1.2290889657263326,1.3927168473482459,2.2449963069098504
1D,DISCOVERY,OB,ATR_1X_PRICE_BAND_CONTROL_V1,FORECAST_REALIZATION,COMMON_ELIGIBILITY,10,90,1115,N_30_99,0.4111111111111111,0.3151304105521081,0.5143695127228572,0.4260089686098655,-0.014897857498754385,-0.03497076023391821,0.04858932849926287,0.0110616442207917,0.0119993939310372,0.08763976434312756,11.129257985452618,9.527781145412193,9.404776762332359,13.240478891515837,15.205849109808554,9.293043956409964,12.076167902311784,18.712334467519103,1.8566956186525156,1.4231065745833278,1.556246405474685,2.2051753910085576,2.7729177660340816,1.5610267514686562,2.107723336045155,3.4544627883404426
1D,DISCOVERY,OB,CAUSAL_DNO_QUANTILE_80_20_CONTROL_V1,FORECAST_REALIZATION,COMMON_ELIGIBILITY,1,117,1124,N_GE_100,0.49572649572649574,0.40671622435748067,0.5850084797179371,0.46441281138790036,0.03131368433859538,0.06742640075973405,0.0049458710046262335,4.113025953200733e-05,-0.004349951780693689,0.013937697977591368,3.5515269652889234,2.9116979823155313,3.0560558271557707,4.066904796920871,3.7626570292665544,2.587779928117228,3.065298210778163,4.620836197395,0.5258498409813197,0.45211802272301077,0.4508666703038492,0.5999698843145053,0.6040053883304021,0.39269538488510053,0.49229371170890723,0.738247858490715
1D,DISCOVERY,OB,CAUSAL_DNO_QUANTILE_80_20_CONTROL_V1,FORECAST_REALIZATION,COMMON_ELIGIBILITY,3,117,1122,N_GE_100,0.42735042735042733,0.3414265447745581,0.5178934245075434,0.45276292335115864,-0.02541249600073131,-0.05612759943468604,0.019120801737730096,0.014780443281400713,0.003548231862402614,0.034760455921036215,5.4723486115213165,4.310367131510173,4.740212183494033,6.2588315124415255,7.017212957965585,5.38050883558768,5.948376726575747,8.32221225926307,0.8000403424784968,0.6812275034744675,0.6845078138773109,0.9117720210752169,1.1682826299171458,0.7647769270969074,0.9548563939216266,1.4062472993069128
1D,DISCOVERY,OB,CAUSAL_DNO_QUANTILE_80_20_CONTROL_V1,FORECAST_REALIZATION,COMMON_ELIGIBILITY,5,117,1120,N_GE_100,0.39316239316239315,0.3094022423100855,0.48371535957535794,0.4455357142857143,-0.05237332112332116,-0.11755134200023987,0.028891971858233494,0.02160246885358319,0.009754687115874744,0.048721434518465785,6.989268467019386,5.582397934427494,5.972438916910668,7.964022482997096,9.335086231908491,7.574183674601027,7.969435596942514,10.865598098188299,1.0268552723310183,0.8925077644655842,0.878624166195633,1.1962211421437314,1.564539308871166,0.9966308997212948,1.27006485258655,1.8808775911451638
1D,DISCOVERY,OB,CAUSAL_DNO_QUANTILE_80_20_CONTROL_V1,FORECAST_REALIZATION,COMMON_ELIGIBILITY,10,117,1115,N_GE_100,0.4017094017094017,0.3173685049510957,0.49229968878351227,0.4260089686098655,-0.024299566900463754,-0.05704003598740437,0.03966042814693207,0.035913837617047584,0.008593830772150195,0.07044944168429758,9.96832381533956,6.780952556885091,8.448439864481,11.694703293264386,14.442222622112334,11.447590206553718,12.160963566334365,16.881254487076504,1.526007855301716,1.1095353121304123,1.2622624896896635,1.8210873418042026,2.404677258019869,1.6750272717557784,1.978154413428635,2.9118519291998126
1D,DISCOVERY,OB,PROJECT_DYNAMIC_EXTREMA_V1,FORECAST_REALIZATION,COMMON_ELIGIBILITY,1,122,1124,N_GE_100,0.5081967213114754,0.42059761056042066,0.5952953850785413,0.46441281138790036,0.04378390992357506,0.09427799761321531,0.0020071059794518776,-0.0013460348769684938,-0.005823119089704362,0.011770579964740348,3.696606581479419,2.980046497203773,3.1949011554013107,4.239358023454732,3.6721938361105497,2.339308334203109,3.00417499558217,4.5160651510483465,0.5787700444099475,0.4684123414105393,0.4961722075651818,0.6760169229533424,0.602850620671158,0.38709865274773214,0.48056607261106116,0.7376947877674239
1D,DISCOVERY,OB,PROJECT_DYNAMIC_EXTREMA_V1,FORECAST_REALIZATION,COMMON_ELIGIBILITY,3,122,1122,N_GE_100,0.5081967213114754,0.42059761056042066,0.5952953850785413,0.45276292335115864,0.05543379796031678,0.12243449077062096,0.011272778388761898,-8.518128655649049e-05,-0.0027295647034507623,0.02807971749550187,6.021392254842552,4.776022157775872,5.138501301679747,6.832040475860612,6.755175690628034,4.924944839026409,5.71263999464015,8.045944901385244,0.9175725964596724,0.7929836109599105,0.7999657028546491,1.048422942745894,1.1299693657446033,0.7519125462997522,0.9439962966921954,1.3466882365124586
1D,DISCOVERY,OB,PROJECT_DYNAMIC_EXTREMA_V1,FORECAST_REALIZATION,COMMON_ELIGIBILITY,5,122,1120,N_GE_100,0.47540983606557374,0.3889027223505297,0.5634182907325843,0.4455357142857143,0.02987412177985943,0.0670521370610071,0.014787815472511743,0.005213745250622681,-0.003820255089701666,0.033349785457428074,7.961642064085139,6.279837125847866,6.8345753348923655,9.120969803550656,8.677677522854346,5.667840446015334,7.347601377418769,10.320712191516384,1.2220346697106061,1.1047547338752077,1.0470184645175453,1.3919067436577126,1.4697344405072335,0.9500583878479174,1.2165050404457074,1.743575999060017
1D,DISCOVERY,OB,PROJECT_DYNAMIC_EXTREMA_V1,FORECAST_REALIZATION,COMMON_ELIGIBILITY,10,122,1115,N_GE_100,0.4180327868852459,0.33432031040117327,0.5067497332092068,0.4260089686098655,-0.007976181724619558,-0.018723037100949025,0.03383086843533676,0.026429106300306038,0.003990945097538265,0.06980979456344316,11.135595925906427,7.217024091103964,9.320455043751922,13.025994338609198,14.057824409804347,10.088947500967526,11.897217624330581,16.510126714200773,1.7487292582918748,1.2313467063685317,1.4752419551158327,2.0334290504236683,2.3745588990630586,1.6865601613230092,1.9731940139472655,2.7747277965605375
1D,DISCOVERY,OS,ATR_1X_PRICE_BAND_CONTROL_V1,FORECAST_REALIZATION,COMMON_ELIGIBILITY,1,58,1124,N_30_99,0.5689655172413793,0.44117876705727427,0.6881839919916508,0.5355871886120996,0.0333783286292797,0.062320998968954155,0.003862624392523686,0.010262872218789187,-0.01098835461639114,0.021336850203322724,4.853871716347828,3.592254259378194,3.729018223297975,6.0568661446385645,6.437391554544509,5.19444660084906,5.0861659847999725,7.774836636210078,0.5443660007026074,0.5001478681700162,0.4518316019524092,0.6421632987259296,0.8102768606657227,0.6791333870382663,0.6532416976856417,0.9906977271321632
1D,DISCOVERY,OS,ATR_1X_PRICE_BAND_CONTROL_V1,FORECAST_REALIZATION,COMMON_ELIGIBILITY,3,58,1122,N_30_99,0.5517241379310345,0.4245185822161052,0.6725034870705885,0.5472370766488414,0.004487061282193117,0.008199483320229017,0.0015845185161665963,0.006518783525753524,-0.0189292398532868,0.022540165954703366,6.860878670927384,5.666325680008523,5.477661997464198,8.341916642914125,8.858305466757601,7.4016803004821,7.230749233816031,10.58679845619141,0.8014960647186661,0.6797020260756769,0.6668911806170913,0.932519951899145,1.131784218422214,0.8815624844389731,0.9334634425789445,1.3565481962339023
1D,DISCOVERY,OS,ATR_1X_PRICE_BAND_CONTROL_V1,FORECAST_REALIZATION,COMMON_ELIGIBILITY,5,58,1120,N_30_99,0.5344827586206896,0.40799953310272974,0.6566818464217328,0.5535714285714286,-0.01908866995073899,-0.034482758620689835,-0.0006519705871950931,0.009839165646179815,-0.026706049736720628,0.028827653705346203,8.581195225160085,6.498502108815016,6.743190008544472,10.374210516369228,11.671630561876812,8.273965658920456,9.342086424987881,14.410150126474008,1.0257840848644733,0.8963599229403336,0.8410931117207354,1.2327890773879313,1.4646584712260544,0.9727161492921274,1.1744905863279118,1.776662240605728
1D,DISCOVERY,OS,ATR_1X_PRICE_BAND_CONTROL_V1,FORECAST_REALIZATION,COMMON_ELIGIBILITY,10,58,1115,N_30_99,0.5,0.3753805824767928,0.6246194175232072,0.5739910313901345,-0.07399103139013452,-0.12890625,-0.008708805337651625,-0.002397905767442421,-0.03962395126553946,0.025463540205279304,10.986867250315841,8.324806684095728,8.728917368890327,13.374624309897143,13.620187315092233,9.653179728770176,10.91121080366043,16.969487780544338,1.31813565991336,1.1372541750215843,1.03166509348335,1.6099344841806305,1.7444230755481074,1.268948716900864,1.383555743394751,2.1443650052175367
1D,DISCOVERY,OS,CAUSAL_DNO_QUANTILE_80_20_CONTROL_V1,FORECAST_REALIZATION,COMMON_ELIGIBILITY,1,98,1124,N_30_99,0.5714285714285714,0.4725825662207811,0.6648858160512964,0.5355871886120996,0.035841382816471756,0.06691979117228275,0.0017972369398987157,0.005730389739891262,-0.0072539799926611415,0.010820508832077276,3.3421723822328735,3.0278958372667706,2.8559440519370387,3.8717783043973446,4.336478410291081,3.453695905018236,3.5994812755329533,5.0710106541679,0.4231640496521692,0.39626435998487075,0.3638763172645207,0.4920310669684527,0.5800804712399877,0.41802469133987846,0.4613034442878033,0.7059733367977109
1D,DISCOVERY,OS,CAUSAL_DNO_QUANTILE_80_20_CONTROL_V1,FORECAST_REALIZATION,COMMON_ELIGIBILITY,3,98,1122,N_30_99,0.6632653061224489,0.5651133741942346,0.7491000709990853,0.5472370766488414,0.11602822947360758,0.21202552682310705,0.02413310488684725,0.02450777206335053,0.006360641259679197,0.04250629573064166,6.785361792768973,5.1856427419649505,5.776410143305608,8.011314745982325,6.025409410468815,4.747451675156851,5.13498999052435,7.072821044060055,0.8592305338856159,0.6671696016132669,0.7211947410647342,1.0077724283286624,0.809863638298359,0.5676123669132895,0.6556065660386121,0.9647315371983947
1D,DISCOVERY,OS,CAUSAL_DNO_QUANTILE_80_20_CONTROL_V1,FORECAST_REALIZATION,COMMON_ELIGIBILITY,5,98,1120,N_30_99,0.6326530612244898,0.5338857137383178,0.7214127104812545,0.5535714285714286,0.07908163265306123,0.1428571428571428,0.023764783068601532,0.028183848946692902,0.00042743755076902866,0.047562304232743456,9.113930581879268,7.0851175289880075,7.790942144445645,10.565993837790135,8.29767481411408,5.4608492486926234,6.552003170529388,10.179595907420559,1.1607597309603517,0.928203716422543,0.9720969218448889,1.3445904229939496,1.109307607470033,0.6841072540354747,0.8935235634106641,1.3564956113320905
1D,DISCOVERY,OS,CAUSAL_DNO_QUANTILE_80_20_CONTROL_V1,FORECAST_REALIZATION,COMMON_ELIGIBILITY,10,98,1115,N_30_99,0.673469387755102,0.5756129567648199,0.7582388287530822,0.5739910313901345,0.09947835636496749,0.17330994897959173,0.0473834826517168,0.04147576270536124,0.020037467817363142,0.07730998935640818,13.958996384642518,9.782023238084363,12.038214676111167,16.268661294027236,9.898768569468748,6.611728563020401,8.05412561533822,11.96672284706614,1.856723708870386,1.3843486499110278,1.5076798000539624,2.2112817693704065,1.3177760375900525,0.8517446867424994,1.0750772379382343,1.594931645717148
1D,DISCOVERY,OS,PROJECT_DYNAMIC_EXTREMA_V1,FORECAST_REALIZATION,COMMON_ELIGIBILITY,1,82,1124,N_30_99,0.6219512195121951,0.5137693688945206,0.7192179006810697,0.5355871886120996,0.08636403090009548,0.16125111417227123,0.005277970413508437,0.010845454398446086,-0.0048003794130806856,0.013948751622051921,3.553744696387885,3.5288567546335186,2.9623701501008317,4.059696607912127,4.25154414288756,3.1259189075864615,3.3586900710184966,5.365719363882193,0.4640001419228507,0.4728137207896317,0.4020613703407923,0.5217311369034309,0.5917075101047434,0.38030723283752377,0.46302408867576883,0.7607852850983505
1D,DISCOVERY,OS,PROJECT_DYNAMIC_EXTREMA_V1,FORECAST_REALIZATION,COMMON_ELIGIBILITY,3,82,1122,N_30_99,0.6585365853658537,0.5508753748631217,0.7520080755851459,0.5472370766488414,0.11129950871701233,0.2033844442678956,0.02209138166414692,0.024180842161207083,0.003232227007474517,0.04067050626185653,6.998798215743882,5.582533729783219,5.703902230961725,8.267906305629662,6.060159729461712,4.43793962516439,4.824032288772208,7.259503207230067,0.9078860277336983,0.8337280770116464,0.7774356094270056,1.0491896518837565,0.846558262242646,0.613135778953249,0.6827881772911896,1.0494494905027274
1D,DISCOVERY,OS,PROJECT_DYNAMIC_EXTREMA_V1,FORECAST_REALIZATION,COMMON_ELIGIBILITY,5,82,1120,N_30_99,0.6707317073170732,0.5633818520351263,0.7628003253707004,0.5535714285714286,0.11716027874564461,0.21164437450826123,0.023131011847254686,0.02702785201215263,-0.002888985073311974,0.048278470367083944,9.37085755211908,7.158161642931121,7.803449918062526,11.01741229769908,8.272982370937495,5.054629691859638,6.291611684291581,10.518943099576216,1.2314203293360688,1.0439136318704927,1.0562361021848257,1.411549411432375,1.147269415949939,0.7303617671768208,0.8610965573489694,1.4392137612993998
1D,DISCOVERY,OS,PROJECT_DYNAMIC_EXTREMA_V1,FORECAST_REALIZATION,COMMON_ELIGIBILITY,10,82,1115,N_30_99,0.6707317073170732,0.5633818520351263,0.7628003253707004,0.5739910313901345,0.09674067592693869,0.16854039634146356,0.041234236364656666,0.04147576270536124,0.004700474668521413,0.07404048057555539,14.626382064914088,10.498771990644341,12.37098797879131,16.919020969964105,10.453271041598628,6.389511655849015,8.305356445058866,12.85055738577819,2.073135160624899,1.4382299255001514,1.662556722939573,2.425345772255395,1.4747652938462188,0.8887148752844982,1.124510406486038,1.8258490603922255
1D,VALIDATION,OB,ATR_1X_PRICE_BAND_CONTROL_V1,FORECAST_REALIZATION,COMMON_ELIGIBILITY,1,25,374,N_LT_30,0.68,0.4840991373457672,0.8279501248310885,0.516042780748663,0.163957219251337,0.3177202072538863,-0.002662260085708672,-0.010822116027675355,-0.013878087178532995,0.010186217626515904,2.7760771872531302,2.4481250869088313,2.0892405466994948,3.65946807366126,2.8931899223961364,1.3491165991804408,1.9375089817205777,3.8787632276434936,0.570678590979533,0.49527233160548967,0.4102882127642822,0.7419045878917666,0.5987402039504715,0.328919244307208,0.38873876167182403,0.8215935179874304
1D,VALIDATION,OB,ATR_1X_PRICE_BAND_CONTROL_V1,FORECAST_REALIZATION,COMMON_ELIGIBILITY,3,25,372,N_LT_30,0.44,0.2666537494700257,0.6293298298043557,0.47043010752688175,-0.030430107526881744,-0.06468571428571435,0.011842712264430273,0.005704511098734821,-0.006798144028097198,0.03153412314966584,3.669611707538619,3.3672213260888038,2.8487685975543826,4.724936943053632,5.148481578896026,3.813149235434538,3.4056329597498034,7.160934602357568,0.7672064527412004,0.7022758925725217,0.5737582794374555,0.9731831401288339,1.0819283621829767,0.6171946352471278,0.7010869780791368,1.6361358763879887
1D,VALIDATION,OB,ATR_1X_PRICE_BAND_CONTROL_V1,FORECAST_REALIZATION,COMMON_ELIGIBILITY,5,25,370,N_LT_30,0.44,0.2666537494700257,0.6293298298043557,0.4702702702702703,-0.030270270270270294,-0.06436781609195408,0.0037248130953451987,0.003647377239335059,-0.03419511873247422,0.03612755187705015,5.693842536543111,4.423591744119115,3.6918191616465754,8.778403569143373,6.228711301249088,4.364848454182057,4.39890499216942,8.25393010300951,1.2307217534738586,0.814556152576007,0.7256122925529954,1.7542828227225782,1.3256624456278552,1.0073389870764322,0.8923710593403097,1.879268739737238
1D,VALIDATION,OB,ATR_1X_PRICE_BAND_CONTROL_V1,FORECAST_REALIZATION,COMMON_ELIGIBILITY,10,25,365,N_LT_30,0.48,0.30031003928960015,0.6650178204685269,0.4438356164383562,0.03616438356164381,0.08148148148148149,8.939244920203482e-05,0.0034717155503671826,-0.040682314052142066,0.039693596182690846,8.166211613985086,5.905937611050171,5.592210663271202,11.226642204370322,8.572352277242354,7.272843368878111,5.641351793092951,11.778793657637742,1.7466562250145834,1.2293648914373347,1.1836181806976884,2.379440523416205,1.9061237562633437,1.1677740650035355,1.1736280399550558,3.0421391934404527
1D,VALIDATION,OB,CAUSAL_DNO_QUANTILE_80_20_CONTROL_V1,FORECAST_REALIZATION,COMMON_ELIGIBILITY,1,28,374,N_LT_30,0.6428571428571429,0.4582997758222723,0.7929438802754113,0.516042780748663,0.12681436210847985,0.2457438934122873,0.00026264796748038625,-0.009876967526722069,-0.01090719402667787,0.012260287064280596,2.290035312735191,2.0846953899072074,1.6716387243438293,2.994327334216961,2.853772005208142,1.769103986077226,1.9425743264233497,3.829497853290806,0.45583613676797446,0.352566380533581,0.3318433374553192,0.6102215901774263,0.5744112613472315,0.3247862477802812,0.37481489995812356,0.7814804786082972
1D,VALIDATION,OB,CAUSAL_DNO_QUANTILE_80_20_CONTROL_V1,FORECAST_REALIZATION,COMMON_ELIGIBILITY,3,28,372,N_LT_30,0.42857142857142855,0.2650829618073123,0.6092952101438459,0.47043010752688175,-0.0418586789554532,-0.08897959183673476,0.010862315719237906,0.007368678907031634,-0.007576995399506917,0.02911544670848427,3.4929288714042492,3.3772277340002073,2.5615945725286315,4.612328109674114,5.21493303144719,4.090827002043971,3.818147118319032,6.885081839530988,0.7156416422691013,0.640564708421268,0.5013024470875063,0.971004838721702,1.0631536158686534,0.654511083452417,0.7423298725501808,1.402545316877893
1D,VALIDATION,OB,CAUSAL_DNO_QUANTILE_80_20_CONTROL_V1,FORECAST_REALIZATION,COMMON_ELIGIBILITY,5,28,370,N_LT_30,0.4642857142857143,0.29531303739659587,0.6418760485789833,0.4702702702702703,-0.005984555984555995,-0.01272577996715929,0.019935785379039613,0.008858650032405047,-0.018761544296041033,0.05457119009415353,5.330600321442453,4.1930614559937895,3.55451651133529,8.110290097206889,7.706892167293313,5.46296537828324,5.475255594670224,10.700433363077954,1.0625288887979274,0.744075210485355,0.6322446868987642,1.59560171571344,1.6369390383283338,1.030490889589865,1.0346246939680452,2.2841577397519908
1D,VALIDATION,OB,CAUSAL_DNO_QUANTILE_80_20_CONTROL_V1,FORECAST_REALIZATION,COMMON_ELIGIBILITY,10,28,365,N_LT_30,0.4642857142857143,0.29531303739659587,0.6418760485789833,0.4438356164383562,0.02045009784735813,0.046075837742504344,0.022289541416029186,0.009111270417880402,-0.02738240381773196,0.06721308518752023,8.09129968928544,6.148007751134472,5.476292147303685,11.150226737484926,10.42139895054197,7.539175857552046,7.152337109208129,13.935189890194827,1.5709095121817935,1.167633655846775,1.0564945030703496,2.194304327074888,2.4306501611651234,1.148875175119534,1.36665564560106,3.632198136470039
1D,VALIDATION,OB,PROJECT_DYNAMIC_EXTREMA_V1,FORECAST_REALIZATION,COMMON_ELIGIBILITY,1,25,374,N_LT_30,0.56,0.37067017019564436,0.7333462505299744,0.516042780748663,0.043957219251337,0.08518134715025938,0.00840743703869359,-0.0016468350613503269,-0.004681239045130022,0.021033522700629616,1.9476704536951974,1.8332425182328784,1.3192328841885905,2.6047240807055463,3.5271505969037786,2.591794419682944,2.4037126864453002,4.90265029859711,0.38593229982019395,0.3308527374704567,0.2704831968995527,0.5284140823771528,0.6819105533074361,0.5382028024976481,0.464468215316299,0.9021429267325608
1D,VALIDATION,OB,PROJECT_DYNAMIC_EXTREMA_V1,FORECAST_REALIZATION,COMMON_ELIGIBILITY,3,25,372,N_LT_30,0.44,0.2666537494700257,0.6293298298043557,0.47043010752688175,-0.030430107526881744,-0.06468571428571435,0.020134394089890737,0.005704511098734821,-0.006979421972488588,0.050909376436006674,3.171047359210462,2.934320480867906,2.1360550481135925,4.336716193757784,6.228865612426258,4.118773388894384,4.268319345781029,8.66282543847961,0.6477274573465097,0.5551776077481261,0.4145880161853365,0.9385467414521227,1.3011331615503214,0.6664339295431814,0.8808572528940947,1.797445433034831
1D,VALIDATION,OB,PROJECT_DYNAMIC_EXTREMA_V1,FORECAST_REALIZATION,COMMON_ELIGIBILITY,5,25,370,N_LT_30,0.56,0.37067017019564436,0.7333462505299744,0.4702702702702703,0.08972972972972976,0.19080459770114944,0.015626620133160418,-0.01747085383112079,-0.018888399208913383,0.05018188612257973,5.058339220712649,3.9625311678684647,3.4836696803907263,6.729208029274213,7.725981305449438,4.488089990367506,5.32382872717227,10.555283984476832,0.9335176631583881,0.830750235713451,0.6474862502797212,1.2608778596878043,1.764663461468169,0.8382509771094878,1.1268921115273896,2.472780505137386
1D,VALIDATION,OB,PROJECT_DYNAMIC_EXTREMA_V1,FORECAST_REALIZATION,COMMON_ELIGIBILITY,10,25,365,N_LT_30,0.56,0.37067017019564436,0.7333462505299744,0.4438356164383562,0.11616438356164388,0.2617283950617284,0.018723598444860406,-0.021715618868099584,-0.026143886123060792,0.06770478069426512,8.619796291281435,7.0206338213168475,6.280733273852674,11.392917789741048,10.965409978473733,4.488089990367506,7.171635383709077,14.993238015491793,1.5623030006227,1.57915729877029,1.1044231181512936,1.9971290564140964,2.637630514387364,0.913867286174998,1.5543158184255665,3.87111882430186
1D,VALIDATION,OS,ATR_1X_PRICE_BAND_CONTROL_V1,FORECAST_REALIZATION,COMMON_ELIGIBILITY,1,24,374,N_LT_30,0.5416666666666666,0.35074553553106635,0.7210894164831857,0.4839572192513369,0.05770944741532974,0.11924493554327809,-0.0004325267927300878,0.0027428722488923585,-0.023935718066925776,0.02242519537604812,3.103942293056915,1.9697151320634798,1.7053193648845877,5.0943970333093604,3.9546944149630776,2.0338968098866763,2.3695480040245456,5.633639764991982,0.4847375229270952,0.40801473728680904,0.30285526570621185,0.7110254085284142,0.5680756537879426,0.44568666435315685,0.37561624984044545,0.831839949264206
1D,VALIDATION,OS,ATR_1X_PRICE_BAND_CONTROL_V1,FORECAST_REALIZATION,COMMON_ELIGIBILITY,3,24,372,N_LT_30,0.4583333333333333,0.27891058351681425,0.6492544644689338,0.5295698924731183,-0.07123655913978494,-0.13451776649746194,-0.012485873291114174,-0.0030269978484676607,-0.05539824376851089,0.02422070651304998,5.4784535979510345,3.211408849485164,3.1829502404210723,8.010152135301501,7.974098808584389,5.049806727653638,5.044691645001597,11.472178047762913,0.8686170877862254,0.5044996893104273,0.5827834861658183,1.192998364698887,1.0895438791080188,0.7392545297812689,0.7234545568527186,1.5292275574253766
1D,VALIDATION,OS,ATR_1X_PRICE_BAND_CONTROL_V1,FORECAST_REALIZATION,COMMON_ELIGIBILITY,5,24,370,N_LT_30,0.5,0.31427131627763083,0.6857286837223692,0.5297297297297298,-0.02972972972972976,-0.056122448979591844,-0.018986469637231777,0.0006318919460652217,-0.06971838794231823,0.026441439136444235,6.7836995121416805,5.211161664423963,4.1595126220287275,9.515971750213051,10.045421167640091,5.791017223058025,6.257008732706919,14.073054559652517,1.1055806488343591,0.7234743990588468,0.7413928396612895,1.5910400579001616,1.4402614200219102,1.0918342143762603,0.971260382523112,1.9702164798643709
1D,VALIDATION,OS,ATR_1X_PRICE_BAND_CONTROL_V1,FORECAST_REALIZATION,COMMON_ELIGIBILITY,10,22,365,N_LT_30,0.45454545454545453,0.26920014432004846,0.6534052671095845,0.5561643835616439,-0.10161892901618935,-0.18271383788625173,-0.012271488587221525,-0.011537835622437986,-0.06528224289213568,0.03755019908212516,8.736963171477008,6.184868687744519,5.627730019879855,11.961394652298322,12.988230038742115,8.41224793741029,8.332344961925443,17.880639961875858,1.4082974062587903,1.1537055059808858,0.929791203485352,2.012583807918021,1.8825604722509859,1.3764095089187947,1.2523626886998185,2.4996721753340525
1D,VALIDATION,OS,CAUSAL_DNO_QUANTILE_80_20_CONTROL_V1,FORECAST_REALIZATION,COMMON_ELIGIBILITY,1,34,374,N_30_99,0.5588235294117647,0.3945361778918369,0.7111675978470325,0.4839572192513369,0.07486631016042783,0.15469613259668513,-0.00017161941000318366,0.004640493917910771,-0.018770903093272468,0.016919257868204578,2.959142606454474,2.085349961354758,1.987663425221944,4.040567339238963,3.4486792836892164,2.680395315003489,2.2563355264462124,4.652379684290611,0.4809465052847279,0.4278492083292356,0.3650460711030482,0.6234708092525671,0.5472249696032598,0.3924653421621455,0.3755330042160903,0.7517290039559001
1D,VALIDATION,OS,CAUSAL_DNO_QUANTILE_80_20_CONTROL_V1,FORECAST_REALIZATION,COMMON_ELIGIBILITY,3,34,372,N_30_99,0.5294117647058824,0.3673644042005483,0.6854874836688863,0.5295698924731183,-0.00015812776723589383,-0.00029859659599873467,-0.008204929119266506,0.001792447913192996,-0.03696254834204911,0.016746653372682992,4.582876044305373,3.211408849485164,3.294961275881051,5.937993683054031,6.678441158585625,5.009024594018919,4.267727682747682,9.111138975307401,0.7685355320148157,0.5523362569007986,0.5761818130608696,0.9602850577296193,1.0327758066078798,0.737719841824502,0.7310965647621286,1.3545660290047605
1D,VALIDATION,OS,CAUSAL_DNO_QUANTILE_80_20_CONTROL_V1,FORECAST_REALIZATION,COMMON_ELIGIBILITY,5,34,370,N_30_99,0.5294117647058824,0.3673644042005483,0.6854874836688863,0.5297297297297298,-0.00031796502384739966,-0.0006002400960384291,-0.003405292648325871,0.011686718092587811,-0.037131537908378545,0.029224509026484255,6.055001075887468,5.211161664423963,4.470741656643269,7.936969946110311,7.7772064149228095,5.55349875764243,5.007906586237099,10.9784504194876,1.063675427318695,0.7715508363060257,0.7706028796590101,1.3968923170966097,1.243368236420399,0.9947163705303008,0.909187792161895,1.6220667114813114
1D,VALIDATION,OS,CAUSAL_DNO_QUANTILE_80_20_CONTROL_V1,FORECAST_REALIZATION,COMMON_ELIGIBILITY,10,32,365,N_30_99,0.5,0.33630614316859386,0.6636938568314061,0.5561643835616439,-0.05616438356164388,-0.10098522167487689,-0.00023962836855024108,-0.005648377465295784,-0.03844542034822154,0.04313671161564457,8.422872593841603,6.298514479884411,5.729536753966304,11.136986807279879,10.131100518929756,5.9683493276374655,6.782924499390372,13.975593881845265,1.4366309654618385,1.040829889964988,1.0380860183373999,1.9230829661743025,1.6256410854349652,1.1814082081336523,1.1762464390491973,2.166434668928707
1D,VALIDATION,OS,PROJECT_DYNAMIC_EXTREMA_V1,FORECAST_REALIZATION,COMMON_ELIGIBILITY,1,29,374,N_LT_30,0.5172413793103449,0.3443073797056916,0.6861418066920478,0.4839572192513369,0.03328416005900797,0.06877500476281195,-0.010158022843950449,0.0007022431816754438,-0.032520273169606914,0.006173112752995589,2.5048261028924306,1.5910443036247353,1.786239483987445,3.2817260915746522,3.949101126340534,2.9205122184694785,2.3287018599115554,5.7855267620456345,0.42269167953640696,0.36717528305642916,0.30730882476712734,0.565087609040164,0.6064443163280929,0.4931963701604385,0.3897008230297361,0.8555768147349403
1D,VALIDATION,OS,PROJECT_DYNAMIC_EXTREMA_V1,FORECAST_REALIZATION,COMMON_ELIGIBILITY,3,29,372,N_LT_30,0.4827586206896552,0.3138581933079522,0.6556926202943085,0.5295698924731183,-0.04681127178346306,-0.08839488884999114,-0.014594912894479815,-0.0023001688489598937,-0.03898364994460795,0.00895067470185729,4.064989224584049,2.803321820659397,2.7571413545245664,5.259156414989348,7.644058274254172,5.303882511606511,4.867352412193353,10.73514694681116,0.6890726053599482,0.4830160667239783,0.5057009680135978,0.9082754078863663,1.1381257469844395,0.7613961167774133,0.8288735186253559,1.4896232274316308
1D,VALIDATION,OS,PROJECT_DYNAMIC_EXTREMA_V1,FORECAST_REALIZATION,COMMON_ELIGIBILITY,5,29,370,N_LT_30,0.4827586206896552,0.3138581933079522,0.6556926202943085,0.5297297297297298,-0.046971109040074566,-0.08866995073891626,-0.017237618305210187,-0.005440199024360992,-0.053765530927708485,0.016517608121015815,5.481243633942225,4.84893675780171,3.77146417622393,7.3302444965090885,8.619042569589636,5.821732447119441,5.725067409218459,11.72376988790099,0.9633409117553138,0.7001261878327206,0.6606358931802646,1.3343928168048174,1.3429247086609797,1.0361406227620638,0.9894157645646189,1.6964279836635447
1D,VALIDATION,OS,PROJECT_DYNAMIC_EXTREMA_V1,FORECAST_REALIZATION,COMMON_ELIGIBILITY,10,28,365,N_LT_30,0.5,0.3263284683244634,0.6736715316755366,0.5561643835616439,-0.05616438356164388,-0.10098522167487689,-0.015272162304577409,-0.005696798308661155,-0.05738944876808007,0.03255908992774369,7.899530877535687,5.836452712079602,5.2972201613705865,10.383964134135457,12.151546490067881,9.385340156864178,8.479501957216177,16.1987667693049,1.395744972615207,0.9424030707469091,0.9695941259167329,1.9331122453099159,1.9360683165727566,1.419644784547484,1.4337429316802095,2.53674886028165
1H,DISCOVERY,OB,ATR_1X_PRICE_BAND_CONTROL_V1,FORECAST_REALIZATION,COMMON_ELIGIBILITY,1,1325,26056,N_GE_100,0.5033962264150943,0.47650330005048297,0.5302695162129452,0.4912879950875038,0.01210823132759048,0.024645892935840852,0.0008382404039914949,-8.338660811069154e-05,0.00017659592547900337,0.0014159437498301472,0.7500050938873272,0.5347593582887735,0.7035247505312531,0.8150492287191241,0.9053767251231511,0.5968708953956804,0.851914336758481,0.9670980524148571,0.5539776695161814,0.43761546938862983,0.5250334278253026,0.5887940881528199,0.7093615516739196,0.4921324412239144,0.6690942392401372,0.7520237766086721
1H,DISCOVERY,OB,ATR_1X_PRICE_BAND_CONTROL_V1,FORECAST_REALIZATION,COMMON_ELIGIBILITY,3,1325,26054,N_GE_100,0.5064150943396226,0.4795150286340655,0.5332780687524101,0.4836493436708375,0.022765750668785112,0.047070777551347254,0.0007439708523528841,-0.0001572574304136154,-0.00012723145491071118,0.0016687912487279265,1.2209757075445644,0.8181112301599406,1.1485947159491323,1.303735052514126,1.4167766401176023,1.0017942583732085,1.3414009094333406,1.496932292755813,0.8973302200408988,0.6857301311768806,0.8521920239142144,0.9457911555436428,1.117038627794283,0.786155941583284,1.05742977852026,1.1711261584621453
1H,DISCOVERY,OB,ATR_1X_PRICE_BAND_CONTROL_V1,FORECAST_REALIZATION,COMMON_ELIGIBILITY,5,1325,26052,N_GE_100,0.4928301886792453,0.46596994582900997,0.5197318865037526,0.4809995393827729,0.011830649296472373,0.024595968037004035,0.0011225466299259936,5.066369439665763e-05,4.2222363211059024e-05,0.0022111759429175736,1.5611227636163538,1.0737204570355354,1.465804048113155,1.657182059739051,1.7621762038060351,1.2704842570429078,1.6633356519653058,1.859087967217491,1.1477128370441454,0.8483383597492283,1.0889729006304747,1.2105572846716641,1.402416439360366,0.9943499252597295,1.3329099188760432,1.4729580409034222
1H,DISCOVERY,OB,ATR_1X_PRICE_BAND_CONTROL_V1,FORECAST_REALIZATION,COMMON_ELIGIBILITY,10,1325,26047,N_GE_100,0.45132075471698113,0.4247051013075883,0.4782178655832736,0.4794026183437632,-0.028081863626782055,-0.058576784006309945,0.0030973057733782224,0.0024860161591051533,0.001473800943632924,0.004733246453175715,2.184050710159152,1.4211695040710492,2.0673600888160726,2.316971913663253,2.44642417072242,1.802842550924651,2.3107968666958913,2.572902905934179,1.6262542192229914,1.1329506199044832,1.537138352854225,1.7161420303541315,1.9523264483637444,1.4165528603498518,1.850647047865056,2.0504697101346543
1H,DISCOVERY,OB,CAUSAL_DNO_QUANTILE_80_20_CONTROL_V1,FORECAST_REALIZATION,COMMON_ELIGIBILITY,1,2435,26056,N_GE_100,0.5433264887063655,0.5234885358888042,0.5630279480025646,0.4912879950875038,0.05203849361886165,0.1059225833710693,0.00014518160612963455,-0.0007500375018751892,-0.00030240897672499797,0.0005621595098883223,0.7013025970984998,0.5085156186939991,0.6709791191835002,0.733629580113272,0.7604102989163677,0.49122626889424187,0.7259155137218051,0.7982283665629587,0.5094041326312667,0.40566323265115994,0.49253099726430083,0.5276517909686506,0.5753905695892216,0.39284326152437427,0.5462123022531601,0.5998883736067413
1H,DISCOVERY,OB,CAUSAL_DNO_QUANTILE_80_20_CONTROL_V1,FORECAST_REALIZATION,COMMON_ELIGIBILITY,3,2435,26054,N_GE_100,0.5375770020533881,0.5177296126951827,0.5573060107745826,0.4836493436708375,0.05392765838255059,0.11150156428053126,0.00022110113611684563,-0.0010064324158752802,-0.00046572720215623905,0.000895358215881138,1.2133990625235362,0.8385295486272676,1.1600720119022565,1.268875853442336,1.241861379244392,0.8350505287316661,1.1893970187271936,1.300936706377078,0.8745294302410932,0.6726778888941664,0.8414939382939116,0.9050990293922888,0.9476329482914595,0.6425227628657472,0.903762855504202,0.9887327653077973
1H,DISCOVERY,OB,CAUSAL_DNO_QUANTILE_80_20_CONTROL_V1,FORECAST_REALIZATION,COMMON_ELIGIBILITY,5,2435,26052,N_GE_100,0.5318275154004107,0.511973331707299,0.5515814313408631,0.4809995393827729,0.05082797601763783,0.10567156900578567,5.8438034105969376e-05,-0.0010237145705739303,-0.0008543695683759691,0.0009155416038538592,1.5864891214066046,1.1063829787233979,1.5183842110010284,1.6550155268163242,1.566308460924131,1.0457105308774879,1.5048491650472307,1.6324819064953118,1.1494841117598305,0.8973733118416797,1.107839983220817,1.1904378083009421,1.212469559128896,0.8017508774368042,1.1599125105096615,1.26338922670061
1H,DISCOVERY,OB,CAUSAL_DNO_QUANTILE_80_20_CONTROL_V1,FORECAST_REALIZATION,COMMON_ELIGIBILITY,10,2435,26047,N_GE_100,0.4833675564681725,0.46356048932692223,0.5032270215962964,0.4794026183437632,0.00396493812440929,0.008270580870224142,0.001783346207809454,0.0006158741563806469,0.0005325769347170053,0.0029668279624013283,2.2519630608409216,1.5368555355796587,2.1564943754076458,2.350186810230399,2.255845727135631,1.5858809050988676,2.1657697886540657,2.3471533893420458,1.6531364432219615,1.203325319726809,1.5913026581567933,1.7207060907265748,1.7441657168296791,1.2110401437874558,1.6731360413124876,1.816921296838738
1H,DISCOVERY,OB,PROJECT_DYNAMIC_EXTREMA_V1,FORECAST_REALIZATION,COMMON_ELIGIBILITY,1,2145,26056,N_GE_100,0.5286713286713287,0.5075138757676334,0.5497262670144125,0.4912879950875038,0.037383333583824896,0.07609250369972198,0.000482842928783662,-0.0003825902698999517,2.7664376435892662e-05,0.0008761609772014546,0.6696413764419104,0.4927991843323831,0.6371811085760217,0.7009948390197972,0.7699051259239847,0.5034160373966176,0.7370002513472264,0.8031171562692038,0.4918564257181602,0.404051599730881,0.47387082367949923,0.5133520212955347,0.6003601163384727,0.4021237644820726,0.5772229649187831,0.631599841625788
1H,DISCOVERY,OB,PROJECT_DYNAMIC_EXTREMA_V1,FORECAST_REALIZATION,COMMON_ELIGIBILITY,3,2145,26054,N_GE_100,0.531934731934732,0.5107798078966053,0.5529754730882752,0.4836493436708375,0.048285388263894446,0.09983552938873941,0.00020454270869080588,-0.0007735661399048688,-0.0005499336473931245,0.000912887786251529,1.1883094385691921,0.8187879109413401,1.1299805459254821,1.244094910800897,1.2562709721433332,0.8467792897164726,1.202715055919254,1.3109792014062032,0.8688215652377862,0.6646456134923007,0.8339257896417839,0.9049953367319802,0.9811500286640829,0.665336826768552,0.9409915617403204,1.0253055771206874
1H,DISCOVERY,OB,PROJECT_DYNAMIC_EXTREMA_V1,FORECAST_REALIZATION,COMMON_ELIGIBILITY,5,2145,26052,N_GE_100,0.5272727272727272,0.5061144671883315,0.5483334735067853,0.4809995393827729,0.046273187889954326,0.09620214595076937,0.00036290544478656675,-0.0010209290454313846,-0.0005608448842208903,0.001244659782819751,1.5559493309149108,1.0589418181180479,1.4802491225641774,1.6331409476297858,1.5990809375522737,1.1011976529217946,1.5281772308219324,1.6704554878569993,1.1502077555040304,0.8592877214822071,1.0964101272243088,1.2063040283398578,1.2618011060117902,0.8583149186424934,1.2114325728425108,1.3192490764158087
1H,DISCOVERY,OB,PROJECT_DYNAMIC_EXTREMA_V1,FORECAST_REALIZATION,COMMON_ELIGIBILITY,10,2145,26047,N_GE_100,0.49696969696969695,0.47583458239762183,0.5181156464140318,0.4794026183437632,0.017567078625933763,0.03664368519017347,0.0015287500748862187,0.00011798296326004376,0.0001592889017285735,0.0027939635430909537,2.221038222365897,1.520029112896455,2.1140749141098496,2.310452424359585,2.2514860834140498,1.5824400204185778,2.1541805376215737,2.3619854514863436,1.6517243914949071,1.203325319726809,1.5865617814167736,1.7202251409094615,1.7721871943749496,1.223347166508752,1.6998936531808357,1.8580836986129718
1H,DISCOVERY,OS,ATR_1X_PRICE_BAND_CONTROL_V1,FORECAST_REALIZATION,COMMON_ELIGIBILITY,1,1270,26056,N_GE_100,0.5543307086614173,0.5268709862160931,0.5814627343972077,0.5063708934602394,0.04795981520117787,0.09471281983340085,0.0004517826351283469,0.0011964448194445865,-0.00030409298950989183,0.0012036258958707596,0.935238664935199,0.6306473603706313,0.867048132028751,1.0099305104988263,1.2428960397040982,0.7406368564973209,1.1439760867604811,1.3437644026105968,0.5798426514383948,0.5052395737093289,0.5526110919650282,0.603283616147734,0.8218289452458134,0.578816952940721,0.7761734160484521,0.8773702852814578
1H,DISCOVERY,OS,ATR_1X_PRICE_BAND_CONTROL_V1,FORECAST_REALIZATION,COMMON_ELIGIBILITY,3,1270,26054,N_GE_100,0.5622047244094488,0.534771840025044,0.5892624198075757,0.5151992016580947,0.047005522751354056,0.09123756908021896,0.0013910153676521852,0.001951569070479886,0.00026178445658015854,0.0024354987944674826,1.4841859260589318,0.9681178448853152,1.3803330737797146,1.591544671592322,1.8428980705432032,1.1504836049313845,1.7116510254685573,1.9856797678017089,0.9434724529793421,0.7685735726855072,0.9041158329282228,0.9895626570473264,1.2252798526952835,0.8630009876951488,1.160452786885894,1.2971431388216461
1H,DISCOVERY,OS,ATR_1X_PRICE_BAND_CONTROL_V1,FORECAST_REALIZATION,COMMON_ELIGIBILITY,5,1270,26052,N_GE_100,0.5614173228346456,0.5339814425854938,0.5884827633251939,0.5181559957009059,0.04326132713373976,0.08349093225336612,0.0016177778477301965,0.0023868691199764314,0.00011728458402392579,0.0032041608009644876,1.852571703419877,1.321820497175625,1.7280449447342692,1.9735750143031376,2.292029142224977,1.4739260384623614,2.1327699586724673,2.455206795802229,1.1838066831989429,0.9707302939489609,1.133544187588968,1.236276793740669,1.5489132237848688,1.0700068949763675,1.468978184447474,1.6451577124498271
1H,DISCOVERY,OS,ATR_1X_PRICE_BAND_CONTROL_V1,FORECAST_REALIZATION,COMMON_ELIGIBILITY,10,1270,26047,N_GE_100,0.5354330708661418,0.5079370727285405,0.5627153537583948,0.5196375782239797,0.015795492642162068,0.030397133125260156,0.001029432615702353,0.0019146506985214806,-0.0009949792070536505,0.002859535142254437,2.5157072889334633,1.7471830720323145,2.3779509300624415,2.668592672121268,3.0389732699456955,1.9161974434444993,2.843455443548836,3.251525786591104,1.6534832616918351,1.3121896114895235,1.5846073553473223,1.7227283223489456,2.0594668113580274,1.4396351820925968,1.9593691853878221,2.1753942271628572
1H,DISCOVERY,OS,CAUSAL_DNO_QUANTILE_80_20_CONTROL_V1,FORECAST_REALIZATION,COMMON_ELIGIBILITY,1,2468,26056,N_GE_100,0.5644246353322528,0.5447772413086509,0.5838717789198298,0.5063708934602394,0.0580537418720134,0.11464668017410795,-0.00010136566137577563,0.001178617519965286,-0.0005415572703766525,0.0003562288626112249,0.7262599174568153,0.5265187047061404,0.6981202443461866,0.7551504547687726,0.9753682209505987,0.5615693240220452,0.9206585654876195,1.0300744873167265,0.5101007397935,0.4404774707675243,0.49405861214047453,0.5260014615530777,0.6945828953457012,0.46968874309447795,0.660358679480288,0.7308407326661341
1H,DISCOVERY,OS,CAUSAL_DNO_QUANTILE_80_20_CONTROL_V1,FORECAST_REALIZATION,COMMON_ELIGIBILITY,3,2468,26054,N_GE_100,0.5660453808752026,0.5464038629407552,0.5854816106268069,0.5151992016580947,0.05084617921710788,0.09869227097687028,0.0005954119724701809,0.0016025831669392865,-0.00012118645718563129,0.001307711245504772,1.2506868357539829,0.8661261351369842,1.2014249729357804,1.2995231075534885,1.530797725550709,0.9094281343498345,1.4480149371395115,1.6164309944407609,0.8874781121872779,0.7200862173520628,0.8581651529155042,0.9147645773335789,1.1095223697851087,0.7344908953494114,1.0542112432708075,1.1580808661560382
1H,DISCOVERY,OS,CAUSAL_DNO_QUANTILE_80_20_CONTROL_V1,FORECAST_REALIZATION,COMMON_ELIGIBILITY,5,2467,26052,N_GE_100,0.5569517632752331,0.5372760163051638,0.5764504160165198,0.5181559957009059,0.03879576757432723,0.0748727562668623,0.0007640373547469978,0.00198281559814939,-0.0002796265933774663,0.0017901549059844556,1.6334983512228107,1.1402671755725262,1.5656490348188212,1.6986311986457667,1.95414151384841,1.191366598995629,1.86233439244684,2.0697164382961555,1.1569614325109618,0.9267755127913903,1.1168315672627638,1.1963846165218994,1.420495687398151,0.9786563353264565,1.3570654938320241,1.4919393783410808
1H,DISCOVERY,OS,CAUSAL_DNO_QUANTILE_80_20_CONTROL_V1,FORECAST_REALIZATION,COMMON_ELIGIBILITY,10,2466,26047,N_GE_100,0.5389294403892944,0.5192093548670053,0.558528423944397,0.5196375782239797,0.019291862165314644,0.03712561018248617,0.000577588291559041,0.002051567380055408,-0.0008335609336829592,0.0019516451601601027,2.2683320320298703,1.6239313100293713,2.175942398638047,2.357062877074741,2.6789684568209178,1.7304472327329992,2.5532666075318313,2.816301628704395,1.6459989306899367,1.299158860275115,1.5878624720940477,1.701172918208906,1.994627936893091,1.3653416130253961,1.9061731620016709,2.085267587476862
1H,DISCOVERY,OS,PROJECT_DYNAMIC_EXTREMA_V1,FORECAST_REALIZATION,COMMON_ELIGIBILITY,1,2047,26056,N_GE_100,0.5593551538837322,0.5377565645788656,0.5807313771519829,0.5063708934602394,0.0529842604234928,0.10463528039976722,5.0783019895676725e-05,0.0011781569115076884,-0.00043485650894486375,0.0005242492990732399,0.7597065291734287,0.5508011653313818,0.7218297121693527,0.7943883748881164,1.0258566706232333,0.5897402322700118,0.9697721935070445,1.0898572647084812,0.5259533549742784,0.4556709078343414,0.5066984229832268,0.5454365712701609,0.721372069422732,0.4892880007761433,0.6869752993298253,0.7622056722396764
1H,DISCOVERY,OS,PROJECT_DYNAMIC_EXTREMA_V1,FORECAST_REALIZATION,COMMON_ELIGIBILITY,3,2047,26054,N_GE_100,0.5666829506595017,0.5451108542789437,0.5880052284063305,0.5151992016580947,0.05148374900140695,0.09992979188576756,0.0005000938577143167,0.0015949173542826323,-0.000226349796469048,0.0011922162484991363,1.264372310177325,0.8809206240888345,1.208121188513346,1.3196983166776488,1.5825412820492744,0.9337668229245314,1.4982768061601826,1.6781491829544342,0.8944573415512541,0.7305094465030908,0.8632318863289561,0.930870364581903,1.1219655736199388,0.7575554037714556,1.065508253126861,1.1815084501819626
1H,DISCOVERY,OS,PROJECT_DYNAMIC_EXTREMA_V1,FORECAST_REALIZATION,COMMON_ELIGIBILITY,5,2046,26052,N_GE_100,0.5679374389051809,0.5463650637468052,0.5892551714947862,0.5181559957009059,0.04978144320427502,0.09607423945164628,0.0008808756613767857,0.0022366733972049024,-8.087999063687111e-05,0.001923230013835358,1.6478340423966527,1.1680575418276442,1.5759540260607563,1.7363828190750694,1.9879589874665118,1.190518662601111,1.8783362843809144,2.100099898337347,1.1632466869347788,0.9510755644820073,1.1224378783918656,1.207774531438972,1.4260208755830057,0.988555054721206,1.3534928377380395,1.4946652301907963
1H,DISCOVERY,OS,PROJECT_DYNAMIC_EXTREMA_V1,FORECAST_REALIZATION,COMMON_ELIGIBILITY,10,2046,26047,N_GE_100,0.5434995112414467,0.5218544903241911,0.5649814876362522,0.5196375782239797,0.023861933017466974,0.0459203375918702,0.00036934022784858756,0.0023734076582421215,-0.0010029437819970746,0.001782895786426453,2.302226721077456,1.6724527786362602,2.2067509873082587,2.4115431577016984,2.7379532697885316,1.6714455058797055,2.603728147594295,2.8885266680918877,1.6727318683061445,1.3432933752725837,1.6084220039991237,1.7401962675720801,2.0093108640309287,1.3614866443056792,1.9118495103842652,2.112669014355485
1H,VALIDATION,OB,ATR_1X_PRICE_BAND_CONTROL_V1,FORECAST_REALIZATION,COMMON_ELIGIBILITY,1,436,8948,N_GE_100,0.5573394495412844,0.5104161468729155,0.6032611405869338,0.5035762181493071,0.05376323139197736,0.10676284831234217,2.949129982066854e-05,-0.000719762212859465,-0.0008622906943282279,0.0009326293142850466,0.6206686109932741,0.3881011083029944,0.5510919105069761,0.6873578403215763,0.7856063428985582,0.533065875176469,0.6967479274118709,0.8863136990507654,0.6115751142778849,0.42614787152229416,0.5492970765549205,0.6782637208309287,0.786963492148151,0.5479977991111862,0.7047616293133431,0.872913104798066
1H,VALIDATION,OB,ATR_1X_PRICE_BAND_CONTROL_V1,FORECAST_REALIZATION,COMMON_ELIGIBILITY,3,436,8946,N_GE_100,0.5389908256880734,0.49206325095193076,0.5852373045207667,0.49586407332886207,0.04312675235921137,0.08697293205714729,0.0005384196231690082,-0.000614129006912878,-0.001159664724406449,0.0021811703107648826,1.0196924869552775,0.6522624553786455,0.9004001935877224,1.1525457715022285,1.2438880186195858,0.7805399729678149,1.0997302534602713,1.389966986245922,0.9965682891578085,0.6794514142276536,0.9036199718810448,1.1067594513665828,1.2471735512834279,0.8239969336935715,1.099809111683614,1.383961939519208
1H,VALIDATION,OB,ATR_1X_PRICE_BAND_CONTROL_V1,FORECAST_REALIZATION,COMMON_ELIGIBILITY,5,436,8944,N_GE_100,0.5252293577981652,0.478339929008881,0.5716780774734527,0.4991055456171735,0.026123812180991635,0.05234125809739898,0.0005739106439924979,-0.0010175271914439343,-0.0012259332998150717,0.002606059814685739,1.2873513563560852,0.8358873706707591,1.1409303080605278,1.4391320391864788,1.5438049079481528,0.9876295524380941,1.3500184993517588,1.7170906419219534,1.2607323414066158,0.8481871967852193,1.1382839021007272,1.3896383460794652,1.5808339885281042,0.9882480791519346,1.3946379711095616,1.755160186816662
1H,VALIDATION,OB,ATR_1X_PRICE_BAND_CONTROL_V1,FORECAST_REALIZATION,COMMON_ELIGIBILITY,10,436,8939,N_GE_100,0.5068807339449541,0.4600969447591297,0.5535443297360523,0.5120259536860946,-0.005145219741140461,-0.010048747927912327,0.0008325890172917636,-7.116951756941381e-05,-0.0013380458856825333,0.0032241883032098112,1.7984182847695864,1.1750571710654365,1.6261270776850094,1.9742571219264065,2.032760281250104,1.239850187162003,1.8246411760323042,2.251926039549413,1.8038027214187715,1.2536564463037712,1.6329200690567864,1.9814319947400194,2.0787648631990554,1.3460133637929848,1.8569968556331906,2.3084445216973215
1H,VALIDATION,OB,CAUSAL_DNO_QUANTILE_80_20_CONTROL_V1,FORECAST_REALIZATION,COMMON_ELIGIBILITY,1,789,8948,N_GE_100,0.5893536121673004,0.5546738979466931,0.6231674262219681,0.5035762181493071,0.08577739401799334,0.170336467304262,4.913082047837018e-05,-0.000800999456037732,-0.0006226037353127586,0.0007934818309289755,0.5445564505624545,0.33207220518331476,0.49669825785037924,0.5970595435777808,0.6578580400202236,0.3842678220037628,0.597671729340546,0.7203688103125013,0.5244684748427717,0.39365569635052755,0.4865241972255203,0.5634712273809092,0.6653861839927053,0.43078400238879405,0.6137306183405359,0.7218332458634014
1H,VALIDATION,OB,CAUSAL_DNO_QUANTILE_80_20_CONTROL_V1,FORECAST_REALIZATION,COMMON_ELIGIBILITY,3,789,8946,N_GE_100,0.532319391634981,0.4974309283099051,0.5668946570276957,0.49586407332886207,0.03645531830611892,0.0735187731214022,0.0005013716796052957,-0.0006845924568442685,-0.0007118743791690613,0.0017432575557652724,0.9755439744113318,0.5899639507598489,0.8940642832956734,1.0666936338784663,1.1316937528310904,0.6589051275699792,1.0414301334929719,1.2293247627805988,0.9699330502516362,0.6618163797753869,0.897976897073061,1.0466193115899327,1.1693884475898824,0.7416777606705175,1.0850799663078148,1.2682973854008326
1H,VALIDATION,OB,CAUSAL_DNO_QUANTILE_80_20_CONTROL_V1,FORECAST_REALIZATION,COMMON_ELIGIBILITY,5,789,8944,N_GE_100,0.5183776932826363,0.4835077537456669,0.5530695398776748,0.4991055456171735,0.019272147665462758,0.03861337112900953,0.0006344557307832294,-0.0005589856950479755,-0.0008577256149284619,0.0021119534711678874,1.2689129736793467,0.7757963497212297,1.1661352075580396,1.376598308297848,1.4529847353855656,0.860518717390198,1.3372446908134132,1.5753389803411324,1.2707726868458609,0.8774002921202184,1.1764361407056367,1.36901461732643,1.5555283730737752,0.9387019499493069,1.4329121726219227,1.6987334009069261
1H,VALIDATION,OB,CAUSAL_DNO_QUANTILE_80_20_CONTROL_V1,FORECAST_REALIZATION,COMMON_ELIGIBILITY,10,787,8939,N_GE_100,0.5184243964421855,0.4835101720235072,0.5531596237990696,0.5120259536860946,0.006398442756090916,0.012496325059361268,0.0007342619581772065,-0.0008383645634559844,-0.0012226739442494354,0.0026627968392261047,1.813247697044745,1.1574911913960122,1.6759398198028406,1.9720650711689007,1.9430461467595272,1.1518536557595869,1.7911449953344827,2.127738847705212,1.8324082158796313,1.2841334431994207,1.7037498362853771,1.9767704735902325,2.0552669134803,1.364907301232295,1.901766476633983,2.227227110717266
1H,VALIDATION,OB,PROJECT_DYNAMIC_EXTREMA_V1,FORECAST_REALIZATION,COMMON_ELIGIBILITY,1,661,8948,N_GE_100,0.5537065052950075,0.5156074980114326,0.5911848567389321,0.5035762181493071,0.05013028714570045,0.09954855956052544,0.00031895157118100044,-0.0005904198475535916,-0.0002539745271757911,0.0009774820211298542,0.505984508859098,0.33868451238672104,0.464171819399553,0.5611356499790275,0.6607950846798303,0.4198556417632373,0.6023339042303065,0.7282401011303513,0.5079396631117576,0.3786488881160099,0.46593769602467644,0.5542054032608726,0.6675411831661549,0.46466065888743224,0.6145326345057239,0.7232803478844414
1H,VALIDATION,OB,PROJECT_DYNAMIC_EXTREMA_V1,FORECAST_REALIZATION,COMMON_ELIGIBILITY,3,661,8946,N_GE_100,0.5431164901664145,0.5050008144765387,0.5807338928582612,0.49586407332886207,0.047252416837552436,0.09529308409124071,0.000511846140735048,-0.0007276354301225529,-0.0006620735726590272,0.001827714289561114,0.9291092722607563,0.5854233790300446,0.8411847354357572,1.037658083470767,1.138367418279172,0.6806872190661241,1.0346678297198286,1.2532175155245497,0.9523292755303766,0.6236832814631971,0.8656799963736111,1.0507323248790126,1.1513259578464612,0.7767349558659589,1.0607758376272405,1.2532296033030426
1H,VALIDATION,OB,PROJECT_DYNAMIC_EXTREMA_V1,FORECAST_REALIZATION,COMMON_ELIGIBILITY,5,661,8944,N_GE_100,0.5143721633888049,0.47629743503916233,0.5522808007391043,0.4991055456171735,0.015266617771631352,0.030587954603376044,0.0010024965940525219,-0.0003923231223857959,-0.0004864862691359056,0.0026742236304510537,1.2081648520636108,0.767158992180706,1.0949809294152288,1.3353039867184868,1.490076544557635,0.9175791792040321,1.3602511365876895,1.6284671104307729,1.2403147535485866,0.8388515164255854,1.1414864605345263,1.3632678087717767,1.5290475045894927,0.9984249979110306,1.409624680013664,1.6609505325293263
1H,VALIDATION,OB,PROJECT_DYNAMIC_EXTREMA_V1,FORECAST_REALIZATION,COMMON_ELIGIBILITY,10,660,8939,N_GE_100,0.5212121212121212,0.48308750144976237,0.5590912351645144,0.5120259536860946,0.009186167526026634,0.017940824014671675,0.0006349525948545349,-0.0009206087301182886,-0.0014276968293685922,0.002869357091953464,1.8199665563104217,1.103389198853325,1.6732930264790615,1.9711463512357708,1.979485452560537,1.212735364216961,1.8083486921310905,2.1480953486089986,1.858020705594579,1.2494315588792615,1.7153966041805002,2.028580535547599,2.0437944892553372,1.384398301320076,1.8749243298364116,2.220795166864988
1H,VALIDATION,OS,ATR_1X_PRICE_BAND_CONTROL_V1,FORECAST_REALIZATION,COMMON_ELIGIBILITY,1,456,8948,N_GE_100,0.5504385964912281,0.5045477901050694,0.5954866565391663,0.4957532409476978,0.05468535554353027,0.11030761077626439,-0.0006470045093529645,0.0007395102490820316,-0.0016029144780501478,0.000275433905178441,0.5953535096664015,0.45280645537711794,0.54474956290851,0.6480257088893467,0.8535531006383595,0.5088002006319979,0.759162936092759,0.9497731774488503,0.5543771328116872,0.4758670151649768,0.5082043907680802,0.5987538716897635,0.7789160830554447,0.5546305635774196,0.706277306291443,0.8510606580666015
1H,VALIDATION,OS,ATR_1X_PRICE_BAND_CONTROL_V1,FORECAST_REALIZATION,COMMON_ELIGIBILITY,3,456,8946,N_GE_100,0.5570175438596491,0.5111362233148177,0.6019461946308401,0.5036887994634474,0.05332874439620172,0.10587637535917005,-3.41298439903751e-05,0.0011132018508759334,-0.0014326841553468236,0.0014642127261329295,1.0678787746750582,0.7294074852983388,0.9615479200118291,1.1813818523973023,1.308688583782616,0.8062257196784439,1.1756007709018799,1.4546366432914641,0.9531553000960684,0.7676166923546137,0.8800235759890676,1.0396146630678538,1.2339030920770495,0.7893964083007974,1.1081919089266328,1.369588279739006
1H,VALIDATION,OS,ATR_1X_PRICE_BAND_CONTROL_V1,FORECAST_REALIZATION,COMMON_ELIGIBILITY,5,456,8944,N_GE_100,0.5657894736842105,0.5199332529353009,0.6105464600789197,0.5001118067978533,0.06567766688635723,0.13132596750091197,0.0006077390046918771,0.0016016354822000478,-0.0009835288759426214,0.0022618526286849946,1.3161477333689506,0.8958102715806557,1.183694134273279,1.4576486191930556,1.5185723016330224,0.9637106033864397,1.3810867491658487,1.6793321148487759,1.1744510948244413,0.921062522096065,1.084809756907348,1.2799916664246234,1.4466292405668988,0.9702153649144805,1.3040970447477127,1.5970951127537887
1H,VALIDATION,OS,ATR_1X_PRICE_BAND_CONTROL_V1,FORECAST_REALIZATION,COMMON_ELIGIBILITY,10,456,8939,N_GE_100,0.543859649122807,0.49796732359338225,0.5890191517494315,0.4877503076406757,0.05610934148213137,0.11503701915338804,0.0006382434904912501,0.0016795214026343874,-0.0016848161281792246,0.003000323501312912,1.8074684427851087,1.199023806005871,1.6309817518660996,1.9900863246899312,1.957606516772088,1.3437303364659636,1.7934428035570322,2.1377605960391266,1.670580743596456,1.2620299787590188,1.5339355914055537,1.8401274297600205,1.873324213999768,1.305880424820703,1.713282484997277,2.044199386056112
1H,VALIDATION,OS,CAUSAL_DNO_QUANTILE_80_20_CONTROL_V1,FORECAST_REALIZATION,COMMON_ELIGIBILITY,1,816,8948,N_GE_100,0.5686274509803921,0.534401888907203,0.6022098663391763,0.4957532409476978,0.07287421003269434,0.1469969412471932,-0.0004577528319520301,0.000804687599294085,-0.0009490843644603844,0.00012922878148629945,0.50900366926399,0.3641209595483109,0.47336649735203445,0.5456105679091653,0.6943820637325122,0.38635559921556895,0.6362398581556338,0.7535091653671103,0.5085468663065619,0.4121459589496987,0.475822880748663,0.5408036337186823,0.6911465596077734,0.45517384856883514,0.638828277493632,0.7390842994825114
1H,VALIDATION,OS,CAUSAL_DNO_QUANTILE_80_20_CONTROL_V1,FORECAST_REALIZATION,COMMON_ELIGIBILITY,3,815,8946,N_GE_100,0.554601226993865,0.5203016328276109,0.588388497229289,0.5036887994634474,0.05091242753041769,0.10107913375213418,-0.0006152128955997883,0.0011558478878634926,-0.0016183661439397937,0.000393695779203663,0.8958204805678541,0.6125034072506373,0.8303505580943592,0.9542404738916462,1.1343093792771,0.6874448418412308,1.0521387294716025,1.2250120602520636,0.878026557109444,0.6849357562721414,0.8259928731570284,0.9312339464755688,1.1596930339445124,0.7385575076869433,1.0727274979453567,1.2543753587516555
1H,VALIDATION,OS,CAUSAL_DNO_QUANTILE_80_20_CONTROL_V1,FORECAST_REALIZATION,COMMON_ELIGIBILITY,5,815,8944,N_GE_100,0.5607361963190184,0.526456382196108,0.5944461220244884,0.5001118067978533,0.06062438952116511,0.1212216722283257,-0.00014577418882925572,0.0011212373860793878,-0.0014438066694598534,0.0010359068290388357,1.1949032620239508,0.7597690569826923,1.1053635387279055,1.2711162355304755,1.410409210571551,0.9344915174511467,1.3090561445678148,1.5327174455723673,1.16782542784409,0.8801534405975202,1.0968963918263863,1.2421438427921558,1.458869239649316,0.976187789380782,1.3585810026208194,1.5710562761938418
1H,VALIDATION,OS,CAUSAL_DNO_QUANTILE_80_20_CONTROL_V1,FORECAST_REALIZATION,COMMON_ELIGIBILITY,10,815,8939,N_GE_100,0.5337423312883436,0.49941445206702045,0.5677536058333111,0.4877503076406757,0.04599202364766791,0.09429419710699616,0.0006841644304263219,0.001228737498931709,-0.0010458238177967578,0.0024770165687993785,1.7751292162780452,1.1566670137907402,1.6384798915288106,1.8885151067995207,1.8902645160333653,1.3451661941739692,1.7521539723967021,2.046882189378662,1.7690614798242783,1.2487369810632565,1.6460047058066636,1.8854965440793607,1.997394340135227,1.3844953235550899,1.8637641154521936,2.1310679523981286
1H,VALIDATION,OS,PROJECT_DYNAMIC_EXTREMA_V1,FORECAST_REALIZATION,COMMON_ELIGIBILITY,1,692,8948,N_GE_100,0.5505780346820809,0.5133372806125216,0.5872603266590184,0.4957532409476978,0.05482479373438309,0.11058887609000445,-0.0006215839370463344,0.0007231631213415746,-0.0013001756292967855,1.0817966269281207e-05,0.4946340077520807,0.3471602038140452,0.45611618163102635,0.5337468234337571,0.7173118954887551,0.4039485146247863,0.6525759869691329,0.7918916569924532,0.49914892398620414,0.41201188079514267,0.46752169751903,0.5325483072403272,0.7108280004997924,0.4720256906374447,0.658224820209462,0.7635496923101491
1H,VALIDATION,OS,PROJECT_DYNAMIC_EXTREMA_V1,FORECAST_REALIZATION,COMMON_ELIGIBILITY,3,692,8946,N_GE_100,0.5635838150289018,0.5263816981641912,0.6000838652628876,0.5036887994634474,0.0598950155654544,0.11891274062329238,-0.0008549387389846673,0.0012135128491896907,-0.001997145056512979,0.0002910769110781972,0.8948938692401831,0.5945672961499501,0.8147709642676696,0.9646992483532506,1.1603012496790663,0.6578021067426583,1.0626883597087893,1.268819662249268,0.8861016324298965,0.6651100390979705,0.8209806528052054,0.9511643958602206,1.1867392947653375,0.7339237350668378,1.0831190270756454,1.2878291818355334
1H,VALIDATION,OS,PROJECT_DYNAMIC_EXTREMA_V1,FORECAST_REALIZATION,COMMON_ELIGIBILITY,5,692,8944,N_GE_100,0.5635838150289018,0.5263816981641912,0.6000838652628876,0.5001118067978533,0.06347200823104848,0.12691563640029013,-0.000169219098087493,0.0012174696194677814,-0.0013682347844117223,0.001092026900471746,1.1754859740015187,0.7617563515023191,1.066507779435611,1.2776565320493478,1.410156317159335,0.8316315157628636,1.2851494300630912,1.5395919225935228,1.1663636882293142,0.8953085172098435,1.077057362264524,1.2494760441600135,1.4348534613144082,0.9168135272557044,1.307619034044663,1.5579806649921668
1H,VALIDATION,OS,PROJECT_DYNAMIC_EXTREMA_V1,FORECAST_REALIZATION,COMMON_ELIGIBILITY,10,692,8939,N_GE_100,0.5303468208092486,0.49309636190485406,0.56726220245807,0.4877503076406757,0.04259651316857288,0.08733262183804436,0.00016130198397597408,0.0009921210369183697,-0.00152057788376311,0.0020867162764369404,1.7342384345745443,1.1396356697747478,1.5787498533526683,1.8927241277376736,1.8650373483419413,1.2436277196546235,1.713254915055851,2.023137201007353,1.7781305890610388,1.2567737523090985,1.6376736937322895,1.9110146312675675,1.9724687489547665,1.3071183873684038,1.8387408035107777,2.123754163184904
2H,DISCOVERY,OB,ATR_1X_PRICE_BAND_CONTROL_V1,FORECAST_REALIZATION,COMMON_ELIGIBILITY,1,707,12920,N_GE_100,0.49646393210749645,0.4597269902132488,0.5332390939326426,0.48691950464396283,0.009544427463533622,0.019601653604968128,0.0007826360078643463,0.0,-0.0002223973711968987,0.0018013105235090356,1.0100041662063655,0.7041780672452369,0.9252468322732887,1.1001662243802506,1.1778280778202705,0.8502481938369243,1.0906855570664524,1.2568800270532006,0.5211142259677711,0.41797176633963884,0.4903865368408186,0.5562580561305263,0.6618893234872463,0.4630959825232662,0.6136722562419528,0.7158834595292884
2H,DISCOVERY,OB,ATR_1X_PRICE_BAND_CONTROL_V1,FORECAST_REALIZATION,COMMON_ELIGIBILITY,3,707,12918,N_GE_100,0.4809052333804809,0.44427812983006276,0.5177387245577504,0.4780925839913299,0.0028126493891509896,0.005883064250170378,0.0010994206757492684,0.0005710370031977163,-0.0005090379093747597,0.0029047382700488947,1.7138809114072318,1.167570566801216,1.5847451534410484,1.8565704477450051,1.8886540313657405,1.3699108249131848,1.7564812639170677,2.0185303152918,0.8913182257783174,0.663949861060838,0.8319597846208292,0.9635029602700947,1.0596816424675564,0.7640363238288355,0.9886652117329938,1.141260404487125
2H,DISCOVERY,OB,ATR_1X_PRICE_BAND_CONTROL_V1,FORECAST_REALIZATION,COMMON_ELIGIBILITY,5,707,12916,N_GE_100,0.45403111739745405,0.417677412507234,0.49088168138935295,0.477624651594921,-0.02359353419746696,-0.049397647543278245,0.0023391096746178987,0.001705210648658806,4.6090032965850306e-05,0.00466478747845867,2.233973804557146,1.4280274181264279,2.044601488340355,2.4439642393111525,2.46749076338297,1.7372384937238485,2.2795631651561155,2.6409420842564697,1.1448147906991262,0.8212981396089406,1.0624949505690255,1.237428730277574,1.3794137042102037,0.9839111318166074,1.2940679689347014,1.4778175835060756
2H,DISCOVERY,OB,ATR_1X_PRICE_BAND_CONTROL_V1,FORECAST_REALIZATION,COMMON_ELIGIBILITY,10,707,12911,N_GE_100,0.45544554455445546,0.4190747955264108,0.4922978647118196,0.47323987297653164,-0.017794328422076178,-0.03760107598321205,0.005420894361966008,0.004091609543546371,0.0021795539989235965,0.008674702047256875,3.153726655673236,2.098860296290721,2.8850734883046556,3.427185078070364,3.601287733784785,2.679644316270132,3.3441299355934895,3.84130873268093,1.6213835946491282,1.2030394124874033,1.520071857304149,1.748175446829977,2.036434574735314,1.4526109706488288,1.897329910030784,2.1998394461671307
2H,DISCOVERY,OB,CAUSAL_DNO_QUANTILE_80_20_CONTROL_V1,FORECAST_REALIZATION,COMMON_ELIGIBILITY,1,1179,12920,N_GE_100,0.5411365564037319,0.512604627656793,0.569401280826642,0.48691950464396283,0.0542170517597691,0.11134705273187362,0.00020475902894727223,-0.0010510696179053536,-0.0005593484293238008,0.0008982571142330813,0.9780610917535756,0.7265475135989978,0.9236171192577047,1.0433194014809484,1.0349584728605283,0.6743592415086562,0.9788370038515892,1.0975204477346798,0.49273995455567715,0.398169954605202,0.4680327913622164,0.518328075630232,0.5593464408517932,0.36846071093150234,0.5241083106051831,0.5975882590022898
2H,DISCOVERY,OB,CAUSAL_DNO_QUANTILE_80_20_CONTROL_V1,FORECAST_REALIZATION,COMMON_ELIGIBILITY,3,1179,12918,N_GE_100,0.5072094995759118,0.47869442325864103,0.5356777462693837,0.4780925839913299,0.02911691558458185,0.06090225316088538,0.0011783230673250759,-0.00017714343557051482,-5.4281646627597276e-05,0.002605982208615942,1.6614007509412514,1.1686274509803882,1.5734104965433424,1.7670241882982765,1.7675612479134806,1.1702529256323082,1.6619228678890252,1.8610759499109575,0.858681922120456,0.6404477420623648,0.8064208514090585,0.9115224259820736,0.9602778541095717,0.644963382387701,0.9017969659373775,1.0285929412916548
2H,DISCOVERY,OB,CAUSAL_DNO_QUANTILE_80_20_CONTROL_V1,FORECAST_REALIZATION,COMMON_ELIGIBILITY,5,1179,12916,N_GE_100,0.48261238337574214,0.4541914189613977,0.5111462898239544,0.477624651594921,0.004987731780821125,0.010442785488909978,0.001999471108057296,0.0004797290941584986,0.0003174858706053797,0.003946144847383933,2.1559455258557696,1.483695220967447,2.032107376101768,2.2890675609468003,2.2724895143197212,1.5836452634609903,2.1455847523375686,2.401303491595349,1.1155033636526734,0.8327178596794075,1.049277837887905,1.1852339433213517,1.2265824058921977,0.8583583438380591,1.1503357148180056,1.3016272643235043
2H,DISCOVERY,OB,CAUSAL_DNO_QUANTILE_80_20_CONTROL_V1,FORECAST_REALIZATION,COMMON_ELIGIBILITY,10,1178,12911,N_GE_100,0.47368421052631576,0.44530246552614755,0.5022370355372774,0.47323987297653164,0.000444337549784124,0.000938926694805664,0.004129542461125819,0.0034559305454801015,0.0014828132640519142,0.006561417968057633,3.117779029033353,2.2046429947036748,2.9205544958545344,3.314100831412408,3.318899526673253,2.4567308428523686,3.148546235792225,3.5056970440592017,1.6063049630880244,1.1854301039714077,1.5267700226337615,1.6996461882503517,1.8132699228970424,1.3026417099883634,1.7032451043266157,1.9334025269198676
2H,DISCOVERY,OB,PROJECT_DYNAMIC_EXTREMA_V1,FORECAST_REALIZATION,COMMON_ELIGIBILITY,1,1082,12920,N_GE_100,0.5582255083179297,0.528481004507768,0.5875580199687301,0.48691950464396283,0.07130600367396689,0.14644310403237193,-0.0003152479438633576,-0.0012239921237092166,-0.0010377163848720855,0.00038905918578210154,0.9907659136777207,0.7176496771790662,0.9326962472065718,1.0601662371727556,0.9895788441829637,0.636878493010766,0.924919372179604,1.0540788200140248,0.5078691403256647,0.4077158078082661,0.48298607807637445,0.5343367243508659,0.5338427287111551,0.36807759421547837,0.501386222468627,0.5726129611292298
2H,DISCOVERY,OB,PROJECT_DYNAMIC_EXTREMA_V1,FORECAST_REALIZATION,COMMON_ELIGIBILITY,3,1082,12918,N_GE_100,0.5175600739371534,0.4877761016760174,0.5472197945946725,0.4780925839913299,0.0394674899458235,0.08255198107515338,0.0008613730385412688,-0.000658465347994075,-0.00033997045461878986,0.0020727827307179866,1.645559624820815,1.1660320377445759,1.546512063950697,1.7537442549467088,1.6911522040077605,1.1052247258801993,1.586559062517571,1.7944678424448124,0.8509243766037985,0.6579738153439187,0.8078624521351563,0.8969639613511474,0.9162325619218071,0.6328629560399941,0.8590948355636213,0.9702905653611813
2H,DISCOVERY,OB,PROJECT_DYNAMIC_EXTREMA_V1,FORECAST_REALIZATION,COMMON_ELIGIBILITY,5,1082,12916,N_GE_100,0.4879852125693161,0.45829614853482326,0.5177592908589153,0.477624651594921,0.010360560974395083,0.021691847227311767,0.0019922711141715952,0.00032698567935507405,0.00029927477680390157,0.003830012102424041,2.1295621276890278,1.4843647306971124,2.0009789763001553,2.2710022645896726,2.20720418322867,1.5133852135585577,2.067756683080646,2.34255018278925,1.1004686253686786,0.8431702495919953,1.0424727440227903,1.1614031880142686,1.190501857963197,0.847256049565427,1.12016143039962,1.258451926070866
2H,DISCOVERY,OB,PROJECT_DYNAMIC_EXTREMA_V1,FORECAST_REALIZATION,COMMON_ELIGIBILITY,10,1082,12911,N_GE_100,0.46210720887245843,0.43258636701249237,0.49189617261391355,0.47323987297653164,-0.011132664104073209,-0.023524357814679098,0.0043333618015529715,0.003597337623242769,0.0017984548424226717,0.007009347396605915,3.051050109031317,2.1681295396905695,2.8652495319637055,3.269927421270776,3.2309398471186976,2.311863770161315,3.0251129595027124,3.4196073351247023,1.5982993643518524,1.2022587101634146,1.5093821299351127,1.6999413207665435,1.7723812620030839,1.2772865765082613,1.6678946454409098,1.8773159432843485
2H,DISCOVERY,OS,ATR_1X_PRICE_BAND_CONTROL_V1,FORECAST_REALIZATION,COMMON_ELIGIBILITY,1,675,12920,N_GE_100,0.5496296296296296,0.5119201328649148,0.5867774130721639,0.5117647058823529,0.03786492374727668,0.0739889314601958,0.0004801577988358706,0.0016357112705782662,-0.0007795354184372498,0.0017532442419534136,1.2544403913768116,0.9536416984362334,1.1668515574264609,1.3444160647146632,1.6299026867773592,1.0042418794157797,1.4988520581986113,1.7976484953988805,0.5716959571662481,0.49342698411362995,0.5380566150311814,0.6035358940896035,0.7474785066390329,0.5113383360619258,0.6890133083203469,0.8050933755199006
2H,DISCOVERY,OS,ATR_1X_PRICE_BAND_CONTROL_V1,FORECAST_REALIZATION,COMMON_ELIGIBILITY,3,675,12918,N_GE_100,0.5451851851851852,0.5074691765490893,0.5823897831846689,0.5211333023687877,0.024051882816397474,0.046153033604014126,0.001305717141533588,0.0017451254982225883,-0.0006701730367695598,0.0031848275198697773,2.010841522346226,1.4212342726704579,1.85003334602217,2.202745738998776,2.5901489901461225,1.6314779270633448,2.3710937936595817,2.838485277059238,0.900567761287781,0.7450115155093886,0.8443016989989268,0.9538168252286493,1.2198662086691938,0.847491348449523,1.1157788101888089,1.3168636957223208
2H,DISCOVERY,OS,ATR_1X_PRICE_BAND_CONTROL_V1,FORECAST_REALIZATION,COMMON_ELIGIBILITY,5,675,12916,N_GE_100,0.5377777777777778,0.5000575604406718,0.5750704222875522,0.5214462681944875,0.016331509583290327,0.03131964035304802,0.0013127093033451973,0.002556150599258844,-0.0012013276254848292,0.0033835257089004905,2.5041423065553485,1.7878888519871683,2.299107659062347,2.713313813107953,3.1226920706363033,1.9372867786169237,2.855765506260792,3.4481913087670835,1.1471519026943635,0.9308361330848858,1.0710819407824166,1.2157623391429646,1.466643005793068,1.0207137258489158,1.3564959480987524,1.5837348525316557
2H,DISCOVERY,OS,ATR_1X_PRICE_BAND_CONTROL_V1,FORECAST_REALIZATION,COMMON_ELIGIBILITY,10,675,12911,N_GE_100,0.5466666666666666,0.5089524959026407,0.5838526592322243,0.5262954070172721,0.02037125964939457,0.03870689232278646,0.001674117912860806,0.004238151714045069,-0.0020855842051292735,0.005104770269278697,3.4524311474467613,2.524720688326694,3.2040986731296512,3.6994981072406365,4.209800507245981,2.875870128550377,3.8774021481154732,4.6459899213935145,1.6175486065739701,1.2985326553258119,1.528147340532514,1.710856361954051,1.9806594581804704,1.3963945136557196,1.827437890783458,2.13148243924478
2H,DISCOVERY,OS,CAUSAL_DNO_QUANTILE_80_20_CONTROL_V1,FORECAST_REALIZATION,COMMON_ELIGIBILITY,1,1242,12920,N_GE_100,0.5692431561996779,0.5415315382071116,0.5965277463760968,0.5117647058823529,0.057478450317325014,0.11231421326373847,0.00034418681121572764,0.001658950110587143,-0.0005061771803467587,0.0011606396904859993,1.0638537309678617,0.7707911237500916,1.0083961625983968,1.1222052562651463,1.2967324120945782,0.7834362780345945,1.198766092371466,1.4078901534278245,0.5183330255659343,0.4351580916220245,0.4939852397647523,0.5428149600925387,0.6288522169721676,0.4292223291335541,0.596257016905281,0.6657473255406349
2H,DISCOVERY,OS,CAUSAL_DNO_QUANTILE_80_20_CONTROL_V1,FORECAST_REALIZATION,COMMON_ELIGIBILITY,3,1242,12918,N_GE_100,0.5314009661835749,0.5035939712185746,0.5590143089993922,0.5211333023687877,0.010267663814787165,0.019702567017145123,6.42049749808865e-05,0.0010936802440477678,-0.0012653123559700596,0.0015911194940118286,1.7762327635189656,1.2742010986947667,1.6815117197408014,1.870495445002138,2.2593977772803284,1.4025281928700284,2.101558822104046,2.4304925159691364,0.8628177166886363,0.6938925844611972,0.8227920672876488,0.9017718930215944,1.1157321565411304,0.7817184725984858,1.0464585442434677,1.1785551767108724
2H,DISCOVERY,OS,CAUSAL_DNO_QUANTILE_80_20_CONTROL_V1,FORECAST_REALIZATION,COMMON_ELIGIBILITY,5,1242,12916,N_GE_100,0.5507246376811594,0.5229462229208575,0.578190229738935,0.5214462681944875,0.02927836948667195,0.05614839202521971,0.0005795526811673222,0.0025988205710387735,-0.0013466060770702555,0.0026078710803019156,2.267975117798973,1.6145971368577103,2.1508438764203213,2.387196421194537,2.829752193233855,1.7850864592026867,2.6430207290094887,3.0283271522789694,1.1150653469761764,0.8990977147224486,1.063744161458475,1.1649132133040063,1.4251870380214993,0.9850452446962599,1.3347125668844901,1.5123561188317904
2H,DISCOVERY,OS,CAUSAL_DNO_QUANTILE_80_20_CONTROL_V1,FORECAST_REALIZATION,COMMON_ELIGIBILITY,10,1242,12911,N_GE_100,0.5410628019323671,0.5132648762371378,0.5686074902017416,0.5262954070172721,0.014767394915095045,0.028059136975539634,0.0016139083680769223,0.0038283638469431835,-0.0013233082955715258,0.004463495504942325,3.1962096719067516,2.285967313481589,3.042664468400623,3.356684221200422,3.786264697161426,2.4885749765029845,3.554550820455542,4.044385832515687,1.5884155356360592,1.2651051586844602,1.5194199928970498,1.657756945403554,1.9508400964075259,1.3757174763659765,1.8309758797286713,2.0744917685226034
2H,DISCOVERY,OS,PROJECT_DYNAMIC_EXTREMA_V1,FORECAST_REALIZATION,COMMON_ELIGIBILITY,1,1047,12920,N_GE_100,0.5549188156638013,0.5246689462175858,0.5847671476713505,0.5117647058823529,0.0431541097814484,0.08432412256145083,-0.0004909329011148244,0.0013633648594717496,-0.0015799183179852619,0.0005683727941979042,1.0750333443549596,0.7781474723623423,1.02160852690938,1.1415871262824877,1.4785079297940256,0.8361346325688284,1.3559325225489467,1.5975171112022184,0.515722429675966,0.43191740643855786,0.4903424421577127,0.539978078164975,0.6881716021343396,0.45843817618838145,0.6437434415441828,0.7321423150855284
2H,DISCOVERY,OS,PROJECT_DYNAMIC_EXTREMA_V1,FORECAST_REALIZATION,COMMON_ELIGIBILITY,3,1046,12918,N_GE_100,0.5468451242829828,0.5165605208277921,0.5767868946299304,0.5211333023687877,0.025711821914195077,0.04933828215798752,-0.0005012034140499398,0.0015360148059463397,-0.0023632777797297,0.00112977064008278,1.8014680231882148,1.3097604094416955,1.689528914216973,1.93044453442133,2.462611229389807,1.436820402317374,2.3007429325432516,2.6703458560794706,0.8544751314574741,0.7086855043121773,0.8120316768985383,0.8924195492285993,1.163133607609138,0.7880107151902187,1.0952286394962134,1.234741766839796
2H,DISCOVERY,OS,PROJECT_DYNAMIC_EXTREMA_V1,FORECAST_REALIZATION,COMMON_ELIGIBILITY,5,1046,12916,N_GE_100,0.5458891013384322,0.5156026298273976,0.5758397363352693,0.5214462681944875,0.024442833143944687,0.04687507541012459,-0.00028686495403783046,0.002421248298566381,-0.002575178471126271,0.00174592858695357,2.2999372542196843,1.6807337237701967,2.1709702093761707,2.4544324160759095,3.0613724925372523,1.8989643142168056,2.82431652767507,3.3035948780675946,1.1089029280327256,0.9302977254723754,1.0529102636679026,1.1622455104732639,1.4782376544329558,1.0221180974409667,1.3833197501747818,1.5839792586502652
2H,DISCOVERY,OS,PROJECT_DYNAMIC_EXTREMA_V1,FORECAST_REALIZATION,COMMON_ELIGIBILITY,10,1046,12911,N_GE_100,0.5468451242829828,0.5165605208277921,0.5767868946299304,0.5262954070172721,0.020549717265710754,0.03904597492532624,0.0014369940478809859,0.003909173290236434,-0.0014217344642013991,0.004231806701816984,3.2504475544048623,2.3714050391711448,3.0628185723313996,3.4427157445714363,4.026287678831945,2.662344396551531,3.737129069571547,4.324811178218735,1.5921762246914304,1.2907794587859598,1.507844323530748,1.6740614539951815,1.9933317604223824,1.4161807667369857,1.863115917152247,2.131951127410587
2H,VALIDATION,OB,ATR_1X_PRICE_BAND_CONTROL_V1,FORECAST_REALIZATION,COMMON_ELIGIBILITY,1,240,4500,N_GE_100,0.5541666666666667,0.49091837418388323,0.6157082227544571,0.49133333333333334,0.06283333333333335,0.12788331071913173,0.0003234568815613699,-0.0012499773182711449,-0.001335265068281938,0.0019386866619517233,0.8553707378592104,0.57346826897154,0.7487980744307584,0.9803835331412536,1.1143831033762361,0.7158537989387599,0.9388730491810316,1.280951775610354,0.5726298821771401,0.39166777983892004,0.5031174521806268,0.6390560842157316,0.7720509034983423,0.5225281783408893,0.6643931760015492,0.8802191582021007
2H,VALIDATION,OB,ATR_1X_PRICE_BAND_CONTROL_V1,FORECAST_REALIZATION,COMMON_ELIGIBILITY,3,240,4498,N_GE_100,0.5083333333333333,0.44545218038399503,0.5709519114526727,0.5024455313472654,0.005887801986067864,0.011718289085545619,0.0008984732922650128,-0.0002082363638705731,-0.0016339525501222762,0.0036582485817814167,1.4489135376501767,0.9237014188624709,1.263970698700199,1.6390377644897474,1.8158249761271108,1.1542669216785888,1.5629529272875915,2.0846042077593085,0.9567688891433367,0.6220357518551158,0.8332302374007928,1.0781398108788074,1.3000506748385134,0.8205497945216675,1.1275130824170805,1.4926401133657141
2H,VALIDATION,OB,ATR_1X_PRICE_BAND_CONTROL_V1,FORECAST_REALIZATION,COMMON_ELIGIBILITY,5,240,4496,N_GE_100,0.4625,0.4005063165740798,0.5256752701609153,0.5115658362989324,-0.04906583629893235,-0.0959130434782608,0.0031148487085694778,0.001726213511231811,0.00014423625049759292,0.006809466589334482,1.7589160544500886,1.0762727590730465,1.5314022838914112,1.9675075880010036,2.26829921060516,1.312683146831998,1.9642299801152467,2.5502493153594883,1.1638753902033259,0.7463984463239368,1.0158177227155207,1.3127725166881814,1.597161793946011,1.0173365164441184,1.4100034126191006,1.814417472632759
2H,VALIDATION,OB,ATR_1X_PRICE_BAND_CONTROL_V1,FORECAST_REALIZATION,COMMON_ELIGIBILITY,10,240,4491,N_GE_100,0.4083333333333333,0.34806585437712095,0.4714891354195338,0.5021153417947005,-0.0937820084613672,-0.18677383592017738,0.00729626705591089,0.0034390495877480998,0.003121752751487219,0.012124321498192859,2.2326392502963386,1.5012160367129195,1.937456886275621,2.508031538146093,3.130823820701475,2.1970094367108857,2.7256792215574164,3.511742093398724,1.4835503394340728,1.1117916947655233,1.3167981045910324,1.6485793309260552,2.216985342438365,1.5059966008651933,1.9802595825544433,2.479000853925554
2H,VALIDATION,OB,CAUSAL_DNO_QUANTILE_80_20_CONTROL_V1,FORECAST_REALIZATION,COMMON_ELIGIBILITY,1,390,4500,N_GE_100,0.5358974358974359,0.48629186050051937,0.5848027115304697,0.49133333333333334,0.04456410256410254,0.09070034443168762,0.0006208690958037583,-0.0005766792727412429,-0.00045195619725254475,0.001925311074177235,0.7296934047331769,0.4787795922236818,0.6469958833580953,0.808072078762097,0.9389845771129856,0.6596723211884644,0.8531971533998808,1.038310008106215,0.5036689498301377,0.3632631690670625,0.4552542929724109,0.5569452677641108,0.6577524410759086,0.46246323460179967,0.590281814776766,0.723567511424144
2H,VALIDATION,OB,CAUSAL_DNO_QUANTILE_80_20_CONTROL_V1,FORECAST_REALIZATION,COMMON_ELIGIBILITY,3,390,4498,N_GE_100,0.5282051282051282,0.4786262602930005,0.577233760588491,0.5024455313472654,0.025759596857862777,0.05126843657817104,0.0002141438740181285,-0.0005547757131412201,-0.0018501868826531769,0.0024800590631469874,1.3538953221026997,0.8807781112585793,1.203118262748524,1.5159296405940765,1.5583294465948068,1.0182497584842756,1.3964017492403755,1.7237820301353075,0.9264436367013842,0.6355637325720958,0.8434956071384072,1.0307638082841961,1.1098568672232678,0.7700256584357357,0.9916043815323087,1.249234293014541
2H,VALIDATION,OB,CAUSAL_DNO_QUANTILE_80_20_CONTROL_V1,FORECAST_REALIZATION,COMMON_ELIGIBILITY,5,389,4496,N_GE_100,0.5038560411311054,0.4543753628484156,0.5532613029222156,0.5115658362989324,-0.007709795167826994,-0.01507097351067399,0.0013627573129882204,-0.0005562202212286982,-0.0011803066334070407,0.004207279127176794,1.7802265682240277,1.14515629835963,1.5753266431834059,1.9994011579826634,1.9593017662639773,1.171059915683686,1.7499916231132548,2.171510658055549,1.2182223689837772,0.8921924881601596,1.1039856833898871,1.339465301629195,1.3869065922945576,0.9392959277995734,1.2524258298068152,1.5299789029998798
2H,VALIDATION,OB,CAUSAL_DNO_QUANTILE_80_20_CONTROL_V1,FORECAST_REALIZATION,COMMON_ELIGIBILITY,10,389,4491,N_GE_100,0.4781491002570694,0.4289651303085142,0.5277604303245755,0.5021153417947005,-0.023966241537631106,-0.04773055021973449,0.003199893464032598,0.0006175723074242079,-0.0002625268127918817,0.007103837530072455,2.331655831385989,1.5187577921342021,2.062966863702037,2.611662692742733,2.7247169631585186,1.8224668969487685,2.477490128351587,2.998688455858275,1.6124794489673258,1.226908423647757,1.452680633163826,1.7680710395232966,1.9259523547003343,1.3201998339731233,1.7500993101736446,2.099057084366255
2H,VALIDATION,OB,PROJECT_DYNAMIC_EXTREMA_V1,FORECAST_REALIZATION,COMMON_ELIGIBILITY,1,343,4500,N_GE_100,0.5131195335276968,0.4603709710005691,0.5655774734766793,0.49133333333333334,0.021786200194363448,0.04434097732909792,0.001287597526601716,-0.00018871949718568537,-0.00021412680617514002,0.0027620532075885037,0.7337917608441271,0.48394638843035276,0.6451811215383472,0.8315579623490328,1.0462071240992086,0.6662279980259836,0.9016675720296369,1.180215139518729,0.4955963337213703,0.3424447358950168,0.44534006085868527,0.5477200023242634,0.7257207708269853,0.4825986758003814,0.6453677437599808,0.8097938694826502
2H,VALIDATION,OB,PROJECT_DYNAMIC_EXTREMA_V1,FORECAST_REALIZATION,COMMON_ELIGIBILITY,3,343,4498,N_GE_100,0.5160349854227405,0.4632629816272798,0.5684517838449127,0.5024455313472654,0.013589454075475071,0.027046621429861473,0.0008553507154822084,-0.00046531175887853937,-0.0014102123926595608,0.003209684411535587,1.3171311868773976,0.8050820130274963,1.1754972673991289,1.483710717202809,1.631558428257758,1.0911404882370195,1.4551924835349412,1.8089175136847901,0.8846935925867483,0.6226622190612457,0.7855098446120833,0.9775305123917177,1.1751835390267147,0.7882601851733493,1.0527980292038441,1.3120931786963732
2H,VALIDATION,OB,PROJECT_DYNAMIC_EXTREMA_V1,FORECAST_REALIZATION,COMMON_ELIGIBILITY,5,343,4496,N_GE_100,0.49271137026239065,0.44017645983821524,0.5454077376744244,0.5115658362989324,-0.018854466036541728,-0.03685638230447463,0.001990411083361629,0.0003822366962518142,-0.0006478084964767586,0.004872184656227467,1.7304947850031438,1.038682769209622,1.5311642937029668,1.9469941354874198,2.0368407893136555,1.2829169480081082,1.8181179038666853,2.2758811928463683,1.176267075495063,0.7944433969066937,1.0551609552021841,1.28712473380555,1.4432635630618795,0.9718118302698303,1.2917031190431483,1.6076960824833144
2H,VALIDATION,OB,PROJECT_DYNAMIC_EXTREMA_V1,FORECAST_REALIZATION,COMMON_ELIGIBILITY,10,343,4491,N_GE_100,0.46355685131195334,0.41147773216907246,0.5164432553941263,0.5021153417947005,-0.038558490482747176,-0.07679209789712527,0.004456144302347158,0.0017347195137999982,0.0008381104202738952,0.008672746299385272,2.3529756162784605,1.5023390650019381,2.0628179523607275,2.669375824339238,2.8326684201044525,2.0470463049375094,2.5408799151461436,3.1308845640610676,1.567281625542085,1.1583933584662434,1.4081810624719153,1.7203909662300894,2.009280865268866,1.3612549934773244,1.8447716370078826,2.2166666467945486
2H,VALIDATION,OS,ATR_1X_PRICE_BAND_CONTROL_V1,FORECAST_REALIZATION,COMMON_ELIGIBILITY,1,241,4500,N_GE_100,0.6058091286307054,0.5429147290462576,0.6653832072521492,0.5077777777777778,0.09803135085292758,0.1930595531020456,0.00052952753216207,0.0014844727920040324,-0.0014105326692776634,0.0023606836651990366,0.9096556813897256,0.6177827155506301,0.7797389097234743,1.031781619210423,1.1212395929241634,0.7382952561042377,0.9774812482578773,1.2670661572926798,0.5641026234764133,0.4386794114660385,0.5018671812679558,0.6285788599039879,0.7490995102363873,0.47102738031160307,0.6407847477304094,0.8692231231975478
2H,VALIDATION,OS,ATR_1X_PRICE_BAND_CONTROL_V1,FORECAST_REALIZATION,COMMON_ELIGIBILITY,3,241,4498,N_GE_100,0.5435684647302904,0.480489195218591,0.6052805432572235,0.49733214762116495,0.04623631710912546,0.09296868768745914,0.0005995212215859523,0.0009797746518300787,-0.0023627185351015544,0.003340945939972872,1.511755407565303,1.077604514289181,1.291271984463522,1.7432870882961573,1.6230543132837612,1.1689325050268544,1.4317961315232441,1.8348730298271787,0.9411104723763584,0.738599832657718,0.8353102640680742,1.0463937369561862,1.0812770927304671,0.7968019742736829,0.9576466233786574,1.2114986985238188
2H,VALIDATION,OS,ATR_1X_PRICE_BAND_CONTROL_V1,FORECAST_REALIZATION,COMMON_ELIGIBILITY,5,241,4496,N_GE_100,0.5145228215767634,0.451690813442397,0.5768990993828744,0.48821174377224197,0.026311077804521465,0.053892758910764726,0.0008331097664029222,0.000822458287561334,-0.0029674304744684104,0.004267581339571543,1.882036178247188,1.3200070669594455,1.6057455397834515,2.1364845337747735,1.9483432879003657,1.4028017777324346,1.716201315760144,2.2032704852669673,1.1800139952388453,0.874050563022312,1.0317293486552528,1.323967605340957,1.277030183850365,0.9510942671857876,1.1311554108965582,1.4359617134665823
2H,VALIDATION,OS,ATR_1X_PRICE_BAND_CONTROL_V1,FORECAST_REALIZATION,COMMON_ELIGIBILITY,10,241,4491,N_GE_100,0.5103734439834025,0.4475937993237404,0.5728275669800249,0.4972166555332888,0.013156788450113643,0.026460876367873087,-0.001081158462809496,0.0008172414598266453,-0.006165339576344057,0.0037155923673832746,2.6913809684274175,1.7203916047493957,2.3098037093398176,3.04702612258715,2.899088128384387,2.064881594801254,2.543529182269741,3.2880925205397733,1.6820342918622853,1.2585489321993821,1.5008973257445297,1.8746140834955556,1.926501630732859,1.3328656794444393,1.684222883062934,2.1887264802661273
2H,VALIDATION,OS,CAUSAL_DNO_QUANTILE_80_20_CONTROL_V1,FORECAST_REALIZATION,COMMON_ELIGIBILITY,1,385,4500,N_GE_100,0.6103896103896104,0.5608150049953383,0.657783005094117,0.5077777777777778,0.1026118326118326,0.20208019551564416,-0.000122465656545969,0.0015372137036036015,-0.001312883887207253,0.0011540794482099543,0.769334788934561,0.5410561660561598,0.6973055251780398,0.8501188107195458,0.9682709332103484,0.5609370366709454,0.8553557036157607,1.108201675153324,0.5229611897721249,0.42752750139941564,0.4839616299339035,0.5648540345438617,0.6926625240564693,0.43007229100569877,0.6062560463114953,0.7883309824629978
2H,VALIDATION,OS,CAUSAL_DNO_QUANTILE_80_20_CONTROL_V1,FORECAST_REALIZATION,COMMON_ELIGIBILITY,3,385,4498,N_GE_100,0.5506493506493506,0.5007039753925302,0.5995939351191022,0.49733214762116495,0.053317203028185656,0.10720642790379031,-7.441517770120351e-05,0.0016317045131462038,-0.0022172186427083513,0.0018841890798683512,1.285275421445412,0.8860332312090068,1.1577348657496311,1.4339539694500831,1.482324696572682,0.9455115640925084,1.325353195240095,1.6748053897256905,0.8805154413792874,0.7088711708527792,0.8051343482569396,0.9623640789414127,1.0600449038630808,0.747336797622477,0.9444420076256254,1.1739066518969674
2H,VALIDATION,OS,CAUSAL_DNO_QUANTILE_80_20_CONTROL_V1,FORECAST_REALIZATION,COMMON_ELIGIBILITY,5,385,4496,N_GE_100,0.5194805194805194,0.4696273291069079,0.568948790320643,0.48821174377224197,0.03126877570827746,0.06404756974233061,-0.0007324422241060799,0.0008886861600894136,-0.003180230457442081,0.0016637535235693188,1.6426573984839399,1.1835909659177206,1.474908833571932,1.8335167430856085,1.8666021899136922,1.2957197479581515,1.6767268075357544,2.092048053784674,1.1474652693570784,0.8522221085657431,1.0361431629256992,1.2704419106716862,1.3473803836460267,0.9749517791081844,1.2121928621133329,1.4891281008544937
2H,VALIDATION,OS,CAUSAL_DNO_QUANTILE_80_20_CONTROL_V1,FORECAST_REALIZATION,COMMON_ELIGIBILITY,10,385,4491,N_GE_100,0.4961038961038961,0.4464457900563516,0.5458389860581382,0.4972166555332888,-0.0011127594293927068,-0.0022379769804758975,-0.001066453204977838,-0.00027101919811500785,-0.0052586952170464345,0.002239524636467697,2.453297048121947,1.572813499571666,2.202791394229661,2.730764778654161,2.6965356906289144,1.9245733257249642,2.426523907881746,3.0236997689796037,1.699433643938854,1.3114338714641802,1.5372611026857308,1.8792389622518764,1.9617231553632752,1.41413012971117,1.7696879359434494,2.158821464695286
2H,VALIDATION,OS,PROJECT_DYNAMIC_EXTREMA_V1,FORECAST_REALIZATION,COMMON_ELIGIBILITY,1,356,4500,N_GE_100,0.5646067415730337,0.512683559562905,0.6151504651857621,0.5077777777777778,0.05682896379525593,0.11191699653332687,-0.0006190464169181643,0.0009061471578366564,-0.0021867674699868676,0.0006421311297676948,0.7680315137282291,0.5448784668263608,0.6932011270345338,0.8667283173747081,1.0581866067681456,0.6355312436755709,0.933602460123588,1.1749102028376137,0.49562016983222357,0.3849913978600661,0.4486800586298639,0.5410072129228893,0.7025689769427119,0.46280333778937055,0.6289675767202064,0.7880987014673957
2H,VALIDATION,OS,PROJECT_DYNAMIC_EXTREMA_V1,FORECAST_REALIZATION,COMMON_ELIGIBILITY,3,356,4498,N_GE_100,0.5393258426966292,0.4874024347761342,0.590409580288272,0.49733214762116495,0.041993695075464244,0.0844379259943846,-0.0005783667983118526,0.0014526729518802295,-0.0028233336798362744,0.001755237712315571,1.360933385957878,0.8844142927184088,1.2139435004662356,1.537552197478791,1.6761718845001554,1.1350829522527008,1.4914328907463659,1.8802170726324383,0.8537268564070435,0.6737573178660287,0.77649198286276,0.9432619249789874,1.1054053709826106,0.8153262890193396,1.000783239077033,1.2218166435894773
2H,VALIDATION,OS,PROJECT_DYNAMIC_EXTREMA_V1,FORECAST_REALIZATION,COMMON_ELIGIBILITY,5,356,4496,N_GE_100,0.5140449438202247,0.4622532687503381,0.5655367366298069,0.48821174377224197,0.02583320004798273,0.052913925929717776,-0.00164929703747025,0.0004997324695772409,-0.00432981105362801,0.0014852813072606052,1.7278161105359866,1.207276918513407,1.544673960598084,1.9306652320536626,2.1038677899767104,1.3729788099910063,1.8742523987971305,2.384507318309464,1.1131624216097462,0.8126743959643236,0.9992167313511657,1.2315945473642815,1.3784869876897647,0.9749821872465932,1.2379141489966643,1.529371939321121
2H,VALIDATION,OS,PROJECT_DYNAMIC_EXTREMA_V1,FORECAST_REALIZATION,COMMON_ELIGIBILITY,10,356,4491,N_GE_100,0.5028089887640449,0.4511179051236424,0.5544400959523866,0.4972166555332888,0.005592333230756086,0.011247276551422214,-0.0006375675527672133,0.00038124543380990694,-0.00494068019919181,0.0036700883509300807,2.7098586603772787,1.6826744454271327,2.426197786275108,3.032387042501008,2.988658890636261,2.079514922960686,2.678446273091107,3.3379856633053833,1.7274150656323373,1.3229202639355093,1.5559691986350452,1.8970659840661155,2.0002300520987513,1.4829258392278102,1.8194661952968558,2.209167993657499
30m,DISCOVERY,OB,ATR_1X_PRICE_BAND_CONTROL_V1,FORECAST_REALIZATION,COMMON_ELIGIBILITY,1,2694,52903,N_GE_100,0.514105419450631,0.4952251809458476,0.5329454870429624,0.4937716197569136,0.020333799693717458,0.04118057595883684,0.0004903583142054357,-0.00018794662629201264,0.00018100063960630903,0.0008315316520032947,0.5482154780193857,0.3937772277412632,0.5236637865416806,0.573698141208206,0.6487977335042566,0.42853431297966915,0.6191676902741567,0.678327512403868,0.5730688196860257,0.46560634395908623,0.5517721195563289,0.5960043735250539,0.7095006894602631,0.4921282667977109,0.6787230516048621,0.7344929428007576
30m,DISCOVERY,OB,ATR_1X_PRICE_BAND_CONTROL_V1,FORECAST_REALIZATION,COMMON_ELIGIBILITY,3,2693,52901,N_GE_100,0.5079836613442258,0.4891035415970263,0.5268410359413801,0.4908035764919378,0.017180084852288002,0.035003992788895655,0.0006740099095976987,-0.00013986359186168862,0.00014542532103240592,0.0011554036848451159,0.8991981108683458,0.5911127064805733,0.8564164227898388,0.9456385581670169,1.0258372235982212,0.6843748663330316,0.9800500487680603,1.0694186072293752,0.9357920440983252,0.695880821953481,0.8987501474861063,0.9746496414137774,1.1401551692983525,0.7931443823658508,1.0935252042581465,1.1880421918782507
30m,DISCOVERY,OB,ATR_1X_PRICE_BAND_CONTROL_V1,FORECAST_REALIZATION,COMMON_ELIGIBILITY,5,2693,52899,N_GE_100,0.5109543260304493,0.4920720953136755,0.5298053482855333,0.4870602468855744,0.023894079144874902,0.049057748600222606,0.0005542108326877878,-0.0002685284640173702,-7.429459308133287e-05,0.0011412582606172253,1.1370974012990815,0.7600994565047884,1.0898514282932033,1.1915775085424711,1.2739596394327934,0.8850536563779148,1.2232596963968123,1.3249958302256117,1.1839759187252301,0.8907455715179984,1.1376080562486242,1.2278157267004646,1.4277946270874995,0.9823190166029548,1.3741268413088077,1.484130069220839
30m,DISCOVERY,OB,ATR_1X_PRICE_BAND_CONTROL_V1,FORECAST_REALIZATION,COMMON_ELIGIBILITY,10,2693,52894,N_GE_100,0.5053843297437802,0.48650660297886367,0.5242467167563407,0.47999773131167994,0.025386598432100282,0.05288899670989444,0.0005957991351641712,-0.00013822314151579196,-0.00024341112868134216,0.0014164921896518713,1.6209694928669387,1.0714048046849094,1.548690475021056,1.698447516730492,1.6965323642826944,1.1840688912809587,1.6303838961065804,1.7654848510170322,1.7045143221003758,1.2452076565882204,1.632095375160663,1.7653188022665964,1.9348609662784402,1.3159815294495991,1.8580342006116937,2.0105493669304932
30m,DISCOVERY,OB,CAUSAL_DNO_QUANTILE_80_20_CONTROL_V1,FORECAST_REALIZATION,COMMON_ELIGIBILITY,1,5150,52903,N_GE_100,0.5551456310679612,0.5415368671585498,0.5686721854440758,0.4937716197569136,0.06137401131104764,0.12429635251467541,6.350994028833559e-05,-0.0005818247154177336,-0.0001471321487209791,0.00025361954677090943,0.4740221864504406,0.35753233311734495,0.45948381833928253,0.4887511743737919,0.511721892429141,0.3170664166120771,0.49347807726770704,0.5322999860531078,0.5066548485804188,0.4261114914563084,0.49362866410592204,0.5197770964409492,0.5644472227571843,0.3766016858952943,0.5478353052372646,0.5831545376056714
30m,DISCOVERY,OB,CAUSAL_DNO_QUANTILE_80_20_CONTROL_V1,FORECAST_REALIZATION,COMMON_ELIGIBILITY,3,5150,52901,N_GE_100,0.5448543689320389,0.531225057116603,0.5584168131341242,0.4908035764919378,0.05405079244010108,0.11012713645331185,5.9567129359724315e-05,-0.0007572458202839694,-0.0002571917588868276,0.00037690807261854704,0.8340170523612088,0.5776510522185957,0.8066025797126042,0.8632979603171288,0.8569241600525747,0.5318302946926807,0.8275426289648216,0.8882866612798609,0.8865631052511141,0.6920718882034542,0.8647690949429627,0.9094722316118649,0.9453835814459556,0.6283476224502043,0.9144353469640396,0.972846849969787
30m,DISCOVERY,OB,CAUSAL_DNO_QUANTILE_80_20_CONTROL_V1,FORECAST_REALIZATION,COMMON_ELIGIBILITY,5,5149,52899,N_GE_100,0.5395222373276365,0.5258832557220607,0.5531022888753125,0.4870602468855744,0.05246199044206207,0.10771150135434282,7.898991494964074e-05,-0.0008565942992172504,-0.00033818931526325547,0.00045908948650045617,1.0833533174794512,0.7395885479987653,1.0513572460320282,1.1187618810439075,1.0944584514572384,0.6988120195667427,1.0606852453142452,1.1320706172901733,1.1539882706048512,0.8941860611235134,1.120928389799991,1.1878736437396544,1.2082794760591986,0.8130818908415384,1.1712870690416715,1.2439305129860565
30m,DISCOVERY,OB,CAUSAL_DNO_QUANTILE_80_20_CONTROL_V1,FORECAST_REALIZATION,COMMON_ELIGIBILITY,10,5149,52894,N_GE_100,0.5255389395999223,0.5118855056515873,0.5391542934371328,0.47999773131167994,0.04554120828824232,0.09487796570161455,-9.082447401810139e-05,-0.0007808786582468308,-0.0006468644552171307,0.0004899636102849974,1.576709760994412,1.0748264335304578,1.530059117507915,1.6259771090744846,1.5248320846709928,1.0088472203882346,1.4789472863366737,1.5689896552931795,1.695399348307434,1.2617875910563505,1.6487909913862102,1.7420743792669786,1.7189539745943208,1.1688327529545772,1.6692016033012487,1.7698754887424129
30m,DISCOVERY,OB,PROJECT_DYNAMIC_EXTREMA_V1,FORECAST_REALIZATION,COMMON_ELIGIBILITY,1,4504,52903,N_GE_100,0.5575044404973357,0.5429559408042347,0.5719549291784195,0.4937716197569136,0.06373282074042214,0.12907347889252563,8.079097888404276e-06,-0.0006241478461154193,-0.00019577616291298935,0.00025162826462100707,0.4915300624682384,0.36497172835389013,0.47471271455797753,0.5082973103875766,0.5226639943684104,0.32108961130447966,0.5028286302571987,0.5438952284651092,0.5166683726855215,0.43145256984261854,0.5044303356006196,0.5316478944428714,0.5745066566415795,0.37702978375415946,0.5557447861296412,0.5955902140068058
30m,DISCOVERY,OB,PROJECT_DYNAMIC_EXTREMA_V1,FORECAST_REALIZATION,COMMON_ELIGIBILITY,3,4503,52901,N_GE_100,0.5369753497668222,0.5223858839331338,0.5515017805456889,0.4908035764919378,0.046171773274884365,0.0940738321527752,0.00019581896248455183,-0.0006193046093958543,-0.00017060585800387476,0.0005494249108476294,0.8392622738420837,0.5823000853370845,0.8128867193656463,0.8687783152588621,0.8799381019996517,0.5628024405638508,0.8486649439472771,0.9137980379349986,0.883881611192106,0.693429512986447,0.8588327634821525,0.9089647599375836,0.9724991171492863,0.6466751797304662,0.9420059066831785,1.0053738747778749
30m,DISCOVERY,OB,PROJECT_DYNAMIC_EXTREMA_V1,FORECAST_REALIZATION,COMMON_ELIGIBILITY,5,4503,52899,N_GE_100,0.528758605374195,0.5141603530254867,0.543307830458042,0.4870602468855744,0.041698358488620524,0.08561232158701881,0.0003130169434321136,-0.0006456854126751788,-0.00014928405397289616,0.0007656584749124294,1.085921377811123,0.7410838351088322,1.0521641553965417,1.1229698572365978,1.126443648556113,0.7390959330152047,1.0865939032010983,1.1669016049513,1.1460240005578712,0.8868154105922779,1.1118964584015418,1.1811449954843332,1.249537727436068,0.8266272467680499,1.2080817576578278,1.2926256753150052
30m,DISCOVERY,OB,PROJECT_DYNAMIC_EXTREMA_V1,FORECAST_REALIZATION,COMMON_ELIGIBILITY,10,4503,52894,N_GE_100,0.5178769709082833,0.5032731736114142,0.5324502917972658,0.47999773131167994,0.03787923959660339,0.0789154554816156,0.0003522231993261886,-0.0005231341548477264,-0.00028666777013176354,0.0009387394031994377,1.581039349006548,1.057492601355716,1.52877222222759,1.6332273087964213,1.5727496549149251,1.0581840403975455,1.5235690066772218,1.631149809526751,1.6716420748061194,1.2402795259299313,1.6195959572312515,1.7219537092216588,1.7834881563487186,1.2010321080918502,1.7315450562404415,1.840973588345287
30m,DISCOVERY,OS,ATR_1X_PRICE_BAND_CONTROL_V1,FORECAST_REALIZATION,COMMON_ELIGIBILITY,1,2635,52903,N_GE_100,0.5612903225806452,0.5422673476424992,0.5801348458048073,0.503525319925146,0.05776500265549911,0.11472114781454579,0.0003174050730867706,0.0007603011534325077,-0.0001336475122983652,0.000660482138112315,0.6605487518155126,0.4569856395114713,0.6316824627368499,0.691121172815849,0.8431130837569244,0.5055766833913812,0.7957411173541723,0.9013390934688942,0.6098900691303419,0.5293100118178136,0.5906076758428154,0.6280852972541627,0.814945529484999,0.5572930144923394,0.7762791801260642,0.8573873269388915
30m,DISCOVERY,OS,ATR_1X_PRICE_BAND_CONTROL_V1,FORECAST_REALIZATION,COMMON_ELIGIBILITY,3,2635,52901,N_GE_100,0.5521821631878557,0.533132813958821,0.5710795798430655,0.5074006162454396,0.044781546942416095,0.08825678469565434,0.0008163554577791691,0.0012147814064618068,0.0001656177966244287,0.0014014435233358517,1.0432601963929722,0.6889410509130313,0.995566359606525,1.1006996219037744,1.2899296870697894,0.7922876812739744,1.2332969191279637,1.3650243157888926,0.9620680116548935,0.8042377423963359,0.9285598631987451,0.9896722332260779,1.2689158604103177,0.8815267201603764,1.2161485546735458,1.3309973337765257
30m,DISCOVERY,OS,ATR_1X_PRICE_BAND_CONTROL_V1,FORECAST_REALIZATION,COMMON_ELIGIBILITY,5,2635,52899,N_GE_100,0.5563567362428843,0.5373186752240259,0.5752307100820114,0.5113518213954895,0.04500491484739477,0.08801164475091805,0.0012427318483378424,0.0015313301878983054,0.0005080121908758307,0.001908248269121851,1.3144976634854222,0.8668714531160622,1.2495521640174618,1.3839323143449984,1.5487957658475984,0.9680928208847047,1.4822902207137285,1.6266858485750983,1.23640629104071,0.9982290343508263,1.192900471625552,1.2750402959290261,1.5312564815028415,1.0621163076412463,1.4705300234299816,1.5987404145813722
30m,DISCOVERY,OS,ATR_1X_PRICE_BAND_CONTROL_V1,FORECAST_REALIZATION,COMMON_ELIGIBILITY,10,2634,52894,N_GE_100,0.5603644646924829,0.5413348914862582,0.5792182152658681,0.5192082277763074,0.04115623691617554,0.07926730493552014,0.0016998292523766306,0.002218704027883045,0.000765244450335337,0.0025601206946940435,1.7981274048563483,1.2308740772530093,1.7220524948577556,1.8842774653636751,2.0872883951908734,1.3006424845922653,1.9926496202813546,2.1884487144699305,1.725810166739405,1.3385106722396025,1.6679838272986647,1.7823520009785223,2.098473948475343,1.4422652452771916,2.008608325366439,2.1985901834559742
30m,DISCOVERY,OS,CAUSAL_DNO_QUANTILE_80_20_CONTROL_V1,FORECAST_REALIZATION,COMMON_ELIGIBILITY,1,5205,52903,N_GE_100,0.5682997118155619,0.5547979105962686,0.5817007688797975,0.503525319925146,0.0647743918904159,0.1286417769419128,2.4614469970235812e-05,0.0007603011534325077,-0.0002094408125811356,0.00024494480989661893,0.5162400749248772,0.38077880656762597,0.5016863971665635,0.5319899528099096,0.6333614823504868,0.35736132127104436,0.6110314074100915,0.6563667600666793,0.5298462862383707,0.4598331684715778,0.518485216905517,0.5417006823382485,0.65613760350104,0.43394645488867273,0.6313605906425216,0.6791927746328258
30m,DISCOVERY,OS,CAUSAL_DNO_QUANTILE_80_20_CONTROL_V1,FORECAST_REALIZATION,COMMON_ELIGIBILITY,3,5205,52901,N_GE_100,0.5629202689721422,0.54940311203852,0.5763446165927365,0.5074006162454396,0.05551965272670256,0.10941975817358207,0.0002586589166221783,0.001153846153846283,-0.00011262110707983353,0.0006303526732382671,0.8743177763398338,0.615202191012722,0.8444198835681987,0.9055075622828241,1.0756658501642118,0.596258258651142,1.0314083128792355,1.1191004440889882,0.9092068135252224,0.7474902249789811,0.8854075533368407,0.9306874761993524,1.1133570249676226,0.7304424460336109,1.0765697492747612,1.1446384327724168
30m,DISCOVERY,OS,CAUSAL_DNO_QUANTILE_80_20_CONTROL_V1,FORECAST_REALIZATION,COMMON_ELIGIBILITY,5,5205,52899,N_GE_100,0.5659942363112392,0.5524856566569697,0.5794054724570353,0.5113518213954895,0.054642414915749726,0.10685874701028641,0.0004926487125907058,0.0015445712775088438,2.2901151966839506e-05,0.0008999317982377938,1.1258663354063292,0.786737847710014,1.088422053986846,1.1646617546020794,1.3478914302547558,0.7658230830859136,1.297142647521475,1.4032509687905022,1.1855614156042513,0.947568909779289,1.1575099053149491,1.212999590775011,1.4020816143467352,0.9362754195926364,1.3608403691145536,1.4461907264693012
30m,DISCOVERY,OS,CAUSAL_DNO_QUANTILE_80_20_CONTROL_V1,FORECAST_REALIZATION,COMMON_ELIGIBILITY,10,5204,52894,N_GE_100,0.5522674865488086,0.5387233581514123,0.5657345040078362,0.5192082277763074,0.033059258772501265,0.06367244778475345,0.000957317309423079,0.0017712407722160206,0.0003234678194246603,0.0015458168511140716,1.5916663444404786,1.1060293556591572,1.544322197067458,1.6352533125465931,1.8446907521348443,1.1189235709701904,1.7768796304463697,1.9148651068744535,1.6956403354808827,1.3029096379900456,1.6514444857816,1.7331346320152536,1.9593211606412926,1.3365614766907092,1.9055795693693356,2.016253262543714
30m,DISCOVERY,OS,PROJECT_DYNAMIC_EXTREMA_V1,FORECAST_REALIZATION,COMMON_ELIGIBILITY,1,4306,52903,N_GE_100,0.5647933116581514,0.5499335279427165,0.5795375876546641,0.503525319925146,0.061267991733005345,0.12167807518023799,-3.629327553343968e-05,0.0007045299956648376,-0.0003192593700000523,0.00022120420900955567,0.5321808543229707,0.38936771795185343,0.5170870112046924,0.55134020463746,0.6735970261654511,0.38129732517676934,0.6437541737119244,0.7085776687973064,0.53924612616067,0.4724122407847435,0.5277699471685773,0.5517234548865889,0.6875245718617666,0.455212965991922,0.6605918344199468,0.7147155473958215
30m,DISCOVERY,OS,PROJECT_DYNAMIC_EXTREMA_V1,FORECAST_REALIZATION,COMMON_ELIGIBILITY,3,4306,52901,N_GE_100,0.5559684161634928,0.5410844741194841,0.5707525827226977,0.5074006162454396,0.048567799918053156,0.0957188429872935,0.0003257977240486105,0.0011209298496016595,-0.00012656200103324013,0.0007512563643939571,0.8890149011322023,0.6144209601095868,0.859283400101272,0.922608483365619,1.1004596821271273,0.6303684777795779,1.0544092201602469,1.1488809734368126,0.9134801292872579,0.7550518240353956,0.888588771905488,0.9359554942994868,1.1330156703131595,0.7549908183565235,1.0941343422533676,1.173592842606283
30m,DISCOVERY,OS,PROJECT_DYNAMIC_EXTREMA_V1,FORECAST_REALIZATION,COMMON_ELIGIBILITY,5,4306,52899,N_GE_100,0.5631676730143985,0.5483030819552763,0.5779196543977256,0.5113518213954895,0.051815851618909003,0.10133111773710413,0.00034148508348968667,0.0014295230136622816,-0.00021155794045557078,0.0007974335223245256,1.138506321236068,0.7942784429870249,1.103912988401126,1.1764687254722248,1.3898823970326073,0.7876353549861496,1.3317251202979243,1.45270213780445,1.1838267421139526,0.9583290566994422,1.1489666541442731,1.214547954383315,1.4344278593618316,0.9715269588836966,1.3864464834047439,1.4832699113343135
30m,DISCOVERY,OS,PROJECT_DYNAMIC_EXTREMA_V1,FORECAST_REALIZATION,COMMON_ELIGIBILITY,10,4305,52894,N_GE_100,0.5572590011614402,0.5423765632264438,0.5720393391822222,0.5192082277763074,0.03805077338513285,0.07328615254827286,0.0010434763469182164,0.0019295706705257931,0.0003218841247721073,0.001703220364626982,1.6122668360230845,1.123016690706783,1.5611689804654967,1.6656211922089983,1.8809911537264177,1.1457011457011474,1.80541747924604,1.9533595755875552,1.7013333401270674,1.3073496670375877,1.6536696934143325,1.7479394708825373,1.9847937659665582,1.3601795785604738,1.9226622450914879,2.050045742622612
30m,VALIDATION,OB,ATR_1X_PRICE_BAND_CONTROL_V1,FORECAST_REALIZATION,COMMON_ELIGIBILITY,1,876,17954,N_GE_100,0.5502283105022832,0.5171366317794986,0.5828813714610847,0.4942074189595633,0.05602089154271983,0.11335501935737535,6.450135677702235e-05,-0.00039525793930889064,-0.0004551980515648549,0.0005329509570898531,0.4595757732092009,0.3027417210950255,0.4202599359702689,0.5029801464722627,0.5644787975770507,0.3565204263608514,0.5208606219904763,0.6136554052316088,0.6346661201778004,0.473421162527451,0.5857332746645787,0.6897900922214479,0.7966363367698015,0.5441216846463931,0.738712631539578,0.8699607510205828
30m,VALIDATION,OB,ATR_1X_PRICE_BAND_CONTROL_V1,FORECAST_REALIZATION,COMMON_ELIGIBILITY,3,876,17952,N_GE_100,0.5468036529680366,0.5137049620253025,0.579493631903423,0.4972704991087344,0.04953315385930218,0.09961007931916566,0.00042156234927744247,-0.000593210954476231,-0.0004537754007768607,0.0011829919164240256,0.7468892247679126,0.4540193483339878,0.6887507087488558,0.8138377690336126,0.9204446128146037,0.5614025435895134,0.8458572352907823,1.006627033007738,1.0494556800420065,0.7405088427325759,0.9762009773965727,1.1275647758006178,1.295501173182971,0.8601059946891203,1.1989235829996137,1.4044093554057515
30m,VALIDATION,OB,ATR_1X_PRICE_BAND_CONTROL_V1,FORECAST_REALIZATION,COMMON_ELIGIBILITY,5,876,17950,N_GE_100,0.5399543378995434,0.5068463104712057,0.5727134648338038,0.5007242339832869,0.039230103916256476,0.07834672511090379,0.00029121238635470176,-0.0008061984675800105,-0.0007646027861007446,0.001290613225506798,0.9669142858324347,0.5888559189251896,0.8896726607010194,1.0453268229779922,1.145885303975307,0.6908482755832565,1.060535896532249,1.235871392428273,1.3648872098379359,0.9486280383578378,1.2635864042758396,1.4718850376718506,1.6382047839667546,1.067081150929345,1.517546790557231,1.7711652522299017
30m,VALIDATION,OB,ATR_1X_PRICE_BAND_CONTROL_V1,FORECAST_REALIZATION,COMMON_ELIGIBILITY,10,876,17945,N_GE_100,0.523972602739726,0.4908669953753782,0.5568688698076274,0.5000278629144609,0.023944739825265127,0.04788681111828619,0.000891203095604829,-0.0009947992474659828,-0.0005988649788917233,0.0023592406453877036,1.3353080496677492,0.8572774154818442,1.2275471022679534,1.4435849632950386,1.5769937843287298,0.9743246841481654,1.4454388284229507,1.7002844429091708,1.9244573395127205,1.2874878475395781,1.7882547095922015,2.072446110119786,2.32304766765708,1.4856165419569707,2.1401144172399955,2.513096897728334
30m,VALIDATION,OB,CAUSAL_DNO_QUANTILE_80_20_CONTROL_V1,FORECAST_REALIZATION,COMMON_ELIGIBILITY,1,1650,17954,N_GE_100,0.5721212121212121,0.5481072089910208,0.5958001640004436,0.4942074189595633,0.07791379316164881,0.15765403385824883,-2.715935120644571e-05,-0.00040223673358269485,-0.0003396408768232986,0.00024510214440896794,0.3586228239555944,0.22948700553900597,0.3350026646406619,0.38566384618953076,0.42497603655956206,0.23793240444659472,0.4000934686633451,0.45328879211648165,0.5151311104246606,0.3957123794308491,0.4851526052528562,0.5453995362029553,0.6331640050785139,0.39772143202724775,0.5962140104475779,0.6803289376371884
30m,VALIDATION,OB,CAUSAL_DNO_QUANTILE_80_20_CONTROL_V1,FORECAST_REALIZATION,COMMON_ELIGIBILITY,3,1650,17952,N_GE_100,0.5672727272727273,0.5432371688893012,0.5909957588590393,0.4972704991087344,0.07000222816399287,0.14077293603674246,0.00012494973773633484,-0.0007702354397594036,-0.00039135916082501886,0.0006185508976342418,0.6204040157011428,0.39486654405372845,0.5854505539035152,0.6584334591904077,0.7191248496442958,0.4251517030398487,0.6755425011239039,0.7700224972992427,0.9006099071428324,0.6656334708710512,0.8540470584495594,0.9474003142061517,1.074727600801909,0.677883480795582,1.0141686106589163,1.1496618844254385
30m,VALIDATION,OB,CAUSAL_DNO_QUANTILE_80_20_CONTROL_V1,FORECAST_REALIZATION,COMMON_ELIGIBILITY,5,1650,17950,N_GE_100,0.5424242424242425,0.5183145003094667,0.5663368955678654,0.5007242339832869,0.04170000844095556,0.08327938935415569,0.00010306876434706278,-0.000671562068776943,-0.0005590961342033385,0.0007292260678690228,0.8370821654811137,0.52535327624582,0.7917868124257104,0.8884999723786591,0.9266866335184444,0.539959132186207,0.8713308518563422,0.9833502633256536,1.2304379744311746,0.886810845850273,1.165820554836067,1.2945134631317148,1.3805797387955048,0.9079246213062555,1.30842243050465,1.4587976950656072
30m,VALIDATION,OB,CAUSAL_DNO_QUANTILE_80_20_CONTROL_V1,FORECAST_REALIZATION,COMMON_ELIGIBILITY,10,1650,17945,N_GE_100,0.5418181818181819,0.5177073837746603,0.5657347064472812,0.5000278629144609,0.04179031890372098,0.08357598046665249,0.0003033199990931031,-0.0009022290460176663,-0.0005945847026561574,0.0011600859142230162,1.2127136055329202,0.7707146465339902,1.148105882646587,1.279867228334128,1.3184691136537166,0.8057109398390949,1.2396941245423005,1.3901130349745043,1.8291046643259103,1.2636776178380238,1.727972755420995,1.9275239989487567,2.0212194381040898,1.2548961566200534,1.9118614603224164,2.145340424690324
30m,VALIDATION,OB,PROJECT_DYNAMIC_EXTREMA_V1,FORECAST_REALIZATION,COMMON_ELIGIBILITY,1,1400,17954,N_GE_100,0.5614285714285714,0.5353023341019321,0.5872186112810798,0.4942074189595633,0.06722115246900806,0.13601809663344655,-6.436922942954647e-05,-0.0003268966483626068,-0.00044601360457738294,0.00028142374433974825,0.3702582245281852,0.22948983218019778,0.34156652316251607,0.3980597145178756,0.4369442938947699,0.2442596285308206,0.40612781532111225,0.46799034400681455,0.5175847314976764,0.3992992012512926,0.48597299982142655,0.549451872306118,0.6361132948238234,0.4101831803611847,0.5996435707298781,0.6741824137015938
30m,VALIDATION,OB,PROJECT_DYNAMIC_EXTREMA_V1,FORECAST_REALIZATION,COMMON_ELIGIBILITY,3,1400,17952,N_GE_100,0.55,0.5238381824511067,0.5758881684420425,0.4972704991087344,0.05272950089126566,0.10603786266382897,0.00016976731448910043,-0.0005789016642369638,-0.0003586928978507463,0.0007316788615537287,0.6233368726084034,0.39145758175458545,0.5819964730484071,0.6669644166447011,0.729470176921783,0.4352709334385745,0.6840577744393433,0.7853700961410766,0.8905368756566586,0.6491659697284402,0.836460872168759,0.9396632890006927,1.1082578280227973,0.6997596812196818,1.0421165743048626,1.1880301698108628
30m,VALIDATION,OB,PROJECT_DYNAMIC_EXTREMA_V1,FORECAST_REALIZATION,COMMON_ELIGIBILITY,5,1400,17950,N_GE_100,0.5328571428571428,0.5066678702363565,0.5588665889219986,0.5007242339832869,0.03213290887385589,0.06417286540784528,0.00012187339347163547,-0.0004978763726113944,-0.0005316407151685806,0.0008835586905551908,0.8347692233412194,0.5310645382631389,0.78143434927259,0.890590330556068,0.930601331068962,0.5602559361683799,0.8768697400696621,0.99572667335502,1.2088231843786221,0.8843104679559153,1.1354643460980849,1.2756852336172453,1.442090611496097,0.9061966319559035,1.3647226886859742,1.5351077941255078
30m,VALIDATION,OB,PROJECT_DYNAMIC_EXTREMA_V1,FORECAST_REALIZATION,COMMON_ELIGIBILITY,10,1400,17945,N_GE_100,0.5257142857142857,0.49952269594076854,0.5517651416614225,0.5000278629144609,0.025686422799824804,0.051369982964767136,0.000251201681554675,-0.0006741149843352279,-0.0006662273784017461,0.0012916130732302626,1.194680645300737,0.7522106530174503,1.1148212826208737,1.2656247573750088,1.315784164031495,0.8191658768958374,1.2404710366435634,1.404419929322835,1.757109464591299,1.2045632191727926,1.6579864081933706,1.8553697431363803,2.0822211906466848,1.3006183538468252,1.9572044783342077,2.2135879785647523
30m,VALIDATION,OS,ATR_1X_PRICE_BAND_CONTROL_V1,FORECAST_REALIZATION,COMMON_ELIGIBILITY,1,897,17954,N_GE_100,0.5730211817168339,0.5404069585641746,0.6050126135337393,0.5043444357803275,0.06867674593650641,0.13617032540519447,6.417654791072839e-05,0.0006719609040928276,-0.00044089280197140033,0.0006083744349157802,0.47562465030538403,0.30600559445811354,0.43989388771163995,0.5157506411393672,0.5822907178155368,0.33828495095796035,0.5360639221155157,0.6285479607097934,0.6305342614214476,0.5273945826707882,0.5925616037354875,0.6759723454009966,0.8121401979337101,0.5369432946534987,0.7612719265262987,0.8695149433884614
30m,VALIDATION,OS,ATR_1X_PRICE_BAND_CONTROL_V1,FORECAST_REALIZATION,COMMON_ELIGIBILITY,3,897,17952,N_GE_100,0.568561872909699,0.5359251959719775,0.6006137915703385,0.5021724598930482,0.0663894130166508,0.13220440848307424,-3.637686810836543e-05,0.0011070767243708257,-0.0008204966910037567,0.0007318445738092583,0.7385361321190768,0.5037948538612449,0.684229233537231,0.7934763931228345,0.9066276810378316,0.5205320994794621,0.8389286723147964,0.980853285088712,0.99532603207427,0.7821115568813362,0.9378874044190754,1.0606628935363198,1.2636546688883707,0.8615895365406459,1.170751593982062,1.363903860866105
30m,VALIDATION,OS,ATR_1X_PRICE_BAND_CONTROL_V1,FORECAST_REALIZATION,COMMON_ELIGIBILITY,5,897,17950,N_GE_100,0.5406911928651059,0.507974106779622,0.5730612272902078,0.498941504178273,0.04174968868683293,0.08367651986697755,-0.0006073319679606091,0.0009319286871962706,-0.0015151097339761955,0.000367490391611127,0.9280116508361996,0.6224679021532408,0.8559424791250047,0.9988793562614737,1.1546139760723295,0.6905326287225756,1.0614101063577035,1.25446226606279,1.257778065664264,0.9749046879486021,1.1778365499788395,1.3403818874185245,1.6338942654562973,1.1077125337825806,1.516795567724155,1.7453244473042104
30m,VALIDATION,OS,ATR_1X_PRICE_BAND_CONTROL_V1,FORECAST_REALIZATION,COMMON_ELIGIBILITY,10,897,17945,N_GE_100,0.5328874024526199,0.5001661566579438,0.5653281544395898,0.49941487879632207,0.033472523656297826,0.06702348103238842,-0.00024926146859560055,0.0007585557099281104,-0.0015207709988225872,0.0010707936086967282,1.25489720285009,0.845175125089348,1.1638628822428552,1.3461328685056337,1.4760971909967837,0.9294329568570465,1.350079158213688,1.5943461994079908,1.717387244936045,1.3261373164921317,1.6108736015646576,1.819442356978857,2.0985122668421567,1.4652506888161836,1.9596507261584206,2.2552111644185326
30m,VALIDATION,OS,CAUSAL_DNO_QUANTILE_80_20_CONTROL_V1,FORECAST_REALIZATION,COMMON_ELIGIBILITY,1,1725,17954,N_GE_100,0.5797101449275363,0.5562643861342179,0.6028016613278516,0.5043444357803275,0.07536570914720875,0.14943301402860132,0.0001161003164675998,0.0005552603454554994,-0.00016475108687536688,0.0004142629062336694,0.3749139495692657,0.24099534737832087,0.3547599217878089,0.3980427969807368,0.4414169071562836,0.251006763889417,0.4137441058186476,0.46982534613251675,0.5419651754050527,0.43039166852969424,0.5171242783245054,0.5682899869384905,0.6587010635882407,0.42669780735936325,0.6238533183944736,0.6969200417760276
30m,VALIDATION,OS,CAUSAL_DNO_QUANTILE_80_20_CONTROL_V1,FORECAST_REALIZATION,COMMON_ELIGIBILITY,3,1725,17952,N_GE_100,0.566376811594203,0.5428680663493396,0.5895905695372564,0.5021724598930482,0.0642043517011548,0.12785319154066888,2.6136251872359187e-05,0.0008167015466284955,-0.00045978455364403944,0.0004435848197793513,0.6389133044809133,0.4020136469914592,0.6046178162473722,0.6790218866143592,0.7476064630327668,0.4204796401476634,0.7031069895025972,0.7963904969173298,0.920169683331066,0.6868973459293155,0.8768844371830108,0.9618273248527583,1.1202597351260744,0.7245729473234022,1.0633044502261202,1.1817792039661366
30m,VALIDATION,OS,CAUSAL_DNO_QUANTILE_80_20_CONTROL_V1,FORECAST_REALIZATION,COMMON_ELIGIBILITY,5,1724,17950,N_GE_100,0.574245939675174,0.5507654385785222,0.5973962910615095,0.498941504178273,0.07530443549690102,0.1509283851238692,0.0003333397268832457,0.0010764415314999942,-0.00030059953455507715,0.0008999380242359728,0.8395764920654136,0.5272900354671364,0.7884449020886557,0.8893438083995454,0.9381029043647383,0.5401262559048239,0.8806294898956959,0.9898902100147523,1.2117630736423877,0.9002244205431654,1.1525484046024486,1.269241211323679,1.4264026964187153,0.9182283378520747,1.358802396834435,1.5129406689192197
30m,VALIDATION,OS,CAUSAL_DNO_QUANTILE_80_20_CONTROL_V1,FORECAST_REALIZATION,COMMON_ELIGIBILITY,10,1722,17945,N_GE_100,0.5644599303135889,0.5409229908734546,0.5877099033620302,0.49941487879632207,0.0650450515172668,0.1302425183527509,0.0006753407017490588,0.0012362427710954638,-0.0002008589141955771,0.0015561422900739119,1.2156545918975066,0.7363398271779409,1.1487020171222604,1.2840749277939776,1.264808545841576,0.7826986008232635,1.1927479918556316,1.348195748870627,1.7751202279441947,1.300110168670602,1.6941713936527871,1.857894884650272,1.9599360702479085,1.2795243623449466,1.8566250061775753,2.0755067227266393
30m,VALIDATION,OS,PROJECT_DYNAMIC_EXTREMA_V1,FORECAST_REALIZATION,COMMON_ELIGIBILITY,1,1351,17954,N_GE_100,0.6032568467801629,0.5769118250644872,0.6290163070507359,0.5043444357803275,0.09891241099983539,0.19612075395814954,7.06488423121598e-05,0.0007261932312407904,-0.00028657968459280835,0.0003989820277301646,0.39531347327473865,0.2560933246083931,0.370946533901592,0.4200543396870295,0.4687971680420163,0.25406619331714414,0.43972896964652236,0.5065268241332029,0.5629113134974884,0.4513380771293443,0.5316393915691949,0.5942013058726677,0.6893364619468895,0.4407683311038615,0.6480711719157141,0.7350278864148951
30m,VALIDATION,OS,PROJECT_DYNAMIC_EXTREMA_V1,FORECAST_REALIZATION,COMMON_ELIGIBILITY,3,1351,17952,N_GE_100,0.5677276091783864,0.5411557352373162,0.5939154051823461,0.5021724598930482,0.06555514928533823,0.13054309927569507,0.00016988191922042228,0.0008390296868445724,-0.00034751599658307774,0.000737111267561985,0.6573796785001271,0.4239030982699679,0.612533462650824,0.69737935562081,0.7512170832976981,0.42996862889830734,0.7050180095414381,0.811121144926735,0.9304996596600862,0.7077840054269048,0.8818590974117267,0.9728845514980647,1.1322751772330402,0.722557395102962,1.059470507935561,1.2009706747218145
30m,VALIDATION,OS,PROJECT_DYNAMIC_EXTREMA_V1,FORECAST_REALIZATION,COMMON_ELIGIBILITY,5,1350,17950,N_GE_100,0.5718518518518518,0.5452892713111768,0.5980066652297007,0.498941504178273,0.07291034767357885,0.1461300514449242,0.0003182010703178352,0.0010981778082139737,-0.00038922431307620003,0.0010401339324384866,0.8498878887844867,0.5438252868113086,0.7943235164637372,0.9054049940544246,0.9442005204820192,0.546501489463364,0.8845703726039198,1.0100459314038088,1.2100332507026872,0.9210408794533875,1.1494341903742582,1.274942193070181,1.4521232233222345,0.916773066410799,1.3668426856915838,1.5545969103218393
30m,VALIDATION,OS,PROJECT_DYNAMIC_EXTREMA_V1,FORECAST_REALIZATION,COMMON_ELIGIBILITY,10,1350,17945,N_GE_100,0.5711111111111111,0.5445449491807945,0.5972737096637852,0.49941487879632207,0.07169623231478905,0.14356046517394438,0.0006451168601341285,0.0013965417715156025,-0.00022066328199126073,0.0015769453775686135,1.212977843489578,0.7540290422082059,1.143367855102269,1.2874766655037524,1.2740271788742807,0.7761239689021944,1.1935521181506674,1.3618996208749556,1.7706942114505038,1.3252662742179013,1.6787118744960863,1.8635071596029074,1.969609827450836,1.2524276404660442,1.8381682337247973,2.108814489965491
4H,DISCOVERY,OB,ATR_1X_PRICE_BAND_CONTROL_V1,FORECAST_REALIZATION,COMMON_ELIGIBILITY,1,397,6583,N_GE_100,0.5062972292191436,0.45729218947211936,0.5551815657468997,0.48230290141272975,0.023994327806413807,0.04974949919673133,0.001030095930216808,-0.00017822950661727788,-0.0008408998821643364,0.0028757959655874177,1.4426752885109406,1.0273362497278247,1.2668525289341597,1.634350549621965,1.60917182008655,1.1636083199128984,1.4624590455257545,1.7687860245516738,0.5338313054294408,0.41020776331477615,0.47957842905797343,0.590100717269014,0.6387636089455946,0.4597181411559146,0.5831381901384931,0.6986269210001199
4H,DISCOVERY,OB,ATR_1X_PRICE_BAND_CONTROL_V1,FORECAST_REALIZATION,COMMON_ELIGIBILITY,3,397,6581,N_GE_100,0.4156171284634761,0.36817263793751753,0.46467904212762534,0.4743959884516031,-0.058778859988126986,-0.12390252324851492,0.005834653367342398,0.004143610013175314,0.002441778844413885,0.00872603395269665,2.3046316972496594,1.5346856703530656,2.0437245063320693,2.5911138804976046,2.8900724460378457,2.023252302581895,2.594848440151379,3.1672082842030678,0.8643213506656047,0.6360731905367863,0.7818381582796817,0.9551066460248043,1.1280788714696828,0.807259591549825,1.0317042979558073,1.235929895638048
4H,DISCOVERY,OB,ATR_1X_PRICE_BAND_CONTROL_V1,FORECAST_REALIZATION,COMMON_ELIGIBILITY,5,397,6579,N_GE_100,0.42317380352644834,0.3755372217116402,0.47228296461632563,0.4675482596139231,-0.044374456087474756,-0.09490882529242406,0.009138052411410504,0.006813239913022517,0.004517938399287419,0.013409808232807102,2.964928395241724,1.982234279963244,2.660654745022927,3.2940668707154632,3.94820863206556,2.841199651054355,3.5537704893669204,4.358783192552781,1.1291967833481815,0.8521731098949312,1.027309939898945,1.2306389889424771,1.5601952603454392,1.1544155077888325,1.415809592611965,1.7244381548313235
4H,DISCOVERY,OB,ATR_1X_PRICE_BAND_CONTROL_V1,FORECAST_REALIZATION,COMMON_ELIGIBILITY,10,397,6574,N_GE_100,0.45591939546599497,0.4075820881949048,0.5051016252719608,0.4627319744447825,-0.006812578978787509,-0.014722516175722955,0.012121850011615766,0.0063785480806097805,0.006339519891465025,0.017707476323867943,3.9897770991180193,2.8659611992945355,3.5888142983374354,4.38760486631424,5.412446739264748,3.8750326455993744,4.871037406018389,5.982211427330656,1.5527479528637447,1.1100926495528385,1.4067449024710759,1.689189864122204,2.173336571193275,1.5487540826736952,1.963683011730438,2.4179315263641774
4H,DISCOVERY,OB,CAUSAL_DNO_QUANTILE_80_20_CONTROL_V1,FORECAST_REALIZATION,COMMON_ELIGIBILITY,1,632,6583,N_GE_100,0.5205696202531646,0.48161367871325333,0.5592770085270907,0.48230290141272975,0.03826671884043481,0.07934167248081336,0.0012023383723968567,-0.0005500282810789736,-0.00015554274741609573,0.0025208218732008483,1.2600970350112035,0.9393690229180587,1.166681448445632,1.3657566981397573,1.4656184941806611,1.0461580542716333,1.3645772826099032,1.5669505972824727,0.47086657352183425,0.35938566826079077,0.43870892928191935,0.5071703225546466,0.5508150752257248,0.41612614102965784,0.5160112180067443,0.5894937418983723
4H,DISCOVERY,OB,CAUSAL_DNO_QUANTILE_80_20_CONTROL_V1,FORECAST_REALIZATION,COMMON_ELIGIBILITY,3,632,6581,N_GE_100,0.47151898734177217,0.4328894157050365,0.510492709654487,0.4743959884516031,-0.0028770011098309123,-0.006064556151120226,0.003097398648530128,0.0019122706650521737,0.0007027621786264939,0.005606816145936543,2.2139533060305077,1.5600035301653667,2.0593514797662418,2.3911618300470745,2.5302437539606446,1.8522152518409292,2.32680150161026,2.7444714029905253,0.8324860053125329,0.6154404124216204,0.7717820639151374,0.8911135416661201,0.959786626154955,0.6950609354587303,0.8921117184948872,1.0385663263566451
4H,DISCOVERY,OB,CAUSAL_DNO_QUANTILE_80_20_CONTROL_V1,FORECAST_REALIZATION,COMMON_ELIGIBILITY,5,632,6579,N_GE_100,0.4462025316455696,0.4078874429146143,0.48516768276448563,0.4675482596139231,-0.02134572796835349,-0.04565459827821772,0.0067089474363275755,0.005541146174779188,0.0035978326357240984,0.010086634147342866,2.9885494159529924,2.1770170087583836,2.7740196102650794,3.2031839237788944,3.518112110962159,2.6752975540497936,3.242578484971566,3.79030221174199,1.1322015479291914,0.8767690976488105,1.058768726868143,1.2180708889553105,1.3527108677909017,1.0404337257004497,1.2553475937879992,1.4722247112999682
4H,DISCOVERY,OB,CAUSAL_DNO_QUANTILE_80_20_CONTROL_V1,FORECAST_REALIZATION,COMMON_ELIGIBILITY,10,632,6574,N_GE_100,0.46044303797468356,0.42193874384849595,0.4994253191508423,0.4627319744447825,-0.0022889364700989234,-0.004946570793698313,0.009130167849594188,0.005376101601690664,0.004611418224085028,0.013553524538070006,4.216728513995382,3.094674281086931,3.920932146397428,4.5056707702725465,5.0557851277281305,3.6375179186482387,4.665781815984025,5.440455411468258,1.6008501050608848,1.1816897394230588,1.4848779419259217,1.718873171584478,1.961792304758399,1.4278345763675686,1.821866200156887,2.123573744099918
4H,DISCOVERY,OB,PROJECT_DYNAMIC_EXTREMA_V1,FORECAST_REALIZATION,COMMON_ELIGIBILITY,1,605,6583,N_GE_100,0.5289256198347108,0.4890924357410039,0.5683937807067553,0.48230290141272975,0.04662271842198101,0.09666688358170106,0.0008545512726188692,-0.0009989576094511232,-0.0005849397625899568,0.002363672689890948,1.3059462567296558,0.9703834638000064,1.207893421374747,1.4264570184491683,1.4551375591063844,1.0138560324433872,1.347773940683274,1.5754018738755236,0.4773858085755223,0.36896759502968324,0.4419982100763787,0.5157454966237588,0.5387697179647161,0.38902639415776363,0.4997888160721652,0.5762567390827366
4H,DISCOVERY,OB,PROJECT_DYNAMIC_EXTREMA_V1,FORECAST_REALIZATION,COMMON_ELIGIBILITY,3,605,6581,N_GE_100,0.46611570247933887,0.4267034617472562,0.5059555418425117,0.4743959884516031,-0.008280285972264212,-0.017454376035704877,0.0035909948647629593,0.0026745851234100115,0.0010694124730191797,0.0062357016387925655,2.3037634777058944,1.5578245325994722,2.1266171531731968,2.495884958546817,2.5805262256999217,1.86784887700884,2.367934215551614,2.764837974210244,0.8444286790992941,0.6232381663367059,0.7799826981769663,0.9123650295880134,0.9632874254266336,0.7006540782414876,0.8969650150876409,1.0389880498932988
4H,DISCOVERY,OB,PROJECT_DYNAMIC_EXTREMA_V1,FORECAST_REALIZATION,COMMON_ELIGIBILITY,5,605,6579,N_GE_100,0.4479338842975207,0.40876019135849784,0.4877646190355356,0.4675482596139231,-0.01961437531640242,-0.04195155240787107,0.006347086858164922,0.005513678508476616,0.0028051931762809535,0.009758085213502512,3.0655302552906636,2.2024305707892817,2.83360833209008,3.2974329364169503,3.5515449513995807,2.579212873439694,3.272754209087062,3.8209815657958113,1.1273117537377337,0.8672440594446895,1.0428651063793601,1.2173742320734648,1.3462170919831575,1.0257274420466205,1.2440717083240354,1.4484988953983446
4H,DISCOVERY,OB,PROJECT_DYNAMIC_EXTREMA_V1,FORECAST_REALIZATION,COMMON_ELIGIBILITY,10,605,6574,N_GE_100,0.4628099173553719,0.42343712759393015,0.5026520226875223,0.4627319744447825,7.79429105894347e-05,0.0001684407278812472,0.011203548014183799,0.0059190031152649425,0.006344064519095903,0.016419735853810492,4.220374467069747,2.9943697932228015,3.921388434207192,4.537789197856616,5.140726721370012,3.732956801835595,4.720929164853521,5.561094145733682,1.5580701901091092,1.1502209555361829,1.4401537295649451,1.6714971460259764,1.9790865210282425,1.391704851721847,1.8276885530853169,2.1386303335243357
4H,DISCOVERY,OS,ATR_1X_PRICE_BAND_CONTROL_V1,FORECAST_REALIZATION,COMMON_ELIGIBILITY,1,363,6583,N_GE_100,0.5785123966942148,0.5271516316947178,0.6282287831764417,0.5164818471821359,0.06203054951207898,0.12010209042294595,0.0006760145302030158,0.0026775320139695857,-0.0021799180222841124,0.0034563509681656193,1.7748164485815023,1.1944255223921012,1.579686420874567,1.9879098153205,2.6101077742037897,1.5428571428571365,2.301849673640568,2.966364934102408,0.5374492563210922,0.43085596243252205,0.4931520065226786,0.581127713395242,0.813428331177023,0.5189213153913733,0.7272398981432139,0.913912141170215
4H,DISCOVERY,OS,ATR_1X_PRICE_BAND_CONTROL_V1,FORECAST_REALIZATION,COMMON_ELIGIBILITY,3,363,6581,N_GE_100,0.5179063360881543,0.46658467101341305,0.5688529674659742,0.5253001063668136,-0.007393770278659284,-0.014075326064176052,0.00017538396659067193,0.0007380712648812349,-0.004367426274629225,0.0037097619067464845,2.863117929100487,1.9339798677961502,2.569517087602655,3.1614778219033504,3.8349205164551425,2.3185932630954147,3.362356829470121,4.3504063237793975,0.9137452045485213,0.6846122908379848,0.8326397114382327,0.9980172285217378,1.1841980134910248,0.8265867596928452,1.0557611485641576,1.3117789731869134
4H,DISCOVERY,OS,ATR_1X_PRICE_BAND_CONTROL_V1,FORECAST_REALIZATION,COMMON_ELIGIBILITY,5,363,6579,N_GE_100,0.581267217630854,0.529922749688075,0.6309096095645288,0.5322997416020672,0.048967476028786816,0.09199229719971114,0.0023029109191399287,0.006667420047463013,-0.003478357641859787,0.007761923618927991,3.6461525582475076,2.5388155565670414,3.288623988794744,4.0329629117208885,4.751252666159251,2.976833513383752,4.186733997130672,5.411206334152353,1.1764577323900387,0.9346975975244528,1.0773563507656467,1.2669283881810478,1.487486182365144,1.0847881802521795,1.3351820833251336,1.636768562253551
4H,DISCOVERY,OS,ATR_1X_PRICE_BAND_CONTROL_V1,FORECAST_REALIZATION,COMMON_ELIGIBILITY,10,363,6574,N_GE_100,0.5757575757575758,0.5243821086867064,0.625546361803009,0.5371159111651962,0.03864166459237961,0.07194287823004908,0.0055651835889391375,0.005572082920149102,-0.0020248620350582134,0.011910739446130436,4.894228077369679,3.929273084479374,4.489382661920108,5.398043808641419,5.789703542341005,3.6615157741164364,5.184879614229124,6.5053844652955295,1.62929092939595,1.2843873975854765,1.503946325629038,1.7685166362162577,1.8654820070280906,1.3038600391602697,1.6736155020083487,2.0658545032503635
4H,DISCOVERY,OS,CAUSAL_DNO_QUANTILE_80_20_CONTROL_V1,FORECAST_REALIZATION,COMMON_ELIGIBILITY,1,574,6583,N_GE_100,0.5923344947735192,0.5516489043470026,0.6317923709090537,0.5164818471821359,0.07585264759138333,0.14686411149825784,0.001022357843947613,0.0027453759609531447,-0.000784133266396498,0.0027879344933042617,1.4939292872897711,1.0891482404932928,1.3765779612798181,1.6168378100249574,1.8735995154822174,1.0953911024277505,1.6962270526727994,2.0836059205288864,0.5032925074805258,0.40808750076267875,0.4678499515196511,0.5379198020037942,0.6473881848079637,0.41989904777040643,0.5817436175546303,0.7171243518902366
4H,DISCOVERY,OS,CAUSAL_DNO_QUANTILE_80_20_CONTROL_V1,FORECAST_REALIZATION,COMMON_ELIGIBILITY,3,574,6581,N_GE_100,0.5749128919860628,0.5341037422169449,0.6147259716700443,0.5253001063668136,0.0496127856192492,0.09444655544121461,0.0013739972302755392,0.004722010860597647,-0.0014523588545478148,0.004334549845886054,2.5360988235296826,1.8535217158148747,2.370909438233675,2.756570360999138,3.01659462250365,1.7478730230091692,2.731149297958893,3.3465809975245002,0.8715078956621097,0.7075504838399023,0.808076881105614,0.932369585744674,1.0513573476501163,0.6675394984868017,0.9606351631981278,1.1519073157841762
4H,DISCOVERY,OS,CAUSAL_DNO_QUANTILE_80_20_CONTROL_V1,FORECAST_REALIZATION,COMMON_ELIGIBILITY,5,574,6579,N_GE_100,0.5696864111498258,0.5288501502644988,0.6095960952117702,0.5322997416020672,0.0373866695477586,0.07023612191739126,0.002950933142997763,0.006289067379991242,-0.001084927822010911,0.00716753486955053,3.3231384404686866,2.4324936225184173,3.097440034354899,3.599077373554664,3.761864011309986,2.3746243641415825,3.4219677281165946,4.160554405040399,1.1483927226425632,0.9532773616632112,1.073346090416762,1.2207196871549684,1.3288582608988029,0.8867774143754312,1.2222525839661693,1.4498715821477897
4H,DISCOVERY,OS,CAUSAL_DNO_QUANTILE_80_20_CONTROL_V1,FORECAST_REALIZATION,COMMON_ELIGIBILITY,10,574,6574,N_GE_100,0.5574912891986062,0.5166094546678245,0.5976086978500973,0.5371159111651962,0.020375378033410052,0.037934787649854806,0.008191265277668143,0.005048113010646671,0.0033716476086188656,0.01369518193723096,4.832251522040987,3.6646779904271254,4.46965410087809,5.241583225325033,5.025471059382732,3.420489402694109,4.562299634766348,5.5423743545180875,1.6735101958284686,1.291376479318806,1.5621990995581396,1.7946918709374216,1.7830704947153904,1.190214208869526,1.638325024986762,1.9413760354521699
4H,DISCOVERY,OS,PROJECT_DYNAMIC_EXTREMA_V1,FORECAST_REALIZATION,COMMON_ELIGIBILITY,1,494,6583,N_GE_100,0.5668016194331984,0.5227550197448554,0.6098172683082121,0.5164818471821359,0.050319772251062544,0.09742795903786616,0.0009835976400428986,0.002187296684268758,-0.0010863349180220813,0.002856846914361077,1.516921169816044,1.1089820614450745,1.403100245468248,1.6365909286522426,1.9379624984335715,1.1861093680457497,1.7649116416129405,2.127450412640915,0.5176336749269881,0.4071972275997423,0.4815065429804335,0.5551696187302619,0.6909469703386412,0.456720266617821,0.6282203803048987,0.7579081269402056
4H,DISCOVERY,OS,PROJECT_DYNAMIC_EXTREMA_V1,FORECAST_REALIZATION,COMMON_ELIGIBILITY,3,494,6581,N_GE_100,0.5951417004048583,0.5512819400729022,0.6375331368511635,0.5253001063668136,0.06984159403804469,0.13295560612217883,0.0033860687248371724,0.005436705008679543,0.00033431228900234833,0.00602836426761541,2.629517301291065,1.9375201788489345,2.4273157674681656,2.849138076775798,2.954665758415307,1.8296823368198631,2.6541961971532575,3.297975210171585,0.9141290368047832,0.7674642425714582,0.8505135706683152,0.980226209966114,1.0318052621747633,0.701157887748403,0.9442753991160946,1.1311910488679116
4H,DISCOVERY,OS,PROJECT_DYNAMIC_EXTREMA_V1,FORECAST_REALIZATION,COMMON_ELIGIBILITY,5,494,6579,N_GE_100,0.5910931174089069,0.5471977145284305,0.633582678271207,0.5322997416020672,0.05879337580683974,0.11045163319051943,0.0054461078310467925,0.0074129947906949045,0.0011168905640333373,0.008980501308391986,3.410051970762701,2.585957712074818,3.1615606197270134,3.659238265218798,3.6186265325626543,2.3834630476926986,3.254126963268127,4.043419287693769,1.1895685924850692,0.9811343849740082,1.1097337417651758,1.2696263276673092,1.2758456700072802,0.8790727777219316,1.1686399832065695,1.3845434542318378
4H,DISCOVERY,OS,PROJECT_DYNAMIC_EXTREMA_V1,FORECAST_REALIZATION,COMMON_ELIGIBILITY,10,494,6574,N_GE_100,0.5991902834008097,0.5553691843668668,0.6414805766816273,0.5371159111651962,0.06207437223561352,0.11556978846698485,0.011341375844185226,0.009012822718402758,0.006168270038974496,0.01614764959012849,4.918455371307006,3.9386766289546635,4.560099924287443,5.316767217602327,4.645847098649758,3.1990900347920506,4.21035845770041,5.178183906128103,1.7145121781667179,1.448134869514116,1.600915807512341,1.8277561130842372,1.6741627878443859,1.1579026208873964,1.5277364796091362,1.8301882345606724
4H,VALIDATION,OB,ATR_1X_PRICE_BAND_CONTROL_V1,FORECAST_REALIZATION,COMMON_ELIGIBILITY,1,126,2249,N_GE_100,0.5555555555555556,0.46842447964780765,0.6393992070596883,0.5006669630947087,0.054888592460846874,0.10963094533254414,0.0011375371085467541,-0.001291742237418514,-0.0018874031135885157,0.004450317911084831,1.13554242022109,0.7568484723855975,0.9236539019185829,1.3523738134890513,1.5239155160686126,0.9751589840492243,1.2313840940485972,1.8375425156916103,0.5018766349190901,0.39678642447591167,0.41919343461307174,0.5829755280819314,0.7859013251555342,0.456755323171956,0.6139362184951578,0.9633243226608417
4H,VALIDATION,OB,ATR_1X_PRICE_BAND_CONTROL_V1,FORECAST_REALIZATION,COMMON_ELIGIBILITY,3,126,2247,N_GE_100,0.42063492063492064,0.3380368812599529,0.5079292805864816,0.5122385402759234,-0.09160361964100278,-0.17883000289603235,0.003526710121798247,0.002818323600997319,-0.0015852562789667416,0.008430055865678004,1.9169130323193222,1.2676759494240286,1.5488929098842363,2.2943302657778895,2.37228246052871,1.6003180738858693,1.9963190839882163,2.734842504513781,0.8411288692111211,0.5974134675371687,0.710946396213201,0.9836329174834237,1.186539830355893,0.7553990097580219,0.9854401122983512,1.382187066054779
4H,VALIDATION,OB,ATR_1X_PRICE_BAND_CONTROL_V1,FORECAST_REALIZATION,COMMON_ELIGIBILITY,5,126,2245,N_GE_100,0.4126984126984127,0.3305590263103976,0.5000037517206803,0.5086859688195992,-0.09598755612118648,-0.18869707836432892,0.009228312603372538,0.006318730287368068,0.0021334168028193283,0.015733532271887757,2.368841772253197,1.5817645356314414,1.9216101213404715,2.821668301954543,3.3471352028373387,2.54220348688758,2.8608851063568737,3.886952529841141,1.0645212726281539,0.8863524119361337,0.9011135677536856,1.2425697809869498,1.65295844204232,1.143103996404514,1.3795889534019519,1.92060205077498
4H,VALIDATION,OB,ATR_1X_PRICE_BAND_CONTROL_V1,FORECAST_REALIZATION,COMMON_ELIGIBILITY,10,126,2240,N_GE_100,0.4365079365079365,0.3530579106505297,0.523715018826618,0.5008928571428571,-0.06438492063492063,-0.1285403050108932,0.012096653286463576,0.0035298961002614426,0.0020736833563186246,0.01991880655652392,3.0485727958080373,2.079852123383624,2.4836868984248914,3.673452869946681,4.513063059033416,3.1689779337661466,3.8082904024775566,5.2258848547683785,1.4220563216574014,1.057941596633213,1.2048696283084444,1.6567356218049465,2.193105964618105,1.6145421031768767,1.8450802547047815,2.5301658940579594
4H,VALIDATION,OB,CAUSAL_DNO_QUANTILE_80_20_CONTROL_V1,FORECAST_REALIZATION,COMMON_ELIGIBILITY,1,197,2249,N_GE_100,0.5482233502538071,0.478466026025584,0.6161358891155021,0.5006669630947087,0.04755638715909838,0.09498606991191139,0.0021009886375073458,-0.0009104889436662988,-0.00021371155965421493,0.004692000685534239,1.113598159001244,0.6949397021840215,0.9530839305622668,1.2787402949712048,1.454228685179693,0.9360913934690497,1.2306585791320683,1.6798575266255111,0.4962043702318518,0.3543956611437185,0.42347060970086803,0.5624382639305656,0.7023380007984746,0.4472590061299811,0.5930573095625913,0.8265079158936742
4H,VALIDATION,OB,CAUSAL_DNO_QUANTILE_80_20_CONTROL_V1,FORECAST_REALIZATION,COMMON_ELIGIBILITY,3,196,2247,N_GE_100,0.4744897959183674,0.4057448120499269,0.5442155565620136,0.5122385402759234,-0.03774874435755604,-0.07369368251210118,0.003443906414790979,0.0011485159902826503,-0.0008506501813652269,0.007223984097570828,1.812606487557438,1.204169684112946,1.5501989862776764,2.0790894072944197,2.2316013821381397,1.3373697038093062,1.928028952529607,2.5999744391232236,0.805147441701388,0.5905752053811897,0.7038315839431164,0.9095198375675894,1.071801224345855,0.7304386971064165,0.9224520343980191,1.2430985211963086
4H,VALIDATION,OB,CAUSAL_DNO_QUANTILE_80_20_CONTROL_V1,FORECAST_REALIZATION,COMMON_ELIGIBILITY,5,196,2245,N_GE_100,0.45918367346938777,0.3908712872467186,0.5290653025323864,0.5086859688195992,-0.04950229535021139,-0.09731405697129991,0.005667610746902852,0.0019490648605545724,5.610999565829716e-05,0.01075236076974126,2.3167227805946937,1.598860328399386,1.9516514109700718,2.696003024745534,3.010478018492853,1.9979848118298065,2.590887394046947,3.4913965932651645,1.0146534677935135,0.8200828844475325,0.906977944107625,1.1413176362214024,1.45579157147561,0.96521500466528,1.2569524328109467,1.6575541452293294
4H,VALIDATION,OB,CAUSAL_DNO_QUANTILE_80_20_CONTROL_V1,FORECAST_REALIZATION,COMMON_ELIGIBILITY,10,196,2240,N_GE_100,0.45408163265306123,0.38592772367371286,0.5240009398277802,0.5008928571428571,-0.04681122448979591,-0.09345556404379929,0.007864538796750555,0.002391148536780463,0.0005210213485908777,0.014991951779940206,3.2294241976011935,2.177076618819723,2.7654542006476595,3.7180296623577243,4.2553802787519315,2.8465510280643356,3.7287369765830594,4.918200048292049,1.4850416674845288,1.1389203693773597,1.2798266886618774,1.663559147930719,2.0678234793483625,1.3287221151102444,1.7831240992479196,2.3706860585966325
4H,VALIDATION,OB,PROJECT_DYNAMIC_EXTREMA_V1,FORECAST_REALIZATION,COMMON_ELIGIBILITY,1,166,2249,N_GE_100,0.5240963855421686,0.44843914393929696,0.59866356823487,0.5006669630947087,0.023429422447459936,0.046796421922146836,0.0025448681098348106,-0.0004513322488283733,-2.5289918406747836e-06,0.005329599658142866,1.047175902844332,0.6705397253986163,0.8744304566992224,1.2227996621047583,1.5099671952259204,1.0596230168366079,1.254291833876992,1.8016508009809515,0.4619588618463509,0.3557497186196962,0.3975459461963355,0.5334890252063731,0.7467093856482513,0.4463908750358839,0.6232565660856716,0.8952741495057268
4H,VALIDATION,OB,PROJECT_DYNAMIC_EXTREMA_V1,FORECAST_REALIZATION,COMMON_ELIGIBILITY,3,166,2247,N_GE_100,0.463855421686747,0.3896676381568331,0.5396782935819162,0.5122385402759234,-0.04838311858917643,-0.09445427234568149,0.0050576685313905335,0.001917115607957709,0.0008660564166894472,0.00872151645532976,1.672339657277825,1.172829602646182,1.4103457406364783,1.9452923852806505,2.310807554692912,1.3440369925215332,1.951018329340311,2.6829958207542246,0.7320374174351306,0.583801117689719,0.6430457912723384,0.826448593580166,1.1151187820842172,0.7502237521835186,0.964282310523509,1.2888723303035314
4H,VALIDATION,OB,PROJECT_DYNAMIC_EXTREMA_V1,FORECAST_REALIZATION,COMMON_ELIGIBILITY,5,166,2245,N_GE_100,0.4759036144578313,0.4013364317651299,0.5515608560607029,0.5086859688195992,-0.03278235436176785,-0.06444517122781857,0.0065053287945423255,0.0007021094900773184,0.0012620979002666635,0.011185959418704062,2.1778880102043217,1.5595654545871158,1.846940687457969,2.572689074080283,3.0150607570751022,1.9649765885598156,2.5576188162606237,3.422178533129132,0.9567559998444659,0.8286880255689089,0.8442278978360855,1.0743465092440307,1.4802499481732567,0.9696025891751388,1.2903644764256619,1.7079869837811885
4H,VALIDATION,OB,PROJECT_DYNAMIC_EXTREMA_V1,FORECAST_REALIZATION,COMMON_ELIGIBILITY,10,166,2240,N_GE_100,0.46987951807228917,0.39549667190525584,0.5456249378770354,0.5008928571428571,-0.03101333907056797,-0.06191611365247085,0.008247315907708568,0.0014479720553368658,0.000671532063063427,0.015616417900102084,3.0768259660804174,2.235126551493212,2.625355973947731,3.5097164519815465,4.18117377514734,2.8465510280643356,3.5087502519442317,4.854437501159685,1.4268183653584432,1.1901042870286047,1.2581804240983394,1.6102646325231698,2.06920941944415,1.3287221151102444,1.7740129739435095,2.3982420368195516
4H,VALIDATION,OS,ATR_1X_PRICE_BAND_CONTROL_V1,FORECAST_REALIZATION,COMMON_ELIGIBILITY,1,128,2249,N_GE_100,0.6015625,0.5149808076118778,0.682225536971319,0.49933303690529124,0.10222946309470876,0.20473202359750675,0.001303124422020502,0.0020642495264632243,-0.001511781750743205,0.004394756754639925,1.2628774732115122,0.97988799928916,1.0524429704827911,1.488833424311278,1.4300398415709514,0.8444615151415982,1.1507394903030144,1.6658328022870579,0.5420351743320699,0.4395876398640894,0.47128055779761757,0.6216009339902194,0.614817152502732,0.4269857112943904,0.5230343087413186,0.728306715624594
4H,VALIDATION,OS,ATR_1X_PRICE_BAND_CONTROL_V1,FORECAST_REALIZATION,COMMON_ELIGIBILITY,3,128,2247,N_GE_100,0.5234375,0.43749638578492134,0.6080127706573549,0.48776145972407653,0.03567604027592347,0.07314239279197077,0.0016799882973739938,0.001230799105496061,-0.002732854496316817,0.0067700635204875105,2.105011544291739,1.5988517938517193,1.7559287186407104,2.4256881237545054,2.1346409158140096,1.587517520186574,1.7487836821428093,2.436989791506177,0.9506311295144962,0.7213878330413357,0.7904651791177838,1.1203427936106682,0.9314033341022208,0.7622874009316138,0.7978554776521274,1.0790911906746214
4H,VALIDATION,OS,ATR_1X_PRICE_BAND_CONTROL_V1,FORECAST_REALIZATION,COMMON_ELIGIBILITY,5,128,2245,N_GE_100,0.53125,0.4451521555712906,0.6155267196850777,0.4908685968819599,0.040381403118040116,0.08226519963702361,0.0012115266209905221,0.0030756567864733686,-0.006936964961618905,0.008246969489553878,3.0337133820490765,2.158494890580952,2.503052715773124,3.571853361194431,3.199385896291715,2.0351614401207216,2.51737104847714,3.7950023498213232,1.3302545348778707,0.9634546245230471,1.1189140004658251,1.549863020399571,1.3741651298561504,0.9691514156189502,1.1378533798520902,1.6334743520899004
4H,VALIDATION,OS,ATR_1X_PRICE_BAND_CONTROL_V1,FORECAST_REALIZATION,COMMON_ELIGIBILITY,10,127,2240,N_GE_100,0.5590551181102362,0.4722284228757405,0.6424140150033437,0.49910714285714286,0.059947975253093366,0.12011043342301364,-0.0014186177191027008,0.007274562025381126,-0.014425017102396954,0.010367697154086235,4.2101830654290096,2.9875513514521312,3.516829063469269,4.896490233017174,4.664730120343635,2.64366119496904,3.7340380237938935,5.597307914823983,1.8704292305864945,1.4434645998055884,1.5895039229223222,2.1726867105163077,2.0086937229752793,1.272675088413058,1.6481718819971345,2.3841796188240543
4H,VALIDATION,OS,CAUSAL_DNO_QUANTILE_80_20_CONTROL_V1,FORECAST_REALIZATION,COMMON_ELIGIBILITY,1,200,2249,N_GE_100,0.57,0.500703604055383,0.636657955116052,0.49933303690529124,0.07066696309470871,0.14152270703472825,0.00012067147788542842,0.001474066023585574,-0.0023093568806720577,0.0025430628442529614,1.131505176924724,0.7983656530902852,0.9672080012463146,1.3238381398430288,1.3700368769436992,0.7860341757513913,1.1585853596605482,1.6088138626711879,0.4909980951768982,0.37228126227976016,0.4428995844044524,0.5485446283109277,0.6154872548792397,0.4012603289914678,0.5284124146149106,0.706885670871453
4H,VALIDATION,OS,CAUSAL_DNO_QUANTILE_80_20_CONTROL_V1,FORECAST_REALIZATION,COMMON_ELIGIBILITY,3,200,2247,N_GE_100,0.51,0.441184632709161,0.5784384471724727,0.48776145972407653,0.02223854027592348,0.04559306569343069,-0.0008196532943641959,0.000990767695508099,-0.004826299975122464,0.0034659398677008854,2.05436466092532,1.399313774027315,1.7356922139123994,2.4166021964975215,2.2380285020037265,1.5026732361137634,1.9191597421831628,2.611123909784646,0.9463985353281867,0.6738423408747702,0.8209775429015324,1.0760062458927198,1.0169752437198576,0.7622874009316138,0.8935906340958177,1.1661836825101906
4H,VALIDATION,OS,CAUSAL_DNO_QUANTILE_80_20_CONTROL_V1,FORECAST_REALIZATION,COMMON_ELIGIBILITY,5,200,2245,N_GE_100,0.515,0.44610724474630287,0.5833273750761476,0.4908685968819599,0.02413140311804013,0.049160617059891276,0.0002902998454185063,0.0022925246237653907,-0.005211232882449442,0.00622718282335219,2.6997045477634654,1.9086898563631776,2.3187275882134277,3.116626991684948,2.8422380592318035,1.8589402243399018,2.4161284989313145,3.259719827770256,1.246621328631464,0.9706332539345444,1.0809198290284712,1.3944269640359084,1.3176695685002318,0.8950381675940463,1.1513780763882242,1.5099242776520223
4H,VALIDATION,OS,CAUSAL_DNO_QUANTILE_80_20_CONTROL_V1,FORECAST_REALIZATION,COMMON_ELIGIBILITY,10,200,2240,N_GE_100,0.535,0.46586521028994954,0.6028155692957681,0.49910714285714286,0.03589285714285717,0.07191413237924871,-0.0021233611111126476,0.002955976816749084,-0.009561907017946198,0.0053109410485002485,3.6859603853603757,2.6742277485109733,3.2095210419175992,4.244682661803197,4.1339401501609245,2.513642658208987,3.493230129526597,4.798899908276504,1.7242136106910748,1.3222743462366264,1.5126693800141784,1.9005623443461181,1.8607051131960448,1.3132176672444469,1.6102183844777336,2.157359283393045
4H,VALIDATION,OS,PROJECT_DYNAMIC_EXTREMA_V1,FORECAST_REALIZATION,COMMON_ELIGIBILITY,1,168,2249,N_GE_100,0.5833333333333334,0.5077337368021919,0.6552070179393841,0.49933303690529124,0.08400029642804213,0.1682249925794006,-8.998960318019426e-05,0.001623164425786805,-0.0024959859216568546,0.002402275073311583,1.0605404459962133,0.7524271954583017,0.8864238919319947,1.2665028059597836,1.3662967090196068,0.8874999447501357,1.159773634939367,1.5881998555057681,0.4765491018829709,0.37226134593556304,0.4219858733618503,0.5392566420649586,0.6629924331230064,0.45119847805445207,0.5630427946239658,0.7730350504261705
4H,VALIDATION,OS,PROJECT_DYNAMIC_EXTREMA_V1,FORECAST_REALIZATION,COMMON_ELIGIBILITY,3,168,2247,N_GE_100,0.4523809523809524,0.37901896797822315,0.5278720293123049,0.48776145972407653,-0.035380507343124146,-0.07253649635036497,-0.000788867423913292,-0.0013368730067832568,-0.0049207943343003244,0.003527383620404737,1.9753311121224892,1.2462643230157446,1.6420947620384763,2.3532288690126846,2.130832150577178,1.6267843527211108,1.8441003383220027,2.4572066367192265,0.9244868812254567,0.6654056058524368,0.7914800027559992,1.0845060061740535,1.0563683199379046,0.8298730882145527,0.9120006206642971,1.2210743794551921
4H,VALIDATION,OS,PROJECT_DYNAMIC_EXTREMA_V1,FORECAST_REALIZATION,COMMON_ELIGIBILITY,5,168,2245,N_GE_100,0.5238095238095238,0.4486014310801917,0.5979530702745445,0.4908685968819599,0.03294092692756395,0.06710742373174328,0.0009961284667158242,0.0028079206085668273,-0.004847301291320972,0.007157179542966893,2.638687411485646,1.7626625727120298,2.238876962178293,3.105888347244702,2.8289288290745045,2.0447049232927714,2.426345451551687,3.2424621080922624,1.2278441495770418,0.9258302104039835,1.0905155205974424,1.4004212314015982,1.392459405867162,0.9732325283298344,1.2048746994859516,1.6370131251626323
4H,VALIDATION,OS,PROJECT_DYNAMIC_EXTREMA_V1,FORECAST_REALIZATION,COMMON_ELIGIBILITY,10,168,2240,N_GE_100,0.5595238095238095,0.48395411206432865,0.6324321413225114,0.49910714285714286,0.060416666666666674,0.12104949314251634,0.003140404870464397,0.005396308297317964,-0.005047703844419161,0.011420136680484071,3.8391626965868775,2.417111533105473,3.246878245047163,4.502570778552468,3.864727075045882,2.513642658208987,3.3012042022390915,4.453282069216501,1.7812284883399054,1.336793256435012,1.5532802542789212,2.0164746076017726,1.8904960446699957,1.3664132285968873,1.6426325971186413,2.210261605939423
5m,DISCOVERY,OB,ATR_1X_PRICE_BAND_CONTROL_V1,FORECAST_REALIZATION,COMMON_ELIGIBILITY,1,19043,322287,N_GE_100,0.5291183111904637,0.5220235679239251,0.5362013085826345,0.49527284687250805,0.033845464317955654,0.06833700763463835,1.9153670192983074e-05,-0.00015888988930679027,-3.909047622986821e-05,7.825917977350076e-05,0.22477877771471264,0.15359741309619862,0.22034672719799667,0.22935439629998963,0.23603090563486998,0.13629948012426812,0.2310912343756551,0.24145981042484657,0.5868464717229644,0.48623100061134533,0.5793725893761533,0.5950498081656216,0.6464501358878301,0.43469244739023305,0.6358052953820574,0.6577709349400558
5m,DISCOVERY,OB,ATR_1X_PRICE_BAND_CONTROL_V1,FORECAST_REALIZATION,COMMON_ELIGIBILITY,3,19043,322285,N_GE_100,0.512314236202279,0.5052129864587322,0.519410518574249,0.4940285771909955,0.018285659011283484,0.03701336290150303,0.00020564387946632058,-0.000115799329687305,0.00011377085631700398,0.00029178225570927334,0.37066858149497445,0.24958067125811734,0.36319983202500605,0.3780211022498706,0.4024571890947598,0.2387216912513712,0.3937713311840773,0.41081707981188714,0.9893666307866801,0.782786008266966,0.976086233085046,1.0028568698545794,1.109716017608282,0.757668703146834,1.0910213633361079,1.128340425474805
5m,DISCOVERY,OB,ATR_1X_PRICE_BAND_CONTROL_V1,FORECAST_REALIZATION,COMMON_ELIGIBILITY,5,19043,322283,N_GE_100,0.5192459171349052,0.512146377185228,0.5263376935806042,0.49419609473661347,0.025049822398291732,0.05068802174902309,0.00019382580990393925,-0.0002303086135421184,7.639432903159097e-05,0.0003187657122092511,0.47119610559491976,0.31297192007179053,0.46254541969087043,0.47993643221207377,0.5075897867578123,0.3038462488574932,0.4971253673042206,0.5170692665038051,1.2694420174458825,0.9786099100995758,1.2519693618209364,1.2863321587301888,1.4099622432213976,0.9582526045576951,1.3855671125821734,1.432945478664347
5m,DISCOVERY,OB,ATR_1X_PRICE_BAND_CONTROL_V1,FORECAST_REALIZATION,COMMON_ELIGIBILITY,10,19043,322278,N_GE_100,0.5186157643228483,0.5115160124587095,0.5257080068768638,0.49197587176288793,0.026639892559960354,0.05414877860676803,0.0002717745348623146,-0.00027538607837329643,0.000126351653433769,0.00042363577321979327,0.6581621301304869,0.42846389902148635,0.6460758383314095,0.6694324555026642,0.6935672002904649,0.42708367554782695,0.680855689441963,0.7071907055312431,1.7944441196684957,1.3565146880754102,1.7688140453730234,1.8189181187069536,1.9530042080263705,1.327895457574699,1.9188319717492637,1.9850189385205073
5m,DISCOVERY,OB,CAUSAL_DNO_QUANTILE_80_20_CONTROL_V1,FORECAST_REALIZATION,COMMON_ELIGIBILITY,1,32608,322287,N_GE_100,0.5363714425907753,0.5309548008290226,0.5417795154078133,0.49527284687250805,0.04109859571826724,0.08298172608854282,-1.6328579105139602e-05,-0.00016982188292974376,-4.798389149540172e-05,1.54645431188987e-05,0.18907394229599575,0.13557294003288312,0.1866349169538725,0.19145676750919932,0.19233205204646822,0.11199451679758829,0.18942089045798033,0.19525408634527597,0.5101429955563224,0.4276124606360876,0.5052172537160404,0.515154187276717,0.5317008426049104,0.3546413835940966,0.5249737061723053,0.5390981377960177
5m,DISCOVERY,OB,CAUSAL_DNO_QUANTILE_80_20_CONTROL_V1,FORECAST_REALIZATION,COMMON_ELIGIBILITY,3,32608,322285,N_GE_100,0.5361567713444554,0.5307399854588346,0.5415650388609206,0.4940285771909955,0.042128194153459864,0.08527481222442068,-1.3436842302736277e-05,-0.00027631930519350645,-7.022813038554037e-05,4.4033798986123346e-05,0.3309064991657417,0.23240954209240014,0.32698932564954336,0.33528942138051615,0.337311222074668,0.201017849622979,0.332342600931847,0.34220955000433634,0.9029346702919866,0.7282694983846874,0.8944274709261998,0.9132285115365596,0.9384170842253075,0.6314836728653368,0.9260144913814844,0.950768704519609
5m,DISCOVERY,OB,CAUSAL_DNO_QUANTILE_80_20_CONTROL_V1,FORECAST_REALIZATION,COMMON_ELIGIBILITY,5,32608,322283,N_GE_100,0.5403275269872424,0.534913721814123,0.5457318311803451,0.49419609473661347,0.046131432250628934,0.09334641196469828,-8.345458756341508e-05,-0.0003831418186964197,-0.00015848000797794045,-1.8992874779887695e-05,0.43012917313822036,0.29756523700253096,0.4252519734344516,0.4354018817328587,0.4329263108948772,0.2614202658919852,0.42662200412632134,0.43941558416001675,1.1794618197039533,0.9354209575212655,1.1677462551926343,1.192292490413632,1.2153869635781038,0.8198286372786414,1.2010196541865588,1.2294998301575464
5m,DISCOVERY,OB,CAUSAL_DNO_QUANTILE_80_20_CONTROL_V1,FORECAST_REALIZATION,COMMON_ELIGIBILITY,10,32608,322278,N_GE_100,0.5270485770363101,0.5216266038399757,0.5324641777122074,0.49197587176288793,0.03507270527342221,0.07128948244503697,-2.549992560701138e-05,-0.0003569792422762341,-0.00012970696069650626,7.443701932028785e-05,0.6229657645278286,0.41544054455402724,0.6160977682658546,0.6305842381725455,0.6148834552496363,0.383074437930888,0.6065558308504975,0.623363451532041,1.7203717436224042,1.3205424526066176,1.7031783895451242,1.7395613958481149,1.7454232873687,1.182832680458833,1.725208981883225,1.7671091035831925
5m,DISCOVERY,OB,PROJECT_DYNAMIC_EXTREMA_V1,FORECAST_REALIZATION,COMMON_ELIGIBILITY,1,28829,322287,N_GE_100,0.5371674355683513,0.5314070332800132,0.5429179337048573,0.49527284687250805,0.04189458869584328,0.08458890682256137,-8.341685570745922e-06,-0.0001724548537829218,-4.706667675575733e-05,3.0008812874884213e-05,0.1916634467401299,0.13620669630129806,0.1890626151558232,0.19425881786898902,0.1958315737539271,0.11398194958263624,0.19240117024653489,0.19918998535913407,0.5180391257717095,0.43560771322314,0.5128691663799821,0.5230625724737654,0.5430258829053056,0.3626509118881167,0.5357563785577734,0.5506903492131973
5m,DISCOVERY,OB,PROJECT_DYNAMIC_EXTREMA_V1,FORECAST_REALIZATION,COMMON_ELIGIBILITY,3,28829,322285,N_GE_100,0.53078497346422,0.5250204043560615,0.5365413391801704,0.4940285771909955,0.03675639627322452,0.07440135646042645,2.5921305710399606e-05,-0.000235841640199963,-3.2918463595071666e-05,8.475341504729367e-05,0.33033011269326223,0.23229431149046878,0.32596755512188136,0.3347726611378391,0.3415483785790414,0.20358137022726705,0.335857866472868,0.3476419281924376,0.9044971855131843,0.7331719545801131,0.8947555036791108,0.915074702907962,0.9572249006339894,0.6439768139881092,0.9448161159938685,0.9718556076860364
5m,DISCOVERY,OB,PROJECT_DYNAMIC_EXTREMA_V1,FORECAST_REALIZATION,COMMON_ELIGIBILITY,5,28829,322283,N_GE_100,0.5373755593326165,0.5316153088675638,0.543125850186284,0.49419609473661347,0.043179464596003025,0.08737314004679853,-4.112026778780901e-05,-0.00036823882256220575,-0.00010947140943041439,2.9168018661235178e-05,0.42987364120188243,0.2959830866807611,0.42435271661366775,0.43538419131636646,0.43779706810954033,0.26545023452400124,0.4306675246001603,0.44446111462925814,1.183106963308979,0.9411850257129822,1.169671178389843,1.1964425693572658,1.238432024225515,0.8376656531680158,1.220268663009223,1.2558073227818047
5m,DISCOVERY,OB,PROJECT_DYNAMIC_EXTREMA_V1,FORECAST_REALIZATION,COMMON_ELIGIBILITY,10,28829,322278,N_GE_100,0.5238475146553817,0.518079488952384,0.5296091856179365,0.49197587176288793,0.03187164289249378,0.06478293900529852,5.86833890746454e-05,-0.00032451728054527784,-4.88363223547945e-05,0.0001572484644281065,0.6223712222414309,0.41386445938954786,0.61369615694795,0.6304182676309726,0.6231353285064354,0.386215170956624,0.6136640653057991,0.6316791259366484,1.7315374863309145,1.3241651843718707,1.710474501518613,1.7514644802427974,1.7820624143650532,1.2013638505154052,1.7575475313493731,1.8087700685966057
5m,DISCOVERY,OS,ATR_1X_PRICE_BAND_CONTROL_V1,FORECAST_REALIZATION,COMMON_ELIGIBILITY,1,18767,322287,N_GE_100,0.5478233068684393,0.5406933726418769,0.5549336662651053,0.49711902745068837,0.05070427941775091,0.10199625566088488,0.00013129319965553767,0.0002382654276864571,6.207887975430921e-05,0.00019628308344134024,0.2596060122803489,0.17114495978093688,0.2545543565161448,0.26497990034242563,0.2764824930696108,0.144850904107952,0.26971694644983746,0.28349397738762094,0.6427401720015372,0.5470434464940055,0.6349966067713835,0.6499145986180325,0.7077045054462502,0.4614533328579572,0.6942936045235781,0.7216742294018527
5m,DISCOVERY,OS,ATR_1X_PRICE_BAND_CONTROL_V1,FORECAST_REALIZATION,COMMON_ELIGIBILITY,3,18767,322285,N_GE_100,0.5420685245377524,0.5349323388532354,0.5491874909150793,0.5016801898940378,0.04038833464371461,0.08050613808818174,0.00014682431245827514,0.00037132021665287063,4.0152366190733516e-05,0.00024033742697531654,0.4106730536344437,0.2710403780665889,0.4025769568741229,0.4196956581822609,0.4651854707120631,0.2581008316824755,0.45490997133886235,0.4756839373456775,1.0370175829784178,0.8540191017075,1.0251025051489357,1.0480650552515893,1.2120913857266928,0.8165741290153999,1.18852754101124,1.2372301406297517
5m,DISCOVERY,OS,ATR_1X_PRICE_BAND_CONTROL_V1,FORECAST_REALIZATION,COMMON_ELIGIBILITY,5,18767,322283,N_GE_100,0.5479831619331805,0.5408534150547746,0.5550932685505039,0.5026358821284399,0.045347279804740626,0.09021894659154661,0.00029429210356430766,0.0004944817936012313,0.00016759430289550644,0.0004236247349060864,0.5128772644724187,0.3391906534131054,0.5030369669809824,0.5244328100639868,0.5832371665914203,0.32749868569606005,0.5696826428829028,0.5969935150999145,1.3084339832189062,1.0605658348565763,1.2924224987835173,1.3240302913275317,1.5290453439215839,1.0216149792150926,1.5019142090884572,1.5616542048223114
5m,DISCOVERY,OS,ATR_1X_PRICE_BAND_CONTROL_V1,FORECAST_REALIZATION,COMMON_ELIGIBILITY,10,18767,322278,N_GE_100,0.5477167368252784,0.5405866781116877,0.5548272643297636,0.5056845332290755,0.042032203596202966,0.08311941701638381,0.00043782967750700166,0.0006796366906225426,0.0002794419783126919,0.0006068630733929176,0.6945187463117759,0.4648735828471086,0.6816373644079994,0.7079530705781905,0.7928713670026416,0.4531750459129639,0.7765621353759156,0.8092395138043351,1.807168155542089,1.439423251298234,1.783845488366994,1.8295474443983548,2.1098119104016444,1.422310732217125,2.073853457053053,2.1488111912444325
5m,DISCOVERY,OS,CAUSAL_DNO_QUANTILE_80_20_CONTROL_V1,FORECAST_REALIZATION,COMMON_ELIGIBILITY,1,33355,322287,N_GE_100,0.5344326187977815,0.5290757617898387,0.5397815452936303,0.49711902745068837,0.03731359134709311,0.07505967240570866,3.762652784928156e-05,0.00016456841932033228,-9.007926499940015e-09,7.475930277272956e-05,0.20499983043774575,0.1435752196475993,0.2025112206116902,0.20757126435763715,0.2197583293410591,0.12124011315744353,0.21622365262323137,0.2231958504449795,0.5422091818185152,0.4617418535182747,0.5377200439212997,0.546809675713558,0.591976950813442,0.3952552315248819,0.5830420151370223,0.5995213726081482
5m,DISCOVERY,OS,CAUSAL_DNO_QUANTILE_80_20_CONTROL_V1,FORECAST_REALIZATION,COMMON_ELIGIBILITY,3,33354,322285,N_GE_100,0.5489896264316124,0.5436440901162878,0.5543238791302596,0.5016801898940378,0.04730943653757458,0.09430198259884848,0.0001556169000462288,0.00037195043881410594,9.736717490164458e-05,0.00021622508550545814,0.3486525187137928,0.241469568187009,0.3440036827846239,0.3537931114590799,0.3837827755466743,0.2200706747944021,0.3783636354287656,0.3894558976918808,0.9314250232626737,0.7707765446493471,0.9231257890519685,0.9391898513509664,1.0456633001561455,0.7131986947385976,1.030594750809998,1.0607707900024432
5m,DISCOVERY,OS,CAUSAL_DNO_QUANTILE_80_20_CONTROL_V1,FORECAST_REALIZATION,COMMON_ELIGIBILITY,5,33353,322283,N_GE_100,0.5550625131172608,0.5497230147968017,0.5603893286931767,0.5026358821284399,0.052426630988820944,0.10430339904667663,0.0003073794476737682,0.0005325380764724663,0.00023389579621985662,0.00038900287674335207,0.4478164314005445,0.3082895638273533,0.44167013245214454,0.45377981125090766,0.4895700351190604,0.28443706735575247,0.4822327454533176,0.49729485755408215,1.2061994919026284,0.982887588606221,1.1958551417588017,1.217204490612043,1.3400413059204521,0.9157200841580928,1.3191585585416445,1.3590035951440853
5m,DISCOVERY,OS,CAUSAL_DNO_QUANTILE_80_20_CONTROL_V1,FORECAST_REALIZATION,COMMON_ELIGIBILITY,10,33352,322278,N_GE_100,0.5418565603262173,0.536504702559735,0.5471987768332119,0.5056845332290755,0.036172027097141846,0.07153081559794483,0.00032751683878897775,0.000568783416722507,0.00022187977180554918,0.0004492121678124985,0.6319959611344306,0.431325585548369,0.6242890586757579,0.6399530093932788,0.6906950107877673,0.41117269664588085,0.6802138296906013,0.7009153482408029,1.7250746354227626,1.3707371872857583,1.7087869397855566,1.7398026894729015,1.9038839272221093,1.3049926916563421,1.878266077290139,1.9284684319137697
5m,DISCOVERY,OS,PROJECT_DYNAMIC_EXTREMA_V1,FORECAST_REALIZATION,COMMON_ELIGIBILITY,1,28807,322287,N_GE_100,0.5422640330475231,0.5365054393091667,0.5480113559239165,0.49711902745068837,0.045145005596834764,0.09081327228278924,6.680543940756622e-05,0.0001906218917022695,2.8511702461919015e-05,0.0001081001902087737,0.21122627952099263,0.1469675277781401,0.20806520257632738,0.21408745236379165,0.22415433553296016,0.12170539687369002,0.22013508901801024,0.22865557690382896,0.559142637200598,0.47974264404885586,0.5538993906006519,0.5650466027607103,0.6090437341062732,0.40420526303195614,0.5996509007598855,0.6185542016020774
5m,DISCOVERY,OS,PROJECT_DYNAMIC_EXTREMA_V1,FORECAST_REALIZATION,COMMON_ELIGIBILITY,3,28807,322285,N_GE_100,0.5491720762314715,0.5434198850131691,0.5549111543688945,0.5016801898940378,0.04749188633743362,0.09466566010402877,0.00019473540209988033,0.0003785199487660318,0.0001243916336054633,0.00025824848565787035,0.3554237510635036,0.24385823268689233,0.3502861950210418,0.3602633657431659,0.387902418650924,0.22145195455421143,0.38124320506680776,0.3942562547550723,0.9518274495642273,0.7909043773284878,0.9422537633409507,0.9605579360607371,1.063170982965476,0.7232722725828777,1.0475919362501303,1.077397569921711
5m,DISCOVERY,OS,PROJECT_DYNAMIC_EXTREMA_V1,FORECAST_REALIZATION,COMMON_ELIGIBILITY,5,28807,322283,N_GE_100,0.5552469885791648,0.5495013515896875,0.5609778924460022,0.5026358821284399,0.052611106450724865,0.10467041514811903,0.00035555763023006036,0.0005140947648016869,0.00027354592876530933,0.00043503940219200113,0.45471796837231776,0.31071983428276684,0.44835691459784305,0.46049453063762824,0.4933119317070148,0.2868897175387978,0.48484167870816647,0.5020309083632267,1.226078608492403,1.0053737116713117,1.2143084703718297,1.2383493697596581,1.3625744825130488,0.9326571453056591,1.3435961602680775,1.3830987656237863
5m,DISCOVERY,OS,PROJECT_DYNAMIC_EXTREMA_V1,FORECAST_REALIZATION,COMMON_ELIGIBILITY,10,28807,322278,N_GE_100,0.5437220120109696,0.5379646766853472,0.5494676876646065,0.5056845332290755,0.03803747878189412,0.0752197788985236,0.00039615782086188076,0.0005810799192416116,0.0002808373949610517,0.0005015381326061306,0.6368656604584267,0.4327516066091986,0.6282588620477516,0.6451948293740891,0.6926531899306863,0.4132002730073249,0.6809183572367076,0.7030274407512845,1.745822701638463,1.3988239548649788,1.7282975895592674,1.7636935220732868,1.926956405498927,1.3264731717713536,1.9016088364106047,1.9541595903140925
5m,VALIDATION,OB,ATR_1X_PRICE_BAND_CONTROL_V1,FORECAST_REALIZATION,COMMON_ELIGIBILITY,1,6990,107941,N_GE_100,0.5608011444921316,0.5491362665634449,0.572399228321083,0.49880953483847656,0.06199160965365502,0.12427911923080814,-2.1509583050391537e-05,-0.0001910821098283777,-9.814020735529138e-05,5.3419312571397176e-05,0.158767559726684,0.09769862000091892,0.1529878840622093,0.16509051888128198,0.18072233755988704,0.07982008457735548,0.17233110287364167,0.18880071956241357,0.6355045464178186,0.5031821674702962,0.6211065425405021,0.6500552826200616,0.7285474875498708,0.4083628517277321,0.6990187962338598,0.7545896273195114
5m,VALIDATION,OB,ATR_1X_PRICE_BAND_CONTROL_V1,FORECAST_REALIZATION,COMMON_ELIGIBILITY,3,6990,107939,N_GE_100,0.5476394849785408,0.5359482033461123,0.5592784314692945,0.4977440962024847,0.04989538877605604,0.10024305492868835,3.9420569037084067e-05,-0.00022100314446132918,-7.086981707802923e-05,0.0001416723233134584,0.25902997576161046,0.15972379709140644,0.2506121854463925,0.2678969282878942,0.3051613311414911,0.14638878710366027,0.29245775044519073,0.3175746100775442,1.085546619168505,0.826839111244053,1.0543392497619695,1.119407698172202,1.2814792332101,0.7724375465178017,1.2388330286491651,1.3239929142978697
5m,VALIDATION,OB,ATR_1X_PRICE_BAND_CONTROL_V1,FORECAST_REALIZATION,COMMON_ELIGIBILITY,5,6990,107937,N_GE_100,0.5497854077253219,0.5380978679317091,0.5614182549384458,0.4973456738653103,0.052439733860011606,0.1054392078098445,-6.047552148416477e-06,-0.00029398306806810437,-0.0001455416512063041,0.00012713379630057269,0.330222091586966,0.20086158670421328,0.31991031688624866,0.3414842322664021,0.37519535717178765,0.18993226064016916,0.3612768870771524,0.38888646765321794,1.4062388781214676,1.052655311027308,1.3712042661184067,1.4417456569857414,1.6041790127071174,0.9876052551828824,1.5535788840426947,1.6515548081601898
5m,VALIDATION,OB,ATR_1X_PRICE_BAND_CONTROL_V1,FORECAST_REALIZATION,COMMON_ELIGIBILITY,10,6990,107932,N_GE_100,0.542346208869814,0.5306466319015976,0.5539992657120972,0.49646073453656003,0.04588547433325396,0.0924251831840992,-5.9775665603327116e-05,-0.00034740830026952496,-0.0002396343377765814,0.00012428115962347892,0.4684884341052331,0.2760477687396657,0.4558900470172413,0.48290617284060067,0.5064102463989456,0.26987545261139145,0.4885592467866726,0.5232430531133295,2.0448444168314213,1.4552482658298624,1.9941995854315266,2.0973194296627926,2.2159957882431827,1.4118733501620637,2.154837114045603,2.27948868247308
5m,VALIDATION,OB,CAUSAL_DNO_QUANTILE_80_20_CONTROL_V1,FORECAST_REALIZATION,COMMON_ELIGIBILITY,1,10758,107941,N_GE_100,0.550381111730805,0.5409644314334436,0.5597618234484345,0.49880953483847656,0.051571576892328386,0.10338931654349426,6.1983414359592784e-06,-0.00014434627465070848,-3.659836009125949e-05,5.2103988295927645e-05,0.13470454466135917,0.08680226505739173,0.13113500406715725,0.13804509918020055,0.1534841900508064,0.07173347698020693,0.14907203006571118,0.15868016322507292,0.5254155381099213,0.4151893522201928,0.51627953711924,0.5359838560386074,0.5922643640872508,0.3403497749815294,0.5760473094548854,0.6085638151966539
5m,VALIDATION,OB,CAUSAL_DNO_QUANTILE_80_20_CONTROL_V1,FORECAST_REALIZATION,COMMON_ELIGIBILITY,3,10758,107939,N_GE_100,0.5488008923591746,0.5393818013676019,0.5581851429368005,0.4977440962024847,0.0510567961566899,0.1025763972817062,5.37097155343223e-05,-0.00022146146789936427,-2.639266629566914e-05,0.00013250685685181992,0.2323970893621596,0.15054266622098483,0.22665523353838898,0.2377745575842213,0.2710106174786563,0.13731129824415744,0.2631245941100955,0.27860862283597937,0.941261467285725,0.7157645308944733,0.9231401001014921,0.9592189789612589,1.07598224913139,0.6585874881043977,1.0505876814707433,1.1046840924943588
5m,VALIDATION,OB,CAUSAL_DNO_QUANTILE_80_20_CONTROL_V1,FORECAST_REALIZATION,COMMON_ELIGIBILITY,5,10758,107937,N_GE_100,0.5456404536159137,0.5362168282116412,0.5550314949378093,0.4973456738653103,0.04829477975060342,0.09710505647965584,2.153980977717169e-05,-0.0002579849027846137,-9.26498993880106e-05,0.0001159019001853979,0.30626099406780805,0.1936276368961457,0.29834119776379575,0.31372465237206915,0.3475261903194789,0.17996868434026164,0.3374460918324265,0.35703590744219116,1.2509639691323937,0.9388931199803652,1.2264399580786536,1.2767918701486072,1.3901724409359746,0.8470999978757224,1.3575279611449311,1.4273897414043388
5m,VALIDATION,OB,CAUSAL_DNO_QUANTILE_80_20_CONTROL_V1,FORECAST_REALIZATION,COMMON_ELIGIBILITY,10,10758,107932,N_GE_100,0.5318832496746607,0.5224443294750223,0.5412994074705206,0.49646073453656003,0.035422515138100685,0.07135008405280474,6.426204389461323e-05,-0.0002623893811483091,-7.808440390118698e-05,0.0001885594421113724,0.4452456869886893,0.26884270057609105,0.434637766717969,0.45550878411162476,0.48548545949313643,0.26106001340304064,0.47342661302567624,0.4977102960546505,1.8531554502094685,1.3199818081695556,1.8188202529244022,1.893023961797784,1.9826003565410917,1.2588676279263793,1.938115919695944,2.0288047136295733
5m,VALIDATION,OB,PROJECT_DYNAMIC_EXTREMA_V1,FORECAST_REALIZATION,COMMON_ELIGIBILITY,1,9214,107941,N_GE_100,0.5566529194703712,0.5464877014371203,0.5667709165022463,0.49880953483847656,0.057843384631894645,0.11596286877440187,-3.95282886691859e-06,-0.0001589849867929538,-5.736540442558663e-05,4.813890721491804e-05,0.13759270924484407,0.08917745714302264,0.13373312073866925,0.14200501946019561,0.15435549798512893,0.07113705251363742,0.1493859461148156,0.16010287355964486,0.5410275659289477,0.4323749332273893,0.5301465776074749,0.5528582280182991,0.6097943561844232,0.34757768065284783,0.5910667209026282,0.6283300266646631
5m,VALIDATION,OB,PROJECT_DYNAMIC_EXTREMA_V1,FORECAST_REALIZATION,COMMON_ELIGIBILITY,3,9214,107939,N_GE_100,0.547319296722379,0.5371380569266168,0.5574610952219731,0.4977440962024847,0.04957520051989428,0.09959977606590598,3.873111372164741e-05,-0.00022030046726723151,-5.4142460608844554e-05,0.0001271498773489039,0.23273880573926756,0.15149820077254594,0.22635678725401343,0.23889734342994792,0.26994389749271214,0.13785543047030058,0.26171893663056844,0.27816434669739704,0.95566973986524,0.7368101444811639,0.9370374187720307,0.9755311630362864,1.104313681706746,0.6665625027484292,1.0707499549756379,1.135472853051389
5m,VALIDATION,OB,PROJECT_DYNAMIC_EXTREMA_V1,FORECAST_REALIZATION,COMMON_ELIGIBILITY,5,9214,107937,N_GE_100,0.5484046016930757,0.5382250393501018,0.5585438181229967,0.4973456738653103,0.05105892782776539,0.10266285706466816,-1.970659980830943e-05,-0.0002725913910182065,-0.00013621835023269676,8.472748276773839e-05,0.3063512053516683,0.19547430546593153,0.2982048680930853,0.313723030518124,0.3425301213891234,0.17918406062178333,0.3320850787292274,0.35310533071828626,1.2716809624087928,0.9570619582636405,1.2466669168663995,1.2985839126902436,1.4186663696399868,0.8586374965031658,1.3796991644461372,1.4582233084760619
5m,VALIDATION,OB,PROJECT_DYNAMIC_EXTREMA_V1,FORECAST_REALIZATION,COMMON_ELIGIBILITY,10,9214,107932,N_GE_100,0.532884740612112,0.5226858133358617,0.5430562579967592,0.49646073453656003,0.03642400607555196,0.07336734517293353,8.610864570468247e-05,-0.00027274890280104547,-7.834060556615313e-05,0.0002399707400213398,0.44668549215561804,0.2718626632568623,0.43578980088264146,0.4579990742234256,0.4845936733040354,0.25914220471107663,0.4695479846543903,0.49934709920379217,1.8861038881466192,1.3461552080585955,1.847670682742564,1.9258899566062904,2.044701213053003,1.2787850482327192,1.989379802480065,2.0958138636056236
5m,VALIDATION,OS,ATR_1X_PRICE_BAND_CONTROL_V1,FORECAST_REALIZATION,COMMON_ELIGIBILITY,1,6916,107941,N_GE_100,0.5688259109311741,0.5571188979803654,0.5804565054797368,0.4980220676110097,0.07080384332016437,0.14217009230094435,-5.755201490102895e-06,0.00018390136691270875,-7.77047885606714e-05,6.486955804097613e-05,0.16424636011873883,0.10143955922659167,0.1590120016277048,0.1692934744974897,0.19116796920740164,0.08458860804748783,0.18417062893361216,0.1983774304777557,0.6539690836302945,0.528237689643949,0.6402588453020853,0.6690764826940124,0.7673007654345196,0.4479737584705479,0.739242165928812,0.7934964398380083
5m,VALIDATION,OS,ATR_1X_PRICE_BAND_CONTROL_V1,FORECAST_REALIZATION,COMMON_ELIGIBILITY,3,6916,107939,N_GE_100,0.5565355696934644,0.5447988063185938,0.5682095608093474,0.5004771213370515,0.05605844835641294,0.11201001197946825,2.4468588086699994e-05,0.00026406598801897996,-7.993546850948612e-05,0.00013752939466246612,0.26934505129642045,0.16514185998999703,0.26088833140110435,0.27734072756581285,0.31507427117128334,0.1491410146587383,0.3038358012210827,0.3267917936193377,1.0982733725767038,0.8617651098257267,1.0739268877345738,1.1241810145683822,1.300702338807264,0.781496321290135,1.2590704480608994,1.3410892466922069
5m,VALIDATION,OS,ATR_1X_PRICE_BAND_CONTROL_V1,FORECAST_REALIZATION,COMMON_ELIGIBILITY,5,6916,107937,N_GE_100,0.5562463851937536,0.5445090093969746,0.5679213098172687,0.5011441859603287,0.05510219923342485,0.10995278559968535,6.205671167632599e-05,0.00032031944855281935,-8.717696752479232e-05,0.00020867948793624398,0.3392196941555083,0.20707285580690696,0.32887531827503924,0.3486707884514094,0.3885299254871471,0.19399366220947953,0.3769629297690941,0.40273340703956023,1.4044268735779544,1.0775859267387515,1.3721674880646426,1.4391673539685201,1.6313148446650034,1.015361079098312,1.5825167461933567,1.6863229184597004
5m,VALIDATION,OS,ATR_1X_PRICE_BAND_CONTROL_V1,FORECAST_REALIZATION,COMMON_ELIGIBILITY,10,6915,107932,N_GE_100,0.5538684020245842,0.5421252916993511,0.5655516928409512,0.5025942259941445,0.05127417603043971,0.1020190312155258,8.039284828769515e-05,0.0003994053298421729,-0.00011235371669917767,0.0002517177573795329,0.4669249642834903,0.28667413213885895,0.45296216484491664,0.48088837116233957,0.5226696498309509,0.27724103167269987,0.5062390657375726,0.5412233358905305,1.9929887051166488,1.4918853719536207,1.9448333825146782,2.0441480026410903,2.234151247748386,1.4783184936962999,2.1731772597182797,2.2948441931205985
5m,VALIDATION,OS,CAUSAL_DNO_QUANTILE_80_20_CONTROL_V1,FORECAST_REALIZATION,COMMON_ELIGIBILITY,1,10843,107941,N_GE_100,0.5522456884626026,0.5428690061948979,0.5615853632687439,0.4980220676110097,0.05422362085159288,0.10887794814334484,1.1332276012480127e-05,0.0001421333377924494,-3.8920596306309886e-05,6.007752167108135e-05,0.14156098759133606,0.09027128897899214,0.13788717333936376,0.14545835163554652,0.15755820383030122,0.07582419318319727,0.1526578987533338,0.16236951489052012,0.5490797095061946,0.435840043418914,0.5390144620055469,0.5602050321848664,0.6213739412957905,0.36950900955857635,0.6047982198643976,0.639680230993317
5m,VALIDATION,OS,CAUSAL_DNO_QUANTILE_80_20_CONTROL_V1,FORECAST_REALIZATION,COMMON_ELIGIBILITY,3,10843,107939,N_GE_100,0.5539979710412247,0.5446241904413062,0.563333502976103,0.5004771213370515,0.05352084970417326,0.10693965302787345,4.491364212762103e-05,0.0002468863088547213,-3.0248828119900852e-05,0.00012825962827781812,0.24442719541632038,0.15160679004879715,0.2380389199822428,0.2509507335178591,0.2790684941586148,0.13914618583014737,0.2712981033024372,0.28732568791719826,0.9622127329331789,0.7579703872113654,0.9445528017288191,0.9808889442356797,1.1253569992112848,0.6902181423937854,1.0990610820463802,1.1545608568826666
5m,VALIDATION,OS,CAUSAL_DNO_QUANTILE_80_20_CONTROL_V1,FORECAST_REALIZATION,COMMON_ELIGIBILITY,5,10843,107937,N_GE_100,0.5529834916536014,0.5436080168184045,0.5623214364152445,0.5011441859603287,0.051839305693272664,0.10344189785208102,8.192078268432795e-05,0.00029155758566012935,-1.845463019201441e-05,0.0001857219304969839,0.31783158189710325,0.19493771130943593,0.30904828898097003,0.32605580574421933,0.3560299744908581,0.1827194442434313,0.3460160251748579,0.36779567829692367,1.2649489099494935,0.9635228826692436,1.242056363750947,1.2909872709782977,1.4588268575721364,0.9075300341977465,1.4242361951113465,1.5009602730236808
5m,VALIDATION,OS,CAUSAL_DNO_QUANTILE_80_20_CONTROL_V1,FORECAST_REALIZATION,COMMON_ELIGIBILITY,10,10842,107932,N_GE_100,0.5458402508762221,0.5364535265627309,0.555194501931434,0.5025942259941445,0.04324602488207763,0.08604560626723456,8.66506438946454e-05,0.00034781117782101134,-5.2865780745228725e-05,0.00023413425453792716,0.45827023768512665,0.27651646981704936,0.44603379484337213,0.4711148601593744,0.49858419571844687,0.264343606291313,0.4848307928836002,0.5124359301334401,1.8606918876096634,1.3668393896753304,1.823617903219313,1.8928932334005928,2.0604534809346853,1.31763821024835,2.0154461733026454,2.12046413330077
5m,VALIDATION,OS,PROJECT_DYNAMIC_EXTREMA_V1,FORECAST_REALIZATION,COMMON_ELIGIBILITY,1,9251,107941,N_GE_100,0.5585342125175656,0.5483930437336068,0.568626787270308,0.4980220676110097,0.06051214490655593,0.12150494695311398,2.7795459360525083e-05,0.00016370879237470604,-2.4921002554876874e-05,7.558132842161398e-05,0.14434203248928623,0.09162065408652333,0.14080698386513985,0.1477464883701869,0.1591203202001424,0.07488064406893614,0.15374510944812325,0.16443289454958238,0.5716540149745131,0.46299259164158957,0.5604685589897238,0.5825146238674044,0.6462005584032536,0.3756070458652101,0.6263860516088866,0.6666530216118408
5m,VALIDATION,OS,PROJECT_DYNAMIC_EXTREMA_V1,FORECAST_REALIZATION,COMMON_ELIGIBILITY,3,9251,107939,N_GE_100,0.5585342125175656,0.5483930437336068,0.568626787270308,0.5004771213370515,0.058057091180514164,0.11600348688349937,8.39418201110356e-05,0.0002782127097917808,-9.149262490282016e-06,0.00016517415962737596,0.2471938592276004,0.1539424280350461,0.2408018988364691,0.25378046919492264,0.2758045746426671,0.13840679610063175,0.2675948160318227,0.28416338093714366,0.9890682373467278,0.781465500087382,0.9689173145138827,1.009820351588298,1.146298995574276,0.7012575827781449,1.1149474209360648,1.1799381227244112
5m,VALIDATION,OS,PROJECT_DYNAMIC_EXTREMA_V1,FORECAST_REALIZATION,COMMON_ELIGIBILITY,5,9251,107937,N_GE_100,0.5551832234353042,0.5450356343930286,0.5652850003761282,0.5011441859603287,0.054039037474975515,0.10783131679243563,5.4121970959523604e-05,0.00030413047197241916,-7.104818243848817e-05,0.00015888865423710298,0.31921870059015867,0.19661103078626266,0.311651812246574,0.3281768254904621,0.3560405794358382,0.1821168790462976,0.34495169689105326,0.3661005674298168,1.3002049389248707,1.0038765074975806,1.2726291081323187,1.3279594030914423,1.4924769293180882,0.9223648927420709,1.4562586503967183,1.5367167882608528
5m,VALIDATION,OS,PROJECT_DYNAMIC_EXTREMA_V1,FORECAST_REALIZATION,COMMON_ELIGIBILITY,10,9250,107932,N_GE_100,0.5458378378378378,0.5356742516480701,0.555963366181913,0.5025942259941445,0.0432436118436933,0.08604080510108592,6.945500966067042e-05,0.00035111935344567247,-0.00010242555161708551,0.00023654859900811717,0.4558791812438366,0.2748808451554096,0.4435854690781251,0.468328869330498,0.49920549409299664,0.263227553113315,0.4845528409757838,0.5141402145691256,1.8926636236999836,1.3939065572642435,1.8502315604874926,1.930235399969639,2.1001738371531165,1.3427491827503681,2.0503551097360133,2.1579040308310087
6H,DISCOVERY,OB,ATR_1X_PRICE_BAND_CONTROL_V1,FORECAST_REALIZATION,COMMON_ELIGIBILITY,1,253,4442,N_GE_100,0.4268774703557312,0.36746917178816013,0.48847316777054045,0.4738856371004052,-0.04700816674467401,-0.09919728108306025,0.002414574763479908,0.0017712276043426733,-0.0007513222163422009,0.005533316903864104,1.8314417050697642,1.1490688579943964,1.559650171544073,2.1184067158734257,1.9977417260535897,1.3805931048936344,1.7486409953670015,2.2503899580413025,0.5875642434639082,0.3921774876320455,0.5115358896674566,0.6833343480987275,0.680307176371962,0.4737665706715324,0.6021241271061931,0.7673416889281506
6H,DISCOVERY,OB,ATR_1X_PRICE_BAND_CONTROL_V1,FORECAST_REALIZATION,COMMON_ELIGIBILITY,3,253,4440,N_GE_100,0.40711462450592883,0.34840271450043325,0.4686051222362946,0.46959459459459457,-0.06247997008866574,-0.13305087155571982,0.006568386990607178,0.004941295717543648,0.00015980207795031145,0.0123898171712987,3.058625216744968,1.7642624958778934,2.5882322898446937,3.51112006720601,3.785399710843832,2.811599317687196,3.351677673094604,4.248605788632378,0.9795205945458838,0.6649763944472303,0.8539046241023182,1.12843272822481,1.291152522869393,1.0009796526409511,1.1244369720356768,1.449417422783735
6H,DISCOVERY,OB,ATR_1X_PRICE_BAND_CONTROL_V1,FORECAST_REALIZATION,COMMON_ELIGIBILITY,5,253,4438,N_GE_100,0.466403162055336,0.40589223635575444,0.5279191088468919,0.4704821991888238,-0.004079037133487784,-0.00866990747050711,0.005007691982375142,0.0018589280181762202,-0.002622982612787907,0.012149762882902539,4.020247892095705,2.6247649159148567,3.376640100226631,4.6842359359154,4.68995817487753,3.6419631093544194,4.190393102244731,5.268430598101235,1.3010248177526664,0.9340067224819164,1.1478876443345758,1.4905817193816904,1.5865146275747442,1.1981556498632355,1.3799313224129008,1.7717073446195426
6H,DISCOVERY,OB,ATR_1X_PRICE_BAND_CONTROL_V1,FORECAST_REALIZATION,COMMON_ELIGIBILITY,10,253,4433,N_GE_100,0.43873517786561267,0.3789558061244146,0.5003472351274698,0.45589893976990753,-0.01716376190429486,-0.03764817245014307,0.013277371217345313,0.011464659112251807,0.0034808460404737833,0.023359130045494135,5.198070983021003,3.421149670176586,4.494524949893783,5.956514712764263,6.556519682022934,4.885750624972596,5.902351217213183,7.341078215185237,1.6796672736251481,1.2386185237382819,1.48758878044406,1.8959824532225926,2.28709543360089,1.7022627064102875,1.9785502342165233,2.5621990900216915
6H,DISCOVERY,OB,CAUSAL_DNO_QUANTILE_80_20_CONTROL_V1,FORECAST_REALIZATION,COMMON_ELIGIBILITY,1,446,4442,N_GE_100,0.5022421524663677,0.45601768936065884,0.5484283200791086,0.4738856371004052,0.02835651536596251,0.05983830938508583,0.0010096136300853933,-3.999628167239422e-05,-0.0010584208470732813,0.0031497289963825885,1.6297356548694393,1.1899698202487414,1.4936416711081055,1.7577720114457611,1.5881278070483429,1.0890883703069474,1.4361406508491728,1.7168035841303635,0.4953185453704242,0.37859697873980347,0.45799839554603866,0.5355795251582479,0.4886231424608473,0.3583385348215732,0.4459529456156433,0.5369523194265287
6H,DISCOVERY,OB,CAUSAL_DNO_QUANTILE_80_20_CONTROL_V1,FORECAST_REALIZATION,COMMON_ELIGIBILITY,3,446,4440,N_GE_100,0.4641255605381166,0.4183442150889115,0.5105196338748125,0.46959459459459457,-0.005469034056477973,-0.011646288350485423,0.0034850292584879226,0.0026620883600295686,-0.00021603946807415207,0.007096382956520695,2.8307787829002415,2.041944458933521,2.55816384877171,3.0894198380569122,3.0708653981362604,2.1207516000101263,2.8271052278460256,3.3250585571678277,0.8639955544143697,0.6717590577200803,0.7947452044332248,0.9322893466191929,0.9636288319654018,0.6857508244777717,0.8771507161193561,1.0550989032549862
6H,DISCOVERY,OB,CAUSAL_DNO_QUANTILE_80_20_CONTROL_V1,FORECAST_REALIZATION,COMMON_ELIGIBILITY,5,446,4438,N_GE_100,0.5022421524663677,0.45601768936065884,0.5484283200791086,0.4704821991888238,0.03175995327754394,0.06750511142037352,0.0038356069425780075,-0.0005947287992238426,-0.0008100893837682157,0.008228025485086386,3.717717458300098,2.7868505303639233,3.4077548261384467,3.9904318209160365,3.9126821124496565,2.667998246432262,3.6119057764599605,4.247475460091268,1.134447759779344,0.8630439041785816,1.0471241800840307,1.230870405827711,1.2262361938384463,0.8503063205369413,1.1186822612464262,1.3483755750866655
6H,DISCOVERY,OB,CAUSAL_DNO_QUANTILE_80_20_CONTROL_V1,FORECAST_REALIZATION,COMMON_ELIGIBILITY,10,446,4433,N_GE_100,0.4730941704035874,0.4271845426658988,0.5194633440568942,0.45589893976990753,0.017195230633679892,0.037717198119298745,0.0072544987497144145,0.004455130996089296,0.0008645350059368808,0.014388208909403857,5.200881089032623,3.824684559632906,4.759519871579114,5.607190048270727,5.800364825422496,4.161016479632522,5.319145849452453,6.286552595549689,1.5738592060588479,1.2479394493920979,1.4452008313487101,1.7051104769452132,1.8522867009532744,1.2685887018836612,1.69391182319641,2.032714371807377
6H,DISCOVERY,OB,PROJECT_DYNAMIC_EXTREMA_V1,FORECAST_REALIZATION,COMMON_ELIGIBILITY,1,419,4442,N_GE_100,0.477326968973747,0.42992338184708534,0.525142534089284,0.4738856371004052,0.0034413318733417797,0.007261945929398772,0.0009166523641466012,0.0006273222988950611,-0.0010219340817304143,0.002937143417278261,1.6272743983867153,1.229993671536519,1.4999771531403865,1.7610508622527714,1.6566874379861924,1.1423340000349824,1.5079256705131763,1.821098726704488,0.4987714390541628,0.39479633824966015,0.4520901775546567,0.5401958273330453,0.509945940683782,0.38517988883273907,0.4619565648059234,0.5642195278702214
6H,DISCOVERY,OB,PROJECT_DYNAMIC_EXTREMA_V1,FORECAST_REALIZATION,COMMON_ELIGIBILITY,3,419,4440,N_GE_100,0.4343675417661098,0.38771427886209897,0.48221337253265495,0.46959459459459457,-0.03522705282848476,-0.07501588228224099,0.004178888622117324,0.0046298193141312005,0.0006243029891222199,0.008237929434224085,2.8901694835727407,2.0726170761657077,2.6171550025591923,3.1585489516559884,3.188308403757119,2.3653596396695136,2.9173857780979695,3.4540627321804553,0.8929872960414406,0.6695798366283209,0.8109767754389154,0.9764066152396872,1.0204550616621495,0.788149995427134,0.9326220325718733,1.124537759723899
6H,DISCOVERY,OB,PROJECT_DYNAMIC_EXTREMA_V1,FORECAST_REALIZATION,COMMON_ELIGIBILITY,5,419,4438,N_GE_100,0.49403341288782815,0.44643282846355686,0.5417424125723298,0.4704821991888238,0.02355121369900437,0.0500576084272899,0.005054730398780203,0.0008398894634986664,0.000273195554759634,0.009625707947983973,3.76914650233654,2.787816210634991,3.4362162014363773,4.123444731464433,4.18880568407462,3.2514855925552255,3.836804288416349,4.543522588324906,1.168901980925604,0.8610305644285992,1.0543828518027436,1.2917269259232962,1.341074596793238,1.0012534369644015,1.2276080516429486,1.4736621180820635
6H,DISCOVERY,OB,PROJECT_DYNAMIC_EXTREMA_V1,FORECAST_REALIZATION,COMMON_ELIGIBILITY,10,419,4433,N_GE_100,0.477326968973747,0.42992338184708534,0.525142534089284,0.45589893976990753,0.02142802920383946,0.04700170878803589,0.008933885408911874,0.00491597978640379,0.0011532852901066947,0.016778628172283462,5.3593059753178505,3.812947818821683,4.891958995083618,5.856562280494905,6.133326725459312,4.336695151281797,5.602862118292102,6.725865165079322,1.6303869932193902,1.2034512980865393,1.4913230229803094,1.7752397295874716,1.9985299176422229,1.327695808605476,1.8069704758827068,2.2139406697386605
6H,DISCOVERY,OS,ATR_1X_PRICE_BAND_CONTROL_V1,FORECAST_REALIZATION,COMMON_ELIGIBILITY,1,233,4442,N_GE_100,0.5021459227467812,0.4384325682768475,0.5657896629528014,0.5261143628995948,-0.02396844015281363,-0.04555747161266499,-0.0025126025693523834,0.00039393730487780054,-0.006908051798697748,0.0017032652424070647,2.136416570639915,1.5061801495078058,1.8385912595282556,2.5185496389756374,2.919201081467606,1.7704074904391416,2.4698097260725995,3.451396653335114,0.5290268279225828,0.4337532130988363,0.47519363798115277,0.5834200367019355,0.7662098962769087,0.5229619120667702,0.6570605826277023,0.8814066669151516
6H,DISCOVERY,OS,ATR_1X_PRICE_BAND_CONTROL_V1,FORECAST_REALIZATION,COMMON_ELIGIBILITY,3,233,4440,N_GE_100,0.5278969957081545,0.4638629613688173,0.5910260446166178,0.5301801801801802,-0.00228318447202569,-0.004306431204670336,-0.005180180730739667,0.0008221102823573467,-0.012853586630651934,0.0016185307142064357,3.2143597766363246,2.3202234369736026,2.823423532746297,3.6519793382171835,4.862453361004739,3.04088768777359,4.18402401861042,5.751308376423907,0.8318926905105535,0.6785822747629421,0.7500123934232712,0.9271392582827499,1.2727803731497287,0.8917384137737108,1.1070669187716793,1.4368210103823644
6H,DISCOVERY,OS,ATR_1X_PRICE_BAND_CONTROL_V1,FORECAST_REALIZATION,COMMON_ELIGIBILITY,5,233,4438,N_GE_100,0.5579399141630901,0.4937430067230032,0.6202572364775155,0.5295178008111762,0.028422113351913914,0.05367546342799745,0.00045560832118037134,0.0063083887123183136,-0.008375563114789805,0.008039355018392829,4.045428287812699,2.978809487685235,3.6209220025125513,4.559213493863449,5.720869726146536,3.61605748203686,4.887146567514832,6.691241461125449,1.0716139720613895,0.8889127879408341,0.9697501128049592,1.1903893975488131,1.5303049076113062,1.0112128148405846,1.3194104836959666,1.7522373530020137
6H,DISCOVERY,OS,ATR_1X_PRICE_BAND_CONTROL_V1,FORECAST_REALIZATION,COMMON_ELIGIBILITY,10,233,4433,N_GE_100,0.5407725321888412,0.4766407002730665,0.6035816930902617,0.5436498984886081,-0.0028773662997668703,-0.00529268249247572,0.00016156507634860307,0.005864708779155681,-0.009332955653088166,0.009771721063572178,5.449341293356612,4.1698201607380945,4.870426584865302,6.0657392337950515,7.270117498322862,4.611092878240885,6.276916183519648,8.343049635010182,1.4959048062775906,1.1310107418020088,1.3428726301643457,1.672261467623091,1.9419574461844633,1.3709144816691863,1.7110215207772852,2.184704216751876
6H,DISCOVERY,OS,CAUSAL_DNO_QUANTILE_80_20_CONTROL_V1,FORECAST_REALIZATION,COMMON_ELIGIBILITY,1,378,4442,N_GE_100,0.5793650793650794,0.5290444327290308,0.6280887869096886,0.5261143628995948,0.05325071646548463,0.10121509736400625,2.9173791866666216e-05,0.0028695331134855895,-0.0028777664235928595,0.0026709032508981643,1.8191770567782923,1.348963568013588,1.6557747705207735,1.9971553652621192,2.262460685691114,1.3289806344283874,1.9577520261503762,2.6016509453883527,0.48787728076846937,0.4255914646143715,0.45338559583170196,0.5266069242865694,0.6091148178671276,0.4120865672453783,0.5437634242564425,0.6835791888321667
6H,DISCOVERY,OS,CAUSAL_DNO_QUANTILE_80_20_CONTROL_V1,FORECAST_REALIZATION,COMMON_ELIGIBILITY,3,378,4440,N_GE_100,0.5608465608465608,0.5104518137543074,0.6100169879687106,0.5301801801801802,0.03066638066638061,0.05784143167320721,-0.0009670064390993907,0.003389444706751732,-0.0059979589704197474,0.003892278808949995,3.030650761606369,2.1761070564519773,2.745444453578771,3.303310347915956,3.9686401231365163,2.3045180342316223,3.447539442457816,4.496677885005095,0.8294274758247725,0.6705490873158835,0.7665581590619406,0.8953147356968122,1.0758132001354115,0.69992563671082,0.9522125212457621,1.1968533559132668
6H,DISCOVERY,OS,CAUSAL_DNO_QUANTILE_80_20_CONTROL_V1,FORECAST_REALIZATION,COMMON_ELIGIBILITY,5,378,4438,N_GE_100,0.5582010582010583,0.5078014332140779,0.6074295945209831,0.5295178008111762,0.02868325738988209,0.05416863672182837,0.0034214177054543273,0.006168882782845553,-0.003283842221423107,0.009300457170798714,4.052238305327214,2.792092773902665,3.677032477970255,4.422044507674115,4.899261803768892,2.777094423594396,4.317954270586667,5.55930610840394,1.0903913826412617,0.8278031058381196,1.0079410866147023,1.1854265494646956,1.343671773449497,0.8468426561106539,1.200733589235302,1.495369627227318
6H,DISCOVERY,OS,CAUSAL_DNO_QUANTILE_80_20_CONTROL_V1,FORECAST_REALIZATION,COMMON_ELIGIBILITY,10,378,4433,N_GE_100,0.58994708994709,0.5397004719955257,0.638383843595023,0.5436498984886081,0.04629719145848188,0.08515993764956442,0.01122587572009015,0.013555023494905005,0.0020586773685849903,0.019958402786984113,6.0105578346630395,4.145420803692403,5.4120970107098625,6.633366000060237,6.299261219635531,3.6700168750686464,5.577838503060668,7.084724031636029,1.641706487809001,1.301477122618894,1.5081731049417626,1.7997753046793001,1.7766045714047647,1.2153968368447956,1.5915933978581007,1.9511821046315605
6H,DISCOVERY,OS,PROJECT_DYNAMIC_EXTREMA_V1,FORECAST_REALIZATION,COMMON_ELIGIBILITY,1,323,4442,N_GE_100,0.5851393188854489,0.5307136342237292,0.6375635985397868,0.5261143628995948,0.05902495598585411,0.11219035279810186,0.0017507418979401364,0.0033631720022253564,-0.0012080987323765816,0.004571518866379912,1.9491301981224558,1.5068112315818782,1.7660165103123606,2.1448361010787074,2.1897426479560695,1.3361170437251406,1.8946137244966468,2.52179982437816,0.515526897002358,0.46095999967851065,0.47713768241492993,0.557977440393535,0.6089678805947578,0.4050576233708767,0.5375158562635554,0.6931214090221374
6H,DISCOVERY,OS,PROJECT_DYNAMIC_EXTREMA_V1,FORECAST_REALIZATION,COMMON_ELIGIBILITY,3,323,4440,N_GE_100,0.5572755417956656,0.502747706533445,0.6104569773256475,0.5301801801801802,0.027095361615485425,0.05110594969105997,0.00048546373642494636,0.004164012663161909,-0.004540075953207432,0.005408009609161629,3.173954813937448,2.46463648156156,2.894466129904541,3.4581013867973494,3.8952478276821334,2.488549172914775,3.3736505741546887,4.498818211085162,0.876174532669723,0.7269220319293409,0.8080020958723769,0.9529574238341252,1.064940487656615,0.7285183900044834,0.949336483275147,1.1955443533423915
6H,DISCOVERY,OS,PROJECT_DYNAMIC_EXTREMA_V1,FORECAST_REALIZATION,COMMON_ELIGIBILITY,5,323,4438,N_GE_100,0.541795665634675,0.48728464226929447,0.5953241810873406,0.5295178008111762,0.012277864823498796,0.02318687833476063,0.0007250865832008086,0.0044440609224662975,-0.005594013497897217,0.007088548727589493,3.9460489933603604,3.0161848579957895,3.6080807966611834,4.260054702949074,4.860494081829423,3.024017467248904,4.176109059912311,5.635491082538019,1.103139551075932,0.8700824856924895,1.0108129946480628,1.1992322712961487,1.3400999668001015,0.9038249288444669,1.1933931637603838,1.5113325067385879
6H,DISCOVERY,OS,PROJECT_DYNAMIC_EXTREMA_V1,FORECAST_REALIZATION,COMMON_ELIGIBILITY,10,323,4433,N_GE_100,0.5758513931888545,0.5213725732782561,0.6285471431837855,0.5436498984886081,0.03220149470024636,0.05923204398597193,0.008123237232767538,0.013657040018138611,-0.0008408765585625359,0.016180526256661776,5.682466758239321,4.599053024554579,5.189314032646035,6.18587110032869,6.472054812177775,3.9084268393704407,5.663460711939848,7.412099746490675,1.613797661291933,1.343935002377297,1.4606549774626312,1.773830124345676,1.785187512201711,1.2668854873505118,1.5834499924211451,2.0041658957505564
6H,VALIDATION,OB,ATR_1X_PRICE_BAND_CONTROL_V1,FORECAST_REALIZATION,COMMON_ELIGIBILITY,1,82,1500,N_30_99,0.4146341463414634,0.3141639024666607,0.522745008830426,0.49666666666666665,-0.08203252032520325,-0.16516614830577836,0.00258486810035191,0.0015611808658155812,-0.0007130970643560772,0.0061253663576074455,1.122039423448719,0.7994291964400633,0.8908085436273043,1.3822840118780344,1.6486718852920021,1.2121888133779422,1.3268877715359253,2.015671048383938,0.41718513043072974,0.338515922404088,0.3357727667951546,0.4982032513748221,0.7089545504747631,0.5045588932909295,0.5643671399174761,0.8819892804237077
6H,VALIDATION,OB,ATR_1X_PRICE_BAND_CONTROL_V1,FORECAST_REALIZATION,COMMON_ELIGIBILITY,3,82,1498,N_30_99,0.35365853658536583,0.2588541267448773,0.4615611497644142,0.5033377837116155,-0.1496792471262497,-0.29737335834896816,0.011084226207855931,0.007837718679555739,0.004953702871657245,0.01704422166192699,1.8992550520452842,1.432558315812992,1.5121772002832332,2.3621975053171487,3.0439622482525004,2.2107069044332306,2.4448595128318322,3.635037270717906,0.7325586670448436,0.5936050065719407,0.6077067345771662,0.8719657985950284,1.2435798901530346,0.8767736503907638,1.0072503769787517,1.4905323580299112
6H,VALIDATION,OB,ATR_1X_PRICE_BAND_CONTROL_V1,FORECAST_REALIZATION,COMMON_ELIGIBILITY,5,82,1496,N_30_99,0.43902439024390244,0.33673363578460386,0.546772729427601,0.4979946524064171,-0.058970262162514664,-0.11841545261090192,0.008372581091190361,0.004009197040597101,0.0008484740220293282,0.01694287726379148,2.3721197839554713,1.945158857834533,1.8736998344734412,2.8633442178643036,3.8345802555091923,2.855708231590091,3.1133965658875775,4.607880053405883,0.9259449097139163,0.6469442142402207,0.7585140862025033,1.122666114984581,1.5274900636274686,1.162698931952393,1.2684484739205575,1.820573164036309
6H,VALIDATION,OB,ATR_1X_PRICE_BAND_CONTROL_V1,FORECAST_REALIZATION,COMMON_ELIGIBILITY,10,82,1491,N_30_99,0.36585365853658536,0.26978466322708194,0.4739293402397686,0.4922870556673374,-0.12643339713075202,-0.25682860370838045,0.021128050874261315,0.01237929994805742,0.008875517549278773,0.03271195893241948,2.9537476795159083,2.3794422203294867,2.347685013750568,3.6638622727666723,5.890828722529005,4.198849175815516,4.7023895497539545,7.1577529548354075,1.1706186916519383,1.1018099280647606,0.9714576702944246,1.4097868073642787,2.4990706100303064,1.8197354474195127,1.9989743656887338,3.0532685267092563
6H,VALIDATION,OB,CAUSAL_DNO_QUANTILE_80_20_CONTROL_V1,FORECAST_REALIZATION,COMMON_ELIGIBILITY,1,124,1500,N_GE_100,0.47580645161290325,0.3899577057750623,0.5631092145388261,0.49666666666666665,-0.020860215053763398,-0.04200043299415446,0.0028179522892406187,0.0007218878963072273,-0.0011926871225489953,0.006913299607912069,1.1446210736159703,0.731988060802734,0.8976604688624257,1.427267016211574,1.6295878590504032,1.0814513697298302,1.332208959056331,1.9460816054333903,0.41964666945442763,0.31826671928746686,0.3474816483107539,0.5008320891136767,0.6484506712026425,0.4207968858653107,0.5202284432599159,0.8083607189232345
6H,VALIDATION,OB,CAUSAL_DNO_QUANTILE_80_20_CONTROL_V1,FORECAST_REALIZATION,COMMON_ELIGIBILITY,3,124,1498,N_GE_100,0.4274193548387097,0.343816476111844,0.5153842848298212,0.5033377837116155,-0.07591842887290584,-0.15082998203131692,0.006841337695289144,0.002216332774117369,0.0013876840941588339,0.012381408989639549,1.9985960426238294,1.4787114218681454,1.6553026987418649,2.362261738542969,2.8782939680398156,1.972734442729609,2.4308863249952815,3.3262400646989922,0.7644126544902803,0.559556883109519,0.6565472532403521,0.9008445797652094,1.107121652761092,0.7911891831695648,0.9581866608217354,1.3001322922365908
6H,VALIDATION,OB,CAUSAL_DNO_QUANTILE_80_20_CONTROL_V1,FORECAST_REALIZATION,COMMON_ELIGIBILITY,5,124,1496,N_GE_100,0.4838709677419355,0.3977251649074819,0.570986115301777,0.4979946524064171,-0.014123684664481606,-0.028361117124918733,0.005375931156968164,0.0014360337592632666,-0.0020820042587119353,0.01388200324331029,2.6807443447645145,1.9952036144673302,2.2506508147545676,3.1193644012069055,3.7265315058879547,2.861209701909847,3.200496746194197,4.292405717131692,1.0390594020943806,0.7299299829929589,0.8922006753148676,1.2280081693493592,1.4639985923943393,1.0091423720880672,1.2621198801386675,1.7251787897182205
6H,VALIDATION,OB,CAUSAL_DNO_QUANTILE_80_20_CONTROL_V1,FORECAST_REALIZATION,COMMON_ELIGIBILITY,10,124,1491,N_GE_100,0.4274193548387097,0.343816476111844,0.5153842848298212,0.4922870556673374,-0.0648677008286277,-0.13176804078403803,0.01076874927098203,0.009246402785297425,0.00012445565299920922,0.021073660254817956,3.6994966627254646,2.3794422203294867,3.1044458965288557,4.359320739942375,5.135083159401613,3.756805528555353,4.341803447813777,5.911782477107904,1.4628909388617146,1.0976106559204326,1.2336825868494745,1.7359921595418077,2.1014824313542584,1.4330045013094013,1.759434686601723,2.4904557926950974
6H,VALIDATION,OB,PROJECT_DYNAMIC_EXTREMA_V1,FORECAST_REALIZATION,COMMON_ELIGIBILITY,1,128,1500,N_GE_100,0.4765625,0.3919872293426451,0.5625036142150788,0.49666666666666665,-0.020104166666666645,-0.040478187919463005,0.0022391784146153313,0.0009096521706383198,-0.001113657960644046,0.005719383400491272,1.1215648095770907,0.6892760188282412,0.8884044630521772,1.4007404334980924,1.5614695231217874,1.1017746321562676,1.29483557609877,1.8523480012153617,0.4519415873914754,0.3220830190739892,0.3747700792624753,0.5474833695770449,0.6703423384926687,0.4490114755306827,0.5664069879530794,0.8194175037242513
6H,VALIDATION,OB,PROJECT_DYNAMIC_EXTREMA_V1,FORECAST_REALIZATION,COMMON_ELIGIBILITY,3,128,1498,N_GE_100,0.4375,0.35462168452480924,0.5240205649624543,0.5033377837116155,-0.06583778371161553,-0.1308023872679046,0.0060439253706264144,0.0021054871830088473,0.0009560680407273079,0.011160142652414388,1.9230116889930293,1.3598718308305213,1.5876878681166604,2.2840118467609773,2.693715370631986,1.6582174867013735,2.265841757374448,3.1564258109679084,0.7971780535329347,0.6201293824967733,0.6759895849869244,0.9259729594400323,1.1096680923320221,0.7985593086043925,0.9326868345060892,1.2998227026880569
6H,VALIDATION,OB,PROJECT_DYNAMIC_EXTREMA_V1,FORECAST_REALIZATION,COMMON_ELIGIBILITY,5,128,1496,N_GE_100,0.4765625,0.3919872293426451,0.5625036142150788,0.4979946524064171,-0.021432152406417104,-0.04303691275167787,0.005444582972177797,0.0008904986444280283,-0.001984912383562966,0.01232521763787416,2.582476908302495,2.006778515714247,2.154595734707156,3.042259303725328,3.5339413594235225,2.224587866021104,2.977641435663425,4.180405094676589,1.084280969052179,0.8235084023112731,0.9467087804033744,1.247039834300068,1.4796463874222123,1.0054565645100193,1.2838896174243386,1.7263084366481136
6H,VALIDATION,OB,PROJECT_DYNAMIC_EXTREMA_V1,FORECAST_REALIZATION,COMMON_ELIGIBILITY,10,128,1491,N_GE_100,0.421875,0.3398196990498745,0.5084831128092049,0.4922870556673374,-0.07041205566733738,-0.14303048365122617,0.014902175998287926,0.010341113295452842,0.004125315671960138,0.025231606976168254,3.33624588674171,2.481371187337773,2.807387089852231,3.9560875088576886,5.182186029503746,3.592602768662353,4.321007043581781,6.139456534195368,1.4346071588207454,1.1251940282638193,1.2384212567101338,1.6641507069710637,2.2801918893583144,1.4703701217972769,1.9362803571650227,2.6897290055535468
6H,VALIDATION,OS,ATR_1X_PRICE_BAND_CONTROL_V1,FORECAST_REALIZATION,COMMON_ELIGIBILITY,1,83,1500,N_30_99,0.5783132530120482,0.4709262842089882,0.6787715564572362,0.5033333333333333,0.07497991967871487,0.14896672783850629,3.740690403590123e-06,0.004324518736726679,-0.004556564658125882,0.003488569210307014,1.424055797926911,1.0884085771048877,1.1533017003281394,1.6728119050077759,1.4876574619594065,0.780680087538557,1.1208717818566594,1.9390274082946972,0.541318831014727,0.4365239469688746,0.44620835092336186,0.6439960512418403,0.4891601548991512,0.28258572835627477,0.39522093908472267,0.5901859925083885
6H,VALIDATION,OS,ATR_1X_PRICE_BAND_CONTROL_V1,FORECAST_REALIZATION,COMMON_ELIGIBILITY,3,83,1498,N_30_99,0.5180722891566265,0.4121756969766282,0.6223699585617313,0.49666221628838453,0.02141007286824198,0.043107915533100005,-0.005136678578559353,0.00019415368977671044,-0.014916959089792724,0.002706568601853268,2.4099672234136817,1.6392229168208852,1.9057355410626844,2.8854980428748944,3.1277494837978304,1.7972215413566546,2.4023748534937512,3.9141351211504163,0.8930569464296628,0.7164318542799081,0.7374639991373503,1.0804386943063462,1.0119730068228934,0.8963887781907813,0.823896119217254,1.2399620328427758
6H,VALIDATION,OS,ATR_1X_PRICE_BAND_CONTROL_V1,FORECAST_REALIZATION,COMMON_ELIGIBILITY,5,83,1496,N_30_99,0.5903614457831325,0.48285572426842,0.6898725534233776,0.5020053475935828,0.0883560981895497,0.17600628880368352,-0.0016913394857527057,0.005210598309520531,-0.01305845386344139,0.009072185862743824,3.2959761512089436,2.4979297217793173,2.699415706332525,3.88661580150436,4.086679177846351,2.2649395639567813,3.0997085314401494,5.204292696255634,1.2341597248582292,1.0556116668237803,1.0474650382657091,1.4591731058894781,1.2949653765819453,0.9611996930352837,1.053094517222453,1.5952205866617617
6H,VALIDATION,OS,ATR_1X_PRICE_BAND_CONTROL_V1,FORECAST_REALIZATION,COMMON_ELIGIBILITY,10,83,1491,N_30_99,0.5783132530120482,0.4709262842089882,0.6787715564572362,0.5077129443326627,0.07060030867938549,0.13905556174499845,-0.00012378543671522833,0.011217553227290011,-0.017028902219334955,0.016899043273610262,4.799217086545096,3.1848668234205713,3.890598828961769,5.792111932546044,5.637617346327693,3.2251103658481868,4.228269215503021,7.201533506127809,1.8152467765632614,1.358942330548747,1.5069837123539884,2.2169479277213493,1.830669366320365,1.3126737552584669,1.4498782057025228,2.274913561551328
6H,VALIDATION,OS,CAUSAL_DNO_QUANTILE_80_20_CONTROL_V1,FORECAST_REALIZATION,COMMON_ELIGIBILITY,1,123,1500,N_GE_100,0.6016260162601627,0.5132936289239914,0.6838025918742326,0.5033333333333333,0.09829268292682936,0.1952834760135682,0.0007568779475325497,0.0030770782889426584,-0.002660143693239498,0.0038758236786839524,1.3729813787282725,0.9787866333660029,1.1431306493905127,1.625699381632319,1.4777318383602542,0.7883099403960777,1.1584899010454495,1.7990136173419975,0.513942588090352,0.3906023358814284,0.4268387364904507,0.6176728855114922,0.49001340386289005,0.3196019038283908,0.4002241668429201,0.5772562546329589
6H,VALIDATION,OS,CAUSAL_DNO_QUANTILE_80_20_CONTROL_V1,FORECAST_REALIZATION,COMMON_ELIGIBILITY,3,123,1498,N_GE_100,0.5528455284552846,0.4647023677965987,0.6377876670184777,0.49666221628838453,0.056183312166900035,0.11312177637905418,-0.0009102901321327466,0.0010542200911873856,-0.0076470078661776885,0.004928781712110076,2.5300902854003584,1.7041628537389657,2.046753233217892,2.9770852867219597,2.817914112902309,1.9033148822958337,2.333124015785983,3.3803308996918795,0.9105449439592145,0.7267875447496516,0.7827719610506098,1.0666556803354934,0.9832364177054416,0.7352218738939312,0.8168724260935094,1.153594879834334
6H,VALIDATION,OS,CAUSAL_DNO_QUANTILE_80_20_CONTROL_V1,FORECAST_REALIZATION,COMMON_ELIGIBILITY,5,123,1496,N_GE_100,0.5691056910569106,0.4808071908005235,0.6532182393422689,0.5020053475935828,0.06710034346332772,0.1336645989629004,0.0017181010403932166,0.003054658504844099,-0.0071063068632020625,0.009418737734029285,3.4120804703635788,2.496392270046424,2.8269090912808315,3.9936893591784948,3.6247013595745705,2.2987886944818383,2.9345482884609,4.448508439076056,1.2406013956159785,1.0226660982865505,1.0737355914074063,1.449047448320228,1.269535275564147,0.839702325389335,1.0468747067938897,1.5321238648783897
6H,VALIDATION,OS,CAUSAL_DNO_QUANTILE_80_20_CONTROL_V1,FORECAST_REALIZATION,COMMON_ELIGIBILITY,10,123,1491,N_GE_100,0.5284552845528455,0.44071500414036036,0.6144719376831423,0.5077129443326627,0.020742340220182842,0.0408544640268067,-0.004207310796917726,0.0011287855931585433,-0.018814727359620764,0.008670260931078935,4.758953861086265,3.629928079225811,4.031640034437888,5.574134489896177,5.339179254216836,3.19022668947819,4.284463868638666,6.627909324720082,1.8304424607394796,1.396584335787885,1.5137140713218962,2.2522711201192815,1.9307396529101783,1.1475383493340132,1.5409011320923554,2.326981827661118
6H,VALIDATION,OS,PROJECT_DYNAMIC_EXTREMA_V1,FORECAST_REALIZATION,COMMON_ELIGIBILITY,1,114,1500,N_GE_100,0.5964912280701754,0.5047098907900662,0.6819813964972754,0.5033333333333333,0.0931578947368421,0.1850819100731962,-8.589562344196235e-05,0.0029268534575115357,-0.0031812543136942933,0.003437873185572779,1.238689816113855,0.97988799928916,1.027131700103718,1.4500014324579247,1.4553547806590263,0.8643207725596305,1.1499308142654625,1.797148496399085,0.48109942959825874,0.40699128080907615,0.40822677704934757,0.569443846347361,0.5003427700558165,0.3360450387766982,0.4175366163120745,0.5956444690226221
6H,VALIDATION,OS,PROJECT_DYNAMIC_EXTREMA_V1,FORECAST_REALIZATION,COMMON_ELIGIBILITY,3,114,1498,N_GE_100,0.5263157894736842,0.4353020195230544,0.615613786100766,0.49666221628838453,0.029653573185299653,0.05970571590265972,-0.002807303958158224,0.0005311953413158488,-0.009003793698570567,0.002698828992423929,2.3067490811255595,1.6456415326929368,1.901218143291233,2.7058668364801437,2.8073137185998407,2.0678410750498624,2.2630457205648584,3.353580119103689,0.8721388365031957,0.7144483207354371,0.747336558881454,1.02450558858381,1.0134178475862166,0.7455018455157909,0.8433247200833034,1.1952305743664695
6H,VALIDATION,OS,PROJECT_DYNAMIC_EXTREMA_V1,FORECAST_REALIZATION,COMMON_ELIGIBILITY,5,114,1496,N_GE_100,0.5614035087719298,0.4697858335407131,0.6490177129148679,0.5020053475935828,0.05939816117834695,0.118321769804004,0.000989282819223745,0.003188460847910246,-0.007606746485726499,0.00985101392572807,3.2986943905470785,2.4784730576109704,2.7623191069006907,3.830532069932907,3.611970001103381,2.2628815913638145,2.842565536962217,4.341089278081933,1.2545652416077382,1.0266926346887244,1.0873088603825058,1.4552276841166771,1.2883106972283782,0.9450023375468296,1.0740107409620325,1.5224711847480117
6H,VALIDATION,OS,PROJECT_DYNAMIC_EXTREMA_V1,FORECAST_REALIZATION,COMMON_ELIGIBILITY,10,114,1491,N_GE_100,0.5087719298245614,0.41822248317802435,0.5987494520299159,0.5077129443326627,0.0010589854918987562,0.0020857957310713715,-0.008370034567683217,0.0007648423293018514,-0.0214081455006401,0.005957861845701272,4.556290288560538,3.2224497285400053,3.8242416102813723,5.322549114936808,5.441069070659963,3.2387401223571897,4.259363799540845,6.679470754368517,1.8120507656249436,1.297619138722601,1.501156883195119,2.2218469055605774,1.9549709774413324,1.212530218233363,1.624714388358007,2.3695580376630603
8H,DISCOVERY,OB,ATR_1X_PRICE_BAND_CONTROL_V1,FORECAST_REALIZATION,COMMON_ELIGIBILITY,1,215,3374,N_GE_100,0.4186046511627907,0.354655328301763,0.48541164251183005,0.48043864848844103,-0.061833997325650314,-0.12870321220033565,0.0038821147654101414,0.0028259007186712815,0.0005520352043148161,0.0073781458527662136,1.9805766822066555,1.2885404525060176,1.6842258066570999,2.300927495888143,2.2660184501343243,1.5030156815440332,1.9903009139868326,2.5458398493896315,0.536875008010963,0.3756428056136288,0.4574390436708578,0.6189953491626164,0.6698221035995162,0.45058890977241706,0.5887579949643711,0.7579064487400171
8H,DISCOVERY,OB,ATR_1X_PRICE_BAND_CONTROL_V1,FORECAST_REALIZATION,COMMON_ELIGIBILITY,3,215,3372,N_GE_100,0.44651162790697674,0.38157781139580943,0.513323340853123,0.46174377224199287,-0.015232144335016129,-0.03298830487968807,0.004969010587276649,0.0045882637044194485,-0.0023637043899866175,0.011810034874112328,3.5410745688839733,2.2267532328164434,3.066360594507938,4.027586815298614,4.277538703678078,3.25288008960624,3.78502078245784,4.809083880286858,0.9793929861121289,0.6625740687832647,0.8452091061401299,1.1311471046888864,1.2615627019318225,0.9506558235101848,1.100349167856309,1.4351082584292254
8H,DISCOVERY,OB,ATR_1X_PRICE_BAND_CONTROL_V1,FORECAST_REALIZATION,COMMON_ELIGIBILITY,5,215,3370,N_GE_100,0.42790697674418604,0.36360630953261086,0.4947387217594287,0.457566765578635,-0.029659788834448975,-0.06482067987814077,0.012294620815209645,0.010405021195939002,0.00258713496252547,0.021695951205652892,4.381727533632507,2.8659611992945355,3.779552663069643,4.984835096370078,5.673625306447566,4.042272126816384,4.9294974701166145,6.443462504025755,1.2032068648253433,0.8521472453994344,1.0451069028069937,1.3835884441329374,1.709147757892713,1.2881520422141748,1.4856296810792913,1.9532268206732049
8H,DISCOVERY,OB,ATR_1X_PRICE_BAND_CONTROL_V1,FORECAST_REALIZATION,COMMON_ELIGIBILITY,10,215,3365,N_GE_100,0.44651162790697674,0.38157781139580943,0.513323340853123,0.45052005943536405,-0.004008431528387313,-0.008897343069276586,0.0182541173705604,0.00658866820106252,0.006140847622355996,0.03071960798518018,6.048446869077084,4.5878131100026875,5.263012013963673,6.907432665694965,7.982862406037033,5.685202230765066,7.021060233467542,8.87568595881957,1.66921022283241,1.2766036120710784,1.4737821952374928,1.8933761661259332,2.4431487355126715,1.6715632160588014,2.1223444753772847,2.7602590296704412
8H,DISCOVERY,OB,CAUSAL_DNO_QUANTILE_80_20_CONTROL_V1,FORECAST_REALIZATION,COMMON_ELIGIBILITY,1,335,3374,N_GE_100,0.4716417910447761,0.41880929206696915,0.525117309625385,0.48043864848844103,-0.00879685744366493,-0.018310053679781335,0.002603346365933939,0.0010696144101056682,0.0003566006917425403,0.005164096535536863,1.7223366690162911,1.3524847976515009,1.5697492827808597,1.8926070951115557,1.8899243320387453,1.376017972479634,1.710134165017804,2.0768104386616937,0.4371348200549792,0.36033660716975874,0.39835999310184333,0.4722521812314285,0.5049979111453271,0.37023090932634556,0.45935212044819296,0.5549121228775744
8H,DISCOVERY,OB,CAUSAL_DNO_QUANTILE_80_20_CONTROL_V1,FORECAST_REALIZATION,COMMON_ELIGIBILITY,3,335,3372,N_GE_100,0.43582089552238806,0.3837451737675897,0.4893518721677382,0.46174377224199287,-0.025922876719604804,-0.05614125902280498,0.007543501482265913,0.005132401071109793,0.003061949281871047,0.01243331835316963,3.1378723064993874,2.3100417678326575,2.861839522455704,3.457878825192104,3.789588047964955,2.7999523412367378,3.4355682733858206,4.169005684407438,0.8189696415192551,0.6165264326668121,0.7399593599040767,0.885642082640025,1.0232851913020566,0.7842217590097672,0.9196085784923616,1.1278664383491606
8H,DISCOVERY,OB,CAUSAL_DNO_QUANTILE_80_20_CONTROL_V1,FORECAST_REALIZATION,COMMON_ELIGIBILITY,5,335,3370,N_GE_100,0.42388059701492536,0.37211835166332324,0.47736884235299587,0.457566765578635,-0.03368616856370965,-0.07362022571965077,0.010715628710786575,0.009421742184529514,0.0046415114562605095,0.0169008375370999,3.894547567521243,2.897109107864468,3.534157286278778,4.278771667127766,4.983695959428162,3.705980994969254,4.521005900011525,5.473584805238232,1.0083955022201736,0.7683493416928511,0.9083710640873252,1.1139093200625152,1.369888748108058,0.9911895155627325,1.2242980005594084,1.5283446690999618
8H,DISCOVERY,OB,CAUSAL_DNO_QUANTILE_80_20_CONTROL_V1,FORECAST_REALIZATION,COMMON_ELIGIBILITY,10,335,3365,N_GE_100,0.41194029850746267,0.3605226135600167,0.46535472853729365,0.45052005943536405,-0.038579760927901385,-0.08563383609656205,0.01849691843491564,0.015303703065051577,0.010142552502882455,0.026757263314519525,5.359805234249831,3.9730503853460246,4.828220680206353,5.860679622585675,7.379308481705313,5.842443400506349,6.776193998995944,8.05193893851862,1.3939806080844679,1.095930602205532,1.2650994308090167,1.5366491172415764,2.070585305626038,1.4824493582425313,1.8652431454323182,2.266021532744492
8H,DISCOVERY,OB,PROJECT_DYNAMIC_EXTREMA_V1,FORECAST_REALIZATION,COMMON_ELIGIBILITY,1,288,3374,N_GE_100,0.4652777777777778,0.40850577925272213,0.5229638947073988,0.48043864848844103,-0.015160870710663243,-0.03155630954828981,0.00270656108050667,0.001581992870973159,-4.7368524820402324e-05,0.005097023424235036,1.785986347634378,1.3241976510254796,1.5791412799703477,2.0098096533642424,1.9766089642013434,1.4569839383657528,1.7778221125346818,2.189704493971897,0.4607190196073358,0.355278276892594,0.40482230936546726,0.5201542909744695,0.5458014476873712,0.398968919814071,0.4906884679590115,0.608549741981565
8H,DISCOVERY,OB,PROJECT_DYNAMIC_EXTREMA_V1,FORECAST_REALIZATION,COMMON_ELIGIBILITY,3,288,3372,N_GE_100,0.4305555555555556,0.37465258652921607,0.4882867613910258,0.46174377224199287,-0.031188216686437287,-0.06754442303575248,0.007731021242276013,0.005998490598221773,0.002503867608701966,0.013594910326245371,3.179737351145793,2.2043633121061137,2.8257440404392,3.593256561716497,3.887639751949706,2.9666344398062634,3.511974980711132,4.279729047581392,0.836963243337957,0.6160240047610668,0.7417988666620476,0.9407294602124415,1.1032699050112857,0.8374344042193225,0.9838734538601162,1.2307105522516384
8H,DISCOVERY,OB,PROJECT_DYNAMIC_EXTREMA_V1,FORECAST_REALIZATION,COMMON_ELIGIBILITY,5,288,3370,N_GE_100,0.3993055555555556,0.34442501780798734,0.45683703667636316,0.457566765578635,-0.058261210023079435,-0.12732832540711914,0.012923072572193732,0.00885617426981744,0.005956440365148238,0.020592765240484714,4.027369362648927,2.7742902459051155,3.592708343104001,4.4971791589420675,5.219684198305875,3.8176992617203993,4.638770794763352,5.802138765910975,1.0518374053552395,0.7447565415231736,0.9332018669371978,1.176759747767614,1.5069196533209346,1.0204704375498022,1.345233498930877,1.6900465186452516
8H,DISCOVERY,OB,PROJECT_DYNAMIC_EXTREMA_V1,FORECAST_REALIZATION,COMMON_ELIGIBILITY,10,288,3365,N_GE_100,0.4270833333333333,0.37128260508135985,0.48480371023489394,0.45052005943536405,-0.023436726102030736,-0.05202149296394021,0.01606088719417246,0.011395208503851895,0.005141519788984301,0.026586212809988893,5.864796445706294,4.0249180024061,5.270786733727509,6.546625493146994,7.538121705455272,5.682759635858094,6.7950286139509055,8.196386227300922,1.5446677102309816,1.109960013632945,1.371519293593979,1.7159717717298233,2.220408993920211,1.4878130128265126,1.9832903018060166,2.4780789258152707
8H,DISCOVERY,OS,ATR_1X_PRICE_BAND_CONTROL_V1,FORECAST_REALIZATION,COMMON_ELIGIBILITY,1,165,3374,N_GE_100,0.5212121212121212,0.4453758760422212,0.5960831008923732,0.518968583283936,0.002243537928185213,0.004323070799369999,-0.0032248189743342742,0.0011779792437074388,-0.009773935792684794,0.0037482490613643445,2.470058751080781,1.6827648458799451,2.0661063216632867,2.9599548403428755,3.791931060080165,2.024820378837361,3.0429731564119296,4.61503057824861,0.510533166147108,0.3942876665739123,0.4459670581604624,0.571249784725098,0.7860486169575241,0.5540183286223871,0.6671783247566941,0.9115412298574049
8H,DISCOVERY,OS,ATR_1X_PRICE_BAND_CONTROL_V1,FORECAST_REALIZATION,COMMON_ELIGIBILITY,3,165,3372,N_GE_100,0.6303030303030303,0.5544641055856944,0.7002124670125277,0.5379596678529063,0.09234336245012398,0.17165480605392403,0.006073543034944878,0.010120608285264954,-0.0030781265542966963,0.014292436657275177,4.056493672559641,2.9459096344926303,3.5296269533302946,4.695187318173396,5.650020205760924,3.1042575461087885,4.554570009248186,6.8216542325752085,0.8865153142385538,0.7106947695288918,0.7756782171690446,0.9956667381255938,1.230425700285145,0.7695924178133696,1.0441395645402964,1.4360651438046153
8H,DISCOVERY,OS,ATR_1X_PRICE_BAND_CONTROL_V1,FORECAST_REALIZATION,COMMON_ELIGIBILITY,5,165,3370,N_GE_100,0.5757575757575758,0.4994647229488726,0.6486030518175356,0.5421364985163205,0.03362107724125529,0.062015889602096586,0.005685927478258172,0.005981107226769922,-0.004971122698020886,0.015322880732007847,5.064170712710462,3.84798924124767,4.396055549936649,5.845026551702691,6.186432991102015,3.4819216545186853,5.057264555483612,7.459606394404682,1.1261571905822676,0.9057813973739599,0.9902821800109757,1.2755612201461919,1.35534812023151,0.8407334985012539,1.1395008760084446,1.5748570263764958
8H,DISCOVERY,OS,ATR_1X_PRICE_BAND_CONTROL_V1,FORECAST_REALIZATION,COMMON_ELIGIBILITY,10,164,3365,N_GE_100,0.573170731707317,0.4966473087688765,0.646344655082755,0.549479940564636,0.023690791142681022,0.0431149335830836,0.0025783061553078307,0.01004408387533029,-0.011158887560622452,0.017229223889679835,6.918281900764542,4.942448396300998,5.957822336023572,7.833597661527552,8.141931130470029,4.999889527092857,6.847993287676012,9.630018042113257,1.5783203426568748,1.3437290020990025,1.3905335993874415,1.8021468240342498,1.8083969457897437,1.2151560394114596,1.5606133536852935,2.0751858801452636
8H,DISCOVERY,OS,CAUSAL_DNO_QUANTILE_80_20_CONTROL_V1,FORECAST_REALIZATION,COMMON_ELIGIBILITY,1,298,3374,N_GE_100,0.5536912751677853,0.4969224747876634,0.6090933957881618,0.518968583283936,0.034722691883849244,0.06690711731359644,-0.0006829198065482796,0.0026603571951461236,-0.004171722141087699,0.003053115611769598,2.073563804102546,1.4043205936357284,1.8642530787725564,2.282126659350497,2.8299128391292543,1.7218757325168803,2.44915075466479,3.2478333339679675,0.4716561150456488,0.36936751908690507,0.4261194526522385,0.5189174716939392,0.6435764385198175,0.46518615599906965,0.5748016055362316,0.7260863087931533
8H,DISCOVERY,OS,CAUSAL_DNO_QUANTILE_80_20_CONTROL_V1,FORECAST_REALIZATION,COMMON_ELIGIBILITY,3,298,3372,N_GE_100,0.587248322147651,0.530584754110348,0.6416910355753679,0.5379596678529063,0.049288654294744716,0.09162146763058399,0.0013350773156559604,0.006942717599599413,-0.0049812211353393206,0.0073106588002956946,3.531960011560159,2.7032181419241454,3.1717590649406997,3.9131638946069405,4.718600717921613,2.8046239412231344,4.032989113980625,5.379122073471357,0.8192512959140346,0.6760378310364361,0.7483868063536021,0.891312241017888,1.0878722032536812,0.7154202361124911,0.9635097903295743,1.2266328333051668
8H,DISCOVERY,OS,CAUSAL_DNO_QUANTILE_80_20_CONTROL_V1,FORECAST_REALIZATION,COMMON_ELIGIBILITY,5,298,3370,N_GE_100,0.5704697986577181,0.5137213035428513,0.6254245265879191,0.5421364985163205,0.028333300141397566,0.05226229965873541,0.006069591287541595,0.0050896962328649265,-0.0004898607676797714,0.014031040911466971,4.692098361944023,3.5731043550012256,4.22875938024955,5.188409182016856,5.658463151576514,3.33900470649021,4.881686622787368,6.384725429831605,1.0877503165542601,0.9107069852500844,0.9984852876854866,1.184644225113897,1.331276185485461,0.8452495777387863,1.176678067209909,1.4942831482858105
8H,DISCOVERY,OS,CAUSAL_DNO_QUANTILE_80_20_CONTROL_V1,FORECAST_REALIZATION,COMMON_ELIGIBILITY,10,298,3365,N_GE_100,0.5973154362416108,0.5407342684486484,0.651419496970035,0.549479940564636,0.04783549567697476,0.08705594535047045,0.01331790184599039,0.014090149255599926,0.0027300084451903016,0.023886411508870137,7.205160420080608,5.120014456664183,6.408165978229004,7.979408172234834,7.338876286685358,4.742298339318311,6.4286674613126005,8.104549435202554,1.6930856985675813,1.4088003426962157,1.5365864607122193,1.8758764796964686,1.7758509776282252,1.1189490966220053,1.5755271980220449,2.0000516196609985
8H,DISCOVERY,OS,PROJECT_DYNAMIC_EXTREMA_V1,FORECAST_REALIZATION,COMMON_ELIGIBILITY,1,226,3374,N_GE_100,0.5176991150442478,0.4528015749340677,0.5820050049017844,0.518968583283936,-0.0012694682396882095,-0.0024461369735625516,0.0007247579721422194,0.0014329052451124147,-0.0032023290198037275,0.0045772850641300706,2.21699554617429,1.547069466570452,1.9619472987050797,2.5232537964966544,2.80109822148679,1.7845492233485944,2.3925311306253376,3.3459555066515874,0.4866262148392881,0.3920942243380381,0.4423076548658065,0.5334224445306224,0.6429828624706279,0.4940008861149007,0.558426605428174,0.734169694301995
8H,DISCOVERY,OS,PROJECT_DYNAMIC_EXTREMA_V1,FORECAST_REALIZATION,COMMON_ELIGIBILITY,3,226,3372,N_GE_100,0.584070796460177,0.5189288974813233,0.6464023567389745,0.5379596678529063,0.046111128607270735,0.08571484325452983,0.0038494174919695124,0.004446706596343608,-0.0030289518562051448,0.010653545381288742,3.7584634553590655,2.717945729494952,3.3178027342184158,4.25298634413174,4.611149511916362,2.969283670653217,3.946037325920649,5.316549473016613,0.8537237924823597,0.6927086580394486,0.7642214332304275,0.9524329146644624,1.0913919721851733,0.7592597079088002,0.9393172001328196,1.2621221361568251
8H,DISCOVERY,OS,PROJECT_DYNAMIC_EXTREMA_V1,FORECAST_REALIZATION,COMMON_ELIGIBILITY,5,226,3370,N_GE_100,0.5398230088495575,0.4747177678777475,0.6035970367529198,0.5421364985163205,-0.0023134896667630356,-0.004267356418714563,0.0059707681161193,0.0033983007362361484,-0.0021635065082667463,0.014707949408191891,4.812341893971269,3.6616370197820514,4.263616749930483,5.442999408401823,5.508042625377554,3.6733737082541773,4.760556930209613,6.38069624355625,1.0996285561835615,0.8436042129411856,0.9720593644277192,1.2318948756521004,1.3076062040169847,0.8755869851239328,1.120809622469843,1.477289907121813
8H,DISCOVERY,OS,PROJECT_DYNAMIC_EXTREMA_V1,FORECAST_REALIZATION,COMMON_ELIGIBILITY,10,225,3365,N_GE_100,0.56,0.49467037834139044,0.6233151627490408,0.549479940564636,0.010520059435364049,0.019145484045429928,0.0077807795444733464,0.011388335979451769,-0.005345481916755624,0.02043513882358779,7.025894780999877,4.953066692969064,6.165591785306392,7.8801111118270475,7.444501022735517,5.093324897184441,6.529300810918635,8.505239929825882,1.6212728761023578,1.3374250035502693,1.4393331579716224,1.8356488991390725,1.8273441348863202,1.2745317135137182,1.5878804954485157,2.0956581005127766
8H,VALIDATION,OB,ATR_1X_PRICE_BAND_CONTROL_V1,FORECAST_REALIZATION,COMMON_ELIGIBILITY,1,73,1124,N_30_99,0.4246575342465753,0.31784011426782005,0.5390082595297062,0.48576512455516013,-0.061107590308584814,-0.12579657785137244,0.005979769698957995,0.003391612124397314,0.000698920318173095,0.011119941925108916,1.3104347716733595,0.9084018492052957,0.9909568590845387,1.6996437110849383,2.2678511549107574,1.3188852437286736,1.739172229734934,2.9847242848837117,0.4367373659792841,0.3066326009804174,0.3363431850608163,0.5633173401608866,0.79426020080362,0.5158659962521146,0.6199804191486844,0.9932197827437106
8H,VALIDATION,OB,ATR_1X_PRICE_BAND_CONTROL_V1,FORECAST_REALIZATION,COMMON_ELIGIBILITY,3,73,1122,N_30_99,0.4657534246575342,0.3559185287228166,0.5790125502760589,0.5089126559714795,-0.04315923131394528,-0.08480675575174534,0.010873646643152723,0.001872366983928897,0.0018936957876457138,0.01943050473957523,2.206946195613877,1.8332425182328784,1.7420840881641637,2.7831843941430394,4.120330257536257,3.0436104265505715,3.4078817971566053,5.039440356152857,0.751491231031132,0.6059073641764955,0.6206587608192978,0.8954273425723599,1.4420521238161328,1.2267588145518584,1.2021735815977914,1.7015097991757568
8H,VALIDATION,OB,ATR_1X_PRICE_BAND_CONTROL_V1,FORECAST_REALIZATION,COMMON_ELIGIBILITY,5,73,1120,N_30_99,0.410958904109589,0.30531095731906,0.5255098480780166,0.5017857142857143,-0.09082681017612526,-0.18100716618729584,0.02321924160562304,0.011752584520815734,0.011757438170812309,0.03481500429692041,2.5724763398754944,1.971227993291578,2.0787908323684823,3.180758748263194,5.217051806882144,3.9964814543322076,4.216647313556978,6.297244112000665,0.8954074027792441,0.7019275590680375,0.7431893699671552,1.056997014406836,1.8262774641784374,1.5731820445679612,1.4846777990144393,2.2032062155902574
8H,VALIDATION,OB,ATR_1X_PRICE_BAND_CONTROL_V1,FORECAST_REALIZATION,COMMON_ELIGIBILITY,10,72,1115,N_30_99,0.3055555555555556,0.21126482045921047,0.4195446561341104,0.47533632286995514,-0.16978076731439956,-0.3571802935010482,0.02838797786345082,0.01122602578064602,0.010291651067460647,0.046306586567052804,3.558254577990736,2.593994368134224,2.7295072979563204,4.453933469826595,7.42782890142732,5.904507226159055,6.018581390098984,9.091240841040715,1.261088322514959,0.8955067604905307,0.9936343213434863,1.5471145746549866,2.7118007479285784,1.855687066833665,2.2300606316686564,3.243201542671857
8H,VALIDATION,OB,CAUSAL_DNO_QUANTILE_80_20_CONTROL_V1,FORECAST_REALIZATION,COMMON_ELIGIBILITY,1,96,1124,N_30_99,0.5,0.40192229167030874,0.5980777083296912,0.48576512455516013,0.014234875444839867,0.029304029304029422,0.002447638780793269,0.00024944980714780574,-0.001326498286486301,0.006790768633519651,1.3862189829430693,0.9483186486732045,1.112062409244355,1.6950842758490292,1.7765678522417592,1.0114671184969355,1.3951927690238752,2.305244171850831,0.4655538917109756,0.36056281246909305,0.3729605780495505,0.5667456368242524,0.6320317978510203,0.382521105059646,0.48624192834339464,0.810693772219281
8H,VALIDATION,OB,CAUSAL_DNO_QUANTILE_80_20_CONTROL_V1,FORECAST_REALIZATION,COMMON_ELIGIBILITY,3,96,1122,N_30_99,0.5208333333333334,0.42203591721406514,0.618027543307401,0.5089126559714795,0.01192067736185387,0.023423817863397645,0.0032447160891510445,-0.0017333133390208255,-0.0044376849966776405,0.01165979013363504,2.4635414244383678,1.8511750097005353,1.9887604164342358,2.9828370092306953,3.027336983371185,1.6799926278953357,2.418068574368227,3.7442286185165443,0.8376145168101479,0.6621893973048353,0.6930753486861068,0.9766086986382781,1.085168816314535,0.7102758378171385,0.855966080738286,1.3252676823621572
8H,VALIDATION,OB,CAUSAL_DNO_QUANTILE_80_20_CONTROL_V1,FORECAST_REALIZATION,COMMON_ELIGIBILITY,5,96,1120,N_30_99,0.4479166666666667,0.35235593933641585,0.5474854093599193,0.5017857142857143,-0.053869047619047594,-0.10735468564650053,0.005699866951224757,0.002486827640538869,-0.0030518301227015127,0.015274746601330625,3.116971900633329,2.0243034253265537,2.5308971752361957,3.7674268748254653,3.804502826331376,2.4126105394710677,3.0551622967081364,4.653159959477439,1.0858636731725997,0.8414128122184631,0.9140861308647114,1.2642883926420747,1.4003943587189245,0.9677173417857992,1.1272211572877129,1.6937433595963527
8H,VALIDATION,OB,CAUSAL_DNO_QUANTILE_80_20_CONTROL_V1,FORECAST_REALIZATION,COMMON_ELIGIBILITY,10,96,1115,N_30_99,0.46875,0.3720590570105098,0.5678457522072913,0.47533632286995514,-0.006586322869955141,-0.01385613207547165,0.008271285858084449,0.0012749498062485376,-0.005168131060735782,0.021015337129265156,4.298287877605941,2.9781449201194055,3.520281665892388,5.285798080194171,5.5799216472526,3.8167310759541158,4.484393125524856,6.866813868151672,1.5291035249520843,1.2205622122084958,1.2907767728681294,1.8113112947811478,2.168445083405795,1.2127706858045633,1.7327659356804417,2.636748909503412
8H,VALIDATION,OB,PROJECT_DYNAMIC_EXTREMA_V1,FORECAST_REALIZATION,COMMON_ELIGIBILITY,1,79,1124,N_30_99,0.45569620253164556,0.35048276758066016,0.5650186230250259,0.48576512455516013,-0.030068922023514577,-0.06190012519126442,0.0032863046442721264,0.001236909375772921,-0.0014116282403428644,0.0075248655694971885,1.3270673670699331,0.8194316371866931,1.0110962348905475,1.6808956562607003,1.8484362937646772,1.285578348426696,1.4306423803960406,2.330844131183546,0.42015947129626585,0.33447803498581863,0.33186166735042827,0.5335948779315193,0.6700921530404141,0.4968907358355622,0.5080269075683524,0.8529499139637949
8H,VALIDATION,OB,PROJECT_DYNAMIC_EXTREMA_V1,FORECAST_REALIZATION,COMMON_ELIGIBILITY,3,79,1122,N_30_99,0.4936708860759494,0.38630084542959936,0.6016279246569272,0.5089126559714795,-0.01524176989553011,-0.02994967744795929,0.005446548905946163,0.0008771502363431605,-0.0017238510475187977,0.012743327961043535,2.3976487752524815,1.8332425182328784,1.9107665769413746,2.9145656029621585,3.369742506021196,2.1481374989596103,2.6989704266089984,3.9923090172519955,0.800991839921912,0.6239041589778315,0.64738385095577,0.9616363815388062,1.2185082137236725,0.7258931121874883,0.9372868563580137,1.5229308454555557
8H,VALIDATION,OB,PROJECT_DYNAMIC_EXTREMA_V1,FORECAST_REALIZATION,COMMON_ELIGIBILITY,5,79,1120,N_30_99,0.4430379746835443,0.33867609150989586,0.5526828392688433,0.5017857142857143,-0.05874773960217,-0.11707734582638862,0.011216498739460803,0.0016296296296296475,0.0014378863317097586,0.02106383856752146,2.9243935900598457,2.230471086637643,2.3809028656849653,3.4941349550087843,4.244002959324138,2.739767984991766,3.3898905714619705,5.055527767286276,0.9814470341467633,0.7693467280625975,0.8049086808453207,1.1750141782893866,1.5694802745362615,0.8914409167387412,1.248376784381396,1.9929784624282065
8H,VALIDATION,OB,PROJECT_DYNAMIC_EXTREMA_V1,FORECAST_REALIZATION,COMMON_ELIGIBILITY,10,79,1115,N_30_99,0.4430379746835443,0.33867609150989586,0.5526828392688433,0.47533632286995514,-0.032298348186410863,-0.0679484117506568,0.01620310379482821,0.002503012885881173,0.0005281390227166904,0.032319868600480445,4.22584730646134,3.1723711963414045,3.426034312444362,5.086458018837866,6.441498078468675,4.446664392573461,5.128499064125398,7.818108014429122,1.4719438069352468,1.0790508003355872,1.1900265915183372,1.7506632672806755,2.4877163903185613,1.4335793679712592,1.9417164910163651,3.1393197412812435
8H,VALIDATION,OS,ATR_1X_PRICE_BAND_CONTROL_V1,FORECAST_REALIZATION,COMMON_ELIGIBILITY,1,59,1124,N_30_99,0.4406779661016949,0.3215001223396273,0.5671086972957734,0.5142348754448398,-0.0735569093431449,-0.14304146384376282,-0.006450627039587572,-0.0013882015720098062,-0.013207610698703206,-0.00027710821419145833,1.4924248227332064,1.0297752147816874,1.1306010211890125,1.879326351045585,2.3729413045678895,1.5975711412424098,1.7868371839485018,2.9790126041714657,0.4504676280957442,0.3242408734542508,0.3518110494661266,0.5709812442881774,0.67143041161204,0.554193668380509,0.548997819639723,0.7968409029087096
8H,VALIDATION,OS,ATR_1X_PRICE_BAND_CONTROL_V1,FORECAST_REALIZATION,COMMON_ELIGIBILITY,3,59,1122,N_30_99,0.5423728813559322,0.4165761502342809,0.6629889785975757,0.49019607843137253,0.05217680292455967,0.1064406779661018,-0.004863872677805817,0.0024035125348540465,-0.018006159994213795,0.008245155447396865,2.8955035200940866,1.6928485936565014,2.1500360217937953,3.731940108919004,4.157254851352289,2.9028648288103467,3.0728370319291876,5.388453950333413,0.8288399164747509,0.6737650090021656,0.6546392954778737,1.0194101818484211,1.124411988165623,0.8850386522119928,0.9100171562557746,1.4029719810464658
8H,VALIDATION,OS,ATR_1X_PRICE_BAND_CONTROL_V1,FORECAST_REALIZATION,COMMON_ELIGIBILITY,5,59,1120,N_30_99,0.4406779661016949,0.3215001223396273,0.5671086972957734,0.4982142857142857,-0.057536319612590814,-0.1154850859607558,-0.009875117359330594,-0.004028224318063822,-0.026357569960056323,0.007066562135757601,3.621530151480513,2.547408376557223,2.6903191661770727,4.52855523170009,5.3217545922251235,3.19022668947819,3.966765212182776,6.964749039431191,1.107835815511459,0.8705353872357747,0.8272050420468178,1.4294389710403617,1.4668157741598502,1.0980585804603151,1.1572238079913615,1.882611764720503
8H,VALIDATION,OS,ATR_1X_PRICE_BAND_CONTROL_V1,FORECAST_REALIZATION,COMMON_ELIGIBILITY,10,59,1115,N_30_99,0.5423728813559322,0.4165761502342809,0.6629889785975757,0.5246636771300448,0.0177092042258874,0.0337534405331017,-0.009011111176618364,0.0063262078465384786,-0.03510096720049823,0.015280533435699581,5.624258311303545,3.9799683711122884,4.313353031049328,7.029768522032267,7.5764984097154,4.203088076720109,5.4172160029187,9.866720947915537,1.7362135272401946,1.3660512364025155,1.3104152805454692,2.281502198738278,2.1321894312756737,1.4081929618122668,1.6113122100000665,2.754902387514017
8H,VALIDATION,OS,CAUSAL_DNO_QUANTILE_80_20_CONTROL_V1,FORECAST_REALIZATION,COMMON_ELIGIBILITY,1,92,1124,N_30_99,0.532608695652174,0.43140275849037324,0.6312005369470985,0.5142348754448398,0.018373820207334135,0.03573040469384692,-0.002527742621669248,0.0012934790555368947,-0.006799981887579373,0.001215961919658923,1.47245823563382,1.1478667582683764,1.2433938763267351,1.705804986301398,1.9159868615857614,1.388351442974093,1.5541254573169132,2.3508423451443266,0.45108225865685986,0.40300626392130623,0.38043197056919853,0.5190397358348573,0.592071028261801,0.4025942574767157,0.4872771645203186,0.7125173518347864
8H,VALIDATION,OS,CAUSAL_DNO_QUANTILE_80_20_CONTROL_V1,FORECAST_REALIZATION,COMMON_ELIGIBILITY,3,92,1122,N_30_99,0.6086956521739131,0.5065323092393207,0.7021453422189189,0.49019607843137253,0.11849957374254055,0.24173913043478268,0.0023798836967429743,0.004283121538088075,-0.006726956617023191,0.010938466552308205,3.16009588134777,2.3456184334612384,2.6069052834188535,3.7603029840334665,3.230351512796284,1.7767440895761073,2.4819425597357454,4.099455184689669,0.9431033066320952,0.8060778285685586,0.8020745918400197,1.0864145461949613,0.9747303194010001,0.6747338277327369,0.7665588218122849,1.2012824114608238
8H,VALIDATION,OS,CAUSAL_DNO_QUANTILE_80_20_CONTROL_V1,FORECAST_REALIZATION,COMMON_ELIGIBILITY,5,92,1120,N_30_99,0.5869565217391305,0.48483148595056913,0.6821106352160224,0.4982142857142857,0.08874223602484477,0.17812061711079963,0.0008862102053214551,0.008559900492535633,-0.011924613272301186,0.012193276220081144,4.312946164284144,3.1775651547877666,3.5798990488297644,5.073182216797883,4.308016221967641,2.361700334515844,3.271657781629385,5.582236772029025,1.308445179745791,1.0004706891163941,1.121715057932589,1.5127593768489427,1.285742934275595,0.7874479017509175,1.0298542782622941,1.6095301435834126
8H,VALIDATION,OS,CAUSAL_DNO_QUANTILE_80_20_CONTROL_V1,FORECAST_REALIZATION,COMMON_ELIGIBILITY,10,92,1115,N_30_99,0.5652173913043478,0.46332061916830214,0.6618859717066414,0.5246636771300448,0.04055371417430298,0.07729468599033806,0.003884535494295431,0.008674353954417069,-0.013014411252585597,0.019271349645560112,6.1265515036932126,4.127116343311722,5.101027676249562,7.20043325115194,6.166321887788523,3.5865557872929905,4.7001312659837415,7.9689581619228305,1.8799220356665354,1.4227362487489352,1.5541457940337968,2.2171056848947766,1.8305608155221733,1.1680032130013602,1.4509743576075622,2.2230475284760756
8H,VALIDATION,OS,PROJECT_DYNAMIC_EXTREMA_V1,FORECAST_REALIZATION,COMMON_ELIGIBILITY,1,85,1124,N_30_99,0.5647058823529412,0.4587719281568645,0.6650439418859984,0.5142348754448398,0.05047100690810136,0.09814777121921447,-0.003100171455277621,0.0013559363630228916,-0.007946693114649465,0.0012461004871196443,1.348092155518317,0.9500702336866226,1.0802967072131047,1.6347409943222297,1.887441282082893,1.2385926214264134,1.4917631863305085,2.3307140918183817,0.4540397669021003,0.34161694172692636,0.35527400580758733,0.5701149555060231,0.5744164521628176,0.4490980161797696,0.46987882555526467,0.6805508398699237
8H,VALIDATION,OS,PROJECT_DYNAMIC_EXTREMA_V1,FORECAST_REALIZATION,COMMON_ELIGIBILITY,3,85,1122,N_30_99,0.5647058823529412,0.4587719281568645,0.6650439418859984,0.49019607843137253,0.07450980392156864,0.15200000000000014,-0.0003317462993325941,0.0066142426692143985,-0.008833010165299828,0.008193540301044246,2.86755093199983,2.2000685417737658,2.3230233821123902,3.4020361090338938,3.2612038242845407,2.1751458512977075,2.507284753807478,4.102472028501102,0.9356539510426046,0.8423224566890154,0.7711555516438979,1.0914242891534078,0.9713071383162347,0.7025462427501968,0.7833084341794149,1.1657438063517724
8H,VALIDATION,OS,PROJECT_DYNAMIC_EXTREMA_V1,FORECAST_REALIZATION,COMMON_ELIGIBILITY,5,85,1120,N_30_99,0.5411764705882353,0.4357614755911955,0.6430304417088081,0.4982142857142857,0.04296218487394954,0.0862323423993252,-0.004787029137136433,0.0021845624255263374,-0.016933410886334745,0.007082403907354835,3.781981394758803,2.691119583669612,3.084588666320629,4.432963877317247,4.378260463000642,2.5149160268527324,3.2941012915744685,5.588733017227141,1.293823156651083,0.9553086882119277,1.0571640234932127,1.5209170967571775,1.3099068995672893,0.8850386522119928,1.0390943143008322,1.6004800664035037
8H,VALIDATION,OS,PROJECT_DYNAMIC_EXTREMA_V1,FORECAST_REALIZATION,COMMON_ELIGIBILITY,10,85,1115,N_30_99,0.5058823529411764,0.40166252134606184,0.609593466839653,0.5246636771300448,-0.018781324188868354,-0.03579688285570637,-0.005099283943768145,0.0005217861045290206,-0.024063920287584972,0.012156476536938389,5.52113345801377,3.9869581617415344,4.53091669470137,6.7616739329783115,6.513565760173416,4.149988441838101,4.97795708908768,8.137297238953911,1.9655702092113265,1.3783558680893924,1.5662599677367035,2.4359558026704677,1.9472756383831171,1.4433365881709714,1.538976855763884,2.3748626728605653
