timeframe,split,direction,control_id,event_semantics,comparison_scope,horizon,event_count,base_sample_count,sample_flag,reversal_rate,reversal_wilson_lo,reversal_wilson_hi,base_rate,absolute_lift,relative_lift,forward_return_mean,forward_return_median,forward_return_mean_ci_lo,forward_return_mean_ci_hi,mfe_pct_mean,mfe_pct_median,mfe_pct_mean_ci_lo,mfe_pct_mean_ci_hi,mae_pct_mean,mae_pct_median,mae_pct_mean_ci_lo,mae_pct_mean_ci_hi,mfe_atr_mean,mfe_atr_median,mfe_atr_mean_ci_lo,mfe_atr_mean_ci_hi,mae_atr_mean,mae_atr_median,mae_atr_mean_ci_lo,mae_atr_mean_ci_hi
12H,DISCOVERY,OB,ATR_1X_PRICE_BAND_CONTROL_V1,FORECAST_REALIZATION,NATIVE_AVAILABILITY,1,130,2249,N_GE_100,0.4461538461538462,0.3634686477864737,0.5319300922166345,0.4753223654957759,-0.02916851934192971,-0.061365762394761436,0.005954208330312371,0.0017610941209410536,1.4674006822350927e-05,0.0128079723878344,2.788694047797433,2.0261195782536117,2.367925316754455,3.2661563912943654,3.2439548663461486,2.025653036169115,2.683662936919495,3.8577641666387166,0.6255087241622229,0.47243876411377694,0.5364084571076307,0.7380084389977511,0.7811838084800535,0.4948212551207223,0.6600491185260003,0.9270119909208115
12H,DISCOVERY,OB,ATR_1X_PRICE_BAND_CONTROL_V1,FORECAST_REALIZATION,NATIVE_AVAILABILITY,3,130,2247,N_GE_100,0.43846153846153846,0.3561441424577135,0.5243115604029815,0.4712950600801068,-0.03283352161856834,-0.06966659402920028,0.0155775003419135,0.008887455320959914,0.004696264346012865,0.026336341030058746,4.292652601285872,3.0504430988857862,3.6391200966012143,5.0267569122450615,5.831587374380884,4.3497246831020355,4.74167861827006,6.920250346671383,0.9653994371507049,0.7640977276946502,0.8264630625274088,1.120513148211788,1.4305014342545186,1.0594189966794194,1.1909569760142975,1.7103262781670572
12H,DISCOVERY,OB,ATR_1X_PRICE_BAND_CONTROL_V1,FORECAST_REALIZATION,NATIVE_AVAILABILITY,5,130,2245,N_GE_100,0.4153846153846154,0.3342905969843901,0.5013359944490656,0.4552338530066815,-0.0398492376220661,-0.08753575191931351,0.02134849818008944,0.01594553077724903,0.007614163535033172,0.03531759201553093,5.213002513105946,3.517979387840204,4.357358805905688,6.114037100768821,7.369005905099552,5.540153721366414,6.229312160923862,8.662834651410993,1.1697704564246536,0.9236881722195847,1.0001825804763766,1.3553318032483044,1.8265034946624024,1.3468072629957621,1.5188644593834564,2.1520933517776633
12H,DISCOVERY,OB,ATR_1X_PRICE_BAND_CONTROL_V1,FORECAST_REALIZATION,NATIVE_AVAILABILITY,10,129,2240,N_GE_100,0.4496124031007752,0.3664624265425491,0.5356766624175358,0.44375,0.0058624031007752375,0.013211049241183659,0.025724306030352046,0.008980716253443433,0.005744196728863124,0.04514514639978122,7.610654941666171,5.889230769230766,6.502950271074055,8.784313330044888,10.26365075120101,7.632266204994274,8.669615994194974,11.913499499843729,1.75399515351643,1.4526132356234238,1.4881954441839178,2.0409880150017994,2.630790153453208,1.821315213312083,2.2025951058192406,3.092295344960891
12H,DISCOVERY,OB,CAUSAL_DNO_QUANTILE_80_20_CONTROL_V1,FORECAST_REALIZATION,NATIVE_AVAILABILITY,1,213,2249,N_GE_100,0.4507042253521127,0.3853450077431652,0.5178101064046736,0.4753223654957759,-0.024618140143663203,-0.05179251373535876,0.003797082596509104,0.0015884656362856742,-0.000658005902461616,0.008204010751543702,2.375821343938189,1.6969050160085355,2.068320921153341,2.702905197364774,2.6503843422452475,1.86784887700884,2.291365346897279,2.9948404402166107,0.5011448706092808,0.39041630893725765,0.44596184391689575,0.5768348763840225,0.576016764787379,0.3833827477014778,0.4896879898031492,0.6542956853334667
12H,DISCOVERY,OB,CAUSAL_DNO_QUANTILE_80_20_CONTROL_V1,FORECAST_REALIZATION,NATIVE_AVAILABILITY,3,213,2247,N_GE_100,0.47417840375586856,0.40817206570259545,0.5410996607557963,0.4712950600801068,0.0028833436757617625,0.006117916184548378,0.005009052886152355,0.0016629664235079389,-0.0031886861832141574,0.012215360443050171,4.117749854994158,2.71475876412797,3.5778805221813967,4.686903393559022,4.650084632833811,3.4282319996605763,4.012727297977005,5.399526809797021,0.8561655917657048,0.6374343909159298,0.757437515524375,0.9620031627588378,1.0416670069401306,0.7336948183784545,0.895315758697203,1.1980554784151087
12H,DISCOVERY,OB,CAUSAL_DNO_QUANTILE_80_20_CONTROL_V1,FORECAST_REALIZATION,NATIVE_AVAILABILITY,5,213,2245,N_GE_100,0.5211267605633803,0.45425982853643193,0.5872451225430656,0.4552338530066815,0.06589290755669874,0.14474518342934317,0.007235637867051637,-0.0036336803991470212,-0.002570446730281774,0.017418247052766418,5.2919444930171595,3.8730288093577516,4.621881166798313,5.959786776678686,6.077825672452378,4.46587273373623,5.183741378018286,7.020430785471669,1.0981773173580462,0.8585669041902918,0.9930402420621267,1.2199632448117141,1.386808501801761,0.898102583863108,1.1979701346396612,1.6091305204013653
12H,DISCOVERY,OB,CAUSAL_DNO_QUANTILE_80_20_CONTROL_V1,FORECAST_REALIZATION,NATIVE_AVAILABILITY,10,212,2240,N_GE_100,0.4481132075471698,0.3826854008193554,0.5153880011569087,0.44375,0.004363207547169845,0.009832580387988399,0.020065476693732754,0.012802092024520095,0.007020351395466995,0.03461344174146591,7.452929143962352,5.969933015755354,6.591126363852445,8.289380700936416,9.067823847000817,6.801191307013253,7.952294059315697,10.235975534212967,1.5837293916543767,1.2484483469977459,1.406864144597817,1.785248805492268,2.1301106292195233,1.3825635632398154,1.8193132852200415,2.4352765960226246
12H,DISCOVERY,OB,PROJECT_DYNAMIC_EXTREMA_V1,FORECAST_REALIZATION,NATIVE_AVAILABILITY,1,226,2249,N_GE_100,0.4557522123893805,0.3920995952137125,0.520883955196657,0.4753223654957759,-0.01957015310639537,-0.04117238010877755,0.003441941296582629,0.0016222830862796522,-0.0008178335207862616,0.007844369366142148,2.3964185426704945,1.6660136881152483,2.1000293545804283,2.7524168804917455,2.6232987621041435,1.869708773532592,2.2815706027090084,3.0132217346174746,0.5095878336842408,0.37883813585001536,0.45036065005386344,0.5726698865371398,0.5873041826898489,0.38342875071982574,0.5150059055554657,0.685525837977119
12H,DISCOVERY,OB,PROJECT_DYNAMIC_EXTREMA_V1,FORECAST_REALIZATION,NATIVE_AVAILABILITY,3,226,2247,N_GE_100,0.4646017699115044,0.4007113560878442,0.5296754842404513,0.4712950600801068,-0.006693290168602373,-0.01420191030108553,0.009874628875275583,0.003919027520529306,0.0029963157370126482,0.0175700476740263,3.9391730725303065,2.7276617208962914,3.478139120174675,4.477026668238047,4.830254906701877,3.4391552052667773,4.157869970328493,5.5462607063266995,0.8396635208808233,0.6439321234699562,0.7443976082562273,0.9382585491838444,1.1172908033932842,0.7268272173106598,0.9674379426002805,1.3187166974953342
12H,DISCOVERY,OB,PROJECT_DYNAMIC_EXTREMA_V1,FORECAST_REALIZATION,NATIVE_AVAILABILITY,5,226,2245,N_GE_100,0.49557522123893805,0.431010117048992,0.5602882379920449,0.4552338530066815,0.040341368232256536,0.08861680203661049,0.01220574442549031,0.000792302053157834,0.0027888436022406775,0.022753008159870632,5.0302485944482145,3.6608201343115914,4.474413101241456,5.604862832931812,6.318495277664866,4.47946929521923,5.480210599949089,7.199452500391233,1.0739515558333868,0.8693485121751352,0.9797753030573414,1.199400431646969,1.4697707549661838,0.9332452865339049,1.2727411860027307,1.7210684904151998
12H,DISCOVERY,OB,PROJECT_DYNAMIC_EXTREMA_V1,FORECAST_REALIZATION,NATIVE_AVAILABILITY,10,225,2240,N_GE_100,0.44,0.37668483725095925,0.5053296216586095,0.44375,-0.0037499999999999756,-0.008450704225352101,0.019197331219186917,0.011922440493869146,0.005622492921252944,0.03414279141710851,7.441486147475215,6.021267120683856,6.630679811584644,8.439388215097516,9.16995478095802,7.316344767406589,8.046407077481838,10.371719060128228,1.6147587503252618,1.2950346528393941,1.4319417385176094,1.7924468293546834,2.1915631828956585,1.4657268996166344,1.905289574877236,2.5374150188225952
12H,DISCOVERY,OS,ATR_1X_PRICE_BAND_CONTROL_V1,FORECAST_REALIZATION,NATIVE_AVAILABILITY,1,133,2249,N_GE_100,0.5789473684210527,0.49397675745299596,0.6594853476378536,0.5246776345042241,0.054269733916828544,0.10343443354148074,0.00011860285647958047,0.004101079548881392,-0.0080478832017305,0.007961139900549256,3.2911189667653726,2.4155549356272394,2.7443612689939747,3.975881802305554,4.406961442421434,2.370182739279903,3.5536187998120856,5.328204568983365,0.5608771061130706,0.44606684703109173,0.48684593506874146,0.6422837039670587,0.7774951432835705,0.45510497573322045,0.6544810686690813,0.9153845209134911
12H,DISCOVERY,OS,ATR_1X_PRICE_BAND_CONTROL_V1,FORECAST_REALIZATION,NATIVE_AVAILABILITY,3,133,2247,N_GE_100,0.5864661654135338,0.5014897655961853,0.666587778074745,0.5282599020916778,0.05820626332185597,0.1101848977963018,0.00878132377888136,0.01307796479009471,-0.0027403498660986386,0.019681817699080232,5.067095587466947,3.94303754953987,4.292023068149611,5.917061852518316,6.119773390368676,3.545452920888513,4.91530717142079,7.210004583475405,0.9033724842058215,0.7229147885181039,0.7876430094358561,1.032775490976347,1.1426858753564462,0.6771090706850073,0.9362202110468576,1.385339479129604
12H,DISCOVERY,OS,ATR_1X_PRICE_BAND_CONTROL_V1,FORECAST_REALIZATION,NATIVE_AVAILABILITY,5,133,2245,N_GE_100,0.556390977443609,0.47155185481916273,0.6380639345314439,0.5443207126948775,0.012070264748731518,0.022174913552293285,0.007651135228692165,0.012965084535002225,-0.006966854610732988,0.021992823283296953,6.29276813882799,5.00999135733828,5.276062931056475,7.3061836361828725,7.047466602775991,3.821504865891294,5.840392311469574,8.187470551350232,1.1321188563307223,0.9377316683206901,0.970600871857395,1.312816724356978,1.3264778716322931,0.9396308051666099,1.0999872935089234,1.5600575052554218
12H,DISCOVERY,OS,ATR_1X_PRICE_BAND_CONTROL_V1,FORECAST_REALIZATION,NATIVE_AVAILABILITY,10,132,2240,N_GE_100,0.5909090909090909,0.5056164209755144,0.6710599432604781,0.5558035714285714,0.03510551948051954,0.06316173786053314,0.015661886191528567,0.019611549060811417,-0.0037044584316558815,0.03542525418144564,9.087008583465238,6.448999383296206,7.683517010589056,10.47152638170931,9.128108376734788,6.180231743060493,7.627712410340264,10.865967578583637,1.6292237771371523,1.367517327970627,1.4109547976061534,1.8627596357677383,1.7281260750542755,1.2030653079617306,1.4477860963535123,2.0075337642906264
12H,DISCOVERY,OS,CAUSAL_DNO_QUANTILE_80_20_CONTROL_V1,FORECAST_REALIZATION,NATIVE_AVAILABILITY,1,201,2249,N_GE_100,0.5422885572139303,0.47326358207226243,0.6097273728900108,0.5246776345042241,0.01761092270970621,0.03356522472383827,-0.003448163032254618,0.002944249216449757,-0.009444524860396392,0.002270666682544667,2.596882088378223,2.0368714039701494,2.2875032596304554,2.9697036428145136,3.6457188558782203,2.103403306549998,3.1262884395848642,4.26880273651802,0.473250825049223,0.3947247021758897,0.42590597587182294,0.5247369670033242,0.6819690913828543,0.3866504899638069,0.5883553172279785,0.782095752740977
12H,DISCOVERY,OS,CAUSAL_DNO_QUANTILE_80_20_CONTROL_V1,FORECAST_REALIZATION,NATIVE_AVAILABILITY,3,201,2247,N_GE_100,0.5422885572139303,0.47326358207226243,0.6097273728900108,0.5282599020916778,0.014028655122252487,0.02655635051364902,-0.0045121757806749225,0.008959478721237923,-0.014563571278733931,0.00548005122514829,4.313005271179922,3.4934000910332266,3.819951162024899,4.866650102929037,6.274359771715921,3.3105732875802762,5.266275288665419,7.331403651193455,0.7959447604018299,0.6539645644347158,0.6902999330783691,0.8924560897471436,1.1815206965142937,0.6506344238151764,0.9907543840010902,1.4037507179785265
12H,DISCOVERY,OS,CAUSAL_DNO_QUANTILE_80_20_CONTROL_V1,FORECAST_REALIZATION,NATIVE_AVAILABILITY,5,201,2245,N_GE_100,0.5870646766169154,0.5179855410742539,0.6528781897304264,0.5443207126948775,0.04274396392203794,0.07852716776184554,0.004669442286852027,0.013155349197137012,-0.007229048329214444,0.015755389743566203,5.679213131967468,4.181116003541377,4.9736005737916456,6.439110138745527,7.204566006922068,3.7002226693832663,6.132015013426331,8.293365396894215,1.0595125453349954,0.8802041684976082,0.9141229778286406,1.197755685106187,1.3720188418787056,0.7725172275274997,1.147857025605462,1.6211997694356555
12H,DISCOVERY,OS,CAUSAL_DNO_QUANTILE_80_20_CONTROL_V1,FORECAST_REALIZATION,NATIVE_AVAILABILITY,10,201,2240,N_GE_100,0.5422885572139303,0.47326358207226243,0.6097273728900108,0.5558035714285714,-0.013515014214641075,-0.024316170153249828,0.004423539391653154,0.007815422531595395,-0.014207543429109772,0.020085609249286405,8.435113227499594,6.6044697448872025,7.469522230701726,9.509832584435316,9.556376226118342,5.31206831596132,8.096908421072543,11.012661438371413,1.5516753290625058,1.2893896059023193,1.362418351539949,1.7293001040247766,1.874838572032042,1.1224680323318459,1.5814611774336347,2.1744134524452927
12H,DISCOVERY,OS,PROJECT_DYNAMIC_EXTREMA_V1,FORECAST_REALIZATION,NATIVE_AVAILABILITY,1,158,2249,N_GE_100,0.5379746835443038,0.460256754162251,0.6138898187831475,0.5246776345042241,0.013297049040079667,0.025343273975541702,-0.004087918999233661,0.0016881876803030993,-0.010957363306933351,0.0026272469622697033,2.641815970033719,1.9700035290596944,2.3000968402343656,3.0290462547953254,3.9596338827864863,2.050051802916677,3.2724081799544367,4.775321256886135,0.4769520884366901,0.3999565222125675,0.4214046950357564,0.5364198458161042,0.696945469829352,0.41807346285232433,0.5886270533762806,0.8193566205293326
12H,DISCOVERY,OS,PROJECT_DYNAMIC_EXTREMA_V1,FORECAST_REALIZATION,NATIVE_AVAILABILITY,3,158,2247,N_GE_100,0.5189873417721519,0.44155714629009724,0.595516140182602,0.5282599020916778,-0.009272560319525947,-0.017553026990711706,0.00029534388093473016,0.0022080455043252956,-0.009796996750573246,0.010334860783351493,4.552992788224034,3.7822580124367975,3.9306522362532386,5.276061149816344,6.152184904061305,3.410645063050328,5.173273751098469,7.403600074407599,0.8095063236955681,0.6913607912670081,0.7192493889685155,0.9024915871965241,1.1385192619633195,0.6531770137743922,0.9471400600738692,1.3358253225705519
12H,DISCOVERY,OS,PROJECT_DYNAMIC_EXTREMA_V1,FORECAST_REALIZATION,NATIVE_AVAILABILITY,5,158,2245,N_GE_100,0.5443037974683544,0.4665142231256855,0.6199901119772793,0.5443207126948775,-1.6915226523028792e-05,-3.1075845780881295e-05,0.004128464942069747,0.008942700461550102,-0.008223634181105539,0.017463291558458428,5.8580226235417,4.583879590133641,5.032802621700109,6.873404710214129,7.181209126955773,4.434755715438495,6.065739990611311,8.502539500581465,1.0673148697530517,0.8288022119990915,0.9245684760651707,1.2156347981187265,1.3336575120589267,0.8767130997166936,1.1407717926481218,1.5458996965422078
12H,DISCOVERY,OS,PROJECT_DYNAMIC_EXTREMA_V1,FORECAST_REALIZATION,NATIVE_AVAILABILITY,10,158,2240,N_GE_100,0.5822784810126582,0.5043167728851662,0.6563341351631972,0.5558035714285714,0.026474909584086825,0.047633572263738655,0.004860829872659381,0.011484246066901016,-0.011083260227296535,0.022433276174712167,8.215689241814195,6.5573855829712135,7.174762469643114,9.277143470264157,9.450739316724231,5.768669191545156,7.859683022416206,11.141127471822344,1.5074534856381416,1.3019680912772431,1.322294724236694,1.699930856288856,1.762131382150128,1.103591755797216,1.506377095051595,2.051203942921517
12H,VALIDATION,OB,ATR_1X_PRICE_BAND_CONTROL_V1,FORECAST_REALIZATION,NATIVE_AVAILABILITY,1,50,749,N_30_99,0.26,0.15871379651367384,0.3955342198899992,0.520694259012016,-0.26069425901201604,-0.5006666666666666,0.009248839188501355,0.005041965551317973,0.004674458074299951,0.01438717082670193,1.3447327518837766,0.9238806342945027,0.9775000761675269,1.716623035523082,2.4269252409849464,1.9213649441523115,1.9834245126757688,2.9945591410959413,0.38433640454030077,0.31140165248138396,0.30746319963824764,0.4772153799966715,0.7842234550376397,0.5692788032062889,0.5969028222250269,1.0106558497030471
12H,VALIDATION,OB,ATR_1X_PRICE_BAND_CONTROL_V1,FORECAST_REALIZATION,NATIVE_AVAILABILITY,3,50,747,N_30_99,0.42,0.2937479723456693,0.5576680331222217,0.5033467202141901,-0.08334672021419015,-0.16558510638297885,0.011208943251777612,0.0038184700884917877,0.0011161790838974865,0.020682380986657697,2.1635478236267485,1.8996647726518778,1.7006616360504547,2.689739617407691,4.123076485145236,3.448599399182923,3.304933939451925,4.989058892102248,0.6602766359429054,0.4989431719776315,0.5244672670841879,0.8144996367836586,1.273291445756492,1.0343214435671853,0.9956907150516048,1.5866233432737389
12H,VALIDATION,OB,ATR_1X_PRICE_BAND_CONTROL_V1,FORECAST_REALIZATION,NATIVE_AVAILABILITY,5,50,745,N_30_99,0.34,0.2243676963506106,0.47846431458517147,0.4912751677852349,-0.15127516778523487,-0.30792349726775947,0.01981806880809119,0.0154537203188857,0.005921871788003363,0.03470652139737509,2.8027350542432004,2.526010465610111,2.186526611187492,3.4934397862040414,5.689239985655329,4.413691778707147,4.503762697615098,6.981157055485183,0.8658048173340496,0.7475803731133084,0.680522555574758,1.0862869607211163,1.8251803180922506,1.3442860848094251,1.415314860877539,2.283408130941797
12H,VALIDATION,OB,ATR_1X_PRICE_BAND_CONTROL_V1,FORECAST_REALIZATION,NATIVE_AVAILABILITY,10,49,740,N_30_99,0.40816326530612246,0.2821503460597105,0.5475293002795374,0.4635135135135135,-0.05535024820739104,-0.11941452966026056,0.024824205372921723,0.01835938713988261,0.00044492145714781237,0.04795884631608915,4.232115912534466,2.714902090939259,3.0133680772213576,5.834861427367137,7.841484905703373,6.102963062395308,6.043499431972971,9.856957556071947,1.3013214689042047,0.8532055577624224,0.9267191686829268,1.74571088171479,2.6369087200999752,1.7328436611921945,1.9895204609737844,3.476480325746002
12H,VALIDATION,OB,CAUSAL_DNO_QUANTILE_80_20_CONTROL_V1,FORECAST_REALIZATION,NATIVE_AVAILABILITY,1,69,749,N_30_99,0.4782608695652174,0.36468525497597737,0.5941294882476751,0.520694259012016,-0.04243338944679864,-0.0814938684503902,0.0023400486421664615,0.0016081682811563969,-0.0035906318938111873,0.008768848606750815,1.939092374404887,1.2069379426239424,1.508867450450423,2.3786547645506153,2.188595989653905,1.5613449807483377,1.7169706929697646,2.701579412470758,0.502690071310836,0.36427899552956233,0.4050771403369979,0.6096007400048781,0.6586232576884731,0.41924018458086965,0.5154460065208882,0.8511714911628214
12H,VALIDATION,OB,CAUSAL_DNO_QUANTILE_80_20_CONTROL_V1,FORECAST_REALIZATION,NATIVE_AVAILABILITY,3,69,747,N_30_99,0.463768115942029,0.35113991297637237,0.5802179923963817,0.5033467202141901,-0.039578604272161144,-0.07863089731729889,0.004137158157497497,0.001212561143601798,-0.0032110487834073153,0.011779550648053362,2.8522829702726455,2.2695853995713193,2.2664141993650317,3.4711432194987983,3.5112938284393906,2.4252474085515883,2.8083862157048007,4.256990189865056,0.7994866640340981,0.6395830096529141,0.6485918902358845,0.963367919835594,1.0062430706816536,0.7777200555950098,0.805454903473524,1.2532541409418212
12H,VALIDATION,OB,CAUSAL_DNO_QUANTILE_80_20_CONTROL_V1,FORECAST_REALIZATION,NATIVE_AVAILABILITY,5,69,745,N_30_99,0.391304347826087,0.28481147647724914,0.509262239641013,0.4912751677852349,-0.09997081995914792,-0.20349251603706342,0.01171458540337955,0.008132277037570468,0.00018237829734139746,0.023568226834317932,3.430555371352247,2.662293923432826,2.735799869048595,4.110012348350659,4.831729176023697,3.2150897334769004,3.7834555842407678,5.890503744683874,0.9989882569882199,0.7787985391541876,0.8007935058883607,1.2125284164877914,1.4078847993987225,0.86252077502334,1.1279746147679428,1.7726819708933428
12H,VALIDATION,OB,CAUSAL_DNO_QUANTILE_80_20_CONTROL_V1,FORECAST_REALIZATION,NATIVE_AVAILABILITY,10,68,740,N_30_99,0.5294117647058824,0.4124071581374707,0.643270889122056,0.4635135135135135,0.06589825119236886,0.14217115417595605,0.008388834740015796,-0.0014879358952763488,-0.010941732900598695,0.027660355188189923,5.254791485994769,3.5106910360792773,4.173403925267561,6.3919294377436575,6.803510035400159,4.50142795353212,5.285144927190484,8.398401761337785,1.5027688219621107,1.0772374578862474,1.1866308665828018,1.8584708401839234,2.075146404070584,1.1949020347805037,1.5804275901408704,2.6693687568512163
12H,VALIDATION,OB,PROJECT_DYNAMIC_EXTREMA_V1,FORECAST_REALIZATION,NATIVE_AVAILABILITY,1,58,749,N_30_99,0.46551724137931033,0.34331815357826717,0.5920004668972703,0.520694259012016,-0.055177017632705716,-0.10596816976127332,0.0010044020704776946,0.0026655946214391157,-0.005129809742027086,0.007261975518083391,1.926122364177759,1.204341504233179,1.4034479461360503,2.4586600242079077,2.05992664281331,1.4577405599302582,1.653047449962038,2.5861548522743107,0.45952833445742747,0.35466928934983877,0.3504107520943521,0.5599015777930133,0.6011259568575048,0.3986454400340976,0.4400802225265952,0.8037325776171755
12H,VALIDATION,OB,PROJECT_DYNAMIC_EXTREMA_V1,FORECAST_REALIZATION,NATIVE_AVAILABILITY,3,58,747,N_30_99,0.5172413793103449,0.39162043429213433,0.640720255470097,0.5033467202141901,0.013894659096154727,0.02760454878943497,0.0038104866543008874,-0.0007831436577929174,-0.0035160422693613445,0.012348390508894047,2.988029523409788,2.5373167344459606,2.338592127516608,3.6134338708678713,3.4496919257580982,2.9893979462329403,2.784152349628902,4.292450331694867,0.7864513708020211,0.6053175031902884,0.6137383792690412,0.9612071720697161,0.9463680721024483,0.5595268679751793,0.7185334114386147,1.200619351335655
12H,VALIDATION,OB,PROJECT_DYNAMIC_EXTREMA_V1,FORECAST_REALIZATION,NATIVE_AVAILABILITY,5,58,745,N_30_99,0.4482758620689655,0.32749651292941145,0.5754814177838947,0.4912751677852349,-0.042999305716269365,-0.08752590917655922,0.007815690873994717,0.0028702456756286576,-0.003970846262502836,0.02092513523579498,3.5912061757663496,2.8246112859035826,2.864247275088402,4.234615111383364,4.9635385943901715,3.630536240695316,3.9055290575652766,6.223097510344045,0.954417551544629,0.8913153447442417,0.7522705163314801,1.1618384909725588,1.4269128088453529,0.8708462464018096,1.0623168900399438,1.8600658836682773
12H,VALIDATION,OB,PROJECT_DYNAMIC_EXTREMA_V1,FORECAST_REALIZATION,NATIVE_AVAILABILITY,10,57,740,N_30_99,0.5789473684210527,0.4497991014068138,0.6981260024694814,0.4635135135135135,0.11543385490753916,0.24904096977136736,0.0015509780895743258,-0.006432076850788393,-0.022860073692157687,0.025609674421149142,6.1154622275118475,5.043747338231882,4.650524778338611,7.695147685510224,6.692471407207497,4.55619151449078,5.209665000741504,8.335688912331195,1.5676641623055563,1.268362986041884,1.2090191113873041,1.961628192960895,1.9619405181622853,1.1075323545811555,1.4629876257115852,2.526141961746133
12H,VALIDATION,OS,ATR_1X_PRICE_BAND_CONTROL_V1,FORECAST_REALIZATION,NATIVE_AVAILABILITY,1,38,749,N_30_99,0.4473684210526316,0.3014616531155089,0.6029397082091058,0.47930574098798395,-0.03193731993535237,-0.0666324585837853,-0.010024811421150859,-0.0050845086664904615,-0.021624009608661128,0.0016112944093228966,2.1341689005092075,1.1295751700791792,1.4234391452472028,2.9011506967623935,3.443276771469346,2.2776774351837883,2.359962549916401,4.606689077114537,0.42949277571636896,0.3166284280047841,0.3042443671405298,0.5529583797618324,0.7645739249159499,0.5357408299254167,0.5412915544683621,1.0117253663927153
12H,VALIDATION,OS,ATR_1X_PRICE_BAND_CONTROL_V1,FORECAST_REALIZATION,NATIVE_AVAILABILITY,3,38,747,N_30_99,0.5789473684210527,0.42192070613127325,0.7214772518818047,0.4966532797858099,0.08229408863524273,0.16569726202298196,-0.0025898187585679873,0.005455366876313095,-0.02296720074263011,0.015142511733569912,4.016763396749028,2.7472207021645043,2.778464272498505,5.573335564053658,4.951896423795106,3.481798381503075,3.439893028969467,6.66410902454753,0.8610420580535585,0.6812447219738118,0.6337306729104768,1.0679790838254035,1.0674064395512504,0.7753748337121134,0.7678666409536539,1.4803732471497557
12H,VALIDATION,OS,ATR_1X_PRICE_BAND_CONTROL_V1,FORECAST_REALIZATION,NATIVE_AVAILABILITY,5,38,745,N_30_99,0.6052631578947368,0.4471758699869596,0.7440214073638108,0.508724832214765,0.09653832567997178,0.18976531037355926,-0.0017957001020651832,0.00939169831447273,-0.03127241698526269,0.02340281593346138,5.29458389155394,3.9785677397513943,3.741640523566418,6.915408089867103,6.736567096307443,4.177727166426503,4.284612251164878,9.268293723280554,1.1962402501482885,0.8862933759271345,0.8695323676291784,1.514750504777083,1.3881566764466073,0.927895995996904,0.9451104731176901,1.8948748482047206
12H,VALIDATION,OS,ATR_1X_PRICE_BAND_CONTROL_V1,FORECAST_REALIZATION,NATIVE_AVAILABILITY,10,38,740,N_30_99,0.631578947368421,0.47283672824260115,0.7661598684458619,0.5364864864864864,0.09509246088193457,0.1772504308630518,0.0036026384539045984,0.02524571176545265,-0.030506952297122733,0.03684799399511823,7.499831546612066,6.072648633262287,5.398912715438624,9.673484017023071,8.548554077184697,5.288505740752165,5.694266832897046,11.499626282260563,1.7991815612539623,1.3969649220853237,1.3096215901994144,2.374500704812027,1.8033545346174407,1.5264072553538457,1.3214569682156267,2.4204495947720304
12H,VALIDATION,OS,CAUSAL_DNO_QUANTILE_80_20_CONTROL_V1,FORECAST_REALIZATION,NATIVE_AVAILABILITY,1,66,749,N_30_99,0.5303030303030303,0.41157476624932443,0.645697690280881,0.47930574098798395,0.050997289315046324,0.10639824428125255,0.0006993656015063235,0.0008539985548531304,-0.0065482121162205855,0.0074879134649078714,2.029207192318976,1.2234126940565353,1.5715254430528325,2.5792036094165787,2.2199205377115856,1.5675320774788468,1.7669431984787378,2.772193347493672,0.4909383438699931,0.3686443739388345,0.4038449123262208,0.5924274737655245,0.5801228492113684,0.4328261033538544,0.46882070507368717,0.6997862357895241
12H,VALIDATION,OS,CAUSAL_DNO_QUANTILE_80_20_CONTROL_V1,FORECAST_REALIZATION,NATIVE_AVAILABILITY,3,66,747,N_30_99,0.5454545454545454,0.4261479973870641,0.659760687408244,0.4966532797858099,0.048801265668735494,0.09826023033570186,0.0004925819415107334,0.002570927671805334,-0.008828302137773124,0.009759569401134064,3.6084134256304696,2.5225166252620608,2.889044247716846,4.252507520239802,3.4533623166787506,2.6917967569052914,2.708988023483207,4.3067658353671,0.9327065680586738,0.6875581773279098,0.7799054259738294,1.1069205168228333,0.8957655065415961,0.7050888159454451,0.735047341238492,1.0962969699589171
12H,VALIDATION,OS,CAUSAL_DNO_QUANTILE_80_20_CONTROL_V1,FORECAST_REALIZATION,NATIVE_AVAILABILITY,5,66,745,N_30_99,0.6212121212121212,0.5005825419249831,0.728507284195839,0.508724832214765,0.11248728899735616,0.2211161749420325,0.004076918131380361,0.012842712667320733,-0.014351751946492693,0.021533113612253563,5.11207147798506,3.896575239332787,4.053314276099256,6.161351103386271,4.832273987323667,3.1646493566808793,3.512251505338994,6.3922886489465665,1.3123834656984072,1.073935448822236,1.1065559100535007,1.5833538015631103,1.2456708123941325,0.8461435253210916,0.9523296646146353,1.600407925581167
12H,VALIDATION,OS,CAUSAL_DNO_QUANTILE_80_20_CONTROL_V1,FORECAST_REALIZATION,NATIVE_AVAILABILITY,10,66,740,N_30_99,0.5606060606060606,0.4408242143005392,0.6737206987598716,0.5364864864864864,0.024119574119574105,0.04495840012212815,0.0033403020599764113,0.008933459845141267,-0.021853546079158688,0.02866240748012126,7.334803723570233,5.39093313177618,5.6303787304103965,9.102201614170125,7.1002465750518144,4.730794496030677,5.322136026788373,9.083508448517012,1.8908864940845411,1.461276886009101,1.5330169822505824,2.2753162621180696,1.7932982699883944,1.1858800763473607,1.3891830965501508,2.222958987724142
12H,VALIDATION,OS,PROJECT_DYNAMIC_EXTREMA_V1,FORECAST_REALIZATION,NATIVE_AVAILABILITY,1,54,749,N_30_99,0.6296296296296297,0.49627222791081016,0.745768102923745,0.47930574098798395,0.1503238886416457,0.31362839162282063,0.0043003230688884635,0.0040697418746791225,-0.002533934742874415,0.01134823662706193,2.001719586027677,1.3689593995350875,1.4376783237778712,2.5442394193386364,2.0066792306526295,1.1278966316643757,1.5106862848296354,2.677397768994013,0.4810888962647685,0.43718781846837523,0.39420014774692175,0.5819813312899837,0.5094591423346974,0.33195299142175894,0.3809469002010237,0.6482547530763635
12H,VALIDATION,OS,PROJECT_DYNAMIC_EXTREMA_V1,FORECAST_REALIZATION,NATIVE_AVAILABILITY,3,54,747,N_30_99,0.5925925925925926,0.45966610248851525,0.7132198481075954,0.4966532797858099,0.09593931280678264,0.19317160826594781,0.003995628633732951,0.0048014829367375444,-0.0066023572006521595,0.014952242999502157,3.7901947157183553,2.581731617279753,2.9033098308834933,4.716915918971713,3.0753884013552417,1.7563043053599185,2.31177760815317,4.053642030737137,0.9229352821768458,0.8162126504072864,0.7800333267660389,1.0662256949982003,0.7972151521509159,0.5804265899361469,0.607447377086658,1.015934311758454
12H,VALIDATION,OS,PROJECT_DYNAMIC_EXTREMA_V1,FORECAST_REALIZATION,NATIVE_AVAILABILITY,5,54,745,N_30_99,0.5370370370370371,0.4060512701625496,0.6631031100758948,0.508724832214765,0.028312204822272036,0.05565327860842384,-0.0036485012533547237,0.008428972983158478,-0.02562011804862633,0.016137666907122757,4.8773451896585,3.2330094689830013,3.8348837823026645,6.051468616569864,4.955784519321406,3.633149747674503,3.5244595327538035,6.650244971061069,1.2162264781484156,1.0503978063008557,1.0047078513157004,1.4558842329637534,1.2831787722644539,0.8898071513791654,0.9700669932790003,1.6922838955115975
12H,VALIDATION,OS,PROJECT_DYNAMIC_EXTREMA_V1,FORECAST_REALIZATION,NATIVE_AVAILABILITY,10,54,740,N_30_99,0.5555555555555556,0.42375413911364457,0.6799774312440219,0.5364864864864864,0.019069069069069133,0.035544360481388315,-0.0024526492606135207,0.009659613055023053,-0.028186105705142725,0.01973251811063427,6.513787011927354,5.156050034481169,5.064364609841801,8.110132284688682,7.247338738133784,5.349126658008846,5.400145097334473,9.315130958787721,1.6698249358949442,1.4010706251960134,1.3687157911390648,2.0552217778408046,1.884729213500599,1.4083995360998731,1.4739407864850178,2.39735644321125
15m,DISCOVERY,OB,ATR_1X_PRICE_BAND_CONTROL_V1,FORECAST_REALIZATION,NATIVE_AVAILABILITY,1,5443,107530,N_GE_100,0.5120338048870109,0.4987505179993145,0.5253001171430772,0.49455035803961683,0.017483446847394057,0.0353522074409125,0.0004444629373637358,-0.0001598285946314837,0.0002708880157255107,0.0006423643874421939,0.38839556675196757,0.28276576085141036,0.3749772235356664,0.4015554229008428,0.46550904639832513,0.30004800768122897,0.44996714478407396,0.48452827236293344,0.5780836894989165,0.48405507323104774,0.5627632133909087,0.5937745897710088,0.707291223738792,0.5018106334627559,0.6881716433245485,0.7266230998486316
15m,DISCOVERY,OB,ATR_1X_PRICE_BAND_CONTROL_V1,FORECAST_REALIZATION,NATIVE_AVAILABILITY,3,5443,107528,N_GE_100,0.5021128054381775,0.48883279052424206,0.515389840073277,0.4916207871438137,0.010492018294363803,0.02134168971031447,0.0006938257981817142,-5.179602724469934e-05,0.0004187156729258663,0.000952606573345193,0.6362661436097734,0.4352557127312203,0.6136961868720138,0.660697199851093,0.7565915677813437,0.48642728060456036,0.7353933670516218,0.78253153211631,0.953572828652435,0.7367008894889381,0.9277970722680848,0.9772239798188855,1.1709461378542299,0.8003262836072554,1.1335897388706488,1.2051527857940818
15m,DISCOVERY,OB,ATR_1X_PRICE_BAND_CONTROL_V1,FORECAST_REALIZATION,NATIVE_AVAILABILITY,5,5443,107526,N_GE_100,0.5004593055300386,0.4871803439435553,0.5137376192298184,0.4905046221379015,0.009954683392137065,0.02029477999360907,0.0008263228685450826,-4.0500965792333865e-05,0.0004674246447262156,0.0011757966154164845,0.809484250159754,0.5289112604440793,0.781995731122761,0.8406768109183923,0.9399870112658412,0.6102175969725601,0.9115897507441938,0.973297027830667,1.2130173329633411,0.9067161473791693,1.1789164148733255,1.2437310954063934,1.4569758224165368,1.0226207764458835,1.4132555309545167,1.5009840310850484
15m,DISCOVERY,OB,ATR_1X_PRICE_BAND_CONTROL_V1,FORECAST_REALIZATION,NATIVE_AVAILABILITY,10,5442,107521,N_GE_100,0.5060639470782801,0.49278078310140744,0.5193385558084866,0.4867142232680128,0.019349723810267283,0.039755821558582705,0.000901678695018203,-0.0001639720140867995,0.00047766751519776247,0.0013363334128738877,1.1306008583346423,0.7383270141085099,1.0958629403416789,1.1675435507819645,1.2656385409147268,0.8378291953188534,1.228498201846425,1.3031749465903513,1.7199219007503181,1.2576114724312812,1.6706701031975186,1.77056977717021,1.976253205404804,1.3878566556279706,1.9215489572882107,2.033082246447471
15m,DISCOVERY,OB,CAUSAL_DNO_QUANTILE_80_20_CONTROL_V1,FORECAST_REALIZATION,NATIVE_AVAILABILITY,1,10809,107492,N_GE_100,0.542140808585438,0.5327349042037421,0.5515167692878957,0.4945670375469802,0.04757377103845778,0.09619276544272037,0.00012681890077592038,-0.00032778580687464753,3.531033314969013e-05,0.0002271176175457948,0.32874921624964765,0.24350649350650275,0.32174463905860656,0.3353353184979095,0.3572036469835011,0.2187474682005963,0.349094172144758,0.36510803861886854,0.502509203963785,0.42518688149979,0.49421984278426156,0.5114217083412805,0.5595902459058968,0.3783229078037878,0.547582162520021,0.5724508723524124
15m,DISCOVERY,OB,CAUSAL_DNO_QUANTILE_80_20_CONTROL_V1,FORECAST_REALIZATION,NATIVE_AVAILABILITY,3,10809,107490,N_GE_100,0.5417707466000555,0.532364386527057,0.5511474259459935,0.4916364312959345,0.050134315304121047,0.10197436990576336,1.0896584997123145e-05,-0.0005241090146749228,-0.00014928093705525222,0.00015299896522603286,0.5739128909294942,0.4063434731079626,0.5615882231540494,0.5861253885007378,0.6007182545413711,0.36885245901639346,0.5872089064927564,0.6148401652123026,0.8810725310634099,0.7080072556194211,0.8657978327301289,0.8968484135140699,0.9486896467663039,0.6298786372479246,0.9282206573975169,0.9674691460035013
15m,DISCOVERY,OB,CAUSAL_DNO_QUANTILE_80_20_CONTROL_V1,FORECAST_REALIZATION,NATIVE_AVAILABILITY,5,10809,107488,N_GE_100,0.53298177444722,0.5235661224353706,0.5423739908462298,0.49060360226257815,0.042378172184641794,0.0863796596462012,3.687366074606848e-05,-0.0005224274146249375,-0.00017645939604086537,0.00023682143012171628,0.7545299103960595,0.5183465236444436,0.7385063060106917,0.7720583466465429,0.7679564166934038,0.48055919615553283,0.7530225855235666,0.7857527934332582,1.1607319718610354,0.905166577160144,1.1383021168856018,1.182177578432712,1.2182986523126738,0.8139080463526518,1.192054725117285,1.2413518927754317
15m,DISCOVERY,OB,CAUSAL_DNO_QUANTILE_80_20_CONTROL_V1,FORECAST_REALIZATION,NATIVE_AVAILABILITY,10,10806,107483,N_GE_100,0.5208217656857301,0.5113967789704348,0.5302319531286552,0.4867932603295405,0.03402850535618962,0.06990340279804541,0.00017420541331344426,-0.0004846944867868963,-0.0001087838420213732,0.00046970362267922234,1.098175492268109,0.7342500216752298,1.075585169462707,1.1200441098786231,1.08182328742834,0.6857322141271762,1.0577003585955518,1.106974471618948,1.6998398676394724,1.2793693668125141,1.6705976986797955,1.7318596900733014,1.7302646885134076,1.1649789441806524,1.696607201336708,1.765469384910124
15m,DISCOVERY,OB,PROJECT_DYNAMIC_EXTREMA_V1,FORECAST_REALIZATION,NATIVE_AVAILABILITY,1,9214,106720,N_GE_100,0.5418927718688952,0.531703875098467,0.5520467504275782,0.4947619940029985,0.0471307778658967,0.09525949534759759,0.00011371894570378549,-0.0003401439493621594,2.0540159358926283e-05,0.00023851823867416874,0.3337057613032982,0.24983746243842936,0.32542426492531806,0.34074615786499074,0.3573734181851381,0.22280862215463818,0.34730762582991803,0.3676440026231292,0.5087735856167227,0.43524792250103456,0.4997436023587737,0.5169745431912681,0.5642641190127508,0.38297908385160884,0.5509694922184263,0.5774550126492782
15m,DISCOVERY,OB,PROJECT_DYNAMIC_EXTREMA_V1,FORECAST_REALIZATION,NATIVE_AVAILABILITY,3,9214,106718,N_GE_100,0.54699370523117,0.5368119717023465,0.5571362688488906,0.4919038962499297,0.055089808981240274,0.1119930323813696,-4.162993557886734e-05,-0.0005769804817584712,-0.00021525345958022448,0.0001407690211971629,0.5865223281712996,0.4174699262991212,0.5716015470815741,0.6013862458742191,0.6063978633771911,0.3729392262532616,0.5905417091294747,0.6236800996221902,0.9014089328198827,0.7220359648496537,0.8844263596175328,0.9180846882955248,0.9625086734230451,0.6358411059967042,0.9357956613169955,0.9869805656290683
15m,DISCOVERY,OB,PROJECT_DYNAMIC_EXTREMA_V1,FORECAST_REALIZATION,NATIVE_AVAILABILITY,5,9214,106716,N_GE_100,0.5408074668981984,0.5306171845913318,0.5509637356102043,0.490957307245399,0.049850159652799375,0.10153664874139934,-2.5179287018779695e-05,-0.0006519888316154909,-0.0002575325644869567,0.00021677525542287667,0.7713849642865604,0.529253681734946,0.7520929282533458,0.7915301030517473,0.7722532319442756,0.48137431959175153,0.7527718383866824,0.7923666913437402,1.1845764393150948,0.9284851772352651,1.1644519283419987,1.2079138999961885,1.2309848160359822,0.8179993399503485,1.1996398435662832,1.2627167664469976
15m,DISCOVERY,OB,PROJECT_DYNAMIC_EXTREMA_V1,FORECAST_REALIZATION,NATIVE_AVAILABILITY,10,9213,106711,N_GE_100,0.5274069249972865,0.5172029746748183,0.5375880287856296,0.48702570494138375,0.04038122005590272,0.08291393995469454,-0.00016210343765341498,-0.0006172839506173311,-0.0004539981308819882,0.00014137534017618503,1.1286261520811043,0.7555060878950417,1.1025483156337221,1.1539802509265888,1.0781912828381128,0.6911665542818597,1.0547729494619336,1.1038399511009696,1.7379574097694201,1.3187424797657847,1.7011822353862156,1.772404046590036,1.7357037965237272,1.166271003739855,1.6941291603327497,1.7727307877491247
15m,DISCOVERY,OS,ATR_1X_PRICE_BAND_CONTROL_V1,FORECAST_REALIZATION,NATIVE_AVAILABILITY,1,5443,107530,N_GE_100,0.5671504684916406,0.5539446761374489,0.5802615398097892,0.5015902538826374,0.06556021460900319,0.13070472183525128,1.6621515882728552e-06,0.0006723442402509772,-0.00021668581348343262,0.00024018538825782584,0.48021410031004524,0.33565092304003974,0.46375257320645974,0.49900427376198664,0.589451740013094,0.32373684819054355,0.5664898460685243,0.6161851304138082,0.639905963280021,0.5611035723676563,0.6259115179415533,0.6551772578534565,0.8069965011065497,0.5410494362415701,0.7794766069912432,0.8392542659539507
15m,DISCOVERY,OS,ATR_1X_PRICE_BAND_CONTROL_V1,FORECAST_REALIZATION,NATIVE_AVAILABILITY,3,5443,107528,N_GE_100,0.5596178577990079,0.546391829832253,0.5727597900716561,0.5058217394539096,0.05379611834509823,0.106353907214777,0.0005209088513667061,0.0008365371442895508,0.00019928649278855797,0.0008621374431070509,0.7566015086349726,0.5055420862312007,0.7293351581631998,0.7852582437912006,0.9128911242202583,0.5156854318865536,0.8793552888707122,0.9493860865205866,1.0168902231396202,0.8482969240282412,0.9947174046417545,1.0389217148135945,1.2709065871610603,0.8364151255554079,1.2309559389230778,1.317031149269448
15m,DISCOVERY,OS,ATR_1X_PRICE_BAND_CONTROL_V1,FORECAST_REALIZATION,NATIVE_AVAILABILITY,5,5443,107526,N_GE_100,0.5653132463714863,0.5521022338378273,0.5784321294159159,0.5078213641351859,0.05749188223630042,0.11321280729141536,0.0009380605649544558,0.0011840471308517397,0.0005295096940958464,0.001324232496532015,0.9423048726945111,0.6247612315384866,0.9112982518223463,0.9773418524948841,1.1000964478556399,0.6445099807908901,1.060893139642102,1.1402851752687888,1.2830599770154005,1.0480950574919625,1.2536390474500534,1.3112800467592989,1.5581300168099723,1.0559345775902163,1.5094007575859931,1.6134596574516167
15m,DISCOVERY,OS,ATR_1X_PRICE_BAND_CONTROL_V1,FORECAST_REALIZATION,NATIVE_AVAILABILITY,10,5443,107521,N_GE_100,0.563476024251332,0.5502599753764734,0.5766025351837749,0.5116674882116051,0.051808536039726905,0.10125430525361234,0.001200764614961687,0.0017706936759660508,0.0007039468059762668,0.0017498934157379206,1.2924766982050921,0.8700240455274758,1.2482532404240614,1.3387728645796195,1.4453017171182496,0.8750607681088951,1.3933323823396275,1.4881715329237444,1.799411548603339,1.41270976311333,1.7621468337597936,1.8388587777701693,2.0745027162974483,1.422940529040393,2.0136303597989937,2.1382625561971054
15m,DISCOVERY,OS,CAUSAL_DNO_QUANTILE_80_20_CONTROL_V1,FORECAST_REALIZATION,NATIVE_AVAILABILITY,1,11075,107492,N_GE_100,0.5538600451467268,0.544584899999207,0.5630978382394188,0.5015722100249321,0.05228783512179469,0.10424787114739775,-9.328340750327478e-05,0.00046734718976759737,-0.0002136964127872524,1.9479758636757832e-05,0.35678704201939077,0.26304993722106706,0.3500123883616508,0.364846680988379,0.431992028641672,0.24471990211204336,0.4203837357091941,0.4441423788765773,0.5347353362819801,0.46401998030505187,0.5266708898900861,0.543630631802845,0.6466072515491029,0.43596865888297254,0.6323480873853479,0.6619240432412969
15m,DISCOVERY,OS,CAUSAL_DNO_QUANTILE_80_20_CONTROL_V1,FORECAST_REALIZATION,NATIVE_AVAILABILITY,3,11075,107490,N_GE_100,0.5581941309255078,0.5489265806130733,0.5674213234854922,0.505805191180575,0.05238893974493286,0.10357533030187849,0.00016105257690943178,0.0007098071690523344,-1.8679165171507553e-05,0.0003465453795073141,0.6019129332677976,0.42958165355892247,0.5893850512196,0.6153854801097621,0.7165468811816036,0.40914820332036483,0.6982105311330388,0.7352495182378651,0.9099001869387076,0.7528779755644655,0.8952264734292532,0.9258121018127424,1.074693765315674,0.7290732799974466,1.0519806171448067,1.0990991554255678
15m,DISCOVERY,OS,CAUSAL_DNO_QUANTILE_80_20_CONTROL_V1,FORECAST_REALIZATION,NATIVE_AVAILABILITY,5,11075,107488,N_GE_100,0.5568397291196389,0.5475697288462268,0.5660703109211077,0.5077217922000595,0.04911793691957933,0.09674183317352125,0.00038316627127408956,0.0009201083098926421,0.00014174364992858385,0.0006282783344233338,0.777040352585075,0.5436606483656636,0.7606551738131115,0.794207776448326,0.9103524872005939,0.5278537580384847,0.8883299759629181,0.9345888506361115,1.1851317483893036,0.9559912945086237,1.166145488799929,1.2056470566593886,1.3765482028073661,0.9357320242388247,1.3489753438433494,1.410195911478552
15m,DISCOVERY,OS,CAUSAL_DNO_QUANTILE_80_20_CONTROL_V1,FORECAST_REALIZATION,NATIVE_AVAILABILITY,10,11075,107483,N_GE_100,0.5519638826185101,0.5426856386424794,0.5612060895324229,0.5115878790134254,0.040376003605084754,0.0789229089691259,0.0005889549957183704,0.0011985018726592411,0.0003005773364266859,0.0009246855659602357,1.1103117262895783,0.7621361904235906,1.0881010598721421,1.1356192066596962,1.270854008987186,0.753686510103766,1.2425705587121019,1.303111182855718,1.7178099373404832,1.32139205333672,1.687006036536682,1.7438715354829863,1.9306276134961176,1.31569764705381,1.8896389133708054,1.9714643622832018
15m,DISCOVERY,OS,PROJECT_DYNAMIC_EXTREMA_V1,FORECAST_REALIZATION,NATIVE_AVAILABILITY,1,9140,106720,N_GE_100,0.5591903719912472,0.548989005233748,0.5693420034748891,0.501358695652174,0.05783167633907327,0.11534990185788052,-0.00011364480912695737,0.0004950330048456575,-0.00024542844524453163,2.1601943395153214e-05,0.373915208645344,0.2718534122972616,0.365578211652886,0.38330593094036597,0.4540563837913178,0.25319149156747456,0.43968988533856374,0.4713768558654324,0.5487636850816922,0.48303182417365503,0.540699916712711,0.5579843066227868,0.6769757962716211,0.4516334803180652,0.6589203383340252,0.6969052556295802
15m,DISCOVERY,OS,PROJECT_DYNAMIC_EXTREMA_V1,FORECAST_REALIZATION,NATIVE_AVAILABILITY,3,9140,106718,N_GE_100,0.563457330415755,0.5532649748925689,0.5735963653126246,0.505519218875916,0.057938111539838966,0.1146110956348434,0.00029221862920247063,0.0007658659555532799,5.239031838668851e-05,0.0005106702495076555,0.6248521285456102,0.4394400393386285,0.6108997740579822,0.640204845576427,0.7459735495051096,0.419305427528574,0.7233406974634746,0.7728575380158573,0.9223095505634804,0.7726330484437666,0.907548052019291,0.937993002884227,1.1200171335206586,0.7507201597511614,1.0931259230951602,1.1509401735048626
15m,DISCOVERY,OS,PROJECT_DYNAMIC_EXTREMA_V1,FORECAST_REALIZATION,NATIVE_AVAILABILITY,5,9140,106716,N_GE_100,0.5599562363238512,0.5497564307863685,0.5701056630626762,0.5073653435286181,0.0525908927952331,0.10365487802039186,0.0005727258534396307,0.001031962876225312,0.0003016295372434086,0.0008103477645325318,0.8039484944241861,0.5524175545964592,0.7848520636525086,0.8233788973984175,0.932958862644334,0.5328127061161996,0.902918674969916,0.9635261715793919,1.2000410393835843,0.9820374435010937,1.1800022774566377,1.222369598381872,1.4162970107674568,0.954123138739938,1.3862215943006984,1.4507357116392647
15m,DISCOVERY,OS,PROJECT_DYNAMIC_EXTREMA_V1,FORECAST_REALIZATION,NATIVE_AVAILABILITY,10,9140,106711,N_GE_100,0.5614879649890591,0.5512913555932192,0.5716329085366406,0.5113624649754945,0.05012550001356453,0.09802342457021496,0.0010062941164942112,0.0014733134147250082,0.0006412973046244641,0.0013430913958654292,1.143924382134786,0.7876129254998251,1.1165833293005234,1.1719483799536186,1.258900707492754,0.753154945734196,1.2252557708727843,1.296077278869077,1.7349251334982752,1.359880297823671,1.704519327495087,1.7694396543489332,1.9453062424754914,1.3213115705180472,1.901125863056004,1.9934711450115923
15m,VALIDATION,OB,ATR_1X_PRICE_BAND_CONTROL_V1,FORECAST_REALIZATION,NATIVE_AVAILABILITY,1,1829,35987,N_GE_100,0.5571350464734828,0.5342739802451263,0.5797566048310746,0.4961791758134882,0.06095587065999458,0.12285052181010436,0.00018158787314148393,-0.00032939806084797407,-0.00011738173496171531,0.0004306057008790668,0.3037865332265083,0.19839239180922696,0.28428563126674317,0.3256789183191445,0.4073413070428857,0.2235771051904593,0.38092697009682763,0.4352559449517727,0.6153663586697741,0.4868668407640971,0.5817710597627092,0.6510837172422891,0.8453832414968028,0.5456977445849115,0.7943860477840005,0.9016597560183046
15m,VALIDATION,OB,ATR_1X_PRICE_BAND_CONTROL_V1,FORECAST_REALIZATION,NATIVE_AVAILABILITY,3,1829,35985,N_GE_100,0.5352651722252597,0.5123572052451285,0.5580253089885073,0.4972071696540225,0.038058002571237204,0.0765435514490258,0.0001199188533776927,-0.0003655880934845257,-0.00028734722198737556,0.0005124645953744381,0.5067378738252876,0.31271026240747696,0.4786447652643871,0.5391446886169013,0.6201247478948051,0.36429206720518653,0.5819232662198079,0.6564800976960392,1.062675596661746,0.7663619615320123,1.007832357354046,1.1148130395557252,1.3144302319802728,0.8907113492406397,1.2390502326549553,1.3838332871949548
15m,VALIDATION,OB,ATR_1X_PRICE_BAND_CONTROL_V1,FORECAST_REALIZATION,NATIVE_AVAILABILITY,5,1829,35983,N_GE_100,0.5472936030617824,0.5244059516591068,0.56998300153794,0.4966789872995581,0.05061461576222431,0.10190609439190457,0.00022727566328421944,-0.0005072068312413913,-0.0002562130300674267,0.000744936890576584,0.6413566696892701,0.3873384528938058,0.605829276483002,0.6796052277763235,0.7713326573554549,0.4571518229017983,0.7240253427011992,0.8191571939613247,1.3581133196541197,0.9783116775353742,1.2997862599002905,1.422013146915817,1.6409804809830182,1.074038914077256,1.5466533008326708,1.7346225173242233
15m,VALIDATION,OB,ATR_1X_PRICE_BAND_CONTROL_V1,FORECAST_REALIZATION,NATIVE_AVAILABILITY,10,1829,35978,N_GE_100,0.5456533624931657,0.5227621537099234,0.5683531941739308,0.49972205236533435,0.045931310127831304,0.0919137146548259,5.558660563547477e-05,-0.0007505629221917776,-0.0005921530073173811,0.0007287863297766081,0.914318163594296,0.5682343870470232,0.8649737415790367,0.9625942518914627,1.0261744622086673,0.6239281523603182,0.9625634382184389,1.0866303987885158,1.9611956534186599,1.3619169170975007,1.864601584516852,2.0552941335979718,2.2139368959878687,1.4497718989903168,2.0982374083453483,2.3152258347048282
15m,VALIDATION,OB,CAUSAL_DNO_QUANTILE_80_20_CONTROL_V1,FORECAST_REALIZATION,NATIVE_AVAILABILITY,1,3495,35985,N_GE_100,0.5759656652360515,0.5595066142870301,0.5922579011457348,0.4962067528136724,0.07975891242237915,0.16073725714153864,1.722011233523463e-05,-0.0003685090338120256,-0.00015606850800103708,0.0001690320615052082,0.23383091400013906,0.1570688423058525,0.2229685446177737,0.24528139714617153,0.28891032067505756,0.15306700933520187,0.27422256299453845,0.3046493972363073,0.4970986487343074,0.40504788040726303,0.47905033024989957,0.5126498367964593,0.6212424025353875,0.3802715604375584,0.5934436389900847,0.6498191461721116
15m,VALIDATION,OB,CAUSAL_DNO_QUANTILE_80_20_CONTROL_V1,FORECAST_REALIZATION,NATIVE_AVAILABILITY,3,3495,35983,N_GE_100,0.5545064377682404,0.5379774558977015,0.5709157274919097,0.4972348053247367,0.057271632443503695,0.11518025655122921,4.609711034011361e-05,-0.00040335309178918255,-0.00020239023052916593,0.00029066623307475375,0.41541518065480715,0.2637796396276696,0.39792011585885423,0.433723329670958,0.47462610876500594,0.25657917547933573,0.454176108416282,0.5019106429096281,0.8969104060403885,0.6873762028896467,0.8628459692210374,0.9268814549679234,1.0420001961849832,0.6433145082158698,1.000444591598069,1.0906513923293708
15m,VALIDATION,OB,CAUSAL_DNO_QUANTILE_80_20_CONTROL_V1,FORECAST_REALIZATION,NATIVE_AVAILABILITY,5,3495,35981,N_GE_100,0.551931330472103,0.5353960520700047,0.5683525714744277,0.4967065951474389,0.05522473532466404,0.11118180403517997,0.00015066498661883349,-0.000495285614704577,-0.00015449621724068004,0.00046008759207876864,0.5473084680874202,0.3344705739003295,0.5233429406003169,0.5706288248564415,0.6170563273338072,0.33239727204997593,0.59003572122596,0.6540386370545009,1.1929839395102184,0.8689457273479695,1.151384602104701,1.2340556662438775,1.3537002973333665,0.8444771750997332,1.296714735564957,1.4088321484365285
15m,VALIDATION,OB,CAUSAL_DNO_QUANTILE_80_20_CONTROL_V1,FORECAST_REALIZATION,NATIVE_AVAILABILITY,10,3495,35976,N_GE_100,0.5393419170243204,0.5227822655580362,0.5558151765210794,0.4997498332221481,0.03959208380217233,0.07922380593286338,0.00021582461648626523,-0.0006050009713318705,-0.00018273690838210418,0.0006303979083962167,0.8027873707882482,0.4929636486929245,0.7673621578474196,0.8332430984067964,0.8758754552649073,0.480530872201667,0.8399586326897486,0.9205963023223191,1.7952237024821676,1.2548960058702954,1.728550383158622,1.8631535997535102,1.9737684341185078,1.2150823291646842,1.8928046122292148,2.049325207064963
15m,VALIDATION,OB,PROJECT_DYNAMIC_EXTREMA_V1,FORECAST_REALIZATION,NATIVE_AVAILABILITY,1,2952,35952,N_GE_100,0.5609756097560976,0.5430053021758204,0.5787874217644612,0.4963006230529595,0.0646749867031381,0.13031413562468308,0.00015171382247163885,-0.00032650563653796594,2.3159392174834335e-06,0.0003173986539287329,0.23683511558111833,0.1581611930907421,0.2252388771548658,0.25054481750093005,0.31412836901843905,0.1670362977427301,0.298123141598955,0.3308393354137008,0.5060944803218531,0.4052656805796521,0.48586362145912326,0.5274435094836619,0.6860464745504352,0.41437778139535647,0.6540124720301665,0.7229126294171241
15m,VALIDATION,OB,PROJECT_DYNAMIC_EXTREMA_V1,FORECAST_REALIZATION,NATIVE_AVAILABILITY,3,2952,35950,N_GE_100,0.5538617886178862,0.5358711173780227,0.5717124554358924,0.49732962447844226,0.0565321641394439,0.11367141902863742,0.00015942910430934132,-0.00042228265215854544,-0.00011949116200198378,0.0004244794871990556,0.4171222975308196,0.26246043622808296,0.39935059481045226,0.43906718808895834,0.5016241706252833,0.26984525943487,0.4763226762416025,0.5268235389088577,0.9150937178543711,0.6949995005150728,0.8816391997680283,0.9562384934506314,1.1210643300900212,0.6772822791312194,1.0690090141668884,1.1754036082760602
15m,VALIDATION,OB,PROJECT_DYNAMIC_EXTREMA_V1,FORECAST_REALIZATION,NATIVE_AVAILABILITY,5,2952,35948,N_GE_100,0.551490514905149,0.5334938807415672,0.5693533083635594,0.49688438856125516,0.054606126343893835,0.10989704567295355,0.00034231799073905424,-0.00044599633701158936,-4.1655086325858313e-05,0.0006980572517095013,0.5460656475177728,0.3375049056154198,0.5232007900733284,0.5719527877845555,0.6479374209299062,0.3520770618510487,0.6148307525910766,0.6840848686545129,1.2081747988846294,0.8913131366108882,1.1630670690544198,1.2567014970746515,1.461133208747964,0.8856712681264935,1.394191421458145,1.5240755548396845
15m,VALIDATION,OB,PROJECT_DYNAMIC_EXTREMA_V1,FORECAST_REALIZATION,NATIVE_AVAILABILITY,10,2952,35943,N_GE_100,0.5220189701897019,0.5039823930585791,0.5399983128087448,0.49995826725648945,0.02206070293321244,0.04412508878845056,0.00033644478713935514,-0.00034680844762391416,-0.00015252357004825584,0.0008383030310783225,0.8095026135994505,0.4980585459986008,0.7780574785857803,0.8474001218831358,0.9150137417977077,0.5164355719121901,0.8659747335476513,0.9573402802042037,1.8170178029761765,1.2968274779901605,1.7432491758088562,1.8883038992429606,2.1319268117515873,1.3098932500033722,2.0362651835601,2.2265400394841732
15m,VALIDATION,OS,ATR_1X_PRICE_BAND_CONTROL_V1,FORECAST_REALIZATION,NATIVE_AVAILABILITY,1,1842,35987,N_GE_100,0.5646036916395223,0.5418498540750265,0.5870886203856207,0.5020979798260483,0.06250571181347397,0.12448907250160435,-0.00015850637137166933,0.00040967642038891583,-0.00037814006096728516,9.865433507237448e-05,0.32067384683372496,0.20780981774373894,0.3031259706542458,0.33889136788235114,0.4224350907228546,0.2540081213759163,0.39928102802913923,0.4488031553832432,0.6250068199917556,0.5118861205337364,0.6014050757923679,0.6515566298196044,0.870357561200377,0.5714128803780211,0.8256034005671223,0.9163687004061526
15m,VALIDATION,OS,ATR_1X_PRICE_BAND_CONTROL_V1,FORECAST_REALIZATION,NATIVE_AVAILABILITY,3,1842,35985,N_GE_100,0.5564603691639523,0.5336782643594138,0.5790074612196392,0.5015423092955398,0.05491805986841247,0.10949835906276717,-2.7927529200319385e-05,0.000494191420614909,-0.0004075299516795133,0.0004261764188176044,0.5297516592336098,0.32874824780956613,0.4972550446338671,0.561969035402821,0.6410161140546056,0.37258037628469953,0.6063808786784953,0.6771292222323242,1.0558104573192288,0.8063763508582628,1.0082503726304977,1.1063069179886234,1.3180296168344934,0.8811528336997577,1.2529087029374655,1.3831087782851264
15m,VALIDATION,OS,ATR_1X_PRICE_BAND_CONTROL_V1,FORECAST_REALIZATION,NATIVE_AVAILABILITY,5,1842,35983,N_GE_100,0.5548317046688382,0.5320446861621915,0.5773904896405426,0.5027096128727455,0.05212209179609273,0.10368230577139714,-5.321687366082059e-05,0.0006267889658541081,-0.0005505119250142225,0.00047736337055480474,0.655538837568121,0.4065131547435933,0.6163861128021241,0.6923828601600934,0.791321364908977,0.4698370654683935,0.7484338017187019,0.8389170957383072,1.3237180509173336,0.9870834552118752,1.2655092696158972,1.39028016169194,1.6415186403978794,1.1340224824107719,1.5604790812898999,1.7183655884427835
15m,VALIDATION,OS,ATR_1X_PRICE_BAND_CONTROL_V1,FORECAST_REALIZATION,NATIVE_AVAILABILITY,10,1842,35978,N_GE_100,0.5347448425624322,0.5119173679987555,0.5574276938960464,0.49994441047306687,0.034800432089365285,0.06960860319737505,0.0001023545718583199,0.0006913369496293065,-0.0005041073202371241,0.0007784252809411366,0.9211720854066336,0.5649391728552384,0.866419372919836,0.9678792064923329,1.0606118787891783,0.6440415624231548,1.0011027401465689,1.1228571178704125,1.8664390979578163,1.3504215128476973,1.7850092715564354,1.9596184416396838,2.2409109801935925,1.5447788262725868,2.136930110299221,2.347678242316439
15m,VALIDATION,OS,CAUSAL_DNO_QUANTILE_80_20_CONTROL_V1,FORECAST_REALIZATION,NATIVE_AVAILABILITY,1,3541,35985,N_GE_100,0.5721547585427845,0.5557887504946564,0.5883643761217769,0.5020703070723913,0.07008445147039322,0.13959091084087571,-4.244179795264931e-05,0.00039179323764870766,-0.0001755639399682625,9.675128087117122e-05,0.24893456184043167,0.16633004633480375,0.2395806121859397,0.25854566665127193,0.30766693134168416,0.16183233839472527,0.2942089957102584,0.32234054756503816,0.523771817761217,0.4325883132577443,0.508724499401408,0.538035849204622,0.6768826170474991,0.41589453093659745,0.6449500039081596,0.7050139745140966
15m,VALIDATION,OS,CAUSAL_DNO_QUANTILE_80_20_CONTROL_V1,FORECAST_REALIZATION,NATIVE_AVAILABILITY,3,3541,35983,N_GE_100,0.5732843829426716,0.5569226112960273,0.5894873157371017,0.5015146041186116,0.07176977882406,0.14310605959360245,0.00015781490160443815,0.0005239717055278703,-8.800729043467468e-05,0.000409495914399226,0.4379308192380592,0.28087967537269265,0.4200111118481387,0.45503319181188645,0.5004628826721554,0.27817453312148305,0.47916369949807225,0.5230055959117703,0.9391673883486427,0.7242091310685106,0.9107970086967494,0.9717543960315832,1.1002640268130253,0.7002782419033182,1.0551306833505625,1.1419512720999905
15m,VALIDATION,OS,CAUSAL_DNO_QUANTILE_80_20_CONTROL_V1,FORECAST_REALIZATION,NATIVE_AVAILABILITY,5,3541,35981,N_GE_100,0.5529511437447049,0.5365263031631438,0.5692612163694639,0.5026819710402712,0.05026917270443365,0.10000194079052505,1.736186505848936e-05,0.0005410778774646019,-0.00030045858967457976,0.00036058312659919715,0.5602272129139362,0.35825636802164346,0.5383289881702891,0.584465484147726,0.64345523711307,0.3543876054661682,0.6169750919328229,0.6716036105199917,1.2046014978328725,0.911391648754238,1.1672600163675872,1.2457415246898071,1.4215931189020663,0.9279800050483574,1.3665463146596675,1.474320332760051
15m,VALIDATION,OS,CAUSAL_DNO_QUANTILE_80_20_CONTROL_V1,FORECAST_REALIZATION,NATIVE_AVAILABILITY,10,3539,35976,N_GE_100,0.5445040972025996,0.5280565558024908,0.5608551245842361,0.4999166110740494,0.044587486128550236,0.08918984714821931,-2.6477934179773767e-05,0.0006672298331313886,-0.00043210911368599965,0.00038479168339120755,0.808875967347914,0.5141005530302173,0.7762640546307678,0.8404268724256363,0.910758154865472,0.5310799660009521,0.8741700456498328,0.953327931756517,1.774778703782695,1.2566367381913979,1.71772875678417,1.8394246678561934,2.0309045279162077,1.333948452038068,1.9565431134743652,2.10444712816653
15m,VALIDATION,OS,PROJECT_DYNAMIC_EXTREMA_V1,FORECAST_REALIZATION,NATIVE_AVAILABILITY,1,2823,35952,N_GE_100,0.5614594403117251,0.5430833817583192,0.5796684554864702,0.5019748553627058,0.059484584949019315,0.11850112473470054,-0.00010262062979335366,0.00035543453377817613,-0.00027811003105715856,6.737684272688544e-05,0.25533685869301037,0.16891799550646128,0.24440916250503225,0.26602033966373123,0.32866971286242397,0.17385757437414232,0.3143220755234451,0.34367816202825413,0.5359247285071166,0.4395375278808557,0.5175945873148554,0.5543582813119862,0.722397581475628,0.4529400696189556,0.688857727233406,0.7574030745543493
15m,VALIDATION,OS,PROJECT_DYNAMIC_EXTREMA_V1,FORECAST_REALIZATION,NATIVE_AVAILABILITY,3,2823,35950,N_GE_100,0.5681898689337584,0.5498370615865402,0.5863573399674769,0.5014186369958276,0.06677123193793089,0.1331646393081447,7.207553505952834e-05,0.0005172437895797355,-0.00017154379847525151,0.0003279852188467128,0.446253829964488,0.27682761912336856,0.4260306745651082,0.46763056934992997,0.5296853419543026,0.2988176373399492,0.5040470697668284,0.5545095663470656,0.9536104757677696,0.7298328431799961,0.9168257960290787,0.9897151902824917,1.1653016972883605,0.7290477777434987,1.117487653720218,1.2198683472099392
15m,VALIDATION,OS,PROJECT_DYNAMIC_EXTREMA_V1,FORECAST_REALIZATION,NATIVE_AVAILABILITY,5,2823,35948,N_GE_100,0.5501239815798795,0.5317164679566364,0.5683952609778746,0.5025036163347056,0.04762036524517388,0.09476621400761243,-0.00012151445435395863,0.00047962908683940597,-0.0004579847826701307,0.00020187942447343838,0.5687070023530142,0.36255479023168213,0.5419793421261767,0.5955699559206589,0.6801231591480518,0.3805835983958019,0.6479763151184326,0.71167771118612,1.2223280450486689,0.9214412684247753,1.176706041462373,1.2604497939136623,1.5131813131262741,0.987035068366876,1.4483070462385002,1.577372689758646
15m,VALIDATION,OS,PROJECT_DYNAMIC_EXTREMA_V1,FORECAST_REALIZATION,NATIVE_AVAILABILITY,10,2823,35943,N_GE_100,0.5363088912504428,0.5178760238244264,0.5546430731069332,0.4997078707954261,0.036601020455016675,0.07324483482070399,-0.00024575195932373856,0.0005778333623569498,-0.0007454538187129118,0.00021438545549821734,0.8203374775523024,0.5180776880684835,0.7855297702760865,0.8598818376579047,0.9578442428458995,0.549590351636041,0.916952276054302,1.0009712614523352,1.7852393651834697,1.2738173447298056,1.7231648942180973,1.853616307109666,2.144229703084947,1.4423852388907488,2.063028612704045,2.2333957824019257
1D,DISCOVERY,OB,ATR_1X_PRICE_BAND_CONTROL_V1,FORECAST_REALIZATION,NATIVE_AVAILABILITY,1,90,1124,N_30_99,0.4888888888888889,0.3882031497910542,0.5904843406183163,0.46441281138790036,0.024476077500988513,0.052703277990634234,0.003811252643670895,0.0010650226930010165,-0.006730526902141101,0.016195596868119957,4.3010824156640695,3.4676613325327112,3.561873067078716,5.163749829538003,4.266063837845874,2.8284821907757918,3.3845416303847258,5.204173597167213,0.7149565780390578,0.5471632902374676,0.5984568908528504,0.8369494494440121,0.7622297591693394,0.46008130034940176,0.5862627695996516,0.9406775570009133
1D,DISCOVERY,OB,ATR_1X_PRICE_BAND_CONTROL_V1,FORECAST_REALIZATION,NATIVE_AVAILABILITY,3,90,1122,N_30_99,0.43333333333333335,0.33576405263265097,0.5363608898235731,0.45276292335115864,-0.019429590017825293,-0.04291338582677162,0.017089833556527927,0.007676780506301939,-0.0016932198033772503,0.03859894275573632,6.517624564572134,5.325678497822935,5.3793209500038754,7.7902428536414305,7.617842051785268,5.31723974764996,6.015864463789111,9.175687859420878,1.0562112732311166,0.8838203960557819,0.8902082124793128,1.2288190695580354,1.3781623655769268,0.8530467086303732,1.0797829125701128,1.693777051312721
1D,DISCOVERY,OB,ATR_1X_PRICE_BAND_CONTROL_V1,FORECAST_REALIZATION,NATIVE_AVAILABILITY,5,90,1120,N_30_99,0.5222222222222223,0.4202438257848399,0.6223811933964188,0.4455357142857143,0.07668650793650794,0.17212202182142056,0.010559761347118208,-0.005004275839871675,-0.014615674103420209,0.0375637193163453,9.062389904787397,7.402156826150129,7.4648925109959565,10.940485953135276,9.967975243877104,7.38556256458185,7.9010450305379,11.991620131825245,1.4881904861260495,1.2313467063685317,1.223907414305613,1.795835697008372,1.8286743428990497,1.2290889657263326,1.3927168473482459,2.2449963069098504
1D,DISCOVERY,OB,ATR_1X_PRICE_BAND_CONTROL_V1,FORECAST_REALIZATION,NATIVE_AVAILABILITY,10,90,1115,N_30_99,0.4111111111111111,0.3151304105521081,0.5143695127228572,0.4260089686098655,-0.014897857498754385,-0.03497076023391821,0.04858932849926287,0.0110616442207917,0.0119993939310372,0.08763976434312756,11.129257985452618,9.527781145412193,9.404776762332359,13.240478891515837,15.205849109808554,9.293043956409964,12.076167902311784,18.712334467519103,1.8566956186525156,1.4231065745833278,1.556246405474685,2.2051753910085576,2.7729177660340816,1.5610267514686562,2.107723336045155,3.4544627883404426
1D,DISCOVERY,OB,CAUSAL_DNO_QUANTILE_80_20_CONTROL_V1,FORECAST_REALIZATION,NATIVE_AVAILABILITY,1,117,1124,N_GE_100,0.49572649572649574,0.40671622435748067,0.5850084797179371,0.46441281138790036,0.03131368433859538,0.06742640075973405,0.0049458710046262335,4.113025953200733e-05,-0.004349951780693689,0.013937697977591368,3.5515269652889234,2.9116979823155313,3.0560558271557707,4.066904796920871,3.7626570292665544,2.587779928117228,3.065298210778163,4.620836197395,0.5258498409813197,0.45211802272301077,0.4508666703038492,0.5999698843145053,0.6040053883304021,0.39269538488510053,0.49229371170890723,0.738247858490715
1D,DISCOVERY,OB,CAUSAL_DNO_QUANTILE_80_20_CONTROL_V1,FORECAST_REALIZATION,NATIVE_AVAILABILITY,3,117,1122,N_GE_100,0.42735042735042733,0.3414265447745581,0.5178934245075434,0.45276292335115864,-0.02541249600073131,-0.05612759943468604,0.019120801737730096,0.014780443281400713,0.003548231862402614,0.034760455921036215,5.4723486115213165,4.310367131510173,4.740212183494033,6.2588315124415255,7.017212957965585,5.38050883558768,5.948376726575747,8.32221225926307,0.8000403424784968,0.6812275034744675,0.6845078138773109,0.9117720210752169,1.1682826299171458,0.7647769270969074,0.9548563939216266,1.4062472993069128
1D,DISCOVERY,OB,CAUSAL_DNO_QUANTILE_80_20_CONTROL_V1,FORECAST_REALIZATION,NATIVE_AVAILABILITY,5,117,1120,N_GE_100,0.39316239316239315,0.3094022423100855,0.48371535957535794,0.4455357142857143,-0.05237332112332116,-0.11755134200023987,0.028891971858233494,0.02160246885358319,0.009754687115874744,0.048721434518465785,6.989268467019386,5.582397934427494,5.972438916910668,7.964022482997096,9.335086231908491,7.574183674601027,7.969435596942514,10.865598098188299,1.0268552723310183,0.8925077644655842,0.878624166195633,1.1962211421437314,1.564539308871166,0.9966308997212948,1.27006485258655,1.8808775911451638
1D,DISCOVERY,OB,CAUSAL_DNO_QUANTILE_80_20_CONTROL_V1,FORECAST_REALIZATION,NATIVE_AVAILABILITY,10,117,1115,N_GE_100,0.4017094017094017,0.3173685049510957,0.49229968878351227,0.4260089686098655,-0.024299566900463754,-0.05704003598740437,0.03966042814693207,0.035913837617047584,0.008593830772150195,0.07044944168429758,9.96832381533956,6.780952556885091,8.448439864481,11.694703293264386,14.442222622112334,11.447590206553718,12.160963566334365,16.881254487076504,1.526007855301716,1.1095353121304123,1.2622624896896635,1.8210873418042026,2.404677258019869,1.6750272717557784,1.978154413428635,2.9118519291998126
1D,DISCOVERY,OB,PROJECT_DYNAMIC_EXTREMA_V1,FORECAST_REALIZATION,NATIVE_AVAILABILITY,1,122,1124,N_GE_100,0.5081967213114754,0.42059761056042066,0.5952953850785413,0.46441281138790036,0.04378390992357506,0.09427799761321531,0.0020071059794518776,-0.0013460348769684938,-0.005823119089704362,0.011770579964740348,3.696606581479419,2.980046497203773,3.1949011554013107,4.239358023454732,3.6721938361105497,2.339308334203109,3.00417499558217,4.5160651510483465,0.5787700444099475,0.4684123414105393,0.4961722075651818,0.6760169229533424,0.602850620671158,0.38709865274773214,0.48056607261106116,0.7376947877674239
1D,DISCOVERY,OB,PROJECT_DYNAMIC_EXTREMA_V1,FORECAST_REALIZATION,NATIVE_AVAILABILITY,3,122,1122,N_GE_100,0.5081967213114754,0.42059761056042066,0.5952953850785413,0.45276292335115864,0.05543379796031678,0.12243449077062096,0.011272778388761898,-8.518128655649049e-05,-0.0027295647034507623,0.02807971749550187,6.021392254842552,4.776022157775872,5.138501301679747,6.832040475860612,6.755175690628034,4.924944839026409,5.71263999464015,8.045944901385244,0.9175725964596724,0.7929836109599105,0.7999657028546491,1.048422942745894,1.1299693657446033,0.7519125462997522,0.9439962966921954,1.3466882365124586
1D,DISCOVERY,OB,PROJECT_DYNAMIC_EXTREMA_V1,FORECAST_REALIZATION,NATIVE_AVAILABILITY,5,122,1120,N_GE_100,0.47540983606557374,0.3889027223505297,0.5634182907325843,0.4455357142857143,0.02987412177985943,0.0670521370610071,0.014787815472511743,0.005213745250622681,-0.003820255089701666,0.033349785457428074,7.961642064085139,6.279837125847866,6.8345753348923655,9.120969803550656,8.677677522854346,5.667840446015334,7.347601377418769,10.320712191516384,1.2220346697106061,1.1047547338752077,1.0470184645175453,1.3919067436577126,1.4697344405072335,0.9500583878479174,1.2165050404457074,1.743575999060017
1D,DISCOVERY,OB,PROJECT_DYNAMIC_EXTREMA_V1,FORECAST_REALIZATION,NATIVE_AVAILABILITY,10,122,1115,N_GE_100,0.4180327868852459,0.33432031040117327,0.5067497332092068,0.4260089686098655,-0.007976181724619558,-0.018723037100949025,0.03383086843533676,0.026429106300306038,0.003990945097538265,0.06980979456344316,11.135595925906427,7.217024091103964,9.320455043751922,13.025994338609198,14.057824409804347,10.088947500967526,11.897217624330581,16.510126714200773,1.7487292582918748,1.2313467063685317,1.4752419551158327,2.0334290504236683,2.3745588990630586,1.6865601613230092,1.9731940139472655,2.7747277965605375
1D,DISCOVERY,OS,ATR_1X_PRICE_BAND_CONTROL_V1,FORECAST_REALIZATION,NATIVE_AVAILABILITY,1,58,1124,N_30_99,0.5689655172413793,0.44117876705727427,0.6881839919916508,0.5355871886120996,0.0333783286292797,0.062320998968954155,0.003862624392523686,0.010262872218789187,-0.01098835461639114,0.021336850203322724,4.853871716347828,3.592254259378194,3.729018223297975,6.0568661446385645,6.437391554544509,5.19444660084906,5.0861659847999725,7.774836636210078,0.5443660007026074,0.5001478681700162,0.4518316019524092,0.6421632987259296,0.8102768606657227,0.6791333870382663,0.6532416976856417,0.9906977271321632
1D,DISCOVERY,OS,ATR_1X_PRICE_BAND_CONTROL_V1,FORECAST_REALIZATION,NATIVE_AVAILABILITY,3,58,1122,N_30_99,0.5517241379310345,0.4245185822161052,0.6725034870705885,0.5472370766488414,0.004487061282193117,0.008199483320229017,0.0015845185161665963,0.006518783525753524,-0.0189292398532868,0.022540165954703366,6.860878670927384,5.666325680008523,5.477661997464198,8.341916642914125,8.858305466757601,7.4016803004821,7.230749233816031,10.58679845619141,0.8014960647186661,0.6797020260756769,0.6668911806170913,0.932519951899145,1.131784218422214,0.8815624844389731,0.9334634425789445,1.3565481962339023
1D,DISCOVERY,OS,ATR_1X_PRICE_BAND_CONTROL_V1,FORECAST_REALIZATION,NATIVE_AVAILABILITY,5,58,1120,N_30_99,0.5344827586206896,0.40799953310272974,0.6566818464217328,0.5535714285714286,-0.01908866995073899,-0.034482758620689835,-0.0006519705871950931,0.009839165646179815,-0.026706049736720628,0.028827653705346203,8.581195225160085,6.498502108815016,6.743190008544472,10.374210516369228,11.671630561876812,8.273965658920456,9.342086424987881,14.410150126474008,1.0257840848644733,0.8963599229403336,0.8410931117207354,1.2327890773879313,1.4646584712260544,0.9727161492921274,1.1744905863279118,1.776662240605728
1D,DISCOVERY,OS,ATR_1X_PRICE_BAND_CONTROL_V1,FORECAST_REALIZATION,NATIVE_AVAILABILITY,10,58,1115,N_30_99,0.5,0.3753805824767928,0.6246194175232072,0.5739910313901345,-0.07399103139013452,-0.12890625,-0.008708805337651625,-0.002397905767442421,-0.03962395126553946,0.025463540205279304,10.986867250315841,8.324806684095728,8.728917368890327,13.374624309897143,13.620187315092233,9.653179728770176,10.91121080366043,16.969487780544338,1.31813565991336,1.1372541750215843,1.03166509348335,1.6099344841806305,1.7444230755481074,1.268948716900864,1.383555743394751,2.1443650052175367
1D,DISCOVERY,OS,CAUSAL_DNO_QUANTILE_80_20_CONTROL_V1,FORECAST_REALIZATION,NATIVE_AVAILABILITY,1,98,1124,N_30_99,0.5714285714285714,0.4725825662207811,0.6648858160512964,0.5355871886120996,0.035841382816471756,0.06691979117228275,0.0017972369398987157,0.005730389739891262,-0.0072539799926611415,0.010820508832077276,3.3421723822328735,3.0278958372667706,2.8559440519370387,3.8717783043973446,4.336478410291081,3.453695905018236,3.5994812755329533,5.0710106541679,0.4231640496521692,0.39626435998487075,0.3638763172645207,0.4920310669684527,0.5800804712399877,0.41802469133987846,0.4613034442878033,0.7059733367977109
1D,DISCOVERY,OS,CAUSAL_DNO_QUANTILE_80_20_CONTROL_V1,FORECAST_REALIZATION,NATIVE_AVAILABILITY,3,98,1122,N_30_99,0.6632653061224489,0.5651133741942346,0.7491000709990853,0.5472370766488414,0.11602822947360758,0.21202552682310705,0.02413310488684725,0.02450777206335053,0.006360641259679197,0.04250629573064166,6.785361792768973,5.1856427419649505,5.776410143305608,8.011314745982325,6.025409410468815,4.747451675156851,5.13498999052435,7.072821044060055,0.8592305338856159,0.6671696016132669,0.7211947410647342,1.0077724283286624,0.809863638298359,0.5676123669132895,0.6556065660386121,0.9647315371983947
1D,DISCOVERY,OS,CAUSAL_DNO_QUANTILE_80_20_CONTROL_V1,FORECAST_REALIZATION,NATIVE_AVAILABILITY,5,98,1120,N_30_99,0.6326530612244898,0.5338857137383178,0.7214127104812545,0.5535714285714286,0.07908163265306123,0.1428571428571428,0.023764783068601532,0.028183848946692902,0.00042743755076902866,0.047562304232743456,9.113930581879268,7.0851175289880075,7.790942144445645,10.565993837790135,8.29767481411408,5.4608492486926234,6.552003170529388,10.179595907420559,1.1607597309603517,0.928203716422543,0.9720969218448889,1.3445904229939496,1.109307607470033,0.6841072540354747,0.8935235634106641,1.3564956113320905
1D,DISCOVERY,OS,CAUSAL_DNO_QUANTILE_80_20_CONTROL_V1,FORECAST_REALIZATION,NATIVE_AVAILABILITY,10,98,1115,N_30_99,0.673469387755102,0.5756129567648199,0.7582388287530822,0.5739910313901345,0.09947835636496749,0.17330994897959173,0.0473834826517168,0.04147576270536124,0.020037467817363142,0.07730998935640818,13.958996384642518,9.782023238084363,12.038214676111167,16.268661294027236,9.898768569468748,6.611728563020401,8.05412561533822,11.96672284706614,1.856723708870386,1.3843486499110278,1.5076798000539624,2.2112817693704065,1.3177760375900525,0.8517446867424994,1.0750772379382343,1.594931645717148
1D,DISCOVERY,OS,PROJECT_DYNAMIC_EXTREMA_V1,FORECAST_REALIZATION,NATIVE_AVAILABILITY,1,82,1124,N_30_99,0.6219512195121951,0.5137693688945206,0.7192179006810697,0.5355871886120996,0.08636403090009548,0.16125111417227123,0.005277970413508437,0.010845454398446086,-0.0048003794130806856,0.013948751622051921,3.553744696387885,3.5288567546335186,2.9623701501008317,4.059696607912127,4.25154414288756,3.1259189075864615,3.3586900710184966,5.365719363882193,0.4640001419228507,0.4728137207896317,0.4020613703407923,0.5217311369034309,0.5917075101047434,0.38030723283752377,0.46302408867576883,0.7607852850983505
1D,DISCOVERY,OS,PROJECT_DYNAMIC_EXTREMA_V1,FORECAST_REALIZATION,NATIVE_AVAILABILITY,3,82,1122,N_30_99,0.6585365853658537,0.5508753748631217,0.7520080755851459,0.5472370766488414,0.11129950871701233,0.2033844442678956,0.02209138166414692,0.024180842161207083,0.003232227007474517,0.04067050626185653,6.998798215743882,5.582533729783219,5.703902230961725,8.267906305629662,6.060159729461712,4.43793962516439,4.824032288772208,7.259503207230067,0.9078860277336983,0.8337280770116464,0.7774356094270056,1.0491896518837565,0.846558262242646,0.613135778953249,0.6827881772911896,1.0494494905027274
1D,DISCOVERY,OS,PROJECT_DYNAMIC_EXTREMA_V1,FORECAST_REALIZATION,NATIVE_AVAILABILITY,5,82,1120,N_30_99,0.6707317073170732,0.5633818520351263,0.7628003253707004,0.5535714285714286,0.11716027874564461,0.21164437450826123,0.023131011847254686,0.02702785201215263,-0.002888985073311974,0.048278470367083944,9.37085755211908,7.158161642931121,7.803449918062526,11.01741229769908,8.272982370937495,5.054629691859638,6.291611684291581,10.518943099576216,1.2314203293360688,1.0439136318704927,1.0562361021848257,1.411549411432375,1.147269415949939,0.7303617671768208,0.8610965573489694,1.4392137612993998
1D,DISCOVERY,OS,PROJECT_DYNAMIC_EXTREMA_V1,FORECAST_REALIZATION,NATIVE_AVAILABILITY,10,82,1115,N_30_99,0.6707317073170732,0.5633818520351263,0.7628003253707004,0.5739910313901345,0.09674067592693869,0.16854039634146356,0.041234236364656666,0.04147576270536124,0.004700474668521413,0.07404048057555539,14.626382064914088,10.498771990644341,12.37098797879131,16.919020969964105,10.453271041598628,6.389511655849015,8.305356445058866,12.85055738577819,2.073135160624899,1.4382299255001514,1.662556722939573,2.425345772255395,1.4747652938462188,0.8887148752844982,1.124510406486038,1.8258490603922255
1D,VALIDATION,OB,ATR_1X_PRICE_BAND_CONTROL_V1,FORECAST_REALIZATION,NATIVE_AVAILABILITY,1,25,374,N_LT_30,0.68,0.4840991373457672,0.8279501248310885,0.516042780748663,0.163957219251337,0.3177202072538863,-0.002662260085708672,-0.010822116027675355,-0.013878087178532995,0.010186217626515904,2.7760771872531302,2.4481250869088313,2.0892405466994948,3.65946807366126,2.8931899223961364,1.3491165991804408,1.9375089817205777,3.8787632276434936,0.570678590979533,0.49527233160548967,0.4102882127642822,0.7419045878917666,0.5987402039504715,0.328919244307208,0.38873876167182403,0.8215935179874304
1D,VALIDATION,OB,ATR_1X_PRICE_BAND_CONTROL_V1,FORECAST_REALIZATION,NATIVE_AVAILABILITY,3,25,372,N_LT_30,0.44,0.2666537494700257,0.6293298298043557,0.47043010752688175,-0.030430107526881744,-0.06468571428571435,0.011842712264430273,0.005704511098734821,-0.006798144028097198,0.03153412314966584,3.669611707538619,3.3672213260888038,2.8487685975543826,4.724936943053632,5.148481578896026,3.813149235434538,3.4056329597498034,7.160934602357568,0.7672064527412004,0.7022758925725217,0.5737582794374555,0.9731831401288339,1.0819283621829767,0.6171946352471278,0.7010869780791368,1.6361358763879887
1D,VALIDATION,OB,ATR_1X_PRICE_BAND_CONTROL_V1,FORECAST_REALIZATION,NATIVE_AVAILABILITY,5,25,370,N_LT_30,0.44,0.2666537494700257,0.6293298298043557,0.4702702702702703,-0.030270270270270294,-0.06436781609195408,0.0037248130953451987,0.003647377239335059,-0.03419511873247422,0.03612755187705015,5.693842536543111,4.423591744119115,3.6918191616465754,8.778403569143373,6.228711301249088,4.364848454182057,4.39890499216942,8.25393010300951,1.2307217534738586,0.814556152576007,0.7256122925529954,1.7542828227225782,1.3256624456278552,1.0073389870764322,0.8923710593403097,1.879268739737238
1D,VALIDATION,OB,ATR_1X_PRICE_BAND_CONTROL_V1,FORECAST_REALIZATION,NATIVE_AVAILABILITY,10,25,365,N_LT_30,0.48,0.30031003928960015,0.6650178204685269,0.4438356164383562,0.03616438356164381,0.08148148148148149,8.939244920203482e-05,0.0034717155503671826,-0.040682314052142066,0.039693596182690846,8.166211613985086,5.905937611050171,5.592210663271202,11.226642204370322,8.572352277242354,7.272843368878111,5.641351793092951,11.778793657637742,1.7466562250145834,1.2293648914373347,1.1836181806976884,2.379440523416205,1.9061237562633437,1.1677740650035355,1.1736280399550558,3.0421391934404527
1D,VALIDATION,OB,CAUSAL_DNO_QUANTILE_80_20_CONTROL_V1,FORECAST_REALIZATION,NATIVE_AVAILABILITY,1,28,374,N_LT_30,0.6428571428571429,0.4582997758222723,0.7929438802754113,0.516042780748663,0.12681436210847985,0.2457438934122873,0.00026264796748038625,-0.009876967526722069,-0.01090719402667787,0.012260287064280596,2.290035312735191,2.0846953899072074,1.6716387243438293,2.994327334216961,2.853772005208142,1.769103986077226,1.9425743264233497,3.829497853290806,0.45583613676797446,0.352566380533581,0.3318433374553192,0.6102215901774263,0.5744112613472315,0.3247862477802812,0.37481489995812356,0.7814804786082972
1D,VALIDATION,OB,CAUSAL_DNO_QUANTILE_80_20_CONTROL_V1,FORECAST_REALIZATION,NATIVE_AVAILABILITY,3,28,372,N_LT_30,0.42857142857142855,0.2650829618073123,0.6092952101438459,0.47043010752688175,-0.0418586789554532,-0.08897959183673476,0.010862315719237906,0.007368678907031634,-0.007576995399506917,0.02911544670848427,3.4929288714042492,3.3772277340002073,2.5615945725286315,4.612328109674114,5.21493303144719,4.090827002043971,3.818147118319032,6.885081839530988,0.7156416422691013,0.640564708421268,0.5013024470875063,0.971004838721702,1.0631536158686534,0.654511083452417,0.7423298725501808,1.402545316877893
1D,VALIDATION,OB,CAUSAL_DNO_QUANTILE_80_20_CONTROL_V1,FORECAST_REALIZATION,NATIVE_AVAILABILITY,5,28,370,N_LT_30,0.4642857142857143,0.29531303739659587,0.6418760485789833,0.4702702702702703,-0.005984555984555995,-0.01272577996715929,0.019935785379039613,0.008858650032405047,-0.018761544296041033,0.05457119009415353,5.330600321442453,4.1930614559937895,3.55451651133529,8.110290097206889,7.706892167293313,5.46296537828324,5.475255594670224,10.700433363077954,1.0625288887979274,0.744075210485355,0.6322446868987642,1.59560171571344,1.6369390383283338,1.030490889589865,1.0346246939680452,2.2841577397519908
1D,VALIDATION,OB,CAUSAL_DNO_QUANTILE_80_20_CONTROL_V1,FORECAST_REALIZATION,NATIVE_AVAILABILITY,10,28,365,N_LT_30,0.4642857142857143,0.29531303739659587,0.6418760485789833,0.4438356164383562,0.02045009784735813,0.046075837742504344,0.022289541416029186,0.009111270417880402,-0.02738240381773196,0.06721308518752023,8.09129968928544,6.148007751134472,5.476292147303685,11.150226737484926,10.42139895054197,7.539175857552046,7.152337109208129,13.935189890194827,1.5709095121817935,1.167633655846775,1.0564945030703496,2.194304327074888,2.4306501611651234,1.148875175119534,1.36665564560106,3.632198136470039
1D,VALIDATION,OB,PROJECT_DYNAMIC_EXTREMA_V1,FORECAST_REALIZATION,NATIVE_AVAILABILITY,1,25,374,N_LT_30,0.56,0.37067017019564436,0.7333462505299744,0.516042780748663,0.043957219251337,0.08518134715025938,0.00840743703869359,-0.0016468350613503269,-0.004681239045130022,0.021033522700629616,1.9476704536951974,1.8332425182328784,1.3192328841885905,2.6047240807055463,3.5271505969037786,2.591794419682944,2.4037126864453002,4.90265029859711,0.38593229982019395,0.3308527374704567,0.2704831968995527,0.5284140823771528,0.6819105533074361,0.5382028024976481,0.464468215316299,0.9021429267325608
1D,VALIDATION,OB,PROJECT_DYNAMIC_EXTREMA_V1,FORECAST_REALIZATION,NATIVE_AVAILABILITY,3,25,372,N_LT_30,0.44,0.2666537494700257,0.6293298298043557,0.47043010752688175,-0.030430107526881744,-0.06468571428571435,0.020134394089890737,0.005704511098734821,-0.006979421972488588,0.050909376436006674,3.171047359210462,2.934320480867906,2.1360550481135925,4.336716193757784,6.228865612426258,4.118773388894384,4.268319345781029,8.66282543847961,0.6477274573465097,0.5551776077481261,0.4145880161853365,0.9385467414521227,1.3011331615503214,0.6664339295431814,0.8808572528940947,1.797445433034831
1D,VALIDATION,OB,PROJECT_DYNAMIC_EXTREMA_V1,FORECAST_REALIZATION,NATIVE_AVAILABILITY,5,25,370,N_LT_30,0.56,0.37067017019564436,0.7333462505299744,0.4702702702702703,0.08972972972972976,0.19080459770114944,0.015626620133160418,-0.01747085383112079,-0.018888399208913383,0.05018188612257973,5.058339220712649,3.9625311678684647,3.4836696803907263,6.729208029274213,7.725981305449438,4.488089990367506,5.32382872717227,10.555283984476832,0.9335176631583881,0.830750235713451,0.6474862502797212,1.2608778596878043,1.764663461468169,0.8382509771094878,1.1268921115273896,2.472780505137386
1D,VALIDATION,OB,PROJECT_DYNAMIC_EXTREMA_V1,FORECAST_REALIZATION,NATIVE_AVAILABILITY,10,25,365,N_LT_30,0.56,0.37067017019564436,0.7333462505299744,0.4438356164383562,0.11616438356164388,0.2617283950617284,0.018723598444860406,-0.021715618868099584,-0.026143886123060792,0.06770478069426512,8.619796291281435,7.0206338213168475,6.280733273852674,11.392917789741048,10.965409978473733,4.488089990367506,7.171635383709077,14.993238015491793,1.5623030006227,1.57915729877029,1.1044231181512936,1.9971290564140964,2.637630514387364,0.913867286174998,1.5543158184255665,3.87111882430186
1D,VALIDATION,OS,ATR_1X_PRICE_BAND_CONTROL_V1,FORECAST_REALIZATION,NATIVE_AVAILABILITY,1,24,374,N_LT_30,0.5416666666666666,0.35074553553106635,0.7210894164831857,0.4839572192513369,0.05770944741532974,0.11924493554327809,-0.0004325267927300878,0.0027428722488923585,-0.023935718066925776,0.02242519537604812,3.103942293056915,1.9697151320634798,1.7053193648845877,5.0943970333093604,3.9546944149630776,2.0338968098866763,2.3695480040245456,5.633639764991982,0.4847375229270952,0.40801473728680904,0.30285526570621185,0.7110254085284142,0.5680756537879426,0.44568666435315685,0.37561624984044545,0.831839949264206
1D,VALIDATION,OS,ATR_1X_PRICE_BAND_CONTROL_V1,FORECAST_REALIZATION,NATIVE_AVAILABILITY,3,24,372,N_LT_30,0.4583333333333333,0.27891058351681425,0.6492544644689338,0.5295698924731183,-0.07123655913978494,-0.13451776649746194,-0.012485873291114174,-0.0030269978484676607,-0.05539824376851089,0.02422070651304998,5.4784535979510345,3.211408849485164,3.1829502404210723,8.010152135301501,7.974098808584389,5.049806727653638,5.044691645001597,11.472178047762913,0.8686170877862254,0.5044996893104273,0.5827834861658183,1.192998364698887,1.0895438791080188,0.7392545297812689,0.7234545568527186,1.5292275574253766
1D,VALIDATION,OS,ATR_1X_PRICE_BAND_CONTROL_V1,FORECAST_REALIZATION,NATIVE_AVAILABILITY,5,24,370,N_LT_30,0.5,0.31427131627763083,0.6857286837223692,0.5297297297297298,-0.02972972972972976,-0.056122448979591844,-0.018986469637231777,0.0006318919460652217,-0.06971838794231823,0.026441439136444235,6.7836995121416805,5.211161664423963,4.1595126220287275,9.515971750213051,10.045421167640091,5.791017223058025,6.257008732706919,14.073054559652517,1.1055806488343591,0.7234743990588468,0.7413928396612895,1.5910400579001616,1.4402614200219102,1.0918342143762603,0.971260382523112,1.9702164798643709
1D,VALIDATION,OS,ATR_1X_PRICE_BAND_CONTROL_V1,FORECAST_REALIZATION,NATIVE_AVAILABILITY,10,22,365,N_LT_30,0.45454545454545453,0.26920014432004846,0.6534052671095845,0.5561643835616439,-0.10161892901618935,-0.18271383788625173,-0.012271488587221525,-0.011537835622437986,-0.06528224289213568,0.03755019908212516,8.736963171477008,6.184868687744519,5.627730019879855,11.961394652298322,12.988230038742115,8.41224793741029,8.332344961925443,17.880639961875858,1.4082974062587903,1.1537055059808858,0.929791203485352,2.012583807918021,1.8825604722509859,1.3764095089187947,1.2523626886998185,2.4996721753340525
1D,VALIDATION,OS,CAUSAL_DNO_QUANTILE_80_20_CONTROL_V1,FORECAST_REALIZATION,NATIVE_AVAILABILITY,1,34,374,N_30_99,0.5588235294117647,0.3945361778918369,0.7111675978470325,0.4839572192513369,0.07486631016042783,0.15469613259668513,-0.00017161941000318366,0.004640493917910771,-0.018770903093272468,0.016919257868204578,2.959142606454474,2.085349961354758,1.987663425221944,4.040567339238963,3.4486792836892164,2.680395315003489,2.2563355264462124,4.652379684290611,0.4809465052847279,0.4278492083292356,0.3650460711030482,0.6234708092525671,0.5472249696032598,0.3924653421621455,0.3755330042160903,0.7517290039559001
1D,VALIDATION,OS,CAUSAL_DNO_QUANTILE_80_20_CONTROL_V1,FORECAST_REALIZATION,NATIVE_AVAILABILITY,3,34,372,N_30_99,0.5294117647058824,0.3673644042005483,0.6854874836688863,0.5295698924731183,-0.00015812776723589383,-0.00029859659599873467,-0.008204929119266506,0.001792447913192996,-0.03696254834204911,0.016746653372682992,4.582876044305373,3.211408849485164,3.294961275881051,5.937993683054031,6.678441158585625,5.009024594018919,4.267727682747682,9.111138975307401,0.7685355320148157,0.5523362569007986,0.5761818130608696,0.9602850577296193,1.0327758066078798,0.737719841824502,0.7310965647621286,1.3545660290047605
1D,VALIDATION,OS,CAUSAL_DNO_QUANTILE_80_20_CONTROL_V1,FORECAST_REALIZATION,NATIVE_AVAILABILITY,5,34,370,N_30_99,0.5294117647058824,0.3673644042005483,0.6854874836688863,0.5297297297297298,-0.00031796502384739966,-0.0006002400960384291,-0.003405292648325871,0.011686718092587811,-0.037131537908378545,0.029224509026484255,6.055001075887468,5.211161664423963,4.470741656643269,7.936969946110311,7.7772064149228095,5.55349875764243,5.007906586237099,10.9784504194876,1.063675427318695,0.7715508363060257,0.7706028796590101,1.3968923170966097,1.243368236420399,0.9947163705303008,0.909187792161895,1.6220667114813114
1D,VALIDATION,OS,CAUSAL_DNO_QUANTILE_80_20_CONTROL_V1,FORECAST_REALIZATION,NATIVE_AVAILABILITY,10,32,365,N_30_99,0.5,0.33630614316859386,0.6636938568314061,0.5561643835616439,-0.05616438356164388,-0.10098522167487689,-0.00023962836855024108,-0.005648377465295784,-0.03844542034822154,0.04313671161564457,8.422872593841603,6.298514479884411,5.729536753966304,11.136986807279879,10.131100518929756,5.9683493276374655,6.782924499390372,13.975593881845265,1.4366309654618385,1.040829889964988,1.0380860183373999,1.9230829661743025,1.6256410854349652,1.1814082081336523,1.1762464390491973,2.166434668928707
1D,VALIDATION,OS,PROJECT_DYNAMIC_EXTREMA_V1,FORECAST_REALIZATION,NATIVE_AVAILABILITY,1,29,374,N_LT_30,0.5172413793103449,0.3443073797056916,0.6861418066920478,0.4839572192513369,0.03328416005900797,0.06877500476281195,-0.010158022843950449,0.0007022431816754438,-0.032520273169606914,0.006173112752995589,2.5048261028924306,1.5910443036247353,1.786239483987445,3.2817260915746522,3.949101126340534,2.9205122184694785,2.3287018599115554,5.7855267620456345,0.42269167953640696,0.36717528305642916,0.30730882476712734,0.565087609040164,0.6064443163280929,0.4931963701604385,0.3897008230297361,0.8555768147349403
1D,VALIDATION,OS,PROJECT_DYNAMIC_EXTREMA_V1,FORECAST_REALIZATION,NATIVE_AVAILABILITY,3,29,372,N_LT_30,0.4827586206896552,0.3138581933079522,0.6556926202943085,0.5295698924731183,-0.04681127178346306,-0.08839488884999114,-0.014594912894479815,-0.0023001688489598937,-0.03898364994460795,0.00895067470185729,4.064989224584049,2.803321820659397,2.7571413545245664,5.259156414989348,7.644058274254172,5.303882511606511,4.867352412193353,10.73514694681116,0.6890726053599482,0.4830160667239783,0.5057009680135978,0.9082754078863663,1.1381257469844395,0.7613961167774133,0.8288735186253559,1.4896232274316308
1D,VALIDATION,OS,PROJECT_DYNAMIC_EXTREMA_V1,FORECAST_REALIZATION,NATIVE_AVAILABILITY,5,29,370,N_LT_30,0.4827586206896552,0.3138581933079522,0.6556926202943085,0.5297297297297298,-0.046971109040074566,-0.08866995073891626,-0.017237618305210187,-0.005440199024360992,-0.053765530927708485,0.016517608121015815,5.481243633942225,4.84893675780171,3.77146417622393,7.3302444965090885,8.619042569589636,5.821732447119441,5.725067409218459,11.72376988790099,0.9633409117553138,0.7001261878327206,0.6606358931802646,1.3343928168048174,1.3429247086609797,1.0361406227620638,0.9894157645646189,1.6964279836635447
1D,VALIDATION,OS,PROJECT_DYNAMIC_EXTREMA_V1,FORECAST_REALIZATION,NATIVE_AVAILABILITY,10,28,365,N_LT_30,0.5,0.3263284683244634,0.6736715316755366,0.5561643835616439,-0.05616438356164388,-0.10098522167487689,-0.015272162304577409,-0.005696798308661155,-0.05738944876808007,0.03255908992774369,7.899530877535687,5.836452712079602,5.2972201613705865,10.383964134135457,12.151546490067881,9.385340156864178,8.479501957216177,16.1987667693049,1.395744972615207,0.9424030707469091,0.9695941259167329,1.9331122453099159,1.9360683165727566,1.419644784547484,1.4337429316802095,2.53674886028165
1H,DISCOVERY,OB,ATR_1X_PRICE_BAND_CONTROL_V1,FORECAST_REALIZATION,NATIVE_AVAILABILITY,1,1363,26717,N_GE_100,0.504035216434336,0.47751734517336314,0.5305304052023937,0.4912976756372347,0.012737540797101321,0.025926320088081267,0.0008562225950264728,-8.834312469618855e-05,0.00017944943175891671,0.0014782959698053412,0.7579190405331203,0.5360903695194246,0.713237919763206,0.8150699658309555,0.9134850342606243,0.597346302267814,0.8544476437110593,0.986888586705083,0.5560871704404781,0.43761546938862983,0.5306526543991094,0.5914732546641828,0.7101381631746103,0.49159793325295914,0.6716655001249263,0.7549431611408466
1H,DISCOVERY,OB,ATR_1X_PRICE_BAND_CONTROL_V1,FORECAST_REALIZATION,NATIVE_AVAILABILITY,3,1363,26715,N_GE_100,0.5084372707263389,0.48190993002240906,0.5349171843996279,0.4830619502152349,0.025375320511104027,0.05253015788098758,0.000747705899216658,-0.00022465178972597144,-0.0002015700536655464,0.0017247760707990536,1.2316518212991643,0.8181112301599406,1.1522250946612882,1.3174814338143512,1.4285301045962637,1.0130670973425364,1.3425704547100663,1.5192289220188449,0.8996097933823648,0.6855788496962797,0.8556003965992204,0.9523878820017004,1.1176289264632853,0.786155941583284,1.0562711656067936,1.1773787578411765
1H,DISCOVERY,OB,ATR_1X_PRICE_BAND_CONTROL_V1,FORECAST_REALIZATION,NATIVE_AVAILABILITY,5,1363,26713,N_GE_100,0.495964783565664,0.4694695947976063,0.5224826548266368,0.479991015610377,0.015973767955286988,0.03327930614487462,0.0010938950842223581,1.278243863378492e-05,-0.0001285359872362811,0.0022403835774109527,1.5771464774465809,1.0737204570355354,1.4749816154071844,1.6803022150224567,1.772489920543966,1.271267444083352,1.673699402176257,1.8682428675786393,1.1505311241269292,0.8493251006562863,1.0889156005599459,1.217194021347982,1.4012212883365958,0.9943499252597295,1.3241501008772378,1.4707663994727345
1H,DISCOVERY,OB,ATR_1X_PRICE_BAND_CONTROL_V1,FORECAST_REALIZATION,NATIVE_AVAILABILITY,10,1363,26708,N_GE_100,0.45341159207630227,0.4271501346172456,0.47993492922628966,0.47847087015126555,-0.025059278074963276,-0.05237367546960792,0.0028744338959408172,0.00239605237803997,0.0011901437329954164,0.004453221144048071,2.2079563495961754,1.432127158971398,2.0784351685693574,2.3546925087688333,2.4435956737048103,1.7864617664464715,2.3000718567376084,2.576013657397014,1.6332800976424062,1.136608617414018,1.5517758066272032,1.7180273246687094,1.9400137540310407,1.410075465318561,1.8334367430558556,2.032664901935736
1H,DISCOVERY,OB,CAUSAL_DNO_QUANTILE_80_20_CONTROL_V1,FORECAST_REALIZATION,NATIVE_AVAILABILITY,1,2491,26681,N_GE_100,0.5447611401043757,0.525150621155443,0.5642338111067094,0.4914358532288895,0.05332528687548621,0.10850915032983899,0.0001335261571811313,-0.0007669131744728608,-0.0003254737051056249,0.0005733293713938058,0.7039640181008298,0.5089526612705393,0.6712894283202517,0.7360496480680939,0.7593487983491315,0.48937221947601617,0.7262922604543369,0.794634648425188,0.5113471345014131,0.40721307910075805,0.4912449205285462,0.5296744698396183,0.574184862489012,0.39284326152437427,0.5482961460884396,0.6024943491537801
1H,DISCOVERY,OB,CAUSAL_DNO_QUANTILE_80_20_CONTROL_V1,FORECAST_REALIZATION,NATIVE_AVAILABILITY,3,2491,26679,N_GE_100,0.5387394620634284,0.5191184458186408,0.5582411749284241,0.4831515424116346,0.05558791965179377,0.11505276248178475,0.00015365117216707775,-0.001031041449825465,-0.0005145893868660536,0.0007442651352417042,1.21743097576556,0.8385295486272676,1.1664636538754194,1.2702280249280904,1.2389962835684265,0.8301048806513935,1.1866103237796863,1.2942463522227037,0.8775667002195039,0.6745028124468271,0.8438111038123897,0.9088628923359748,0.9451865315608926,0.6425227628657472,0.9046084019234725,0.9842965908421336
1H,DISCOVERY,OB,CAUSAL_DNO_QUANTILE_80_20_CONTROL_V1,FORECAST_REALIZATION,NATIVE_AVAILABILITY,5,2491,26677,N_GE_100,0.53472501003613,0.51509858898586,0.554244490751146,0.4802264122652472,0.05449859777088284,0.11348521526296484,-1.7841397694683396e-05,-0.0011230276826325047,-0.0008528926970563111,0.0007766954517177266,1.5878636992921806,1.1101085434088938,1.524474206212097,1.6484081551903436,1.5620395386795682,1.0457105308774879,1.4996520173155679,1.624561017308964,1.1516745412262932,0.9023874554776362,1.11053120817455,1.1961114444311678,1.209322816788305,0.8016785358476908,1.1567675506972621,1.260189847935476
1H,DISCOVERY,OB,CAUSAL_DNO_QUANTILE_80_20_CONTROL_V1,FORECAST_REALIZATION,NATIVE_AVAILABILITY,10,2491,26672,N_GE_100,0.48414291449217184,0.4645569334257701,0.5037777295844988,0.47851679664067187,0.005626117851499968,0.011757409334420377,0.0017486304573437175,0.0005988830830501168,0.0005411123569264212,0.0028185894529002553,2.2510998351049176,1.5399526168425508,2.168420424477466,2.3481124301945373,2.249847006408535,1.5778075693513471,2.1643627435807007,2.338851661516564,1.6553814634647537,1.2066491659192444,1.5988969235182984,1.71763130347615,1.739943184364534,1.2077964208638032,1.6686844201003204,1.8135173598904597
1H,DISCOVERY,OB,PROJECT_DYNAMIC_EXTREMA_V1,FORECAST_REALIZATION,NATIVE_AVAILABILITY,1,2145,26056,N_GE_100,0.5286713286713287,0.5075138757676334,0.5497262670144125,0.4912879950875038,0.037383333583824896,0.07609250369972198,0.000482842928783662,-0.0003825902698999517,2.7664376435892662e-05,0.0008761609772014546,0.6696413764419104,0.4927991843323831,0.6371811085760217,0.7009948390197972,0.7699051259239847,0.5034160373966176,0.7370002513472264,0.8031171562692038,0.4918564257181602,0.404051599730881,0.47387082367949923,0.5133520212955347,0.6003601163384727,0.4021237644820726,0.5772229649187831,0.631599841625788
1H,DISCOVERY,OB,PROJECT_DYNAMIC_EXTREMA_V1,FORECAST_REALIZATION,NATIVE_AVAILABILITY,3,2145,26054,N_GE_100,0.531934731934732,0.5107798078966053,0.5529754730882752,0.4836493436708375,0.048285388263894446,0.09983552938873941,0.00020454270869080588,-0.0007735661399048688,-0.0005499336473931245,0.000912887786251529,1.1883094385691921,0.8187879109413401,1.1299805459254821,1.244094910800897,1.2562709721433332,0.8467792897164726,1.202715055919254,1.3109792014062032,0.8688215652377862,0.6646456134923007,0.8339257896417839,0.9049953367319802,0.9811500286640829,0.665336826768552,0.9409915617403204,1.0253055771206874
1H,DISCOVERY,OB,PROJECT_DYNAMIC_EXTREMA_V1,FORECAST_REALIZATION,NATIVE_AVAILABILITY,5,2145,26052,N_GE_100,0.5272727272727272,0.5061144671883315,0.5483334735067853,0.4809995393827729,0.046273187889954326,0.09620214595076937,0.00036290544478656675,-0.0010209290454313846,-0.0005608448842208903,0.001244659782819751,1.5559493309149108,1.0589418181180479,1.4802491225641774,1.6331409476297858,1.5990809375522737,1.1011976529217946,1.5281772308219324,1.6704554878569993,1.1502077555040304,0.8592877214822071,1.0964101272243088,1.2063040283398578,1.2618011060117902,0.8583149186424934,1.2114325728425108,1.3192490764158087
1H,DISCOVERY,OB,PROJECT_DYNAMIC_EXTREMA_V1,FORECAST_REALIZATION,NATIVE_AVAILABILITY,10,2145,26047,N_GE_100,0.49696969696969695,0.47583458239762183,0.5181156464140318,0.4794026183437632,0.017567078625933763,0.03664368519017347,0.0015287500748862187,0.00011798296326004376,0.0001592889017285735,0.0027939635430909537,2.221038222365897,1.520029112896455,2.1140749141098496,2.310452424359585,2.2514860834140498,1.5824400204185778,2.1541805376215737,2.3619854514863436,1.6517243914949071,1.203325319726809,1.5865617814167736,1.7202251409094615,1.7721871943749496,1.223347166508752,1.6998936531808357,1.8580836986129718
1H,DISCOVERY,OS,ATR_1X_PRICE_BAND_CONTROL_V1,FORECAST_REALIZATION,NATIVE_AVAILABILITY,1,1302,26717,N_GE_100,0.554531490015361,0.5274129138277026,0.5813292184492902,0.5063817045326945,0.04814978548266646,0.09508595008798881,0.0004196477753596611,0.0011964448194445865,-0.00025113488746533557,0.0011058021675903944,0.9333094958924829,0.6311346448766183,0.8664322491739872,1.0048853348872633,1.2427545183846527,0.7385763349526357,1.1487127763961742,1.3357825865321864,0.5795912666197031,0.5052395737093289,0.5567529010557866,0.6035895463199382,0.8191525881785123,0.5740081105492258,0.770889213754811,0.8721080398996522
1H,DISCOVERY,OS,ATR_1X_PRICE_BAND_CONTROL_V1,FORECAST_REALIZATION,NATIVE_AVAILABILITY,3,1302,26715,N_GE_100,0.5645161290322581,0.5374329230688923,0.5912197404700852,0.5157402208497099,0.04877590818254818,0.0945745672156173,0.0014369619162316804,0.001977326523627587,0.0002860515169288223,0.0025343382471957956,1.4849444933669709,0.9840096441477182,1.3766544650952999,1.6008796833975822,1.8339085391944,1.1504836049313845,1.7023949564042897,1.9739348636410443,0.944550291668513,0.7711458729637997,0.903113711300435,0.9890773656365016,1.2166043899174626,0.8619637396648818,1.1480814139996356,1.2897838564171882
1H,DISCOVERY,OS,ATR_1X_PRICE_BAND_CONTROL_V1,FORECAST_REALIZATION,NATIVE_AVAILABILITY,5,1302,26713,N_GE_100,0.5645161290322581,0.5374329230688923,0.5912197404700852,0.5191479803840826,0.04536814864817551,0.08738962754821977,0.0017819560665404573,0.0025189105005304357,0.0003301919765767081,0.003153838814924955,1.85924095321574,1.3261312306981463,1.7321371886222163,1.9974095854979932,2.276436429774864,1.4694954215789622,2.1160536416232927,2.4430451726495526,1.1869516818456811,0.9722857639314694,1.1321118276045798,1.243751333106087,1.535492555232399,1.0631469688898447,1.445691822166033,1.6287160627183181
1H,DISCOVERY,OS,ATR_1X_PRICE_BAND_CONTROL_V1,FORECAST_REALIZATION,NATIVE_AVAILABILITY,10,1302,26708,N_GE_100,0.5399385560675883,0.5127880146846202,0.5668541103633182,0.5205556387599222,0.01938291730766617,0.03723505397778526,0.0011274503047279754,0.0021434560824334925,-0.00102592099010371,0.0030075992602764104,2.5241005524389033,1.7752462421342683,2.3762698764043937,2.6816511565609193,3.026537481787243,1.9052795529518571,2.8119094183859055,3.2368414872719016,1.6603275622756661,1.3174996832591055,1.58167219697125,1.7327577849078017,2.043898717012339,1.4381281879269325,1.9206907135329407,2.1574428142008144
1H,DISCOVERY,OS,CAUSAL_DNO_QUANTILE_80_20_CONTROL_V1,FORECAST_REALIZATION,NATIVE_AVAILABILITY,1,2542,26681,N_GE_100,0.5649095200629426,0.545552950316397,0.5840701967010766,0.5062403957872643,0.058669124275678275,0.11589182681567878,-5.825297249500341e-05,0.0011748674924900726,-0.0005721140334829097,0.0003355107598855869,0.7283725616802005,0.5291616306538801,0.7024204556727202,0.7577386925908927,0.9727644994430078,0.5599839959091605,0.921805400263515,1.0214997506267678,0.5089962834812238,0.437567635974515,0.4940210227058398,0.5248554897557992,0.6904728457539552,0.4676383433257166,0.6572477793755013,0.7247291220062749
1H,DISCOVERY,OS,CAUSAL_DNO_QUANTILE_80_20_CONTROL_V1,FORECAST_REALIZATION,NATIVE_AVAILABILITY,3,2542,26679,N_GE_100,0.5680566483084186,0.5487117057190986,0.5871961999416465,0.5156490123317965,0.052407635976622124,0.10163431854476279,0.0007103029291440063,0.0016434693654130417,-0.000127512497781165,0.0014378294024454624,1.2603861308668534,0.8713902424579978,1.2130142003507156,1.3145674023073248,1.5268204867424242,0.9112590578990729,1.4584054821073364,1.5970160199960632,0.8900696621696639,0.7200862173520628,0.8647789914348811,0.9170046437412708,1.1021098949914974,0.7319708017751967,1.0521169021226564,1.1498322955005253
1H,DISCOVERY,OS,CAUSAL_DNO_QUANTILE_80_20_CONTROL_V1,FORECAST_REALIZATION,NATIVE_AVAILABILITY,5,2541,26677,N_GE_100,0.5588351042896498,0.5394544952441747,0.5780380826828759,0.5189114218240432,0.039923682465606625,0.0769373746395281,0.00086575799241958,0.0020104946150443226,-7.663252954797529e-05,0.0017976871153943948,1.644807874928855,1.1495887998969418,1.577146414554085,1.7115274400580982,1.9462103655333383,1.1956163414300855,1.862393119778613,2.042838557861496,1.1602532477495455,0.9252312210209445,1.1261221372778585,1.2008415380365118,1.4084167603660693,0.9698887617941969,1.349724272927338,1.4678327141130032
1H,DISCOVERY,OS,CAUSAL_DNO_QUANTILE_80_20_CONTROL_V1,FORECAST_REALIZATION,NATIVE_AVAILABILITY,10,2540,26672,N_GE_100,0.5413385826771654,0.5219122076808688,0.560640102179934,0.5205083983203359,0.020830184356829484,0.0400189207783157,0.0008127224871375791,0.002082927823673475,-0.00033929599076977404,0.0019976952300662467,2.2831187898038134,1.6462715115798905,2.197245114075501,2.3745100403398514,2.6657282302679244,1.7349881811850056,2.5486954915057805,2.787834389016975,1.6506863057881436,1.2999394824308843,1.596835688444146,1.7042548535783342,1.9778002133108004,1.3531170442241067,1.8888375883037816,2.0642796005871014
1H,DISCOVERY,OS,PROJECT_DYNAMIC_EXTREMA_V1,FORECAST_REALIZATION,NATIVE_AVAILABILITY,1,2047,26056,N_GE_100,0.5593551538837322,0.5377565645788656,0.5807313771519829,0.5063708934602394,0.0529842604234928,0.10463528039976722,5.0783019895676725e-05,0.0011781569115076884,-0.00043485650894486375,0.0005242492990732399,0.7597065291734287,0.5508011653313818,0.7218297121693527,0.7943883748881164,1.0258566706232333,0.5897402322700118,0.9697721935070445,1.0898572647084812,0.5259533549742784,0.4556709078343414,0.5066984229832268,0.5454365712701609,0.721372069422732,0.4892880007761433,0.6869752993298253,0.7622056722396764
1H,DISCOVERY,OS,PROJECT_DYNAMIC_EXTREMA_V1,FORECAST_REALIZATION,NATIVE_AVAILABILITY,3,2047,26054,N_GE_100,0.5666829506595017,0.5451108542789437,0.5880052284063305,0.5151992016580947,0.05148374900140695,0.09992979188576756,0.0005000938577143167,0.0015949173542826323,-0.000226349796469048,0.0011922162484991363,1.264372310177325,0.8809206240888345,1.208121188513346,1.3196983166776488,1.5825412820492744,0.9337668229245314,1.4982768061601826,1.6781491829544342,0.8944573415512541,0.7305094465030908,0.8632318863289561,0.930870364581903,1.1219655736199388,0.7575554037714556,1.065508253126861,1.1815084501819626
1H,DISCOVERY,OS,PROJECT_DYNAMIC_EXTREMA_V1,FORECAST_REALIZATION,NATIVE_AVAILABILITY,5,2046,26052,N_GE_100,0.5679374389051809,0.5463650637468052,0.5892551714947862,0.5181559957009059,0.04978144320427502,0.09607423945164628,0.0008808756613767857,0.0022366733972049024,-8.087999063687111e-05,0.001923230013835358,1.6478340423966527,1.1680575418276442,1.5759540260607563,1.7363828190750694,1.9879589874665118,1.190518662601111,1.8783362843809144,2.100099898337347,1.1632466869347788,0.9510755644820073,1.1224378783918656,1.207774531438972,1.4260208755830057,0.988555054721206,1.3534928377380395,1.4946652301907963
1H,DISCOVERY,OS,PROJECT_DYNAMIC_EXTREMA_V1,FORECAST_REALIZATION,NATIVE_AVAILABILITY,10,2046,26047,N_GE_100,0.5434995112414467,0.5218544903241911,0.5649814876362522,0.5196375782239797,0.023861933017466974,0.0459203375918702,0.00036934022784858756,0.0023734076582421215,-0.0010029437819970746,0.001782895786426453,2.302226721077456,1.6724527786362602,2.2067509873082587,2.4115431577016984,2.7379532697885316,1.6714455058797055,2.603728147594295,2.8885266680918877,1.6727318683061445,1.3432933752725837,1.6084220039991237,1.7401962675720801,2.0093108640309287,1.3614866443056792,1.9118495103842652,2.112669014355485
1H,VALIDATION,OB,ATR_1X_PRICE_BAND_CONTROL_V1,FORECAST_REALIZATION,NATIVE_AVAILABILITY,1,438,8987,N_GE_100,0.5570776255707762,0.510261276336393,0.6029014498532641,0.503616334705686,0.053461290865090216,0.10615479916141535,-1.2070449991875823e-05,-0.000719762212859465,-0.0009624800912275033,0.0009532601439339089,0.6238209027832585,0.3881011083029944,0.5564886719083044,0.6984050366540457,0.7830384355095378,0.5274016092777647,0.7014301079599387,0.87283719822448,0.6168084159933042,0.42614787152229416,0.5534946903089945,0.6838053392947758,0.7848048901581268,0.5479977991111862,0.7098345424648869,0.8664324564769287
1H,VALIDATION,OB,ATR_1X_PRICE_BAND_CONTROL_V1,FORECAST_REALIZATION,NATIVE_AVAILABILITY,3,438,8985,N_GE_100,0.5388127853881278,0.49199257936116336,0.5849580744478035,0.49560378408458544,0.04320900130354238,0.0871845669688589,0.0004894172938328486,-0.000614129006912878,-0.0011141417111916487,0.0020425453506873648,1.0216325233080024,0.6522624553786455,0.8950288806569016,1.157759542894694,1.2392467974022343,0.7730181574998016,1.0991332714301651,1.3773974892400809,1.00090504342477,0.6794514142276536,0.9035524512576526,1.123123874568285,1.2429407933797274,0.8176024852878583,1.104258911303524,1.3666694956238143
1H,VALIDATION,OB,ATR_1X_PRICE_BAND_CONTROL_V1,FORECAST_REALIZATION,NATIVE_AVAILABILITY,5,438,8983,N_GE_100,0.5251141552511416,0.4783319349080687,0.5714596646153806,0.49871980407436267,0.026394351176778907,0.05292420906718864,0.0005604949257421533,-0.0010175271914439343,-0.001408693278617162,0.0027211977390350565,1.2880692060905417,0.8358873706707591,1.1455851993198314,1.4332476798884763,1.5401985549787933,0.9876295524380941,1.3775370340452087,1.6996788692036502,1.2638628671244962,0.8481871967852193,1.1431318732405618,1.3970422304400842,1.5784742482141467,0.9882480791519346,1.405593630029298,1.7326294574046772
1H,VALIDATION,OB,ATR_1X_PRICE_BAND_CONTROL_V1,FORECAST_REALIZATION,NATIVE_AVAILABILITY,10,438,8978,N_GE_100,0.5091324200913242,0.4624385266044035,0.5556675095859416,0.5116952550679439,-0.002562834976619688,-0.005008518158487463,0.0007888087780079108,-0.0002098232292612745,-0.0016893796219612943,0.003472984104098676,1.7985237489890673,1.1884247850028373,1.6094809239068202,1.9862168294337978,2.026921255343293,1.239850187162003,1.821794152332992,2.234542390363662,1.8068850551383238,1.2560688169586776,1.65083435265387,1.996217860728054,2.0741314659231307,1.3460133637929848,1.8482953554462578,2.2854295220749585
1H,VALIDATION,OB,CAUSAL_DNO_QUANTILE_80_20_CONTROL_V1,FORECAST_REALIZATION,NATIVE_AVAILABILITY,1,793,8985,N_GE_100,0.5901639344262295,0.5555787818451569,0.6238797203213967,0.5036171396772399,0.08654679474898963,0.17185037587175067,2.0115120175636677e-05,-0.0008020683123288741,-0.0006516938696464033,0.0007761749860919575,0.5457514680167432,0.33207220518331476,0.5020541377161826,0.5925438931859237,0.6555195580510422,0.3823611346293555,0.5962721447178272,0.7251185853960134,0.5270543354135587,0.39365569635052755,0.4858360269572474,0.5707233934816213,0.6633458458233885,0.4270766766246533,0.608702122454133,0.7154323127145885
1H,VALIDATION,OB,CAUSAL_DNO_QUANTILE_80_20_CONTROL_V1,FORECAST_REALIZATION,NATIVE_AVAILABILITY,3,793,8983,N_GE_100,0.5334174022698613,0.49861671506407657,0.5678958766480029,0.4954914839140599,0.03792591835580145,0.07654201855541776,0.00046050229371028196,-0.000709519061133812,-0.0006005584960434202,0.001682628848681934,0.976221901513856,0.5899639507598489,0.8793250190264019,1.0694856973950018,1.127395601991345,0.6463911136910979,1.0286103313481625,1.2258785042130453,0.9724038876869155,0.6646504297996071,0.8915175447344756,1.0544481560303578,1.1653487566618879,0.7398041188284046,1.0767233961385847,1.2512403874176754
1H,VALIDATION,OB,CAUSAL_DNO_QUANTILE_80_20_CONTROL_V1,FORECAST_REALIZATION,NATIVE_AVAILABILITY,5,793,8981,N_GE_100,0.519546027742749,0.4847613737064221,0.5541422176723413,0.4987195189845229,0.02082650875822617,0.041759963196613015,0.000596640463514689,-0.0006797491916066267,-0.0009781515970306723,0.002013740122336016,1.270378334297114,0.7867894016668655,1.1568909316855882,1.38379523347128,1.4483939516846092,0.8462657613967044,1.3268299291135135,1.5695555006810067,1.2745709616510055,0.8793757526048571,1.1805852720954086,1.3735577668482986,1.5514169833776361,0.9349937830063911,1.4133879741996038,1.6970977543621029
1H,VALIDATION,OB,CAUSAL_DNO_QUANTILE_80_20_CONTROL_V1,FORECAST_REALIZATION,NATIVE_AVAILABILITY,10,791,8976,N_GE_100,0.5208596713021492,0.48602848898934425,0.5554892171800359,0.5116978609625669,0.0091618103395823,0.017904726672782756,0.0006970485508552065,-0.0011040866329893317,-0.00124582480790367,0.00270835498802654,1.8146761977851262,1.165374859628882,1.6776664225591036,1.9580017940842722,1.9359655688576884,1.151001768973604,1.7849761064147431,2.1138135680911523,1.8369342731004545,1.3021193257244725,1.7176850625668556,1.9611150887031301,2.0486180055275005,1.3623019843307271,1.8895986770884863,2.2210838050631985
1H,VALIDATION,OB,PROJECT_DYNAMIC_EXTREMA_V1,FORECAST_REALIZATION,NATIVE_AVAILABILITY,1,661,8948,N_GE_100,0.5537065052950075,0.5156074980114326,0.5911848567389321,0.5035762181493071,0.05013028714570045,0.09954855956052544,0.00031895157118100044,-0.0005904198475535916,-0.0002539745271757911,0.0009774820211298542,0.505984508859098,0.33868451238672104,0.464171819399553,0.5611356499790275,0.6607950846798303,0.4198556417632373,0.6023339042303065,0.7282401011303513,0.5079396631117576,0.3786488881160099,0.46593769602467644,0.5542054032608726,0.6675411831661549,0.46466065888743224,0.6145326345057239,0.7232803478844414
1H,VALIDATION,OB,PROJECT_DYNAMIC_EXTREMA_V1,FORECAST_REALIZATION,NATIVE_AVAILABILITY,3,661,8946,N_GE_100,0.5431164901664145,0.5050008144765387,0.5807338928582612,0.49586407332886207,0.047252416837552436,0.09529308409124071,0.000511846140735048,-0.0007276354301225529,-0.0006620735726590272,0.001827714289561114,0.9291092722607563,0.5854233790300446,0.8411847354357572,1.037658083470767,1.138367418279172,0.6806872190661241,1.0346678297198286,1.2532175155245497,0.9523292755303766,0.6236832814631971,0.8656799963736111,1.0507323248790126,1.1513259578464612,0.7767349558659589,1.0607758376272405,1.2532296033030426
1H,VALIDATION,OB,PROJECT_DYNAMIC_EXTREMA_V1,FORECAST_REALIZATION,NATIVE_AVAILABILITY,5,661,8944,N_GE_100,0.5143721633888049,0.47629743503916233,0.5522808007391043,0.4991055456171735,0.015266617771631352,0.030587954603376044,0.0010024965940525219,-0.0003923231223857959,-0.0004864862691359056,0.0026742236304510537,1.2081648520636108,0.767158992180706,1.0949809294152288,1.3353039867184868,1.490076544557635,0.9175791792040321,1.3602511365876895,1.6284671104307729,1.2403147535485866,0.8388515164255854,1.1414864605345263,1.3632678087717767,1.5290475045894927,0.9984249979110306,1.409624680013664,1.6609505325293263
1H,VALIDATION,OB,PROJECT_DYNAMIC_EXTREMA_V1,FORECAST_REALIZATION,NATIVE_AVAILABILITY,10,660,8939,N_GE_100,0.5212121212121212,0.48308750144976237,0.5590912351645144,0.5120259536860946,0.009186167526026634,0.017940824014671675,0.0006349525948545349,-0.0009206087301182886,-0.0014276968293685922,0.002869357091953464,1.8199665563104217,1.103389198853325,1.6732930264790615,1.9711463512357708,1.979485452560537,1.212735364216961,1.8083486921310905,2.1480953486089986,1.858020705594579,1.2494315588792615,1.7153966041805002,2.028580535547599,2.0437944892553372,1.384398301320076,1.8749243298364116,2.220795166864988
1H,VALIDATION,OS,ATR_1X_PRICE_BAND_CONTROL_V1,FORECAST_REALIZATION,NATIVE_AVAILABILITY,1,458,8987,N_GE_100,0.5502183406113537,0.5044277434336395,0.5951735051329685,0.49571603427172584,0.054502306339627826,0.10994662785055787,-0.0006279379794580089,0.0007395102490820316,-0.0015084375457369995,0.0002984252907687994,0.5964473956647772,0.45280645537711794,0.5462619387093528,0.6486832098476626,0.8507921532475194,0.5082659995735312,0.7661024700587299,0.9465521903873836,0.5564592152212834,0.4758670151649768,0.5140482867339797,0.6033102421765031,0.7766557950072651,0.5539422447152963,0.7074639479818128,0.8503694739043608
1H,VALIDATION,OS,ATR_1X_PRICE_BAND_CONTROL_V1,FORECAST_REALIZATION,NATIVE_AVAILABILITY,3,458,8985,N_GE_100,0.5589519650655022,0.5131754735889729,0.6037477312500887,0.5039510294936005,0.055000935571901666,0.10913944481306026,-3.331818762428223e-06,0.0011575877782207256,-0.0014449928424978865,0.0015195572068956635,1.0674077203084187,0.7294074852983388,0.9645325452455314,1.171033032733488,1.3046198172142998,0.803366746119931,1.182181529805114,1.435543912393663,0.9541123979390053,0.7676166923546137,0.8744262439515275,1.0335217389723506,1.2304197328142001,0.7843273685227565,1.114536580439749,1.359315497581787
1H,VALIDATION,OS,ATR_1X_PRICE_BAND_CONTROL_V1,FORECAST_REALIZATION,NATIVE_AVAILABILITY,5,458,8983,N_GE_100,0.5676855895196506,0.5219372927291261,0.612307868382389,0.5005009462317711,0.06718464328787954,0.13423479774355473,0.0006505239887978404,0.0016016354822000478,-0.0009833737532998568,0.0024127424655479295,1.3164538688561342,0.8958102715806557,1.187408082798715,1.4495009068220415,1.513587012279333,0.9556646563074527,1.3631001791311481,1.6518520215786943,1.1767273345457514,0.921062522096065,1.0845873709878922,1.260044724083034,1.4422149134769602,0.9520978359724068,1.3071906001636222,1.5836770335547758
1H,VALIDATION,OS,ATR_1X_PRICE_BAND_CONTROL_V1,FORECAST_REALIZATION,NATIVE_AVAILABILITY,10,458,8978,N_GE_100,0.5458515283842795,0.5000591359799896,0.5908811344503918,0.48808197816885723,0.057769550215422294,0.11836034272799201,0.0007004340074671991,0.0018140631220733283,-0.0015324693446732546,0.003029952637638527,1.8070998386634374,1.199023806005871,1.6285389014575142,1.9824498711527958,1.9507040474396253,1.339653788598225,1.7875045066642357,2.1242080957831826,1.6723478971635088,1.2656352831486994,1.5337237207740457,1.8066025884444896,1.8670425128466661,1.3048868424762126,1.702800115093436,2.0274891528958996
1H,VALIDATION,OS,CAUSAL_DNO_QUANTILE_80_20_CONTROL_V1,FORECAST_REALIZATION,NATIVE_AVAILABILITY,1,818,8985,N_GE_100,0.5672371638141809,0.533047191811621,0.6007985516990505,0.49571508069003895,0.07152208312414193,0.14428062794576002,-0.00047263320998880735,0.0007967996919304721,-0.0010588743132101232,5.8385453910840546e-05,0.5081931543168935,0.36294029608342704,0.47355805440362736,0.5413676009054039,0.6946173631457296,0.38635559921556895,0.6414557832554134,0.7513666768826875,0.5077929539213452,0.41201188079514267,0.4776786534681314,0.5417050884774336,0.6919773262154513,0.45517384856883514,0.6428266216136896,0.741116788129061
1H,VALIDATION,OS,CAUSAL_DNO_QUANTILE_80_20_CONTROL_V1,FORECAST_REALIZATION,NATIVE_AVAILABILITY,3,817,8983,N_GE_100,0.554467564259486,0.5202097226550293,0.5882155813256658,0.504063230546588,0.050404333712897986,0.0999960533884634,-0.0006157317595750042,0.0011558478878634926,-0.0016913283806565507,0.00035098818637867616,0.8941324411288164,0.609345268504312,0.8316230986260084,0.9596297529413268,1.1339968627409538,0.6874448418412308,1.0499678145738691,1.2387976014318416,0.87645995086172,0.6831614352034329,0.8230204715190068,0.925912208909998,1.1600036216373146,0.7385575076869433,1.0796956765053947,1.2538826396204665
1H,VALIDATION,OS,CAUSAL_DNO_QUANTILE_80_20_CONTROL_V1,FORECAST_REALIZATION,NATIVE_AVAILABILITY,5,817,8981,N_GE_100,0.5618115055079559,0.5275778365678954,0.595466609522556,0.5005010577886649,0.06131044771929095,0.12249813814615162,-0.00014182100529083421,0.0011940846881601797,-0.0014547453701888576,0.0010331015030021662,1.192897796499811,0.7575634682455993,1.1070578402859375,1.280051059691366,1.4094208070554917,0.9344915174511467,1.2999872361608933,1.528356433147887,1.1660730105826491,0.8758894241745796,1.0895553381930483,1.2382192925106663,1.4584465523281354,0.976187789380782,1.3595970627462886,1.57527436125218
1H,VALIDATION,OS,CAUSAL_DNO_QUANTILE_80_20_CONTROL_V1,FORECAST_REALIZATION,NATIVE_AVAILABILITY,10,817,8976,N_GE_100,0.5348837209302325,0.500597885443844,0.5688430395774999,0.4880793226381462,0.046804398292086324,0.09589506484130728,0.0007002389283318059,0.0012390130255215404,-0.0012092736455421977,0.002257260114983369,1.7734210798533003,1.1549343082666865,1.6411722047406465,1.9010256802863592,1.8881014361269468,1.3451661941739692,1.7547411848635532,2.0254686337949375,1.7679568800479024,1.252443382722698,1.6370041180626338,1.8814442310832502,1.9956517383520715,1.3844953235550899,1.8694000807656355,2.138606520369844
1H,VALIDATION,OS,PROJECT_DYNAMIC_EXTREMA_V1,FORECAST_REALIZATION,NATIVE_AVAILABILITY,1,692,8948,N_GE_100,0.5505780346820809,0.5133372806125216,0.5872603266590184,0.4957532409476978,0.05482479373438309,0.11058887609000445,-0.0006215839370463344,0.0007231631213415746,-0.0013001756292967855,1.0817966269281207e-05,0.4946340077520807,0.3471602038140452,0.45611618163102635,0.5337468234337571,0.7173118954887551,0.4039485146247863,0.6525759869691329,0.7918916569924532,0.49914892398620414,0.41201188079514267,0.46752169751903,0.5325483072403272,0.7108280004997924,0.4720256906374447,0.658224820209462,0.7635496923101491
1H,VALIDATION,OS,PROJECT_DYNAMIC_EXTREMA_V1,FORECAST_REALIZATION,NATIVE_AVAILABILITY,3,692,8946,N_GE_100,0.5635838150289018,0.5263816981641912,0.6000838652628876,0.5036887994634474,0.0598950155654544,0.11891274062329238,-0.0008549387389846673,0.0012135128491896907,-0.001997145056512979,0.0002910769110781972,0.8948938692401831,0.5945672961499501,0.8147709642676696,0.9646992483532506,1.1603012496790663,0.6578021067426583,1.0626883597087893,1.268819662249268,0.8861016324298965,0.6651100390979705,0.8209806528052054,0.9511643958602206,1.1867392947653375,0.7339237350668378,1.0831190270756454,1.2878291818355334
1H,VALIDATION,OS,PROJECT_DYNAMIC_EXTREMA_V1,FORECAST_REALIZATION,NATIVE_AVAILABILITY,5,692,8944,N_GE_100,0.5635838150289018,0.5263816981641912,0.6000838652628876,0.5001118067978533,0.06347200823104848,0.12691563640029013,-0.000169219098087493,0.0012174696194677814,-0.0013682347844117223,0.001092026900471746,1.1754859740015187,0.7617563515023191,1.066507779435611,1.2776565320493478,1.410156317159335,0.8316315157628636,1.2851494300630912,1.5395919225935228,1.1663636882293142,0.8953085172098435,1.077057362264524,1.2494760441600135,1.4348534613144082,0.9168135272557044,1.307619034044663,1.5579806649921668
1H,VALIDATION,OS,PROJECT_DYNAMIC_EXTREMA_V1,FORECAST_REALIZATION,NATIVE_AVAILABILITY,10,692,8939,N_GE_100,0.5303468208092486,0.49309636190485406,0.56726220245807,0.4877503076406757,0.04259651316857288,0.08733262183804436,0.00016130198397597408,0.0009921210369183697,-0.00152057788376311,0.0020867162764369404,1.7342384345745443,1.1396356697747478,1.5787498533526683,1.8927241277376736,1.8650373483419413,1.2436277196546235,1.713254915055851,2.023137201007353,1.7781305890610388,1.2567737523090985,1.6376736937322895,1.9110146312675675,1.9724687489547665,1.3071183873684038,1.8387408035107777,2.123754163184904
2H,DISCOVERY,OB,ATR_1X_PRICE_BAND_CONTROL_V1,FORECAST_REALIZATION,NATIVE_AVAILABILITY,1,723,13339,N_GE_100,0.4951590594744122,0.4588361918347267,0.5315330990809282,0.4863932828547867,0.008765776619625465,0.018021993577247875,0.000873551096594607,8.512449457342974e-05,-0.0003358750128730206,0.0019651980965728227,1.0061796267718979,0.7077210399567493,0.9276410638538741,1.0874086574385362,1.1815974145393955,0.8502481938369243,1.1075561934441875,1.2658182488360028,0.519116725721022,0.41797176633963884,0.48807776699133754,0.5519602041206954,0.6621745493436808,0.4630959825232662,0.6141017326904317,0.7134523575141353
2H,DISCOVERY,OB,ATR_1X_PRICE_BAND_CONTROL_V1,FORECAST_REALIZATION,NATIVE_AVAILABILITY,3,723,13337,N_GE_100,0.47579529737206083,0.43961547127426054,0.5122309833040135,0.4774686961085701,-0.0016733987365092906,-0.0035047297344259487,0.0013299953386502526,0.0009716187941990473,-0.00030644074053378224,0.0029056314615199578,1.7039944338457798,1.167570566801216,1.5646291170425497,1.8583915381302938,1.899625998297257,1.387987012987008,1.7746415265703441,2.0284104222057704,0.8858401358979472,0.6583588844964229,0.8219955429733153,0.9439960611538873,1.061941818468739,0.7730926995412498,0.9921293464287574,1.1401674786846157
2H,DISCOVERY,OB,ATR_1X_PRICE_BAND_CONTROL_V1,FORECAST_REALIZATION,NATIVE_AVAILABILITY,5,723,13335,N_GE_100,0.45228215767634855,0.41634925176117127,0.4887194729788546,0.4770153730783652,-0.024733215402016673,-0.05184993356168721,0.002515064493481018,0.001707977504686431,0.0003397280474353784,0.0046292825936075175,2.2171133649974033,1.4249307255112187,2.0422512261126418,2.429155833381278,2.4752082596046643,1.7521608417888097,2.294038724750206,2.654521400438858,1.1358706913718732,0.8176626408240021,1.0559935184447191,1.2135320460864667,1.379513564299063,0.9884116013097032,1.2854386061256924,1.472985010415623
2H,DISCOVERY,OB,ATR_1X_PRICE_BAND_CONTROL_V1,FORECAST_REALIZATION,NATIVE_AVAILABILITY,10,723,13330,N_GE_100,0.45228215767634855,0.41634925176117127,0.4887194729788546,0.47081770442610654,-0.018535546749757992,-0.039368839734587935,0.005473390789653494,0.004193671368661889,0.002529863392584136,0.008590018337989249,3.143772884059929,2.0786722531830994,2.900218508139833,3.4223482817112907,3.5965911641260027,2.679644316270132,3.346880628013424,3.862953572471028,1.6159323998905109,1.1850161581383762,1.5103155393516183,1.726557898123441,2.028410096733237,1.4577498781270974,1.884431881840684,2.17184008441836
2H,DISCOVERY,OB,CAUSAL_DNO_QUANTILE_80_20_CONTROL_V1,FORECAST_REALIZATION,NATIVE_AVAILABILITY,1,1226,13317,N_GE_100,0.5432300163132137,0.5152544667395506,0.5709354946343369,0.4862957122475032,0.056934304065710484,0.11707753663419807,0.00015186475598961857,-0.001120438669866497,-0.0005441585811069973,0.0009377740441436322,0.9739784700834817,0.7154291507037633,0.9168796298193143,1.0346430198600898,1.0298028531154872,0.6743621729668783,0.969231878642584,1.0868392813080654,0.4900170119480697,0.39801351302463844,0.4664615149740406,0.513672609848317,0.5568083825501013,0.3682788667529199,0.5243666751239213,0.5971478113339999
2H,DISCOVERY,OB,CAUSAL_DNO_QUANTILE_80_20_CONTROL_V1,FORECAST_REALIZATION,NATIVE_AVAILABILITY,3,1226,13315,N_GE_100,0.5114192495921697,0.48344601504476326,0.5393211445634334,0.47735636500187756,0.03406288459029211,0.07135734869725296,0.0009892660462461225,-0.00034379430911507525,-0.00024458484456265636,0.002241958853223741,1.6633687599789355,1.1760916013051976,1.5607927453187034,1.7683955525420707,1.7530021177295796,1.1628922487558886,1.6607821289046978,1.843084428818988,0.8575427786465107,0.6404988341740652,0.8141255421627301,0.9073895591748625,0.9529895513135331,0.6424600336917947,0.8938843743240613,1.0157281246663803
2H,DISCOVERY,OB,CAUSAL_DNO_QUANTILE_80_20_CONTROL_V1,FORECAST_REALIZATION,NATIVE_AVAILABILITY,5,1226,13313,N_GE_100,0.48613376835236544,0.45824296528239983,0.5141111980505042,0.47697739052054383,0.009156377831821605,0.019196670562998674,0.0017315400819954304,0.0003741436003780185,0.0001928642095980258,0.0034109313279982547,2.164162307506416,1.4919375104353432,2.04266108358323,2.2981402704473224,2.2465132501746035,1.5594533932920491,2.1258050194251914,2.3647767875773025,1.1152744469494418,0.8343586446855944,1.0577924549678759,1.1744687934124607,1.2134896019111832,0.855746036691693,1.1399757301677977,1.285058738059465
2H,DISCOVERY,OB,CAUSAL_DNO_QUANTILE_80_20_CONTROL_V1,FORECAST_REALIZATION,NATIVE_AVAILABILITY,10,1225,13308,N_GE_100,0.4742857142857143,0.446446782590865,0.5022854217876327,0.47076946197775776,0.0035162523079565466,0.0074691597309315405,0.003773049540038026,0.0030190750651846177,0.0012778304354863375,0.006295083692202102,3.1260121396114307,2.2096694576647016,2.948830289000848,3.309921415691165,3.2809905840371636,2.4271437752051286,3.0743045842165913,3.4590362892052733,1.6060203014387062,1.1933098112740494,1.5167921990440434,1.7037813685147762,1.792871190089275,1.2962524087884084,1.6886446702270868,1.8967809287342086
2H,DISCOVERY,OB,PROJECT_DYNAMIC_EXTREMA_V1,FORECAST_REALIZATION,NATIVE_AVAILABILITY,1,1082,12920,N_GE_100,0.5582255083179297,0.528481004507768,0.5875580199687301,0.48691950464396283,0.07130600367396689,0.14644310403237193,-0.0003152479438633576,-0.0012239921237092166,-0.0010377163848720855,0.00038905918578210154,0.9907659136777207,0.7176496771790662,0.9326962472065718,1.0601662371727556,0.9895788441829637,0.636878493010766,0.924919372179604,1.0540788200140248,0.5078691403256647,0.4077158078082661,0.48298607807637445,0.5343367243508659,0.5338427287111551,0.36807759421547837,0.501386222468627,0.5726129611292298
2H,DISCOVERY,OB,PROJECT_DYNAMIC_EXTREMA_V1,FORECAST_REALIZATION,NATIVE_AVAILABILITY,3,1082,12918,N_GE_100,0.5175600739371534,0.4877761016760174,0.5472197945946725,0.4780925839913299,0.0394674899458235,0.08255198107515338,0.0008613730385412688,-0.000658465347994075,-0.00033997045461878986,0.0020727827307179866,1.645559624820815,1.1660320377445759,1.546512063950697,1.7537442549467088,1.6911522040077605,1.1052247258801993,1.586559062517571,1.7944678424448124,0.8509243766037985,0.6579738153439187,0.8078624521351563,0.8969639613511474,0.9162325619218071,0.6328629560399941,0.8590948355636213,0.9702905653611813
2H,DISCOVERY,OB,PROJECT_DYNAMIC_EXTREMA_V1,FORECAST_REALIZATION,NATIVE_AVAILABILITY,5,1082,12916,N_GE_100,0.4879852125693161,0.45829614853482326,0.5177592908589153,0.477624651594921,0.010360560974395083,0.021691847227311767,0.0019922711141715952,0.00032698567935507405,0.00029927477680390157,0.003830012102424041,2.1295621276890278,1.4843647306971124,2.0009789763001553,2.2710022645896726,2.20720418322867,1.5133852135585577,2.067756683080646,2.34255018278925,1.1004686253686786,0.8431702495919953,1.0424727440227903,1.1614031880142686,1.190501857963197,0.847256049565427,1.12016143039962,1.258451926070866
2H,DISCOVERY,OB,PROJECT_DYNAMIC_EXTREMA_V1,FORECAST_REALIZATION,NATIVE_AVAILABILITY,10,1082,12911,N_GE_100,0.46210720887245843,0.43258636701249237,0.49189617261391355,0.47323987297653164,-0.011132664104073209,-0.023524357814679098,0.0043333618015529715,0.003597337623242769,0.0017984548424226717,0.007009347396605915,3.051050109031317,2.1681295396905695,2.8652495319637055,3.269927421270776,3.2309398471186976,2.311863770161315,3.0251129595027124,3.4196073351247023,1.5982993643518524,1.2022587101634146,1.5093821299351127,1.6999413207665435,1.7723812620030839,1.2772865765082613,1.6678946454409098,1.8773159432843485
2H,DISCOVERY,OS,ATR_1X_PRICE_BAND_CONTROL_V1,FORECAST_REALIZATION,NATIVE_AVAILABILITY,1,691,13339,N_GE_100,0.552821997105644,0.5155590948421491,0.5895008209717572,0.5123322587900142,0.04048973831562974,0.07903023403456033,0.0005406807928505378,0.0016357112705782662,-0.0007756396818913082,0.0019263498531140917,1.25501736719832,0.9443074555134884,1.1785847164823129,1.3506532586730775,1.6166861468657705,1.0032527502667707,1.470181193836784,1.7912859499774205,0.5706088024005191,0.49086613898352005,0.5383334762656493,0.6020173655842805,0.7405598804649334,0.5072633065412248,0.684918272373478,0.8008803926384765
2H,DISCOVERY,OS,ATR_1X_PRICE_BAND_CONTROL_V1,FORECAST_REALIZATION,NATIVE_AVAILABILITY,3,691,13337,N_GE_100,0.5455861070911722,0.5083102997848147,0.5823578467395153,0.5217065307040564,0.023879576387115797,0.045772048041817115,0.0011777764985903497,0.0017289335713366327,-0.0008265141628440452,0.003081327487277597,2.003763135819645,1.4212066322976316,1.8552459201056728,2.184979848216326,2.5932444548986697,1.6314779270633448,2.3547905125347293,2.822346990583951,0.8958427341534682,0.7392427095779203,0.8354435534636517,0.9484137270989044,1.2159241786539556,0.847491348449523,1.1258808673909944,1.3170581043812464
2H,DISCOVERY,OS,ATR_1X_PRICE_BAND_CONTROL_V1,FORECAST_REALIZATION,NATIVE_AVAILABILITY,5,691,13335,N_GE_100,0.5383502170767004,0.5010693453497894,0.5752070318849645,0.5220097487814023,0.016340468295298116,0.031302994500474135,0.000966464682654865,0.002556150599258844,-0.0014616993899253367,0.0034457440135169264,2.5027578741309413,1.7914697034808809,2.3398883248143463,2.696421966845533,3.145759935141246,1.9372867786169237,2.8897448408095947,3.4194617286494626,1.1452666197132602,0.9281951419014863,1.071899449497504,1.2138617394020341,1.4666438040948842,1.0207137258489158,1.3661594859798956,1.5847773506393077
2H,DISCOVERY,OS,ATR_1X_PRICE_BAND_CONTROL_V1,FORECAST_REALIZATION,NATIVE_AVAILABILITY,10,691,13330,N_GE_100,0.5499276410998553,0.5126586339030649,0.5866445741950109,0.5286571642910728,0.021270476808782468,0.040234916398619314,0.0015460654307467374,0.004829193417610567,-0.0019132733480974272,0.005207185860587008,3.444403170704076,2.5352610781060823,3.218468085359098,3.6986920474746063,4.218655252367932,2.874188912598526,3.843963560383226,4.606553870094954,1.6141490417524547,1.2985326553258119,1.5084467070658507,1.7214730460083447,1.97289887832661,1.3917520523750135,1.83129293254846,2.1137912466079154
2H,DISCOVERY,OS,CAUSAL_DNO_QUANTILE_80_20_CONTROL_V1,FORECAST_REALIZATION,NATIVE_AVAILABILITY,1,1284,13317,N_GE_100,0.5693146417445483,0.5420624554509489,0.5961533002755318,0.5124277239618533,0.056886917782694946,0.11101451994609435,0.0003439771666721463,0.0016028373915041305,-0.0005960607697332342,0.0012116040188722259,1.0645305367663465,0.7676202283207338,1.0064298380008676,1.1146261271809896,1.300982381998605,0.7887969125859222,1.2039458093992006,1.4127339210988052,0.5177934132873675,0.4344439258771864,0.4977211514718401,0.539627596622748,0.628052748181062,0.4316120887021358,0.5946353343180167,0.663687275458395
2H,DISCOVERY,OS,CAUSAL_DNO_QUANTILE_80_20_CONTROL_V1,FORECAST_REALIZATION,NATIVE_AVAILABILITY,3,1284,13315,N_GE_100,0.5327102803738317,0.5053627204368419,0.5598626923779016,0.5218174990612091,0.010892781312622613,0.020874695333559234,7.518213585212858e-05,0.0011445263044636,-0.0013569834213715333,0.0014813304632167307,1.7729816033470616,1.2742010986947667,1.676113527836192,1.8618423491971414,2.2550085391133847,1.4018415237054564,2.1022478889194685,2.4341233238663915,0.8615739404974103,0.6945695321408688,0.8262889333851492,0.9010077826813941,1.107988537829591,0.7802441274182136,1.048869374058237,1.1739263115407708
2H,DISCOVERY,OS,CAUSAL_DNO_QUANTILE_80_20_CONTROL_V1,FORECAST_REALIZATION,NATIVE_AVAILABILITY,5,1284,13313,N_GE_100,0.5537383177570093,0.5264274131533119,0.5807286221851956,0.5220461203335086,0.03169219742350071,0.060707658172527434,0.0006727800656682149,0.002689133367804186,-0.001270558818998118,0.002503452660390869,2.2691824876498488,1.6208315252160594,2.147382272085788,2.3795937252013264,2.816026088766873,1.7788577862914667,2.622083512603872,3.0187505295136887,1.1150425819044583,0.9010767723713352,1.064921115702177,1.1640504939290466,1.411684563019449,0.9749126448096614,1.3345485811328914,1.5000492668945644
2H,DISCOVERY,OS,CAUSAL_DNO_QUANTILE_80_20_CONTROL_V1,FORECAST_REALIZATION,NATIVE_AVAILABILITY,10,1284,13308,N_GE_100,0.544392523364486,0.5170593132612528,0.5714608898444707,0.5287045386233844,0.015687984741101557,0.029672498711566186,0.0018041937579706868,0.004208789914225686,-0.0009260298263956017,0.00440126898174985,3.1982315782047266,2.29022358237882,3.0313681185863595,3.361268614083214,3.7600515359467424,2.488233068352642,3.5260206780059344,4.018142724491433,1.5892797741142042,1.2652486047577907,1.515755672966143,1.661538528859481,1.9304940256326801,1.3526020896106976,1.815926324232586,2.0395496128089374
2H,DISCOVERY,OS,PROJECT_DYNAMIC_EXTREMA_V1,FORECAST_REALIZATION,NATIVE_AVAILABILITY,1,1047,12920,N_GE_100,0.5549188156638013,0.5246689462175858,0.5847671476713505,0.5117647058823529,0.0431541097814484,0.08432412256145083,-0.0004909329011148244,0.0013633648594717496,-0.0015799183179852619,0.0005683727941979042,1.0750333443549596,0.7781474723623423,1.02160852690938,1.1415871262824877,1.4785079297940256,0.8361346325688284,1.3559325225489467,1.5975171112022184,0.515722429675966,0.43191740643855786,0.4903424421577127,0.539978078164975,0.6881716021343396,0.45843817618838145,0.6437434415441828,0.7321423150855284
2H,DISCOVERY,OS,PROJECT_DYNAMIC_EXTREMA_V1,FORECAST_REALIZATION,NATIVE_AVAILABILITY,3,1046,12918,N_GE_100,0.5468451242829828,0.5165605208277921,0.5767868946299304,0.5211333023687877,0.025711821914195077,0.04933828215798752,-0.0005012034140499398,0.0015360148059463397,-0.0023632777797297,0.00112977064008278,1.8014680231882148,1.3097604094416955,1.689528914216973,1.93044453442133,2.462611229389807,1.436820402317374,2.3007429325432516,2.6703458560794706,0.8544751314574741,0.7086855043121773,0.8120316768985383,0.8924195492285993,1.163133607609138,0.7880107151902187,1.0952286394962134,1.234741766839796
2H,DISCOVERY,OS,PROJECT_DYNAMIC_EXTREMA_V1,FORECAST_REALIZATION,NATIVE_AVAILABILITY,5,1046,12916,N_GE_100,0.5458891013384322,0.5156026298273976,0.5758397363352693,0.5214462681944875,0.024442833143944687,0.04687507541012459,-0.00028686495403783046,0.002421248298566381,-0.002575178471126271,0.00174592858695357,2.2999372542196843,1.6807337237701967,2.1709702093761707,2.4544324160759095,3.0613724925372523,1.8989643142168056,2.82431652767507,3.3035948780675946,1.1089029280327256,0.9302977254723754,1.0529102636679026,1.1622455104732639,1.4782376544329558,1.0221180974409667,1.3833197501747818,1.5839792586502652
2H,DISCOVERY,OS,PROJECT_DYNAMIC_EXTREMA_V1,FORECAST_REALIZATION,NATIVE_AVAILABILITY,10,1046,12911,N_GE_100,0.5468451242829828,0.5165605208277921,0.5767868946299304,0.5262954070172721,0.020549717265710754,0.03904597492532624,0.0014369940478809859,0.003909173290236434,-0.0014217344642013991,0.004231806701816984,3.2504475544048623,2.3714050391711448,3.0628185723313996,3.4427157445714363,4.026287678831945,2.662344396551531,3.737129069571547,4.324811178218735,1.5921762246914304,1.2907794587859598,1.507844323530748,1.6740614539951815,1.9933317604223824,1.4161807667369857,1.863115917152247,2.131951127410587
2H,VALIDATION,OB,ATR_1X_PRICE_BAND_CONTROL_V1,FORECAST_REALIZATION,NATIVE_AVAILABILITY,1,240,4500,N_GE_100,0.5541666666666667,0.49091837418388323,0.6157082227544571,0.49133333333333334,0.06283333333333335,0.12788331071913173,0.0003234568815613699,-0.0012499773182711449,-0.001335265068281938,0.0019386866619517233,0.8553707378592104,0.57346826897154,0.7487980744307584,0.9803835331412536,1.1143831033762361,0.7158537989387599,0.9388730491810316,1.280951775610354,0.5726298821771401,0.39166777983892004,0.5031174521806268,0.6390560842157316,0.7720509034983423,0.5225281783408893,0.6643931760015492,0.8802191582021007
2H,VALIDATION,OB,ATR_1X_PRICE_BAND_CONTROL_V1,FORECAST_REALIZATION,NATIVE_AVAILABILITY,3,240,4498,N_GE_100,0.5083333333333333,0.44545218038399503,0.5709519114526727,0.5024455313472654,0.005887801986067864,0.011718289085545619,0.0008984732922650128,-0.0002082363638705731,-0.0016339525501222762,0.0036582485817814167,1.4489135376501767,0.9237014188624709,1.263970698700199,1.6390377644897474,1.8158249761271108,1.1542669216785888,1.5629529272875915,2.0846042077593085,0.9567688891433367,0.6220357518551158,0.8332302374007928,1.0781398108788074,1.3000506748385134,0.8205497945216675,1.1275130824170805,1.4926401133657141
2H,VALIDATION,OB,ATR_1X_PRICE_BAND_CONTROL_V1,FORECAST_REALIZATION,NATIVE_AVAILABILITY,5,240,4496,N_GE_100,0.4625,0.4005063165740798,0.5256752701609153,0.5115658362989324,-0.04906583629893235,-0.0959130434782608,0.0031148487085694778,0.001726213511231811,0.00014423625049759292,0.006809466589334482,1.7589160544500886,1.0762727590730465,1.5314022838914112,1.9675075880010036,2.26829921060516,1.312683146831998,1.9642299801152467,2.5502493153594883,1.1638753902033259,0.7463984463239368,1.0158177227155207,1.3127725166881814,1.597161793946011,1.0173365164441184,1.4100034126191006,1.814417472632759
2H,VALIDATION,OB,ATR_1X_PRICE_BAND_CONTROL_V1,FORECAST_REALIZATION,NATIVE_AVAILABILITY,10,240,4491,N_GE_100,0.4083333333333333,0.34806585437712095,0.4714891354195338,0.5021153417947005,-0.0937820084613672,-0.18677383592017738,0.00729626705591089,0.0034390495877480998,0.003121752751487219,0.012124321498192859,2.2326392502963386,1.5012160367129195,1.937456886275621,2.508031538146093,3.130823820701475,2.1970094367108857,2.7256792215574164,3.511742093398724,1.4835503394340728,1.1117916947655233,1.3167981045910324,1.6485793309260552,2.216985342438365,1.5059966008651933,1.9802595825544433,2.479000853925554
2H,VALIDATION,OB,CAUSAL_DNO_QUANTILE_80_20_CONTROL_V1,FORECAST_REALIZATION,NATIVE_AVAILABILITY,1,390,4500,N_GE_100,0.5358974358974359,0.48629186050051937,0.5848027115304697,0.49133333333333334,0.04456410256410254,0.09070034443168762,0.0006208690958037583,-0.0005766792727412429,-0.00045195619725254475,0.001925311074177235,0.7296934047331769,0.4787795922236818,0.6469958833580953,0.808072078762097,0.9389845771129856,0.6596723211884644,0.8531971533998808,1.038310008106215,0.5036689498301377,0.3632631690670625,0.4552542929724109,0.5569452677641108,0.6577524410759086,0.46246323460179967,0.590281814776766,0.723567511424144
2H,VALIDATION,OB,CAUSAL_DNO_QUANTILE_80_20_CONTROL_V1,FORECAST_REALIZATION,NATIVE_AVAILABILITY,3,390,4498,N_GE_100,0.5282051282051282,0.4786262602930005,0.577233760588491,0.5024455313472654,0.025759596857862777,0.05126843657817104,0.0002141438740181285,-0.0005547757131412201,-0.0018501868826531769,0.0024800590631469874,1.3538953221026997,0.8807781112585793,1.203118262748524,1.5159296405940765,1.5583294465948068,1.0182497584842756,1.3964017492403755,1.7237820301353075,0.9264436367013842,0.6355637325720958,0.8434956071384072,1.0307638082841961,1.1098568672232678,0.7700256584357357,0.9916043815323087,1.249234293014541
2H,VALIDATION,OB,CAUSAL_DNO_QUANTILE_80_20_CONTROL_V1,FORECAST_REALIZATION,NATIVE_AVAILABILITY,5,389,4496,N_GE_100,0.5038560411311054,0.4543753628484156,0.5532613029222156,0.5115658362989324,-0.007709795167826994,-0.01507097351067399,0.0013627573129882204,-0.0005562202212286982,-0.0011803066334070407,0.004207279127176794,1.7802265682240277,1.14515629835963,1.5753266431834059,1.9994011579826634,1.9593017662639773,1.171059915683686,1.7499916231132548,2.171510658055549,1.2182223689837772,0.8921924881601596,1.1039856833898871,1.339465301629195,1.3869065922945576,0.9392959277995734,1.2524258298068152,1.5299789029998798
2H,VALIDATION,OB,CAUSAL_DNO_QUANTILE_80_20_CONTROL_V1,FORECAST_REALIZATION,NATIVE_AVAILABILITY,10,389,4491,N_GE_100,0.4781491002570694,0.4289651303085142,0.5277604303245755,0.5021153417947005,-0.023966241537631106,-0.04773055021973449,0.003199893464032598,0.0006175723074242079,-0.0002625268127918817,0.007103837530072455,2.331655831385989,1.5187577921342021,2.062966863702037,2.611662692742733,2.7247169631585186,1.8224668969487685,2.477490128351587,2.998688455858275,1.6124794489673258,1.226908423647757,1.452680633163826,1.7680710395232966,1.9259523547003343,1.3201998339731233,1.7500993101736446,2.099057084366255
2H,VALIDATION,OB,PROJECT_DYNAMIC_EXTREMA_V1,FORECAST_REALIZATION,NATIVE_AVAILABILITY,1,343,4500,N_GE_100,0.5131195335276968,0.4603709710005691,0.5655774734766793,0.49133333333333334,0.021786200194363448,0.04434097732909792,0.001287597526601716,-0.00018871949718568537,-0.00021412680617514002,0.0027620532075885037,0.7337917608441271,0.48394638843035276,0.6451811215383472,0.8315579623490328,1.0462071240992086,0.6662279980259836,0.9016675720296369,1.180215139518729,0.4955963337213703,0.3424447358950168,0.44534006085868527,0.5477200023242634,0.7257207708269853,0.4825986758003814,0.6453677437599808,0.8097938694826502
2H,VALIDATION,OB,PROJECT_DYNAMIC_EXTREMA_V1,FORECAST_REALIZATION,NATIVE_AVAILABILITY,3,343,4498,N_GE_100,0.5160349854227405,0.4632629816272798,0.5684517838449127,0.5024455313472654,0.013589454075475071,0.027046621429861473,0.0008553507154822084,-0.00046531175887853937,-0.0014102123926595608,0.003209684411535587,1.3171311868773976,0.8050820130274963,1.1754972673991289,1.483710717202809,1.631558428257758,1.0911404882370195,1.4551924835349412,1.8089175136847901,0.8846935925867483,0.6226622190612457,0.7855098446120833,0.9775305123917177,1.1751835390267147,0.7882601851733493,1.0527980292038441,1.3120931786963732
2H,VALIDATION,OB,PROJECT_DYNAMIC_EXTREMA_V1,FORECAST_REALIZATION,NATIVE_AVAILABILITY,5,343,4496,N_GE_100,0.49271137026239065,0.44017645983821524,0.5454077376744244,0.5115658362989324,-0.018854466036541728,-0.03685638230447463,0.001990411083361629,0.0003822366962518142,-0.0006478084964767586,0.004872184656227467,1.7304947850031438,1.038682769209622,1.5311642937029668,1.9469941354874198,2.0368407893136555,1.2829169480081082,1.8181179038666853,2.2758811928463683,1.176267075495063,0.7944433969066937,1.0551609552021841,1.28712473380555,1.4432635630618795,0.9718118302698303,1.2917031190431483,1.6076960824833144
2H,VALIDATION,OB,PROJECT_DYNAMIC_EXTREMA_V1,FORECAST_REALIZATION,NATIVE_AVAILABILITY,10,343,4491,N_GE_100,0.46355685131195334,0.41147773216907246,0.5164432553941263,0.5021153417947005,-0.038558490482747176,-0.07679209789712527,0.004456144302347158,0.0017347195137999982,0.0008381104202738952,0.008672746299385272,2.3529756162784605,1.5023390650019381,2.0628179523607275,2.669375824339238,2.8326684201044525,2.0470463049375094,2.5408799151461436,3.1308845640610676,1.567281625542085,1.1583933584662434,1.4081810624719153,1.7203909662300894,2.009280865268866,1.3612549934773244,1.8447716370078826,2.2166666467945486
2H,VALIDATION,OS,ATR_1X_PRICE_BAND_CONTROL_V1,FORECAST_REALIZATION,NATIVE_AVAILABILITY,1,241,4500,N_GE_100,0.6058091286307054,0.5429147290462576,0.6653832072521492,0.5077777777777778,0.09803135085292758,0.1930595531020456,0.00052952753216207,0.0014844727920040324,-0.0014105326692776634,0.0023606836651990366,0.9096556813897256,0.6177827155506301,0.7797389097234743,1.031781619210423,1.1212395929241634,0.7382952561042377,0.9774812482578773,1.2670661572926798,0.5641026234764133,0.4386794114660385,0.5018671812679558,0.6285788599039879,0.7490995102363873,0.47102738031160307,0.6407847477304094,0.8692231231975478
2H,VALIDATION,OS,ATR_1X_PRICE_BAND_CONTROL_V1,FORECAST_REALIZATION,NATIVE_AVAILABILITY,3,241,4498,N_GE_100,0.5435684647302904,0.480489195218591,0.6052805432572235,0.49733214762116495,0.04623631710912546,0.09296868768745914,0.0005995212215859523,0.0009797746518300787,-0.0023627185351015544,0.003340945939972872,1.511755407565303,1.077604514289181,1.291271984463522,1.7432870882961573,1.6230543132837612,1.1689325050268544,1.4317961315232441,1.8348730298271787,0.9411104723763584,0.738599832657718,0.8353102640680742,1.0463937369561862,1.0812770927304671,0.7968019742736829,0.9576466233786574,1.2114986985238188
2H,VALIDATION,OS,ATR_1X_PRICE_BAND_CONTROL_V1,FORECAST_REALIZATION,NATIVE_AVAILABILITY,5,241,4496,N_GE_100,0.5145228215767634,0.451690813442397,0.5768990993828744,0.48821174377224197,0.026311077804521465,0.053892758910764726,0.0008331097664029222,0.000822458287561334,-0.0029674304744684104,0.004267581339571543,1.882036178247188,1.3200070669594455,1.6057455397834515,2.1364845337747735,1.9483432879003657,1.4028017777324346,1.716201315760144,2.2032704852669673,1.1800139952388453,0.874050563022312,1.0317293486552528,1.323967605340957,1.277030183850365,0.9510942671857876,1.1311554108965582,1.4359617134665823
2H,VALIDATION,OS,ATR_1X_PRICE_BAND_CONTROL_V1,FORECAST_REALIZATION,NATIVE_AVAILABILITY,10,241,4491,N_GE_100,0.5103734439834025,0.4475937993237404,0.5728275669800249,0.4972166555332888,0.013156788450113643,0.026460876367873087,-0.001081158462809496,0.0008172414598266453,-0.006165339576344057,0.0037155923673832746,2.6913809684274175,1.7203916047493957,2.3098037093398176,3.04702612258715,2.899088128384387,2.064881594801254,2.543529182269741,3.2880925205397733,1.6820342918622853,1.2585489321993821,1.5008973257445297,1.8746140834955556,1.926501630732859,1.3328656794444393,1.684222883062934,2.1887264802661273
2H,VALIDATION,OS,CAUSAL_DNO_QUANTILE_80_20_CONTROL_V1,FORECAST_REALIZATION,NATIVE_AVAILABILITY,1,385,4500,N_GE_100,0.6103896103896104,0.5608150049953383,0.657783005094117,0.5077777777777778,0.1026118326118326,0.20208019551564416,-0.000122465656545969,0.0015372137036036015,-0.001312883887207253,0.0011540794482099543,0.769334788934561,0.5410561660561598,0.6973055251780398,0.8501188107195458,0.9682709332103484,0.5609370366709454,0.8553557036157607,1.108201675153324,0.5229611897721249,0.42752750139941564,0.4839616299339035,0.5648540345438617,0.6926625240564693,0.43007229100569877,0.6062560463114953,0.7883309824629978
2H,VALIDATION,OS,CAUSAL_DNO_QUANTILE_80_20_CONTROL_V1,FORECAST_REALIZATION,NATIVE_AVAILABILITY,3,385,4498,N_GE_100,0.5506493506493506,0.5007039753925302,0.5995939351191022,0.49733214762116495,0.053317203028185656,0.10720642790379031,-7.441517770120351e-05,0.0016317045131462038,-0.0022172186427083513,0.0018841890798683512,1.285275421445412,0.8860332312090068,1.1577348657496311,1.4339539694500831,1.482324696572682,0.9455115640925084,1.325353195240095,1.6748053897256905,0.8805154413792874,0.7088711708527792,0.8051343482569396,0.9623640789414127,1.0600449038630808,0.747336797622477,0.9444420076256254,1.1739066518969674
2H,VALIDATION,OS,CAUSAL_DNO_QUANTILE_80_20_CONTROL_V1,FORECAST_REALIZATION,NATIVE_AVAILABILITY,5,385,4496,N_GE_100,0.5194805194805194,0.4696273291069079,0.568948790320643,0.48821174377224197,0.03126877570827746,0.06404756974233061,-0.0007324422241060799,0.0008886861600894136,-0.003180230457442081,0.0016637535235693188,1.6426573984839399,1.1835909659177206,1.474908833571932,1.8335167430856085,1.8666021899136922,1.2957197479581515,1.6767268075357544,2.092048053784674,1.1474652693570784,0.8522221085657431,1.0361431629256992,1.2704419106716862,1.3473803836460267,0.9749517791081844,1.2121928621133329,1.4891281008544937
2H,VALIDATION,OS,CAUSAL_DNO_QUANTILE_80_20_CONTROL_V1,FORECAST_REALIZATION,NATIVE_AVAILABILITY,10,385,4491,N_GE_100,0.4961038961038961,0.4464457900563516,0.5458389860581382,0.4972166555332888,-0.0011127594293927068,-0.0022379769804758975,-0.001066453204977838,-0.00027101919811500785,-0.0052586952170464345,0.002239524636467697,2.453297048121947,1.572813499571666,2.202791394229661,2.730764778654161,2.6965356906289144,1.9245733257249642,2.426523907881746,3.0236997689796037,1.699433643938854,1.3114338714641802,1.5372611026857308,1.8792389622518764,1.9617231553632752,1.41413012971117,1.7696879359434494,2.158821464695286
2H,VALIDATION,OS,PROJECT_DYNAMIC_EXTREMA_V1,FORECAST_REALIZATION,NATIVE_AVAILABILITY,1,356,4500,N_GE_100,0.5646067415730337,0.512683559562905,0.6151504651857621,0.5077777777777778,0.05682896379525593,0.11191699653332687,-0.0006190464169181643,0.0009061471578366564,-0.0021867674699868676,0.0006421311297676948,0.7680315137282291,0.5448784668263608,0.6932011270345338,0.8667283173747081,1.0581866067681456,0.6355312436755709,0.933602460123588,1.1749102028376137,0.49562016983222357,0.3849913978600661,0.4486800586298639,0.5410072129228893,0.7025689769427119,0.46280333778937055,0.6289675767202064,0.7880987014673957
2H,VALIDATION,OS,PROJECT_DYNAMIC_EXTREMA_V1,FORECAST_REALIZATION,NATIVE_AVAILABILITY,3,356,4498,N_GE_100,0.5393258426966292,0.4874024347761342,0.590409580288272,0.49733214762116495,0.041993695075464244,0.0844379259943846,-0.0005783667983118526,0.0014526729518802295,-0.0028233336798362744,0.001755237712315571,1.360933385957878,0.8844142927184088,1.2139435004662356,1.537552197478791,1.6761718845001554,1.1350829522527008,1.4914328907463659,1.8802170726324383,0.8537268564070435,0.6737573178660287,0.77649198286276,0.9432619249789874,1.1054053709826106,0.8153262890193396,1.000783239077033,1.2218166435894773
2H,VALIDATION,OS,PROJECT_DYNAMIC_EXTREMA_V1,FORECAST_REALIZATION,NATIVE_AVAILABILITY,5,356,4496,N_GE_100,0.5140449438202247,0.4622532687503381,0.5655367366298069,0.48821174377224197,0.02583320004798273,0.052913925929717776,-0.00164929703747025,0.0004997324695772409,-0.00432981105362801,0.0014852813072606052,1.7278161105359866,1.207276918513407,1.544673960598084,1.9306652320536626,2.1038677899767104,1.3729788099910063,1.8742523987971305,2.384507318309464,1.1131624216097462,0.8126743959643236,0.9992167313511657,1.2315945473642815,1.3784869876897647,0.9749821872465932,1.2379141489966643,1.529371939321121
2H,VALIDATION,OS,PROJECT_DYNAMIC_EXTREMA_V1,FORECAST_REALIZATION,NATIVE_AVAILABILITY,10,356,4491,N_GE_100,0.5028089887640449,0.4511179051236424,0.5544400959523866,0.4972166555332888,0.005592333230756086,0.011247276551422214,-0.0006375675527672133,0.00038124543380990694,-0.00494068019919181,0.0036700883509300807,2.7098586603772787,1.6826744454271327,2.426197786275108,3.032387042501008,2.988658890636261,2.079514922960686,2.678446273091107,3.3379856633053833,1.7274150656323373,1.3229202639355093,1.5559691986350452,1.8970659840661155,2.0002300520987513,1.4829258392278102,1.8194661952968558,2.209167993657499
30m,DISCOVERY,OB,ATR_1X_PRICE_BAND_CONTROL_V1,FORECAST_REALIZATION,NATIVE_AVAILABILITY,1,2734,53645,N_GE_100,0.5135332845647403,0.4947918315356517,0.5322367591614873,0.49350358840525677,0.02002969615948358,0.04058672850628908,0.00047597651016460405,-0.00018098531204496782,0.0001342415069594478,0.0008406359777575176,0.5512063039527803,0.3961093040606818,0.526624395495993,0.5787064072502401,0.6486677796402096,0.42870869791868416,0.6217856354321084,0.6829298170122934,0.5742301805831076,0.46628337656806434,0.5544662484945814,0.5955591593719985,0.7070689653996945,0.4912111138786472,0.6760773425040211,0.7369619134472153
30m,DISCOVERY,OB,ATR_1X_PRICE_BAND_CONTROL_V1,FORECAST_REALIZATION,NATIVE_AVAILABILITY,3,2733,53643,N_GE_100,0.5064032199048665,0.4876630286159696,0.5251254352834391,0.4903342467796357,0.016068973125230757,0.03277146809705189,0.0007183857484876233,-0.00013062788469908604,0.00022027707598227132,0.0012228654635352497,0.9004607132375334,0.5923148822341697,0.8544486876020075,0.9456389552211711,1.029718879109392,0.6864988558352403,0.9871233988365465,1.0732463722154737,0.9348775973153335,0.693429512986447,0.8996138902367148,0.9696662883776529,1.1382575187483484,0.7961914838097521,1.086190588014182,1.1836828976329261
30m,DISCOVERY,OB,ATR_1X_PRICE_BAND_CONTROL_V1,FORECAST_REALIZATION,NATIVE_AVAILABILITY,5,2733,53641,N_GE_100,0.508964507866813,0.4902221941895474,0.5276816552696247,0.486642680039522,0.02232182782729103,0.04586903028209166,0.0006252769130557884,-0.00024154341100413035,4.31932515283848e-05,0.001230949965098638,1.1362089478152142,0.75921551392628,1.0849850401447456,1.1892227915155642,1.2786826958313038,0.8871560151438059,1.2258534881536267,1.3267721449719392,1.1805365717389187,0.8869803293432676,1.138369333633598,1.2211336025946404,1.4253461774827094,0.9842908508400345,1.363820485765603,1.4802500292569072
30m,DISCOVERY,OB,ATR_1X_PRICE_BAND_CONTROL_V1,FORECAST_REALIZATION,NATIVE_AVAILABILITY,10,2733,53636,N_GE_100,0.5056714233443103,0.48693192863904877,0.5243949965289989,0.4795286747706764,0.026142748573633856,0.054517591854410075,0.000634104179594826,-0.00015317454239094364,-0.00014234322823733072,0.0014523959769283782,1.6188780118410877,1.0711289230362837,1.5536855041976183,1.6968411669380852,1.7039038001677138,1.1872013898943001,1.6382589700163983,1.7617661668849605,1.6987195838417524,1.2446337311497353,1.6339267760259475,1.7578809187346451,1.932996684701595,1.3175320610627597,1.845670586287412,2.0037069065594997
30m,DISCOVERY,OB,CAUSAL_DNO_QUANTILE_80_20_CONTROL_V1,FORECAST_REALIZATION,NATIVE_AVAILABILITY,1,5227,53607,N_GE_100,0.5551941840443849,0.5416863672393901,0.5686209301561189,0.49351763762195233,0.06167654642243259,0.12497333777091568,5.642799320718206e-05,-0.000583294447036975,-0.000140377054461717,0.00023944909503888418,0.4754599854931412,0.3583202421296229,0.4618185500181204,0.4899434710677067,0.5114153390259514,0.31710079275197955,0.49388188591887283,0.5292194673762264,0.5075617642577982,0.4262903420145349,0.4960802325289849,0.5199760821392728,0.5622902342069361,0.3755835990088988,0.5418603592429602,0.5808246562549354
30m,DISCOVERY,OB,CAUSAL_DNO_QUANTILE_80_20_CONTROL_V1,FORECAST_REALIZATION,NATIVE_AVAILABILITY,3,5227,53605,N_GE_100,0.5448632102544481,0.5313348455454812,0.5583256786806778,0.4903460498087865,0.05451716044566157,0.11118099241733637,9.06225153908078e-05,-0.0007535011822173976,-0.0002370468187951997,0.0004124384127755563,0.8347320676279172,0.5800137620940715,0.8064575003183071,0.8615731468693263,0.8595380903689813,0.5320044994864697,0.8316704187667944,0.8898572997010616,0.8864189181462605,0.6921564786798085,0.865837126514909,0.9089006290365768,0.9438960468015666,0.6282710294695537,0.9127365463506472,0.9715385957077781
30m,DISCOVERY,OB,CAUSAL_DNO_QUANTILE_80_20_CONTROL_V1,FORECAST_REALIZATION,NATIVE_AVAILABILITY,5,5226,53603,N_GE_100,0.5392269422120168,0.525688539376357,0.5527077164490585,0.48672648918903794,0.0525004530229789,0.10786438418515676,0.00011008815247724465,-0.0008549955384989372,-0.0002573352383034919,0.0005268539802711729,1.0840002188901134,0.7414460910590093,1.0478113180292146,1.1150380050655129,1.0979235019338647,0.6987799641545253,1.0617423695289685,1.1379959216567024,1.1533665921059033,0.8943340603557974,1.1240899658780201,1.1824870220288226,1.2066557925862884,0.8124898309419855,1.170968591248862,1.2446027258674786
30m,DISCOVERY,OB,CAUSAL_DNO_QUANTILE_80_20_CONTROL_V1,FORECAST_REALIZATION,NATIVE_AVAILABILITY,10,5226,53598,N_GE_100,0.5262150784538844,0.5126631204843252,0.5397285236526598,0.4795514758013359,0.046663602652548486,0.09730676477342315,-5.3917399941828454e-05,-0.0008109020796195354,-0.0006451812872939971,0.0004759276523033453,1.5772917133311266,1.0761870777156741,1.5313083913730083,1.6297960297606293,1.5315298630841996,1.0111188679907919,1.4820105060496567,1.5789355418924584,1.6949983970479048,1.2611088575488434,1.651414479556277,1.737720757420056,1.7188277363887774,1.1695577101142245,1.6716660483249133,1.7688879236560473
30m,DISCOVERY,OB,PROJECT_DYNAMIC_EXTREMA_V1,FORECAST_REALIZATION,NATIVE_AVAILABILITY,1,4504,52903,N_GE_100,0.5575044404973357,0.5429559408042347,0.5719549291784195,0.4937716197569136,0.06373282074042214,0.12907347889252563,8.079097888404276e-06,-0.0006241478461154193,-0.00019577616291298935,0.00025162826462100707,0.4915300624682384,0.36497172835389013,0.47471271455797753,0.5082973103875766,0.5226639943684104,0.32108961130447966,0.5028286302571987,0.5438952284651092,0.5166683726855215,0.43145256984261854,0.5044303356006196,0.5316478944428714,0.5745066566415795,0.37702978375415946,0.5557447861296412,0.5955902140068058
30m,DISCOVERY,OB,PROJECT_DYNAMIC_EXTREMA_V1,FORECAST_REALIZATION,NATIVE_AVAILABILITY,3,4503,52901,N_GE_100,0.5369753497668222,0.5223858839331338,0.5515017805456889,0.4908035764919378,0.046171773274884365,0.0940738321527752,0.00019581896248455183,-0.0006193046093958543,-0.00017060585800387476,0.0005494249108476294,0.8392622738420837,0.5823000853370845,0.8128867193656463,0.8687783152588621,0.8799381019996517,0.5628024405638508,0.8486649439472771,0.9137980379349986,0.883881611192106,0.693429512986447,0.8588327634821525,0.9089647599375836,0.9724991171492863,0.6466751797304662,0.9420059066831785,1.0053738747778749
30m,DISCOVERY,OB,PROJECT_DYNAMIC_EXTREMA_V1,FORECAST_REALIZATION,NATIVE_AVAILABILITY,5,4503,52899,N_GE_100,0.528758605374195,0.5141603530254867,0.543307830458042,0.4870602468855744,0.041698358488620524,0.08561232158701881,0.0003130169434321136,-0.0006456854126751788,-0.00014928405397289616,0.0007656584749124294,1.085921377811123,0.7410838351088322,1.0521641553965417,1.1229698572365978,1.126443648556113,0.7390959330152047,1.0865939032010983,1.1669016049513,1.1460240005578712,0.8868154105922779,1.1118964584015418,1.1811449954843332,1.249537727436068,0.8266272467680499,1.2080817576578278,1.2926256753150052
30m,DISCOVERY,OB,PROJECT_DYNAMIC_EXTREMA_V1,FORECAST_REALIZATION,NATIVE_AVAILABILITY,10,4503,52894,N_GE_100,0.5178769709082833,0.5032731736114142,0.5324502917972658,0.47999773131167994,0.03787923959660339,0.0789154554816156,0.0003522231993261886,-0.0005231341548477264,-0.00028666777013176354,0.0009387394031994377,1.581039349006548,1.057492601355716,1.52877222222759,1.6332273087964213,1.5727496549149251,1.0581840403975455,1.5235690066772218,1.631149809526751,1.6716420748061194,1.2402795259299313,1.6195959572312515,1.7219537092216588,1.7834881563487186,1.2010321080918502,1.7315450562404415,1.840973588345287
30m,DISCOVERY,OS,ATR_1X_PRICE_BAND_CONTROL_V1,FORECAST_REALIZATION,NATIVE_AVAILABILITY,1,2667,53645,N_GE_100,0.5620547431571054,0.543149105167319,0.580781868500307,0.5038120980520086,0.0582426451050968,0.11560390338043125,0.000339069445277634,0.0007676019057700767,-0.00011828675633793134,0.0007784427656711525,0.6612745083596863,0.45885864480776994,0.632797343151584,0.6921115745289734,0.84197967917835,0.5046863734679153,0.7951503629926839,0.891080439117794,0.6103189275365904,0.5289817813944562,0.5928364023683586,0.6280557697232533,0.812435190468833,0.5546348986667484,0.77357607319624,0.8528222356668463
30m,DISCOVERY,OS,ATR_1X_PRICE_BAND_CONTROL_V1,FORECAST_REALIZATION,NATIVE_AVAILABILITY,3,2667,53643,N_GE_100,0.5538057742782152,0.5348755604044886,0.5725812052831507,0.5078947858993718,0.04591098837884344,0.0903946834137015,0.0008455772859022034,0.0012501953430221757,0.00010357547537023619,0.001479436435538917,1.0438894517410755,0.6930814524043152,0.9954077476949266,1.0975516160051526,1.2872570696248624,0.7916590223859118,1.2269618517728051,1.3548618775364654,0.9623949911735075,0.8060019494415536,0.9332887728785938,0.9914704747664496,1.2644643180433675,0.8803749895024132,1.2074457540900974,1.3175140200555664
30m,DISCOVERY,OS,ATR_1X_PRICE_BAND_CONTROL_V1,FORECAST_REALIZATION,NATIVE_AVAILABILITY,5,2667,53641,N_GE_100,0.5568053993250843,0.5378835137716325,0.5755638729996384,0.5117727111724241,0.04503268815266026,0.08799353144386024,0.0012778098545905493,0.0015445712775088438,0.0005076203377204741,0.0019370821176064338,1.3155127590581461,0.871960977000059,1.2573394085857663,1.3769856896664248,1.5437877561366213,0.9638341144221447,1.4717754214841006,1.6207580655024671,1.236283824165381,0.9987612920500171,1.198041813248186,1.2785055995158852,1.5245548511917986,1.0613437253912479,1.4609951171964217,1.5845787312008333
30m,DISCOVERY,OS,ATR_1X_PRICE_BAND_CONTROL_V1,FORECAST_REALIZATION,NATIVE_AVAILABILITY,10,2666,53636,N_GE_100,0.5630157539384846,0.5441097648091838,0.581740397986991,0.5196882690730107,0.043327484865473886,0.08337206637886774,0.0018143860102103459,0.0022817338776375262,0.0008065997848046967,0.002831018764043139,1.8019901955407656,1.231699038693682,1.7256328722977181,1.8789817533236157,2.0791383829986714,1.2942102888452138,1.9852953040705792,2.1655522306973665,1.7272834647800164,1.3385106722396025,1.671366958218917,1.7937880705159406,2.0887780789645727,1.4318802245461297,2.0033123834392836,2.174171894702196
30m,DISCOVERY,OS,CAUSAL_DNO_QUANTILE_80_20_CONTROL_V1,FORECAST_REALIZATION,NATIVE_AVAILABILITY,1,5287,53607,N_GE_100,0.5678078305277094,0.5544099943809446,0.5811071981957523,0.5037961460257055,0.0640116845020039,0.12705870222901194,4.432956603997538e-05,0.0007622479384656877,-0.00017784323041835075,0.00028933459806800054,0.5176794054751886,0.38111400761643976,0.503950007750936,0.532777029747901,0.6319821677647754,0.35674051821253794,0.6046934574184338,0.6592414105524018,0.530049067170439,0.4598331684715778,0.5180640696190335,0.541384978707633,0.653626596097988,0.4320296262228783,0.6302002870115089,0.6794681069351168
30m,DISCOVERY,OS,CAUSAL_DNO_QUANTILE_80_20_CONTROL_V1,FORECAST_REALIZATION,NATIVE_AVAILABILITY,3,5287,53605,N_GE_100,0.5640249668999433,0.5506163308428539,0.5773406278383512,0.5078817274507975,0.05614323944914579,0.11054392472622432,0.0002974548904642831,0.0011629765585816632,-0.00010490766086090656,0.0006878990216178771,0.8760852573444238,0.6163544668587941,0.8483555073230399,0.9064132649551675,1.0732926646927188,0.594537320461497,1.0316049847866113,1.1135485895591324,0.9086108823025042,0.7474351120657994,0.888771864549693,0.9304705582430761,1.1088502490545153,0.7288887872779742,1.0723504697613158,1.147660120195922
30m,DISCOVERY,OS,CAUSAL_DNO_QUANTILE_80_20_CONTROL_V1,FORECAST_REALIZATION,NATIVE_AVAILABILITY,5,5287,53603,N_GE_100,0.5670512578021563,0.5536511983611525,0.5803539474364461,0.5116877786691043,0.05536347913305195,0.10819777497334782,0.0005644812446960512,0.0015585505479902562,8.881893543538188e-05,0.0010430370743871155,1.1299282144526108,0.7890103038932379,1.0949261045343601,1.1680376358596611,1.3442222057091,0.7655911152001,1.294022178050659,1.391549036116285,1.186395690591125,0.9477794043081305,1.1572256420636602,1.2136912509672175,1.3963677098674105,0.9354141605019225,1.3489694853891885,1.4406580085917675
30m,DISCOVERY,OS,CAUSAL_DNO_QUANTILE_80_20_CONTROL_V1,FORECAST_REALIZATION,NATIVE_AVAILABILITY,10,5286,53598,N_GE_100,0.5539160045402951,0.5404811045826301,0.5672725945073389,0.5196649128698833,0.03425109167041185,0.06590995624710927,0.00103049046292139,0.0018237599326481613,0.00042507758490005775,0.0016545537728699113,1.5973304874494176,1.1099818597679207,1.5493707956054983,1.636884967066305,1.8376128490349892,1.1180276716022277,1.7705951431399167,1.8986983655988405,1.6957941582163858,1.3059097411915217,1.651802319763885,1.7361492598795754,1.949798009499386,1.3278817883391891,1.8919371584427673,2.009826135864534
30m,DISCOVERY,OS,PROJECT_DYNAMIC_EXTREMA_V1,FORECAST_REALIZATION,NATIVE_AVAILABILITY,1,4306,52903,N_GE_100,0.5647933116581514,0.5499335279427165,0.5795375876546641,0.503525319925146,0.061267991733005345,0.12167807518023799,-3.629327553343968e-05,0.0007045299956648376,-0.0003192593700000523,0.00022120420900955567,0.5321808543229707,0.38936771795185343,0.5170870112046924,0.55134020463746,0.6735970261654511,0.38129732517676934,0.6437541737119244,0.7085776687973064,0.53924612616067,0.4724122407847435,0.5277699471685773,0.5517234548865889,0.6875245718617666,0.455212965991922,0.6605918344199468,0.7147155473958215
30m,DISCOVERY,OS,PROJECT_DYNAMIC_EXTREMA_V1,FORECAST_REALIZATION,NATIVE_AVAILABILITY,3,4306,52901,N_GE_100,0.5559684161634928,0.5410844741194841,0.5707525827226977,0.5074006162454396,0.048567799918053156,0.0957188429872935,0.0003257977240486105,0.0011209298496016595,-0.00012656200103324013,0.0007512563643939571,0.8890149011322023,0.6144209601095868,0.859283400101272,0.922608483365619,1.1004596821271273,0.6303684777795779,1.0544092201602469,1.1488809734368126,0.9134801292872579,0.7550518240353956,0.888588771905488,0.9359554942994868,1.1330156703131595,0.7549908183565235,1.0941343422533676,1.173592842606283
30m,DISCOVERY,OS,PROJECT_DYNAMIC_EXTREMA_V1,FORECAST_REALIZATION,NATIVE_AVAILABILITY,5,4306,52899,N_GE_100,0.5631676730143985,0.5483030819552763,0.5779196543977256,0.5113518213954895,0.051815851618909003,0.10133111773710413,0.00034148508348968667,0.0014295230136622816,-0.00021155794045557078,0.0007974335223245256,1.138506321236068,0.7942784429870249,1.103912988401126,1.1764687254722248,1.3898823970326073,0.7876353549861496,1.3317251202979243,1.45270213780445,1.1838267421139526,0.9583290566994422,1.1489666541442731,1.214547954383315,1.4344278593618316,0.9715269588836966,1.3864464834047439,1.4832699113343135
30m,DISCOVERY,OS,PROJECT_DYNAMIC_EXTREMA_V1,FORECAST_REALIZATION,NATIVE_AVAILABILITY,10,4305,52894,N_GE_100,0.5572590011614402,0.5423765632264438,0.5720393391822222,0.5192082277763074,0.03805077338513285,0.07328615254827286,0.0010434763469182164,0.0019295706705257931,0.0003218841247721073,0.001703220364626982,1.6122668360230845,1.123016690706783,1.5611689804654967,1.6656211922089983,1.8809911537264177,1.1457011457011474,1.80541747924604,1.9533595755875552,1.7013333401270674,1.3073496670375877,1.6536696934143325,1.7479394708825373,1.9847937659665582,1.3601795785604738,1.9226622450914879,2.050045742622612
30m,VALIDATION,OB,ATR_1X_PRICE_BAND_CONTROL_V1,FORECAST_REALIZATION,NATIVE_AVAILABILITY,1,876,17987,N_GE_100,0.5502283105022832,0.5171366317794986,0.5828813714610847,0.4941902485128148,0.05603806198946837,0.1133937024417333,6.450135677702235e-05,-0.00039525793930889064,-0.0004551980515648549,0.0005329509570898531,0.4595757732092009,0.3027417210950255,0.4202599359702689,0.5029801464722627,0.5644787975770507,0.3565204263608514,0.5208606219904763,0.6136554052316088,0.6346661201778004,0.473421162527451,0.5857332746645787,0.6897900922214479,0.7966363367698015,0.5441216846463931,0.738712631539578,0.8699607510205828
30m,VALIDATION,OB,ATR_1X_PRICE_BAND_CONTROL_V1,FORECAST_REALIZATION,NATIVE_AVAILABILITY,3,876,17985,N_GE_100,0.5468036529680366,0.5137049620253025,0.579493631903423,0.49719210453155405,0.04961154843648252,0.09978345992285154,0.00042156234927744247,-0.000593210954476231,-0.0004537754007768607,0.0011829919164240256,0.7468892247679126,0.4540193483339878,0.6887507087488558,0.8138377690336126,0.9204446128146037,0.5614025435895134,0.8458572352907823,1.006627033007738,1.0494556800420065,0.7405088427325759,0.9762009773965727,1.1275647758006178,1.295501173182971,0.8601059946891203,1.1989235829996137,1.4044093554057515
30m,VALIDATION,OB,ATR_1X_PRICE_BAND_CONTROL_V1,FORECAST_REALIZATION,NATIVE_AVAILABILITY,5,876,17983,N_GE_100,0.5399543378995434,0.5068463104712057,0.5727134648338038,0.5005838847800701,0.03937045311947329,0.07864906225810797,0.00029121238635470176,-0.0008061984675800105,-0.0007646027861007446,0.001290613225506798,0.9669142858324347,0.5888559189251896,0.8896726607010194,1.0453268229779922,1.145885303975307,0.6908482755832565,1.060535896532249,1.235871392428273,1.3648872098379359,0.9486280383578378,1.2635864042758396,1.4718850376718506,1.6382047839667546,1.067081150929345,1.517546790557231,1.7711652522299017
30m,VALIDATION,OB,ATR_1X_PRICE_BAND_CONTROL_V1,FORECAST_REALIZATION,NATIVE_AVAILABILITY,10,876,17978,N_GE_100,0.523972602739726,0.4908669953753782,0.5568688698076274,0.5,0.023972602739726012,0.047945205479452024,0.000891203095604829,-0.0009947992474659828,-0.0005988649788917233,0.0023592406453877036,1.3353080496677492,0.8572774154818442,1.2275471022679534,1.4435849632950386,1.5769937843287298,0.9743246841481654,1.4454388284229507,1.7002844429091708,1.9244573395127205,1.2874878475395781,1.7882547095922015,2.072446110119786,2.32304766765708,1.4856165419569707,2.1401144172399955,2.513096897728334
30m,VALIDATION,OB,CAUSAL_DNO_QUANTILE_80_20_CONTROL_V1,FORECAST_REALIZATION,NATIVE_AVAILABILITY,1,1654,17985,N_GE_100,0.5725513905683193,0.5485686023189573,0.5961979423255974,0.49424520433694746,0.07830618623137181,0.15843590498045024,-2.8172359861029356e-05,-0.0004066953629701664,-0.00031875878009306446,0.0002682519261091422,0.3582579662810988,0.22948700553900597,0.3360839620562964,0.381511906917766,0.4241829456721322,0.2376827687332321,0.3956997251613733,0.45184682546705884,0.5145310026082305,0.3951994557461582,0.48773623158731344,0.5435974349555168,0.6319282474118315,0.39711546400774117,0.5949761925191527,0.6753944231495892
30m,VALIDATION,OB,CAUSAL_DNO_QUANTILE_80_20_CONTROL_V1,FORECAST_REALIZATION,NATIVE_AVAILABILITY,3,1654,17983,N_GE_100,0.5671100362756953,0.543102998658852,0.5908060551373611,0.49724740032252684,0.0698626359531685,0.1404987455094866,0.00012642789737835988,-0.000767632522588102,-0.00038127562121380087,0.0005742126886400518,0.6197408708203357,0.39486654405372845,0.5847471684382424,0.6583950329148981,0.718037310317022,0.4248232868356171,0.6732976331034541,0.7635889551821006,0.8995224479284732,0.6618345139818862,0.8573047291748449,0.946419650297283,1.0729307589146384,0.6760600226561528,1.0119296344388176,1.140346981456643
30m,VALIDATION,OB,CAUSAL_DNO_QUANTILE_80_20_CONTROL_V1,FORECAST_REALIZATION,NATIVE_AVAILABILITY,5,1654,17981,N_GE_100,0.5417170495767836,0.517635300858733,0.5656054623118859,0.5006395639842055,0.04107748559257807,0.08205001871141371,0.00010305285789583219,-0.0006666369227529279,-0.0005956693426548383,0.0007257240480540182,0.8360491450060605,0.5234005609155614,0.7885140160695758,0.8880166639937815,0.9252357030948596,0.5374779954948861,0.8711625852836286,0.9840930298117037,1.2287747877077737,0.8860418240718526,1.165690513287284,1.2962497511985496,1.3782157769436332,0.9064766835588802,1.3038259817898312,1.4528228348420242
30m,VALIDATION,OB,CAUSAL_DNO_QUANTILE_80_20_CONTROL_V1,FORECAST_REALIZATION,NATIVE_AVAILABILITY,10,1654,17976,N_GE_100,0.5423216444981862,0.5182409436119243,0.5662062074307327,0.5000556297285269,0.0422660147696593,0.08452262559788593,0.000297257687967942,-0.0009022290460176663,-0.0006307041508591417,0.001123420205435272,1.2112846742546428,0.7707146465339902,1.1430539637886088,1.2895072208044436,1.3162095250686516,0.8006415995104929,1.2435322575911274,1.3992150529617966,1.8266990401982774,1.2625391959988024,1.7278742666019413,1.9239021521616466,2.0174649749384406,1.2493313699809245,1.8971160097268494,2.1401143107853478
30m,VALIDATION,OB,PROJECT_DYNAMIC_EXTREMA_V1,FORECAST_REALIZATION,NATIVE_AVAILABILITY,1,1400,17954,N_GE_100,0.5614285714285714,0.5353023341019321,0.5872186112810798,0.4942074189595633,0.06722115246900806,0.13601809663344655,-6.436922942954647e-05,-0.0003268966483626068,-0.00044601360457738294,0.00028142374433974825,0.3702582245281852,0.22948983218019778,0.34156652316251607,0.3980597145178756,0.4369442938947699,0.2442596285308206,0.40612781532111225,0.46799034400681455,0.5175847314976764,0.3992992012512926,0.48597299982142655,0.549451872306118,0.6361132948238234,0.4101831803611847,0.5996435707298781,0.6741824137015938
30m,VALIDATION,OB,PROJECT_DYNAMIC_EXTREMA_V1,FORECAST_REALIZATION,NATIVE_AVAILABILITY,3,1400,17952,N_GE_100,0.55,0.5238381824511067,0.5758881684420425,0.4972704991087344,0.05272950089126566,0.10603786266382897,0.00016976731448910043,-0.0005789016642369638,-0.0003586928978507463,0.0007316788615537287,0.6233368726084034,0.39145758175458545,0.5819964730484071,0.6669644166447011,0.729470176921783,0.4352709334385745,0.6840577744393433,0.7853700961410766,0.8905368756566586,0.6491659697284402,0.836460872168759,0.9396632890006927,1.1082578280227973,0.6997596812196818,1.0421165743048626,1.1880301698108628
30m,VALIDATION,OB,PROJECT_DYNAMIC_EXTREMA_V1,FORECAST_REALIZATION,NATIVE_AVAILABILITY,5,1400,17950,N_GE_100,0.5328571428571428,0.5066678702363565,0.5588665889219986,0.5007242339832869,0.03213290887385589,0.06417286540784528,0.00012187339347163547,-0.0004978763726113944,-0.0005316407151685806,0.0008835586905551908,0.8347692233412194,0.5310645382631389,0.78143434927259,0.890590330556068,0.930601331068962,0.5602559361683799,0.8768697400696621,0.99572667335502,1.2088231843786221,0.8843104679559153,1.1354643460980849,1.2756852336172453,1.442090611496097,0.9061966319559035,1.3647226886859742,1.5351077941255078
30m,VALIDATION,OB,PROJECT_DYNAMIC_EXTREMA_V1,FORECAST_REALIZATION,NATIVE_AVAILABILITY,10,1400,17945,N_GE_100,0.5257142857142857,0.49952269594076854,0.5517651416614225,0.5000278629144609,0.025686422799824804,0.051369982964767136,0.000251201681554675,-0.0006741149843352279,-0.0006662273784017461,0.0012916130732302626,1.194680645300737,0.7522106530174503,1.1148212826208737,1.2656247573750088,1.315784164031495,0.8191658768958374,1.2404710366435634,1.404419929322835,1.757109464591299,1.2045632191727926,1.6579864081933706,1.8553697431363803,2.0822211906466848,1.3006183538468252,1.9572044783342077,2.2135879785647523
30m,VALIDATION,OS,ATR_1X_PRICE_BAND_CONTROL_V1,FORECAST_REALIZATION,NATIVE_AVAILABILITY,1,897,17987,N_GE_100,0.5730211817168339,0.5404069585641746,0.6050126135337393,0.5043642630788903,0.06865691863794365,0.13612566088411504,6.417654791072839e-05,0.0006719609040928276,-0.00044089280197140033,0.0006083744349157802,0.47562465030538403,0.30600559445811354,0.43989388771163995,0.5157506411393672,0.5822907178155368,0.33828495095796035,0.5360639221155157,0.6285479607097934,0.6305342614214476,0.5273945826707882,0.5925616037354875,0.6759723454009966,0.8121401979337101,0.5369432946534987,0.7612719265262987,0.8695149433884614
30m,VALIDATION,OS,ATR_1X_PRICE_BAND_CONTROL_V1,FORECAST_REALIZATION,NATIVE_AVAILABILITY,3,897,17985,N_GE_100,0.568561872909699,0.5359251959719775,0.6006137915703385,0.5022518765638032,0.06630999634589574,0.13202538296036037,-3.637686810836543e-05,0.0011070767243708257,-0.0008204966910037567,0.0007318445738092583,0.7385361321190768,0.5037948538612449,0.684229233537231,0.7934763931228345,0.9066276810378316,0.5205320994794621,0.8389286723147964,0.980853285088712,0.99532603207427,0.7821115568813362,0.9378874044190754,1.0606628935363198,1.2636546688883707,0.8615895365406459,1.170751593982062,1.363903860866105
30m,VALIDATION,OS,ATR_1X_PRICE_BAND_CONTROL_V1,FORECAST_REALIZATION,NATIVE_AVAILABILITY,5,897,17983,N_GE_100,0.5406911928651059,0.507974106779622,0.5730612272902078,0.4990824667741756,0.041608726090930304,0.08337044248392189,-0.0006073319679606091,0.0009319286871962706,-0.0015151097339761955,0.000367490391611127,0.9280116508361996,0.6224679021532408,0.8559424791250047,0.9988793562614737,1.1546139760723295,0.6905326287225756,1.0614101063577035,1.25446226606279,1.257778065664264,0.9749046879486021,1.1778365499788395,1.3403818874185245,1.6338942654562973,1.1077125337825806,1.516795567724155,1.7453244473042104
30m,VALIDATION,OS,ATR_1X_PRICE_BAND_CONTROL_V1,FORECAST_REALIZATION,NATIVE_AVAILABILITY,10,897,17978,N_GE_100,0.5328874024526199,0.5001661566579438,0.5653281544395898,0.49944376460117923,0.033443637851440666,0.06696176871513537,-0.00024926146859560055,0.0007585557099281104,-0.0015207709988225872,0.0010707936086967282,1.25489720285009,0.845175125089348,1.1638628822428552,1.3461328685056337,1.4760971909967837,0.9294329568570465,1.350079158213688,1.5943461994079908,1.717387244936045,1.3261373164921317,1.6108736015646576,1.819442356978857,2.0985122668421567,1.4652506888161836,1.9596507261584206,2.2552111644185326
30m,VALIDATION,OS,CAUSAL_DNO_QUANTILE_80_20_CONTROL_V1,FORECAST_REALIZATION,NATIVE_AVAILABILITY,1,1726,17985,N_GE_100,0.5799536500579374,0.5565160317132928,0.6030361492494035,0.5043091465109814,0.07564450354695607,0.14999629507078338,0.000117179142643479,0.0005571733662621536,-0.0001620032597155149,0.0003936126916345072,0.3748199804554254,0.24099046989524853,0.35382413061100826,0.3956941638098871,0.4412405574740265,0.25088481340789226,0.4158744354633055,0.4678088503675586,0.5418718010339096,0.43038837318635986,0.517944197240808,0.5685023303904251,0.6584614537026475,0.4255119409691052,0.6232427029651374,0.6942391805205664
30m,VALIDATION,OS,CAUSAL_DNO_QUANTILE_80_20_CONTROL_V1,FORECAST_REALIZATION,NATIVE_AVAILABILITY,3,1726,17983,N_GE_100,0.5666280417149478,0.5431271627125243,0.5898329880897226,0.5021965189345493,0.06443152278039854,0.12829942134424832,2.85760708689064e-05,0.0008199476122504601,-0.0004836149554399613,0.0005182144564663465,0.63883380998221,0.4023675719073577,0.6060036472512718,0.6793007280584628,0.7472527149983217,0.42002551591684345,0.7068749486770569,0.7946850037821129,0.9201570260155763,0.687527031984276,0.8780420828412769,0.961337018073877,1.1197525549961114,0.7245352499570652,1.0630989933003916,1.1785763142408032
30m,VALIDATION,OS,CAUSAL_DNO_QUANTILE_80_20_CONTROL_V1,FORECAST_REALIZATION,NATIVE_AVAILABILITY,5,1725,17981,N_GE_100,0.5739130434782609,0.5504377763503735,0.5970598312962726,0.4990267504588176,0.07488629301944327,0.15006468681406537,0.0003329005155853144,0.0010740702035507699,-0.0003140928051055273,0.0009045551917294633,0.8393806249973865,0.5270258542473758,0.788965075274476,0.8976184488881788,0.937638518539356,0.5393179140493541,0.8757498837554156,0.9983546927514331,1.2115812712876712,0.899280117327168,1.1566085136193156,1.2673828244655194,1.4257176449770224,0.9175007021314369,1.3556326258404992,1.5160597251669186
30m,VALIDATION,OS,CAUSAL_DNO_QUANTILE_80_20_CONTROL_V1,FORECAST_REALIZATION,NATIVE_AVAILABILITY,10,1723,17976,N_GE_100,0.5647127103888566,0.5411836160174632,0.5879538798594024,0.4993880729862038,0.06532463740265282,0.1308093663751908,0.0006760801937348074,0.0012396856839260728,-0.00013325726334793717,0.0015287570895298754,1.2152402281179486,0.7361128633254569,1.145722776794027,1.286147771325605,1.2643406955221423,0.7826695659944588,1.1901979017314908,1.3522879219121422,1.774611061617927,1.3000725102143313,1.6944680920969997,1.8597228170136209,1.9592748620778884,1.2795097080462428,1.8620211985723956,2.0720532429378467
30m,VALIDATION,OS,PROJECT_DYNAMIC_EXTREMA_V1,FORECAST_REALIZATION,NATIVE_AVAILABILITY,1,1351,17954,N_GE_100,0.6032568467801629,0.5769118250644872,0.6290163070507359,0.5043444357803275,0.09891241099983539,0.19612075395814954,7.06488423121598e-05,0.0007261932312407904,-0.00028657968459280835,0.0003989820277301646,0.39531347327473865,0.2560933246083931,0.370946533901592,0.4200543396870295,0.4687971680420163,0.25406619331714414,0.43972896964652236,0.5065268241332029,0.5629113134974884,0.4513380771293443,0.5316393915691949,0.5942013058726677,0.6893364619468895,0.4407683311038615,0.6480711719157141,0.7350278864148951
30m,VALIDATION,OS,PROJECT_DYNAMIC_EXTREMA_V1,FORECAST_REALIZATION,NATIVE_AVAILABILITY,3,1351,17952,N_GE_100,0.5677276091783864,0.5411557352373162,0.5939154051823461,0.5021724598930482,0.06555514928533823,0.13054309927569507,0.00016988191922042228,0.0008390296868445724,-0.00034751599658307774,0.000737111267561985,0.6573796785001271,0.4239030982699679,0.612533462650824,0.69737935562081,0.7512170832976981,0.42996862889830734,0.7050180095414381,0.811121144926735,0.9304996596600862,0.7077840054269048,0.8818590974117267,0.9728845514980647,1.1322751772330402,0.722557395102962,1.059470507935561,1.2009706747218145
30m,VALIDATION,OS,PROJECT_DYNAMIC_EXTREMA_V1,FORECAST_REALIZATION,NATIVE_AVAILABILITY,5,1350,17950,N_GE_100,0.5718518518518518,0.5452892713111768,0.5980066652297007,0.498941504178273,0.07291034767357885,0.1461300514449242,0.0003182010703178352,0.0010981778082139737,-0.00038922431307620003,0.0010401339324384866,0.8498878887844867,0.5438252868113086,0.7943235164637372,0.9054049940544246,0.9442005204820192,0.546501489463364,0.8845703726039198,1.0100459314038088,1.2100332507026872,0.9210408794533875,1.1494341903742582,1.274942193070181,1.4521232233222345,0.916773066410799,1.3668426856915838,1.5545969103218393
30m,VALIDATION,OS,PROJECT_DYNAMIC_EXTREMA_V1,FORECAST_REALIZATION,NATIVE_AVAILABILITY,10,1350,17945,N_GE_100,0.5711111111111111,0.5445449491807945,0.5972737096637852,0.49941487879632207,0.07169623231478905,0.14356046517394438,0.0006451168601341285,0.0013965417715156025,-0.00022066328199126073,0.0015769453775686135,1.212977843489578,0.7540290422082059,1.143367855102269,1.2874766655037524,1.2740271788742807,0.7761239689021944,1.1935521181506674,1.3618996208749556,1.7706942114505038,1.3252662742179013,1.6787118744960863,1.8635071596029074,1.969609827450836,1.2524276404660442,1.8381682337247973,2.108814489965491
4H,DISCOVERY,OB,ATR_1X_PRICE_BAND_CONTROL_V1,FORECAST_REALIZATION,NATIVE_AVAILABILITY,1,402,6707,N_GE_100,0.5049751243781094,0.45628434259075534,0.5535717194787811,0.4829282838825108,0.02204684049559863,0.04565241099227535,0.0010814982286831655,-0.0001683749910893484,-0.0008178649414747635,0.003006472743366088,1.4355223860885413,1.0307642153621135,1.2776752279471046,1.6051157344765485,1.609913172531842,1.1667326027205602,1.4661874181718229,1.7600082481178216,0.5307210270745734,0.4101435649129828,0.47498605449539494,0.5909160946207491,0.6383072589573845,0.45639932048612675,0.5813837472881812,0.6957633065581732
4H,DISCOVERY,OB,ATR_1X_PRICE_BAND_CONTROL_V1,FORECAST_REALIZATION,NATIVE_AVAILABILITY,3,402,6705,N_GE_100,0.4154228855721393,0.3682717246026977,0.46417522021518204,0.4756152125279642,-0.06019232695582488,-0.12655677398520093,0.005772287905044542,0.004122736471294575,0.002677532363485467,0.009135081944694281,2.2956643795206007,1.5354973024745515,2.021022925960757,2.5696637782250997,2.8790562704793152,2.024170914198057,2.5961880795137318,3.1714218033040833,0.8606110732270925,0.6343026517040647,0.7798025991464217,0.9417579510476238,1.1229439010861781,0.8047799216174156,1.0348764310099876,1.234614179142393
4H,DISCOVERY,OB,ATR_1X_PRICE_BAND_CONTROL_V1,FORECAST_REALIZATION,NATIVE_AVAILABILITY,5,402,6703,N_GE_100,0.4253731343283582,0.37797316198007963,0.4741859069768732,0.46874533790839923,-0.04337220358004101,-0.09252828790484247,0.009116187019776054,0.006397971587240425,0.004527970770287644,0.013636654460473782,2.953130883994447,1.9821690438124293,2.6495690462549737,3.2828608677927194,3.934169922826381,2.8381589894587713,3.5354174125725337,4.390305843352394,1.1243239312698774,0.8495561874916066,1.0263744504133017,1.2228184432125635,1.552933769101487,1.142610998378106,1.4104620091311058,1.7109616379811035
4H,DISCOVERY,OB,ATR_1X_PRICE_BAND_CONTROL_V1,FORECAST_REALIZATION,NATIVE_AVAILABILITY,10,402,6698,N_GE_100,0.4577114427860697,0.40963831145863483,0.5065851609503051,0.4638698118841445,-0.006158369098074823,-0.01327607216572424,0.011919700070827448,0.00620298159766941,0.005820892321462865,0.018044060570416003,3.9783558582345364,2.866051308666398,3.640242711693263,4.351101617411291,5.384404132793372,3.87415485255714,4.845698235880248,5.967286469665606,1.5454798379151025,1.1036280345832645,1.4054740464086959,1.6949791495463418,2.160246327940071,1.5310906097732215,1.9644900557486584,2.383908771238179
4H,DISCOVERY,OB,CAUSAL_DNO_QUANTILE_80_20_CONTROL_V1,FORECAST_REALIZATION,NATIVE_AVAILABILITY,1,645,6701,N_GE_100,0.517829457364341,0.47927515740160664,0.5561726313961523,0.4827637666019997,0.03506569076234134,0.07263529947401826,0.00125725836947576,-0.0004937296336525732,-0.0002182388507984609,0.002632113634422563,1.2543259015279349,0.9422556655289309,1.1584264777004678,1.3653659525565507,1.4706828080537353,1.056947930290929,1.3700884600705379,1.5661017924269778,0.46829317856196095,0.3583897054638796,0.43567075588271087,0.5028825047411992,0.5520475014940491,0.416353275981304,0.5115012114942874,0.5956999959776716
4H,DISCOVERY,OB,CAUSAL_DNO_QUANTILE_80_20_CONTROL_V1,FORECAST_REALIZATION,NATIVE_AVAILABILITY,3,645,6699,N_GE_100,0.4697674418604651,0.4315433562770761,0.5083495235875933,0.4755933721450963,-0.005825930284631187,-0.012249813865895853,0.003122082782112051,0.0018908187245079144,0.0006892686304423772,0.0057571258186172435,2.2037238489861424,1.5649201516850817,2.037474428322896,2.3943149794643963,2.5277034801853886,1.853401031867699,2.3437037214052787,2.715423912318209,0.8272020961181183,0.6148543634102905,0.766953168939844,0.886692114684504,0.9570628345691984,0.6928111953719293,0.8885760116560301,1.043470987449415
4H,DISCOVERY,OB,CAUSAL_DNO_QUANTILE_80_20_CONTROL_V1,FORECAST_REALIZATION,NATIVE_AVAILABILITY,5,645,6697,N_GE_100,0.44651162790697674,0.4085747224380308,0.4850819111686922,0.46871733612065103,-0.02220570821367429,-0.04737547878527448,0.006697792462135336,0.00556861384108176,0.0032479974395701883,0.00987393759186882,2.969033320190091,2.1692795907734497,2.7445712254377,3.2107972448074427,3.505520407453721,2.6666666666666625,3.260355961507814,3.741680141545738,1.1232864492248553,0.8678184379396789,1.0498142704403812,1.1991423572097444,1.3454931056125723,1.0346637566931016,1.2462492635452782,1.4697023103633593
4H,DISCOVERY,OB,CAUSAL_DNO_QUANTILE_80_20_CONTROL_V1,FORECAST_REALIZATION,NATIVE_AVAILABILITY,10,645,6692,N_GE_100,0.4666666666666667,0.42847604686036217,0.5052520001699146,0.4642857142857143,0.0023809523809523725,0.00512820512820511,0.00866514530031235,0.0048164897462616985,0.004081926703065592,0.013362804231286905,4.203829601153731,3.096588967120105,3.907360294242843,4.5598264309367185,5.019423103217328,3.629237503817569,4.665920354629448,5.369671844481436,1.5922209307699628,1.1761121562891819,1.4845335441096381,1.7001769063765,1.944848539638618,1.3800810547221216,1.794485569509951,2.130617803217605
4H,DISCOVERY,OB,PROJECT_DYNAMIC_EXTREMA_V1,FORECAST_REALIZATION,NATIVE_AVAILABILITY,1,605,6583,N_GE_100,0.5289256198347108,0.4890924357410039,0.5683937807067553,0.48230290141272975,0.04662271842198101,0.09666688358170106,0.0008545512726188692,-0.0009989576094511232,-0.0005849397625899568,0.002363672689890948,1.3059462567296558,0.9703834638000064,1.207893421374747,1.4264570184491683,1.4551375591063844,1.0138560324433872,1.347773940683274,1.5754018738755236,0.4773858085755223,0.36896759502968324,0.4419982100763787,0.5157454966237588,0.5387697179647161,0.38902639415776363,0.4997888160721652,0.5762567390827366
4H,DISCOVERY,OB,PROJECT_DYNAMIC_EXTREMA_V1,FORECAST_REALIZATION,NATIVE_AVAILABILITY,3,605,6581,N_GE_100,0.46611570247933887,0.4267034617472562,0.5059555418425117,0.4743959884516031,-0.008280285972264212,-0.017454376035704877,0.0035909948647629593,0.0026745851234100115,0.0010694124730191797,0.0062357016387925655,2.3037634777058944,1.5578245325994722,2.1266171531731968,2.495884958546817,2.5805262256999217,1.86784887700884,2.367934215551614,2.764837974210244,0.8444286790992941,0.6232381663367059,0.7799826981769663,0.9123650295880134,0.9632874254266336,0.7006540782414876,0.8969650150876409,1.0389880498932988
4H,DISCOVERY,OB,PROJECT_DYNAMIC_EXTREMA_V1,FORECAST_REALIZATION,NATIVE_AVAILABILITY,5,605,6579,N_GE_100,0.4479338842975207,0.40876019135849784,0.4877646190355356,0.4675482596139231,-0.01961437531640242,-0.04195155240787107,0.006347086858164922,0.005513678508476616,0.0028051931762809535,0.009758085213502512,3.0655302552906636,2.2024305707892817,2.83360833209008,3.2974329364169503,3.5515449513995807,2.579212873439694,3.272754209087062,3.8209815657958113,1.1273117537377337,0.8672440594446895,1.0428651063793601,1.2173742320734648,1.3462170919831575,1.0257274420466205,1.2440717083240354,1.4484988953983446
4H,DISCOVERY,OB,PROJECT_DYNAMIC_EXTREMA_V1,FORECAST_REALIZATION,NATIVE_AVAILABILITY,10,605,6574,N_GE_100,0.4628099173553719,0.42343712759393015,0.5026520226875223,0.4627319744447825,7.79429105894347e-05,0.0001684407278812472,0.011203548014183799,0.0059190031152649425,0.006344064519095903,0.016419735853810492,4.220374467069747,2.9943697932228015,3.921388434207192,4.537789197856616,5.140726721370012,3.732956801835595,4.720929164853521,5.561094145733682,1.5580701901091092,1.1502209555361829,1.4401537295649451,1.6714971460259764,1.9790865210282425,1.391704851721847,1.8276885530853169,2.1386303335243357
4H,DISCOVERY,OS,ATR_1X_PRICE_BAND_CONTROL_V1,FORECAST_REALIZATION,NATIVE_AVAILABILITY,1,367,6707,N_GE_100,0.5776566757493188,0.526573389766401,0.6271310490020651,0.5157298345012673,0.06192684124805148,0.12007612727686645,0.0006707754654901791,0.0026775320139695857,-0.002653844771600348,0.0036305635793824485,1.7708702228783375,1.1944255223921012,1.5575185541133627,2.0148929752933613,2.6114752644574915,1.5509103169251517,2.2645750922014005,2.956763392017412,0.5364134435832546,0.43085596243252205,0.49542492910485236,0.5830717280808297,0.8143657292324782,0.5207277485862265,0.7227215674906599,0.9273529700713123
4H,DISCOVERY,OS,ATR_1X_PRICE_BAND_CONTROL_V1,FORECAST_REALIZATION,NATIVE_AVAILABILITY,3,367,6705,N_GE_100,0.5149863760217984,0.4639638272807262,0.5656984328324866,0.5240865026099926,-0.009100126588194146,-0.01736378735738242,-0.00015519415496185551,0.0007305656020852869,-0.0048039166495851635,0.003975152576968673,2.8531236782826985,1.9339798677961502,2.5584674570672212,3.155969864326223,3.8494518454238706,2.3297677756940103,3.3929943590375133,4.405544646529439,0.9108793148980124,0.6846122908379848,0.8367951505471134,0.9884977493017295,1.1901887424090662,0.8414405760487796,1.0831214609535513,1.3226641018377776
4H,DISCOVERY,OS,ATR_1X_PRICE_BAND_CONTROL_V1,FORECAST_REALIZATION,NATIVE_AVAILABILITY,5,367,6703,N_GE_100,0.5803814713896458,0.5293138798205324,0.6297836971503361,0.531105475160376,0.049275996229269814,0.09278005694516733,0.0020943481334595128,0.0065316183318882,-0.0046503900955347155,0.007907236716841718,3.6276238700548205,2.5388155565670414,3.3021422691913997,3.9822286791283963,4.757439013036652,2.9799029799029797,4.166383132976409,5.4431029160599405,1.1707284909374427,0.9165121486025691,1.0796998540512865,1.2616478218430573,1.4906959314630137,1.0970155491680982,1.340001207731887,1.6502959404188577
4H,DISCOVERY,OS,ATR_1X_PRICE_BAND_CONTROL_V1,FORECAST_REALIZATION,NATIVE_AVAILABILITY,10,367,6698,N_GE_100,0.5749318801089919,0.5238344506025747,0.6244768499634892,0.5359808898178561,0.0389509902911358,0.0726723490167207,0.005345083424626886,0.0051806727064458435,-0.001592770404836194,0.011089048724767205,4.8818020408129605,3.929273084479374,4.401921017552415,5.326487430372926,5.81130204272257,3.6730043997485833,5.101035768074033,6.524429063907029,1.6256765391963899,1.2843873975854765,1.496875188136097,1.7710836202568685,1.8731106823811545,1.315155143047871,1.6805164684711427,2.077754244862279
4H,DISCOVERY,OS,CAUSAL_DNO_QUANTILE_80_20_CONTROL_V1,FORECAST_REALIZATION,NATIVE_AVAILABILITY,1,586,6701,N_GE_100,0.5853242320819113,0.5450051340394872,0.6245319077697036,0.5158931502760782,0.06943108180583313,0.1345842288634329,0.0009208120616011454,0.002638038084996075,-0.0009753859816580782,0.002614985848184702,1.4796022092754297,1.0813099992202992,1.3572594911180382,1.6092505341471073,1.8777053677371687,1.1051219777798593,1.7068389871680896,2.0480741480236038,0.49809542631686426,0.4042773646321912,0.46385218176116144,0.5346424730895382,0.6483277774327028,0.42013537358781317,0.5895322863673991,0.7109893952226441
4H,DISCOVERY,OS,CAUSAL_DNO_QUANTILE_80_20_CONTROL_V1,FORECAST_REALIZATION,NATIVE_AVAILABILITY,3,586,6699,N_GE_100,0.5699658703071673,0.5295532211980029,0.6094671530855337,0.5241080758322137,0.04585779447495353,0.08749682859234231,0.001205751022097237,0.004424311902692213,-0.0016287405028203345,0.0038825032119561187,2.524431217808716,1.8303611005731293,2.337370121247959,2.739969244886759,3.023201627810803,1.763294086126319,2.7038764259812726,3.3056395895490405,0.8664054583580395,0.6866096118474168,0.8072293308919138,0.9290861649468435,1.0530795528153796,0.6692100207869037,0.9572226122746202,1.156183677608919
4H,DISCOVERY,OS,CAUSAL_DNO_QUANTILE_80_20_CONTROL_V1,FORECAST_REALIZATION,NATIVE_AVAILABILITY,5,586,6697,N_GE_100,0.5648464163822525,0.5244112672701173,0.6044368845048675,0.5311333432880394,0.03371307309421312,0.06347384045879823,0.002690410518046081,0.0056389241440687465,-0.0014796355236534363,0.006486725168452975,3.3060733078642732,2.411437232125876,3.0594123093154595,3.5624989550461224,3.771152943991594,2.3930208484938023,3.3885352966386995,4.154778680990614,1.1403799495162485,0.9492722990175683,1.0612042664620784,1.2175260664585565,1.3319533767835452,0.9126929347012174,1.220262899100165,1.4440301491473302
4H,DISCOVERY,OS,CAUSAL_DNO_QUANTILE_80_20_CONTROL_V1,FORECAST_REALIZATION,NATIVE_AVAILABILITY,10,586,6692,N_GE_100,0.5563139931740614,0.5158509144766359,0.5960435331174299,0.5355648535564853,0.020749139617576073,0.03874253412969275,0.007327572297533189,0.0048772516289522505,0.0023026087243408926,0.011837662805849497,4.796827067661932,3.642274711006494,4.430586889977305,5.15569756190765,5.086429140922524,3.495276336318735,4.616047060715689,5.554360467695015,1.6589804046822936,1.2843873975854765,1.5391974368466668,1.7852967918673122,1.8056290869576896,1.2211000368613132,1.6473037370495844,1.952353588106238
4H,DISCOVERY,OS,PROJECT_DYNAMIC_EXTREMA_V1,FORECAST_REALIZATION,NATIVE_AVAILABILITY,1,494,6583,N_GE_100,0.5668016194331984,0.5227550197448554,0.6098172683082121,0.5164818471821359,0.050319772251062544,0.09742795903786616,0.0009835976400428986,0.002187296684268758,-0.0010863349180220813,0.002856846914361077,1.516921169816044,1.1089820614450745,1.403100245468248,1.6365909286522426,1.9379624984335715,1.1861093680457497,1.7649116416129405,2.127450412640915,0.5176336749269881,0.4071972275997423,0.4815065429804335,0.5551696187302619,0.6909469703386412,0.456720266617821,0.6282203803048987,0.7579081269402056
4H,DISCOVERY,OS,PROJECT_DYNAMIC_EXTREMA_V1,FORECAST_REALIZATION,NATIVE_AVAILABILITY,3,494,6581,N_GE_100,0.5951417004048583,0.5512819400729022,0.6375331368511635,0.5253001063668136,0.06984159403804469,0.13295560612217883,0.0033860687248371724,0.005436705008679543,0.00033431228900234833,0.00602836426761541,2.629517301291065,1.9375201788489345,2.4273157674681656,2.849138076775798,2.954665758415307,1.8296823368198631,2.6541961971532575,3.297975210171585,0.9141290368047832,0.7674642425714582,0.8505135706683152,0.980226209966114,1.0318052621747633,0.701157887748403,0.9442753991160946,1.1311910488679116
4H,DISCOVERY,OS,PROJECT_DYNAMIC_EXTREMA_V1,FORECAST_REALIZATION,NATIVE_AVAILABILITY,5,494,6579,N_GE_100,0.5910931174089069,0.5471977145284305,0.633582678271207,0.5322997416020672,0.05879337580683974,0.11045163319051943,0.0054461078310467925,0.0074129947906949045,0.0011168905640333373,0.008980501308391986,3.410051970762701,2.585957712074818,3.1615606197270134,3.659238265218798,3.6186265325626543,2.3834630476926986,3.254126963268127,4.043419287693769,1.1895685924850692,0.9811343849740082,1.1097337417651758,1.2696263276673092,1.2758456700072802,0.8790727777219316,1.1686399832065695,1.3845434542318378
4H,DISCOVERY,OS,PROJECT_DYNAMIC_EXTREMA_V1,FORECAST_REALIZATION,NATIVE_AVAILABILITY,10,494,6574,N_GE_100,0.5991902834008097,0.5553691843668668,0.6414805766816273,0.5371159111651962,0.06207437223561352,0.11556978846698485,0.011341375844185226,0.009012822718402758,0.006168270038974496,0.01614764959012849,4.918455371307006,3.9386766289546635,4.560099924287443,5.316767217602327,4.645847098649758,3.1990900347920506,4.21035845770041,5.178183906128103,1.7145121781667179,1.448134869514116,1.600915807512341,1.8277561130842372,1.6741627878443859,1.1579026208873964,1.5277364796091362,1.8301882345606724
4H,VALIDATION,OB,ATR_1X_PRICE_BAND_CONTROL_V1,FORECAST_REALIZATION,NATIVE_AVAILABILITY,1,126,2249,N_GE_100,0.5555555555555556,0.46842447964780765,0.6393992070596883,0.5006669630947087,0.054888592460846874,0.10963094533254414,0.0011375371085467541,-0.001291742237418514,-0.0018874031135885157,0.004450317911084831,1.13554242022109,0.7568484723855975,0.9236539019185829,1.3523738134890513,1.5239155160686126,0.9751589840492243,1.2313840940485972,1.8375425156916103,0.5018766349190901,0.39678642447591167,0.41919343461307174,0.5829755280819314,0.7859013251555342,0.456755323171956,0.6139362184951578,0.9633243226608417
4H,VALIDATION,OB,ATR_1X_PRICE_BAND_CONTROL_V1,FORECAST_REALIZATION,NATIVE_AVAILABILITY,3,126,2247,N_GE_100,0.42063492063492064,0.3380368812599529,0.5079292805864816,0.5122385402759234,-0.09160361964100278,-0.17883000289603235,0.003526710121798247,0.002818323600997319,-0.0015852562789667416,0.008430055865678004,1.9169130323193222,1.2676759494240286,1.5488929098842363,2.2943302657778895,2.37228246052871,1.6003180738858693,1.9963190839882163,2.734842504513781,0.8411288692111211,0.5974134675371687,0.710946396213201,0.9836329174834237,1.186539830355893,0.7553990097580219,0.9854401122983512,1.382187066054779
4H,VALIDATION,OB,ATR_1X_PRICE_BAND_CONTROL_V1,FORECAST_REALIZATION,NATIVE_AVAILABILITY,5,126,2245,N_GE_100,0.4126984126984127,0.3305590263103976,0.5000037517206803,0.5086859688195992,-0.09598755612118648,-0.18869707836432892,0.009228312603372538,0.006318730287368068,0.0021334168028193283,0.015733532271887757,2.368841772253197,1.5817645356314414,1.9216101213404715,2.821668301954543,3.3471352028373387,2.54220348688758,2.8608851063568737,3.886952529841141,1.0645212726281539,0.8863524119361337,0.9011135677536856,1.2425697809869498,1.65295844204232,1.143103996404514,1.3795889534019519,1.92060205077498
4H,VALIDATION,OB,ATR_1X_PRICE_BAND_CONTROL_V1,FORECAST_REALIZATION,NATIVE_AVAILABILITY,10,126,2240,N_GE_100,0.4365079365079365,0.3530579106505297,0.523715018826618,0.5008928571428571,-0.06438492063492063,-0.1285403050108932,0.012096653286463576,0.0035298961002614426,0.0020736833563186246,0.01991880655652392,3.0485727958080373,2.079852123383624,2.4836868984248914,3.673452869946681,4.513063059033416,3.1689779337661466,3.8082904024775566,5.2258848547683785,1.4220563216574014,1.057941596633213,1.2048696283084444,1.6567356218049465,2.193105964618105,1.6145421031768767,1.8450802547047815,2.5301658940579594
4H,VALIDATION,OB,CAUSAL_DNO_QUANTILE_80_20_CONTROL_V1,FORECAST_REALIZATION,NATIVE_AVAILABILITY,1,197,2249,N_GE_100,0.5482233502538071,0.478466026025584,0.6161358891155021,0.5006669630947087,0.04755638715909838,0.09498606991191139,0.0021009886375073458,-0.0009104889436662988,-0.00021371155965421493,0.004692000685534239,1.113598159001244,0.6949397021840215,0.9530839305622668,1.2787402949712048,1.454228685179693,0.9360913934690497,1.2306585791320683,1.6798575266255111,0.4962043702318518,0.3543956611437185,0.42347060970086803,0.5624382639305656,0.7023380007984746,0.4472590061299811,0.5930573095625913,0.8265079158936742
4H,VALIDATION,OB,CAUSAL_DNO_QUANTILE_80_20_CONTROL_V1,FORECAST_REALIZATION,NATIVE_AVAILABILITY,3,196,2247,N_GE_100,0.4744897959183674,0.4057448120499269,0.5442155565620136,0.5122385402759234,-0.03774874435755604,-0.07369368251210118,0.003443906414790979,0.0011485159902826503,-0.0008506501813652269,0.007223984097570828,1.812606487557438,1.204169684112946,1.5501989862776764,2.0790894072944197,2.2316013821381397,1.3373697038093062,1.928028952529607,2.5999744391232236,0.805147441701388,0.5905752053811897,0.7038315839431164,0.9095198375675894,1.071801224345855,0.7304386971064165,0.9224520343980191,1.2430985211963086
4H,VALIDATION,OB,CAUSAL_DNO_QUANTILE_80_20_CONTROL_V1,FORECAST_REALIZATION,NATIVE_AVAILABILITY,5,196,2245,N_GE_100,0.45918367346938777,0.3908712872467186,0.5290653025323864,0.5086859688195992,-0.04950229535021139,-0.09731405697129991,0.005667610746902852,0.0019490648605545724,5.610999565829716e-05,0.01075236076974126,2.3167227805946937,1.598860328399386,1.9516514109700718,2.696003024745534,3.010478018492853,1.9979848118298065,2.590887394046947,3.4913965932651645,1.0146534677935135,0.8200828844475325,0.906977944107625,1.1413176362214024,1.45579157147561,0.96521500466528,1.2569524328109467,1.6575541452293294
4H,VALIDATION,OB,CAUSAL_DNO_QUANTILE_80_20_CONTROL_V1,FORECAST_REALIZATION,NATIVE_AVAILABILITY,10,196,2240,N_GE_100,0.45408163265306123,0.38592772367371286,0.5240009398277802,0.5008928571428571,-0.04681122448979591,-0.09345556404379929,0.007864538796750555,0.002391148536780463,0.0005210213485908777,0.014991951779940206,3.2294241976011935,2.177076618819723,2.7654542006476595,3.7180296623577243,4.2553802787519315,2.8465510280643356,3.7287369765830594,4.918200048292049,1.4850416674845288,1.1389203693773597,1.2798266886618774,1.663559147930719,2.0678234793483625,1.3287221151102444,1.7831240992479196,2.3706860585966325
4H,VALIDATION,OB,PROJECT_DYNAMIC_EXTREMA_V1,FORECAST_REALIZATION,NATIVE_AVAILABILITY,1,166,2249,N_GE_100,0.5240963855421686,0.44843914393929696,0.59866356823487,0.5006669630947087,0.023429422447459936,0.046796421922146836,0.0025448681098348106,-0.0004513322488283733,-2.5289918406747836e-06,0.005329599658142866,1.047175902844332,0.6705397253986163,0.8744304566992224,1.2227996621047583,1.5099671952259204,1.0596230168366079,1.254291833876992,1.8016508009809515,0.4619588618463509,0.3557497186196962,0.3975459461963355,0.5334890252063731,0.7467093856482513,0.4463908750358839,0.6232565660856716,0.8952741495057268
4H,VALIDATION,OB,PROJECT_DYNAMIC_EXTREMA_V1,FORECAST_REALIZATION,NATIVE_AVAILABILITY,3,166,2247,N_GE_100,0.463855421686747,0.3896676381568331,0.5396782935819162,0.5122385402759234,-0.04838311858917643,-0.09445427234568149,0.0050576685313905335,0.001917115607957709,0.0008660564166894472,0.00872151645532976,1.672339657277825,1.172829602646182,1.4103457406364783,1.9452923852806505,2.310807554692912,1.3440369925215332,1.951018329340311,2.6829958207542246,0.7320374174351306,0.583801117689719,0.6430457912723384,0.826448593580166,1.1151187820842172,0.7502237521835186,0.964282310523509,1.2888723303035314
4H,VALIDATION,OB,PROJECT_DYNAMIC_EXTREMA_V1,FORECAST_REALIZATION,NATIVE_AVAILABILITY,5,166,2245,N_GE_100,0.4759036144578313,0.4013364317651299,0.5515608560607029,0.5086859688195992,-0.03278235436176785,-0.06444517122781857,0.0065053287945423255,0.0007021094900773184,0.0012620979002666635,0.011185959418704062,2.1778880102043217,1.5595654545871158,1.846940687457969,2.572689074080283,3.0150607570751022,1.9649765885598156,2.5576188162606237,3.422178533129132,0.9567559998444659,0.8286880255689089,0.8442278978360855,1.0743465092440307,1.4802499481732567,0.9696025891751388,1.2903644764256619,1.7079869837811885
4H,VALIDATION,OB,PROJECT_DYNAMIC_EXTREMA_V1,FORECAST_REALIZATION,NATIVE_AVAILABILITY,10,166,2240,N_GE_100,0.46987951807228917,0.39549667190525584,0.5456249378770354,0.5008928571428571,-0.03101333907056797,-0.06191611365247085,0.008247315907708568,0.0014479720553368658,0.000671532063063427,0.015616417900102084,3.0768259660804174,2.235126551493212,2.625355973947731,3.5097164519815465,4.18117377514734,2.8465510280643356,3.5087502519442317,4.854437501159685,1.4268183653584432,1.1901042870286047,1.2581804240983394,1.6102646325231698,2.06920941944415,1.3287221151102444,1.7740129739435095,2.3982420368195516
4H,VALIDATION,OS,ATR_1X_PRICE_BAND_CONTROL_V1,FORECAST_REALIZATION,NATIVE_AVAILABILITY,1,128,2249,N_GE_100,0.6015625,0.5149808076118778,0.682225536971319,0.49933303690529124,0.10222946309470876,0.20473202359750675,0.001303124422020502,0.0020642495264632243,-0.001511781750743205,0.004394756754639925,1.2628774732115122,0.97988799928916,1.0524429704827911,1.488833424311278,1.4300398415709514,0.8444615151415982,1.1507394903030144,1.6658328022870579,0.5420351743320699,0.4395876398640894,0.47128055779761757,0.6216009339902194,0.614817152502732,0.4269857112943904,0.5230343087413186,0.728306715624594
4H,VALIDATION,OS,ATR_1X_PRICE_BAND_CONTROL_V1,FORECAST_REALIZATION,NATIVE_AVAILABILITY,3,128,2247,N_GE_100,0.5234375,0.43749638578492134,0.6080127706573549,0.48776145972407653,0.03567604027592347,0.07314239279197077,0.0016799882973739938,0.001230799105496061,-0.002732854496316817,0.0067700635204875105,2.105011544291739,1.5988517938517193,1.7559287186407104,2.4256881237545054,2.1346409158140096,1.587517520186574,1.7487836821428093,2.436989791506177,0.9506311295144962,0.7213878330413357,0.7904651791177838,1.1203427936106682,0.9314033341022208,0.7622874009316138,0.7978554776521274,1.0790911906746214
4H,VALIDATION,OS,ATR_1X_PRICE_BAND_CONTROL_V1,FORECAST_REALIZATION,NATIVE_AVAILABILITY,5,128,2245,N_GE_100,0.53125,0.4451521555712906,0.6155267196850777,0.4908685968819599,0.040381403118040116,0.08226519963702361,0.0012115266209905221,0.0030756567864733686,-0.006936964961618905,0.008246969489553878,3.0337133820490765,2.158494890580952,2.503052715773124,3.571853361194431,3.199385896291715,2.0351614401207216,2.51737104847714,3.7950023498213232,1.3302545348778707,0.9634546245230471,1.1189140004658251,1.549863020399571,1.3741651298561504,0.9691514156189502,1.1378533798520902,1.6334743520899004
4H,VALIDATION,OS,ATR_1X_PRICE_BAND_CONTROL_V1,FORECAST_REALIZATION,NATIVE_AVAILABILITY,10,127,2240,N_GE_100,0.5590551181102362,0.4722284228757405,0.6424140150033437,0.49910714285714286,0.059947975253093366,0.12011043342301364,-0.0014186177191027008,0.007274562025381126,-0.014425017102396954,0.010367697154086235,4.2101830654290096,2.9875513514521312,3.516829063469269,4.896490233017174,4.664730120343635,2.64366119496904,3.7340380237938935,5.597307914823983,1.8704292305864945,1.4434645998055884,1.5895039229223222,2.1726867105163077,2.0086937229752793,1.272675088413058,1.6481718819971345,2.3841796188240543
4H,VALIDATION,OS,CAUSAL_DNO_QUANTILE_80_20_CONTROL_V1,FORECAST_REALIZATION,NATIVE_AVAILABILITY,1,200,2249,N_GE_100,0.57,0.500703604055383,0.636657955116052,0.49933303690529124,0.07066696309470871,0.14152270703472825,0.00012067147788542842,0.001474066023585574,-0.0023093568806720577,0.0025430628442529614,1.131505176924724,0.7983656530902852,0.9672080012463146,1.3238381398430288,1.3700368769436992,0.7860341757513913,1.1585853596605482,1.6088138626711879,0.4909980951768982,0.37228126227976016,0.4428995844044524,0.5485446283109277,0.6154872548792397,0.4012603289914678,0.5284124146149106,0.706885670871453
4H,VALIDATION,OS,CAUSAL_DNO_QUANTILE_80_20_CONTROL_V1,FORECAST_REALIZATION,NATIVE_AVAILABILITY,3,200,2247,N_GE_100,0.51,0.441184632709161,0.5784384471724727,0.48776145972407653,0.02223854027592348,0.04559306569343069,-0.0008196532943641959,0.000990767695508099,-0.004826299975122464,0.0034659398677008854,2.05436466092532,1.399313774027315,1.7356922139123994,2.4166021964975215,2.2380285020037265,1.5026732361137634,1.9191597421831628,2.611123909784646,0.9463985353281867,0.6738423408747702,0.8209775429015324,1.0760062458927198,1.0169752437198576,0.7622874009316138,0.8935906340958177,1.1661836825101906
4H,VALIDATION,OS,CAUSAL_DNO_QUANTILE_80_20_CONTROL_V1,FORECAST_REALIZATION,NATIVE_AVAILABILITY,5,200,2245,N_GE_100,0.515,0.44610724474630287,0.5833273750761476,0.4908685968819599,0.02413140311804013,0.049160617059891276,0.0002902998454185063,0.0022925246237653907,-0.005211232882449442,0.00622718282335219,2.6997045477634654,1.9086898563631776,2.3187275882134277,3.116626991684948,2.8422380592318035,1.8589402243399018,2.4161284989313145,3.259719827770256,1.246621328631464,0.9706332539345444,1.0809198290284712,1.3944269640359084,1.3176695685002318,0.8950381675940463,1.1513780763882242,1.5099242776520223
4H,VALIDATION,OS,CAUSAL_DNO_QUANTILE_80_20_CONTROL_V1,FORECAST_REALIZATION,NATIVE_AVAILABILITY,10,200,2240,N_GE_100,0.535,0.46586521028994954,0.6028155692957681,0.49910714285714286,0.03589285714285717,0.07191413237924871,-0.0021233611111126476,0.002955976816749084,-0.009561907017946198,0.0053109410485002485,3.6859603853603757,2.6742277485109733,3.2095210419175992,4.244682661803197,4.1339401501609245,2.513642658208987,3.493230129526597,4.798899908276504,1.7242136106910748,1.3222743462366264,1.5126693800141784,1.9005623443461181,1.8607051131960448,1.3132176672444469,1.6102183844777336,2.157359283393045
4H,VALIDATION,OS,PROJECT_DYNAMIC_EXTREMA_V1,FORECAST_REALIZATION,NATIVE_AVAILABILITY,1,168,2249,N_GE_100,0.5833333333333334,0.5077337368021919,0.6552070179393841,0.49933303690529124,0.08400029642804213,0.1682249925794006,-8.998960318019426e-05,0.001623164425786805,-0.0024959859216568546,0.002402275073311583,1.0605404459962133,0.7524271954583017,0.8864238919319947,1.2665028059597836,1.3662967090196068,0.8874999447501357,1.159773634939367,1.5881998555057681,0.4765491018829709,0.37226134593556304,0.4219858733618503,0.5392566420649586,0.6629924331230064,0.45119847805445207,0.5630427946239658,0.7730350504261705
4H,VALIDATION,OS,PROJECT_DYNAMIC_EXTREMA_V1,FORECAST_REALIZATION,NATIVE_AVAILABILITY,3,168,2247,N_GE_100,0.4523809523809524,0.37901896797822315,0.5278720293123049,0.48776145972407653,-0.035380507343124146,-0.07253649635036497,-0.000788867423913292,-0.0013368730067832568,-0.0049207943343003244,0.003527383620404737,1.9753311121224892,1.2462643230157446,1.6420947620384763,2.3532288690126846,2.130832150577178,1.6267843527211108,1.8441003383220027,2.4572066367192265,0.9244868812254567,0.6654056058524368,0.7914800027559992,1.0845060061740535,1.0563683199379046,0.8298730882145527,0.9120006206642971,1.2210743794551921
4H,VALIDATION,OS,PROJECT_DYNAMIC_EXTREMA_V1,FORECAST_REALIZATION,NATIVE_AVAILABILITY,5,168,2245,N_GE_100,0.5238095238095238,0.4486014310801917,0.5979530702745445,0.4908685968819599,0.03294092692756395,0.06710742373174328,0.0009961284667158242,0.0028079206085668273,-0.004847301291320972,0.007157179542966893,2.638687411485646,1.7626625727120298,2.238876962178293,3.105888347244702,2.8289288290745045,2.0447049232927714,2.426345451551687,3.2424621080922624,1.2278441495770418,0.9258302104039835,1.0905155205974424,1.4004212314015982,1.392459405867162,0.9732325283298344,1.2048746994859516,1.6370131251626323
4H,VALIDATION,OS,PROJECT_DYNAMIC_EXTREMA_V1,FORECAST_REALIZATION,NATIVE_AVAILABILITY,10,168,2240,N_GE_100,0.5595238095238095,0.48395411206432865,0.6324321413225114,0.49910714285714286,0.060416666666666674,0.12104949314251634,0.003140404870464397,0.005396308297317964,-0.005047703844419161,0.011420136680484071,3.8391626965868775,2.417111533105473,3.246878245047163,4.502570778552468,3.864727075045882,2.513642658208987,3.3012042022390915,4.453282069216501,1.7812284883399054,1.336793256435012,1.5532802542789212,2.0164746076017726,1.8904960446699957,1.3664132285968873,1.6426325971186413,2.210261605939423
5m,DISCOVERY,OB,ATR_1X_PRICE_BAND_CONTROL_V1,FORECAST_REALIZATION,NATIVE_AVAILABILITY,1,19095,323081,N_GE_100,0.5291437549096623,0.5220587005118141,0.5362170851777223,0.4952132746896289,0.033930480220033366,0.06851690363369012,1.999660034949693e-05,-0.00015901998256462324,-3.465226006416551e-05,7.409441320734169e-05,0.225015110453924,0.1538770321803638,0.22116565531407484,0.22956042494548207,0.23621879113831482,0.1364128020396644,0.23148662127626404,0.24122863534742395,0.5869789431942471,0.48639894415169715,0.5797507229848664,0.5947085088313253,0.6465161618811021,0.43466703644432947,0.6353229388778237,0.6575031947638198
5m,DISCOVERY,OB,ATR_1X_PRICE_BAND_CONTROL_V1,FORECAST_REALIZATION,NATIVE_AVAILABILITY,3,19095,323079,N_GE_100,0.5123854412149778,0.5052938792731149,0.519472020665026,0.4939225390693917,0.018462902145586046,0.0373801571808654,0.00020542248568089798,-0.0001162956834366291,0.000118771935068353,0.00030323544767437913,0.37084231761709174,0.24974759551517023,0.3643398901493252,0.3777286852139568,0.4027523255571523,0.23882848343912727,0.3945795291603369,0.4111219463413473,0.9889525001624425,0.782786008266966,0.9747651885288335,1.004143903026285,1.1098665381682384,0.757668703146834,1.0923324359443913,1.1269781536267147
5m,DISCOVERY,OB,ATR_1X_PRICE_BAND_CONTROL_V1,FORECAST_REALIZATION,NATIVE_AVAILABILITY,5,19095,323077,N_GE_100,0.519298245614035,0.5122084005124536,0.5263803272981376,0.49402773951720486,0.02527050609683018,0.05115199830990491,0.0001938912840249086,-0.00023183396472969964,8.443593898508938e-05,0.00030826262465407983,0.4714191653129516,0.3131720937252327,0.46407232387621433,0.47983833116626007,0.5079478591448978,0.3039911090772421,0.497549401884978,0.5184441108945628,1.2690101098326554,0.9785920803540413,1.2509449374488972,1.2898192837397326,1.4100361156721493,0.9583238844656081,1.3880141999641415,1.4316394552156768
5m,DISCOVERY,OB,ATR_1X_PRICE_BAND_CONTROL_V1,FORECAST_REALIZATION,NATIVE_AVAILABILITY,10,19095,323072,N_GE_100,0.5184603299293009,0.5113702044258635,0.5255430290971583,0.4916860637876387,0.02677426614166223,0.05445398621919484,0.000273126268223199,-0.00027388505957004483,0.0001362554032530717,0.00043669555739539174,0.6583711783815324,0.428816466552308,0.6468539125877648,0.6697960865467402,0.6939710547272947,0.42774781476658996,0.68124829678483,0.7072298808317682,1.7937371872082875,1.3564573661925938,1.7697307946031136,1.820350185411223,1.9528314720049897,1.328356898283653,1.9209297306195907,1.9829144392138414
5m,DISCOVERY,OB,CAUSAL_DNO_QUANTILE_80_20_CONTROL_V1,FORECAST_REALIZATION,NATIVE_AVAILABILITY,1,32696,323043,N_GE_100,0.5363041350623929,0.5308947472130687,0.5417049928419411,0.49520961605730507,0.04109451900508787,0.08298408930801626,-1.5735780390248138e-05,-0.00016967847573917672,-5.05923844587473e-05,1.6257012805359827e-05,0.18918898411311696,0.13559920748778037,0.1868700892315493,0.1917425733400579,0.1924665902015006,0.11206526953172906,0.18926525613083947,0.19515229856869581,0.5101046816868596,0.4274380782990994,0.5056091817193463,0.5155482169408576,0.5316894421822019,0.35466678192358003,0.5255194885020265,0.5385189404496883
5m,DISCOVERY,OB,CAUSAL_DNO_QUANTILE_80_20_CONTROL_V1,FORECAST_REALIZATION,NATIVE_AVAILABILITY,3,32696,323041,N_GE_100,0.5360594568142892,0.5306499053176483,0.5414605357310938,0.493924919747029,0.042134537067260225,0.08530555026225461,-1.3202762083285686e-05,-0.00027631930519350645,-7.320387689040611e-05,4.7622477025956854e-05,0.3309660143019866,0.23250206728461853,0.32688171372542035,0.3354707008770545,0.33751030661636966,0.20107238605898886,0.3322670169820123,0.34281998991367274,0.9025221542546396,0.7281204939732734,0.8935551107729501,0.9115737504101955,0.9382531501575259,0.6314520323159873,0.9280973375303578,0.9498965348387204
5m,DISCOVERY,OB,CAUSAL_DNO_QUANTILE_80_20_CONTROL_V1,FORECAST_REALIZATION,NATIVE_AVAILABILITY,5,32696,323039,N_GE_100,0.5400966479080009,0.5346899639370173,0.545493910715146,0.49402084578023087,0.04607580212777007,0.09326691883821292,-8.041382878769236e-05,-0.0003819846339954136,-0.00014952881123467783,-7.558720125157769e-06,0.43019645123098144,0.29769807059571546,0.4250679766442111,0.43541331544269274,0.433307508599297,0.2617828241662927,0.4271072732150089,0.4396356342238763,1.1789121663179918,0.9353560311447111,1.1681077541579856,1.1906988568771206,1.2153986746852115,0.8208280003179634,1.2010282985338268,1.2316110098714788
5m,DISCOVERY,OB,CAUSAL_DNO_QUANTILE_80_20_CONTROL_V1,FORECAST_REALIZATION,NATIVE_AVAILABILITY,10,32696,323034,N_GE_100,0.5267922681673599,0.5213774801665797,0.5322007610197629,0.49167889448169544,0.03511337368566447,0.07141525511823987,-1.959064599008748e-05,-0.0003539987008935319,-0.00012453042606043972,8.711023626079664e-05,0.6229460075364044,0.41544054455402724,0.6149390376829764,0.6307245470863557,0.6156594084237372,0.38366580513469817,0.6068812531557636,0.6245227267955743,1.719336077692089,1.31984792659415,1.7003026567875734,1.7383839992022703,1.746046348580166,1.1834679698952772,1.7239248711607529,1.769888767232248
5m,DISCOVERY,OB,PROJECT_DYNAMIC_EXTREMA_V1,FORECAST_REALIZATION,NATIVE_AVAILABILITY,1,28829,322287,N_GE_100,0.5371674355683513,0.5314070332800132,0.5429179337048573,0.49527284687250805,0.04189458869584328,0.08458890682256137,-8.341685570745922e-06,-0.0001724548537829218,-4.706667675575733e-05,3.0008812874884213e-05,0.1916634467401299,0.13620669630129806,0.1890626151558232,0.19425881786898902,0.1958315737539271,0.11398194958263624,0.19240117024653489,0.19918998535913407,0.5180391257717095,0.43560771322314,0.5128691663799821,0.5230625724737654,0.5430258829053056,0.3626509118881167,0.5357563785577734,0.5506903492131973
5m,DISCOVERY,OB,PROJECT_DYNAMIC_EXTREMA_V1,FORECAST_REALIZATION,NATIVE_AVAILABILITY,3,28829,322285,N_GE_100,0.53078497346422,0.5250204043560615,0.5365413391801704,0.4940285771909955,0.03675639627322452,0.07440135646042645,2.5921305710399606e-05,-0.000235841640199963,-3.2918463595071666e-05,8.475341504729367e-05,0.33033011269326223,0.23229431149046878,0.32596755512188136,0.3347726611378391,0.3415483785790414,0.20358137022726705,0.335857866472868,0.3476419281924376,0.9044971855131843,0.7331719545801131,0.8947555036791108,0.915074702907962,0.9572249006339894,0.6439768139881092,0.9448161159938685,0.9718556076860364
5m,DISCOVERY,OB,PROJECT_DYNAMIC_EXTREMA_V1,FORECAST_REALIZATION,NATIVE_AVAILABILITY,5,28829,322283,N_GE_100,0.5373755593326165,0.5316153088675638,0.543125850186284,0.49419609473661347,0.043179464596003025,0.08737314004679853,-4.112026778780901e-05,-0.00036823882256220575,-0.00010947140943041439,2.9168018661235178e-05,0.42987364120188243,0.2959830866807611,0.42435271661366775,0.43538419131636646,0.43779706810954033,0.26545023452400124,0.4306675246001603,0.44446111462925814,1.183106963308979,0.9411850257129822,1.169671178389843,1.1964425693572658,1.238432024225515,0.8376656531680158,1.220268663009223,1.2558073227818047
5m,DISCOVERY,OB,PROJECT_DYNAMIC_EXTREMA_V1,FORECAST_REALIZATION,NATIVE_AVAILABILITY,10,28829,322278,N_GE_100,0.5238475146553817,0.518079488952384,0.5296091856179365,0.49197587176288793,0.03187164289249378,0.06478293900529852,5.86833890746454e-05,-0.00032451728054527784,-4.88363223547945e-05,0.0001572484644281065,0.6223712222414309,0.41386445938954786,0.61369615694795,0.6304182676309726,0.6231353285064354,0.386215170956624,0.6136640653057991,0.6316791259366484,1.7315374863309145,1.3241651843718707,1.710474501518613,1.7514644802427974,1.7820624143650532,1.2013638505154052,1.7575475313493731,1.8087700685966057
5m,DISCOVERY,OS,ATR_1X_PRICE_BAND_CONTROL_V1,FORECAST_REALIZATION,NATIVE_AVAILABILITY,1,18799,323081,N_GE_100,0.5479546784403426,0.5408309760492749,0.555058785634406,0.49719110687412754,0.05076357156621508,0.10210072317135532,0.00013329514199673996,0.0002387774594077019,6.85561515152765e-05,0.00020058177489510131,0.2597805727072672,0.17123287671232876,0.25460275786745906,0.2659028015445559,0.2764474465609368,0.14482958385632083,0.2696097687960655,0.28330951036368474,0.642720874238363,0.5470434464940055,0.6344923557764194,0.6513346083027872,0.7073543694272479,0.4610529782572393,0.6945412878194618,0.7215974864816197
5m,DISCOVERY,OS,ATR_1X_PRICE_BAND_CONTROL_V1,FORECAST_REALIZATION,NATIVE_AVAILABILITY,3,18799,323079,N_GE_100,0.5419969147295068,0.5348667396903549,0.5491099290276328,0.5017874885090025,0.040209426220504385,0.0801323810204626,0.00014496819044563494,0.0003690284487385398,4.177852398578605e-05,0.00024063589929816656,0.41088607015480216,0.2711413516140639,0.40326944957144045,0.4197917339155263,0.46539000836559413,0.258090946333468,0.45442988685252306,0.47595613225776223,1.03689728209398,0.8540191017075,1.0233413411519479,1.050401955634479,1.2120051066082884,0.8163966319952488,1.1887538714659456,1.2361268153355565
5m,DISCOVERY,OS,ATR_1X_PRICE_BAND_CONTROL_V1,FORECAST_REALIZATION,NATIVE_AVAILABILITY,5,18799,323077,N_GE_100,0.548061067078036,0.5409374896081789,0.5551650058784607,0.5028027374279197,0.045258329650116336,0.09001209874400184,0.0002961631640662669,0.0004951039718341654,0.00016715841507246876,0.0004290429484368218,0.5131697636166117,0.33922199215823684,0.503756512510508,0.5243529850203951,0.5834088944416116,0.3274552220802977,0.5693421644608957,0.5975407840168324,1.3084078673882906,1.0606180581702198,1.2926713159779613,1.3241398807018496,1.528809435648127,1.021077695487234,1.4986487204987118,1.562318174892599
5m,DISCOVERY,OS,ATR_1X_PRICE_BAND_CONTROL_V1,FORECAST_REALIZATION,NATIVE_AVAILABILITY,10,18799,323072,N_GE_100,0.5477950954838023,0.5406712063259425,0.5548994546533002,0.5059769958399366,0.041818099643865736,0.08264822311624354,0.0004415059065883754,0.0006802721088434716,0.00029300120537589195,0.0006077194455954429,0.6948362704183065,0.4649787668655642,0.6831161100770866,0.7086106688997023,0.7929642553318691,0.4532428984466614,0.7756349400035517,0.8095398093868997,1.8071235819858722,1.439423251298234,1.7848098167458777,1.8302245602758498,2.1091621468110215,1.4217535302759956,2.067611880128907,2.1503818292616343
5m,DISCOVERY,OS,CAUSAL_DNO_QUANTILE_80_20_CONTROL_V1,FORECAST_REALIZATION,NATIVE_AVAILABILITY,1,33426,323043,N_GE_100,0.534524023215461,0.5291729192419651,0.5398671925125579,0.4971938720232291,0.037330151192231875,0.07508167998998938,3.836406322855042e-05,0.00016497000675275153,7.980991386590144e-07,7.537455098922727e-05,0.20514300362493168,0.143703453555105,0.2027794104477966,0.20776297792498521,0.2197667314684728,0.12132307222432742,0.21596173700969357,0.22355183302111936,0.5420828881708456,0.4614536329375215,0.5367370000273431,0.5471372113190697,0.5917131271623303,0.39514013097331424,0.5843315226456208,0.599925743626956
5m,DISCOVERY,OS,CAUSAL_DNO_QUANTILE_80_20_CONTROL_V1,FORECAST_REALIZATION,NATIVE_AVAILABILITY,3,33425,323041,N_GE_100,0.5489304412864622,0.5435905350957604,0.5542591014288865,0.5017846031927836,0.04714583809367856,0.09395632666625553,0.00015392717939134864,0.00037015711112942107,9.363632459879571e-05,0.00021811763479661625,0.34877516701948835,0.24153617004146144,0.34423164915234583,0.3535464379437484,0.38401599989520757,0.22016066133761766,0.37734898385200094,0.39029200939118947,0.9310564667414373,0.7704994801375529,0.9223230447809675,0.9387599405462267,1.045541164036377,0.7129768029573736,1.030656404579428,1.0605151141321922
5m,DISCOVERY,OS,CAUSAL_DNO_QUANTILE_80_20_CONTROL_V1,FORECAST_REALIZATION,NATIVE_AVAILABILITY,5,33424,323039,N_GE_100,0.5550801819052178,0.5497463827834663,0.5604013211592256,0.5028092583248462,0.05227092358037155,0.10395775876227265,0.0003082214690820126,0.0005328725100058884,0.00023096361795779663,0.00037922880583182765,0.4479934793157981,0.30829784683932626,0.44248067938617425,0.4541409776172229,0.48983088674582087,0.2845350807542654,0.4815369766192632,0.4974571821856194,1.2058384275700993,0.9823906721464585,1.1959729615978156,1.2167184412615502,1.3398318347496814,0.9155983509507997,1.322330979073109,1.361212383913228
5m,DISCOVERY,OS,CAUSAL_DNO_QUANTILE_80_20_CONTROL_V1,FORECAST_REALIZATION,NATIVE_AVAILABILITY,10,33423,323034,N_GE_100,0.5419621218921102,0.5366160390987136,0.5472985596410012,0.5059838902406558,0.03597823165145442,0.07110548842640507,0.00033194020266391226,0.0005697017735062371,0.00022644465542056137,0.00044463951842380745,0.6324218060789132,0.43152094536281327,0.624990293794452,0.6404947769407093,0.6908360833380591,0.41121278813854273,0.6794133914684327,0.7014076371289244,1.7249956552837131,1.370511411213714,1.7090230151396906,1.741896229805897,1.903056276381182,1.3036082494383148,1.8783388375393706,1.9290222640351649
5m,DISCOVERY,OS,PROJECT_DYNAMIC_EXTREMA_V1,FORECAST_REALIZATION,NATIVE_AVAILABILITY,1,28807,322287,N_GE_100,0.5422640330475231,0.5365054393091667,0.5480113559239165,0.49711902745068837,0.045145005596834764,0.09081327228278924,6.680543940756622e-05,0.0001906218917022695,2.8511702461919015e-05,0.0001081001902087737,0.21122627952099263,0.1469675277781401,0.20806520257632738,0.21408745236379165,0.22415433553296016,0.12170539687369002,0.22013508901801024,0.22865557690382896,0.559142637200598,0.47974264404885586,0.5538993906006519,0.5650466027607103,0.6090437341062732,0.40420526303195614,0.5996509007598855,0.6185542016020774
5m,DISCOVERY,OS,PROJECT_DYNAMIC_EXTREMA_V1,FORECAST_REALIZATION,NATIVE_AVAILABILITY,3,28807,322285,N_GE_100,0.5491720762314715,0.5434198850131691,0.5549111543688945,0.5016801898940378,0.04749188633743362,0.09466566010402877,0.00019473540209988033,0.0003785199487660318,0.0001243916336054633,0.00025824848565787035,0.3554237510635036,0.24385823268689233,0.3502861950210418,0.3602633657431659,0.387902418650924,0.22145195455421143,0.38124320506680776,0.3942562547550723,0.9518274495642273,0.7909043773284878,0.9422537633409507,0.9605579360607371,1.063170982965476,0.7232722725828777,1.0475919362501303,1.077397569921711
5m,DISCOVERY,OS,PROJECT_DYNAMIC_EXTREMA_V1,FORECAST_REALIZATION,NATIVE_AVAILABILITY,5,28807,322283,N_GE_100,0.5552469885791648,0.5495013515896875,0.5609778924460022,0.5026358821284399,0.052611106450724865,0.10467041514811903,0.00035555763023006036,0.0005140947648016869,0.00027354592876530933,0.00043503940219200113,0.45471796837231776,0.31071983428276684,0.44835691459784305,0.46049453063762824,0.4933119317070148,0.2868897175387978,0.48484167870816647,0.5020309083632267,1.226078608492403,1.0053737116713117,1.2143084703718297,1.2383493697596581,1.3625744825130488,0.9326571453056591,1.3435961602680775,1.3830987656237863
5m,DISCOVERY,OS,PROJECT_DYNAMIC_EXTREMA_V1,FORECAST_REALIZATION,NATIVE_AVAILABILITY,10,28807,322278,N_GE_100,0.5437220120109696,0.5379646766853472,0.5494676876646065,0.5056845332290755,0.03803747878189412,0.0752197788985236,0.00039615782086188076,0.0005810799192416116,0.0002808373949610517,0.0005015381326061306,0.6368656604584267,0.4327516066091986,0.6282588620477516,0.6451948293740891,0.6926531899306863,0.4132002730073249,0.6809183572367076,0.7030274407512845,1.745822701638463,1.3988239548649788,1.7282975895592674,1.7636935220732868,1.926956405498927,1.3264731717713536,1.9016088364106047,1.9541595903140925
5m,VALIDATION,OB,ATR_1X_PRICE_BAND_CONTROL_V1,FORECAST_REALIZATION,NATIVE_AVAILABILITY,1,6991,107988,N_GE_100,0.5608639679588042,0.549200072136351,0.572461010224685,0.49878690224839795,0.062077065710406276,0.1244560862175399,-2.166679689652114e-05,-0.00019129969009445968,-9.815697895081143e-05,5.4389047095334066e-05,0.1587720256205059,0.09770260871485091,0.1532322172912477,0.16511077933001167,0.18077020424908957,0.07983917288914992,0.17196863596297887,0.18902854398767227,0.6354830044745491,0.5031800533612555,0.6221812971896955,0.6499068465931277,0.7286314230576293,0.4087395588828801,0.7009287396031553,0.7592798296212397
5m,VALIDATION,OB,ATR_1X_PRICE_BAND_CONTROL_V1,FORECAST_REALIZATION,NATIVE_AVAILABILITY,3,6991,107986,N_GE_100,0.5477041911028465,0.5360138567056436,0.5593421267665197,0.49773118737614136,0.049973003726705156,0.10040159225333012,3.922778896828709e-05,-0.00022150847269908347,-7.45464490153131e-05,0.00014613460776690171,0.25904296379991315,0.1597324481493606,0.25069313660163944,0.26814023160193984,0.30519139794604455,0.14640962406685348,0.29308046295634727,0.3179281505828273,1.085519057596238,0.8270048917931019,1.0562088605750048,1.1180624953075606,1.2814840767788427,0.7725699308931079,1.2407535496436706,1.327514047186681
5m,VALIDATION,OB,ATR_1X_PRICE_BAND_CONTROL_V1,FORECAST_REALIZATION,NATIVE_AVAILABILITY,5,6991,107984,N_GE_100,0.5497067658417966,0.5380199224928512,0.5613390108102274,0.4972866350570455,0.05242013078475105,0.10541230567907323,-5.7545839264202624e-06,-0.00029395838168178035,-0.0001456854539446276,0.0001235009041126782,0.33022489623007134,0.20088105726872008,0.3209127850030335,0.3402821021006196,0.3752154062355271,0.18993465769952478,0.36192430473848486,0.3894696064593226,1.4061654443908604,1.052576888365577,1.3728931347619089,1.4476105678210816,1.6041376969596683,0.9876399270742259,1.5561725493847958,1.6565892261740476
5m,VALIDATION,OB,ATR_1X_PRICE_BAND_CONTROL_V1,FORECAST_REALIZATION,NATIVE_AVAILABILITY,10,6991,107979,N_GE_100,0.5422686310971249,0.5305697804290441,0.5539210535020631,0.49643912242195243,0.04582950867517244,0.09231647266554321,-5.935133605983875e-05,-0.000347077971592169,-0.000236129529876859,0.00012154417945643407,0.46847146098514014,0.2761145646619039,0.45484777622573863,0.4832272778323999,0.5064120145415087,0.26989961051071615,0.4884781210342132,0.523494746155196,2.044679636292245,1.4551889167004748,1.9899334568909444,2.0989029309777045,2.215868203591358,1.411562557735884,2.1563106348184693,2.286824227842543
5m,VALIDATION,OB,CAUSAL_DNO_QUANTILE_80_20_CONTROL_V1,FORECAST_REALIZATION,NATIVE_AVAILABILITY,1,10764,107986,N_GE_100,0.5503530286138982,0.5409389335897202,0.5597311951387708,0.49879614024040153,0.0515568883734967,0.10336264500492764,6.07410150801592e-06,-0.00014434627465070848,-4.396625721768485e-05,5.145714417823627e-05,0.13471398118249908,0.08682638129857295,0.13119989371233826,0.13832328077800055,0.15345124946705857,0.07173347698020693,0.14784317335369812,0.15836760046313836,0.5253224229205079,0.4151893522201928,0.5158519642838589,0.5358456281086686,0.5920672542028506,0.34012852460842236,0.57592413670711,0.6079342351190142
5m,VALIDATION,OB,CAUSAL_DNO_QUANTILE_80_20_CONTROL_V1,FORECAST_REALIZATION,NATIVE_AVAILABILITY,3,10764,107984,N_GE_100,0.5485878855444073,0.5391711064447763,0.5579699956308709,0.497740405986072,0.050847479558335296,0.10215662410931148,5.5162910930072555e-05,-0.0002211515625534788,-3.2033205700572315e-05,0.0001477394720233918,0.2323641996457609,0.15054266622098483,0.22633518434839447,0.2379947099896975,0.2711506280538759,0.13737749538115335,0.2630372697974254,0.2791748900206009,0.9409655630092906,0.7153861102463128,0.9214933780332814,0.9590491493331296,1.0761199812166558,0.6586132515785185,1.0465053721108266,1.104883387626138
5m,VALIDATION,OB,CAUSAL_DNO_QUANTILE_80_20_CONTROL_V1,FORECAST_REALIZATION,NATIVE_AVAILABILITY,5,10764,107982,N_GE_100,0.5453363062058714,0.5359148950818126,0.5547253684228065,0.49729584560389695,0.04804046060197442,0.09660338212485153,2.3548158473087245e-05,-0.0002559046995729841,-8.517101663274703e-05,0.00013765066995188475,0.30619192997261385,0.19363998035246904,0.2989592934829948,0.31397118021488213,0.34772338174147266,0.1802363815619467,0.33701159639411493,0.35753053854402256,1.2505060723160937,0.9377343570319273,1.2271999787018324,1.2739741918226906,1.3903962221148398,0.8470999978757224,1.3522712248767979,1.4259850052128635
5m,VALIDATION,OB,CAUSAL_DNO_QUANTILE_80_20_CONTROL_V1,FORECAST_REALIZATION,NATIVE_AVAILABILITY,10,10764,107977,N_GE_100,0.5316796729840209,0.5222432138867122,0.5410935276195893,0.49644831769728737,0.03523135528673349,0.0709668137262498,6.797387130475977e-05,-0.0002609127460481697,-8.216385898289773e-05,0.00021006167491521778,0.44510962119738906,0.2688117848179029,0.4345256169081332,0.45577863535072094,0.48572823362315265,0.2611070002028,0.47115533086261063,0.4993326184736941,1.852384171350558,1.3194789429284546,1.8149841604795132,1.8891249596324877,1.9827806279665214,1.2589377318672892,1.9327371749220752,2.0273143187375333
5m,VALIDATION,OB,PROJECT_DYNAMIC_EXTREMA_V1,FORECAST_REALIZATION,NATIVE_AVAILABILITY,1,9214,107941,N_GE_100,0.5566529194703712,0.5464877014371203,0.5667709165022463,0.49880953483847656,0.057843384631894645,0.11596286877440187,-3.95282886691859e-06,-0.0001589849867929538,-5.736540442558663e-05,4.813890721491804e-05,0.13759270924484407,0.08917745714302264,0.13373312073866925,0.14200501946019561,0.15435549798512893,0.07113705251363742,0.1493859461148156,0.16010287355964486,0.5410275659289477,0.4323749332273893,0.5301465776074749,0.5528582280182991,0.6097943561844232,0.34757768065284783,0.5910667209026282,0.6283300266646631
5m,VALIDATION,OB,PROJECT_DYNAMIC_EXTREMA_V1,FORECAST_REALIZATION,NATIVE_AVAILABILITY,3,9214,107939,N_GE_100,0.547319296722379,0.5371380569266168,0.5574610952219731,0.4977440962024847,0.04957520051989428,0.09959977606590598,3.873111372164741e-05,-0.00022030046726723151,-5.4142460608844554e-05,0.0001271498773489039,0.23273880573926756,0.15149820077254594,0.22635678725401343,0.23889734342994792,0.26994389749271214,0.13785543047030058,0.26171893663056844,0.27816434669739704,0.95566973986524,0.7368101444811639,0.9370374187720307,0.9755311630362864,1.104313681706746,0.6665625027484292,1.0707499549756379,1.135472853051389
5m,VALIDATION,OB,PROJECT_DYNAMIC_EXTREMA_V1,FORECAST_REALIZATION,NATIVE_AVAILABILITY,5,9214,107937,N_GE_100,0.5484046016930757,0.5382250393501018,0.5585438181229967,0.4973456738653103,0.05105892782776539,0.10266285706466816,-1.970659980830943e-05,-0.0002725913910182065,-0.00013621835023269676,8.472748276773839e-05,0.3063512053516683,0.19547430546593153,0.2982048680930853,0.313723030518124,0.3425301213891234,0.17918406062178333,0.3320850787292274,0.35310533071828626,1.2716809624087928,0.9570619582636405,1.2466669168663995,1.2985839126902436,1.4186663696399868,0.8586374965031658,1.3796991644461372,1.4582233084760619
5m,VALIDATION,OB,PROJECT_DYNAMIC_EXTREMA_V1,FORECAST_REALIZATION,NATIVE_AVAILABILITY,10,9214,107932,N_GE_100,0.532884740612112,0.5226858133358617,0.5430562579967592,0.49646073453656003,0.03642400607555196,0.07336734517293353,8.610864570468247e-05,-0.00027274890280104547,-7.834060556615313e-05,0.0002399707400213398,0.44668549215561804,0.2718626632568623,0.43578980088264146,0.4579990742234256,0.4845936733040354,0.25914220471107663,0.4695479846543903,0.49934709920379217,1.8861038881466192,1.3461552080585955,1.847670682742564,1.9258899566062904,2.044701213053003,1.2787850482327192,1.989379802480065,2.0958138636056236
5m,VALIDATION,OS,ATR_1X_PRICE_BAND_CONTROL_V1,FORECAST_REALIZATION,NATIVE_AVAILABILITY,1,6918,107988,N_GE_100,0.5688060132986412,0.5571006432665534,0.5804350090950955,0.4980460791939845,0.0707599341046567,0.14207507509982098,-5.6928972347771714e-06,0.00018390136691270875,-7.322467244675681e-05,6.281428927206644e-05,0.1643135687436988,0.1014782490922849,0.15966251989013486,0.16930929267637274,0.19119427989052096,0.08458860804748783,0.18376617928251873,0.19880037294273126,0.6540671219671995,0.5284544225194225,0.639382453784473,0.6700397875069792,0.767272255194972,0.4479737584705479,0.7385197105290872,0.7926967397109695
5m,VALIDATION,OS,ATR_1X_PRICE_BAND_CONTROL_V1,FORECAST_REALIZATION,NATIVE_AVAILABILITY,3,6918,107986,N_GE_100,0.5566637756577045,0.5449289853287216,0.5683356695573423,0.5004908043635286,0.05617297129417598,0.11223577097607396,2.521471576845542e-05,0.00026509394235196826,-8.848651117036035e-05,0.00013306635135699045,0.2693961903579316,0.16515450621755517,0.2612274023981421,0.27727724014254246,0.315078079677558,0.1491410146587383,0.30454985153664316,0.32589156432638045,1.0982799373380716,0.8617651098257267,1.068631480451552,1.1246835565238815,1.300550708080961,0.781496321290135,1.2588937613781463,1.3421683571936502
5m,VALIDATION,OS,ATR_1X_PRICE_BAND_CONTROL_V1,FORECAST_REALIZATION,NATIVE_AVAILABILITY,5,6918,107984,N_GE_100,0.5562301243133854,0.5444944145495969,0.5679034189980532,0.5012038820566009,0.05502624225678443,0.10978814056865249,6.177001126802208e-05,0.00032031944855281935,-8.225362849429314e-05,0.00019899011604898893,0.339264118131822,0.20713236609571134,0.3292476959476993,0.34899290093202084,0.38857508249615846,0.1941907976910326,0.37684250846607303,0.40183247427018665,1.404376413830446,1.0775859267387515,1.367203363826231,1.4346556661206247,1.6312293599201415,1.015372287370987,1.5824521466530934,1.6834121732555958
5m,VALIDATION,OS,ATR_1X_PRICE_BAND_CONTROL_V1,FORECAST_REALIZATION,NATIVE_AVAILABILITY,10,6917,107979,N_GE_100,0.5539973977157727,0.5422562465778205,0.5656786034265489,0.5026162494559128,0.051381148259859954,0.10222739180335005,8.097315749895887e-05,0.00039981943638345285,-0.00010514128285699368,0.00025381717487484674,0.46694629035227997,0.2867443968879708,0.45249290141114334,0.4795752209062147,0.5226893456444395,0.27732011922879113,0.5067225865306509,0.5405883677892982,1.9928003150365456,1.4918853719536207,1.9392487516372288,2.0423765414760644,2.2339258374777025,1.4783184936962999,2.1738046465993897,2.300451262169076
5m,VALIDATION,OS,CAUSAL_DNO_QUANTILE_80_20_CONTROL_V1,FORECAST_REALIZATION,NATIVE_AVAILABILITY,1,10848,107986,N_GE_100,0.5521755162241888,0.5428008849017377,0.5615132068188787,0.49803678254588557,0.05413873367830324,0.10870428766637397,1.101885260623585e-05,0.0001419298919737022,-3.6447690689797584e-05,5.7543098833094453e-05,0.14158411930324954,0.09027609872143746,0.13783771368936215,0.14509981676606074,0.15761449465015107,0.0758379089804844,0.15264234583040776,0.16202927630006725,0.5490491316587992,0.43586255576262933,0.5385431582160469,0.5585173339199999,0.6214418859960193,0.3697091768742745,0.6035994280055225,0.6393427248484109
5m,VALIDATION,OS,CAUSAL_DNO_QUANTILE_80_20_CONTROL_V1,FORECAST_REALIZATION,NATIVE_AVAILABILITY,3,10848,107984,N_GE_100,0.554019174041298,0.5446475934192003,0.563352508609565,0.5004815528226404,0.05353762121865757,0.10697221689133896,4.370733010715013e-05,0.0002474720985478074,-2.7914452480861503e-05,0.00012490907946846288,0.244449055109644,0.15171637604521854,0.2374633002969083,0.25065765456292344,0.2792690513877497,0.13923318401508689,0.27125233757439693,0.28614603606980316,0.9621066878262774,0.7579701216106339,0.9435749034528339,0.9809477497919419,1.1258480707238578,0.6902612806000845,1.0976696229794174,1.1566861756618532
5m,VALIDATION,OS,CAUSAL_DNO_QUANTILE_80_20_CONTROL_V1,FORECAST_REALIZATION,NATIVE_AVAILABILITY,5,10848,107982,N_GE_100,0.5530051622418879,0.5436318876406017,0.5623409087186817,0.5011946435517031,0.051810518690184826,0.10337404710279996,8.093969842278252e-05,0.0002915789599091667,-2.260926056474869e-05,0.000186151323637165,0.3178314569586723,0.1949644158011445,0.3088889068716905,0.32601939410520353,0.35619505906128524,0.18281279007597145,0.34573419902348473,0.3656885451880596,1.264730586682592,0.9634840544709997,1.2407804921623244,1.2892083941689878,1.4591642138370093,0.9075383883341864,1.4257160994317615,1.4973329037254217
5m,VALIDATION,OS,CAUSAL_DNO_QUANTILE_80_20_CONTROL_V1,FORECAST_REALIZATION,NATIVE_AVAILABILITY,10,10847,107977,N_GE_100,0.5457730247994838,0.536388374623351,0.5551252642818562,0.5026070366837382,0.04316598811574557,0.08588416986869096,8.421129560397111e-05,0.0003472758141689347,-3.987512273029905e-05,0.0002193139890478147,0.4582311255517263,0.27653818983787076,0.44630669535591116,0.47009153350818284,0.49890625465137123,0.26446752591177847,0.4844237037620975,0.5114559537272958,1.8602569479928501,1.3667591002055066,1.8224560509492609,1.8971174907239738,2.061179343313706,1.3177740857418394,2.01446331550059,2.1146252233080998
5m,VALIDATION,OS,PROJECT_DYNAMIC_EXTREMA_V1,FORECAST_REALIZATION,NATIVE_AVAILABILITY,1,9251,107941,N_GE_100,0.5585342125175656,0.5483930437336068,0.568626787270308,0.4980220676110097,0.06051214490655593,0.12150494695311398,2.7795459360525083e-05,0.00016370879237470604,-2.4921002554876874e-05,7.558132842161398e-05,0.14434203248928623,0.09162065408652333,0.14080698386513985,0.1477464883701869,0.1591203202001424,0.07488064406893614,0.15374510944812325,0.16443289454958238,0.5716540149745131,0.46299259164158957,0.5604685589897238,0.5825146238674044,0.6462005584032536,0.3756070458652101,0.6263860516088866,0.6666530216118408
5m,VALIDATION,OS,PROJECT_DYNAMIC_EXTREMA_V1,FORECAST_REALIZATION,NATIVE_AVAILABILITY,3,9251,107939,N_GE_100,0.5585342125175656,0.5483930437336068,0.568626787270308,0.5004771213370515,0.058057091180514164,0.11600348688349937,8.39418201110356e-05,0.0002782127097917808,-9.149262490282016e-06,0.00016517415962737596,0.2471938592276004,0.1539424280350461,0.2408018988364691,0.25378046919492264,0.2758045746426671,0.13840679610063175,0.2675948160318227,0.28416338093714366,0.9890682373467278,0.781465500087382,0.9689173145138827,1.009820351588298,1.146298995574276,0.7012575827781449,1.1149474209360648,1.1799381227244112
5m,VALIDATION,OS,PROJECT_DYNAMIC_EXTREMA_V1,FORECAST_REALIZATION,NATIVE_AVAILABILITY,5,9251,107937,N_GE_100,0.5551832234353042,0.5450356343930286,0.5652850003761282,0.5011441859603287,0.054039037474975515,0.10783131679243563,5.4121970959523604e-05,0.00030413047197241916,-7.104818243848817e-05,0.00015888865423710298,0.31921870059015867,0.19661103078626266,0.311651812246574,0.3281768254904621,0.3560405794358382,0.1821168790462976,0.34495169689105326,0.3661005674298168,1.3002049389248707,1.0038765074975806,1.2726291081323187,1.3279594030914423,1.4924769293180882,0.9223648927420709,1.4562586503967183,1.5367167882608528
5m,VALIDATION,OS,PROJECT_DYNAMIC_EXTREMA_V1,FORECAST_REALIZATION,NATIVE_AVAILABILITY,10,9250,107932,N_GE_100,0.5458378378378378,0.5356742516480701,0.555963366181913,0.5025942259941445,0.0432436118436933,0.08604080510108592,6.945500966067042e-05,0.00035111935344567247,-0.00010242555161708551,0.00023654859900811717,0.4558791812438366,0.2748808451554096,0.4435854690781251,0.468328869330498,0.49920549409299664,0.263227553113315,0.4845528409757838,0.5141402145691256,1.8926636236999836,1.3939065572642435,1.8502315604874926,1.930235399969639,2.1001738371531165,1.3427491827503681,2.0503551097360133,2.1579040308310087
6H,DISCOVERY,OB,ATR_1X_PRICE_BAND_CONTROL_V1,FORECAST_REALIZATION,NATIVE_AVAILABILITY,1,254,4485,N_GE_100,0.4251968503937008,0.3659570467639349,0.4866656487204244,0.47402452619843927,-0.04882767580473846,-0.10300664439522667,0.0024183184672269165,0.0017742271520370112,-0.0008785348773951309,0.005709162871984198,1.8271045983588265,1.146091769104543,1.5581101486992723,2.1501606362803494,1.997231042024266,1.3939155678036395,1.7637710816181396,2.2429809641292797,0.5860387677613668,0.38955863701443083,0.5061412889995034,0.6826371646085858,0.6796579811596158,0.47482567805746034,0.5998872717011738,0.7742059387852739
6H,DISCOVERY,OB,ATR_1X_PRICE_BAND_CONTROL_V1,FORECAST_REALIZATION,NATIVE_AVAILABILITY,3,254,4483,N_GE_100,0.4094488188976378,0.3507611049598731,0.47083478957382496,0.4688824447914343,-0.05943362589379653,-0.12675592049566597,0.006534785682593576,0.004916121179849409,0.00044291658995470695,0.012911755425322738,3.053208336984594,1.7557835927262408,2.603684544485847,3.514261255847057,3.7930362860335713,2.815639941251647,3.3843654179650335,4.253706263049315,0.9774864126380718,0.6645530261177675,0.8499630523073446,1.1276227974626,1.2923005816794784,1.0012534369644015,1.1420644148272163,1.46380219046275
6H,DISCOVERY,OB,ATR_1X_PRICE_BAND_CONTROL_V1,FORECAST_REALIZATION,NATIVE_AVAILABILITY,5,254,4481,N_GE_100,0.4645669291338583,0.40421512871209264,0.5259745691489196,0.47043070743137694,-0.0058637782975186625,-0.012464701399991007,0.005047080162199572,0.001926932125382308,-0.0025933565301001294,0.01193454317717254,4.011045096290644,2.6149949398151944,3.4362393495479346,4.680703640242527,4.694033496271862,3.6459921344486896,4.207656086418745,5.297344637521733,1.2977198681641953,0.9296581140069098,1.1403764010575295,1.4666688069683165,1.5864952472357967,1.2002750171407743,1.4083971591820394,1.7769269269222376
6H,DISCOVERY,OB,ATR_1X_PRICE_BAND_CONTROL_V1,FORECAST_REALIZATION,NATIVE_AVAILABILITY,10,254,4476,N_GE_100,0.43700787401574803,0.3773945306269806,0.4984982655703746,0.4553172475424486,-0.01830937352670059,-0.040212343427630914,0.01327154720258839,0.011631365290669327,0.0034234370490992204,0.022161158551211195,5.184231088432771,3.400756373105335,4.458751660972272,5.932524222168307,6.553246336066299,4.90459210828887,5.887594265376669,7.3189036408587995,1.6748657135391571,1.2288535116915258,1.4947129961752494,1.8962851023409664,2.2843069591669773,1.7002526479541376,2.0276440717592012,2.5381545199979074
6H,DISCOVERY,OB,CAUSAL_DNO_QUANTILE_80_20_CONTROL_V1,FORECAST_REALIZATION,NATIVE_AVAILABILITY,1,450,4483,N_GE_100,0.5044444444444445,0.4584069212774926,0.5504067264797867,0.47423600267677896,0.030208441767665517,0.06369917424479987,0.0009378646161719721,-0.00011890162881184052,-0.0009575190014927795,0.0026812886744874477,1.628905582485654,1.1899698202487414,1.4821752375676476,1.775559298232313,1.5847815815354593,1.0909358340797208,1.4355364690015764,1.7322698531794238,0.4939341544752066,0.3762588600493414,0.4569083517520914,0.5340022669662733,0.48702176129718006,0.3583385348215732,0.4419283527092676,0.532517878978478
6H,DISCOVERY,OB,CAUSAL_DNO_QUANTILE_80_20_CONTROL_V1,FORECAST_REALIZATION,NATIVE_AVAILABILITY,3,450,4481,N_GE_100,0.4666666666666667,0.4210485889272526,0.5128490528931535,0.46886855612586475,-0.002201889459198081,-0.004696176423925058,0.003325971474169621,0.002586008873753376,-0.000449415576220152,0.006809600510874837,2.8346226912593,2.049216135992194,2.5924920972895156,3.1120817141869095,3.064290538574465,2.067584475343244,2.8231989902385317,3.325674752056557,0.8626417011255961,0.6699591505457061,0.7977826865781655,0.9411243333786076,0.9605497459101018,0.6847298935923674,0.8759110177107549,1.051637989431476
6H,DISCOVERY,OB,CAUSAL_DNO_QUANTILE_80_20_CONTROL_V1,FORECAST_REALIZATION,NATIVE_AVAILABILITY,5,450,4479,N_GE_100,0.5044444444444445,0.4584069212774926,0.5504067264797867,0.47019423978566643,0.03425020465877804,0.07284267173156067,0.0035691044107431114,-0.0010212690554432524,-0.0012195477508104696,0.00827796299691536,3.7246540102882904,2.7868505303639233,3.3985006223069028,4.0783494603122135,3.9012609874851787,2.662398072919042,3.577373709080554,4.248836044301725,1.1330413095570073,0.8630439041785816,1.0460506968785968,1.2357669672328102,1.221404359760023,0.8397006604136035,1.1136704563451758,1.3277540556725946
6H,DISCOVERY,OB,CAUSAL_DNO_QUANTILE_80_20_CONTROL_V1,FORECAST_REALIZATION,NATIVE_AVAILABILITY,10,450,4474,N_GE_100,0.4711111111111111,0.4254301364411205,0.5172811531365649,0.45552078676799285,0.015590324343118245,0.034225275324392124,0.0073813461326864135,0.004725698042283288,0.0010073511306232937,0.013890642246791854,5.1951205758500425,3.824684559632906,4.772036057730606,5.6459220761593985,5.792601832111901,4.171015220774169,5.3334393922133065,6.300186678963748,1.5686542074552627,1.2464587382972838,1.4469982274087134,1.6964396238781905,1.8469090532577537,1.2762174912412,1.6774816999997948,1.994042746277485
6H,DISCOVERY,OB,PROJECT_DYNAMIC_EXTREMA_V1,FORECAST_REALIZATION,NATIVE_AVAILABILITY,1,419,4442,N_GE_100,0.477326968973747,0.42992338184708534,0.525142534089284,0.4738856371004052,0.0034413318733417797,0.007261945929398772,0.0009166523641466012,0.0006273222988950611,-0.0010219340817304143,0.002937143417278261,1.6272743983867153,1.229993671536519,1.4999771531403865,1.7610508622527714,1.6566874379861924,1.1423340000349824,1.5079256705131763,1.821098726704488,0.4987714390541628,0.39479633824966015,0.4520901775546567,0.5401958273330453,0.509945940683782,0.38517988883273907,0.4619565648059234,0.5642195278702214
6H,DISCOVERY,OB,PROJECT_DYNAMIC_EXTREMA_V1,FORECAST_REALIZATION,NATIVE_AVAILABILITY,3,419,4440,N_GE_100,0.4343675417661098,0.38771427886209897,0.48221337253265495,0.46959459459459457,-0.03522705282848476,-0.07501588228224099,0.004178888622117324,0.0046298193141312005,0.0006243029891222199,0.008237929434224085,2.8901694835727407,2.0726170761657077,2.6171550025591923,3.1585489516559884,3.188308403757119,2.3653596396695136,2.9173857780979695,3.4540627321804553,0.8929872960414406,0.6695798366283209,0.8109767754389154,0.9764066152396872,1.0204550616621495,0.788149995427134,0.9326220325718733,1.124537759723899
6H,DISCOVERY,OB,PROJECT_DYNAMIC_EXTREMA_V1,FORECAST_REALIZATION,NATIVE_AVAILABILITY,5,419,4438,N_GE_100,0.49403341288782815,0.44643282846355686,0.5417424125723298,0.4704821991888238,0.02355121369900437,0.0500576084272899,0.005054730398780203,0.0008398894634986664,0.000273195554759634,0.009625707947983973,3.76914650233654,2.787816210634991,3.4362162014363773,4.123444731464433,4.18880568407462,3.2514855925552255,3.836804288416349,4.543522588324906,1.168901980925604,0.8610305644285992,1.0543828518027436,1.2917269259232962,1.341074596793238,1.0012534369644015,1.2276080516429486,1.4736621180820635
6H,DISCOVERY,OB,PROJECT_DYNAMIC_EXTREMA_V1,FORECAST_REALIZATION,NATIVE_AVAILABILITY,10,419,4433,N_GE_100,0.477326968973747,0.42992338184708534,0.525142534089284,0.45589893976990753,0.02142802920383946,0.04700170878803589,0.008933885408911874,0.00491597978640379,0.0011532852901066947,0.016778628172283462,5.3593059753178505,3.812947818821683,4.891958995083618,5.856562280494905,6.133326725459312,4.336695151281797,5.602862118292102,6.725865165079322,1.6303869932193902,1.2034512980865393,1.4913230229803094,1.7752397295874716,1.9985299176422229,1.327695808605476,1.8069704758827068,2.2139406697386605
6H,DISCOVERY,OS,ATR_1X_PRICE_BAND_CONTROL_V1,FORECAST_REALIZATION,NATIVE_AVAILABILITY,1,233,4485,N_GE_100,0.5021459227467812,0.4384325682768475,0.5657896629528014,0.525752508361204,-0.02360658561442286,-0.044900566785702534,-0.0025126025693523834,0.00039393730487780054,-0.006908051798697748,0.0017032652424070647,2.136416570639915,1.5061801495078058,1.8385912595282556,2.5185496389756374,2.919201081467606,1.7704074904391416,2.4698097260725995,3.451396653335114,0.5290268279225828,0.4337532130988363,0.47519363798115277,0.5834200367019355,0.7662098962769087,0.5229619120667702,0.6570605826277023,0.8814066669151516
6H,DISCOVERY,OS,ATR_1X_PRICE_BAND_CONTROL_V1,FORECAST_REALIZATION,NATIVE_AVAILABILITY,3,233,4483,N_GE_100,0.5278969957081545,0.4638629613688173,0.5910260446166178,0.5308944902966763,-0.002997494588521832,-0.005646121109388003,-0.005180180730739667,0.0008221102823573467,-0.012853586630651934,0.0016185307142064357,3.2143597766363246,2.3202234369736026,2.823423532746297,3.6519793382171835,4.862453361004739,3.04088768777359,4.18402401861042,5.751308376423907,0.8318926905105535,0.6785822747629421,0.7500123934232712,0.9271392582827499,1.2727803731497287,0.8917384137737108,1.1070669187716793,1.4368210103823644
6H,DISCOVERY,OS,ATR_1X_PRICE_BAND_CONTROL_V1,FORECAST_REALIZATION,NATIVE_AVAILABILITY,5,233,4481,N_GE_100,0.5579399141630901,0.4937430067230032,0.6202572364775155,0.5295692925686231,0.028370621594467016,0.05357301111032742,0.00045560832118037134,0.0063083887123183136,-0.008375563114789805,0.008039355018392829,4.045428287812699,2.978809487685235,3.6209220025125513,4.559213493863449,5.720869726146536,3.61605748203686,4.887146567514832,6.691241461125449,1.0716139720613895,0.8889127879408341,0.9697501128049592,1.1903893975488131,1.5303049076113062,1.0112128148405846,1.3194104836959666,1.7522373530020137
6H,DISCOVERY,OS,ATR_1X_PRICE_BAND_CONTROL_V1,FORECAST_REALIZATION,NATIVE_AVAILABILITY,10,233,4476,N_GE_100,0.5407725321888412,0.4766407002730665,0.6035816930902617,0.5442359249329759,-0.0034633927441346524,-0.0063637709042474455,0.00016156507634860307,0.005864708779155681,-0.009332955653088166,0.009771721063572178,5.449341293356612,4.1698201607380945,4.870426584865302,6.0657392337950515,7.270117498322862,4.611092878240885,6.276916183519648,8.343049635010182,1.4959048062775906,1.1310107418020088,1.3428726301643457,1.672261467623091,1.9419574461844633,1.3709144816691863,1.7110215207772852,2.184704216751876
6H,DISCOVERY,OS,CAUSAL_DNO_QUANTILE_80_20_CONTROL_V1,FORECAST_REALIZATION,NATIVE_AVAILABILITY,1,380,4483,N_GE_100,0.5789473684210527,0.528757649734167,0.6275568299887188,0.5255409324113317,0.05340643600972095,0.1016218389777499,3.139387919402229e-05,0.0028695331134855895,-0.0030172148135584964,0.0028823988589137925,1.8199680417869504,1.348963568013588,1.6544748526512227,1.9847991726415881,2.258298942978647,1.3289806344283874,1.9524449705027398,2.5663158441189418,0.4880631538907586,0.4255914646143715,0.4524718109808972,0.5288146569805243,0.6074087366382976,0.4120865672453783,0.5407899789583388,0.6915188900469202
6H,DISCOVERY,OS,CAUSAL_DNO_QUANTILE_80_20_CONTROL_V1,FORECAST_REALIZATION,NATIVE_AVAILABILITY,3,380,4481,N_GE_100,0.5605263157894737,0.5102639700693952,0.6095771310514837,0.5309082794019192,0.029618036387554447,0.05578748257781907,-0.0009253837643325602,0.003389444706751732,-0.005852764569974583,0.004229257816481978,3.0284832042177774,2.1761070564519773,2.742889548495251,3.3091027195834157,3.9620007482372346,2.3045180342316223,3.4788351334376704,4.517895856361822,0.8287694737366117,0.6705490873158835,0.7640074858232384,0.9018179245825388,1.0728542801882754,0.69992563671082,0.9529933905999347,1.1948353554322766
6H,DISCOVERY,OS,CAUSAL_DNO_QUANTILE_80_20_CONTROL_V1,FORECAST_REALIZATION,NATIVE_AVAILABILITY,5,380,4479,N_GE_100,0.5578947368421052,0.5076276477911689,0.6070029706722805,0.5298057602143336,0.028088976627771656,0.05301749950096468,0.0036112191656949345,0.006168882782845553,-0.00244093573807986,0.009950114669458885,4.061072152153669,2.792092773902665,3.6809918731758735,4.445971990601387,4.887724420024177,2.777094423594396,4.321144740634903,5.549136842422338,1.0926940084030348,0.8278031058381196,1.0163358147629875,1.1768493616469864,1.33930307153755,0.8468426561106539,1.193704638639099,1.4978520062858114
6H,DISCOVERY,OS,CAUSAL_DNO_QUANTILE_80_20_CONTROL_V1,FORECAST_REALIZATION,NATIVE_AVAILABILITY,10,380,4474,N_GE_100,0.5894736842105263,0.5393567276845296,0.6377996826680742,0.5440321859633438,0.045441498247182466,0.08352722397612755,0.011257606323756185,0.013555023494905005,0.0031613920497778956,0.019551642707409417,6.0206691287090575,4.182530693290823,5.394119017423906,6.572017311020799,6.3014241324797355,3.6811761723695717,5.637887829113089,7.049517116188519,1.6433261815452116,1.301477122618894,1.5109582144661735,1.7937017345368649,1.7758369096433377,1.2153968368447956,1.600275656743569,1.9545448779591468
6H,DISCOVERY,OS,PROJECT_DYNAMIC_EXTREMA_V1,FORECAST_REALIZATION,NATIVE_AVAILABILITY,1,323,4442,N_GE_100,0.5851393188854489,0.5307136342237292,0.6375635985397868,0.5261143628995948,0.05902495598585411,0.11219035279810186,0.0017507418979401364,0.0033631720022253564,-0.0012080987323765816,0.004571518866379912,1.9491301981224558,1.5068112315818782,1.7660165103123606,2.1448361010787074,2.1897426479560695,1.3361170437251406,1.8946137244966468,2.52179982437816,0.515526897002358,0.46095999967851065,0.47713768241492993,0.557977440393535,0.6089678805947578,0.4050576233708767,0.5375158562635554,0.6931214090221374
6H,DISCOVERY,OS,PROJECT_DYNAMIC_EXTREMA_V1,FORECAST_REALIZATION,NATIVE_AVAILABILITY,3,323,4440,N_GE_100,0.5572755417956656,0.502747706533445,0.6104569773256475,0.5301801801801802,0.027095361615485425,0.05110594969105997,0.00048546373642494636,0.004164012663161909,-0.004540075953207432,0.005408009609161629,3.173954813937448,2.46463648156156,2.894466129904541,3.4581013867973494,3.8952478276821334,2.488549172914775,3.3736505741546887,4.498818211085162,0.876174532669723,0.7269220319293409,0.8080020958723769,0.9529574238341252,1.064940487656615,0.7285183900044834,0.949336483275147,1.1955443533423915
6H,DISCOVERY,OS,PROJECT_DYNAMIC_EXTREMA_V1,FORECAST_REALIZATION,NATIVE_AVAILABILITY,5,323,4438,N_GE_100,0.541795665634675,0.48728464226929447,0.5953241810873406,0.5295178008111762,0.012277864823498796,0.02318687833476063,0.0007250865832008086,0.0044440609224662975,-0.005594013497897217,0.007088548727589493,3.9460489933603604,3.0161848579957895,3.6080807966611834,4.260054702949074,4.860494081829423,3.024017467248904,4.176109059912311,5.635491082538019,1.103139551075932,0.8700824856924895,1.0108129946480628,1.1992322712961487,1.3400999668001015,0.9038249288444669,1.1933931637603838,1.5113325067385879
6H,DISCOVERY,OS,PROJECT_DYNAMIC_EXTREMA_V1,FORECAST_REALIZATION,NATIVE_AVAILABILITY,10,323,4433,N_GE_100,0.5758513931888545,0.5213725732782561,0.6285471431837855,0.5436498984886081,0.03220149470024636,0.05923204398597193,0.008123237232767538,0.013657040018138611,-0.0008408765585625359,0.016180526256661776,5.682466758239321,4.599053024554579,5.189314032646035,6.18587110032869,6.472054812177775,3.9084268393704407,5.663460711939848,7.412099746490675,1.613797661291933,1.343935002377297,1.4606549774626312,1.773830124345676,1.785187512201711,1.2668854873505118,1.5834499924211451,2.0041658957505564
6H,VALIDATION,OB,ATR_1X_PRICE_BAND_CONTROL_V1,FORECAST_REALIZATION,NATIVE_AVAILABILITY,1,82,1500,N_30_99,0.4146341463414634,0.3141639024666607,0.522745008830426,0.49666666666666665,-0.08203252032520325,-0.16516614830577836,0.00258486810035191,0.0015611808658155812,-0.0007130970643560772,0.0061253663576074455,1.122039423448719,0.7994291964400633,0.8908085436273043,1.3822840118780344,1.6486718852920021,1.2121888133779422,1.3268877715359253,2.015671048383938,0.41718513043072974,0.338515922404088,0.3357727667951546,0.4982032513748221,0.7089545504747631,0.5045588932909295,0.5643671399174761,0.8819892804237077
6H,VALIDATION,OB,ATR_1X_PRICE_BAND_CONTROL_V1,FORECAST_REALIZATION,NATIVE_AVAILABILITY,3,82,1498,N_30_99,0.35365853658536583,0.2588541267448773,0.4615611497644142,0.5033377837116155,-0.1496792471262497,-0.29737335834896816,0.011084226207855931,0.007837718679555739,0.004953702871657245,0.01704422166192699,1.8992550520452842,1.432558315812992,1.5121772002832332,2.3621975053171487,3.0439622482525004,2.2107069044332306,2.4448595128318322,3.635037270717906,0.7325586670448436,0.5936050065719407,0.6077067345771662,0.8719657985950284,1.2435798901530346,0.8767736503907638,1.0072503769787517,1.4905323580299112
6H,VALIDATION,OB,ATR_1X_PRICE_BAND_CONTROL_V1,FORECAST_REALIZATION,NATIVE_AVAILABILITY,5,82,1496,N_30_99,0.43902439024390244,0.33673363578460386,0.546772729427601,0.4979946524064171,-0.058970262162514664,-0.11841545261090192,0.008372581091190361,0.004009197040597101,0.0008484740220293282,0.01694287726379148,2.3721197839554713,1.945158857834533,1.8736998344734412,2.8633442178643036,3.8345802555091923,2.855708231590091,3.1133965658875775,4.607880053405883,0.9259449097139163,0.6469442142402207,0.7585140862025033,1.122666114984581,1.5274900636274686,1.162698931952393,1.2684484739205575,1.820573164036309
6H,VALIDATION,OB,ATR_1X_PRICE_BAND_CONTROL_V1,FORECAST_REALIZATION,NATIVE_AVAILABILITY,10,82,1491,N_30_99,0.36585365853658536,0.26978466322708194,0.4739293402397686,0.4922870556673374,-0.12643339713075202,-0.25682860370838045,0.021128050874261315,0.01237929994805742,0.008875517549278773,0.03271195893241948,2.9537476795159083,2.3794422203294867,2.347685013750568,3.6638622727666723,5.890828722529005,4.198849175815516,4.7023895497539545,7.1577529548354075,1.1706186916519383,1.1018099280647606,0.9714576702944246,1.4097868073642787,2.4990706100303064,1.8197354474195127,1.9989743656887338,3.0532685267092563
6H,VALIDATION,OB,CAUSAL_DNO_QUANTILE_80_20_CONTROL_V1,FORECAST_REALIZATION,NATIVE_AVAILABILITY,1,124,1500,N_GE_100,0.47580645161290325,0.3899577057750623,0.5631092145388261,0.49666666666666665,-0.020860215053763398,-0.04200043299415446,0.0028179522892406187,0.0007218878963072273,-0.0011926871225489953,0.006913299607912069,1.1446210736159703,0.731988060802734,0.8976604688624257,1.427267016211574,1.6295878590504032,1.0814513697298302,1.332208959056331,1.9460816054333903,0.41964666945442763,0.31826671928746686,0.3474816483107539,0.5008320891136767,0.6484506712026425,0.4207968858653107,0.5202284432599159,0.8083607189232345
6H,VALIDATION,OB,CAUSAL_DNO_QUANTILE_80_20_CONTROL_V1,FORECAST_REALIZATION,NATIVE_AVAILABILITY,3,124,1498,N_GE_100,0.4274193548387097,0.343816476111844,0.5153842848298212,0.5033377837116155,-0.07591842887290584,-0.15082998203131692,0.006841337695289144,0.002216332774117369,0.0013876840941588339,0.012381408989639549,1.9985960426238294,1.4787114218681454,1.6553026987418649,2.362261738542969,2.8782939680398156,1.972734442729609,2.4308863249952815,3.3262400646989922,0.7644126544902803,0.559556883109519,0.6565472532403521,0.9008445797652094,1.107121652761092,0.7911891831695648,0.9581866608217354,1.3001322922365908
6H,VALIDATION,OB,CAUSAL_DNO_QUANTILE_80_20_CONTROL_V1,FORECAST_REALIZATION,NATIVE_AVAILABILITY,5,124,1496,N_GE_100,0.4838709677419355,0.3977251649074819,0.570986115301777,0.4979946524064171,-0.014123684664481606,-0.028361117124918733,0.005375931156968164,0.0014360337592632666,-0.0020820042587119353,0.01388200324331029,2.6807443447645145,1.9952036144673302,2.2506508147545676,3.1193644012069055,3.7265315058879547,2.861209701909847,3.200496746194197,4.292405717131692,1.0390594020943806,0.7299299829929589,0.8922006753148676,1.2280081693493592,1.4639985923943393,1.0091423720880672,1.2621198801386675,1.7251787897182205
6H,VALIDATION,OB,CAUSAL_DNO_QUANTILE_80_20_CONTROL_V1,FORECAST_REALIZATION,NATIVE_AVAILABILITY,10,124,1491,N_GE_100,0.4274193548387097,0.343816476111844,0.5153842848298212,0.4922870556673374,-0.0648677008286277,-0.13176804078403803,0.01076874927098203,0.009246402785297425,0.00012445565299920922,0.021073660254817956,3.6994966627254646,2.3794422203294867,3.1044458965288557,4.359320739942375,5.135083159401613,3.756805528555353,4.341803447813777,5.911782477107904,1.4628909388617146,1.0976106559204326,1.2336825868494745,1.7359921595418077,2.1014824313542584,1.4330045013094013,1.759434686601723,2.4904557926950974
6H,VALIDATION,OB,PROJECT_DYNAMIC_EXTREMA_V1,FORECAST_REALIZATION,NATIVE_AVAILABILITY,1,128,1500,N_GE_100,0.4765625,0.3919872293426451,0.5625036142150788,0.49666666666666665,-0.020104166666666645,-0.040478187919463005,0.0022391784146153313,0.0009096521706383198,-0.001113657960644046,0.005719383400491272,1.1215648095770907,0.6892760188282412,0.8884044630521772,1.4007404334980924,1.5614695231217874,1.1017746321562676,1.29483557609877,1.8523480012153617,0.4519415873914754,0.3220830190739892,0.3747700792624753,0.5474833695770449,0.6703423384926687,0.4490114755306827,0.5664069879530794,0.8194175037242513
6H,VALIDATION,OB,PROJECT_DYNAMIC_EXTREMA_V1,FORECAST_REALIZATION,NATIVE_AVAILABILITY,3,128,1498,N_GE_100,0.4375,0.35462168452480924,0.5240205649624543,0.5033377837116155,-0.06583778371161553,-0.1308023872679046,0.0060439253706264144,0.0021054871830088473,0.0009560680407273079,0.011160142652414388,1.9230116889930293,1.3598718308305213,1.5876878681166604,2.2840118467609773,2.693715370631986,1.6582174867013735,2.265841757374448,3.1564258109679084,0.7971780535329347,0.6201293824967733,0.6759895849869244,0.9259729594400323,1.1096680923320221,0.7985593086043925,0.9326868345060892,1.2998227026880569
6H,VALIDATION,OB,PROJECT_DYNAMIC_EXTREMA_V1,FORECAST_REALIZATION,NATIVE_AVAILABILITY,5,128,1496,N_GE_100,0.4765625,0.3919872293426451,0.5625036142150788,0.4979946524064171,-0.021432152406417104,-0.04303691275167787,0.005444582972177797,0.0008904986444280283,-0.001984912383562966,0.01232521763787416,2.582476908302495,2.006778515714247,2.154595734707156,3.042259303725328,3.5339413594235225,2.224587866021104,2.977641435663425,4.180405094676589,1.084280969052179,0.8235084023112731,0.9467087804033744,1.247039834300068,1.4796463874222123,1.0054565645100193,1.2838896174243386,1.7263084366481136
6H,VALIDATION,OB,PROJECT_DYNAMIC_EXTREMA_V1,FORECAST_REALIZATION,NATIVE_AVAILABILITY,10,128,1491,N_GE_100,0.421875,0.3398196990498745,0.5084831128092049,0.4922870556673374,-0.07041205566733738,-0.14303048365122617,0.014902175998287926,0.010341113295452842,0.004125315671960138,0.025231606976168254,3.33624588674171,2.481371187337773,2.807387089852231,3.9560875088576886,5.182186029503746,3.592602768662353,4.321007043581781,6.139456534195368,1.4346071588207454,1.1251940282638193,1.2384212567101338,1.6641507069710637,2.2801918893583144,1.4703701217972769,1.9362803571650227,2.6897290055535468
6H,VALIDATION,OS,ATR_1X_PRICE_BAND_CONTROL_V1,FORECAST_REALIZATION,NATIVE_AVAILABILITY,1,83,1500,N_30_99,0.5783132530120482,0.4709262842089882,0.6787715564572362,0.5033333333333333,0.07497991967871487,0.14896672783850629,3.740690403590123e-06,0.004324518736726679,-0.004556564658125882,0.003488569210307014,1.424055797926911,1.0884085771048877,1.1533017003281394,1.6728119050077759,1.4876574619594065,0.780680087538557,1.1208717818566594,1.9390274082946972,0.541318831014727,0.4365239469688746,0.44620835092336186,0.6439960512418403,0.4891601548991512,0.28258572835627477,0.39522093908472267,0.5901859925083885
6H,VALIDATION,OS,ATR_1X_PRICE_BAND_CONTROL_V1,FORECAST_REALIZATION,NATIVE_AVAILABILITY,3,83,1498,N_30_99,0.5180722891566265,0.4121756969766282,0.6223699585617313,0.49666221628838453,0.02141007286824198,0.043107915533100005,-0.005136678578559353,0.00019415368977671044,-0.014916959089792724,0.002706568601853268,2.4099672234136817,1.6392229168208852,1.9057355410626844,2.8854980428748944,3.1277494837978304,1.7972215413566546,2.4023748534937512,3.9141351211504163,0.8930569464296628,0.7164318542799081,0.7374639991373503,1.0804386943063462,1.0119730068228934,0.8963887781907813,0.823896119217254,1.2399620328427758
6H,VALIDATION,OS,ATR_1X_PRICE_BAND_CONTROL_V1,FORECAST_REALIZATION,NATIVE_AVAILABILITY,5,83,1496,N_30_99,0.5903614457831325,0.48285572426842,0.6898725534233776,0.5020053475935828,0.0883560981895497,0.17600628880368352,-0.0016913394857527057,0.005210598309520531,-0.01305845386344139,0.009072185862743824,3.2959761512089436,2.4979297217793173,2.699415706332525,3.88661580150436,4.086679177846351,2.2649395639567813,3.0997085314401494,5.204292696255634,1.2341597248582292,1.0556116668237803,1.0474650382657091,1.4591731058894781,1.2949653765819453,0.9611996930352837,1.053094517222453,1.5952205866617617
6H,VALIDATION,OS,ATR_1X_PRICE_BAND_CONTROL_V1,FORECAST_REALIZATION,NATIVE_AVAILABILITY,10,83,1491,N_30_99,0.5783132530120482,0.4709262842089882,0.6787715564572362,0.5077129443326627,0.07060030867938549,0.13905556174499845,-0.00012378543671522833,0.011217553227290011,-0.017028902219334955,0.016899043273610262,4.799217086545096,3.1848668234205713,3.890598828961769,5.792111932546044,5.637617346327693,3.2251103658481868,4.228269215503021,7.201533506127809,1.8152467765632614,1.358942330548747,1.5069837123539884,2.2169479277213493,1.830669366320365,1.3126737552584669,1.4498782057025228,2.274913561551328
6H,VALIDATION,OS,CAUSAL_DNO_QUANTILE_80_20_CONTROL_V1,FORECAST_REALIZATION,NATIVE_AVAILABILITY,1,123,1500,N_GE_100,0.6016260162601627,0.5132936289239914,0.6838025918742326,0.5033333333333333,0.09829268292682936,0.1952834760135682,0.0007568779475325497,0.0030770782889426584,-0.002660143693239498,0.0038758236786839524,1.3729813787282725,0.9787866333660029,1.1431306493905127,1.625699381632319,1.4777318383602542,0.7883099403960777,1.1584899010454495,1.7990136173419975,0.513942588090352,0.3906023358814284,0.4268387364904507,0.6176728855114922,0.49001340386289005,0.3196019038283908,0.4002241668429201,0.5772562546329589
6H,VALIDATION,OS,CAUSAL_DNO_QUANTILE_80_20_CONTROL_V1,FORECAST_REALIZATION,NATIVE_AVAILABILITY,3,123,1498,N_GE_100,0.5528455284552846,0.4647023677965987,0.6377876670184777,0.49666221628838453,0.056183312166900035,0.11312177637905418,-0.0009102901321327466,0.0010542200911873856,-0.0076470078661776885,0.004928781712110076,2.5300902854003584,1.7041628537389657,2.046753233217892,2.9770852867219597,2.817914112902309,1.9033148822958337,2.333124015785983,3.3803308996918795,0.9105449439592145,0.7267875447496516,0.7827719610506098,1.0666556803354934,0.9832364177054416,0.7352218738939312,0.8168724260935094,1.153594879834334
6H,VALIDATION,OS,CAUSAL_DNO_QUANTILE_80_20_CONTROL_V1,FORECAST_REALIZATION,NATIVE_AVAILABILITY,5,123,1496,N_GE_100,0.5691056910569106,0.4808071908005235,0.6532182393422689,0.5020053475935828,0.06710034346332772,0.1336645989629004,0.0017181010403932166,0.003054658504844099,-0.0071063068632020625,0.009418737734029285,3.4120804703635788,2.496392270046424,2.8269090912808315,3.9936893591784948,3.6247013595745705,2.2987886944818383,2.9345482884609,4.448508439076056,1.2406013956159785,1.0226660982865505,1.0737355914074063,1.449047448320228,1.269535275564147,0.839702325389335,1.0468747067938897,1.5321238648783897
6H,VALIDATION,OS,CAUSAL_DNO_QUANTILE_80_20_CONTROL_V1,FORECAST_REALIZATION,NATIVE_AVAILABILITY,10,123,1491,N_GE_100,0.5284552845528455,0.44071500414036036,0.6144719376831423,0.5077129443326627,0.020742340220182842,0.0408544640268067,-0.004207310796917726,0.0011287855931585433,-0.018814727359620764,0.008670260931078935,4.758953861086265,3.629928079225811,4.031640034437888,5.574134489896177,5.339179254216836,3.19022668947819,4.284463868638666,6.627909324720082,1.8304424607394796,1.396584335787885,1.5137140713218962,2.2522711201192815,1.9307396529101783,1.1475383493340132,1.5409011320923554,2.326981827661118
6H,VALIDATION,OS,PROJECT_DYNAMIC_EXTREMA_V1,FORECAST_REALIZATION,NATIVE_AVAILABILITY,1,114,1500,N_GE_100,0.5964912280701754,0.5047098907900662,0.6819813964972754,0.5033333333333333,0.0931578947368421,0.1850819100731962,-8.589562344196235e-05,0.0029268534575115357,-0.0031812543136942933,0.003437873185572779,1.238689816113855,0.97988799928916,1.027131700103718,1.4500014324579247,1.4553547806590263,0.8643207725596305,1.1499308142654625,1.797148496399085,0.48109942959825874,0.40699128080907615,0.40822677704934757,0.569443846347361,0.5003427700558165,0.3360450387766982,0.4175366163120745,0.5956444690226221
6H,VALIDATION,OS,PROJECT_DYNAMIC_EXTREMA_V1,FORECAST_REALIZATION,NATIVE_AVAILABILITY,3,114,1498,N_GE_100,0.5263157894736842,0.4353020195230544,0.615613786100766,0.49666221628838453,0.029653573185299653,0.05970571590265972,-0.002807303958158224,0.0005311953413158488,-0.009003793698570567,0.002698828992423929,2.3067490811255595,1.6456415326929368,1.901218143291233,2.7058668364801437,2.8073137185998407,2.0678410750498624,2.2630457205648584,3.353580119103689,0.8721388365031957,0.7144483207354371,0.747336558881454,1.02450558858381,1.0134178475862166,0.7455018455157909,0.8433247200833034,1.1952305743664695
6H,VALIDATION,OS,PROJECT_DYNAMIC_EXTREMA_V1,FORECAST_REALIZATION,NATIVE_AVAILABILITY,5,114,1496,N_GE_100,0.5614035087719298,0.4697858335407131,0.6490177129148679,0.5020053475935828,0.05939816117834695,0.118321769804004,0.000989282819223745,0.003188460847910246,-0.007606746485726499,0.00985101392572807,3.2986943905470785,2.4784730576109704,2.7623191069006907,3.830532069932907,3.611970001103381,2.2628815913638145,2.842565536962217,4.341089278081933,1.2545652416077382,1.0266926346887244,1.0873088603825058,1.4552276841166771,1.2883106972283782,0.9450023375468296,1.0740107409620325,1.5224711847480117
6H,VALIDATION,OS,PROJECT_DYNAMIC_EXTREMA_V1,FORECAST_REALIZATION,NATIVE_AVAILABILITY,10,114,1491,N_GE_100,0.5087719298245614,0.41822248317802435,0.5987494520299159,0.5077129443326627,0.0010589854918987562,0.0020857957310713715,-0.008370034567683217,0.0007648423293018514,-0.0214081455006401,0.005957861845701272,4.556290288560538,3.2224497285400053,3.8242416102813723,5.322549114936808,5.441069070659963,3.2387401223571897,4.259363799540845,6.679470754368517,1.8120507656249436,1.297619138722601,1.501156883195119,2.2218469055605774,1.9549709774413324,1.212530218233363,1.624714388358007,2.3695580376630603
8H,DISCOVERY,OB,ATR_1X_PRICE_BAND_CONTROL_V1,FORECAST_REALIZATION,NATIVE_AVAILABILITY,1,215,3374,N_GE_100,0.4186046511627907,0.354655328301763,0.48541164251183005,0.48043864848844103,-0.061833997325650314,-0.12870321220033565,0.0038821147654101414,0.0028259007186712815,0.0005520352043148161,0.0073781458527662136,1.9805766822066555,1.2885404525060176,1.6842258066570999,2.300927495888143,2.2660184501343243,1.5030156815440332,1.9903009139868326,2.5458398493896315,0.536875008010963,0.3756428056136288,0.4574390436708578,0.6189953491626164,0.6698221035995162,0.45058890977241706,0.5887579949643711,0.7579064487400171
8H,DISCOVERY,OB,ATR_1X_PRICE_BAND_CONTROL_V1,FORECAST_REALIZATION,NATIVE_AVAILABILITY,3,215,3372,N_GE_100,0.44651162790697674,0.38157781139580943,0.513323340853123,0.46174377224199287,-0.015232144335016129,-0.03298830487968807,0.004969010587276649,0.0045882637044194485,-0.0023637043899866175,0.011810034874112328,3.5410745688839733,2.2267532328164434,3.066360594507938,4.027586815298614,4.277538703678078,3.25288008960624,3.78502078245784,4.809083880286858,0.9793929861121289,0.6625740687832647,0.8452091061401299,1.1311471046888864,1.2615627019318225,0.9506558235101848,1.100349167856309,1.4351082584292254
8H,DISCOVERY,OB,ATR_1X_PRICE_BAND_CONTROL_V1,FORECAST_REALIZATION,NATIVE_AVAILABILITY,5,215,3370,N_GE_100,0.42790697674418604,0.36360630953261086,0.4947387217594287,0.457566765578635,-0.029659788834448975,-0.06482067987814077,0.012294620815209645,0.010405021195939002,0.00258713496252547,0.021695951205652892,4.381727533632507,2.8659611992945355,3.779552663069643,4.984835096370078,5.673625306447566,4.042272126816384,4.9294974701166145,6.443462504025755,1.2032068648253433,0.8521472453994344,1.0451069028069937,1.3835884441329374,1.709147757892713,1.2881520422141748,1.4856296810792913,1.9532268206732049
8H,DISCOVERY,OB,ATR_1X_PRICE_BAND_CONTROL_V1,FORECAST_REALIZATION,NATIVE_AVAILABILITY,10,215,3365,N_GE_100,0.44651162790697674,0.38157781139580943,0.513323340853123,0.45052005943536405,-0.004008431528387313,-0.008897343069276586,0.0182541173705604,0.00658866820106252,0.006140847622355996,0.03071960798518018,6.048446869077084,4.5878131100026875,5.263012013963673,6.907432665694965,7.982862406037033,5.685202230765066,7.021060233467542,8.87568595881957,1.66921022283241,1.2766036120710784,1.4737821952374928,1.8933761661259332,2.4431487355126715,1.6715632160588014,2.1223444753772847,2.7602590296704412
8H,DISCOVERY,OB,CAUSAL_DNO_QUANTILE_80_20_CONTROL_V1,FORECAST_REALIZATION,NATIVE_AVAILABILITY,1,335,3374,N_GE_100,0.4716417910447761,0.41880929206696915,0.525117309625385,0.48043864848844103,-0.00879685744366493,-0.018310053679781335,0.002603346365933939,0.0010696144101056682,0.0003566006917425403,0.005164096535536863,1.7223366690162911,1.3524847976515009,1.5697492827808597,1.8926070951115557,1.8899243320387453,1.376017972479634,1.710134165017804,2.0768104386616937,0.4371348200549792,0.36033660716975874,0.39835999310184333,0.4722521812314285,0.5049979111453271,0.37023090932634556,0.45935212044819296,0.5549121228775744
8H,DISCOVERY,OB,CAUSAL_DNO_QUANTILE_80_20_CONTROL_V1,FORECAST_REALIZATION,NATIVE_AVAILABILITY,3,335,3372,N_GE_100,0.43582089552238806,0.3837451737675897,0.4893518721677382,0.46174377224199287,-0.025922876719604804,-0.05614125902280498,0.007543501482265913,0.005132401071109793,0.003061949281871047,0.01243331835316963,3.1378723064993874,2.3100417678326575,2.861839522455704,3.457878825192104,3.789588047964955,2.7999523412367378,3.4355682733858206,4.169005684407438,0.8189696415192551,0.6165264326668121,0.7399593599040767,0.885642082640025,1.0232851913020566,0.7842217590097672,0.9196085784923616,1.1278664383491606
8H,DISCOVERY,OB,CAUSAL_DNO_QUANTILE_80_20_CONTROL_V1,FORECAST_REALIZATION,NATIVE_AVAILABILITY,5,335,3370,N_GE_100,0.42388059701492536,0.37211835166332324,0.47736884235299587,0.457566765578635,-0.03368616856370965,-0.07362022571965077,0.010715628710786575,0.009421742184529514,0.0046415114562605095,0.0169008375370999,3.894547567521243,2.897109107864468,3.534157286278778,4.278771667127766,4.983695959428162,3.705980994969254,4.521005900011525,5.473584805238232,1.0083955022201736,0.7683493416928511,0.9083710640873252,1.1139093200625152,1.369888748108058,0.9911895155627325,1.2242980005594084,1.5283446690999618
8H,DISCOVERY,OB,CAUSAL_DNO_QUANTILE_80_20_CONTROL_V1,FORECAST_REALIZATION,NATIVE_AVAILABILITY,10,335,3365,N_GE_100,0.41194029850746267,0.3605226135600167,0.46535472853729365,0.45052005943536405,-0.038579760927901385,-0.08563383609656205,0.01849691843491564,0.015303703065051577,0.010142552502882455,0.026757263314519525,5.359805234249831,3.9730503853460246,4.828220680206353,5.860679622585675,7.379308481705313,5.842443400506349,6.776193998995944,8.05193893851862,1.3939806080844679,1.095930602205532,1.2650994308090167,1.5366491172415764,2.070585305626038,1.4824493582425313,1.8652431454323182,2.266021532744492
8H,DISCOVERY,OB,PROJECT_DYNAMIC_EXTREMA_V1,FORECAST_REALIZATION,NATIVE_AVAILABILITY,1,288,3374,N_GE_100,0.4652777777777778,0.40850577925272213,0.5229638947073988,0.48043864848844103,-0.015160870710663243,-0.03155630954828981,0.00270656108050667,0.001581992870973159,-4.7368524820402324e-05,0.005097023424235036,1.785986347634378,1.3241976510254796,1.5791412799703477,2.0098096533642424,1.9766089642013434,1.4569839383657528,1.7778221125346818,2.189704493971897,0.4607190196073358,0.355278276892594,0.40482230936546726,0.5201542909744695,0.5458014476873712,0.398968919814071,0.4906884679590115,0.608549741981565
8H,DISCOVERY,OB,PROJECT_DYNAMIC_EXTREMA_V1,FORECAST_REALIZATION,NATIVE_AVAILABILITY,3,288,3372,N_GE_100,0.4305555555555556,0.37465258652921607,0.4882867613910258,0.46174377224199287,-0.031188216686437287,-0.06754442303575248,0.007731021242276013,0.005998490598221773,0.002503867608701966,0.013594910326245371,3.179737351145793,2.2043633121061137,2.8257440404392,3.593256561716497,3.887639751949706,2.9666344398062634,3.511974980711132,4.279729047581392,0.836963243337957,0.6160240047610668,0.7417988666620476,0.9407294602124415,1.1032699050112857,0.8374344042193225,0.9838734538601162,1.2307105522516384
8H,DISCOVERY,OB,PROJECT_DYNAMIC_EXTREMA_V1,FORECAST_REALIZATION,NATIVE_AVAILABILITY,5,288,3370,N_GE_100,0.3993055555555556,0.34442501780798734,0.45683703667636316,0.457566765578635,-0.058261210023079435,-0.12732832540711914,0.012923072572193732,0.00885617426981744,0.005956440365148238,0.020592765240484714,4.027369362648927,2.7742902459051155,3.592708343104001,4.4971791589420675,5.219684198305875,3.8176992617203993,4.638770794763352,5.802138765910975,1.0518374053552395,0.7447565415231736,0.9332018669371978,1.176759747767614,1.5069196533209346,1.0204704375498022,1.345233498930877,1.6900465186452516
8H,DISCOVERY,OB,PROJECT_DYNAMIC_EXTREMA_V1,FORECAST_REALIZATION,NATIVE_AVAILABILITY,10,288,3365,N_GE_100,0.4270833333333333,0.37128260508135985,0.48480371023489394,0.45052005943536405,-0.023436726102030736,-0.05202149296394021,0.01606088719417246,0.011395208503851895,0.005141519788984301,0.026586212809988893,5.864796445706294,4.0249180024061,5.270786733727509,6.546625493146994,7.538121705455272,5.682759635858094,6.7950286139509055,8.196386227300922,1.5446677102309816,1.109960013632945,1.371519293593979,1.7159717717298233,2.220408993920211,1.4878130128265126,1.9832903018060166,2.4780789258152707
8H,DISCOVERY,OS,ATR_1X_PRICE_BAND_CONTROL_V1,FORECAST_REALIZATION,NATIVE_AVAILABILITY,1,165,3374,N_GE_100,0.5212121212121212,0.4453758760422212,0.5960831008923732,0.518968583283936,0.002243537928185213,0.004323070799369999,-0.0032248189743342742,0.0011779792437074388,-0.009773935792684794,0.0037482490613643445,2.470058751080781,1.6827648458799451,2.0661063216632867,2.9599548403428755,3.791931060080165,2.024820378837361,3.0429731564119296,4.61503057824861,0.510533166147108,0.3942876665739123,0.4459670581604624,0.571249784725098,0.7860486169575241,0.5540183286223871,0.6671783247566941,0.9115412298574049
8H,DISCOVERY,OS,ATR_1X_PRICE_BAND_CONTROL_V1,FORECAST_REALIZATION,NATIVE_AVAILABILITY,3,165,3372,N_GE_100,0.6303030303030303,0.5544641055856944,0.7002124670125277,0.5379596678529063,0.09234336245012398,0.17165480605392403,0.006073543034944878,0.010120608285264954,-0.0030781265542966963,0.014292436657275177,4.056493672559641,2.9459096344926303,3.5296269533302946,4.695187318173396,5.650020205760924,3.1042575461087885,4.554570009248186,6.8216542325752085,0.8865153142385538,0.7106947695288918,0.7756782171690446,0.9956667381255938,1.230425700285145,0.7695924178133696,1.0441395645402964,1.4360651438046153
8H,DISCOVERY,OS,ATR_1X_PRICE_BAND_CONTROL_V1,FORECAST_REALIZATION,NATIVE_AVAILABILITY,5,165,3370,N_GE_100,0.5757575757575758,0.4994647229488726,0.6486030518175356,0.5421364985163205,0.03362107724125529,0.062015889602096586,0.005685927478258172,0.005981107226769922,-0.004971122698020886,0.015322880732007847,5.064170712710462,3.84798924124767,4.396055549936649,5.845026551702691,6.186432991102015,3.4819216545186853,5.057264555483612,7.459606394404682,1.1261571905822676,0.9057813973739599,0.9902821800109757,1.2755612201461919,1.35534812023151,0.8407334985012539,1.1395008760084446,1.5748570263764958
8H,DISCOVERY,OS,ATR_1X_PRICE_BAND_CONTROL_V1,FORECAST_REALIZATION,NATIVE_AVAILABILITY,10,164,3365,N_GE_100,0.573170731707317,0.4966473087688765,0.646344655082755,0.549479940564636,0.023690791142681022,0.0431149335830836,0.0025783061553078307,0.01004408387533029,-0.011158887560622452,0.017229223889679835,6.918281900764542,4.942448396300998,5.957822336023572,7.833597661527552,8.141931130470029,4.999889527092857,6.847993287676012,9.630018042113257,1.5783203426568748,1.3437290020990025,1.3905335993874415,1.8021468240342498,1.8083969457897437,1.2151560394114596,1.5606133536852935,2.0751858801452636
8H,DISCOVERY,OS,CAUSAL_DNO_QUANTILE_80_20_CONTROL_V1,FORECAST_REALIZATION,NATIVE_AVAILABILITY,1,298,3374,N_GE_100,0.5536912751677853,0.4969224747876634,0.6090933957881618,0.518968583283936,0.034722691883849244,0.06690711731359644,-0.0006829198065482796,0.0026603571951461236,-0.004171722141087699,0.003053115611769598,2.073563804102546,1.4043205936357284,1.8642530787725564,2.282126659350497,2.8299128391292543,1.7218757325168803,2.44915075466479,3.2478333339679675,0.4716561150456488,0.36936751908690507,0.4261194526522385,0.5189174716939392,0.6435764385198175,0.46518615599906965,0.5748016055362316,0.7260863087931533
8H,DISCOVERY,OS,CAUSAL_DNO_QUANTILE_80_20_CONTROL_V1,FORECAST_REALIZATION,NATIVE_AVAILABILITY,3,298,3372,N_GE_100,0.587248322147651,0.530584754110348,0.6416910355753679,0.5379596678529063,0.049288654294744716,0.09162146763058399,0.0013350773156559604,0.006942717599599413,-0.0049812211353393206,0.0073106588002956946,3.531960011560159,2.7032181419241454,3.1717590649406997,3.9131638946069405,4.718600717921613,2.8046239412231344,4.032989113980625,5.379122073471357,0.8192512959140346,0.6760378310364361,0.7483868063536021,0.891312241017888,1.0878722032536812,0.7154202361124911,0.9635097903295743,1.2266328333051668
8H,DISCOVERY,OS,CAUSAL_DNO_QUANTILE_80_20_CONTROL_V1,FORECAST_REALIZATION,NATIVE_AVAILABILITY,5,298,3370,N_GE_100,0.5704697986577181,0.5137213035428513,0.6254245265879191,0.5421364985163205,0.028333300141397566,0.05226229965873541,0.006069591287541595,0.0050896962328649265,-0.0004898607676797714,0.014031040911466971,4.692098361944023,3.5731043550012256,4.22875938024955,5.188409182016856,5.658463151576514,3.33900470649021,4.881686622787368,6.384725429831605,1.0877503165542601,0.9107069852500844,0.9984852876854866,1.184644225113897,1.331276185485461,0.8452495777387863,1.176678067209909,1.4942831482858105
8H,DISCOVERY,OS,CAUSAL_DNO_QUANTILE_80_20_CONTROL_V1,FORECAST_REALIZATION,NATIVE_AVAILABILITY,10,298,3365,N_GE_100,0.5973154362416108,0.5407342684486484,0.651419496970035,0.549479940564636,0.04783549567697476,0.08705594535047045,0.01331790184599039,0.014090149255599926,0.0027300084451903016,0.023886411508870137,7.205160420080608,5.120014456664183,6.408165978229004,7.979408172234834,7.338876286685358,4.742298339318311,6.4286674613126005,8.104549435202554,1.6930856985675813,1.4088003426962157,1.5365864607122193,1.8758764796964686,1.7758509776282252,1.1189490966220053,1.5755271980220449,2.0000516196609985
8H,DISCOVERY,OS,PROJECT_DYNAMIC_EXTREMA_V1,FORECAST_REALIZATION,NATIVE_AVAILABILITY,1,226,3374,N_GE_100,0.5176991150442478,0.4528015749340677,0.5820050049017844,0.518968583283936,-0.0012694682396882095,-0.0024461369735625516,0.0007247579721422194,0.0014329052451124147,-0.0032023290198037275,0.0045772850641300706,2.21699554617429,1.547069466570452,1.9619472987050797,2.5232537964966544,2.80109822148679,1.7845492233485944,2.3925311306253376,3.3459555066515874,0.4866262148392881,0.3920942243380381,0.4423076548658065,0.5334224445306224,0.6429828624706279,0.4940008861149007,0.558426605428174,0.734169694301995
8H,DISCOVERY,OS,PROJECT_DYNAMIC_EXTREMA_V1,FORECAST_REALIZATION,NATIVE_AVAILABILITY,3,226,3372,N_GE_100,0.584070796460177,0.5189288974813233,0.6464023567389745,0.5379596678529063,0.046111128607270735,0.08571484325452983,0.0038494174919695124,0.004446706596343608,-0.0030289518562051448,0.010653545381288742,3.7584634553590655,2.717945729494952,3.3178027342184158,4.25298634413174,4.611149511916362,2.969283670653217,3.946037325920649,5.316549473016613,0.8537237924823597,0.6927086580394486,0.7642214332304275,0.9524329146644624,1.0913919721851733,0.7592597079088002,0.9393172001328196,1.2621221361568251
8H,DISCOVERY,OS,PROJECT_DYNAMIC_EXTREMA_V1,FORECAST_REALIZATION,NATIVE_AVAILABILITY,5,226,3370,N_GE_100,0.5398230088495575,0.4747177678777475,0.6035970367529198,0.5421364985163205,-0.0023134896667630356,-0.004267356418714563,0.0059707681161193,0.0033983007362361484,-0.0021635065082667463,0.014707949408191891,4.812341893971269,3.6616370197820514,4.263616749930483,5.442999408401823,5.508042625377554,3.6733737082541773,4.760556930209613,6.38069624355625,1.0996285561835615,0.8436042129411856,0.9720593644277192,1.2318948756521004,1.3076062040169847,0.8755869851239328,1.120809622469843,1.477289907121813
8H,DISCOVERY,OS,PROJECT_DYNAMIC_EXTREMA_V1,FORECAST_REALIZATION,NATIVE_AVAILABILITY,10,225,3365,N_GE_100,0.56,0.49467037834139044,0.6233151627490408,0.549479940564636,0.010520059435364049,0.019145484045429928,0.0077807795444733464,0.011388335979451769,-0.005345481916755624,0.02043513882358779,7.025894780999877,4.953066692969064,6.165591785306392,7.8801111118270475,7.444501022735517,5.093324897184441,6.529300810918635,8.505239929825882,1.6212728761023578,1.3374250035502693,1.4393331579716224,1.8356488991390725,1.8273441348863202,1.2745317135137182,1.5878804954485157,2.0956581005127766
8H,VALIDATION,OB,ATR_1X_PRICE_BAND_CONTROL_V1,FORECAST_REALIZATION,NATIVE_AVAILABILITY,1,73,1124,N_30_99,0.4246575342465753,0.31784011426782005,0.5390082595297062,0.48576512455516013,-0.061107590308584814,-0.12579657785137244,0.005979769698957995,0.003391612124397314,0.000698920318173095,0.011119941925108916,1.3104347716733595,0.9084018492052957,0.9909568590845387,1.6996437110849383,2.2678511549107574,1.3188852437286736,1.739172229734934,2.9847242848837117,0.4367373659792841,0.3066326009804174,0.3363431850608163,0.5633173401608866,0.79426020080362,0.5158659962521146,0.6199804191486844,0.9932197827437106
8H,VALIDATION,OB,ATR_1X_PRICE_BAND_CONTROL_V1,FORECAST_REALIZATION,NATIVE_AVAILABILITY,3,73,1122,N_30_99,0.4657534246575342,0.3559185287228166,0.5790125502760589,0.5089126559714795,-0.04315923131394528,-0.08480675575174534,0.010873646643152723,0.001872366983928897,0.0018936957876457138,0.01943050473957523,2.206946195613877,1.8332425182328784,1.7420840881641637,2.7831843941430394,4.120330257536257,3.0436104265505715,3.4078817971566053,5.039440356152857,0.751491231031132,0.6059073641764955,0.6206587608192978,0.8954273425723599,1.4420521238161328,1.2267588145518584,1.2021735815977914,1.7015097991757568
8H,VALIDATION,OB,ATR_1X_PRICE_BAND_CONTROL_V1,FORECAST_REALIZATION,NATIVE_AVAILABILITY,5,73,1120,N_30_99,0.410958904109589,0.30531095731906,0.5255098480780166,0.5017857142857143,-0.09082681017612526,-0.18100716618729584,0.02321924160562304,0.011752584520815734,0.011757438170812309,0.03481500429692041,2.5724763398754944,1.971227993291578,2.0787908323684823,3.180758748263194,5.217051806882144,3.9964814543322076,4.216647313556978,6.297244112000665,0.8954074027792441,0.7019275590680375,0.7431893699671552,1.056997014406836,1.8262774641784374,1.5731820445679612,1.4846777990144393,2.2032062155902574
8H,VALIDATION,OB,ATR_1X_PRICE_BAND_CONTROL_V1,FORECAST_REALIZATION,NATIVE_AVAILABILITY,10,72,1115,N_30_99,0.3055555555555556,0.21126482045921047,0.4195446561341104,0.47533632286995514,-0.16978076731439956,-0.3571802935010482,0.02838797786345082,0.01122602578064602,0.010291651067460647,0.046306586567052804,3.558254577990736,2.593994368134224,2.7295072979563204,4.453933469826595,7.42782890142732,5.904507226159055,6.018581390098984,9.091240841040715,1.261088322514959,0.8955067604905307,0.9936343213434863,1.5471145746549866,2.7118007479285784,1.855687066833665,2.2300606316686564,3.243201542671857
8H,VALIDATION,OB,CAUSAL_DNO_QUANTILE_80_20_CONTROL_V1,FORECAST_REALIZATION,NATIVE_AVAILABILITY,1,96,1124,N_30_99,0.5,0.40192229167030874,0.5980777083296912,0.48576512455516013,0.014234875444839867,0.029304029304029422,0.002447638780793269,0.00024944980714780574,-0.001326498286486301,0.006790768633519651,1.3862189829430693,0.9483186486732045,1.112062409244355,1.6950842758490292,1.7765678522417592,1.0114671184969355,1.3951927690238752,2.305244171850831,0.4655538917109756,0.36056281246909305,0.3729605780495505,0.5667456368242524,0.6320317978510203,0.382521105059646,0.48624192834339464,0.810693772219281
8H,VALIDATION,OB,CAUSAL_DNO_QUANTILE_80_20_CONTROL_V1,FORECAST_REALIZATION,NATIVE_AVAILABILITY,3,96,1122,N_30_99,0.5208333333333334,0.42203591721406514,0.618027543307401,0.5089126559714795,0.01192067736185387,0.023423817863397645,0.0032447160891510445,-0.0017333133390208255,-0.0044376849966776405,0.01165979013363504,2.4635414244383678,1.8511750097005353,1.9887604164342358,2.9828370092306953,3.027336983371185,1.6799926278953357,2.418068574368227,3.7442286185165443,0.8376145168101479,0.6621893973048353,0.6930753486861068,0.9766086986382781,1.085168816314535,0.7102758378171385,0.855966080738286,1.3252676823621572
8H,VALIDATION,OB,CAUSAL_DNO_QUANTILE_80_20_CONTROL_V1,FORECAST_REALIZATION,NATIVE_AVAILABILITY,5,96,1120,N_30_99,0.4479166666666667,0.35235593933641585,0.5474854093599193,0.5017857142857143,-0.053869047619047594,-0.10735468564650053,0.005699866951224757,0.002486827640538869,-0.0030518301227015127,0.015274746601330625,3.116971900633329,2.0243034253265537,2.5308971752361957,3.7674268748254653,3.804502826331376,2.4126105394710677,3.0551622967081364,4.653159959477439,1.0858636731725997,0.8414128122184631,0.9140861308647114,1.2642883926420747,1.4003943587189245,0.9677173417857992,1.1272211572877129,1.6937433595963527
8H,VALIDATION,OB,CAUSAL_DNO_QUANTILE_80_20_CONTROL_V1,FORECAST_REALIZATION,NATIVE_AVAILABILITY,10,96,1115,N_30_99,0.46875,0.3720590570105098,0.5678457522072913,0.47533632286995514,-0.006586322869955141,-0.01385613207547165,0.008271285858084449,0.0012749498062485376,-0.005168131060735782,0.021015337129265156,4.298287877605941,2.9781449201194055,3.520281665892388,5.285798080194171,5.5799216472526,3.8167310759541158,4.484393125524856,6.866813868151672,1.5291035249520843,1.2205622122084958,1.2907767728681294,1.8113112947811478,2.168445083405795,1.2127706858045633,1.7327659356804417,2.636748909503412
8H,VALIDATION,OB,PROJECT_DYNAMIC_EXTREMA_V1,FORECAST_REALIZATION,NATIVE_AVAILABILITY,1,79,1124,N_30_99,0.45569620253164556,0.35048276758066016,0.5650186230250259,0.48576512455516013,-0.030068922023514577,-0.06190012519126442,0.0032863046442721264,0.001236909375772921,-0.0014116282403428644,0.0075248655694971885,1.3270673670699331,0.8194316371866931,1.0110962348905475,1.6808956562607003,1.8484362937646772,1.285578348426696,1.4306423803960406,2.330844131183546,0.42015947129626585,0.33447803498581863,0.33186166735042827,0.5335948779315193,0.6700921530404141,0.4968907358355622,0.5080269075683524,0.8529499139637949
8H,VALIDATION,OB,PROJECT_DYNAMIC_EXTREMA_V1,FORECAST_REALIZATION,NATIVE_AVAILABILITY,3,79,1122,N_30_99,0.4936708860759494,0.38630084542959936,0.6016279246569272,0.5089126559714795,-0.01524176989553011,-0.02994967744795929,0.005446548905946163,0.0008771502363431605,-0.0017238510475187977,0.012743327961043535,2.3976487752524815,1.8332425182328784,1.9107665769413746,2.9145656029621585,3.369742506021196,2.1481374989596103,2.6989704266089984,3.9923090172519955,0.800991839921912,0.6239041589778315,0.64738385095577,0.9616363815388062,1.2185082137236725,0.7258931121874883,0.9372868563580137,1.5229308454555557
8H,VALIDATION,OB,PROJECT_DYNAMIC_EXTREMA_V1,FORECAST_REALIZATION,NATIVE_AVAILABILITY,5,79,1120,N_30_99,0.4430379746835443,0.33867609150989586,0.5526828392688433,0.5017857142857143,-0.05874773960217,-0.11707734582638862,0.011216498739460803,0.0016296296296296475,0.0014378863317097586,0.02106383856752146,2.9243935900598457,2.230471086637643,2.3809028656849653,3.4941349550087843,4.244002959324138,2.739767984991766,3.3898905714619705,5.055527767286276,0.9814470341467633,0.7693467280625975,0.8049086808453207,1.1750141782893866,1.5694802745362615,0.8914409167387412,1.248376784381396,1.9929784624282065
8H,VALIDATION,OB,PROJECT_DYNAMIC_EXTREMA_V1,FORECAST_REALIZATION,NATIVE_AVAILABILITY,10,79,1115,N_30_99,0.4430379746835443,0.33867609150989586,0.5526828392688433,0.47533632286995514,-0.032298348186410863,-0.0679484117506568,0.01620310379482821,0.002503012885881173,0.0005281390227166904,0.032319868600480445,4.22584730646134,3.1723711963414045,3.426034312444362,5.086458018837866,6.441498078468675,4.446664392573461,5.128499064125398,7.818108014429122,1.4719438069352468,1.0790508003355872,1.1900265915183372,1.7506632672806755,2.4877163903185613,1.4335793679712592,1.9417164910163651,3.1393197412812435
8H,VALIDATION,OS,ATR_1X_PRICE_BAND_CONTROL_V1,FORECAST_REALIZATION,NATIVE_AVAILABILITY,1,59,1124,N_30_99,0.4406779661016949,0.3215001223396273,0.5671086972957734,0.5142348754448398,-0.0735569093431449,-0.14304146384376282,-0.006450627039587572,-0.0013882015720098062,-0.013207610698703206,-0.00027710821419145833,1.4924248227332064,1.0297752147816874,1.1306010211890125,1.879326351045585,2.3729413045678895,1.5975711412424098,1.7868371839485018,2.9790126041714657,0.4504676280957442,0.3242408734542508,0.3518110494661266,0.5709812442881774,0.67143041161204,0.554193668380509,0.548997819639723,0.7968409029087096
8H,VALIDATION,OS,ATR_1X_PRICE_BAND_CONTROL_V1,FORECAST_REALIZATION,NATIVE_AVAILABILITY,3,59,1122,N_30_99,0.5423728813559322,0.4165761502342809,0.6629889785975757,0.49019607843137253,0.05217680292455967,0.1064406779661018,-0.004863872677805817,0.0024035125348540465,-0.018006159994213795,0.008245155447396865,2.8955035200940866,1.6928485936565014,2.1500360217937953,3.731940108919004,4.157254851352289,2.9028648288103467,3.0728370319291876,5.388453950333413,0.8288399164747509,0.6737650090021656,0.6546392954778737,1.0194101818484211,1.124411988165623,0.8850386522119928,0.9100171562557746,1.4029719810464658
8H,VALIDATION,OS,ATR_1X_PRICE_BAND_CONTROL_V1,FORECAST_REALIZATION,NATIVE_AVAILABILITY,5,59,1120,N_30_99,0.4406779661016949,0.3215001223396273,0.5671086972957734,0.4982142857142857,-0.057536319612590814,-0.1154850859607558,-0.009875117359330594,-0.004028224318063822,-0.026357569960056323,0.007066562135757601,3.621530151480513,2.547408376557223,2.6903191661770727,4.52855523170009,5.3217545922251235,3.19022668947819,3.966765212182776,6.964749039431191,1.107835815511459,0.8705353872357747,0.8272050420468178,1.4294389710403617,1.4668157741598502,1.0980585804603151,1.1572238079913615,1.882611764720503
8H,VALIDATION,OS,ATR_1X_PRICE_BAND_CONTROL_V1,FORECAST_REALIZATION,NATIVE_AVAILABILITY,10,59,1115,N_30_99,0.5423728813559322,0.4165761502342809,0.6629889785975757,0.5246636771300448,0.0177092042258874,0.0337534405331017,-0.009011111176618364,0.0063262078465384786,-0.03510096720049823,0.015280533435699581,5.624258311303545,3.9799683711122884,4.313353031049328,7.029768522032267,7.5764984097154,4.203088076720109,5.4172160029187,9.866720947915537,1.7362135272401946,1.3660512364025155,1.3104152805454692,2.281502198738278,2.1321894312756737,1.4081929618122668,1.6113122100000665,2.754902387514017
8H,VALIDATION,OS,CAUSAL_DNO_QUANTILE_80_20_CONTROL_V1,FORECAST_REALIZATION,NATIVE_AVAILABILITY,1,92,1124,N_30_99,0.532608695652174,0.43140275849037324,0.6312005369470985,0.5142348754448398,0.018373820207334135,0.03573040469384692,-0.002527742621669248,0.0012934790555368947,-0.006799981887579373,0.001215961919658923,1.47245823563382,1.1478667582683764,1.2433938763267351,1.705804986301398,1.9159868615857614,1.388351442974093,1.5541254573169132,2.3508423451443266,0.45108225865685986,0.40300626392130623,0.38043197056919853,0.5190397358348573,0.592071028261801,0.4025942574767157,0.4872771645203186,0.7125173518347864
8H,VALIDATION,OS,CAUSAL_DNO_QUANTILE_80_20_CONTROL_V1,FORECAST_REALIZATION,NATIVE_AVAILABILITY,3,92,1122,N_30_99,0.6086956521739131,0.5065323092393207,0.7021453422189189,0.49019607843137253,0.11849957374254055,0.24173913043478268,0.0023798836967429743,0.004283121538088075,-0.006726956617023191,0.010938466552308205,3.16009588134777,2.3456184334612384,2.6069052834188535,3.7603029840334665,3.230351512796284,1.7767440895761073,2.4819425597357454,4.099455184689669,0.9431033066320952,0.8060778285685586,0.8020745918400197,1.0864145461949613,0.9747303194010001,0.6747338277327369,0.7665588218122849,1.2012824114608238
8H,VALIDATION,OS,CAUSAL_DNO_QUANTILE_80_20_CONTROL_V1,FORECAST_REALIZATION,NATIVE_AVAILABILITY,5,92,1120,N_30_99,0.5869565217391305,0.48483148595056913,0.6821106352160224,0.4982142857142857,0.08874223602484477,0.17812061711079963,0.0008862102053214551,0.008559900492535633,-0.011924613272301186,0.012193276220081144,4.312946164284144,3.1775651547877666,3.5798990488297644,5.073182216797883,4.308016221967641,2.361700334515844,3.271657781629385,5.582236772029025,1.308445179745791,1.0004706891163941,1.121715057932589,1.5127593768489427,1.285742934275595,0.7874479017509175,1.0298542782622941,1.6095301435834126
8H,VALIDATION,OS,CAUSAL_DNO_QUANTILE_80_20_CONTROL_V1,FORECAST_REALIZATION,NATIVE_AVAILABILITY,10,92,1115,N_30_99,0.5652173913043478,0.46332061916830214,0.6618859717066414,0.5246636771300448,0.04055371417430298,0.07729468599033806,0.003884535494295431,0.008674353954417069,-0.013014411252585597,0.019271349645560112,6.1265515036932126,4.127116343311722,5.101027676249562,7.20043325115194,6.166321887788523,3.5865557872929905,4.7001312659837415,7.9689581619228305,1.8799220356665354,1.4227362487489352,1.5541457940337968,2.2171056848947766,1.8305608155221733,1.1680032130013602,1.4509743576075622,2.2230475284760756
8H,VALIDATION,OS,PROJECT_DYNAMIC_EXTREMA_V1,FORECAST_REALIZATION,NATIVE_AVAILABILITY,1,85,1124,N_30_99,0.5647058823529412,0.4587719281568645,0.6650439418859984,0.5142348754448398,0.05047100690810136,0.09814777121921447,-0.003100171455277621,0.0013559363630228916,-0.007946693114649465,0.0012461004871196443,1.348092155518317,0.9500702336866226,1.0802967072131047,1.6347409943222297,1.887441282082893,1.2385926214264134,1.4917631863305085,2.3307140918183817,0.4540397669021003,0.34161694172692636,0.35527400580758733,0.5701149555060231,0.5744164521628176,0.4490980161797696,0.46987882555526467,0.6805508398699237
8H,VALIDATION,OS,PROJECT_DYNAMIC_EXTREMA_V1,FORECAST_REALIZATION,NATIVE_AVAILABILITY,3,85,1122,N_30_99,0.5647058823529412,0.4587719281568645,0.6650439418859984,0.49019607843137253,0.07450980392156864,0.15200000000000014,-0.0003317462993325941,0.0066142426692143985,-0.008833010165299828,0.008193540301044246,2.86755093199983,2.2000685417737658,2.3230233821123902,3.4020361090338938,3.2612038242845407,2.1751458512977075,2.507284753807478,4.102472028501102,0.9356539510426046,0.8423224566890154,0.7711555516438979,1.0914242891534078,0.9713071383162347,0.7025462427501968,0.7833084341794149,1.1657438063517724
8H,VALIDATION,OS,PROJECT_DYNAMIC_EXTREMA_V1,FORECAST_REALIZATION,NATIVE_AVAILABILITY,5,85,1120,N_30_99,0.5411764705882353,0.4357614755911955,0.6430304417088081,0.4982142857142857,0.04296218487394954,0.0862323423993252,-0.004787029137136433,0.0021845624255263374,-0.016933410886334745,0.007082403907354835,3.781981394758803,2.691119583669612,3.084588666320629,4.432963877317247,4.378260463000642,2.5149160268527324,3.2941012915744685,5.588733017227141,1.293823156651083,0.9553086882119277,1.0571640234932127,1.5209170967571775,1.3099068995672893,0.8850386522119928,1.0390943143008322,1.6004800664035037
8H,VALIDATION,OS,PROJECT_DYNAMIC_EXTREMA_V1,FORECAST_REALIZATION,NATIVE_AVAILABILITY,10,85,1115,N_30_99,0.5058823529411764,0.40166252134606184,0.609593466839653,0.5246636771300448,-0.018781324188868354,-0.03579688285570637,-0.005099283943768145,0.0005217861045290206,-0.024063920287584972,0.012156476536938389,5.52113345801377,3.9869581617415344,4.53091669470137,6.7616739329783115,6.513565760173416,4.149988441838101,4.97795708908768,8.137297238953911,1.9655702092113265,1.3783558680893924,1.5662599677367035,2.4359558026704677,1.9472756383831171,1.4433365881709714,1.538976855763884,2.3748626728605653
